algorithm,trial,second,throughput,avg_rtt,p95_rtt,fairness_index,fairness_alive,max_imbalance,h1_conns,h2_conns,h3_conns,h1_sels,h2_sels,h3_sels,h1_rtt,h2_rtt,h3_rtt,h1_alive,h2_alive,h3_alive,decision_latency_us
round_robin,1,0,0,23.11,26.154,1.0,1.0,0,0,0,0,0,0,0,0.025245,0.01783,0.026255,1,1,1,2543.3
round_robin,1,1,82,23.186,25.953,0.9997,0.9997,23,1186,1163,1172,28,27,27,0.025961,0.017716,0.025882,1,1,1,2543.3
round_robin,1,2,81,22.939,26.09,0.9999,0.9999,155,1042,1108,1197,55,54,54,0.025165,0.017459,0.026193,1,1,1,2543.3
round_robin,1,3,77,22.881,26.121,1.0,1.0,133,1064,1122,1197,80,80,80,0.025474,0.016975,0.026193,1,1,1,2543.3
round_robin,1,4,10,22.705,25.648,1.0,1.0,160,1064,1122,1224,84,83,83,0.025474,0.016975,0.025667,1,1,1,2543.3
round_robin,1,5,82,23.094,26.766,1.0,1.0,165,1087,1145,1252,111,111,110,0.025217,0.017127,0.026938,1,1,1,2543.3
round_robin,1,6,81,23.433,26.871,1.0,1.0,187,1102,992,1179,138,138,137,0.027029,0.01782,0.025451,1,1,1,2543.3
round_robin,1,7,31,23.171,25.983,1.0,1.0,183,1130,1019,1202,148,148,148,0.02599,0.017604,0.02592,1,1,1,2543.3
round_robin,1,8,51,23.171,25.983,1.0,1.0,183,1130,1019,1202,165,165,165,0.02599,0.017604,0.02592,1,1,1,2543.3
round_robin,1,9,87,23.658,26.588,1.0,1.0,180,1158,1046,1226,194,194,194,0.026631,0.018145,0.026197,1,1,1,2543.3
round_robin,1,10,82,23.116,25.97,1.0,1.0,148,1022,1071,1170,222,221,221,0.025556,0.017775,0.026016,1,1,1,2543.3
round_robin,1,11,42,23.359,26.066,1.0,1.0,152,1045,1099,1197,236,235,235,0.026068,0.017959,0.026049,1,1,1,2543.3
round_robin,1,12,41,23.379,26.251,1.0,1.0,153,1072,1127,1225,249,249,249,0.026251,0.017636,0.026251,1,1,1,2543.3
round_robin,1,13,90,23.379,26.251,1.0,1.0,153,1072,1127,1225,279,279,279,0.026251,0.017636,0.026251,1,1,1,2543.3
round_robin,1,14,86,23.614,26.305,1.0,1.0,89,1058,1093,1147,308,308,307,0.02603,0.018476,0.026335,1,1,1,2543.3
round_robin,1,15,61,23.588,26.315,1.0,1.0,88,1086,1121,1174,328,328,328,0.026329,0.018243,0.026193,1,1,1,2543.3
round_robin,1,16,23,23.494,26.305,1.0,1.0,87,1114,1148,1201,336,336,335,0.026185,0.017979,0.026318,1,1,1,2543.3
round_robin,1,17,86,23.388,26.314,1.0,1.0,59,1142,1175,1201,365,364,364,0.026276,0.01757,0.026318,1,1,1,2543.3
round_robin,1,18,81,23.256,26.241,1.0,1.0,87,1142,1175,1229,392,391,391,0.026276,0.01757,0.025921,1,1,1,2543.3
round_robin,1,19,1,23.547,26.525,1.0,1.0,206,1047,1097,1253,392,392,391,0.026623,0.018375,0.025643,1,1,1,2543.3
round_robin,1,20,84,23.107,26.18,1.0,1.0,207,1074,1125,1281,420,420,419,0.025432,0.017626,0.026263,1,1,1,2543.3
round_robin,1,21,81,22.946,26.013,1.0,1.0,209,1100,1151,1309,447,447,446,0.025181,0.017551,0.026105,1,1,1,2543.3
round_robin,1,22,82,22.947,26.065,1.0,1.0,271,1121,1038,1309,474,474,474,0.025702,0.017033,0.026105,1,1,1,2543.3
round_robin,1,23,1,22.921,25.996,1.0,1.0,195,1121,1038,1233,475,474,474,0.025702,0.017033,0.026029,1,1,1,2543.3
round_robin,1,24,81,23.251,26.231,1.0,1.0,195,1155,1065,1260,502,501,501,0.026061,0.017441,0.02625,1,1,1,2543.3
round_robin,1,25,86,23.187,26.172,1.0,1.0,195,1181,1093,1288,530,530,530,0.025428,0.017878,0.026255,1,1,1,2543.3
round_robin,1,26,84,23.187,26.172,1.0,1.0,195,1181,1093,1288,558,558,558,0.025428,0.017878,0.026255,1,1,1,2543.3
round_robin,1,27,0,23.106,26.034,1.0,1.0,186,1056,1117,1242,558,558,558,0.025712,0.017536,0.02607,1,1,1,2543.3
round_robin,1,28,81,23.258,26.004,1.0,1.0,185,1084,1145,1269,585,585,585,0.025573,0.018148,0.026052,1,1,1,2543.3
round_robin,1,29,87,22.994,26.245,1.0,1.0,192,1104,1175,1296,614,614,614,0.025258,0.01737,0.026355,1,1,1,2543.3
round_robin,1,30,43,23.46,26.362,1.0,1.0,183,1120,1032,1215,629,628,628,0.0264,0.017955,0.026024,0,1,1,2543.3
round_robin,1,31,1,23.46,26.362,1.0,1.0,183,1120,1032,1215,629,629,628,0.0264,0.017955,0.026024,0,1,1,2543.3
round_robin,1,32,1,11.157,12.577,1.0,1.0,170,1120,1032,1202,629,629,629,0.01259,0.00842,0.012461,0,1,1,2543.3
round_robin,1,33,1,11.175,12.584,1.0,1.0,170,1120,1032,1202,630,629,629,0.012586,0.00837,0.012569,0,1,1,2543.3
round_robin,1,34,1,11.274,12.627,1.0,1.0,160,1042,959,1119,630,630,629,0.012578,0.008612,0.012633,0,1,1,2543.3
round_robin,1,35,1,11.319,12.764,1.0,1.0,160,1042,959,1119,630,630,630,0.012717,0.008472,0.012769,0,1,1,2543.3
round_robin,1,36,1,11.319,12.764,1.0,1.0,160,1042,959,1119,631,630,630,0.012717,0.008472,0.012769,0,1,1,2543.3
round_robin,1,37,1,11.446,13.24,1.0,1.0,160,1042,959,1119,631,631,630,0.013313,0.008442,0.012582,0,1,1,2543.3
round_robin,1,38,1,11.239,12.711,1.0,1.0,160,1042,959,1119,631,631,631,0.012603,0.00839,0.012723,0,1,1,2543.3
round_robin,1,39,1,11.23,12.673,1.0,1.0,241,878,875,1116,632,631,631,0.012475,0.008521,0.012695,0,1,1,2543.3
round_robin,1,40,0,11.485,13.371,1.0,1.0,241,878,875,1116,632,631,631,0.013455,0.008385,0.012616,0,1,1,2543.3
round_robin,1,41,1,11.248,12.751,1.0,1.0,242,878,874,1116,632,632,631,0.012766,0.008362,0.012616,0,1,1,2543.3
round_robin,1,42,1,11.21,12.739,1.0,1.0,242,878,874,1116,632,632,632,0.012766,0.008362,0.012501,0,1,1,2543.3
round_robin,1,43,1,11.193,12.636,1.0,1.0,4,875,871,873,633,632,632,0.012548,0.008384,0.012646,0,1,1,2543.3
round_robin,1,44,1,11.233,12.601,1.0,1.0,4,875,871,873,633,633,632,0.012599,0.0085,0.012601,0,1,1,2543.3
round_robin,1,45,1,11.177,12.553,1.0,1.0,4,875,871,873,633,633,633,0.012557,0.008455,0.012519,0,1,1,2543.3
round_robin,1,46,1,11.202,12.584,1.0,1.0,4,792,788,790,634,633,633,0.012578,0.008444,0.012585,0,1,1,2543.3
round_robin,1,47,1,11.202,12.584,1.0,1.0,4,792,788,790,634,634,633,0.012578,0.008444,0.012585,0,1,1,2543.3
round_robin,1,48,1,11.18,12.605,1.0,1.0,4,792,788,790,634,634,634,0.012611,0.008384,0.012546,0,1,1,2543.3
round_robin,1,49,1,11.186,12.563,1.0,1.0,4,792,788,790,635,634,634,0.012525,0.008466,0.012567,0,1,1,2543.3
round_robin,1,50,1,11.339,12.86,1.0,1.0,4,792,788,790,635,635,634,0.012893,0.008557,0.012567,0,1,1,2543.3
round_robin,1,51,1,11.251,12.712,1.0,1.0,158,629,705,787,635,635,635,0.012724,0.008427,0.012602,0,1,1,2543.3
round_robin,1,52,1,11.18,12.598,1.0,1.0,158,629,705,787,636,635,635,0.012558,0.00838,0.012602,0,1,1,2543.3
round_robin,1,53,1,11.169,12.568,1.0,1.0,158,629,705,787,636,636,635,0.012558,0.00838,0.012569,0,1,1,2543.3
round_robin,1,54,1,11.204,12.593,1.0,1.0,158,629,705,787,636,636,636,0.012581,0.008438,0.012594,0,1,1,2543.3
round_robin,1,55,1,11.193,12.556,1.0,1.0,2,625,623,624,637,636,636,0.012537,0.008483,0.012558,0,1,1,2543.3
round_robin,1,56,1,11.193,12.65,1.0,1.0,2,625,623,624,637,637,636,0.012665,0.008397,0.012517,0,1,1,2543.3
round_robin,1,57,1,11.783,13.481,1.0,1.0,2,625,623,624,637,637,637,0.012668,0.00911,0.013571,0,1,1,2543.3
round_robin,1,58,1,11.783,13.481,1.0,1.0,2,625,623,624,638,637,637,0.012668,0.00911,0.013571,0,1,1,2543.3
round_robin,1,59,1,11.206,12.573,1.0,1.0,5,625,620,620,638,638,637,0.012573,0.008473,0.012573,0,1,1,2543.3
round_robin,1,60,1,11.497,12.591,1.0,1.0,2,622,620,620,638,638,638,0.012598,0.009362,0.012531,0,1,1,2543.3
round_robin,1,61,1,11.228,12.697,1.0,1.0,2,622,620,620,639,638,638,0.012715,0.00843,0.01254,0,1,1,2543.3
round_robin,1,62,1,11.167,12.575,1.0,1.0,2,622,620,620,639,639,638,0.012577,0.00837,0.012555,0,1,1,2543.3
round_robin,1,63,1,11.208,12.654,1.0,1.0,57,566,563,620,639,639,639,0.012665,0.008405,0.012555,0,1,1,2543.3
round_robin,1,64,1,11.228,12.66,1.0,1.0,3,566,563,564,640,639,639,0.012665,0.008405,0.012614,0,1,1,2543.3
round_robin,1,65,1,11.158,12.561,1.0,1.0,3,566,563,564,640,640,639,0.012567,0.008397,0.01251,0,1,1,2543.3
round_robin,1,66,1,16.339,26.378,1.0,1.0,3,566,563,563,640,640,640,0.012613,0.008497,0.027907,0,1,1,2543.3
round_robin,1,67,1,11.157,12.578,1.0,1.0,5,484,480,479,641,640,640,0.012507,0.008379,0.012586,0,1,1,2543.3
round_robin,1,68,1,11.242,12.675,1.0,1.0,5,484,480,479,641,641,640,0.012683,0.008444,0.012598,0,1,1,2543.3
round_robin,1,69,1,11.242,12.675,1.0,1.0,5,484,480,479,641,641,641,0.012683,0.008444,0.012598,0,1,1,2543.3
round_robin,1,70,1,11.491,12.565,1.0,1.0,5,484,480,479,642,641,641,0.012564,0.009345,0.012565,0,1,1,2543.3
round_robin,1,71,1,11.202,12.596,1.0,1.0,87,484,480,397,642,642,641,0.012547,0.008458,0.012601,0,1,1,2543.3
round_robin,1,72,1,11.197,12.596,1.0,1.0,3,400,397,397,642,642,642,0.012598,0.008414,0.012579,0,1,1,2543.3
round_robin,1,73,1,11.147,12.586,1.0,1.0,3,400,397,397,643,642,642,0.012595,0.008339,0.012507,0,1,1,2543.3
round_robin,1,74,1,11.154,12.506,1.0,1.0,3,400,397,397,643,643,642,0.0125,0.008454,0.012507,0,1,1,2543.3
round_robin,1,75,1,11.183,12.585,1.0,1.0,3,400,397,397,643,643,643,0.0125,0.008454,0.012594,0,1,1,2543.3
round_robin,1,76,1,11.202,12.596,1.0,1.0,2,316,315,314,644,643,643,0.012529,0.008473,0.012603,0,1,1,2543.3
round_robin,1,77,1,11.472,13.231,1.0,1.0,2,316,315,314,644,644,643,0.013287,0.008398,0.01273,0,1,1,2543.3
round_robin,1,78,1,11.346,12.582,1.0,1.0,2,316,315,314,644,644,644,0.012566,0.008888,0.012584,0,1,1,2543.3
round_robin,1,79,1,11.223,12.633,1.0,1.0,3,232,233,230,645,644,644,0.012514,0.008508,0.012646,0,1,1,2543.3
round_robin,1,80,1,11.423,13.067,1.0,1.0,3,232,233,230,645,645,644,0.013114,0.008508,0.012646,0,1,1,2543.3
round_robin,1,81,0,11.421,13.063,1.0,1.0,3,232,233,230,645,645,644,0.013114,0.008548,0.012601,0,1,1,2543.3
round_robin,1,82,1,11.734,13.414,1.0,1.0,3,232,233,230,645,645,645,0.013362,0.00842,0.01342,0,1,1,2543.3
round_robin,1,83,1,11.294,12.626,1.0,1.0,3,232,233,230,646,645,645,0.012628,0.008646,0.012609,0,1,1,2543.3
round_robin,1,84,1,11.225,12.683,1.0,1.0,5,149,151,146,646,646,645,0.012523,0.008452,0.012701,0,1,1,2543.3
round_robin,1,85,1,11.198,12.725,1.0,1.0,5,149,151,146,646,646,646,0.01255,0.008301,0.012744,0,1,1,2543.3
round_robin,1,86,1,11.198,12.725,1.0,1.0,5,149,151,146,647,646,646,0.01255,0.008301,0.012744,0,1,1,2543.3
round_robin,1,87,1,11.149,12.588,1.0,1.0,5,149,151,146,647,647,646,0.012603,0.00839,0.012454,0,1,1,2543.3
round_robin,1,88,1,11.204,12.639,1.0,1.0,3,67,67,64,647,647,647,0.012514,0.008444,0.012653,0,1,1,2543.3
round_robin,1,89,1,11.355,12.758,1.0,1.0,3,67,67,64,648,647,647,0.012777,0.008704,0.012584,0,1,1,2543.3
round_robin,1,90,1,11.74,13.448,1.0,1.0,3,67,67,64,648,648,647,0.01347,0.008502,0.013249,1,1,1,2543.3
round_robin,1,91,1,20.811,38.002,1.0,1.0,64,1,0,64,648,648,648,0.040752,0.008431,0.013249,1,1,1,2543.3
round_robin,1,92,11,20.518,37.914,1.0,1.0,1,1,0,0,652,652,651,0.040752,0.008431,0.012371,1,1,1,2543.3
round_robin,1,93,1,15.656,24.772,1.0,1.0,3,3,0,0,652,652,652,0.026135,0.008324,0.012509,1,1,1,2543.3
round_robin,1,94,11,15.54,24.408,1.0,1.0,4,4,0,0,656,656,655,0.025729,0.008373,0.012517,1,1,1,2543.3
round_robin,1,95,1,15.597,24.544,1.0,1.0,6,6,0,0,656,656,656,0.025882,0.008409,0.012499,1,1,1,2543.3
round_robin,1,96,11,15.686,24.791,1.0,1.0,8,8,0,0,660,660,659,0.026149,0.008342,0.012568,1,1,1,2543.3
round_robin,1,97,1,15.686,24.791,1.0,1.0,8,8,0,0,660,660,660,0.026149,0.008342,0.012568,1,1,1,2543.3
round_robin,1,98,11,15.653,24.655,1.0,1.0,9,9,0,0,664,664,663,0.026005,0.008454,0.012501,1,1,1,2543.3
round_robin,1,99,1,15.681,24.545,1.0,1.0,11,11,0,0,664,664,664,0.025852,0.008409,0.012783,1,1,1,2543.3
round_robin,1,100,11,15.884,25.274,1.0,1.0,12,12,0,0,668,668,667,0.026685,0.008394,0.012574,1,1,1,2543.3
round_robin,1,101,1,15.939,25.009,1.0,1.0,14,14,0,0,668,668,668,0.026331,0.008371,0.013114,1,1,1,2543.3
round_robin,1,102,11,15.771,24.451,1.0,1.0,16,16,0,0,672,672,671,0.025711,0.008488,0.013114,1,1,1,2543.3
round_robin,1,103,1,15.58,24.394,1.0,1.0,16,16,0,0,672,672,672,0.025711,0.008488,0.012541,1,1,1,2543.3
round_robin,1,104,11,15.851,24.908,1.0,1.0,17,17,0,0,676,676,675,0.026249,0.008469,0.012835,1,1,1,2543.3
round_robin,1,105,1,15.621,24.572,1.0,1.0,19,19,0,0,676,676,676,0.025905,0.008378,0.012579,1,1,1,2543.3
round_robin,1,106,11,16.001,25.338,1.0,1.0,20,20,0,0,680,680,679,0.026751,0.008634,0.012618,1,1,1,2543.3
round_robin,1,107,1,15.533,24.369,1.0,1.0,22,22,0,0,680,680,680,0.025689,0.008424,0.012485,1,1,1,2543.3
round_robin,1,108,0,15.533,24.369,1.0,1.0,22,22,0,0,680,680,680,0.025689,0.008424,0.012485,1,1,1,2543.3
round_robin,1,109,11,15.584,24.329,1.0,1.0,24,24,0,0,684,684,683,0.025619,0.008409,0.012723,1,1,1,2543.3
round_robin,1,110,1,15.996,24.878,1.0,1.0,25,25,0,0,684,684,684,0.026153,0.008437,0.013399,1,1,1,2543.3
round_robin,1,111,11,15.748,24.996,1.0,1.0,27,27,0,0,688,688,687,0.026383,0.008352,0.012509,1,1,1,2543.3
round_robin,1,112,1,15.774,24.94,1.0,1.0,28,28,0,0,688,688,688,0.026315,0.00844,0.012567,1,1,1,2543.3
round_robin,1,113,11,15.605,24.483,1.0,1.0,30,30,0,0,692,692,691,0.025807,0.00844,0.012567,1,1,1,2543.3
round_robin,1,114,1,15.606,24.482,1.0,1.0,30,30,0,0,692,692,692,0.025807,0.008454,0.012557,1,1,1,2543.3
round_robin,1,115,11,15.449,24.312,1.0,1.0,31,31,0,0,696,696,695,0.025654,0.008458,0.012235,1,1,1,2543.3
round_robin,1,116,1,15.79,24.94,1.0,1.0,33,33,0,0,696,696,696,0.026313,0.008476,0.012582,1,1,1,2543.3
round_robin,1,117,11,15.684,24.694,1.0,1.0,35,35,0,0,700,700,699,0.02604,0.008434,0.012578,1,1,1,2543.3
round_robin,1,118,1,15.794,24.936,1.0,1.0,36,36,0,0,700,700,700,0.026309,0.008496,0.012578,1,1,1,2543.3
round_robin,1,119,11,15.788,24.934,1.0,1.0,36,36,0,0,704,704,703,0.026309,0.008496,0.01256,1,1,1,2543.3
round_robin,1,120,1,16.005,24.861,1.0,1.0,38,38,0,0,704,704,704,0.02613,0.008443,0.013441,1,0,1,2543.3
round_robin,1,121,1,11.162,12.54,1.0,1.0,38,38,0,0,705,704,704,0.012546,0.008449,0.012491,1,0,1,2543.3
round_robin,1,122,1,11.202,12.625,1.0,1.0,38,38,0,0,705,705,704,0.012633,0.008421,0.012552,1,0,1,2543.3
round_robin,1,123,1,11.231,12.708,1.0,1.0,38,38,0,0,705,705,705,0.012584,0.008388,0.012722,1,0,1,2543.3
round_robin,1,124,1,11.257,12.716,1.0,1.0,38,38,0,0,706,705,705,0.01266,0.008388,0.012722,1,0,1,2543.3
round_robin,1,125,1,11.326,12.849,1.0,1.0,38,38,0,0,706,706,705,0.01266,0.008447,0.01287,1,0,1,2543.3
round_robin,1,126,1,11.182,12.592,1.0,1.0,38,38,0,0,706,706,706,0.012599,0.008417,0.01253,1,0,1,2543.3
round_robin,1,127,1,11.622,13.459,1.0,1.0,38,38,0,0,707,706,706,0.012902,0.008443,0.013521,1,0,1,2543.3
round_robin,1,128,1,11.173,12.588,1.0,1.0,38,38,0,0,707,707,706,0.012505,0.008418,0.012597,1,0,1,2543.3
round_robin,1,129,1,11.19,12.573,1.0,1.0,38,38,0,0,707,707,707,0.012574,0.008433,0.012563,1,0,1,2543.3
round_robin,1,130,1,11.19,12.573,1.0,1.0,38,38,0,0,708,707,707,0.012574,0.008433,0.012563,1,0,1,2543.3
round_robin,1,131,1,11.465,13.139,1.0,1.0,38,38,0,0,708,708,707,0.012671,0.008533,0.013191,1,0,1,2543.3
round_robin,1,132,1,11.156,12.571,1.0,1.0,38,38,0,0,708,708,708,0.012572,0.008335,0.01256,1,0,1,2543.3
round_robin,1,133,1,11.442,13.176,1.0,1.0,38,38,0,0,709,708,708,0.012616,0.008473,0.013238,1,0,1,2543.3
round_robin,1,134,1,11.179,12.576,1.0,1.0,38,38,0,0,709,709,708,0.012579,0.008409,0.012548,1,0,1,2543.3
round_robin,1,135,1,11.188,12.611,1.0,1.0,38,38,0,0,709,709,709,0.012583,0.008366,0.012614,1,0,1,2543.3
round_robin,1,136,1,11.188,12.611,1.0,1.0,38,38,0,0,710,709,709,0.012583,0.008366,0.012614,1,0,1,2543.3
round_robin,1,137,1,11.215,12.578,1.0,1.0,38,38,0,0,710,710,709,0.012548,0.008516,0.012581,1,0,1,2543.3
round_robin,1,138,1,11.182,12.579,1.0,1.0,38,38,0,0,710,710,710,0.012558,0.008406,0.012581,1,0,1,2543.3
round_robin,1,139,1,11.143,12.537,1.0,1.0,38,38,0,0,711,710,710,0.012537,0.008357,0.012534,1,0,1,2543.3
round_robin,1,140,1,11.48,13.337,1.0,1.0,38,38,0,0,711,711,710,0.012548,0.008468,0.013425,1,0,1,2543.3
round_robin,1,141,0,11.518,13.344,1.0,1.0,38,38,0,0,711,711,710,0.012611,0.008519,0.013425,1,0,1,2543.3
round_robin,1,142,1,11.23,12.606,1.0,1.0,38,38,0,0,711,711,711,0.012611,0.008519,0.012561,1,0,1,2543.3
round_robin,1,143,1,11.165,12.57,1.0,1.0,38,38,0,0,712,711,711,0.012576,0.008403,0.012517,1,0,1,2543.3
round_robin,1,144,1,11.236,12.647,1.0,1.0,38,38,0,0,712,712,711,0.012614,0.008442,0.012651,1,0,1,2543.3
round_robin,1,145,1,11.247,12.553,1.0,1.0,38,38,0,0,712,712,712,0.012556,0.008655,0.012531,1,0,1,2543.3
round_robin,1,146,1,11.532,13.401,1.0,1.0,38,38,0,0,713,712,712,0.013484,0.008458,0.012654,1,0,1,2543.3
round_robin,1,147,1,11.295,12.761,1.0,1.0,38,38,0,0,713,713,712,0.012773,0.008458,0.012654,1,0,1,2543.3
round_robin,1,148,1,11.235,12.751,1.0,1.0,38,38,0,0,713,713,713,0.012773,0.008374,0.012558,1,0,1,2543.3
round_robin,1,149,1,11.251,12.755,1.0,1.0,38,38,0,0,714,713,713,0.012562,0.008415,0.012776,1,0,1,2543.3
round_robin,1,150,1,11.715,13.406,1.0,1.0,38,38,0,0,714,714,713,0.013417,0.008421,0.013308,1,1,1,2543.3
round_robin,1,151,1,15.679,21.015,1.0,1.0,38,38,1,0,714,714,714,0.012572,0.021953,0.012512,1,1,1,2543.3
round_robin,1,152,1,14.434,17.473,1.0,1.0,38,38,2,0,715,714,714,0.012606,0.018004,0.012692,1,1,1,2543.3
round_robin,1,153,11,14.434,17.473,1.0,1.0,38,38,2,0,718,718,718,0.012606,0.018004,0.012692,1,1,1,2543.3
round_robin,1,154,1,14.417,17.485,1.0,1.0,35,35,4,0,719,718,718,0.012618,0.018026,0.012607,1,1,1,2543.3
round_robin,1,155,11,14.322,17.458,1.0,1.0,35,35,5,0,722,722,722,0.012469,0.01801,0.012486,1,1,1,2543.3
round_robin,1,156,1,14.151,16.981,1.0,1.0,35,35,7,0,723,722,722,0.012513,0.017477,0.012462,1,1,1,2543.3
round_robin,1,157,11,14.194,16.987,1.0,1.0,30,30,9,0,726,726,726,0.012512,0.017475,0.012595,1,1,1,2543.3
round_robin,1,158,1,14.274,17.19,1.0,1.0,30,30,10,0,727,726,726,0.012526,0.017701,0.012595,1,1,1,2543.3
round_robin,1,159,11,14.292,17.196,1.0,1.0,30,30,10,0,730,730,730,0.012526,0.017701,0.012648,1,1,1,2543.3
round_robin,1,160,1,14.312,17.323,1.0,1.0,30,30,12,0,731,730,730,0.012536,0.017854,0.012546,1,1,1,2543.3
round_robin,1,161,11,14.45,17.674,1.0,1.0,30,30,13,0,734,734,734,0.012585,0.018239,0.012526,1,1,1,2543.3
round_robin,1,162,1,14.364,17.52,1.0,1.0,25,25,15,0,735,734,734,0.01245,0.01807,0.012573,1,1,1,2543.3
round_robin,1,163,11,14.295,17.143,1.0,1.0,25,25,17,0,738,738,738,0.012623,0.017645,0.012616,1,1,1,2543.3
round_robin,1,164,1,14.298,17.144,1.0,1.0,25,25,17,0,739,738,738,0.012633,0.017645,0.012616,1,1,1,2543.3
round_robin,1,165,11,14.336,17.241,1.0,1.0,25,25,18,0,742,742,742,0.012633,0.017753,0.012623,1,1,1,2543.3
round_robin,1,166,1,14.581,17.596,1.0,1.0,20,19,20,0,743,742,742,0.012551,0.018096,0.013097,1,1,1,2543.3
round_robin,1,167,1,14.333,17.263,1.0,1.0,21,19,21,0,743,743,742,0.012626,0.017778,0.012596,1,1,1,2543.3
round_robin,1,168,10,14.279,17.22,1.0,1.0,23,19,23,0,746,746,746,0.012586,0.017735,0.012517,1,1,1,2543.3
round_robin,1,169,1,14.6,17.399,1.0,1.0,24,14,24,0,747,746,746,0.012676,0.017859,0.013264,1,1,1,2543.3
round_robin,1,170,11,14.6,17.399,1.0,1.0,24,14,24,0,750,750,750,0.012676,0.017859,0.013264,1,1,1,2543.3
round_robin,1,171,1,14.377,16.89,1.0,1.0,26,14,26,0,751,750,750,0.012968,0.017326,0.012838,1,1,1,2543.3
round_robin,1,172,11,14.139,16.876,1.0,1.0,28,14,28,0,754,754,754,0.012512,0.017357,0.012547,1,1,1,2543.3
round_robin,1,173,1,14.515,17.587,1.0,1.0,29,14,29,0,755,754,754,0.012838,0.018115,0.012592,1,1,1,2543.3
round_robin,1,174,11,14.246,17.13,1.0,1.0,31,9,31,0,758,758,758,0.012535,0.017637,0.012566,1,1,1,2543.3
round_robin,1,175,1,14.243,17.13,1.0,1.0,31,9,31,0,759,758,758,0.012527,0.017637,0.012566,1,1,1,2543.3
round_robin,1,176,11,14.488,17.766,1.0,1.0,32,9,32,0,762,762,762,0.012527,0.018341,0.012596,1,1,1,2543.3
round_robin,1,177,1,14.307,17.21,1.0,1.0,34,9,34,0,763,762,762,0.012582,0.01772,0.012619,1,1,1,2543.3
round_robin,1,178,11,14.326,16.956,1.0,1.0,39,3,39,0,766,766,766,0.012582,0.017396,0.013,1,1,1,2543.3
round_robin,1,179,1,14.267,17.171,1.0,1.0,37,3,37,0,767,766,766,0.012541,0.017682,0.012577,1,1,1,2543.3
round_robin,2,0,0,15.75,24.871,1.0,1.0,0,0,0,0,0,0,0,0.01255,0.00846,0.02624,1,1,1,2533.1
round_robin,2,1,1,15.773,24.867,0.3333,0.3333,41,0,41,3,1,0,0,0.012736,0.008367,0.026215,1,1,1,2533.1
round_robin,2,2,1,15.787,24.984,0.6667,0.6667,41,0,41,4,1,1,0,0.012565,0.008433,0.026364,1,1,1,2533.1
round_robin,2,3,11,15.746,24.709,0.9883,0.9883,41,0,41,6,5,4,4,0.012711,0.008485,0.026042,1,1,1,2533.1
round_robin,2,4,1,15.928,24.766,0.9899,0.9899,41,0,41,6,5,5,4,0.013283,0.008458,0.026042,1,1,1,2533.1
round_robin,2,5,11,15.911,24.721,0.9968,0.9968,41,0,41,7,9,8,8,0.013283,0.008458,0.025992,1,1,1,2533.1
round_robin,2,6,1,15.631,24.566,0.9971,0.9971,41,0,41,9,9,9,8,0.012559,0.008435,0.0259,1,1,1,2533.1
round_robin,2,7,11,15.795,25.111,0.9985,0.9985,41,0,41,11,13,12,12,0.012505,0.008369,0.026512,1,1,1,2533.1
round_robin,2,8,1,15.791,25.023,0.9986,0.9986,41,0,41,12,13,13,12,0.012566,0.008401,0.026407,1,1,1,2533.1
round_robin,2,9,11,15.739,24.813,0.9992,0.9992,41,0,41,14,17,16,16,0.012593,0.008452,0.026171,1,1,1,2533.1
round_robin,2,10,1,15.718,24.807,0.9992,0.9992,41,0,41,14,17,17,16,0.012531,0.008452,0.026171,1,1,1,2533.1
round_robin,2,11,11,15.655,24.728,0.9995,0.9995,41,0,41,15,21,20,20,0.012531,0.008352,0.026083,1,1,1,2533.1
round_robin,2,12,1,15.719,24.752,0.9995,0.9995,41,0,41,17,21,21,20,0.012666,0.008396,0.026095,1,1,1,2533.1
round_robin,2,13,11,15.939,24.667,0.9996,0.9996,41,0,41,20,25,24,24,0.012574,0.009232,0.026011,1,1,1,2533.1
round_robin,2,14,1,15.939,24.838,0.9996,0.9996,41,0,41,20,25,25,24,0.012553,0.009062,0.026203,1,1,1,2533.1
round_robin,2,15,11,15.732,24.839,0.9997,0.9997,41,0,41,20,29,28,28,0.012567,0.008426,0.026203,1,1,1,2533.1
round_robin,2,16,1,16.151,25.972,0.9997,0.9997,41,0,41,22,29,29,28,0.012567,0.008426,0.027461,1,1,1,2533.1
round_robin,2,17,11,15.713,24.725,0.9998,0.9998,41,0,41,23,33,32,32,0.012651,0.008421,0.026067,1,1,1,2533.1
round_robin,2,18,1,16.043,25.176,0.9998,0.9998,41,0,41,25,33,33,32,0.013193,0.008428,0.026508,1,1,1,2533.1
round_robin,2,19,11,15.839,25.142,0.9998,0.9998,41,0,41,26,37,36,36,0.012596,0.008386,0.026536,1,1,1,2533.1
round_robin,2,20,1,15.687,24.701,0.9998,0.9998,41,0,41,28,37,37,36,0.012551,0.008458,0.026051,1,1,1,2533.1
round_robin,2,21,11,15.687,24.701,0.9999,0.9999,41,0,41,28,41,40,40,0.012551,0.008458,0.026051,1,1,1,2533.1
round_robin,2,22,1,15.692,24.783,0.9999,0.9999,41,0,41,30,41,41,40,0.012509,0.008419,0.026147,1,1,1,2533.1
round_robin,2,23,0,16.044,25.378,0.9999,0.9999,41,0,41,31,41,41,40,0.012703,0.008642,0.026786,1,1,1,2533.1
round_robin,2,24,11,16.249,25.505,0.9999,0.9999,41,0,41,33,45,44,44,0.013224,0.008653,0.026869,1,1,1,2533.1
round_robin,2,25,1,15.749,24.613,0.9999,0.9999,41,0,41,34,45,45,44,0.012542,0.008751,0.025954,1,1,1,2533.1
round_robin,2,26,11,15.796,24.627,0.9999,0.9999,41,0,41,34,49,48,48,0.012684,0.008751,0.025954,1,1,1,2533.1
round_robin,2,27,1,15.703,24.742,0.9999,0.9999,41,0,41,36,49,49,48,0.012684,0.008342,0.026082,1,1,1,2533.1
round_robin,2,28,11,15.548,24.374,0.9999,0.9999,41,0,41,38,53,52,52,0.012538,0.008416,0.025689,1,1,1,2533.1
round_robin,2,29,1,15.717,24.768,0.9999,0.9999,39,0,37,39,53,53,52,0.012544,0.008482,0.026126,1,1,1,2533.1
round_robin,2,30,11,15.622,24.674,0.9999,1.0,41,0,37,41,57,56,56,0.012493,0.008347,0.026027,0,1,1,2533.1
round_robin,2,31,1,15.725,24.677,0.9999,0.9999,41,0,37,41,57,57,56,0.012528,0.00862,0.026027,0,1,1,2533.1
round_robin,2,32,1,11.253,12.604,1.0,1.0,41,0,37,41,57,57,57,0.012528,0.00862,0.012612,0,1,1,2533.1
round_robin,2,33,1,11.41,13.116,0.9999,1.0,41,0,32,41,58,57,57,0.012697,0.008372,0.013162,0,1,1,2533.1
round_robin,2,34,1,11.189,12.626,0.9999,0.9999,41,0,32,41,58,58,57,0.012632,0.008366,0.01257,0,1,1,2533.1
round_robin,2,35,1,11.179,12.552,1.0,1.0,41,0,32,41,58,58,58,0.012502,0.008478,0.012558,0,1,1,2533.1
round_robin,2,36,1,11.325,12.891,0.9999,1.0,41,0,32,41,59,58,58,0.012938,0.008573,0.012465,0,1,1,2533.1
round_robin,2,37,1,11.21,12.579,0.9999,0.9999,41,0,32,41,59,59,58,0.012592,0.008573,0.012465,0,1,1,2533.1
round_robin,2,38,1,11.199,12.59,1.0,1.0,41,0,26,41,59,59,59,0.012592,0.008435,0.01257,0,1,1,2533.1
round_robin,2,39,1,11.138,12.538,0.9999,1.0,41,0,26,41,60,59,59,0.012542,0.008371,0.012501,0,1,1,2533.1
round_robin,2,40,1,11.24,12.688,0.9999,0.9999,41,0,26,41,60,60,59,0.01254,0.008475,0.012705,0,1,1,2533.1
round_robin,2,41,1,11.184,12.585,1.0,1.0,41,0,21,41,60,60,60,0.012588,0.008408,0.012557,0,1,1,2533.1
round_robin,2,42,1,11.24,12.678,0.9999,1.0,41,0,21,41,61,60,60,0.012689,0.008448,0.012582,0,1,1,2533.1
round_robin,2,43,1,11.24,12.678,0.9999,0.9999,41,0,21,41,61,61,60,0.012689,0.008448,0.012582,0,1,1,2533.1
round_robin,2,44,1,11.213,12.571,1.0,1.0,41,0,21,41,61,61,61,0.012563,0.008503,0.012572,0,1,1,2533.1
round_robin,2,45,1,11.269,12.783,0.9999,1.0,41,0,16,41,62,61,61,0.012554,0.008444,0.012808,0,1,1,2533.1
round_robin,2,46,1,11.215,12.569,0.9999,0.9999,41,0,16,41,62,62,61,0.012571,0.008522,0.012552,0,1,1,2533.1
round_robin,2,47,1,11.132,12.545,1.0,1.0,41,0,16,41,62,62,62,0.012551,0.00835,0.012496,0,1,1,2533.1
round_robin,2,48,1,11.169,12.576,0.9999,1.0,41,0,16,41,63,62,62,0.012568,0.008363,0.012577,0,1,1,2533.1
round_robin,2,49,1,11.169,12.576,0.9999,0.9999,41,0,16,41,63,63,62,0.012568,0.008363,0.012577,0,1,1,2533.1
round_robin,2,50,1,11.316,12.889,1.0,1.0,41,0,10,41,63,63,63,0.01259,0.008437,0.012922,0,1,1,2533.1
round_robin,2,51,1,11.178,12.606,0.9999,1.0,41,0,10,41,64,63,63,0.012466,0.008448,0.012621,0,1,1,2533.1
round_robin,2,52,1,11.211,12.65,0.9999,0.9999,41,0,10,41,64,64,63,0.012611,0.008368,0.012654,0,1,1,2533.1
round_robin,2,53,1,11.195,12.595,1.0,1.0,41,0,5,41,64,64,64,0.012601,0.008444,0.012539,0,1,1,2533.1
round_robin,2,54,1,11.252,12.562,0.9999,1.0,41,0,5,41,65,64,64,0.012565,0.008652,0.012539,0,1,1,2533.1
round_robin,2,55,1,11.555,13.36,0.9999,0.9999,41,0,5,41,65,65,64,0.012565,0.008652,0.013448,0,1,1,2533.1
round_robin,2,56,1,11.264,12.766,1.0,1.0,41,0,5,41,65,65,65,0.01258,0.008426,0.012787,0,1,1,2533.1
round_robin,2,57,0,11.267,12.582,1.0,1.0,41,0,1,41,65,65,65,0.012585,0.008655,0.01256,0,1,1,2533.1
round_robin,2,58,1,11.183,12.562,0.9999,1.0,41,0,1,41,66,65,65,0.012566,0.008454,0.012529,0,1,1,2533.1
round_robin,2,59,1,11.162,12.594,0.9999,0.9999,41,0,1,41,66,66,65,0.012603,0.008374,0.01251,0,1,1,2533.1
round_robin,2,60,1,11.146,12.549,1.0,1.0,41,0,1,41,66,66,66,0.012553,0.008374,0.01251,0,1,1,2533.1
round_robin,2,61,1,11.172,12.579,0.9999,1.0,41,0,1,41,67,66,66,0.012553,0.008381,0.012582,0,1,1,2533.1
round_robin,2,62,1,11.16,12.584,1.0,0.9999,38,0,0,38,67,67,66,0.012595,0.008403,0.012481,0,1,1,2533.1
round_robin,2,63,1,11.171,12.559,1.0,1.0,38,0,0,38,67,67,67,0.012562,0.00842,0.01253,0,1,1,2533.1
round_robin,2,64,1,11.258,12.748,1.0,1.0,38,0,0,38,68,67,67,0.012563,0.008443,0.012769,0,1,1,2533.1
round_robin,2,65,1,11.304,12.938,1.0,0.9999,33,0,0,33,68,68,67,0.012981,0.008377,0.012553,0,1,1,2533.1
round_robin,2,66,1,11.17,12.576,1.0,1.0,33,0,0,33,68,68,68,0.012579,0.008377,0.012553,0,1,1,2533.1
round_robin,2,67,1,11.218,12.597,1.0,1.0,33,0,0,33,69,68,68,0.012579,0.008475,0.012599,0,1,1,2533.1
round_robin,2,68,1,11.488,13.272,1.0,0.9999,33,0,0,33,69,69,68,0.013342,0.008478,0.012645,0,1,1,2533.1
round_robin,2,69,1,11.33,12.823,1.0,1.0,33,0,0,33,69,69,69,0.012838,0.008461,0.012691,0,1,1,2533.1
round_robin,2,70,1,11.225,12.638,1.0,1.0,28,0,0,28,70,69,69,0.012571,0.00846,0.012645,0,1,1,2533.1
round_robin,2,71,1,11.31,12.775,1.0,0.9999,28,0,0,28,70,70,69,0.012694,0.008452,0.012784,0,1,1,2533.1
round_robin,2,72,1,11.31,12.775,1.0,1.0,28,0,0,28,70,70,70,0.012694,0.008452,0.012784,0,1,1,2533.1
round_robin,2,73,1,11.214,12.644,1.0,1.0,28,0,0,28,71,70,70,0.012585,0.008405,0.012651,0,1,1,2533.1
round_robin,2,74,1,11.19,12.571,1.0,0.9999,22,0,0,22,71,71,70,0.012566,0.008433,0.012571,0,1,1,2533.1
round_robin,2,75,1,11.247,12.615,1.0,1.0,22,0,0,22,71,71,71,0.012506,0.008609,0.012627,0,1,1,2533.1
round_robin,2,76,1,11.26,12.703,1.0,1.0,22,0,0,22,72,71,71,0.012639,0.00843,0.01271,0,1,1,2533.1
round_robin,2,77,1,11.239,12.696,1.0,1.0,22,0,0,22,72,72,71,0.012569,0.008437,0.01271,0,1,1,2533.1
round_robin,2,78,1,11.162,12.56,1.0,1.0,17,0,0,17,72,72,72,0.012569,0.008437,0.012481,0,1,1,2533.1
round_robin,2,79,1,11.23,12.634,1.0,1.0,17,0,0,17,73,72,72,0.012508,0.008535,0.012648,0,1,1,2533.1
round_robin,2,80,1,11.294,12.83,1.0,1.0,17,0,0,17,73,73,72,0.012857,0.008441,0.012585,0,1,1,2533.1
round_robin,2,81,1,11.252,12.696,1.0,1.0,17,0,0,17,73,73,73,0.012603,0.008446,0.012706,0,1,1,2533.1
round_robin,2,82,1,11.289,12.74,1.0,1.0,12,0,0,12,74,73,73,0.012733,0.008392,0.012741,0,1,1,2533.1
round_robin,2,83,1,11.24,12.726,1.0,1.0,12,0,0,12,74,74,73,0.012587,0.008392,0.012741,0,1,1,2533.1
round_robin,2,84,1,11.307,12.869,1.0,1.0,12,0,0,12,74,74,74,0.012587,0.008435,0.0129,0,1,1,2533.1
round_robin,2,85,1,11.736,13.422,1.0,1.0,12,0,0,12,75,74,74,0.01335,0.008429,0.01343,0,1,1,2533.1
round_robin,2,86,1,11.181,12.582,1.0,1.0,7,0,0,7,75,75,74,0.012586,0.008408,0.012549,0,1,1,2533.1
round_robin,2,87,1,11.608,12.752,1.0,1.0,7,0,0,7,75,75,75,0.012682,0.009383,0.01276,0,1,1,2533.1
round_robin,2,88,1,11.213,12.651,1.0,1.0,7,0,0,7,76,75,75,0.012482,0.008488,0.01267,0,1,1,2533.1
round_robin,2,89,1,11.213,12.651,1.0,1.0,7,0,0,7,76,76,75,0.012482,0.008488,0.01267,0,1,1,2533.1
round_robin,2,90,1,11.228,12.627,1.0,1.0,2,0,0,2,76,76,76,0.012534,0.008514,0.012637,1,1,1,2533.1
round_robin,2,91,11,16.825,27.779,1.0,1.0,2,1,0,2,80,80,79,0.029472,0.008457,0.012547,1,1,1,2533.1
round_robin,2,92,1,15.654,24.645,1.0,1.0,3,3,0,2,80,80,80,0.025988,0.008418,0.012555,1,1,1,2533.1
round_robin,2,93,11,15.813,25.053,1.0,1.0,4,4,0,2,84,84,83,0.026437,0.008402,0.0126,1,1,1,2533.1
round_robin,2,94,1,15.808,24.656,1.0,1.0,6,6,0,2,84,84,84,0.025996,0.008828,0.0126,1,1,1,2533.1
round_robin,2,95,0,15.766,24.644,1.0,1.0,6,6,0,0,84,84,84,0.025996,0.008828,0.012475,1,1,1,2533.1
round_robin,2,96,11,15.7,24.734,1.0,1.0,8,8,0,0,88,88,87,0.026085,0.008439,0.012576,1,1,1,2533.1
round_robin,2,97,1,15.732,24.808,1.0,1.0,9,9,0,0,88,88,88,0.026162,0.008413,0.012622,1,1,1,2533.1
round_robin,2,98,11,15.822,25.021,1.0,1.0,11,11,0,0,92,92,91,0.026394,0.00841,0.012662,1,1,1,2533.1
round_robin,2,99,1,15.687,24.791,1.0,1.0,12,12,0,0,92,92,92,0.02616,0.008425,0.012475,1,1,1,2533.1
round_robin,2,100,11,15.687,24.791,1.0,1.0,12,12,0,0,96,96,95,0.02616,0.008425,0.012475,1,1,1,2533.1
round_robin,2,101,1,15.709,24.818,1.0,1.0,14,14,0,0,96,96,96,0.026184,0.008422,0.012522,1,1,1,2533.1
round_robin,2,102,11,15.909,24.61,1.0,1.0,15,15,0,0,100,100,99,0.025851,0.008432,0.013445,1,1,1,2533.1
round_robin,2,103,1,15.807,25.069,1.0,1.0,17,17,0,0,100,100,100,0.02646,0.008412,0.012548,1,1,1,2533.1
round_robin,2,104,11,16.038,24.603,1.0,1.0,19,19,0,0,104,104,103,0.025892,0.009219,0.013003,1,1,1,2533.1
round_robin,2,105,1,16.11,24.798,1.0,1.0,20,20,0,0,104,104,104,0.026109,0.009219,0.013003,1,1,1,2533.1
round_robin,2,106,0,15.708,24.754,1.0,1.0,20,20,0,0,104,104,104,0.026109,0.008461,0.012555,1,1,1,2533.1
round_robin,2,107,9,15.742,24.764,1.0,1.0,21,21,0,0,107,107,107,0.026107,0.008446,0.012673,1,1,1,2533.1
round_robin,2,108,11,15.686,24.732,1.0,1.0,23,23,0,0,111,111,110,0.026085,0.008422,0.01255,1,1,1,2533.1
round_robin,2,109,1,16.181,25.238,1.0,1.0,25,25,0,0,111,111,111,0.02654,0.00848,0.013524,1,1,1,2533.1
round_robin,2,110,11,15.843,24.869,1.0,1.0,27,27,0,0,115,115,114,0.026202,0.008459,0.012869,1,1,1,2533.1
round_robin,2,111,1,15.843,24.869,1.0,1.0,27,27,0,0,115,115,115,0.026202,0.008459,0.012869,1,1,1,2533.1
round_robin,2,112,11,15.617,24.364,1.0,1.0,28,28,0,0,119,119,118,0.02566,0.008488,0.012702,1,1,1,2533.1
round_robin,2,113,1,15.645,24.575,1.0,1.0,30,30,0,0,119,119,119,0.025905,0.008422,0.012607,1,1,1,2533.1
round_robin,2,114,11,16.179,25.055,1.0,1.0,31,31,0,0,123,123,122,0.026424,0.009376,0.012738,1,1,1,2533.1
round_robin,2,115,1,15.819,24.938,1.0,1.0,33,33,0,0,123,123,123,0.026293,0.008415,0.012748,1,1,1,2533.1
round_robin,2,116,11,15.807,24.906,1.0,1.0,35,35,0,0,127,127,126,0.026257,0.008415,0.012748,1,1,1,2533.1
round_robin,2,117,1,15.781,24.895,1.0,1.0,35,35,0,0,127,127,127,0.026257,0.008444,0.012641,1,1,1,2533.1
round_robin,2,118,11,15.727,24.86,1.0,1.0,36,36,0,0,131,131,130,0.026231,0.008429,0.01252,1,1,1,2533.1
round_robin,2,119,1,15.841,25.093,1.0,1.0,38,38,0,0,131,131,131,0.026482,0.008449,0.012592,1,1,1,2533.1
round_robin,2,120,7,15.71,24.802,1.0,1.0,39,39,0,0,134,133,133,0.02617,0.008466,0.012495,1,0,1,2533.1
round_robin,2,121,4,11.215,12.595,1.0,1.0,40,40,0,0,135,135,134,0.012581,0.008469,0.012596,1,0,1,2533.1
round_robin,2,122,1,11.215,12.595,1.0,1.0,40,40,0,0,135,135,135,0.012581,0.008469,0.012596,1,0,1,2533.1
round_robin,2,123,1,11.239,12.825,1.0,1.0,40,40,0,0,136,135,135,0.012861,0.008352,0.012505,1,0,1,2533.1
round_robin,2,124,1,11.657,13.291,1.0,1.0,40,40,0,0,136,136,135,0.01335,0.008861,0.012759,1,0,1,2533.1
round_robin,2,125,1,11.188,12.591,1.0,1.0,40,40,0,0,136,136,136,0.012551,0.008417,0.012595,1,0,1,2533.1
round_robin,2,126,1,11.214,12.609,1.0,1.0,40,40,0,0,137,136,136,0.012542,0.008483,0.012617,1,0,1,2533.1
round_robin,2,127,1,11.264,12.707,1.0,1.0,40,40,0,0,137,137,136,0.012717,0.008457,0.012617,1,0,1,2533.1
round_robin,2,128,1,11.353,12.868,1.0,1.0,40,40,0,0,137,137,137,0.012717,0.008457,0.012885,1,0,1,2533.1
round_robin,2,129,1,11.461,13.308,1.0,1.0,40,40,0,0,138,137,137,0.013395,0.008463,0.012525,1,0,1,2533.1
round_robin,2,130,1,11.192,12.598,1.0,1.0,40,40,0,0,138,138,137,0.012602,0.00841,0.012563,1,0,1,2533.1
round_robin,2,131,1,11.179,12.567,1.0,1.0,40,40,0,0,138,138,138,0.01256,0.00841,0.012568,1,0,1,2533.1
round_robin,2,132,1,11.218,12.623,1.0,1.0,40,40,0,0,139,138,138,0.01261,0.00842,0.012624,1,0,1,2533.1
round_robin,2,133,1,11.182,12.612,1.0,1.0,40,40,0,0,139,139,138,0.012503,0.00842,0.012624,1,0,1,2533.1
round_robin,2,134,1,11.506,13.446,1.0,1.0,40,40,0,0,139,139,139,0.012503,0.008463,0.013551,1,0,1,2533.1
round_robin,2,135,1,11.248,12.636,1.0,1.0,40,40,0,0,140,139,139,0.012639,0.008496,0.012609,1,0,1,2533.1
round_robin,2,136,1,11.178,12.572,1.0,1.0,40,40,0,0,140,140,139,0.012566,0.008395,0.012573,1,0,1,2533.1
round_robin,2,137,1,11.193,12.603,1.0,1.0,40,40,0,0,140,140,140,0.012605,0.008392,0.012581,1,0,1,2533.1
round_robin,2,138,1,11.22,12.611,1.0,1.0,40,40,0,0,141,140,140,0.012614,0.00846,0.012586,1,0,1,2533.1
round_robin,2,139,1,11.183,12.578,1.0,1.0,40,40,0,0,141,141,140,0.012503,0.00846,0.012586,1,0,1,2533.1
round_robin,2,140,1,11.156,12.537,1.0,1.0,40,40,0,0,141,141,141,0.012503,0.008423,0.012541,1,0,1,2533.1
round_robin,2,141,1,11.238,12.676,1.0,1.0,40,40,0,0,142,141,141,0.012576,0.00845,0.012687,1,0,1,2533.1
round_robin,2,142,1,11.219,12.602,1.0,1.0,40,40,0,0,142,142,141,0.012605,0.008473,0.012579,1,0,1,2533.1
round_robin,2,143,1,11.22,12.636,1.0,1.0,40,40,0,0,142,142,142,0.012555,0.00846,0.012645,1,0,1,2533.1
round_robin,2,144,1,11.593,13.654,1.0,1.0,40,40,0,0,143,142,142,0.013778,0.008466,0.012535,1,0,1,2533.1
round_robin,2,145,1,11.593,13.654,1.0,1.0,40,40,0,0,143,143,142,0.013778,0.008466,0.012535,1,0,1,2533.1
round_robin,2,146,1,11.24,12.724,1.0,1.0,40,40,0,0,143,143,143,0.012737,0.008376,0.012607,1,0,1,2533.1
round_robin,2,147,1,11.221,12.62,1.0,1.0,40,40,0,0,144,143,143,0.012562,0.008475,0.012626,1,0,1,2533.1
round_robin,2,148,1,11.195,12.619,1.0,1.0,40,40,0,0,144,144,143,0.012629,0.008429,0.012527,1,0,1,2533.1
round_robin,2,149,1,11.239,12.632,1.0,1.0,40,40,0,0,144,144,144,0.01251,0.00856,0.012646,1,0,1,2533.1
round_robin,2,150,1,11.137,12.537,1.0,1.0,40,40,0,0,145,144,144,0.012498,0.008373,0.012541,1,1,1,2533.1
round_robin,2,151,11,11.137,12.537,1.0,1.0,40,40,0,0,148,148,148,0.012498,0.008373,0.012541,1,1,1,2533.1
round_robin,2,152,1,14.284,17.226,1.0,1.0,39,39,2,0,149,148,148,0.012535,0.017743,0.012574,1,1,1,2533.1
round_robin,2,153,11,14.341,17.221,1.0,1.0,39,39,3,0,152,152,152,0.012677,0.017726,0.012621,1,1,1,2533.1
round_robin,2,154,1,14.795,17.425,1.0,1.0,39,39,5,0,153,152,152,0.013035,0.017863,0.013486,1,1,1,2533.1
round_robin,2,155,1,14.218,16.966,1.0,1.0,34,34,6,0,153,153,152,0.012553,0.017445,0.012657,1,1,1,2533.1
round_robin,2,156,10,14.228,16.966,1.0,1.0,34,34,6,0,156,156,156,0.012582,0.017445,0.012657,1,1,1,2533.1
round_robin,2,157,1,14.287,16.933,1.0,1.0,34,34,8,0,157,156,156,0.012582,0.017381,0.012899,1,1,1,2533.1
round_robin,2,158,11,14.284,17.301,1.0,1.0,34,34,10,0,160,160,160,0.012529,0.017831,0.012491,1,1,1,2533.1
round_robin,2,159,1,14.308,17.285,1.0,1.0,34,34,11,0,161,160,160,0.012562,0.01781,0.012551,1,1,1,2533.1
round_robin,2,160,11,14.441,17.394,1.0,1.0,29,29,13,0,164,164,164,0.012563,0.017897,0.012864,1,1,1,2533.1
round_robin,2,161,1,14.368,17.348,1.0,1.0,29,29,14,0,165,164,164,0.012638,0.017871,0.012596,1,1,1,2533.1
round_robin,2,162,11,14.368,17.348,1.0,1.0,29,29,14,0,168,168,168,0.012638,0.017871,0.012596,1,1,1,2533.1
round_robin,2,163,1,14.524,17.263,1.0,1.0,29,29,16,0,169,168,168,0.013384,0.017694,0.012495,1,1,1,2533.1
round_robin,2,164,11,14.685,17.338,1.0,1.0,23,23,17,0,172,172,172,0.013717,0.01774,0.012598,1,1,1,2533.1
round_robin,2,165,1,14.367,17.455,1.0,1.0,23,23,19,0,173,172,172,0.012577,0.017997,0.012527,1,1,1,2533.1
round_robin,2,166,11,14.861,17.578,1.0,1.0,23,23,21,0,176,176,176,0.013092,0.018036,0.013454,1,1,1,2533.1
round_robin,2,167,1,14.699,17.578,1.0,1.0,21,18,21,0,177,176,176,0.012608,0.018036,0.013454,1,1,1,2533.1
round_robin,2,168,11,14.251,17.073,1.0,1.0,22,18,22,0,180,180,180,0.012608,0.017569,0.012577,1,1,1,2533.1
round_robin,2,169,1,14.582,17.965,1.0,1.0,24,18,24,0,181,180,180,0.012544,0.018556,0.012647,1,1,1,2533.1
round_robin,2,170,11,14.335,17.334,1.0,1.0,25,18,25,0,184,184,184,0.012528,0.017858,0.012618,1,1,1,2533.1
round_robin,2,171,1,14.268,17.163,1.0,1.0,27,18,27,0,185,184,184,0.012503,0.017666,0.012634,1,1,1,2533.1
round_robin,2,172,11,14.405,17.246,1.0,1.0,29,13,29,0,188,188,188,0.012586,0.017729,0.012901,1,1,1,2533.1
round_robin,2,173,1,14.405,17.246,1.0,1.0,29,13,29,0,189,188,188,0.012586,0.017729,0.012901,1,1,1,2533.1
round_robin,2,174,11,14.605,17.177,1.0,1.0,30,13,30,0,192,192,192,0.012757,0.017589,0.013469,1,1,1,2533.1
round_robin,2,175,1,14.263,17.056,1.0,1.0,32,13,32,0,193,192,192,0.012593,0.017545,0.01265,1,1,1,2533.1
round_robin,2,176,11,14.669,18.032,1.0,1.0,33,7,33,0,196,196,196,0.012511,0.018603,0.012893,1,1,1,2533.1
round_robin,2,177,1,14.326,17.284,1.0,1.0,35,7,35,0,197,196,196,0.012583,0.017806,0.012589,1,1,1,2533.1
round_robin,2,178,1,14.34,17.348,1.0,1.0,37,7,37,0,197,197,196,0.012555,0.017877,0.012589,1,1,1,2533.1
round_robin,2,179,10,14.423,17.373,1.0,1.0,37,7,37,0,200,200,200,0.012555,0.017877,0.012837,1,1,1,2533.1
weighted_round_robin,1,0,0,15.867,24.838,1.0,1.0,0,0,0,0,0,0,0,0.012455,0.008933,0.026214,1,1,1,2534.1
weighted_round_robin,1,1,1,15.534,24.373,0.3333,0.3333,40,0,40,3,1,0,0,0.012455,0.008451,0.025697,1,1,1,2534.1
weighted_round_robin,1,2,1,15.51,24.252,0.6667,0.6667,40,0,40,4,1,1,0,0.012561,0.008418,0.025551,1,1,1,2534.1
weighted_round_robin,1,3,11,16.104,25.038,0.9883,0.9883,40,0,40,6,5,4,4,0.013588,0.008414,0.02631,1,1,1,2534.1
weighted_round_robin,1,4,1,15.713,24.765,0.9899,0.9899,40,0,40,7,5,5,4,0.012548,0.008468,0.026123,1,1,1,2534.1
weighted_round_robin,1,5,11,15.656,24.757,0.9968,0.9968,40,0,40,7,9,8,8,0.012466,0.008379,0.026123,1,1,1,2534.1
weighted_round_robin,1,6,1,15.696,24.864,0.9971,0.9971,40,0,40,9,9,9,8,0.012466,0.008379,0.026242,1,1,1,2534.1
weighted_round_robin,1,7,11,15.697,24.769,0.9985,0.9985,40,0,40,10,13,12,12,0.012555,0.008411,0.026126,1,1,1,2534.1
weighted_round_robin,1,8,1,15.723,24.837,0.9986,0.9986,40,0,40,12,13,13,12,0.012526,0.008437,0.026205,1,1,1,2534.1
weighted_round_robin,1,9,11,16.21,26.122,0.9992,0.9992,40,0,40,14,17,16,16,0.012549,0.008452,0.02763,1,1,1,2534.1
weighted_round_robin,1,10,1,15.633,24.498,0.9992,0.9992,40,0,40,15,17,17,16,0.012603,0.008475,0.02582,1,1,1,2534.1
weighted_round_robin,1,11,11,15.671,24.51,0.9995,0.9995,40,0,40,15,21,20,20,0.012719,0.008475,0.02582,1,1,1,2534.1
weighted_round_robin,1,12,1,15.569,24.277,0.9995,0.9995,40,0,40,17,21,21,20,0.012719,0.008426,0.025561,1,1,1,2534.1
weighted_round_robin,1,13,11,15.591,24.468,0.9996,0.9996,40,0,40,18,25,24,24,0.012587,0.008397,0.025788,1,1,1,2534.1
weighted_round_robin,1,14,1,15.806,25.03,0.9996,0.9996,40,0,40,20,25,25,24,0.01257,0.008435,0.026414,1,1,1,2534.1
weighted_round_robin,1,15,11,15.651,24.863,0.9997,0.9997,40,0,40,22,29,28,28,0.012502,0.008216,0.026236,1,1,1,2534.1
weighted_round_robin,1,16,1,15.771,24.873,0.9997,0.9997,40,0,40,22,29,29,28,0.012606,0.008471,0.026236,1,1,1,2534.1
weighted_round_robin,1,17,11,15.816,24.994,0.9998,0.9998,40,0,40,23,33,32,32,0.012606,0.008471,0.026371,1,1,1,2534.1
weighted_round_robin,1,18,1,15.684,24.645,0.9998,0.9998,40,0,40,25,33,33,32,0.01273,0.008353,0.025969,1,1,1,2534.1
weighted_round_robin,1,19,11,16.167,25.96,0.9998,0.9998,40,0,40,26,37,36,36,0.012654,0.008409,0.027439,1,1,1,2534.1
weighted_round_robin,1,20,1,16.109,25.085,0.9998,0.9998,40,0,40,28,37,37,36,0.013467,0.008484,0.026376,1,1,1,2534.1
weighted_round_robin,1,21,11,15.791,25.034,0.9999,0.9999,40,0,40,30,41,40,40,0.012546,0.008406,0.026421,1,1,1,2534.1
weighted_round_robin,1,22,1,15.835,25.047,0.9999,0.9999,40,0,40,30,41,41,40,0.012677,0.008406,0.026421,1,1,1,2534.1
weighted_round_robin,1,23,1,15.918,25.249,1.0,1.0,40,0,40,31,41,41,41,0.012677,0.008432,0.026646,1,1,1,2534.1
weighted_round_robin,1,24,10,16.051,24.818,0.9999,0.9999,40,0,40,33,45,44,44,0.012813,0.009188,0.026152,1,1,1,2534.1
weighted_round_robin,1,25,1,15.709,24.753,0.9999,0.9999,40,0,40,34,45,45,44,0.012535,0.008482,0.026111,1,1,1,2534.1
weighted_round_robin,1,26,11,15.725,24.78,0.9999,0.9999,40,0,40,36,49,48,48,0.012575,0.008464,0.026136,1,1,1,2534.1
weighted_round_robin,1,27,1,15.77,24.771,0.9999,0.9999,38,0,38,36,49,49,48,0.012487,0.008687,0.026136,1,1,1,2534.1
weighted_round_robin,1,28,11,15.789,24.823,0.9999,0.9999,38,0,38,37,53,52,52,0.012487,0.008687,0.026194,1,1,1,2534.1
weighted_round_robin,1,29,1,16.087,25.712,0.9999,0.9999,39,0,38,39,53,53,52,0.012567,0.00852,0.027173,1,1,1,2534.1
weighted_round_robin,1,30,11,15.718,24.78,0.9999,1.0,41,0,38,41,57,56,56,0.01259,0.008431,0.026134,0,1,1,2534.1
weighted_round_robin,1,31,1,11.22,12.631,0.9999,0.9999,41,0,38,41,57,57,56,0.012641,0.008481,0.012537,0,1,1,2534.1
weighted_round_robin,1,32,1,11.227,12.591,1.0,1.0,41,0,33,41,57,57,57,0.012567,0.008519,0.012594,0,1,1,2534.1
weighted_round_robin,1,33,1,11.226,12.591,0.9999,1.0,41,0,33,41,58,57,57,0.012564,0.008519,0.012594,0,1,1,2534.1
weighted_round_robin,1,34,1,11.177,12.57,0.9999,0.9999,41,0,33,41,58,58,57,0.012564,0.008397,0.012571,0,1,1,2534.1
weighted_round_robin,1,35,1,11.188,12.615,1.0,1.0,41,0,33,41,58,58,58,0.012623,0.008397,0.012545,0,1,1,2534.1
weighted_round_robin,1,36,1,11.2,12.582,0.9999,1.0,41,0,27,41,59,58,58,0.01255,0.008465,0.012585,0,1,1,2534.1
weighted_round_robin,1,37,1,11.228,12.669,0.9999,0.9999,41,0,27,41,59,59,58,0.01257,0.008435,0.01268,0,1,1,2534.1
weighted_round_robin,1,38,1,11.785,13.389,1.0,1.0,41,0,27,41,59,59,59,0.013293,0.008662,0.0134,0,1,1,2534.1
weighted_round_robin,1,39,1,11.785,13.389,0.9999,1.0,41,0,27,41,60,59,59,0.013293,0.008662,0.0134,0,1,1,2534.1
weighted_round_robin,1,40,1,11.211,12.665,0.9999,0.9999,41,0,22,41,60,60,59,0.012534,0.008419,0.01268,0,1,1,2534.1
weighted_round_robin,1,41,1,11.292,12.58,1.0,1.0,41,0,22,41,60,60,60,0.012584,0.008744,0.012549,0,1,1,2534.1
weighted_round_robin,1,42,1,11.164,12.559,0.9999,1.0,41,0,22,41,61,60,60,0.012544,0.008388,0.012561,0,1,1,2534.1
weighted_round_robin,1,43,1,11.285,12.79,0.9999,0.9999,41,0,22,41,61,61,60,0.012813,0.008462,0.012579,0,1,1,2534.1
weighted_round_robin,1,44,1,11.472,13.38,1.0,1.0,41,0,16,41,61,61,61,0.012584,0.008364,0.013468,0,1,1,2534.1
weighted_round_robin,1,45,1,11.472,13.38,0.9999,1.0,41,0,16,41,62,61,61,0.012584,0.008364,0.013468,0,1,1,2534.1
weighted_round_robin,1,46,1,11.165,12.533,0.9999,0.9999,41,0,16,41,62,62,61,0.012535,0.008442,0.012517,0,1,1,2534.1
weighted_round_robin,1,47,1,11.427,12.559,1.0,1.0,41,0,16,41,62,62,62,0.012565,0.009207,0.012509,0,1,1,2534.1
weighted_round_robin,1,48,1,11.208,12.641,0.9999,1.0,41,0,11,41,63,62,62,0.012646,0.00838,0.012598,0,1,1,2534.1
weighted_round_robin,1,49,1,11.504,12.599,0.9999,0.9999,41,0,11,41,63,63,62,0.01261,0.009404,0.012497,0,1,1,2534.1
weighted_round_robin,1,50,1,11.204,12.678,1.0,1.0,41,0,11,41,63,63,63,0.012698,0.008418,0.012497,0,1,1,2534.1
weighted_round_robin,1,51,1,11.23,12.685,0.9999,1.0,41,0,11,41,64,63,63,0.012698,0.008418,0.012573,0,1,1,2534.1
weighted_round_robin,1,52,1,11.188,12.619,0.9999,0.9999,41,0,6,41,64,64,63,0.012471,0.008456,0.012636,0,1,1,2534.1
weighted_round_robin,1,53,1,11.277,12.76,1.0,1.0,41,0,6,41,64,64,64,0.012537,0.008509,0.012785,0,1,1,2534.1
weighted_round_robin,1,54,1,11.503,13.336,0.9999,1.0,41,0,6,41,65,64,64,0.012603,0.008488,0.013417,0,1,1,2534.1
weighted_round_robin,1,55,1,11.299,12.775,0.9999,0.9999,41,0,6,41,65,65,64,0.0128,0.008542,0.012554,0,1,1,2534.1
weighted_round_robin,1,56,1,11.235,12.604,1.0,1.0,41,0,6,41,65,65,65,0.012609,0.008542,0.012554,0,1,1,2534.1
weighted_round_robin,1,57,1,11.196,12.609,0.9999,1.0,41,0,1,41,66,65,65,0.012609,0.008371,0.012609,0,1,1,2534.1
weighted_round_robin,1,58,1,11.162,12.572,0.9999,0.9999,41,0,1,41,66,66,65,0.012533,0.008376,0.012576,0,1,1,2534.1
weighted_round_robin,1,59,0,11.466,12.695,0.9999,0.9999,41,0,1,41,66,66,65,0.012588,0.009103,0.012707,0,1,1,2534.1
weighted_round_robin,1,60,1,11.234,12.647,1.0,1.0,39,0,0,39,66,66,66,0.012623,0.008428,0.01265,0,1,1,2534.1
weighted_round_robin,1,61,1,11.183,12.607,0.9999,1.0,39,0,0,39,67,66,66,0.012468,0.008459,0.012622,0,1,1,2534.1
weighted_round_robin,1,62,1,11.21,12.615,1.0,0.9999,39,0,0,39,67,67,66,0.012548,0.008459,0.012622,0,1,1,2534.1
weighted_round_robin,1,63,1,11.193,12.585,1.0,1.0,39,0,0,39,67,67,67,0.012548,0.008442,0.012589,0,1,1,2534.1
weighted_round_robin,1,64,1,11.167,12.559,1.0,1.0,39,0,0,39,68,67,67,0.012562,0.008408,0.012532,0,1,1,2534.1
weighted_round_robin,1,65,1,11.192,12.565,1.0,0.9999,35,0,0,35,68,68,67,0.01257,0.008488,0.012519,0,1,1,2534.1
weighted_round_robin,1,66,1,11.194,12.587,1.0,1.0,35,0,0,35,68,68,68,0.012591,0.008442,0.01255,0,1,1,2534.1
weighted_round_robin,1,67,1,11.52,13.397,1.0,1.0,35,0,0,35,69,68,68,0.01349,0.00851,0.01256,0,1,1,2534.1
weighted_round_robin,1,68,1,11.52,13.397,1.0,0.9999,35,0,0,35,69,69,68,0.01349,0.00851,0.01256,0,1,1,2534.1
weighted_round_robin,1,69,1,11.854,13.506,1.0,1.0,29,0,0,29,69,69,69,0.013384,0.008659,0.01352,0,1,1,2534.1
weighted_round_robin,1,70,1,11.2,12.568,1.0,1.0,29,0,0,29,70,69,69,0.012542,0.008486,0.012571,0,1,1,2534.1
weighted_round_robin,1,71,1,11.189,12.631,1.0,0.9999,29,0,0,29,70,70,69,0.012648,0.008439,0.012481,0,1,1,2534.1
weighted_round_robin,1,72,1,11.173,12.568,1.0,1.0,24,0,0,24,70,70,70,0.012577,0.00845,0.012491,0,1,1,2534.1
weighted_round_robin,1,73,1,11.203,12.59,1.0,1.0,24,0,0,24,71,70,70,0.012601,0.008517,0.012491,0,1,1,2534.1
weighted_round_robin,1,74,1,11.335,12.858,1.0,0.9999,24,0,0,24,71,71,70,0.012601,0.008517,0.012887,0,1,1,2534.1
weighted_round_robin,1,75,1,11.182,12.549,1.0,1.0,24,0,0,24,71,71,71,0.012542,0.008454,0.01255,0,1,1,2534.1
weighted_round_robin,1,76,1,11.197,12.635,1.0,1.0,24,0,0,24,72,71,71,0.012518,0.008424,0.012648,0,1,1,2534.1
weighted_round_robin,1,77,1,11.203,12.573,1.0,1.0,19,0,0,19,72,72,71,0.012574,0.008475,0.012561,0,1,1,2534.1
weighted_round_robin,1,78,1,11.802,13.348,1.0,1.0,19,0,0,19,72,72,72,0.013351,0.008734,0.01332,0,1,1,2534.1
weighted_round_robin,1,79,1,11.614,13.296,1.0,1.0,19,0,0,19,73,72,72,0.013079,0.008444,0.01332,0,1,1,2534.1
weighted_round_robin,1,80,1,11.371,13.03,1.0,1.0,19,0,0,19,73,73,72,0.013079,0.008444,0.012589,0,1,1,2534.1
weighted_round_robin,1,81,1,11.315,12.911,1.0,1.0,13,0,0,13,73,73,73,0.0126,0.008401,0.012945,0,1,1,2534.1
weighted_round_robin,1,82,1,11.189,12.615,1.0,1.0,13,0,0,13,74,73,73,0.012511,0.00843,0.012626,0,1,1,2534.1
weighted_round_robin,1,83,1,11.148,12.527,1.0,1.0,13,0,0,13,74,74,73,0.012485,0.008428,0.012532,0,1,1,2534.1
weighted_round_robin,1,84,1,11.175,12.546,1.0,1.0,8,0,0,8,74,74,74,0.012548,0.008445,0.012533,0,1,1,2534.1
weighted_round_robin,1,85,1,11.179,12.555,1.0,1.0,8,0,0,8,75,74,74,0.012558,0.008445,0.012533,0,1,1,2534.1
weighted_round_robin,1,86,1,11.403,13.21,1.0,1.0,8,0,0,8,75,75,74,0.012558,0.008368,0.013283,0,1,1,2534.1
weighted_round_robin,1,87,1,11.202,12.575,1.0,1.0,8,0,0,8,75,75,75,0.012564,0.008467,0.012576,0,1,1,2534.1
weighted_round_robin,1,88,1,11.174,12.593,1.0,1.0,8,0,0,8,76,75,75,0.012595,0.00835,0.012578,0,1,1,2534.1
weighted_round_robin,1,89,1,11.52,13.231,1.0,1.0,3,0,0,3,76,76,75,0.01329,0.008567,0.012704,0,1,1,2534.1
weighted_round_robin,1,90,1,11.279,12.679,1.0,1.0,3,0,0,3,76,76,76,0.012655,0.008499,0.012682,1,1,1,2534.1
weighted_round_robin,1,91,11,11.279,12.679,1.0,1.0,3,0,0,3,80,80,79,0.012655,0.008499,0.012682,1,1,1,2534.1
weighted_round_robin,1,92,1,15.645,24.615,1.0,1.0,3,2,0,3,80,80,80,0.025959,0.00846,0.012515,1,1,1,2534.1
weighted_round_robin,1,93,11,15.642,24.619,1.0,1.0,3,3,0,0,84,84,83,0.025954,0.008368,0.012605,1,1,1,2534.1
weighted_round_robin,1,94,1,15.806,24.948,1.0,1.0,5,5,0,0,84,84,84,0.026312,0.008435,0.012671,1,1,1,2534.1
weighted_round_robin,1,95,11,15.716,24.777,1.0,1.0,6,6,0,0,88,88,87,0.026133,0.008438,0.012578,1,1,1,2534.1
weighted_round_robin,1,96,0,15.78,24.985,1.0,1.0,8,8,0,0,88,88,87,0.026364,0.008399,0.012578,1,1,1,2534.1
weighted_round_robin,1,97,1,15.743,24.974,1.0,1.0,8,8,0,0,88,88,88,0.026364,0.008399,0.012466,1,1,1,2534.1
weighted_round_robin,1,98,11,15.519,24.269,1.0,1.0,10,10,0,0,92,92,91,0.025568,0.008411,0.012578,1,1,1,2534.1
weighted_round_robin,1,99,1,16.048,24.809,1.0,1.0,11,11,0,0,92,92,92,0.026077,0.008666,0.013402,1,1,1,2534.1
weighted_round_robin,1,100,11,15.734,24.765,1.0,1.0,13,13,0,0,96,96,95,0.026112,0.008447,0.012642,1,1,1,2534.1
weighted_round_robin,1,101,1,15.67,24.682,1.0,1.0,14,14,0,0,96,96,96,0.026033,0.008453,0.012525,1,1,1,2534.1
weighted_round_robin,1,102,11,15.67,24.682,1.0,1.0,14,14,0,0,100,100,99,0.026033,0.008453,0.012525,1,1,1,2534.1
weighted_round_robin,1,103,1,15.714,24.826,1.0,1.0,16,16,0,0,100,100,100,0.026193,0.00843,0.012519,1,1,1,2534.1
weighted_round_robin,1,104,11,15.804,25.156,1.0,1.0,17,17,0,0,104,104,103,0.02659,0.008574,0.012248,1,1,1,2534.1
weighted_round_robin,1,105,1,15.581,24.334,1.0,1.0,19,19,0,0,104,104,104,0.025635,0.00848,0.012628,1,1,1,2534.1
weighted_round_robin,1,106,11,15.735,24.65,1.0,1.0,21,21,0,0,108,108,107,0.025969,0.008457,0.01278,1,1,1,2534.1
weighted_round_robin,1,107,1,15.805,24.84,1.0,1.0,22,22,0,0,108,108,108,0.02618,0.008454,0.01278,1,1,1,2534.1
weighted_round_robin,1,108,11,15.754,24.825,1.0,1.0,22,22,0,0,112,112,111,0.02618,0.008454,0.012629,1,1,1,2534.1
weighted_round_robin,1,109,1,16.023,24.986,1.0,1.0,24,24,0,0,112,112,112,0.026275,0.008412,0.013381,1,1,1,2534.1
weighted_round_robin,1,110,11,15.705,24.803,1.0,1.0,25,25,0,0,116,116,115,0.026167,0.008416,0.012532,1,1,1,2534.1
weighted_round_robin,1,111,1,15.639,24.614,1.0,1.0,27,27,0,0,116,116,116,0.025951,0.008383,0.012582,1,1,1,2534.1
weighted_round_robin,1,112,11,15.999,24.811,1.0,1.0,29,29,0,0,120,120,119,0.026174,0.00928,0.012542,1,1,1,2534.1
weighted_round_robin,1,113,1,15.999,24.811,1.0,1.0,29,29,0,0,120,120,120,0.026174,0.00928,0.012542,1,1,1,2534.1
weighted_round_robin,1,114,11,15.791,24.989,1.0,1.0,30,30,0,0,124,124,123,0.02637,0.008443,0.012561,1,1,1,2534.1
weighted_round_robin,1,115,1,15.729,24.879,1.0,1.0,32,32,0,0,124,124,124,0.026251,0.008405,0.01253,1,1,1,2534.1
weighted_round_robin,1,116,11,15.666,24.442,1.0,1.0,33,33,0,0,128,128,127,0.025731,0.008426,0.012842,1,1,1,2534.1
weighted_round_robin,1,117,1,15.602,24.545,1.0,1.0,35,35,0,0,128,128,128,0.025879,0.008384,0.012542,1,1,1,2534.1
weighted_round_robin,1,118,11,15.524,24.336,1.0,1.0,36,36,0,0,132,132,131,0.025646,0.008384,0.012542,1,1,1,2534.1
weighted_round_robin,1,119,0,15.762,24.376,1.0,1.0,36,36,0,0,132,132,131,0.025646,0.008694,0.012945,1,1,1,2534.1
weighted_round_robin,1,120,2,15.565,24.188,1.0,1.0,38,38,0,0,133,132,132,0.025467,0.008555,0.012674,1,0,1,2534.1
weighted_round_robin,1,121,0,11.223,12.593,1.0,1.0,38,38,0,0,133,132,132,0.012599,0.008536,0.012535,1,0,1,2534.1
weighted_round_robin,1,122,1,11.18,12.533,1.0,1.0,38,38,0,0,133,133,132,0.012533,0.008479,0.012529,1,0,1,2534.1
weighted_round_robin,1,123,1,11.217,12.623,1.0,1.0,38,38,0,0,133,133,133,0.012525,0.008491,0.012634,1,0,1,2534.1
weighted_round_robin,1,124,1,11.179,12.612,1.0,1.0,38,38,0,0,134,133,133,0.012412,0.008491,0.012634,1,0,1,2534.1
weighted_round_robin,1,125,1,11.106,12.435,1.0,1.0,38,38,0,0,134,134,133,0.012412,0.008468,0.012438,1,0,1,2534.1
weighted_round_robin,1,126,1,11.192,12.533,1.0,1.0,38,38,0,0,134,134,134,0.012511,0.008529,0.012535,1,0,1,2534.1
weighted_round_robin,1,127,1,11.791,13.494,1.0,1.0,38,38,0,0,135,134,134,0.013462,0.008412,0.013498,1,0,1,2534.1
weighted_round_robin,1,128,1,11.54,13.357,1.0,1.0,38,38,0,0,135,135,134,0.013446,0.008614,0.012561,1,0,1,2534.1
weighted_round_robin,1,129,1,11.235,12.567,1.0,1.0,38,38,0,0,135,135,135,0.012569,0.00859,0.012547,1,0,1,2534.1
weighted_round_robin,1,130,1,11.235,12.567,1.0,1.0,38,38,0,0,136,135,135,0.012569,0.00859,0.012547,1,0,1,2534.1
weighted_round_robin,1,131,1,11.134,12.505,1.0,1.0,38,38,0,0,136,136,135,0.01251,0.008434,0.012458,1,0,1,2534.1
weighted_round_robin,1,132,1,11.358,12.924,1.0,1.0,38,38,0,0,136,136,136,0.012952,0.008449,0.012673,1,0,1,2534.1
weighted_round_robin,1,133,1,11.562,13.305,1.0,1.0,38,38,0,0,137,136,136,0.01338,0.008679,0.012628,1,0,1,2534.1
weighted_round_robin,1,134,1,11.171,12.528,1.0,1.0,38,38,0,0,137,137,136,0.01253,0.008468,0.012514,1,0,1,2534.1
weighted_round_robin,1,135,1,11.172,12.556,1.0,1.0,38,38,0,0,137,137,137,0.012561,0.00844,0.012514,1,0,1,2534.1
weighted_round_robin,1,136,1,11.191,12.571,1.0,1.0,38,38,0,0,138,137,137,0.012561,0.00844,0.012572,1,0,1,2534.1
weighted_round_robin,1,137,1,11.189,12.616,1.0,1.0,38,38,0,0,138,138,137,0.012623,0.008394,0.01255,1,0,1,2534.1
weighted_round_robin,1,138,1,11.191,12.587,1.0,1.0,38,38,0,0,138,138,138,0.012589,0.008419,0.012566,1,0,1,2534.1
weighted_round_robin,1,139,1,11.542,13.437,1.0,1.0,38,38,0,0,139,138,138,0.012658,0.008444,0.013523,1,0,1,2534.1
weighted_round_robin,1,140,1,11.495,13.337,1.0,1.0,38,38,0,0,139,139,138,0.013412,0.008411,0.012661,1,0,1,2534.1
weighted_round_robin,1,141,1,11.226,12.65,1.0,1.0,38,38,0,0,139,139,139,0.012549,0.008469,0.012661,1,0,1,2534.1
weighted_round_robin,1,142,1,11.167,12.542,1.0,1.0,38,38,0,0,140,139,139,0.012549,0.008469,0.012482,1,0,1,2534.1
weighted_round_robin,1,143,1,11.167,12.594,1.0,1.0,38,38,0,0,140,140,139,0.012482,0.008414,0.012606,1,0,1,2534.1
weighted_round_robin,1,144,1,11.189,12.615,1.0,1.0,38,38,0,0,140,140,140,0.01263,0.008459,0.012479,1,0,1,2534.1
weighted_round_robin,1,145,1,11.183,12.603,1.0,1.0,38,38,0,0,141,140,140,0.012606,0.008366,0.012577,1,0,1,2534.1
weighted_round_robin,1,146,1,11.199,12.592,1.0,1.0,38,38,0,0,141,141,140,0.012579,0.008423,0.012594,1,0,1,2534.1
weighted_round_robin,1,147,1,11.228,12.659,1.0,1.0,38,38,0,0,141,141,141,0.012666,0.008423,0.012594,1,0,1,2534.1
weighted_round_robin,1,148,1,11.327,12.83,1.0,1.0,38,38,0,0,142,141,141,0.012666,0.008466,0.012848,1,0,1,2534.1
weighted_round_robin,1,149,1,11.799,13.465,1.0,1.0,38,38,0,0,142,142,141,0.01346,0.008471,0.013466,1,0,1,2534.1
weighted_round_robin,1,150,1,11.199,12.651,1.0,1.0,38,38,0,0,142,142,142,0.012669,0.008437,0.012491,1,1,1,2534.1
weighted_round_robin,1,151,1,15.635,20.904,1.0,1.0,38,38,1,0,143,142,142,0.012561,0.021831,0.012514,1,1,1,2534.1
weighted_round_robin,1,152,11,14.772,17.453,1.0,1.0,38,38,3,0,146,146,146,0.012468,0.017835,0.014012,1,1,1,2534.1
weighted_round_robin,1,153,1,14.772,17.453,1.0,1.0,38,38,3,0,147,146,146,0.012468,0.017835,0.014012,1,1,1,2534.1
weighted_round_robin,1,154,11,14.399,17.478,1.0,1.0,38,38,4,0,150,150,150,0.012566,0.018019,0.012612,1,1,1,2534.1
weighted_round_robin,1,155,1,14.283,17.155,1.0,1.0,34,34,6,0,151,150,150,0.012633,0.017657,0.012558,1,1,1,2534.1
weighted_round_robin,1,156,1,14.28,17.106,1.0,1.0,34,34,7,0,151,151,150,0.012607,0.017604,0.012628,1,1,1,2534.1
weighted_round_robin,1,157,10,14.388,17.413,1.0,1.0,34,34,9,0,154,154,154,0.012509,0.017934,0.012721,1,1,1,2534.1
weighted_round_robin,1,158,1,14.544,17.41,1.0,1.0,28,28,10,0,155,154,154,0.013013,0.017899,0.012721,1,1,1,2534.1
weighted_round_robin,1,159,11,14.541,17.41,1.0,1.0,28,28,10,0,158,158,158,0.013013,0.017899,0.012712,1,1,1,2534.1
weighted_round_robin,1,160,1,14.437,17.143,1.0,1.0,28,28,12,0,159,158,158,0.012746,0.017608,0.012958,1,1,1,2534.1
weighted_round_robin,1,161,11,14.467,17.343,1.0,1.0,28,28,14,0,162,162,162,0.012951,0.017831,0.012618,1,1,1,2534.1
weighted_round_robin,1,162,1,14.244,17.113,1.0,1.0,23,23,15,0,163,162,162,0.012598,0.017615,0.01252,1,1,1,2534.1
weighted_round_robin,1,163,11,14.361,17.395,1.0,1.0,23,23,17,0,166,166,166,0.012612,0.017927,0.012543,1,1,1,2534.1
weighted_round_robin,1,164,1,14.361,17.395,1.0,1.0,23,23,17,0,167,166,166,0.012612,0.017927,0.012543,1,1,1,2534.1
weighted_round_robin,1,165,11,14.402,17.307,1.0,1.0,23,23,18,0,170,170,170,0.012829,0.017805,0.012573,1,1,1,2534.1
weighted_round_robin,1,166,1,14.778,17.577,1.0,1.0,23,23,20,0,171,170,170,0.012858,0.018037,0.013438,1,1,1,2534.1
weighted_round_robin,1,167,11,14.113,16.738,1.0,1.0,22,17,22,0,174,174,174,0.01248,0.01719,0.01267,1,1,1,2534.1
weighted_round_robin,1,168,1,14.592,17.26,1.0,1.0,23,17,23,0,175,174,174,0.013518,0.017676,0.012581,1,1,1,2534.1
weighted_round_robin,1,169,11,14.37,17.401,1.0,1.0,25,17,25,0,178,178,178,0.012595,0.017935,0.012581,1,1,1,2534.1
weighted_round_robin,1,170,1,14.375,17.401,1.0,1.0,25,17,25,0,179,178,178,0.012595,0.017935,0.012596,1,1,1,2534.1
weighted_round_robin,1,171,11,14.344,17.343,1.0,1.0,26,12,26,0,182,182,182,0.012573,0.017871,0.012588,1,1,1,2534.1
weighted_round_robin,1,172,1,14.395,17.552,1.0,1.0,28,12,28,0,183,182,182,0.012552,0.018108,0.012526,1,1,1,2534.1
weighted_round_robin,1,173,11,14.469,16.988,1.0,1.0,29,12,29,0,186,186,186,0.013344,0.017393,0.012671,1,1,1,2534.1
weighted_round_robin,1,174,1,14.368,17.36,1.0,1.0,31,12,31,0,187,186,186,0.012555,0.017882,0.012666,1,1,1,2534.1
weighted_round_robin,1,175,11,14.389,17.36,1.0,1.0,31,7,31,0,190,190,190,0.012618,0.017882,0.012666,1,1,1,2534.1
weighted_round_robin,1,176,1,14.287,17.221,1.0,1.0,33,7,33,0,191,190,190,0.012618,0.017733,0.012509,1,1,1,2534.1
weighted_round_robin,1,177,11,14.342,17.351,1.0,1.0,34,7,34,0,194,194,194,0.012575,0.017882,0.01257,1,1,1,2534.1
weighted_round_robin,1,178,1,14.388,17.462,1.0,1.0,36,7,36,0,195,194,194,0.012539,0.018,0.012624,1,1,1,2534.1
weighted_round_robin,1,179,1,14.715,17.341,1.0,1.0,37,1,37,0,195,195,194,0.013771,0.017738,0.012635,1,1,1,2534.1
weighted_round_robin,2,0,0,15.788,24.966,1.0,1.0,0,0,0,0,0,0,0,0.012604,0.00842,0.02634,1,1,1,2439.0
weighted_round_robin,2,1,1,15.504,24.274,0.3333,0.3333,41,0,41,3,1,0,0,0.012556,0.008379,0.025576,1,1,1,2439.0
weighted_round_robin,2,2,1,15.48,24.267,0.6667,0.6667,41,0,41,3,1,1,0,0.012485,0.008379,0.025576,1,1,1,2439.0
weighted_round_robin,2,3,11,15.76,24.457,0.9883,0.9883,41,0,41,5,5,4,4,0.012485,0.009008,0.025787,1,1,1,2439.0
weighted_round_robin,2,4,1,15.997,24.698,0.9899,0.9899,41,0,41,6,5,5,4,0.012757,0.009208,0.026025,1,1,1,2439.0
weighted_round_robin,2,5,11,15.846,25.188,0.9968,0.9968,41,0,41,8,9,8,8,0.012539,0.008407,0.026593,1,1,1,2439.0
weighted_round_robin,2,6,1,15.783,25.005,0.9971,0.9971,41,0,41,9,9,9,8,0.012528,0.008429,0.026391,1,1,1,2439.0
weighted_round_robin,2,7,11,15.672,24.712,0.9985,0.9985,41,0,41,11,13,12,12,0.012657,0.008307,0.026051,1,1,1,2439.0
weighted_round_robin,2,8,1,15.672,24.712,0.9986,0.9986,41,0,41,11,13,13,12,0.012657,0.008307,0.026051,1,1,1,2439.0
weighted_round_robin,2,9,11,15.774,24.857,0.9992,0.9992,41,0,41,12,17,16,16,0.012603,0.0085,0.026219,1,1,1,2439.0
weighted_round_robin,2,10,1,15.711,24.846,0.9992,0.9992,41,0,41,14,17,17,16,0.012574,0.008349,0.026209,1,1,1,2439.0
weighted_round_robin,2,11,11,16.004,24.907,0.9995,0.9995,41,0,41,16,21,20,20,0.013354,0.008466,0.026191,1,1,1,2439.0
weighted_round_robin,2,12,1,15.726,24.751,0.9995,0.9995,41,0,41,17,21,21,20,0.012686,0.008399,0.026092,1,1,1,2439.0
weighted_round_robin,2,13,11,15.667,24.734,0.9996,0.9996,41,0,41,17,25,24,24,0.01251,0.008399,0.026092,1,1,1,2439.0
weighted_round_robin,2,14,1,15.903,24.725,0.9996,0.9996,41,0,41,19,25,25,24,0.01251,0.009117,0.026082,1,1,1,2439.0
weighted_round_robin,2,15,11,15.697,24.72,0.9997,0.9997,41,0,41,20,29,28,28,0.012584,0.008438,0.026068,1,1,1,2439.0
weighted_round_robin,2,16,1,15.789,24.91,0.9997,0.9997,41,0,41,22,29,29,28,0.01263,0.008464,0.026274,1,1,1,2439.0
weighted_round_robin,2,17,11,15.602,24.504,0.9998,0.9998,41,0,41,24,33,32,32,0.01256,0.008416,0.025831,1,1,1,2439.0
weighted_round_robin,2,18,1,15.759,24.622,0.9998,0.9998,41,0,41,25,33,33,32,0.012576,0.008741,0.025961,1,1,1,2439.0
weighted_round_robin,2,19,11,15.759,24.622,0.9998,0.9998,41,0,41,25,37,36,36,0.012576,0.008741,0.025961,1,1,1,2439.0
weighted_round_robin,2,20,1,15.88,25.092,0.9998,0.9998,41,0,41,27,37,37,36,0.012549,0.008606,0.026486,1,1,1,2439.0
weighted_round_robin,2,21,11,15.676,24.76,0.9999,0.9999,41,0,41,28,41,40,40,0.012492,0.008412,0.026123,1,1,1,2439.0
weighted_round_robin,2,22,1,15.757,24.897,0.9999,0.9999,41,0,41,30,41,41,40,0.012576,0.008429,0.026266,1,1,1,2439.0
weighted_round_robin,2,23,1,15.697,24.783,1.0,1.0,41,0,41,31,41,41,41,0.012555,0.008394,0.026142,1,1,1,2439.0
weighted_round_robin,2,24,10,15.746,24.798,0.9999,0.9999,41,0,41,31,45,44,44,0.012701,0.008394,0.026142,1,1,1,2439.0
weighted_round_robin,2,25,1,15.762,24.794,0.9999,0.9999,41,0,41,33,45,45,44,0.012701,0.008446,0.026138,1,1,1,2439.0
weighted_round_robin,2,26,11,15.82,24.806,0.9999,0.9999,41,0,41,35,49,48,48,0.01255,0.008742,0.026168,1,1,1,2439.0
weighted_round_robin,2,27,1,15.722,24.861,0.9999,0.9999,40,0,40,36,49,49,48,0.012499,0.008434,0.026234,1,1,1,2439.0
weighted_round_robin,2,28,11,15.687,24.713,0.9999,0.9999,40,0,40,38,53,52,52,0.012619,0.008385,0.026057,1,1,1,2439.0
weighted_round_robin,2,29,1,15.68,24.671,0.9999,0.9999,40,0,40,39,53,53,52,0.012574,0.008451,0.026015,1,1,1,2439.0
weighted_round_robin,2,30,11,15.68,24.671,0.9999,1.0,40,0,40,39,57,56,56,0.012574,0.008451,0.026015,0,1,1,2439.0
weighted_round_robin,2,31,1,11.179,12.588,0.9999,0.9999,40,0,35,40,57,57,56,0.012484,0.008453,0.012599,0,1,1,2439.0
weighted_round_robin,2,32,1,11.461,13.108,1.0,1.0,40,0,35,40,57,57,57,0.012456,0.008746,0.01318,0,1,1,2439.0
weighted_round_robin,2,33,1,11.227,12.532,0.9999,1.0,40,0,35,40,58,57,57,0.012532,0.00862,0.012528,0,1,1,2439.0
weighted_round_robin,2,34,1,11.184,12.588,0.9999,0.9999,40,0,30,40,58,58,57,0.012547,0.008412,0.012592,0,1,1,2439.0
weighted_round_robin,2,35,1,11.166,12.582,1.0,1.0,40,0,30,40,58,58,58,0.012495,0.008412,0.012592,0,1,1,2439.0
weighted_round_robin,2,36,1,11.221,12.7,0.9999,1.0,40,0,30,40,59,58,58,0.012495,0.008444,0.012723,0,1,1,2439.0
weighted_round_robin,2,37,1,11.207,12.68,0.9999,0.9999,40,0,30,40,59,59,58,0.012499,0.008422,0.0127,0,1,1,2439.0
weighted_round_robin,2,38,1,11.324,12.794,1.0,1.0,40,0,30,40,59,59,59,0.012601,0.008556,0.012816,0,1,1,2439.0
weighted_round_robin,2,39,1,11.145,12.562,0.9999,1.0,40,0,24,40,60,59,59,0.012572,0.008387,0.012477,0,1,1,2439.0
weighted_round_robin,2,40,1,11.4,12.848,0.9999,0.9999,40,0,24,40,60,60,59,0.012702,0.008633,0.012864,0,1,1,2439.0
weighted_round_robin,2,41,1,11.4,12.848,1.0,1.0,40,0,24,40,60,60,60,0.012702,0.008633,0.012864,0,1,1,2439.0
weighted_round_robin,2,42,1,11.235,12.681,0.9999,1.0,40,0,24,40,61,60,60,0.012689,0.008412,0.012605,0,1,1,2439.0
weighted_round_robin,2,43,1,11.462,13.162,0.9999,0.9999,40,0,19,40,61,61,60,0.013235,0.008645,0.012505,0,1,1,2439.0
weighted_round_robin,2,44,1,11.233,12.636,1.0,1.0,40,0,19,40,61,61,61,0.012578,0.008479,0.012642,0,1,1,2439.0
weighted_round_robin,2,45,1,11.197,12.586,0.9999,1.0,40,0,19,40,62,61,61,0.012592,0.008467,0.012533,0,1,1,2439.0
weighted_round_robin,2,46,1,11.445,12.969,0.9999,0.9999,40,0,14,40,62,62,61,0.013007,0.008703,0.012624,0,1,1,2439.0
weighted_round_robin,2,47,1,11.445,12.969,1.0,1.0,40,0,14,40,62,62,62,0.013007,0.008703,0.012624,0,1,1,2439.0
weighted_round_robin,2,48,1,11.194,12.593,0.9999,1.0,40,0,14,40,63,62,62,0.012596,0.008416,0.012571,0,1,1,2439.0
weighted_round_robin,2,49,1,11.168,12.562,0.9999,0.9999,40,0,14,40,63,63,62,0.012557,0.008384,0.012562,0,1,1,2439.0
weighted_round_robin,2,50,1,11.478,13.387,1.0,1.0,40,0,14,40,63,63,63,0.013477,0.008383,0.012574,0,1,1,2439.0
weighted_round_robin,2,51,1,11.201,12.569,0.9999,1.0,40,0,8,40,64,63,63,0.012569,0.008465,0.012569,0,1,1,2439.0
weighted_round_robin,2,52,1,11.207,12.596,0.9999,0.9999,40,0,8,40,64,64,63,0.012599,0.008452,0.012569,0,1,1,2439.0
weighted_round_robin,2,53,1,11.242,12.668,1.0,1.0,40,0,8,40,64,64,64,0.012599,0.008452,0.012676,0,1,1,2439.0
weighted_round_robin,2,54,1,11.206,12.637,0.9999,1.0,40,0,8,40,65,64,64,0.01264,0.008368,0.012609,0,1,1,2439.0
weighted_round_robin,2,55,1,11.181,12.58,0.9999,0.9999,40,0,3,40,65,65,64,0.01259,0.008463,0.01249,0,1,1,2439.0
weighted_round_robin,2,56,1,11.183,12.569,1.0,1.0,40,0,3,40,65,65,65,0.012563,0.008415,0.01257,0,1,1,2439.0
weighted_round_robin,2,57,1,11.302,12.817,0.9999,1.0,40,0,3,40,66,65,65,0.012629,0.008438,0.012838,0,1,1,2439.0
weighted_round_robin,2,58,1,11.283,12.809,0.9999,0.9999,40,0,3,40,66,66,65,0.012553,0.008457,0.012838,0,1,1,2439.0
weighted_round_robin,2,59,0,11.178,12.55,0.9999,0.9999,40,0,3,40,66,66,65,0.012553,0.008457,0.012523,0,1,1,2439.0
weighted_round_robin,2,60,1,11.182,12.599,1.0,1.0,40,0,0,40,66,66,66,0.012608,0.008421,0.012517,0,1,1,2439.0
weighted_round_robin,2,61,1,11.17,12.551,0.9999,1.0,40,0,0,40,67,66,66,0.012554,0.008429,0.012528,0,1,1,2439.0
weighted_round_robin,2,62,1,11.187,12.592,1.0,0.9999,40,0,0,40,67,67,66,0.012603,0.008463,0.012494,0,1,1,2439.0
weighted_round_robin,2,63,1,11.172,12.609,1.0,1.0,35,0,0,35,67,67,67,0.012453,0.008436,0.012626,0,1,1,2439.0
weighted_round_robin,2,64,1,11.207,12.619,1.0,1.0,35,0,0,35,68,67,67,0.012559,0.008436,0.012626,0,1,1,2439.0
weighted_round_robin,2,65,1,11.205,12.582,1.0,0.9999,35,0,0,35,68,68,67,0.012559,0.008472,0.012585,0,1,1,2439.0
weighted_round_robin,2,66,1,11.142,12.562,1.0,1.0,35,0,0,35,68,68,68,0.012509,0.00835,0.012568,0,1,1,2439.0
weighted_round_robin,2,67,1,11.178,12.618,1.0,1.0,30,0,0,30,69,68,68,0.012547,0.008361,0.012626,0,1,1,2439.0
weighted_round_robin,2,68,1,11.186,12.594,1.0,0.9999,30,0,0,30,69,69,68,0.012596,0.008383,0.012578,0,1,1,2439.0
weighted_round_robin,2,69,1,11.198,12.592,1.0,1.0,30,0,0,30,69,69,69,0.012547,0.008451,0.012597,0,1,1,2439.0
weighted_round_robin,2,70,1,11.21,12.596,1.0,1.0,30,0,0,30,70,69,69,0.012582,0.008451,0.012597,0,1,1,2439.0
weighted_round_robin,2,71,1,11.21,12.619,1.0,0.9999,30,0,0,30,70,70,69,0.012582,0.008424,0.012623,0,1,1,2439.0
weighted_round_robin,2,72,1,11.192,12.687,1.0,1.0,25,0,0,25,70,70,70,0.012708,0.008368,0.012499,0,1,1,2439.0
weighted_round_robin,2,73,1,11.274,12.717,1.0,1.0,25,0,0,25,71,70,70,0.012728,0.008474,0.012619,0,1,1,2439.0
weighted_round_robin,2,74,1,11.219,12.592,1.0,0.9999,25,0,0,25,71,71,70,0.012595,0.0085,0.012561,0,1,1,2439.0
weighted_round_robin,2,75,1,11.234,12.656,1.0,1.0,20,0,0,20,71,71,71,0.012616,0.008427,0.01266,0,1,1,2439.0
weighted_round_robin,2,76,1,11.234,12.656,1.0,1.0,20,0,0,20,72,71,71,0.012616,0.008427,0.01266,0,1,1,2439.0
weighted_round_robin,2,77,1,11.193,12.554,1.0,1.0,20,0,0,20,72,72,71,0.012556,0.008481,0.012541,0,1,1,2439.0
weighted_round_robin,2,78,1,11.173,12.563,1.0,1.0,20,0,0,20,72,72,72,0.012527,0.008426,0.012567,0,1,1,2439.0
weighted_round_robin,2,79,1,11.183,12.555,1.0,1.0,20,0,0,20,73,72,72,0.012543,0.008451,0.012556,0,1,1,2439.0
weighted_round_robin,2,80,1,11.263,12.71,1.0,1.0,15,0,0,15,73,73,72,0.012705,0.008373,0.012711,0,1,1,2439.0
weighted_round_robin,2,81,1,11.236,12.688,1.0,1.0,15,0,0,15,73,73,73,0.012476,0.008521,0.012711,0,1,1,2439.0
weighted_round_robin,2,82,1,11.455,13.28,1.0,1.0,15,0,0,15,74,73,73,0.012476,0.008521,0.013369,0,1,1,2439.0
weighted_round_robin,2,83,1,11.212,12.678,1.0,1.0,15,0,0,15,74,74,73,0.012697,0.008433,0.012505,0,1,1,2439.0
weighted_round_robin,2,84,1,11.22,12.651,1.0,1.0,10,0,0,10,74,74,74,0.012543,0.008455,0.012663,0,1,1,2439.0
weighted_round_robin,2,85,1,11.151,12.528,1.0,1.0,10,0,0,10,75,74,74,0.012515,0.008407,0.01253,0,1,1,2439.0
weighted_round_robin,2,86,1,11.188,12.582,1.0,1.0,10,0,0,10,75,75,74,0.012542,0.008437,0.012586,0,1,1,2439.0
weighted_round_robin,2,87,1,11.188,12.584,1.0,1.0,10,0,0,10,75,75,75,0.012563,0.008414,0.012586,0,1,1,2439.0
weighted_round_robin,2,88,1,11.182,12.569,1.0,1.0,4,0,0,4,76,75,75,0.012563,0.008414,0.01257,0,1,1,2439.0
weighted_round_robin,2,89,1,11.257,12.597,1.0,1.0,4,0,0,4,76,76,75,0.012606,0.008651,0.012513,0,1,1,2439.0
weighted_round_robin,2,90,1,11.192,12.603,1.0,1.0,4,0,0,4,76,76,76,0.012503,0.008459,0.012614,1,1,1,2439.0
weighted_round_robin,2,91,11,17.605,28.863,1.0,1.0,4,1,0,4,80,80,79,0.030544,0.008541,0.013729,1,1,1,2439.0
weighted_round_robin,2,92,1,15.663,24.756,1.0,1.0,3,3,0,0,80,80,80,0.026133,0.008497,0.012359,1,1,1,2439.0
weighted_round_robin,2,93,11,15.663,24.756,1.0,1.0,3,3,0,0,84,84,83,0.026133,0.008497,0.012359,1,1,1,2439.0
weighted_round_robin,2,94,1,16.127,25.152,1.0,1.0,5,5,0,0,84,84,84,0.026451,0.008471,0.013458,1,1,1,2439.0
weighted_round_robin,2,95,11,15.7,24.801,1.0,1.0,6,6,0,0,88,88,87,0.026164,0.008402,0.012534,1,1,1,2439.0
weighted_round_robin,2,96,0,15.681,24.782,1.0,1.0,8,8,0,0,88,88,87,0.026144,0.008371,0.012529,1,1,1,2439.0
weighted_round_robin,2,97,1,15.665,24.724,1.0,1.0,9,9,0,0,88,88,88,0.026083,0.008419,0.012494,1,1,1,2439.0
weighted_round_robin,2,98,11,15.727,24.873,1.0,1.0,11,11,0,0,92,92,91,0.026249,0.008439,0.012494,1,1,1,2439.0
weighted_round_robin,2,99,1,15.746,24.879,1.0,1.0,11,11,0,0,92,92,92,0.026249,0.008439,0.01255,1,1,1,2439.0
weighted_round_robin,2,100,11,15.626,24.715,1.0,1.0,12,12,0,0,96,96,95,0.026064,0.00824,0.012575,1,1,1,2439.0
weighted_round_robin,2,101,1,15.822,24.767,1.0,1.0,14,14,0,0,96,96,96,0.026084,0.008471,0.01291,1,1,1,2439.0
weighted_round_robin,2,102,11,15.973,24.798,1.0,1.0,16,16,0,0,100,100,99,0.026156,0.009182,0.012581,1,1,1,2439.0
weighted_round_robin,2,103,1,16.039,24.91,1.0,1.0,17,17,0,0,100,100,100,0.026192,0.008553,0.013371,1,1,1,2439.0
weighted_round_robin,2,104,11,16.039,24.91,1.0,1.0,17,17,0,0,104,104,103,0.026192,0.008553,0.013371,1,1,1,2439.0
weighted_round_robin,2,105,1,15.908,25.099,1.0,1.0,19,19,0,0,104,104,104,0.026458,0.008402,0.012864,1,1,1,2439.0
weighted_round_robin,2,106,11,15.674,24.669,1.0,1.0,20,20,0,0,108,108,107,0.026009,0.008407,0.012607,1,1,1,2439.0
weighted_round_robin,2,107,1,15.753,24.851,1.0,1.0,22,22,0,0,108,108,108,0.026215,0.008466,0.012577,1,1,1,2439.0
weighted_round_robin,2,108,11,15.578,24.492,1.0,1.0,24,24,0,0,112,112,111,0.025818,0.008361,0.012556,1,1,1,2439.0
weighted_round_robin,2,109,1,15.764,24.846,1.0,1.0,25,25,0,0,112,112,112,0.026211,0.008525,0.012556,1,1,1,2439.0
weighted_round_robin,2,110,11,15.812,24.86,1.0,1.0,25,25,0,0,116,116,115,0.026211,0.008525,0.012699,1,1,1,2439.0
weighted_round_robin,2,111,1,15.684,24.782,1.0,1.0,27,27,0,0,116,116,116,0.026149,0.008423,0.012479,1,1,1,2439.0
weighted_round_robin,2,112,11,15.85,24.947,1.0,1.0,28,28,0,0,120,120,119,0.026301,0.008485,0.012764,1,1,1,2439.0
weighted_round_robin,2,113,1,16.019,24.889,1.0,1.0,30,30,0,0,120,120,120,0.026268,0.009307,0.012481,1,1,1,2439.0
weighted_round_robin,2,114,11,15.498,24.187,1.0,1.0,35,35,0,0,124,124,123,0.025479,0.008455,0.012561,1,1,1,2439.0
weighted_round_robin,2,115,1,15.498,24.187,1.0,1.0,35,35,0,0,124,124,124,0.025479,0.008455,0.012561,1,1,1,2439.0
weighted_round_robin,2,116,11,15.666,24.538,1.0,1.0,33,33,0,0,128,128,127,0.025859,0.008487,0.012651,1,1,1,2439.0
weighted_round_robin,2,117,1,15.812,24.787,1.0,1.0,35,35,0,0,128,128,128,0.026109,0.008443,0.012884,1,1,1,2439.0
weighted_round_robin,2,118,11,15.807,24.873,1.0,1.0,36,36,0,0,132,132,131,0.026212,0.008387,0.012823,1,1,1,2439.0
weighted_round_robin,2,119,1,15.822,25.05,1.0,1.0,38,38,0,0,132,132,132,0.02643,0.008402,0.012635,1,1,1,2439.0
weighted_round_robin,2,120,11,15.724,24.792,1.0,1.0,39,39,0,0,136,136,135,0.026154,0.008484,0.012535,1,0,1,2439.0
weighted_round_robin,2,121,0,15.724,24.792,1.0,1.0,39,39,0,0,136,136,135,0.026154,0.008484,0.012535,1,0,1,2439.0
weighted_round_robin,2,122,1,11.152,12.55,1.0,1.0,40,40,0,0,136,136,136,0.012524,0.00838,0.012553,1,0,1,2439.0
weighted_round_robin,2,123,1,11.657,13.296,1.0,1.0,40,40,0,0,137,136,136,0.013301,0.008425,0.013246,1,0,1,2439.0
weighted_round_robin,2,124,1,11.329,12.907,1.0,1.0,40,40,0,0,137,137,136,0.012946,0.008487,0.012554,1,0,1,2439.0
weighted_round_robin,2,125,1,11.241,12.64,1.0,1.0,40,40,0,0,137,137,137,0.012606,0.008473,0.012644,1,0,1,2439.0
weighted_round_robin,2,126,1,11.223,12.635,1.0,1.0,40,40,0,0,138,137,137,0.012553,0.008473,0.012644,1,0,1,2439.0
weighted_round_robin,2,127,1,11.156,12.549,1.0,1.0,40,40,0,0,138,138,137,0.012553,0.008405,0.012511,1,0,1,2439.0
weighted_round_robin,2,128,1,11.218,12.79,1.0,1.0,40,40,0,0,138,138,138,0.012453,0.008374,0.012827,1,0,1,2439.0
weighted_round_robin,2,129,1,11.158,12.567,1.0,1.0,40,40,0,0,139,138,138,0.012571,0.008374,0.012528,1,0,1,2439.0
weighted_round_robin,2,130,1,11.203,12.597,1.0,1.0,40,40,0,0,139,139,138,0.012597,0.008415,0.012596,1,0,1,2439.0
weighted_round_robin,2,131,1,11.155,12.601,1.0,1.0,40,40,0,0,139,139,139,0.012433,0.008412,0.01262,1,0,1,2439.0
weighted_round_robin,2,132,1,11.222,12.634,1.0,1.0,40,40,0,0,140,139,139,0.012635,0.008412,0.01262,1,0,1,2439.0
weighted_round_robin,2,133,1,11.409,13.12,1.0,1.0,40,40,0,0,140,140,139,0.012635,0.008419,0.013174,1,0,1,2439.0
weighted_round_robin,2,134,1,11.422,13.204,1.0,1.0,40,40,0,0,140,140,140,0.013279,0.00846,0.012527,1,0,1,2439.0
weighted_round_robin,2,135,1,11.312,12.788,1.0,1.0,40,40,0,0,141,140,140,0.01257,0.008554,0.012812,1,0,1,2439.0
weighted_round_robin,2,136,1,11.215,12.6,1.0,1.0,40,40,0,0,141,141,140,0.012581,0.008461,0.012602,1,0,1,2439.0
weighted_round_robin,2,137,1,11.149,12.549,1.0,1.0,40,40,0,0,141,141,141,0.01253,0.008365,0.012551,1,0,1,2439.0
weighted_round_robin,2,138,1,11.149,12.549,1.0,1.0,40,40,0,0,142,141,141,0.01253,0.008365,0.012551,1,0,1,2439.0
weighted_round_robin,2,139,1,11.49,13.358,1.0,1.0,40,40,0,0,142,142,141,0.012562,0.008461,0.013446,1,0,1,2439.0
weighted_round_robin,2,140,1,11.192,12.607,1.0,1.0,40,40,0,0,142,142,142,0.012438,0.008513,0.012626,1,0,1,2439.0
weighted_round_robin,2,141,1,11.191,12.643,1.0,1.0,40,40,0,0,143,142,142,0.012658,0.008403,0.012513,1,0,1,2439.0
weighted_round_robin,2,142,1,11.188,12.589,1.0,1.0,40,40,0,0,143,143,142,0.012496,0.008469,0.012599,1,0,1,2439.0
weighted_round_robin,2,143,1,11.361,12.527,1.0,1.0,40,40,0,0,143,143,143,0.012536,0.009097,0.012449,1,0,1,2439.0
weighted_round_robin,2,144,1,11.361,12.527,1.0,1.0,40,40,0,0,144,143,143,0.012536,0.009097,0.012449,1,0,1,2439.0
weighted_round_robin,2,145,1,11.474,13.416,1.0,1.0,40,40,0,0,144,144,143,0.013509,0.008336,0.012578,1,0,1,2439.0
weighted_round_robin,2,146,1,11.533,13.398,1.0,1.0,40,40,0,0,144,144,144,0.013477,0.008437,0.012685,1,0,1,2439.0
weighted_round_robin,2,147,1,11.208,12.62,1.0,1.0,40,40,0,0,145,144,144,0.012585,0.008415,0.012624,1,0,1,2439.0
weighted_round_robin,2,148,1,11.202,12.638,1.0,1.0,40,40,0,0,145,145,144,0.012647,0.008398,0.012561,1,0,1,2439.0
weighted_round_robin,2,149,1,11.177,12.56,1.0,1.0,40,40,0,0,145,145,145,0.012555,0.008414,0.012561,1,0,1,2439.0
weighted_round_robin,2,150,1,11.201,12.626,1.0,1.0,40,40,0,0,146,145,145,0.012555,0.008414,0.012634,1,1,1,2439.0
weighted_round_robin,2,151,11,15.643,20.721,1.0,1.0,40,40,1,0,149,149,149,0.012808,0.0216,0.012522,1,1,1,2439.0
weighted_round_robin,2,152,1,14.344,17.35,1.0,1.0,40,40,3,0,150,149,149,0.012651,0.017872,0.01251,1,1,1,2439.0
weighted_round_robin,2,153,11,14.695,17.609,1.0,1.0,37,37,4,0,153,153,153,0.01338,0.018079,0.012625,1,1,1,2439.0
weighted_round_robin,2,154,1,14.227,17.111,1.0,1.0,37,37,6,0,154,153,153,0.012635,0.017608,0.012437,1,1,1,2439.0
weighted_round_robin,2,155,11,14.239,17.114,1.0,1.0,37,37,6,0,157,157,157,0.012671,0.017608,0.012437,1,1,1,2439.0
weighted_round_robin,2,156,1,14.385,17.057,1.0,1.0,37,37,8,0,158,157,157,0.012671,0.01751,0.012975,1,1,1,2439.0
weighted_round_robin,2,157,0,14.207,17.018,1.0,1.0,37,37,9,0,158,157,157,0.012586,0.01751,0.012526,1,1,1,2439.0
weighted_round_robin,2,158,11,14.391,17.454,1.0,1.0,32,32,11,0,161,161,161,0.012589,0.017994,0.012591,1,1,1,2439.0
weighted_round_robin,2,159,1,14.225,17.078,1.0,1.0,32,32,12,0,162,161,161,0.012517,0.017577,0.012582,1,1,1,2439.0
weighted_round_robin,2,160,11,14.748,17.318,1.0,1.0,32,32,14,0,165,165,165,0.013011,0.017743,0.013489,1,1,1,2439.0
weighted_round_robin,2,161,1,14.748,17.318,1.0,1.0,32,32,14,0,166,165,165,0.013011,0.017743,0.013489,1,1,1,2439.0
weighted_round_robin,2,162,11,14.283,16.883,1.0,1.0,26,26,15,0,169,169,169,0.012679,0.017333,0.012837,1,1,1,2439.0
weighted_round_robin,2,163,1,14.31,17.072,1.0,1.0,26,26,17,0,170,169,169,0.012809,0.017546,0.012574,1,1,1,2439.0
weighted_round_robin,2,164,11,14.309,17.382,1.0,1.0,26,26,19,0,173,173,173,0.012522,0.017922,0.012483,1,1,1,2439.0
weighted_round_robin,2,165,1,14.421,17.513,1.0,1.0,21,21,20,0,174,173,173,0.012643,0.018054,0.012567,1,1,1,2439.0
weighted_round_robin,2,166,11,14.356,17.505,1.0,1.0,21,21,20,0,177,177,177,0.012446,0.018054,0.012567,1,1,1,2439.0
weighted_round_robin,2,167,1,14.227,17.255,1.0,1.0,22,21,22,0,178,177,177,0.012446,0.017789,0.012445,1,1,1,2439.0
weighted_round_robin,2,168,11,14.301,17.147,1.0,1.0,23,21,23,0,181,181,181,0.012706,0.01764,0.012557,1,1,1,2439.0
weighted_round_robin,2,169,1,14.358,17.506,1.0,1.0,25,21,25,0,182,181,181,0.012523,0.01806,0.012492,1,1,1,2439.0
weighted_round_robin,2,170,11,14.161,16.971,1.0,1.0,27,16,27,0,185,185,185,0.012456,0.017461,0.012566,1,1,1,2439.0
weighted_round_robin,2,171,1,14.205,17.006,1.0,1.0,28,16,28,0,186,185,185,0.012479,0.017491,0.012646,1,1,1,2439.0
weighted_round_robin,2,172,11,14.205,17.006,1.0,1.0,28,16,28,0,189,189,189,0.012479,0.017491,0.012646,1,1,1,2439.0
weighted_round_robin,2,173,1,14.477,17.249,1.0,1.0,30,16,30,0,190,189,189,0.012603,0.017708,0.013119,1,1,1,2439.0
weighted_round_robin,2,174,11,14.354,17.23,1.0,1.0,31,10,31,0,193,193,193,0.012651,0.017736,0.012675,1,1,1,2439.0
weighted_round_robin,2,175,1,14.309,17.228,1.0,1.0,33,10,33,0,194,193,193,0.012607,0.017741,0.01258,1,1,1,2439.0
weighted_round_robin,2,176,11,14.359,17.444,1.0,1.0,34,10,34,0,197,197,197,0.012552,0.017988,0.012537,1,1,1,2439.0
weighted_round_robin,2,177,1,14.353,17.348,1.0,1.0,36,5,36,0,198,197,197,0.012652,0.01787,0.012537,1,1,1,2439.0
weighted_round_robin,2,178,11,14.343,17.348,1.0,1.0,36,5,36,0,201,201,201,0.012652,0.01787,0.012506,1,1,1,2439.0
weighted_round_robin,2,179,1,14.559,17.958,1.0,1.0,38,5,38,0,202,201,201,0.01257,0.018557,0.012549,1,1,1,2439.0
random,1,0,0,15.787,24.94,1.0,1.0,0,0,0,0,0,0,0,0.012595,0.008453,0.026312,1,1,1,2554.4
random,1,1,11,15.658,24.774,0.8231,0.8231,43,0,43,4,3,6,2,0.012446,0.008383,0.026144,1,1,1,2554.4
random,1,2,1,15.795,24.908,0.8571,0.8571,43,0,43,5,4,6,2,0.012736,0.008389,0.02626,1,1,1,2554.4
random,1,3,1,15.832,24.919,0.8164,0.8164,43,0,43,5,4,7,2,0.012848,0.008389,0.02626,1,1,1,2554.4
random,1,4,1,15.778,24.75,0.8376,0.8376,43,0,43,6,5,7,2,0.012848,0.008413,0.026073,1,1,1,2554.4
random,1,5,1,15.793,24.961,0.8065,0.8065,43,0,43,7,5,8,2,0.012589,0.008453,0.026336,1,1,1,2554.4
random,1,6,1,15.586,24.31,0.7758,0.7758,43,0,43,8,5,9,2,0.012723,0.008439,0.025597,1,1,1,2554.4
random,1,7,1,15.859,24.744,0.7961,0.7961,43,0,43,9,6,9,2,0.01258,0.008901,0.026096,1,1,1,2554.4
random,1,8,11,15.678,24.738,0.9679,0.9679,43,0,43,9,10,11,7,0.01252,0.008419,0.026096,1,1,1,2554.4
random,1,9,11,15.744,24.915,0.9883,0.9883,43,0,43,11,14,14,11,0.01252,0.008419,0.026292,1,1,1,2554.4
random,1,10,1,15.711,24.783,0.984,0.984,43,0,43,13,14,15,11,0.012616,0.008381,0.026135,1,1,1,2554.4
random,1,11,1,15.72,24.782,0.9779,0.9779,43,0,43,14,14,16,11,0.012631,0.008398,0.026132,1,1,1,2554.4
random,1,12,11,15.554,24.417,0.965,0.965,43,0,43,16,18,21,13,0.012563,0.008364,0.025734,1,1,1,2554.4
random,1,13,1,15.74,24.902,0.9643,0.9643,43,0,43,17,19,21,13,0.012514,0.008427,0.026279,1,1,1,2554.4
random,1,14,1,15.749,24.905,0.9586,0.9586,43,0,43,17,19,22,13,0.012542,0.008427,0.026279,1,1,1,2554.4
random,1,15,11,15.707,24.815,0.9653,0.9653,43,0,43,18,21,27,17,0.012542,0.008401,0.026179,1,1,1,2554.4
random,1,16,1,15.658,24.668,0.9667,0.9667,43,0,43,20,22,27,17,0.012537,0.008421,0.026016,1,1,1,2554.4
random,1,17,11,15.726,24.756,0.975,0.975,43,0,43,21,25,31,21,0.012624,0.00845,0.026104,1,1,1,2554.4
random,1,18,1,15.642,24.707,0.9703,0.9703,43,0,43,23,25,32,21,0.012598,0.008276,0.026053,1,1,1,2554.4
random,1,19,1,15.67,24.703,0.9654,0.9654,43,0,43,23,25,33,21,0.012552,0.008405,0.026053,1,1,1,2554.4
random,1,20,1,15.66,24.676,0.9671,0.9671,43,0,43,24,26,33,21,0.012552,0.008405,0.026023,1,1,1,2554.4
random,1,21,1,16.26,25.648,0.9622,0.9622,43,0,43,25,26,34,21,0.013415,0.008357,0.027007,1,1,1,2554.4
random,1,22,1,15.855,25.12,0.9636,0.9636,43,0,43,26,27,34,21,0.012611,0.008443,0.02651,1,1,1,2554.4
random,1,23,11,15.769,24.728,0.9756,0.9756,43,0,43,27,31,37,25,0.012746,0.008502,0.026059,1,1,1,2554.4
random,1,24,11,15.598,24.487,0.9797,0.9797,43,0,43,30,36,40,28,0.01252,0.008456,0.025817,1,1,1,2554.4
random,1,25,1,15.741,24.53,0.9771,0.9771,43,0,43,30,36,41,28,0.012951,0.008456,0.025817,1,1,1,2554.4
random,1,26,7,16.155,25.044,0.9765,0.9765,43,0,43,31,36,45,31,0.012951,0.009126,0.026388,1,1,1,2554.4
random,1,27,4,16.025,24.962,0.9763,0.9763,43,0,43,33,36,47,33,0.013375,0.008449,0.02625,1,1,1,2554.4
random,1,28,11,15.641,24.525,0.978,0.978,43,0,43,35,40,51,36,0.012633,0.008445,0.025846,1,1,1,2554.4
random,1,29,11,15.674,24.707,0.9879,0.9879,38,0,38,37,44,53,41,0.012553,0.008411,0.026058,1,1,1,2554.4
random,1,30,11,15.462,24.194,0.994,0.9921,39,0,38,39,48,55,46,0.012534,0.008362,0.02549,0,1,1,2554.4
random,1,31,1,15.462,24.194,0.9926,0.9905,39,0,38,39,48,56,46,0.012534,0.008362,0.02549,0,1,1,2554.4
random,1,32,1,11.157,12.5,0.9936,0.9924,39,0,38,39,48,56,47,0.012464,0.008502,0.012504,0,1,1,2554.4
random,1,33,1,11.22,12.638,0.9945,0.9941,39,0,32,39,48,56,48,0.012553,0.008458,0.012648,0,1,1,2554.4
random,1,34,1,11.245,12.696,0.9952,0.9956,39,0,32,39,48,56,49,0.012596,0.008431,0.012707,0,1,1,2554.4
random,1,35,1,11.295,12.812,0.9959,0.9956,39,0,32,39,49,56,49,0.012649,0.008406,0.01283,0,1,1,2554.4
random,1,36,1,11.268,12.804,0.9964,0.9968,39,0,32,39,49,56,50,0.012567,0.008406,0.01283,0,1,1,2554.4
random,1,37,1,11.373,12.556,0.9968,0.9978,39,0,27,39,49,56,51,0.012567,0.00909,0.012462,0,1,1,2554.4
random,1,38,1,11.201,12.646,0.9975,0.9978,39,0,27,39,50,56,51,0.012443,0.00849,0.012669,0,1,1,2554.4
random,1,39,1,11.22,12.693,0.9978,0.9986,39,0,27,39,50,56,52,0.012713,0.008437,0.01251,0,1,1,2554.4
random,1,40,1,11.51,13.453,0.9983,0.9986,39,0,27,39,51,56,52,0.013555,0.008436,0.012538,0,1,1,2554.4
random,1,41,1,11.318,12.958,0.9988,0.9986,39,0,22,39,52,56,52,0.012499,0.008445,0.013009,0,1,1,2554.4
random,1,42,1,11.316,12.958,0.9981,0.9979,39,0,22,39,52,57,52,0.012495,0.008445,0.013009,0,1,1,2554.4
random,1,43,1,11.152,12.534,0.9973,0.997,39,0,22,39,52,58,52,0.012495,0.008424,0.012538,0,1,1,2554.4
random,1,44,1,11.15,12.556,0.9977,0.997,39,0,22,39,53,58,52,0.012447,0.008436,0.012568,0,1,1,2554.4
random,1,45,1,11.256,12.735,0.9979,0.997,39,0,16,39,54,58,52,0.012529,0.00848,0.012758,0,1,1,2554.4
random,1,46,1,11.168,12.616,0.9985,0.998,39,0,16,39,54,58,53,0.012471,0.0084,0.012632,0,1,1,2554.4
random,1,47,1,11.611,13.344,0.9978,0.9971,39,0,16,39,54,59,53,0.013425,0.008793,0.012615,0,1,1,2554.4
random,1,48,1,11.611,13.344,0.9969,0.9962,39,0,16,39,54,60,53,0.013425,0.008793,0.012615,0,1,1,2554.4
random,1,49,1,11.208,12.589,0.9972,0.9962,39,0,11,39,55,60,53,0.012533,0.008497,0.012595,0,1,1,2554.4
random,1,50,1,11.271,12.768,0.9964,0.9951,39,0,11,39,55,61,53,0.012786,0.008421,0.012606,0,1,1,2554.4
random,1,51,1,11.226,12.688,0.9966,0.9951,39,0,11,39,56,61,53,0.012518,0.008454,0.012707,0,1,1,2554.4
random,1,52,1,11.183,12.59,0.9967,0.9951,39,0,11,39,57,61,53,0.012574,0.008383,0.012592,0,1,1,2554.4
random,1,53,1,11.281,12.826,0.9967,0.9951,39,0,5,39,58,61,53,0.012852,0.008398,0.012592,0,1,1,2554.4
random,1,54,1,11.274,12.824,0.9959,0.9939,39,0,5,39,58,62,53,0.012852,0.008398,0.012573,0,1,1,2554.4
random,1,55,1,11.167,12.56,0.9959,0.9939,39,0,5,39,59,62,53,0.012567,0.008439,0.012494,0,1,1,2554.4
random,1,56,1,11.178,12.559,0.9968,0.9953,39,0,5,39,59,62,54,0.012566,0.008472,0.012497,0,1,1,2554.4
random,1,57,1,11.516,13.173,0.9967,0.9953,39,0,1,39,60,62,54,0.013208,0.008482,0.012859,0,1,1,2554.4
random,1,58,1,11.228,12.632,0.996,0.9941,39,0,1,39,60,63,54,0.012592,0.008457,0.012636,0,1,1,2554.4
random,1,59,1,11.356,13.043,0.9958,0.9941,39,0,1,39,61,63,54,0.013088,0.008345,0.012636,0,1,1,2554.4
random,1,60,1,11.353,13.042,0.9968,0.9954,39,0,1,39,61,63,55,0.013088,0.008345,0.012627,0,1,1,2554.4
random,1,61,1,11.179,12.542,0.9961,0.9943,36,0,1,36,61,64,55,0.012541,0.008454,0.012542,0,1,1,2554.4
random,1,62,0,11.173,12.541,0.9961,0.9943,36,0,0,36,61,64,55,0.012544,0.008458,0.012517,0,1,1,2554.4
random,1,63,1,11.166,12.542,0.9954,0.9931,36,0,0,36,61,65,55,0.01248,0.008469,0.012549,0,1,1,2554.4
random,1,64,1,11.161,12.567,0.9945,0.9918,36,0,0,36,61,66,55,0.012538,0.008376,0.01257,0,1,1,2554.4
random,1,65,1,11.175,12.579,0.9955,0.9933,36,0,0,36,61,66,56,0.01258,0.008376,0.01257,0,1,1,2554.4
random,1,66,1,11.215,12.594,0.9955,0.9933,32,0,0,32,62,66,56,0.01258,0.008469,0.012595,0,1,1,2554.4
random,1,67,1,11.293,12.826,0.9947,0.9921,32,0,0,32,62,67,56,0.012851,0.008423,0.012605,0,1,1,2554.4
random,1,68,1,11.193,12.609,0.9947,0.9921,32,0,0,32,63,67,56,0.012613,0.008396,0.01257,0,1,1,2554.4
random,1,69,1,11.29,12.771,0.9957,0.9935,27,0,0,27,63,67,57,0.01279,0.008481,0.012598,0,1,1,2554.4
random,1,70,1,11.228,12.645,0.9955,0.9935,27,0,0,27,64,67,57,0.012594,0.008438,0.012651,0,1,1,2554.4
random,1,71,1,11.235,12.647,0.9965,0.9948,27,0,0,27,64,67,58,0.012615,0.008438,0.012651,0,1,1,2554.4
random,1,72,1,11.404,13.001,0.9963,0.9948,27,0,0,27,65,67,58,0.012615,0.008552,0.013044,0,1,1,2554.4
random,1,73,1,11.133,12.509,0.9957,0.9937,27,0,0,27,65,68,58,0.012446,0.008437,0.012516,0,1,1,2554.4
random,1,74,1,11.427,13.185,0.9955,0.9937,23,0,0,23,66,68,58,0.012584,0.008446,0.013252,0,1,1,2554.4
random,1,75,1,11.254,12.724,0.9948,0.9926,23,0,0,23,66,69,58,0.012742,0.008456,0.012565,0,1,1,2554.4
random,1,76,1,11.579,13.346,0.9941,0.9913,23,0,0,23,66,70,58,0.012657,0.008656,0.013423,0,1,1,2554.4
random,1,77,1,11.579,13.346,0.9933,0.9899,23,0,0,23,66,71,58,0.012657,0.008656,0.013423,0,1,1,2554.4
random,1,78,1,11.186,12.596,0.9944,0.9916,17,0,0,17,66,71,59,0.012518,0.008435,0.012605,0,1,1,2554.4
random,1,79,1,11.3,12.863,0.9943,0.9916,17,0,0,17,67,71,59,0.012899,0.008457,0.012543,0,1,1,2554.4
random,1,80,1,11.156,12.584,0.9953,0.993,17,0,0,17,67,71,60,0.012383,0.00848,0.012606,0,1,1,2554.4
random,1,81,1,11.276,12.777,0.9945,0.9918,14,0,0,14,67,72,60,0.012792,0.008393,0.012642,0,1,1,2554.4
random,1,82,1,11.336,12.973,0.9955,0.9932,14,0,0,14,67,72,61,0.013023,0.00846,0.012525,0,1,1,2554.4
random,1,83,1,11.336,12.973,0.9954,0.9932,14,0,0,14,68,72,61,0.013023,0.00846,0.012525,0,1,1,2554.4
random,1,84,1,11.222,12.677,0.9963,0.9945,14,0,0,14,68,72,62,0.012584,0.008394,0.012687,0,1,1,2554.4
random,1,85,1,11.171,12.6,0.997,0.9956,14,0,0,14,68,72,63,0.01261,0.008389,0.012514,0,1,1,2554.4
random,1,86,1,11.126,12.576,0.997,0.9956,9,0,0,9,69,72,63,0.012598,0.008401,0.012378,0,1,1,2554.4
random,1,87,1,11.56,13.525,0.9964,0.9946,9,0,0,9,69,73,63,0.012604,0.008449,0.013627,0,1,1,2554.4
random,1,88,1,11.586,13.54,0.9963,0.9946,9,0,0,9,70,73,63,0.012752,0.008378,0.013627,0,1,1,2554.4
random,1,89,1,11.523,13.37,0.9957,0.9936,9,0,0,9,70,74,63,0.012752,0.008378,0.013439,0,1,1,2554.4
random,1,90,1,11.197,12.63,0.995,0.995,2,0,0,2,70,75,63,0.012647,0.008464,0.012481,1,1,1,2554.4
random,1,91,1,17.278,28.82,0.9942,0.9942,2,1,0,2,70,76,63,0.030633,0.008696,0.012505,1,1,1,2554.4
random,1,92,1,15.752,24.805,0.9934,0.9934,2,2,0,2,70,77,63,0.02616,0.008482,0.012615,1,1,1,2554.4
random,1,93,1,15.552,24.226,0.9925,0.9925,3,3,0,2,70,78,63,0.025519,0.008547,0.01259,1,1,1,2554.4
random,1,94,11,15.552,24.226,0.9941,0.9941,3,3,0,2,74,81,67,0.025519,0.008547,0.01259,1,1,1,2554.4
random,1,95,11,15.686,24.779,0.9938,0.9938,5,5,0,0,78,85,70,0.026134,0.008336,0.012589,1,1,1,2554.4
random,1,96,11,15.693,24.751,0.9928,0.9928,7,7,0,0,81,90,73,0.026099,0.008365,0.012615,1,1,1,2554.4
random,1,97,1,15.944,25.252,0.9936,0.9936,9,9,0,0,81,90,74,0.026648,0.008497,0.012688,1,1,1,2554.4
random,1,98,0,15.656,24.707,0.9936,0.9936,10,10,0,0,81,90,74,0.026059,0.008372,0.012537,1,1,1,2554.4
random,1,99,1,15.648,24.697,0.9944,0.9944,11,11,0,0,81,90,75,0.026048,0.00836,0.012537,1,1,1,2554.4
random,1,100,11,15.653,24.698,0.9927,0.9927,11,11,0,0,85,95,77,0.026048,0.00836,0.012551,1,1,1,2554.4
random,1,101,1,15.911,24.584,0.9935,0.9935,13,13,0,0,85,95,78,0.02582,0.00845,0.013462,1,1,1,2554.4
random,1,102,1,15.646,24.548,0.9942,0.9942,14,14,0,0,85,95,79,0.025878,0.00848,0.012581,1,1,1,2554.4
random,1,103,11,15.826,25.066,0.997,0.997,16,16,0,0,90,96,84,0.026458,0.008478,0.012543,1,1,1,2554.4
random,1,104,1,15.656,24.488,0.9966,0.9966,17,17,0,0,90,97,84,0.025794,0.008437,0.012738,1,1,1,2554.4
random,1,105,11,15.656,24.488,0.9945,0.9945,17,17,0,0,93,103,86,0.025794,0.008437,0.012738,1,1,1,2554.4
random,1,106,1,15.512,24.219,0.9951,0.9951,19,19,0,0,93,103,87,0.025512,0.008439,0.012585,1,1,1,2554.4
random,1,107,1,15.977,24.685,0.9957,0.9957,20,20,0,0,93,103,88,0.026027,0.009296,0.012607,1,1,1,2554.4
random,1,108,11,15.789,25.012,0.9968,0.9968,22,22,0,0,96,106,93,0.026395,0.00841,0.012562,1,1,1,2554.4
random,1,109,11,15.913,24.714,0.9975,0.9975,24,24,0,0,100,109,97,0.02607,0.009158,0.01251,1,1,1,2554.4
random,1,110,11,15.673,24.757,0.9969,0.9969,26,26,0,0,102,114,101,0.026118,0.008391,0.01251,1,1,1,2554.4
random,1,111,1,15.737,24.776,0.9964,0.9964,26,26,0,0,102,115,101,0.026118,0.008391,0.012701,1,1,1,2554.4
random,1,112,1,15.842,24.386,0.9959,0.9959,27,27,0,0,102,116,101,0.025706,0.009315,0.012505,1,1,1,2554.4
random,1,113,1,15.656,24.732,0.9962,0.9962,28,28,0,0,102,116,102,0.026089,0.008358,0.012521,1,1,1,2554.4
random,1,114,1,15.542,24.269,0.9957,0.9957,29,29,0,0,102,117,102,0.025564,0.008444,0.012618,1,1,1,2554.4
random,1,115,11,15.864,24.891,0.9972,0.9972,31,31,0,0,106,119,107,0.026222,0.008455,0.012914,1,1,1,2554.4
random,1,116,11,15.864,24.891,0.9981,0.9981,31,31,0,0,113,121,109,0.026222,0.008455,0.012914,1,1,1,2554.4
random,1,117,11,15.878,24.94,0.996,0.996,33,33,0,0,116,128,110,0.02627,0.00839,0.012973,1,1,1,2554.4
random,1,118,11,15.734,24.846,0.9971,0.9971,35,35,0,0,123,129,113,0.026209,0.008412,0.012581,1,1,1,2554.4
random,1,119,1,15.719,24.822,0.9967,0.9967,37,37,0,0,123,130,113,0.026184,0.008408,0.012566,1,1,1,2554.4
random,1,120,1,15.694,24.749,0.9971,0.9986,38,38,0,0,123,130,114,0.026101,0.008398,0.012582,1,0,1,2554.4
random,1,121,1,11.161,12.574,0.9971,0.9982,38,38,0,0,124,130,114,0.012502,0.008398,0.012582,1,0,1,2554.4
random,1,122,1,11.132,12.51,0.9975,0.9986,38,38,0,0,124,130,115,0.012502,0.008384,0.012511,1,0,1,2554.4
random,1,123,0,11.127,12.518,0.9975,0.9986,38,38,0,0,124,130,115,0.012397,0.008452,0.012531,1,0,1,2554.4
random,1,124,1,11.202,12.607,0.9978,0.9989,38,38,0,0,124,130,116,0.012607,0.008392,0.012606,1,0,1,2554.4
random,1,125,1,11.181,12.574,0.9982,0.9992,38,38,0,0,124,130,117,0.012577,0.008423,0.012543,1,0,1,2554.4
random,1,126,1,11.734,13.463,0.9981,0.9989,38,38,0,0,125,130,117,0.01338,0.008351,0.013472,1,0,1,2554.4
random,1,127,1,11.429,13.371,0.9979,0.9989,38,38,0,0,125,131,117,0.012464,0.008351,0.013472,1,0,1,2554.4
random,1,128,1,11.13,12.463,0.9976,0.9989,38,38,0,0,125,132,117,0.012464,0.008477,0.012449,1,0,1,2554.4
random,1,129,1,11.21,12.59,0.9973,0.9989,38,38,0,0,125,133,117,0.01259,0.008453,0.012586,1,0,1,2554.4
random,1,130,1,11.271,12.613,0.9973,0.9986,38,38,0,0,126,133,117,0.012613,0.008587,0.012612,1,0,1,2554.4
random,1,131,1,11.19,12.586,0.997,0.9986,38,38,0,0,126,134,117,0.012592,0.008445,0.012532,1,0,1,2554.4
random,1,132,1,11.265,12.568,0.9966,0.9986,38,38,0,0,126,135,117,0.01257,0.008672,0.012554,1,0,1,2554.4
random,1,133,1,11.265,12.568,0.9962,0.9986,38,38,0,0,126,136,117,0.01257,0.008672,0.012554,1,0,1,2554.4
random,1,134,1,11.194,12.586,0.9963,0.9983,38,38,0,0,127,136,117,0.012545,0.008446,0.01259,1,0,1,2554.4
random,1,135,1,11.238,12.811,0.9967,0.9987,38,38,0,0,127,136,118,0.012845,0.008367,0.012501,1,0,1,2554.4
random,1,136,1,11.228,12.613,0.997,0.9989,38,38,0,0,127,136,119,0.012614,0.008466,0.012604,1,0,1,2554.4
random,1,137,1,11.212,12.59,0.9967,0.9989,38,38,0,0,127,137,119,0.012563,0.00848,0.012593,1,0,1,2554.4
random,1,138,1,11.204,12.593,0.9963,0.9989,38,38,0,0,127,138,119,0.012591,0.008429,0.012593,1,0,1,2554.4
random,1,139,1,11.16,12.578,0.9967,0.9992,38,38,0,0,127,138,120,0.012591,0.008429,0.01246,1,0,1,2554.4
random,1,140,1,11.278,12.781,0.9967,0.999,38,38,0,0,128,138,120,0.012525,0.008499,0.012809,1,0,1,2554.4
random,1,141,1,11.166,12.558,0.9964,0.999,38,38,0,0,128,139,120,0.012567,0.008453,0.012477,1,0,1,2554.4
random,1,142,1,11.283,12.62,0.9964,0.9987,38,38,0,0,129,139,120,0.012631,0.008696,0.012521,1,0,1,2554.4
random,1,143,1,11.164,12.565,0.9968,0.999,38,38,0,0,129,139,121,0.01247,0.008446,0.012576,1,0,1,2554.4
random,1,144,1,11.198,12.583,0.9971,0.9992,38,38,0,0,129,139,122,0.012584,0.008434,0.012576,1,0,1,2554.4
random,1,145,1,11.276,12.788,0.9972,0.999,38,38,0,0,130,139,122,0.012584,0.008434,0.012811,1,0,1,2554.4
random,1,146,1,11.175,12.563,0.9968,0.999,38,38,0,0,130,140,122,0.012511,0.008444,0.012569,1,0,1,2554.4
random,1,147,1,11.406,13.065,0.9969,0.9987,38,38,0,0,131,140,122,0.013125,0.008573,0.012521,1,0,1,2554.4
random,1,148,1,11.17,12.537,0.9969,0.9985,38,38,0,0,132,140,122,0.012497,0.008471,0.012542,1,0,1,2554.4
random,1,149,1,11.129,12.512,0.9972,0.9988,38,38,0,0,132,140,123,0.012455,0.008413,0.012518,1,0,1,2554.4
random,1,150,1,11.152,12.54,0.9972,0.9972,38,38,0,0,133,140,123,0.012543,0.008396,0.012518,1,1,1,2554.4
random,1,151,1,11.146,12.539,0.9976,0.9976,38,38,0,0,133,140,124,0.012543,0.008396,0.012499,1,1,1,2554.4
random,1,152,11,15.603,20.634,0.9963,0.9963,38,38,1,0,134,147,127,0.012479,0.021501,0.012829,1,1,1,2554.4
random,1,153,11,14.199,16.975,0.9941,0.9941,38,38,3,0,137,154,128,0.012554,0.017463,0.01258,1,1,1,2554.4
random,1,154,1,14.474,17.799,0.9945,0.9945,38,38,5,0,137,154,129,0.012467,0.018379,0.012577,1,1,1,2554.4
random,1,155,1,14.319,17.386,0.9946,0.9946,33,33,6,0,138,154,129,0.012461,0.01792,0.012577,1,1,1,2554.4
random,1,156,11,14.306,17.382,0.9927,0.9927,33,33,6,0,139,161,132,0.012461,0.01792,0.012538,1,1,1,2554.4
random,1,157,1,14.853,17.415,0.9922,0.9922,33,33,8,0,139,162,132,0.01316,0.017844,0.013555,1,1,1,2554.4
random,1,158,10,14.314,17.265,0.9929,0.9929,33,33,10,0,142,165,136,0.012615,0.017782,0.012545,1,1,1,2554.4
random,1,159,1,14.424,17.254,0.9933,0.9933,28,28,11,0,142,165,137,0.012579,0.017731,0.012961,1,1,1,2554.4
random,1,160,11,14.384,17.276,0.9934,0.9934,28,28,13,0,145,169,141,0.012508,0.017765,0.012879,1,1,1,2554.4
random,1,161,1,14.4,17.276,0.9936,0.9936,28,28,13,0,146,169,141,0.012556,0.017765,0.012879,1,1,1,2554.4
random,1,162,1,14.138,16.866,0.9939,0.9939,28,28,14,0,146,169,142,0.012556,0.017345,0.012512,1,1,1,2554.4
random,1,163,1,14.344,17.482,0.9942,0.9942,28,28,15,0,146,169,143,0.012496,0.018036,0.012501,1,1,1,2554.4
random,1,164,1,14.398,17.499,0.9944,0.9944,22,22,16,0,147,169,143,0.012561,0.018045,0.012589,1,1,1,2554.4
random,1,165,11,14.436,17.643,0.9939,0.9939,22,22,18,0,147,174,149,0.012563,0.018208,0.012538,1,1,1,2554.4
random,1,166,1,14.38,17.141,0.9942,0.9942,22,22,19,0,148,174,149,0.012892,0.017613,0.012635,1,1,1,2554.4
random,1,167,1,14.38,17.141,0.9944,0.9944,22,22,19,0,148,174,150,0.012892,0.017613,0.012635,1,1,1,2554.4
random,1,168,1,14.352,17.439,0.9947,0.9947,20,18,20,0,149,174,150,0.012481,0.017977,0.012598,1,1,1,2554.4
random,1,169,11,14.313,17.349,0.9946,0.9946,21,18,21,0,151,178,155,0.01253,0.017885,0.012523,1,1,1,2554.4
random,1,170,11,14.286,17.284,0.9939,0.9939,24,18,24,0,153,183,159,0.012511,0.017811,0.012537,1,1,1,2554.4
random,1,171,1,14.279,17.007,0.994,0.994,25,12,25,0,153,183,160,0.012804,0.017474,0.01256,1,1,1,2554.4
random,1,172,11,14.209,16.986,0.9927,0.9927,25,12,25,0,155,189,163,0.012592,0.017474,0.01256,1,1,1,2554.4
random,1,173,1,14.234,17.051,0.9928,0.9928,27,12,27,0,155,189,164,0.012592,0.017546,0.012565,1,1,1,2554.4
random,1,174,1,14.201,16.989,0.9932,0.9932,28,12,28,0,156,189,164,0.012544,0.017479,0.012579,1,1,1,2554.4
random,1,175,1,14.361,17.241,0.9933,0.9933,29,12,29,0,156,189,165,0.012753,0.01774,0.012591,1,1,1,2554.4
random,1,176,11,14.192,16.906,0.9928,0.9928,30,7,30,0,159,194,168,0.012551,0.017379,0.012646,1,1,1,2554.4
random,1,177,1,14.432,17.298,0.9929,0.9929,32,7,32,0,159,194,169,0.012894,0.017787,0.012616,1,1,1,2554.4
random,1,178,11,14.432,17.298,0.9939,0.9939,32,7,32,0,165,197,171,0.012894,0.017787,0.012616,1,1,1,2554.4
random,1,179,1,14.385,17.459,0.9941,0.9941,34,7,34,0,165,197,172,0.01261,0.017998,0.012548,1,1,1,2554.4
random,2,0,0,15.768,24.853,1.0,1.0,0,0,0,0,0,0,0,0.012573,0.008514,0.026217,1,1,1,2404.4
random,2,1,1,16.024,24.96,0.3333,0.3333,38,0,38,3,1,0,0,0.013133,0.008664,0.026274,1,1,1,2404.4
random,2,2,1,15.613,24.506,0.3333,0.3333,38,0,38,4,2,0,0,0.012595,0.008416,0.025829,1,1,1,2404.4
random,2,3,11,15.959,24.607,0.9548,0.9548,38,0,38,4,3,5,5,0.013613,0.008434,0.025829,1,1,1,2404.4
random,2,4,1,15.956,24.6,0.9333,0.9333,38,0,38,6,3,6,5,0.013613,0.008434,0.025821,1,1,1,2404.4
random,2,5,11,15.671,24.688,0.9874,0.9874,38,0,38,8,7,9,9,0.012498,0.008471,0.026043,1,1,1,2404.4
random,2,6,11,16.011,24.806,0.9686,0.9686,37,0,37,10,9,13,14,0.012547,0.009318,0.026168,1,1,1,2404.4
random,2,7,11,15.627,24.588,0.9676,0.9676,37,0,37,12,12,16,19,0.012541,0.008413,0.025927,1,1,1,2404.4
random,2,8,1,15.87,25.286,0.9771,0.9771,37,0,37,13,13,16,19,0.012507,0.008398,0.026706,1,1,1,2404.4
random,2,9,1,15.87,25.286,0.9772,0.9772,37,0,37,13,13,17,19,0.012507,0.008398,0.026706,1,1,1,2404.4
random,2,10,11,15.757,24.938,0.9804,0.9804,37,0,37,14,16,22,22,0.012549,0.008408,0.026315,1,1,1,2404.4
random,2,11,1,15.976,24.9,0.9774,0.9774,37,0,37,16,16,23,22,0.012558,0.009099,0.026271,1,1,1,2404.4
random,2,12,1,15.815,25.045,0.9737,0.9737,37,0,37,17,16,24,22,0.012562,0.008452,0.026432,1,1,1,2404.4
random,2,13,11,15.958,25.357,0.9607,0.9607,37,0,37,19,18,30,25,0.012693,0.008416,0.026764,1,1,1,2404.4
random,2,14,11,15.963,25.348,0.9767,0.9767,37,0,37,19,22,32,30,0.012604,0.008521,0.026764,1,1,1,2404.4
random,2,15,11,16.098,25.712,0.9893,0.9893,37,0,37,21,27,34,34,0.012604,0.008521,0.027168,1,1,1,2404.4
random,2,16,1,15.778,25.049,0.9878,0.9878,37,0,37,23,27,35,34,0.012561,0.008336,0.026437,1,1,1,2404.4
random,2,17,11,15.698,24.802,0.9915,0.9915,37,0,37,24,31,38,38,0.012529,0.0084,0.026166,1,1,1,2404.4
random,2,18,1,15.63,24.555,0.9939,0.9939,37,0,37,26,32,38,38,0.012585,0.00842,0.025885,1,1,1,2404.4
random,2,19,11,15.664,24.712,0.9956,0.9956,37,0,37,28,36,41,42,0.01254,0.008388,0.026064,1,1,1,2404.4
random,2,20,1,15.664,24.712,0.9971,0.9971,37,0,37,28,37,41,42,0.01254,0.008388,0.026064,1,1,1,2404.4
random,2,21,1,16.295,25.633,0.9966,0.9966,37,0,37,29,37,42,42,0.013362,0.008527,0.026996,1,1,1,2404.4
random,2,22,11,15.713,24.679,0.9986,0.9986,37,0,37,30,42,44,46,0.012699,0.008429,0.02601,1,1,1,2404.4
random,2,23,0,15.779,24.855,0.9986,0.9986,37,0,37,32,42,44,46,0.012584,0.008534,0.026219,1,1,1,2404.4
random,2,24,1,15.669,24.679,0.9992,0.9992,37,0,37,33,43,44,46,0.012591,0.008395,0.026022,1,1,1,2404.4
random,2,25,11,15.645,24.671,0.998,0.998,37,0,37,33,46,47,51,0.012517,0.008395,0.026022,1,1,1,2404.4
random,2,26,11,15.785,25.021,0.9977,0.9977,37,0,37,35,51,49,55,0.012517,0.008428,0.02641,1,1,1,2404.4
random,2,27,11,15.781,25.111,0.9995,0.9995,38,0,36,38,54,55,57,0.012334,0.008477,0.026531,1,1,1,2404.4
random,2,28,11,15.761,24.8,0.9992,0.9992,40,0,36,40,57,59,61,0.012624,0.008507,0.026153,1,1,1,2404.4
random,2,29,1,15.703,24.65,0.9992,0.9992,41,0,36,41,57,60,61,0.012704,0.008427,0.025977,1,1,1,2404.4
random,2,30,1,16.132,24.822,0.9996,0.9999,42,0,31,42,58,60,61,0.012766,0.00947,0.026161,0,1,1,2404.4
random,2,31,1,16.132,24.822,0.9998,0.9999,42,0,31,42,59,60,61,0.012766,0.00947,0.026161,0,1,1,2404.4
random,2,32,1,11.396,13.09,0.9996,0.9997,42,0,31,42,59,60,62,0.013153,0.008513,0.012521,0,1,1,2404.4
random,2,33,1,11.274,12.709,0.9996,0.9999,42,0,31,42,59,61,62,0.012539,0.008554,0.012728,0,1,1,2404.4
random,2,34,1,11.466,13.265,0.9998,0.9999,42,0,31,42,60,61,62,0.013344,0.008503,0.012552,0,1,1,2404.4
random,2,35,1,11.192,12.591,0.9998,1.0,42,0,24,42,60,62,62,0.012461,0.008508,0.012606,0,1,1,2404.4
random,2,36,1,11.22,12.6,0.9999,1.0,42,0,24,42,61,62,62,0.012545,0.008508,0.012606,0,1,1,2404.4
random,2,37,1,11.143,12.542,0.9998,0.9999,42,0,24,42,61,62,63,0.012545,0.00837,0.012515,0,1,1,2404.4
random,2,38,1,11.183,12.544,0.9999,0.9999,42,0,24,42,62,62,63,0.012522,0.008481,0.012546,0,1,1,2404.4
random,2,39,1,11.113,12.448,0.9999,1.0,42,0,21,42,62,63,63,0.01245,0.008457,0.012431,0,1,1,2404.4
random,2,40,1,11.478,12.714,0.9998,0.9999,42,0,21,42,62,64,63,0.012728,0.009117,0.01259,0,1,1,2404.4
random,2,41,1,11.249,12.717,0.9998,1.0,42,0,21,42,62,64,64,0.012732,0.008434,0.012581,0,1,1,2404.4
random,2,42,1,11.249,12.717,0.9996,0.9999,42,0,21,42,62,64,65,0.012732,0.008434,0.012581,0,1,1,2404.4
random,2,43,1,11.22,12.568,0.9995,1.0,42,0,17,42,62,65,65,0.012571,0.008549,0.012539,0,1,1,2404.4
random,2,44,1,11.17,12.56,0.9993,0.9999,42,0,17,42,62,65,66,0.012487,0.008455,0.012568,0,1,1,2404.4
random,2,45,1,11.111,12.482,0.9992,1.0,42,0,17,42,62,66,66,0.012423,0.008423,0.012488,0,1,1,2404.4
random,2,46,1,11.306,12.671,0.9995,1.0,42,0,17,42,63,66,66,0.012624,0.008617,0.012676,0,1,1,2404.4
random,2,47,1,11.132,12.514,0.9998,1.0,42,0,10,42,64,66,66,0.012493,0.008386,0.012516,0,1,1,2404.4
random,2,48,1,11.132,12.514,0.9999,1.0,42,0,10,42,65,66,66,0.012493,0.008386,0.012516,0,1,1,2404.4
random,2,49,1,11.238,12.739,0.9998,0.9999,42,0,10,42,65,67,66,0.012768,0.008473,0.012474,0,1,1,2404.4
random,2,50,1,11.243,12.533,0.9998,1.0,42,0,10,42,65,67,67,0.012476,0.008715,0.012539,0,1,1,2404.4
random,2,51,1,11.166,12.566,0.9997,0.9999,42,0,6,42,65,67,68,0.012567,0.008377,0.012554,0,1,1,2404.4
random,2,52,1,11.187,12.578,0.9996,1.0,42,0,6,42,65,68,68,0.012544,0.008435,0.012582,0,1,1,2404.4
random,2,53,1,11.22,12.588,0.9994,0.9999,42,0,6,42,65,68,69,0.012589,0.008488,0.012582,0,1,1,2404.4
random,2,54,1,11.208,12.585,0.9997,0.9999,42,0,6,42,66,68,69,0.012589,0.008488,0.012546,0,1,1,2404.4
random,2,55,1,11.18,12.539,0.9999,0.9999,42,0,3,42,67,68,69,0.012528,0.008473,0.01254,0,1,1,2404.4
random,2,56,1,11.183,12.521,0.9997,0.9998,42,0,3,42,67,68,70,0.012521,0.00851,0.012518,0,1,1,2404.4
random,2,57,1,11.153,12.531,0.9998,0.9998,42,0,3,42,68,68,70,0.012535,0.008425,0.012498,0,1,1,2404.4
random,2,58,1,11.195,12.589,0.9999,0.9998,42,0,3,42,69,68,70,0.012574,0.00842,0.012591,0,1,1,2404.4
random,2,59,1,11.188,12.587,0.9998,0.9998,42,0,3,42,70,68,70,0.012552,0.00842,0.012591,0,1,1,2404.4
random,2,60,0,11.174,12.551,0.9998,0.9998,41,0,0,41,70,68,70,0.012552,0.008432,0.012537,0,1,1,2404.4
random,2,61,1,11.344,12.883,0.9997,0.9995,41,0,0,41,70,68,71,0.012703,0.008426,0.012903,0,1,1,2404.4
random,2,62,1,11.182,12.615,0.9996,0.9995,41,0,0,41,71,68,71,0.012622,0.008369,0.012556,0,1,1,2404.4
random,2,63,1,11.483,13.438,0.9994,0.9992,37,0,0,37,71,68,72,0.01249,0.008416,0.013543,0,1,1,2404.4
random,2,64,1,11.19,12.592,0.9997,0.9995,37,0,0,37,71,69,72,0.012597,0.008428,0.012545,0,1,1,2404.4
random,2,65,1,11.243,12.734,0.9999,0.9998,37,0,0,37,71,70,72,0.012755,0.008428,0.012545,0,1,1,2404.4
random,2,66,1,11.267,12.744,1.0,1.0,37,0,0,37,71,71,72,0.012755,0.008404,0.012643,0,1,1,2404.4
random,2,67,1,11.192,12.613,1.0,1.0,37,0,0,37,72,71,72,0.012505,0.008446,0.012625,0,1,1,2404.4
random,2,68,1,11.222,12.662,0.9999,1.0,31,0,0,31,73,71,72,0.012674,0.008441,0.012551,0,1,1,2404.4
random,2,69,1,11.153,12.505,0.9998,0.9998,31,0,0,31,73,71,73,0.012509,0.008477,0.012472,0,1,1,2404.4
random,2,70,1,11.516,13.375,0.9997,0.9996,31,0,0,31,73,71,74,0.012695,0.008402,0.013451,0,1,1,2404.4
random,2,71,1,11.516,13.375,0.9996,0.9996,31,0,0,31,74,71,74,0.012695,0.008402,0.013451,0,1,1,2404.4
random,2,72,1,11.471,13.391,0.9995,0.9992,26,0,0,26,74,71,75,0.013488,0.008406,0.01252,0,1,1,2404.4
random,2,73,1,11.173,12.561,0.9993,0.9992,26,0,0,26,75,71,75,0.012567,0.008447,0.012504,0,1,1,2404.4
random,2,74,1,11.286,12.87,0.9991,0.9988,26,0,0,26,75,71,76,0.012551,0.008402,0.012906,0,1,1,2404.4
random,2,75,1,11.188,12.583,0.999,0.9988,21,0,0,21,76,71,76,0.012537,0.008439,0.012588,0,1,1,2404.4
random,2,76,1,11.188,12.572,0.9988,0.9984,21,0,0,21,76,71,77,0.012576,0.00845,0.012538,0,1,1,2404.4
random,2,77,1,11.188,12.572,0.9986,0.9984,21,0,0,21,77,71,77,0.012576,0.00845,0.012538,0,1,1,2404.4
random,2,78,1,11.194,12.621,0.9983,0.9978,21,0,0,21,77,71,78,0.012639,0.008484,0.012459,0,1,1,2404.4
random,2,79,1,11.339,12.822,0.9988,0.9984,21,0,0,21,77,72,78,0.012746,0.008442,0.01283,0,1,1,2404.4
random,2,80,1,11.727,13.464,0.9986,0.9984,16,0,0,16,78,72,78,0.013351,0.008354,0.013477,0,1,1,2404.4
random,2,81,1,11.147,12.568,0.999,0.9989,16,0,0,16,78,73,78,0.012577,0.008379,0.012486,0,1,1,2404.4
random,2,82,1,11.174,12.551,0.9988,0.9989,16,0,0,16,79,73,78,0.012558,0.008477,0.012486,0,1,1,2404.4
random,2,83,1,11.166,12.548,0.9987,0.9984,16,0,0,16,79,73,79,0.012558,0.008477,0.012463,0,1,1,2404.4
random,2,84,1,11.236,12.665,0.9984,0.9979,10,0,0,10,79,73,80,0.012567,0.008465,0.012676,0,1,1,2404.4
random,2,85,1,11.282,12.569,0.9982,0.9979,10,0,0,10,80,73,80,0.012577,0.008772,0.012498,0,1,1,2404.4
random,2,86,1,11.22,12.643,0.9979,0.9973,10,0,0,10,80,73,81,0.012586,0.008426,0.012649,0,1,1,2404.4
random,2,87,1,11.181,12.586,0.9976,0.9966,10,0,0,10,80,73,82,0.012586,0.008372,0.012584,0,1,1,2404.4
random,2,88,1,11.225,12.648,0.9981,0.9974,10,0,0,10,80,74,82,0.012655,0.008435,0.012584,0,1,1,2404.4
random,2,89,1,11.224,12.648,0.9986,0.998,4,0,0,4,80,75,82,0.012655,0.008435,0.012581,0,1,1,2404.4
random,2,90,1,11.203,12.602,0.9983,0.9983,4,0,0,4,80,75,83,0.01252,0.008478,0.012611,1,1,1,2404.4
random,2,91,1,17.313,28.555,0.9979,0.9979,4,1,0,4,80,75,84,0.03025,0.008391,0.013297,1,1,1,2404.4
random,2,92,1,16.0,25.604,0.9974,0.9974,2,2,0,0,80,75,85,0.027052,0.008375,0.012574,1,1,1,2404.4
random,2,93,1,16.045,24.882,0.9979,0.9979,3,3,0,0,80,76,85,0.026137,0.008408,0.01359,1,1,1,2404.4
random,2,94,1,16.045,24.882,0.9974,0.9974,3,3,0,0,80,76,86,0.026137,0.008408,0.01359,1,1,1,2404.4
random,2,95,1,15.768,24.986,0.9979,0.9979,4,4,0,0,80,77,86,0.026368,0.008389,0.012548,1,1,1,2404.4
random,2,96,1,15.708,24.73,0.9974,0.9974,5,5,0,0,80,77,87,0.026075,0.008424,0.012626,1,1,1,2404.4
random,2,97,11,15.711,24.758,0.9966,0.9966,6,6,0,0,82,81,92,0.026108,0.008422,0.012604,1,1,1,2404.4
random,2,98,0,15.793,25.038,0.9966,0.9966,8,8,0,0,82,81,92,0.026428,0.00842,0.012531,1,1,1,2404.4
random,2,99,1,15.709,24.776,0.996,0.996,9,9,0,0,82,81,93,0.026137,0.00846,0.012531,1,1,1,2404.4
random,2,100,1,15.713,24.777,0.9953,0.9953,9,9,0,0,82,81,94,0.026137,0.00846,0.012541,1,1,1,2404.4
random,2,101,11,15.529,23.782,0.99,0.99,11,11,0,0,84,82,102,0.024953,0.008393,0.013242,1,1,1,2404.4
random,2,102,11,15.704,24.762,0.9885,0.9885,13,13,0,0,88,84,107,0.026115,0.008407,0.012589,1,1,1,2404.4
random,2,103,1,15.691,24.653,0.9892,0.9892,14,14,0,0,88,85,107,0.025984,0.008415,0.012675,1,1,1,2404.4
random,2,104,1,15.837,24.965,0.9883,0.9883,15,15,0,0,88,85,108,0.026336,0.008544,0.012631,1,1,1,2404.4
random,2,105,11,15.837,24.965,0.9901,0.9901,15,15,0,0,92,89,111,0.026336,0.008544,0.012631,1,1,1,2404.4
random,2,106,11,15.691,24.841,0.9914,0.9914,17,17,0,0,97,92,114,0.026211,0.008351,0.01251,1,1,1,2404.4
random,2,107,11,15.676,24.722,0.993,0.993,19,19,0,0,100,97,117,0.026077,0.008422,0.012529,1,1,1,2404.4
random,2,108,1,15.777,24.919,0.9935,0.9935,21,21,0,0,100,98,117,0.026284,0.008413,0.012635,1,1,1,2404.4
random,2,109,11,16.023,25.567,0.9936,0.9936,23,23,0,0,103,102,121,0.027009,0.008471,0.012589,1,1,1,2404.4
random,2,110,1,15.725,24.799,0.9929,0.9929,24,24,0,0,103,102,122,0.026156,0.008429,0.012589,1,1,1,2404.4
random,2,111,1,15.783,24.817,0.9922,0.9922,24,24,0,0,103,102,123,0.026156,0.008429,0.012764,1,1,1,2404.4
random,2,112,1,15.726,24.82,0.9927,0.9927,25,25,0,0,103,103,123,0.026183,0.008441,0.012553,1,1,1,2404.4
random,2,113,11,15.705,24.554,0.9915,0.9915,26,26,0,0,108,104,128,0.025865,0.008497,0.012753,1,1,1,2404.4
random,2,114,1,15.742,24.728,0.9908,0.9908,28,28,0,0,108,104,129,0.026066,0.008477,0.012683,1,1,1,2404.4
random,2,115,1,15.827,25.083,0.9913,0.9913,29,29,0,0,108,105,129,0.026467,0.008387,0.012628,1,1,1,2404.4
random,2,116,1,15.827,25.083,0.9918,0.9918,29,29,0,0,108,106,129,0.026467,0.008387,0.012628,1,1,1,2404.4
random,2,117,1,15.91,24.938,0.9911,0.9911,30,30,0,0,108,106,130,0.026259,0.008425,0.013047,1,1,1,2404.4
random,2,118,1,15.697,24.717,0.9904,0.9904,31,31,0,0,108,106,131,0.026064,0.00843,0.012597,1,1,1,2404.4
random,2,119,1,15.832,25.03,0.9896,0.9896,32,32,0,0,108,106,132,0.026398,0.008382,0.012716,1,1,1,2404.4
random,2,120,1,15.778,24.7,0.9901,0.9901,33,33,0,0,108,107,132,0.026021,0.008505,0.012809,1,0,1,2404.4
random,2,121,1,11.266,12.781,0.9906,0.9901,33,33,0,0,108,108,132,0.01253,0.008459,0.012809,1,0,1,2404.4
random,2,122,1,11.198,12.598,0.9898,0.9894,33,33,0,0,108,108,133,0.01253,0.008459,0.012605,1,0,1,2404.4
random,2,123,1,11.245,12.613,0.9891,0.9886,33,33,0,0,108,108,134,0.012536,0.008577,0.012621,1,0,1,2404.4
random,2,124,1,11.207,12.614,0.9895,0.9895,33,33,0,0,109,108,134,0.012555,0.008444,0.012621,1,0,1,2404.4
random,2,125,1,11.181,12.665,0.99,0.9904,33,33,0,0,110,108,134,0.012673,0.008276,0.012595,1,0,1,2404.4
random,2,126,1,11.171,12.6,0.9892,0.9897,33,33,0,0,110,108,135,0.012537,0.00837,0.012607,1,0,1,2404.4
random,2,127,1,11.196,12.611,0.9897,0.9897,33,33,0,0,110,109,135,0.012611,0.00837,0.012607,1,0,1,2404.4
random,2,128,1,11.244,12.606,0.9901,0.9906,33,33,0,0,111,109,135,0.012611,0.008556,0.012564,1,0,1,2404.4
random,2,129,0,11.154,12.528,0.9901,0.9906,33,33,0,0,111,109,135,0.012531,0.008426,0.012506,1,0,1,2404.4
random,2,130,1,11.495,13.325,0.9894,0.9899,33,33,0,0,111,109,136,0.012602,0.008479,0.013405,1,0,1,2404.4
random,2,131,1,11.222,12.631,0.9886,0.9891,33,33,0,0,111,109,137,0.012634,0.008429,0.012604,1,0,1,2404.4
random,2,132,1,11.431,12.75,0.9891,0.9891,33,33,0,0,111,110,137,0.012765,0.008917,0.012611,1,0,1,2404.4
random,2,133,1,11.431,12.75,0.9896,0.9891,33,33,0,0,111,111,137,0.012765,0.008917,0.012611,1,0,1,2404.4
random,2,134,1,11.194,12.613,0.9889,0.9884,33,33,0,0,111,111,138,0.01262,0.00841,0.012552,1,0,1,2404.4
random,2,135,1,11.217,12.662,0.9893,0.9893,33,33,0,0,112,111,138,0.012577,0.008402,0.012672,1,0,1,2404.4
random,2,136,1,11.176,12.547,0.9897,0.9902,33,33,0,0,113,111,138,0.012553,0.008483,0.012491,1,0,1,2404.4
random,2,137,1,11.156,12.536,0.9902,0.9902,33,33,0,0,113,112,138,0.012532,0.008401,0.012536,1,0,1,2404.4
random,2,138,1,11.211,12.605,0.9907,0.9902,33,33,0,0,113,113,138,0.012504,0.008512,0.012616,1,0,1,2404.4
random,2,139,1,11.211,12.605,0.99,0.9895,33,33,0,0,113,113,139,0.012504,0.008512,0.012616,1,0,1,2404.4
random,2,140,1,11.174,12.562,0.9904,0.9895,33,33,0,0,113,114,139,0.012562,0.008398,0.012562,1,0,1,2404.4
random,2,141,1,11.499,13.271,0.9897,0.9887,33,33,0,0,113,114,140,0.012602,0.008551,0.013345,1,0,1,2404.4
random,2,142,1,11.248,12.701,0.9901,0.9896,33,33,0,0,114,114,140,0.012555,0.008473,0.012717,1,0,1,2404.4
random,2,143,1,11.17,12.584,0.9905,0.9905,33,33,0,0,115,114,140,0.012527,0.008394,0.01259,1,0,1,2404.4
random,2,144,1,11.203,12.615,0.9909,0.9913,33,33,0,0,116,114,140,0.012618,0.0084,0.01259,1,0,1,2404.4
random,2,145,1,11.218,12.634,0.9913,0.9921,33,33,0,0,117,114,140,0.012618,0.0084,0.012636,1,0,1,2404.4
random,2,146,1,11.207,12.585,0.9906,0.9914,33,33,0,0,117,114,141,0.012561,0.008472,0.012588,1,0,1,2404.4
random,2,147,1,11.191,12.559,0.9899,0.9908,33,33,0,0,117,114,142,0.012574,0.008576,0.012424,1,0,1,2404.4
random,2,148,1,11.331,12.636,0.9903,0.9916,33,33,0,0,118,114,142,0.012649,0.008831,0.012514,1,0,1,2404.4
random,2,149,1,11.146,12.528,0.9896,0.9909,33,33,0,0,118,114,143,0.012535,0.008436,0.012468,1,0,1,2404.4
random,2,150,1,11.169,12.582,0.9889,0.9889,33,33,0,0,118,114,144,0.012595,0.008445,0.012468,1,1,1,2404.4
random,2,151,1,11.254,12.71,0.9892,0.9892,33,33,0,0,119,114,144,0.012595,0.008445,0.012723,1,1,1,2404.4
random,2,152,1,15.566,20.581,0.9895,0.9895,33,33,1,0,120,114,144,0.012626,0.021465,0.012608,1,1,1,2404.4
random,2,153,1,14.232,17.115,0.9888,0.9888,31,31,2,0,120,114,145,0.012579,0.017619,0.012499,1,1,1,2404.4
random,2,154,11,14.106,16.819,0.9887,0.9887,31,31,4,0,125,116,149,0.012535,0.017295,0.012487,1,1,1,2404.4
random,2,155,11,14.591,17.445,0.9893,0.9893,31,31,6,0,127,121,153,0.013264,0.017909,0.012601,1,1,1,2404.4
random,2,156,1,14.591,17.445,0.9887,0.9887,31,31,6,0,127,121,154,0.013264,0.017909,0.012601,1,1,1,2404.4
random,2,157,1,14.227,17.014,0.988,0.988,31,31,7,0,127,121,155,0.012617,0.017503,0.01256,1,1,1,2404.4
random,2,158,1,14.387,17.387,0.9883,0.9883,27,27,8,0,128,121,155,0.012486,0.017899,0.012775,1,1,1,2404.4
random,2,159,1,14.3,17.265,0.9886,0.9886,27,27,9,0,129,121,155,0.012559,0.017788,0.012552,1,1,1,2404.4
random,2,160,11,14.575,17.281,0.9859,0.9859,27,27,10,0,129,125,162,0.01254,0.017703,0.013483,1,1,1,2404.4
random,2,161,11,14.528,17.16,0.9872,0.9872,22,22,14,0,134,128,165,0.012532,0.017569,0.013483,1,1,1,2404.4
random,2,162,1,14.243,17.075,0.9877,0.9877,22,22,14,0,134,129,165,0.012532,0.017569,0.012629,1,1,1,2404.4
random,2,163,10,14.283,17.095,0.9868,0.9868,22,22,15,0,140,129,169,0.012738,0.017579,0.012533,1,1,1,2404.4
random,2,164,11,14.527,17.72,0.9881,0.9881,22,22,17,0,144,133,172,0.012648,0.018284,0.012648,1,1,1,2404.4
random,2,165,11,14.256,17.144,0.9885,0.9885,22,22,19,0,147,137,176,0.012603,0.017649,0.012517,1,1,1,2404.4
random,2,166,1,14.131,16.88,0.9879,0.9879,20,17,20,0,147,137,177,0.012499,0.017363,0.012532,1,1,1,2404.4
random,2,167,11,14.145,16.881,0.9903,0.9903,20,17,20,0,150,143,179,0.012539,0.017363,0.012532,1,1,1,2404.4
random,2,168,11,14.399,17.391,0.9923,0.9923,22,17,22,0,152,150,181,0.012539,0.017907,0.012752,1,1,1,2404.4
random,2,169,1,14.325,17.3,0.9926,0.9926,24,17,24,0,153,150,181,0.012497,0.017816,0.012661,1,1,1,2404.4
random,2,170,1,14.403,17.292,0.9928,0.9928,25,10,25,0,154,150,181,0.012604,0.017789,0.012815,1,1,1,2404.4
random,2,171,1,14.301,17.311,0.9923,0.9923,26,10,26,0,154,150,182,0.012522,0.017841,0.012539,1,1,1,2404.4
random,2,172,1,14.332,17.323,0.9919,0.9919,27,10,27,0,154,150,183,0.012609,0.017847,0.012539,1,1,1,2404.4
random,2,173,1,14.343,17.323,0.9914,0.9914,27,10,27,0,154,150,184,0.012609,0.017847,0.012573,1,1,1,2404.4
random,2,174,11,14.396,17.299,0.9931,0.9931,28,6,28,0,156,157,186,0.012577,0.017797,0.012815,1,1,1,2404.4
random,2,175,1,14.374,17.356,0.9926,0.9926,30,6,30,0,156,157,187,0.012564,0.017875,0.012683,1,1,1,2404.4
random,2,176,1,14.287,17.157,0.9929,0.9929,31,6,31,0,157,157,187,0.012617,0.017661,0.012584,1,1,1,2404.4
random,2,177,11,14.683,18.089,0.9922,0.9922,33,6,33,0,158,162,192,0.012631,0.018684,0.012735,1,1,1,2404.4
random,2,178,1,14.684,18.089,0.9925,0.9925,33,3,33,0,159,162,192,0.012634,0.018684,0.012735,1,1,1,2404.4
random,2,179,1,14.256,17.103,0.9928,0.9928,34,3,34,0,160,162,192,0.012634,0.0176,0.012535,1,1,1,2404.4
least_connections,1,0,0,15.821,25.034,1.0,1.0,0,0,0,0,0,0,0,0.01269,0.008367,0.026405,1,1,1,2448.2
least_connections,1,1,11,15.655,24.693,0.9837,0.9837,38,0,38,4,4,3,4,0.012614,0.008315,0.026035,1,1,1,2448.2
least_connections,1,2,1,16.145,24.714,1.0,1.0,38,0,38,4,4,4,4,0.012828,0.009572,0.026035,1,1,1,2448.2
least_connections,1,3,1,16.029,24.401,0.9883,0.9883,38,0,38,5,5,4,4,0.012828,0.009572,0.025687,1,1,1,2448.2
least_connections,1,4,1,15.832,25.084,0.9899,0.9899,38,0,38,6,5,5,4,0.012694,0.008342,0.026461,1,1,1,2448.2
least_connections,1,5,11,16.164,24.982,0.9968,0.9968,38,0,38,8,8,9,8,0.012598,0.009536,0.026358,1,1,1,2448.2
least_connections,1,6,1,15.814,24.958,0.9971,0.9971,38,0,38,9,9,9,8,0.012683,0.008438,0.026322,1,1,1,2448.2
least_connections,1,7,11,15.688,24.818,0.9985,0.9985,38,0,38,11,13,12,12,0.012466,0.008408,0.02619,1,1,1,2448.2
least_connections,1,8,1,15.688,24.818,0.9945,0.9945,38,0,38,11,14,12,12,0.012466,0.008408,0.02619,1,1,1,2448.2
least_connections,1,9,11,15.568,24.52,0.9967,0.9967,38,0,38,12,15,17,17,0.012456,0.008387,0.02586,1,1,1,2448.2
least_connections,1,10,1,15.871,25.138,0.9944,0.9944,38,0,38,14,15,18,17,0.012609,0.008473,0.02653,1,1,1,2448.2
least_connections,1,11,1,15.78,24.82,0.9977,0.9977,38,0,38,15,16,18,17,0.01266,0.008509,0.026171,1,1,1,2448.2
least_connections,1,12,1,15.616,24.493,0.9993,0.9993,38,0,38,16,17,18,17,0.012571,0.008459,0.025818,1,1,1,2448.2
least_connections,1,13,1,15.631,24.498,0.9993,0.9993,38,0,38,16,18,18,17,0.012617,0.008459,0.025818,1,1,1,2448.2
least_connections,1,14,1,15.827,25.016,0.9979,0.9979,38,0,38,17,18,19,17,0.012617,0.008469,0.026394,1,1,1,2448.2
least_connections,1,15,11,16.301,25.212,0.9981,0.9981,38,0,38,18,23,21,21,0.013748,0.00867,0.026486,1,1,1,2448.2
least_connections,1,16,1,15.734,24.772,0.9986,0.9986,38,0,38,20,23,22,21,0.012634,0.008446,0.026121,1,1,1,2448.2
least_connections,1,17,1,16.021,25.472,0.9969,0.9969,38,0,38,21,24,22,21,0.012721,0.008454,0.026889,1,1,1,2448.2
least_connections,1,18,1,16.009,25.46,0.997,0.997,38,0,38,21,24,23,21,0.0126,0.008538,0.026889,1,1,1,2448.2
least_connections,1,19,1,15.666,24.533,0.995,0.995,38,0,38,22,25,23,21,0.0126,0.008538,0.025859,1,1,1,2448.2
least_connections,1,20,1,15.568,24.49,0.9947,0.9947,38,0,38,23,25,24,21,0.012453,0.008423,0.025828,1,1,1,2448.2
least_connections,1,21,11,15.707,24.326,0.9964,0.9964,38,0,38,24,27,29,25,0.012996,0.00854,0.025585,1,1,1,2448.2
least_connections,1,22,1,15.819,25.113,0.9944,0.9944,38,0,38,26,27,30,25,0.012542,0.008406,0.02651,1,1,1,2448.2
least_connections,1,23,1,15.575,24.489,0.9945,0.9945,38,0,38,27,28,30,25,0.012519,0.008387,0.025819,1,1,1,2448.2
least_connections,1,24,1,15.575,24.489,0.9941,0.9941,38,0,38,27,29,30,25,0.012519,0.008387,0.025819,1,1,1,2448.2
least_connections,1,25,1,16.431,25.721,0.9923,0.9923,38,0,38,28,29,31,25,0.013647,0.008584,0.027063,1,1,1,2448.2
least_connections,1,26,1,15.794,24.753,0.9901,0.9901,38,0,38,29,29,32,25,0.012884,0.008426,0.026072,1,1,1,2448.2
least_connections,1,27,1,15.789,24.849,0.9898,0.9898,38,0,38,30,30,32,25,0.012739,0.008434,0.026195,1,1,1,2448.2
least_connections,1,28,1,15.859,25.184,0.9928,0.9928,38,0,38,31,30,32,26,0.012582,0.008412,0.026584,1,1,1,2448.2
least_connections,1,29,10,15.855,25.182,0.9924,0.9924,38,0,38,31,33,36,29,0.012568,0.008412,0.026584,1,1,1,2448.2
least_connections,1,30,1,15.586,24.482,0.9903,0.9855,34,0,34,33,33,37,29,0.012568,0.008385,0.025806,0,1,1,2448.2
least_connections,1,31,1,11.166,12.551,0.9903,0.9855,34,0,34,33,34,37,29,0.012556,0.008433,0.012509,0,1,1,2448.2
least_connections,1,32,1,11.175,12.587,0.9882,0.9823,34,0,34,33,34,38,29,0.012589,0.008368,0.012569,0,1,1,2448.2
least_connections,1,33,1,11.213,12.63,0.9909,0.9863,33,0,30,33,34,38,30,0.012591,0.008413,0.012634,0,1,1,2448.2
least_connections,1,34,1,11.795,13.413,0.9931,0.9898,33,0,30,33,34,38,31,0.013397,0.008573,0.013415,0,1,1,2448.2
least_connections,1,35,1,11.795,13.413,0.9932,0.9898,33,0,30,33,35,38,31,0.013397,0.008573,0.013415,0,1,1,2448.2
least_connections,1,36,1,11.194,12.576,0.9914,0.9871,33,0,30,33,35,39,31,0.01257,0.008435,0.012577,0,1,1,2448.2
least_connections,1,37,1,11.21,12.626,0.9935,0.9904,33,0,25,33,35,39,32,0.012576,0.008421,0.012632,0,1,1,2448.2
least_connections,1,38,1,11.261,12.66,0.9915,0.9878,33,0,25,33,35,40,32,0.012594,0.008521,0.012667,0,1,1,2448.2
least_connections,1,39,1,11.505,12.605,0.9893,0.985,33,0,25,33,35,41,32,0.012582,0.009326,0.012608,0,1,1,2448.2
least_connections,1,40,1,11.302,12.783,0.9898,0.985,33,0,25,33,36,41,32,0.012801,0.008487,0.012619,0,1,1,2448.2
least_connections,1,41,1,11.302,12.783,0.9876,0.9821,33,0,25,33,36,42,32,0.012801,0.008487,0.012619,0,1,1,2448.2
least_connections,1,42,1,11.248,12.716,0.988,0.9821,33,0,18,33,37,42,32,0.012569,0.008442,0.012732,0,1,1,2448.2
least_connections,1,43,1,11.276,12.784,0.988,0.9821,33,0,18,33,38,42,32,0.01281,0.008469,0.012549,0,1,1,2448.2
least_connections,1,44,1,11.354,12.828,0.9878,0.9821,33,0,18,33,39,42,32,0.012797,0.008434,0.012831,0,1,1,2448.2
least_connections,1,45,1,11.206,12.628,0.9859,0.9789,33,0,13,33,39,43,32,0.012566,0.008416,0.012635,0,1,1,2448.2
least_connections,1,46,1,11.512,13.391,0.9886,0.983,33,0,13,33,39,43,33,0.013475,0.008425,0.012635,0,1,1,2448.2
least_connections,1,47,1,11.805,13.512,0.9884,0.983,33,0,13,33,40,43,33,0.013475,0.008425,0.013516,0,1,1,2448.2
least_connections,1,48,1,11.227,12.747,0.9879,0.983,33,0,13,33,41,43,33,0.01253,0.00838,0.012771,0,1,1,2448.2
least_connections,1,49,1,11.219,12.634,0.9863,0.98,33,0,9,33,41,44,33,0.012638,0.008419,0.0126,0,1,1,2448.2
least_connections,1,50,1,11.214,12.669,0.989,0.9838,33,0,9,33,41,44,34,0.012507,0.008447,0.012687,0,1,1,2448.2
least_connections,1,51,1,11.178,12.546,0.9885,0.9838,33,0,9,33,42,44,34,0.012517,0.008467,0.012549,0,1,1,2448.2
least_connections,1,52,1,11.194,12.563,0.9877,0.9838,33,0,9,33,43,44,34,0.012565,0.008467,0.012549,0,1,1,2448.2
least_connections,1,53,1,11.16,12.561,0.9863,0.981,33,0,9,33,43,45,34,0.012565,0.008389,0.012525,0,1,1,2448.2
least_connections,1,54,1,11.21,12.644,0.9848,0.978,33,0,4,33,43,46,34,0.012535,0.00844,0.012656,0,1,1,2448.2
least_connections,1,55,1,11.916,13.614,0.983,0.9749,33,0,4,33,43,47,34,0.013367,0.008738,0.013642,0,1,1,2448.2
least_connections,1,56,1,11.209,12.636,0.981,0.9717,33,0,4,33,43,48,34,0.012671,0.008637,0.01232,0,1,1,2448.2
least_connections,1,57,1,11.21,12.566,0.9789,0.9684,33,0,1,33,43,49,34,0.012567,0.008503,0.012559,0,1,1,2448.2
least_connections,1,58,1,11.2,12.557,0.9788,0.9684,33,0,1,33,44,49,34,0.012539,0.008503,0.012559,0,1,1,2448.2
least_connections,1,59,1,11.211,12.634,0.9766,0.965,33,0,1,33,44,50,34,0.012539,0.00845,0.012644,0,1,1,2448.2
least_connections,1,60,1,11.212,12.59,0.9764,0.965,33,0,1,33,45,50,34,0.012593,0.008478,0.012565,0,1,1,2448.2
least_connections,1,61,1,11.178,12.565,0.9797,0.9698,33,0,1,33,45,50,35,0.01251,0.008454,0.012571,0,1,1,2448.2
least_connections,1,62,1,11.194,12.607,0.9793,0.9698,30,0,0,30,46,50,35,0.012616,0.008444,0.012522,0,1,1,2448.2
least_connections,1,63,1,11.515,13.494,0.9788,0.9698,30,0,0,30,47,50,35,0.013593,0.008351,0.0126,0,1,1,2448.2
least_connections,1,64,1,11.515,13.494,0.977,0.9665,30,0,0,30,47,51,35,0.013593,0.008351,0.0126,0,1,1,2448.2
least_connections,1,65,1,11.477,13.387,0.9802,0.9711,30,0,0,30,47,51,36,0.012593,0.008362,0.013475,0,1,1,2448.2
least_connections,1,66,1,11.206,12.536,0.9832,0.9753,25,0,0,25,47,51,37,0.012537,0.008554,0.012527,0,1,1,2448.2
least_connections,1,67,1,11.169,12.532,0.9814,0.9724,25,0,0,25,47,52,37,0.012537,0.008478,0.012491,0,1,1,2448.2
least_connections,1,68,1,11.225,12.638,0.9842,0.9764,25,0,0,25,47,52,38,0.012598,0.008434,0.012642,0,1,1,2448.2
least_connections,1,69,0,11.288,12.77,0.9842,0.9764,25,0,0,25,47,52,38,0.012784,0.008439,0.012642,0,1,1,2448.2
least_connections,1,70,1,11.256,12.76,0.9824,0.9735,20,0,0,20,47,53,38,0.012784,0.008439,0.012544,0,1,1,2448.2
least_connections,1,71,1,11.196,12.562,0.9804,0.9706,20,0,0,20,47,54,38,0.012547,0.008476,0.012564,0,1,1,2448.2
least_connections,1,72,1,11.371,12.814,0.9804,0.9706,20,0,0,20,48,54,38,0.012824,0.008565,0.012725,0,1,1,2448.2
least_connections,1,73,1,11.263,12.787,0.9831,0.9746,20,0,0,20,48,54,39,0.012813,0.008424,0.012552,0,1,1,2448.2
least_connections,1,74,1,11.196,12.622,0.9829,0.9746,17,0,0,17,49,54,39,0.012633,0.008433,0.012523,0,1,1,2448.2
least_connections,1,75,1,11.193,12.612,0.9826,0.9746,17,0,0,17,50,54,39,0.012622,0.008433,0.012523,0,1,1,2448.2
least_connections,1,76,1,11.165,12.611,0.981,0.9718,17,0,0,17,50,55,39,0.012622,0.00836,0.012514,0,1,1,2448.2
least_connections,1,77,1,11.327,12.766,0.9806,0.9718,17,0,0,17,51,55,39,0.012555,0.008637,0.012789,0,1,1,2448.2
least_connections,1,78,1,11.187,12.581,0.979,0.969,12,0,0,12,51,56,39,0.012483,0.008487,0.012592,0,1,1,2448.2
least_connections,1,79,1,11.258,12.715,0.9772,0.966,12,0,0,12,51,57,39,0.012723,0.008409,0.012643,0,1,1,2448.2
least_connections,1,80,1,11.197,12.589,0.98,0.9702,12,0,0,12,51,57,40,0.012561,0.008439,0.012592,0,1,1,2448.2
least_connections,1,81,1,11.286,12.804,0.9782,0.9674,12,0,0,12,51,58,40,0.012827,0.008439,0.012592,0,1,1,2448.2
least_connections,1,82,1,11.294,12.793,0.9781,0.9674,8,0,0,8,52,58,40,0.012827,0.008567,0.012487,0,1,1,2448.2
least_connections,1,83,1,11.348,13.032,0.9778,0.9674,8,0,0,8,53,58,40,0.013081,0.008374,0.012588,0,1,1,2448.2
least_connections,1,84,1,11.533,12.714,0.9806,0.9714,8,0,0,8,53,58,41,0.012735,0.009333,0.01253,0,1,1,2448.2
least_connections,1,85,1,11.415,13.016,0.9831,0.975,8,0,0,8,53,58,42,0.013042,0.008421,0.012782,0,1,1,2448.2
least_connections,1,86,1,11.32,12.888,0.9855,0.9784,5,0,0,5,53,58,43,0.012583,0.008456,0.012922,0,1,1,2448.2
least_connections,1,87,1,11.32,12.888,0.9839,0.976,5,0,0,5,53,59,43,0.012583,0.008456,0.012922,0,1,1,2448.2
least_connections,1,88,1,11.287,12.816,0.9823,0.9735,5,0,0,5,53,60,43,0.012845,0.008464,0.012553,0,1,1,2448.2
least_connections,1,89,1,11.32,12.802,0.9806,0.9709,5,0,0,5,53,61,43,0.012573,0.008561,0.012827,0,1,1,2448.2
least_connections,1,90,1,11.177,12.567,0.9829,0.9829,0,0,0,0,53,61,44,0.012568,0.008406,0.012558,1,1,1,2448.2
least_connections,1,91,11,15.708,24.859,0.9751,0.9751,2,2,0,0,57,67,45,0.026229,0.008368,0.012527,1,1,1,2448.2
least_connections,1,92,1,15.832,24.961,0.9776,0.9776,3,3,0,0,57,67,46,0.026343,0.008626,0.012527,1,1,1,2448.2
least_connections,1,93,1,16.073,25.034,0.9758,0.9758,3,3,0,0,57,68,46,0.026343,0.008626,0.01325,1,1,1,2448.2
least_connections,1,94,1,15.676,24.758,0.9739,0.9739,4,4,0,0,57,69,46,0.026122,0.008423,0.012483,1,1,1,2448.2
least_connections,1,95,11,16.217,26.013,0.9743,0.9743,5,5,0,0,59,74,50,0.027505,0.008562,0.012585,1,1,1,2448.2
least_connections,1,96,11,15.894,24.863,0.9767,0.9767,7,7,0,0,62,78,54,0.026179,0.008483,0.013019,1,1,1,2448.2
least_connections,1,97,1,15.74,24.944,0.9785,0.9785,9,9,0,0,62,78,55,0.026329,0.008409,0.012481,1,1,1,2448.2
least_connections,1,98,1,15.74,24.944,0.9768,0.9768,9,9,0,0,62,79,55,0.026329,0.008409,0.012481,1,1,1,2448.2
least_connections,1,99,1,15.584,24.476,0.9749,0.9749,10,10,0,0,62,80,55,0.025804,0.008421,0.012527,1,1,1,2448.2
least_connections,1,100,1,15.686,24.744,0.973,0.973,11,11,0,0,62,81,55,0.026098,0.008403,0.012556,1,1,1,2448.2
least_connections,1,101,1,15.576,24.402,0.9748,0.9748,12,12,0,0,62,81,56,0.025711,0.008401,0.012617,1,1,1,2448.2
least_connections,1,102,11,15.764,24.884,0.9814,0.9814,13,13,0,0,67,83,60,0.026243,0.008396,0.012654,1,1,1,2448.2
least_connections,1,103,0,15.72,24.764,0.9814,0.9814,15,15,0,0,67,83,60,0.02611,0.008396,0.012654,1,1,1,2448.2
least_connections,1,104,1,15.734,24.773,0.9829,0.9829,15,15,0,0,67,83,61,0.02611,0.008357,0.012736,1,1,1,2448.2
least_connections,1,105,1,16.153,25.259,0.9814,0.9814,16,16,0,0,67,84,61,0.026579,0.008498,0.013381,1,1,1,2448.2
least_connections,1,106,1,15.636,24.553,0.9827,0.9827,17,17,0,0,67,84,62,0.025883,0.008436,0.012588,1,1,1,2448.2
least_connections,1,107,1,15.736,24.666,0.984,0.984,18,18,0,0,67,84,63,0.025991,0.008476,0.012741,1,1,1,2448.2
least_connections,1,108,1,15.798,24.909,0.9825,0.9825,19,19,0,0,67,85,63,0.026261,0.008393,0.012741,1,1,1,2448.2
least_connections,1,109,1,15.711,24.883,0.981,0.981,19,19,0,0,67,86,63,0.026261,0.008393,0.012478,1,1,1,2448.2
least_connections,1,110,1,15.584,24.474,0.9794,0.9794,20,20,0,0,67,87,63,0.025795,0.008369,0.012589,1,1,1,2448.2
least_connections,1,111,1,15.789,25.028,0.9777,0.9777,21,21,0,0,67,88,63,0.026422,0.008464,0.012481,1,1,1,2448.2
least_connections,1,112,1,15.812,25.132,0.9791,0.9791,22,22,0,0,67,88,64,0.026542,0.008451,0.012444,1,1,1,2448.2
least_connections,1,113,1,15.919,25.225,0.9803,0.9803,23,23,0,0,67,88,65,0.026637,0.008599,0.01252,1,1,1,2448.2
least_connections,1,114,1,15.919,25.225,0.9814,0.9814,23,23,0,0,67,88,66,0.026637,0.008599,0.01252,1,1,1,2448.2
least_connections,1,115,1,15.869,24.562,0.9798,0.9798,24,24,0,0,67,89,66,0.025883,0.009047,0.012676,1,1,1,2448.2
least_connections,1,116,1,15.759,24.872,0.9809,0.9809,25,25,0,0,67,89,67,0.026234,0.008433,0.01261,1,1,1,2448.2
least_connections,1,117,1,15.854,24.959,0.9793,0.9793,26,26,0,0,67,90,67,0.026304,0.008407,0.012851,1,1,1,2448.2
least_connections,1,118,1,15.802,25.025,0.9804,0.9804,27,27,0,0,67,90,68,0.026412,0.008452,0.012541,1,1,1,2448.2
least_connections,1,119,1,15.648,24.39,0.9788,0.9788,28,28,0,0,67,91,68,0.025707,0.008697,0.012541,1,1,1,2448.2
least_connections,1,120,11,15.675,24.398,0.9845,1.0,28,28,0,0,72,93,72,0.025707,0.008697,0.012621,1,0,1,2448.2
least_connections,1,121,1,11.212,12.584,0.9832,1.0,29,29,0,0,72,94,72,0.012584,0.008472,0.01258,1,0,1,2448.2
least_connections,1,122,1,11.207,12.6,0.984,1.0,29,29,0,0,72,94,73,0.012569,0.008448,0.012603,1,0,1,2448.2
least_connections,1,123,1,11.216,12.581,0.9848,0.9998,29,29,0,0,72,94,74,0.012494,0.008562,0.012591,1,0,1,2448.2
least_connections,1,124,1,11.502,12.64,0.9855,0.9996,29,29,0,0,72,94,75,0.012651,0.009319,0.012537,1,0,1,2448.2
least_connections,1,125,1,11.504,12.643,0.9861,0.9993,29,29,0,0,72,94,76,0.012655,0.009319,0.012537,1,0,1,2448.2
least_connections,1,126,1,11.279,12.787,0.9871,0.9996,29,29,0,0,73,94,76,0.012655,0.008379,0.012802,1,0,1,2448.2
least_connections,1,127,1,11.258,12.727,0.9859,0.9996,29,29,0,0,73,95,76,0.012592,0.008439,0.012742,1,0,1,2448.2
least_connections,1,128,1,11.22,12.596,0.9846,0.9996,29,29,0,0,73,96,76,0.012563,0.008496,0.0126,1,0,1,2448.2
least_connections,1,129,1,11.159,12.537,0.9852,0.9993,29,29,0,0,73,96,77,0.012533,0.008408,0.012537,1,0,1,2448.2
least_connections,1,130,1,11.223,12.746,0.9862,0.9996,29,29,0,0,74,96,77,0.012775,0.008405,0.012489,1,0,1,2448.2
least_connections,1,131,1,11.223,12.746,0.9871,0.9998,29,29,0,0,75,96,77,0.012775,0.008405,0.012489,1,0,1,2448.2
least_connections,1,132,1,11.459,13.34,0.9879,1.0,29,29,0,0,76,96,77,0.013423,0.008363,0.012591,1,0,1,2448.2
least_connections,1,133,1,11.192,12.589,0.9867,1.0,29,29,0,0,76,97,77,0.012545,0.008437,0.012594,1,0,1,2448.2
least_connections,1,134,1,11.197,12.737,0.9874,0.9998,29,29,0,0,76,97,78,0.012764,0.008333,0.012494,1,0,1,2448.2
least_connections,1,135,1,11.219,12.65,0.9881,1.0,29,29,0,0,77,97,78,0.012573,0.008425,0.012659,1,0,1,2448.2
least_connections,1,136,1,11.155,12.523,0.9888,1.0,29,29,0,0,78,97,78,0.012514,0.008426,0.012524,1,0,1,2448.2
least_connections,1,137,1,11.155,12.523,0.9895,1.0,29,29,0,0,78,97,79,0.012514,0.008426,0.012524,1,0,1,2448.2
least_connections,1,138,1,11.262,12.754,0.99,0.9998,29,29,0,0,78,97,80,0.012548,0.00846,0.012777,1,0,1,2448.2
least_connections,1,139,1,11.139,12.541,0.989,0.9998,29,29,0,0,78,98,80,0.012546,0.008378,0.012494,1,0,1,2448.2
least_connections,1,140,1,11.167,12.591,0.9897,1.0,29,29,0,0,79,98,80,0.012533,0.008372,0.012597,1,0,1,2448.2
least_connections,1,141,1,11.344,12.961,0.9904,1.0,29,29,0,0,80,98,80,0.013012,0.008517,0.012502,1,0,1,2448.2
least_connections,1,142,0,11.299,12.543,0.9904,1.0,29,29,0,0,80,98,80,0.012548,0.008847,0.012502,1,0,1,2448.2
least_connections,1,143,1,11.336,12.607,0.9909,1.0,29,29,0,0,81,98,80,0.012548,0.008847,0.012613,1,0,1,2448.2
least_connections,1,144,1,11.19,12.614,0.99,1.0,29,29,0,0,81,99,80,0.012521,0.008425,0.012624,1,0,1,2448.2
least_connections,1,145,1,11.203,12.536,0.9906,1.0,29,29,0,0,81,99,81,0.012529,0.008543,0.012537,1,0,1,2448.2
least_connections,1,146,1,11.256,12.736,0.9911,1.0,29,29,0,0,81,99,82,0.012755,0.008444,0.012569,1,0,1,2448.2
least_connections,1,147,1,11.172,12.553,0.9917,1.0,29,29,0,0,82,99,82,0.012554,0.008414,0.012547,1,0,1,2448.2
least_connections,1,148,1,11.49,13.414,0.9922,1.0,29,29,0,0,83,99,82,0.01351,0.008414,0.012547,1,0,1,2448.2
least_connections,1,149,1,11.577,13.415,0.9913,1.0,29,29,0,0,83,100,82,0.01351,0.008664,0.012557,1,0,1,2448.2
least_connections,1,150,1,11.236,12.694,0.9919,0.9919,29,29,0,0,83,100,83,0.0125,0.008493,0.012716,1,1,1,2448.2
least_connections,1,151,11,14.456,17.38,0.9934,0.9934,29,29,2,0,87,103,87,0.012933,0.017874,0.01256,1,1,1,2448.2
least_connections,1,152,11,14.641,17.455,0.9909,0.9909,27,27,4,0,89,109,90,0.012651,0.01791,0.013362,1,1,1,2448.2
least_connections,1,153,1,14.659,17.566,0.9914,0.9914,27,27,5,0,89,109,91,0.012581,0.018033,0.013362,1,1,1,2448.2
least_connections,1,154,1,14.428,17.497,0.9918,0.9918,27,27,5,0,89,109,92,0.012581,0.018033,0.012671,1,1,1,2448.2
least_connections,1,155,11,14.601,17.361,0.9895,0.9895,27,27,6,0,89,114,98,0.013507,0.017789,0.012507,1,1,1,2448.2
least_connections,1,156,1,14.209,17.068,0.9897,0.9897,23,23,8,0,89,114,99,0.012502,0.017569,0.012557,1,1,1,2448.2
least_connections,1,157,11,14.425,17.319,0.9933,0.9933,23,23,10,0,94,115,104,0.012526,0.017805,0.012943,1,1,1,2448.2
least_connections,1,158,1,14.481,17.397,0.9933,0.9933,23,23,11,0,94,115,105,0.012622,0.017893,0.012929,1,1,1,2448.2
least_connections,1,159,11,14.481,17.397,0.9912,0.9912,23,23,11,0,96,121,108,0.012622,0.017893,0.012929,1,1,1,2448.2
least_connections,1,160,1,14.223,17.123,0.9913,0.9913,19,19,13,0,96,121,109,0.012548,0.017631,0.012491,1,1,1,2448.2
least_connections,1,161,11,14.303,17.221,0.9905,0.9905,19,19,14,0,99,126,112,0.012584,0.017736,0.012588,1,1,1,2448.2
least_connections,1,162,1,14.863,17.906,0.9905,0.9905,19,19,16,0,99,126,113,0.01345,0.018401,0.012737,1,1,1,2448.2
least_connections,1,163,11,14.519,17.341,0.9911,0.9911,19,19,18,0,103,130,116,0.012612,0.017808,0.013138,1,1,1,2448.2
least_connections,1,164,1,14.519,17.341,0.9918,0.9918,19,19,18,0,104,130,116,0.012612,0.017808,0.013138,1,1,1,2448.2
least_connections,1,165,1,15.327,17.587,0.9924,0.9924,19,14,19,0,105,130,116,0.014721,0.017905,0.013355,1,1,1,2448.2
least_connections,1,166,1,14.219,17.218,0.9925,0.9925,20,14,20,0,105,130,117,0.012549,0.017737,0.012371,1,1,1,2448.2
least_connections,1,167,1,14.31,17.216,0.9925,0.9925,21,14,21,0,105,130,118,0.012625,0.017726,0.012578,1,1,1,2448.2
least_connections,1,168,1,14.287,17.371,0.9925,0.9925,22,11,22,0,105,130,119,0.012387,0.017905,0.012568,1,1,1,2448.2
least_connections,1,169,1,14.287,17.371,0.9925,0.9925,22,11,22,0,105,130,120,0.012387,0.017905,0.012568,1,1,1,2448.2
least_connections,1,170,0,14.334,17.294,0.9925,0.9925,23,11,23,0,105,130,120,0.012559,0.017812,0.012632,1,1,1,2448.2
least_connections,1,171,11,14.388,17.443,0.9924,0.9924,25,11,25,0,108,134,124,0.012579,0.017981,0.012604,1,1,1,2448.2
least_connections,1,172,1,14.275,17.244,0.9923,0.9923,26,8,26,0,108,134,125,0.012389,0.01775,0.012686,1,1,1,2448.2
least_connections,1,173,1,14.247,17.134,0.9929,0.9929,27,8,27,0,109,134,125,0.012548,0.017644,0.012549,1,1,1,2448.2
least_connections,1,174,1,14.247,17.134,0.9929,0.9929,27,8,27,0,109,134,126,0.012548,0.017644,0.012549,1,1,1,2448.2
least_connections,1,175,1,15.074,17.893,0.9928,0.9928,28,8,28,0,109,134,127,0.013933,0.018333,0.012955,1,1,1,2448.2
least_connections,1,176,1,14.347,17.36,0.9926,0.9926,29,4,29,0,109,134,128,0.012553,0.017889,0.0126,1,1,1,2448.2
least_connections,1,177,1,14.212,16.924,0.9925,0.9925,30,4,30,0,109,134,129,0.012767,0.017386,0.012482,1,1,1,2448.2
least_connections,1,178,11,14.231,17.093,0.9912,0.9912,32,4,32,0,111,139,133,0.012528,0.017596,0.01257,1,1,1,2448.2
least_connections,1,179,1,14.231,17.093,0.991,0.991,32,4,32,0,111,139,134,0.012528,0.017596,0.01257,1,1,1,2448.2
least_connections,2,0,0,16.037,25.724,1.0,1.0,0,0,0,0,0,0,0,0.012562,0.008363,0.027187,1,1,1,2450.0
least_connections,2,1,1,15.746,24.937,0.3333,0.3333,3,0,0,3,0,1,0,0.012562,0.008363,0.026312,1,1,1,2450.0
least_connections,2,2,1,15.85,25.061,0.6667,0.6667,35,0,35,4,1,1,0,0.012792,0.008334,0.026424,1,1,1,2450.0
least_connections,2,3,1,15.851,25.073,0.6,0.6,35,0,35,5,1,2,0,0.012688,0.008416,0.026449,1,1,1,2450.0
least_connections,2,4,1,15.856,25.098,0.6667,0.6667,35,0,35,6,2,2,0,0.01259,0.00849,0.026488,1,1,1,2450.0
least_connections,2,5,11,15.713,24.787,0.9259,0.9259,35,0,35,8,7,4,4,0.012547,0.008445,0.026147,1,1,1,2450.0
least_connections,2,6,11,15.713,24.787,0.9468,0.9468,35,0,35,8,11,9,6,0.012547,0.008445,0.026147,1,1,1,2450.0
least_connections,2,7,11,15.68,24.706,0.9985,0.9985,35,0,35,10,13,12,12,0.012533,0.008449,0.026059,1,1,1,2450.0
least_connections,2,8,11,15.696,24.741,0.9897,0.9897,35,0,35,13,16,18,14,0.012551,0.008442,0.026096,1,1,1,2450.0
least_connections,2,9,1,16.232,25.197,0.9893,0.9893,35,0,35,14,17,18,14,0.013752,0.008474,0.026469,1,1,1,2450.0
least_connections,2,10,1,15.708,24.811,0.9874,0.9874,35,0,35,15,18,18,14,0.012513,0.008432,0.026178,1,1,1,2450.0
least_connections,2,11,11,15.762,24.828,0.9867,0.9867,35,0,35,15,22,22,17,0.012675,0.008432,0.026178,1,1,1,2450.0
least_connections,2,12,1,15.677,24.68,0.9841,0.9841,35,0,35,17,23,22,17,0.012675,0.008343,0.026014,1,1,1,2450.0
least_connections,2,13,1,15.404,24.194,0.9822,0.9822,35,0,35,18,23,23,17,0.012468,0.008246,0.025497,1,1,1,2450.0
least_connections,2,14,11,16.911,27.449,0.9824,0.9824,35,0,35,22,27,27,20,0.013268,0.00844,0.029025,1,1,1,2450.0
least_connections,2,15,11,15.929,25.564,0.9858,0.9858,35,0,35,22,33,27,25,0.012357,0.008398,0.027032,1,1,1,2450.0
least_connections,2,16,1,15.97,25.579,0.9822,0.9822,35,0,35,22,34,27,25,0.012497,0.008381,0.027032,1,1,1,2450.0
least_connections,2,17,1,15.578,24.521,0.9783,0.9783,35,0,35,23,35,27,25,0.012497,0.008381,0.025857,1,1,1,2450.0
least_connections,2,18,11,15.54,24.473,0.9754,0.9754,35,0,35,24,40,29,29,0.012535,0.008285,0.025799,1,1,1,2450.0
least_connections,2,19,11,16.039,25.605,0.9719,0.9719,35,0,35,26,45,33,31,0.012697,0.008382,0.027039,1,1,1,2450.0
least_connections,2,20,1,15.91,25.066,0.9738,0.9738,35,0,35,28,45,34,31,0.012878,0.008431,0.02642,1,1,1,2450.0
least_connections,2,21,1,15.819,25.028,0.9702,0.9702,35,0,35,28,46,34,31,0.012501,0.008535,0.02642,1,1,1,2450.0
least_connections,2,22,1,15.697,24.7,0.972,0.972,35,0,35,29,46,35,31,0.012501,0.008535,0.026056,1,1,1,2450.0
least_connections,2,23,1,15.672,24.669,0.9684,0.9684,35,0,35,30,47,35,31,0.012624,0.008386,0.026007,1,1,1,2450.0
least_connections,2,24,1,15.813,24.787,0.97,0.97,35,0,35,31,47,36,31,0.012923,0.008411,0.026105,1,1,1,2450.0
least_connections,2,25,1,15.64,24.492,0.9712,0.9712,35,0,35,32,47,37,31,0.012635,0.008474,0.02581,1,1,1,2450.0
least_connections,2,26,0,15.802,24.799,0.9712,0.9712,35,0,35,33,47,37,31,0.012854,0.008427,0.026126,1,1,1,2450.0
least_connections,2,27,1,15.802,24.799,0.9679,0.9679,35,0,35,33,48,37,31,0.012854,0.008427,0.026126,1,1,1,2450.0
least_connections,2,28,1,15.495,24.405,0.9645,0.9645,34,0,31,34,49,37,31,0.012556,0.008207,0.025722,1,1,1,2450.0
least_connections,2,29,1,15.936,25.472,0.9609,0.9609,35,0,31,35,50,37,31,0.012481,0.008413,0.026915,1,1,1,2450.0
least_connections,2,30,11,15.774,24.672,0.9764,0.9958,37,0,31,37,52,41,36,0.012978,0.008374,0.025971,0,1,1,2450.0
least_connections,2,31,1,11.303,12.749,0.979,0.9974,37,0,27,37,52,41,37,0.012756,0.008468,0.012684,0,1,1,2450.0
least_connections,2,32,1,11.244,12.677,0.9814,0.9986,37,0,27,37,52,41,38,0.012615,0.008432,0.012684,0,1,1,2450.0
least_connections,2,33,1,11.22,12.615,0.9824,0.9975,37,0,27,37,52,42,38,0.012615,0.008432,0.012612,0,1,1,2450.0
least_connections,2,34,1,11.221,12.61,0.9845,0.9986,37,0,27,37,52,42,39,0.01254,0.008504,0.012618,0,1,1,2450.0
least_connections,2,35,1,11.363,13.034,0.9864,0.9994,37,0,27,37,52,42,40,0.012561,0.008442,0.013086,0,1,1,2450.0
least_connections,2,36,1,11.319,12.81,0.9873,0.9987,37,0,22,37,52,43,40,0.012729,0.00841,0.012819,0,1,1,2450.0
least_connections,2,37,1,11.211,12.606,0.988,0.9977,37,0,22,37,52,44,40,0.012601,0.008424,0.012607,0,1,1,2450.0
least_connections,2,38,1,11.165,12.593,0.9885,0.9966,37,0,22,37,52,45,40,0.012465,0.008424,0.012607,0,1,1,2450.0
least_connections,2,39,1,11.533,13.548,0.9888,0.9952,37,0,22,37,52,46,40,0.012465,0.008467,0.013668,0,1,1,2450.0
least_connections,2,40,1,11.208,12.603,0.9888,0.9936,37,0,16,37,52,47,40,0.012604,0.008421,0.012598,0,1,1,2450.0
least_connections,2,41,1,11.161,12.545,0.9908,0.9954,37,0,16,37,52,47,41,0.01249,0.008442,0.012551,0,1,1,2450.0
least_connections,2,42,1,11.361,12.843,0.9893,0.9954,37,0,16,37,53,47,41,0.012598,0.008614,0.01287,0,1,1,2450.0
least_connections,2,43,1,11.18,12.527,0.9893,0.9939,37,0,13,37,53,48,41,0.012527,0.008485,0.012527,0,1,1,2450.0
least_connections,2,44,1,11.18,12.527,0.9912,0.9956,37,0,13,37,53,48,42,0.012527,0.008485,0.012527,0,1,1,2450.0
least_connections,2,45,1,11.194,12.603,0.9928,0.997,37,0,13,37,53,48,43,0.012507,0.008462,0.012614,0,1,1,2450.0
least_connections,2,46,1,11.182,12.638,0.9928,0.9958,37,0,13,37,53,49,43,0.012651,0.008374,0.01252,0,1,1,2450.0
least_connections,2,47,1,11.179,12.572,0.9943,0.9971,37,0,13,37,53,49,44,0.012578,0.00844,0.012518,0,1,1,2450.0
least_connections,2,48,1,11.23,12.584,0.9942,0.9959,37,0,9,37,53,50,44,0.012581,0.008526,0.012584,0,1,1,2450.0
least_connections,2,49,1,11.207,12.611,0.9955,0.9972,37,0,9,37,53,50,45,0.012618,0.00846,0.012544,0,1,1,2450.0
least_connections,2,50,1,11.207,12.611,0.9953,0.9961,37,0,9,37,53,51,45,0.012618,0.00846,0.012544,0,1,1,2450.0
least_connections,2,51,1,11.323,12.759,0.9965,0.9974,37,0,9,37,53,51,46,0.01276,0.008465,0.012745,0,1,1,2450.0
least_connections,2,52,1,11.478,12.927,0.9975,0.9983,37,0,6,37,53,51,47,0.012824,0.008672,0.012938,0,1,1,2450.0
least_connections,2,53,1,11.204,12.603,0.9968,0.9983,37,0,6,37,54,51,47,0.012603,0.008407,0.012601,0,1,1,2450.0
least_connections,2,54,1,11.267,12.562,0.9977,0.9991,37,0,6,37,54,51,48,0.012557,0.008683,0.012562,0,1,1,2450.0
least_connections,2,55,1,11.201,12.589,0.9984,0.9996,37,0,6,37,54,51,49,0.012592,0.008448,0.012562,0,1,1,2450.0
least_connections,2,56,1,11.214,12.601,0.9984,0.9991,37,0,6,37,54,52,49,0.012592,0.008448,0.012602,0,1,1,2450.0
least_connections,2,57,1,11.342,13.013,0.9978,0.9991,37,0,1,37,55,52,49,0.012477,0.008475,0.013073,0,1,1,2450.0
least_connections,2,58,1,11.237,12.706,0.997,0.9991,37,0,1,37,56,52,49,0.012722,0.008426,0.012564,0,1,1,2450.0
least_connections,2,59,1,11.443,13.308,0.9961,0.9991,37,0,1,37,57,52,49,0.013391,0.008373,0.012565,0,1,1,2450.0
least_connections,2,60,1,11.279,12.831,0.9969,0.9996,35,0,0,35,57,52,50,0.012585,0.008393,0.012858,0,1,1,2450.0
least_connections,2,61,1,11.276,12.83,0.9976,0.9999,35,0,0,35,57,52,51,0.012578,0.008393,0.012858,0,1,1,2450.0
least_connections,2,62,1,11.137,12.572,0.9967,0.9999,35,0,0,35,58,52,51,0.012578,0.00832,0.012513,0,1,1,2450.0
least_connections,2,63,1,11.159,12.514,0.997,0.9996,35,0,0,35,58,53,51,0.012494,0.008466,0.012516,0,1,1,2450.0
least_connections,2,64,1,11.186,12.588,0.9972,0.9992,32,0,0,32,58,54,51,0.012589,0.008387,0.012581,0,1,1,2450.0
least_connections,2,65,1,11.211,12.619,0.9973,0.9986,32,0,0,32,58,55,51,0.012629,0.008477,0.012528,0,1,1,2450.0
least_connections,2,66,1,11.255,12.737,0.9965,0.9986,32,0,0,32,59,55,51,0.012757,0.008449,0.012559,0,1,1,2450.0
least_connections,2,67,0,11.244,12.708,0.9965,0.9986,32,0,0,32,59,55,51,0.012725,0.008449,0.012559,0,1,1,2450.0
least_connections,2,68,1,11.316,12.788,0.9956,0.9986,32,0,0,32,60,55,51,0.012725,0.008428,0.012795,0,1,1,2450.0
least_connections,2,69,1,11.568,13.348,0.9946,0.9986,24,0,0,24,61,55,51,0.012563,0.008707,0.013435,0,1,1,2450.0
least_connections,2,70,1,11.201,12.608,0.9935,0.9986,24,0,0,24,62,55,51,0.012546,0.008442,0.012615,0,1,1,2450.0
least_connections,2,71,1,11.282,12.751,0.9937,0.9978,24,0,0,24,62,56,51,0.012766,0.008462,0.012619,0,1,1,2450.0
least_connections,2,72,1,11.233,12.641,0.9937,0.9969,20,0,0,20,62,57,51,0.012644,0.008443,0.012613,0,1,1,2450.0
least_connections,2,73,1,11.233,12.641,0.9949,0.9979,20,0,0,20,62,57,52,0.012644,0.008443,0.012613,0,1,1,2450.0
least_connections,2,74,1,11.39,12.803,0.9959,0.9987,20,0,0,20,62,57,53,0.01282,0.008703,0.012646,0,1,1,2450.0
least_connections,2,75,1,11.36,12.835,0.9967,0.9993,20,0,0,20,62,57,54,0.012835,0.008415,0.012831,0,1,1,2450.0
least_connections,2,76,1,11.22,12.735,0.9959,0.9993,20,0,0,20,63,57,54,0.012761,0.008399,0.0125,0,1,1,2450.0
least_connections,2,77,1,11.181,12.567,0.9966,0.9997,15,0,0,15,63,57,55,0.012553,0.008421,0.012569,0,1,1,2450.0
least_connections,2,78,1,11.67,13.637,0.9957,0.9997,15,0,0,15,64,57,55,0.012826,0.008457,0.013727,0,1,1,2450.0
least_connections,2,79,1,11.67,13.637,0.9947,0.9997,15,0,0,15,65,57,55,0.012826,0.008457,0.013727,0,1,1,2450.0
least_connections,2,80,1,11.235,12.669,0.9935,0.9997,15,0,0,15,66,57,55,0.012559,0.008466,0.012681,0,1,1,2450.0
least_connections,2,81,1,11.193,12.604,0.994,0.9993,10,0,0,10,66,58,55,0.012558,0.008413,0.012609,0,1,1,2450.0
least_connections,2,82,1,11.172,12.54,0.9943,0.9988,10,0,0,10,66,59,55,0.012545,0.008473,0.012497,0,1,1,2450.0
least_connections,2,83,1,11.208,12.593,0.9952,0.9993,10,0,0,10,66,59,56,0.012595,0.008452,0.012576,0,1,1,2450.0
least_connections,2,84,1,11.204,12.623,0.996,0.9997,6,0,0,6,66,59,57,0.012578,0.008407,0.012628,0,1,1,2450.0
least_connections,2,85,1,11.204,12.623,0.9966,0.9999,6,0,0,6,66,59,58,0.012578,0.008407,0.012628,0,1,1,2450.0
least_connections,2,86,1,11.293,12.647,0.9957,0.9999,6,0,0,6,67,59,58,0.01261,0.008619,0.012651,0,1,1,2450.0
least_connections,2,87,1,11.221,12.615,0.9947,0.9999,6,0,0,6,68,59,58,0.012618,0.008454,0.012591,0,1,1,2450.0
least_connections,2,88,1,11.23,12.591,0.9952,0.9997,6,0,0,6,68,60,58,0.01257,0.008526,0.012593,0,1,1,2450.0
least_connections,2,89,1,11.381,12.782,0.9958,0.9999,3,0,0,3,68,60,59,0.01267,0.008679,0.012794,0,1,1,2450.0
least_connections,2,90,1,11.181,12.569,0.9964,0.9964,3,0,0,3,68,60,60,0.012571,0.008422,0.012549,1,1,1,2450.0
least_connections,2,91,11,11.181,12.569,0.9948,0.9948,3,0,0,3,73,64,62,0.012571,0.008422,0.012549,1,1,1,2450.0
least_connections,2,92,1,15.705,24.568,0.9952,0.9952,3,2,0,3,73,65,62,0.02588,0.00847,0.012764,1,1,1,2450.0
least_connections,2,93,1,15.64,24.543,0.9959,0.9959,3,3,0,0,73,65,63,0.025867,0.008422,0.01263,1,1,1,2450.0
least_connections,2,94,1,16.044,25.389,0.9964,0.9964,4,4,0,0,73,65,64,0.026779,0.008469,0.012883,1,1,1,2450.0
least_connections,2,95,1,16.023,24.78,0.9968,0.9968,5,5,0,0,73,66,64,0.026013,0.008377,0.01368,1,1,1,2450.0
least_connections,2,96,11,16.185,25.216,0.994,0.994,7,7,0,0,79,69,66,0.026498,0.008377,0.01368,1,1,1,2450.0
least_connections,2,97,1,15.809,25.102,0.9947,0.9947,7,7,0,0,79,69,67,0.026498,0.008392,0.012536,1,1,1,2450.0
least_connections,2,98,1,15.511,24.251,0.995,0.995,8,8,0,0,79,70,67,0.025554,0.008459,0.01252,1,1,1,2450.0
least_connections,2,99,11,15.598,24.46,0.9939,0.9939,9,9,0,0,84,72,71,0.025773,0.008381,0.01264,1,1,1,2450.0
least_connections,2,100,1,15.895,25.167,0.9944,0.9944,11,11,0,0,84,73,71,0.026568,0.008562,0.012556,1,1,1,2450.0
least_connections,2,101,0,15.783,25.008,0.9944,0.9944,12,12,0,0,84,73,71,0.026393,0.008414,0.012541,1,1,1,2450.0
least_connections,2,102,1,15.783,25.008,0.9947,0.9947,12,12,0,0,84,74,71,0.026393,0.008414,0.012541,1,1,1,2450.0
least_connections,2,103,11,15.543,24.262,0.9935,0.9935,14,14,0,0,89,77,74,0.025564,0.008523,0.012541,1,1,1,2450.0
least_connections,2,104,1,15.831,24.786,0.9941,0.9941,15,15,0,0,89,77,75,0.026104,0.008468,0.01292,1,1,1,2450.0
least_connections,2,105,1,16.033,25.243,0.9947,0.9947,16,16,0,0,89,77,76,0.026647,0.008848,0.012605,1,1,1,2450.0
least_connections,2,106,1,15.8,25.158,0.995,0.995,17,17,0,0,89,78,76,0.026566,0.008351,0.012483,1,1,1,2450.0
least_connections,2,107,1,15.54,24.457,0.9954,0.9954,18,18,0,0,89,79,76,0.025787,0.008351,0.012483,1,1,1,2450.0
least_connections,2,108,1,15.576,24.458,0.9959,0.9959,18,18,0,0,89,79,77,0.025787,0.00844,0.0125,1,1,1,2450.0
least_connections,2,109,1,15.676,24.726,0.9963,0.9963,19,19,0,0,89,79,78,0.026081,0.008418,0.01253,1,1,1,2450.0
least_connections,2,110,1,15.937,25.292,0.9967,0.9967,20,20,0,0,89,79,79,0.026701,0.008501,0.01261,1,1,1,2450.0
least_connections,2,111,1,15.688,24.708,0.997,0.997,21,21,0,0,89,80,79,0.026057,0.008437,0.012571,1,1,1,2450.0
least_connections,2,112,1,15.71,24.791,0.9974,0.9974,22,22,0,0,89,80,80,0.026153,0.008446,0.012532,1,1,1,2450.0
least_connections,2,113,11,15.71,24.791,0.9971,0.9971,22,22,0,0,93,85,82,0.026153,0.008446,0.012532,1,1,1,2450.0
least_connections,2,114,11,16.014,25.559,0.9959,0.9959,24,24,0,0,98,89,84,0.026998,0.008441,0.012604,1,1,1,2450.0
least_connections,2,115,1,15.774,24.843,0.9964,0.9964,26,26,0,0,98,89,85,0.026189,0.008409,0.012725,1,1,1,2450.0
least_connections,2,116,1,15.559,24.272,0.9966,0.9966,27,27,0,0,98,90,85,0.025582,0.008612,0.012484,1,1,1,2450.0
least_connections,2,117,1,15.774,24.943,0.997,0.997,28,28,0,0,98,90,86,0.026314,0.008409,0.0126,1,1,1,2450.0
least_connections,2,118,1,15.739,24.848,0.9974,0.9974,29,29,0,0,98,90,87,0.026209,0.008409,0.0126,1,1,1,2450.0
least_connections,2,119,1,15.68,24.843,0.9978,0.9978,29,29,0,0,98,90,88,0.026209,0.008281,0.01255,1,1,1,2450.0
least_connections,2,120,1,16.128,25.096,0.9979,0.9971,30,30,0,0,98,91,88,0.026412,0.008721,0.013252,1,0,1,2450.0
least_connections,2,121,1,11.14,12.535,0.9983,0.9977,30,30,0,0,98,91,89,0.012506,0.008376,0.012538,1,0,1,2450.0
least_connections,2,122,1,11.17,12.579,0.9978,0.9972,30,30,0,0,99,91,89,0.012488,0.008432,0.012589,1,0,1,2450.0
least_connections,2,123,1,11.337,12.775,0.9974,0.9966,30,30,0,0,100,91,89,0.012769,0.008465,0.012776,1,0,1,2450.0
least_connections,2,124,1,11.293,12.762,0.9975,0.9966,30,30,0,0,100,92,89,0.012638,0.008465,0.012776,1,0,1,2450.0
least_connections,2,125,1,11.318,12.63,0.9971,0.996,30,30,0,0,101,92,89,0.012638,0.008754,0.012563,1,0,1,2450.0
least_connections,2,126,1,11.392,12.888,0.9972,0.996,30,30,0,0,101,93,89,0.012857,0.008428,0.012891,1,0,1,2450.0
least_connections,2,127,1,11.537,13.395,0.9973,0.996,30,30,0,0,101,94,89,0.012753,0.008392,0.013466,1,0,1,2450.0
least_connections,2,128,1,11.343,12.707,0.9968,0.9954,30,30,0,0,102,94,89,0.012627,0.008686,0.012716,1,0,1,2450.0
least_connections,2,129,1,11.2,12.644,0.9973,0.9961,30,30,0,0,102,94,90,0.012655,0.008394,0.01255,1,0,1,2450.0
least_connections,2,130,1,11.2,12.644,0.9977,0.9968,30,30,0,0,102,94,91,0.012655,0.008394,0.01255,1,0,1,2450.0
least_connections,2,131,1,11.187,12.589,0.9978,0.9968,30,30,0,0,102,95,91,0.012593,0.008411,0.012557,1,0,1,2450.0
least_connections,2,132,1,11.29,12.728,0.9978,0.9968,30,30,0,0,102,96,91,0.012731,0.008436,0.012702,1,0,1,2450.0
least_connections,2,133,1,11.275,12.745,0.9974,0.9962,30,30,0,0,103,96,91,0.012599,0.008466,0.012761,1,0,1,2450.0
least_connections,2,134,1,11.203,12.589,0.9978,0.9968,30,30,0,0,103,96,92,0.012578,0.008442,0.01259,1,0,1,2450.0
least_connections,2,135,1,11.196,12.583,0.9974,0.9963,30,30,0,0,104,96,92,0.012524,0.008473,0.01259,1,0,1,2450.0
least_connections,2,136,1,11.193,12.575,0.9969,0.9957,30,30,0,0,105,96,92,0.012524,0.008473,0.012581,1,0,1,2450.0
least_connections,2,137,0,11.324,12.804,0.9969,0.9957,30,30,0,0,105,96,92,0.012812,0.008426,0.012733,1,0,1,2450.0
least_connections,2,138,1,11.215,12.641,0.997,0.9957,30,30,0,0,105,97,92,0.012587,0.008412,0.012647,1,0,1,2450.0
least_connections,2,139,1,11.289,12.812,0.9965,0.995,30,30,0,0,106,97,92,0.012561,0.008467,0.01284,1,0,1,2450.0
least_connections,2,140,1,11.284,12.83,0.997,0.9958,30,30,0,0,106,97,93,0.012547,0.008444,0.012861,1,0,1,2450.0
least_connections,2,141,1,11.402,12.834,0.9965,0.9951,30,30,0,0,107,97,93,0.012592,0.008753,0.012861,1,0,1,2450.0
least_connections,2,142,1,11.292,12.586,0.9966,0.9951,30,30,0,0,107,98,93,0.012592,0.008753,0.012532,1,0,1,2450.0
least_connections,2,143,1,11.193,12.618,0.997,0.9958,30,30,0,0,107,98,94,0.012584,0.008374,0.012622,1,0,1,2450.0
least_connections,2,144,1,11.332,12.802,0.9974,0.9965,30,30,0,0,107,98,95,0.012734,0.008452,0.01281,1,0,1,2450.0
least_connections,2,145,1,11.236,12.72,0.9977,0.9971,30,30,0,0,107,98,96,0.012534,0.008434,0.012741,1,0,1,2450.0
least_connections,2,146,1,11.325,12.941,0.9973,0.9966,30,30,0,0,108,98,96,0.012558,0.008433,0.012984,1,0,1,2450.0
least_connections,2,147,1,11.338,12.945,0.9968,0.996,30,30,0,0,109,98,96,0.012596,0.008435,0.012984,1,0,1,2450.0
least_connections,2,148,1,11.185,12.589,0.9963,0.9954,30,30,0,0,110,98,96,0.012596,0.008435,0.012525,1,0,1,2450.0
least_connections,2,149,1,11.296,12.743,0.9965,0.9954,30,30,0,0,110,99,96,0.012721,0.008423,0.012745,1,0,1,2450.0
least_connections,2,150,1,11.559,13.546,0.996,0.996,30,30,0,0,111,99,96,0.013659,0.00849,0.012528,1,1,1,2450.0
least_connections,2,151,1,15.795,21.084,0.9954,0.9954,30,30,1,0,112,99,96,0.012837,0.022,0.012547,1,1,1,2450.0
least_connections,2,152,1,14.418,17.422,0.9958,0.9958,30,30,2,0,112,99,97,0.012555,0.01794,0.01276,1,1,1,2450.0
least_connections,2,153,1,14.543,17.439,0.9952,0.9952,30,30,2,0,113,99,97,0.012928,0.01794,0.01276,1,1,1,2450.0
least_connections,2,154,1,14.471,17.405,0.9956,0.9956,30,30,3,0,113,99,98,0.012928,0.017903,0.012583,1,1,1,2450.0
least_connections,2,155,1,14.559,17.369,0.995,0.995,27,27,4,0,114,99,98,0.012513,0.017815,0.01335,1,1,1,2450.0
least_connections,2,156,11,14.233,16.755,0.9956,0.9956,27,27,6,0,117,105,100,0.012979,0.017175,0.012546,1,1,1,2450.0
least_connections,2,157,1,14.711,17.801,0.9951,0.9951,27,27,7,0,118,105,100,0.012951,0.01834,0.012843,1,1,1,2450.0
least_connections,2,158,11,14.698,17.301,0.9956,0.9956,22,22,9,0,121,110,103,0.013532,0.01772,0.012843,1,1,1,2450.0
least_connections,2,159,11,14.599,17.301,0.9958,0.9958,22,22,9,0,125,113,107,0.013532,0.01772,0.012545,1,1,1,2450.0
least_connections,2,160,1,14.488,17.377,0.9953,0.9953,22,22,11,0,126,113,107,0.01273,0.01788,0.012853,1,1,1,2450.0
least_connections,2,161,11,14.483,17.5,0.9927,0.9927,22,22,12,0,133,115,109,0.012695,0.01803,0.012725,1,1,1,2450.0
least_connections,2,162,1,14.464,17.591,0.9932,0.9932,18,18,14,0,133,115,110,0.012816,0.018121,0.012455,1,1,1,2450.0
least_connections,2,163,11,14.182,17.071,0.9939,0.9939,18,18,15,0,136,120,113,0.012538,0.017575,0.012433,1,1,1,2450.0
least_connections,2,164,1,14.272,17.098,0.9944,0.9944,18,18,15,0,136,120,114,0.012807,0.017575,0.012433,1,1,1,2450.0
least_connections,2,165,11,14.396,17.319,0.9949,0.9949,18,18,17,0,139,125,117,0.012807,0.01782,0.012561,1,1,1,2450.0
least_connections,2,166,1,14.569,17.619,0.9944,0.9944,19,18,19,0,140,125,117,0.012999,0.018132,0.012576,1,1,1,2450.0
least_connections,2,167,1,14.35,17.414,0.9939,0.9939,20,14,20,0,141,125,117,0.01259,0.01795,0.012509,1,1,1,2450.0
least_connections,2,168,0,14.945,17.878,0.9939,0.9939,21,14,21,0,141,125,117,0.012867,0.018352,0.013617,1,1,1,2450.0
least_connections,2,169,11,14.641,17.38,0.9939,0.9939,23,14,23,0,143,133,118,0.013271,0.017836,0.012815,1,1,1,2450.0
least_connections,2,170,1,14.641,17.38,0.9935,0.9935,23,14,23,0,144,133,118,0.013271,0.017836,0.012815,1,1,1,2450.0
least_connections,2,171,11,14.572,18.066,0.9946,0.9946,24,10,24,0,146,138,122,0.01266,0.018667,0.01239,1,1,1,2450.0
least_connections,2,172,1,14.272,17.062,0.9942,0.9942,26,10,26,0,147,138,122,0.012462,0.017533,0.012821,1,1,1,2450.0
least_connections,2,173,1,14.488,17.227,0.9947,0.9947,27,10,27,0,147,138,123,0.012862,0.017709,0.012893,1,1,1,2450.0
least_connections,2,174,1,14.445,17.29,0.9952,0.9952,28,10,28,0,147,138,124,0.012895,0.017778,0.012662,1,1,1,2450.0
least_connections,2,175,1,14.354,17.341,0.9957,0.9957,29,5,29,0,147,138,125,0.012539,0.017861,0.012662,1,1,1,2450.0
least_connections,2,176,1,14.408,17.357,0.9953,0.9953,29,5,29,0,148,138,125,0.012539,0.017861,0.012823,1,1,1,2450.0
least_connections,2,177,1,14.423,17.3,0.9949,0.9949,30,5,30,0,149,138,125,0.012884,0.017791,0.012595,1,1,1,2450.0
least_connections,2,178,1,14.423,17.342,0.9945,0.9945,31,5,31,0,150,138,125,0.012739,0.017854,0.012676,1,1,1,2450.0
least_connections,2,179,1,14.662,17.58,0.995,0.995,32,2,32,0,150,138,126,0.013372,0.018047,0.012568,1,1,1,2450.0
hash_based,1,0,0,15.891,25.12,1.0,1.0,0,0,0,0,0,0,0,0.01264,0.008525,0.026507,1,1,1,2274.4
hash_based,1,1,1,15.889,25.283,0.3333,0.3333,36,0,36,3,1,0,0,0.01255,0.00842,0.026698,1,1,1,2274.4
hash_based,1,2,1,15.919,25.007,0.3333,0.3333,36,0,36,4,2,0,0,0.012946,0.008464,0.026347,1,1,1,2274.4
hash_based,1,3,1,16.096,25.048,0.3333,0.3333,36,0,36,5,3,0,0,0.013297,0.008636,0.026354,1,1,1,2274.4
hash_based,1,4,1,15.866,24.979,0.5333,0.5333,36,0,36,5,3,1,0,0.012608,0.008636,0.026354,1,1,1,2274.4
hash_based,1,5,11,15.81,24.966,0.8427,0.8427,36,0,36,6,7,6,2,0.012608,0.008482,0.026339,1,1,1,2274.4
hash_based,1,6,11,15.68,24.84,0.9883,0.9883,36,0,36,9,10,8,8,0.0124,0.008418,0.026222,1,1,1,2274.4
hash_based,1,7,1,15.791,25.04,0.9759,0.9759,36,0,36,10,11,8,8,0.01254,0.008404,0.026429,1,1,1,2274.4
hash_based,1,8,11,15.791,24.72,0.9744,0.9744,36,0,36,12,15,13,10,0.012566,0.008736,0.026071,1,1,1,2274.4
hash_based,1,9,11,15.819,24.99,0.9844,0.9844,36,0,36,14,19,16,14,0.012659,0.008437,0.02636,1,1,1,2274.4
hash_based,1,10,1,15.819,24.99,0.9781,0.9781,36,0,36,14,20,16,14,0.012659,0.008437,0.02636,1,1,1,2274.4
hash_based,1,11,11,15.856,25.099,0.9743,0.9743,36,0,36,15,25,18,18,0.012684,0.008404,0.026479,1,1,1,2274.4
hash_based,1,12,1,16.142,25.691,0.9678,0.9678,36,0,36,17,26,18,18,0.012872,0.00844,0.027115,1,1,1,2274.4
hash_based,1,13,1,15.754,24.738,0.9608,0.9608,36,0,36,18,27,18,18,0.012827,0.008372,0.026062,1,1,1,2274.4
hash_based,1,14,1,15.748,24.889,0.9656,0.9656,36,0,36,19,27,19,18,0.012539,0.008445,0.026261,1,1,1,2274.4
hash_based,1,15,1,15.848,24.901,0.9693,0.9693,36,0,36,19,27,20,18,0.012664,0.00862,0.026261,1,1,1,2274.4
hash_based,1,16,1,16.205,25.863,0.9629,0.9629,36,0,36,20,28,20,18,0.012664,0.00862,0.02733,1,1,1,2274.4
hash_based,1,17,1,15.709,24.722,0.966,0.966,36,0,36,21,28,21,18,0.012581,0.008476,0.026071,1,1,1,2274.4
hash_based,1,18,1,15.902,25.075,0.9682,0.9682,36,0,36,22,28,22,18,0.012846,0.008427,0.026434,1,1,1,2274.4
hash_based,1,19,11,15.679,24.616,0.979,0.979,36,0,36,24,30,28,21,0.012619,0.008469,0.025949,1,1,1,2274.4
hash_based,1,20,11,15.667,24.709,0.965,0.965,36,0,36,26,37,30,23,0.012453,0.008477,0.026071,1,1,1,2274.4
hash_based,1,21,11,15.667,24.709,0.9813,0.9813,36,0,36,26,40,32,29,0.012453,0.008477,0.026071,1,1,1,2274.4
hash_based,1,22,1,15.619,24.603,0.978,0.978,36,0,36,28,41,32,29,0.012517,0.008394,0.025946,1,1,1,2274.4
hash_based,1,23,11,15.627,24.556,0.9814,0.9814,36,0,36,29,45,34,34,0.012567,0.008427,0.025888,1,1,1,2274.4
hash_based,1,24,1,15.77,24.815,0.9783,0.9783,36,0,36,31,46,34,34,0.012814,0.008349,0.026148,1,1,1,2274.4
hash_based,1,25,0,15.875,25.037,0.9783,0.9783,36,0,36,32,46,34,34,0.012807,0.008422,0.026396,1,1,1,2274.4
hash_based,1,26,1,15.942,25.062,0.9751,0.9751,35,0,35,32,47,34,34,0.013056,0.008374,0.026396,1,1,1,2274.4
hash_based,1,27,1,15.725,24.475,0.9717,0.9717,35,0,35,33,48,34,34,0.013056,0.008374,0.025744,1,1,1,2274.4
hash_based,1,28,1,15.606,24.594,0.974,0.974,35,0,35,34,48,35,34,0.0125,0.008379,0.025938,1,1,1,2274.4
hash_based,1,29,11,15.832,25.025,0.984,0.984,36,0,35,36,50,37,41,0.012628,0.008466,0.026403,1,1,1,2274.4
hash_based,1,30,1,15.908,25.104,0.9816,0.9974,37,0,32,37,51,37,41,0.012813,0.008442,0.02647,0,1,1,2274.4
hash_based,1,31,1,11.202,12.591,0.9824,0.996,37,0,32,37,51,37,42,0.012594,0.008444,0.012567,0,1,1,2274.4
hash_based,1,32,1,11.268,12.769,0.9847,0.9975,37,0,32,37,51,38,42,0.012792,0.008444,0.012567,0,1,1,2274.4
hash_based,1,33,1,11.244,12.761,0.9824,0.9975,37,0,32,37,52,38,42,0.012792,0.008459,0.01248,0,1,1,2274.4
hash_based,1,34,1,11.634,13.755,0.9799,0.9975,37,0,26,37,53,38,42,0.013886,0.008436,0.012579,0,1,1,2274.4
hash_based,1,35,1,11.28,12.806,0.9774,0.9975,37,0,26,37,54,38,42,0.01283,0.008421,0.012588,0,1,1,2274.4
hash_based,1,36,1,11.274,12.577,0.9784,0.9962,37,0,26,37,54,38,43,0.012515,0.008724,0.012584,0,1,1,2274.4
hash_based,1,37,1,11.201,12.59,0.9758,0.9962,37,0,26,37,55,38,43,0.012607,0.00856,0.012435,0,1,1,2274.4
hash_based,1,38,1,11.201,12.59,0.9731,0.9962,37,0,26,37,56,38,43,0.012607,0.00856,0.012435,0,1,1,2274.4
hash_based,1,39,1,11.316,12.616,0.9742,0.9947,37,0,20,37,56,38,44,0.012616,0.008716,0.012616,0,1,1,2274.4
hash_based,1,40,1,11.662,13.344,0.9715,0.9947,37,0,20,37,57,38,44,0.012665,0.008901,0.013419,0,1,1,2274.4
hash_based,1,41,1,11.119,12.494,0.9743,0.9964,37,0,20,37,57,39,44,0.012495,0.008376,0.012486,0,1,1,2274.4
hash_based,1,42,1,11.45,12.877,0.9753,0.9949,37,0,16,37,57,39,45,0.012911,0.008863,0.012576,0,1,1,2274.4
hash_based,1,43,1,11.466,13.296,0.9727,0.9949,37,0,16,37,58,39,45,0.013376,0.008441,0.01258,0,1,1,2274.4
hash_based,1,44,1,11.466,13.296,0.9753,0.9966,37,0,16,37,58,40,45,0.013376,0.008441,0.01258,0,1,1,2274.4
hash_based,1,45,1,11.242,12.636,0.9777,0.9978,37,0,16,37,58,41,45,0.012641,0.008494,0.01259,0,1,1,2274.4
hash_based,1,46,1,11.204,12.602,0.9798,0.9988,37,0,16,37,58,42,45,0.012568,0.008437,0.012606,0,1,1,2274.4
hash_based,1,47,1,11.172,12.575,0.9817,0.9995,37,0,11,37,58,43,45,0.012513,0.008421,0.012582,0,1,1,2274.4
hash_based,1,48,1,11.267,12.6,0.9828,0.9989,37,0,11,37,58,43,46,0.012603,0.008625,0.012572,0,1,1,2274.4
hash_based,1,49,1,11.277,12.794,0.9837,0.998,37,0,11,37,58,43,47,0.012819,0.00844,0.012572,0,1,1,2274.4
hash_based,1,50,1,11.434,13.02,0.9855,0.9989,37,0,11,37,58,44,47,0.012819,0.00844,0.013042,0,1,1,2274.4
hash_based,1,51,1,11.194,12.571,0.9871,0.9995,37,0,7,37,58,45,47,0.012548,0.00846,0.012573,0,1,1,2274.4
hash_based,1,52,1,11.516,13.388,0.988,0.999,37,0,7,37,58,45,48,0.012592,0.00848,0.013476,0,1,1,2274.4
hash_based,1,53,1,11.664,13.345,0.9894,0.9995,37,0,7,37,58,46,48,0.01317,0.008456,0.013365,0,1,1,2274.4
hash_based,1,54,1,11.343,13.02,0.9876,0.9995,37,0,4,37,59,46,48,0.013076,0.008435,0.012519,0,1,1,2274.4
hash_based,1,55,1,11.564,13.566,0.9857,0.9995,37,0,4,37,60,46,48,0.013682,0.00849,0.012519,0,1,1,2274.4
hash_based,1,56,1,11.575,13.569,0.9837,0.9995,37,0,4,37,61,46,48,0.013682,0.00849,0.012552,0,1,1,2274.4
hash_based,1,57,1,11.216,12.599,0.9847,0.999,37,0,4,37,61,46,49,0.01256,0.008486,0.012603,0,1,1,2274.4
hash_based,1,58,1,11.243,12.654,0.9855,0.9983,37,0,4,37,61,46,50,0.012644,0.00843,0.012655,0,1,1,2274.4
hash_based,1,59,1,11.306,12.779,0.9871,0.999,37,0,0,37,61,47,50,0.012791,0.008452,0.012674,0,1,1,2274.4
hash_based,1,60,1,11.243,12.713,0.9878,0.9983,37,0,0,37,61,47,51,0.012731,0.008449,0.01255,0,1,1,2274.4
hash_based,1,61,1,11.188,12.582,0.9883,0.9975,37,0,0,37,61,47,52,0.012586,0.008429,0.01255,0,1,1,2274.4
hash_based,1,62,1,11.197,12.585,0.9887,0.9964,37,0,0,37,61,47,53,0.012586,0.008429,0.012575,0,1,1,2274.4
hash_based,1,63,1,11.561,13.383,0.9889,0.9952,33,0,0,33,61,47,54,0.012842,0.008398,0.013443,0,1,1,2274.4
hash_based,1,64,1,11.239,12.644,0.9905,0.9966,33,0,0,33,61,48,54,0.012649,0.008469,0.012599,0,1,1,2274.4
hash_based,1,65,1,11.365,12.851,0.9906,0.9954,33,0,0,33,61,48,55,0.012856,0.008434,0.012804,0,1,1,2274.4
hash_based,1,66,0,11.193,12.596,0.9906,0.9954,33,0,0,33,61,48,55,0.0126,0.008415,0.012563,0,1,1,2274.4
hash_based,1,67,1,11.296,12.875,0.9921,0.9967,33,0,0,33,61,49,55,0.01291,0.008415,0.012563,0,1,1,2274.4
hash_based,1,68,1,11.298,12.881,0.9909,0.9967,28,0,0,28,62,49,55,0.01291,0.008364,0.012621,0,1,1,2274.4
hash_based,1,69,1,11.152,12.527,0.9895,0.9967,28,0,0,28,63,49,55,0.012453,0.008469,0.012535,0,1,1,2274.4
hash_based,1,70,1,11.212,12.616,0.988,0.9967,28,0,0,28,64,49,55,0.012598,0.00842,0.012618,0,1,1,2274.4
hash_based,1,71,1,11.182,12.562,0.9883,0.9956,23,0,0,23,64,49,56,0.012566,0.00845,0.012529,0,1,1,2274.4
hash_based,1,72,1,11.204,12.582,0.9868,0.9956,23,0,0,23,65,49,56,0.012585,0.008472,0.012554,0,1,1,2274.4
hash_based,1,73,1,11.196,12.562,0.987,0.9943,23,0,0,23,65,49,57,0.012563,0.008472,0.012554,0,1,1,2274.4
hash_based,1,74,1,11.558,13.495,0.9887,0.9957,23,0,0,23,65,50,57,0.012563,0.008512,0.013599,0,1,1,2274.4
hash_based,1,75,1,11.347,12.875,0.9873,0.9957,18,0,0,18,66,50,57,0.012917,0.008624,0.0125,0,1,1,2274.4
hash_based,1,76,1,11.261,12.783,0.9875,0.9945,18,0,0,18,66,50,58,0.012814,0.008463,0.012507,0,1,1,2274.4
hash_based,1,77,1,11.203,12.588,0.986,0.9945,18,0,0,18,67,50,58,0.012589,0.008445,0.012575,0,1,1,2274.4
hash_based,1,78,1,11.186,12.596,0.9845,0.9945,18,0,0,18,68,50,58,0.012542,0.008413,0.012602,0,1,1,2274.4
hash_based,1,79,1,11.2,12.6,0.9862,0.9959,18,0,0,18,68,51,58,0.012585,0.008413,0.012602,0,1,1,2274.4
hash_based,1,80,1,11.346,12.8,0.9846,0.9959,15,0,0,15,69,51,58,0.012585,0.00863,0.012824,0,1,1,2274.4
hash_based,1,81,1,11.449,13.318,0.983,0.9959,15,0,0,15,70,51,58,0.01342,0.008523,0.012404,0,1,1,2274.4
hash_based,1,82,1,11.249,12.621,0.9813,0.9959,15,0,0,15,71,51,58,0.012626,0.008542,0.012578,0,1,1,2274.4
hash_based,1,83,1,11.586,13.405,0.9818,0.9947,9,0,0,9,71,51,59,0.013481,0.00856,0.012717,0,1,1,2274.4
hash_based,1,84,1,11.427,12.897,0.9801,0.9947,9,0,0,9,72,51,59,0.012686,0.008676,0.01292,0,1,1,2274.4
hash_based,1,85,1,11.427,12.897,0.9783,0.9947,9,0,0,9,73,51,59,0.012686,0.008676,0.01292,0,1,1,2274.4
hash_based,1,86,1,11.185,12.571,0.9764,0.9947,9,0,0,9,74,51,59,0.012572,0.008424,0.01256,0,1,1,2274.4
hash_based,1,87,1,11.197,12.585,0.977,0.9935,9,0,0,9,74,51,60,0.012536,0.008465,0.012591,0,1,1,2274.4
hash_based,1,88,1,11.184,12.598,0.9775,0.9921,4,0,0,4,74,51,61,0.01252,0.008425,0.012607,0,1,1,2274.4
hash_based,1,89,1,11.173,12.534,0.9757,0.9921,4,0,0,4,75,51,61,0.012499,0.008482,0.012538,0,1,1,2274.4
hash_based,1,90,1,11.157,12.586,0.9738,0.9738,4,0,0,4,76,51,61,0.012456,0.008414,0.012601,1,1,1,2274.4
hash_based,1,91,1,11.157,12.586,0.9743,0.9743,4,0,0,4,76,51,62,0.012456,0.008414,0.012601,1,1,1,2274.4
hash_based,1,92,1,16.863,27.552,0.9764,0.9764,1,1,0,0,76,52,62,0.029171,0.008433,0.012984,1,1,1,2274.4
hash_based,1,93,11,16.033,25.32,0.9735,0.9735,2,2,0,0,81,54,66,0.026732,0.008751,0.012617,1,1,1,2274.4
hash_based,1,94,1,15.792,24.923,0.9739,0.9739,4,4,0,0,81,54,67,0.026281,0.008398,0.012698,1,1,1,2274.4
hash_based,1,95,11,15.657,24.549,0.9764,0.9764,6,6,0,0,85,58,70,0.025878,0.008508,0.012585,1,1,1,2274.4
hash_based,1,96,1,15.982,25.426,0.9782,0.9782,7,7,0,0,85,59,70,0.026853,0.008508,0.012585,1,1,1,2274.4
hash_based,1,97,1,15.937,25.42,0.9799,0.9799,7,7,0,0,85,60,70,0.026853,0.008432,0.012526,1,1,1,2274.4
hash_based,1,98,1,15.597,24.249,0.9802,0.9802,8,8,0,0,85,60,71,0.025516,0.008432,0.012843,1,1,1,2274.4
hash_based,1,99,11,15.724,24.788,0.9807,0.9807,9,9,0,0,89,63,75,0.026134,0.008363,0.012676,1,1,1,2274.4
hash_based,1,100,1,15.634,24.518,0.9809,0.9809,11,11,0,0,89,63,76,0.025839,0.008435,0.012628,1,1,1,2274.4
hash_based,1,101,11,15.685,24.671,0.9825,0.9825,12,12,0,0,93,67,79,0.026012,0.008441,0.012603,1,1,1,2274.4
hash_based,1,102,1,15.685,24.671,0.9839,0.9839,12,12,0,0,93,68,79,0.026012,0.008441,0.012603,1,1,1,2274.4
hash_based,1,103,0,15.843,24.729,0.9839,0.9839,14,14,0,0,93,68,79,0.026012,0.008339,0.013177,1,1,1,2274.4
hash_based,1,104,1,15.775,25.002,0.9841,0.9841,15,15,0,0,93,68,80,0.026389,0.008416,0.012521,1,1,1,2274.4
hash_based,1,105,11,15.785,25.007,0.9854,0.9854,17,17,0,0,97,72,83,0.026395,0.008445,0.012516,1,1,1,2274.4
hash_based,1,106,11,15.838,25.002,0.9865,0.9865,19,19,0,0,101,76,86,0.026376,0.008506,0.012632,1,1,1,2274.4
hash_based,1,107,11,15.768,24.849,0.9903,0.9903,21,21,0,0,103,81,90,0.026206,0.008465,0.012632,1,1,1,2274.4
hash_based,1,108,1,16.007,24.92,0.9912,0.9912,21,21,0,0,103,82,90,0.026206,0.008465,0.01335,1,1,1,2274.4
hash_based,1,109,1,15.693,24.656,0.992,0.992,22,22,0,0,103,83,90,0.025993,0.008468,0.012619,1,1,1,2274.4
hash_based,1,110,11,15.846,25.183,0.9867,0.9867,23,23,0,0,111,85,91,0.026581,0.008355,0.012602,1,1,1,2274.4
hash_based,1,111,1,15.92,25.012,0.9875,0.9875,25,25,0,0,111,86,91,0.026375,0.008641,0.012745,1,1,1,2274.4
hash_based,1,112,11,15.98,24.826,0.9859,0.9859,27,27,0,0,116,88,95,0.026098,0.008464,0.013378,1,1,1,2274.4
hash_based,1,113,1,15.98,24.826,0.9868,0.9868,27,27,0,0,116,89,95,0.026098,0.008464,0.013378,1,1,1,2274.4
hash_based,1,114,1,15.615,24.424,0.9872,0.9872,28,28,0,0,116,89,96,0.025741,0.008528,0.012576,1,1,1,2274.4
hash_based,1,115,11,15.717,24.738,0.989,0.989,29,29,0,0,119,93,100,0.026087,0.008469,0.012594,1,1,1,2274.4
hash_based,1,116,1,15.728,24.837,0.9893,0.9893,31,31,0,0,119,93,101,0.0262,0.008415,0.012568,1,1,1,2274.4
hash_based,1,117,11,16.051,24.956,0.9901,0.9901,33,33,0,0,123,98,103,0.02623,0.008435,0.013487,1,1,1,2274.4
hash_based,1,118,11,16.143,25.148,0.9918,0.9918,35,35,0,0,126,104,105,0.026444,0.008499,0.013487,1,1,1,2274.4
hash_based,1,119,1,15.84,25.057,0.9922,0.9922,35,35,0,0,126,104,106,0.026444,0.008499,0.012578,1,1,1,2274.4
hash_based,1,120,1,15.97,25.274,0.9926,0.9926,36,36,0,0,126,105,106,0.026664,0.008481,0.012766,1,0,1,2274.4
hash_based,1,121,1,11.369,12.934,0.993,0.9926,36,36,0,0,126,106,106,0.012717,0.008433,0.012958,1,0,1,2274.4
hash_based,1,122,1,11.25,12.718,0.9934,0.9934,36,36,0,0,126,106,107,0.012733,0.008437,0.012581,1,0,1,2274.4
hash_based,1,123,1,11.727,13.573,0.9928,0.9927,36,36,0,0,127,106,107,0.013198,0.008368,0.013615,1,0,1,2274.4
hash_based,1,124,1,11.616,13.532,0.9931,0.9935,36,36,0,0,127,106,108,0.012783,0.008451,0.013615,1,0,1,2274.4
hash_based,1,125,1,11.274,12.764,0.9935,0.9935,36,36,0,0,127,107,108,0.012783,0.008451,0.012589,1,0,1,2274.4
hash_based,1,126,1,11.189,12.631,0.9939,0.9935,36,36,0,0,127,108,108,0.012638,0.008358,0.012572,1,0,1,2274.4
hash_based,1,127,1,11.175,12.553,0.9942,0.9935,36,36,0,0,127,109,108,0.012556,0.008439,0.012531,1,0,1,2274.4
hash_based,1,128,1,11.254,12.729,0.9945,0.9935,36,36,0,0,127,110,108,0.012571,0.008445,0.012746,1,0,1,2274.4
hash_based,1,129,1,11.207,12.612,0.9948,0.9935,36,36,0,0,127,111,108,0.012621,0.008467,0.012532,1,0,1,2274.4
hash_based,1,130,0,11.221,12.575,0.9948,0.9935,36,36,0,0,127,111,108,0.01258,0.008551,0.012532,1,0,1,2274.4
hash_based,1,131,1,11.264,12.652,0.995,0.9935,36,36,0,0,127,112,108,0.01258,0.008551,0.01266,1,0,1,2274.4
hash_based,1,132,1,11.227,12.607,0.9945,0.9929,36,36,0,0,128,112,108,0.012608,0.008471,0.012603,1,0,1,2274.4
hash_based,1,133,1,11.86,13.181,0.9947,0.9929,36,36,0,0,128,113,108,0.013009,0.009372,0.0132,1,0,1,2274.4
hash_based,1,134,1,11.215,12.631,0.9951,0.9936,36,36,0,0,128,113,109,0.012611,0.008402,0.012633,1,0,1,2274.4
hash_based,1,135,1,11.288,12.811,0.9953,0.9936,36,36,0,0,128,114,109,0.012839,0.008463,0.012561,1,0,1,2274.4
hash_based,1,136,1,11.2,12.593,0.9957,0.9943,36,36,0,0,128,114,110,0.012597,0.008442,0.012561,1,0,1,2274.4
hash_based,1,137,1,11.219,12.617,0.9961,0.995,36,36,0,0,128,114,111,0.012597,0.008442,0.012619,1,0,1,2274.4
hash_based,1,138,1,11.179,12.585,0.9962,0.995,36,36,0,0,128,115,111,0.0125,0.008443,0.012594,1,0,1,2274.4
hash_based,1,139,1,11.206,12.62,0.9966,0.9956,36,36,0,0,128,115,112,0.012627,0.008438,0.012553,1,0,1,2274.4
hash_based,1,140,1,11.404,12.753,0.9967,0.9956,36,36,0,0,128,116,112,0.012573,0.008867,0.012773,1,0,1,2274.4
hash_based,1,141,1,11.156,12.531,0.9969,0.9956,36,36,0,0,128,117,112,0.012496,0.008438,0.012535,1,0,1,2274.4
hash_based,1,142,1,11.34,12.805,0.997,0.9956,36,36,0,0,128,118,112,0.012835,0.00865,0.012535,1,0,1,2274.4
hash_based,1,143,1,11.36,12.811,0.9966,0.995,36,36,0,0,129,118,112,0.012835,0.00865,0.012596,1,0,1,2274.4
hash_based,1,144,1,11.184,12.603,0.9966,0.995,36,36,0,0,129,119,112,0.012616,0.008447,0.01249,1,0,1,2274.4
hash_based,1,145,1,11.262,12.805,0.997,0.9956,36,36,0,0,129,119,113,0.012829,0.008367,0.012589,1,0,1,2274.4
hash_based,1,146,1,11.2,12.629,0.9971,0.9956,36,36,0,0,129,120,113,0.012544,0.008418,0.012639,1,0,1,2274.4
hash_based,1,147,1,11.251,12.724,0.9971,0.9956,36,36,0,0,129,121,113,0.012544,0.008464,0.012744,1,0,1,2274.4
hash_based,1,148,1,11.346,12.85,0.9975,0.9962,36,36,0,0,129,121,114,0.012862,0.008432,0.012744,1,0,1,2274.4
hash_based,1,149,1,11.341,12.849,0.9975,0.9962,36,36,0,0,129,122,114,0.012862,0.008432,0.01273,1,0,1,2274.4
hash_based,1,150,1,11.201,12.62,0.9978,0.9978,36,36,0,0,129,122,115,0.012499,0.00847,0.012634,1,1,1,2274.4
hash_based,1,151,1,15.595,20.737,0.9975,0.9975,36,36,1,0,130,122,115,0.012614,0.02164,0.012531,1,1,1,2274.4
hash_based,1,152,1,14.384,17.456,0.9978,0.9978,36,36,2,0,130,122,116,0.012572,0.017998,0.012583,1,1,1,2274.4
hash_based,1,153,1,14.39,17.32,0.9981,0.9981,35,35,3,0,130,122,117,0.012601,0.017829,0.012741,1,1,1,2274.4
hash_based,1,154,1,14.397,17.308,0.9978,0.9978,35,35,4,0,131,122,117,0.012635,0.017815,0.012741,1,1,1,2274.4
hash_based,1,155,1,14.406,17.31,0.9975,0.9975,35,35,4,0,132,122,117,0.012635,0.017815,0.012768,1,1,1,2274.4
hash_based,1,156,11,14.342,17.386,0.9985,0.9985,35,35,5,0,134,126,122,0.012591,0.017919,0.012515,1,1,1,2274.4
hash_based,1,157,1,14.506,17.407,0.9987,0.9987,29,29,7,0,134,126,123,0.012786,0.017917,0.012814,1,1,1,2274.4
hash_based,1,158,1,14.368,17.417,0.9984,0.9984,29,29,8,0,135,126,123,0.012576,0.017955,0.012574,1,1,1,2274.4
hash_based,1,159,1,14.45,17.52,0.9981,0.9981,29,29,9,0,136,126,123,0.012736,0.018052,0.012562,1,1,1,2274.4
hash_based,1,160,1,14.378,17.503,0.9978,0.9978,29,29,9,0,137,126,123,0.012519,0.018052,0.012562,1,1,1,2274.4
hash_based,1,161,1,14.246,17.188,0.998,0.998,29,29,10,0,137,126,124,0.012519,0.017707,0.012511,1,1,1,2274.4
hash_based,1,162,1,14.441,17.437,0.9977,0.9977,25,25,11,0,138,126,124,0.012882,0.017943,0.012497,1,1,1,2274.4
hash_based,1,163,1,14.192,16.999,0.9979,0.9979,25,25,12,0,138,126,125,0.012601,0.017488,0.012488,1,1,1,2274.4
hash_based,1,164,1,14.607,17.492,0.9976,0.9976,25,25,13,0,139,126,125,0.01245,0.017944,0.013428,1,1,1,2274.4
hash_based,1,165,1,14.41,17.588,0.9972,0.9972,20,20,14,0,140,126,125,0.012552,0.018148,0.012531,1,1,1,2274.4
hash_based,1,166,1,14.41,17.588,0.9969,0.9969,20,20,14,0,141,126,125,0.012552,0.018148,0.012531,1,1,1,2274.4
hash_based,1,167,1,14.202,17.004,0.9965,0.9965,20,20,15,0,142,126,125,0.012552,0.017498,0.012557,1,1,1,2274.4
hash_based,1,168,11,14.278,17.193,0.9968,0.9968,20,20,16,0,145,132,127,0.01254,0.017705,0.01259,1,1,1,2274.4
hash_based,1,169,1,14.269,17.127,0.9965,0.9965,18,14,18,0,146,132,127,0.012595,0.017631,0.012582,1,1,1,2274.4
hash_based,1,170,0,14.365,17.409,0.9965,0.9965,19,14,19,0,146,132,127,0.012537,0.017941,0.012617,1,1,1,2274.4
hash_based,1,171,1,14.324,17.185,0.9961,0.9961,20,14,20,0,147,132,127,0.012583,0.017683,0.012706,1,1,1,2274.4
hash_based,1,172,1,14.345,17.276,0.9957,0.9957,21,14,21,0,148,132,127,0.012544,0.017784,0.012706,1,1,1,2274.4
hash_based,1,173,1,14.337,17.274,0.996,0.996,21,14,21,0,148,132,128,0.012544,0.017784,0.012682,1,1,1,2274.4
hash_based,1,174,1,14.428,17.58,0.9963,0.9963,22,9,22,0,148,132,129,0.012559,0.018135,0.012589,1,1,1,2274.4
hash_based,1,175,1,14.304,17.262,0.9959,0.9959,23,9,23,0,149,132,129,0.01253,0.01778,0.012602,1,1,1,2274.4
hash_based,1,176,11,14.67,17.455,0.9976,0.9976,25,9,25,0,150,135,136,0.013488,0.017896,0.012625,1,1,1,2274.4
hash_based,1,177,1,14.541,17.856,0.9978,0.9978,26,5,26,0,150,135,137,0.012604,0.01844,0.01258,1,1,1,2274.4
hash_based,1,178,1,14.278,16.987,0.9979,0.9979,27,5,27,0,150,135,138,0.012803,0.017452,0.01258,1,1,1,2274.4
hash_based,1,179,1,14.278,16.987,0.9976,0.9976,27,5,27,0,151,135,138,0.012803,0.017452,0.01258,1,1,1,2274.4
hash_based,2,0,0,15.803,24.941,1.0,1.0,0,0,0,0,0,0,0,0.01258,0.008514,0.026314,1,1,1,2260.6
hash_based,2,1,1,15.727,24.737,0.3333,0.3333,3,0,0,3,1,0,0,0.01258,0.008514,0.026088,1,1,1,2260.6
hash_based,2,2,1,15.829,25.076,0.6667,0.6667,30,0,30,4,1,1,0,0.012518,0.008499,0.026471,1,1,1,2260.6
hash_based,2,3,1,15.96,25.05,0.6,0.6,30,0,30,5,1,2,0,0.012821,0.00865,0.026409,1,1,1,2260.6
hash_based,2,4,11,15.754,24.858,0.8829,0.8829,30,0,30,7,4,7,3,0.012552,0.008484,0.026225,1,1,1,2260.6
hash_based,2,5,11,15.688,24.797,0.9427,0.9427,30,0,30,9,6,11,8,0.012525,0.008377,0.026161,1,1,1,2260.6
hash_based,2,6,11,15.693,24.798,0.96,0.96,30,0,30,9,9,15,12,0.012527,0.008391,0.026161,1,1,1,2260.6
hash_based,2,7,1,15.719,24.869,0.9487,0.9487,30,0,30,11,9,16,12,0.012527,0.008391,0.02624,1,1,1,2260.6
hash_based,2,8,1,16.294,25.249,0.9627,0.9627,30,0,30,12,10,16,12,0.013923,0.008451,0.026507,1,1,1,2260.6
hash_based,2,9,11,15.678,24.725,0.9772,0.9772,30,0,30,14,13,19,17,0.01251,0.008443,0.026082,1,1,1,2260.6
hash_based,2,10,1,16.037,24.937,0.985,0.985,30,0,30,15,14,19,17,0.013482,0.00842,0.02621,1,1,1,2260.6
hash_based,2,11,11,15.831,24.911,0.9852,0.9852,30,0,30,17,17,21,23,0.012527,0.00868,0.026287,1,1,1,2260.6
hash_based,2,12,1,15.832,24.911,0.9841,0.9841,30,0,30,17,17,22,23,0.01253,0.00868,0.026287,1,1,1,2260.6
hash_based,2,13,11,15.662,24.706,0.9765,0.9765,30,0,30,18,19,27,27,0.01253,0.008397,0.026059,1,1,1,2260.6
hash_based,2,14,1,15.672,24.717,0.9824,0.9824,30,0,30,20,20,27,27,0.012542,0.008404,0.02607,1,1,1,2260.6
hash_based,2,15,11,15.785,25.01,0.9866,0.9866,30,0,30,21,24,29,32,0.012576,0.008388,0.026392,1,1,1,2260.6
hash_based,2,16,11,15.598,24.496,0.9728,0.9728,30,0,30,24,25,33,38,0.012549,0.008423,0.025823,1,1,1,2260.6
hash_based,2,17,11,16.045,24.863,0.9783,0.9783,30,0,30,26,29,36,42,0.012842,0.009095,0.026199,1,1,1,2260.6
hash_based,2,18,1,16.045,24.863,0.9784,0.9784,30,0,30,26,29,37,42,0.012842,0.009095,0.026199,1,1,1,2260.6
hash_based,2,19,1,15.785,24.992,0.9781,0.9781,30,0,30,27,29,38,42,0.01253,0.008449,0.026377,1,1,1,2260.6
hash_based,2,20,11,15.994,25.201,0.9788,0.9788,30,0,30,28,32,42,46,0.012979,0.008443,0.026559,1,1,1,2260.6
hash_based,2,21,1,15.727,24.813,0.9822,0.9822,30,0,30,30,33,42,46,0.012555,0.00845,0.026175,1,1,1,2260.6
hash_based,2,22,0,15.658,24.525,0.9822,0.9822,31,0,30,31,33,42,46,0.012574,0.008548,0.025853,1,1,1,2260.6
hash_based,2,23,1,15.791,24.962,0.9817,0.9817,32,0,30,32,33,43,46,0.012662,0.008383,0.026329,1,1,1,2260.6
hash_based,2,24,1,15.791,24.962,0.9809,0.9809,32,0,30,32,33,44,46,0.012662,0.008383,0.026329,1,1,1,2260.6
hash_based,2,25,1,15.855,24.884,0.98,0.98,33,0,30,33,33,45,46,0.012559,0.008752,0.026254,1,1,1,2260.6
hash_based,2,26,11,15.852,25.096,0.9841,0.9841,35,0,30,35,37,48,50,0.012567,0.008502,0.026488,1,1,1,2260.6
hash_based,2,27,11,15.842,24.858,0.98,0.98,37,0,30,37,39,52,55,0.012569,0.008735,0.026223,1,1,1,2260.6
hash_based,2,28,1,15.816,24.244,0.9793,0.9793,38,0,30,38,39,53,55,0.012581,0.009326,0.02554,1,1,1,2260.6
hash_based,2,29,1,15.76,24.884,0.9785,0.9785,39,0,27,39,39,54,55,0.012622,0.00841,0.026247,1,1,1,2260.6
hash_based,2,30,1,15.74,24.878,0.9813,0.9999,39,0,27,39,40,54,55,0.012562,0.00841,0.026247,0,1,1,2260.6
hash_based,2,31,1,11.402,13.129,0.9804,1.0,39,0,27,39,40,55,55,0.012562,0.008451,0.013192,0,1,1,2260.6
hash_based,2,32,1,11.176,12.58,0.9831,1.0,39,0,27,39,41,55,55,0.012557,0.008388,0.012583,0,1,1,2260.6
hash_based,2,33,1,11.186,12.55,0.9821,0.9999,39,0,23,39,41,56,55,0.012549,0.008458,0.01255,0,1,1,2260.6
hash_based,2,34,1,11.305,12.887,0.9846,0.9999,39,0,23,39,42,56,55,0.012928,0.008471,0.012516,0,1,1,2260.6
hash_based,2,35,1,11.201,12.678,0.9869,0.9999,39,0,23,39,43,56,55,0.012593,0.008322,0.012688,0,1,1,2260.6
hash_based,2,36,1,11.201,12.678,0.9859,0.9997,39,0,23,39,43,57,55,0.012593,0.008322,0.012688,0,1,1,2260.6
hash_based,2,37,1,11.184,12.574,0.9847,0.9993,39,0,23,39,43,58,55,0.012575,0.008412,0.012566,0,1,1,2260.6
hash_based,2,38,1,11.519,13.181,0.9841,0.9997,39,0,19,39,43,58,56,0.013241,0.008672,0.012645,0,1,1,2260.6
hash_based,2,39,1,11.189,12.597,0.9864,0.9997,39,0,19,39,44,58,56,0.012601,0.008405,0.012561,0,1,1,2260.6
hash_based,2,40,1,11.389,13.168,0.9885,0.9997,39,0,19,39,45,58,56,0.013239,0.008396,0.012532,0,1,1,2260.6
hash_based,2,41,1,11.195,12.584,0.9904,0.9997,39,0,16,39,46,58,56,0.012542,0.008454,0.012589,0,1,1,2260.6
hash_based,2,42,1,11.504,13.38,0.9898,0.9999,39,0,16,39,46,58,57,0.013468,0.008454,0.012589,0,1,1,2260.6
hash_based,2,43,1,11.854,13.567,0.9891,1.0,39,0,16,39,46,58,58,0.013468,0.008516,0.013578,0,1,1,2260.6
hash_based,2,44,1,11.197,12.564,0.9883,0.9999,39,0,16,39,46,58,59,0.01256,0.008467,0.012564,0,1,1,2260.6
hash_based,2,45,1,11.194,12.567,0.9874,0.9997,39,0,11,39,46,58,60,0.012569,0.008464,0.012549,0,1,1,2260.6
hash_based,2,46,1,11.246,12.718,0.9893,0.9997,39,0,11,39,47,58,60,0.012562,0.00844,0.012735,0,1,1,2260.6
hash_based,2,47,1,11.321,13.009,0.9887,0.9999,39,0,11,39,47,59,60,0.012474,0.008421,0.013068,0,1,1,2260.6
hash_based,2,48,1,11.371,13.023,0.988,1.0,39,0,11,39,47,60,60,0.012622,0.008423,0.013068,0,1,1,2260.6
hash_based,2,49,1,11.217,12.62,0.9899,1.0,39,0,11,39,48,60,60,0.012622,0.008423,0.012606,0,1,1,2260.6
hash_based,2,50,1,11.187,12.571,0.9916,1.0,39,0,8,39,49,60,60,0.012574,0.00844,0.012547,0,1,1,2260.6
hash_based,2,51,1,11.154,12.546,0.9909,0.9999,39,0,8,39,49,60,61,0.012554,0.008435,0.012473,0,1,1,2260.6
hash_based,2,52,1,11.418,13.144,0.9902,1.0,39,0,8,39,49,61,61,0.012589,0.008458,0.013206,0,1,1,2260.6
hash_based,2,53,1,11.191,12.563,0.9919,1.0,39,0,4,39,50,61,61,0.012537,0.008469,0.012566,0,1,1,2260.6
hash_based,2,54,1,11.235,12.56,0.9912,0.9999,39,0,4,39,50,61,62,0.012501,0.008638,0.012566,0,1,1,2260.6
hash_based,2,55,1,11.33,12.817,0.9906,1.0,39,0,4,39,50,62,62,0.012501,0.008638,0.012852,0,1,1,2260.6
hash_based,2,56,1,11.168,12.561,0.9899,0.9999,39,0,4,39,50,63,62,0.01251,0.008427,0.012567,0,1,1,2260.6
hash_based,2,57,1,11.467,12.96,0.9892,1.0,39,0,4,39,50,63,63,0.012869,0.008562,0.01297,0,1,1,2260.6
hash_based,2,58,1,11.457,12.905,0.9909,1.0,39,0,0,39,51,63,63,0.01286,0.008602,0.01291,0,1,1,2260.6
hash_based,2,59,0,11.269,12.787,0.9909,1.0,39,0,0,39,51,63,63,0.012813,0.008444,0.012549,0,1,1,2260.6
hash_based,2,60,1,11.282,12.856,0.9902,0.9999,39,0,0,39,51,64,63,0.01256,0.008397,0.012889,0,1,1,2260.6
hash_based,2,61,1,11.282,12.856,0.9896,1.0,39,0,0,39,51,64,64,0.01256,0.008397,0.012889,0,1,1,2260.6
hash_based,2,62,1,11.48,13.447,0.9888,0.9999,36,0,0,36,51,65,64,0.012426,0.008455,0.01356,0,1,1,2260.6
hash_based,2,63,1,11.137,12.569,0.9905,0.9999,36,0,0,36,52,65,64,0.012452,0.008376,0.012582,0,1,1,2260.6
hash_based,2,64,1,11.254,12.79,0.9899,1.0,36,0,0,36,52,65,65,0.012506,0.008436,0.012821,0,1,1,2260.6
hash_based,2,65,1,11.278,12.821,0.9915,1.0,36,0,0,36,53,65,65,0.012582,0.008405,0.012847,0,1,1,2260.6
hash_based,2,66,1,11.295,12.551,0.9908,0.9999,30,0,0,30,53,66,65,0.012554,0.008809,0.012523,0,1,1,2260.6
hash_based,2,67,1,11.594,13.356,0.9923,0.9999,30,0,0,30,54,66,65,0.013449,0.008809,0.012523,0,1,1,2260.6
hash_based,2,68,1,11.488,13.367,0.9917,1.0,30,0,0,30,54,66,66,0.013449,0.008386,0.012629,0,1,1,2260.6
hash_based,2,69,1,11.33,12.767,0.9931,1.0,30,0,0,30,55,66,66,0.012788,0.008626,0.012576,0,1,1,2260.6
hash_based,2,70,1,11.219,12.568,0.9944,1.0,25,0,0,25,56,66,66,0.012569,0.008525,0.012563,0,1,1,2260.6
hash_based,2,71,1,11.629,13.667,0.9938,0.9999,25,0,0,25,56,67,66,0.012694,0.008417,0.013775,0,1,1,2260.6
hash_based,2,72,1,11.228,12.638,0.995,0.9999,25,0,0,25,57,67,66,0.01259,0.008451,0.012643,0,1,1,2260.6
hash_based,2,73,1,11.278,12.639,0.9945,1.0,25,0,0,25,57,67,67,0.0126,0.00859,0.012643,0,1,1,2260.6
hash_based,2,74,1,11.524,13.304,0.994,0.9999,20,0,0,20,57,67,68,0.0126,0.00859,0.013382,0,1,1,2260.6
hash_based,2,75,1,11.234,12.716,0.9935,1.0,20,0,0,20,57,68,68,0.012732,0.008401,0.012569,0,1,1,2260.6
hash_based,2,76,1,11.408,12.964,0.993,0.9999,20,0,0,20,57,68,69,0.012717,0.008516,0.012991,0,1,1,2260.6
hash_based,2,77,1,11.264,12.757,0.9923,0.9998,20,0,0,20,57,68,70,0.012605,0.008413,0.012774,0,1,1,2260.6
hash_based,2,78,1,11.2,12.59,0.9919,0.9999,13,0,0,13,57,69,70,0.012591,0.008422,0.012586,0,1,1,2260.6
hash_based,2,79,1,11.287,12.803,0.9914,1.0,13,0,0,13,57,70,70,0.012827,0.008448,0.012586,0,1,1,2260.6
hash_based,2,80,1,11.268,12.797,0.9908,0.9999,13,0,0,13,57,71,70,0.012827,0.008448,0.012529,0,1,1,2260.6
hash_based,2,81,1,11.237,12.626,0.99,0.9998,13,0,0,13,57,72,70,0.012626,0.00846,0.012625,0,1,1,2260.6
hash_based,2,82,1,11.291,12.802,0.9896,1.0,9,0,0,9,57,72,71,0.012586,0.00846,0.012826,0,1,1,2260.6
hash_based,2,83,1,11.213,12.593,0.989,1.0,9,0,0,9,57,72,72,0.012599,0.008499,0.01254,0,1,1,2260.6
hash_based,2,84,1,11.272,12.794,0.9883,1.0,9,0,0,9,57,72,73,0.012819,0.008425,0.012572,0,1,1,2260.6
hash_based,2,85,1,11.18,12.601,0.9877,1.0,9,0,0,9,57,73,73,0.012601,0.008341,0.012597,0,1,1,2260.6
hash_based,2,86,1,11.18,12.601,0.987,1.0,9,0,0,9,57,73,74,0.012601,0.008341,0.012597,0,1,1,2260.6
hash_based,2,87,1,11.564,13.372,0.9864,1.0,5,0,0,5,57,74,74,0.012866,0.008397,0.013428,0,1,1,2260.6
hash_based,2,88,1,11.401,13.03,0.9881,1.0,5,0,0,5,58,74,74,0.012705,0.008432,0.013066,0,1,1,2260.6
hash_based,2,89,1,11.197,12.626,0.9874,1.0,5,0,0,5,58,75,74,0.012529,0.008424,0.012637,0,1,1,2260.6
hash_based,2,90,1,11.168,12.604,0.989,0.989,0,0,0,0,59,75,74,0.012618,0.008413,0.012474,1,1,1,2260.6
hash_based,2,91,1,17.173,28.672,0.9884,0.9884,1,1,0,0,59,75,75,0.030461,0.008491,0.012567,1,1,1,2260.6
hash_based,2,92,11,17.173,28.672,0.9899,0.9899,1,1,0,0,63,77,80,0.030461,0.008491,0.012567,1,1,1,2260.6
hash_based,2,93,1,15.675,24.657,0.9895,0.9895,3,3,0,0,63,78,80,0.025999,0.008452,0.012575,1,1,1,2260.6
hash_based,2,94,11,15.871,25.207,0.9911,0.9911,4,4,0,0,67,82,83,0.026616,0.008472,0.012525,1,1,1,2260.6
hash_based,2,95,1,15.816,24.775,0.9907,0.9907,6,6,0,0,67,83,83,0.026134,0.008771,0.012543,1,1,1,2260.6
hash_based,2,96,1,15.755,24.941,0.9901,0.9901,7,7,0,0,67,84,83,0.026314,0.008369,0.012581,1,1,1,2260.6
hash_based,2,97,1,15.878,24.643,0.9913,0.9913,8,8,0,0,68,84,83,0.025985,0.009078,0.01257,1,1,1,2260.6
hash_based,2,98,10,15.878,24.643,0.993,0.993,8,8,0,0,72,87,86,0.025985,0.009078,0.01257,1,1,1,2260.6
hash_based,2,99,1,15.694,24.76,0.9925,0.9925,10,10,0,0,72,88,86,0.026118,0.008429,0.012536,1,1,1,2260.6
hash_based,2,100,1,15.847,25.208,0.992,0.992,11,11,0,0,72,89,86,0.026614,0.008374,0.012554,1,1,1,2260.6
hash_based,2,101,11,15.862,24.944,0.9935,0.9935,13,13,0,0,77,94,87,0.026288,0.008448,0.01285,1,1,1,2260.6
hash_based,2,102,1,15.917,25.02,0.9928,0.9928,14,14,0,0,77,95,87,0.026358,0.008419,0.012973,1,1,1,2260.6
hash_based,2,103,1,15.766,24.811,0.992,0.992,15,15,0,0,77,96,87,0.026154,0.008422,0.012723,1,1,1,2260.6
hash_based,2,104,1,15.766,24.811,0.9913,0.9913,15,15,0,0,77,97,87,0.026154,0.008422,0.012723,1,1,1,2260.6
hash_based,2,105,11,15.777,24.951,0.9918,0.9918,16,16,0,0,80,100,92,0.026327,0.008437,0.012567,1,1,1,2260.6
hash_based,2,106,1,16.137,25.002,0.9911,0.9911,18,18,0,0,80,101,92,0.026282,0.008645,0.013484,1,1,1,2260.6
hash_based,2,107,11,16.218,25.998,0.9933,0.9933,20,20,0,0,85,104,95,0.027489,0.008583,0.012582,1,1,1,2260.6
hash_based,2,108,1,16.034,25.413,0.9933,0.9933,21,21,0,0,85,104,96,0.026813,0.00847,0.012818,1,1,1,2260.6
hash_based,2,109,1,15.737,24.442,0.9927,0.9927,22,22,0,0,85,105,96,0.025734,0.008659,0.012818,1,1,1,2260.6
hash_based,2,110,1,15.682,24.426,0.9927,0.9927,22,22,0,0,85,105,97,0.025734,0.008659,0.012652,1,1,1,2260.6
hash_based,2,111,1,15.66,24.651,0.992,0.992,23,23,0,0,85,106,97,0.025991,0.008394,0.012595,1,1,1,2260.6
hash_based,2,112,1,15.852,25.079,0.992,0.992,24,24,0,0,85,106,98,0.026459,0.008434,0.012663,1,1,1,2260.6
hash_based,2,113,11,15.754,24.827,0.992,0.992,25,25,0,0,89,111,100,0.026192,0.008526,0.012543,1,1,1,2260.6
hash_based,2,114,1,16.035,25.534,0.9913,0.9913,27,27,0,0,89,112,100,0.026966,0.008489,0.012651,1,1,1,2260.6
hash_based,2,115,11,15.87,24.92,0.9897,0.9897,29,29,0,0,91,117,104,0.026283,0.008676,0.012651,1,1,1,2260.6
hash_based,2,116,1,15.856,24.916,0.989,0.989,29,29,0,0,91,118,104,0.026283,0.008676,0.012609,1,1,1,2260.6
hash_based,2,117,1,15.869,25.205,0.9882,0.9882,30,30,0,0,91,119,104,0.026601,0.008359,0.012646,1,1,1,2260.6
hash_based,2,118,11,16.116,24.927,0.9897,0.9897,31,31,0,0,95,122,108,0.0263,0.009475,0.012574,1,1,1,2260.6
hash_based,2,119,1,15.823,24.968,0.9898,0.9898,33,33,0,0,95,122,109,0.026336,0.008472,0.01266,1,1,1,2260.6
hash_based,2,120,1,15.704,24.738,0.9891,0.9953,34,34,0,0,95,123,109,0.026085,0.008406,0.01262,1,0,1,2260.6
hash_based,2,121,1,11.19,12.612,0.9892,0.9947,34,34,0,0,95,123,110,0.012543,0.008406,0.01262,1,0,1,2260.6
hash_based,2,122,1,11.131,12.532,0.9892,0.994,34,34,0,0,95,123,111,0.012543,0.008412,0.012437,1,0,1,2260.6
hash_based,2,123,1,11.386,13.135,0.99,0.9948,34,34,0,0,96,123,111,0.013197,0.008385,0.012577,1,0,1,2260.6
hash_based,2,124,1,11.299,12.845,0.9908,0.9955,34,34,0,0,97,123,111,0.012874,0.008439,0.012583,1,0,1,2260.6
hash_based,2,125,1,11.191,12.584,0.9908,0.9949,34,34,0,0,97,123,112,0.012484,0.008494,0.012595,1,0,1,2260.6
hash_based,2,126,1,11.268,12.784,0.9916,0.9956,34,34,0,0,98,123,112,0.012805,0.00841,0.01259,1,0,1,2260.6
hash_based,2,127,1,11.481,13.335,0.9923,0.9962,34,34,0,0,99,123,112,0.013418,0.008434,0.01259,1,0,1,2260.6
hash_based,2,128,1,11.48,13.335,0.9923,0.9957,34,34,0,0,99,123,113,0.013418,0.008434,0.012587,1,0,1,2260.6
hash_based,2,129,0,11.169,12.555,0.9923,0.9957,34,34,0,0,99,123,113,0.012549,0.008402,0.012556,1,0,1,2260.6
hash_based,2,130,1,11.258,12.764,0.993,0.9963,34,34,0,0,100,123,113,0.012786,0.008418,0.01257,1,0,1,2260.6
hash_based,2,131,1,11.207,12.622,0.993,0.9957,34,34,0,0,100,123,114,0.012634,0.008471,0.012516,1,0,1,2260.6
hash_based,2,132,1,11.28,12.962,0.9924,0.9957,34,34,0,0,100,124,114,0.012425,0.008394,0.013022,1,0,1,2260.6
hash_based,2,133,1,11.28,12.823,0.9919,0.9957,34,34,0,0,100,125,114,0.012845,0.008374,0.012621,1,0,1,2260.6
hash_based,2,134,1,11.28,12.823,0.9918,0.9952,34,34,0,0,100,125,115,0.012845,0.008374,0.012621,1,0,1,2260.6
hash_based,2,135,1,11.471,13.364,0.9913,0.9952,34,34,0,0,100,126,115,0.013465,0.008492,0.012457,1,0,1,2260.6
hash_based,2,136,1,11.176,12.576,0.992,0.9958,34,34,0,0,101,126,115,0.012579,0.008396,0.012552,1,0,1,2260.6
hash_based,2,137,1,11.287,12.809,0.9927,0.9964,34,34,0,0,102,126,115,0.012839,0.008482,0.012539,1,0,1,2260.6
hash_based,2,138,1,11.265,12.828,0.9921,0.9964,34,34,0,0,102,127,115,0.012857,0.008373,0.012564,1,0,1,2260.6
hash_based,2,139,1,11.286,12.75,0.9928,0.997,34,34,0,0,103,127,115,0.01264,0.008457,0.012762,1,0,1,2260.6
hash_based,2,140,1,11.286,12.75,0.9928,0.9965,34,34,0,0,103,127,116,0.01264,0.008457,0.012762,1,0,1,2260.6
hash_based,2,141,1,11.411,12.827,0.9923,0.9965,34,34,0,0,103,128,116,0.012798,0.008605,0.01283,1,0,1,2260.6
hash_based,2,142,1,11.265,12.75,0.9917,0.9965,34,34,0,0,103,129,116,0.012776,0.008501,0.012519,1,0,1,2260.6
hash_based,2,143,1,11.41,13.19,0.9917,0.996,34,34,0,0,103,129,117,0.012609,0.008367,0.013255,1,0,1,2260.6
hash_based,2,144,1,11.212,12.611,0.9911,0.996,34,34,0,0,103,130,117,0.012548,0.008469,0.012618,1,0,1,2260.6
hash_based,2,145,1,11.292,12.822,0.9905,0.996,34,34,0,0,103,131,117,0.012847,0.008432,0.012597,1,0,1,2260.6
hash_based,2,146,1,11.202,12.595,0.9912,0.9966,34,34,0,0,104,131,117,0.012577,0.008432,0.012597,1,0,1,2260.6
hash_based,2,147,1,11.254,12.634,0.9913,0.996,34,34,0,0,104,131,118,0.012577,0.008545,0.01264,1,0,1,2260.6
hash_based,2,148,1,11.251,12.682,0.992,0.9966,34,34,0,0,105,131,118,0.012604,0.008457,0.012691,1,0,1,2260.6
hash_based,2,149,1,11.157,12.643,0.9926,0.9971,34,34,0,0,106,131,118,0.012667,0.008376,0.012429,1,0,1,2260.6
hash_based,2,150,1,11.366,12.971,0.9927,0.9927,34,34,0,0,106,131,119,0.012639,0.008451,0.013008,1,1,1,2260.6
hash_based,2,151,11,14.365,17.368,0.9931,0.9931,34,34,2,0,110,135,122,0.01259,0.017897,0.012608,1,1,1,2260.6
hash_based,2,152,1,14.421,17.383,0.9936,0.9936,34,34,2,0,111,135,122,0.012759,0.017897,0.012608,1,1,1,2260.6
hash_based,2,153,1,14.304,17.028,0.9942,0.9942,34,34,3,0,112,135,122,0.012759,0.017502,0.012651,1,1,1,2260.6
hash_based,2,154,1,14.429,17.291,0.9947,0.9947,34,34,4,0,113,135,122,0.01284,0.017786,0.01266,1,1,1,2260.6
hash_based,2,155,11,14.515,17.574,0.992,0.992,34,34,5,0,113,141,127,0.012827,0.018101,0.012618,1,1,1,2260.6
hash_based,2,156,1,14.53,17.766,0.9926,0.9926,28,28,7,0,114,141,127,0.01262,0.018337,0.012632,1,1,1,2260.6
hash_based,2,157,11,14.404,17.744,0.9888,0.9888,28,28,15,0,115,149,129,0.01241,0.01833,0.012471,1,1,1,2260.6
hash_based,2,158,11,14.451,17.752,0.9847,0.9847,28,28,15,0,115,156,133,0.012551,0.01833,0.012471,1,1,1,2260.6
hash_based,2,159,1,14.447,17.64,0.9848,0.9848,28,28,11,0,115,156,134,0.012551,0.018201,0.012588,1,1,1,2260.6
hash_based,2,160,1,14.387,17.205,0.9856,0.9856,24,24,12,0,116,156,134,0.01282,0.017692,0.01265,1,1,1,2260.6
hash_based,2,161,11,14.349,17.442,0.985,0.985,24,24,13,0,118,160,139,0.012516,0.017986,0.012546,1,1,1,2260.6
hash_based,2,162,1,14.261,17.171,0.9851,0.9851,24,24,15,0,118,160,140,0.01256,0.017683,0.012539,1,1,1,2260.6
hash_based,2,163,0,14.53,17.554,0.9851,0.9851,24,24,16,0,118,160,140,0.012943,0.018066,0.012581,1,1,1,2260.6
hash_based,2,164,11,14.677,17.598,0.9877,0.9877,19,19,16,0,124,163,142,0.013383,0.018066,0.012581,1,1,1,2260.6
hash_based,2,165,1,14.56,17.456,0.9884,0.9884,19,19,18,0,125,163,142,0.013383,0.017909,0.012389,1,1,1,2260.6
hash_based,2,166,1,14.172,16.972,0.9885,0.9885,19,19,19,0,125,163,143,0.012512,0.017465,0.012539,1,1,1,2260.6
hash_based,2,167,1,14.777,17.735,0.9891,0.9891,20,19,20,0,126,163,143,0.012589,0.018201,0.013542,1,1,1,2260.6
hash_based,2,168,1,14.688,17.683,0.9897,0.9897,21,14,21,0,127,163,143,0.013352,0.018164,0.012548,1,1,1,2260.6
hash_based,2,169,1,14.283,17.036,0.9903,0.9903,22,14,22,0,128,163,143,0.01256,0.017509,0.012781,1,1,1,2260.6
hash_based,2,170,1,14.289,17.036,0.9908,0.9908,22,14,22,0,129,163,143,0.012576,0.017509,0.012781,1,1,1,2260.6
hash_based,2,171,1,14.244,17.004,0.9909,0.9909,23,14,23,0,129,163,144,0.012576,0.017485,0.01267,1,1,1,2260.6
hash_based,2,172,1,14.439,17.619,0.9915,0.9915,24,14,24,0,130,163,144,0.012581,0.018179,0.012557,1,1,1,2260.6
hash_based,2,173,1,14.486,17.753,0.9915,0.9915,25,11,25,0,130,163,145,0.012612,0.018324,0.012521,1,1,1,2260.6
hash_based,2,174,1,14.305,17.212,0.9916,0.9916,26,11,26,0,130,163,146,0.012605,0.017724,0.012587,1,1,1,2260.6
hash_based,2,175,11,14.363,17.396,0.9901,0.9901,28,11,28,0,134,170,146,0.012574,0.017931,0.012584,1,1,1,2260.6
hash_based,2,176,1,14.376,17.399,0.9906,0.9906,28,5,28,0,135,170,146,0.012612,0.017931,0.012584,1,1,1,2260.6
hash_based,2,177,10,14.37,17.391,0.9887,0.9887,29,5,29,0,137,176,148,0.012612,0.017922,0.012575,1,1,1,2260.6
hash_based,2,178,11,15.092,17.819,0.9863,0.9863,31,5,31,0,140,183,149,0.013742,0.018272,0.013263,1,1,1,2260.6
hash_based,2,179,1,14.447,17.727,0.9868,0.9868,33,5,33,0,141,183,149,0.012521,0.018305,0.012516,1,1,1,2260.6
ecmp,1,0,0,15.841,25.09,1.0,1.0,0,0,0,0,0,0,0,0.012504,0.00853,0.026488,1,1,1,2431.8
ecmp,1,1,1,15.742,24.823,0.3333,0.3333,37,0,37,3,1,0,0,0.012666,0.008385,0.026174,1,1,1,2431.8
ecmp,1,2,1,16.082,25.549,0.6667,0.6667,37,0,37,4,1,1,0,0.012554,0.008698,0.026993,1,1,1,2431.8
ecmp,1,3,11,15.855,25.167,0.9883,0.9883,37,0,37,6,5,4,4,0.012545,0.00845,0.026569,1,1,1,2431.8
ecmp,1,4,1,15.788,24.995,0.9899,0.9899,37,0,37,7,5,5,4,0.012478,0.0085,0.026386,1,1,1,2431.8
ecmp,1,5,11,15.91,24.875,0.9968,0.9968,37,0,37,9,9,8,8,0.013074,0.00847,0.026186,1,1,1,2431.8
ecmp,1,6,1,15.91,24.875,0.9971,0.9971,37,0,37,9,9,9,8,0.013074,0.00847,0.026186,1,1,1,2431.8
ecmp,1,7,11,15.736,24.595,0.9985,0.9985,37,0,37,10,13,12,12,0.012747,0.008548,0.025912,1,1,1,2431.8
ecmp,1,8,1,16.327,25.625,0.9986,0.9986,37,0,37,12,13,13,12,0.013694,0.008335,0.026951,1,1,1,2431.8
ecmp,1,9,11,15.814,25.011,0.9992,0.9992,37,0,37,14,17,16,16,0.01258,0.008469,0.026392,1,1,1,2431.8
ecmp,1,10,1,15.696,24.751,0.9992,0.9992,37,0,37,15,17,17,16,0.012559,0.008422,0.026106,1,1,1,2431.8
ecmp,1,11,11,16.068,24.852,0.9995,0.9995,37,0,37,15,21,20,20,0.013566,0.008531,0.026106,1,1,1,2431.8
ecmp,1,12,1,16.068,24.854,0.9995,0.9995,37,0,37,17,21,21,20,0.013566,0.008531,0.026108,1,1,1,2431.8
ecmp,1,13,11,15.63,24.347,0.9996,0.9996,37,0,37,18,25,24,24,0.012679,0.008569,0.025643,1,1,1,2431.8
ecmp,1,14,1,15.784,24.927,0.9996,0.9996,37,0,37,20,25,25,24,0.012611,0.008446,0.026296,1,1,1,2431.8
ecmp,1,15,11,15.53,24.248,0.9997,0.9997,37,0,37,22,29,28,28,0.012636,0.008417,0.025538,1,1,1,2431.8
ecmp,1,16,1,15.779,24.906,0.9997,0.9997,37,0,37,23,29,29,28,0.012515,0.008539,0.026283,1,1,1,2431.8
ecmp,1,17,11,15.79,24.918,0.9998,0.9998,37,0,37,23,33,32,32,0.012631,0.008457,0.026283,1,1,1,2431.8
ecmp,1,18,1,15.533,24.223,0.9998,0.9998,37,0,37,25,33,33,32,0.012631,0.008457,0.025511,1,1,1,2431.8
ecmp,1,19,11,15.7,24.711,0.9998,0.9998,37,0,37,26,37,36,36,0.01263,0.008417,0.026053,1,1,1,2431.8
ecmp,1,20,1,15.967,25.025,0.9998,0.9998,37,0,37,28,37,37,36,0.012898,0.008631,0.026372,1,1,1,2431.8
ecmp,1,21,11,15.986,25.249,0.9999,0.9999,37,0,37,29,41,40,40,0.012924,0.008415,0.026619,1,1,1,2431.8
ecmp,1,22,1,16.174,25.124,0.9999,0.9999,37,0,37,31,41,41,40,0.013674,0.008452,0.026396,1,1,1,2431.8
ecmp,1,23,7,15.77,25.014,1.0,1.0,37,0,37,31,43,43,43,0.012579,0.008336,0.026396,1,1,1,2431.8
ecmp,1,24,4,15.656,24.706,0.9999,0.9999,37,0,37,33,45,44,44,0.012579,0.008336,0.026053,1,1,1,2431.8
ecmp,1,25,1,15.699,24.746,0.9999,0.9999,37,0,37,34,45,45,44,0.012568,0.00843,0.026099,1,1,1,2431.8
ecmp,1,26,11,15.803,25.023,0.9999,0.9999,37,0,37,36,49,48,48,0.012587,0.008417,0.026405,1,1,1,2431.8
ecmp,1,27,1,15.645,24.559,0.9999,0.9999,37,0,34,37,49,49,48,0.012639,0.008413,0.025883,1,1,1,2431.8
ecmp,1,28,11,15.599,24.575,0.9999,0.9999,39,0,34,39,53,52,52,0.012448,0.008427,0.025922,1,1,1,2431.8
ecmp,1,29,1,15.729,24.614,0.9999,0.9999,39,0,34,39,53,53,52,0.012838,0.008427,0.025922,1,1,1,2431.8
ecmp,1,30,11,15.766,24.681,0.9999,1.0,40,0,34,40,57,56,56,0.012838,0.008464,0.025997,0,1,1,2431.8
ecmp,1,31,1,11.52,13.428,0.9999,0.9999,41,0,34,41,57,57,56,0.012557,0.008479,0.013525,0,1,1,2431.8
ecmp,1,32,1,11.34,12.71,1.0,1.0,41,0,30,41,57,57,57,0.012725,0.008715,0.01258,0,1,1,2431.8
ecmp,1,33,1,11.257,12.694,0.9999,1.0,41,0,30,41,58,57,57,0.012617,0.008452,0.012703,0,1,1,2431.8
ecmp,1,34,1,11.192,12.577,0.9999,0.9999,41,0,30,41,58,58,57,0.012571,0.008428,0.012578,0,1,1,2431.8
ecmp,1,35,1,11.214,12.622,1.0,1.0,41,0,25,41,58,58,58,0.012627,0.008436,0.012578,0,1,1,2431.8
ecmp,1,36,1,11.225,12.625,0.9999,1.0,41,0,25,41,59,58,58,0.012627,0.008436,0.012612,0,1,1,2431.8
ecmp,1,37,1,11.218,12.633,0.9999,0.9999,41,0,25,41,59,59,58,0.01264,0.008442,0.012571,0,1,1,2431.8
ecmp,1,38,1,11.284,12.793,1.0,1.0,41,0,25,41,59,59,59,0.012816,0.008452,0.012584,0,1,1,2431.8
ecmp,1,39,1,11.344,12.956,0.9999,1.0,41,0,25,41,60,59,59,0.012997,0.008449,0.012587,0,1,1,2431.8
ecmp,1,40,1,11.315,12.61,0.9999,0.9999,41,0,19,41,60,60,59,0.01261,0.008725,0.012609,0,1,1,2431.8
ecmp,1,41,1,11.4,13.07,1.0,1.0,41,0,19,41,60,60,60,0.013121,0.008471,0.012609,0,1,1,2431.8
ecmp,1,42,1,11.535,13.11,0.9999,1.0,41,0,19,41,61,60,60,0.013121,0.008471,0.013014,0,1,1,2431.8
ecmp,1,43,1,11.727,13.403,0.9999,0.9999,41,0,19,41,61,61,60,0.013404,0.008384,0.013393,0,1,1,2431.8
ecmp,1,44,1,11.226,12.678,1.0,1.0,41,0,16,41,61,61,61,0.012681,0.008346,0.012652,0,1,1,2431.8
ecmp,1,45,1,11.306,12.762,0.9999,1.0,41,0,16,41,62,61,61,0.012784,0.008564,0.012569,0,1,1,2431.8
ecmp,1,46,1,11.197,12.576,0.9999,0.9999,41,0,16,41,62,62,61,0.012559,0.008454,0.012578,0,1,1,2431.8
ecmp,1,47,1,11.192,12.603,1.0,1.0,41,0,16,41,62,62,62,0.012549,0.008419,0.012609,0,1,1,2431.8
ecmp,1,48,1,11.192,12.603,0.9999,1.0,41,0,16,41,63,62,62,0.012549,0.008419,0.012609,0,1,1,2431.8
ecmp,1,49,1,11.215,12.621,0.9999,0.9999,41,0,12,41,63,63,62,0.012624,0.008432,0.01259,0,1,1,2431.8
ecmp,1,50,1,11.283,12.574,1.0,1.0,41,0,12,41,63,63,63,0.012579,0.00874,0.012531,0,1,1,2431.8
ecmp,1,51,1,11.179,12.524,0.9999,1.0,41,0,12,41,64,63,63,0.012519,0.008495,0.012524,0,1,1,2431.8
ecmp,1,52,1,11.192,12.577,0.9999,0.9999,41,0,7,41,64,64,63,0.012577,0.008423,0.012575,0,1,1,2431.8
ecmp,1,53,1,11.187,12.511,1.0,1.0,41,0,7,41,64,64,64,0.012492,0.008556,0.012513,0,1,1,2431.8
ecmp,1,54,1,11.21,12.555,0.9999,1.0,41,0,7,41,65,64,64,0.01256,0.008556,0.012513,0,1,1,2431.8
ecmp,1,55,1,11.201,12.572,0.9999,0.9999,41,0,7,41,65,65,64,0.01256,0.00847,0.012573,0,1,1,2431.8
ecmp,1,56,1,11.183,12.584,1.0,1.0,41,0,1,41,65,65,65,0.012546,0.008415,0.012588,0,1,1,2431.8
ecmp,1,57,1,11.181,12.595,0.9999,1.0,41,0,1,41,66,65,65,0.012606,0.008436,0.012501,0,1,1,2431.8
ecmp,1,58,1,11.283,12.812,0.9999,0.9999,41,0,1,41,66,66,65,0.01284,0.008446,0.012563,0,1,1,2431.8
ecmp,1,59,0,11.214,12.652,0.9999,0.9999,41,0,1,41,66,66,65,0.012656,0.008365,0.012621,0,1,1,2431.8
ecmp,1,60,1,11.207,12.617,1.0,1.0,41,0,0,41,66,66,66,0.012578,0.008422,0.012621,0,1,1,2431.8
ecmp,1,61,1,11.225,12.665,0.9999,1.0,39,0,0,39,67,66,66,0.012578,0.008422,0.012675,0,1,1,2431.8
ecmp,1,62,1,11.526,13.299,1.0,0.9999,39,0,0,39,67,67,66,0.012564,0.008634,0.013381,0,1,1,2431.8
ecmp,1,63,1,11.514,13.452,1.0,1.0,39,0,0,39,67,67,67,0.012568,0.008425,0.01355,0,1,1,2431.8
ecmp,1,64,1,11.534,13.541,1.0,1.0,35,0,0,35,68,67,67,0.013648,0.008371,0.012582,0,1,1,2431.8
ecmp,1,65,1,11.266,12.765,1.0,0.9999,35,0,0,35,68,68,67,0.012624,0.008394,0.012781,0,1,1,2431.8
ecmp,1,66,1,11.259,12.76,1.0,1.0,35,0,0,35,68,68,68,0.012567,0.00843,0.012781,0,1,1,2431.8
ecmp,1,67,1,11.158,12.558,1.0,1.0,35,0,0,35,69,68,68,0.012567,0.00843,0.012477,0,1,1,2431.8
ecmp,1,68,1,11.306,12.893,1.0,0.9999,35,0,0,35,69,69,68,0.012519,0.008463,0.012935,0,1,1,2431.8
ecmp,1,69,1,11.151,12.526,1.0,1.0,29,0,0,29,69,69,69,0.012527,0.008413,0.012512,0,1,1,2431.8
ecmp,1,70,1,11.334,12.984,1.0,1.0,29,0,0,29,70,69,69,0.013029,0.008389,0.012583,0,1,1,2431.8
ecmp,1,71,1,11.278,12.795,1.0,0.9999,29,0,0,29,70,70,69,0.012814,0.008402,0.012619,0,1,1,2431.8
ecmp,1,72,1,11.257,12.779,1.0,1.0,24,0,0,24,70,70,70,0.012804,0.008411,0.012555,0,1,1,2431.8
ecmp,1,73,1,11.257,12.779,1.0,1.0,24,0,0,24,71,70,70,0.012804,0.008411,0.012555,0,1,1,2431.8
ecmp,1,74,1,11.179,12.566,1.0,0.9999,24,0,0,24,71,71,70,0.012571,0.008445,0.012522,0,1,1,2431.8
ecmp,1,75,1,11.178,12.572,1.0,1.0,24,0,0,24,71,71,71,0.012539,0.008419,0.012576,0,1,1,2431.8
ecmp,1,76,1,11.309,12.876,1.0,1.0,24,0,0,24,72,71,71,0.012572,0.008445,0.01291,0,1,1,2431.8
ecmp,1,77,1,11.286,12.771,1.0,1.0,19,0,0,19,72,72,71,0.012624,0.008448,0.012787,0,1,1,2431.8
ecmp,1,78,1,11.162,12.531,1.0,1.0,19,0,0,19,72,72,72,0.012535,0.008453,0.012497,0,1,1,2431.8
ecmp,1,79,1,11.181,12.582,1.0,1.0,19,0,0,19,73,72,72,0.012592,0.008453,0.012497,0,1,1,2431.8
ecmp,1,80,1,11.187,12.583,1.0,1.0,19,0,0,19,73,73,72,0.012592,0.008464,0.012505,0,1,1,2431.8
ecmp,1,81,1,11.317,12.737,1.0,1.0,13,0,0,13,73,73,73,0.012581,0.008615,0.012754,0,1,1,2431.8
ecmp,1,82,1,11.304,12.794,1.0,1.0,13,0,0,13,74,73,73,0.012648,0.008455,0.01281,0,1,1,2431.8
ecmp,1,83,1,11.433,13.191,1.0,1.0,13,0,0,13,74,74,73,0.01326,0.008472,0.012567,0,1,1,2431.8
ecmp,1,84,1,11.268,12.778,1.0,1.0,8,0,0,8,74,74,74,0.012802,0.008441,0.012561,0,1,1,2431.8
ecmp,1,85,1,11.205,12.556,1.0,1.0,8,0,0,8,75,74,74,0.012507,0.008546,0.012561,0,1,1,2431.8
ecmp,1,86,1,11.21,12.569,1.0,1.0,8,0,0,8,75,75,74,0.012507,0.008546,0.012576,0,1,1,2431.8
ecmp,1,87,1,11.289,12.854,1.0,1.0,8,0,0,8,75,75,75,0.012545,0.008433,0.012888,0,1,1,2431.8
ecmp,1,88,1,11.901,13.702,1.0,1.0,8,0,0,8,76,75,75,0.013401,0.008568,0.013735,0,1,1,2431.8
ecmp,1,89,1,11.186,12.557,1.0,1.0,2,0,0,2,76,76,75,0.012556,0.008445,0.012557,0,1,1,2431.8
ecmp,1,90,1,11.202,12.542,1.0,1.0,2,0,0,2,76,76,76,0.01254,0.008525,0.012542,1,1,1,2431.8
ecmp,1,91,11,16.037,25.669,1.0,1.0,2,2,0,2,80,80,79,0.027128,0.008442,0.012542,1,1,1,2431.8
ecmp,1,92,1,16.031,25.668,1.0,1.0,2,2,0,2,80,80,80,0.027128,0.008442,0.012524,1,1,1,2431.8
ecmp,1,93,11,15.635,24.634,1.0,1.0,3,3,0,0,84,84,83,0.025977,0.008379,0.012549,1,1,1,2431.8
ecmp,1,94,1,15.813,25.062,1.0,1.0,5,5,0,0,84,84,84,0.026454,0.008446,0.012538,1,1,1,2431.8
ecmp,1,95,11,15.792,24.978,1.0,1.0,6,6,0,0,88,88,87,0.026355,0.008438,0.012584,1,1,1,2431.8
ecmp,1,96,0,15.593,24.294,1.0,1.0,8,8,0,0,88,88,87,0.025596,0.00861,0.012574,1,1,1,2431.8
ecmp,1,97,1,15.608,24.565,1.0,1.0,9,9,0,0,88,88,88,0.025897,0.008354,0.012574,1,1,1,2431.8
ecmp,1,98,11,15.601,24.563,1.0,1.0,9,9,0,0,92,92,91,0.025897,0.008354,0.012553,1,1,1,2431.8
ecmp,1,99,1,15.76,24.845,1.0,1.0,11,11,0,0,92,92,92,0.026205,0.008469,0.012605,1,1,1,2431.8
ecmp,1,100,11,15.82,25.086,1.0,1.0,13,13,0,0,96,96,95,0.026478,0.008424,0.012559,1,1,1,2431.8
ecmp,1,101,1,15.829,24.843,1.0,1.0,14,14,0,0,96,96,96,0.026171,0.008423,0.012892,1,1,1,2431.8
ecmp,1,102,11,16.358,25.689,1.0,1.0,16,16,0,0,100,100,99,0.02706,0.008665,0.01335,1,1,1,2431.8
ecmp,1,103,1,16.14,25.099,1.0,1.0,17,17,0,0,100,100,100,0.026405,0.008665,0.01335,1,1,1,2431.8
ecmp,1,104,11,15.823,25.022,1.0,1.0,17,17,0,0,104,104,103,0.026405,0.00849,0.012574,1,1,1,2431.8
ecmp,1,105,1,15.899,25.032,1.0,1.0,19,19,0,0,104,104,104,0.026392,0.008511,0.012793,1,1,1,2431.8
ecmp,1,106,11,15.897,25.322,1.0,1.0,20,20,0,0,108,108,107,0.026749,0.008458,0.012484,1,1,1,2431.8
ecmp,1,107,1,15.794,25.052,1.0,1.0,22,22,0,0,108,108,108,0.026438,0.008363,0.012581,1,1,1,2431.8
ecmp,1,108,11,15.708,24.714,1.0,1.0,24,24,0,0,112,112,111,0.02606,0.008467,0.012597,1,1,1,2431.8
ecmp,1,109,1,15.708,24.714,1.0,1.0,24,24,0,0,112,112,112,0.02606,0.008467,0.012597,1,1,1,2431.8
ecmp,1,110,11,15.749,24.908,1.0,1.0,25,25,0,0,116,116,115,0.026282,0.008424,0.012542,1,1,1,2431.8
ecmp,1,111,1,15.748,24.795,1.0,1.0,27,27,0,0,116,116,116,0.026144,0.008449,0.012652,1,1,1,2431.8
ecmp,1,112,11,16.208,25.225,1.0,1.0,28,28,0,0,120,120,119,0.026559,0.008844,0.013221,1,1,1,2431.8
ecmp,1,113,1,15.845,24.747,1.0,1.0,30,30,0,0,120,120,120,0.026047,0.008446,0.013043,1,1,1,2431.8
ecmp,1,114,11,15.665,24.677,1.0,1.0,32,32,0,0,124,124,123,0.026027,0.008445,0.012524,1,1,1,2431.8
ecmp,1,115,1,15.665,24.677,1.0,1.0,32,32,0,0,124,124,124,0.026027,0.008445,0.012524,1,1,1,2431.8
ecmp,1,116,11,15.612,24.55,1.0,1.0,33,33,0,0,128,128,127,0.025887,0.008431,0.012519,1,1,1,2431.8
ecmp,1,117,1,15.72,24.771,1.0,1.0,35,35,0,0,128,128,128,0.026123,0.008433,0.012603,1,1,1,2431.8
ecmp,1,118,11,15.803,24.857,1.0,1.0,36,36,0,0,132,132,131,0.026199,0.008434,0.012777,1,1,1,2431.8
ecmp,1,119,0,15.815,24.692,1.0,1.0,38,38,0,0,132,132,131,0.026026,0.008735,0.012683,1,1,1,2431.8
ecmp,1,120,2,15.771,24.635,1.0,1.0,39,39,0,0,133,132,132,0.025966,0.008689,0.012657,1,0,1,2431.8
ecmp,1,121,0,15.771,24.635,1.0,1.0,39,39,0,0,133,132,132,0.025966,0.008689,0.012657,1,0,1,2431.8
ecmp,1,122,1,11.41,13.221,1.0,1.0,39,39,0,0,133,133,132,0.012384,0.008531,0.013314,1,0,1,2431.8
ecmp,1,123,1,11.219,12.61,1.0,1.0,39,39,0,0,133,133,133,0.012512,0.008523,0.012621,1,0,1,2431.8
ecmp,1,124,1,11.405,12.87,1.0,1.0,39,39,0,0,134,133,133,0.012903,0.008738,0.012575,1,0,1,2431.8
ecmp,1,125,1,11.193,12.604,1.0,1.0,39,39,0,0,134,134,133,0.012577,0.008394,0.012607,1,0,1,2431.8
ecmp,1,126,1,11.236,12.737,1.0,1.0,39,39,0,0,134,134,134,0.012762,0.008431,0.012515,1,0,1,2431.8
ecmp,1,127,1,11.261,12.805,1.0,1.0,39,39,0,0,135,134,134,0.012837,0.008431,0.012515,1,0,1,2431.8
ecmp,1,128,1,11.268,12.807,1.0,1.0,39,39,0,0,135,135,134,0.012837,0.008426,0.012541,1,0,1,2431.8
ecmp,1,129,1,11.251,12.717,1.0,1.0,39,39,0,0,135,135,135,0.012736,0.008467,0.012549,1,0,1,2431.8
ecmp,1,130,1,11.195,12.623,1.0,1.0,39,39,0,0,136,135,135,0.012505,0.008443,0.012636,1,0,1,2431.8
ecmp,1,131,1,11.2,12.678,1.0,1.0,39,39,0,0,136,136,135,0.01269,0.008342,0.012569,1,0,1,2431.8
ecmp,1,132,1,11.265,12.759,1.0,1.0,39,39,0,0,136,136,136,0.012783,0.008471,0.01254,1,0,1,2431.8
ecmp,1,133,1,11.189,12.553,1.0,1.0,39,39,0,0,137,136,136,0.012555,0.008471,0.01254,1,0,1,2431.8
ecmp,1,134,1,11.403,13.208,1.0,1.0,39,39,0,0,137,137,136,0.012555,0.008375,0.01328,1,0,1,2431.8
ecmp,1,135,1,11.203,12.637,1.0,1.0,39,39,0,0,137,137,137,0.012644,0.008393,0.012571,1,0,1,2431.8
ecmp,1,136,1,11.456,13.288,1.0,1.0,39,39,0,0,138,137,137,0.013369,0.008441,0.012558,1,0,1,2431.8
ecmp,1,137,1,11.513,13.429,1.0,1.0,39,39,0,0,138,138,137,0.013529,0.008484,0.012525,1,0,1,2431.8
ecmp,1,138,1,11.194,12.6,1.0,1.0,39,39,0,0,138,138,138,0.012607,0.008437,0.012539,1,0,1,2431.8
ecmp,1,139,1,11.166,12.537,1.0,1.0,39,39,0,0,139,138,138,0.012517,0.008443,0.012539,1,0,1,2431.8
ecmp,1,140,1,11.279,12.841,1.0,1.0,39,39,0,0,139,139,138,0.012517,0.008443,0.012877,1,0,1,2431.8
ecmp,1,141,1,11.242,12.546,1.0,1.0,39,39,0,0,139,139,139,0.012549,0.008656,0.012522,1,0,1,2431.8
ecmp,1,142,1,11.499,13.374,1.0,1.0,39,39,0,0,140,139,139,0.013465,0.008475,0.012558,1,0,1,2431.8
ecmp,1,143,1,11.225,12.636,1.0,1.0,39,39,0,0,140,140,139,0.012592,0.008441,0.012641,1,0,1,2431.8
ecmp,1,144,1,11.438,13.256,1.0,1.0,39,39,0,0,140,140,140,0.012576,0.008405,0.013332,1,0,1,2431.8
ecmp,1,145,1,11.179,12.633,1.0,1.0,39,39,0,0,141,140,140,0.012646,0.008378,0.012513,1,0,1,2431.8
ecmp,1,146,1,11.179,12.633,1.0,1.0,39,39,0,0,141,141,140,0.012646,0.008378,0.012513,1,0,1,2431.8
ecmp,1,147,1,11.327,12.814,1.0,1.0,39,39,0,0,141,141,141,0.012782,0.008381,0.012818,1,0,1,2431.8
ecmp,1,148,1,11.205,12.606,1.0,1.0,39,39,0,0,142,141,141,0.012574,0.008432,0.012609,1,0,1,2431.8
ecmp,1,149,1,11.246,12.71,1.0,1.0,39,39,0,0,142,142,141,0.012568,0.008445,0.012726,1,0,1,2431.8
ecmp,1,150,1,11.214,12.581,1.0,1.0,39,39,0,0,142,142,142,0.012586,0.008524,0.012533,1,1,1,2431.8
ecmp,1,151,1,15.688,20.773,1.0,1.0,39,39,1,0,143,142,142,0.012873,0.021651,0.012541,1,1,1,2431.8
ecmp,1,152,11,15.688,20.773,1.0,1.0,39,39,1,0,146,146,146,0.012873,0.021651,0.012541,1,1,1,2431.8
ecmp,1,153,1,14.373,17.395,1.0,1.0,39,39,3,0,147,146,146,0.012556,0.017923,0.012639,1,1,1,2431.8
ecmp,1,154,11,14.408,17.258,1.0,1.0,39,39,4,0,150,150,150,0.012937,0.017738,0.012549,1,1,1,2431.8
ecmp,1,155,1,14.461,17.607,1.0,1.0,34,34,6,0,151,150,150,0.012642,0.018159,0.012583,1,1,1,2431.8
ecmp,1,156,7,14.449,17.674,1.0,1.0,34,34,7,0,153,153,152,0.012612,0.018237,0.012497,1,1,1,2431.8
ecmp,1,157,4,14.359,17.163,1.0,1.0,34,34,9,0,154,154,154,0.012663,0.017652,0.012763,1,1,1,2431.8
ecmp,1,158,1,14.359,17.163,1.0,1.0,34,34,9,0,155,154,154,0.012663,0.017652,0.012763,1,1,1,2431.8
ecmp,1,159,11,14.3,17.234,1.0,1.0,29,29,11,0,158,158,158,0.012531,0.017747,0.012621,1,1,1,2431.8
ecmp,1,160,1,14.478,17.725,1.0,1.0,29,29,12,0,159,158,158,0.012547,0.018295,0.012591,1,1,1,2431.8
ecmp,1,161,11,14.426,17.478,1.0,1.0,29,29,14,0,162,162,162,0.012629,0.018017,0.012631,1,1,1,2431.8
ecmp,1,162,1,14.846,17.678,1.0,1.0,24,24,15,0,163,162,162,0.013617,0.018129,0.012791,1,1,1,2431.8
ecmp,1,163,11,14.505,17.371,1.0,1.0,24,24,17,0,166,166,166,0.0128,0.017874,0.012841,1,1,1,2431.8
ecmp,1,164,1,14.505,17.371,1.0,1.0,24,24,17,0,167,166,166,0.0128,0.017874,0.012841,1,1,1,2431.8
ecmp,1,165,11,14.418,17.407,1.0,1.0,24,24,18,0,170,170,170,0.012604,0.017928,0.012722,1,1,1,2431.8
ecmp,1,166,1,14.802,17.635,1.0,1.0,24,24,20,0,171,170,170,0.013784,0.018063,0.01256,1,1,1,2431.8
ecmp,1,167,11,14.834,17.628,1.0,1.0,22,18,22,0,174,174,174,0.012922,0.018088,0.013493,1,1,1,2431.8
ecmp,1,168,1,14.334,17.313,1.0,1.0,23,18,23,0,175,174,174,0.012586,0.017838,0.012579,1,1,1,2431.8
ecmp,1,169,11,14.314,17.353,1.0,1.0,25,18,25,0,178,178,178,0.012509,0.017887,0.012545,1,1,1,2431.8
ecmp,1,170,1,14.314,17.353,1.0,1.0,25,18,25,0,179,178,178,0.012509,0.017887,0.012545,1,1,1,2431.8
ecmp,1,171,11,14.486,17.626,1.0,1.0,26,13,26,0,182,182,182,0.012649,0.018179,0.01263,1,1,1,2431.8
ecmp,1,172,1,14.593,17.101,1.0,1.0,28,13,28,0,183,182,182,0.012857,0.017511,0.013412,1,1,1,2431.8
ecmp,1,173,11,14.3,17.036,1.0,1.0,29,13,29,0,186,186,186,0.012626,0.017511,0.012763,1,1,1,2431.8
ecmp,1,174,1,14.643,17.474,1.0,1.0,31,13,31,0,187,186,186,0.013435,0.017923,0.01257,1,1,1,2431.8
ecmp,1,175,11,14.288,17.276,1.0,1.0,33,7,33,0,190,190,190,0.012485,0.017797,0.012583,1,1,1,2431.8
ecmp,1,176,1,14.288,17.276,1.0,1.0,33,7,33,0,191,190,190,0.012485,0.017797,0.012583,1,1,1,2431.8
ecmp,1,177,11,14.348,17.327,1.0,1.0,34,7,34,0,194,194,194,0.012595,0.017853,0.012595,1,1,1,2431.8
ecmp,1,178,1,14.362,17.349,1.0,1.0,36,7,36,0,195,194,194,0.012564,0.017871,0.012651,1,1,1,2431.8
ecmp,1,179,7,14.282,17.118,1.0,1.0,37,3,37,0,197,197,196,0.012576,0.017614,0.012657,1,1,1,2431.8
ecmp,2,0,0,15.885,25.261,1.0,1.0,0,0,0,0,0,0,0,0.012595,0.008393,0.026668,1,1,1,2102.9
ecmp,2,1,1,15.679,24.6,0.3333,0.3333,41,0,41,3,1,0,0,0.012678,0.008433,0.025925,1,1,1,2102.9
ecmp,2,2,1,15.965,25.366,0.6667,0.6667,41,0,41,4,1,1,0,0.012608,0.008504,0.026784,1,1,1,2102.9
ecmp,2,3,11,15.956,25.364,0.9883,0.9883,41,0,41,4,5,4,4,0.012581,0.008504,0.026784,1,1,1,2102.9
ecmp,2,4,1,15.96,25.457,0.9899,0.9899,41,0,41,6,5,5,4,0.012581,0.00841,0.026888,1,1,1,2102.9
ecmp,2,5,11,15.862,25.244,0.9968,0.9968,41,0,41,8,9,8,8,0.012525,0.008403,0.026657,1,1,1,2102.9
ecmp,2,6,1,15.789,24.968,0.9971,0.9971,41,0,41,9,9,9,8,0.012589,0.008434,0.026344,1,1,1,2102.9
ecmp,2,7,11,15.958,24.714,0.9985,0.9985,41,0,41,11,13,12,12,0.013461,0.008448,0.025964,1,1,1,2102.9
ecmp,2,8,1,15.821,24.797,0.9986,0.9986,41,0,41,12,13,13,12,0.01256,0.008745,0.026157,1,1,1,2102.9
ecmp,2,9,11,16.092,25.51,0.9992,0.9992,41,0,41,14,17,16,16,0.012933,0.008435,0.026908,1,1,1,2102.9
ecmp,2,10,1,16.092,25.51,0.9992,0.9992,41,0,41,14,17,17,16,0.012933,0.008435,0.026908,1,1,1,2102.9
ecmp,2,11,11,15.713,24.78,0.9995,0.9995,41,0,41,15,21,20,20,0.012536,0.008463,0.02614,1,1,1,2102.9
ecmp,2,12,1,15.959,25.018,0.9995,0.9995,41,0,41,17,21,21,20,0.012834,0.008671,0.026372,1,1,1,2102.9
ecmp,2,13,11,15.902,25.181,0.9996,0.9996,41,0,41,19,25,24,24,0.01263,0.008501,0.026576,1,1,1,2102.9
ecmp,2,14,1,15.843,24.736,0.9996,0.9996,41,0,41,20,25,25,24,0.013082,0.008415,0.026031,1,1,1,2102.9
ecmp,2,15,11,15.843,24.736,0.9997,0.9997,41,0,41,20,29,28,28,0.013082,0.008415,0.026031,1,1,1,2102.9
ecmp,2,16,1,16.005,25.3,0.9997,0.9997,41,0,41,22,29,29,28,0.012871,0.008464,0.026681,1,1,1,2102.9
ecmp,2,17,11,16.174,25.149,0.9998,0.9998,41,0,41,23,33,32,32,0.013001,0.009023,0.026499,1,1,1,2102.9
ecmp,2,18,1,16.193,25.27,0.9998,0.9998,41,0,41,25,33,33,32,0.013316,0.008664,0.026598,1,1,1,2102.9
ecmp,2,19,11,15.663,24.615,0.9998,0.9998,41,0,41,28,37,36,36,0.012602,0.008437,0.02595,1,1,1,2102.9
ecmp,2,20,1,15.736,24.639,0.9998,0.9998,41,0,41,28,37,37,36,0.012836,0.008421,0.02595,1,1,1,2102.9
ecmp,2,21,11,16.071,25.545,0.9999,0.9999,41,0,41,28,41,40,40,0.012836,0.008421,0.026957,1,1,1,2102.9
ecmp,2,22,1,15.957,25.541,0.9999,0.9999,41,0,41,30,41,41,40,0.012413,0.008457,0.027,1,1,1,2102.9
ecmp,2,23,11,15.749,24.87,0.9999,0.9999,41,0,41,31,45,44,44,0.012581,0.00843,0.026235,1,1,1,2102.9
ecmp,2,24,1,15.897,25.346,0.9999,0.9999,41,0,41,33,45,45,44,0.012516,0.008402,0.026772,1,1,1,2102.9
ecmp,2,25,0,15.766,24.873,0.9999,0.9999,41,0,41,34,45,45,44,0.012599,0.008461,0.026237,1,1,1,2102.9
ecmp,2,26,11,16.129,24.901,0.9999,0.9999,41,0,41,34,49,48,48,0.012876,0.009274,0.026237,1,1,1,2102.9
ecmp,2,27,1,16.319,25.415,0.9999,0.9999,41,0,41,36,49,49,48,0.012876,0.009274,0.026808,1,1,1,2102.9
ecmp,2,28,11,15.64,24.634,0.9999,0.9999,41,0,41,38,53,52,52,0.01258,0.008366,0.025973,1,1,1,2102.9
ecmp,2,29,1,16.117,25.903,0.9999,0.9999,41,0,41,39,53,53,52,0.012522,0.00844,0.02739,1,1,1,2102.9
ecmp,2,30,11,15.817,24.988,0.9999,1.0,41,0,35,41,57,56,56,0.012647,0.008446,0.026359,0,1,1,2102.9
ecmp,2,31,1,11.218,12.587,0.9999,0.9999,41,0,35,41,57,57,56,0.01256,0.008503,0.01259,0,1,1,2102.9
ecmp,2,32,1,11.23,12.597,1.0,1.0,41,0,35,41,57,57,57,0.012598,0.008503,0.01259,0,1,1,2102.9
ecmp,2,33,1,11.195,12.595,0.9999,1.0,41,0,35,41,58,57,57,0.012598,0.008414,0.012573,0,1,1,2102.9
ecmp,2,34,1,11.222,12.646,0.9999,0.9999,41,0,35,41,58,58,57,0.012554,0.008456,0.012656,0,1,1,2102.9
ecmp,2,35,1,11.246,12.772,1.0,1.0,41,0,30,41,58,58,58,0.012799,0.008408,0.01253,0,1,1,2102.9
ecmp,2,36,1,11.298,12.869,0.9999,1.0,41,0,30,41,59,58,58,0.012908,0.008469,0.012516,0,1,1,2102.9
ecmp,2,37,1,11.21,12.631,0.9999,0.9999,41,0,30,41,59,59,58,0.012572,0.008421,0.012637,0,1,1,2102.9
ecmp,2,38,1,11.213,12.636,1.0,1.0,41,0,24,41,59,59,59,0.012632,0.008369,0.012637,0,1,1,2102.9
ecmp,2,39,1,11.184,12.624,0.9999,1.0,41,0,24,41,60,59,59,0.012632,0.008369,0.01255,0,1,1,2102.9
ecmp,2,40,1,11.202,12.603,0.9999,0.9999,41,0,24,41,60,60,59,0.012552,0.008444,0.012609,0,1,1,2102.9
ecmp,2,41,1,11.262,12.668,1.0,1.0,41,0,24,41,60,60,60,0.012672,0.008486,0.012629,0,1,1,2102.9
ecmp,2,42,1,11.186,12.606,0.9999,1.0,41,0,24,41,61,60,60,0.012609,0.008373,0.012575,0,1,1,2102.9
ecmp,2,43,1,11.64,13.421,0.9999,0.9999,41,0,19,41,61,61,60,0.01347,0.008465,0.012984,0,1,1,2102.9
ecmp,2,44,1,11.178,12.64,1.0,1.0,41,0,19,41,61,61,61,0.012656,0.008384,0.012493,0,1,1,2102.9
ecmp,2,45,1,11.178,12.64,0.9999,1.0,41,0,19,41,62,61,61,0.012656,0.008384,0.012493,0,1,1,2102.9
ecmp,2,46,1,11.219,12.71,0.9999,0.9999,41,0,19,41,62,62,61,0.01257,0.008362,0.012726,0,1,1,2102.9
ecmp,2,47,1,11.514,12.596,1.0,1.0,41,0,14,41,62,62,62,0.0126,0.009386,0.012557,0,1,1,2102.9
ecmp,2,48,1,11.43,13.204,0.9999,1.0,41,0,14,41,63,62,62,0.012496,0.00851,0.013283,0,1,1,2102.9
ecmp,2,49,1,11.242,12.622,0.9999,0.9999,41,0,14,41,63,63,62,0.012632,0.008562,0.012532,0,1,1,2102.9
ecmp,2,50,1,11.353,12.809,1.0,1.0,41,0,14,41,63,63,63,0.012813,0.008473,0.012773,0,1,1,2102.9
ecmp,2,51,1,11.353,12.809,0.9999,1.0,41,0,14,41,64,63,63,0.012813,0.008473,0.012773,0,1,1,2102.9
ecmp,2,52,1,11.096,12.485,0.9999,0.9999,41,0,8,41,64,64,63,0.012413,0.008381,0.012493,0,1,1,2102.9
ecmp,2,53,1,11.221,12.718,1.0,1.0,41,0,8,41,64,64,64,0.012532,0.008391,0.012739,0,1,1,2102.9
ecmp,2,54,1,11.196,12.633,0.9999,1.0,41,0,8,41,65,64,64,0.012565,0.008381,0.012641,0,1,1,2102.9
ecmp,2,55,1,11.239,12.668,0.9999,0.9999,41,0,3,41,65,65,64,0.012672,0.008418,0.012627,0,1,1,2102.9
ecmp,2,56,1,11.544,12.752,1.0,1.0,41,0,3,41,65,65,65,0.012543,0.009315,0.012775,0,1,1,2102.9
ecmp,2,57,1,11.552,12.754,0.9999,1.0,41,0,3,41,66,65,65,0.012567,0.009315,0.012775,0,1,1,2102.9
ecmp,2,58,1,11.18,12.563,0.9999,0.9999,41,0,3,41,66,66,65,0.012567,0.008442,0.012531,0,1,1,2102.9
ecmp,2,59,1,11.302,12.79,1.0,1.0,40,0,3,40,66,66,66,0.012813,0.008507,0.012587,0,1,1,2102.9
ecmp,2,60,1,11.283,12.777,0.9999,1.0,40,0,0,40,67,66,66,0.012601,0.008452,0.012796,0,1,1,2102.9
ecmp,2,61,1,11.143,12.525,1.0,0.9999,40,0,0,40,67,67,66,0.012526,0.008388,0.012514,0,1,1,2102.9
ecmp,2,62,0,11.244,12.763,1.0,0.9999,40,0,0,40,67,67,66,0.012485,0.008454,0.012794,0,1,1,2102.9
ecmp,2,63,1,11.247,12.773,1.0,1.0,40,0,0,40,67,67,67,0.012581,0.008366,0.012794,0,1,1,2102.9
ecmp,2,64,1,11.171,12.58,1.0,1.0,36,0,0,36,68,67,67,0.012581,0.008366,0.012566,0,1,1,2102.9
ecmp,2,65,1,11.27,12.816,1.0,0.9999,36,0,0,36,68,68,67,0.012563,0.008402,0.012844,0,1,1,2102.9
ecmp,2,66,1,11.393,13.08,1.0,1.0,36,0,0,36,68,68,68,0.012567,0.008476,0.013137,0,1,1,2102.9
ecmp,2,67,1,11.234,12.64,1.0,1.0,31,0,0,31,69,68,68,0.012597,0.00846,0.012645,0,1,1,2102.9
ecmp,2,68,1,11.296,12.823,1.0,0.9999,31,0,0,31,69,69,68,0.012576,0.00846,0.012851,0,1,1,2102.9
ecmp,2,69,1,11.151,12.526,1.0,1.0,31,0,0,31,69,69,69,0.012531,0.008442,0.01248,0,1,1,2102.9
ecmp,2,70,1,11.151,12.526,1.0,1.0,31,0,0,31,70,69,69,0.012531,0.008442,0.01248,0,1,1,2102.9
ecmp,2,71,1,11.223,12.582,1.0,0.9999,31,0,0,31,70,70,69,0.012583,0.008517,0.01257,0,1,1,2102.9
ecmp,2,72,1,11.188,12.592,1.0,1.0,25,0,0,25,70,70,70,0.01255,0.008416,0.012597,0,1,1,2102.9
ecmp,2,73,1,11.23,12.634,1.0,1.0,25,0,0,25,71,70,70,0.012638,0.008453,0.012598,0,1,1,2102.9
ecmp,2,74,1,11.511,12.765,1.0,0.9999,25,0,0,25,71,71,70,0.012595,0.009155,0.012784,0,1,1,2102.9
ecmp,2,75,1,11.181,12.561,1.0,1.0,20,0,0,20,71,71,71,0.012564,0.008447,0.012532,0,1,1,2102.9
ecmp,2,76,1,11.181,12.561,1.0,1.0,20,0,0,20,72,71,71,0.012564,0.008447,0.012532,0,1,1,2102.9
ecmp,2,77,1,11.783,13.91,1.0,1.0,20,0,0,20,72,72,71,0.012862,0.008461,0.014026,0,1,1,2102.9
ecmp,2,78,1,11.13,12.484,1.0,1.0,20,0,0,20,72,72,72,0.012473,0.008431,0.012485,0,1,1,2102.9
ecmp,2,79,1,11.393,12.906,1.0,1.0,20,0,0,20,73,72,72,0.012512,0.008717,0.01295,0,1,1,2102.9
ecmp,2,80,1,11.218,12.602,1.0,1.0,16,0,0,16,73,73,72,0.012604,0.008471,0.01258,0,1,1,2102.9
ecmp,2,81,1,11.158,12.556,1.0,1.0,16,0,0,16,73,73,73,0.012537,0.008379,0.012558,0,1,1,2102.9
ecmp,2,82,1,11.162,12.557,1.0,1.0,16,0,0,16,74,73,73,0.01255,0.008379,0.012558,0,1,1,2102.9
ecmp,2,83,1,11.148,12.545,1.0,1.0,16,0,0,16,74,74,73,0.01255,0.008389,0.012504,0,1,1,2102.9
ecmp,2,84,1,11.305,12.812,1.0,1.0,10,0,0,10,74,74,74,0.012637,0.008445,0.012832,0,1,1,2102.9
ecmp,2,85,1,11.49,13.382,1.0,1.0,10,0,0,10,75,74,74,0.012532,0.008461,0.013476,0,1,1,2102.9
ecmp,2,86,1,11.33,12.752,1.0,1.0,10,0,0,10,75,75,74,0.012721,0.008513,0.012755,0,1,1,2102.9
ecmp,2,87,1,11.177,12.52,1.0,1.0,5,0,0,5,75,75,75,0.012525,0.008535,0.012472,0,1,1,2102.9
ecmp,2,88,1,11.289,12.82,1.0,1.0,5,0,0,5,76,75,75,0.012859,0.008535,0.012472,0,1,1,2102.9
ecmp,2,89,1,11.397,13.001,1.0,1.0,5,0,0,5,76,76,75,0.012859,0.008315,0.013017,0,1,1,2102.9
ecmp,2,90,1,11.156,12.532,1.0,1.0,5,0,0,5,76,76,76,0.012529,0.008406,0.012532,1,1,1,2102.9
ecmp,2,91,11,16.873,27.863,1.0,1.0,5,1,0,5,80,80,79,0.029558,0.008456,0.012605,1,1,1,2102.9
ecmp,2,92,1,16.053,25.621,1.0,1.0,3,3,0,0,80,80,80,0.027066,0.008478,0.012614,1,1,1,2102.9
ecmp,2,93,11,15.806,24.979,1.0,1.0,4,4,0,0,84,84,83,0.026341,0.008357,0.012719,1,1,1,2102.9
ecmp,2,94,1,15.77,24.883,1.0,1.0,6,6,0,0,84,84,84,0.026235,0.008357,0.012719,1,1,1,2102.9
ecmp,2,95,11,15.715,24.864,1.0,1.0,6,6,0,0,88,88,87,0.026235,0.008382,0.012527,1,1,1,2102.9
ecmp,2,96,1,15.633,24.592,1.0,1.0,8,8,0,0,88,88,88,0.025935,0.008457,0.012506,1,1,1,2102.9
ecmp,2,97,7,15.966,25.271,1.0,1.0,9,9,0,0,91,90,90,0.02667,0.008548,0.012681,1,1,1,2102.9
ecmp,2,98,4,15.866,24.92,1.0,1.0,11,11,0,0,92,92,91,0.026293,0.008743,0.012561,1,1,1,2102.9
ecmp,2,99,1,15.894,25.035,1.0,1.0,12,12,0,0,92,92,92,0.026425,0.00873,0.012528,1,1,1,2102.9
ecmp,2,100,11,15.84,24.89,1.0,1.0,14,14,0,0,96,96,95,0.026263,0.00873,0.012528,1,1,1,2102.9
ecmp,2,101,1,15.795,24.899,1.0,1.0,14,14,0,0,96,96,96,0.026263,0.008501,0.01262,1,1,1,2102.9
ecmp,2,102,11,15.545,24.332,1.0,1.0,16,16,0,0,100,100,99,0.025641,0.008444,0.012551,1,1,1,2102.9
ecmp,2,103,1,15.816,24.898,1.0,1.0,17,17,0,0,100,100,100,0.026244,0.008421,0.012783,1,1,1,2102.9
ecmp,2,104,11,15.784,24.957,1.0,1.0,19,19,0,0,104,104,103,0.026327,0.008403,0.012623,1,1,1,2102.9
ecmp,2,105,1,15.914,25.331,1.0,1.0,20,20,0,0,104,104,104,0.026745,0.008392,0.012604,1,1,1,2102.9
ecmp,2,106,11,15.914,25.331,1.0,1.0,20,20,0,0,108,108,107,0.026745,0.008392,0.012604,1,1,1,2102.9
ecmp,2,107,1,16.226,26.029,1.0,1.0,22,22,0,0,108,108,108,0.027501,0.0084,0.012776,1,1,1,2102.9
ecmp,2,108,11,15.71,24.868,1.0,1.0,23,23,0,0,112,112,111,0.026241,0.008373,0.012515,1,1,1,2102.9
ecmp,2,109,1,15.67,24.646,1.0,1.0,25,25,0,0,112,112,112,0.025983,0.008409,0.012617,1,1,1,2102.9
ecmp,2,110,11,15.934,25.246,1.0,1.0,27,27,0,0,116,116,115,0.026659,0.008609,0.012534,1,1,1,2102.9
ecmp,2,111,1,16.375,25.853,1.0,1.0,28,28,0,0,116,116,116,0.027224,0.008387,0.013514,1,1,1,2102.9
ecmp,2,112,11,16.375,25.853,1.0,1.0,28,28,0,0,120,120,119,0.027224,0.008387,0.013514,1,1,1,2102.9
ecmp,2,113,1,15.797,24.935,1.0,1.0,30,30,0,0,120,120,120,0.026297,0.008417,0.012678,1,1,1,2102.9
ecmp,2,114,11,15.772,24.76,1.0,1.0,31,31,0,0,124,124,123,0.026087,0.008414,0.012814,1,1,1,2102.9
ecmp,2,115,1,15.72,24.812,1.0,1.0,33,33,0,0,124,124,124,0.026176,0.008451,0.012532,1,1,1,2102.9
ecmp,2,116,11,15.722,24.852,1.0,1.0,34,34,0,0,128,128,127,0.026223,0.008431,0.012511,1,1,1,2102.9
ecmp,2,117,1,15.605,24.6,1.0,1.0,36,36,0,0,128,128,128,0.025943,0.00836,0.012511,1,1,1,2102.9
ecmp,2,118,11,15.622,24.605,1.0,1.0,36,36,0,0,132,132,131,0.025943,0.00836,0.012563,1,1,1,2102.9
ecmp,2,119,1,15.777,24.927,1.0,1.0,38,38,0,0,132,132,132,0.0263,0.00846,0.012572,1,1,1,2102.9
ecmp,2,120,11,15.719,24.652,1.0,1.0,39,39,0,0,136,136,135,0.025996,0.008606,0.012556,1,0,1,2102.9
ecmp,2,121,1,11.209,12.572,1.0,1.0,40,40,0,0,136,136,136,0.012552,0.008502,0.012574,1,0,1,2102.9
ecmp,2,122,0,11.211,12.614,1.0,1.0,40,40,0,0,136,136,136,0.012618,0.00844,0.012575,1,0,1,2102.9
ecmp,2,123,1,11.174,12.579,1.0,1.0,40,40,0,0,137,136,136,0.01258,0.008368,0.012575,1,0,1,2102.9
ecmp,2,124,1,11.158,12.575,1.0,1.0,40,40,0,0,137,137,136,0.01258,0.008368,0.012526,1,0,1,2102.9
ecmp,2,125,1,11.165,12.549,1.0,1.0,40,40,0,0,137,137,137,0.012515,0.008428,0.012553,1,0,1,2102.9
ecmp,2,126,1,11.657,13.664,1.0,1.0,40,40,0,0,138,137,137,0.012771,0.008438,0.013763,1,0,1,2102.9
ecmp,2,127,1,11.24,12.664,1.0,1.0,40,40,0,0,138,138,137,0.012589,0.008458,0.012672,1,0,1,2102.9
ecmp,2,128,1,11.172,12.57,1.0,1.0,40,40,0,0,138,138,138,0.012573,0.008403,0.012539,1,0,1,2102.9
ecmp,2,129,1,11.277,12.809,1.0,1.0,40,40,0,0,139,138,138,0.012837,0.008437,0.012557,1,0,1,2102.9
ecmp,2,130,1,11.277,12.809,1.0,1.0,40,40,0,0,139,139,138,0.012837,0.008437,0.012557,1,0,1,2102.9
ecmp,2,131,1,11.187,12.604,1.0,1.0,40,40,0,0,139,139,139,0.01261,0.0084,0.01255,1,0,1,2102.9
ecmp,2,132,1,11.208,12.577,1.0,1.0,40,40,0,0,140,139,139,0.012571,0.008475,0.012578,1,0,1,2102.9
ecmp,2,133,1,11.195,12.59,1.0,1.0,40,40,0,0,140,140,139,0.012591,0.008411,0.012582,1,0,1,2102.9
ecmp,2,134,1,11.689,13.745,1.0,1.0,40,40,0,0,140,140,140,0.012799,0.008419,0.01385,1,0,1,2102.9
ecmp,2,135,1,11.235,12.76,1.0,1.0,40,40,0,0,141,140,140,0.012552,0.008371,0.012783,1,0,1,2102.9
ecmp,2,136,1,11.235,12.76,1.0,1.0,40,40,0,0,141,141,140,0.012552,0.008371,0.012783,1,0,1,2102.9
ecmp,2,137,1,11.117,12.49,1.0,1.0,40,40,0,0,141,141,141,0.012392,0.008459,0.012501,1,0,1,2102.9
ecmp,2,138,1,11.21,12.614,1.0,1.0,40,40,0,0,142,141,141,0.012624,0.008483,0.012522,1,0,1,2102.9
ecmp,2,139,1,11.181,12.598,1.0,1.0,40,40,0,0,142,142,141,0.012501,0.008433,0.012609,1,0,1,2102.9
ecmp,2,140,1,11.172,12.535,1.0,1.0,40,40,0,0,142,142,142,0.012509,0.008469,0.012538,1,0,1,2102.9
ecmp,2,141,1,11.546,13.595,1.0,1.0,40,40,0,0,143,142,142,0.01371,0.00837,0.012557,1,0,1,2102.9
ecmp,2,142,1,11.15,12.553,1.0,1.0,40,40,0,0,143,143,142,0.012522,0.00837,0.012557,1,0,1,2102.9
ecmp,2,143,1,11.287,12.824,1.0,1.0,40,40,0,0,143,143,143,0.012522,0.00848,0.012858,1,0,1,2102.9
ecmp,2,144,1,11.228,12.599,1.0,1.0,40,40,0,0,144,143,143,0.012568,0.008513,0.012603,1,0,1,2102.9
ecmp,2,145,1,11.217,12.564,1.0,1.0,40,40,0,0,144,144,143,0.012565,0.008527,0.012558,1,0,1,2102.9
ecmp,2,146,1,11.385,12.874,1.0,1.0,40,40,0,0,144,144,144,0.012901,0.008628,0.012627,1,0,1,2102.9
ecmp,2,147,1,11.201,12.628,1.0,1.0,40,40,0,0,145,144,144,0.012637,0.008419,0.012547,1,0,1,2102.9
ecmp,2,148,1,11.205,12.589,1.0,1.0,40,40,0,0,145,145,144,0.012594,0.008474,0.012547,1,0,1,2102.9
ecmp,2,149,1,11.21,12.591,1.0,1.0,40,40,0,0,145,145,145,0.012594,0.008474,0.012563,1,0,1,2102.9
ecmp,2,150,1,11.364,12.939,1.0,1.0,40,40,0,0,146,145,145,0.01297,0.008468,0.012655,1,1,1,2102.9
ecmp,2,151,11,15.404,20.171,1.0,1.0,40,40,1,0,149,149,149,0.012588,0.021011,0.012613,1,1,1,2102.9
ecmp,2,152,1,14.63,17.184,1.0,1.0,40,40,3,0,150,149,149,0.013127,0.017634,0.013129,1,1,1,2102.9
ecmp,2,153,11,14.463,17.673,1.0,1.0,37,37,5,0,153,153,153,0.012578,0.018239,0.012572,1,1,1,2102.9
ecmp,2,154,1,14.294,17.207,1.0,1.0,37,37,6,0,154,153,153,0.01259,0.01772,0.012572,1,1,1,2102.9
ecmp,2,155,11,14.364,17.226,1.0,1.0,37,37,6,0,157,157,157,0.01259,0.01772,0.012781,1,1,1,2102.9
ecmp,2,156,1,14.607,17.808,1.0,1.0,37,37,8,0,158,157,157,0.012898,0.018353,0.01257,1,1,1,2102.9
ecmp,2,157,11,14.49,17.159,1.0,1.0,37,37,9,0,161,161,161,0.013401,0.017576,0.012493,1,1,1,2102.9
ecmp,2,158,0,14.355,17.38,1.0,1.0,31,31,11,0,161,161,161,0.012583,0.017913,0.012568,1,1,1,2102.9
ecmp,2,159,2,14.507,17.342,1.0,1.0,31,31,12,0,162,162,161,0.012548,0.017806,0.013166,1,1,1,2102.9
ecmp,2,160,10,14.689,17.428,1.0,1.0,31,31,14,0,165,165,165,0.012998,0.017902,0.013166,1,1,1,2102.9
ecmp,2,161,1,14.498,17.412,1.0,1.0,31,31,14,0,166,165,165,0.012998,0.017902,0.012593,1,1,1,2102.9
ecmp,2,162,11,14.42,17.543,1.0,1.0,26,26,16,0,169,169,169,0.012558,0.018091,0.012612,1,1,1,2102.9
ecmp,2,163,1,14.429,17.403,1.0,1.0,26,26,17,0,170,169,169,0.012613,0.017919,0.012755,1,1,1,2102.9
ecmp,2,164,11,14.53,17.853,1.0,1.0,26,26,19,0,173,173,173,0.012607,0.018436,0.012546,1,1,1,2102.9
ecmp,2,165,1,14.437,17.504,1.0,1.0,21,21,20,0,174,173,173,0.01279,0.018028,0.012493,1,1,1,2102.9
ecmp,2,166,11,14.488,17.52,1.0,1.0,21,21,20,0,177,177,177,0.012944,0.018028,0.012493,1,1,1,2102.9
ecmp,2,167,1,14.531,17.493,1.0,1.0,22,21,22,0,178,177,177,0.012944,0.017998,0.012651,1,1,1,2102.9
ecmp,2,168,11,14.625,17.278,1.0,1.0,23,21,23,0,181,181,181,0.013602,0.017686,0.012586,1,1,1,2102.9
ecmp,2,169,1,14.295,17.264,1.0,1.0,25,21,25,0,182,181,181,0.012572,0.017785,0.012529,1,1,1,2102.9
ecmp,2,170,11,14.232,17.168,1.0,1.0,27,15,27,0,185,185,185,0.012524,0.017684,0.012488,1,1,1,2102.9
ecmp,2,171,1,14.441,17.356,1.0,1.0,28,15,28,0,186,185,185,0.012906,0.01785,0.012566,1,1,1,2102.9
ecmp,2,172,11,14.341,17.326,1.0,1.0,28,15,28,0,189,189,189,0.012607,0.01785,0.012566,1,1,1,2102.9
ecmp,2,173,1,14.368,17.436,1.0,1.0,30,15,30,0,190,189,189,0.012607,0.017973,0.012524,1,1,1,2102.9
ecmp,2,174,11,14.486,17.497,1.0,1.0,31,10,31,0,193,193,193,0.012824,0.018016,0.012619,1,1,1,2102.9
ecmp,2,175,1,14.574,17.926,1.0,1.0,33,10,33,0,194,193,193,0.012665,0.018511,0.012545,1,1,1,2102.9
ecmp,2,176,11,14.2,16.935,1.0,1.0,34,10,34,0,197,197,197,0.012598,0.017417,0.012584,1,1,1,2102.9
ecmp,2,177,1,14.426,17.333,1.0,1.0,36,10,36,0,198,197,197,0.012781,0.017839,0.012659,1,1,1,2102.9
ecmp,2,178,11,14.429,17.334,1.0,1.0,36,4,36,0,201,201,201,0.012789,0.017839,0.012659,1,1,1,2102.9
ecmp,2,179,1,14.491,17.347,1.0,1.0,38,4,38,0,202,201,201,0.012789,0.017849,0.012834,1,1,1,2102.9
drl,1,0,0,18.271,31.75,1.0,1.0,0,0,0,0,0,0,0,0.012584,0.008349,0.033879,1,1,1,2516.7
drl,1,1,1,15.784,24.781,0.3333,0.3333,41,0,41,3,1,0,0,0.012826,0.008416,0.026109,1,1,1,2516.7
drl,1,2,1,15.841,24.781,0.3333,0.3333,41,0,41,4,2,0,0,0.013066,0.008374,0.026083,1,1,1,2516.7
drl,1,3,1,15.7,24.775,0.3333,0.3333,41,0,41,5,3,0,0,0.01263,0.008346,0.026124,1,1,1,2516.7
drl,1,4,1,15.7,24.775,0.3333,0.3333,41,0,41,5,4,0,0,0.01263,0.008346,0.026124,1,1,1,2516.7
drl,1,5,1,15.553,24.337,0.3333,0.3333,41,0,41,6,5,0,0,0.012568,0.008447,0.025645,1,1,1,2516.7
drl,1,6,1,15.858,25.181,0.3333,0.3333,41,0,41,7,6,0,0,0.012532,0.008457,0.026586,1,1,1,2516.7
drl,1,7,1,15.816,25.059,0.3333,0.3333,41,0,41,8,7,0,0,0.012569,0.008433,0.026447,1,1,1,2516.7
drl,1,8,1,15.663,24.652,0.3333,0.3333,41,0,41,9,8,0,0,0.012528,0.008463,0.025999,1,1,1,2516.7
drl,1,9,1,15.798,24.992,0.3333,0.3333,41,0,41,10,9,0,0,0.012597,0.008428,0.026369,1,1,1,2516.7
drl,1,10,1,15.798,24.992,0.3333,0.3333,41,0,41,10,10,0,0,0.012597,0.008428,0.026369,1,1,1,2516.7
drl,1,11,1,15.959,25.286,0.3333,0.3333,41,0,41,11,11,0,0,0.012529,0.008645,0.026703,1,1,1,2516.7
drl,1,12,1,15.946,24.733,0.3333,0.3333,41,0,41,12,12,0,0,0.013358,0.008483,0.025997,1,1,1,2516.7
drl,1,13,1,15.841,24.851,0.3333,0.3333,41,0,41,13,13,0,0,0.01291,0.008435,0.026178,1,1,1,2516.7
drl,1,14,1,15.833,25.056,0.3333,0.3333,41,0,41,14,14,0,0,0.012618,0.008443,0.026438,1,1,1,2516.7
drl,1,15,1,15.804,25.048,0.3333,0.3333,41,0,41,14,15,0,0,0.012538,0.008435,0.026438,1,1,1,2516.7
drl,1,16,1,15.756,24.919,0.3333,0.3333,41,0,41,15,16,0,0,0.012538,0.008435,0.026295,1,1,1,2516.7
drl,1,17,1,15.734,24.846,0.3333,0.3333,41,0,41,16,17,0,0,0.012632,0.008366,0.026203,1,1,1,2516.7
drl,1,18,1,15.775,24.966,0.3333,0.3333,41,0,41,17,18,0,0,0.0126,0.008386,0.02634,1,1,1,2516.7
drl,1,19,1,15.655,24.579,0.3333,0.3333,41,0,41,18,19,0,0,0.012591,0.008462,0.025911,1,1,1,2516.7
drl,1,20,1,15.927,25.222,0.3333,0.3333,41,0,41,19,20,0,0,0.012567,0.008587,0.026628,1,1,1,2516.7
drl,1,21,1,15.9,25.226,0.3333,0.3333,41,0,41,19,21,0,0,0.012613,0.00846,0.026628,1,1,1,2516.7
drl,1,22,1,15.639,24.521,0.3333,0.3333,41,0,41,20,22,0,0,0.012613,0.00846,0.025844,1,1,1,2516.7
drl,1,23,1,15.794,25.087,0.3333,0.3333,41,0,41,21,23,0,0,0.012541,0.00836,0.026481,1,1,1,2516.7
drl,1,24,1,15.713,24.809,0.3333,0.3333,41,0,41,22,24,0,0,0.012561,0.008408,0.02617,1,1,1,2516.7
drl,1,25,1,15.633,24.59,0.3333,0.3333,41,0,41,23,25,0,0,0.01256,0.008411,0.025927,1,1,1,2516.7
drl,1,26,1,15.858,25.193,0.3333,0.3333,41,0,41,24,26,0,0,0.012543,0.008431,0.026599,1,1,1,2516.7
drl,1,27,1,16.084,25.252,0.3333,0.3333,41,0,41,24,27,0,0,0.013129,0.008525,0.026599,1,1,1,2516.7
drl,1,28,1,15.92,24.809,0.3333,0.3333,41,0,41,25,28,0,0,0.013129,0.008525,0.026107,1,1,1,2516.7
drl,1,29,1,16.006,25.251,0.3333,0.3333,41,0,41,26,29,0,0,0.012922,0.008474,0.026621,1,1,1,2516.7
drl,1,30,1,15.923,25.31,0.3333,1.0,36,0,36,27,30,0,0,0.012613,0.008436,0.026721,0,1,1,2516.7
drl,1,31,1,11.21,12.587,0.3333,1.0,36,0,36,27,31,0,0,0.01259,0.008477,0.012564,0,1,1,2516.7
drl,1,32,1,11.197,12.586,0.3333,1.0,36,0,36,27,32,0,0,0.012589,0.008448,0.012555,0,1,1,2516.7
drl,1,33,1,11.319,12.921,0.3333,1.0,36,0,36,27,33,0,0,0.012962,0.00844,0.012555,0,1,1,2516.7
drl,1,34,1,11.31,12.919,0.3333,1.0,36,0,36,27,34,0,0,0.012962,0.00844,0.012528,0,1,1,2516.7
drl,1,35,1,11.103,12.556,0.3333,1.0,30,0,30,27,35,0,0,0.012351,0.008378,0.012579,0,1,1,2516.7
drl,1,36,1,11.226,12.548,0.3333,1.0,30,0,30,27,36,0,0,0.012514,0.008612,0.012552,0,1,1,2516.7
drl,1,37,1,11.248,12.79,0.3333,1.0,30,0,30,27,37,0,0,0.012822,0.008422,0.012499,0,1,1,2516.7
drl,1,38,1,11.171,12.568,0.3333,1.0,27,0,25,27,38,0,0,0.012569,0.008381,0.012563,0,1,1,2516.7
drl,1,39,1,11.215,12.647,0.3333,1.0,27,0,25,27,39,0,0,0.012656,0.008426,0.012563,0,1,1,2516.7
drl,1,40,1,11.234,12.652,0.3333,1.0,27,0,25,27,40,0,0,0.012656,0.008426,0.012621,0,1,1,2516.7
drl,1,41,0,11.175,12.553,0.3333,1.0,27,0,25,27,40,0,0,0.012553,0.008422,0.012549,0,1,1,2516.7
drl,1,42,1,11.23,12.702,0.3333,1.0,27,0,19,27,41,0,0,0.012533,0.008437,0.012721,0,1,1,2516.7
drl,1,43,1,11.277,12.544,0.3333,1.0,27,0,19,27,42,0,0,0.012545,0.008754,0.012532,0,1,1,2516.7
drl,1,44,1,11.194,12.622,0.3333,1.0,27,0,19,27,43,0,0,0.012624,0.00835,0.012608,0,1,1,2516.7
drl,1,45,1,11.213,12.562,0.3333,1.0,27,0,19,27,44,0,0,0.012446,0.008617,0.012575,0,1,1,2516.7
drl,1,46,1,11.213,12.562,0.3333,1.0,27,0,19,27,45,0,0,0.012446,0.008617,0.012575,0,1,1,2516.7
drl,1,47,1,11.432,13.268,0.3333,1.0,27,0,14,27,46,0,0,0.013352,0.00843,0.012513,0,1,1,2516.7
drl,1,48,1,11.216,12.618,0.3333,1.0,27,0,14,27,47,0,0,0.012632,0.008524,0.012491,0,1,1,2516.7
drl,1,49,1,11.201,12.587,0.3333,1.0,27,0,14,27,48,0,0,0.012576,0.008438,0.012588,0,1,1,2516.7
drl,1,50,1,11.212,12.637,0.3333,1.0,27,0,9,27,49,0,0,0.012596,0.008397,0.012642,0,1,1,2516.7
drl,1,51,1,11.198,12.603,0.3333,1.0,27,0,9,27,50,0,0,0.012607,0.008417,0.01257,0,1,1,2516.7
drl,1,52,1,11.179,12.568,0.3333,1.0,27,0,9,27,51,0,0,0.012551,0.008417,0.01257,0,1,1,2516.7
drl,1,53,1,11.28,12.548,0.3333,1.0,27,0,9,27,52,0,0,0.012551,0.008771,0.012517,0,1,1,2516.7
drl,1,54,1,11.436,12.892,0.3333,1.0,27,0,9,27,53,0,0,0.012613,0.008771,0.012923,0,1,1,2516.7
drl,1,55,1,11.427,12.876,0.3333,1.0,27,0,3,27,54,0,0,0.012529,0.008838,0.012914,0,1,1,2516.7
drl,1,56,1,11.17,12.53,0.3333,1.0,27,0,3,27,55,0,0,0.012518,0.008461,0.012531,0,1,1,2516.7
drl,1,57,1,11.29,12.829,0.3333,1.0,27,0,3,27,56,0,0,0.012586,0.008427,0.012856,0,1,1,2516.7
drl,1,58,1,11.353,12.848,0.3333,1.0,27,0,3,27,57,0,0,0.012776,0.008427,0.012856,0,1,1,2516.7
drl,1,59,1,11.284,12.758,0.3333,1.0,27,0,0,27,58,0,0,0.012776,0.008484,0.012592,0,1,1,2516.7
drl,1,60,1,11.152,12.553,0.3448,0.5,27,0,0,27,58,1,0,0.012559,0.008397,0.0125,0,1,1,2516.7
drl,1,61,1,11.231,12.623,0.3563,0.5,27,0,0,27,58,2,0,0.012625,0.008466,0.012603,0,1,1,2516.7
drl,1,62,1,11.114,12.502,0.3677,0.5,27,0,0,27,58,3,0,0.012381,0.008445,0.012515,0,1,1,2516.7
drl,1,63,1,11.236,12.626,0.3791,0.5,24,0,0,24,58,4,0,0.012584,0.008492,0.012631,0,1,1,2516.7
drl,1,64,1,11.222,12.627,0.3904,0.5,24,0,0,24,58,5,0,0.012586,0.008449,0.012631,0,1,1,2516.7
drl,1,65,1,11.207,12.586,0.4016,0.5,24,0,0,24,58,6,0,0.012586,0.008449,0.012586,0,1,1,2516.7
drl,1,66,1,11.311,12.828,0.4126,0.5,24,0,0,24,58,7,0,0.012682,0.008407,0.012844,0,1,1,2516.7
drl,1,67,1,11.158,12.54,0.4236,0.5,20,0,0,20,58,8,0,0.012522,0.008411,0.012542,0,1,1,2516.7
drl,1,68,1,11.258,12.697,0.4343,0.5,20,0,0,20,58,9,0,0.012599,0.008466,0.012708,0,1,1,2516.7
drl,1,69,1,11.167,12.569,0.445,0.5,20,0,0,20,58,10,0,0.012572,0.008389,0.012541,0,1,1,2516.7
drl,1,70,1,11.191,12.576,0.4554,0.5,17,0,0,17,58,11,0,0.012567,0.00843,0.012577,0,1,1,2516.7
drl,1,71,1,11.191,12.576,0.4656,0.5,17,0,0,17,58,12,0,0.012567,0.00843,0.012577,0,1,1,2516.7
drl,1,72,1,11.384,13.131,0.4756,0.5,17,0,0,17,58,13,0,0.013194,0.0084,0.012559,0,1,1,2516.7
drl,1,73,1,11.32,12.666,0.4854,0.5,17,0,0,17,58,14,0,0.012668,0.008646,0.012645,0,1,1,2516.7
drl,1,74,1,11.144,12.529,0.4949,0.5,17,0,0,17,58,15,0,0.012489,0.008411,0.012533,0,1,1,2516.7
drl,1,75,1,11.171,12.558,0.5042,0.5,13,0,0,13,58,16,0,0.012558,0.008399,0.012556,0,1,1,2516.7
drl,1,76,1,11.103,12.539,0.5133,0.5,13,0,0,13,58,17,0,0.012548,0.008303,0.012457,0,1,1,2516.7
drl,1,77,1,11.099,12.529,0.5221,0.5,13,0,0,13,58,18,0,0.012537,0.008303,0.012457,0,1,1,2516.7
drl,1,78,1,11.244,12.627,0.5306,0.5,13,0,0,13,58,19,0,0.012537,0.008557,0.012637,0,1,1,2516.7
drl,1,79,1,11.305,12.863,0.5388,0.5,10,0,0,10,58,20,0,0.012607,0.008416,0.012891,0,1,1,2516.7
drl,1,80,1,11.326,12.953,0.5467,0.5,10,0,0,10,58,21,0,0.01299,0.008371,0.012618,0,1,1,2516.7
drl,1,81,1,11.524,12.594,0.5544,0.5,10,0,0,10,58,22,0,0.012587,0.009389,0.012595,0,1,1,2516.7
drl,1,82,0,11.258,12.794,0.5544,0.5,10,0,0,10,58,22,0,0.012558,0.008395,0.01282,0,1,1,2516.7
drl,1,83,1,11.24,12.788,0.5618,0.5,10,0,0,10,58,23,0,0.012505,0.008395,0.01282,0,1,1,2516.7
drl,1,84,1,11.181,12.624,0.5689,0.5,7,0,0,7,58,24,0,0.012505,0.008402,0.012637,0,1,1,2516.7
drl,1,85,1,11.246,12.67,0.5757,0.5,7,0,0,7,58,25,0,0.012606,0.008454,0.012677,0,1,1,2516.7
drl,1,86,1,11.211,12.625,0.5822,0.5,7,0,0,7,58,26,0,0.012631,0.008431,0.012571,0,1,1,2516.7
drl,1,87,1,11.278,12.842,0.5884,0.5,3,0,0,3,58,27,0,0.012879,0.008445,0.012511,0,1,1,2516.7
drl,1,88,1,11.274,12.729,0.5943,0.5,3,0,0,3,58,28,0,0.012635,0.008448,0.01274,0,1,1,2516.7
drl,1,89,1,11.298,12.72,0.6,0.5,3,0,0,3,58,29,0,0.012538,0.008617,0.01274,0,1,1,2516.7
drl,1,90,1,11.256,12.605,0.6054,0.6054,3,0,0,3,58,30,0,0.012538,0.008617,0.012613,1,1,1,2516.7
drl,1,91,1,16.907,27.651,0.6105,0.6105,3,1,0,3,58,31,0,0.029281,0.008457,0.012983,1,1,1,2516.7
drl,1,92,1,15.794,24.891,0.6153,0.6153,2,2,0,0,58,32,0,0.026262,0.008564,0.012556,1,1,1,2516.7
drl,1,93,1,15.782,24.909,0.6199,0.6199,3,3,0,0,58,33,0,0.026278,0.008477,0.01259,1,1,1,2516.7
drl,1,94,1,15.693,24.739,0.6242,0.6242,4,4,0,0,58,34,0,0.026092,0.008421,0.012567,1,1,1,2516.7
drl,1,95,1,15.699,24.755,0.6282,0.6282,5,5,0,0,58,35,0,0.026109,0.008421,0.012567,1,1,1,2516.7
drl,1,96,1,15.695,24.76,0.632,0.632,5,5,0,0,58,36,0,0.026109,0.008358,0.012618,1,1,1,2516.7
drl,1,97,1,15.677,24.733,0.6356,0.6356,6,6,0,0,58,37,0,0.026082,0.008359,0.012591,1,1,1,2516.7
drl,1,98,1,15.972,25.366,0.6389,0.6389,7,7,0,0,58,38,0,0.026778,0.008484,0.012654,1,1,1,2516.7
drl,1,99,1,15.721,24.779,0.642,0.642,8,8,0,0,58,39,0,0.026134,0.00845,0.01258,1,1,1,2516.7
drl,1,100,1,15.575,24.399,0.6449,0.6449,9,9,0,0,58,40,0,0.025712,0.008436,0.012578,1,1,1,2516.7
drl,1,101,1,15.59,24.437,0.6476,0.6476,10,10,0,0,58,41,0,0.025755,0.008436,0.012578,1,1,1,2516.7
drl,1,102,1,15.59,24.425,0.65,0.65,10,10,0,0,58,42,0,0.025755,0.008554,0.01246,1,1,1,2516.7
drl,1,103,1,15.456,24.09,0.6523,0.6523,11,11,0,0,58,43,0,0.025373,0.008452,0.012542,1,1,1,2516.7
drl,1,104,1,16.183,25.048,0.6543,0.6543,12,12,0,0,58,44,0,0.026406,0.00932,0.012824,1,1,1,2516.7
drl,1,105,1,15.808,24.723,0.6562,0.6562,13,13,0,0,58,45,0,0.02608,0.008837,0.012507,1,1,1,2516.7
drl,1,106,1,15.821,24.91,0.6579,0.6579,14,14,0,0,58,46,0,0.026277,0.008584,0.012603,1,1,1,2516.7
drl,1,107,1,15.938,25.225,0.6594,0.6594,15,15,0,0,58,47,0,0.026628,0.008584,0.012603,1,1,1,2516.7
drl,1,108,1,15.884,25.221,0.6608,0.6608,15,15,0,0,58,48,0,0.026628,0.008466,0.012557,1,1,1,2516.7
drl,1,109,1,15.686,24.711,0.662,0.662,16,16,0,0,58,49,0,0.026059,0.008415,0.012584,1,1,1,2516.7
drl,1,110,1,15.892,24.982,0.663,0.663,17,17,0,0,58,50,0,0.026324,0.008443,0.012909,1,1,1,2516.7
drl,1,111,1,15.708,24.701,0.6639,0.6639,18,18,0,0,58,51,0,0.02604,0.008437,0.012647,1,1,1,2516.7
drl,1,112,1,16.078,25.202,0.6647,0.6647,19,19,0,0,58,52,0,0.026608,0.009073,0.012552,1,1,1,2516.7
drl,1,113,1,16.078,25.202,0.6653,0.6653,19,19,0,0,58,53,0,0.026608,0.009073,0.012552,1,1,1,2516.7
drl,1,114,1,15.706,24.766,0.6658,0.6658,20,20,0,0,58,54,0,0.026125,0.008453,0.01254,1,1,1,2516.7
drl,1,115,1,15.626,24.454,0.6662,0.6662,21,21,0,0,58,55,0,0.025769,0.008495,0.012615,1,1,1,2516.7
drl,1,116,1,15.612,24.368,0.6665,0.6665,22,22,0,0,58,56,0,0.025654,0.008386,0.012796,1,1,1,2516.7
drl,1,117,1,15.797,24.934,0.6666,0.6666,23,23,0,0,58,57,0,0.026307,0.008502,0.012582,1,1,1,2516.7
drl,1,118,1,15.708,24.684,0.6667,0.6667,24,24,0,0,58,58,0,0.026029,0.008511,0.012583,1,1,1,2516.7
drl,1,119,1,15.708,24.684,0.6666,0.6666,24,24,0,0,58,59,0,0.026029,0.008511,0.012583,1,1,1,2516.7
drl,1,120,1,15.878,25.068,0.6665,0.5,25,25,0,0,58,60,0,0.026431,0.008396,0.012806,1,0,1,2516.7
drl,1,121,1,11.622,12.845,0.6662,0.5,25,25,0,0,58,61,0,0.012861,0.009304,0.012701,1,0,1,2516.7
drl,1,122,1,11.229,12.625,0.6659,0.5,25,25,0,0,58,62,0,0.012593,0.008467,0.012628,1,0,1,2516.7
drl,1,123,1,11.208,12.578,0.6655,0.5,25,25,0,0,58,63,0,0.012563,0.008481,0.01258,1,0,1,2516.7
drl,1,124,0,11.356,12.674,0.6655,0.5,25,25,0,0,58,63,0,0.012683,0.008792,0.012593,1,0,1,2516.7
drl,1,125,1,11.318,12.591,0.6651,0.5,25,25,0,0,58,64,0,0.01257,0.008792,0.012593,1,0,1,2516.7
drl,1,126,1,11.216,12.631,0.6645,0.5,25,25,0,0,58,65,0,0.01257,0.008441,0.012638,1,0,1,2516.7
drl,1,127,1,11.184,12.599,0.6639,0.5,25,25,0,0,58,66,0,0.012605,0.008403,0.012543,1,0,1,2516.7
drl,1,128,1,11.219,12.684,0.6632,0.5,25,25,0,0,58,67,0,0.012545,0.008413,0.0127,1,0,1,2516.7
drl,1,129,1,11.334,12.888,0.6625,0.5,25,25,0,0,58,68,0,0.012651,0.008436,0.012914,1,0,1,2516.7
drl,1,130,1,11.213,12.673,0.6617,0.5,25,25,0,0,58,69,0,0.012692,0.00844,0.012506,1,0,1,2516.7
drl,1,131,1,11.365,12.578,0.6609,0.5,25,25,0,0,58,70,0,0.012586,0.009004,0.012506,1,0,1,2516.7
drl,1,132,1,11.379,12.582,0.66,0.5,25,25,0,0,58,71,0,0.012586,0.009004,0.012548,1,0,1,2516.7
drl,1,133,1,11.254,12.75,0.659,0.5,25,25,0,0,58,72,0,0.012765,0.008386,0.01261,1,0,1,2516.7
drl,1,134,1,11.247,12.751,0.658,0.5,25,25,0,0,58,73,0,0.012767,0.008367,0.012607,1,0,1,2516.7
drl,1,135,1,11.38,13.117,0.657,0.5,25,25,0,0,58,74,0,0.013182,0.008427,0.012532,1,0,1,2516.7
drl,1,136,1,11.199,12.628,0.6559,0.5,25,25,0,0,58,75,0,0.012634,0.008392,0.012571,1,0,1,2516.7
drl,1,137,1,11.261,12.817,0.6549,0.5,25,25,0,0,58,76,0,0.012844,0.008368,0.012571,1,0,1,2516.7
drl,1,138,1,11.305,12.83,0.6537,0.5,25,25,0,0,58,77,0,0.012844,0.008368,0.012704,1,0,1,2516.7
drl,1,139,1,11.183,12.574,0.6526,0.5,25,25,0,0,58,78,0,0.012579,0.008442,0.012529,1,0,1,2516.7
drl,1,140,1,11.192,12.595,0.6514,0.5,25,25,0,0,58,79,0,0.012598,0.008405,0.012573,1,0,1,2516.7
drl,1,141,1,11.219,12.573,0.6501,0.5,25,25,0,0,58,80,0,0.01258,0.008566,0.01251,1,0,1,2516.7
drl,1,142,1,11.19,12.568,0.6489,0.5,25,25,0,0,58,81,0,0.012553,0.008448,0.01257,1,0,1,2516.7
drl,1,143,1,11.199,12.583,0.6476,0.5,25,25,0,0,58,82,0,0.012562,0.008451,0.012585,1,0,1,2516.7
drl,1,144,1,11.199,12.583,0.6463,0.5,25,25,0,0,58,83,0,0.012562,0.008451,0.012585,1,0,1,2516.7
drl,1,145,1,11.183,12.697,0.645,0.5,25,25,0,0,58,84,0,0.012721,0.008343,0.012484,1,0,1,2516.7
drl,1,146,1,11.421,12.977,0.6437,0.5,25,25,0,0,58,85,0,0.01298,0.008334,0.012948,1,0,1,2516.7
drl,1,147,1,11.339,12.751,0.6424,0.5,25,25,0,0,58,86,0,0.012771,0.008672,0.012575,1,0,1,2516.7
drl,1,148,1,11.256,12.599,0.641,0.5,25,25,0,0,58,87,0,0.012614,0.008689,0.012466,1,0,1,2516.7
drl,1,149,1,11.124,12.565,0.6397,0.5,25,25,0,0,58,88,0,0.012451,0.008344,0.012578,1,0,1,2516.7
drl,1,150,1,11.164,12.571,0.6383,0.6383,25,25,0,0,58,89,0,0.01251,0.008404,0.012578,1,1,1,2516.7
drl,1,151,61,11.157,12.552,0.5576,0.5576,25,25,0,0,58,150,0,0.01251,0.008404,0.012557,1,1,1,2516.7
drl,1,152,22,14.299,17.316,0.5352,0.5352,81,25,81,0,58,172,0,0.012484,0.017843,0.012571,1,1,1,2516.7
drl,1,153,1,14.475,17.482,0.5398,0.5398,82,23,82,0,58,172,1,0.012747,0.018008,0.01267,1,1,1,2516.7
drl,1,154,1,14.266,16.96,0.5445,0.5445,83,23,83,0,58,172,2,0.012857,0.017416,0.012524,1,1,1,2516.7
drl,1,155,1,14.503,17.881,0.5491,0.5491,84,23,84,0,58,172,3,0.012524,0.018476,0.012509,1,1,1,2516.7
drl,1,156,1,14.523,17.887,0.5537,0.5537,84,20,84,0,58,172,4,0.012584,0.018476,0.012509,1,1,1,2516.7
drl,1,157,1,14.275,17.188,0.5583,0.5583,85,20,85,0,58,172,5,0.012584,0.0177,0.012542,1,1,1,2516.7
drl,1,158,1,14.331,17.328,0.5629,0.5629,86,20,86,0,58,172,6,0.012566,0.017857,0.012571,1,1,1,2516.7
drl,1,159,1,14.249,17.089,0.5674,0.5674,87,20,87,0,58,172,7,0.012581,0.01759,0.012576,1,1,1,2516.7
drl,1,160,1,14.388,17.402,0.572,0.572,88,20,88,0,58,172,8,0.012662,0.017929,0.012574,1,1,1,2516.7
drl,1,161,1,14.528,17.967,0.5765,0.5765,89,16,89,0,58,172,9,0.012524,0.018572,0.012488,1,1,1,2516.7
drl,1,162,1,14.526,17.967,0.581,0.581,89,16,89,0,58,172,10,0.012518,0.018572,0.012488,1,1,1,2516.7
drl,1,163,1,14.402,17.338,0.5855,0.5855,90,16,90,0,58,172,11,0.012518,0.017837,0.01285,1,1,1,2516.7
drl,1,164,1,14.331,17.292,0.5899,0.5899,91,16,91,0,58,172,12,0.012528,0.017807,0.012657,1,1,1,2516.7
drl,1,165,1,14.38,17.414,0.5943,0.5943,92,13,92,0,58,172,13,0.012712,0.017936,0.012493,1,1,1,2516.7
drl,1,166,1,14.344,17.342,0.5988,0.5988,93,13,93,0,58,172,14,0.012573,0.01787,0.012588,1,1,1,2516.7
drl,1,167,1,14.51,17.567,0.6032,0.6032,94,13,94,0,58,172,15,0.012883,0.018088,0.012558,1,1,1,2516.7
drl,1,168,1,14.453,17.55,0.6075,0.6075,94,13,94,0,58,172,16,0.012712,0.018088,0.012558,1,1,1,2516.7
drl,1,169,1,14.398,17.393,0.6119,0.6119,95,13,95,0,58,172,17,0.012712,0.017913,0.01257,1,1,1,2516.7
drl,1,170,1,14.537,17.17,0.6162,0.6162,96,10,96,0,58,172,18,0.012574,0.017583,0.013453,1,1,1,2516.7
drl,1,171,1,14.543,17.45,0.6205,0.6205,97,10,97,0,58,172,19,0.01266,0.017941,0.013027,1,1,1,2516.7
drl,1,172,1,14.232,17.037,0.6247,0.6247,98,10,98,0,58,172,20,0.012605,0.017529,0.012562,1,1,1,2516.7
drl,1,173,1,14.434,17.327,0.629,0.629,99,6,99,0,58,172,21,0.012555,0.017815,0.012932,1,1,1,2516.7
drl,1,174,1,14.467,17.327,0.6332,0.6332,99,6,99,0,58,172,22,0.012653,0.017815,0.012932,1,1,1,2516.7
drl,1,175,1,14.433,17.396,0.6373,0.6373,100,6,100,0,58,172,23,0.012653,0.017915,0.01273,1,1,1,2516.7
drl,1,176,1,14.503,17.323,0.6415,0.6415,101,6,101,0,58,172,24,0.012936,0.01781,0.012763,1,1,1,2516.7
drl,1,177,1,14.202,17.01,0.6456,0.6456,102,3,102,0,58,172,25,0.012539,0.017504,0.012564,1,1,1,2516.7
drl,1,178,1,14.29,17.137,0.6497,0.6497,103,3,103,0,58,172,26,0.012641,0.017637,0.012591,1,1,1,2516.7
drl,1,179,1,14.354,17.365,0.6537,0.6537,104,3,104,0,58,172,27,0.012543,0.017892,0.012626,1,1,1,2516.7
drl,2,0,0,15.73,24.758,1.0,1.0,0,0,0,0,0,0,0,0.012616,0.008467,0.026107,1,1,1,2476.8
drl,2,1,1,15.736,24.848,0.3333,0.3333,107,0,107,3,1,0,0,0.012628,0.008375,0.026206,1,1,1,2476.8
drl,2,2,1,15.944,25.423,0.3333,0.3333,107,0,107,4,2,0,0,0.012542,0.008436,0.026854,1,1,1,2476.8
drl,2,3,1,15.767,24.772,0.3333,0.3333,107,0,107,5,3,0,0,0.012723,0.008468,0.026111,1,1,1,2476.8
drl,2,4,1,15.897,25.218,0.3333,0.3333,107,0,107,6,4,0,0,0.012615,0.008459,0.026618,1,1,1,2476.8
drl,2,5,1,15.915,25.233,0.3333,0.3333,107,0,107,6,5,0,0,0.012764,0.008363,0.026618,1,1,1,2476.8
drl,2,6,1,16.05,25.596,0.3333,0.3333,107,0,107,7,6,0,0,0.012764,0.008363,0.027022,1,1,1,2476.8
drl,2,7,1,15.64,24.649,0.3333,0.3333,107,0,107,8,7,0,0,0.012519,0.008403,0.025997,1,1,1,2476.8
drl,2,8,1,15.948,25.375,0.3333,0.3333,107,0,107,9,8,0,0,0.012541,0.008502,0.026801,1,1,1,2476.8
drl,2,9,1,15.869,24.994,0.3333,0.3333,107,0,107,10,9,0,0,0.012665,0.008578,0.026364,1,1,1,2476.8
drl,2,10,1,15.694,24.764,0.3333,0.3333,107,0,107,11,10,0,0,0.012543,0.008416,0.026122,1,1,1,2476.8
drl,2,11,1,15.697,24.769,0.3333,0.3333,107,0,107,11,11,0,0,0.01259,0.00838,0.026122,1,1,1,2476.8
drl,2,12,1,15.506,24.252,0.3333,0.3333,107,0,107,12,12,0,0,0.01259,0.00838,0.025548,1,1,1,2476.8
drl,2,13,1,15.777,24.765,0.3333,0.3333,107,0,107,13,13,0,0,0.012869,0.008376,0.026087,1,1,1,2476.8
drl,2,14,1,15.876,25.055,0.3333,0.3333,107,0,107,14,14,0,0,0.012777,0.008432,0.026419,1,1,1,2476.8
drl,2,15,1,15.697,24.815,0.3333,0.3333,107,0,107,15,15,0,0,0.012502,0.008405,0.026183,1,1,1,2476.8
drl,2,16,1,15.848,24.857,0.3333,0.3333,107,0,107,16,16,0,0,0.012589,0.008736,0.02622,1,1,1,2476.8
drl,2,17,1,15.819,24.856,0.3333,0.3333,107,0,107,16,17,0,0,0.01258,0.008658,0.02622,1,1,1,2476.8
drl,2,18,1,15.911,25.104,0.3333,0.3333,107,0,107,17,18,0,0,0.01258,0.008658,0.026495,1,1,1,2476.8
drl,2,19,1,16.011,25.112,0.3333,0.3333,107,0,107,18,19,0,0,0.013156,0.008438,0.02644,1,1,1,2476.8
drl,2,20,1,15.985,25.058,0.3333,0.3333,107,0,107,19,20,0,0,0.012813,0.008723,0.026418,1,1,1,2476.8
drl,2,21,1,15.765,24.942,0.3333,0.3333,107,0,107,20,21,0,0,0.012552,0.008424,0.026319,1,1,1,2476.8
drl,2,22,1,15.947,24.594,0.3333,0.3333,107,0,107,21,22,0,0,0.013579,0.008443,0.025818,1,1,1,2476.8
drl,2,23,1,15.612,24.494,0.3333,0.3333,107,0,107,21,23,0,0,0.012578,0.00844,0.025818,1,1,1,2476.8
drl,2,24,1,15.82,25.056,0.3333,0.3333,107,0,107,22,24,0,0,0.012578,0.00844,0.026443,1,1,1,2476.8
drl,2,25,1,15.961,25.024,0.3333,0.3333,107,0,107,23,25,0,0,0.013137,0.008402,0.026345,1,1,1,2476.8
drl,2,26,1,15.661,24.593,0.3333,0.3333,107,0,107,24,26,0,0,0.012558,0.008494,0.02593,1,1,1,2476.8
drl,2,27,1,15.69,24.721,0.3333,0.3333,107,0,107,25,27,0,0,0.012588,0.008414,0.026069,1,1,1,2476.8
drl,2,28,1,15.78,24.861,0.3333,0.3333,26,0,25,26,28,0,0,0.012576,0.008538,0.026226,1,1,1,2476.8
drl,2,29,1,15.777,24.86,0.3333,0.3333,26,0,25,26,29,0,0,0.012567,0.008538,0.026226,1,1,1,2476.8
drl,2,30,1,15.682,24.702,0.3333,1.0,27,0,25,27,30,0,0,0.012567,0.008428,0.02605,0,1,1,2476.8
drl,2,31,1,11.274,12.57,0.3333,1.0,27,0,25,27,31,0,0,0.01257,0.008685,0.012568,0,1,1,2476.8
drl,2,32,1,11.252,12.597,0.3333,1.0,27,0,22,27,32,0,0,0.012607,0.00864,0.01251,0,1,1,2476.8
drl,2,33,1,11.402,12.959,0.3333,1.0,27,0,22,27,33,0,0,0.013,0.008616,0.01259,0,1,1,2476.8
drl,2,34,1,11.211,12.613,0.3333,1.0,27,0,22,27,34,0,0,0.012582,0.008436,0.012616,0,1,1,2476.8
drl,2,35,1,11.344,12.72,0.3333,1.0,27,0,22,27,35,0,0,0.012732,0.008683,0.012616,0,1,1,2476.8
drl,2,36,1,11.311,12.711,0.3333,1.0,27,0,22,27,36,0,0,0.012732,0.008683,0.012518,0,1,1,2476.8
drl,2,37,1,11.481,13.299,0.3333,1.0,27,0,18,27,37,0,0,0.013376,0.008461,0.012607,0,1,1,2476.8
drl,2,38,1,11.211,12.657,0.3333,1.0,27,0,18,27,38,0,0,0.012669,0.008419,0.012546,0,1,1,2476.8
drl,2,39,1,11.28,12.863,0.3333,1.0,27,0,18,27,39,0,0,0.012524,0.008415,0.012901,0,1,1,2476.8
drl,2,40,0,11.217,12.577,0.3333,1.0,27,0,15,27,39,0,0,0.012554,0.008517,0.01258,0,1,1,2476.8
drl,2,41,1,11.206,12.61,0.3333,1.0,27,0,15,27,40,0,0,0.012613,0.008426,0.01258,0,1,1,2476.8
drl,2,42,1,11.185,12.603,0.3333,1.0,27,0,15,27,41,0,0,0.012613,0.008426,0.012517,0,1,1,2476.8
drl,2,43,1,11.13,12.531,0.3333,1.0,27,0,15,27,42,0,0,0.012535,0.008358,0.012497,0,1,1,2476.8
drl,2,44,1,11.254,12.737,0.3333,1.0,27,0,15,27,43,0,0,0.01262,0.008392,0.01275,0,1,1,2476.8
drl,2,45,1,11.415,13.193,0.3333,1.0,27,0,11,27,44,0,0,0.013263,0.00842,0.012563,0,1,1,2476.8
drl,2,46,1,11.198,12.63,0.3333,1.0,27,0,11,27,45,0,0,0.012606,0.008354,0.012633,0,1,1,2476.8
drl,2,47,1,11.223,12.636,0.3333,1.0,27,0,11,27,46,0,0,0.012641,0.008433,0.012595,0,1,1,2476.8
drl,2,48,1,11.223,12.636,0.3333,1.0,27,0,11,27,47,0,0,0.012641,0.008433,0.012595,0,1,1,2476.8
drl,2,49,1,11.205,12.599,0.3333,1.0,27,0,8,27,48,0,0,0.012599,0.00842,0.012597,0,1,1,2476.8
drl,2,50,1,11.293,12.767,0.3333,1.0,27,0,8,27,49,0,0,0.01279,0.008535,0.012555,0,1,1,2476.8
drl,2,51,1,11.244,12.665,0.3333,1.0,27,0,8,27,50,0,0,0.012608,0.008454,0.012671,0,1,1,2476.8
drl,2,52,1,11.315,12.898,0.3333,1.0,27,0,5,27,51,0,0,0.012936,0.008458,0.012552,0,1,1,2476.8
drl,2,53,1,11.183,12.58,0.3333,1.0,27,0,5,27,52,0,0,0.012516,0.008446,0.012587,0,1,1,2476.8
drl,2,54,1,11.302,12.845,0.3333,1.0,27,0,5,27,53,0,0,0.012874,0.008446,0.012587,0,1,1,2476.8
drl,2,55,1,11.284,12.836,0.3333,1.0,27,0,5,27,54,0,0,0.012874,0.008486,0.012493,0,1,1,2476.8
drl,2,56,1,11.62,13.633,0.3333,1.0,27,0,5,27,55,0,0,0.013736,0.008417,0.012708,0,1,1,2476.8
drl,2,57,1,11.211,12.628,0.3333,1.0,27,0,1,27,56,0,0,0.012639,0.008465,0.01253,0,1,1,2476.8
drl,2,58,1,11.174,12.601,0.3333,1.0,27,0,1,27,57,0,0,0.012609,0.008383,0.012531,0,1,1,2476.8
drl,2,59,1,11.573,13.406,0.3333,1.0,27,0,1,27,58,0,0,0.013469,0.008411,0.01284,0,1,1,2476.8
drl,2,60,1,11.289,12.812,0.3333,1.0,27,0,0,27,59,0,0,0.01256,0.008467,0.01284,0,1,1,2476.8
drl,2,61,1,11.272,12.765,0.3446,0.5,25,0,0,25,59,1,0,0.01256,0.008467,0.012788,0,1,1,2476.8
drl,2,62,1,11.158,12.575,0.3559,0.5,25,0,0,25,59,2,0,0.012503,0.008387,0.012583,0,1,1,2476.8
drl,2,63,1,11.225,12.721,0.3671,0.5,25,0,0,25,59,3,0,0.012746,0.008431,0.012498,0,1,1,2476.8
drl,2,64,1,11.347,12.818,0.3783,0.5,25,0,0,25,59,4,0,0.012848,0.008648,0.012544,0,1,1,2476.8
drl,2,65,1,11.645,13.284,0.3894,0.5,21,0,0,21,59,5,0,0.012855,0.008747,0.013332,0,1,1,2476.8
drl,2,66,1,11.421,13.26,0.4004,0.5,21,0,0,21,59,6,0,0.012608,0.008323,0.013332,0,1,1,2476.8
drl,2,67,1,11.171,12.605,0.4113,0.5,21,0,0,21,59,7,0,0.012608,0.008323,0.012582,0,1,1,2476.8
drl,2,68,1,11.349,12.896,0.4221,0.5,21,0,0,21,59,8,0,0.01293,0.008524,0.012592,0,1,1,2476.8
drl,2,69,1,11.264,12.618,0.4327,0.5,18,0,0,18,59,9,0,0.01262,0.008574,0.012597,0,1,1,2476.8
drl,2,70,1,11.17,12.565,0.4432,0.5,18,0,0,18,59,10,0,0.012526,0.008415,0.012569,0,1,1,2476.8
drl,2,71,1,11.206,12.598,0.4535,0.5,18,0,0,18,59,11,0,0.012595,0.008424,0.012598,0,1,1,2476.8
drl,2,72,1,11.257,12.706,0.4635,0.5,18,0,0,18,59,12,0,0.012592,0.00846,0.012719,0,1,1,2476.8
drl,2,73,1,11.257,12.706,0.4734,0.5,18,0,0,18,59,13,0,0.012592,0.00846,0.012719,0,1,1,2476.8
drl,2,74,1,11.291,12.736,0.4831,0.5,15,0,0,15,59,14,0,0.012748,0.008495,0.012629,0,1,1,2476.8
drl,2,75,1,11.553,13.521,0.4925,0.5,15,0,0,15,59,15,0,0.013623,0.008439,0.012598,0,1,1,2476.8
drl,2,76,1,11.162,12.548,0.5017,0.5,15,0,0,15,59,16,0,0.012553,0.00843,0.012502,0,1,1,2476.8
drl,2,77,1,16.379,26.546,0.5107,0.5,10,0,0,10,59,17,0,0.012559,0.008477,0.0281,0,1,1,2476.8
drl,2,78,1,11.234,12.633,0.5194,0.5,10,0,0,10,59,18,0,0.012569,0.008494,0.01264,0,1,1,2476.8
drl,2,79,1,11.231,12.632,0.5279,0.5,10,0,0,10,59,19,0,0.012558,0.008494,0.01264,0,1,1,2476.8
drl,2,80,0,11.193,12.556,0.5279,0.5,10,0,0,10,59,19,0,0.012558,0.008484,0.012536,0,1,1,2476.8
drl,2,81,1,11.155,12.556,0.536,0.5,7,0,0,7,59,20,0,0.012564,0.008414,0.012486,0,1,1,2476.8
drl,2,82,1,11.271,12.705,0.5439,0.5,7,0,0,7,59,21,0,0.01262,0.008478,0.012715,0,1,1,2476.8
drl,2,83,1,11.242,12.616,0.5516,0.5,7,0,0,7,59,22,0,0.012617,0.008501,0.012608,0,1,1,2476.8
drl,2,84,1,11.175,12.552,0.5589,0.5,7,0,0,7,59,23,0,0.012558,0.008473,0.012494,0,1,1,2476.8
drl,2,85,1,11.505,12.565,0.566,0.5,7,0,0,7,59,24,0,0.012573,0.009447,0.012494,0,1,1,2476.8
drl,2,86,1,11.58,12.706,0.5728,0.5,3,0,0,3,59,25,0,0.012573,0.009447,0.012721,0,1,1,2476.8
drl,2,87,1,11.198,12.644,0.5793,0.5,3,0,0,3,59,26,0,0.01265,0.00835,0.012594,0,1,1,2476.8
drl,2,88,1,11.273,12.715,0.5856,0.5,3,0,0,3,59,27,0,0.012704,0.0084,0.012716,0,1,1,2476.8
drl,2,89,1,11.348,13.033,0.5916,0.5,0,0,0,0,59,28,0,0.012508,0.008445,0.013091,0,1,1,2476.8
drl,2,90,1,11.233,12.623,0.5888,0.5888,0,0,0,0,60,28,0,0.012624,0.008467,0.012609,1,1,1,2476.8
drl,2,91,84,15.695,24.539,0.4582,0.4582,81,81,0,0,144,28,0,0.025865,0.00861,0.012609,1,1,1,2476.8
drl,2,92,1,15.691,24.538,0.4624,0.4624,81,81,0,0,144,29,0,0.025865,0.00861,0.012599,1,1,1,2476.8
drl,2,93,1,15.7,24.663,0.4664,0.4664,82,82,0,0,144,30,0,0.026005,0.00851,0.012584,1,1,1,2476.8
drl,2,94,1,15.787,24.966,0.4705,0.4705,83,83,0,0,144,31,0,0.026341,0.008423,0.012596,1,1,1,2476.8
drl,2,95,1,15.691,24.706,0.4745,0.4745,84,84,0,0,144,32,0,0.026053,0.008435,0.012585,1,1,1,2476.8
drl,2,96,1,15.697,24.711,0.4785,0.4785,85,85,0,0,144,33,0,0.026063,0.008484,0.012543,1,1,1,2476.8
drl,2,97,1,15.918,24.735,0.4824,0.4824,86,86,0,0,144,34,0,0.02609,0.009122,0.012543,1,1,1,2476.8
drl,2,98,1,15.974,24.752,0.4863,0.4863,86,86,0,0,144,35,0,0.02609,0.009122,0.01271,1,1,1,2476.8
drl,2,99,1,15.79,24.791,0.4902,0.4902,87,87,0,0,144,36,0,0.02612,0.00842,0.012831,1,1,1,2476.8
drl,2,100,1,15.737,24.873,0.494,0.494,88,88,0,0,144,37,0,0.02624,0.008403,0.012568,1,1,1,2476.8
drl,2,101,1,15.735,24.922,0.4978,0.4978,89,89,0,0,144,38,0,0.026297,0.008355,0.012552,1,1,1,2476.8
drl,2,102,1,15.814,25.042,0.5016,0.5016,90,90,0,0,144,39,0,0.026429,0.00845,0.012562,1,1,1,2476.8
drl,2,103,1,15.64,24.598,0.5053,0.5053,91,91,0,0,144,40,0,0.025935,0.008424,0.012562,1,1,1,2476.8
drl,2,104,1,15.653,24.601,0.5089,0.5089,91,91,0,0,144,41,0,0.025935,0.008424,0.012599,1,1,1,2476.8
drl,2,105,1,15.993,24.602,0.5125,0.5125,92,92,0,0,144,42,0,0.025936,0.009449,0.012595,1,1,1,2476.8
drl,2,106,1,15.778,24.851,0.5161,0.5161,93,93,0,0,144,43,0,0.026215,0.008545,0.012575,1,1,1,2476.8
drl,2,107,1,15.803,24.828,0.5196,0.5196,94,94,0,0,144,44,0,0.02618,0.008573,0.012656,1,1,1,2476.8
drl,2,108,1,15.799,25.047,0.5231,0.5231,95,95,0,0,144,45,0,0.026433,0.008392,0.012572,1,1,1,2476.8
drl,2,109,0,15.692,24.759,0.5231,0.5231,96,96,0,0,144,45,0,0.026113,0.008392,0.012572,1,1,1,2476.8
drl,2,110,1,15.701,24.758,0.5266,0.5266,96,96,0,0,144,46,0,0.026113,0.008432,0.012559,1,1,1,2476.8
drl,2,111,1,15.645,24.645,0.53,0.53,97,97,0,0,144,47,0,0.025988,0.008395,0.012553,1,1,1,2476.8
drl,2,112,1,15.838,25.097,0.5333,0.5333,98,98,0,0,144,48,0,0.026486,0.008433,0.012596,1,1,1,2476.8
drl,2,113,1,15.797,25.007,0.5366,0.5366,99,99,0,0,144,49,0,0.026392,0.008454,0.012545,1,1,1,2476.8
drl,2,114,1,15.571,24.493,0.5399,0.5399,100,100,0,0,144,50,0,0.025831,0.008435,0.012448,1,1,1,2476.8
drl,2,115,1,15.671,24.763,0.5431,0.5431,101,101,0,0,144,51,0,0.026131,0.008435,0.012448,1,1,1,2476.8
drl,2,116,1,16.23,24.781,0.5463,0.5463,101,101,0,0,144,52,0,0.026131,0.009926,0.012633,1,1,1,2476.8
drl,2,117,1,15.764,24.761,0.5494,0.5494,102,102,0,0,144,53,0,0.026132,0.008739,0.012422,1,1,1,2476.8
drl,2,118,1,16.174,25.707,0.5525,0.5525,103,103,0,0,144,54,0,0.027136,0.00854,0.012846,1,1,1,2476.8
drl,2,119,1,15.65,24.554,0.5555,0.5555,104,104,0,0,144,55,0,0.025884,0.008483,0.012583,1,1,1,2476.8
drl,2,120,1,15.735,24.861,0.5585,0.5,105,105,0,0,144,56,0,0.026231,0.008441,0.012534,1,0,1,2476.8
drl,2,121,1,11.205,12.629,0.5615,0.5,105,105,0,0,144,57,0,0.01264,0.008441,0.012534,1,0,1,2476.8
drl,2,122,1,11.242,12.638,0.5644,0.5,105,105,0,0,144,58,0,0.01264,0.008462,0.012623,1,0,1,2476.8
drl,2,123,1,11.18,12.59,0.5672,0.5,105,105,0,0,144,59,0,0.012433,0.0085,0.012608,1,0,1,2476.8
drl,2,124,1,11.191,12.636,0.57,0.5,105,105,0,0,144,60,0,0.012578,0.008353,0.012642,1,0,1,2476.8
drl,2,125,1,11.612,12.56,0.5728,0.5,105,105,0,0,144,61,0,0.012561,0.009724,0.012552,1,0,1,2476.8
drl,2,126,1,11.294,12.926,0.5755,0.5,105,105,0,0,144,62,0,0.012969,0.008376,0.012538,1,0,1,2476.8
drl,2,127,1,11.28,12.805,0.5781,0.5,105,105,0,0,144,63,0,0.012835,0.008468,0.012538,1,0,1,2476.8
drl,2,128,1,11.301,12.812,0.5808,0.5,105,105,0,0,144,64,0,0.012835,0.008468,0.012601,1,0,1,2476.8
drl,2,129,1,11.184,12.599,0.5833,0.5,105,105,0,0,144,65,0,0.012606,0.008406,0.01254,1,0,1,2476.8
drl,2,130,1,11.217,12.646,0.5858,0.5,105,105,0,0,144,66,0,0.012588,0.00841,0.012652,1,0,1,2476.8
drl,2,131,1,11.271,12.746,0.5883,0.5,105,105,0,0,144,67,0,0.01259,0.008459,0.012763,1,0,1,2476.8
drl,2,132,1,11.225,12.606,0.5907,0.5,105,105,0,0,144,68,0,0.012596,0.008472,0.012607,1,0,1,2476.8
drl,2,133,1,11.26,12.725,0.5931,0.5,105,105,0,0,144,69,0,0.01261,0.008431,0.012738,1,0,1,2476.8
drl,2,134,1,11.26,12.725,0.5955,0.5,105,105,0,0,144,70,0,0.01261,0.008431,0.012738,1,0,1,2476.8
drl,2,135,1,11.337,12.766,0.5978,0.5,105,105,0,0,144,71,0,0.012629,0.008602,0.012781,1,0,1,2476.8
drl,2,136,1,11.314,12.63,0.6,0.5,105,105,0,0,144,72,0,0.012639,0.008755,0.012549,1,0,1,2476.8
drl,2,137,1,11.305,12.856,0.6022,0.5,105,105,0,0,144,73,0,0.012607,0.008423,0.012884,1,0,1,2476.8
drl,2,138,1,11.275,12.729,0.6044,0.5,105,105,0,0,144,74,0,0.01264,0.008446,0.012739,1,0,1,2476.8
drl,2,139,1,11.222,12.644,0.6065,0.5,105,105,0,0,144,75,0,0.012591,0.008424,0.01265,1,0,1,2476.8
drl,2,140,1,11.316,12.851,0.6085,0.5,105,105,0,0,144,76,0,0.012873,0.008424,0.01265,1,0,1,2476.8
drl,2,141,1,11.29,12.84,0.6106,0.5,105,105,0,0,144,77,0,0.012873,0.008456,0.012542,1,0,1,2476.8
drl,2,142,1,11.287,12.717,0.6125,0.5,105,105,0,0,144,78,0,0.012641,0.008495,0.012725,1,0,1,2476.8
drl,2,143,1,11.195,12.627,0.6145,0.5,105,105,0,0,144,79,0,0.012543,0.008407,0.012636,1,0,1,2476.8
drl,2,144,1,11.158,12.565,0.6164,0.5,105,105,0,0,144,80,0,0.012482,0.008418,0.012574,1,0,1,2476.8
drl,2,145,1,11.17,12.542,0.6182,0.5,105,105,0,0,144,81,0,0.012544,0.008441,0.012524,1,0,1,2476.8
drl,2,146,1,11.181,12.572,0.62,0.5,105,105,0,0,144,82,0,0.012577,0.008441,0.012524,1,0,1,2476.8
drl,2,147,1,11.334,12.81,0.6218,0.5,105,105,0,0,144,83,0,0.012577,0.00859,0.012836,1,0,1,2476.8
drl,2,148,1,11.194,12.662,0.6235,0.5,105,105,0,0,144,84,0,0.012536,0.008371,0.012676,1,0,1,2476.8
drl,2,149,1,11.207,12.633,0.6252,0.5,105,105,0,0,144,85,0,0.01255,0.008429,0.012642,1,0,1,2476.8
drl,2,150,1,11.216,12.572,0.6268,0.6268,105,105,0,0,144,86,0,0.012496,0.008572,0.01258,1,1,1,2476.8
drl,2,151,0,15.569,20.387,0.6268,0.6268,105,105,1,0,144,86,0,0.012943,0.021214,0.012549,1,1,1,2476.8
drl,2,152,84,14.244,17.189,0.6621,0.6621,105,105,82,0,144,170,0,0.012477,0.017705,0.012549,1,1,1,2476.8
drl,2,153,1,14.336,17.217,0.6663,0.6663,105,105,82,0,144,170,1,0.012477,0.017705,0.012826,1,1,1,2476.8
drl,2,154,1,14.352,17.359,0.6705,0.6705,105,105,83,0,144,170,2,0.012553,0.017886,0.012616,1,1,1,2476.8
drl,2,155,1,14.189,17.052,0.6747,0.6747,84,22,84,0,144,170,3,0.012558,0.017551,0.012459,1,1,1,2476.8
drl,2,156,1,14.325,17.228,0.6789,0.6789,85,22,85,0,144,170,4,0.012621,0.01774,0.012614,1,1,1,2476.8
drl,2,157,1,14.454,17.584,0.683,0.683,86,22,86,0,144,170,5,0.012573,0.018132,0.012657,1,1,1,2476.8
drl,2,158,1,14.356,17.383,0.6872,0.6872,87,22,87,0,144,170,6,0.012504,0.017908,0.012657,1,1,1,2476.8
drl,2,159,1,14.322,17.373,0.6913,0.6913,87,22,87,0,144,170,7,0.012504,0.017908,0.012555,1,1,1,2476.8
drl,2,160,1,14.631,18.229,0.6954,0.6954,88,19,88,0,144,170,8,0.012502,0.018863,0.012528,1,1,1,2476.8
drl,2,161,1,14.19,16.958,0.6995,0.6995,89,19,89,0,144,170,9,0.012523,0.017442,0.012605,1,1,1,2476.8
drl,2,162,1,14.238,17.128,0.7036,0.7036,90,19,90,0,144,170,10,0.012571,0.017634,0.01251,1,1,1,2476.8
drl,2,163,1,14.361,17.454,0.7076,0.7076,91,15,91,0,144,170,11,0.012546,0.017999,0.012537,1,1,1,2476.8
drl,2,164,1,14.346,17.342,0.7116,0.7116,92,15,92,0,144,170,12,0.012635,0.017865,0.012537,1,1,1,2476.8
drl,2,165,1,14.349,17.342,0.7157,0.7157,92,15,92,0,144,170,13,0.012635,0.017865,0.012547,1,1,1,2476.8
drl,2,166,1,14.323,17.347,0.7196,0.7196,93,15,93,0,144,170,14,0.012539,0.01788,0.01255,1,1,1,2476.8
drl,2,167,1,14.289,17.248,0.7236,0.7236,94,12,94,0,144,170,15,0.012497,0.017764,0.012605,1,1,1,2476.8
drl,2,168,1,14.345,17.293,0.7276,0.7276,95,12,95,0,144,170,16,0.012575,0.017809,0.012651,1,1,1,2476.8
drl,2,169,1,14.653,17.569,0.7315,0.7315,96,12,96,0,144,170,17,0.012511,0.01803,0.013419,1,1,1,2476.8
drl,2,170,1,14.596,17.404,0.7354,0.7354,97,12,97,0,144,170,18,0.012521,0.017847,0.013419,1,1,1,2476.8
drl,2,171,1,14.321,17.322,0.7393,0.7393,97,12,97,0,144,170,19,0.012521,0.017847,0.012595,1,1,1,2476.8
drl,2,172,1,14.297,17.307,0.7432,0.7432,98,8,98,0,144,170,20,0.012497,0.017835,0.012559,1,1,1,2476.8
drl,2,173,1,14.305,17.336,0.747,0.747,99,8,99,0,144,170,21,0.012536,0.017869,0.012511,1,1,1,2476.8
drl,2,174,1,14.345,17.425,0.7508,0.7508,100,8,100,0,144,170,22,0.012532,0.017968,0.012534,1,1,1,2476.8
drl,2,175,1,14.605,17.422,0.7546,0.7546,101,5,101,0,144,170,23,0.012569,0.017872,0.013375,1,1,1,2476.8
drl,2,176,1,14.51,17.173,0.7584,0.7584,102,5,102,0,144,170,24,0.01256,0.017595,0.013375,1,1,1,2476.8
drl,2,177,1,14.229,17.091,0.7622,0.7622,102,5,102,0,144,170,25,0.01256,0.017595,0.012532,1,1,1,2476.8
drl,2,178,1,14.457,17.64,0.7659,0.7659,103,5,103,0,144,170,26,0.012577,0.018201,0.012592,1,1,1,2476.8
drl,2,179,1,14.809,17.737,0.7696,0.7696,104,5,104,0,144,170,27,0.012814,0.01822,0.013393,1,1,1,2476.8
