algorithm,trial,second,throughput,avg_rtt,p95_rtt,fairness_index,fairness_alive,max_imbalance,h1_conns,h2_conns,h3_conns,h1_sels,h2_sels,h3_sels,h1_rtt,h2_rtt,h3_rtt,h1_alive,h2_alive,h3_alive,decision_latency_us
round_robin,1,0,0,23.334,26.029,1.0,1.0,0,0,0,0,0,0,0,0.026047,0.018084,0.02587,1,1,1,2043.3
round_robin,1,1,86,22.786,25.59,0.9997,0.9997,232,1075,1278,1307,29,29,28,0.025615,0.017381,0.025361,1,1,1,2043.3
round_robin,1,2,81,27.918,39.801,0.9999,0.9999,122,1090,1212,1172,56,56,55,0.041402,0.016959,0.025393,1,1,1,2043.3
round_robin,1,3,47,23.08,26.088,1.0,1.0,112,1131,1243,1186,72,71,71,0.025204,0.01785,0.026186,1,1,1,2043.3
round_robin,1,4,61,23.08,26.088,1.0,1.0,112,1131,1243,1186,92,92,91,0.025204,0.01785,0.026186,1,1,1,2043.3
round_robin,1,5,20,23.035,26.041,1.0,1.0,120,1151,1271,1208,99,98,98,0.02565,0.017371,0.026085,1,1,1,2043.3
round_robin,1,6,86,22.489,25.34,1.0,1.0,74,1156,1186,1112,127,127,127,0.025355,0.016905,0.025207,1,1,1,2043.3
round_robin,1,7,83,22.77,25.683,1.0,1.0,75,1175,1206,1131,155,155,154,0.025726,0.01729,0.025295,1,1,1,2043.3
round_robin,1,8,81,23.079,26.441,1.0,1.0,77,1199,1226,1149,182,182,181,0.026593,0.017577,0.025068,1,1,1,2043.3
round_robin,1,9,0,22.935,26.051,1.0,1.0,77,1224,1226,1149,182,182,181,0.02616,0.017577,0.025068,1,1,1,2043.3
round_robin,1,10,84,23.287,26.124,1.0,1.0,217,1224,1007,1166,210,210,209,0.02616,0.017896,0.025805,1,1,1,2043.3
round_robin,1,11,82,23.677,26.305,1.0,1.0,218,1252,1034,1190,237,237,237,0.026046,0.018651,0.026334,1,1,1,2043.3
round_robin,1,12,37,23.481,26.435,1.0,1.0,219,1280,1061,1218,250,249,249,0.026471,0.017857,0.026115,1,1,1,2043.3
round_robin,1,13,45,23.318,26.124,1.0,1.0,219,1308,1089,1245,265,264,264,0.026103,0.017726,0.026126,1,1,1,2043.3
round_robin,1,14,85,23.376,26.122,1.0,1.0,160,1252,1092,1245,293,293,292,0.026086,0.017916,0.026126,1,1,1,2043.3
round_robin,1,15,84,23.373,26.115,1.0,1.0,160,1252,1092,1110,321,321,320,0.026086,0.017916,0.026118,1,1,1,2043.3
round_robin,1,16,21,23.316,25.991,1.0,1.0,161,1280,1119,1138,328,328,327,0.026019,0.018194,0.025735,1,1,1,2043.3
round_robin,1,17,63,23.538,26.495,1.0,1.0,162,1308,1146,1166,349,349,348,0.02653,0.017903,0.026182,1,1,1,2043.3
round_robin,1,18,82,22.99,25.932,1.0,1.0,79,1172,1111,1190,376,376,376,0.025298,0.017671,0.026002,1,1,1,2043.3
round_robin,1,19,86,22.683,25.985,1.0,1.0,78,1192,1139,1217,405,405,404,0.024861,0.017078,0.02611,1,1,1,2043.3
round_robin,1,20,31,22.683,25.985,1.0,1.0,78,1192,1139,1217,415,415,415,0.024861,0.017078,0.02611,1,1,1,2043.3
round_robin,1,21,51,22.74,25.441,1.0,1.0,85,1210,1157,1242,432,432,432,0.02507,0.017668,0.025482,1,1,1,2043.3
round_robin,1,22,81,22.754,25.811,1.0,1.0,313,1215,944,1257,459,459,459,0.025927,0.017572,0.024762,1,1,1,2043.3
round_robin,1,23,84,22.916,25.997,1.0,1.0,311,1242,965,1276,487,487,487,0.026073,0.017362,0.025312,1,1,1,2043.3
round_robin,1,24,51,23.324,26.227,1.0,1.0,303,1270,993,1296,504,504,504,0.026272,0.017875,0.025826,1,1,1,2043.3
round_robin,1,25,34,23.173,26.004,1.0,1.0,278,1298,1020,1296,516,515,515,0.026024,0.01767,0.025826,1,1,1,2043.3
round_robin,1,26,88,23.308,26.21,1.0,1.0,303,1298,1020,1323,545,545,544,0.026024,0.01767,0.026231,1,1,1,2043.3
round_robin,1,27,81,23.302,26.172,1.0,1.0,186,1231,1045,1189,572,572,571,0.026179,0.017614,0.026112,1,1,1,2043.3
round_robin,1,28,65,23.328,26.088,1.0,1.0,187,1259,1072,1217,594,593,593,0.026066,0.017827,0.026091,1,1,1,2043.3
round_robin,1,29,20,23.376,26.324,1.0,1.0,188,1287,1099,1245,600,600,600,0.026356,0.017739,0.026033,1,1,1,2043.3
round_robin,1,30,29,23.586,26.209,1.0,1.0,126,1210,1102,1084,610,610,609,0.025919,0.018599,0.026241,0,1,1,2043.3
round_robin,1,31,1,23.586,26.209,1.0,1.0,126,1210,1102,1084,610,610,610,0.025919,0.018599,0.026241,0,1,1,2043.3
round_robin,1,32,1,11.274,12.805,1.0,1.0,146,1210,1102,1064,611,610,610,0.012552,0.008437,0.012833,0,1,1,2043.3
round_robin,1,33,1,11.144,12.59,1.0,1.0,146,1210,1102,1064,611,611,610,0.012373,0.008444,0.012614,0,1,1,2043.3
round_robin,1,34,1,11.157,12.542,1.0,1.0,205,1127,1098,922,611,611,611,0.012537,0.008391,0.012543,0,1,1,2043.3
round_robin,1,35,1,11.734,13.409,1.0,1.0,206,1127,1098,921,612,611,611,0.01338,0.008411,0.013412,0,1,1,2043.3
round_robin,1,36,1,11.166,12.577,1.0,1.0,206,1127,1098,921,612,612,611,0.012588,0.008434,0.012476,0,1,1,2043.3
round_robin,1,37,1,11.166,12.577,1.0,1.0,206,1127,1098,921,612,612,612,0.012588,0.008434,0.012476,0,1,1,2043.3
round_robin,1,38,1,11.175,12.543,1.0,1.0,206,1127,1098,921,613,612,612,0.012494,0.008482,0.012548,0,1,1,2043.3
round_robin,1,39,1,11.218,12.589,1.0,1.0,94,1012,957,918,613,613,612,0.01259,0.008488,0.012576,0,1,1,2043.3
round_robin,1,40,1,11.194,12.598,1.0,1.0,94,1012,957,918,613,613,613,0.0126,0.008402,0.012579,0,1,1,2043.3
round_robin,1,41,1,11.429,13.171,1.0,1.0,94,1012,957,918,614,613,613,0.013231,0.00843,0.012627,0,1,1,2043.3
round_robin,1,42,1,11.211,12.647,1.0,1.0,154,939,853,785,614,614,613,0.012563,0.008415,0.012656,0,1,1,2043.3
round_robin,1,43,1,11.214,12.647,1.0,1.0,154,939,853,785,614,614,614,0.01257,0.008415,0.012656,0,1,1,2043.3
round_robin,1,44,1,11.168,12.605,1.0,1.0,154,939,853,785,615,614,614,0.01257,0.008325,0.012609,0,1,1,2043.3
round_robin,1,45,1,11.199,12.614,1.0,1.0,154,939,853,785,615,615,614,0.012624,0.00845,0.012523,0,1,1,2043.3
round_robin,1,46,1,11.189,12.626,1.0,1.0,154,939,853,785,615,615,615,0.012519,0.00841,0.012638,0,1,1,2043.3
round_robin,1,47,1,11.158,12.561,1.0,1.0,164,857,769,693,616,615,615,0.012569,0.008413,0.012493,0,1,1,2043.3
round_robin,1,48,1,11.276,12.838,1.0,1.0,164,857,769,693,616,616,615,0.01254,0.008417,0.012871,0,1,1,2043.3
round_robin,1,49,1,11.303,12.844,1.0,1.0,164,857,769,693,616,616,616,0.012602,0.008436,0.012871,0,1,1,2043.3
round_robin,1,50,1,11.425,13.174,1.0,1.0,164,857,769,693,617,616,616,0.012602,0.008436,0.013237,0,1,1,2043.3
round_robin,1,51,1,11.613,13.404,1.0,1.0,168,774,606,690,617,617,616,0.013459,0.008476,0.012905,0,1,1,2043.3
round_robin,1,52,1,11.188,12.575,1.0,1.0,168,774,606,690,617,617,617,0.012555,0.008432,0.012577,0,1,1,2043.3
round_robin,1,53,1,11.148,12.552,1.0,1.0,168,774,606,690,618,617,617,0.012563,0.008432,0.01245,0,1,1,2043.3
round_robin,1,54,1,11.297,12.917,1.0,1.0,168,774,606,607,618,618,617,0.012964,0.008429,0.012497,0,1,1,2043.3
round_robin,1,55,1,11.21,12.609,1.0,1.0,8,611,603,607,618,618,618,0.012611,0.008426,0.012593,0,1,1,2043.3
round_robin,1,56,1,11.18,12.586,1.0,1.0,8,611,603,607,619,618,618,0.012521,0.008426,0.012593,0,1,1,2043.3
round_robin,1,57,1,11.194,12.609,1.0,1.0,8,611,603,607,619,619,618,0.012521,0.008443,0.012619,0,1,1,2043.3
round_robin,1,58,1,11.162,12.559,1.0,1.0,8,611,603,607,619,619,619,0.012517,0.008406,0.012564,0,1,1,2043.3
round_robin,1,59,1,11.159,12.513,1.0,1.0,8,607,599,603,620,619,619,0.012499,0.008463,0.012515,0,1,1,2043.3
round_robin,1,60,1,11.212,12.624,1.0,1.0,8,607,599,603,620,620,619,0.0126,0.00841,0.012627,0,1,1,2043.3
round_robin,1,61,1,11.16,12.576,1.0,1.0,8,607,599,603,620,620,620,0.012512,0.008386,0.012583,0,1,1,2043.3
round_robin,1,62,1,11.172,12.574,1.0,1.0,64,607,543,603,621,620,620,0.012492,0.00844,0.012583,0,1,1,2043.3
round_robin,1,63,1,11.184,12.608,1.0,1.0,64,607,543,547,621,621,620,0.012492,0.00844,0.012621,0,1,1,2043.3
round_robin,1,64,1,11.176,12.566,1.0,1.0,7,550,543,547,621,621,621,0.012566,0.008398,0.012564,0,1,1,2043.3
round_robin,1,65,0,11.202,12.583,1.0,1.0,7,550,543,547,621,621,621,0.012534,0.008484,0.012589,0,1,1,2043.3
round_robin,1,66,1,11.167,12.536,1.0,1.0,7,550,543,547,622,621,621,0.012538,0.008442,0.012521,0,1,1,2043.3
round_robin,1,67,1,11.218,12.618,1.0,1.0,8,483,475,478,622,622,621,0.01262,0.008432,0.012602,0,1,1,2043.3
round_robin,1,68,1,11.173,12.563,1.0,1.0,8,483,475,478,622,622,622,0.012567,0.008424,0.012528,0,1,1,2043.3
round_robin,1,69,1,11.167,12.546,1.0,1.0,8,483,475,478,623,622,622,0.012548,0.008424,0.012528,0,1,1,2043.3
round_robin,1,70,1,11.182,12.554,1.0,1.0,8,483,475,478,623,623,622,0.012548,0.008444,0.012555,0,1,1,2043.3
round_robin,1,71,1,11.152,12.565,1.0,1.0,6,399,393,395,623,623,623,0.012521,0.008365,0.01257,0,1,1,2043.3
round_robin,1,72,1,11.169,12.562,1.0,1.0,6,399,393,395,624,623,623,0.012532,0.00841,0.012565,0,1,1,2043.3
round_robin,1,73,1,11.188,12.575,1.0,1.0,6,399,393,395,624,624,623,0.012578,0.008439,0.012548,0,1,1,2043.3
round_robin,1,74,1,11.254,12.802,1.0,1.0,6,399,393,395,624,624,624,0.012836,0.008429,0.012497,0,1,1,2043.3
round_robin,1,75,1,11.164,12.567,1.0,1.0,86,315,309,395,625,624,624,0.012575,0.008419,0.012497,0,1,1,2043.3
round_robin,1,76,1,11.148,12.563,1.0,1.0,6,315,309,311,625,625,624,0.012575,0.008419,0.012451,0,1,1,2043.3
round_robin,1,77,1,11.174,12.574,1.0,1.0,6,315,309,311,625,625,625,0.012556,0.00839,0.012576,0,1,1,2043.3
round_robin,1,78,1,11.48,13.352,1.0,1.0,6,315,309,311,626,625,625,0.012582,0.008421,0.013438,0,1,1,2043.3
round_robin,1,79,1,11.222,12.613,1.0,1.0,3,231,228,228,626,626,625,0.012617,0.00847,0.012579,0,1,1,2043.3
round_robin,1,80,1,11.193,12.563,1.0,1.0,3,231,228,228,626,626,626,0.012553,0.008461,0.012564,0,1,1,2043.3
round_robin,1,81,1,11.217,12.642,1.0,1.0,3,231,228,228,627,626,626,0.012583,0.008419,0.012649,0,1,1,2043.3
round_robin,1,82,1,11.22,12.643,1.0,1.0,3,231,228,228,627,627,626,0.012592,0.008419,0.012649,0,1,1,2043.3
round_robin,1,83,1,11.168,12.583,1.0,1.0,3,231,228,228,627,627,627,0.012592,0.008412,0.0125,0,1,1,2043.3
round_robin,1,84,1,11.2,12.587,1.0,1.0,2,147,145,146,628,627,627,0.01253,0.008476,0.012593,0,1,1,2043.3
round_robin,1,85,1,11.199,12.645,1.0,1.0,2,147,145,146,628,628,627,0.012662,0.008447,0.012489,0,1,1,2043.3
round_robin,1,86,1,11.174,12.562,1.0,1.0,2,147,145,146,628,628,628,0.012563,0.008406,0.012554,0,1,1,2043.3
round_robin,1,87,1,11.186,12.576,1.0,1.0,2,61,59,60,629,628,628,0.012581,0.008444,0.012533,0,1,1,2043.3
round_robin,1,88,1,11.295,12.868,1.0,1.0,2,61,59,60,629,629,628,0.012898,0.008389,0.012599,0,1,1,2043.3
round_robin,1,89,1,11.295,12.868,1.0,1.0,2,61,59,60,629,629,629,0.012898,0.008389,0.012599,0,1,1,2043.3
round_robin,1,90,1,11.254,12.789,1.0,1.0,2,61,59,60,630,629,629,0.012518,0.008426,0.012819,1,1,1,2043.3
round_robin,1,91,1,17.26,28.326,1.0,1.0,3,62,59,60,630,630,629,0.029993,0.008462,0.013325,1,1,1,2043.3
round_robin,1,92,1,15.706,24.829,1.0,1.0,2,2,0,0,630,630,630,0.026204,0.008463,0.01245,1,1,1,2043.3
round_robin,1,93,11,15.561,24.689,1.0,1.0,3,3,0,0,634,634,633,0.026069,0.008342,0.012271,1,1,1,2043.3
round_robin,1,94,1,15.632,24.589,1.0,1.0,5,5,0,0,634,634,634,0.025926,0.008413,0.012558,1,1,1,2043.3
round_robin,1,95,11,15.654,24.648,1.0,1.0,7,7,0,0,638,638,637,0.025991,0.008413,0.012558,1,1,1,2043.3
round_robin,1,96,1,15.655,24.649,1.0,1.0,7,7,0,0,638,638,638,0.025991,0.008405,0.012568,1,1,1,2043.3
round_robin,1,97,11,15.799,25.051,1.0,1.0,8,8,0,0,642,642,641,0.026444,0.008442,0.01251,1,1,1,2043.3
round_robin,1,98,1,15.843,25.071,1.0,1.0,10,10,0,0,642,642,642,0.02646,0.008502,0.012567,1,1,1,2043.3
round_robin,1,99,11,15.811,24.364,1.0,1.0,11,11,0,0,646,646,645,0.025582,0.008449,0.013401,1,1,1,2043.3
round_robin,1,100,1,15.79,25.049,1.0,1.0,13,13,0,0,646,646,646,0.026443,0.008428,0.012499,1,1,1,2043.3
round_robin,1,101,7,15.697,24.727,1.0,1.0,14,14,0,0,649,648,648,0.026086,0.008506,0.012499,1,1,1,2043.3
round_robin,1,102,4,15.731,24.738,1.0,1.0,14,14,0,0,650,650,649,0.026086,0.008506,0.012601,1,1,1,2043.3
round_robin,1,103,1,15.785,25.01,1.0,1.0,16,16,0,0,650,650,650,0.026402,0.008472,0.01248,1,1,1,2043.3
round_robin,1,104,11,15.938,25.035,1.0,1.0,18,18,0,0,654,654,653,0.026369,0.008418,0.013028,1,1,1,2043.3
round_robin,1,105,1,15.863,25.204,1.0,1.0,19,19,0,0,654,654,654,0.026613,0.008457,0.012519,1,1,1,2043.3
round_robin,1,106,11,15.666,24.742,1.0,1.0,21,21,0,0,658,658,657,0.026105,0.008417,0.012475,1,1,1,2043.3
round_robin,1,107,1,15.61,24.595,1.0,1.0,22,22,0,0,658,658,658,0.025942,0.008412,0.012475,1,1,1,2043.3
round_robin,1,108,11,15.62,24.598,1.0,1.0,22,22,0,0,662,662,661,0.025942,0.008412,0.012506,1,1,1,2043.3
round_robin,1,109,1,15.634,24.594,1.0,1.0,24,24,0,0,662,662,662,0.025936,0.00845,0.012517,1,1,1,2043.3
round_robin,1,110,11,15.63,24.551,1.0,1.0,25,25,0,0,666,666,665,0.025874,0.008375,0.01264,1,1,1,2043.3
round_robin,1,111,1,15.812,24.992,1.0,1.0,27,27,0,0,666,666,666,0.026377,0.008534,0.012526,1,1,1,2043.3
round_robin,1,112,11,15.705,24.801,1.0,1.0,29,29,0,0,670,670,669,0.026163,0.008406,0.012547,1,1,1,2043.3
round_robin,1,113,1,15.621,24.512,1.0,1.0,30,30,0,0,670,670,670,0.025837,0.008436,0.012589,1,1,1,2043.3
round_robin,1,114,11,15.621,24.512,1.0,1.0,30,30,0,0,674,674,673,0.025837,0.008436,0.012589,1,1,1,2043.3
round_robin,1,115,1,15.656,24.744,1.0,1.0,32,32,0,0,674,674,674,0.026108,0.008395,0.012464,1,1,1,2043.3
round_robin,1,116,11,15.631,24.576,1.0,1.0,33,33,0,0,678,678,677,0.025911,0.008426,0.012556,1,1,1,2043.3
round_robin,1,117,1,15.762,24.779,1.0,1.0,35,35,0,0,678,678,678,0.026115,0.00841,0.01276,1,1,1,2043.3
round_robin,1,118,11,15.645,24.553,1.0,1.0,36,36,0,0,682,682,681,0.025881,0.008454,0.012599,1,1,1,2043.3
round_robin,1,119,1,15.707,24.713,1.0,1.0,38,38,0,0,682,682,682,0.026065,0.008508,0.012549,1,1,1,2043.3
round_robin,1,120,11,15.67,24.612,1.0,1.0,0,0,0,0,686,686,685,0.025952,0.008508,0.012549,1,0,1,2043.3
round_robin,1,121,1,15.909,24.694,1.0,1.0,0,0,0,0,686,686,686,0.025952,0.008406,0.01337,1,0,1,2043.3
round_robin,1,122,1,11.253,12.533,1.0,1.0,40,40,0,0,687,686,686,0.012473,0.008745,0.01254,1,0,1,2043.3
round_robin,1,123,1,11.155,12.568,1.0,1.0,40,40,0,0,687,687,686,0.012467,0.008419,0.012579,1,0,1,2043.3
round_robin,1,124,1,11.192,12.563,1.0,1.0,40,40,0,0,687,687,687,0.012563,0.008451,0.012561,1,0,1,2043.3
round_robin,1,125,1,11.432,12.868,1.0,1.0,40,40,0,0,688,687,687,0.012897,0.008793,0.012607,1,0,1,2043.3
round_robin,1,126,1,11.211,12.606,1.0,1.0,40,40,0,0,688,688,687,0.012598,0.008429,0.012607,1,0,1,2043.3
round_robin,1,127,1,11.202,12.596,1.0,1.0,40,40,0,0,688,688,688,0.012598,0.008429,0.012578,1,0,1,2043.3
round_robin,1,128,0,11.18,12.561,1.0,1.0,40,40,0,0,688,688,688,0.012563,0.008431,0.012545,1,0,1,2043.3
round_robin,1,129,1,11.386,12.879,1.0,1.0,40,40,0,0,689,688,688,0.012879,0.008403,0.012876,1,0,1,2043.3
round_robin,1,130,1,11.158,12.561,1.0,1.0,40,40,0,0,689,689,688,0.012567,0.008397,0.01251,1,0,1,2043.3
round_robin,1,131,1,11.183,12.57,1.0,1.0,40,40,0,0,689,689,689,0.012573,0.00843,0.012545,1,0,1,2043.3
round_robin,1,132,1,11.195,12.582,1.0,1.0,40,40,0,0,690,689,689,0.01255,0.008449,0.012585,1,0,1,2043.3
round_robin,1,133,1,11.204,12.584,1.0,1.0,40,40,0,0,690,690,689,0.012579,0.008449,0.012585,1,0,1,2043.3
round_robin,1,134,1,11.254,12.741,1.0,1.0,40,40,0,0,690,690,690,0.012579,0.008424,0.012759,1,0,1,2043.3
round_robin,1,135,1,11.12,12.538,1.0,1.0,40,40,0,0,691,690,690,0.012426,0.008382,0.012551,1,0,1,2043.3
round_robin,1,136,1,11.446,12.549,1.0,1.0,40,40,0,0,691,691,690,0.01255,0.00925,0.012538,1,0,1,2043.3
round_robin,1,137,1,11.44,13.256,1.0,1.0,40,40,0,0,691,691,691,0.012562,0.008425,0.013333,1,0,1,2043.3
round_robin,1,138,1,11.174,12.613,1.0,1.0,40,40,0,0,692,691,691,0.012473,0.008421,0.012629,1,0,1,2043.3
round_robin,1,139,1,11.187,12.587,1.0,1.0,40,40,0,0,692,692,691,0.012593,0.008439,0.01253,1,0,1,2043.3
round_robin,1,140,1,11.187,12.587,1.0,1.0,40,40,0,0,692,692,692,0.012593,0.008439,0.01253,1,0,1,2043.3
round_robin,1,141,1,11.519,13.432,1.0,1.0,40,40,0,0,693,692,692,0.012597,0.008434,0.013525,1,0,1,2043.3
round_robin,1,142,1,11.19,12.554,1.0,1.0,40,40,0,0,693,693,692,0.012554,0.008464,0.012553,1,0,1,2043.3
round_robin,1,143,1,11.462,13.274,1.0,1.0,40,40,0,0,693,693,693,0.012631,0.00841,0.013345,1,0,1,2043.3
round_robin,1,144,1,11.196,12.567,1.0,1.0,40,40,0,0,694,693,693,0.012544,0.008474,0.01257,1,0,1,2043.3
round_robin,1,145,1,11.185,12.559,1.0,1.0,40,40,0,0,694,694,693,0.012561,0.008447,0.012546,1,0,1,2043.3
round_robin,1,146,1,11.252,12.778,1.0,1.0,40,40,0,0,694,694,694,0.012804,0.008406,0.012546,1,0,1,2043.3
round_robin,1,147,1,11.258,12.78,1.0,1.0,40,40,0,0,695,694,694,0.012804,0.008406,0.012564,1,0,1,2043.3
round_robin,1,148,1,11.145,12.544,1.0,1.0,40,40,0,0,695,695,694,0.012549,0.00839,0.012497,1,0,1,2043.3
round_robin,1,149,1,11.217,12.622,1.0,1.0,40,40,0,0,695,695,695,0.012545,0.008476,0.01263,1,0,1,2043.3
round_robin,1,150,1,11.177,12.57,1.0,1.0,40,40,0,0,696,695,695,0.012548,0.008412,0.012572,1,1,1,2043.3
round_robin,1,151,11,14.664,18.047,1.0,1.0,40,40,2,0,699,699,699,0.012606,0.018635,0.01275,1,1,1,2043.3
round_robin,1,152,1,14.314,17.35,1.0,1.0,40,40,3,0,700,699,699,0.012546,0.017884,0.012512,1,1,1,2043.3
round_robin,1,153,11,14.314,17.35,1.0,1.0,40,40,3,0,703,703,703,0.012546,0.017884,0.012512,1,1,1,2043.3
round_robin,1,154,1,14.477,17.684,1.0,1.0,38,38,5,0,704,703,703,0.012564,0.018246,0.012622,1,1,1,2043.3
round_robin,1,155,11,14.344,17.356,1.0,1.0,38,38,6,0,707,707,707,0.012574,0.017887,0.012571,1,1,1,2043.3
round_robin,1,156,1,14.348,17.217,1.0,1.0,38,38,8,0,708,707,707,0.012585,0.017714,0.012744,1,1,1,2043.3
round_robin,1,157,11,14.253,17.176,1.0,1.0,33,33,9,0,711,711,711,0.012491,0.017687,0.012581,1,1,1,2043.3
round_robin,1,158,1,14.393,17.26,1.0,1.0,33,33,11,0,712,711,711,0.012547,0.017746,0.012886,1,1,1,2043.3
round_robin,1,159,11,14.388,17.26,1.0,1.0,33,33,11,0,715,715,715,0.012531,0.017746,0.012886,1,1,1,2043.3
round_robin,1,160,1,14.281,17.257,1.0,1.0,33,33,13,0,716,715,715,0.012531,0.017782,0.012531,1,1,1,2043.3
round_robin,1,161,7,14.285,17.318,1.0,1.0,27,27,14,0,718,718,717,0.012513,0.017852,0.012489,1,1,1,2043.3
round_robin,1,162,4,14.416,17.371,1.0,1.0,27,27,16,0,719,719,719,0.012833,0.017875,0.012539,1,1,1,2043.3
round_robin,1,163,1,14.297,17.266,1.0,1.0,27,27,17,0,720,719,719,0.012514,0.017785,0.012592,1,1,1,2043.3
round_robin,1,164,11,14.345,17.407,1.0,1.0,27,27,19,0,723,723,723,0.012527,0.017945,0.012563,1,1,1,2043.3
round_robin,1,165,1,14.396,17.507,1.0,1.0,22,22,20,0,724,723,723,0.012568,0.018056,0.012563,1,1,1,2043.3
round_robin,1,166,11,14.405,17.51,1.0,1.0,22,22,20,0,727,727,727,0.012568,0.018056,0.012592,1,1,1,2043.3
round_robin,1,167,1,14.333,17.311,1.0,1.0,22,22,22,0,728,727,727,0.012567,0.017835,0.012596,1,1,1,2043.3
round_robin,1,168,11,14.379,17.441,1.0,1.0,24,22,24,0,731,731,731,0.0126,0.017979,0.012559,1,1,1,2043.3
round_robin,1,169,1,14.434,17.349,1.0,1.0,25,16,25,0,732,731,731,0.012541,0.017841,0.01292,1,1,1,2043.3
round_robin,1,170,11,14.515,17.382,1.0,1.0,27,16,27,0,735,735,735,0.012779,0.017882,0.012884,1,1,1,2043.3
round_robin,1,171,1,14.355,17.43,1.0,1.0,28,16,28,0,736,735,735,0.012556,0.017971,0.012537,1,1,1,2043.3
round_robin,1,172,11,14.355,17.43,1.0,1.0,28,16,28,0,739,739,739,0.012556,0.017971,0.012537,1,1,1,2043.3
round_robin,1,173,1,14.539,17.366,1.0,1.0,30,16,30,0,740,739,739,0.012557,0.017825,0.013236,1,1,1,2043.3
round_robin,1,174,11,14.331,17.327,1.0,1.0,31,11,31,0,743,743,743,0.012527,0.01785,0.012617,1,1,1,2043.3
round_robin,1,175,1,14.218,17.227,1.0,1.0,33,11,33,0,744,743,743,0.012556,0.017746,0.012353,1,1,1,2043.3
round_robin,1,176,11,14.211,17.155,1.0,1.0,35,11,35,0,747,747,747,0.012396,0.017664,0.012572,1,1,1,2043.3
round_robin,1,177,1,14.462,17.684,1.0,1.0,36,5,36,0,748,747,747,0.012533,0.018248,0.012606,1,1,1,2043.3
round_robin,1,178,11,14.447,17.684,1.0,1.0,36,5,36,0,751,751,751,0.012487,0.018248,0.012606,1,1,1,2043.3
round_robin,1,179,1,14.297,17.087,1.0,1.0,38,5,38,0,752,751,751,0.012487,0.017558,0.012846,1,1,1,2043.3
round_robin,2,0,0,15.741,24.74,1.0,1.0,0,0,0,0,0,0,0,0.012808,0.008348,0.026066,1,1,1,1778.0
round_robin,2,1,1,15.653,24.456,0.3333,0.3333,43,0,43,3,1,0,0,0.012838,0.008374,0.025747,1,1,1,1778.0
round_robin,2,2,1,15.572,24.432,0.6667,0.6667,43,0,43,3,1,1,0,0.012594,0.008374,0.025747,1,1,1,1778.0
round_robin,2,3,11,15.513,24.244,0.9883,0.9883,43,0,43,5,5,4,4,0.012594,0.008406,0.025539,1,1,1,1778.0
round_robin,2,4,1,15.638,24.625,0.9899,0.9899,43,0,43,6,5,5,4,0.012492,0.008448,0.025973,1,1,1,1778.0
round_robin,2,5,11,15.86,24.381,0.9968,0.9968,43,0,43,8,9,8,8,0.012583,0.009306,0.025692,1,1,1,1778.0
round_robin,2,6,1,16.005,24.852,0.9971,0.9971,43,0,43,9,9,9,8,0.012581,0.009218,0.026215,1,1,1,1778.0
round_robin,2,7,11,15.659,24.735,0.9985,0.9985,43,0,43,11,13,12,12,0.012571,0.00832,0.026087,1,1,1,1778.0
round_robin,2,8,1,15.653,24.733,0.9986,0.9986,43,0,43,11,13,13,12,0.012551,0.00832,0.026087,1,1,1,1778.0
round_robin,2,9,11,15.732,24.838,0.9992,0.9992,43,0,43,12,17,16,16,0.012551,0.008443,0.026203,1,1,1,1778.0
round_robin,2,10,1,15.603,24.588,0.9992,0.9992,43,0,43,14,17,17,16,0.01251,0.008368,0.02593,1,1,1,1778.0
round_robin,2,11,11,15.723,24.77,0.9995,0.9995,43,0,43,16,21,20,20,0.012604,0.008444,0.026122,1,1,1,1778.0
round_robin,2,12,1,15.779,25.006,0.9995,0.9995,43,0,43,17,21,21,20,0.012534,0.008411,0.026392,1,1,1,1778.0
round_robin,2,13,11,15.839,25.057,0.9996,0.9996,43,0,43,19,25,24,24,0.012561,0.008511,0.026445,1,1,1,1778.0
round_robin,2,14,1,15.818,25.06,0.9996,0.9996,43,0,43,19,25,25,24,0.012591,0.008417,0.026445,1,1,1,1778.0
round_robin,2,15,11,15.708,24.764,0.9997,0.9997,43,0,43,20,29,28,28,0.012591,0.008417,0.026117,1,1,1,1778.0
round_robin,2,16,1,15.723,24.553,0.9997,0.9997,43,0,43,22,29,29,28,0.012759,0.008548,0.025863,1,1,1,1778.0
round_robin,2,17,11,15.685,24.717,0.9998,0.9998,43,0,43,23,33,32,32,0.012544,0.008441,0.02607,1,1,1,1778.0
round_robin,2,18,1,15.66,24.639,0.9998,0.9998,43,0,43,25,33,33,32,0.012613,0.008393,0.025975,1,1,1,1778.0
round_robin,2,19,11,15.472,24.105,0.9998,0.9998,43,0,43,27,37,36,36,0.012559,0.008469,0.025388,1,1,1,1778.0
round_robin,2,20,1,16.001,25.438,0.9998,0.9998,43,0,43,28,37,37,36,0.012707,0.008445,0.026852,1,1,1,1778.0
round_robin,2,21,11,16.001,25.438,0.9999,0.9999,43,0,43,28,41,40,40,0.012707,0.008445,0.026852,1,1,1,1778.0
round_robin,2,22,1,15.64,24.616,0.9999,0.9999,43,0,43,30,41,41,40,0.012574,0.008391,0.025954,1,1,1,1778.0
round_robin,2,23,11,15.794,24.988,0.9999,0.9999,43,0,43,31,45,44,44,0.012617,0.008403,0.026362,1,1,1,1778.0
round_robin,2,24,1,15.79,24.865,0.9999,0.9999,43,0,43,33,45,45,44,0.012745,0.008414,0.026212,1,1,1,1778.0
round_robin,2,25,0,15.685,24.672,0.9999,0.9999,43,0,43,34,45,45,44,0.012568,0.00847,0.026017,1,1,1,1778.0
round_robin,2,26,11,15.649,24.718,0.9999,0.9999,43,0,43,36,49,48,48,0.012493,0.008379,0.026076,1,1,1,1778.0
round_robin,2,27,1,15.649,24.718,0.9999,0.9999,43,0,43,36,49,49,48,0.012493,0.008379,0.026076,1,1,1,1778.0
round_robin,2,28,11,15.397,23.959,0.9999,0.9999,43,0,43,38,53,52,52,0.012543,0.00842,0.025227,1,1,1,1778.0
round_robin,2,29,1,15.71,24.803,0.9999,0.9999,39,0,38,39,53,53,52,0.012561,0.008407,0.026163,1,1,1,1778.0
round_robin,2,30,11,15.608,24.483,0.9999,1.0,41,0,38,41,57,56,56,0.012558,0.008458,0.025808,0,1,1,1778.0
round_robin,2,31,1,11.188,12.581,0.9999,0.9999,41,0,38,41,57,57,56,0.012519,0.008457,0.012588,0,1,1,1778.0
round_robin,2,32,1,11.16,12.546,1.0,1.0,41,0,38,41,57,57,57,0.012551,0.008433,0.012497,0,1,1,1778.0
round_robin,2,33,1,11.139,12.599,0.9999,1.0,41,0,33,41,58,57,57,0.01261,0.008311,0.012497,0,1,1,1778.0
round_robin,2,34,1,11.139,12.598,0.9999,0.9999,41,0,33,41,58,58,57,0.01261,0.008311,0.012495,0,1,1,1778.0
round_robin,2,35,1,11.185,12.597,1.0,1.0,41,0,33,41,58,58,58,0.012499,0.008448,0.012608,0,1,1,1778.0
round_robin,2,36,1,11.497,12.645,0.9999,1.0,41,0,33,41,59,58,58,0.012505,0.009324,0.012661,0,1,1,1778.0
round_robin,2,37,1,11.181,12.562,0.9999,0.9999,41,0,27,41,59,59,58,0.012537,0.008442,0.012565,0,1,1,1778.0
round_robin,2,38,1,11.177,12.553,1.0,1.0,41,0,27,41,59,59,59,0.012504,0.008468,0.012559,0,1,1,1778.0
round_robin,2,39,1,11.177,12.585,0.9999,1.0,41,0,27,41,60,59,59,0.012595,0.008444,0.012492,0,1,1,1778.0
round_robin,2,40,1,11.15,12.512,0.9999,0.9999,41,0,27,41,60,60,59,0.012514,0.008444,0.012492,0,1,1,1778.0
round_robin,2,41,1,11.161,12.542,1.0,1.0,41,0,27,41,60,60,60,0.012514,0.008423,0.012545,0,1,1,1778.0
round_robin,2,42,1,11.15,12.526,0.9999,1.0,41,0,22,41,61,60,60,0.012513,0.008411,0.012527,0,1,1,1778.0
round_robin,2,43,1,11.314,12.887,0.9999,0.9999,41,0,22,41,61,61,60,0.012616,0.008408,0.012917,0,1,1,1778.0
round_robin,2,44,1,11.391,12.507,1.0,1.0,41,0,22,41,61,61,61,0.012477,0.009186,0.01251,0,1,1,1778.0
round_robin,2,45,1,11.151,12.609,0.9999,1.0,41,0,16,41,62,61,61,0.012625,0.008364,0.012463,0,1,1,1778.0
round_robin,2,46,1,11.189,12.589,0.9999,0.9999,41,0,16,41,62,62,61,0.012542,0.008432,0.012594,0,1,1,1778.0
round_robin,2,47,1,11.189,12.589,1.0,1.0,41,0,16,41,62,62,62,0.012542,0.008432,0.012594,0,1,1,1778.0
round_robin,2,48,1,11.16,12.56,0.9999,1.0,41,0,16,41,63,62,62,0.012482,0.008428,0.012569,0,1,1,1778.0
round_robin,2,49,1,11.126,12.512,0.9999,0.9999,41,0,16,41,63,63,62,0.012501,0.008363,0.012513,0,1,1,1778.0
round_robin,2,50,1,11.15,12.527,1.0,1.0,41,0,11,41,63,63,63,0.012522,0.0084,0.012528,0,1,1,1778.0
round_robin,2,51,1,11.193,12.593,0.9999,1.0,41,0,11,41,64,63,63,0.012598,0.008434,0.012548,0,1,1,1778.0
round_robin,2,52,1,11.172,12.572,0.9999,0.9999,41,0,11,41,64,64,63,0.012513,0.008424,0.012578,0,1,1,1778.0
round_robin,2,53,1,11.199,12.59,1.0,1.0,41,0,6,41,64,64,64,0.012594,0.008448,0.012556,0,1,1,1778.0
round_robin,2,54,1,11.199,12.59,0.9999,1.0,41,0,6,41,65,64,64,0.012594,0.008448,0.012556,0,1,1,1778.0
round_robin,2,55,1,11.283,12.597,0.9999,0.9999,41,0,6,41,65,65,64,0.012577,0.008672,0.012599,0,1,1,1778.0
round_robin,2,56,1,11.294,12.881,1.0,1.0,41,0,6,41,65,65,65,0.012916,0.008398,0.012568,0,1,1,1778.0
round_robin,2,57,1,11.191,12.587,0.9999,1.0,41,0,6,41,66,65,65,0.01259,0.008423,0.01256,0,1,1,1778.0
round_robin,2,58,1,11.161,12.552,0.9999,0.9999,41,0,1,41,66,66,65,0.012544,0.008386,0.012553,0,1,1,1778.0
round_robin,2,59,1,11.315,12.919,1.0,1.0,41,0,1,41,66,66,66,0.012583,0.008406,0.012956,0,1,1,1778.0
round_robin,2,60,1,11.297,12.921,0.9999,1.0,41,0,1,41,67,66,66,0.012601,0.008333,0.012956,0,1,1,1778.0
round_robin,2,61,1,11.168,12.598,1.0,0.9999,41,0,1,41,67,67,66,0.012601,0.008333,0.012571,0,1,1,1778.0
round_robin,2,62,0,11.191,12.597,1.0,0.9999,39,0,0,39,67,67,66,0.012552,0.00842,0.012602,0,1,1,1778.0
round_robin,2,63,1,11.32,12.853,1.0,1.0,39,0,0,39,67,67,67,0.01288,0.008472,0.012609,0,1,1,1778.0
round_robin,2,64,1,11.197,12.576,1.0,1.0,39,0,0,39,68,67,67,0.012556,0.008456,0.012578,0,1,1,1778.0
round_robin,2,65,1,11.304,12.639,1.0,0.9999,33,0,0,33,68,68,67,0.012648,0.008703,0.012561,0,1,1,1778.0
round_robin,2,66,1,11.192,12.592,1.0,1.0,33,0,0,33,68,68,68,0.012575,0.008408,0.012594,0,1,1,1778.0
round_robin,2,67,1,11.176,12.587,1.0,1.0,33,0,0,33,69,68,68,0.012526,0.008408,0.012594,0,1,1,1778.0
round_robin,2,68,1,11.186,12.573,1.0,0.9999,33,0,0,33,69,69,68,0.012526,0.008454,0.012578,0,1,1,1778.0
round_robin,2,69,1,11.2,12.664,1.0,1.0,33,0,0,33,69,69,69,0.012495,0.008421,0.012683,0,1,1,1778.0
round_robin,2,70,1,11.285,12.598,1.0,1.0,28,0,0,28,70,69,69,0.0126,0.008674,0.012581,0,1,1,1778.0
round_robin,2,71,1,11.189,12.578,1.0,0.9999,28,0,0,28,70,70,69,0.01258,0.008424,0.012564,0,1,1,1778.0
round_robin,2,72,1,11.202,12.593,1.0,1.0,28,0,0,28,70,70,70,0.012594,0.008429,0.012583,0,1,1,1778.0
round_robin,2,73,1,11.153,12.546,1.0,1.0,22,0,0,22,71,70,70,0.012485,0.008421,0.012553,0,1,1,1778.0
round_robin,2,74,1,11.153,12.546,1.0,0.9999,22,0,0,22,71,71,70,0.012485,0.008421,0.012553,0,1,1,1778.0
round_robin,2,75,1,11.156,12.54,1.0,1.0,22,0,0,22,71,71,71,0.012542,0.008401,0.012526,0,1,1,1778.0
round_robin,2,76,1,11.173,12.609,1.0,1.0,22,0,0,22,72,71,71,0.012565,0.008341,0.012614,0,1,1,1778.0
round_robin,2,77,1,11.181,12.604,1.0,1.0,22,0,0,22,72,72,71,0.01249,0.008435,0.012617,0,1,1,1778.0
round_robin,2,78,1,11.199,12.601,1.0,1.0,17,0,0,17,72,72,72,0.012602,0.008409,0.012587,0,1,1,1778.0
round_robin,2,79,1,11.211,12.636,1.0,1.0,17,0,0,17,73,72,72,0.012641,0.008404,0.012587,0,1,1,1778.0
round_robin,2,80,1,11.183,12.585,1.0,1.0,17,0,0,17,73,73,72,0.012564,0.008398,0.012587,0,1,1,1778.0
round_robin,2,81,1,11.171,12.563,1.0,1.0,17,0,0,17,73,73,73,0.012564,0.008398,0.012552,0,1,1,1778.0
round_robin,2,82,1,11.456,13.388,1.0,1.0,12,0,0,12,74,73,73,0.012548,0.008338,0.013481,0,1,1,1778.0
round_robin,2,83,1,11.179,12.565,1.0,1.0,12,0,0,12,74,74,73,0.012535,0.008433,0.012568,0,1,1,1778.0
round_robin,2,84,1,11.263,12.781,1.0,1.0,12,0,0,12,74,74,74,0.012806,0.008426,0.012557,0,1,1,1778.0
round_robin,2,85,1,11.447,13.308,1.0,1.0,12,0,0,12,75,74,74,0.012527,0.008418,0.013395,0,1,1,1778.0
round_robin,2,86,1,11.474,12.575,1.0,1.0,6,0,0,6,75,75,74,0.012561,0.009283,0.012577,0,1,1,1778.0
round_robin,2,87,1,11.193,12.577,1.0,1.0,6,0,0,6,75,75,75,0.012574,0.008427,0.012577,0,1,1,1778.0
round_robin,2,88,1,11.179,12.57,1.0,1.0,6,0,0,6,76,75,75,0.012574,0.008427,0.012535,0,1,1,1778.0
round_robin,2,89,1,11.27,12.768,1.0,1.0,6,0,0,6,76,76,75,0.012788,0.00843,0.012591,0,1,1,1778.0
round_robin,2,90,1,11.276,12.865,1.0,1.0,1,0,0,1,76,76,76,0.012538,0.00839,0.012901,1,1,1,1778.0
round_robin,2,91,11,16.873,27.928,1.0,1.0,1,1,0,1,80,80,79,0.029637,0.008429,0.012552,1,1,1,1778.0
round_robin,2,92,1,15.548,24.376,1.0,1.0,3,3,0,1,80,80,80,0.02569,0.008402,0.012551,1,1,1,1778.0
round_robin,2,93,11,15.439,24.07,1.0,1.0,6,6,0,1,84,84,83,0.02535,0.008412,0.012554,1,1,1,1778.0
round_robin,2,94,1,15.439,24.07,1.0,1.0,6,6,0,1,84,84,84,0.02535,0.008412,0.012554,1,1,1,1778.0
round_robin,2,95,11,15.713,24.756,1.0,1.0,6,6,0,0,88,88,87,0.026111,0.008471,0.012558,1,1,1,1778.0
round_robin,2,96,1,16.013,24.771,1.0,1.0,8,8,0,0,88,88,88,0.026109,0.009197,0.012733,1,1,1,1778.0
round_robin,2,97,1,15.639,24.583,1.0,1.0,9,9,0,0,89,88,88,0.025917,0.008417,0.012582,1,1,1,1778.0
round_robin,2,98,10,15.74,24.764,1.0,1.0,11,11,0,0,92,92,91,0.026114,0.008494,0.012612,1,1,1,1778.0
round_robin,2,99,1,15.714,24.827,1.0,1.0,12,12,0,0,92,92,92,0.026188,0.008379,0.012574,1,1,1,1778.0
round_robin,2,100,11,15.694,24.773,1.0,1.0,14,14,0,0,96,96,95,0.026129,0.008379,0.012574,1,1,1,1778.0
round_robin,2,101,1,15.883,24.808,1.0,1.0,14,14,0,0,96,96,96,0.026129,0.008602,0.012919,1,1,1,1778.0
round_robin,2,102,11,15.58,24.481,1.0,1.0,16,16,0,0,100,100,99,0.0258,0.008335,0.012606,1,1,1,1778.0
round_robin,2,103,1,15.77,24.934,1.0,1.0,17,17,0,0,100,100,100,0.026308,0.008436,0.012567,1,1,1,1778.0
round_robin,2,104,11,16.278,25.71,1.0,1.0,19,19,0,0,104,104,103,0.027086,0.008416,0.013331,1,1,1,1778.0
round_robin,2,105,1,16.021,25.393,1.0,1.0,20,20,0,0,104,104,104,0.026812,0.008629,0.012621,1,1,1,1778.0
round_robin,2,106,11,15.698,24.719,1.0,1.0,22,22,0,0,108,108,107,0.026063,0.008409,0.012621,1,1,1,1778.0
round_robin,2,107,1,15.761,24.738,1.0,1.0,22,22,0,0,108,108,108,0.026063,0.008409,0.012811,1,1,1,1778.0
round_robin,2,108,11,15.831,24.812,1.0,1.0,23,23,0,0,112,112,111,0.026132,0.008425,0.012936,1,1,1,1778.0
round_robin,2,109,1,15.761,24.738,1.0,1.0,25,25,0,0,112,112,112,0.026069,0.008458,0.012755,1,1,1,1778.0
round_robin,2,110,11,15.887,24.748,1.0,1.0,27,27,0,0,116,116,115,0.026021,0.008352,0.013288,1,1,1,1778.0
round_robin,2,111,1,15.657,24.713,1.0,1.0,28,28,0,0,116,116,116,0.02606,0.008319,0.012591,1,1,1,1778.0
round_robin,2,112,11,15.631,24.549,1.0,1.0,30,30,0,0,120,120,119,0.025873,0.008387,0.012632,1,1,1,1778.0
round_robin,2,113,1,15.631,24.549,1.0,1.0,30,30,0,0,120,120,120,0.025873,0.008387,0.012632,1,1,1,1778.0
round_robin,2,114,11,15.638,24.577,1.0,1.0,31,31,0,0,124,124,123,0.02591,0.008421,0.012583,1,1,1,1778.0
round_robin,2,115,1,16.211,25.043,1.0,1.0,33,33,0,0,124,124,124,0.026303,0.008627,0.013704,1,1,1,1778.0
round_robin,2,116,11,15.704,24.725,1.0,1.0,34,34,0,0,128,128,127,0.026072,0.008438,0.012601,1,1,1,1778.0
round_robin,2,117,1,15.735,24.724,1.0,1.0,36,36,0,0,128,128,128,0.026073,0.008549,0.012584,1,1,1,1778.0
round_robin,2,118,11,15.552,24.599,1.0,1.0,37,37,0,0,132,132,131,0.025967,0.008403,0.012286,1,1,1,1778.0
round_robin,2,119,1,15.552,24.599,1.0,1.0,37,37,0,0,132,132,132,0.025967,0.008403,0.012286,1,1,1,1778.0
round_robin,2,120,11,15.769,25.065,1.0,1.0,39,39,0,0,136,136,135,0.026456,0.008307,0.012545,1,0,1,1778.0
round_robin,2,121,0,11.145,12.568,1.0,1.0,40,40,0,0,136,136,135,0.012507,0.008354,0.012575,1,0,1,1778.0
round_robin,2,122,1,11.172,12.569,1.0,1.0,40,40,0,0,136,136,136,0.012573,0.00841,0.012534,1,0,1,1778.0
round_robin,2,123,1,11.15,12.536,1.0,1.0,40,40,0,0,137,136,136,0.012537,0.008383,0.01253,1,0,1,1778.0
round_robin,2,124,1,11.293,12.857,1.0,1.0,40,40,0,0,137,137,136,0.012598,0.008396,0.012886,1,0,1,1778.0
round_robin,2,125,1,11.783,13.548,1.0,1.0,40,40,0,0,137,137,137,0.013363,0.008416,0.013569,1,0,1,1778.0
round_robin,2,126,1,11.783,13.548,1.0,1.0,40,40,0,0,138,137,137,0.013363,0.008416,0.013569,1,0,1,1778.0
round_robin,2,127,1,11.163,12.553,1.0,1.0,40,40,0,0,138,138,137,0.012537,0.008396,0.012555,1,0,1,1778.0
round_robin,2,128,1,11.186,12.62,1.0,1.0,40,40,0,0,138,138,138,0.012581,0.008354,0.012624,1,0,1,1778.0
round_robin,2,129,1,11.202,12.618,1.0,1.0,40,40,0,0,139,138,138,0.012619,0.008377,0.01261,1,0,1,1778.0
round_robin,2,130,1,11.167,12.564,1.0,1.0,40,40,0,0,139,139,138,0.012506,0.008424,0.01257,1,0,1,1778.0
round_robin,2,131,1,11.191,12.606,1.0,1.0,40,40,0,0,139,139,139,0.012554,0.008408,0.012612,1,0,1,1778.0
round_robin,2,132,1,11.262,12.607,1.0,1.0,40,40,0,0,140,139,139,0.012566,0.008609,0.012612,1,0,1,1778.0
round_robin,2,133,1,11.253,12.582,1.0,1.0,40,40,0,0,140,140,139,0.012566,0.008609,0.012584,1,0,1,1778.0
round_robin,2,134,1,11.168,12.563,1.0,1.0,40,40,0,0,140,140,140,0.012569,0.00843,0.012505,1,0,1,1778.0
round_robin,2,135,1,11.141,12.527,1.0,1.0,40,40,0,0,141,140,140,0.012529,0.008389,0.012506,1,0,1,1778.0
round_robin,2,136,1,11.192,12.636,1.0,1.0,40,40,0,0,141,141,140,0.012642,0.008351,0.012584,1,0,1,1778.0
round_robin,2,137,1,11.25,12.817,1.0,1.0,40,40,0,0,141,141,141,0.012517,0.008384,0.01285,1,0,1,1778.0
round_robin,2,138,1,11.157,12.552,1.0,1.0,40,40,0,0,142,141,141,0.012558,0.00841,0.012502,1,0,1,1778.0
round_robin,2,139,1,11.16,12.561,1.0,1.0,40,40,0,0,142,142,141,0.012568,0.00841,0.012502,1,0,1,1778.0
round_robin,2,140,1,11.189,12.568,1.0,1.0,40,40,0,0,142,142,142,0.012568,0.008434,0.012566,1,0,1,1778.0
round_robin,2,141,1,11.181,12.585,1.0,1.0,40,40,0,0,143,142,142,0.012536,0.008418,0.01259,1,0,1,1778.0
round_robin,2,142,1,11.21,12.621,1.0,1.0,40,40,0,0,143,143,142,0.012581,0.008424,0.012625,1,0,1,1778.0
round_robin,2,143,1,11.164,12.539,1.0,1.0,40,40,0,0,143,143,143,0.012506,0.008443,0.012543,1,0,1,1778.0
round_robin,2,144,1,11.158,12.538,1.0,1.0,40,40,0,0,144,143,143,0.012538,0.008403,0.012534,1,0,1,1778.0
round_robin,2,145,1,11.419,13.263,1.0,1.0,40,40,0,0,144,144,143,0.012567,0.008351,0.01334,1,0,1,1778.0
round_robin,2,146,1,11.419,13.263,1.0,1.0,40,40,0,0,144,144,144,0.012567,0.008351,0.01334,1,0,1,1778.0
round_robin,2,147,1,11.146,12.529,1.0,1.0,40,40,0,0,145,144,144,0.012503,0.008402,0.012532,1,0,1,1778.0
round_robin,2,148,1,11.343,13.078,1.0,1.0,40,40,0,0,145,145,144,0.012462,0.008422,0.013146,1,0,1,1778.0
round_robin,2,149,1,11.196,12.58,1.0,1.0,40,40,0,0,145,145,145,0.012552,0.008453,0.012583,1,0,1,1778.0
round_robin,2,150,1,11.252,12.836,1.0,1.0,40,40,0,0,146,145,145,0.012882,0.00845,0.012425,1,1,1,1778.0
round_robin,2,151,11,14.238,17.256,1.0,1.0,39,39,2,0,149,149,149,0.012413,0.017783,0.012517,1,1,1,1778.0
round_robin,2,152,1,14.298,17.258,1.0,1.0,39,39,3,0,150,149,149,0.0126,0.017776,0.012517,1,1,1,1778.0
round_robin,2,153,11,14.305,17.258,1.0,1.0,39,39,3,0,153,153,153,0.0126,0.017776,0.012538,1,1,1,1778.0
round_robin,2,154,1,14.327,17.281,1.0,1.0,39,39,5,0,154,153,153,0.012607,0.0178,0.012573,1,1,1,1778.0
round_robin,2,155,11,14.26,17.259,1.0,1.0,39,39,6,0,157,157,157,0.012464,0.017784,0.012533,1,1,1,1778.0
round_robin,2,156,1,14.267,17.252,1.0,1.0,34,34,8,0,158,157,157,0.012463,0.017773,0.012566,1,1,1,1778.0
round_robin,2,157,7,14.329,17.33,1.0,1.0,34,34,9,0,160,160,159,0.012562,0.01786,0.012564,1,1,1,1778.0
round_robin,2,158,4,14.302,17.236,1.0,1.0,34,34,11,0,161,161,161,0.012542,0.017749,0.012616,1,1,1,1778.0
round_robin,2,159,1,14.302,17.236,1.0,1.0,34,34,11,0,162,161,161,0.012542,0.017749,0.012616,1,1,1,1778.0
round_robin,2,160,11,14.178,16.998,1.0,1.0,28,28,13,0,165,165,165,0.01247,0.017489,0.012575,1,1,1,1778.0
round_robin,2,161,1,14.564,17.321,1.0,1.0,28,28,14,0,166,165,165,0.013343,0.017763,0.012586,1,1,1,1778.0
round_robin,2,162,11,14.264,17.244,1.0,1.0,28,28,16,0,169,169,169,0.01252,0.017769,0.012504,1,1,1,1778.0
round_robin,2,163,1,14.401,17.54,1.0,1.0,28,28,17,0,170,169,169,0.012558,0.018094,0.012551,1,1,1,1778.0
round_robin,2,164,11,14.325,17.283,1.0,1.0,23,23,19,0,173,173,173,0.012626,0.0178,0.012548,1,1,1,1778.0
round_robin,2,165,1,14.534,17.346,1.0,1.0,23,23,19,0,174,173,173,0.013255,0.0178,0.012548,1,1,1,1778.0
round_robin,2,166,11,14.543,17.334,1.0,1.0,23,23,20,0,177,177,177,0.013255,0.017787,0.012588,1,1,1,1778.0
round_robin,2,167,1,14.349,17.411,1.0,1.0,23,23,22,0,178,177,177,0.012547,0.017951,0.012549,1,1,1,1778.0
round_robin,2,168,11,14.259,17.236,1.0,1.0,23,18,23,0,181,181,181,0.012551,0.017757,0.01247,1,1,1,1778.0
round_robin,2,169,1,14.469,17.552,1.0,1.0,25,18,25,0,182,181,181,0.01275,0.018086,0.012571,1,1,1,1778.0
round_robin,2,170,11,14.31,17.309,1.0,1.0,27,18,27,0,185,185,185,0.012562,0.017837,0.01253,1,1,1,1778.0
round_robin,2,171,1,14.243,17.112,1.0,1.0,28,18,28,0,186,185,185,0.012582,0.017615,0.012532,1,1,1,1778.0
round_robin,2,172,11,14.243,17.112,1.0,1.0,28,18,28,0,189,189,189,0.012582,0.017615,0.012532,1,1,1,1778.0
round_robin,2,173,1,14.555,17.974,1.0,1.0,30,12,30,0,190,189,189,0.012564,0.018575,0.012526,1,1,1,1778.0
round_robin,2,174,11,14.559,17.454,1.0,1.0,31,12,31,0,193,193,193,0.012777,0.017955,0.012944,1,1,1,1778.0
round_robin,2,175,1,14.749,17.537,1.0,1.0,33,12,33,0,194,193,193,0.01342,0.017994,0.012832,1,1,1,1778.0
round_robin,2,176,11,14.322,17.329,1.0,1.0,34,7,34,0,197,197,197,0.012581,0.017857,0.012529,1,1,1,1778.0
round_robin,2,177,1,14.182,17.076,1.0,1.0,36,7,36,0,198,197,197,0.01255,0.017579,0.012418,1,1,1,1778.0
round_robin,2,178,11,14.203,17.082,1.0,1.0,36,7,36,0,201,201,201,0.012613,0.017579,0.012418,1,1,1,1778.0
round_robin,2,179,1,14.31,17.268,1.0,1.0,38,7,38,0,202,201,201,0.012613,0.017785,0.012533,1,1,1,1778.0
round_robin,3,0,0,16.115,24.94,1.0,1.0,0,0,0,0,0,0,0,0.013397,0.008725,0.026223,1,1,1,2439.5
round_robin,3,1,1,15.778,24.866,0.3333,0.3333,43,0,43,0,1,0,0,0.012653,0.008457,0.026223,1,1,1,2439.5
round_robin,3,2,1,15.694,24.639,0.6667,0.6667,43,0,43,3,1,1,0,0.012653,0.008457,0.025971,1,1,1,2439.5
round_robin,3,3,11,15.651,24.637,0.9883,0.9883,43,0,43,5,5,4,4,0.012549,0.008423,0.02598,1,1,1,2439.5
round_robin,3,4,1,15.692,24.733,0.9899,0.9899,43,0,43,6,5,5,4,0.012574,0.008419,0.026084,1,1,1,2439.5
round_robin,3,5,11,15.617,24.532,0.9968,0.9968,43,0,43,8,9,8,8,0.012531,0.008456,0.025865,1,1,1,2439.5
round_robin,3,6,1,15.649,24.624,0.9971,0.9971,43,0,43,9,9,9,8,0.012589,0.008397,0.025961,1,1,1,2439.5
round_robin,3,7,11,15.655,24.632,0.9985,0.9985,43,0,43,11,13,12,12,0.012535,0.008454,0.025976,1,1,1,2439.5
round_robin,3,8,1,15.655,24.632,0.9986,0.9986,43,0,43,11,13,13,12,0.012535,0.008454,0.025976,1,1,1,2439.5
round_robin,3,9,11,15.781,24.736,0.9992,0.9992,43,0,43,12,17,16,16,0.012555,0.008698,0.026089,1,1,1,2439.5
round_robin,3,10,1,16.246,24.886,0.9992,0.9992,43,0,43,14,17,17,16,0.013869,0.00876,0.02611,1,1,1,2439.5
round_robin,3,11,11,15.823,25.136,0.9995,0.9995,43,0,43,16,21,20,20,0.01255,0.008383,0.026535,1,1,1,2439.5
round_robin,3,12,1,15.708,24.746,0.9995,0.9995,43,0,43,17,21,21,20,0.012594,0.008433,0.026096,1,1,1,2439.5
round_robin,3,13,11,15.664,24.638,0.9996,0.9996,43,0,43,19,25,24,24,0.012592,0.008424,0.025976,1,1,1,2439.5
round_robin,3,14,1,15.649,24.633,0.9996,0.9996,43,0,43,19,25,25,24,0.012546,0.008424,0.025976,1,1,1,2439.5
round_robin,3,15,11,15.663,24.67,0.9997,0.9997,43,0,43,20,29,28,28,0.012546,0.008425,0.026017,1,1,1,2439.5
round_robin,3,16,1,15.687,24.736,0.9997,0.9997,43,0,43,22,29,29,28,0.01254,0.00843,0.026091,1,1,1,2439.5
round_robin,3,17,11,15.677,24.662,0.9998,0.9998,43,0,43,23,33,32,32,0.0126,0.008429,0.026002,1,1,1,2439.5
round_robin,3,18,1,15.774,24.973,0.9998,0.9998,43,0,43,25,33,33,32,0.012506,0.008457,0.026358,1,1,1,2439.5
round_robin,3,19,11,16.18,25.425,0.9998,0.9998,43,0,43,27,37,36,36,0.013383,0.008395,0.026763,1,1,1,2439.5
round_robin,3,20,1,16.025,25.374,0.9998,0.9998,43,0,43,27,37,37,36,0.012871,0.008442,0.026763,1,1,1,2439.5
round_robin,3,21,11,15.78,24.712,0.9999,0.9999,43,0,43,28,41,40,40,0.012871,0.008442,0.026028,1,1,1,2439.5
round_robin,3,22,1,15.796,24.791,0.9999,0.9999,43,0,43,30,41,41,40,0.012838,0.008431,0.026119,1,1,1,2439.5
round_robin,3,23,1,15.771,24.838,1.0,1.0,43,0,43,31,41,41,41,0.012702,0.008425,0.026187,1,1,1,2439.5
round_robin,3,24,10,15.627,24.484,0.9999,0.9999,43,0,43,33,45,44,44,0.01261,0.008467,0.025803,1,1,1,2439.5
round_robin,3,25,1,15.765,24.913,0.9999,0.9999,43,0,43,34,45,45,44,0.012574,0.008438,0.026284,1,1,1,2439.5
round_robin,3,26,11,15.763,24.914,0.9999,0.9999,43,0,43,34,49,48,48,0.012585,0.008421,0.026284,1,1,1,2439.5
round_robin,3,27,1,15.717,24.79,0.9999,0.9999,43,0,43,36,49,49,48,0.012585,0.008421,0.026146,1,1,1,2439.5
round_robin,3,28,11,15.509,24.207,0.9999,0.9999,40,0,40,39,53,52,52,0.012539,0.008485,0.025504,1,1,1,2439.5
round_robin,3,29,1,15.983,25.184,0.9999,0.9999,40,0,40,39,53,53,52,0.012967,0.008441,0.026542,1,1,1,2439.5
round_robin,3,30,11,16.303,25.451,0.9999,1.0,41,0,40,41,57,56,56,0.013434,0.00869,0.026786,0,1,1,2439.5
round_robin,3,31,1,11.276,12.573,0.9999,0.9999,41,0,35,41,57,57,56,0.012574,0.008686,0.012568,0,1,1,2439.5
round_robin,3,32,1,11.216,12.606,1.0,1.0,41,0,35,41,57,57,57,0.01261,0.008469,0.01257,0,1,1,2439.5
round_robin,3,33,1,11.202,12.57,0.9999,1.0,41,0,35,41,58,57,57,0.012566,0.008469,0.01257,0,1,1,2439.5
round_robin,3,34,1,11.196,12.611,0.9999,0.9999,41,0,35,41,58,58,57,0.012566,0.008405,0.012616,0,1,1,2439.5
round_robin,3,35,1,11.248,12.761,1.0,1.0,41,0,35,41,58,58,58,0.012789,0.008446,0.01251,0,1,1,2439.5
round_robin,3,36,1,11.182,12.578,0.9999,1.0,41,0,30,41,59,58,58,0.012488,0.00847,0.012588,0,1,1,2439.5
weighted_round_robin,1,0,0,16.334,25.974,1.0,1.0,0,0,0,0,0,0,0,0.0128,0.008765,0.027438,1,1,1,2241.6
weighted_round_robin,1,1,1,15.651,24.636,0.3333,0.3333,44,0,18,44,1,0,0,0.012564,0.008412,0.025977,1,1,1,2241.6
weighted_round_robin,1,2,1,15.635,24.631,0.6667,0.6667,44,0,18,44,1,1,0,0.012516,0.008412,0.025977,1,1,1,2241.6
weighted_round_robin,1,3,11,15.721,24.897,0.9883,0.9883,46,0,18,46,5,4,4,0.012516,0.008375,0.026273,1,1,1,2241.6
weighted_round_robin,1,4,1,15.668,24.702,0.9899,0.9899,47,0,13,47,5,5,4,0.012524,0.008426,0.026055,1,1,1,2241.6
weighted_round_robin,1,5,11,15.557,24.384,0.9968,0.9968,49,0,13,49,9,8,8,0.012571,0.008403,0.025697,1,1,1,2241.6
weighted_round_robin,1,6,1,15.917,24.795,0.9971,0.9971,50,0,13,50,9,9,8,0.013238,0.008435,0.026079,1,1,1,2241.6
weighted_round_robin,1,7,11,15.617,24.604,0.9985,0.9985,52,0,13,52,13,12,12,0.012552,0.008357,0.025943,1,1,1,2241.6
weighted_round_robin,1,8,1,15.605,24.6,0.9986,0.9986,52,0,13,52,13,13,12,0.012516,0.008357,0.025943,1,1,1,2241.6
weighted_round_robin,1,9,11,15.486,24.247,0.9992,0.9992,53,0,8,53,17,16,16,0.012516,0.008392,0.02555,1,1,1,2241.6
weighted_round_robin,1,10,1,15.464,24.088,0.9992,0.9992,55,0,8,55,17,17,16,0.012596,0.008432,0.025365,1,1,1,2241.6
weighted_round_robin,1,11,11,15.834,25.258,0.9995,0.9995,57,0,8,57,21,20,20,0.01251,0.008317,0.026675,1,1,1,2241.6
weighted_round_robin,1,12,1,16.05,25.043,0.9995,0.9995,58,0,2,58,21,21,20,0.013372,0.008439,0.02634,1,1,1,2241.6
weighted_round_robin,1,13,11,16.424,25.569,0.9996,0.9996,60,0,2,60,25,24,24,0.013805,0.008591,0.026876,1,1,1,2241.6
weighted_round_robin,1,14,1,16.424,25.569,0.9996,0.9996,60,0,2,60,25,25,24,0.013805,0.008591,0.026876,1,1,1,2241.6
weighted_round_robin,1,15,11,16.299,25.163,0.9997,0.9997,61,0,2,61,29,28,28,0.012578,0.009759,0.026561,1,1,1,2241.6
weighted_round_robin,1,16,1,16.324,25.889,0.9997,0.9997,62,0,0,62,29,29,28,0.012833,0.008799,0.02734,1,1,1,2241.6
weighted_round_robin,1,17,11,15.747,24.849,0.9998,0.9998,63,0,0,63,33,32,32,0.012612,0.008421,0.026209,1,1,1,2241.6
weighted_round_robin,1,18,1,15.729,24.668,0.9998,0.9998,65,0,0,65,33,33,32,0.012786,0.008412,0.025988,1,1,1,2241.6
weighted_round_robin,1,19,11,16.019,25.593,0.9998,0.9998,67,0,0,67,37,36,36,0.012567,0.008449,0.02704,1,1,1,2241.6
weighted_round_robin,1,20,1,16.019,25.593,0.9998,0.9998,67,0,0,67,37,37,36,0.012567,0.008449,0.02704,1,1,1,2241.6
weighted_round_robin,1,21,11,15.71,24.757,0.9999,0.9999,63,0,0,63,41,40,40,0.012548,0.008468,0.026114,1,1,1,2241.6
weighted_round_robin,1,22,1,15.888,25.046,0.9999,0.9999,65,0,0,65,41,41,40,0.012812,0.008446,0.026405,1,1,1,2241.6
weighted_round_robin,1,23,11,15.822,24.973,0.9999,0.9999,66,0,0,66,45,44,44,0.012657,0.008469,0.026341,1,1,1,2241.6
weighted_round_robin,1,24,1,16.054,24.975,0.9999,0.9999,63,0,0,63,45,45,44,0.012866,0.008976,0.026321,1,1,1,2241.6
weighted_round_robin,1,25,0,16.381,25.708,0.9999,0.9999,64,0,0,64,45,45,44,0.013398,0.008668,0.027076,1,1,1,2241.6
weighted_round_robin,1,26,11,16.381,25.708,0.9999,0.9999,64,0,0,64,49,48,48,0.013398,0.008668,0.027076,1,1,1,2241.6
weighted_round_robin,1,27,1,15.808,24.947,0.9999,0.9999,66,0,0,66,49,49,48,0.012646,0.008464,0.026314,1,1,1,2241.6
weighted_round_robin,1,28,11,15.78,24.99,0.9999,0.9999,63,0,0,63,53,52,52,0.012523,0.008442,0.026375,1,1,1,2241.6
weighted_round_robin,1,29,1,16.032,25.532,0.9999,0.9999,64,0,0,64,53,53,52,0.012711,0.008429,0.026957,1,1,1,2241.6
weighted_round_robin,1,30,11,15.837,25.11,0.9999,1.0,66,0,0,66,57,56,56,0.012596,0.008415,0.0265,0,1,1,2241.6
weighted_round_robin,1,31,1,15.839,25.103,0.9999,0.9999,66,0,0,66,57,57,56,0.012529,0.008488,0.0265,0,1,1,2241.6
weighted_round_robin,1,32,1,11.188,12.544,1.0,1.0,66,0,0,66,57,57,57,0.012529,0.008488,0.012546,0,1,1,2241.6
weighted_round_robin,1,33,1,11.168,12.53,0.9999,1.0,60,0,0,60,58,57,57,0.012534,0.008473,0.012496,0,1,1,2241.6
weighted_round_robin,1,34,1,11.255,12.785,0.9999,0.9999,60,0,0,60,58,58,57,0.012808,0.00838,0.012576,0,1,1,2241.6
weighted_round_robin,1,35,1,11.613,12.916,1.0,1.0,60,0,0,60,58,58,58,0.012575,0.009309,0.012954,0,1,1,2241.6
weighted_round_robin,1,36,1,11.322,12.892,0.9999,1.0,55,0,0,55,59,58,58,0.012926,0.008457,0.012584,0,1,1,2241.6
weighted_round_robin,1,37,1,11.327,12.88,0.9999,0.9999,55,0,0,55,59,59,58,0.012913,0.008482,0.012587,0,1,1,2241.6
weighted_round_robin,1,38,1,11.327,12.88,1.0,1.0,55,0,0,55,59,59,59,0.012913,0.008482,0.012587,0,1,1,2241.6
weighted_round_robin,1,39,1,11.23,12.683,0.9999,1.0,55,0,0,55,60,59,59,0.012695,0.008416,0.012578,0,1,1,2241.6
weighted_round_robin,1,40,1,11.188,12.593,0.9999,0.9999,55,0,0,55,60,60,59,0.012522,0.008441,0.012601,0,1,1,2241.6
weighted_round_robin,1,41,1,11.453,13.084,1.0,1.0,49,0,0,49,60,60,60,0.013121,0.008485,0.012752,0,1,1,2241.6
weighted_round_robin,1,42,1,11.175,12.554,0.9999,1.0,49,0,0,49,61,60,60,0.01256,0.008467,0.012497,0,1,1,2241.6
weighted_round_robin,1,43,1,11.332,12.908,0.9999,0.9999,49,0,0,49,61,61,60,0.01259,0.008464,0.012943,0,1,1,2241.6
weighted_round_robin,1,44,1,11.442,12.941,1.0,1.0,49,0,0,49,61,61,61,0.01292,0.008464,0.012943,0,1,1,2241.6
weighted_round_robin,1,45,1,11.322,12.889,0.9999,1.0,44,0,0,44,62,61,61,0.01292,0.008433,0.012613,0,1,1,2241.6
weighted_round_robin,1,46,1,11.481,12.956,0.9999,0.9999,44,0,0,44,62,62,61,0.013002,0.008904,0.012538,0,1,1,2241.6
weighted_round_robin,1,47,1,11.409,12.905,1.0,1.0,44,0,0,44,62,62,62,0.012913,0.008481,0.012834,0,1,1,2241.6
weighted_round_robin,1,48,1,11.295,12.867,0.9999,1.0,44,0,0,44,63,62,62,0.012904,0.00845,0.012531,0,1,1,2241.6
weighted_round_robin,1,49,1,11.268,12.544,0.9999,0.9999,41,0,0,41,63,63,62,0.012549,0.008759,0.012497,0,1,1,2241.6
weighted_round_robin,1,50,1,11.388,12.868,1.0,1.0,41,0,0,41,63,63,63,0.012909,0.008759,0.012497,0,1,1,2241.6
weighted_round_robin,1,51,1,11.394,12.899,0.9999,1.0,41,0,0,41,64,63,63,0.012909,0.008468,0.012806,0,1,1,2241.6
weighted_round_robin,1,52,1,11.474,13.269,0.9999,0.9999,41,0,0,41,64,64,63,0.013342,0.008469,0.012611,0,1,1,2241.6
weighted_round_robin,1,53,1,11.436,12.932,1.0,1.0,41,0,0,41,64,64,64,0.01285,0.008516,0.012941,0,1,1,2241.6
weighted_round_robin,1,54,1,11.237,12.712,0.9999,1.0,41,0,0,41,65,64,64,0.012556,0.008426,0.012729,0,1,1,2241.6
weighted_round_robin,1,55,1,11.285,12.814,0.9999,0.9999,41,0,0,41,65,65,64,0.01284,0.008432,0.012583,0,1,1,2241.6
weighted_round_robin,1,56,1,11.325,12.845,1.0,1.0,41,0,0,41,65,65,65,0.012874,0.008518,0.012583,0,1,1,2241.6
weighted_round_robin,1,57,1,11.34,12.849,0.9999,1.0,41,0,0,41,66,65,65,0.012874,0.008518,0.012629,0,1,1,2241.6
weighted_round_robin,1,58,1,11.181,12.578,0.9999,0.9999,41,0,0,41,66,66,65,0.012582,0.008424,0.012538,0,1,1,2241.6
weighted_round_robin,1,59,1,11.255,12.805,1.0,1.0,41,0,0,41,66,66,66,0.01284,0.008435,0.01249,0,1,1,2241.6
weighted_round_robin,1,60,1,11.343,12.988,0.9999,1.0,41,0,0,41,67,66,66,0.012605,0.008393,0.013031,0,1,1,2241.6
weighted_round_robin,1,61,0,11.283,12.84,0.9999,1.0,39,0,0,39,67,66,66,0.012551,0.008425,0.012872,0,1,1,2241.6
weighted_round_robin,1,62,1,11.285,12.839,1.0,0.9999,39,0,0,39,67,67,66,0.012538,0.008446,0.012872,0,1,1,2241.6
weighted_round_robin,1,63,1,11.165,12.535,1.0,1.0,39,0,0,39,67,67,67,0.012538,0.008446,0.01251,0,1,1,2241.6
weighted_round_robin,1,64,1,11.374,12.831,1.0,1.0,39,0,0,39,68,67,67,0.012817,0.008472,0.012833,0,1,1,2241.6
weighted_round_robin,1,65,1,11.243,12.755,1.0,0.9999,34,0,0,34,68,68,67,0.012769,0.008332,0.012627,0,1,1,2241.6
weighted_round_robin,1,66,1,11.473,13.277,1.0,1.0,34,0,0,34,68,68,68,0.013357,0.008504,0.012558,0,1,1,2241.6
weighted_round_robin,1,67,1,11.284,12.662,1.0,1.0,34,0,0,34,69,68,68,0.012625,0.00856,0.012666,0,1,1,2241.6
weighted_round_robin,1,68,1,11.257,12.731,1.0,0.9999,34,0,0,34,69,69,68,0.01259,0.008435,0.012747,0,1,1,2241.6
weighted_round_robin,1,69,1,11.257,12.731,1.0,1.0,34,0,0,34,69,69,69,0.01259,0.008435,0.012747,0,1,1,2241.6
weighted_round_robin,1,70,1,11.155,12.543,1.0,1.0,29,0,0,29,70,69,69,0.012547,0.008408,0.012509,0,1,1,2241.6
weighted_round_robin,1,71,1,11.314,12.747,1.0,0.9999,29,0,0,29,70,70,69,0.01275,0.008469,0.012723,0,1,1,2241.6
weighted_round_robin,1,72,1,11.246,12.777,1.0,1.0,29,0,0,29,70,70,70,0.012804,0.008394,0.012539,0,1,1,2241.6
weighted_round_robin,1,73,1,11.306,12.639,1.0,1.0,24,0,0,24,71,70,70,0.012647,0.008708,0.012564,0,1,1,2241.6
weighted_round_robin,1,74,1,11.295,12.807,1.0,0.9999,24,0,0,24,71,71,70,0.01258,0.008473,0.012832,0,1,1,2241.6
weighted_round_robin,1,75,1,11.295,12.807,1.0,1.0,24,0,0,24,71,71,71,0.01258,0.008473,0.012832,0,1,1,2241.6
weighted_round_robin,1,76,1,11.223,12.68,1.0,1.0,24,0,0,24,72,71,71,0.012447,0.008517,0.012706,0,1,1,2241.6
weighted_round_robin,1,77,1,11.191,12.62,1.0,1.0,24,0,0,24,72,72,71,0.012496,0.008442,0.012634,0,1,1,2241.6
weighted_round_robin,1,78,1,11.179,12.544,1.0,1.0,19,0,0,19,72,72,72,0.012546,0.008467,0.012525,0,1,1,2241.6
weighted_round_robin,1,79,1,11.337,12.824,1.0,1.0,19,0,0,19,73,72,72,0.012833,0.008437,0.01274,0,1,1,2241.6
weighted_round_robin,1,80,1,11.288,12.784,1.0,1.0,19,0,0,19,73,73,72,0.012802,0.008446,0.012617,0,1,1,2241.6
weighted_round_robin,1,81,1,11.292,12.793,1.0,1.0,19,0,0,19,73,73,73,0.012812,0.008446,0.012617,0,1,1,2241.6
weighted_round_robin,1,82,1,11.321,12.787,1.0,1.0,13,0,0,13,74,73,73,0.012812,0.008587,0.012564,0,1,1,2241.6
weighted_round_robin,1,83,1,11.33,12.912,1.0,1.0,13,0,0,13,74,74,73,0.012952,0.008486,0.012553,0,1,1,2241.6
weighted_round_robin,1,84,1,11.403,12.963,1.0,1.0,13,0,0,13,74,74,74,0.012808,0.008421,0.01298,0,1,1,2241.6
weighted_round_robin,1,85,1,11.324,12.821,1.0,1.0,8,0,0,8,75,74,74,0.012648,0.008483,0.01284,0,1,1,2241.6
weighted_round_robin,1,86,1,11.186,12.568,1.0,1.0,8,0,0,8,75,75,74,0.012556,0.008434,0.012569,0,1,1,2241.6
weighted_round_robin,1,87,1,11.301,12.842,1.0,1.0,8,0,0,8,75,75,75,0.012872,0.008461,0.012569,0,1,1,2241.6
weighted_round_robin,1,88,1,11.404,12.877,1.0,1.0,8,0,0,8,76,75,75,0.012872,0.008461,0.012878,0,1,1,2241.6
weighted_round_robin,1,89,1,11.325,12.781,1.0,1.0,8,0,0,8,76,76,75,0.012787,0.008462,0.012727,0,1,1,2241.6
weighted_round_robin,1,90,1,11.234,12.649,1.0,1.0,2,0,0,2,76,76,76,0.012655,0.008457,0.01259,1,1,1,2241.6
weighted_round_robin,1,91,11,16.889,27.938,1.0,1.0,2,1,0,2,80,80,79,0.029644,0.008438,0.012586,1,1,1,2241.6
weighted_round_robin,1,92,1,15.908,25.157,1.0,1.0,3,3,0,2,80,80,80,0.026532,0.008411,0.012782,1,1,1,2241.6
weighted_round_robin,1,93,11,15.838,24.896,1.0,1.0,5,5,0,2,84,84,83,0.026242,0.008491,0.012782,1,1,1,2241.6
weighted_round_robin,1,94,1,15.767,24.875,1.0,1.0,5,5,0,0,84,84,84,0.026242,0.008491,0.012568,1,1,1,2241.6
weighted_round_robin,1,95,11,15.918,25.272,1.0,1.0,6,6,0,0,88,88,87,0.02669,0.008556,0.012507,1,1,1,2241.6
weighted_round_robin,1,96,1,15.878,25.121,1.0,1.0,8,8,0,0,88,88,88,0.026502,0.008436,0.012696,1,1,1,2241.6
weighted_round_robin,1,97,11,15.761,24.591,1.0,1.0,9,9,0,0,92,92,91,0.025912,0.008665,0.012706,1,1,1,2241.6
weighted_round_robin,1,98,0,16.057,25.743,1.0,1.0,11,11,0,0,92,92,91,0.027208,0.00841,0.012554,1,1,1,2241.6
weighted_round_robin,1,99,1,16.018,25.635,1.0,1.0,12,12,0,0,92,92,92,0.027089,0.00841,0.012554,1,1,1,2241.6
weighted_round_robin,1,100,11,15.944,25.616,1.0,1.0,12,12,0,0,96,96,95,0.027089,0.008386,0.012356,1,1,1,2241.6
weighted_round_robin,1,101,1,15.848,25.061,1.0,1.0,14,14,0,0,96,96,96,0.026444,0.008488,0.012613,1,1,1,2241.6
weighted_round_robin,1,102,11,16.003,25.398,1.0,1.0,16,16,0,0,100,100,99,0.026826,0.008633,0.01255,1,1,1,2241.6
weighted_round_robin,1,103,1,15.69,24.691,1.0,1.0,17,17,0,0,100,100,100,0.026036,0.008444,0.012591,1,1,1,2241.6
weighted_round_robin,1,104,11,15.802,24.969,1.0,1.0,19,19,0,0,104,104,103,0.026341,0.008445,0.01262,1,1,1,2241.6
weighted_round_robin,1,105,1,16.167,25.955,1.0,1.0,20,20,0,0,104,104,104,0.027437,0.008445,0.01262,1,1,1,2241.6
weighted_round_robin,1,106,11,16.163,25.953,1.0,1.0,20,20,0,0,108,108,107,0.027437,0.008454,0.012599,1,1,1,2241.6
weighted_round_robin,1,107,1,15.95,25.433,1.0,1.0,22,22,0,0,108,108,108,0.026864,0.008428,0.012557,1,1,1,2241.6
weighted_round_robin,1,108,11,15.71,24.694,1.0,1.0,23,23,0,0,112,112,111,0.026037,0.008485,0.012609,1,1,1,2241.6
weighted_round_robin,1,109,1,15.911,24.998,1.0,1.0,25,25,0,0,112,112,112,0.026335,0.008432,0.012965,1,1,1,2241.6
weighted_round_robin,1,110,11,15.709,24.763,1.0,1.0,27,27,0,0,116,116,115,0.026117,0.008431,0.01258,1,1,1,2241.6
weighted_round_robin,1,111,1,15.709,24.763,1.0,1.0,27,27,0,0,116,116,116,0.026117,0.008431,0.01258,1,1,1,2241.6
weighted_round_robin,1,112,11,15.703,24.757,1.0,1.0,28,28,0,0,120,120,119,0.026115,0.00846,0.012533,1,1,1,2241.6
weighted_round_robin,1,113,1,15.986,25.014,1.0,1.0,30,30,0,0,120,120,120,0.026381,0.008865,0.012712,1,1,1,2241.6
weighted_round_robin,1,114,11,16.1,24.593,1.0,1.0,31,31,0,0,124,124,123,0.025783,0.008636,0.013882,1,1,1,2241.6
weighted_round_robin,1,115,1,15.788,24.876,1.0,1.0,33,33,0,0,124,124,124,0.026232,0.008455,0.012676,1,1,1,2241.6
weighted_round_robin,1,116,11,15.554,24.312,1.0,1.0,36,36,0,0,128,128,127,0.025614,0.008455,0.012594,1,1,1,2241.6
weighted_round_robin,1,117,1,15.554,24.312,1.0,1.0,36,36,0,0,128,128,128,0.025614,0.008455,0.012594,1,1,1,2241.6
weighted_round_robin,1,118,11,15.698,24.754,1.0,1.0,36,36,0,0,132,132,131,0.026108,0.008416,0.01257,1,1,1,2241.6
weighted_round_robin,1,119,1,15.892,25.121,1.0,1.0,38,38,0,0,132,132,132,0.026487,0.008363,0.012826,1,1,1,2241.6
weighted_round_robin,1,120,11,15.769,24.685,1.0,1.0,39,39,0,0,136,136,135,0.025998,0.008444,0.012866,1,0,1,2241.6
weighted_round_robin,1,121,0,11.255,12.797,1.0,1.0,40,40,0,0,136,136,135,0.012563,0.008379,0.012823,1,0,1,2241.6
weighted_round_robin,1,122,1,11.286,12.799,1.0,1.0,40,40,0,0,136,136,136,0.012827,0.008481,0.012551,1,0,1,2241.6
weighted_round_robin,1,123,1,11.286,12.799,1.0,1.0,40,40,0,0,137,136,136,0.012827,0.008481,0.012551,1,0,1,2241.6
weighted_round_robin,1,124,1,11.154,12.557,1.0,1.0,40,40,0,0,137,137,136,0.012505,0.008395,0.012563,1,0,1,2241.6
weighted_round_robin,1,125,1,11.307,12.851,1.0,1.0,40,40,0,0,137,137,137,0.012881,0.008462,0.012578,1,0,1,2241.6
weighted_round_robin,1,126,1,11.482,13.345,1.0,1.0,40,40,0,0,138,137,137,0.013433,0.00846,0.012553,1,0,1,2241.6
weighted_round_robin,1,127,1,11.139,12.573,1.0,1.0,40,40,0,0,138,138,137,0.012503,0.008334,0.012581,1,0,1,2241.6
weighted_round_robin,1,128,1,11.299,12.804,1.0,1.0,40,40,0,0,138,138,138,0.012826,0.008466,0.012604,1,0,1,2241.6
weighted_round_robin,1,129,1,11.226,12.608,1.0,1.0,40,40,0,0,139,138,138,0.012609,0.008466,0.012604,1,0,1,2241.6
weighted_round_robin,1,130,1,11.253,12.739,1.0,1.0,40,40,0,0,139,139,138,0.012609,0.008397,0.012753,1,0,1,2241.6
weighted_round_robin,1,131,1,11.327,12.805,1.0,1.0,40,40,0,0,139,139,139,0.012555,0.008593,0.012833,1,0,1,2241.6
weighted_round_robin,1,132,1,11.27,12.761,1.0,1.0,40,40,0,0,140,139,139,0.012586,0.008443,0.01278,1,0,1,2241.6
weighted_round_robin,1,133,1,11.349,12.885,1.0,1.0,40,40,0,0,140,140,139,0.012921,0.008568,0.012559,1,0,1,2241.6
weighted_round_robin,1,134,1,11.26,12.594,1.0,1.0,40,40,0,0,140,140,140,0.012598,0.008628,0.012554,1,0,1,2241.6
weighted_round_robin,1,135,1,11.296,12.911,1.0,1.0,40,40,0,0,141,140,140,0.012951,0.008382,0.012554,1,0,1,2241.6
weighted_round_robin,1,136,1,11.336,12.923,1.0,1.0,40,40,0,0,141,141,140,0.012951,0.008382,0.012674,1,0,1,2241.6
weighted_round_robin,1,137,1,11.304,12.813,1.0,1.0,40,40,0,0,141,141,141,0.012836,0.008472,0.012604,1,0,1,2241.6
weighted_round_robin,1,138,1,11.324,12.902,1.0,1.0,40,40,0,0,142,141,141,0.012934,0.008419,0.012618,1,0,1,2241.6
weighted_round_robin,1,139,1,11.362,12.819,1.0,1.0,40,40,0,0,142,142,141,0.012567,0.008671,0.012847,1,0,1,2241.6
weighted_round_robin,1,140,1,11.247,12.729,1.0,1.0,40,40,0,0,142,142,142,0.012751,0.008457,0.012532,1,0,1,2241.6
weighted_round_robin,1,141,1,11.294,12.555,1.0,1.0,40,40,0,0,143,142,142,0.012535,0.00879,0.012557,1,0,1,2241.6
weighted_round_robin,1,142,1,11.294,12.555,1.0,1.0,40,40,0,0,143,143,142,0.012535,0.00879,0.012557,1,0,1,2241.6
weighted_round_robin,1,143,1,11.44,13.085,1.0,1.0,40,40,0,0,143,143,143,0.012793,0.008408,0.013118,1,0,1,2241.6
weighted_round_robin,1,144,1,11.193,12.583,1.0,1.0,40,40,0,0,144,143,143,0.012587,0.008443,0.012548,1,0,1,2241.6
weighted_round_robin,1,145,1,11.357,12.787,1.0,1.0,40,40,0,0,144,144,143,0.012811,0.008693,0.012568,1,0,1,2241.6
weighted_round_robin,1,146,1,11.416,13.023,1.0,1.0,40,40,0,0,144,144,144,0.013054,0.008447,0.012747,1,0,1,2241.6
weighted_round_robin,1,147,1,11.213,12.604,1.0,1.0,40,40,0,0,145,144,144,0.012578,0.008455,0.012607,1,0,1,2241.6
weighted_round_robin,1,148,1,11.336,12.913,1.0,1.0,40,40,0,0,145,145,144,0.012947,0.008455,0.012607,1,0,1,2241.6
weighted_round_robin,1,149,1,11.327,12.912,1.0,1.0,40,40,0,0,145,145,145,0.012947,0.008436,0.012598,1,0,1,2241.6
weighted_round_robin,1,150,1,11.259,12.544,1.0,1.0,40,40,0,0,146,145,145,0.012546,0.008706,0.012526,1,1,1,2241.6
weighted_round_robin,1,151,11,15.676,20.261,1.0,1.0,40,40,1,0,149,149,149,0.013413,0.021022,0.012593,1,1,1,2241.6
weighted_round_robin,1,152,1,14.404,17.478,1.0,1.0,40,40,3,0,150,149,149,0.012554,0.018015,0.012644,1,1,1,2241.6
weighted_round_robin,1,153,11,14.385,17.23,1.0,1.0,40,40,6,0,153,153,153,0.012853,0.017716,0.012587,1,1,1,2241.6
weighted_round_robin,1,154,1,14.44,17.246,1.0,1.0,40,40,6,0,154,153,153,0.013018,0.017716,0.012587,1,1,1,2241.6
weighted_round_robin,1,155,11,14.47,17.29,1.0,1.0,40,40,6,0,157,157,157,0.013018,0.017765,0.012628,1,1,1,2241.6
weighted_round_robin,1,156,1,14.73,17.417,1.0,1.0,34,34,8,0,158,157,157,0.01347,0.017856,0.012865,1,1,1,2241.6
weighted_round_robin,1,157,1,14.533,17.66,1.0,1.0,34,34,9,0,158,158,157,0.01261,0.018202,0.012786,1,1,1,2241.6
weighted_round_robin,1,158,10,14.404,17.422,1.0,1.0,34,34,11,0,161,161,161,0.012694,0.017947,0.012571,1,1,1,2241.6
weighted_round_robin,1,159,1,14.458,17.361,1.0,1.0,29,29,12,0,162,161,161,0.012879,0.017859,0.012635,1,1,1,2241.6
weighted_round_robin,1,160,11,14.324,17.337,1.0,1.0,29,29,12,0,165,165,165,0.012477,0.017859,0.012635,1,1,1,2241.6
weighted_round_robin,1,161,1,14.353,17.317,1.0,1.0,29,29,14,0,166,165,165,0.012477,0.017823,0.01276,1,1,1,2241.6
weighted_round_robin,1,162,11,14.373,17.33,1.0,1.0,29,29,16,0,169,169,169,0.012707,0.017844,0.012568,1,1,1,2241.6
weighted_round_robin,1,163,1,14.396,17.404,1.0,1.0,29,29,17,0,170,169,169,0.012597,0.017931,0.012661,1,1,1,2241.6
weighted_round_robin,1,164,11,14.329,17.354,1.0,1.0,24,24,19,0,173,173,173,0.012573,0.017885,0.012528,1,1,1,2241.6
weighted_round_robin,1,165,1,14.69,17.327,1.0,1.0,24,24,20,0,174,173,173,0.013408,0.017762,0.0129,1,1,1,2241.6
weighted_round_robin,1,166,11,14.495,17.276,1.0,1.0,24,24,20,0,177,177,177,0.012823,0.017762,0.0129,1,1,1,2241.6
weighted_round_robin,1,167,1,14.433,17.384,1.0,1.0,24,24,22,0,178,177,177,0.012823,0.017891,0.012584,1,1,1,2241.6
weighted_round_robin,1,168,11,14.353,17.343,1.0,1.0,23,18,23,0,181,181,181,0.012589,0.01787,0.012599,1,1,1,2241.6
weighted_round_robin,1,169,1,14.62,17.684,1.0,1.0,25,18,25,0,182,181,181,0.012984,0.018206,0.012669,1,1,1,2241.6
weighted_round_robin,1,170,11,14.258,17.113,1.0,1.0,27,18,27,0,185,185,185,0.012596,0.017615,0.012563,1,1,1,2241.6
weighted_round_robin,1,171,1,14.542,17.939,1.0,1.0,28,13,28,0,186,185,185,0.01255,0.018538,0.012537,1,1,1,2241.6
weighted_round_robin,1,172,11,14.522,17.938,1.0,1.0,28,13,28,0,189,189,189,0.012492,0.018538,0.012537,1,1,1,2241.6
weighted_round_robin,1,173,1,14.46,17.775,1.0,1.0,30,13,30,0,190,189,189,0.012492,0.018358,0.01253,1,1,1,2241.6
weighted_round_robin,1,174,11,14.769,17.474,1.0,1.0,31,13,31,0,193,193,193,0.01287,0.017913,0.013524,1,1,1,2241.6
weighted_round_robin,1,175,1,14.704,17.407,1.0,1.0,33,13,33,0,194,193,193,0.013402,0.017852,0.012859,1,1,1,2241.6
weighted_round_robin,1,176,11,14.483,17.523,1.0,1.0,34,7,34,0,197,197,197,0.012776,0.01805,0.012622,1,1,1,2241.6
weighted_round_robin,1,177,1,14.544,17.639,1.0,1.0,36,7,36,0,198,197,197,0.01259,0.018168,0.012875,1,1,1,2241.6
weighted_round_robin,1,178,11,14.551,17.639,1.0,1.0,36,7,36,0,201,201,201,0.012611,0.018168,0.012875,1,1,1,2241.6
weighted_round_robin,1,179,1,14.529,17.845,1.0,1.0,38,7,38,0,202,201,201,0.012611,0.018426,0.01255,1,1,1,2241.6
weighted_round_robin,2,0,0,16.232,25.041,1.0,1.0,0,0,0,0,0,0,0,0.013038,0.009284,0.026375,1,1,1,2276.6
weighted_round_robin,2,1,1,15.724,24.823,0.3333,0.3333,43,0,43,3,1,0,0,0.012573,0.008414,0.026184,1,1,1,2276.6
weighted_round_robin,2,2,1,16.015,25.363,0.6667,0.6667,43,0,43,4,1,1,0,0.012599,0.008665,0.026781,1,1,1,2276.6
weighted_round_robin,2,3,11,15.923,25.356,0.9883,0.9883,43,0,43,4,5,4,4,0.012532,0.008457,0.026781,1,1,1,2276.6
weighted_round_robin,2,4,1,15.617,24.529,0.9899,0.9899,43,0,43,6,5,5,4,0.012532,0.008457,0.025862,1,1,1,2276.6
weighted_round_robin,2,5,11,15.765,24.72,0.9968,0.9968,43,0,43,8,9,8,8,0.012827,0.008427,0.026041,1,1,1,2276.6
weighted_round_robin,2,6,1,15.897,25.08,0.9971,0.9971,43,0,43,9,9,9,8,0.012542,0.008675,0.026473,1,1,1,2276.6
weighted_round_robin,2,7,11,15.941,24.771,0.9985,0.9985,43,0,43,11,13,12,12,0.012558,0.009136,0.026128,1,1,1,2276.6
weighted_round_robin,2,8,1,15.738,24.684,0.9986,0.9986,43,0,43,12,13,13,12,0.012831,0.008383,0.026001,1,1,1,2276.6
weighted_round_robin,2,9,11,15.855,24.692,0.9992,0.9992,43,0,43,12,17,16,16,0.012916,0.008647,0.026001,1,1,1,2276.6
weighted_round_robin,2,10,1,16.038,25.188,0.9992,0.9992,43,0,43,14,17,17,16,0.012916,0.008647,0.026551,1,1,1,2276.6
weighted_round_robin,2,11,11,15.678,24.685,0.9995,0.9995,43,0,43,15,21,20,20,0.012561,0.008441,0.026032,1,1,1,2276.6
weighted_round_robin,2,12,1,15.828,24.829,0.9995,0.9995,43,0,43,17,21,21,20,0.01288,0.008446,0.026157,1,1,1,2276.6
weighted_round_robin,2,13,11,15.84,25.12,0.9996,0.9996,43,0,43,19,25,24,24,0.012674,0.008343,0.026503,1,1,1,2276.6
weighted_round_robin,2,14,1,16.375,25.193,0.9996,0.9996,43,0,43,20,25,25,24,0.01405,0.008644,0.026431,1,1,1,2276.6
weighted_round_robin,2,15,11,15.805,25.044,0.9997,0.9997,43,0,43,20,29,28,28,0.012566,0.008418,0.026431,1,1,1,2276.6
weighted_round_robin,2,16,1,15.902,25.306,0.9997,0.9997,43,0,43,22,29,29,28,0.012566,0.008418,0.026722,1,1,1,2276.6
weighted_round_robin,2,17,11,15.985,25.087,0.9998,0.9998,43,0,43,23,33,32,32,0.013165,0.008379,0.026412,1,1,1,2276.6
weighted_round_robin,2,18,1,15.829,24.818,0.9998,0.9998,43,0,43,25,33,33,32,0.012649,0.008669,0.02617,1,1,1,2276.6
weighted_round_robin,2,19,11,16.155,25.723,0.9998,0.9998,43,0,43,26,37,36,36,0.012863,0.008451,0.027152,1,1,1,2276.6
weighted_round_robin,2,20,1,15.636,24.447,0.9998,0.9998,43,0,43,28,37,37,36,0.012719,0.00844,0.02575,1,1,1,2276.6
weighted_round_robin,2,21,11,15.493,24.404,0.9999,0.9999,43,0,43,28,41,40,40,0.01229,0.00844,0.02575,1,1,1,2276.6
weighted_round_robin,2,22,1,16.073,24.952,0.9999,0.9999,43,0,43,30,41,41,40,0.01229,0.009571,0.026359,1,1,1,2276.6
weighted_round_robin,2,23,1,15.899,25.289,1.0,1.0,43,0,43,31,41,41,41,0.01263,0.008372,0.026696,1,1,1,2276.6
weighted_round_robin,2,24,10,15.79,24.778,0.9999,0.9999,43,0,43,33,45,44,44,0.012567,0.008669,0.026135,1,1,1,2276.6
weighted_round_robin,2,25,1,15.79,24.854,0.9999,0.9999,43,0,43,34,45,45,44,0.012583,0.00857,0.026217,1,1,1,2276.6
weighted_round_robin,2,26,11,15.791,25.014,0.9999,0.9999,41,0,41,36,49,48,48,0.012526,0.008446,0.026401,1,1,1,2276.6
weighted_round_robin,2,27,1,15.9,25.046,0.9999,0.9999,41,0,41,36,49,49,48,0.012852,0.008446,0.026401,1,1,1,2276.6
weighted_round_robin,2,28,11,15.95,25.17,0.9999,0.9999,41,0,41,37,53,52,52,0.012852,0.008459,0.026539,1,1,1,2276.6
weighted_round_robin,2,29,1,15.808,24.845,0.9999,0.9999,41,0,41,39,53,53,52,0.01283,0.008414,0.02618,1,1,1,2276.6
weighted_round_robin,2,30,11,16.166,25.132,0.9999,1.0,41,0,41,41,57,56,56,0.012627,0.00935,0.026521,0,1,1,2276.6
weighted_round_robin,2,31,1,11.183,12.575,0.9999,0.9999,41,0,35,41,57,57,56,0.012532,0.008437,0.01258,0,1,1,2276.6
weighted_round_robin,2,32,1,11.36,12.856,1.0,1.0,41,0,35,41,57,57,57,0.01286,0.008402,0.012818,0,1,1,2276.6
weighted_round_robin,2,33,1,11.356,12.844,0.9999,1.0,41,0,35,41,58,57,57,0.012847,0.008402,0.012818,0,1,1,2276.6
weighted_round_robin,2,34,1,11.267,12.817,0.9999,0.9999,41,0,35,41,58,58,57,0.012847,0.008408,0.012546,0,1,1,2276.6
weighted_round_robin,2,35,1,11.471,12.583,1.0,1.0,41,0,30,41,58,58,58,0.012581,0.009248,0.012583,0,1,1,2276.6
weighted_round_robin,2,36,1,11.19,12.591,0.9999,1.0,41,0,30,41,59,58,58,0.012547,0.008427,0.012596,0,1,1,2276.6
weighted_round_robin,2,37,1,11.317,12.891,0.9999,0.9999,41,0,30,41,59,59,58,0.012925,0.008437,0.012589,0,1,1,2276.6
weighted_round_robin,2,38,1,11.462,12.823,1.0,1.0,41,0,30,41,59,59,59,0.012617,0.008922,0.012846,0,1,1,2276.6
weighted_round_robin,2,39,1,11.797,13.112,0.9999,1.0,41,0,24,41,60,59,59,0.013142,0.009403,0.012846,0,1,1,2276.6
weighted_round_robin,2,40,1,11.671,13.075,0.9999,0.9999,41,0,24,41,60,60,59,0.013142,0.009403,0.012469,0,1,1,2276.6
weighted_round_robin,2,41,1,11.287,12.8,1.0,1.0,41,0,24,41,60,60,60,0.012615,0.008424,0.012821,0,1,1,2276.6
weighted_round_robin,2,42,1,11.262,12.705,0.9999,1.0,41,0,24,41,61,60,60,0.012712,0.008428,0.012647,0,1,1,2276.6
weighted_round_robin,2,43,1,11.19,12.582,0.9999,0.9999,41,0,19,41,61,61,60,0.012583,0.008409,0.012577,0,1,1,2276.6
weighted_round_robin,2,44,1,11.181,12.553,1.0,1.0,41,0,19,41,61,61,61,0.012549,0.008441,0.012553,0,1,1,2276.6
weighted_round_robin,2,45,1,11.18,12.567,0.9999,1.0,41,0,19,41,62,61,61,0.012563,0.008409,0.012567,0,1,1,2276.6
weighted_round_robin,2,46,1,11.18,12.567,0.9999,0.9999,41,0,19,41,62,62,61,0.012563,0.008409,0.012567,0,1,1,2276.6
weighted_round_robin,2,47,1,11.184,12.573,1.0,1.0,41,0,14,41,62,62,62,0.012542,0.008434,0.012576,0,1,1,2276.6
weighted_round_robin,2,48,1,11.438,12.845,0.9999,1.0,41,0,14,41,63,62,62,0.012855,0.008703,0.012755,0,1,1,2276.6
weighted_round_robin,2,49,1,11.581,13.285,0.9999,0.9999,41,0,14,41,63,63,62,0.013362,0.008789,0.012593,0,1,1,2276.6
weighted_round_robin,2,50,1,11.278,12.578,1.0,1.0,41,0,14,41,63,63,63,0.012585,0.008738,0.012511,0,1,1,2276.6
weighted_round_robin,2,51,1,11.212,12.65,0.9999,1.0,41,0,8,41,64,63,63,0.012499,0.00847,0.012667,0,1,1,2276.6
weighted_round_robin,2,52,1,11.233,12.656,0.9999,0.9999,41,0,8,41,64,64,63,0.012562,0.00847,0.012667,0,1,1,2276.6
weighted_round_robin,2,53,1,11.2,12.558,1.0,1.0,41,0,8,41,64,64,64,0.012562,0.008512,0.012525,0,1,1,2276.6
weighted_round_robin,2,54,1,11.372,12.828,0.9999,1.0,41,0,8,41,65,64,64,0.012578,0.008683,0.012856,0,1,1,2276.6
weighted_round_robin,2,55,1,11.378,13.082,0.9999,0.9999,41,0,3,41,65,65,64,0.012577,0.00842,0.013138,0,1,1,2276.6
weighted_round_robin,2,56,1,11.259,12.734,1.0,1.0,41,0,3,41,65,65,65,0.012592,0.008434,0.01275,0,1,1,2276.6
weighted_round_robin,2,57,1,11.201,12.584,0.9999,1.0,41,0,3,41,66,65,65,0.012585,0.008442,0.012576,0,1,1,2276.6
weighted_round_robin,2,58,1,11.302,12.577,0.9999,0.9999,41,0,3,41,66,66,65,0.012577,0.008752,0.012576,0,1,1,2276.6
weighted_round_robin,2,59,1,11.612,13.413,1.0,1.0,41,0,3,41,66,66,66,0.012577,0.008752,0.013506,0,1,1,2276.6
weighted_round_robin,2,60,1,11.531,13.284,0.9999,1.0,40,0,0,40,67,66,66,0.013364,0.008667,0.012561,0,1,1,2276.6
weighted_round_robin,2,61,0,11.165,12.547,0.9999,1.0,40,0,0,40,67,66,66,0.012549,0.008419,0.012528,0,1,1,2276.6
weighted_round_robin,2,62,1,11.202,12.58,1.0,0.9999,40,0,0,40,67,67,66,0.012582,0.008459,0.012565,0,1,1,2276.6
weighted_round_robin,2,63,1,11.341,12.799,1.0,1.0,36,0,0,36,67,67,67,0.012828,0.008661,0.012533,0,1,1,2276.6
weighted_round_robin,2,64,1,11.382,12.95,1.0,1.0,36,0,0,36,68,67,67,0.012801,0.008377,0.012967,0,1,1,2276.6
weighted_round_robin,2,65,1,11.382,12.95,1.0,0.9999,36,0,0,36,68,68,67,0.012801,0.008377,0.012967,0,1,1,2276.6
weighted_round_robin,2,66,1,11.332,12.826,1.0,1.0,36,0,0,36,68,68,68,0.012832,0.008396,0.012768,0,1,1,2276.6
weighted_round_robin,2,67,1,11.182,12.561,1.0,1.0,36,0,0,36,69,68,68,0.012564,0.008445,0.012538,0,1,1,2276.6
weighted_round_robin,2,68,1,11.256,12.79,1.0,0.9999,31,0,0,31,69,69,68,0.012819,0.008415,0.012533,0,1,1,2276.6
weighted_round_robin,2,69,1,11.281,12.809,1.0,1.0,31,0,0,31,69,69,69,0.012603,0.008409,0.012832,0,1,1,2276.6
weighted_round_robin,2,70,1,11.334,12.825,1.0,1.0,31,0,0,31,70,69,69,0.012831,0.008401,0.012769,0,1,1,2276.6
weighted_round_robin,2,71,1,11.244,12.748,1.0,0.9999,31,0,0,31,70,70,69,0.012561,0.008401,0.012769,0,1,1,2276.6
weighted_round_robin,2,72,1,11.293,12.832,1.0,1.0,25,0,0,25,70,70,70,0.012561,0.008457,0.012862,0,1,1,2276.6
weighted_round_robin,2,73,1,11.318,12.847,1.0,1.0,25,0,0,25,71,70,70,0.012876,0.008496,0.012582,0,1,1,2276.6
weighted_round_robin,2,74,1,11.391,12.893,1.0,0.9999,25,0,0,25,71,71,70,0.012896,0.00841,0.012866,0,1,1,2276.6
weighted_round_robin,2,75,1,11.216,12.622,1.0,1.0,20,0,0,20,71,71,71,0.012593,0.00843,0.012625,0,1,1,2276.6
weighted_round_robin,2,76,1,11.309,12.81,1.0,1.0,20,0,0,20,72,71,71,0.012833,0.008491,0.012604,0,1,1,2276.6
weighted_round_robin,2,77,1,11.208,12.596,1.0,1.0,20,0,0,20,72,72,71,0.012528,0.008491,0.012604,0,1,1,2276.6
weighted_round_robin,2,78,1,11.205,12.604,1.0,1.0,20,0,0,20,72,72,72,0.012528,0.008476,0.012612,0,1,1,2276.6
weighted_round_robin,2,79,1,11.454,13.37,1.0,1.0,20,0,0,20,73,72,72,0.01252,0.008378,0.013465,0,1,1,2276.6
weighted_round_robin,2,80,1,11.428,12.569,1.0,1.0,15,0,0,15,73,73,72,0.012578,0.009214,0.012491,0,1,1,2276.6
weighted_round_robin,2,81,1,11.222,12.618,1.0,1.0,15,0,0,15,73,73,73,0.012621,0.008449,0.012596,0,1,1,2276.6
weighted_round_robin,2,82,1,11.213,12.599,1.0,1.0,15,0,0,15,74,73,73,0.0126,0.008449,0.012591,0,1,1,2276.6
weighted_round_robin,2,83,1,11.196,12.587,1.0,1.0,15,0,0,15,74,74,73,0.012548,0.008449,0.012591,0,1,1,2276.6
weighted_round_robin,2,84,1,11.149,12.538,1.0,1.0,10,0,0,10,74,74,74,0.012548,0.008449,0.01245,0,1,1,2276.6
weighted_round_robin,2,85,1,11.523,13.48,1.0,1.0,10,0,0,10,75,74,74,0.012573,0.008415,0.013581,0,1,1,2276.6
weighted_round_robin,2,86,1,12.137,14.442,1.0,1.0,10,0,0,10,75,75,74,0.01456,0.008471,0.01338,0,1,1,2276.6
weighted_round_robin,2,87,1,11.647,12.653,1.0,1.0,10,0,0,10,75,75,75,0.012502,0.009768,0.01267,0,1,1,2276.6
weighted_round_robin,2,88,1,11.216,12.599,1.0,1.0,5,0,0,5,76,75,75,0.012566,0.008479,0.012603,0,1,1,2276.6
weighted_round_robin,2,89,1,11.557,13.231,1.0,1.0,5,0,0,5,76,76,75,0.013293,0.0087,0.012678,0,1,1,2276.6
weighted_round_robin,2,90,1,11.328,12.671,1.0,1.0,5,0,0,5,76,76,76,0.012607,0.0087,0.012678,1,1,1,2276.6
weighted_round_robin,2,91,11,11.199,12.603,1.0,1.0,5,0,0,5,80,80,79,0.012607,0.008428,0.012563,1,1,1,2276.6
weighted_round_robin,2,92,1,16.157,25.101,1.0,1.0,2,2,0,0,80,80,80,0.026378,0.008479,0.013613,1,1,1,2276.6
weighted_round_robin,2,93,11,15.805,24.779,1.0,1.0,3,3,0,0,84,84,83,0.026132,0.008678,0.012604,1,1,1,2276.6
weighted_round_robin,2,94,1,15.75,24.877,1.0,1.0,5,5,0,0,84,84,84,0.026243,0.008424,0.012583,1,1,1,2276.6
weighted_round_robin,2,95,11,15.754,24.892,1.0,1.0,6,6,0,0,88,88,87,0.026265,0.008461,0.012537,1,1,1,2276.6
weighted_round_robin,2,96,1,15.754,24.892,1.0,1.0,6,6,0,0,88,88,88,0.026265,0.008461,0.012537,1,1,1,2276.6
weighted_round_robin,2,97,1,15.618,24.685,1.0,1.0,8,8,0,0,89,88,88,0.026041,0.008328,0.012486,1,1,1,2276.6
weighted_round_robin,2,98,10,15.711,24.765,1.0,1.0,10,10,0,0,92,92,91,0.026118,0.008426,0.012589,1,1,1,2276.6
weighted_round_robin,2,99,1,16.197,24.86,1.0,1.0,11,11,0,0,92,92,92,0.026171,0.00936,0.01306,1,1,1,2276.6
weighted_round_robin,2,100,11,15.706,24.692,1.0,1.0,13,13,0,0,96,96,95,0.026036,0.008488,0.012593,1,1,1,2276.6
weighted_round_robin,2,101,1,15.84,24.906,1.0,1.0,14,14,0,0,96,96,96,0.026245,0.00842,0.012854,1,1,1,2276.6
weighted_round_robin,2,102,11,15.84,24.906,1.0,1.0,14,14,0,0,100,100,99,0.026245,0.00842,0.012854,1,1,1,2276.6
weighted_round_robin,2,103,1,16.032,25.522,1.0,1.0,16,16,0,0,100,100,100,0.026954,0.008509,0.012633,1,1,1,2276.6
weighted_round_robin,2,104,11,15.962,25.24,1.0,1.0,17,17,0,0,104,104,103,0.02662,0.008442,0.012823,1,1,1,2276.6
weighted_round_robin,2,105,1,15.952,25.24,1.0,1.0,19,19,0,0,104,104,104,0.02662,0.008413,0.012823,1,1,1,2276.6
weighted_round_robin,2,106,11,16.039,25.087,1.0,1.0,21,21,0,0,108,108,107,0.026446,0.008813,0.012857,1,1,1,2276.6
weighted_round_robin,2,107,1,15.849,25.0,1.0,1.0,22,22,0,0,108,108,108,0.026384,0.008615,0.012549,1,1,1,2276.6
weighted_round_robin,2,108,11,15.849,25.0,1.0,1.0,22,22,0,0,112,112,111,0.026384,0.008615,0.012549,1,1,1,2276.6
weighted_round_robin,2,109,1,15.899,25.305,1.0,1.0,24,24,0,0,112,112,112,0.026725,0.008447,0.012526,1,1,1,2276.6
weighted_round_robin,2,110,11,16.407,25.468,1.0,1.0,25,25,0,0,116,116,115,0.026736,0.008428,0.014058,1,1,1,2276.6
weighted_round_robin,2,111,1,15.861,24.998,1.0,1.0,27,27,0,0,116,116,116,0.026349,0.008393,0.012842,1,1,1,2276.6
weighted_round_robin,2,112,11,15.714,24.671,1.0,1.0,29,29,0,0,120,120,119,0.025985,0.008308,0.012849,1,1,1,2276.6
weighted_round_robin,2,113,1,15.753,24.847,1.0,1.0,30,30,0,0,120,120,120,0.026208,0.00845,0.012601,1,1,1,2276.6
weighted_round_robin,2,114,11,15.753,24.847,1.0,1.0,30,30,0,0,124,124,123,0.026208,0.00845,0.012601,1,1,1,2276.6
weighted_round_robin,2,115,1,15.778,24.851,1.0,1.0,32,32,0,0,124,124,124,0.026213,0.008531,0.01259,1,1,1,2276.6
weighted_round_robin,2,116,11,15.907,25.294,1.0,1.0,33,33,0,0,128,128,127,0.026705,0.008418,0.012598,1,1,1,2276.6
weighted_round_robin,2,117,1,15.791,24.632,1.0,1.0,35,35,0,0,128,128,128,0.025922,0.008433,0.013019,1,1,1,2276.6
weighted_round_robin,2,118,11,15.773,24.796,1.0,1.0,36,36,0,0,132,132,131,0.026161,0.008649,0.012508,1,1,1,2276.6
weighted_round_robin,2,119,1,16.268,25.464,1.0,1.0,38,38,0,0,132,132,132,0.026784,0.00843,0.013589,1,1,1,2276.6
weighted_round_robin,2,120,7,15.933,24.561,1.0,1.0,39,39,0,0,135,134,134,0.02578,0.00843,0.013589,1,0,1,2276.6
weighted_round_robin,2,121,4,15.708,24.453,1.0,1.0,39,39,0,0,136,136,135,0.02578,0.008837,0.012506,1,0,1,2276.6
weighted_round_robin,2,122,1,11.265,12.552,1.0,1.0,40,40,0,0,136,136,136,0.012535,0.008706,0.012554,1,0,1,2276.6
weighted_round_robin,2,123,1,11.246,12.664,1.0,1.0,40,40,0,0,137,136,136,0.012669,0.008455,0.012615,1,0,1,2276.6
weighted_round_robin,2,124,1,11.22,12.58,1.0,1.0,40,40,0,0,137,137,136,0.012579,0.0085,0.01258,1,0,1,2276.6
weighted_round_robin,2,125,1,11.519,13.401,1.0,1.0,40,40,0,0,137,137,137,0.012596,0.008471,0.01349,1,0,1,2276.6
weighted_round_robin,2,126,1,11.553,13.412,1.0,1.0,40,40,0,0,138,137,137,0.012709,0.00846,0.01349,1,0,1,2276.6
weighted_round_robin,2,127,1,11.253,12.697,1.0,1.0,40,40,0,0,138,138,137,0.012709,0.00846,0.012591,1,0,1,2276.6
weighted_round_robin,2,128,1,11.183,12.582,1.0,1.0,40,40,0,0,138,138,138,0.012541,0.008422,0.012587,1,0,1,2276.6
weighted_round_robin,2,129,1,11.384,12.853,1.0,1.0,40,40,0,0,139,138,138,0.012843,0.008454,0.012854,1,0,1,2276.6
weighted_round_robin,2,130,1,11.677,12.841,1.0,1.0,40,40,0,0,139,139,138,0.01253,0.009625,0.012876,1,0,1,2276.6
weighted_round_robin,2,131,1,11.203,12.635,1.0,1.0,40,40,0,0,139,139,139,0.012646,0.008429,0.012533,1,0,1,2276.6
weighted_round_robin,2,132,1,11.215,12.595,1.0,1.0,40,40,0,0,140,139,139,0.012599,0.008485,0.01256,1,0,1,2276.6
weighted_round_robin,2,133,1,11.215,12.595,1.0,1.0,40,40,0,0,140,140,139,0.012599,0.008485,0.01256,1,0,1,2276.6
weighted_round_robin,2,134,1,11.298,12.787,1.0,1.0,40,40,0,0,140,140,140,0.012806,0.008468,0.012619,1,0,1,2276.6
weighted_round_robin,2,135,1,11.258,12.859,1.0,1.0,40,40,0,0,141,140,140,0.012489,0.008384,0.0129,1,0,1,2276.6
weighted_round_robin,2,136,1,11.133,12.568,1.0,1.0,40,40,0,0,141,141,140,0.012591,0.008451,0.012358,1,0,1,2276.6
weighted_round_robin,2,137,1,11.178,12.577,1.0,1.0,40,40,0,0,141,141,141,0.012579,0.008392,0.012563,1,0,1,2276.6
weighted_round_robin,2,138,1,11.185,12.591,1.0,1.0,40,40,0,0,142,141,141,0.012568,0.008394,0.012594,1,0,1,2276.6
weighted_round_robin,2,139,1,11.268,12.719,1.0,1.0,40,40,0,0,142,142,141,0.012733,0.008478,0.012594,1,0,1,2276.6
weighted_round_robin,2,140,1,11.272,12.72,1.0,1.0,40,40,0,0,142,142,142,0.012733,0.008478,0.012604,1,0,1,2276.6
weighted_round_robin,2,141,1,11.417,12.867,1.0,1.0,40,40,0,0,143,142,142,0.012858,0.008524,0.012868,1,0,1,2276.6
weighted_round_robin,2,142,1,11.224,12.673,1.0,1.0,40,40,0,0,143,143,142,0.012564,0.008424,0.012685,1,0,1,2276.6
weighted_round_robin,2,143,1,11.182,12.587,1.0,1.0,40,40,0,0,143,143,143,0.012596,0.008444,0.012505,1,0,1,2276.6
weighted_round_robin,2,144,1,11.196,12.567,1.0,1.0,40,40,0,0,144,143,143,0.012519,0.008497,0.012572,1,0,1,2276.6
weighted_round_robin,2,145,1,11.284,12.559,1.0,1.0,40,40,0,0,144,144,143,0.012529,0.008761,0.012562,1,0,1,2276.6
weighted_round_robin,2,146,1,11.165,12.559,1.0,1.0,40,40,0,0,144,144,144,0.01253,0.008402,0.012562,1,0,1,2276.6
weighted_round_robin,2,147,1,11.178,12.595,1.0,1.0,40,40,0,0,145,144,144,0.01253,0.008402,0.012602,1,0,1,2276.6
weighted_round_robin,2,148,1,11.159,12.544,1.0,1.0,40,40,0,0,145,145,144,0.012513,0.008415,0.012548,1,0,1,2276.6
weighted_round_robin,2,149,1,11.655,13.061,1.0,1.0,40,40,0,0,145,145,145,0.013095,0.009111,0.012758,1,0,1,2276.6
weighted_round_robin,2,150,1,11.331,12.91,1.0,1.0,40,40,0,0,146,145,145,0.012614,0.008437,0.012943,1,1,1,2276.6
weighted_round_robin,2,151,11,15.394,20.158,1.0,1.0,40,40,1,0,149,149,149,0.012596,0.020998,0.012589,1,1,1,2276.6
weighted_round_robin,2,152,1,14.281,17.269,1.0,1.0,40,40,3,0,150,149,149,0.012511,0.017795,0.012537,1,1,1,2276.6
weighted_round_robin,2,153,11,14.281,17.269,1.0,1.0,40,40,3,0,153,153,153,0.012511,0.017795,0.012537,1,1,1,2276.6
weighted_round_robin,2,154,1,14.499,17.793,1.0,1.0,38,38,5,0,154,153,153,0.01254,0.018371,0.012586,1,1,1,2276.6
weighted_round_robin,2,155,11,14.487,17.412,1.0,1.0,38,38,6,0,157,157,157,0.012538,0.017899,0.013024,1,1,1,2276.6
weighted_round_robin,2,156,0,14.373,17.322,1.0,1.0,38,38,8,0,157,157,157,0.012709,0.017835,0.012576,1,1,1,2276.6
weighted_round_robin,2,157,1,14.564,17.774,1.0,1.0,32,32,9,0,158,157,157,0.012616,0.018333,0.012744,1,1,1,2276.6
weighted_round_robin,2,158,11,14.877,17.181,1.0,1.0,32,32,11,0,161,161,161,0.013369,0.017569,0.013693,1,1,1,2276.6
weighted_round_robin,2,159,1,14.78,17.362,1.0,1.0,32,32,12,0,162,161,161,0.012877,0.01777,0.013693,1,1,1,2276.6
weighted_round_robin,2,160,11,14.44,17.281,1.0,1.0,32,32,12,0,165,165,165,0.012877,0.01777,0.012673,1,1,1,2276.6
weighted_round_robin,2,161,1,14.356,17.264,1.0,1.0,32,32,14,0,166,165,165,0.012512,0.017761,0.012794,1,1,1,2276.6
weighted_round_robin,2,162,11,14.408,17.525,1.0,1.0,27,27,16,0,169,169,169,0.012579,0.018075,0.012569,1,1,1,2276.6
weighted_round_robin,2,163,1,14.29,17.19,1.0,1.0,27,27,17,0,170,169,169,0.012539,0.017696,0.012634,1,1,1,2276.6
weighted_round_robin,2,164,11,14.416,17.37,1.0,1.0,27,27,19,0,173,173,173,0.012831,0.017874,0.012544,1,1,1,2276.6
weighted_round_robin,2,165,1,14.431,17.283,1.0,1.0,21,21,20,0,174,173,173,0.012614,0.017769,0.012909,1,1,1,2276.6
weighted_round_robin,2,166,11,14.431,17.283,1.0,1.0,21,21,20,0,177,177,177,0.012614,0.017769,0.012909,1,1,1,2276.6
weighted_round_robin,2,167,1,14.448,17.628,1.0,1.0,22,21,22,0,178,177,177,0.012584,0.018189,0.012572,1,1,1,2276.6
weighted_round_robin,2,168,11,14.555,17.716,1.0,1.0,23,21,23,0,181,181,181,0.012518,0.018252,0.012896,1,1,1,2276.6
weighted_round_robin,2,169,1,14.279,17.097,1.0,1.0,25,21,25,0,182,181,181,0.012627,0.017594,0.012616,1,1,1,2276.6
weighted_round_robin,2,170,11,14.414,17.603,1.0,1.0,27,16,27,0,185,185,185,0.0125,0.018161,0.01258,1,1,1,2276.6
weighted_round_robin,2,171,1,14.436,17.338,1.0,1.0,28,16,28,0,186,185,185,0.012644,0.01784,0.012824,1,1,1,2276.6
weighted_round_robin,2,172,11,14.409,17.338,1.0,1.0,28,16,28,0,189,189,189,0.012562,0.01784,0.012824,1,1,1,2276.6
weighted_round_robin,2,173,1,14.525,17.626,1.0,1.0,30,16,30,0,190,189,189,0.012562,0.018156,0.012857,1,1,1,2276.6
weighted_round_robin,2,174,11,14.349,17.381,1.0,1.0,31,10,31,0,193,193,193,0.012546,0.017913,0.012589,1,1,1,2276.6
weighted_round_robin,2,175,1,14.803,18.181,1.0,1.0,33,10,33,0,194,193,193,0.012785,0.018774,0.012849,1,1,1,2276.6
weighted_round_robin,2,176,11,14.298,17.298,1.0,1.0,34,10,34,0,197,197,197,0.012514,0.017825,0.012556,1,1,1,2276.6
weighted_round_robin,2,177,1,14.422,17.531,1.0,1.0,36,10,36,0,198,197,197,0.012634,0.018075,0.012556,1,1,1,2276.6
weighted_round_robin,2,178,11,14.276,17.286,1.0,1.0,38,5,38,0,201,201,201,0.01246,0.017812,0.012556,1,1,1,2276.6
weighted_round_robin,2,179,1,14.281,17.288,1.0,1.0,38,5,38,0,202,201,201,0.01246,0.017812,0.012572,1,1,1,2276.6
weighted_round_robin,3,0,0,15.86,25.19,1.0,1.0,0,0,0,0,0,0,0,0.012548,0.008437,0.026595,1,1,1,2296.6
weighted_round_robin,3,1,1,15.9,25.284,0.3333,0.3333,43,0,43,3,1,0,0,0.012568,0.008434,0.026697,1,1,1,2296.6
weighted_round_robin,3,2,1,15.752,24.895,0.6667,0.6667,43,0,43,4,1,1,0,0.012585,0.008408,0.026263,1,1,1,2296.6
weighted_round_robin,3,3,11,16.225,25.697,0.9883,0.9883,43,0,43,6,5,4,4,0.012565,0.008955,0.027156,1,1,1,2296.6
weighted_round_robin,3,4,1,15.919,24.897,0.9899,0.9899,43,0,43,7,5,5,4,0.012743,0.008767,0.026247,1,1,1,2296.6
weighted_round_robin,3,5,11,15.919,24.897,0.9968,0.9968,43,0,43,7,9,8,8,0.012743,0.008767,0.026247,1,1,1,2296.6
weighted_round_robin,3,6,1,15.835,25.068,0.9971,0.9971,43,0,43,9,9,9,8,0.012593,0.008457,0.026454,1,1,1,2296.6
weighted_round_robin,3,7,11,15.753,24.994,0.9985,0.9985,43,0,43,11,13,12,12,0.012524,0.008354,0.02638,1,1,1,2296.6
weighted_round_robin,3,8,1,15.83,24.757,0.9986,0.9986,43,0,43,12,13,13,12,0.012686,0.008705,0.026098,1,1,1,2296.6
weighted_round_robin,3,9,11,15.877,24.428,0.9992,0.9992,43,0,43,14,17,16,16,0.01274,0.009163,0.025727,1,1,1,2296.6
weighted_round_robin,3,10,1,15.971,25.491,0.9992,0.9992,43,0,43,15,17,17,16,0.012591,0.008399,0.026924,1,1,1,2296.6
weighted_round_robin,3,11,11,15.936,25.48,0.9995,0.9995,43,0,43,15,21,20,20,0.012485,0.008399,0.026924,1,1,1,2296.6
weighted_round_robin,3,12,1,15.803,24.872,0.9995,0.9995,43,0,43,17,21,21,20,0.012485,0.008677,0.026248,1,1,1,2296.6
weighted_round_robin,3,13,11,16.189,25.401,0.9996,0.9996,43,0,43,18,25,24,24,0.012463,0.009265,0.026838,1,1,1,2296.6
weighted_round_robin,3,14,1,16.184,25.391,0.9996,0.9996,43,0,43,20,25,25,24,0.013363,0.008462,0.026728,1,1,1,2296.6
weighted_round_robin,3,15,11,15.557,24.328,0.9997,0.9997,43,0,43,25,29,28,28,0.012624,0.008418,0.025628,1,1,1,2296.6
weighted_round_robin,3,16,1,15.872,24.951,0.9997,0.9997,43,0,43,23,29,29,28,0.012602,0.008692,0.026323,1,1,1,2296.6
weighted_round_robin,3,17,11,15.83,24.947,0.9998,0.9998,43,0,43,23,33,32,32,0.012561,0.008607,0.026323,1,1,1,2296.6
weighted_round_robin,3,18,1,15.74,24.702,0.9998,0.9998,43,0,43,25,33,33,32,0.012561,0.008607,0.026051,1,1,1,2296.6
weighted_round_robin,3,19,11,15.793,24.969,0.9998,0.9998,43,0,43,26,37,36,36,0.012615,0.008423,0.026342,1,1,1,2296.6
weighted_round_robin,3,20,1,15.799,24.998,0.9998,0.9998,43,0,43,28,37,37,36,0.012589,0.008432,0.026377,1,1,1,2296.6
weighted_round_robin,3,21,11,16.079,25.538,0.9999,0.9999,43,0,43,29,41,40,40,0.012854,0.008435,0.026947,1,1,1,2296.6
weighted_round_robin,3,22,1,15.681,24.722,0.9999,0.9999,43,0,43,31,41,41,40,0.012582,0.008389,0.026071,1,1,1,2296.6
weighted_round_robin,3,23,1,15.957,24.542,1.0,1.0,43,0,43,32,41,41,41,0.013438,0.008656,0.025776,1,1,1,2296.6
weighted_round_robin,3,24,10,15.957,24.542,0.9999,0.9999,43,0,43,32,45,44,44,0.013438,0.008656,0.025776,1,1,1,2296.6
weighted_round_robin,3,25,1,15.587,24.52,0.9999,0.9999,43,0,43,34,45,45,44,0.012481,0.008423,0.025858,1,1,1,2296.6
weighted_round_robin,3,26,11,15.698,24.762,0.9999,0.9999,43,0,43,36,49,48,48,0.012563,0.008412,0.026118,1,1,1,2296.6
weighted_round_robin,3,27,1,15.596,24.484,0.9999,0.9999,43,0,43,37,49,49,48,0.01262,0.008367,0.025802,1,1,1,2296.6
weighted_round_robin,3,28,11,15.736,24.967,0.9999,0.9999,43,0,43,39,53,52,52,0.012465,0.008386,0.026356,1,1,1,2296.6
weighted_round_robin,3,29,1,15.64,24.716,0.9999,0.9999,40,0,38,40,53,53,52,0.012473,0.008372,0.026076,1,1,1,2296.6
weighted_round_robin,3,30,11,15.65,24.718,0.9999,1.0,40,0,38,40,57,56,56,0.012501,0.008372,0.026076,0,1,1,2296.6
weighted_round_robin,3,31,1,11.157,12.569,0.9999,0.9999,41,0,38,41,57,57,56,0.012501,0.008393,0.012576,0,1,1,2296.6
weighted_round_robin,3,32,1,11.262,12.765,1.0,1.0,41,0,38,41,57,57,57,0.012785,0.008419,0.012581,0,1,1,2296.6
weighted_round_robin,3,33,1,11.718,13.572,0.9999,1.0,41,0,32,41,58,57,57,0.013026,0.008496,0.013633,0,1,1,2296.6
weighted_round_robin,3,34,1,11.276,12.767,0.9999,0.9999,41,0,32,41,58,58,57,0.012789,0.008466,0.012573,0,1,1,2296.6
weighted_round_robin,3,35,1,11.461,13.099,1.0,1.0,41,0,32,41,58,58,58,0.012827,0.008428,0.013129,0,1,1,2296.6
weighted_round_robin,3,36,1,11.242,12.736,0.9999,1.0,41,0,32,41,59,58,58,0.012759,0.008441,0.012526,0,1,1,2296.6
weighted_round_robin,3,37,1,11.242,12.736,0.9999,0.9999,41,0,32,41,59,59,58,0.012759,0.008441,0.012526,0,1,1,2296.6
weighted_round_robin,3,38,1,11.211,12.6,1.0,1.0,41,0,27,41,59,59,59,0.012581,0.008449,0.012602,0,1,1,2296.6
weighted_round_robin,3,39,1,11.29,12.795,0.9999,1.0,41,0,27,41,60,59,59,0.012814,0.008432,0.012624,0,1,1,2296.6
weighted_round_robin,3,40,1,11.179,12.579,0.9999,0.9999,41,0,27,41,60,60,59,0.012585,0.00843,0.012523,0,1,1,2296.6
weighted_round_robin,3,41,1,11.187,12.546,1.0,1.0,41,0,22,41,60,60,60,0.012546,0.00847,0.012546,0,1,1,2296.6
weighted_round_robin,3,42,1,11.464,13.319,0.9999,1.0,41,0,22,41,61,60,60,0.013401,0.008404,0.012586,0,1,1,2296.6
weighted_round_robin,3,43,1,11.434,13.181,0.9999,0.9999,41,0,22,41,61,61,60,0.013247,0.00847,0.012586,0,1,1,2296.6
weighted_round_robin,3,44,1,11.403,13.172,1.0,1.0,41,0,22,41,61,61,61,0.013247,0.00847,0.012493,0,1,1,2296.6
weighted_round_robin,3,45,1,11.17,12.528,0.9999,1.0,41,0,16,41,62,61,61,0.012529,0.008462,0.01252,0,1,1,2296.6
weighted_round_robin,3,46,1,11.212,12.597,0.9999,0.9999,41,0,16,41,62,62,61,0.012566,0.008469,0.0126,0,1,1,2296.6
weighted_round_robin,3,47,1,11.22,12.569,1.0,1.0,41,0,16,41,62,62,62,0.012569,0.008521,0.012569,0,1,1,2296.6
weighted_round_robin,3,48,1,11.277,12.806,0.9999,1.0,41,0,16,41,63,62,62,0.012834,0.008443,0.012554,0,1,1,2296.6
weighted_round_robin,3,49,1,11.277,12.808,0.9999,0.9999,41,0,11,41,63,63,62,0.012531,0.008462,0.012839,0,1,1,2296.6
weighted_round_robin,3,50,1,11.391,12.868,1.0,1.0,41,0,11,41,63,63,63,0.012871,0.008462,0.012839,0,1,1,2296.6
weighted_round_robin,3,51,1,11.345,12.84,0.9999,1.0,41,0,11,41,64,63,63,0.012871,0.008604,0.01256,0,1,1,2296.6
weighted_round_robin,3,52,1,11.204,12.603,0.9999,0.9999,41,0,11,41,64,64,63,0.012603,0.00841,0.012599,0,1,1,2296.6
weighted_round_robin,3,53,1,11.223,12.713,1.0,1.0,41,0,5,41,64,64,64,0.012739,0.00845,0.01248,0,1,1,2296.6
weighted_round_robin,3,54,1,11.202,12.588,0.9999,1.0,41,0,5,41,65,64,64,0.01259,0.008445,0.012572,0,1,1,2296.6
weighted_round_robin,3,55,1,11.204,12.624,0.9999,0.9999,41,0,5,41,65,65,64,0.012551,0.00843,0.012632,0,1,1,2296.6
weighted_round_robin,3,56,1,11.207,12.593,1.0,1.0,41,0,5,41,65,65,65,0.012577,0.008448,0.012595,0,1,1,2296.6
weighted_round_robin,3,57,1,11.207,12.593,0.9999,1.0,41,0,5,41,66,65,65,0.012577,0.008448,0.012595,0,1,1,2296.6
weighted_round_robin,3,58,1,11.312,12.763,0.9999,0.9999,41,0,1,41,66,66,65,0.012788,0.00861,0.012537,0,1,1,2296.6
weighted_round_robin,3,59,1,11.255,12.7,1.0,1.0,41,0,1,41,66,66,66,0.012651,0.008409,0.012706,0,1,1,2296.6
weighted_round_robin,3,60,0,11.317,12.68,1.0,1.0,41,0,1,41,66,66,66,0.012702,0.008763,0.012486,0,1,1,2296.6
weighted_round_robin,3,61,1,11.204,12.642,0.9999,1.0,38,0,0,38,67,66,66,0.012655,0.008432,0.012526,0,1,1,2296.6
weighted_round_robin,3,62,1,11.277,12.807,1.0,0.9999,38,0,0,38,67,67,66,0.012838,0.008469,0.012524,0,1,1,2296.6
weighted_round_robin,3,63,1,11.185,12.543,1.0,1.0,38,0,0,38,67,67,67,0.012545,0.008486,0.012524,0,1,1,2296.6
weighted_round_robin,3,64,1,11.587,13.611,1.0,1.0,38,0,0,38,68,67,67,0.012545,0.008486,0.013729,0,1,1,2296.6
weighted_round_robin,3,65,1,11.188,12.571,1.0,0.9999,38,0,0,38,68,68,67,0.012566,0.008428,0.012571,0,1,1,2296.6
weighted_round_robin,3,66,1,11.305,12.867,1.0,1.0,33,0,0,33,68,68,68,0.012563,0.008452,0.012901,0,1,1,2296.6
weighted_round_robin,3,67,1,11.461,13.362,1.0,1.0,33,0,0,33,69,68,68,0.013457,0.008415,0.01251,0,1,1,2296.6
weighted_round_robin,3,68,1,11.516,12.889,1.0,0.9999,33,0,0,33,69,69,68,0.012922,0.009028,0.012597,0,1,1,2296.6
weighted_round_robin,3,69,1,11.179,12.575,1.0,1.0,27,0,0,27,69,69,69,0.012543,0.008417,0.012578,0,1,1,2296.6
weighted_round_robin,3,70,1,11.183,12.576,1.0,1.0,27,0,0,27,70,69,69,0.012554,0.008417,0.012578,0,1,1,2296.6
weighted_round_robin,3,71,1,11.19,12.551,1.0,0.9999,27,0,0,27,70,70,69,0.012554,0.008497,0.01252,0,1,1,2296.6
weighted_round_robin,3,72,1,11.231,12.637,1.0,1.0,27,0,0,27,70,70,70,0.012589,0.008461,0.012642,0,1,1,2296.6
weighted_round_robin,3,73,1,11.23,12.69,1.0,1.0,27,0,0,27,71,70,70,0.01271,0.008468,0.012511,0,1,1,2296.6
weighted_round_robin,3,74,1,11.301,12.926,1.0,0.9999,22,0,0,22,71,71,70,0.012495,0.008433,0.012974,0,1,1,2296.6
weighted_round_robin,3,75,1,11.199,12.615,1.0,1.0,22,0,0,22,71,71,71,0.012621,0.008415,0.01256,0,1,1,2296.6
weighted_round_robin,3,76,1,11.17,12.576,1.0,1.0,22,0,0,22,72,71,71,0.012505,0.008421,0.012584,0,1,1,2296.6
weighted_round_robin,3,77,1,11.17,12.576,1.0,1.0,22,0,0,22,72,72,71,0.012505,0.008421,0.012584,0,1,1,2296.6
weighted_round_robin,3,78,1,11.139,12.493,1.0,1.0,17,0,0,17,72,72,72,0.012494,0.008438,0.012484,0,1,1,2296.6
weighted_round_robin,3,79,1,11.55,13.288,1.0,1.0,17,0,0,17,73,72,72,0.012886,0.00843,0.013333,0,1,1,2296.6
weighted_round_robin,3,80,1,11.149,12.562,1.0,1.0,17,0,0,17,73,73,72,0.012566,0.008359,0.012521,0,1,1,2296.6
weighted_round_robin,3,81,1,11.211,12.591,1.0,1.0,17,0,0,17,73,73,73,0.012594,0.008473,0.012566,0,1,1,2296.6
weighted_round_robin,3,82,1,11.208,12.6,1.0,1.0,11,0,0,11,74,73,73,0.012601,0.008433,0.012591,0,1,1,2296.6
weighted_round_robin,3,83,1,11.415,12.584,1.0,1.0,11,0,0,11,74,74,73,0.012525,0.00913,0.012591,0,1,1,2296.6
weighted_round_robin,3,84,1,11.549,12.946,1.0,1.0,11,0,0,11,74,74,74,0.012525,0.00913,0.012993,0,1,1,2296.6
weighted_round_robin,3,85,1,11.272,12.786,1.0,1.0,11,0,0,11,75,74,74,0.012554,0.00845,0.012812,0,1,1,2296.6
weighted_round_robin,3,86,1,11.301,12.78,1.0,1.0,6,0,0,6,75,75,74,0.012805,0.008541,0.012556,0,1,1,2296.6
weighted_round_robin,3,87,1,11.23,12.63,1.0,1.0,6,0,0,6,75,75,75,0.012645,0.008548,0.012497,0,1,1,2296.6
weighted_round_robin,3,88,1,11.462,13.268,1.0,1.0,6,0,0,6,76,75,75,0.012575,0.008466,0.013345,0,1,1,2296.6
weighted_round_robin,3,89,1,11.251,12.73,1.0,1.0,6,0,0,6,76,76,75,0.012533,0.008469,0.012752,0,1,1,2296.6
weighted_round_robin,3,90,1,11.453,13.033,1.0,1.0,6,0,0,6,76,76,76,0.013064,0.008542,0.012752,1,1,1,2296.6
weighted_round_robin,3,91,11,11.423,13.024,1.0,1.0,1,0,0,1,80,80,79,0.013064,0.008542,0.012662,1,1,1,2296.6
weighted_round_robin,3,92,1,15.774,24.68,1.0,1.0,2,2,0,1,80,80,80,0.025993,0.008463,0.012866,1,1,1,2296.6
weighted_round_robin,3,93,11,16.405,25.79,1.0,1.0,3,3,0,1,84,84,83,0.027167,0.008654,0.013395,1,1,1,2296.6
weighted_round_robin,3,94,1,15.724,24.806,1.0,1.0,5,5,0,0,84,84,84,0.026169,0.00846,0.012542,1,1,1,2296.6
weighted_round_robin,3,95,11,15.793,25.002,1.0,1.0,6,6,0,0,88,88,87,0.026389,0.008466,0.012523,1,1,1,2296.6
weighted_round_robin,3,96,1,15.693,24.775,1.0,1.0,8,8,0,0,88,88,88,0.026136,0.008419,0.012523,1,1,1,2296.6
weighted_round_robin,3,97,1,15.716,24.782,1.0,1.0,8,8,0,0,89,88,88,0.026136,0.008419,0.012593,1,1,1,2296.6
weighted_round_robin,3,98,10,15.738,24.92,1.0,1.0,10,10,0,0,92,92,91,0.026306,0.008457,0.012451,1,1,1,2296.6
weighted_round_robin,3,99,1,15.88,24.82,1.0,1.0,11,11,0,0,92,92,92,0.026128,0.008468,0.013045,1,1,1,2296.6
weighted_round_robin,3,100,11,15.851,24.884,1.0,1.0,13,13,0,0,96,96,95,0.026251,0.008716,0.012586,1,1,1,2296.6
weighted_round_robin,3,101,1,15.916,25.299,1.0,1.0,14,14,0,0,96,96,96,0.026711,0.008444,0.012592,1,1,1,2296.6
weighted_round_robin,3,102,11,15.847,25.087,1.0,1.0,16,16,0,0,100,100,99,0.026474,0.008466,0.012601,1,1,1,2296.6
weighted_round_robin,3,103,1,15.847,25.087,1.0,1.0,16,16,0,0,100,100,100,0.026474,0.008466,0.012601,1,1,1,2296.6
weighted_round_robin,3,104,11,16.043,24.89,1.0,1.0,17,17,0,0,104,104,103,0.026264,0.009338,0.012527,1,1,1,2296.6
weighted_round_robin,3,105,1,15.828,25.052,1.0,1.0,19,19,0,0,104,104,104,0.026432,0.008424,0.012629,1,1,1,2296.6
weighted_round_robin,3,106,11,16.134,25.012,1.0,1.0,21,21,0,0,108,108,107,0.026394,0.009433,0.012576,1,1,1,2296.6
weighted_round_robin,3,107,1,15.722,24.765,1.0,1.0,22,22,0,0,108,108,108,0.026114,0.008433,0.01262,1,1,1,2296.6
weighted_round_robin,3,108,11,15.718,24.816,1.0,1.0,24,24,0,0,112,112,111,0.026181,0.008444,0.012529,1,1,1,2296.6
weighted_round_robin,3,109,1,15.646,24.622,1.0,1.0,25,25,0,0,112,112,112,0.025966,0.008444,0.012529,1,1,1,2296.6
weighted_round_robin,3,110,11,15.725,24.647,1.0,1.0,25,25,0,0,116,116,115,0.025966,0.008432,0.012777,1,1,1,2296.6
weighted_round_robin,3,111,1,15.848,25.136,1.0,1.0,27,27,0,0,116,116,116,0.026528,0.008411,0.012606,1,1,1,2296.6
weighted_round_robin,3,112,11,15.733,24.876,1.0,1.0,28,28,0,0,120,120,119,0.026246,0.008405,0.012549,1,1,1,2296.6
weighted_round_robin,3,113,1,15.917,24.806,1.0,1.0,30,30,0,0,120,120,120,0.026169,0.009046,0.012537,1,1,1,2296.6
weighted_round_robin,3,114,11,16.091,24.996,1.0,1.0,32,32,0,0,124,124,123,0.026267,0.008446,0.013559,1,1,1,2296.6
weighted_round_robin,3,115,1,16.175,25.224,1.0,1.0,33,33,0,0,124,124,124,0.02652,0.008446,0.013559,1,1,1,2296.6
weighted_round_robin,3,116,11,15.825,25.123,1.0,1.0,33,33,0,0,128,128,127,0.02652,0.008401,0.012553,1,1,1,2296.6
weighted_round_robin,3,117,1,15.87,25.139,1.0,1.0,35,35,0,0,128,128,128,0.026532,0.00848,0.012599,1,1,1,2296.6
weighted_round_robin,3,118,11,15.888,25.096,1.0,1.0,36,36,0,0,132,132,131,0.026489,0.008612,0.012563,1,1,1,2296.6
weighted_round_robin,3,119,1,15.881,25.217,1.0,1.0,38,38,0,0,132,132,132,0.026622,0.008447,0.012573,1,1,1,2296.6
weighted_round_robin,3,120,11,15.965,25.265,1.0,1.0,39,39,0,0,136,136,135,0.026643,0.008385,0.012868,1,0,1,2296.6
weighted_round_robin,3,121,1,11.56,12.84,1.0,1.0,40,40,0,0,136,136,136,0.012585,0.009227,0.012868,1,0,1,2296.6
weighted_round_robin,3,122,0,11.505,12.691,1.0,1.0,40,40,0,0,136,136,136,0.012585,0.009227,0.012703,1,0,1,2296.6
weighted_round_robin,3,123,1,11.539,13.004,1.0,1.0,40,40,0,0,137,136,136,0.013025,0.008779,0.012813,1,0,1,2296.6
weighted_round_robin,3,124,1,11.23,12.599,1.0,1.0,40,40,0,0,137,137,136,0.012607,0.008551,0.012532,1,0,1,2296.6
weighted_round_robin,3,125,1,11.362,12.867,1.0,1.0,40,40,0,0,137,137,137,0.012875,0.008414,0.012796,1,0,1,2296.6
weighted_round_robin,3,126,1,11.248,12.747,1.0,1.0,40,40,0,0,138,137,137,0.012763,0.008378,0.012604,1,0,1,2296.6
weighted_round_robin,3,127,1,11.198,12.578,1.0,1.0,40,40,0,0,138,138,137,0.012576,0.00844,0.012578,1,0,1,2296.6
weighted_round_robin,3,128,1,11.26,12.743,1.0,1.0,40,40,0,0,138,138,138,0.012761,0.00844,0.012578,1,0,1,2296.6
weighted_round_robin,3,129,1,11.324,12.759,1.0,1.0,40,40,0,0,139,138,138,0.012761,0.008471,0.01274,1,0,1,2296.6
weighted_round_robin,3,130,1,11.342,12.851,1.0,1.0,40,40,0,0,139,139,138,0.012855,0.00836,0.012812,1,0,1,2296.6
weighted_round_robin,3,131,1,11.172,12.592,1.0,1.0,40,40,0,0,139,139,139,0.012482,0.00843,0.012604,1,0,1,2296.6
weighted_round_robin,3,132,1,11.319,12.591,1.0,1.0,40,40,0,0,140,139,139,0.012592,0.008785,0.012579,1,0,1,2296.6
weighted_round_robin,3,133,1,11.576,13.389,1.0,1.0,40,40,0,0,140,140,139,0.013479,0.008665,0.012584,1,0,1,2296.6
weighted_round_robin,3,134,1,11.272,12.773,1.0,1.0,40,40,0,0,140,140,140,0.012791,0.008413,0.012613,1,0,1,2296.6
weighted_round_robin,3,135,1,11.272,12.773,1.0,1.0,40,40,0,0,141,140,140,0.012791,0.008413,0.012613,1,0,1,2296.6
weighted_round_robin,3,136,1,11.124,12.522,1.0,1.0,40,40,0,0,141,141,140,0.012463,0.008381,0.012529,1,0,1,2296.6
weighted_round_robin,3,137,1,11.319,12.803,1.0,1.0,40,40,0,0,141,141,141,0.012812,0.008421,0.012725,1,0,1,2296.6
weighted_round_robin,3,138,1,11.199,12.568,1.0,1.0,40,40,0,0,142,141,141,0.012534,0.008491,0.012572,1,0,1,2296.6
weighted_round_robin,3,139,1,11.422,12.548,1.0,1.0,40,40,0,0,142,142,141,0.012524,0.009191,0.012551,1,0,1,2296.6
weighted_round_robin,3,140,1,11.188,12.588,1.0,1.0,40,40,0,0,142,142,142,0.012543,0.008429,0.012593,1,0,1,2296.6
weighted_round_robin,3,141,1,11.353,12.806,1.0,1.0,40,40,0,0,143,142,142,0.012807,0.008459,0.012794,1,0,1,2296.6
weighted_round_robin,3,142,1,11.353,12.806,1.0,1.0,40,40,0,0,143,143,142,0.012807,0.008459,0.012794,1,0,1,2296.6
weighted_round_robin,3,143,1,11.743,12.961,1.0,1.0,40,40,0,0,143,143,143,0.012624,0.009607,0.012998,1,0,1,2296.6
weighted_round_robin,3,144,1,11.308,12.561,1.0,1.0,40,40,0,0,144,143,143,0.012567,0.008847,0.012511,1,0,1,2296.6
weighted_round_robin,3,145,1,11.327,12.985,1.0,1.0,40,40,0,0,144,144,143,0.013029,0.008368,0.012585,1,0,1,2296.6
weighted_round_robin,3,146,1,11.211,12.606,1.0,1.0,40,40,0,0,144,144,144,0.012612,0.008473,0.012549,1,0,1,2296.6
weighted_round_robin,3,147,1,11.193,12.583,1.0,1.0,40,40,0,0,145,144,144,0.012586,0.008434,0.012558,1,0,1,2296.6
weighted_round_robin,3,148,1,11.18,12.606,1.0,1.0,40,40,0,0,145,145,144,0.012611,0.008372,0.012558,1,0,1,2296.6
weighted_round_robin,3,149,1,11.216,12.659,1.0,1.0,40,40,0,0,145,145,145,0.012611,0.008372,0.012664,1,0,1,2296.6
weighted_round_robin,3,150,1,11.205,12.58,1.0,1.0,40,40,0,0,146,145,145,0.012567,0.008466,0.012582,1,1,1,2296.6
weighted_round_robin,3,151,11,15.473,20.508,1.0,1.0,40,40,1,0,149,149,149,0.012583,0.021388,0.012449,1,1,1,2296.6
weighted_round_robin,3,152,1,14.34,17.353,1.0,1.0,40,40,3,0,150,149,149,0.012592,0.017882,0.012546,1,1,1,2296.6
weighted_round_robin,3,153,11,14.566,17.543,1.0,1.0,40,40,4,0,153,153,153,0.012821,0.018068,0.01281,1,1,1,2296.6
weighted_round_robin,3,154,1,14.326,17.314,1.0,1.0,40,40,6,0,154,153,153,0.012494,0.017832,0.012652,1,1,1,2296.6
weighted_round_robin,3,155,11,14.326,17.314,1.0,1.0,40,40,6,0,157,157,157,0.012494,0.017832,0.012652,1,1,1,2296.6
weighted_round_robin,3,156,1,14.477,17.438,1.0,1.0,35,35,8,0,158,157,157,0.012719,0.017959,0.012752,1,1,1,2296.6
weighted_round_robin,3,157,11,14.535,17.381,1.0,1.0,35,35,9,0,161,161,161,0.012889,0.01788,0.012835,1,1,1,2296.6
weighted_round_robin,3,158,0,14.376,17.314,1.0,1.0,35,35,11,0,161,161,161,0.012792,0.017817,0.01252,1,1,1,2296.6
weighted_round_robin,3,159,1,14.549,17.539,1.0,1.0,35,35,12,0,162,161,161,0.013033,0.01804,0.012573,1,1,1,2296.6
weighted_round_robin,3,160,11,14.776,18.373,1.0,1.0,29,29,14,0,165,165,165,0.012786,0.018994,0.012548,1,1,1,2296.6
weighted_round_robin,3,161,1,14.978,18.434,1.0,1.0,29,29,14,0,166,165,165,0.013391,0.018994,0.012548,1,1,1,2296.6
weighted_round_robin,3,162,11,14.84,18.055,1.0,1.0,29,29,15,0,169,169,169,0.013391,0.018573,0.012557,1,1,1,2296.6
weighted_round_robin,3,163,1,14.619,17.352,1.0,1.0,29,29,17,0,170,169,169,0.013273,0.017805,0.012779,1,1,1,2296.6
weighted_round_robin,3,164,11,14.354,17.149,1.0,1.0,24,24,19,0,173,173,173,0.012632,0.017633,0.012797,1,1,1,2296.6
weighted_round_robin,3,165,1,14.691,17.6,1.0,1.0,24,24,20,0,174,173,173,0.013373,0.01807,0.012631,1,1,1,2296.6
weighted_round_robin,3,166,11,14.724,17.583,1.0,1.0,24,24,22,0,177,177,177,0.013372,0.018051,0.012748,1,1,1,2296.6
weighted_round_robin,3,167,1,14.355,17.245,1.0,1.0,23,18,23,0,178,177,177,0.012571,0.017745,0.012748,1,1,1,2296.6
weighted_round_robin,3,168,11,14.37,17.25,1.0,1.0,23,18,23,0,181,181,181,0.012571,0.017745,0.012793,1,1,1,2296.6
weighted_round_robin,3,169,1,14.341,17.294,1.0,1.0,25,18,25,0,182,181,181,0.01262,0.017813,0.012589,1,1,1,2296.6
weighted_round_robin,3,170,11,14.292,17.297,1.0,1.0,26,18,26,0,185,185,185,0.012501,0.017825,0.01255,1,1,1,2296.6
weighted_round_robin,3,171,1,14.287,17.04,1.0,1.0,28,18,28,0,186,185,185,0.012859,0.017504,0.012498,1,1,1,2296.6
weighted_round_robin,3,172,11,14.243,17.339,1.0,1.0,30,13,30,0,189,189,189,0.012255,0.017865,0.012609,1,1,1,2296.6
weighted_round_robin,3,173,1,14.641,17.578,1.0,1.0,31,13,31,0,190,189,189,0.013376,0.018045,0.012501,1,1,1,2296.6
weighted_round_robin,3,174,11,14.641,17.578,1.0,1.0,31,13,31,0,193,193,193,0.013376,0.018045,0.012501,1,1,1,2296.6
weighted_round_robin,3,175,1,14.68,17.693,1.0,1.0,33,13,33,0,194,193,193,0.012508,0.018175,0.013357,1,1,1,2296.6
weighted_round_robin,3,176,11,14.367,17.426,1.0,1.0,34,7,34,0,197,197,197,0.01256,0.017965,0.012577,1,1,1,2296.6
weighted_round_robin,3,177,1,14.358,17.243,1.0,1.0,36,7,36,0,198,197,197,0.012782,0.017739,0.012552,1,1,1,2296.6
weighted_round_robin,3,178,11,14.433,17.597,1.0,1.0,37,7,37,0,201,201,201,0.01258,0.018154,0.012566,1,1,1,2296.6
weighted_round_robin,3,179,1,14.295,17.227,1.0,1.0,39,7,39,0,202,201,201,0.012576,0.017744,0.012565,1,1,1,2296.6
random,1,0,0,15.875,25.006,1.0,1.0,0,0,0,0,0,0,0,0.01262,0.008623,0.026382,1,1,1,2001.5
random,1,1,1,15.782,24.855,0.3333,0.3333,43,0,43,3,0,1,0,0.01262,0.008511,0.026215,1,1,1,2001.5
random,1,2,11,15.888,24.836,0.8889,0.8889,43,0,43,5,2,5,5,0.012608,0.008862,0.026195,1,1,1,2001.5
random,1,3,11,15.989,24.954,0.943,0.943,43,0,43,7,5,9,9,0.013311,0.008408,0.026248,1,1,1,2001.5
random,1,4,1,15.763,24.796,0.932,0.932,43,0,43,8,5,10,9,0.01276,0.008396,0.026133,1,1,1,2001.5
random,1,5,1,15.606,24.426,0.9601,0.9601,43,0,43,9,6,10,9,0.012569,0.008506,0.025744,1,1,1,2001.5
random,1,6,1,15.589,24.427,0.9468,0.9468,43,0,43,9,6,11,9,0.012571,0.008451,0.025744,1,1,1,2001.5
random,1,7,11,15.708,24.749,0.9648,0.9648,43,0,43,10,9,14,14,0.012571,0.008451,0.026102,1,1,1,2001.5
random,1,8,11,16.064,25.12,0.9673,0.9673,43,0,43,12,12,19,17,0.01262,0.009064,0.026509,1,1,1,2001.5
random,1,9,1,15.71,24.742,0.9608,0.9608,43,0,43,14,12,20,17,0.012575,0.00846,0.026094,1,1,1,2001.5
random,1,10,11,15.734,24.795,0.9804,0.9804,43,0,43,16,16,22,22,0.012557,0.008489,0.026155,1,1,1,2001.5
random,1,11,11,15.988,25.528,0.9696,0.9696,43,0,43,18,18,25,28,0.012561,0.008435,0.026969,1,1,1,2001.5
random,1,12,11,15.672,24.355,0.9779,0.9779,43,0,43,20,22,28,32,0.012611,0.008746,0.02566,1,1,1,2001.5
random,1,13,1,15.672,24.355,0.9776,0.9776,43,0,43,20,22,29,32,0.012611,0.008746,0.02566,1,1,1,2001.5
random,1,14,1,15.771,24.958,0.9767,0.9767,43,0,43,21,22,30,32,0.012575,0.008404,0.026334,1,1,1,2001.5
random,1,15,11,16.076,24.984,0.9965,0.9965,43,0,43,22,29,33,33,0.012576,0.00929,0.026363,1,1,1,2001.5
random,1,16,1,15.887,25.271,0.9955,0.9955,43,0,43,24,29,34,33,0.012574,0.008406,0.026682,1,1,1,2001.5
random,1,17,11,16.027,24.716,0.9946,0.9946,43,0,43,25,32,37,38,0.013506,0.008613,0.025961,1,1,1,2001.5
random,1,18,1,15.935,25.31,0.9939,0.9939,43,0,43,27,32,38,38,0.012517,0.008557,0.026732,1,1,1,2001.5
random,1,19,1,16.225,25.397,0.9958,0.9958,43,0,43,27,33,38,38,0.013387,0.008557,0.026732,1,1,1,2001.5
random,1,20,11,16.013,24.931,0.9885,0.9885,43,0,43,28,34,42,44,0.013387,0.008438,0.026214,1,1,1,2001.5
random,1,21,11,16.134,25.666,0.983,0.983,43,0,43,30,37,43,51,0.012875,0.008441,0.027087,1,1,1,2001.5
random,1,22,1,15.661,24.654,0.9854,0.9854,43,0,43,32,38,43,51,0.012563,0.008423,0.025997,1,1,1,2001.5
random,1,23,0,15.773,24.906,0.9854,0.9854,43,0,43,33,38,43,51,0.012577,0.008466,0.026276,1,1,1,2001.5
random,1,24,1,15.701,24.77,0.9858,0.9858,43,0,43,34,38,44,51,0.012553,0.008422,0.026128,1,1,1,2001.5
random,1,25,11,15.708,24.772,0.9743,0.9743,43,0,43,34,39,47,58,0.012573,0.008424,0.026128,1,1,1,2001.5
random,1,26,1,15.889,25.26,0.9749,0.9749,43,0,43,36,39,48,58,0.012573,0.008424,0.02667,1,1,1,2001.5
random,1,27,11,16.181,25.716,0.9734,0.9734,40,0,40,38,42,51,63,0.012872,0.008527,0.027143,1,1,1,2001.5
random,1,28,1,15.794,24.773,0.9738,0.9738,40,0,40,39,42,52,63,0.012827,0.008454,0.0261,1,1,1,2001.5
random,1,29,11,15.913,25.384,0.981,0.981,41,0,40,41,46,57,65,0.012505,0.008419,0.026815,1,1,1,2001.5
random,1,30,1,15.922,25.306,0.9832,0.9957,42,0,40,42,47,57,65,0.012544,0.008497,0.026724,0,1,1,2001.5
random,1,31,1,16.001,25.333,0.9852,0.9957,42,0,35,42,48,57,65,0.012813,0.008466,0.026724,0,1,1,2001.5
random,1,32,1,11.302,12.794,0.987,0.9957,42,0,35,42,49,57,65,0.012813,0.008466,0.012627,0,1,1,2001.5
random,1,33,1,11.184,12.568,0.9887,0.9957,42,0,35,42,50,57,65,0.01256,0.008424,0.012569,0,1,1,2001.5
random,1,34,1,11.516,13.243,0.9888,0.9968,42,0,35,42,50,58,65,0.013317,0.008653,0.012577,0,1,1,2001.5
random,1,35,1,11.316,12.814,0.9888,0.9977,42,0,29,42,50,59,65,0.012641,0.008474,0.012833,0,1,1,2001.5
random,1,36,1,11.181,12.566,0.9887,0.9984,42,0,29,42,50,60,65,0.012566,0.008412,0.012566,0,1,1,2001.5
random,1,37,1,11.79,13.391,0.9875,0.9977,42,0,29,42,50,60,66,0.013397,0.008638,0.013336,0,1,1,2001.5
random,1,38,1,11.529,13.264,0.9862,0.997,42,0,29,42,50,60,67,0.012613,0.008638,0.013336,0,1,1,2001.5
random,1,39,1,11.672,13.767,0.9861,0.9978,42,0,29,42,50,61,67,0.012613,0.008509,0.013895,0,1,1,2001.5
random,1,40,1,11.282,12.784,0.9848,0.9971,42,0,24,42,50,61,68,0.012803,0.008426,0.012617,0,1,1,2001.5
random,1,41,1,11.49,13.377,0.9867,0.9971,42,0,24,42,51,61,68,0.01255,0.008452,0.013469,0,1,1,2001.5
random,1,42,1,11.276,12.895,0.9853,0.9962,42,0,24,42,51,61,69,0.01245,0.008432,0.012945,0,1,1,2001.5
random,1,43,1,11.328,12.835,0.9839,0.9953,42,0,18,42,51,61,70,0.012843,0.008383,0.012759,0,1,1,2001.5
random,1,44,1,11.184,12.598,0.9824,0.9943,42,0,18,42,51,61,71,0.01261,0.008455,0.012487,0,1,1,2001.5
random,1,45,1,11.184,12.598,0.9842,0.9943,42,0,18,42,52,61,71,0.01261,0.008455,0.012487,0,1,1,2001.5
random,1,46,1,11.204,12.623,0.9844,0.9954,42,0,18,42,52,62,71,0.012629,0.008413,0.012571,0,1,1,2001.5
random,1,47,1,11.532,13.286,0.9845,0.9964,42,0,18,42,52,63,71,0.012585,0.008647,0.013364,0,1,1,2001.5
random,1,48,1,11.178,12.579,0.9862,0.9964,42,0,13,42,53,63,71,0.012535,0.008416,0.012584,0,1,1,2001.5
random,1,49,1,11.465,13.314,0.9862,0.9973,42,0,13,42,53,64,71,0.013398,0.008437,0.012559,0,1,1,2001.5
random,1,50,1,11.213,12.597,0.9849,0.9966,42,0,13,42,53,64,72,0.012568,0.00847,0.0126,0,1,1,2001.5
random,1,51,1,11.232,12.704,0.9836,0.9957,42,0,7,42,53,64,73,0.012716,0.00838,0.0126,0,1,1,2001.5
random,1,52,1,11.195,12.693,0.9836,0.9967,42,0,7,42,53,65,73,0.012716,0.00838,0.012489,0,1,1,2001.5
random,1,53,1,11.371,12.986,0.9823,0.9958,42,0,7,42,53,65,74,0.01261,0.008475,0.013028,0,1,1,2001.5
random,1,54,1,11.152,12.543,0.9808,0.9949,42,0,7,42,53,65,75,0.012542,0.00837,0.012543,0,1,1,2001.5
random,1,55,1,11.194,12.607,0.9827,0.9949,42,0,7,42,54,65,75,0.012557,0.008413,0.012613,0,1,1,2001.5
random,1,56,1,11.167,12.576,0.9828,0.9959,42,0,2,42,54,66,75,0.012556,0.008368,0.012578,0,1,1,2001.5
random,1,57,1,11.757,13.466,0.9846,0.9959,42,0,2,42,55,66,75,0.013476,0.008417,0.013377,0,1,1,2001.5
random,1,58,1,11.534,13.32,0.9846,0.9968,42,0,2,42,55,67,75,0.012808,0.008417,0.013377,0,1,1,2001.5
random,1,59,1,11.35,12.833,0.9845,0.9976,42,0,2,42,55,68,75,0.012808,0.008407,0.012836,0,1,1,2001.5
random,1,60,0,11.177,12.583,0.9845,0.9976,41,0,0,41,55,68,75,0.012589,0.008412,0.01253,0,1,1,2001.5
random,1,61,1,11.508,13.383,0.9843,0.9983,41,0,0,41,55,69,75,0.012596,0.008457,0.013471,0,1,1,2001.5
random,1,62,1,11.174,12.595,0.986,0.9983,41,0,0,41,56,69,75,0.012603,0.008402,0.012518,0,1,1,2001.5
random,1,63,1,11.409,12.972,0.9858,0.9988,41,0,0,41,56,70,75,0.012994,0.008455,0.012777,0,1,1,2001.5
random,1,64,1,11.352,12.954,0.9855,0.9992,35,0,0,35,56,71,75,0.012671,0.008398,0.012986,0,1,1,2001.5
random,1,65,1,11.31,12.942,0.9872,0.9992,35,0,0,35,57,71,75,0.012547,0.008398,0.012986,0,1,1,2001.5
random,1,66,1,11.147,12.535,0.9887,0.9992,35,0,0,35,58,71,75,0.012547,0.008466,0.012428,0,1,1,2001.5
random,1,67,1,11.278,12.836,0.9878,0.9988,35,0,0,35,58,71,76,0.012546,0.008421,0.012868,0,1,1,2001.5
random,1,68,1,11.36,12.558,0.9868,0.9984,31,0,0,31,58,71,77,0.012559,0.008977,0.012544,0,1,1,2001.5
random,1,69,1,11.263,12.774,0.9884,0.9984,31,0,0,31,59,71,77,0.0128,0.008448,0.012541,0,1,1,2001.5
random,1,70,1,11.254,12.734,0.9898,0.9984,31,0,0,31,60,71,77,0.012534,0.008472,0.012756,0,1,1,2001.5
random,1,71,1,11.346,12.697,0.9896,0.9989,24,0,0,24,60,72,77,0.012714,0.008777,0.012546,0,1,1,2001.5
random,1,72,1,11.346,12.697,0.9887,0.9984,24,0,0,24,60,72,78,0.012714,0.008777,0.012546,0,1,1,2001.5
random,1,73,1,11.186,12.578,0.9885,0.9989,24,0,0,24,60,73,78,0.01258,0.008414,0.012563,0,1,1,2001.5
random,1,74,1,11.206,12.571,0.9876,0.9984,24,0,0,24,60,73,79,0.012572,0.008482,0.012563,0,1,1,2001.5
random,1,75,1,11.388,13.097,0.9866,0.9979,24,0,0,24,60,73,80,0.012528,0.008477,0.01316,0,1,1,2001.5
random,1,76,1,11.252,12.774,0.9864,0.9985,19,0,0,19,60,74,80,0.012555,0.008404,0.012798,0,1,1,2001.5
random,1,77,1,11.265,12.589,0.9854,0.998,19,0,0,19,60,74,81,0.012567,0.008636,0.012592,0,1,1,2001.5
random,1,78,1,11.307,12.68,0.9843,0.9974,19,0,0,19,60,74,82,0.01269,0.008639,0.012592,0,1,1,2001.5
random,1,79,1,11.29,12.675,0.9859,0.9974,19,0,0,19,61,74,82,0.01269,0.008639,0.01254,0,1,1,2001.5
random,1,80,1,11.172,12.548,0.9848,0.9967,14,0,0,14,61,74,83,0.01255,0.00844,0.012527,0,1,1,2001.5
random,1,81,1,11.326,12.896,0.9863,0.9967,14,0,0,14,62,74,83,0.012924,0.008408,0.012647,0,1,1,2001.5
random,1,82,1,11.275,12.804,0.9877,0.9967,14,0,0,14,63,74,83,0.012832,0.008438,0.012556,0,1,1,2001.5
random,1,83,1,11.166,12.55,0.989,0.9967,14,0,0,14,64,74,83,0.012507,0.008437,0.012555,0,1,1,2001.5
random,1,84,1,11.308,12.541,0.9902,0.9967,9,0,0,9,65,74,83,0.012531,0.008852,0.012542,0,1,1,2001.5
random,1,85,1,11.261,12.787,0.9903,0.9974,9,0,0,9,65,75,83,0.012814,0.008427,0.012542,0,1,1,2001.5
random,1,86,1,11.318,12.804,0.9903,0.9981,9,0,0,9,65,76,83,0.012814,0.008427,0.012712,0,1,1,2001.5
random,1,87,1,11.251,12.74,0.9893,0.9975,9,0,0,9,65,76,84,0.012758,0.008423,0.012573,0,1,1,2001.5
random,1,88,1,11.255,12.741,0.9884,0.9969,4,0,0,4,65,76,85,0.012577,0.008429,0.012759,0,1,1,2001.5
random,1,89,1,11.34,13.065,0.9883,0.9976,4,0,0,4,65,77,85,0.012456,0.008432,0.013133,0,1,1,2001.5
random,1,90,1,11.202,12.657,0.9896,0.9896,4,0,0,4,66,77,85,0.012672,0.008407,0.012526,1,1,1,2001.5
random,1,91,11,15.632,24.572,0.9925,0.9925,6,6,0,4,71,80,88,0.025909,0.008445,0.012541,1,1,1,2001.5
random,1,92,11,15.632,24.572,0.9944,0.9944,6,6,0,4,75,85,90,0.025909,0.008445,0.012541,1,1,1,2001.5
random,1,93,11,15.967,24.774,0.9966,0.9966,4,4,0,0,80,89,92,0.026129,0.009193,0.01258,1,1,1,2001.5
random,1,94,1,15.909,25.015,0.9964,0.9964,6,6,0,0,80,90,92,0.026398,0.008763,0.012566,1,1,1,2001.5
random,1,95,11,15.704,24.798,0.997,0.997,7,7,0,0,84,94,95,0.026158,0.008396,0.012557,1,1,1,2001.5
random,1,96,0,15.648,24.587,0.997,0.997,9,9,0,0,84,94,95,0.02592,0.00843,0.012595,1,1,1,2001.5
random,1,97,1,15.77,24.997,0.9968,0.9968,10,10,0,0,84,95,95,0.026375,0.008342,0.012594,1,1,1,2001.5
random,1,98,11,16.258,25.468,0.9973,0.9973,12,12,0,0,88,99,98,0.026898,0.009281,0.012594,1,1,1,2001.5
random,1,99,11,16.342,25.493,0.9982,0.9982,12,12,0,0,93,103,100,0.026898,0.009281,0.012846,1,1,1,2001.5
random,1,100,1,15.562,24.404,0.9981,0.9981,14,14,0,0,93,103,101,0.025721,0.008413,0.012551,1,1,1,2001.5
random,1,101,11,15.835,24.8,0.9992,0.9992,16,16,0,0,99,106,103,0.026119,0.008459,0.012927,1,1,1,2001.5
random,1,102,1,15.75,24.679,0.999,0.999,17,17,0,0,99,107,103,0.025997,0.008435,0.012819,1,1,1,2001.5
random,1,103,1,15.895,25.09,0.9987,0.9987,18,18,0,0,99,108,103,0.026456,0.008435,0.012794,1,1,1,2001.5
random,1,104,1,15.715,24.732,0.9984,0.9984,19,19,0,0,99,109,103,0.026076,0.008431,0.012638,1,1,1,2001.5
random,1,105,1,15.715,24.732,0.9985,0.9985,19,19,0,0,99,109,104,0.026076,0.008431,0.012638,1,1,1,2001.5
random,1,106,1,15.812,24.798,0.9985,0.9985,20,20,0,0,99,109,105,0.026153,0.00868,0.012603,1,1,1,2001.5
random,1,107,1,15.851,24.254,0.9982,0.9982,21,21,0,0,99,110,105,0.025546,0.009385,0.012623,1,1,1,2001.5
random,1,108,11,15.972,24.717,0.9979,0.9979,23,23,0,0,102,114,109,0.025964,0.008457,0.013494,1,1,1,2001.5
random,1,109,1,15.755,24.876,0.9976,0.9976,24,24,0,0,102,115,109,0.026242,0.008442,0.012581,1,1,1,2001.5
random,1,110,1,15.861,25.248,0.9973,0.9973,25,25,0,0,102,116,109,0.026656,0.008348,0.012579,1,1,1,2001.5
random,1,111,1,15.861,25.248,0.9969,0.9969,25,25,0,0,102,117,109,0.026656,0.008348,0.012579,1,1,1,2001.5
random,1,112,1,15.816,25.073,0.9964,0.9964,26,26,0,0,102,118,109,0.026469,0.008465,0.012514,1,1,1,2001.5
random,1,113,1,15.676,24.719,0.996,0.996,27,27,0,0,102,119,109,0.026073,0.008422,0.012534,1,1,1,2001.5
random,1,114,1,15.671,24.392,0.9955,0.9955,28,28,0,0,102,120,109,0.025665,0.00841,0.012938,1,1,1,2001.5
random,1,115,1,15.792,24.709,0.995,0.995,29,29,0,0,102,121,109,0.026055,0.008722,0.012598,1,1,1,2001.5
random,1,116,1,15.695,24.709,0.9945,0.9945,30,30,0,0,102,122,109,0.026057,0.008455,0.012573,1,1,1,2001.5
random,1,117,11,15.754,24.807,0.9939,0.9939,32,32,0,0,106,127,111,0.026166,0.008524,0.012573,1,1,1,2001.5
random,1,118,11,15.814,24.825,0.9964,0.9964,32,32,0,0,111,128,116,0.026166,0.008524,0.012752,1,1,1,2001.5
random,1,119,11,15.71,24.754,0.9981,0.9981,34,34,0,0,116,129,121,0.026106,0.008438,0.012586,1,1,1,2001.5
random,1,120,11,15.604,24.455,0.9985,0.9996,36,36,0,0,120,132,125,0.025771,0.008425,0.012616,1,0,1,2001.5
random,1,121,1,11.286,12.789,0.9982,0.9996,37,37,0,0,120,133,125,0.012811,0.008452,0.012595,1,0,1,2001.5
random,1,122,1,11.199,12.586,0.9982,0.9994,37,37,0,0,120,133,126,0.012586,0.008427,0.012585,1,0,1,2001.5
random,1,123,1,11.19,12.576,0.9982,0.9992,37,37,0,0,120,133,127,0.012528,0.008462,0.012581,1,0,1,2001.5
random,1,124,1,11.223,12.622,0.998,0.9992,37,37,0,0,120,134,127,0.012626,0.008462,0.012581,1,0,1,2001.5
random,1,125,1,11.222,12.638,0.998,0.999,37,37,0,0,120,134,128,0.012626,0.008401,0.012639,1,0,1,2001.5
random,1,126,0,11.446,13.337,0.998,0.999,37,37,0,0,120,134,128,0.012524,0.008388,0.013427,1,0,1,2001.5
random,1,127,1,11.535,12.749,0.9983,0.9992,37,37,0,0,121,134,128,0.012585,0.009254,0.012767,1,0,1,2001.5
random,1,128,1,11.163,12.54,0.9985,0.9994,37,37,0,0,122,134,128,0.012542,0.008426,0.01252,1,0,1,2001.5
random,1,129,1,11.195,12.584,0.9983,0.9994,37,37,0,0,122,135,128,0.012584,0.008418,0.012582,1,0,1,2001.5
random,1,130,1,11.262,12.849,0.998,0.9994,37,37,0,0,122,136,128,0.012886,0.008384,0.012515,1,0,1,2001.5
random,1,131,1,11.262,12.849,0.998,0.9992,37,37,0,0,122,136,129,0.012886,0.008384,0.012515,1,0,1,2001.5
random,1,132,1,11.485,12.6,0.9978,0.9992,37,37,0,0,122,137,129,0.01256,0.009291,0.012604,1,0,1,2001.5
random,1,133,1,11.183,12.577,0.9978,0.999,37,37,0,0,122,137,130,0.012552,0.008418,0.01258,1,0,1,2001.5
random,1,134,1,11.171,12.616,0.9978,0.9987,37,37,0,0,122,137,131,0.012485,0.008399,0.01263,1,0,1,2001.5
random,1,135,1,11.206,12.574,0.9977,0.9985,37,37,0,0,122,137,132,0.012574,0.008473,0.01257,1,0,1,2001.5
random,1,136,1,11.2,12.586,0.9976,0.9981,37,37,0,0,122,137,133,0.012562,0.008448,0.012589,1,0,1,2001.5
random,1,137,1,11.209,12.603,0.9974,0.9981,37,37,0,0,122,138,133,0.012588,0.008434,0.012605,1,0,1,2001.5
random,1,138,1,11.209,12.603,0.9978,0.9985,37,37,0,0,123,138,133,0.012588,0.008434,0.012605,1,0,1,2001.5
random,1,139,1,11.198,12.597,0.9975,0.9985,37,37,0,0,123,139,133,0.012575,0.008421,0.012599,1,0,1,2001.5
random,1,140,1,11.205,12.644,0.9978,0.9988,37,37,0,0,124,139,133,0.012653,0.008397,0.012564,1,0,1,2001.5
random,1,141,1,11.165,12.566,0.9976,0.9988,37,37,0,0,124,140,133,0.012497,0.008424,0.012574,1,0,1,2001.5
random,1,142,1,11.179,12.585,0.9975,0.9985,37,37,0,0,124,140,134,0.012591,0.008411,0.012534,1,0,1,2001.5
random,1,143,1,11.362,12.601,0.9979,0.9988,37,37,0,0,125,140,134,0.012605,0.00892,0.012561,1,0,1,2001.5
random,1,144,1,11.272,12.859,0.9982,0.9991,37,37,0,0,126,140,134,0.012892,0.008364,0.012561,1,0,1,2001.5
random,1,145,1,11.261,12.856,0.9979,0.9991,37,37,0,0,126,141,134,0.012892,0.008364,0.012527,1,0,1,2001.5
random,1,146,1,11.161,12.521,0.9979,0.9988,37,37,0,0,126,141,135,0.012523,0.008453,0.012507,1,0,1,2001.5
random,1,147,1,11.551,13.52,0.9976,0.9988,37,37,0,0,126,142,135,0.012627,0.008407,0.013619,1,0,1,2001.5
random,1,148,1,11.275,12.824,0.9979,0.9991,37,37,0,0,127,142,135,0.012545,0.008426,0.012855,1,0,1,2001.5
random,1,149,1,11.18,12.553,0.9982,0.9993,37,37,0,0,128,142,135,0.01254,0.008446,0.012555,1,0,1,2001.5
random,1,150,1,11.181,12.56,0.9985,0.9985,37,37,0,0,129,142,135,0.012559,0.008423,0.01256,1,1,1,2001.5
random,1,151,11,14.301,17.274,0.9972,0.9972,37,37,2,0,130,148,139,0.012546,0.017798,0.01256,1,1,1,2001.5
random,1,152,11,14.578,17.357,0.9967,0.9967,37,37,2,0,133,153,142,0.012546,0.017798,0.01339,1,1,1,2001.5
random,1,153,1,14.299,17.299,0.9968,0.9968,37,37,4,0,133,153,143,0.012536,0.017828,0.012532,1,1,1,2001.5
random,1,154,1,14.417,17.614,0.9971,0.9971,33,33,5,0,134,153,143,0.012557,0.018176,0.012519,1,1,1,2001.5
random,1,155,11,14.328,17.322,0.9968,0.9968,33,33,6,0,136,156,149,0.012573,0.01785,0.012561,1,1,1,2001.5
random,1,156,11,14.352,17.375,0.9974,0.9974,33,33,8,0,140,158,154,0.012529,0.017903,0.012625,1,1,1,2001.5
random,1,157,1,14.493,17.324,0.9973,0.9973,33,33,10,0,140,158,155,0.012888,0.017817,0.012774,1,1,1,2001.5
random,1,158,1,14.493,17.324,0.9976,0.9976,33,33,10,0,141,158,155,0.012888,0.017817,0.012774,1,1,1,2001.5
random,1,159,1,14.289,17.222,0.9979,0.9979,27,27,11,0,142,158,155,0.012537,0.017736,0.012593,1,1,1,2001.5
random,1,160,1,14.505,17.605,0.9982,0.9982,27,27,12,0,143,158,155,0.012876,0.01813,0.012509,1,1,1,2001.5
random,1,161,0,14.323,17.29,0.9982,0.9982,27,27,13,0,143,158,155,0.012529,0.017808,0.012631,1,1,1,2001.5
random,1,162,1,14.297,17.243,0.9984,0.9984,21,21,14,0,144,158,155,0.012543,0.017761,0.012586,1,1,1,2001.5
random,1,163,1,14.581,17.412,0.9987,0.9987,21,21,15,0,145,158,155,0.013318,0.017867,0.012558,1,1,1,2001.5
random,1,164,1,14.508,17.146,0.9989,0.9989,21,21,16,0,146,158,155,0.013405,0.017562,0.012558,1,1,1,2001.5
random,1,165,11,14.491,17.146,0.9991,0.9991,21,21,16,0,150,161,159,0.013405,0.017562,0.012507,1,1,1,2001.5
random,1,166,11,14.17,16.953,0.9989,0.9989,19,17,19,0,153,166,162,0.01253,0.017444,0.012536,1,1,1,2001.5
random,1,167,1,14.692,17.427,0.999,0.999,20,17,20,0,154,166,162,0.012776,0.017871,0.013428,1,1,1,2001.5
random,1,168,1,14.587,17.794,0.999,0.999,21,17,21,0,154,166,163,0.012885,0.018339,0.012536,1,1,1,2001.5
random,1,169,1,14.317,17.231,0.9989,0.9989,22,17,22,0,154,166,164,0.012615,0.017744,0.012591,1,1,1,2001.5
random,1,170,1,14.488,17.304,0.9989,0.9989,23,13,23,0,154,166,165,0.012823,0.0178,0.012841,1,1,1,2001.5
random,1,171,11,14.488,17.304,0.9991,0.9991,23,13,23,0,159,171,166,0.012823,0.0178,0.012841,1,1,1,2001.5
random,1,172,11,14.289,17.093,0.9997,0.9997,25,13,25,0,165,172,170,0.012668,0.017585,0.012613,1,1,1,2001.5
random,1,173,1,14.273,17.114,0.9997,0.9997,27,13,27,0,165,172,171,0.012593,0.017615,0.01261,1,1,1,2001.5
random,1,174,1,14.317,17.304,0.9998,0.9998,28,10,28,0,166,172,171,0.012516,0.017826,0.012608,1,1,1,2001.5
random,1,175,11,14.562,17.628,0.9998,0.9998,30,10,30,0,170,175,175,0.012539,0.018141,0.013006,1,1,1,2001.5
random,1,176,11,14.608,17.319,0.9996,0.9996,32,10,32,0,172,180,179,0.012711,0.017759,0.013354,1,1,1,2001.5
random,1,177,11,14.691,17.454,0.9995,0.9995,34,10,34,0,175,183,184,0.012809,0.017909,0.013354,1,1,1,2001.5
random,1,178,1,14.428,17.399,0.9996,0.9996,34,10,34,0,176,183,184,0.012809,0.017909,0.012567,1,1,1,2001.5
random,1,179,1,14.337,17.326,0.9995,0.9995,35,5,35,0,176,183,185,0.01253,0.017848,0.012632,1,1,1,2001.5
random,2,0,0,15.643,24.624,1.0,1.0,0,0,0,0,0,0,0,0.012555,0.00841,0.025965,1,1,1,1790.8
random,2,1,11,15.918,24.706,0.761,0.761,0,0,0,0,1,6,4,0.01338,0.00841,0.025965,1,1,1,1790.8
random,2,2,1,15.914,24.724,0.7273,0.7273,39,0,39,5,1,7,4,0.01338,0.008378,0.025984,1,1,1,1790.8
random,2,3,1,15.624,24.5,0.8164,0.8164,39,0,39,6,2,7,4,0.012684,0.008375,0.025813,1,1,1,1790.8
random,2,4,11,15.835,24.806,0.96,0.96,39,0,39,8,6,10,8,0.012924,0.008456,0.026126,1,1,1,1790.8
random,2,5,1,15.81,25.038,0.9781,0.9781,39,0,39,9,7,10,8,0.012583,0.008424,0.026422,1,1,1,1790.8
random,2,6,1,15.69,24.707,0.9883,0.9883,39,0,39,10,8,10,8,0.012579,0.008435,0.026055,1,1,1,1790.8
random,2,7,1,15.684,24.707,0.9918,0.9918,39,0,39,10,9,10,8,0.012574,0.008424,0.026055,1,1,1,1790.8
random,2,8,11,15.66,24.642,0.9627,0.9627,39,0,39,11,10,12,16,0.012574,0.008424,0.025983,1,1,1,1790.8
random,2,9,1,15.755,24.644,0.9731,0.9731,39,0,39,13,11,12,16,0.012914,0.008405,0.025947,1,1,1,1790.8
random,2,10,1,15.659,24.615,0.9768,0.9768,39,0,39,14,11,13,16,0.012589,0.008436,0.025951,1,1,1,1790.8
random,2,11,1,15.667,24.482,0.9779,0.9779,39,0,39,15,11,14,16,0.01279,0.00843,0.025781,1,1,1,1790.8
random,2,12,1,15.586,24.515,0.9866,0.9866,39,0,39,16,12,14,16,0.012577,0.008341,0.025841,1,1,1,1790.8
random,2,13,1,15.594,24.551,0.9925,0.9925,39,0,39,17,13,14,16,0.012515,0.00838,0.025888,1,1,1,1790.8
random,2,14,11,15.594,24.551,0.9759,0.9759,39,0,39,17,16,16,22,0.012515,0.00838,0.025888,1,1,1,1790.8
random,2,15,11,16.238,25.906,0.9801,0.9801,39,0,39,19,19,20,26,0.012617,0.008713,0.027383,1,1,1,1790.8
random,2,16,1,15.496,24.185,0.9837,0.9837,39,0,39,21,20,20,26,0.012558,0.008454,0.025477,1,1,1,1790.8
random,2,17,11,15.655,24.408,0.9906,0.9906,39,0,39,22,23,25,29,0.012567,0.008675,0.025724,1,1,1,1790.8
random,2,18,1,15.941,24.84,0.9912,0.9912,39,0,39,24,23,26,29,0.013263,0.008433,0.026126,1,1,1,1790.8
random,2,19,11,15.494,24.207,0.9812,0.9812,39,0,39,26,25,29,35,0.012558,0.008424,0.025501,1,1,1,1790.8
random,2,20,11,15.466,24.199,0.9903,0.9903,39,0,39,26,31,31,38,0.012485,0.008411,0.025501,1,1,1,1790.8
random,2,21,1,15.67,24.75,0.9916,0.9916,39,0,39,28,31,32,38,0.012485,0.008411,0.026113,1,1,1,1790.8
random,2,22,1,16.001,24.76,0.9926,0.9926,39,0,39,29,31,33,38,0.013383,0.008597,0.026024,1,1,1,1790.8
random,2,23,11,15.7,24.703,0.985,0.985,39,0,39,30,33,36,44,0.01262,0.008435,0.026046,1,1,1,1790.8
random,2,24,1,15.827,24.892,0.9859,0.9859,39,0,39,32,33,37,44,0.012773,0.008469,0.026238,1,1,1,1790.8
random,2,25,1,15.568,24.518,0.9864,0.9864,39,0,39,33,33,38,44,0.012428,0.008416,0.025861,1,1,1,1790.8
random,2,26,1,15.571,24.404,0.9888,0.9888,39,0,39,34,34,38,44,0.01255,0.008441,0.025721,1,1,1,1790.8
random,2,27,1,15.571,24.404,0.9866,0.9866,39,0,39,34,34,38,45,0.01255,0.008441,0.025721,1,1,1,1790.8
random,2,28,10,15.454,24.311,0.9867,0.9867,39,0,39,36,36,43,48,0.012282,0.008431,0.025648,1,1,1,1790.8
random,2,29,1,15.586,24.475,0.989,0.989,39,0,39,37,37,43,48,0.012531,0.008424,0.025802,1,1,1,1790.8
random,2,30,1,15.722,24.791,0.9911,0.997,38,0,34,38,38,43,48,0.012532,0.00848,0.026153,0,1,1,1790.8
random,2,31,1,11.26,12.585,0.9911,0.9981,38,0,34,38,38,44,48,0.012587,0.00863,0.012563,0,1,1,1790.8
random,2,32,1,11.603,12.918,0.9909,0.999,38,0,34,38,38,45,48,0.01255,0.0093,0.012959,0,1,1,1790.8
random,2,33,1,11.265,12.905,0.9928,0.999,38,0,28,38,39,45,48,0.012424,0.008411,0.012959,0,1,1,1790.8
random,2,34,1,11.154,12.606,0.9915,0.9982,38,0,28,38,39,45,49,0.012424,0.008411,0.012626,0,1,1,1790.8
random,2,35,1,11.162,12.559,0.9933,0.9982,38,0,28,38,40,45,49,0.012503,0.008419,0.012565,0,1,1,1790.8
random,2,36,1,11.187,12.565,0.9931,0.999,38,0,28,38,40,46,49,0.01257,0.008475,0.012516,0,1,1,1790.8
random,2,37,1,11.267,12.838,0.9947,0.999,38,0,28,38,41,46,49,0.012487,0.008438,0.012877,0,1,1,1790.8
random,2,38,1,11.183,12.589,0.9961,0.999,38,0,25,38,42,46,49,0.012593,0.008405,0.01255,0,1,1,1790.8
random,2,39,1,11.228,12.816,0.9972,0.999,38,0,25,38,43,46,49,0.012482,0.008348,0.012853,0,1,1,1790.8
random,2,40,1,11.248,12.822,0.9962,0.9983,38,0,25,38,43,46,50,0.012542,0.008348,0.012853,0,1,1,1790.8
random,2,41,1,11.163,12.54,0.9972,0.9983,38,0,25,38,44,46,50,0.012542,0.008424,0.012524,0,1,1,1790.8
random,2,42,1,11.519,13.268,0.9973,0.999,38,0,19,38,44,47,50,0.013347,0.008657,0.012552,0,1,1,1790.8
random,2,43,1,11.136,12.544,0.9963,0.9983,38,0,19,38,44,47,51,0.012476,0.008381,0.012552,0,1,1,1790.8
random,2,44,1,11.162,12.547,0.9964,0.9991,38,0,19,38,44,48,51,0.012512,0.008422,0.012551,0,1,1,1790.8
random,2,45,1,11.194,12.615,0.9954,0.9984,38,0,19,38,44,48,52,0.012624,0.008426,0.012532,0,1,1,1790.8
random,2,46,1,11.171,12.541,0.9942,0.9976,38,0,15,38,44,48,53,0.012532,0.008439,0.012542,0,1,1,1790.8
random,2,47,1,11.171,12.541,0.9954,0.9976,38,0,15,38,45,48,53,0.012532,0.008439,0.012542,0,1,1,1790.8
random,2,48,1,11.146,12.515,0.9956,0.9985,38,0,15,38,45,49,53,0.012472,0.008445,0.01252,0,1,1,1790.8
random,2,49,1,11.272,12.799,0.9966,0.9985,38,0,15,38,46,49,53,0.012825,0.008427,0.012565,0,1,1,1790.8
random,2,50,1,11.173,12.58,0.9975,0.9985,38,0,9,38,47,49,53,0.012582,0.008373,0.012564,0,1,1,1790.8
random,2,51,1,11.265,12.589,0.9965,0.9976,38,0,9,38,47,49,54,0.012593,0.008652,0.012549,0,1,1,1790.8
random,2,52,1,11.354,12.853,0.9968,0.9985,38,0,9,38,47,50,54,0.01289,0.008655,0.012517,0,1,1,1790.8
random,2,53,1,11.232,12.703,0.9976,0.9985,38,0,9,38,48,50,54,0.012717,0.008403,0.012577,0,1,1,1790.8
random,2,54,1,11.232,12.703,0.9967,0.9977,38,0,9,38,48,50,55,0.012717,0.008403,0.012577,0,1,1,1790.8
random,2,55,1,11.166,12.588,0.9969,0.9986,38,0,4,38,48,51,55,0.012596,0.008388,0.012515,0,1,1,1790.8
random,2,56,1,11.151,12.538,0.9969,0.9992,38,0,4,38,48,52,55,0.012502,0.00841,0.012542,0,1,1,1790.8
random,2,57,1,11.174,12.551,0.9968,0.9997,38,0,4,38,48,53,55,0.012552,0.008427,0.012542,0,1,1,1790.8
random,2,58,1,11.183,12.615,0.996,0.9992,38,0,0,38,48,53,56,0.012563,0.008366,0.012621,0,1,1,1790.8
random,2,59,1,11.142,12.528,0.9951,0.9987,38,0,0,38,48,53,57,0.012534,0.008418,0.012473,0,1,1,1790.8
random,2,60,1,11.133,12.478,0.995,0.9993,38,0,0,38,48,54,57,0.012479,0.008447,0.012473,0,1,1,1790.8
random,2,61,1,11.179,12.599,0.9948,0.9997,38,0,0,38,48,55,57,0.012479,0.008447,0.012612,0,1,1,1790.8
random,2,62,1,11.467,12.564,0.9944,0.9999,38,0,0,38,48,56,57,0.012565,0.009279,0.012557,0,1,1,1790.8
random,2,63,1,11.171,12.528,0.9936,0.9997,33,0,0,33,48,56,58,0.012528,0.008459,0.012525,0,1,1,1790.8
random,2,64,1,11.194,12.609,0.995,0.9997,33,0,0,33,49,56,58,0.012612,0.008388,0.012581,0,1,1,1790.8
random,2,65,1,11.268,12.813,0.9942,0.9993,33,0,0,33,49,56,59,0.012482,0.008471,0.01285,0,1,1,1790.8
random,2,66,1,11.164,12.56,0.9954,0.9993,29,0,0,29,50,56,59,0.01254,0.00839,0.012562,0,1,1,1790.8
random,2,67,1,11.147,12.552,0.9965,0.9993,29,0,0,29,51,56,59,0.012457,0.008423,0.012562,0,1,1,1790.8
random,2,68,1,11.14,12.531,0.9956,0.9988,29,0,0,29,51,56,60,0.012457,0.008423,0.012539,0,1,1,1790.8
random,2,69,1,11.151,12.574,0.9947,0.9982,29,0,0,29,51,56,61,0.012581,0.008361,0.01251,0,1,1,1790.8
random,2,70,0,11.196,12.572,0.9947,0.9982,29,0,0,29,51,56,61,0.012572,0.008445,0.01257,0,1,1,1790.8
random,2,71,1,11.289,12.828,0.9937,0.9974,24,0,0,24,51,56,62,0.012853,0.008416,0.012599,0,1,1,1790.8
random,2,72,1,11.181,12.568,0.9925,0.9966,24,0,0,24,51,56,63,0.012571,0.008436,0.012537,0,1,1,1790.8
random,2,73,1,11.109,12.523,0.9913,0.9956,24,0,0,24,51,56,64,0.012519,0.008284,0.012523,0,1,1,1790.8
random,2,74,1,11.154,12.642,0.9925,0.9956,24,0,0,24,52,56,64,0.012655,0.008284,0.012523,0,1,1,1790.8
random,2,75,1,11.22,12.649,0.9936,0.9956,20,0,0,20,53,56,64,0.012655,0.008409,0.012595,0,1,1,1790.8
random,2,76,1,11.266,12.561,0.9923,0.9945,20,0,0,20,53,56,65,0.01252,0.008713,0.012566,0,1,1,1790.8
random,2,77,1,11.149,12.545,0.9933,0.9945,20,0,0,20,54,56,65,0.0125,0.008398,0.01255,0,1,1,1790.8
random,2,78,1,11.161,12.543,0.9938,0.9957,20,0,0,20,54,57,65,0.012546,0.008425,0.012512,0,1,1,1790.8
random,2,79,1,11.17,12.567,0.9941,0.9968,14,0,0,14,54,58,65,0.01257,0.008396,0.012543,0,1,1,1790.8
random,2,80,1,11.202,12.622,0.9943,0.9977,14,0,0,14,54,59,65,0.012628,0.008405,0.012572,0,1,1,1790.8
random,2,81,1,11.202,12.622,0.9944,0.9984,14,0,0,14,54,60,65,0.012628,0.008405,0.012572,0,1,1,1790.8
random,2,82,1,11.206,12.61,0.9943,0.999,14,0,0,14,54,61,65,0.012594,0.008413,0.012612,0,1,1,1790.8
random,2,83,1,11.182,12.581,0.9941,0.9994,9,0,0,9,54,62,65,0.012584,0.008408,0.012553,0,1,1,1790.8
random,2,84,1,11.417,13.261,0.9933,0.999,9,0,0,9,54,62,66,0.012549,0.008363,0.01334,0,1,1,1790.8
random,2,85,1,11.153,12.57,0.9931,0.9995,9,0,0,9,54,63,66,0.012571,0.00833,0.012557,0,1,1,1790.8
random,2,86,1,11.335,12.976,0.9943,0.9995,9,0,0,9,55,63,66,0.013021,0.008416,0.012568,0,1,1,1790.8
random,2,87,1,11.215,12.666,0.9935,0.9991,4,0,0,4,55,63,67,0.012541,0.008423,0.01268,0,1,1,1790.8
random,2,88,1,11.215,12.666,0.9926,0.9985,4,0,0,4,55,63,68,0.012541,0.008423,0.01268,0,1,1,1790.8
random,2,89,1,11.25,12.835,0.9925,0.9991,4,0,0,4,55,64,68,0.012864,0.008315,0.01257,0,1,1,1790.8
random,2,90,1,11.185,12.568,0.9915,0.9915,4,0,0,4,55,64,69,0.012555,0.00843,0.012569,1,1,1,1790.8
random,2,91,1,16.976,28.161,0.9913,0.9913,1,1,0,0,55,65,69,0.02989,0.00844,0.012597,1,1,1,1790.8
random,2,92,1,16.012,24.82,0.9911,0.9911,2,2,0,0,55,66,69,0.026178,0.009258,0.012601,1,1,1,1790.8
random,2,93,11,15.653,24.671,0.9916,0.9916,4,4,0,0,59,68,74,0.026025,0.008446,0.012488,1,1,1,1790.8
random,2,94,1,15.669,24.714,0.9915,0.9915,5,5,0,0,59,69,74,0.026073,0.008446,0.012488,1,1,1,1790.8
random,2,95,1,15.679,24.721,0.9913,0.9913,5,5,0,0,59,70,74,0.026073,0.008409,0.012554,1,1,1,1790.8
random,2,96,1,15.665,24.703,0.991,0.991,6,6,0,0,59,71,74,0.026061,0.008451,0.012483,1,1,1,1790.8
random,2,97,1,15.671,24.692,0.9906,0.9906,7,7,0,0,59,72,74,0.026044,0.008441,0.012529,1,1,1,1790.8
random,2,98,1,15.701,24.746,0.9902,0.9902,8,8,0,0,59,73,74,0.0261,0.008444,0.012559,1,1,1,1790.8
random,2,99,11,15.873,25.148,0.9949,0.9949,9,9,0,0,65,76,76,0.026538,0.008446,0.012635,1,1,1,1790.8
random,2,100,1,15.73,24.767,0.9944,0.9944,11,11,0,0,65,76,77,0.026115,0.008439,0.012635,1,1,1,1790.8
random,2,101,11,15.67,24.749,0.9971,0.9971,11,11,0,0,71,81,77,0.026115,0.008439,0.012456,1,1,1,1790.8
random,2,102,1,16.047,24.781,0.9966,0.9966,13,13,0,0,71,82,77,0.026122,0.009306,0.012712,1,1,1,1790.8
random,2,103,1,15.7,24.769,0.9972,0.9972,14,14,0,0,72,82,77,0.026123,0.008395,0.012583,1,1,1,1790.8
random,2,104,10,16.019,25.507,0.9974,0.9974,16,16,0,0,75,85,81,0.026928,0.008415,0.012714,1,1,1,1790.8
random,2,105,1,15.681,24.719,0.9969,0.9969,17,17,0,0,75,86,81,0.026065,0.00837,0.012608,1,1,1,1790.8
random,2,106,1,15.89,25.154,0.9969,0.9969,18,18,0,0,75,86,82,0.026535,0.008405,0.01273,1,1,1,1790.8
random,2,107,1,15.89,25.154,0.9964,0.9964,18,18,0,0,75,87,82,0.026535,0.008405,0.01273,1,1,1,1790.8
random,2,108,11,15.638,24.644,0.9974,0.9974,19,19,0,0,81,91,83,0.025995,0.008433,0.012487,1,1,1,1790.8
random,2,109,11,15.725,24.793,0.9981,0.9981,21,21,0,0,87,94,85,0.026148,0.008427,0.0126,1,1,1,1790.8
random,2,110,11,15.541,24.343,0.999,0.999,24,24,0,0,92,96,89,0.025653,0.00842,0.012549,1,1,1,1790.8
random,2,111,1,16.315,25.499,0.9987,0.9987,25,25,0,0,92,97,89,0.026845,0.008715,0.013386,1,1,1,1790.8
random,2,112,11,15.732,24.811,0.9981,0.9981,27,27,0,0,95,102,92,0.026168,0.008433,0.012595,1,1,1,1790.8
random,2,113,11,15.743,24.84,0.9979,0.9979,29,29,0,0,99,106,95,0.026201,0.008433,0.012595,1,1,1,1790.8
random,2,114,1,15.684,24.837,0.9975,0.9975,29,29,0,0,99,107,95,0.026201,0.008294,0.012557,1,1,1,1790.8
random,2,115,1,15.719,24.807,0.9979,0.9979,30,30,0,0,99,107,96,0.026166,0.008411,0.012579,1,1,1,1790.8
random,2,116,11,15.707,24.752,0.9988,0.9988,31,31,0,0,104,109,100,0.026107,0.00846,0.012554,1,1,1,1790.8
random,2,117,11,16.002,24.958,0.9982,0.9982,33,33,0,0,109,113,102,0.02634,0.009145,0.012521,1,1,1,1790.8
random,2,118,11,15.667,24.637,0.997,0.997,42,42,0,0,116,116,103,0.025972,0.008408,0.012622,1,1,1,1790.8
random,2,119,11,15.66,24.694,0.9975,0.9975,38,38,0,0,122,116,108,0.02605,0.008441,0.01249,1,1,1,1790.8
random,2,120,11,15.66,24.694,0.9977,0.9966,38,38,0,0,126,119,112,0.02605,0.008441,0.01249,1,0,1,1790.8
random,2,121,1,11.164,12.562,0.998,0.9971,0,0,0,0,126,119,113,0.012514,0.008412,0.012567,1,0,1,1790.8
random,2,122,1,11.764,13.524,0.9983,0.9975,39,39,0,0,126,119,114,0.013336,0.008411,0.013545,1,0,1,1790.8
random,2,123,1,11.153,12.526,0.998,0.9971,39,39,0,0,127,119,114,0.012528,0.008425,0.012505,1,0,1,1790.8
random,2,124,1,11.187,12.592,0.9977,0.9967,39,39,0,0,128,119,114,0.012537,0.008427,0.012598,1,0,1,1790.8
random,2,125,1,11.156,12.587,0.9977,0.9967,39,39,0,0,128,120,114,0.01247,0.008398,0.0126,1,0,1,1790.8
random,2,126,1,11.292,12.828,0.9974,0.9962,39,39,0,0,129,120,114,0.012853,0.008422,0.0126,1,0,1,1790.8
random,2,127,0,11.292,12.828,0.9974,0.9962,39,39,0,0,129,120,114,0.012853,0.008422,0.0126,1,0,1,1790.8
random,2,128,1,11.304,12.88,0.9975,0.9962,39,39,0,0,129,121,114,0.01291,0.008394,0.012609,1,0,1,1790.8
random,2,129,1,11.152,12.561,0.9978,0.9967,39,39,0,0,129,121,115,0.012489,0.008397,0.012569,1,0,1,1790.8
random,2,130,1,11.206,12.589,0.9981,0.9972,39,39,0,0,129,121,116,0.012589,0.008442,0.012587,1,0,1,1790.8
random,2,131,1,11.242,12.567,0.9983,0.9976,39,39,0,0,129,121,117,0.012568,0.008603,0.012554,1,0,1,1790.8
random,2,132,1,11.398,12.574,0.9984,0.9976,39,39,0,0,129,122,117,0.012538,0.009077,0.012578,1,0,1,1790.8
random,2,133,1,11.409,12.577,0.9981,0.9972,39,39,0,0,130,122,117,0.012571,0.009077,0.012578,1,0,1,1790.8
random,2,134,1,11.175,12.569,0.9981,0.9972,39,39,0,0,130,123,117,0.012571,0.008408,0.012546,1,0,1,1790.8
random,2,135,1,11.17,12.567,0.9979,0.9968,39,39,0,0,131,123,117,0.012554,0.008389,0.012568,1,0,1,1790.8
random,2,136,1,11.273,12.782,0.9975,0.9964,39,39,0,0,132,123,117,0.012572,0.008442,0.012805,1,0,1,1790.8
random,2,137,1,11.296,12.8,0.9978,0.9969,39,39,0,0,132,123,118,0.012616,0.008453,0.01282,1,0,1,1790.8
random,2,138,1,11.155,12.6,0.9981,0.9973,39,39,0,0,132,123,119,0.012612,0.008357,0.012496,1,0,1,1790.8
random,2,139,1,11.203,12.641,0.9982,0.9973,39,39,0,0,132,124,119,0.012556,0.008404,0.01265,1,0,1,1790.8
random,2,140,1,11.326,12.898,0.9982,0.9973,39,39,0,0,132,125,119,0.012925,0.008404,0.01265,1,0,1,1790.8
random,2,141,1,11.298,12.891,0.9982,0.9973,39,39,0,0,132,126,119,0.012925,0.008387,0.012583,1,0,1,1790.8
random,2,142,1,11.452,12.582,0.9979,0.9969,39,39,0,0,133,126,119,0.012586,0.009224,0.012545,1,0,1,1790.8
random,2,143,1,11.141,12.552,0.9977,0.9965,39,39,0,0,134,126,119,0.012489,0.008375,0.012559,1,0,1,1790.8
random,2,144,1,11.544,13.244,0.998,0.997,39,39,0,0,134,126,120,0.013273,0.008373,0.012987,1,0,1,1790.8
random,2,145,1,11.179,12.601,0.998,0.997,39,39,0,0,134,127,120,0.012554,0.008377,0.012606,1,0,1,1790.8
random,2,146,1,11.183,12.605,0.9983,0.9974,39,39,0,0,134,127,121,0.01252,0.008415,0.012614,1,0,1,1790.8
random,2,147,1,11.183,12.605,0.9985,0.9978,39,39,0,0,134,127,122,0.01252,0.008415,0.012614,1,0,1,1790.8
random,2,148,1,11.467,13.331,0.9983,0.9974,39,39,0,0,135,127,122,0.012584,0.008403,0.013414,1,0,1,1790.8
random,2,149,1,11.206,12.624,0.9985,0.9978,39,39,0,0,135,127,123,0.012587,0.008402,0.012628,1,0,1,1790.8
random,2,150,1,11.189,12.587,0.9985,0.9985,39,39,0,0,135,128,123,0.012591,0.008423,0.012553,1,1,1,1790.8
random,2,151,1,16.028,21.156,0.9983,0.9983,39,39,1,0,136,128,123,0.012664,0.022018,0.013403,1,1,1,1790.8
random,2,152,11,14.455,17.629,0.9995,0.9995,38,38,3,0,137,131,130,0.012631,0.018184,0.012551,1,1,1,1790.8
random,2,153,1,14.319,17.33,0.9993,0.9993,38,38,4,0,138,131,130,0.012546,0.017861,0.012551,1,1,1,1790.8
random,2,154,11,14.337,17.335,0.9991,0.9991,38,38,4,0,140,139,131,0.012546,0.017861,0.012603,1,1,1,1790.8
random,2,155,1,14.349,17.301,0.9993,0.9993,38,38,6,0,140,139,132,0.012593,0.017819,0.012635,1,1,1,1790.8
random,2,156,1,14.36,17.386,0.9995,0.9995,38,38,7,0,140,139,133,0.012559,0.017918,0.012603,1,1,1,1790.8
random,2,157,1,14.417,17.426,0.9996,0.9996,33,33,8,0,140,139,134,0.012514,0.01794,0.012797,1,1,1,1790.8
random,2,158,1,14.236,17.148,0.9995,0.9995,33,33,9,0,141,139,134,0.012577,0.017656,0.012476,1,1,1,1790.8
random,2,159,1,14.264,17.208,0.9997,0.9997,33,33,10,0,141,139,135,0.012515,0.017725,0.012553,1,1,1,1790.8
random,2,160,1,14.264,17.208,0.9998,0.9998,33,33,10,0,141,139,136,0.012515,0.017725,0.012553,1,1,1,1790.8
random,2,161,1,14.676,17.645,0.9997,0.9997,29,29,11,0,142,139,136,0.012566,0.018124,0.013338,1,1,1,1790.8
random,2,162,11,14.292,17.24,0.9997,0.9997,29,29,12,0,144,145,139,0.012555,0.01776,0.012562,1,1,1,1790.8
random,2,163,1,14.393,17.442,0.9996,0.9996,29,29,14,0,145,145,139,0.012603,0.01798,0.012596,1,1,1,1790.8
random,2,164,7,14.323,17.241,0.999,0.999,29,29,15,0,145,151,140,0.012609,0.017756,0.012603,1,1,1,1790.8
random,2,165,4,14.291,17.183,0.9985,0.9985,23,23,17,0,146,154,140,0.012624,0.01769,0.012559,1,1,1,1790.8
random,2,166,1,14.274,17.178,0.9985,0.9985,23,23,17,0,147,154,140,0.012573,0.01769,0.012559,1,1,1,1790.8
random,2,167,1,14.353,17.239,0.9987,0.9987,23,23,18,0,147,154,141,0.012573,0.017738,0.012749,1,1,1,1790.8
random,2,168,1,14.402,17.437,0.9987,0.9987,23,23,19,0,148,154,141,0.012708,0.017963,0.012535,1,1,1,1790.8
random,2,169,1,14.318,17.334,0.9987,0.9987,20,19,20,0,149,154,141,0.012514,0.017862,0.012579,1,1,1,1790.8
random,2,170,11,14.461,17.356,0.9983,0.9983,22,19,22,0,155,157,143,0.012966,0.017844,0.012572,1,1,1,1790.8
random,2,171,1,14.657,17.456,0.9982,0.9982,23,19,23,0,156,157,143,0.01345,0.017901,0.012619,1,1,1,1790.8
random,2,172,11,14.367,17.383,0.9974,0.9974,25,12,25,0,158,164,145,0.01257,0.017912,0.012619,1,1,1,1790.8
random,2,173,11,14.344,17.378,0.9981,0.9981,25,12,25,0,161,167,150,0.01257,0.017912,0.012551,1,1,1,1790.8
random,2,174,1,14.418,17.276,0.9983,0.9983,27,12,27,0,161,167,151,0.012926,0.017759,0.012569,1,1,1,1790.8
random,2,175,11,14.327,17.339,0.9977,0.9977,28,12,28,0,163,173,154,0.012564,0.01787,0.012547,1,1,1,1790.8
random,2,176,1,14.304,17.232,0.9978,0.9978,30,12,30,0,164,173,154,0.012549,0.017744,0.012619,1,1,1,1790.8
random,2,177,1,14.481,17.029,0.998,0.998,31,7,31,0,164,173,155,0.013386,0.017434,0.012622,1,1,1,1790.8
random,2,178,1,14.279,17.142,0.998,0.998,32,7,32,0,165,173,155,0.012606,0.017646,0.012586,1,1,1,1790.8
random,2,179,1,14.278,17.142,0.9982,0.9982,32,7,32,0,165,173,156,0.012603,0.017646,0.012586,1,1,1,1790.8
random,3,0,0,15.727,24.795,1.0,1.0,0,0,0,0,0,0,0,0.012593,0.008437,0.026151,1,1,1,1980.7
random,3,1,1,15.687,24.687,0.3333,0.3333,3,0,0,3,0,1,0,0.012593,0.008437,0.026031,1,1,1,1980.7
random,3,2,1,15.651,24.684,0.3333,0.3333,35,0,35,4,0,2,0,0.012499,0.008415,0.026038,1,1,1,1980.7
random,3,3,1,15.786,24.965,0.6,0.6,35,0,35,5,1,2,0,0.012622,0.008399,0.026337,1,1,1,1980.7
random,3,4,11,15.705,24.789,0.9333,0.9333,35,0,35,7,3,5,6,0.012557,0.00841,0.026148,1,1,1,1980.7
random,3,5,1,15.82,25.002,0.9259,0.9259,35,0,35,8,3,6,6,0.012639,0.008446,0.026376,1,1,1,1980.7
random,3,6,11,16.25,25.593,0.9468,0.9468,35,0,35,10,6,9,11,0.013428,0.008377,0.026945,1,1,1,1980.7
random,3,7,1,16.25,25.593,0.9455,0.9455,35,0,35,10,6,10,11,0.013428,0.008377,0.026945,1,1,1,1980.7
random,3,8,1,15.736,24.836,0.9679,0.9679,35,0,35,11,7,10,11,0.012649,0.008369,0.02619,1,1,1,1980.7
random,3,9,1,15.657,24.68,0.9633,0.9633,35,0,35,12,7,11,11,0.012581,0.008365,0.026024,1,1,1,1980.7
random,3,10,1,15.672,24.727,0.9804,0.9804,35,0,35,13,8,11,11,0.012554,0.008383,0.02608,1,1,1,1980.7
random,3,11,1,15.698,24.758,0.9917,0.9917,35,0,35,14,9,11,11,0.012559,0.008422,0.026113,1,1,1,1980.7
random,3,12,1,15.648,24.578,0.9865,0.9865,35,0,35,15,9,12,11,0.012594,0.00844,0.02591,1,1,1,1980.7
random,3,13,1,15.647,24.578,0.9784,0.9784,35,0,35,15,9,13,11,0.01259,0.00844,0.02591,1,1,1,1980.7
random,3,14,1,15.809,24.719,0.9682,0.9682,35,0,35,16,9,14,11,0.01259,0.00877,0.026067,1,1,1,1980.7
random,3,15,11,15.769,24.688,0.997,0.997,35,0,35,17,15,16,14,0.01281,0.008489,0.026008,1,1,1,1980.7
random,3,16,1,15.978,24.747,0.9962,0.9962,35,0,35,19,16,16,14,0.013426,0.008504,0.026005,1,1,1,1980.7
random,3,17,1,15.685,24.695,0.9937,0.9937,35,0,35,20,17,16,14,0.012577,0.008437,0.026041,1,1,1,1980.7
random,3,18,1,15.679,24.723,0.9897,0.9897,35,0,35,21,18,16,14,0.012557,0.008406,0.026075,1,1,1,1980.7
random,3,19,1,15.654,24.72,0.9844,0.9844,35,0,35,21,19,16,14,0.012523,0.008363,0.026075,1,1,1,1980.7
random,3,20,11,15.65,24.711,0.974,0.974,35,0,35,22,24,20,16,0.012523,0.008363,0.026065,1,1,1,1980.7
random,3,21,1,16.012,25.169,0.9683,0.9683,35,0,35,24,25,20,16,0.012844,0.008655,0.026538,1,1,1,1980.7
random,3,22,1,15.676,24.653,0.962,0.962,35,0,35,25,26,20,16,0.01263,0.008408,0.025989,1,1,1,1980.7
random,3,23,11,15.813,24.966,0.9607,0.9607,35,0,35,26,30,25,18,0.012642,0.008463,0.026335,1,1,1,1980.7
random,3,24,1,15.754,24.75,0.9607,0.9607,35,0,35,28,30,26,18,0.012744,0.008434,0.026084,1,1,1,1980.7
random,3,25,1,15.697,24.744,0.9561,0.9561,35,0,35,29,31,26,18,0.012591,0.008407,0.026094,1,1,1,1980.7
random,3,26,1,15.697,24.744,0.956,0.956,35,0,35,29,31,27,18,0.012591,0.008407,0.026094,1,1,1,1980.7
random,3,27,1,15.704,24.74,0.9552,0.9552,35,0,35,30,31,28,18,0.012582,0.008438,0.026091,1,1,1,1980.7
random,3,28,1,15.672,24.71,0.9512,0.9512,35,0,35,31,32,28,18,0.012541,0.008414,0.026062,1,1,1,1980.7
random,3,29,1,15.778,24.705,0.9469,0.9469,32,0,32,32,33,28,18,0.012885,0.00843,0.026018,1,1,1,1980.7
random,3,30,1,15.773,24.975,0.9465,0.9481,33,0,32,33,33,29,18,0.012544,0.008419,0.026356,0,1,1,1980.7
random,3,31,1,11.17,12.568,0.9546,0.9584,33,0,32,33,33,29,19,0.012546,0.008394,0.01257,0,1,1,1980.7
random,3,32,1,11.231,12.714,0.9538,0.952,33,0,32,33,33,30,19,0.01273,0.008394,0.01257,0,1,1,1980.7
random,3,33,1,11.249,12.714,0.9501,0.952,33,0,27,33,34,30,19,0.01273,0.00845,0.012568,0,1,1,1980.7
random,3,34,1,11.278,12.586,0.9461,0.952,33,0,27,33,35,30,19,0.012587,0.008672,0.012576,0,1,1,1980.7
random,3,35,1,11.271,12.628,0.9419,0.952,33,0,27,33,36,30,19,0.012639,0.008648,0.012525,0,1,1,1980.7
random,3,36,1,11.308,12.695,0.9497,0.9615,33,0,27,33,36,30,20,0.012696,0.008548,0.012681,0,1,1,1980.7
random,3,37,0,11.198,12.58,0.9497,0.9615,33,0,24,33,36,30,20,0.012581,0.008445,0.012568,0,1,1,1980.7
random,3,38,1,11.172,12.57,0.9568,0.9698,33,0,24,33,36,30,21,0.012536,0.008405,0.012574,0,1,1,1980.7
random,3,39,1,11.172,12.57,0.9632,0.9769,33,0,24,33,36,30,22,0.012536,0.008405,0.012574,0,1,1,1980.7
random,3,40,1,11.161,12.579,0.9689,0.9829,33,0,24,33,36,30,23,0.012513,0.008383,0.012586,0,1,1,1980.7
random,3,41,1,11.189,12.564,0.965,0.9829,33,0,18,33,37,30,23,0.012544,0.008457,0.012566,0,1,1,1980.7
random,3,42,1,11.189,12.578,0.9702,0.9878,33,0,18,33,37,30,24,0.012565,0.008422,0.012579,0,1,1,1980.7
random,3,43,1,11.238,12.755,0.9662,0.9878,33,0,18,33,38,30,24,0.012777,0.008377,0.01256,0,1,1,1980.7
random,3,44,1,11.097,12.488,0.9671,0.9841,33,0,18,33,38,31,24,0.0125,0.008412,0.012379,0,1,1,1980.7
random,3,45,1,11.13,12.592,0.9632,0.9841,33,0,14,33,39,31,24,0.012616,0.008396,0.012379,0,1,1,1980.7
random,3,46,1,11.217,12.637,0.9639,0.98,33,0,14,33,39,32,24,0.012616,0.008396,0.012639,0,1,1,1980.7
random,3,47,1,11.177,12.572,0.9642,0.9757,33,0,14,33,39,33,24,0.012557,0.008399,0.012574,0,1,1,1980.7
random,3,48,1,11.311,12.935,0.9606,0.9757,33,0,14,33,40,33,24,0.012588,0.008371,0.012974,0,1,1,1980.7
random,3,49,1,11.179,12.595,0.9568,0.9757,33,0,8,33,41,33,24,0.012591,0.00835,0.012596,0,1,1,1980.7
random,3,50,1,11.323,12.935,0.9572,0.9711,33,0,8,33,41,34,24,0.012976,0.008424,0.012568,0,1,1,1980.7
random,3,51,1,11.186,12.579,0.9535,0.9711,33,0,8,33,42,34,24,0.012565,0.008413,0.01258,0,1,1,1980.7
random,3,52,1,11.169,12.58,0.9592,0.9773,33,0,8,33,42,34,25,0.012578,0.008349,0.01258,0,1,1,1980.7
random,3,53,1,11.172,12.588,0.9554,0.9773,33,0,8,33,43,34,25,0.012578,0.008349,0.012589,0,1,1,1980.7
random,3,54,1,11.208,12.645,0.9607,0.9825,33,0,4,33,43,34,26,0.012653,0.008393,0.012577,0,1,1,1980.7
random,3,55,1,11.216,12.578,0.9568,0.9825,33,0,4,33,44,34,26,0.012571,0.008499,0.012579,0,1,1,1980.7
random,3,56,1,11.288,12.883,0.9618,0.987,33,0,4,33,44,34,27,0.012547,0.008398,0.01292,0,1,1,1980.7
random,3,57,1,11.187,12.578,0.9579,0.987,33,0,0,33,45,34,27,0.012578,0.008404,0.012578,0,1,1,1980.7
random,3,58,1,11.434,13.313,0.9625,0.9907,33,0,0,33,45,34,28,0.012605,0.008304,0.013392,0,1,1,1980.7
random,3,59,1,11.413,13.307,0.9586,0.9907,33,0,0,33,46,34,28,0.012544,0.008304,0.013392,0,1,1,1980.7
random,3,60,1,11.18,12.542,0.9629,0.9937,33,0,0,33,46,34,29,0.012544,0.008474,0.012522,0,1,1,1980.7
random,3,61,1,11.194,12.567,0.9589,0.9937,33,0,0,33,47,34,29,0.012549,0.008465,0.012569,0,1,1,1980.7
random,3,62,1,11.708,13.438,0.963,0.9961,30,0,0,30,47,34,30,0.013451,0.008348,0.013326,0,1,1,1980.7
random,3,63,1,11.163,12.547,0.9648,0.9941,30,0,0,30,47,35,30,0.012543,0.008399,0.012547,0,1,1,1980.7
random,3,64,1,11.179,12.547,0.9684,0.9963,30,0,0,30,47,35,31,0.012536,0.008454,0.012548,0,1,1,1980.7
random,3,65,1,11.171,12.553,0.9717,0.998,26,0,0,26,47,35,32,0.012537,0.00842,0.012555,0,1,1,1980.7
random,3,66,1,11.171,12.553,0.9734,0.9966,26,0,0,26,47,36,32,0.012537,0.00842,0.012555,0,1,1,1980.7
random,3,67,1,11.446,13.266,0.9746,0.9948,26,0,0,26,47,37,32,0.013345,0.00844,0.012553,0,1,1,1980.7
random,3,68,1,11.162,12.544,0.9777,0.9967,26,0,0,26,47,37,33,0.01252,0.008418,0.012547,0,1,1,1980.7
random,3,69,1,11.122,12.508,0.9804,0.9982,26,0,0,26,47,37,34,0.012513,0.008395,0.012458,0,1,1,1980.7
random,3,70,1,11.18,12.556,0.9775,0.9982,21,0,0,21,48,37,34,0.012493,0.008484,0.012563,0,1,1,1980.7
random,3,71,1,11.204,12.602,0.98,0.9992,21,0,0,21,48,37,35,0.012604,0.008426,0.012582,0,1,1,1980.7
random,3,72,1,11.172,12.575,0.9814,0.9983,21,0,0,21,48,38,35,0.01251,0.008423,0.012582,0,1,1,1980.7
random,3,73,1,11.152,12.521,0.9836,0.9993,21,0,0,21,48,38,36,0.01251,0.008423,0.012522,0,1,1,1980.7
random,3,74,1,11.203,12.603,0.9848,0.9984,18,0,0,18,48,39,36,0.012608,0.008443,0.012558,0,1,1,1980.7
random,3,75,1,11.169,12.558,0.9856,0.9972,18,0,0,18,48,40,36,0.012566,0.00846,0.012481,0,1,1,1980.7
random,3,76,1,11.334,12.781,0.9833,0.9972,18,0,0,18,49,40,36,0.012787,0.008482,0.012732,0,1,1,1980.7
random,3,77,1,11.199,12.606,0.9855,0.9985,18,0,0,18,49,40,37,0.012608,0.008398,0.012592,0,1,1,1980.7
random,3,78,1,11.269,12.786,0.9863,0.9974,13,0,0,13,49,41,37,0.012809,0.008414,0.012584,0,1,1,1980.7
random,3,79,0,11.2,12.6,0.9863,0.9974,13,0,0,13,49,41,37,0.012602,0.008414,0.012584,0,1,1,1980.7
random,3,80,1,11.281,12.793,0.9869,0.996,13,0,0,13,49,42,37,0.012602,0.008427,0.012814,0,1,1,1980.7
random,3,81,1,11.193,12.589,0.9889,0.9975,13,0,0,13,49,42,38,0.012591,0.008418,0.01257,0,1,1,1980.7
random,3,82,1,11.204,12.602,0.9907,0.9986,9,0,0,9,49,42,39,0.012603,0.008411,0.012598,0,1,1,1980.7
random,3,83,1,11.171,12.541,0.9923,0.9994,9,0,0,9,49,42,40,0.012529,0.008443,0.012542,0,1,1,1980.7
random,3,84,1,11.186,12.612,0.9928,0.9987,9,0,0,9,49,43,40,0.012569,0.008371,0.012617,0,1,1,1980.7
random,3,85,1,11.164,12.549,0.9911,0.9987,9,0,0,9,50,43,40,0.012517,0.008422,0.012553,0,1,1,1980.7
random,3,86,1,11.164,12.549,0.9926,0.9994,9,0,0,9,50,43,41,0.012517,0.008422,0.012553,0,1,1,1980.7
random,3,87,1,11.485,13.323,0.9931,0.9988,4,0,0,4,50,44,41,0.012581,0.008469,0.013405,0,1,1,1980.7
random,3,88,1,11.17,12.606,0.9915,0.9988,4,0,0,4,51,44,41,0.012555,0.008343,0.012612,0,1,1,1980.7
random,3,89,1,11.12,12.516,0.992,0.9978,4,0,0,4,51,45,41,0.012517,0.008336,0.012506,0,1,1,1980.7
random,3,90,1,11.484,13.354,0.9934,0.9934,1,0,0,1,51,45,42,0.012592,0.00842,0.013439,1,1,1,1980.7
random,3,91,1,16.877,27.801,0.9946,0.9946,1,1,0,1,51,45,43,0.029475,0.008423,0.012734,1,1,1,1980.7
random,3,92,11,15.743,24.787,0.9934,0.9934,3,3,0,1,55,50,45,0.026126,0.00837,0.012734,1,1,1,1980.7
random,3,93,1,15.62,24.75,0.9934,0.9934,3,3,0,1,55,51,45,0.026126,0.00837,0.012363,1,1,1,1980.7
random,3,94,1,15.608,24.562,0.9947,0.9947,4,4,0,1,55,51,46,0.025902,0.008419,0.012504,1,1,1,1980.7
random,3,95,1,15.59,24.536,0.9959,0.9959,5,5,0,0,55,51,47,0.025878,0.008432,0.012461,1,1,1,1980.7
random,3,96,1,16.009,24.776,0.9969,0.9969,6,6,0,0,55,51,48,0.026026,0.008472,0.013529,1,1,1,1980.7
random,3,97,11,15.766,24.191,0.9958,0.9958,8,8,0,0,60,52,53,0.025481,0.00924,0.012578,1,1,1,1980.7
random,3,98,1,15.601,24.486,0.9962,0.9962,9,9,0,0,60,52,54,0.025813,0.008445,0.012544,1,1,1,1980.7
random,3,99,11,15.601,24.486,0.996,0.996,9,9,0,0,64,58,55,0.025813,0.008445,0.012544,1,1,1,1980.7
random,3,100,1,15.693,24.74,0.9967,0.9967,11,11,0,0,64,58,56,0.026097,0.008457,0.012524,1,1,1,1980.7
random,3,101,1,15.801,24.965,0.9973,0.9973,12,12,0,0,64,58,57,0.026333,0.008416,0.012653,1,1,1,1980.7
random,3,102,1,15.731,24.792,0.9978,0.9978,13,13,0,0,64,58,58,0.026146,0.008446,0.012602,1,1,1,1980.7
random,3,103,1,15.821,25.245,0.9981,0.9981,14,14,0,0,64,59,58,0.026659,0.008282,0.012523,1,1,1,1980.7
random,3,104,1,15.696,24.773,0.9985,0.9985,15,15,0,0,64,59,59,0.026133,0.008423,0.012531,1,1,1,1980.7
random,3,105,1,15.69,24.757,0.9987,0.9987,16,16,0,0,64,59,60,0.026116,0.008423,0.012531,1,1,1,1980.7
random,3,106,1,15.937,24.787,0.9991,0.9991,16,16,0,0,64,60,60,0.026116,0.008868,0.012827,1,1,1,1980.7
random,3,107,11,15.673,24.654,0.9998,0.9998,17,17,0,0,66,65,64,0.025995,0.008436,0.012588,1,1,1,1980.7
random,3,108,1,15.635,24.649,0.9999,0.9999,19,19,0,0,66,65,65,0.025989,0.008329,0.012588,1,1,1,1980.7
random,3,109,1,15.686,24.72,0.9999,0.9999,20,20,0,0,66,65,66,0.026071,0.008427,0.01256,1,1,1,1980.7
random,3,110,1,15.688,24.749,1.0,1.0,21,21,0,0,66,66,66,0.026109,0.008449,0.012505,1,1,1,1980.7
random,3,111,1,15.647,24.657,0.9999,0.9999,22,22,0,0,66,66,67,0.026007,0.00843,0.012505,1,1,1,1980.7
random,3,112,1,15.649,24.657,0.9998,0.9998,22,22,0,0,66,66,68,0.026007,0.00843,0.012509,1,1,1,1980.7
random,3,113,1,15.716,24.801,0.9999,0.9999,23,23,0,0,66,67,68,0.026157,0.008393,0.012599,1,1,1,1980.7
random,3,114,7,15.682,24.702,0.9998,0.9998,24,24,0,0,70,68,70,0.026049,0.008418,0.012578,1,1,1,1980.7
random,3,115,4,15.746,24.881,0.9993,0.9993,26,26,0,0,72,68,72,0.026246,0.008398,0.012593,1,1,1,1980.7
random,3,116,1,16.026,24.889,0.9991,0.9991,27,27,0,0,72,68,73,0.026249,0.009183,0.012647,1,1,1,1980.7
random,3,117,11,15.733,24.705,0.9981,0.9981,29,29,0,0,77,70,77,0.026032,0.008406,0.01276,1,1,1,1980.7
random,3,118,1,15.733,24.705,0.9978,0.9978,29,29,0,0,77,70,78,0.026032,0.008406,0.01276,1,1,1,1980.7
random,3,119,11,15.652,24.67,0.9963,0.9963,30,30,0,0,81,72,83,0.026012,0.008354,0.01259,1,1,1,1980.7
random,3,120,11,15.698,24.791,0.9978,0.9999,32,32,0,0,86,77,84,0.026146,0.008348,0.012601,1,0,1,1980.7
random,3,121,1,11.162,12.554,0.9983,0.9999,33,33,0,0,86,78,84,0.0125,0.008427,0.01256,1,0,1,1980.7
random,3,122,1,11.172,12.574,0.9982,1.0,33,33,0,0,86,78,85,0.012575,0.008376,0.012565,1,0,1,1980.7
random,3,123,1,11.132,12.561,0.998,1.0,33,33,0,0,86,78,86,0.012569,0.008337,0.012491,1,0,1,1980.7
random,3,124,1,11.167,12.54,0.9984,1.0,33,33,0,0,86,79,86,0.012546,0.008465,0.012491,1,0,1,1980.7
random,3,125,1,11.465,13.301,0.9989,1.0,33,33,0,0,86,80,86,0.012546,0.008465,0.013385,1,0,1,1980.7
random,3,126,1,11.19,12.599,0.9987,1.0,33,33,0,0,87,80,86,0.012606,0.008425,0.012539,1,0,1,1980.7
random,3,127,1,11.414,13.25,0.999,1.0,33,33,0,0,87,81,86,0.013333,0.008404,0.012505,1,0,1,1980.7
random,3,128,1,11.188,12.587,0.9994,1.0,33,33,0,0,87,82,86,0.012591,0.008421,0.012552,1,0,1,1980.7
random,3,129,1,11.136,12.514,0.9991,0.9999,33,33,0,0,88,82,86,0.012518,0.008414,0.012477,1,0,1,1980.7
random,3,130,1,11.2,12.608,0.9991,1.0,33,33,0,0,88,82,87,0.012572,0.008415,0.012612,1,0,1,1980.7
random,3,131,1,11.235,12.671,0.9988,0.9999,33,33,0,0,89,82,87,0.012677,0.008415,0.012612,1,0,1,1980.7
random,3,132,1,11.187,12.657,0.9987,1.0,33,33,0,0,89,82,88,0.012677,0.008405,0.012478,1,0,1,1980.7
random,3,133,1,11.281,12.761,0.9985,0.9999,33,33,0,0,90,82,88,0.012621,0.008444,0.012777,1,0,1,1980.7
random,3,134,1,11.424,13.212,0.9989,0.9999,33,33,0,0,90,83,88,0.01258,0.00841,0.013282,1,0,1,1980.7
random,3,135,1,11.42,12.568,0.9992,0.9999,33,33,0,0,90,84,88,0.012572,0.009161,0.012527,1,0,1,1980.7
random,3,136,1,11.295,12.622,0.9989,0.9997,33,33,0,0,91,84,88,0.012635,0.008741,0.012508,1,0,1,1980.7
random,3,137,1,11.243,12.709,0.9992,0.9997,33,33,0,0,91,85,88,0.012723,0.00842,0.012585,1,0,1,1980.7
random,3,138,1,11.243,12.709,0.9989,0.9995,33,33,0,0,92,85,88,0.012723,0.00842,0.012585,1,0,1,1980.7
random,3,139,1,11.194,12.595,0.999,0.9997,33,33,0,0,92,85,89,0.0126,0.00843,0.012551,1,0,1,1980.7
random,3,140,1,11.185,12.575,0.9989,0.9999,33,33,0,0,92,85,90,0.012573,0.008408,0.012575,1,0,1,1980.7
random,3,141,1,11.272,12.82,0.9988,1.0,33,33,0,0,92,85,91,0.012847,0.008397,0.012573,1,0,1,1980.7
random,3,142,1,11.223,12.646,0.9991,1.0,33,33,0,0,92,86,91,0.012609,0.008409,0.01265,1,0,1,1980.7
random,3,143,1,11.199,12.618,0.9994,1.0,33,33,0,0,92,87,91,0.012625,0.008415,0.012556,1,0,1,1980.7
random,3,144,1,11.195,12.567,0.9996,1.0,33,33,0,0,92,88,91,0.012568,0.008461,0.012556,1,0,1,1980.7
random,3,145,1,11.21,12.599,0.9996,1.0,33,33,0,0,92,88,92,0.012568,0.008461,0.012602,1,0,1,1980.7
random,3,146,1,11.504,12.556,0.9994,1.0,33,33,0,0,93,88,92,0.012557,0.009405,0.012551,1,0,1,1980.7
random,3,147,1,11.225,12.653,0.9993,0.9999,33,33,0,0,94,88,92,0.012618,0.008399,0.012657,1,0,1,1980.7
random,3,148,1,11.195,12.573,0.9992,1.0,33,33,0,0,94,88,93,0.012578,0.008476,0.012532,1,0,1,1980.7
random,3,149,1,11.23,12.711,0.9994,1.0,33,33,0,0,94,89,93,0.012735,0.008461,0.012494,1,0,1,1980.7
random,3,150,1,11.222,12.632,0.9997,0.9997,33,33,0,0,94,90,93,0.012599,0.00843,0.012636,1,1,1,1980.7
random,3,151,1,11.229,12.635,0.9998,0.9998,33,33,0,0,94,91,93,0.012622,0.00843,0.012636,1,1,1,1980.7
random,3,152,10,15.587,20.895,0.9999,0.9999,33,33,2,0,97,96,95,0.012622,0.021814,0.012326,1,1,1,1980.7
random,3,153,11,14.298,17.255,0.9994,0.9994,33,33,4,0,103,99,97,0.012532,0.017773,0.01259,1,1,1,1980.7
random,3,154,11,14.342,17.324,0.9997,0.9997,33,33,6,0,106,102,102,0.012603,0.017849,0.012573,1,1,1,1980.7
random,3,155,1,14.325,17.336,0.9995,0.9995,33,33,7,0,107,102,102,0.012545,0.017866,0.012565,1,1,1,1980.7
random,3,156,1,14.284,17.294,0.9996,0.9996,28,28,8,0,107,102,103,0.012562,0.01782,0.012471,1,1,1,1980.7
random,3,157,11,14.335,17.356,0.9995,0.9995,28,28,10,0,111,106,106,0.012543,0.017887,0.012576,1,1,1,1980.7
random,3,158,1,14.335,17.356,0.9993,0.9993,28,28,10,0,112,106,106,0.012543,0.017887,0.012576,1,1,1,1980.7
random,3,159,11,14.378,17.313,0.9998,0.9998,28,28,11,0,114,111,110,0.012716,0.017824,0.012593,1,1,1,1980.7
random,3,160,1,14.301,17.257,0.9998,0.9998,23,23,13,0,114,111,111,0.012546,0.017777,0.012579,1,1,1,1980.7
random,3,161,1,14.187,17.023,0.9997,0.9997,23,23,14,0,115,111,111,0.012442,0.017514,0.012605,1,1,1,1980.7
random,3,162,11,14.214,17.042,0.9994,0.9994,23,23,16,0,120,114,114,0.012559,0.01754,0.012542,1,1,1,1980.7
random,3,163,1,14.307,17.281,0.9995,0.9995,23,23,17,0,120,114,115,0.012574,0.017804,0.012543,1,1,1,1980.7
random,3,164,11,14.293,17.278,0.9999,0.9999,19,19,17,0,121,121,118,0.012531,0.017804,0.012543,1,1,1,1980.7
random,3,165,11,14.355,17.389,0.9995,0.9995,19,19,19,0,124,127,120,0.012531,0.01792,0.012613,1,1,1,1980.7
random,3,166,1,14.374,17.474,0.9996,0.9996,21,19,21,0,124,127,121,0.012536,0.018019,0.012566,1,1,1,1980.7
random,3,167,1,14.354,17.356,0.9996,0.9996,22,19,22,0,125,127,121,0.012586,0.017885,0.012592,1,1,1,1980.7
random,3,168,11,14.378,17.354,0.9995,0.9995,23,15,23,0,126,132,126,0.012897,0.017849,0.012388,1,1,1,1980.7
random,3,169,1,14.353,17.505,0.9996,0.9996,25,15,25,0,126,132,127,0.01246,0.018056,0.012543,1,1,1,1980.7
random,3,170,1,14.441,17.342,0.9996,0.9996,26,15,26,0,126,132,128,0.012951,0.01783,0.012543,1,1,1,1980.7
random,3,171,1,14.443,17.342,0.9997,0.9997,26,15,26,0,127,132,128,0.012951,0.01783,0.012548,1,1,1,1980.7
random,3,172,11,14.352,17.415,0.9989,0.9989,27,11,27,0,129,139,130,0.012562,0.017954,0.012541,1,1,1,1980.7
random,3,173,11,14.164,17.037,0.998,0.998,29,11,29,0,132,145,132,0.012471,0.017544,0.012476,1,1,1,1980.7
random,3,174,1,14.565,17.2,0.9981,0.9981,31,11,31,0,132,145,133,0.012946,0.017656,0.013094,1,1,1,1980.7
random,3,175,0,14.177,16.948,0.9981,0.9981,32,11,32,0,132,145,133,0.012567,0.017435,0.01253,1,1,1,1980.7
random,3,176,1,14.608,17.561,0.9983,0.9983,33,7,33,0,132,145,134,0.013327,0.018031,0.012467,1,1,1,1980.7
random,3,177,11,14.608,17.561,0.9978,0.9978,33,7,33,0,136,150,136,0.013327,0.018031,0.012467,1,1,1,1980.7
random,3,178,1,14.323,17.367,0.998,0.998,35,7,35,0,137,150,136,0.012543,0.017903,0.012522,1,1,1,1980.7
random,3,179,1,14.257,17.287,0.9981,0.9981,36,7,36,0,137,150,137,0.012474,0.017821,0.012476,1,1,1,1980.7
least_connections,1,0,0,15.858,24.998,1.0,1.0,0,0,0,0,0,0,0,0.012548,0.008646,0.026381,1,1,1,1935.6
least_connections,1,1,1,15.892,24.718,0.3333,0.3333,40,0,40,3,1,0,0,0.013251,0.008432,0.025992,1,1,1,1935.6
least_connections,1,2,1,15.803,24.635,0.6667,0.6667,40,0,40,4,1,1,0,0.012798,0.008662,0.02595,1,1,1,1935.6
least_connections,1,3,11,16.001,24.92,0.9548,0.9548,40,0,40,6,5,5,3,0.013349,0.008447,0.026206,1,1,1,1935.6
least_connections,1,4,1,16.001,24.92,0.9333,0.9333,40,0,40,6,5,6,3,0.013349,0.008447,0.026206,1,1,1,1935.6
least_connections,1,5,1,15.917,24.807,0.9036,0.9036,40,0,40,7,5,7,3,0.013265,0.008397,0.02609,1,1,1,1935.6
least_connections,1,6,11,15.691,24.787,0.9311,0.9311,40,0,40,9,12,7,7,0.012461,0.008456,0.026157,1,1,1,1935.6
least_connections,1,7,11,15.698,24.768,0.9772,0.9772,40,0,40,11,15,11,11,0.012518,0.008446,0.026129,1,1,1,1935.6
least_connections,1,8,11,15.686,24.756,0.9974,0.9974,40,0,40,13,17,15,16,0.012496,0.008444,0.026118,1,1,1,1935.6
least_connections,1,9,11,15.739,24.859,0.9825,0.9825,40,0,40,15,22,16,21,0.012518,0.008468,0.02623,1,1,1,1935.6
least_connections,1,10,1,15.739,24.859,0.9788,0.9788,40,0,40,15,23,16,21,0.012518,0.008468,0.02623,1,1,1,1935.6
least_connections,1,11,11,15.899,25.041,0.9925,0.9925,40,0,40,16,26,21,24,0.012826,0.008474,0.026398,1,1,1,1935.6
least_connections,1,12,1,16.144,25.527,0.9954,0.9954,40,0,40,18,26,22,24,0.013085,0.008437,0.02691,1,1,1,1935.6
least_connections,1,13,11,15.701,24.785,0.9962,0.9962,40,0,40,19,26,30,27,0.012575,0.008387,0.026142,1,1,1,1935.6
least_connections,1,14,1,15.63,24.566,0.9975,0.9975,40,0,40,21,27,30,27,0.012584,0.008408,0.025897,1,1,1,1935.6
least_connections,1,15,1,15.704,24.764,0.9981,0.9981,40,0,40,22,28,30,27,0.012567,0.008427,0.026119,1,1,1,1935.6
least_connections,1,16,1,15.709,24.765,0.9981,0.9981,40,0,40,22,29,30,27,0.012581,0.008427,0.026119,1,1,1,1935.6
least_connections,1,17,1,15.769,25.019,0.9976,0.9976,40,0,40,23,30,30,27,0.012581,0.008325,0.026401,1,1,1,1935.6
least_connections,1,18,1,15.726,24.817,0.9967,0.9967,40,0,40,24,30,31,27,0.012522,0.008472,0.026183,1,1,1,1935.6
least_connections,1,19,1,15.628,24.593,0.996,0.996,40,0,40,25,31,31,27,0.01251,0.008437,0.025936,1,1,1,1935.6
least_connections,1,20,1,15.72,24.833,0.9948,0.9948,40,0,40,26,32,31,27,0.012527,0.008432,0.0262,1,1,1,1935.6
least_connections,1,21,1,16.237,25.351,0.994,0.994,40,0,40,27,32,32,27,0.013229,0.008783,0.026698,1,1,1,1935.6
least_connections,1,22,11,15.807,25.252,0.9948,0.9948,40,0,40,27,34,37,31,0.012242,0.008481,0.026698,1,1,1,1935.6
least_connections,1,23,11,15.558,24.579,0.9919,0.9919,40,0,40,29,39,41,33,0.012242,0.008481,0.02595,1,1,1,1935.6
least_connections,1,24,1,15.988,24.786,0.9904,0.9904,40,0,40,31,39,42,33,0.012606,0.009219,0.026139,1,1,1,1935.6
least_connections,1,25,1,15.702,24.739,0.99,0.99,40,0,40,32,40,42,33,0.012554,0.008458,0.026093,1,1,1,1935.6
least_connections,1,26,1,15.689,24.751,0.9884,0.9884,40,0,40,33,40,43,33,0.012563,0.008398,0.026105,1,1,1,1935.6
least_connections,1,27,0,15.72,24.817,0.9884,0.9884,40,0,40,34,40,43,33,0.012555,0.008425,0.02618,1,1,1,1935.6
least_connections,1,28,12,15.712,24.726,0.9794,0.9794,38,0,38,36,46,48,34,0.012558,0.008499,0.026078,1,1,1,1935.6
least_connections,1,29,0,15.712,24.726,0.9794,0.9794,38,0,38,36,46,48,34,0.012558,0.008499,0.026078,1,1,1,1935.6
least_connections,1,30,1,15.826,25.159,0.9785,0.9717,38,0,38,37,47,48,34,0.012512,0.008401,0.026564,0,1,1,1935.6
least_connections,1,31,1,11.508,12.677,0.9818,0.9761,38,0,38,37,47,48,35,0.012522,0.009307,0.012694,0,1,1,1935.6
least_connections,1,32,1,11.246,12.757,0.9803,0.973,37,0,32,37,47,49,35,0.012523,0.008433,0.012783,0,1,1,1935.6
least_connections,1,33,1,11.167,12.568,0.9788,0.9698,37,0,32,37,47,50,35,0.012575,0.008424,0.012501,0,1,1,1935.6
least_connections,1,34,1,11.204,12.583,0.977,0.9665,37,0,32,37,47,51,35,0.01258,0.00845,0.012583,0,1,1,1935.6
least_connections,1,35,1,11.212,12.601,0.9764,0.9665,37,0,32,37,48,51,35,0.012603,0.00845,0.012583,0,1,1,1935.6
least_connections,1,36,1,11.2,12.596,0.9747,0.9632,37,0,32,37,48,52,35,0.012603,0.008464,0.012534,0,1,1,1935.6
least_connections,1,37,1,11.163,12.533,0.974,0.9632,37,0,27,37,49,52,35,0.012535,0.00844,0.012514,0,1,1,1935.6
least_connections,1,38,1,11.22,12.585,0.9774,0.968,37,0,27,37,49,52,36,0.012563,0.00851,0.012588,0,1,1,1935.6
least_connections,1,39,1,11.152,12.497,0.9805,0.9724,37,0,27,37,49,52,37,0.012476,0.00848,0.012499,0,1,1,1935.6
least_connections,1,40,1,11.26,12.749,0.9834,0.9764,37,0,21,37,49,52,38,0.012772,0.008464,0.012545,0,1,1,1935.6
least_connections,1,41,1,11.589,13.561,0.9828,0.9764,37,0,21,37,50,52,38,0.013682,0.008611,0.012473,0,1,1,1935.6
least_connections,1,42,1,11.589,13.561,0.9854,0.98,37,0,21,37,50,52,39,0.013682,0.008611,0.012473,0,1,1,1935.6
least_connections,1,43,1,11.191,12.576,0.9879,0.9833,37,0,21,37,50,52,40,0.012578,0.008434,0.012562,0,1,1,1935.6
least_connections,1,44,1,11.15,12.545,0.9872,0.9833,37,0,21,37,51,52,40,0.012445,0.00845,0.012556,0,1,1,1935.6
least_connections,1,45,1,11.142,12.562,0.9863,0.9833,37,0,16,37,52,52,40,0.012468,0.008386,0.012573,0,1,1,1935.6
least_connections,1,46,1,11.179,12.58,0.9853,0.9833,37,0,16,37,53,52,40,0.012567,0.008387,0.012582,0,1,1,1935.6
least_connections,1,47,1,11.161,12.538,0.9877,0.9862,37,0,16,37,53,52,41,0.012539,0.008412,0.012531,0,1,1,1935.6
least_connections,1,48,1,11.135,12.586,0.9866,0.9862,37,0,11,37,54,52,41,0.012589,0.008256,0.012559,0,1,1,1935.6
least_connections,1,49,1,11.135,12.586,0.9853,0.9862,37,0,11,37,55,52,41,0.012589,0.008256,0.012559,0,1,1,1935.6
least_connections,1,50,1,11.217,12.614,0.9876,0.9888,37,0,11,37,55,52,42,0.012603,0.008433,0.012615,0,1,1,1935.6
least_connections,1,51,1,11.67,13.307,0.9871,0.9868,37,0,11,37,55,53,42,0.013266,0.008432,0.013312,0,1,1,1935.6
least_connections,1,52,1,11.275,12.794,0.9864,0.9846,37,0,11,37,55,54,42,0.012551,0.008454,0.012821,0,1,1,1935.6
least_connections,1,53,1,11.156,12.597,0.9853,0.9846,37,0,6,37,56,54,42,0.012567,0.008301,0.0126,0,1,1,1935.6
least_connections,1,54,1,11.305,12.885,0.9876,0.9873,37,0,6,37,56,54,43,0.012919,0.008414,0.012582,0,1,1,1935.6
least_connections,1,55,1,11.128,12.563,0.9864,0.9873,37,0,6,37,57,54,43,0.012391,0.008411,0.012582,0,1,1,1935.6
least_connections,1,56,1,11.123,12.55,0.9852,0.9873,37,0,6,37,58,54,43,0.012391,0.008411,0.012568,0,1,1,1935.6
least_connections,1,57,1,11.193,12.577,0.9837,0.9873,37,0,2,37,59,54,43,0.012557,0.008444,0.012579,0,1,1,1935.6
least_connections,1,58,1,11.201,12.592,0.9822,0.9873,37,0,2,37,60,54,43,0.012593,0.008424,0.012587,0,1,1,1935.6
least_connections,1,59,1,11.151,12.549,0.9845,0.9897,37,0,2,37,60,54,44,0.012513,0.008388,0.012553,0,1,1,1935.6
least_connections,1,60,1,11.193,12.576,0.983,0.9897,37,0,2,37,61,54,44,0.012571,0.008432,0.012577,0,1,1,1935.6
least_connections,1,61,1,11.266,12.728,0.9813,0.9897,35,0,0,35,62,54,44,0.01274,0.008436,0.012621,0,1,1,1935.6
least_connections,1,62,1,11.207,12.615,0.9835,0.9918,35,0,0,35,62,54,45,0.012564,0.008436,0.012621,0,1,1,1935.6
least_connections,1,63,1,11.204,12.605,0.9836,0.9901,35,0,0,35,62,55,45,0.012564,0.008437,0.01261,0,1,1,1935.6
least_connections,1,64,1,11.212,12.612,0.982,0.9901,35,0,0,35,63,55,45,0.012615,0.008437,0.012583,0,1,1,1935.6
least_connections,1,65,1,11.301,12.653,0.9841,0.9921,31,0,0,31,63,55,46,0.01266,0.00865,0.012594,0,1,1,1935.6
least_connections,1,66,1,11.199,12.61,0.9861,0.9939,31,0,0,31,63,55,47,0.012549,0.008432,0.012617,0,1,1,1935.6
least_connections,1,67,1,11.172,12.564,0.9879,0.9954,31,0,0,31,63,55,48,0.012522,0.008425,0.012569,0,1,1,1935.6
least_connections,1,68,1,11.546,13.373,0.9895,0.9967,31,0,0,31,63,55,49,0.013443,0.008448,0.012747,0,1,1,1935.6
least_connections,1,69,0,11.546,13.373,0.9895,0.9967,31,0,0,31,63,55,49,0.013443,0.008448,0.012747,0,1,1,1935.6
least_connections,1,70,1,11.156,12.542,0.9909,0.9977,24,0,0,24,63,55,50,0.012507,0.008416,0.012546,0,1,1,1935.6
least_connections,1,71,1,11.478,13.338,0.9922,0.9986,24,0,0,24,63,55,51,0.012586,0.008427,0.013421,0,1,1,1935.6
least_connections,1,72,1,11.184,12.598,0.9933,0.9992,24,0,0,24,63,55,52,0.012559,0.00839,0.012602,0,1,1,1935.6
least_connections,1,73,1,11.187,12.614,0.9937,0.9986,19,0,0,19,63,56,52,0.012485,0.008449,0.012628,0,1,1,1935.6
least_connections,1,74,1,11.225,12.79,0.9925,0.9986,19,0,0,19,64,56,52,0.012451,0.008396,0.012828,0,1,1,1935.6
least_connections,1,75,1,11.278,12.801,0.9936,0.9992,19,0,0,19,64,56,53,0.01256,0.008447,0.012828,0,1,1,1935.6
least_connections,1,76,1,11.206,12.607,0.9945,0.9997,19,0,0,19,64,56,54,0.01256,0.008447,0.012612,0,1,1,1935.6
least_connections,1,77,1,11.235,12.73,0.9953,0.9999,14,0,0,14,64,56,55,0.012532,0.008422,0.012752,0,1,1,1935.6
least_connections,1,78,1,11.191,12.57,0.9957,0.9997,14,0,0,14,64,57,55,0.012558,0.008445,0.012571,0,1,1,1935.6
least_connections,1,79,1,11.431,12.547,0.996,0.9993,14,0,0,14,64,58,55,0.012548,0.009207,0.012539,0,1,1,1935.6
least_connections,1,80,1,11.557,13.332,0.995,0.9993,14,0,0,14,65,58,55,0.013412,0.008647,0.012611,0,1,1,1935.6
least_connections,1,81,1,11.466,13.252,0.994,0.9993,11,0,0,11,66,58,55,0.0126,0.008473,0.013324,0,1,1,1935.6
least_connections,1,82,1,11.445,13.245,0.9943,0.9988,11,0,0,11,66,59,55,0.012539,0.008473,0.013324,0,1,1,1935.6
least_connections,1,83,1,11.172,12.539,0.9952,0.9993,11,0,0,11,66,59,56,0.012539,0.008441,0.012536,0,1,1,1935.6
least_connections,1,84,1,11.216,12.644,0.996,0.9997,11,0,0,11,66,59,57,0.012654,0.008439,0.012554,0,1,1,1935.6
least_connections,1,85,1,11.207,12.627,0.995,0.9997,5,0,0,5,67,59,57,0.012629,0.008382,0.012609,0,1,1,1935.6
least_connections,1,86,1,11.174,12.576,0.994,0.9997,5,0,0,5,68,59,57,0.012518,0.008422,0.012582,0,1,1,1935.6
least_connections,1,87,1,11.211,12.654,0.9928,0.9997,5,0,0,5,69,59,57,0.012662,0.008389,0.012582,0,1,1,1935.6
least_connections,1,88,1,11.182,12.563,0.9936,0.9999,5,0,0,5,69,59,58,0.012539,0.00844,0.012566,0,1,1,1935.6
least_connections,1,89,1,11.182,12.563,0.9943,1.0,5,0,0,5,69,59,59,0.012539,0.00844,0.012566,0,1,1,1935.6
least_connections,1,90,1,11.159,12.566,0.9949,0.9949,1,0,0,1,69,59,60,0.012575,0.008419,0.012483,1,1,1,1935.6
least_connections,1,91,1,16.808,27.25,0.9955,0.9955,1,1,0,1,69,60,60,0.028884,0.008992,0.012549,1,1,1,1935.6
least_connections,1,92,1,15.76,24.888,0.996,0.996,2,2,0,1,69,61,60,0.026255,0.008439,0.012585,1,1,1,1935.6
least_connections,1,93,1,15.655,24.635,0.9963,0.9963,3,3,0,0,69,62,60,0.025976,0.008425,0.012565,1,1,1,1935.6
least_connections,1,94,1,15.786,24.761,0.9969,0.9969,4,4,0,0,69,62,61,0.026084,0.008416,0.012859,1,1,1,1935.6
least_connections,1,95,11,15.775,24.731,0.994,0.994,6,6,0,0,75,65,63,0.02605,0.008416,0.012859,1,1,1,1935.6
least_connections,1,96,1,15.657,24.702,0.9944,0.9944,6,6,0,0,75,66,63,0.02605,0.008355,0.012567,1,1,1,1935.6
least_connections,1,97,1,15.713,24.783,0.9947,0.9947,7,7,0,0,75,67,63,0.02614,0.008427,0.012571,1,1,1,1935.6
least_connections,1,98,1,15.853,24.752,0.9954,0.9954,8,8,0,0,75,67,64,0.026103,0.008862,0.012595,1,1,1,1935.6
least_connections,1,99,1,15.566,24.463,0.9961,0.9961,9,9,0,0,75,67,65,0.025792,0.008408,0.012499,1,1,1,1935.6
least_connections,1,100,11,15.661,24.67,0.9968,0.9968,10,10,0,0,78,72,68,0.026014,0.008395,0.012574,1,1,1,1935.6
least_connections,1,101,1,15.824,25.127,0.9974,0.9974,12,12,0,0,78,72,69,0.026522,0.008375,0.012574,1,1,1,1935.6
least_connections,1,102,11,15.83,25.129,0.9963,0.9963,12,12,0,0,83,75,72,0.026522,0.008375,0.012594,1,1,1,1935.6
least_connections,1,103,1,15.661,24.638,0.9969,0.9969,14,14,0,0,83,75,73,0.02598,0.008446,0.012556,1,1,1,1935.6
least_connections,1,104,1,15.747,24.945,0.9962,0.9962,15,15,0,0,84,75,73,0.026324,0.008378,0.012538,1,1,1,1935.6
least_connections,1,105,10,15.686,24.721,0.9969,0.9969,17,17,0,0,87,78,77,0.026071,0.008416,0.012571,1,1,1,1935.6
least_connections,1,106,1,15.655,24.728,0.9973,0.9973,18,18,0,0,87,78,78,0.026087,0.008378,0.012501,1,1,1,1935.6
least_connections,1,107,11,15.921,24.827,0.997,0.997,20,20,0,0,91,83,80,0.026182,0.008949,0.012632,1,1,1,1935.6
least_connections,1,108,1,15.921,24.827,0.9974,0.9974,20,20,0,0,91,83,81,0.026182,0.008949,0.012632,1,1,1,1935.6
least_connections,1,109,11,15.632,24.615,0.9973,0.9973,21,21,0,0,95,84,87,0.02596,0.008429,0.012508,1,1,1,1935.6
least_connections,1,110,1,15.579,24.434,0.9974,0.9974,23,23,0,0,95,84,88,0.02575,0.008399,0.012589,1,1,1,1935.6
least_connections,1,111,11,15.799,24.78,0.9955,0.9955,25,25,0,0,101,86,91,0.026119,0.008554,0.012725,1,1,1,1935.6
least_connections,1,112,1,15.706,24.749,0.996,0.996,26,26,0,0,101,87,91,0.026096,0.008398,0.012624,1,1,1,1935.6
least_connections,1,113,1,15.73,24.567,0.9962,0.9962,27,27,0,0,101,87,92,0.0259,0.008716,0.012573,1,1,1,1935.6
least_connections,1,114,1,15.846,24.881,0.9963,0.9963,28,28,0,0,101,87,93,0.026249,0.008716,0.012573,1,1,1,1935.6
least_connections,1,115,1,15.783,24.905,0.9963,0.9963,28,28,0,0,101,87,94,0.026249,0.008288,0.012811,1,1,1,1935.6
least_connections,1,116,1,15.706,24.8,0.9963,0.9963,29,29,0,0,101,87,95,0.026162,0.008413,0.012542,1,1,1,1935.6
least_connections,1,117,1,15.666,24.704,0.9963,0.9963,30,30,0,0,101,87,96,0.026057,0.008413,0.012529,1,1,1,1935.6
least_connections,1,118,1,15.714,24.809,0.9968,0.9968,31,31,0,0,101,88,96,0.026166,0.008382,0.012594,1,1,1,1935.6
least_connections,1,119,11,15.665,24.69,0.997,0.997,33,33,0,0,106,93,97,0.02604,0.008413,0.012541,1,1,1,1935.6
least_connections,1,120,1,15.94,24.767,0.9974,0.998,34,34,0,0,106,94,97,0.02603,0.008394,0.013395,1,0,1,1935.6
least_connections,1,121,1,15.94,24.767,0.9977,0.998,34,34,0,0,106,95,97,0.02603,0.008394,0.013395,1,0,1,1935.6
least_connections,1,122,1,11.246,12.562,0.9972,0.9976,34,34,0,0,107,95,97,0.012539,0.008635,0.012564,1,0,1,1935.6
least_connections,1,123,1,11.546,13.339,0.9967,0.9971,34,34,0,0,108,95,97,0.013393,0.008392,0.012852,1,0,1,1935.6
least_connections,1,124,1,11.167,12.558,0.9969,0.9976,34,34,0,0,108,95,98,0.012561,0.008411,0.012529,1,0,1,1935.6
least_connections,1,125,1,11.192,12.608,0.9973,0.9976,34,34,0,0,108,96,98,0.012609,0.008365,0.012602,1,0,1,1935.6
least_connections,1,126,1,11.196,12.615,0.9975,0.9981,34,34,0,0,108,96,99,0.012548,0.008418,0.012622,1,0,1,1935.6
least_connections,1,127,1,11.219,12.618,0.9978,0.9981,34,34,0,0,108,97,99,0.012578,0.008458,0.012622,1,0,1,1935.6
least_connections,1,128,1,11.208,12.587,0.9973,0.9977,34,34,0,0,109,97,99,0.012578,0.008458,0.012588,1,0,1,1935.6
least_connections,1,129,1,11.232,12.672,0.9975,0.9981,34,34,0,0,109,97,100,0.012632,0.008389,0.012676,1,0,1,1935.6
least_connections,1,130,1,11.141,12.548,0.9978,0.9981,34,34,0,0,109,98,100,0.012533,0.008339,0.01255,1,0,1,1935.6
least_connections,1,131,1,11.737,13.327,0.9981,0.9981,34,34,0,0,109,99,100,0.013336,0.008628,0.013246,1,0,1,1935.6
least_connections,1,132,1,11.282,12.864,0.9983,0.9981,34,34,0,0,109,100,100,0.012533,0.008411,0.012901,1,0,1,1935.6
least_connections,1,133,1,11.159,12.58,0.9979,0.9977,34,34,0,0,110,100,100,0.012586,0.008365,0.012527,1,0,1,1935.6
least_connections,1,134,1,11.135,12.526,0.9981,0.9982,34,34,0,0,110,100,101,0.012512,0.008365,0.012527,1,0,1,1935.6
least_connections,1,135,1,11.46,13.363,0.9977,0.9978,34,34,0,0,111,100,101,0.012512,0.008409,0.013458,1,0,1,1935.6
least_connections,1,136,1,11.175,12.608,0.9979,0.9982,34,34,0,0,111,100,102,0.012612,0.008343,0.012569,1,0,1,1935.6
least_connections,1,137,1,11.309,12.667,0.9982,0.9982,34,34,0,0,111,101,102,0.012677,0.008679,0.012572,1,0,1,1935.6
least_connections,1,138,1,11.197,12.586,0.9983,0.9986,34,34,0,0,111,101,103,0.012557,0.008444,0.012589,1,0,1,1935.6
least_connections,1,139,1,11.317,12.895,0.9984,0.9989,34,34,0,0,111,101,104,0.012577,0.008445,0.01293,1,0,1,1935.6
least_connections,1,140,1,11.469,13.175,0.9985,0.9992,34,34,0,0,111,101,105,0.012748,0.008437,0.013223,1,0,1,1935.6
least_connections,1,141,0,11.469,13.175,0.9985,0.9992,34,34,0,0,111,101,105,0.012748,0.008437,0.013223,1,0,1,1935.6
least_connections,1,142,1,11.262,12.648,0.9988,0.9992,34,34,0,0,111,102,105,0.012659,0.008581,0.012547,1,0,1,1935.6
least_connections,1,143,1,11.186,12.579,0.9988,0.9995,34,34,0,0,111,102,106,0.01258,0.00841,0.012567,1,0,1,1935.6
least_connections,1,144,1,11.178,12.575,0.999,0.9995,34,34,0,0,111,103,106,0.012554,0.008402,0.012577,1,0,1,1935.6
least_connections,1,145,1,11.303,12.892,0.9988,0.9992,34,34,0,0,112,103,106,0.012928,0.00841,0.012572,1,0,1,1935.6
least_connections,1,146,1,11.152,12.538,0.999,0.9992,34,34,0,0,112,104,106,0.01254,0.008399,0.012516,1,0,1,1935.6
least_connections,1,147,1,11.287,12.826,0.9991,0.9995,34,34,0,0,112,104,107,0.012853,0.008423,0.012585,1,0,1,1935.6
least_connections,1,148,1,11.287,12.826,0.9991,0.9997,34,34,0,0,112,104,108,0.012853,0.008423,0.012585,1,0,1,1935.6
least_connections,1,149,1,11.161,12.594,0.9988,0.9995,34,34,0,0,113,104,108,0.01244,0.008431,0.012611,1,0,1,1935.6
least_connections,1,150,1,11.163,12.549,0.9991,0.9991,34,34,0,0,113,105,108,0.012508,0.008426,0.012554,1,1,1,1935.6
least_connections,1,151,1,15.815,20.765,0.9988,0.9988,34,34,1,0,114,105,108,0.012582,0.021598,0.013265,1,1,1,1935.6
least_connections,1,152,1,14.501,17.485,0.9985,0.9985,34,34,2,0,115,105,108,0.012959,0.017988,0.012555,1,1,1,1935.6
least_connections,1,153,11,14.421,17.337,0.9995,0.9995,34,34,4,0,116,110,113,0.012938,0.017826,0.0125,1,1,1,1935.6
least_connections,1,154,1,14.282,17.295,0.9995,0.9995,30,30,4,0,116,110,114,0.012519,0.017826,0.0125,1,1,1,1935.6
least_connections,1,155,1,14.485,17.307,0.9994,0.9994,30,30,5,0,117,110,114,0.012519,0.017767,0.013169,1,1,1,1935.6
least_connections,1,156,1,14.344,17.363,0.9992,0.9992,30,30,6,0,118,110,114,0.012544,0.017892,0.012597,1,1,1,1935.6
least_connections,1,157,1,14.329,17.299,0.999,0.999,30,30,7,0,119,110,114,0.01252,0.017815,0.012653,1,1,1,1935.6
least_connections,1,158,1,14.696,17.6,0.9987,0.9987,30,30,8,0,120,110,114,0.01266,0.018071,0.013357,1,1,1,1935.6
least_connections,1,159,1,14.339,17.324,0.9984,0.9984,26,26,9,0,121,110,114,0.012562,0.017848,0.012607,1,1,1,1935.6
least_connections,1,160,1,14.3,17.342,0.9981,0.9981,26,26,10,0,122,110,114,0.012523,0.017877,0.0125,1,1,1,1935.6
least_connections,1,161,1,14.3,17.342,0.9982,0.9982,26,26,10,0,122,110,115,0.012523,0.017877,0.0125,1,1,1,1935.6
least_connections,1,162,1,14.452,17.314,0.9979,0.9979,26,26,11,0,123,110,115,0.013046,0.017788,0.012522,1,1,1,1935.6
least_connections,1,163,1,14.602,17.322,0.9975,0.9975,20,20,12,0,124,110,115,0.012716,0.017766,0.013323,1,1,1,1935.6
least_connections,1,164,11,14.344,17.3,0.9961,0.9961,20,20,13,0,130,112,118,0.01257,0.017817,0.012646,1,1,1,1935.6
least_connections,1,165,11,14.032,16.63,0.9968,0.9968,20,20,16,0,133,116,122,0.012471,0.017084,0.01254,1,1,1,1935.6
least_connections,1,166,1,14.146,16.868,0.9964,0.9964,20,20,17,0,134,116,122,0.012515,0.017345,0.012577,1,1,1,1935.6
least_connections,1,167,11,14.13,16.868,0.9972,0.9972,17,15,17,0,137,121,125,0.012467,0.017345,0.012577,1,1,1,1935.6
least_connections,1,168,1,14.277,17.231,0.9973,0.9973,19,15,19,0,137,121,126,0.012467,0.017743,0.012621,1,1,1,1935.6
least_connections,1,169,1,14.238,17.08,0.9969,0.9969,20,15,20,0,138,121,126,0.012536,0.017578,0.0126,1,1,1,1935.6
least_connections,1,170,11,14.365,17.447,0.9974,0.9974,21,15,21,0,139,123,134,0.012583,0.017987,0.012524,1,1,1,1935.6
least_connections,1,171,1,14.528,17.401,0.9974,0.9974,23,10,23,0,139,123,135,0.012636,0.017883,0.013065,1,1,1,1935.6
least_connections,1,172,1,14.189,16.92,0.9973,0.9973,24,10,24,0,139,123,136,0.012578,0.017401,0.012588,1,1,1,1935.6
least_connections,1,173,1,14.188,16.949,0.997,0.997,25,10,25,0,140,123,136,0.012544,0.017433,0.012588,1,1,1,1935.6
least_connections,1,174,1,14.156,16.944,0.9968,0.9968,25,10,25,0,141,123,136,0.012544,0.017433,0.01249,1,1,1,1935.6
least_connections,1,175,1,14.239,17.09,0.9965,0.9965,26,10,26,0,142,123,136,0.012573,0.017592,0.012551,1,1,1,1935.6
least_connections,1,176,1,14.284,17.244,0.9962,0.9962,27,6,27,0,143,123,136,0.012542,0.017767,0.012542,1,1,1,1935.6
least_connections,1,177,0,14.251,17.188,0.9962,0.9962,28,6,28,0,143,123,136,0.012512,0.017705,0.012536,1,1,1,1935.6
least_connections,1,178,1,14.223,17.034,0.9961,0.9961,29,6,29,0,143,123,137,0.01257,0.01753,0.012569,1,1,1,1935.6
least_connections,1,179,11,14.276,17.157,0.9959,0.9959,31,2,31,0,147,126,141,0.012569,0.017664,0.012596,1,1,1,1935.6
least_connections,2,0,0,15.873,25.23,1.0,1.0,0,0,0,0,0,0,0,0.012593,0.008393,0.026634,1,1,1,2038.6
least_connections,2,1,11,15.705,24.934,0.7908,0.7908,33,0,33,4,1,5,5,0.012437,0.008354,0.026323,1,1,1,2038.6
least_connections,2,2,1,15.931,24.697,0.7742,0.7742,33,0,33,5,1,6,5,0.01252,0.009223,0.02605,1,1,1,2038.6
least_connections,2,3,11,15.661,24.73,0.9742,0.9742,33,0,33,7,6,9,8,0.012513,0.008382,0.026088,1,1,1,2038.6
least_connections,2,4,11,15.83,25.108,0.8838,0.8838,33,0,33,9,6,16,12,0.012584,0.008407,0.0265,1,1,1,2038.6
least_connections,2,5,1,15.744,24.608,0.8706,0.8706,33,0,33,10,6,17,12,0.012934,0.008393,0.025905,1,1,1,2038.6
least_connections,2,6,11,15.616,24.569,0.9208,0.9208,33,0,33,10,9,19,18,0.012549,0.008393,0.025905,1,1,1,2038.6
least_connections,2,7,1,15.974,24.771,0.938,0.938,33,0,33,12,10,19,18,0.012549,0.009244,0.026129,1,1,1,2038.6
least_connections,2,8,11,15.685,24.741,0.9568,0.9568,33,0,33,13,14,24,20,0.012623,0.008344,0.026087,1,1,1,2038.6
least_connections,2,9,1,15.659,24.763,0.9503,0.9503,33,0,33,15,14,25,20,0.012535,0.00832,0.026122,1,1,1,2038.6
least_connections,2,10,11,15.661,24.76,0.9804,0.9804,33,0,33,17,19,27,24,0.012476,0.008382,0.026125,1,1,1,2038.6
least_connections,2,11,1,15.763,24.895,0.9764,0.9764,33,0,33,18,19,28,24,0.012552,0.008471,0.026266,1,1,1,2038.6
least_connections,2,12,1,15.774,24.908,0.9818,0.9818,33,0,33,18,20,28,24,0.012682,0.008373,0.026266,1,1,1,2038.6
least_connections,2,13,1,15.844,25.098,0.9776,0.9776,33,0,33,19,20,29,24,0.012682,0.008373,0.026478,1,1,1,2038.6
least_connections,2,14,1,16.156,25.389,0.9824,0.9824,33,0,33,20,21,29,24,0.013338,0.008401,0.026728,1,1,1,2038.6
least_connections,2,15,1,15.776,24.721,0.9781,0.9781,33,0,33,21,21,30,24,0.012898,0.008396,0.026035,1,1,1,2038.6
least_connections,2,16,11,15.675,24.657,0.9799,0.9799,33,0,33,22,24,34,28,0.01257,0.008455,0.026,1,1,1,2038.6
least_connections,2,17,1,16.305,25.587,0.976,0.976,33,0,33,24,24,35,28,0.013323,0.008642,0.02695,1,1,1,2038.6
least_connections,2,18,11,15.825,25.133,0.9814,0.9814,33,0,33,26,30,39,29,0.012524,0.008417,0.026534,1,1,1,2038.6
least_connections,2,19,11,15.825,25.133,0.9913,0.9913,33,0,33,26,35,41,33,0.012524,0.008417,0.026534,1,1,1,2038.6
least_connections,2,20,11,16.049,25.374,0.9885,0.9885,33,0,33,28,38,46,36,0.012674,0.008688,0.026785,1,1,1,2038.6
least_connections,2,21,1,15.704,24.788,0.9893,0.9893,33,0,33,30,39,46,36,0.012572,0.008394,0.026145,1,1,1,2038.6
least_connections,2,22,1,15.492,24.193,0.9899,0.9899,33,0,33,31,40,46,36,0.012585,0.008409,0.025483,1,1,1,2038.6
least_connections,2,23,1,15.689,24.742,0.9879,0.9879,33,0,33,32,40,47,36,0.012622,0.008357,0.026089,1,1,1,2038.6
least_connections,2,24,0,15.792,24.793,0.9879,0.9879,33,0,33,33,40,47,36,0.012865,0.008393,0.026118,1,1,1,2038.6
least_connections,2,25,1,15.704,24.766,0.9883,0.9883,33,0,33,33,41,47,36,0.012601,0.008393,0.026118,1,1,1,2038.6
least_connections,2,26,1,15.634,24.58,0.9862,0.9862,34,0,33,34,41,48,36,0.012601,0.008391,0.025911,1,1,1,2038.6
least_connections,2,27,1,16.01,25.608,0.9866,0.9866,35,0,33,35,42,48,36,0.012623,0.008356,0.027051,1,1,1,2038.6
least_connections,2,28,1,15.789,24.738,0.9867,0.9867,36,0,32,36,43,48,36,0.012584,0.008693,0.026089,1,1,1,2038.6
least_connections,2,29,1,15.655,24.64,0.9847,0.9847,37,0,32,37,43,49,36,0.012567,0.008418,0.025981,1,1,1,2038.6
least_connections,2,30,1,15.706,24.689,0.9826,0.9742,38,0,32,38,43,50,36,0.012632,0.008457,0.026029,0,1,1,2038.6
least_connections,2,31,1,15.688,24.688,0.9852,0.9782,38,0,27,38,43,50,37,0.012618,0.008418,0.026029,0,1,1,2038.6
least_connections,2,32,1,11.198,12.612,0.983,0.9753,38,0,27,38,43,51,37,0.012618,0.008418,0.012558,0,1,1,2038.6
least_connections,2,33,1,11.161,12.596,0.9834,0.9753,38,0,27,38,44,51,37,0.012612,0.008419,0.012451,0,1,1,2038.6
least_connections,2,34,1,11.169,12.561,0.9835,0.9753,38,0,27,38,45,51,37,0.012523,0.008418,0.012565,0,1,1,2038.6
least_connections,2,35,1,11.293,12.837,0.9835,0.9753,38,0,27,38,46,51,37,0.012867,0.008442,0.01257,0,1,1,2038.6
least_connections,2,36,1,11.38,13.149,0.9816,0.9724,38,0,24,38,46,52,37,0.012593,0.008336,0.013211,0,1,1,2038.6
least_connections,2,37,1,11.144,12.572,0.9842,0.9764,38,0,24,38,46,52,38,0.012587,0.008406,0.012438,0,1,1,2038.6
least_connections,2,38,1,11.132,12.54,0.9842,0.9764,38,0,24,38,47,52,38,0.012551,0.008406,0.012438,0,1,1,2038.6
least_connections,2,39,1,11.168,12.55,0.9839,0.9764,38,0,24,38,48,52,38,0.012551,0.008415,0.012538,0,1,1,2038.6
least_connections,2,40,1,11.669,13.385,0.9834,0.9764,38,0,20,38,49,52,38,0.0134,0.008363,0.013245,0,1,1,2038.6
least_connections,2,41,1,11.131,12.552,0.986,0.98,38,0,20,38,49,52,39,0.012563,0.008373,0.012456,0,1,1,2038.6
least_connections,2,42,1,11.292,12.586,0.9884,0.9833,38,0,20,38,49,52,40,0.012583,0.008708,0.012586,0,1,1,2038.6
least_connections,2,43,1,11.277,12.768,0.987,0.9808,38,0,20,38,49,53,40,0.012791,0.008474,0.012565,0,1,1,2038.6
least_connections,2,44,1,11.218,12.608,0.9892,0.984,38,0,14,38,49,53,41,0.012621,0.008541,0.012491,0,1,1,2038.6
least_connections,2,45,1,11.218,12.608,0.9911,0.9868,38,0,14,38,49,53,42,0.012621,0.008541,0.012491,0,1,1,2038.6
least_connections,2,46,1,11.139,12.569,0.9909,0.9868,38,0,14,38,50,53,42,0.012479,0.008358,0.012579,0,1,1,2038.6
least_connections,2,47,1,11.492,13.27,0.9896,0.9846,38,0,14,38,50,54,42,0.013351,0.00858,0.012545,0,1,1,2038.6
least_connections,2,48,1,11.207,12.603,0.9882,0.9824,38,0,10,38,50,55,42,0.012606,0.008442,0.012573,0,1,1,2038.6
least_connections,2,49,1,11.248,12.78,0.9867,0.98,38,0,10,38,50,56,42,0.012578,0.008364,0.012802,0,1,1,2038.6
least_connections,2,50,1,11.182,12.599,0.9887,0.983,38,0,10,38,50,56,43,0.012607,0.008407,0.012531,0,1,1,2038.6
least_connections,2,51,1,11.182,12.545,0.9871,0.9808,38,0,10,38,50,57,43,0.012547,0.008467,0.012531,0,1,1,2038.6
least_connections,2,52,1,11.446,13.245,0.9872,0.9808,38,0,10,38,51,57,43,0.012547,0.008467,0.013323,0,1,1,2038.6
least_connections,2,53,1,11.192,12.589,0.9871,0.9808,38,0,6,38,52,57,43,0.012578,0.008409,0.01259,0,1,1,2038.6
least_connections,2,54,1,11.197,12.617,0.9856,0.9784,38,0,6,38,52,58,43,0.012626,0.008432,0.012534,0,1,1,2038.6
least_connections,2,55,1,11.166,12.54,0.984,0.976,38,0,6,38,52,59,43,0.012543,0.008446,0.012508,0,1,1,2038.6
least_connections,2,56,1,11.582,13.566,0.9839,0.976,38,0,2,38,53,59,43,0.013679,0.008518,0.012549,0,1,1,2038.6
least_connections,2,57,1,11.457,12.561,0.9823,0.9735,38,0,2,38,53,60,43,0.01256,0.009249,0.012561,0,1,1,2038.6
least_connections,2,58,1,11.434,12.554,0.9806,0.9709,38,0,2,38,53,61,43,0.012493,0.009249,0.012561,0,1,1,2038.6
least_connections,2,59,1,11.173,12.531,0.9788,0.9683,38,0,2,38,53,62,43,0.012493,0.008491,0.012535,0,1,1,2038.6
least_connections,2,60,1,11.108,12.515,0.9811,0.972,36,0,2,36,53,62,44,0.012494,0.008312,0.012517,0,1,1,2038.6
least_connections,2,61,1,11.211,12.599,0.9833,0.9754,36,0,0,36,53,62,45,0.012601,0.008453,0.012579,0,1,1,2038.6
least_connections,2,62,1,11.332,12.835,0.9815,0.973,36,0,0,36,53,63,45,0.012571,0.00856,0.012864,0,1,1,2038.6
least_connections,2,63,1,11.168,12.56,0.9796,0.9705,36,0,0,36,53,64,45,0.012505,0.008433,0.012566,0,1,1,2038.6
least_connections,2,64,1,11.142,12.527,0.9817,0.9739,30,0,0,30,53,64,46,0.012469,0.008425,0.012533,0,1,1,2038.6
least_connections,2,65,1,11.145,12.527,0.9837,0.9771,30,0,0,30,53,64,47,0.012477,0.008425,0.012533,0,1,1,2038.6
least_connections,2,66,1,11.177,12.574,0.9854,0.98,30,0,0,30,53,64,48,0.012477,0.008469,0.012585,0,1,1,2038.6
least_connections,2,67,1,11.475,13.363,0.986,0.98,30,0,0,30,54,64,48,0.013451,0.008399,0.012575,0,1,1,2038.6
least_connections,2,68,1,11.442,13.283,0.9843,0.9779,24,0,0,24,54,65,48,0.013364,0.008412,0.01255,0,1,1,2038.6
least_connections,2,69,0,11.185,12.59,0.9843,0.9779,24,0,0,24,54,65,48,0.012522,0.008434,0.012598,0,1,1,2038.6
least_connections,2,70,1,11.27,12.758,0.986,0.9807,24,0,0,24,54,65,49,0.012778,0.008458,0.012574,0,1,1,2038.6
least_connections,2,71,1,11.152,12.556,0.9842,0.9786,24,0,0,24,54,66,49,0.012465,0.008426,0.012566,0,1,1,2038.6
least_connections,2,72,1,11.152,12.556,0.9858,0.9813,24,0,0,24,54,66,50,0.012465,0.008426,0.012566,0,1,1,2038.6
least_connections,2,73,1,11.257,12.771,0.984,0.9793,20,0,0,20,54,67,50,0.01257,0.008409,0.012793,0,1,1,2038.6
least_connections,2,74,1,11.235,12.577,0.9848,0.9793,20,0,0,20,55,67,50,0.012543,0.008581,0.012581,0,1,1,2038.6
least_connections,2,75,1,11.196,12.607,0.9863,0.9819,20,0,0,20,55,67,51,0.012551,0.008423,0.012613,0,1,1,2038.6
least_connections,2,76,1,11.396,13.17,0.9846,0.98,16,0,0,16,55,68,51,0.013238,0.008393,0.012557,0,1,1,2038.6
least_connections,2,77,1,11.204,12.612,0.9828,0.978,16,0,0,16,55,69,51,0.01256,0.008435,0.012618,0,1,1,2038.6
least_connections,2,78,1,11.181,12.61,0.9836,0.978,16,0,0,16,56,69,51,0.012535,0.00839,0.012618,0,1,1,2038.6
least_connections,2,79,1,11.177,12.6,0.9842,0.978,16,0,0,16,57,69,51,0.012535,0.00839,0.012607,0,1,1,2038.6
least_connections,2,80,1,11.194,12.574,0.9858,0.9806,16,0,0,16,57,69,52,0.012576,0.008448,0.012558,0,1,1,2038.6
least_connections,2,81,1,11.17,12.61,0.9872,0.9831,10,0,0,10,57,69,53,0.012479,0.008405,0.012625,0,1,1,2038.6
least_connections,2,82,1,11.197,12.563,0.9877,0.9831,10,0,0,10,58,69,53,0.012558,0.008468,0.012564,0,1,1,2038.6
least_connections,2,83,1,11.244,12.794,0.9882,0.9831,10,0,0,10,59,69,53,0.012506,0.0084,0.012826,0,1,1,2038.6
least_connections,2,84,1,11.16,12.559,0.9895,0.9853,6,0,0,6,59,69,54,0.01257,0.008449,0.012461,0,1,1,2038.6
least_connections,2,85,1,11.17,12.587,0.9899,0.9853,6,0,0,6,60,69,54,0.012601,0.008449,0.012461,0,1,1,2038.6
least_connections,2,86,1,11.212,12.596,0.9912,0.9874,6,0,0,6,60,69,55,0.012601,0.008481,0.012553,0,1,1,2038.6
least_connections,2,87,1,11.467,13.337,0.9923,0.9893,6,0,0,6,60,69,56,0.013426,0.008437,0.012539,0,1,1,2038.6
least_connections,2,88,1,11.31,12.927,0.9926,0.9893,6,0,0,6,61,69,56,0.012966,0.008388,0.012575,0,1,1,2038.6
least_connections,2,89,1,11.135,12.512,0.9928,0.9893,2,0,0,2,62,69,56,0.012468,0.008421,0.012517,0,1,1,2038.6
least_connections,2,90,1,11.323,12.927,0.9917,0.9917,2,0,0,2,62,70,56,0.012965,0.008424,0.01258,1,1,1,2038.6
least_connections,2,91,1,17.045,28.134,0.9905,0.9905,2,1,0,2,62,71,56,0.029832,0.008451,0.012853,1,1,1,2038.6
least_connections,2,92,1,17.045,28.134,0.9893,0.9893,2,1,0,2,62,72,56,0.029832,0.008451,0.012853,1,1,1,2038.6
least_connections,2,93,1,15.745,24.86,0.9879,0.9879,2,2,0,0,62,73,56,0.026225,0.008432,0.012577,1,1,1,2038.6
least_connections,2,94,11,15.807,24.992,0.9927,0.9927,3,3,0,0,66,75,61,0.026367,0.00844,0.012613,1,1,1,2038.6
least_connections,2,95,11,15.654,24.677,0.9894,0.9894,5,5,0,0,71,80,62,0.026031,0.008435,0.012496,1,1,1,2038.6
least_connections,2,96,11,15.724,24.88,0.9947,0.9947,7,7,0,0,73,82,69,0.026254,0.008407,0.012512,1,1,1,2038.6
least_connections,2,97,11,15.52,24.411,0.9955,0.9955,10,10,0,0,81,83,71,0.025723,0.008233,0.012605,1,1,1,2038.6
least_connections,2,98,1,15.637,24.726,0.995,0.995,11,11,0,0,81,84,71,0.026073,0.008233,0.012605,1,1,1,2038.6
least_connections,2,99,11,15.755,24.727,0.9949,0.9949,11,11,0,0,86,87,74,0.026073,0.008574,0.012617,1,1,1,2038.6
least_connections,2,100,1,15.605,24.5,0.9944,0.9944,13,13,0,0,86,88,74,0.025824,0.00841,0.012582,1,1,1,2038.6
least_connections,2,101,1,15.751,24.649,0.9939,0.9939,14,14,0,0,86,89,74,0.025987,0.008661,0.012604,1,1,1,2038.6
least_connections,2,102,1,15.674,24.733,0.9934,0.9934,15,15,0,0,86,90,74,0.026085,0.008371,0.012565,1,1,1,2038.6
least_connections,2,103,1,15.893,25.062,0.9932,0.9932,16,16,0,0,87,90,74,0.026413,0.008359,0.012908,1,1,1,2038.6
least_connections,2,104,10,15.827,24.818,0.992,0.992,18,18,0,0,92,93,76,0.026141,0.008432,0.012908,1,1,1,2038.6
least_connections,2,105,1,15.707,24.782,0.993,0.993,18,18,0,0,92,93,77,0.026141,0.008432,0.012547,1,1,1,2038.6
least_connections,2,106,11,15.922,24.554,0.9951,0.9951,20,20,0,0,96,95,82,0.025804,0.008653,0.013308,1,1,1,2038.6
least_connections,2,107,1,15.778,24.934,0.9958,0.9958,21,21,0,0,96,95,83,0.026301,0.008396,0.012636,1,1,1,2038.6
least_connections,2,108,1,15.624,24.566,0.9956,0.9956,22,22,0,0,96,96,83,0.025902,0.008428,0.012541,1,1,1,2038.6
least_connections,2,109,11,15.622,24.527,0.9971,0.9971,24,24,0,0,99,99,88,0.025854,0.008427,0.012584,1,1,1,2038.6
least_connections,2,110,1,15.673,24.672,0.9976,0.9976,25,25,0,0,99,99,89,0.026016,0.00843,0.012572,1,1,1,2038.6
least_connections,2,111,1,15.673,24.672,0.9973,0.9973,25,25,0,0,99,100,89,0.026016,0.00843,0.012572,1,1,1,2038.6
least_connections,2,112,1,15.905,24.615,0.997,0.997,26,26,0,0,99,101,89,0.025953,0.009186,0.012576,1,1,1,2038.6
least_connections,2,113,1,15.665,24.624,0.9976,0.9976,27,27,0,0,99,101,90,0.025965,0.008479,0.012552,1,1,1,2038.6
least_connections,2,114,1,15.697,24.741,0.998,0.998,28,28,0,0,99,101,91,0.026091,0.008407,0.012592,1,1,1,2038.6
least_connections,2,115,1,15.832,24.867,0.9977,0.9977,29,29,0,0,99,102,91,0.026201,0.008436,0.01286,1,1,1,2038.6
least_connections,2,116,11,16.058,24.757,0.9986,0.9986,31,31,0,0,100,106,97,0.026085,0.00928,0.01281,1,1,1,2038.6
least_connections,2,117,1,16.026,24.67,0.9989,0.9989,32,32,0,0,100,106,98,0.025988,0.00928,0.01281,1,1,1,2038.6
least_connections,2,118,1,15.922,24.725,0.9986,0.9986,32,32,0,0,100,107,98,0.025988,0.008418,0.013361,1,1,1,2038.6
least_connections,2,119,1,15.652,24.662,0.9982,0.9982,33,33,0,0,100,108,98,0.026014,0.008454,0.012489,1,1,1,2038.6
least_connections,2,120,1,15.801,25.068,0.9985,1.0,34,34,0,0,100,108,99,0.026458,0.008389,0.012555,1,0,1,2038.6
least_connections,2,121,1,11.176,12.549,0.9981,1.0,34,34,0,0,100,109,99,0.012551,0.00845,0.012528,1,0,1,2038.6
least_connections,2,122,1,11.17,12.557,0.9977,1.0,34,34,0,0,100,110,99,0.01256,0.008425,0.012526,1,0,1,2038.6
least_connections,2,123,1,11.18,12.559,0.9979,1.0,34,34,0,0,100,110,100,0.012563,0.008452,0.012526,1,0,1,2038.6
least_connections,2,124,1,11.218,12.632,0.9981,1.0,34,34,0,0,101,110,100,0.012563,0.008452,0.01264,1,0,1,2038.6
least_connections,2,125,1,11.275,12.762,0.9983,1.0,34,34,0,0,101,110,101,0.012595,0.008449,0.012781,1,0,1,2038.6
least_connections,2,126,1,11.482,12.618,0.9985,1.0,34,34,0,0,101,110,102,0.012504,0.009311,0.012631,1,0,1,2038.6
least_connections,2,127,1,11.199,12.603,0.9987,1.0,34,34,0,0,102,110,102,0.012568,0.008421,0.012607,1,0,1,2038.6
least_connections,2,128,1,11.183,12.564,0.9989,1.0,34,34,0,0,103,110,102,0.01257,0.008471,0.012509,1,0,1,2038.6
least_connections,2,129,1,11.2,12.596,0.999,0.9999,34,34,0,0,104,110,102,0.012556,0.008445,0.0126,1,0,1,2038.6
least_connections,2,130,1,11.189,12.593,0.9991,1.0,34,34,0,0,104,110,103,0.012531,0.008436,0.0126,1,0,1,2038.6
least_connections,2,131,1,11.171,12.544,0.9993,1.0,34,34,0,0,104,110,104,0.012531,0.008436,0.012546,1,0,1,2038.6
least_connections,2,132,1,11.155,12.572,0.9994,1.0,34,34,0,0,105,110,104,0.012583,0.008407,0.012475,1,0,1,2038.6
least_connections,2,133,1,11.185,12.619,0.9995,1.0,34,34,0,0,105,110,105,0.012633,0.008429,0.012493,1,0,1,2038.6
least_connections,2,134,1,11.181,12.568,0.9996,1.0,34,34,0,0,106,110,105,0.012573,0.008446,0.012523,1,0,1,2038.6
least_connections,2,135,1,11.171,12.56,0.9996,0.9999,34,34,0,0,107,110,105,0.012563,0.008412,0.012537,1,0,1,2038.6
least_connections,2,136,1,11.346,13.149,0.9996,0.9998,34,34,0,0,108,110,105,0.013214,0.008258,0.012566,1,0,1,2038.6
least_connections,2,137,1,11.227,12.828,0.9996,0.9997,34,34,0,0,109,110,105,0.012857,0.008258,0.012566,1,0,1,2038.6
least_connections,2,138,1,11.297,12.832,0.9998,0.9998,34,34,0,0,109,110,106,0.012857,0.008425,0.012608,1,0,1,2038.6
least_connections,2,139,1,11.18,12.586,0.9996,0.9998,34,34,0,0,109,111,106,0.012553,0.008396,0.01259,1,0,1,2038.6
least_connections,2,140,1,11.156,12.522,0.9995,0.9998,34,34,0,0,109,112,106,0.012523,0.008432,0.012513,1,0,1,2038.6
least_connections,2,141,1,11.22,12.747,0.9996,0.9999,34,34,0,0,109,112,107,0.012778,0.00841,0.012471,1,0,1,2038.6
least_connections,2,142,1,11.185,12.575,0.9996,0.9998,34,34,0,0,110,112,107,0.012575,0.008406,0.012573,1,0,1,2038.6
least_connections,2,143,0,11.205,12.625,0.9996,0.9998,34,34,0,0,110,112,107,0.012634,0.008437,0.012545,1,0,1,2038.6
least_connections,2,144,1,11.205,12.625,0.9996,0.9997,34,34,0,0,111,112,107,0.012634,0.008437,0.012545,1,0,1,2038.6
least_connections,2,145,1,11.143,12.543,0.9998,0.9998,34,34,0,0,111,112,108,0.012476,0.008404,0.01255,1,0,1,2038.6
least_connections,2,146,1,11.22,12.745,0.9999,0.9999,34,34,0,0,111,112,109,0.012772,0.008382,0.012507,1,0,1,2038.6
least_connections,2,147,1,11.283,12.819,0.9998,0.9999,34,34,0,0,111,113,109,0.012851,0.008463,0.012535,1,0,1,2038.6
least_connections,2,148,1,11.448,13.251,0.9998,0.9998,34,34,0,0,112,113,109,0.013324,0.008423,0.012597,1,0,1,2038.6
least_connections,2,149,1,11.302,12.842,0.9999,0.9999,34,34,0,0,112,113,110,0.012873,0.008469,0.012563,1,0,1,2038.6
least_connections,2,150,1,11.218,12.567,0.9999,0.9999,34,34,0,0,112,113,111,0.012568,0.008525,0.01256,1,1,1,2038.6
least_connections,2,151,11,11.218,12.567,0.9997,0.9997,34,34,0,0,116,118,113,0.012568,0.008525,0.01256,1,1,1,2038.6
least_connections,2,152,1,14.312,17.271,0.9997,0.9997,34,34,2,0,117,118,113,0.012571,0.017793,0.012573,1,1,1,2038.6
least_connections,2,153,1,14.297,17.208,0.9998,0.9998,34,34,3,0,117,118,114,0.012578,0.017721,0.012591,1,1,1,2038.6
least_connections,2,154,11,14.25,17.146,0.9994,0.9994,31,31,5,0,122,122,116,0.012534,0.017656,0.01256,1,1,1,2038.6
least_connections,2,155,1,14.256,17.248,0.9996,0.9996,31,31,6,0,122,122,117,0.012498,0.017776,0.012494,1,1,1,2038.6
least_connections,2,156,1,14.623,17.328,0.9995,0.9995,31,31,7,0,123,122,117,0.013351,0.01777,0.012748,1,1,1,2038.6
least_connections,2,157,1,14.364,17.268,0.9997,0.9997,31,31,7,0,123,122,118,0.012574,0.01777,0.012748,1,1,1,2038.6
least_connections,2,158,1,14.378,17.371,0.9998,0.9998,31,31,8,0,123,122,119,0.012574,0.017894,0.012665,1,1,1,2038.6
least_connections,2,159,11,14.198,16.991,0.9998,0.9998,24,24,9,0,127,125,123,0.012535,0.017482,0.012576,1,1,1,2038.6
least_connections,2,160,1,14.424,17.324,0.9999,0.9999,24,24,11,0,127,125,124,0.012891,0.017817,0.012564,1,1,1,2038.6
least_connections,2,161,1,14.206,16.89,0.9998,0.9998,24,24,12,0,128,125,124,0.012622,0.017363,0.012633,1,1,1,2038.6
least_connections,2,162,11,14.317,17.247,0.9998,0.9998,19,19,14,0,131,127,130,0.012585,0.017763,0.012603,1,1,1,2038.6
least_connections,2,163,1,14.409,17.301,0.9997,0.9997,19,19,15,0,132,127,130,0.012825,0.017798,0.012603,1,1,1,2038.6
least_connections,2,164,11,14.373,17.301,0.9999,0.9999,19,19,15,0,135,132,133,0.012825,0.017798,0.012497,1,1,1,2038.6
least_connections,2,165,11,14.301,17.227,1.0,1.0,19,19,17,0,137,138,136,0.012544,0.017739,0.012621,1,1,1,2038.6
least_connections,2,166,1,14.306,17.32,1.0,1.0,19,19,19,0,138,138,136,0.012513,0.01785,0.012554,1,1,1,2038.6
least_connections,2,167,1,14.28,17.302,1.0,1.0,20,14,20,0,138,138,137,0.012495,0.017834,0.012511,1,1,1,2038.6
least_connections,2,168,11,14.315,17.334,0.9999,0.9999,21,14,21,0,143,141,140,0.01253,0.017866,0.01255,1,1,1,2038.6
least_connections,2,169,11,14.261,17.123,1.0,1.0,23,14,23,0,146,144,145,0.012511,0.01762,0.012652,1,1,1,2038.6
least_connections,2,170,1,14.231,17.123,0.9999,0.9999,23,10,23,0,147,144,145,0.012421,0.01762,0.012652,1,1,1,2038.6
least_connections,2,171,1,14.538,17.36,0.9999,0.9999,25,10,25,0,148,144,145,0.012421,0.017801,0.013393,1,1,1,2038.6
least_connections,2,172,0,14.309,17.283,0.9999,0.9999,26,10,26,0,148,144,145,0.012552,0.017807,0.012568,1,1,1,2038.6
least_connections,2,173,1,14.345,17.276,0.9999,0.9999,27,10,27,0,148,144,146,0.012576,0.017788,0.012672,1,1,1,2038.6
least_connections,2,174,1,14.304,17.308,0.9998,0.9998,28,10,28,0,149,144,146,0.012557,0.017836,0.01252,1,1,1,2038.6
least_connections,2,175,11,14.304,17.227,1.0,1.0,30,6,30,0,151,149,150,0.012585,0.017743,0.012585,1,1,1,2038.6
least_connections,2,176,11,14.297,17.293,1.0,1.0,32,6,32,0,154,154,153,0.01249,0.017816,0.012585,1,1,1,2038.6
least_connections,2,177,11,14.291,17.291,0.9993,0.9993,32,6,32,0,156,163,153,0.01249,0.017816,0.012566,1,1,1,2038.6
least_connections,2,178,1,14.134,16.881,0.9993,0.9993,34,6,34,0,157,163,153,0.012542,0.017363,0.012497,1,1,1,2038.6
least_connections,2,179,1,14.543,17.347,0.9994,0.9994,35,2,35,0,157,163,154,0.012572,0.017802,0.013256,1,1,1,2038.6
least_connections,3,0,0,15.884,25.016,1.0,1.0,0,0,0,0,0,0,0,0.012883,0.008404,0.026364,1,1,1,1829.4
least_connections,3,1,1,16.537,25.926,0.3333,0.3333,38,0,38,3,0,1,0,0.013628,0.008691,0.027293,1,1,1,1829.4
least_connections,3,2,1,15.676,24.664,0.3333,0.3333,38,0,38,4,0,2,0,0.012572,0.008447,0.026008,1,1,1,1829.4
least_connections,3,3,1,15.732,24.829,0.6,0.6,38,0,38,5,1,2,0,0.012552,0.008451,0.026193,1,1,1,1829.4
least_connections,3,4,11,16.091,24.94,0.9608,0.9608,38,0,38,5,6,4,4,0.013665,0.008414,0.026193,1,1,1,1829.4
least_connections,3,5,1,16.343,25.622,0.9259,0.9259,38,0,38,7,7,4,4,0.013665,0.008414,0.02695,1,1,1,1829.4
least_connections,3,6,11,15.494,24.301,0.9468,0.9468,38,0,38,11,11,6,9,0.012447,0.008417,0.025618,1,1,1,1829.4
least_connections,3,7,1,15.792,24.817,0.931,0.931,38,0,38,10,12,6,9,0.012793,0.00843,0.026153,1,1,1,1829.4
least_connections,3,8,1,15.971,24.822,0.9138,0.9138,38,0,38,11,13,6,9,0.013412,0.008412,0.02609,1,1,1,1829.4
least_connections,3,9,11,15.833,24.742,0.9961,0.9961,38,0,38,13,14,13,12,0.012564,0.008839,0.026095,1,1,1,1829.4
least_connections,3,10,1,15.675,24.741,0.995,0.995,38,0,38,13,14,14,12,0.012558,0.008371,0.026095,1,1,1,1829.4
least_connections,3,11,1,15.671,24.731,0.9917,0.9917,38,0,38,14,14,15,12,0.012558,0.008371,0.026084,1,1,1,1829.4
least_connections,3,12,1,15.993,25.08,0.9866,0.9866,38,0,38,15,14,16,12,0.012543,0.008964,0.026473,1,1,1,1829.4
least_connections,3,13,1,15.68,24.685,0.9861,0.9861,38,0,38,16,15,16,12,0.012624,0.008391,0.026025,1,1,1,1829.4
least_connections,3,14,1,15.598,24.618,0.9807,0.9807,38,0,38,17,15,17,12,0.012337,0.008475,0.025983,1,1,1,1829.4
least_connections,3,15,1,15.69,24.737,0.9797,0.9797,38,0,38,18,16,17,12,0.012564,0.008418,0.026089,1,1,1,1829.4
least_connections,3,16,1,15.702,24.716,0.9769,0.9769,38,0,38,19,17,17,12,0.012552,0.008486,0.026068,1,1,1,1829.4
least_connections,3,17,1,15.702,24.716,0.9727,0.9727,38,0,38,19,18,17,12,0.012552,0.008486,0.026068,1,1,1,1829.4
least_connections,3,18,11,15.649,24.667,0.9923,0.9923,38,0,38,20,20,21,17,0.012479,0.008448,0.026021,1,1,1,1829.4
least_connections,3,19,1,15.674,24.409,0.9909,0.9909,38,0,38,22,21,21,17,0.012571,0.008727,0.025724,1,1,1,1829.4
least_connections,3,20,1,15.693,24.779,0.9885,0.9885,38,0,38,23,22,21,17,0.012514,0.008424,0.026142,1,1,1,1829.4
least_connections,3,21,11,15.77,24.198,0.9879,0.9879,38,0,38,25,26,25,20,0.0134,0.008512,0.025398,1,1,1,1829.4
least_connections,3,22,1,15.715,24.781,0.9863,0.9863,38,0,38,26,26,26,20,0.012569,0.008438,0.026138,1,1,1,1829.4
least_connections,3,23,1,15.718,24.782,0.9841,0.9841,38,0,38,26,27,26,20,0.012577,0.008438,0.026138,1,1,1,1829.4
least_connections,3,24,11,15.804,24.761,0.9743,0.9743,38,0,38,27,33,29,22,0.012577,0.00872,0.026115,1,1,1,1829.4
least_connections,3,25,11,15.705,24.756,0.9867,0.9867,38,0,38,29,36,32,27,0.012574,0.008431,0.02611,1,1,1,1829.4
least_connections,3,26,1,15.819,24.843,0.984,0.984,38,0,38,31,37,32,27,0.012889,0.008398,0.026171,1,1,1,1829.4
least_connections,3,27,11,15.733,24.64,0.9844,0.9844,37,0,37,32,41,36,30,0.012585,0.008634,0.02598,1,1,1,1829.4
least_connections,3,28,0,15.604,24.683,0.9844,0.9844,37,0,37,34,41,36,30,0.012488,0.008287,0.026038,1,1,1,1829.4
least_connections,3,29,1,15.684,24.692,0.9818,0.9818,37,0,37,34,42,36,30,0.012581,0.008433,0.026038,1,1,1,1829.4
least_connections,3,30,1,15.571,24.387,0.982,0.9892,37,0,37,35,42,37,30,0.012581,0.008433,0.025699,0,1,1,1829.4
least_connections,3,31,1,11.161,12.607,0.9818,0.9863,35,0,32,35,42,38,30,0.012617,0.008346,0.012519,0,1,1,1829.4
least_connections,3,32,1,11.185,12.602,0.9851,0.9898,35,0,32,35,42,38,31,0.012595,0.008358,0.012603,0,1,1,1829.4
least_connections,3,33,1,11.162,12.528,0.9848,0.9871,35,0,32,35,42,39,31,0.012515,0.008443,0.012529,0,1,1,1829.4
least_connections,3,34,1,11.181,12.564,0.9828,0.9871,35,0,32,35,43,39,31,0.012567,0.008435,0.012541,0,1,1,1829.4
least_connections,3,35,1,11.403,12.911,0.9823,0.9842,35,0,28,35,43,40,31,0.012834,0.008454,0.01292,0,1,1,1829.4
least_connections,3,36,1,11.572,13.299,0.9855,0.9878,35,0,28,35,43,40,32,0.013341,0.008454,0.01292,0,1,1,1829.4
least_connections,3,37,1,11.672,13.329,0.9849,0.985,35,0,28,35,43,41,32,0.013341,0.008452,0.013224,0,1,1,1829.4
least_connections,3,38,1,11.19,12.6,0.984,0.9821,35,0,28,35,43,42,32,0.012587,0.008383,0.012601,0,1,1,1829.4
least_connections,3,39,1,11.316,12.883,0.9825,0.9821,35,0,23,35,44,42,32,0.012916,0.008449,0.012583,0,1,1,1829.4
least_connections,3,40,1,11.174,12.585,0.9857,0.9858,35,0,23,35,44,42,33,0.012512,0.008418,0.012593,0,1,1,1829.4
least_connections,3,41,1,11.76,13.435,0.984,0.9858,35,0,23,35,45,42,33,0.01343,0.008415,0.013436,0,1,1,1829.4
least_connections,3,42,1,11.119,12.521,0.9833,0.983,35,0,23,35,45,43,33,0.012498,0.008334,0.012524,0,1,1,1829.4
least_connections,3,43,1,11.119,12.521,0.9817,0.983,35,0,23,35,46,43,33,0.012498,0.008334,0.012524,0,1,1,1829.4
least_connections,3,44,1,11.18,12.58,0.9798,0.983,35,0,18,35,47,43,33,0.012582,0.008401,0.012558,0,1,1,1829.4
least_connections,3,45,1,11.216,12.608,0.983,0.9865,35,0,18,35,47,43,34,0.012606,0.008435,0.012608,0,1,1,1829.4
least_connections,3,46,1,11.154,12.542,0.981,0.9865,35,0,18,35,48,43,34,0.012546,0.008414,0.012501,0,1,1,1829.4
least_connections,3,47,1,11.199,12.625,0.9789,0.9865,35,0,13,35,49,43,34,0.012566,0.008398,0.012632,0,1,1,1829.4
least_connections,3,48,1,11.157,12.554,0.9788,0.9838,35,0,13,35,49,44,34,0.012526,0.008388,0.012557,0,1,1,1829.4
least_connections,3,49,1,11.301,12.895,0.9819,0.9872,35,0,13,35,49,44,35,0.012933,0.008413,0.012557,0,1,1,1829.4
least_connections,3,50,1,11.378,12.918,0.9816,0.9846,35,0,13,35,49,45,35,0.012933,0.008413,0.012787,0,1,1,1829.4
least_connections,3,51,1,11.244,12.734,0.9845,0.9878,35,0,13,35,49,45,36,0.012752,0.00841,0.012569,0,1,1,1829.4
least_connections,3,52,1,11.158,12.55,0.9841,0.9853,35,0,7,35,49,46,36,0.012556,0.008421,0.012497,0,1,1,1829.4
least_connections,3,53,1,11.164,12.573,0.9867,0.9884,35,0,7,35,49,46,37,0.01258,0.008401,0.012512,0,1,1,1829.4
least_connections,3,54,1,11.47,13.323,0.9852,0.9884,35,0,7,35,50,46,37,0.012501,0.008495,0.013414,0,1,1,1829.4
least_connections,3,55,1,11.184,12.576,0.9848,0.986,35,0,3,35,50,47,37,0.012581,0.008437,0.012533,0,1,1,1829.4
least_connections,3,56,1,11.172,12.545,0.9841,0.9835,35,0,3,35,50,48,37,0.012546,0.008437,0.012533,0,1,1,1829.4
least_connections,3,57,1,11.161,12.545,0.9868,0.9867,35,0,3,35,50,48,38,0.012546,0.008401,0.012537,0,1,1,1829.4
least_connections,3,58,1,11.197,12.585,0.986,0.9843,35,0,3,35,50,49,38,0.012591,0.008471,0.012529,0,1,1,1829.4
least_connections,3,59,1,11.178,12.568,0.9885,0.9873,34,0,0,34,50,49,39,0.012572,0.008434,0.012527,0,1,1,1829.4
least_connections,3,60,1,11.181,12.58,0.9873,0.9873,34,0,0,34,51,49,39,0.012584,0.008419,0.012539,0,1,1,1829.4
least_connections,3,61,1,11.258,12.725,0.9896,0.9899,34,0,0,34,51,49,40,0.012559,0.008471,0.012743,0,1,1,1829.4
least_connections,3,62,1,11.211,12.614,0.9916,0.9922,34,0,0,34,51,49,41,0.01262,0.008451,0.012561,0,1,1,1829.4
least_connections,3,63,1,11.211,12.614,0.9934,0.9941,34,0,0,34,51,49,42,0.01262,0.008451,0.012561,0,1,1,1829.4
least_connections,3,64,1,11.153,12.54,0.9929,0.9925,31,0,0,31,51,50,42,0.012543,0.008408,0.012509,0,1,1,1829.4
least_connections,3,65,1,11.195,12.623,0.992,0.9925,31,0,0,31,52,50,42,0.012547,0.008408,0.012631,0,1,1,1829.4
least_connections,3,66,1,11.166,12.6,0.9914,0.9907,31,0,0,31,52,51,42,0.01247,0.008413,0.012615,0,1,1,1829.4
least_connections,3,67,1,11.202,12.614,0.9904,0.9907,25,0,0,25,53,51,42,0.012565,0.008422,0.01262,0,1,1,1829.4
least_connections,3,68,1,11.178,12.58,0.9923,0.9928,25,0,0,25,53,51,43,0.012582,0.008385,0.012566,0,1,1,1829.4
least_connections,3,69,1,11.173,12.58,0.9912,0.9928,25,0,0,25,54,51,43,0.012582,0.008371,0.012566,0,1,1,1829.4
least_connections,3,70,1,11.233,12.729,0.9908,0.9911,25,0,0,25,54,52,43,0.012582,0.008371,0.012745,0,1,1,1829.4
least_connections,3,71,1,11.423,13.283,0.9926,0.9931,25,0,0,25,54,52,44,0.012499,0.008401,0.01337,0,1,1,1829.4
least_connections,3,72,0,11.21,12.588,0.9926,0.9931,21,0,0,21,54,52,44,0.012588,0.008455,0.012586,0,1,1,1829.4
least_connections,3,73,1,11.193,12.579,0.9942,0.9948,21,0,0,21,54,52,45,0.012577,0.008423,0.012579,0,1,1,1829.4
least_connections,3,74,1,11.486,12.668,0.9937,0.9934,21,0,0,21,54,53,45,0.01268,0.009217,0.012561,0,1,1,1829.4
least_connections,3,75,1,11.104,12.541,0.9931,0.9918,18,0,0,18,54,54,45,0.012397,0.008359,0.012557,0,1,1,1829.4
least_connections,3,76,1,11.142,12.552,0.9924,0.9918,18,0,0,18,55,54,45,0.012509,0.008359,0.012557,0,1,1,1829.4
least_connections,3,77,1,11.16,12.527,0.9915,0.9918,18,0,0,18,56,54,45,0.012509,0.008442,0.012529,0,1,1,1829.4
least_connections,3,78,1,11.127,12.53,0.9905,0.9918,18,0,0,18,57,54,45,0.01254,0.008403,0.012439,0,1,1,1829.4
least_connections,3,79,1,11.174,12.565,0.9893,0.9918,18,0,0,18,58,54,45,0.012558,0.008398,0.012566,0,1,1,1829.4
least_connections,3,80,1,11.195,12.568,0.989,0.9901,13,0,0,13,58,55,45,0.012569,0.008455,0.01256,0,1,1,1829.4
least_connections,3,81,1,11.463,12.565,0.9908,0.9921,13,0,0,13,58,55,46,0.012567,0.009277,0.012544,0,1,1,1829.4
least_connections,3,82,1,11.172,12.557,0.9925,0.9939,13,0,0,13,58,55,47,0.012564,0.008457,0.012495,0,1,1,1829.4
least_connections,3,83,1,11.172,12.557,0.9914,0.9939,13,0,0,13,59,55,47,0.012564,0.008457,0.012495,0,1,1,1829.4
least_connections,3,84,1,11.204,12.565,0.993,0.9954,9,0,0,9,59,55,48,0.012564,0.008484,0.012565,0,1,1,1829.4
least_connections,3,85,1,11.168,12.557,0.9919,0.9954,9,0,0,9,60,55,48,0.012559,0.008408,0.012536,0,1,1,1829.4
least_connections,3,86,1,11.126,12.489,0.9906,0.9954,9,0,0,9,61,55,48,0.012466,0.008421,0.012492,0,1,1,1829.4
least_connections,3,87,1,11.167,12.567,0.9893,0.9954,9,0,0,9,62,55,48,0.012546,0.008387,0.012569,0,1,1,1829.4
least_connections,3,88,1,11.144,12.535,0.9894,0.9941,2,0,0,2,62,56,48,0.012539,0.008392,0.0125,0,1,1,1829.4
least_connections,3,89,1,11.182,12.716,0.991,0.9956,2,0,0,2,62,56,49,0.012742,0.00832,0.012483,0,1,1,1829.4
least_connections,3,90,1,11.073,12.476,0.9924,0.9924,2,0,0,2,62,56,50,0.012416,0.00832,0.012483,1,1,1,1829.4
least_connections,3,91,1,11.462,12.718,0.9924,0.9924,2,0,0,2,62,57,50,0.012416,0.009219,0.012752,1,1,1,1829.4
least_connections,3,92,1,17.169,28.731,0.9937,0.9937,1,1,0,0,62,57,51,0.03053,0.008433,0.012543,1,1,1,1829.4
least_connections,3,93,11,15.755,24.962,0.9954,0.9954,2,2,0,0,65,61,55,0.026349,0.008442,0.012474,1,1,1,1829.4
least_connections,3,94,1,15.658,24.721,0.9953,0.9953,4,4,0,0,65,62,55,0.026086,0.008449,0.012438,1,1,1,1829.4
least_connections,3,95,1,15.758,24.888,0.995,0.995,5,5,0,0,65,63,55,0.026257,0.008444,0.012572,1,1,1,1829.4
least_connections,3,96,1,15.758,24.888,0.9947,0.9947,5,5,0,0,65,64,55,0.026257,0.008444,0.012572,1,1,1,1829.4
least_connections,3,97,11,15.952,24.727,0.9939,0.9939,6,6,0,0,70,67,58,0.026079,0.009221,0.012557,1,1,1,1829.4
least_connections,3,98,1,15.719,24.727,0.995,0.995,8,8,0,0,70,67,59,0.026063,0.008394,0.012701,1,1,1,1829.4
least_connections,3,99,1,15.71,24.761,0.9959,0.9959,9,9,0,0,70,67,60,0.026123,0.0085,0.012508,1,1,1,1829.4
least_connections,3,100,1,15.661,24.666,0.9968,0.9968,10,10,0,0,70,67,61,0.026013,0.008423,0.012546,1,1,1,1829.4
least_connections,3,101,1,15.927,24.782,0.9975,0.9975,11,11,0,0,70,67,62,0.026057,0.008413,0.01331,1,1,1,1829.4
least_connections,3,102,1,15.939,24.816,0.9974,0.9974,12,12,0,0,70,68,62,0.026094,0.008413,0.01331,1,1,1,1829.4
least_connections,3,103,11,15.951,24.819,0.9973,0.9973,12,12,0,0,75,70,66,0.026094,0.008419,0.01334,1,1,1,1829.4
least_connections,3,104,11,15.71,24.751,0.9984,0.9984,14,14,0,0,78,73,71,0.026105,0.008459,0.012567,1,1,1,1829.4
least_connections,3,105,1,16.078,25.226,0.9988,0.9988,16,16,0,0,78,73,72,0.026553,0.008402,0.01328,1,1,1,1829.4
least_connections,3,106,1,15.704,24.823,0.9989,0.9989,17,17,0,0,78,74,72,0.026191,0.00841,0.01251,1,1,1,1829.4
least_connections,3,107,1,15.718,24.525,0.9992,0.9992,18,18,0,0,78,74,73,0.025852,0.008721,0.012582,1,1,1,1829.4
least_connections,3,108,1,15.712,24.783,0.9993,0.9993,19,19,0,0,78,75,73,0.026139,0.008415,0.012582,1,1,1,1829.4
least_connections,3,109,0,15.709,24.782,0.9993,0.9993,19,19,0,0,78,75,73,0.026139,0.008415,0.012574,1,1,1,1829.4
least_connections,3,110,11,15.889,24.85,0.9993,0.9993,21,21,0,0,82,77,78,0.026156,0.008412,0.0131,1,1,1,1829.4
least_connections,3,111,11,16.082,25.46,0.9996,0.9996,23,23,0,0,85,82,81,0.026885,0.008722,0.012638,1,1,1,1829.4
least_connections,3,112,1,15.961,25.465,0.9997,0.9997,24,24,0,0,85,82,82,0.026899,0.008422,0.012563,1,1,1,1829.4
least_connections,3,113,11,15.853,25.01,0.9993,0.9993,26,26,0,0,90,85,85,0.026396,0.008623,0.01254,1,1,1,1829.4
least_connections,3,114,1,15.735,24.841,0.9994,0.9994,27,27,0,0,90,85,86,0.026202,0.00841,0.012593,1,1,1,1829.4
least_connections,3,115,1,15.735,24.841,0.9995,0.9995,27,27,0,0,90,86,86,0.026202,0.00841,0.012593,1,1,1,1829.4
least_connections,3,116,1,16.027,24.982,0.9996,0.9996,28,28,0,0,90,86,87,0.026259,0.008335,0.013487,1,1,1,1829.4
least_connections,3,117,1,15.629,24.638,0.9997,0.9997,29,29,0,0,90,87,87,0.025979,0.00834,0.012567,1,1,1,1829.4
least_connections,3,118,1,15.818,24.946,0.9998,0.9998,30,30,0,0,90,87,88,0.02631,0.008477,0.012667,1,1,1,1829.4
least_connections,3,119,1,15.765,24.833,0.9999,0.9999,31,31,0,0,90,88,88,0.026183,0.008432,0.012681,1,1,1,1829.4
least_connections,3,120,1,15.967,25.085,0.9999,1.0,32,32,0,0,90,88,89,0.026449,0.008642,0.012811,1,0,1,1829.4
least_connections,3,121,1,11.41,12.807,0.9998,0.9999,32,32,0,0,91,88,89,0.012776,0.008642,0.012811,1,0,1,1829.4
least_connections,3,122,1,11.237,12.752,0.9996,0.9997,32,32,0,0,92,88,89,0.012776,0.0084,0.012535,1,0,1,1829.4
least_connections,3,123,1,11.159,12.592,0.9997,0.9999,32,32,0,0,92,88,90,0.012541,0.008338,0.012598,1,0,1,1829.4
least_connections,3,124,1,11.16,12.541,0.9996,1.0,32,32,0,0,92,88,91,0.012551,0.008479,0.01245,1,0,1,1829.4
least_connections,3,125,1,11.205,12.628,0.9995,0.9999,32,32,0,0,93,88,91,0.012635,0.008411,0.012569,1,0,1,1829.4
least_connections,3,126,1,11.266,12.758,0.9993,0.9997,32,32,0,0,94,88,91,0.012603,0.008419,0.012775,1,0,1,1829.4
least_connections,3,127,1,11.22,12.712,0.999,0.9995,32,32,0,0,95,88,91,0.012494,0.008429,0.012736,1,0,1,1829.4
least_connections,3,128,1,11.22,12.712,0.9993,0.9995,32,32,0,0,95,89,91,0.012494,0.008429,0.012736,1,0,1,1829.4
least_connections,3,129,1,11.158,12.499,0.9994,0.9995,32,32,0,0,95,90,91,0.0125,0.008489,0.012485,1,0,1,1829.4
least_connections,3,130,1,11.18,12.555,0.9995,0.9997,32,32,0,0,95,90,92,0.012555,0.008431,0.012554,1,0,1,1829.4
least_connections,3,131,1,11.499,12.767,0.9995,0.9999,32,32,0,0,95,90,93,0.012516,0.009185,0.012795,1,0,1,1829.4
least_connections,3,132,1,11.182,12.561,0.9997,0.9999,32,32,0,0,95,91,93,0.012562,0.008429,0.012555,1,0,1,1829.4
least_connections,3,133,1,11.169,12.544,0.9998,0.9999,32,32,0,0,95,92,93,0.012546,0.008435,0.012527,1,0,1,1829.4
least_connections,3,134,1,11.209,12.666,0.9997,0.9997,32,32,0,0,96,92,93,0.012681,0.008419,0.012527,1,0,1,1829.4
least_connections,3,135,1,11.185,12.658,0.9998,0.9997,32,32,0,0,96,93,93,0.012681,0.008419,0.012455,1,0,1,1829.4
least_connections,3,136,1,11.123,12.511,0.9996,0.9996,32,32,0,0,97,93,93,0.012513,0.008359,0.012498,1,0,1,1829.4
least_connections,3,137,1,11.153,12.57,0.9994,0.9993,32,32,0,0,98,93,93,0.012578,0.008387,0.012494,1,0,1,1829.4
least_connections,3,138,1,11.193,12.611,0.9995,0.9996,32,32,0,0,98,93,94,0.012541,0.008418,0.012619,1,0,1,1829.4
least_connections,3,139,1,11.17,12.542,0.9992,0.9993,32,32,0,0,99,93,94,0.012543,0.008436,0.012532,1,0,1,1829.4
least_connections,3,140,1,11.48,13.347,0.999,0.999,32,32,0,0,100,93,94,0.012586,0.008423,0.013431,1,0,1,1829.4
least_connections,3,141,1,11.739,13.424,0.9991,0.9993,32,32,0,0,100,93,95,0.013364,0.008423,0.013431,1,0,1,1829.4
least_connections,3,142,1,11.419,13.272,0.9991,0.9996,32,32,0,0,100,93,96,0.013364,0.008448,0.012444,1,0,1,1829.4
least_connections,3,143,1,11.168,12.553,0.9991,0.9998,32,32,0,0,100,93,97,0.012548,0.008403,0.012554,1,0,1,1829.4
least_connections,3,144,1,11.231,12.643,0.9991,0.9999,32,32,0,0,100,93,98,0.01265,0.00846,0.012583,1,0,1,1829.4
least_connections,3,145,1,11.513,13.24,0.9989,0.9998,32,32,0,0,101,93,98,0.012789,0.008459,0.01329,1,0,1,1829.4
least_connections,3,146,1,11.279,12.814,0.9986,0.9996,32,32,0,0,102,93,98,0.012579,0.008419,0.01284,1,0,1,1829.4
least_connections,3,147,1,11.257,12.638,0.9985,0.9998,32,32,0,0,102,93,99,0.012571,0.008554,0.012646,1,0,1,1829.4
least_connections,3,148,1,11.257,12.638,0.9989,0.9998,32,32,0,0,102,94,99,0.012571,0.008554,0.012646,1,0,1,1829.4
least_connections,3,149,0,11.201,12.645,0.9989,0.9998,32,32,0,0,102,94,99,0.012535,0.00841,0.012657,1,0,1,1829.4
least_connections,3,150,2,11.183,12.56,0.9987,0.9987,32,32,0,0,102,94,101,0.012544,0.008443,0.012562,1,1,1,1829.4
least_connections,3,151,0,15.469,20.463,0.9987,0.9987,32,32,1,0,102,94,101,0.012522,0.021343,0.012542,1,1,1,1829.4
least_connections,3,152,11,14.257,17.193,0.9985,0.9985,32,32,3,0,106,97,105,0.012501,0.017708,0.012562,1,1,1,1829.4
least_connections,3,153,11,14.454,17.393,0.999,0.999,30,30,5,0,110,102,107,0.012868,0.017896,0.012597,1,1,1,1829.4
least_connections,3,154,1,14.469,17.398,0.9988,0.9988,30,30,5,0,111,102,107,0.012915,0.017896,0.012597,1,1,1,1829.4
least_connections,3,155,1,14.425,17.28,0.9985,0.9985,30,30,6,0,112,102,107,0.012915,0.017765,0.012596,1,1,1,1829.4
least_connections,3,156,1,14.301,17.325,0.9982,0.9982,30,30,7,0,113,102,107,0.012511,0.017858,0.012533,1,1,1,1829.4
least_connections,3,157,1,14.65,17.384,0.9983,0.9983,30,30,8,0,113,102,108,0.012806,0.017837,0.013306,1,1,1,1829.4
least_connections,3,158,1,14.421,17.354,0.9982,0.9982,26,26,9,0,113,102,109,0.012558,0.017855,0.01285,1,1,1,1829.4
least_connections,3,159,1,14.318,17.254,0.9979,0.9979,26,26,10,0,114,102,109,0.012586,0.017771,0.012597,1,1,1,1829.4
least_connections,3,160,11,14.455,17.336,0.9989,0.9989,26,26,12,0,116,107,113,0.012534,0.017816,0.013014,1,1,1,1829.4
least_connections,3,161,11,14.455,17.336,0.999,0.999,26,26,12,0,120,111,116,0.012534,0.017816,0.013014,1,1,1,1829.4
least_connections,3,162,11,14.345,17.325,0.9994,0.9994,22,22,14,0,123,116,119,0.012579,0.017849,0.012606,1,1,1,1829.4
least_connections,3,163,1,14.148,16.883,0.9994,0.9994,22,22,16,0,123,116,120,0.012531,0.017365,0.012549,1,1,1,1829.4
least_connections,3,164,1,14.341,17.394,0.9994,0.9994,22,22,17,0,123,116,121,0.012531,0.017931,0.01256,1,1,1,1829.4
least_connections,3,165,1,14.303,17.318,0.9993,0.9993,22,22,18,0,123,116,122,0.012546,0.017848,0.012514,1,1,1,1829.4
least_connections,3,166,1,14.362,17.352,0.9992,0.9992,19,16,19,0,124,116,122,0.012594,0.017879,0.012613,1,1,1,1829.4
least_connections,3,167,1,14.485,17.387,0.9991,0.9991,19,16,19,0,124,116,123,0.012964,0.017879,0.012613,1,1,1,1829.4
least_connections,3,168,11,14.445,17.424,0.9989,0.9989,20,16,20,0,130,120,124,0.012964,0.01792,0.012452,1,1,1,1829.4
least_connections,3,169,11,14.637,17.361,0.9988,0.9988,22,16,22,0,134,123,128,0.013517,0.017788,0.012605,1,1,1,1829.4
least_connections,3,170,1,14.324,17.312,0.9988,0.9988,24,13,24,0,134,123,129,0.012569,0.017839,0.012565,1,1,1,1829.4
least_connections,3,171,1,14.638,17.467,0.9988,0.9988,25,13,25,0,134,123,130,0.012553,0.017914,0.013446,1,1,1,1829.4
least_connections,3,172,1,14.286,17.324,0.9986,0.9986,26,13,26,0,135,123,130,0.012565,0.017853,0.012441,1,1,1,1829.4
least_connections,3,173,1,14.398,17.615,0.9985,0.9985,27,6,27,0,135,123,131,0.012577,0.018175,0.012441,1,1,1,1829.4
least_connections,3,174,1,14.638,17.674,0.9985,0.9985,27,6,27,0,135,123,132,0.012577,0.018175,0.013161,1,1,1,1829.4
least_connections,3,175,1,14.409,17.546,0.9983,0.9983,28,6,28,0,136,123,132,0.012558,0.018099,0.01257,1,1,1,1829.4
least_connections,3,176,1,14.394,17.345,0.9982,0.9982,29,6,29,0,136,123,133,0.012549,0.017852,0.012782,1,1,1,1829.4
least_connections,3,177,1,14.285,17.259,0.9981,0.9981,30,6,30,0,136,123,134,0.012516,0.017782,0.012557,1,1,1,1829.4
least_connections,3,178,1,14.309,17.27,0.998,0.998,31,3,31,0,136,123,135,0.012631,0.017785,0.01251,1,1,1,1829.4
least_connections,3,179,0,14.303,17.32,0.998,0.998,32,3,32,0,136,123,135,0.012524,0.017852,0.012534,1,1,1,1829.4
hash_based,1,0,0,15.677,24.63,1.0,1.0,0,0,0,0,0,0,0,0.012647,0.008422,0.025962,1,1,1,2372.0
hash_based,1,1,1,16.054,25.453,0.3333,0.3333,35,0,35,3,0,1,0,0.012859,0.008452,0.026852,1,1,1,2372.0
hash_based,1,2,1,15.591,24.441,0.6667,0.6667,35,0,35,4,1,1,0,0.012554,0.008457,0.025762,1,1,1,2372.0
hash_based,1,3,1,15.779,24.812,0.6,0.6,35,0,35,5,1,2,0,0.012792,0.008398,0.026148,1,1,1,2372.0
hash_based,1,4,1,15.985,24.823,0.6667,0.6667,35,0,35,6,2,2,0,0.013446,0.008422,0.026087,1,1,1,2372.0
hash_based,1,5,1,15.691,24.735,0.641,0.641,35,0,35,6,2,3,0,0.012565,0.008422,0.026087,1,1,1,2372.0
hash_based,1,6,11,15.716,24.828,0.9481,0.9481,35,0,35,7,7,5,4,0.012565,0.008391,0.026191,1,1,1,2372.0
hash_based,1,7,1,16.151,25.46,0.9175,0.9175,35,0,35,9,8,5,4,0.013234,0.0084,0.026819,1,1,1,2372.0
hash_based,1,8,1,15.828,24.778,0.931,0.931,35,0,35,10,8,6,4,0.012894,0.00849,0.026099,1,1,1,2372.0
hash_based,1,9,1,15.704,24.752,0.9328,0.9328,35,0,35,11,8,7,4,0.012596,0.008412,0.026103,1,1,1,2372.0
hash_based,1,10,1,15.831,24.8,0.9132,0.9132,35,0,35,12,9,7,4,0.012964,0.008413,0.026115,1,1,1,2372.0
hash_based,1,11,11,15.717,24.762,0.8588,0.8588,35,0,35,12,16,9,6,0.012581,0.008456,0.026115,1,1,1,2372.0
hash_based,1,12,11,15.661,24.61,0.9767,0.9767,35,0,35,14,17,13,12,0.012581,0.008456,0.025946,1,1,1,2372.0
hash_based,1,13,1,15.647,24.637,0.9676,0.9676,35,0,35,16,18,13,12,0.012492,0.008463,0.025987,1,1,1,2372.0
hash_based,1,14,1,15.539,24.358,0.9575,0.9575,35,0,35,17,19,13,12,0.012573,0.008377,0.025668,1,1,1,2372.0
hash_based,1,15,1,15.755,24.92,0.9467,0.9467,35,0,35,18,20,13,12,0.012515,0.008452,0.026298,1,1,1,2372.0
hash_based,1,16,1,16.176,25.409,0.9355,0.9355,35,0,35,19,21,13,12,0.013378,0.008405,0.026746,1,1,1,2372.0
hash_based,1,17,1,15.882,25.321,0.9239,0.9239,35,0,35,19,22,13,12,0.012492,0.008408,0.026746,1,1,1,2372.0
hash_based,1,18,11,15.674,24.76,0.9376,0.9376,35,0,35,20,26,18,14,0.012492,0.008408,0.026123,1,1,1,2372.0
hash_based,1,19,1,15.775,25.017,0.9411,0.9411,35,0,35,22,26,19,14,0.012529,0.00839,0.026405,1,1,1,2372.0
hash_based,1,20,1,15.604,24.486,0.9331,0.9331,35,0,35,23,27,19,14,0.012575,0.008427,0.025809,1,1,1,2372.0
hash_based,1,21,1,15.748,24.702,0.9361,0.9361,35,0,35,24,27,20,14,0.012757,0.008457,0.026029,1,1,1,2372.0
hash_based,1,22,1,15.839,25.12,0.9285,0.9285,35,0,35,25,28,20,14,0.012576,0.008427,0.026514,1,1,1,2372.0
hash_based,1,23,1,15.672,24.703,0.931,0.931,35,0,35,26,28,21,14,0.012571,0.008395,0.026051,1,1,1,2372.0
hash_based,1,24,1,15.672,24.703,0.9238,0.9238,35,0,35,26,29,21,14,0.012571,0.008395,0.026051,1,1,1,2372.0
hash_based,1,25,1,15.646,24.656,0.9259,0.9259,35,0,35,27,29,22,14,0.012568,0.008372,0.025999,1,1,1,2372.0
hash_based,1,26,1,15.961,24.854,0.919,0.919,35,0,35,28,30,22,14,0.013365,0.008388,0.026131,1,1,1,2372.0
hash_based,1,27,11,15.629,24.599,0.9389,0.9389,35,0,35,29,34,25,18,0.01252,0.008427,0.025941,1,1,1,2372.0
hash_based,1,28,1,15.763,24.621,0.9328,0.9328,35,0,35,31,35,25,18,0.012956,0.008415,0.025917,1,1,1,2372.0
hash_based,1,29,1,15.592,24.481,0.935,0.935,35,0,35,32,35,26,18,0.012537,0.008431,0.025808,1,1,1,2372.0
hash_based,1,30,11,15.539,24.465,0.9434,0.9698,32,0,30,32,39,30,21,0.012379,0.008429,0.025808,0,1,1,2372.0
hash_based,1,31,1,11.136,12.577,0.9502,0.9769,33,0,30,33,39,30,22,0.012379,0.008429,0.012599,0,1,1,2372.0
hash_based,1,32,0,11.172,12.593,0.9502,0.9769,33,0,30,33,39,30,22,0.012552,0.008365,0.012598,0,1,1,2372.0
hash_based,1,33,1,11.187,12.65,0.9512,0.972,33,0,30,33,39,31,22,0.012496,0.008399,0.012667,0,1,1,2372.0
hash_based,1,34,1,11.19,12.573,0.9575,0.9785,33,0,26,33,39,31,23,0.012575,0.008438,0.012557,0,1,1,2372.0
hash_based,1,35,1,11.198,12.626,0.9581,0.9739,33,0,26,33,39,32,23,0.012631,0.008386,0.012578,0,1,1,2372.0
hash_based,1,36,1,11.148,12.514,0.9541,0.9739,33,0,26,33,40,32,23,0.012518,0.008443,0.012482,0,1,1,2372.0
hash_based,1,37,1,11.148,12.514,0.9546,0.9691,33,0,26,33,40,33,23,0.012518,0.008443,0.012482,0,1,1,2372.0
hash_based,1,38,1,11.162,12.542,0.9606,0.9757,33,0,26,33,40,33,24,0.012542,0.008403,0.01254,0,1,1,2372.0
hash_based,1,39,1,11.451,13.245,0.9568,0.9757,33,0,20,33,41,33,24,0.012561,0.00847,0.013321,0,1,1,2372.0
hash_based,1,40,1,11.126,12.542,0.9572,0.9711,33,0,20,33,41,34,24,0.012549,0.008348,0.01248,0,1,1,2372.0
hash_based,1,41,1,11.179,12.563,0.9573,0.9664,33,0,20,33,41,35,24,0.012563,0.008415,0.01256,0,1,1,2372.0
hash_based,1,42,1,11.314,12.947,0.957,0.9615,33,0,16,33,41,36,24,0.012541,0.008408,0.012992,0,1,1,2372.0
hash_based,1,43,1,11.331,12.948,0.9628,0.9685,33,0,16,33,41,36,25,0.012557,0.008443,0.012992,0,1,1,2372.0
hash_based,1,44,1,11.158,12.549,0.9681,0.9746,33,0,16,33,41,36,26,0.012557,0.008443,0.012473,0,1,1,2372.0
hash_based,1,45,1,11.213,12.64,0.965,0.9746,33,0,16,33,42,36,26,0.012572,0.008419,0.012648,0,1,1,2372.0
hash_based,1,46,1,11.318,12.916,0.9618,0.9746,33,0,16,33,43,36,26,0.012958,0.008454,0.012542,0,1,1,2372.0
hash_based,1,47,1,11.163,12.539,0.9668,0.98,33,0,11,33,43,36,27,0.012542,0.008439,0.012509,0,1,1,2372.0
hash_based,1,48,1,11.195,12.6,0.9635,0.98,33,0,11,33,44,36,27,0.012561,0.00842,0.012604,0,1,1,2372.0
hash_based,1,49,1,11.194,12.599,0.9638,0.9762,33,0,11,33,44,37,27,0.012601,0.008403,0.012579,0,1,1,2372.0
hash_based,1,50,1,11.185,12.572,0.9638,0.9722,33,0,7,33,44,38,27,0.012508,0.008468,0.012579,0,1,1,2372.0
hash_based,1,51,1,11.182,12.563,0.9686,0.9776,33,0,7,33,44,38,28,0.012508,0.008468,0.012569,0,1,1,2372.0
hash_based,1,52,1,11.163,12.554,0.973,0.9823,33,0,7,33,44,38,29,0.01256,0.008425,0.012503,0,1,1,2372.0
hash_based,1,53,1,11.185,12.597,0.9729,0.9788,33,0,7,33,44,39,29,0.012561,0.008392,0.012601,0,1,1,2372.0
hash_based,1,54,1,11.155,12.563,0.9769,0.9833,33,0,7,33,44,39,30,0.012564,0.008342,0.012558,0,1,1,2372.0
hash_based,1,55,1,11.183,12.586,0.9805,0.9871,33,0,4,33,44,39,31,0.012591,0.008416,0.012542,0,1,1,2372.0
hash_based,1,56,1,11.176,12.504,0.9803,0.9842,33,0,4,33,44,40,31,0.012472,0.008548,0.012508,0,1,1,2372.0
hash_based,1,57,1,11.176,12.504,0.978,0.9842,33,0,4,33,45,40,31,0.012472,0.008548,0.012508,0,1,1,2372.0
hash_based,1,58,1,11.177,12.612,0.9756,0.9842,33,0,4,33,46,40,31,0.012504,0.008403,0.012624,0,1,1,2372.0
hash_based,1,59,1,11.372,13.089,0.9792,0.9878,33,0,0,33,46,40,32,0.01315,0.008422,0.012543,0,1,1,2372.0
hash_based,1,60,1,11.187,12.608,0.9791,0.985,33,0,0,33,46,41,32,0.012614,0.008391,0.012555,0,1,1,2372.0
hash_based,1,61,1,11.147,12.596,0.9824,0.9884,33,0,0,33,46,41,33,0.012608,0.008346,0.012488,0,1,1,2372.0
hash_based,1,62,1,11.414,13.285,0.9853,0.9914,33,0,0,33,46,41,34,0.012446,0.008419,0.013378,0,1,1,2372.0
hash_based,1,63,1,11.863,13.677,0.9832,0.9914,33,0,0,33,47,41,34,0.01371,0.008502,0.013378,0,1,1,2372.0
hash_based,1,64,1,11.607,13.6,0.9832,0.989,29,0,0,29,47,42,34,0.01371,0.008502,0.012608,0,1,1,2372.0
hash_based,1,65,1,11.184,12.571,0.983,0.9865,29,0,0,29,47,43,34,0.012574,0.008437,0.012542,0,1,1,2372.0
hash_based,1,66,1,11.448,13.341,0.9859,0.9896,29,0,0,29,47,43,35,0.013423,0.008322,0.0126,0,1,1,2372.0
hash_based,1,67,1,11.254,12.815,0.9855,0.9872,25,0,0,25,47,44,35,0.012854,0.008445,0.012463,0,1,1,2372.0
hash_based,1,68,1,11.192,12.582,0.9881,0.9901,25,0,0,25,47,44,36,0.012583,0.008417,0.012575,0,1,1,2372.0
hash_based,1,69,1,11.149,12.573,0.9876,0.9878,25,0,0,25,47,45,36,0.012586,0.008405,0.012455,0,1,1,2372.0
hash_based,1,70,1,11.144,12.54,0.9868,0.9853,25,0,0,25,47,46,36,0.012549,0.008429,0.012455,0,1,1,2372.0
hash_based,1,71,1,11.181,12.563,0.9855,0.9853,25,0,0,25,48,46,36,0.012549,0.008429,0.012565,0,1,1,2372.0
hash_based,1,72,1,11.226,12.639,0.9841,0.9853,21,0,0,21,49,46,36,0.0126,0.008435,0.012643,0,1,1,2372.0
hash_based,1,73,1,11.143,12.532,0.9834,0.9827,21,0,0,21,49,47,36,0.012483,0.00841,0.012537,0,1,1,2372.0
hash_based,1,74,1,11.14,12.542,0.9819,0.9827,21,0,0,21,50,47,36,0.012548,0.00838,0.012491,0,1,1,2372.0
hash_based,1,75,0,11.178,12.576,0.9819,0.9827,16,0,0,16,50,47,36,0.012536,0.008417,0.01258,0,1,1,2372.0
hash_based,1,76,1,11.482,13.331,0.9802,0.9827,16,0,0,16,51,47,36,0.013408,0.008395,0.012642,0,1,1,2372.0
hash_based,1,77,1,11.188,12.63,0.9797,0.98,16,0,0,16,51,48,36,0.012526,0.008395,0.012642,0,1,1,2372.0
hash_based,1,78,1,11.15,12.532,0.978,0.98,16,0,0,16,52,48,36,0.012526,0.008391,0.012533,0,1,1,2372.0
hash_based,1,79,1,11.126,12.536,0.9811,0.9835,16,0,0,16,52,48,37,0.012543,0.008364,0.012471,0,1,1,2372.0
hash_based,1,80,1,11.311,12.794,0.9793,0.9835,11,0,0,11,53,48,37,0.012595,0.008522,0.012816,0,1,1,2372.0
hash_based,1,81,1,11.172,12.572,0.9789,0.9809,11,0,0,11,53,49,37,0.012522,0.008415,0.012578,0,1,1,2372.0
hash_based,1,82,1,11.221,12.648,0.9819,0.9843,11,0,0,11,53,49,38,0.012592,0.008418,0.012654,0,1,1,2372.0
hash_based,1,83,1,11.216,12.624,0.9813,0.9817,8,0,0,8,53,50,38,0.012632,0.008468,0.012549,0,1,1,2372.0
hash_based,1,84,1,11.216,12.624,0.9841,0.985,8,0,0,8,53,50,39,0.012632,0.008468,0.012549,0,1,1,2372.0
hash_based,1,85,1,11.166,12.537,0.9826,0.985,8,0,0,8,54,50,39,0.012536,0.008426,0.012537,0,1,1,2372.0
hash_based,1,86,1,11.15,12.557,0.9821,0.9825,8,0,0,8,54,51,39,0.012568,0.008422,0.012459,0,1,1,2372.0
hash_based,1,87,1,11.199,12.58,0.9806,0.9825,8,0,0,8,55,51,39,0.012582,0.008452,0.012563,0,1,1,2372.0
hash_based,1,88,1,11.163,12.563,0.979,0.9825,4,0,0,4,56,51,39,0.012512,0.008409,0.012569,0,1,1,2372.0
hash_based,1,89,1,11.153,12.53,0.9785,0.98,4,0,0,4,56,52,39,0.012531,0.008405,0.012524,0,1,1,2372.0
hash_based,1,90,1,11.174,12.558,0.9769,0.9769,4,0,0,4,57,52,39,0.012563,0.008444,0.012515,1,1,1,2372.0
hash_based,1,91,11,11.174,12.558,0.9761,0.9761,4,0,0,4,62,55,42,0.012563,0.008444,0.012515,1,1,1,2372.0
hash_based,1,92,1,15.552,24.375,0.9759,0.9759,2,2,0,0,62,56,42,0.025685,0.00839,0.012581,1,1,1,2372.0
hash_based,1,93,11,15.627,24.533,0.9659,0.9659,3,3,0,0,69,59,43,0.025862,0.008443,0.012575,1,1,1,2372.0
hash_based,1,94,1,15.926,25.414,0.9689,0.9689,5,5,0,0,69,59,44,0.026839,0.008353,0.012585,1,1,1,2372.0
hash_based,1,95,1,15.681,24.733,0.9689,0.9689,6,6,0,0,69,60,44,0.026088,0.008416,0.012538,1,1,1,2372.0
hash_based,1,96,1,15.905,25.297,0.9687,0.9687,7,7,0,0,69,61,44,0.026712,0.008438,0.012565,1,1,1,2372.0
hash_based,1,97,1,15.905,25.297,0.9716,0.9716,7,7,0,0,69,61,45,0.026712,0.008438,0.012565,1,1,1,2372.0
hash_based,1,98,1,15.723,24.846,0.9743,0.9743,8,8,0,0,69,61,46,0.026214,0.008417,0.012539,1,1,1,2372.0
hash_based,1,99,1,15.731,24.811,0.9741,0.9741,9,9,0,0,69,62,46,0.026172,0.008455,0.012566,1,1,1,2372.0
hash_based,1,100,1,15.784,24.229,0.9766,0.9766,10,10,0,0,69,62,47,0.025525,0.009263,0.012564,1,1,1,2372.0
hash_based,1,101,1,15.637,24.675,0.9764,0.9764,11,11,0,0,69,63,47,0.026022,0.008335,0.012554,1,1,1,2372.0
hash_based,1,102,11,15.681,24.708,0.9817,0.9817,13,13,0,0,73,65,52,0.02606,0.008439,0.012545,1,1,1,2372.0
hash_based,1,103,1,15.676,24.694,0.9836,0.9836,14,14,0,0,73,65,53,0.026044,0.008439,0.012545,1,1,1,2372.0
hash_based,1,104,11,15.654,24.692,0.9838,0.9838,14,14,0,0,77,69,56,0.026044,0.00839,0.012527,1,1,1,2372.0
hash_based,1,105,1,15.816,25.056,0.9855,0.9855,16,16,0,0,77,69,57,0.026437,0.008385,0.012627,1,1,1,2372.0
hash_based,1,106,1,15.902,25.086,0.9854,0.9854,17,17,0,0,77,70,57,0.026479,0.008677,0.01255,1,1,1,2372.0
hash_based,1,107,11,15.793,25.04,0.9835,0.9835,18,18,0,0,81,75,59,0.026431,0.008428,0.012519,1,1,1,2372.0
hash_based,1,108,1,15.801,24.779,0.9832,0.9832,20,20,0,0,81,76,59,0.026103,0.008438,0.012862,1,1,1,2372.0
hash_based,1,109,11,15.738,24.72,0.9832,0.9832,21,21,0,0,85,80,62,0.026037,0.008315,0.012862,1,1,1,2372.0
hash_based,1,110,0,15.624,24.685,0.9832,0.9832,21,21,0,0,85,80,62,0.026037,0.008315,0.012521,1,1,1,2372.0
hash_based,1,111,1,15.817,24.804,0.9829,0.9829,23,23,0,0,85,81,62,0.026163,0.008715,0.012573,1,1,1,2372.0
hash_based,1,112,11,15.649,24.57,0.9875,0.9875,25,25,0,0,86,86,67,0.025898,0.008433,0.012615,1,1,1,2372.0
hash_based,1,113,11,15.575,24.427,0.9907,0.9907,27,27,0,0,90,88,72,0.025744,0.008403,0.012579,1,1,1,2372.0
hash_based,1,114,1,15.689,24.706,0.9918,0.9918,28,28,0,0,90,88,73,0.026055,0.008443,0.012568,1,1,1,2372.0
hash_based,1,115,1,15.713,24.769,0.9929,0.9929,29,29,0,0,90,88,74,0.026125,0.008446,0.012568,1,1,1,2372.0
hash_based,1,116,11,15.698,24.765,0.9948,0.9948,29,29,0,0,94,90,79,0.026125,0.008446,0.012524,1,1,1,2372.0
hash_based,1,117,11,15.65,24.634,0.9911,0.9911,31,31,0,0,101,93,80,0.025974,0.008405,0.01257,1,1,1,2372.0
hash_based,1,118,1,16.005,25.321,0.991,0.991,33,33,0,0,101,94,80,0.026737,0.008698,0.012579,1,1,1,2372.0
hash_based,1,119,11,15.7,24.744,0.9902,0.9902,35,35,0,0,106,97,83,0.026095,0.008415,0.01259,1,1,1,2372.0
hash_based,1,120,1,15.817,25.096,0.9902,0.9854,36,36,0,0,106,98,83,0.026484,0.008369,0.012599,1,0,1,2372.0
hash_based,1,121,1,11.426,13.198,0.9911,0.9868,36,36,0,0,106,98,84,0.01258,0.008432,0.013267,1,0,1,2372.0
hash_based,1,122,1,11.426,13.198,0.9904,0.9857,36,36,0,0,107,98,84,0.01258,0.008432,0.013267,1,0,1,2372.0
hash_based,1,123,1,11.209,12.613,0.9904,0.9857,36,36,0,0,107,99,84,0.012582,0.008429,0.012616,1,0,1,2372.0
hash_based,1,124,1,11.457,13.356,0.9902,0.9857,36,36,0,0,107,100,84,0.012534,0.008389,0.013447,1,0,1,2372.0
hash_based,1,125,1,11.245,12.657,0.9901,0.9857,36,36,0,0,107,101,84,0.012615,0.008459,0.012662,1,0,1,2372.0
hash_based,1,126,1,11.471,13.294,0.9895,0.9846,36,36,0,0,108,101,84,0.013383,0.008536,0.012495,1,0,1,2372.0
hash_based,1,127,1,11.196,12.608,0.9904,0.986,36,36,0,0,108,101,85,0.012613,0.008415,0.012561,1,0,1,2372.0
hash_based,1,128,1,11.2,12.577,0.9903,0.986,36,36,0,0,108,102,85,0.012579,0.008459,0.012561,1,0,1,2372.0
hash_based,1,129,1,11.196,12.576,0.9901,0.986,36,36,0,0,108,103,85,0.012579,0.008459,0.012549,1,0,1,2372.0
hash_based,1,130,1,11.13,12.56,0.9898,0.986,36,36,0,0,108,104,85,0.012465,0.008354,0.012571,1,0,1,2372.0
hash_based,1,131,1,11.142,12.542,0.9908,0.9873,36,36,0,0,108,104,86,0.012547,0.008383,0.012496,1,0,1,2372.0
hash_based,1,132,1,11.267,12.557,0.9905,0.9873,36,36,0,0,108,105,86,0.012514,0.008725,0.012562,1,0,1,2372.0
hash_based,1,133,1,11.153,12.527,0.9902,0.9873,36,36,0,0,108,106,86,0.012532,0.008444,0.012484,1,0,1,2372.0
hash_based,1,134,1,11.196,12.607,0.9898,0.9863,36,36,0,0,109,106,86,0.012609,0.008386,0.012592,1,0,1,2372.0
hash_based,1,135,1,11.173,12.587,0.9894,0.9863,36,36,0,0,109,107,86,0.012542,0.008386,0.012592,1,0,1,2372.0
hash_based,1,136,1,11.443,13.243,0.9891,0.9863,36,36,0,0,109,108,86,0.012542,0.008466,0.013321,1,0,1,2372.0
hash_based,1,137,1,11.454,13.087,0.9901,0.9876,36,36,0,0,109,108,87,0.013141,0.008618,0.012603,1,0,1,2372.0
hash_based,1,138,1,11.36,12.832,0.9897,0.9876,36,36,0,0,109,109,87,0.012821,0.008427,0.012833,1,0,1,2372.0
hash_based,1,139,1,11.272,12.557,0.9893,0.9866,36,36,0,0,110,109,87,0.012536,0.00872,0.012559,1,0,1,2372.0
hash_based,2,0,0,15.833,25.173,1.0,1.0,0,0,0,0,0,0,0,0.012482,0.008434,0.026583,1,1,1,2146.3
hash_based,2,1,11,15.788,24.869,0.8231,0.8231,36,36,0,4,2,6,3,0.012777,0.008373,0.026213,1,1,1,2146.3
hash_based,2,2,11,15.829,24.778,0.9719,0.9719,36,36,0,6,9,6,7,0.012957,0.00844,0.026091,1,1,1,2146.3
hash_based,2,3,11,15.829,24.778,0.9629,0.9629,36,36,0,6,13,8,12,0.012957,0.00844,0.026091,1,1,1,2146.3
hash_based,2,4,1,15.72,24.853,0.9538,0.9538,36,36,0,8,14,8,12,0.012517,0.008419,0.026224,1,1,1,2146.3
hash_based,2,5,11,15.715,24.65,0.9234,0.9234,36,36,0,10,17,9,19,0.012567,0.008584,0.025993,1,1,1,2146.3
hash_based,2,6,1,15.905,25.202,0.9404,0.9404,34,34,0,11,17,10,19,0.01254,0.008567,0.026609,1,1,1,2146.3
hash_based,2,7,1,15.834,24.876,0.955,0.955,34,34,0,12,17,11,19,0.012919,0.00838,0.026204,1,1,1,2146.3
hash_based,2,8,11,16.178,24.973,0.9617,0.9617,34,34,0,12,23,14,21,0.013896,0.008433,0.026204,1,1,1,2146.3
hash_based,2,9,11,16.341,25.415,0.9913,0.9913,34,34,0,14,25,20,24,0.013896,0.008433,0.026695,1,1,1,2146.3
hash_based,2,10,11,16.389,25.733,0.9988,0.9988,29,29,0,16,28,26,26,0.012744,0.009246,0.027176,1,1,1,2146.3
hash_based,2,11,1,15.766,24.768,0.9973,0.9973,29,29,0,18,29,26,26,0.012774,0.008424,0.026101,1,1,1,2146.3
hash_based,2,12,1,15.901,25.13,0.9953,0.9953,29,29,0,19,30,26,26,0.012939,0.00828,0.026484,1,1,1,2146.3
hash_based,2,13,1,16.025,25.154,0.9962,0.9962,29,29,0,20,30,27,26,0.012848,0.008706,0.026521,1,1,1,2146.3
hash_based,2,14,1,15.913,25.12,0.9966,0.9966,26,26,0,20,30,28,26,0.012513,0.008706,0.026521,1,1,1,2146.3
hash_based,2,15,1,16.236,25.556,0.9948,0.9948,26,26,0,21,31,28,26,0.012513,0.009191,0.027005,1,1,1,2146.3
hash_based,2,16,11,15.655,24.591,0.9916,0.9916,26,26,0,22,36,29,31,0.01257,0.008467,0.025927,1,1,1,2146.3
hash_based,2,17,11,15.637,24.633,0.9936,0.9936,26,26,0,24,39,32,36,0.012504,0.008427,0.025981,1,1,1,2146.3
hash_based,2,18,11,15.721,24.799,0.9905,0.9905,26,20,0,26,43,34,41,0.012554,0.008449,0.026159,1,1,1,2146.3
hash_based,2,19,1,15.949,24.806,0.9927,0.9927,28,20,0,28,43,35,41,0.012945,0.008779,0.026124,1,1,1,2146.3
hash_based,2,20,1,15.932,24.801,0.9946,0.9946,28,20,0,28,43,36,41,0.012892,0.008779,0.026124,1,1,1,2146.3
hash_based,2,21,11,15.739,24.429,0.9992,0.9992,29,20,0,29,45,42,44,0.012892,0.008615,0.025711,1,1,1,2146.3
hash_based,2,22,1,15.938,25.183,0.9997,0.9997,31,20,0,31,45,43,44,0.012845,0.008415,0.026554,1,1,1,2146.3
hash_based,2,23,0,15.668,24.56,0.9997,0.9997,32,16,0,32,45,43,44,0.012581,0.008532,0.025891,1,1,1,2146.3
hash_based,2,24,1,15.767,24.438,0.9992,0.9992,33,16,0,33,46,43,44,0.012661,0.008894,0.025746,1,1,1,2146.3
hash_based,2,25,1,15.827,24.842,0.9996,0.9996,34,16,0,34,46,44,44,0.012887,0.008424,0.02617,1,1,1,2146.3
hash_based,2,26,1,15.827,24.842,0.9997,0.9997,34,16,0,34,46,45,44,0.012887,0.008424,0.02617,1,1,1,2146.3
hash_based,2,27,1,16.101,25.152,0.9996,0.9996,35,9,0,35,46,46,44,0.013403,0.008442,0.026458,1,1,1,2146.3
hash_based,2,28,11,15.801,24.702,0.9981,0.9981,37,9,0,37,52,47,48,0.012591,0.008765,0.026048,1,1,1,2146.3
hash_based,2,29,1,16.276,25.078,0.9985,0.9985,38,9,0,38,52,48,48,0.013845,0.008657,0.026326,1,1,1,2146.3
hash_based,2,30,11,15.721,24.704,0.9972,1.0,40,4,0,40,57,51,51,0.012667,0.008456,0.026041,0,1,1,2146.3
hash_based,2,31,1,11.427,12.968,0.9976,0.9999,40,4,0,40,57,51,52,0.012574,0.008694,0.013012,0,1,1,2146.3
hash_based,2,32,1,11.427,12.968,0.9981,1.0,40,4,0,40,57,52,52,0.012574,0.008694,0.013012,0,1,1,2146.3
hash_based,2,33,1,11.261,12.759,0.9984,0.9999,40,4,0,40,57,52,53,0.012573,0.008429,0.01278,0,1,1,2146.3
hash_based,2,34,1,11.277,12.829,0.9977,0.9999,40,4,0,40,58,52,53,0.01286,0.008424,0.012547,0,1,1,2146.3
hash_based,2,35,1,11.268,12.812,0.9981,1.0,40,0,0,40,58,53,53,0.012849,0.00848,0.012474,0,1,1,2146.3
hash_based,2,36,1,11.322,12.899,0.9985,0.9999,40,0,0,40,58,53,54,0.01294,0.008494,0.012531,0,1,1,2146.3
hash_based,2,37,1,11.19,12.62,0.9978,0.9999,40,0,0,40,59,53,54,0.012504,0.008434,0.012633,0,1,1,2146.3
hash_based,2,38,1,11.19,12.62,0.998,0.9997,40,0,0,40,59,53,55,0.012504,0.008434,0.012633,0,1,1,2146.3
hash_based,2,39,1,11.558,13.347,0.9981,0.9992,40,0,0,40,59,53,56,0.012839,0.008431,0.013403,0,1,1,2146.3
hash_based,2,40,1,11.241,12.653,0.9974,0.9992,40,0,0,40,60,53,56,0.012659,0.008469,0.012595,0,1,1,2146.3
hash_based,2,41,1,11.252,12.734,0.9981,0.9997,40,0,0,40,60,54,56,0.012751,0.008426,0.012578,0,1,1,2146.3
hash_based,2,42,1,11.518,13.305,0.9986,0.9999,40,0,0,40,60,55,56,0.012683,0.008496,0.013374,0,1,1,2146.3
hash_based,2,43,1,11.333,12.607,0.9979,0.9999,40,0,0,40,61,55,56,0.012608,0.008798,0.012593,0,1,1,2146.3
hash_based,2,44,1,11.33,12.598,0.9983,1.0,40,0,0,40,61,56,56,0.012599,0.008798,0.012593,0,1,1,2146.3
hash_based,2,45,1,11.23,12.634,0.9986,0.9999,40,0,0,40,61,57,56,0.012599,0.008454,0.012638,0,1,1,2146.3
hash_based,2,46,1,11.282,12.783,0.999,1.0,40,0,0,40,61,57,57,0.012806,0.008463,0.012578,0,1,1,2146.3
hash_based,2,47,1,11.282,12.824,0.9992,0.9999,40,0,0,40,61,57,58,0.012547,0.008445,0.012855,0,1,1,2146.3
hash_based,2,48,1,11.178,12.579,0.9994,1.0,40,0,0,40,61,58,58,0.012583,0.008407,0.012544,0,1,1,2146.3
hash_based,2,49,1,11.276,12.802,0.9996,0.9999,40,0,0,40,61,58,59,0.012827,0.008422,0.012578,0,1,1,2146.3
hash_based,2,50,1,11.47,12.575,0.9998,1.0,40,0,0,40,61,59,59,0.012552,0.00928,0.012578,0,1,1,2146.3
hash_based,2,51,1,11.483,12.611,0.9994,1.0,40,0,0,40,62,59,59,0.012552,0.00928,0.012618,0,1,1,2146.3
hash_based,2,52,1,11.355,13.021,0.999,1.0,40,0,0,40,63,59,59,0.012562,0.00843,0.013072,0,1,1,2146.3
hash_based,2,53,1,11.423,13.109,0.9985,1.0,40,0,0,40,64,59,59,0.013169,0.008529,0.012571,0,1,1,2146.3
hash_based,2,54,1,11.202,12.613,0.9979,1.0,40,0,0,40,65,59,59,0.012617,0.008411,0.012578,0,1,1,2146.3
hash_based,2,55,1,11.237,12.593,0.9971,1.0,40,0,0,40,66,59,59,0.012595,0.00854,0.012575,0,1,1,2146.3
hash_based,2,56,1,11.217,12.588,0.9975,0.9999,40,0,0,40,66,59,60,0.012589,0.008487,0.012575,0,1,1,2146.3
hash_based,2,57,1,11.195,12.581,0.9967,0.9999,40,0,0,40,67,59,60,0.012589,0.008487,0.012508,0,1,1,2146.3
hash_based,2,58,1,11.287,12.816,0.9958,0.9999,40,0,0,40,68,59,60,0.012841,0.00843,0.012589,0,1,1,2146.3
hash_based,2,59,1,11.504,13.341,0.9962,0.9997,40,0,0,40,68,59,61,0.012637,0.008456,0.013419,0,1,1,2146.3
hash_based,2,60,1,11.42,13.194,0.9953,0.9997,40,0,0,40,69,59,61,0.01327,0.00848,0.012511,0,1,1,2146.3
hash_based,2,61,1,11.249,12.765,0.996,0.9999,40,0,0,40,69,60,61,0.012506,0.008448,0.012794,0,1,1,2146.3
hash_based,2,62,1,11.205,12.631,0.9963,0.9997,40,0,0,40,69,60,62,0.012544,0.008431,0.012641,0,1,1,2146.3
hash_based,2,63,0,11.205,12.631,0.9963,0.9997,40,0,0,40,69,60,62,0.012544,0.008431,0.012641,0,1,1,2146.3
hash_based,2,64,1,11.631,13.594,0.9955,0.9997,33,0,0,33,70,60,62,0.012783,0.008426,0.013684,0,1,1,2146.3
hash_based,2,65,1,11.186,12.606,0.9945,0.9997,33,0,0,33,71,60,62,0.012612,0.008395,0.01255,0,1,1,2146.3
hash_based,2,66,1,11.904,13.866,0.9949,0.9994,33,0,0,33,71,60,63,0.013361,0.008428,0.013922,0,1,1,2146.3
hash_based,2,67,1,11.246,12.729,0.9951,0.999,29,0,0,29,71,60,64,0.012743,0.008395,0.0126,0,1,1,2146.3
hash_based,2,68,1,11.595,13.588,0.9959,0.9994,29,0,0,29,71,61,64,0.012597,0.00849,0.013698,0,1,1,2146.3
hash_based,2,69,1,11.595,13.588,0.9961,0.999,29,0,0,29,71,61,65,0.012597,0.00849,0.013698,0,1,1,2146.3
hash_based,2,70,1,11.523,13.329,0.9953,0.999,29,0,0,29,72,61,65,0.013413,0.008583,0.012573,0,1,1,2146.3
hash_based,2,71,1,11.219,12.66,0.9954,0.9985,29,0,0,29,72,61,66,0.012671,0.008426,0.012559,0,1,1,2146.3
hash_based,2,72,1,11.171,12.605,0.9946,0.9985,22,0,0,22,73,61,66,0.01259,0.008315,0.012607,0,1,1,2146.3
hash_based,2,73,1,11.548,12.564,0.9954,0.999,22,0,0,22,73,62,66,0.012536,0.009542,0.012567,0,1,1,2146.3
hash_based,2,74,1,11.179,12.566,0.9961,0.9995,22,0,0,22,73,63,66,0.01257,0.008437,0.012531,0,1,1,2146.3
hash_based,2,75,1,11.191,12.598,0.9963,0.9991,22,0,0,22,73,63,67,0.012606,0.008437,0.012531,0,1,1,2146.3
hash_based,2,76,1,11.298,12.807,0.9964,0.9985,19,0,0,19,73,63,68,0.012606,0.008458,0.012829,0,1,1,2146.3
hash_based,2,77,1,11.354,12.804,0.9971,0.9991,19,0,0,19,73,64,68,0.012803,0.008455,0.012804,0,1,1,2146.3
hash_based,2,78,1,11.285,12.774,0.9964,0.9991,19,0,0,19,74,64,68,0.012663,0.008407,0.012786,0,1,1,2146.3
hash_based,2,79,1,11.767,13.407,0.9971,0.9995,13,0,0,13,74,65,68,0.013339,0.008547,0.013415,0,1,1,2146.3
hash_based,2,80,1,11.339,12.851,0.9972,0.9991,13,0,0,13,74,65,69,0.012753,0.008401,0.012862,0,1,1,2146.3
hash_based,2,81,1,11.354,12.857,0.9972,0.9986,13,0,0,13,74,65,70,0.012815,0.008386,0.012862,0,1,1,2146.3
hash_based,2,82,1,11.397,12.973,0.9972,0.9981,13,0,0,13,74,65,71,0.012815,0.008386,0.01299,0,1,1,2146.3
hash_based,2,83,1,11.168,12.566,0.9966,0.9981,13,0,0,13,75,65,71,0.012554,0.008383,0.012567,0,1,1,2146.3
hash_based,2,84,1,11.289,12.736,0.9965,0.9974,8,0,0,8,75,65,72,0.012753,0.008531,0.012583,0,1,1,2146.3
hash_based,2,85,1,11.288,12.606,0.9972,0.9981,8,0,0,8,75,66,72,0.012611,0.008694,0.012558,0,1,1,2146.3
hash_based,2,86,1,11.546,12.577,0.9971,0.9975,8,0,0,8,75,66,73,0.012559,0.009499,0.012579,0,1,1,2146.3
hash_based,2,87,1,11.292,12.835,0.9966,0.9975,8,0,0,8,76,66,73,0.012863,0.008434,0.012579,0,1,1,2146.3
hash_based,2,88,1,11.659,13.597,0.9964,0.9967,5,0,0,5,76,66,74,0.012863,0.008434,0.013679,0,1,1,2146.3
hash_based,2,89,1,11.722,13.495,0.9972,0.9975,5,0,0,5,76,67,74,0.013589,0.008932,0.012645,0,1,1,2146.3
hash_based,2,90,1,11.447,13.062,0.9969,0.9969,5,0,0,5,76,67,75,0.012787,0.008463,0.013092,1,1,1,2146.3
hash_based,2,91,11,17.102,28.566,0.9916,0.9916,5,1,0,5,78,67,84,0.030347,0.008421,0.012538,1,1,1,2146.3
hash_based,2,92,1,15.826,24.948,0.9907,0.9907,3,3,0,0,78,67,85,0.026295,0.008361,0.012822,1,1,1,2146.3
hash_based,2,93,1,15.781,24.755,0.9919,0.9919,4,4,0,0,78,68,85,0.026081,0.008439,0.012822,1,1,1,2146.3
hash_based,2,94,1,15.696,24.73,0.9929,0.9929,4,4,0,0,78,69,85,0.026081,0.008439,0.012569,1,1,1,2146.3
hash_based,2,95,11,15.975,24.754,0.9926,0.9926,5,5,0,0,80,73,90,0.026005,0.008425,0.013495,1,1,1,2146.3
hash_based,2,96,1,15.995,25.226,0.9918,0.9918,7,7,0,0,80,73,91,0.026589,0.008439,0.012958,1,1,1,2146.3
hash_based,2,97,11,15.669,24.598,0.9941,0.9941,8,8,0,0,85,77,93,0.025932,0.008484,0.012591,1,1,1,2146.3
hash_based,2,98,1,15.697,24.738,0.9949,0.9949,10,10,0,0,85,78,93,0.026087,0.008406,0.012597,1,1,1,2146.3
hash_based,2,99,0,16.008,24.721,0.9949,0.9949,11,11,0,0,85,78,93,0.026068,0.00936,0.012597,1,1,1,2146.3
hash_based,2,100,1,16.001,24.719,0.9955,0.9955,11,11,0,0,85,79,93,0.026068,0.00936,0.012575,1,1,1,2146.3
hash_based,2,101,1,15.77,24.985,0.9949,0.9949,12,12,0,0,85,79,94,0.026375,0.008463,0.012473,1,1,1,2146.3
hash_based,2,102,1,15.796,24.775,0.9955,0.9955,13,13,0,0,85,80,94,0.026101,0.008449,0.012838,1,1,1,2146.3
hash_based,2,103,11,15.775,24.992,0.9957,0.9957,15,15,0,0,88,84,98,0.02638,0.008443,0.012501,1,1,1,2146.3
hash_based,2,104,11,16.263,25.529,0.9966,0.9966,17,17,0,0,92,88,101,0.026872,0.008473,0.013443,1,1,1,2146.3
hash_based,2,105,1,16.102,25.111,0.9971,0.9971,18,18,0,0,92,89,101,0.026407,0.008457,0.013443,1,1,1,2146.3
hash_based,2,106,1,15.814,25.024,0.9965,0.9965,18,18,0,0,92,89,102,0.026407,0.008457,0.012579,1,1,1,2146.3
hash_based,2,107,1,15.752,24.776,0.996,0.996,19,19,0,0,92,89,103,0.026128,0.008514,0.012613,1,1,1,2146.3
hash_based,2,108,11,15.749,24.516,0.9944,0.9944,27,27,0,0,99,89,107,0.025821,0.008656,0.01277,1,1,1,2146.3
hash_based,2,109,11,15.852,25.145,0.9929,0.9929,23,23,0,0,103,91,112,0.026545,0.008465,0.012545,1,1,1,2146.3
hash_based,2,110,11,15.76,24.749,0.989,0.989,25,25,0,0,108,91,118,0.026083,0.008457,0.012739,1,1,1,2146.3
hash_based,2,111,1,15.882,25.078,0.9899,0.9899,26,26,0,0,108,92,118,0.026449,0.008457,0.012739,1,1,1,2146.3
hash_based,2,112,1,15.831,25.06,0.9908,0.9908,26,26,0,0,108,93,118,0.026449,0.008484,0.012559,1,1,1,2146.3
hash_based,2,113,1,15.881,25.103,0.9916,0.9916,27,27,0,0,108,94,118,0.026475,0.00841,0.012758,1,1,1,2146.3
hash_based,2,114,1,15.946,25.364,0.9923,0.9923,28,28,0,0,108,95,118,0.026787,0.008489,0.012562,1,1,1,2146.3
hash_based,2,115,11,15.679,24.752,0.9911,0.9911,29,29,0,0,116,96,120,0.026105,0.00836,0.012571,1,1,1,2146.3
hash_based,2,116,11,15.848,24.933,0.9911,0.9911,32,32,0,0,122,99,122,0.026306,0.008668,0.012571,1,1,1,2146.3
hash_based,2,117,11,15.809,24.826,0.9919,0.9919,34,34,0,0,127,103,124,0.026188,0.008668,0.012571,1,1,1,2146.3
hash_based,2,118,1,15.777,24.826,0.9916,0.9916,34,34,0,0,127,103,125,0.026188,0.008572,0.012572,1,1,1,2146.3
hash_based,2,119,1,15.952,25.477,0.9924,0.9924,35,35,0,0,127,104,125,0.026917,0.008425,0.012515,1,1,1,2146.3
hash_based,2,120,1,15.973,24.88,0.9931,0.9999,36,36,0,0,127,105,125,0.026166,0.008453,0.013301,1,0,1,2146.3
hash_based,2,121,1,11.326,12.798,0.9927,0.9999,36,36,0,0,128,105,125,0.012658,0.008506,0.012814,1,0,1,2146.3
hash_based,2,122,1,11.178,12.563,0.9934,0.9999,36,36,0,0,128,106,125,0.012567,0.008442,0.012526,1,0,1,2146.3
hash_based,2,123,1,11.195,12.608,0.9941,0.9999,36,36,0,0,128,107,125,0.012617,0.008442,0.012526,1,0,1,2146.3
hash_based,2,124,1,11.264,12.615,0.9947,0.9999,36,36,0,0,128,108,125,0.012617,0.008573,0.012601,1,0,1,2146.3
hash_based,2,125,1,11.401,12.721,0.9943,0.9998,36,36,0,0,129,108,125,0.012743,0.008935,0.012526,1,0,1,2146.3
hash_based,2,126,1,11.464,13.322,0.9942,0.9999,36,36,0,0,129,108,126,0.013409,0.00844,0.012542,1,0,1,2146.3
hash_based,2,127,0,11.29,12.881,0.9942,0.9999,36,36,0,0,129,108,126,0.012923,0.008446,0.012502,1,0,1,2146.3
hash_based,2,128,1,11.212,12.596,0.9938,0.9998,36,36,0,0,130,108,126,0.012601,0.008484,0.012551,1,0,1,2146.3
hash_based,2,129,1,11.272,12.795,0.9944,0.9998,36,36,0,0,130,109,126,0.012822,0.008442,0.012551,1,0,1,2146.3
hash_based,2,130,1,11.313,12.807,0.9941,0.9996,36,36,0,0,131,109,126,0.012822,0.008442,0.012674,1,0,1,2146.3
hash_based,2,131,1,11.206,12.572,0.9947,0.9996,36,36,0,0,131,110,126,0.012573,0.008487,0.012558,1,0,1,2146.3
hash_based,2,132,1,11.382,12.687,0.9952,0.9996,36,36,0,0,131,111,126,0.012695,0.008841,0.01261,1,0,1,2146.3
hash_based,2,133,1,11.356,13.031,0.9957,0.9996,36,36,0,0,131,112,126,0.012589,0.008398,0.01308,1,0,1,2146.3
hash_based,2,134,1,11.19,12.662,0.9956,0.9998,36,36,0,0,131,112,127,0.012497,0.008394,0.01268,1,0,1,2146.3
hash_based,2,135,1,11.381,12.71,0.9961,0.9998,36,36,0,0,131,113,127,0.012592,0.008829,0.012723,1,0,1,2146.3
hash_based,2,136,1,11.381,12.71,0.996,0.9999,36,36,0,0,131,113,128,0.012592,0.008829,0.012723,1,0,1,2146.3
hash_based,2,137,1,11.36,13.043,0.9957,0.9998,36,36,0,0,132,113,128,0.013095,0.008409,0.012576,1,0,1,2146.3
hash_based,2,138,1,11.335,12.816,0.9955,0.9999,36,36,0,0,132,113,129,0.012846,0.008613,0.012545,1,0,1,2146.3
hash_based,2,139,1,11.291,12.805,0.9952,0.9998,36,36,0,0,133,113,129,0.012583,0.00846,0.01283,1,0,1,2146.3
hash_based,2,140,1,11.52,13.207,0.9951,0.9999,36,36,0,0,133,113,130,0.0126,0.008686,0.013274,1,0,1,2146.3
hash_based,2,141,1,11.416,12.819,0.9949,0.9999,36,36,0,0,133,113,131,0.012617,0.008788,0.012842,1,0,1,2146.3
hash_based,2,142,1,11.479,12.838,0.9947,1.0,36,36,0,0,133,113,132,0.012806,0.008788,0.012842,1,0,1,2146.3
hash_based,2,143,1,11.386,12.787,0.9944,0.9999,36,36,0,0,134,113,132,0.012806,0.008732,0.012621,1,0,1,2146.3
hash_based,2,144,1,11.167,12.561,0.9942,1.0,36,36,0,0,134,113,133,0.012563,0.008393,0.012544,1,0,1,2146.3
hash_based,2,145,1,11.369,12.624,0.9948,1.0,36,36,0,0,134,114,133,0.012593,0.008887,0.012627,1,0,1,2146.3
hash_based,2,146,1,11.23,12.622,0.9945,0.9999,36,36,0,0,135,114,133,0.012625,0.008468,0.012597,1,0,1,2146.3
hash_based,2,147,1,11.229,12.583,0.9942,0.9999,36,36,0,0,136,114,133,0.012579,0.008524,0.012583,1,0,1,2146.3
hash_based,2,148,1,11.324,12.838,0.9939,0.9998,36,36,0,0,137,114,133,0.012866,0.008524,0.012583,1,0,1,2146.3
hash_based,2,149,1,11.337,12.829,0.9936,0.9997,36,36,0,0,138,114,133,0.012866,0.008651,0.012494,1,0,1,2146.3
hash_based,2,150,1,11.228,12.653,0.9934,0.9934,36,36,0,0,138,114,134,0.012662,0.008455,0.012568,1,1,1,2146.3
hash_based,2,151,1,15.717,20.348,0.9932,0.9932,36,36,1,0,138,114,135,0.012785,0.021139,0.013228,1,1,1,2146.3
hash_based,2,152,1,14.619,17.669,0.993,0.993,36,36,2,0,138,114,136,0.012847,0.018205,0.012806,1,1,1,2146.3
hash_based,2,153,11,14.417,17.358,0.9945,0.9945,33,33,4,0,141,119,139,0.012832,0.017861,0.012558,1,1,1,2146.3
hash_based,2,154,1,14.443,17.366,0.9942,0.9942,33,33,4,0,142,119,139,0.012911,0.017861,0.012558,1,1,1,2146.3
hash_based,2,155,1,14.537,17.188,0.9939,0.9939,33,33,5,0,143,119,139,0.012911,0.017648,0.013053,1,1,1,2146.3
hash_based,2,156,11,14.419,17.609,0.9946,0.9946,33,33,6,0,145,123,144,0.012608,0.018165,0.012484,1,1,1,2146.3
hash_based,2,157,11,14.552,17.355,0.997,0.997,33,33,8,0,147,130,146,0.012613,0.017814,0.013228,1,1,1,2146.3
hash_based,2,158,11,14.384,17.337,0.9978,0.9978,29,29,10,0,149,135,150,0.012748,0.017847,0.012556,1,1,1,2146.3
hash_based,2,159,1,14.905,17.439,0.9976,0.9976,29,29,12,0,149,135,151,0.013415,0.017886,0.013415,1,1,1,2146.3
hash_based,2,160,11,14.626,17.439,0.9979,0.9979,29,29,12,0,153,139,154,0.012578,0.017886,0.013415,1,1,1,2146.3
hash_based,2,161,1,14.215,16.829,0.9982,0.9982,29,29,14,0,153,140,154,0.012578,0.017278,0.01279,1,1,1,2146.3
hash_based,2,162,10,14.628,18.095,0.9983,0.9983,24,24,16,0,154,144,159,0.012604,0.018705,0.012574,1,1,1,2146.3
hash_based,2,163,1,14.428,17.332,0.9981,0.9981,24,24,17,0,154,144,160,0.012888,0.017826,0.012569,1,1,1,2146.3
hash_based,2,164,1,14.52,17.347,0.9979,0.9979,24,24,18,0,154,144,161,0.0129,0.017841,0.012818,1,1,1,2146.3
hash_based,2,165,1,14.259,17.242,0.9977,0.9977,19,19,19,0,154,144,162,0.012564,0.017762,0.01245,1,1,1,2146.3
hash_based,2,166,11,14.261,17.243,0.9985,0.9985,19,19,19,0,156,150,165,0.012571,0.017762,0.01245,1,1,1,2146.3
hash_based,2,167,11,14.435,17.518,0.9987,0.9987,21,19,21,0,160,154,168,0.012571,0.018056,0.012677,1,1,1,2146.3
hash_based,2,168,1,14.553,17.493,0.9987,0.9987,23,19,23,0,161,154,168,0.012811,0.01801,0.012839,1,1,1,2146.3
hash_based,2,169,11,15.017,17.633,0.9986,0.9986,25,19,25,0,165,157,172,0.01347,0.018094,0.013488,1,1,1,2146.3
hash_based,2,170,1,14.549,17.659,0.9986,0.9986,26,13,26,0,166,157,172,0.012629,0.018196,0.012821,1,1,1,2146.3
hash_based,2,171,1,14.439,17.41,0.9986,0.9986,27,13,27,0,167,157,172,0.012829,0.017919,0.012568,1,1,1,2146.3
hash_based,2,172,1,14.362,17.387,0.9984,0.9984,27,13,27,0,167,157,173,0.012598,0.017919,0.012568,1,1,1,2146.3
hash_based,2,173,1,14.199,16.942,0.9982,0.9982,28,13,28,0,167,157,174,0.012598,0.017425,0.012575,1,1,1,2146.3
hash_based,2,174,1,14.126,16.826,0.998,0.998,29,9,29,0,167,157,175,0.012513,0.017299,0.012565,1,1,1,2146.3
hash_based,2,175,1,14.439,17.589,0.9978,0.9978,30,9,30,0,167,157,176,0.012583,0.018145,0.012588,1,1,1,2146.3
hash_based,2,176,1,14.535,17.779,0.9978,0.9978,31,9,31,0,168,157,176,0.012535,0.01834,0.012731,1,1,1,2146.3
hash_based,2,177,1,14.405,17.621,0.9978,0.9978,32,9,32,0,169,157,176,0.012513,0.018188,0.012515,1,1,1,2146.3
hash_based,2,178,1,14.418,17.624,0.9976,0.9976,32,3,32,0,169,157,177,0.012552,0.018188,0.012515,1,1,1,2146.3
hash_based,2,179,1,14.627,18.159,0.9974,0.9974,33,3,33,0,169,157,178,0.012552,0.018782,0.012548,1,1,1,2146.3
hash_based,3,0,0,15.83,24.737,1.0,1.0,0,0,0,0,0,0,0,0.012735,0.008683,0.026071,1,1,1,2065.4
hash_based,3,1,1,15.83,24.737,0.3333,0.3333,0,0,0,0,0,1,0,0.012735,0.008683,0.026071,1,1,1,2065.4
hash_based,3,2,1,16.088,25.786,0.6667,0.6667,37,0,37,4,1,1,0,0.012585,0.008427,0.027253,1,1,1,2065.4
hash_based,3,3,11,16.127,25.257,0.8164,0.8164,37,0,37,6,4,7,2,0.0134,0.008408,0.026574,1,1,1,2065.4
hash_based,3,4,11,16.047,24.947,0.8889,0.8889,37,0,37,8,6,12,6,0.012628,0.009197,0.026316,1,1,1,2065.4
hash_based,3,5,1,15.624,24.545,0.8645,0.8645,37,0,37,9,6,13,6,0.012522,0.008469,0.025881,1,1,1,2065.4
hash_based,3,6,1,15.694,24.671,0.8871,0.8871,37,0,37,10,7,13,6,0.012601,0.008469,0.026012,1,1,1,2065.4
hash_based,3,7,11,15.694,24.671,0.9332,0.9332,37,0,37,10,10,17,10,0.012601,0.008469,0.026012,1,1,1,2065.4
hash_based,3,8,1,16.139,25.105,0.9438,0.9438,37,0,37,12,11,17,10,0.013104,0.008873,0.026439,1,1,1,2065.4
hash_based,3,9,11,15.878,25.145,0.9147,0.9147,37,0,37,14,11,23,15,0.012708,0.008398,0.026527,1,1,1,2065.4
hash_based,3,10,1,15.849,24.843,0.928,0.928,37,0,37,15,12,23,15,0.012947,0.008436,0.026165,1,1,1,2065.4
hash_based,3,11,11,16.31,25.572,0.9534,0.9534,37,0,37,17,15,26,20,0.013554,0.008468,0.026907,1,1,1,2065.4
hash_based,3,12,1,15.967,25.472,0.9463,0.9463,37,0,37,17,15,27,20,0.012553,0.00844,0.026907,1,1,1,2065.4
hash_based,3,13,1,15.703,24.759,0.939,0.939,37,0,37,18,15,28,20,0.012553,0.00844,0.026115,1,1,1,2065.4
hash_based,3,14,1,16.017,25.485,0.9481,0.9481,37,0,37,19,16,28,20,0.012734,0.008415,0.026902,1,1,1,2065.4
hash_based,3,15,1,15.852,24.714,0.9408,0.9408,37,0,37,20,16,29,20,0.012809,0.008709,0.026037,1,1,1,2065.4
hash_based,3,16,11,15.68,24.364,0.9695,0.9695,37,0,37,22,20,31,25,0.012939,0.008468,0.025634,1,1,1,2065.4
hash_based,3,17,11,15.757,24.957,0.97,0.97,37,0,37,24,24,36,27,0.012471,0.008456,0.026344,1,1,1,2065.4
hash_based,3,18,1,15.901,24.969,0.9741,0.9741,37,0,37,24,25,36,27,0.012594,0.008765,0.026344,1,1,1,2065.4
hash_based,3,19,1,15.764,24.599,0.9696,0.9696,37,0,37,25,25,37,27,0.012594,0.008765,0.025933,1,1,1,2065.4
hash_based,3,20,1,15.718,24.768,0.965,0.965,37,0,37,26,25,38,27,0.012589,0.008443,0.026121,1,1,1,2065.4
hash_based,3,21,11,15.744,24.947,0.9768,0.9768,37,0,37,27,30,41,30,0.012505,0.008397,0.02633,1,1,1,2065.4
hash_based,3,22,1,15.81,24.795,0.9731,0.9731,37,0,37,29,30,42,30,0.012567,0.008708,0.026154,1,1,1,2065.4
hash_based,3,23,1,15.854,25.136,0.9755,0.9755,37,0,37,30,31,42,30,0.012559,0.008468,0.026534,1,1,1,2065.4
hash_based,3,24,11,15.858,25.136,0.9726,0.9726,37,0,37,30,33,47,34,0.012557,0.008484,0.026534,1,1,1,2065.4
hash_based,3,25,1,15.771,24.9,0.9751,0.9751,37,0,37,32,34,47,34,0.012557,0.008484,0.026271,1,1,1,2065.4
hash_based,3,26,1,15.718,24.627,0.9772,0.9772,37,0,37,33,35,47,34,0.012538,0.008646,0.02597,1,1,1,2065.4
hash_based,3,27,1,15.908,25.274,0.9794,0.9794,37,0,37,34,35,47,35,0.012577,0.008463,0.026685,1,1,1,2065.4
hash_based,3,28,10,15.868,25.191,0.9907,0.9907,37,0,37,36,43,47,37,0.012595,0.008418,0.026591,1,1,1,2065.4
hash_based,3,29,11,15.913,24.522,0.9903,0.9903,38,0,33,38,47,51,40,0.012562,0.009327,0.025851,1,1,1,2065.4
hash_based,3,30,1,15.699,24.544,0.9888,0.9833,38,0,33,38,47,52,40,0.012779,0.008466,0.025851,0,1,1,2065.4
hash_based,3,31,1,11.259,12.754,0.9908,0.9862,33,0,33,0,47,52,41,0.012779,0.008466,0.012532,0,1,1,2065.4
hash_based,3,32,1,11.261,12.727,0.9925,0.9888,38,0,33,38,47,52,42,0.012743,0.008453,0.012586,0,1,1,2065.4
hash_based,3,33,1,11.209,12.619,0.9911,0.9868,38,0,27,38,47,53,42,0.012547,0.008454,0.012627,0,1,1,2065.4
hash_based,3,34,1,11.254,12.544,0.9926,0.9893,38,0,27,38,47,53,43,0.012524,0.008693,0.012546,0,1,1,2065.4
hash_based,3,35,1,11.126,12.509,0.9911,0.9873,38,0,27,38,47,54,43,0.012434,0.008428,0.012517,0,1,1,2065.4
hash_based,3,36,1,11.255,12.755,0.9925,0.9897,38,0,27,38,47,54,44,0.012781,0.008467,0.012517,0,1,1,2065.4
hash_based,3,37,1,11.27,12.759,0.9929,0.9897,38,0,27,38,48,54,44,0.012781,0.008467,0.012563,0,1,1,2065.4
hash_based,3,38,1,11.328,12.943,0.9942,0.9918,38,0,21,38,48,54,45,0.012986,0.008445,0.012552,0,1,1,2065.4
hash_based,3,39,1,11.172,12.568,0.9928,0.9901,38,0,21,38,48,55,45,0.012518,0.008426,0.012573,0,1,1,2065.4
hash_based,3,40,1,11.27,12.758,0.9913,0.9883,38,0,21,38,48,56,45,0.012784,0.008499,0.012527,0,1,1,2065.4
hash_based,3,41,1,11.288,12.81,0.9897,0.9863,38,0,17,38,48,57,45,0.012835,0.008449,0.012581,0,1,1,2065.4
hash_based,3,42,1,11.317,12.792,0.991,0.9887,38,0,17,38,48,57,46,0.012803,0.008453,0.012694,0,1,1,2065.4
hash_based,3,43,1,11.317,12.792,0.9922,0.9908,38,0,17,38,48,57,47,0.012803,0.008453,0.012694,0,1,1,2065.4
hash_based,3,44,1,11.593,12.864,0.9931,0.9927,38,0,17,38,48,57,48,0.012898,0.009324,0.012558,0,1,1,2065.4
hash_based,3,45,1,11.211,12.592,0.9916,0.9912,38,0,17,38,48,58,48,0.012592,0.008452,0.012589,0,1,1,2065.4
hash_based,3,46,1,11.212,12.602,0.9925,0.993,38,0,11,38,48,58,49,0.012603,0.008442,0.012592,0,1,1,2065.4
hash_based,3,47,1,11.253,12.789,0.9934,0.993,38,0,11,38,49,58,49,0.012524,0.008417,0.012818,0,1,1,2065.4
hash_based,3,48,1,11.277,12.814,0.9941,0.9945,38,0,11,38,49,58,50,0.012844,0.008446,0.012542,0,1,1,2065.4
hash_based,3,49,1,11.173,12.541,0.9949,0.9945,38,0,11,38,50,58,50,0.012532,0.008446,0.012542,0,1,1,2065.4
hash_based,3,50,1,11.306,12.836,0.9955,0.9945,38,0,8,38,51,58,50,0.012532,0.008516,0.01287,0,1,1,2065.4
hash_based,3,51,1,11.373,12.8,0.9943,0.9932,38,0,8,38,51,59,50,0.012596,0.008701,0.012823,0,1,1,2065.4
hash_based,3,52,1,11.19,12.619,0.993,0.9918,38,0,8,38,51,60,50,0.0125,0.008437,0.012632,0,1,1,2065.4
hash_based,3,53,1,11.559,12.77,0.9936,0.9918,38,0,8,38,52,60,50,0.012793,0.00932,0.012563,0,1,1,2065.4
hash_based,3,54,1,11.194,12.597,0.9941,0.9918,38,0,4,38,53,60,50,0.012577,0.008407,0.012599,0,1,1,2065.4
hash_based,3,55,1,11.185,12.594,0.9928,0.9903,38,0,4,38,53,61,50,0.012548,0.008407,0.012599,0,1,1,2065.4
hash_based,3,56,1,11.173,12.595,0.9915,0.9887,38,0,4,38,53,62,50,0.012548,0.00837,0.0126,0,1,1,2065.4
hash_based,3,57,1,11.186,12.579,0.9926,0.9906,38,0,4,38,53,62,51,0.012581,0.008415,0.012561,0,1,1,2065.4
hash_based,3,58,1,11.236,12.671,0.9912,0.989,38,0,0,38,53,63,51,0.012681,0.00845,0.012577,0,1,1,2065.4
hash_based,3,59,1,11.37,12.866,0.9922,0.9909,38,0,0,38,53,63,52,0.012789,0.008447,0.012875,0,1,1,2065.4
hash_based,3,60,1,11.332,12.955,0.9908,0.9894,38,0,0,38,53,64,52,0.012562,0.008434,0.012999,0,1,1,2065.4
hash_based,3,61,1,11.311,12.952,0.9915,0.9894,38,0,0,38,54,64,52,0.01253,0.008405,0.012999,0,1,1,2065.4
hash_based,3,62,1,11.19,12.624,0.99,0.9878,35,0,0,35,54,65,52,0.01253,0.008405,0.012634,0,1,1,2065.4
hash_based,3,63,1,11.333,12.935,0.9911,0.9898,35,0,0,35,54,65,53,0.012585,0.008439,0.012974,0,1,1,2065.4
hash_based,3,64,1,11.587,12.713,0.9918,0.9898,35,0,0,35,55,65,53,0.012619,0.009418,0.012723,0,1,1,2065.4
hash_based,3,65,1,11.279,12.804,0.9927,0.9915,35,0,0,35,55,65,54,0.012567,0.00844,0.01283,0,1,1,2065.4
hash_based,3,66,1,11.537,13.261,0.9935,0.9931,29,0,0,29,55,65,55,0.012825,0.008476,0.013309,0,1,1,2065.4
hash_based,3,67,0,11.353,12.817,0.9935,0.9931,29,0,0,29,55,65,55,0.012832,0.008542,0.012684,0,1,1,2065.4
hash_based,3,68,1,11.353,12.817,0.9922,0.9918,29,0,0,29,55,66,55,0.012832,0.008542,0.012684,0,1,1,2065.4
hash_based,3,69,1,11.24,12.713,0.993,0.9918,29,0,0,29,56,66,55,0.012736,0.008476,0.012509,0,1,1,2065.4
hash_based,3,70,1,11.192,12.571,0.9935,0.9918,24,0,0,24,57,66,55,0.012576,0.008472,0.012528,0,1,1,2065.4
hash_based,3,71,1,11.37,13.04,0.994,0.9918,24,0,0,24,58,66,55,0.013089,0.008425,0.012596,0,1,1,2065.4
hash_based,3,72,1,11.191,12.602,0.9948,0.9933,24,0,0,24,58,66,56,0.012556,0.008411,0.012607,0,1,1,2065.4
hash_based,3,73,1,11.415,13.136,0.9952,0.9933,24,0,0,24,59,66,56,0.012618,0.008434,0.013193,0,1,1,2065.4
hash_based,3,74,1,11.396,13.13,0.996,0.9947,24,0,0,24,59,66,57,0.012561,0.008434,0.013193,0,1,1,2065.4
hash_based,3,75,1,11.187,12.582,0.995,0.9935,19,0,0,19,59,67,57,0.012561,0.008415,0.012584,0,1,1,2065.4
hash_based,3,76,1,11.163,12.546,0.9957,0.9948,19,0,0,19,59,67,58,0.012551,0.008441,0.012497,0,1,1,2065.4
hash_based,3,77,1,11.281,12.78,0.9947,0.9937,19,0,0,19,59,68,58,0.012624,0.008421,0.012797,0,1,1,2065.4
hash_based,3,78,1,11.317,12.899,0.9953,0.995,14,0,0,14,59,68,59,0.012934,0.008435,0.012582,0,1,1,2065.4
hash_based,3,79,1,11.33,12.817,0.9958,0.9961,14,0,0,14,59,68,60,0.012828,0.008443,0.012718,0,1,1,2065.4
hash_based,3,80,1,11.289,12.717,0.9949,0.9952,14,0,0,14,59,69,60,0.012706,0.008443,0.012718,0,1,1,2065.4
hash_based,3,81,1,11.216,12.686,0.9955,0.9952,14,0,0,14,60,69,60,0.012706,0.00844,0.012502,0,1,1,2065.4
hash_based,3,82,1,11.179,12.613,0.9945,0.9941,14,0,0,14,60,70,60,0.012619,0.008355,0.012562,0,1,1,2065.4
hash_based,3,83,1,11.319,12.703,0.995,0.9941,10,0,0,10,61,70,60,0.012633,0.008613,0.012711,0,1,1,2065.4
hash_based,3,84,1,11.165,12.635,0.9956,0.9953,10,0,0,10,61,70,61,0.012473,0.008368,0.012653,0,1,1,2065.4
hash_based,3,85,1,11.28,12.546,0.9947,0.9943,10,0,0,10,61,71,61,0.012546,0.008749,0.012544,0,1,1,2065.4
hash_based,3,86,1,11.229,12.7,0.9952,0.9954,10,0,0,10,61,71,62,0.012717,0.008425,0.012544,0,1,1,2065.4
hash_based,3,87,1,11.36,12.917,0.9958,0.9954,5,0,0,5,62,71,62,0.012717,0.008425,0.012939,0,1,1,2065.4
hash_based,3,88,1,11.2,12.583,0.9962,0.9964,5,0,0,5,62,71,63,0.012562,0.008452,0.012585,0,1,1,2065.4
hash_based,3,89,1,11.328,12.99,0.9953,0.9956,5,0,0,5,62,72,63,0.012571,0.008376,0.013037,0,1,1,2065.4
hash_based,3,90,1,11.19,12.607,0.9959,0.9959,0,0,0,0,63,72,63,0.012608,0.008365,0.012598,1,1,1,2065.4
hash_based,3,91,11,15.966,25.441,0.9945,0.9945,2,2,0,0,66,77,66,0.02687,0.008449,0.01258,1,1,1,2065.4
hash_based,3,92,1,15.787,24.73,0.9935,0.9935,3,3,0,0,66,78,66,0.02608,0.0087,0.01258,1,1,1,2065.4
hash_based,3,93,11,15.79,24.731,0.9936,0.9936,3,3,0,0,70,82,69,0.02608,0.0087,0.012591,1,1,1,2065.4
hash_based,3,94,1,16.096,25.166,0.9942,0.9942,5,5,0,0,70,82,70,0.026568,0.009171,0.012548,1,1,1,2065.4
hash_based,3,95,11,15.847,24.785,0.9951,0.9951,6,6,0,0,76,85,72,0.026143,0.00883,0.012567,1,1,1,2065.4
hash_based,3,96,11,16.033,25.337,0.9958,0.9958,8,8,0,0,81,88,75,0.026715,0.008449,0.012934,1,1,1,2065.4
hash_based,3,97,1,15.814,25.076,0.9951,0.9951,10,10,0,0,81,89,75,0.026467,0.00842,0.012554,1,1,1,2065.4
hash_based,3,98,11,15.76,24.948,0.997,0.997,11,11,0,0,87,90,79,0.026325,0.008401,0.012554,1,1,1,2065.4
hash_based,3,99,0,15.747,24.944,0.997,0.997,11,11,0,0,87,90,79,0.026325,0.008401,0.012515,1,1,1,2065.4
hash_based,3,100,1,15.829,25.028,0.9966,0.9966,13,13,0,0,87,91,79,0.026406,0.008459,0.012623,1,1,1,2065.4
hash_based,3,101,1,15.825,25.028,0.9972,0.9972,14,14,0,0,87,91,80,0.026413,0.008501,0.012561,1,1,1,2065.4
hash_based,3,102,1,15.746,24.907,0.9968,0.9968,15,15,0,0,87,92,80,0.026281,0.008413,0.012545,1,1,1,2065.4
hash_based,3,103,1,15.967,24.764,0.9963,0.9963,16,16,0,0,87,93,80,0.026115,0.009177,0.012608,1,1,1,2065.4
hash_based,3,104,11,15.764,24.901,0.997,0.997,18,18,0,0,91,96,84,0.026267,0.008418,0.012608,1,1,1,2065.4
hash_based,3,105,1,15.765,24.901,0.9975,0.9975,18,18,0,0,91,96,85,0.026267,0.008418,0.012609,1,1,1,2065.4
hash_based,3,106,11,15.834,25.168,0.9977,0.9977,19,19,0,0,94,100,89,0.026569,0.008379,0.012555,1,1,1,2065.4
hash_based,3,107,1,15.84,25.133,0.9973,0.9973,21,21,0,0,94,101,89,0.026528,0.008418,0.012575,1,1,1,2065.4
hash_based,3,108,1,15.788,24.643,0.9977,0.9977,22,22,0,0,94,101,90,0.025991,0.008861,0.012512,1,1,1,2065.4
hash_based,3,109,11,16.026,24.752,0.9982,0.9982,24,24,0,0,100,103,93,0.026115,0.009479,0.012484,1,1,1,2065.4
hash_based,3,110,1,15.538,24.362,0.9986,0.9986,25,25,0,0,100,103,94,0.025682,0.008448,0.012484,1,1,1,2065.4
hash_based,3,111,1,15.597,24.38,0.9989,0.9989,25,25,0,0,100,103,95,0.025682,0.008448,0.01266,1,1,1,2065.4
hash_based,3,112,1,15.889,24.969,0.9992,0.9992,26,26,0,0,100,103,96,0.026307,0.008436,0.012925,1,1,1,2065.4
hash_based,3,113,11,16.206,25.204,0.9991,0.9991,27,27,0,0,105,106,99,0.026601,0.009387,0.01263,1,1,1,2065.4
hash_based,3,114,1,15.818,24.839,0.9989,0.9989,29,29,0,0,105,107,99,0.026173,0.00845,0.01283,1,1,1,2065.4
hash_based,3,115,1,16.257,25.052,0.9992,0.9992,30,30,0,0,105,107,100,0.026384,0.009321,0.013066,1,1,1,2065.4
hash_based,3,116,1,16.182,24.851,0.999,0.999,31,31,0,0,105,108,100,0.02616,0.009321,0.013066,1,1,1,2065.4
hash_based,3,117,11,15.959,24.852,0.9989,0.9989,31,31,0,0,110,111,103,0.02616,0.008632,0.013084,1,1,1,2065.4
hash_based,3,118,1,15.709,24.786,0.9987,0.9987,33,33,0,0,110,112,103,0.026144,0.008421,0.012563,1,1,1,2065.4
hash_based,3,119,11,15.676,24.632,0.9998,0.9998,34,34,0,0,112,114,110,0.025967,0.008444,0.012618,1,1,1,2065.4
hash_based,3,120,1,15.906,24.961,0.9999,1.0,36,36,0,0,112,114,111,0.026315,0.008632,0.012771,1,0,1,2065.4
hash_based,3,121,1,11.216,12.682,0.9999,1.0,36,36,0,0,112,114,112,0.012546,0.008405,0.012697,1,0,1,2065.4
hash_based,3,122,1,11.326,12.849,0.9999,1.0,36,36,0,0,113,114,112,0.012866,0.008416,0.012697,1,0,1,2065.4
hash_based,3,123,1,11.305,12.843,0.9999,0.9999,36,36,0,0,114,114,112,0.012866,0.008416,0.012634,1,0,1,2065.4
hash_based,3,124,1,11.578,12.82,0.9999,0.9998,36,36,0,0,115,114,112,0.012567,0.00932,0.012848,1,0,1,2065.4
hash_based,3,125,1,11.317,12.918,0.9998,0.9997,36,36,0,0,116,114,112,0.012954,0.0084,0.012597,1,0,1,2065.4
hash_based,3,126,1,11.247,12.735,0.9998,0.9997,36,36,0,0,116,115,112,0.012758,0.008454,0.01253,1,0,1,2065.4
hash_based,3,127,1,11.371,12.821,0.9997,0.9997,36,36,0,0,116,116,112,0.012827,0.008516,0.01277,1,0,1,2065.4
hash_based,3,128,1,11.211,12.587,0.9996,0.9997,36,36,0,0,116,117,112,0.012588,0.008469,0.012576,1,0,1,2065.4
hash_based,3,129,1,11.215,12.598,0.9995,0.9997,36,36,0,0,116,118,112,0.012601,0.008469,0.012576,1,0,1,2065.4
hash_based,3,130,1,11.208,12.61,0.9997,0.9998,36,36,0,0,116,118,113,0.012601,0.008413,0.012611,1,0,1,2065.4
hash_based,3,131,0,11.383,12.95,0.9997,0.9998,36,36,0,0,116,118,113,0.01298,0.008486,0.012683,1,0,1,2065.4
hash_based,3,132,1,11.218,12.602,0.9998,0.9999,36,36,0,0,116,118,114,0.01257,0.008478,0.012606,1,0,1,2065.4
hash_based,3,133,1,11.439,13.01,0.9999,1.0,36,36,0,0,116,118,115,0.0126,0.008663,0.013055,1,0,1,2065.4
hash_based,3,134,1,11.181,12.579,0.9998,1.0,36,36,0,0,116,119,115,0.012512,0.008444,0.012586,1,0,1,2065.4
hash_based,3,135,1,11.331,12.831,0.9997,1.0,36,36,0,0,116,120,115,0.012799,0.008361,0.012834,1,0,1,2065.4
hash_based,3,136,1,11.331,12.831,0.9997,0.9999,36,36,0,0,117,120,115,0.012799,0.008361,0.012834,1,0,1,2065.4
hash_based,3,137,1,11.161,12.535,0.9998,1.0,36,36,0,0,117,120,116,0.012542,0.00847,0.01247,1,0,1,2065.4
hash_based,3,138,1,11.287,12.575,0.9997,1.0,36,36,0,0,117,121,116,0.012503,0.008774,0.012583,1,0,1,2065.4
hash_based,3,139,1,11.445,12.575,0.9995,1.0,36,36,0,0,117,122,116,0.012577,0.009201,0.012556,1,0,1,2065.4
hash_based,3,140,1,11.186,12.593,0.9996,1.0,36,36,0,0,117,122,117,0.012502,0.008454,0.012603,1,0,1,2065.4
hash_based,3,141,1,11.286,12.783,0.9997,1.0,36,36,0,0,117,122,118,0.012805,0.008466,0.012587,1,0,1,2065.4
hash_based,3,142,1,11.2,12.583,0.9997,0.9999,36,36,0,0,117,122,119,0.012546,0.008466,0.012587,1,0,1,2065.4
hash_based,3,143,1,11.208,12.605,0.9998,1.0,36,36,0,0,118,122,119,0.012546,0.008466,0.012611,1,0,1,2065.4
hash_based,3,144,1,11.609,12.994,0.9998,0.9999,36,36,0,0,118,122,120,0.012504,0.009274,0.013048,1,0,1,2065.4
hash_based,3,145,1,11.27,12.748,0.9999,1.0,36,36,0,0,119,122,120,0.01276,0.00841,0.012639,1,0,1,2065.4
hash_based,3,146,1,11.31,12.923,0.9999,1.0,36,36,0,0,120,122,120,0.012963,0.008399,0.012567,1,0,1,2065.4
hash_based,3,147,1,11.435,13.247,0.9999,1.0,36,36,0,0,120,123,120,0.012579,0.008406,0.013321,1,0,1,2065.4
hash_based,3,148,1,11.454,13.243,0.9999,1.0,36,36,0,0,121,123,120,0.013314,0.00844,0.012607,1,0,1,2065.4
hash_based,3,149,1,11.335,12.924,0.9999,1.0,36,36,0,0,121,123,121,0.012959,0.00844,0.012607,1,0,1,2065.4
hash_based,3,150,1,11.421,12.921,1.0,1.0,36,36,0,0,122,123,121,0.012959,0.00872,0.012584,1,1,1,2065.4
hash_based,3,151,1,15.611,20.65,0.9999,0.9999,36,36,1,0,123,123,121,0.012784,0.021524,0.012526,1,1,1,2065.4
hash_based,3,152,1,14.438,17.615,1.0,1.0,34,34,2,0,123,123,122,0.012566,0.018175,0.012574,1,1,1,2065.4
hash_based,3,153,11,14.74,17.835,0.9998,0.9998,34,34,6,0,128,127,124,0.01295,0.018378,0.012891,1,1,1,2065.4
hash_based,3,154,1,14.645,17.398,0.9997,0.9997,34,34,5,0,129,127,124,0.01349,0.017832,0.012613,1,1,1,2065.4
hash_based,3,155,1,14.389,17.289,0.9996,0.9996,34,34,6,0,130,127,124,0.012761,0.017792,0.012613,1,1,1,2065.4
hash_based,3,156,1,14.374,17.289,0.9997,0.9997,34,34,6,0,130,127,125,0.012761,0.017792,0.012568,1,1,1,2065.4
hash_based,3,157,1,14.323,17.195,0.9998,0.9998,29,29,7,0,130,127,126,0.012687,0.017696,0.012586,1,1,1,2065.4
hash_based,3,158,11,14.303,17.221,0.9995,0.9995,29,29,8,0,135,131,128,0.012567,0.017734,0.012607,1,1,1,2065.4
hash_based,3,159,1,14.394,17.379,0.9996,0.9996,29,29,10,0,135,131,129,0.012592,0.0179,0.012691,1,1,1,2065.4
hash_based,3,160,11,14.528,17.518,0.9998,0.9998,23,23,11,0,137,136,133,0.01255,0.018018,0.013015,1,1,1,2065.4
hash_based,3,161,1,14.204,17.079,0.9999,0.9999,23,23,13,0,137,136,134,0.012547,0.017583,0.012482,1,1,1,2065.4
hash_based,3,162,1,14.204,17.079,0.9999,0.9999,23,23,13,0,138,136,134,0.012547,0.017583,0.012482,1,1,1,2065.4
hash_based,3,163,1,14.33,17.343,0.9998,0.9998,23,23,14,0,139,136,134,0.012619,0.017868,0.012504,1,1,1,2065.4
hash_based,3,164,11,14.835,17.752,1.0,1.0,23,23,15,0,141,140,139,0.013722,0.0182,0.012583,1,1,1,2065.4
hash_based,3,165,1,14.479,17.39,1.0,1.0,19,19,17,0,141,141,139,0.012548,0.017877,0.013011,1,1,1,2065.4
hash_based,3,166,10,14.336,17.324,0.9999,0.9999,19,19,19,0,143,146,142,0.012551,0.017848,0.012609,1,1,1,2065.4
hash_based,3,167,1,14.398,17.281,0.9999,0.9999,20,19,20,0,144,146,142,0.012579,0.017774,0.01284,1,1,1,2065.4
hash_based,3,168,1,14.391,17.281,0.9999,0.9999,20,15,20,0,145,146,142,0.01256,0.017774,0.01284,1,1,1,2065.4
hash_based,3,169,1,14.42,17.624,0.9999,0.9999,21,15,21,0,145,146,143,0.01256,0.018187,0.012513,1,1,1,2065.4
hash_based,3,170,1,14.315,17.368,1.0,1.0,22,15,22,0,145,146,144,0.012508,0.017906,0.012531,1,1,1,2065.4
hash_based,3,171,1,14.308,17.294,1.0,1.0,23,15,23,0,146,146,144,0.012533,0.017819,0.012571,1,1,1,2065.4
hash_based,3,172,11,14.494,17.401,0.9999,0.9999,25,10,25,0,149,151,147,0.012965,0.017894,0.012624,1,1,1,2065.4
hash_based,3,173,11,14.594,17.409,0.9997,0.9997,27,10,27,0,152,156,150,0.013275,0.017868,0.012638,1,1,1,2065.4
hash_based,3,174,1,14.356,17.297,0.9998,0.9998,28,10,28,0,152,156,151,0.012517,0.017803,0.012748,1,1,1,2065.4
hash_based,3,175,1,14.356,17.297,0.9998,0.9998,28,10,28,0,153,156,151,0.012517,0.017803,0.012748,1,1,1,2065.4
hash_based,3,176,1,14.711,18.048,0.9999,0.9999,29,10,29,0,153,156,152,0.012653,0.018625,0.012854,1,1,1,2065.4
hash_based,3,177,1,14.48,17.634,0.9999,0.9999,30,6,30,0,154,156,152,0.012629,0.01819,0.012622,1,1,1,2065.4
hash_based,3,178,1,14.302,17.319,0.9999,0.9999,31,6,31,0,154,156,153,0.012599,0.017844,0.012462,1,1,1,2065.4
hash_based,3,179,1,14.395,17.311,1.0,1.0,32,6,32,0,154,156,154,0.012502,0.017803,0.01288,1,1,1,2065.4
ecmp,1,0,0,15.726,24.678,1.0,1.0,0,0,0,0,0,0,0,0.012552,0.008601,0.026025,1,1,1,2567.5
ecmp,1,1,1,15.818,24.718,0.3333,0.3333,36,0,36,3,1,0,0,0.012557,0.008827,0.026069,1,1,1,2567.5
ecmp,1,2,1,15.773,24.934,0.6667,0.6667,36,0,36,4,1,1,0,0.012606,0.00841,0.026304,1,1,1,2567.5
ecmp,1,3,11,15.807,24.936,0.9883,0.9883,36,0,36,4,5,4,4,0.012625,0.008491,0.026304,1,1,1,2567.5
ecmp,1,4,1,15.729,24.726,0.9899,0.9899,36,0,36,6,5,5,4,0.012625,0.008491,0.026071,1,1,1,2567.5
ecmp,1,5,11,15.847,25.011,0.9968,0.9968,36,0,36,8,9,8,8,0.01276,0.00841,0.026372,1,1,1,2567.5
ecmp,1,6,1,15.778,25.022,0.9971,0.9971,36,0,36,9,9,9,8,0.01251,0.008411,0.026412,1,1,1,2567.5
ecmp,1,7,11,15.693,24.753,0.9985,0.9985,36,0,36,11,13,12,12,0.012583,0.00839,0.026105,1,1,1,2567.5
ecmp,1,8,1,15.878,24.981,0.9986,0.9986,36,0,36,12,13,13,12,0.012882,0.008428,0.026325,1,1,1,2567.5
ecmp,1,9,11,15.849,24.974,0.9992,0.9992,36,0,36,12,17,16,16,0.012815,0.008406,0.026325,1,1,1,2567.5
ecmp,1,10,1,15.783,24.797,0.9992,0.9992,36,0,36,14,17,17,16,0.012815,0.008406,0.026128,1,1,1,2567.5
ecmp,1,11,11,16.065,25.457,0.9995,0.9995,36,0,36,15,21,20,20,0.012667,0.00865,0.026878,1,1,1,2567.5
ecmp,1,12,1,16.05,25.381,0.9995,0.9995,36,0,36,17,21,21,20,0.012507,0.008831,0.026812,1,1,1,2567.5
ecmp,1,13,11,15.907,24.822,0.9996,0.9996,36,0,36,22,25,24,24,0.012959,0.008623,0.02614,1,1,1,2567.5
ecmp,1,14,1,15.714,24.748,0.9996,0.9996,36,0,36,20,25,25,24,0.01258,0.008463,0.0261,1,1,1,2567.5
ecmp,1,15,11,15.725,24.955,0.9997,0.9997,36,0,36,22,29,28,28,0.012475,0.008359,0.026342,1,1,1,2567.5
ecmp,1,16,1,15.725,24.955,0.9997,0.9997,36,0,36,22,29,29,28,0.012475,0.008359,0.026342,1,1,1,2567.5
ecmp,1,17,11,15.606,24.359,0.9998,0.9998,36,0,36,23,33,32,32,0.012586,0.008565,0.025667,1,1,1,2567.5
ecmp,1,18,1,15.768,24.985,0.9998,0.9998,36,0,36,25,33,33,32,0.012578,0.008362,0.026363,1,1,1,2567.5
ecmp,1,19,11,15.856,25.113,0.9998,0.9998,36,0,36,26,37,36,36,0.012606,0.008459,0.026503,1,1,1,2567.5
ecmp,1,20,1,15.797,24.818,0.9998,0.9998,36,0,36,28,37,37,36,0.01253,0.008678,0.026183,1,1,1,2567.5
ecmp,1,21,11,15.931,24.986,0.9999,0.9999,36,0,36,30,41,40,40,0.012776,0.008675,0.026343,1,1,1,2567.5
ecmp,1,22,1,15.932,24.986,0.9999,0.9999,36,0,36,30,41,41,40,0.012777,0.008675,0.026343,1,1,1,2567.5
ecmp,1,23,1,15.713,24.601,1.0,1.0,36,0,36,31,41,41,41,0.012777,0.008448,0.025915,1,1,1,2567.5
ecmp,1,24,10,15.816,25.014,0.9999,0.9999,36,0,36,33,45,44,44,0.012672,0.008392,0.026385,1,1,1,2567.5
ecmp,1,25,1,15.873,24.97,0.9999,0.9999,36,0,36,34,45,45,44,0.012905,0.008404,0.02631,1,1,1,2567.5
ecmp,1,26,11,15.863,25.067,0.9999,0.9999,36,0,36,36,49,48,48,0.012523,0.008604,0.026461,1,1,1,2567.5
ecmp,1,27,1,15.768,24.813,0.9999,0.9999,37,0,36,37,49,49,48,0.012591,0.008541,0.026171,1,1,1,2567.5
ecmp,1,28,11,15.936,24.874,0.9999,0.9999,37,0,34,37,53,52,52,0.013198,0.008438,0.026171,1,1,1,2567.5
ecmp,1,29,1,16.213,25.622,0.9999,0.9999,39,0,34,39,53,53,52,0.013198,0.008438,0.027003,1,1,1,2567.5
ecmp,1,30,11,16.01,25.036,0.9999,1.0,40,0,34,40,57,56,56,0.012778,0.008854,0.026398,0,1,1,2567.5
ecmp,1,31,1,11.213,12.638,0.9999,0.9999,41,0,34,41,57,57,56,0.012647,0.008431,0.01256,0,1,1,2567.5
ecmp,1,32,1,11.232,12.773,1.0,1.0,41,0,29,41,57,57,57,0.012517,0.008376,0.012802,0,1,1,2567.5
ecmp,1,33,1,11.261,12.573,0.9999,1.0,41,0,29,41,58,57,57,0.012574,0.008648,0.012562,0,1,1,2567.5
ecmp,1,34,1,11.179,12.574,0.9999,0.9999,41,0,29,41,58,58,57,0.012517,0.008441,0.01258,0,1,1,2567.5
ecmp,1,35,1,11.179,12.574,1.0,1.0,41,0,29,41,58,58,58,0.012517,0.008441,0.01258,0,1,1,2567.5
ecmp,1,36,1,11.154,12.527,0.9999,1.0,41,0,29,41,59,58,58,0.012487,0.008444,0.012532,0,1,1,2567.5
ecmp,1,37,1,11.191,12.588,0.9999,0.9999,41,0,24,41,59,59,58,0.012568,0.008416,0.01259,0,1,1,2567.5
ecmp,1,38,1,11.577,12.817,1.0,1.0,41,0,24,41,59,59,59,0.012845,0.009323,0.012562,0,1,1,2567.5
ecmp,1,39,1,11.205,12.608,0.9999,1.0,41,0,24,41,60,59,59,0.012609,0.00841,0.012595,0,1,1,2567.5
ecmp,1,40,1,11.342,12.954,0.9999,0.9999,41,0,19,41,60,60,59,0.012993,0.008434,0.0126,0,1,1,2567.5
ecmp,1,41,1,11.278,12.607,1.0,1.0,41,0,19,41,60,60,60,0.012608,0.008627,0.0126,0,1,1,2567.5
ecmp,1,42,1,11.281,12.608,0.9999,1.0,41,0,19,41,61,60,60,0.012608,0.008627,0.012608,0,1,1,2567.5
ecmp,1,43,1,11.194,12.595,0.9999,0.9999,41,0,19,41,61,61,60,0.012577,0.008407,0.012597,0,1,1,2567.5
ecmp,1,44,1,11.3,12.747,1.0,1.0,41,0,19,41,61,61,61,0.012664,0.008479,0.012756,0,1,1,2567.5
ecmp,1,45,1,11.195,12.603,0.9999,1.0,41,0,15,41,62,61,61,0.012616,0.008482,0.012488,0,1,1,2567.5
ecmp,1,46,1,11.172,12.526,0.9999,0.9999,41,0,15,41,62,62,61,0.012527,0.008471,0.012519,0,1,1,2567.5
ecmp,1,47,1,11.177,12.534,1.0,1.0,41,0,15,41,62,62,62,0.012533,0.008463,0.012534,0,1,1,2567.5
ecmp,1,48,1,11.433,13.225,0.9999,1.0,41,0,15,41,63,62,62,0.013302,0.008463,0.012534,0,1,1,2567.5
ecmp,1,49,1,11.607,13.266,0.9999,0.9999,41,0,9,41,63,63,62,0.013302,0.008576,0.012944,0,1,1,2567.5
ecmp,1,50,1,11.169,12.556,1.0,1.0,41,0,9,41,63,63,63,0.012561,0.008436,0.012511,0,1,1,2567.5
ecmp,1,51,1,11.237,12.666,0.9999,1.0,41,0,9,41,64,63,63,0.012545,0.008487,0.012679,0,1,1,2567.5
ecmp,1,52,1,11.264,12.601,0.9999,0.9999,41,0,9,41,64,64,63,0.012613,0.008682,0.012496,0,1,1,2567.5
ecmp,1,53,1,11.19,12.565,1.0,1.0,41,0,6,41,64,64,64,0.012567,0.00846,0.012544,0,1,1,2567.5
ecmp,1,54,1,11.344,12.788,0.9999,1.0,41,0,6,41,65,64,64,0.012781,0.008462,0.012789,0,1,1,2567.5
ecmp,1,55,1,11.344,12.788,0.9999,0.9999,41,0,6,41,65,65,64,0.012781,0.008462,0.012789,0,1,1,2567.5
ecmp,1,56,1,11.497,12.681,1.0,1.0,41,0,6,41,65,65,65,0.01238,0.009396,0.012715,0,1,1,2567.5
ecmp,1,57,1,11.266,12.777,0.9999,1.0,41,0,2,41,66,65,65,0.012572,0.008427,0.0128,0,1,1,2567.5
ecmp,1,58,1,11.6,13.187,0.9999,0.9999,41,0,2,41,66,66,65,0.013258,0.008996,0.012547,0,1,1,2567.5
ecmp,1,59,0,11.187,12.581,0.9999,0.9999,41,0,2,41,66,66,65,0.012587,0.008442,0.012531,0,1,1,2567.5
ecmp,1,60,1,11.19,12.575,1.0,1.0,41,0,2,41,66,66,66,0.012547,0.008444,0.012578,0,1,1,2567.5
ecmp,1,61,1,11.196,12.58,0.9999,1.0,41,0,0,41,67,66,66,0.01258,0.008431,0.012578,0,1,1,2567.5
ecmp,1,62,1,11.177,12.574,1.0,0.9999,39,0,0,39,67,67,66,0.01258,0.008431,0.012519,0,1,1,2567.5
ecmp,1,63,1,11.302,12.816,1.0,1.0,39,0,0,39,67,67,67,0.012623,0.008444,0.012838,0,1,1,2567.5
ecmp,1,64,1,11.172,12.564,1.0,1.0,39,0,0,39,68,67,67,0.012568,0.008419,0.01253,0,1,1,2567.5
ecmp,1,65,1,11.287,12.82,1.0,0.9999,35,0,0,35,68,68,67,0.012847,0.008434,0.012581,0,1,1,2567.5
ecmp,1,66,1,11.302,12.687,1.0,1.0,35,0,0,35,68,68,68,0.01255,0.008653,0.012702,0,1,1,2567.5
ecmp,1,67,1,11.352,12.928,1.0,1.0,35,0,0,35,69,68,68,0.012581,0.008509,0.012966,0,1,1,2567.5
ecmp,1,68,1,11.638,13.392,1.0,0.9999,35,0,0,35,69,69,68,0.013439,0.008509,0.012966,0,1,1,2567.5
ecmp,1,69,1,11.533,13.379,1.0,1.0,29,0,0,29,69,69,69,0.013439,0.008319,0.01284,0,1,1,2567.5
ecmp,1,70,1,11.461,12.614,1.0,1.0,29,0,0,29,70,69,69,0.012556,0.009207,0.01262,0,1,1,2567.5
ecmp,1,71,1,11.183,12.559,1.0,0.9999,29,0,0,29,70,70,69,0.012516,0.008468,0.012564,0,1,1,2567.5
ecmp,1,72,1,11.214,12.63,1.0,1.0,29,0,0,29,70,70,70,0.012574,0.008433,0.012636,0,1,1,2567.5
ecmp,1,73,1,11.228,12.625,1.0,1.0,24,0,0,24,71,70,70,0.012628,0.008463,0.012593,0,1,1,2567.5
ecmp,1,74,1,11.265,12.768,1.0,0.9999,24,0,0,24,71,71,70,0.012572,0.008432,0.01279,0,1,1,2567.5
ecmp,1,75,1,11.265,12.768,1.0,1.0,24,0,0,24,71,71,71,0.012572,0.008432,0.01279,0,1,1,2567.5
ecmp,1,76,1,11.276,12.762,1.0,1.0,24,0,0,24,72,71,71,0.012783,0.008474,0.012572,0,1,1,2567.5
ecmp,1,77,1,11.156,12.497,1.0,1.0,18,0,0,18,72,72,71,0.01249,0.00848,0.012498,0,1,1,2567.5
ecmp,1,78,1,11.563,13.382,1.0,1.0,18,0,0,18,72,72,72,0.01347,0.008633,0.012587,0,1,1,2567.5
ecmp,1,79,1,11.39,12.994,1.0,1.0,18,0,0,18,73,72,72,0.013021,0.008395,0.012753,0,1,1,2567.5
ecmp,1,80,1,11.212,12.604,1.0,1.0,18,0,0,18,73,73,72,0.012605,0.008435,0.012596,0,1,1,2567.5
ecmp,1,81,1,11.312,12.807,1.0,1.0,18,0,0,18,73,73,73,0.01283,0.00851,0.012596,0,1,1,2567.5
ecmp,1,82,1,11.311,12.806,1.0,1.0,13,0,0,13,74,73,73,0.01283,0.00851,0.012593,0,1,1,2567.5
ecmp,1,83,1,11.446,13.024,1.0,1.0,13,0,0,13,74,74,73,0.013043,0.008442,0.012854,0,1,1,2567.5
ecmp,1,84,1,11.213,12.625,1.0,1.0,13,0,0,13,74,74,74,0.012634,0.00846,0.012545,0,1,1,2567.5
ecmp,1,85,1,11.198,12.619,1.0,1.0,8,0,0,8,75,74,74,0.012532,0.008432,0.012629,0,1,1,2567.5
ecmp,1,86,1,11.191,12.583,1.0,1.0,8,0,0,8,75,75,74,0.012586,0.008432,0.012554,0,1,1,2567.5
ecmp,1,87,1,11.436,13.223,1.0,1.0,8,0,0,8,75,75,75,0.012633,0.008385,0.013289,0,1,1,2567.5
ecmp,1,88,1,11.405,13.214,1.0,1.0,8,0,0,8,76,75,75,0.012542,0.008385,0.013289,0,1,1,2567.5
ecmp,1,89,1,11.138,12.535,1.0,1.0,8,0,0,8,76,76,75,0.012542,0.008394,0.012477,0,1,1,2567.5
ecmp,1,90,1,11.388,12.923,1.0,1.0,2,0,0,2,76,76,76,0.012933,0.0084,0.01283,1,1,1,2567.5
ecmp,1,91,11,16.894,27.974,1.0,1.0,2,1,0,2,80,80,79,0.029684,0.008412,0.012587,1,1,1,2567.5
ecmp,1,92,1,15.693,24.671,1.0,1.0,3,3,0,2,80,80,80,0.026012,0.008467,0.012599,1,1,1,2567.5
ecmp,1,93,11,15.753,24.666,1.0,1.0,4,4,0,0,84,84,83,0.025983,0.008461,0.012814,1,1,1,2567.5
ecmp,1,94,1,16.215,25.341,1.0,1.0,6,6,0,0,84,84,84,0.026761,0.009326,0.012557,1,1,1,2567.5
ecmp,1,95,1,16.215,25.341,1.0,1.0,6,6,0,0,85,84,84,0.026761,0.009326,0.012557,1,1,1,2567.5
ecmp,1,96,10,15.79,24.836,1.0,1.0,8,8,0,0,88,88,87,0.026179,0.008442,0.01275,1,1,1,2567.5
ecmp,1,97,1,15.719,24.774,1.0,1.0,9,9,0,0,88,88,88,0.026127,0.00843,0.0126,1,1,1,2567.5
ecmp,1,98,11,15.691,24.696,1.0,1.0,11,11,0,0,92,92,91,0.02604,0.008435,0.012598,1,1,1,2567.5
ecmp,1,99,1,15.642,24.615,1.0,1.0,12,12,0,0,92,92,92,0.025954,0.008412,0.012561,1,1,1,2567.5
ecmp,1,100,11,15.669,24.633,1.0,1.0,14,14,0,0,96,96,95,0.025973,0.008463,0.01257,1,1,1,2567.5
ecmp,1,101,1,15.669,24.633,1.0,1.0,14,14,0,0,96,96,96,0.025973,0.008463,0.01257,1,1,1,2567.5
ecmp,1,102,11,15.732,24.827,1.0,1.0,15,15,0,0,100,100,99,0.02619,0.008444,0.012562,1,1,1,2567.5
ecmp,1,103,1,15.852,25.08,1.0,1.0,17,17,0,0,100,100,100,0.026459,0.008432,0.012665,1,1,1,2567.5
ecmp,1,104,11,15.82,24.988,1.0,1.0,22,22,0,0,104,104,103,0.026358,0.00844,0.012663,1,1,1,2567.5
ecmp,1,105,1,15.77,24.958,1.0,1.0,20,20,0,0,104,104,104,0.02634,0.008451,0.012519,1,1,1,2567.5
ecmp,1,106,11,16.337,25.783,1.0,1.0,22,22,0,0,108,108,107,0.027159,0.008454,0.013398,1,1,1,2567.5
ecmp,1,107,1,16.234,25.505,1.0,1.0,23,23,0,0,108,108,108,0.02685,0.008454,0.013398,1,1,1,2567.5
ecmp,1,108,11,16.187,25.471,1.0,1.0,23,23,0,0,112,112,111,0.02685,0.008646,0.013064,1,1,1,2567.5
ecmp,1,109,1,15.866,24.94,1.0,1.0,25,25,0,0,112,112,112,0.026283,0.00846,0.012856,1,1,1,2567.5
ecmp,1,110,11,15.773,24.7,1.0,1.0,26,26,0,0,116,116,115,0.026039,0.008636,0.012644,1,1,1,2567.5
ecmp,1,111,1,15.637,24.597,1.0,1.0,28,28,0,0,116,116,116,0.025932,0.008395,0.012583,1,1,1,2567.5
ecmp,1,112,11,15.974,24.651,1.0,1.0,29,29,0,0,120,120,119,0.02587,0.00837,0.013683,1,1,1,2567.5
ecmp,1,113,1,16.186,25.164,1.0,1.0,31,31,0,0,120,120,120,0.02644,0.008435,0.013683,1,1,1,2567.5
ecmp,1,114,11,15.821,25.055,1.0,1.0,31,31,0,0,124,124,123,0.02644,0.008435,0.012589,1,1,1,2567.5
ecmp,1,115,1,15.769,24.926,1.0,1.0,33,33,0,0,124,124,124,0.026307,0.008504,0.012496,1,1,1,2567.5
ecmp,1,116,11,15.937,25.111,1.0,1.0,34,34,0,0,128,128,127,0.026506,0.00875,0.012554,1,1,1,2567.5
ecmp,1,117,1,15.734,24.648,1.0,1.0,36,36,0,0,128,128,128,0.02597,0.008482,0.012751,1,1,1,2567.5
ecmp,1,118,1,16.008,25.1,1.0,1.0,37,37,0,0,129,128,128,0.026421,0.008396,0.013208,1,1,1,2567.5
ecmp,1,119,10,15.796,25.025,1.0,1.0,39,39,0,0,132,132,131,0.026407,0.008392,0.01259,1,1,1,2567.5
ecmp,1,120,1,15.796,25.025,1.0,1.0,39,39,0,0,132,132,132,0.026407,0.008392,0.01259,1,0,1,2567.5
ecmp,1,121,1,15.3,23.714,1.0,1.0,0,0,0,0,133,132,132,0.024953,0.008381,0.012565,1,0,1,2567.5
ecmp,1,122,1,11.222,12.595,1.0,1.0,39,39,0,0,133,133,132,0.012594,0.008478,0.012595,1,0,1,2567.5
ecmp,1,123,1,11.215,12.616,1.0,1.0,39,39,0,0,133,133,133,0.012617,0.008425,0.012603,1,0,1,2567.5
ecmp,1,124,1,11.152,12.539,1.0,1.0,39,39,0,0,134,133,133,0.012457,0.008452,0.012548,1,0,1,2567.5
ecmp,1,125,1,11.255,12.796,1.0,1.0,39,39,0,0,134,134,133,0.012829,0.008433,0.012502,1,0,1,2567.5
ecmp,1,126,1,11.165,12.535,1.0,1.0,39,39,0,0,134,134,134,0.012539,0.008453,0.012502,1,0,1,2567.5
ecmp,1,127,1,11.202,12.607,1.0,1.0,39,39,0,0,135,134,134,0.012539,0.008453,0.012614,1,0,1,2567.5
ecmp,1,128,1,11.31,12.823,1.0,1.0,39,39,0,0,135,135,134,0.012671,0.00842,0.01284,1,0,1,2567.5
ecmp,1,129,1,11.218,12.668,1.0,1.0,39,39,0,0,135,135,135,0.012679,0.00841,0.012565,1,0,1,2567.5
ecmp,1,130,1,11.23,12.568,1.0,1.0,39,39,0,0,136,135,135,0.012534,0.008583,0.012572,1,0,1,2567.5
ecmp,1,131,1,11.274,12.788,1.0,1.0,39,39,0,0,136,136,135,0.012813,0.008442,0.012568,1,0,1,2567.5
ecmp,1,132,1,11.283,12.816,1.0,1.0,39,39,0,0,136,136,136,0.0125,0.008499,0.012851,1,0,1,2567.5
ecmp,1,133,1,11.296,12.82,1.0,1.0,39,39,0,0,137,136,136,0.012538,0.008499,0.012851,1,0,1,2567.5
ecmp,1,134,1,11.153,12.533,1.0,1.0,39,39,0,0,137,137,136,0.012538,0.008437,0.012484,1,0,1,2567.5
ecmp,1,135,1,11.324,12.845,1.0,1.0,39,39,0,0,137,137,137,0.01287,0.008483,0.012618,1,0,1,2567.5
ecmp,1,136,1,11.236,12.733,1.0,1.0,39,39,0,0,138,137,137,0.012765,0.008498,0.012444,1,0,1,2567.5
ecmp,1,137,1,11.146,12.486,1.0,1.0,39,39,0,0,138,138,137,0.012481,0.00847,0.012487,1,0,1,2567.5
ecmp,1,138,1,11.189,12.56,1.0,1.0,39,39,0,0,138,138,138,0.012565,0.008484,0.012517,1,0,1,2567.5
ecmp,1,139,1,11.384,12.937,1.0,1.0,39,39,0,0,139,138,138,0.012757,0.008438,0.012957,1,0,1,2567.5
ecmp,1,140,1,11.384,12.937,1.0,1.0,39,39,0,0,139,139,138,0.012757,0.008438,0.012957,1,0,1,2567.5
ecmp,1,141,1,11.363,12.884,1.0,1.0,39,39,0,0,139,139,139,0.012905,0.008494,0.012691,1,0,1,2567.5
ecmp,1,142,1,11.183,12.568,1.0,1.0,39,39,0,0,140,139,139,0.012571,0.008436,0.012541,1,0,1,2567.5
ecmp,1,143,1,11.315,12.752,1.0,1.0,39,39,0,0,140,140,139,0.012553,0.008617,0.012774,1,0,1,2567.5
ecmp,1,144,1,11.171,12.59,1.0,1.0,39,39,0,0,140,140,140,0.01247,0.008441,0.012603,1,0,1,2567.5
ecmp,1,145,1,11.214,12.62,1.0,1.0,39,39,0,0,141,140,140,0.012629,0.008475,0.012538,1,0,1,2567.5
ecmp,1,146,1,11.278,12.811,1.0,1.0,39,39,0,0,141,141,140,0.012841,0.008455,0.012538,1,0,1,2567.5
ecmp,1,147,1,11.334,12.828,1.0,1.0,39,39,0,0,141,141,141,0.012841,0.008455,0.012706,1,0,1,2567.5
ecmp,1,148,1,11.415,13.229,1.0,1.0,39,39,0,0,142,141,141,0.012533,0.008406,0.013306,1,0,1,2567.5
ecmp,1,149,1,11.282,12.768,1.0,1.0,39,39,0,0,142,142,141,0.012788,0.008469,0.012588,1,0,1,2567.5
ecmp,1,150,1,11.452,13.017,1.0,1.0,39,39,0,0,142,142,142,0.013033,0.008451,0.012871,1,1,1,2567.5
ecmp,1,151,1,15.748,21.131,1.0,1.0,39,39,1,0,143,142,142,0.012551,0.022077,0.012617,1,1,1,2567.5
ecmp,1,152,11,14.565,17.67,1.0,1.0,39,39,2,0,146,146,146,0.012928,0.018197,0.012569,1,1,1,2567.5
ecmp,1,153,1,14.565,17.67,1.0,1.0,39,39,2,0,147,146,146,0.012928,0.018197,0.012569,1,1,1,2567.5
ecmp,1,154,1,14.361,17.429,1.0,1.0,39,39,4,0,147,147,146,0.012594,0.017966,0.012523,1,1,1,2567.5
ecmp,1,155,10,14.15,16.856,1.0,1.0,33,33,6,0,150,150,150,0.012556,0.017333,0.01256,1,1,1,2567.5
ecmp,1,156,1,14.322,17.264,1.0,1.0,33,33,7,0,151,150,150,0.012595,0.017783,0.012588,1,1,1,2567.5
ecmp,1,157,11,14.284,17.305,1.0,1.0,33,33,9,0,154,154,154,0.012471,0.017834,0.012546,1,1,1,2567.5
ecmp,1,158,1,14.62,17.351,1.0,1.0,33,33,10,0,155,154,154,0.012573,0.017778,0.013508,1,1,1,2567.5
ecmp,1,159,11,14.624,17.351,1.0,1.0,28,28,10,0,158,158,158,0.012586,0.017778,0.013508,1,1,1,2567.5
ecmp,1,160,1,14.648,18.242,1.0,1.0,28,28,12,0,159,158,158,0.012586,0.018871,0.012486,1,1,1,2567.5
ecmp,1,161,11,14.324,17.183,1.0,1.0,28,28,13,0,162,162,162,0.012968,0.017651,0.012352,1,1,1,2567.5
ecmp,1,162,1,14.586,17.648,1.0,1.0,28,28,15,0,163,162,162,0.01266,0.018173,0.012924,1,1,1,2567.5
ecmp,1,163,11,14.337,17.409,1.0,1.0,23,23,17,0,166,166,166,0.012571,0.017946,0.012493,1,1,1,2567.5
ecmp,1,164,1,14.597,17.459,1.0,1.0,23,23,18,0,167,166,166,0.01254,0.017917,0.013334,1,1,1,2567.5
ecmp,1,165,11,14.654,17.386,1.0,1.0,23,23,20,0,170,170,170,0.012792,0.017836,0.013334,1,1,1,2567.5
ecmp,1,166,1,14.415,17.332,1.0,1.0,23,23,20,0,171,170,170,0.012792,0.017836,0.012616,1,1,1,2567.5
ecmp,1,167,11,14.344,17.082,1.0,1.0,23,23,21,0,174,174,174,0.012803,0.017557,0.012672,1,1,1,2567.5
ecmp,1,168,1,14.671,17.457,1.0,1.0,23,17,23,0,175,174,174,0.012823,0.017923,0.013266,1,1,1,2567.5
ecmp,1,169,11,14.64,17.402,1.0,1.0,24,17,24,0,178,178,178,0.013291,0.017859,0.012769,1,1,1,2567.5
ecmp,1,170,1,14.525,17.261,1.0,1.0,26,17,26,0,179,178,178,0.013426,0.017687,0.012461,1,1,1,2567.5
ecmp,1,171,11,14.498,17.61,1.0,1.0,28,12,28,0,182,182,182,0.012487,0.018137,0.012869,1,1,1,2567.5
ecmp,1,172,1,14.498,17.61,1.0,1.0,28,12,28,0,183,182,182,0.012487,0.018137,0.012869,1,1,1,2567.5
ecmp,1,173,11,14.28,17.317,1.0,1.0,29,12,29,0,186,186,186,0.012473,0.01785,0.012518,1,1,1,2567.5
ecmp,1,174,1,14.317,17.307,1.0,1.0,31,12,31,0,187,186,186,0.012594,0.017831,0.012526,1,1,1,2567.5
ecmp,1,175,11,14.294,17.279,1.0,1.0,32,12,32,0,190,190,190,0.01252,0.017803,0.01256,1,1,1,2567.5
ecmp,1,176,0,14.558,17.972,1.0,1.0,34,6,34,0,190,190,190,0.012505,0.018569,0.012601,1,1,1,2567.5
ecmp,1,177,1,14.496,17.432,1.0,1.0,35,6,35,0,191,190,190,0.012804,0.017946,0.012737,1,1,1,2567.5
ecmp,1,178,11,14.625,17.471,1.0,1.0,35,6,35,0,194,194,194,0.013191,0.017946,0.012737,1,1,1,2567.5
ecmp,1,179,1,14.646,17.78,1.0,1.0,37,6,37,0,195,194,194,0.013191,0.01829,0.012456,1,1,1,2567.5
ecmp,2,0,0,15.826,24.877,1.0,1.0,0,0,0,0,0,0,0,0.012572,0.008661,0.026244,1,1,1,1978.7
ecmp,2,1,1,15.736,24.874,0.3333,0.3333,42,0,42,0,1,0,0,0.012544,0.008419,0.026244,1,1,1,1978.7
ecmp,2,2,1,15.587,24.473,0.6667,0.6667,42,0,42,3,1,1,0,0.012544,0.008419,0.025799,1,1,1,1978.7
ecmp,2,3,10,15.831,24.359,1.0,1.0,42,0,42,5,4,4,4,0.012682,0.009156,0.025656,1,1,1,1978.7
ecmp,2,4,1,15.585,24.508,0.9883,0.9883,42,0,42,6,5,4,4,0.012544,0.008374,0.025837,1,1,1,1978.7
ecmp,2,5,1,15.872,24.828,0.9899,0.9899,42,0,42,7,5,5,4,0.012582,0.008844,0.026189,1,1,1,1978.7
ecmp,2,6,11,15.813,25.026,0.9968,0.9968,42,0,42,9,9,8,8,0.012575,0.008456,0.026409,1,1,1,1978.7
ecmp,2,7,1,16.052,25.098,0.9971,0.9971,42,0,42,9,9,9,8,0.013301,0.008447,0.026409,1,1,1,1978.7
ecmp,2,8,11,16.306,25.784,0.9985,0.9985,42,0,42,10,13,12,12,0.013301,0.008447,0.027171,1,1,1,1978.7
ecmp,2,9,1,15.864,25.159,0.9986,0.9986,42,0,42,12,13,13,12,0.012643,0.0084,0.02655,1,1,1,1978.7
ecmp,2,10,11,15.892,24.911,0.9992,0.9992,42,0,42,14,17,16,16,0.012974,0.008464,0.026237,1,1,1,1978.7
ecmp,2,11,1,15.859,24.88,0.9992,0.9992,42,0,42,15,17,17,16,0.012716,0.008631,0.026231,1,1,1,1978.7
ecmp,2,12,11,16.258,25.947,0.9995,0.9995,42,0,42,17,21,20,20,0.012541,0.008797,0.027437,1,1,1,1978.7
ecmp,2,13,1,20.24,26.731,0.9995,0.9995,41,0,41,17,21,21,20,0.012904,0.020378,0.027437,1,1,1,1978.7
ecmp,2,14,11,19.793,25.525,0.9996,0.9996,41,0,41,18,25,24,24,0.012904,0.020378,0.026097,1,1,1,1978.7
ecmp,2,15,1,15.816,24.854,0.9996,0.9996,41,0,41,20,25,25,24,0.012567,0.008661,0.026219,1,1,1,1978.7
ecmp,2,16,11,15.968,25.274,0.9997,0.9997,41,0,41,21,29,28,28,0.012508,0.008702,0.026693,1,1,1,1978.7
ecmp,2,17,1,19.494,25.647,0.9997,0.9997,40,0,40,23,29,29,28,0.012646,0.019506,0.026329,1,1,1,1978.7
ecmp,2,18,11,15.792,24.963,0.9998,0.9998,40,0,40,25,33,32,32,0.012629,0.008413,0.026334,1,1,1,1978.7
ecmp,2,19,1,15.943,25.081,0.9998,0.9998,40,0,40,26,33,33,32,0.012672,0.008696,0.02646,1,1,1,1978.7
ecmp,2,20,11,15.943,25.081,0.9998,0.9998,40,0,40,26,37,36,36,0.012672,0.008696,0.02646,1,1,1,1978.7
ecmp,2,21,1,15.889,25.106,0.9998,0.9998,40,0,40,28,37,37,36,0.012834,0.008363,0.02647,1,1,1,1978.7
ecmp,2,22,11,16.323,25.632,0.9999,0.9999,40,0,40,29,41,40,40,0.01254,0.009342,0.027087,1,1,1,1978.7
ecmp,2,23,1,15.895,24.975,0.9999,0.9999,40,0,40,31,41,41,40,0.012516,0.00881,0.026359,1,1,1,1978.7
ecmp,2,24,11,16.034,25.629,0.9999,0.9999,40,0,40,32,45,44,44,0.012563,0.008457,0.027081,1,1,1,1978.7
ecmp,2,25,1,15.627,24.524,0.9999,0.9999,40,0,40,34,45,45,44,0.012568,0.008462,0.025852,1,1,1,1978.7
ecmp,2,26,1,15.623,24.522,1.0,1.0,40,0,40,34,45,45,45,0.012556,0.008462,0.025852,1,1,1,1978.7
ecmp,2,27,10,15.681,24.71,0.9999,0.9999,39,0,39,36,49,48,48,0.012556,0.008425,0.026061,1,1,1,1978.7
ecmp,2,28,1,16.005,25.342,0.9999,0.9999,39,0,39,37,49,49,48,0.012593,0.008662,0.026759,1,1,1,1978.7
ecmp,2,29,11,15.741,24.771,0.9999,0.9999,39,0,39,39,53,52,52,0.0127,0.008411,0.026112,1,1,1,1978.7
ecmp,2,30,1,15.719,24.828,0.9999,0.9999,40,0,39,40,53,53,52,0.012574,0.008394,0.026189,0,1,1,1978.7
ecmp,2,31,1,11.345,12.901,1.0,1.0,40,0,34,40,53,53,53,0.012931,0.008473,0.012632,0,1,1,1978.7
ecmp,2,32,1,11.562,12.857,0.9999,1.0,40,0,34,40,54,53,53,0.012882,0.009172,0.012632,0,1,1,1978.7
ecmp,2,33,1,11.553,12.854,0.9999,0.9999,40,0,34,40,54,54,53,0.012882,0.009172,0.012604,0,1,1,1978.7
ecmp,2,34,1,11.282,12.784,1.0,1.0,40,0,34,40,54,54,54,0.012806,0.008456,0.012585,0,1,1,1978.7
ecmp,2,35,1,11.29,12.853,0.9999,1.0,40,0,29,40,55,54,54,0.012594,0.008395,0.012882,0,1,1,1978.7
ecmp,2,36,1,11.278,12.774,0.9999,0.9999,40,0,29,40,55,55,54,0.012792,0.008425,0.012616,0,1,1,1978.7
ecmp,2,37,1,11.331,12.901,1.0,1.0,40,0,29,40,55,55,55,0.012612,0.008449,0.012933,0,1,1,1978.7
ecmp,2,38,1,11.332,12.959,0.9999,1.0,40,0,29,40,56,55,55,0.013003,0.008428,0.012566,0,1,1,1978.7
ecmp,2,39,1,11.171,12.561,0.9999,0.9999,40,0,29,40,56,56,55,0.012518,0.008428,0.012566,0,1,1,1978.7
ecmp,2,40,1,11.193,12.555,1.0,1.0,40,0,25,40,56,56,56,0.012518,0.008501,0.012559,0,1,1,1978.7
ecmp,2,41,1,11.292,12.854,0.9999,1.0,40,0,25,40,57,56,56,0.01253,0.008457,0.01289,0,1,1,1978.7
ecmp,2,42,1,11.329,12.647,0.9999,0.9999,40,0,25,40,57,57,56,0.012639,0.008699,0.012648,0,1,1,1978.7
ecmp,2,43,1,11.552,13.3,1.0,1.0,40,0,19,40,57,57,57,0.012582,0.008694,0.01338,0,1,1,1978.7
ecmp,2,44,1,11.189,12.573,0.9999,1.0,40,0,19,40,58,57,57,0.012521,0.008466,0.012579,0,1,1,1978.7
ecmp,2,45,1,11.43,12.93,0.9999,0.9999,40,0,19,40,58,58,57,0.012933,0.008458,0.012898,0,1,1,1978.7
ecmp,2,46,1,11.43,12.93,1.0,1.0,40,0,19,40,58,58,58,0.012933,0.008458,0.012898,0,1,1,1978.7
ecmp,2,47,1,11.22,12.575,0.9999,1.0,40,0,19,40,59,58,58,0.012568,0.008516,0.012576,0,1,1,1978.7
ecmp,2,48,1,11.18,12.542,0.9999,0.9999,40,0,14,40,59,59,58,0.012544,0.008476,0.012521,0,1,1,1978.7
ecmp,2,49,1,11.382,13.137,1.0,1.0,40,0,14,40,59,59,59,0.01251,0.00843,0.013207,0,1,1,1978.7
ecmp,2,50,1,11.337,12.874,0.9999,1.0,40,0,14,40,60,59,59,0.012888,0.008372,0.012751,0,1,1,1978.7
ecmp,2,51,1,11.24,12.657,0.9999,0.9999,40,0,8,40,60,60,59,0.012663,0.008455,0.012601,0,1,1,1978.7
ecmp,2,52,1,11.195,12.597,1.0,1.0,40,0,8,40,60,60,60,0.012558,0.008426,0.012601,0,1,1,1978.7
ecmp,2,53,1,11.18,12.558,0.9999,1.0,40,0,8,40,61,60,60,0.012558,0.008426,0.012556,0,1,1,1978.7
ecmp,2,54,1,11.207,12.588,0.9999,0.9999,40,0,8,40,61,61,60,0.012586,0.008446,0.012588,0,1,1,1978.7
ecmp,2,55,1,11.246,12.671,1.0,1.0,40,0,8,40,61,61,61,0.012598,0.00846,0.012679,0,1,1,1978.7
ecmp,2,56,1,11.205,12.608,0.9999,1.0,40,0,3,40,62,61,61,0.012577,0.008425,0.012612,0,1,1,1978.7
ecmp,2,57,1,11.435,13.3,0.9999,0.9999,40,0,3,40,62,62,61,0.013385,0.008388,0.012533,0,1,1,1978.7
ecmp,2,58,1,11.344,12.777,1.0,1.0,40,0,3,40,62,62,62,0.012562,0.00867,0.012801,0,1,1,1978.7
ecmp,2,59,1,11.428,12.811,0.9999,1.0,40,0,3,40,63,62,62,0.012812,0.00867,0.012801,0,1,1,1978.7
ecmp,2,60,1,11.446,12.812,0.9999,0.9999,40,0,0,40,63,63,62,0.012812,0.008717,0.012808,0,1,1,1978.7
ecmp,2,61,1,11.328,12.75,1.0,1.0,40,0,0,40,63,63,63,0.012565,0.008647,0.012771,0,1,1,1978.7
ecmp,2,62,1,11.58,13.259,0.9999,1.0,40,0,0,40,64,63,63,0.013286,0.008436,0.013018,0,1,1,1978.7
ecmp,2,63,1,11.558,13.523,0.9999,0.9999,35,0,0,35,64,64,63,0.013628,0.008463,0.012583,0,1,1,1978.7
ecmp,2,64,1,11.418,13.204,1.0,1.0,35,0,0,35,64,64,64,0.013273,0.008403,0.012578,0,1,1,1978.7
ecmp,2,65,1,11.225,12.691,0.9999,1.0,35,0,0,35,65,64,64,0.012552,0.008416,0.012706,0,1,1,1978.7
ecmp,2,66,1,11.225,12.691,0.9999,0.9999,35,0,0,35,65,65,64,0.012552,0.008416,0.012706,0,1,1,1978.7
ecmp,2,67,0,11.188,12.588,0.9999,0.9999,35,0,0,35,65,65,64,0.012532,0.008438,0.012594,0,1,1,1978.7
ecmp,2,68,1,11.178,12.577,1.0,1.0,31,0,0,31,65,65,65,0.012526,0.008425,0.012583,0,1,1,1978.7
ecmp,2,69,1,11.344,12.791,0.9999,1.0,31,0,0,31,66,65,65,0.012817,0.008663,0.012553,0,1,1,1978.7
ecmp,2,70,1,11.214,12.598,0.9999,0.9999,31,0,0,31,66,66,65,0.012567,0.008473,0.012601,0,1,1,1978.7
ecmp,2,71,1,11.247,12.766,1.0,1.0,25,0,0,25,66,66,66,0.012539,0.00841,0.012791,0,1,1,1978.7
ecmp,2,72,1,11.445,13.109,0.9999,1.0,25,0,0,25,67,66,66,0.013144,0.008401,0.012791,0,1,1,1978.7
ecmp,2,73,1,11.52,13.131,1.0,0.9999,25,0,0,25,67,67,66,0.013144,0.008401,0.013014,0,1,1,1978.7
ecmp,2,74,1,11.196,12.569,1.0,1.0,25,0,0,25,67,67,67,0.012544,0.008472,0.012572,0,1,1,1978.7
ecmp,2,75,1,11.248,12.735,1.0,1.0,25,0,0,25,68,67,67,0.012754,0.008426,0.012563,0,1,1,1978.7
ecmp,2,76,1,11.274,12.812,1.0,0.9999,20,0,0,20,68,68,67,0.012843,0.008443,0.012536,0,1,1,1978.7
ecmp,2,77,1,11.246,12.645,1.0,1.0,20,0,0,20,68,68,68,0.012648,0.008467,0.012623,0,1,1,1978.7
ecmp,2,78,1,11.224,12.61,1.0,1.0,20,0,0,20,69,68,68,0.012574,0.008483,0.012614,0,1,1,1978.7
ecmp,2,79,1,11.316,12.826,1.0,0.9999,20,0,0,20,69,69,68,0.01285,0.008483,0.012614,0,1,1,1978.7
ecmp,2,80,1,11.328,12.841,1.0,1.0,14,0,0,14,69,69,69,0.01285,0.008371,0.012764,0,1,1,1978.7
ecmp,2,81,1,11.189,12.572,1.0,1.0,14,0,0,14,70,69,69,0.012577,0.008462,0.012528,0,1,1,1978.7
ecmp,2,82,1,11.291,12.916,1.0,0.9999,14,0,0,14,70,70,69,0.012952,0.008333,0.012588,0,1,1,1978.7
ecmp,2,83,1,11.151,12.524,1.0,1.0,14,0,0,14,70,70,70,0.012495,0.00843,0.012527,0,1,1,1978.7
ecmp,2,84,1,11.212,12.604,1.0,1.0,9,0,0,9,71,70,70,0.012612,0.008493,0.01253,0,1,1,1978.7
ecmp,2,85,1,11.206,12.603,1.0,0.9999,9,0,0,9,71,71,70,0.012603,0.008412,0.012603,0,1,1,1978.7
ecmp,2,86,1,11.162,12.59,1.0,1.0,9,0,0,9,71,71,71,0.01247,0.008412,0.012603,0,1,1,1978.7
ecmp,2,87,1,11.138,12.533,1.0,1.0,9,0,0,9,72,71,71,0.01247,0.008404,0.01254,0,1,1,1978.7
ecmp,2,88,1,11.345,12.988,1.0,1.0,4,0,0,4,72,72,71,0.012536,0.008461,0.013038,0,1,1,1978.7
ecmp,2,89,1,11.335,12.756,1.0,1.0,4,0,0,4,72,72,72,0.012779,0.008673,0.012553,0,1,1,1978.7
ecmp,2,90,1,11.288,12.787,1.0,1.0,4,0,0,4,73,72,72,0.012637,0.008422,0.012804,1,1,1,1978.7
ecmp,2,91,1,16.956,27.926,1.0,1.0,4,1,0,4,73,73,72,0.029601,0.008416,0.01285,1,1,1,1978.7
ecmp,2,92,1,16.015,25.597,1.0,1.0,2,2,0,0,73,73,73,0.027043,0.008417,0.012585,1,1,1,1978.7
ecmp,2,93,11,16.015,25.597,1.0,1.0,2,2,0,0,77,77,76,0.027043,0.008417,0.012585,1,1,1,1978.7
ecmp,2,94,1,15.744,24.804,1.0,1.0,4,4,0,0,77,77,77,0.026157,0.008451,0.012624,1,1,1,1978.7
ecmp,2,95,11,15.716,24.807,1.0,1.0,5,5,0,0,81,81,80,0.026169,0.008428,0.012552,1,1,1,1978.7
ecmp,2,96,1,15.833,24.902,1.0,1.0,7,7,0,0,81,81,81,0.026246,0.008442,0.012811,1,1,1,1978.7
ecmp,2,97,11,15.876,25.174,1.0,1.0,8,8,0,0,85,85,84,0.026571,0.008453,0.012604,1,1,1,1978.7
ecmp,2,98,1,15.772,24.839,1.0,1.0,10,10,0,0,85,85,85,0.026178,0.008348,0.01279,1,1,1,1978.7
ecmp,2,99,11,15.772,24.839,1.0,1.0,10,10,0,0,89,89,88,0.026178,0.008348,0.01279,1,1,1,1978.7
ecmp,2,100,1,15.777,24.783,1.0,1.0,12,12,0,0,89,89,89,0.026148,0.008682,0.012501,1,1,1,1978.7
ecmp,2,101,1,15.851,24.904,1.0,1.0,13,13,0,0,90,89,89,0.026245,0.008473,0.012835,1,1,1,1978.7
ecmp,2,102,10,15.843,25.146,1.0,1.0,15,15,0,0,93,93,92,0.026544,0.008422,0.012562,1,1,1,1978.7
ecmp,2,103,1,15.678,24.688,1.0,1.0,16,16,0,0,93,93,93,0.026036,0.008439,0.012559,1,1,1,1978.7
ecmp,2,104,11,15.865,25.149,1.0,1.0,18,18,0,0,97,97,96,0.026541,0.008433,0.01262,1,1,1,1978.7
ecmp,2,105,1,15.939,25.335,1.0,1.0,19,19,0,0,97,97,97,0.026748,0.00845,0.01262,1,1,1,1978.7
ecmp,2,106,11,16.018,25.359,1.0,1.0,19,19,0,0,101,101,100,0.026748,0.00845,0.012856,1,1,1,1978.7
ecmp,2,107,1,15.902,25.079,1.0,1.0,21,21,0,0,101,101,101,0.026467,0.008655,0.012583,1,1,1,1978.7
ecmp,2,108,11,15.416,23.988,1.0,1.0,23,23,0,0,105,105,104,0.025256,0.008414,0.012577,1,1,1,1978.7
ecmp,2,109,1,15.856,24.929,1.0,1.0,24,24,0,0,105,105,105,0.026296,0.008647,0.012625,1,1,1,1978.7
ecmp,2,110,11,15.745,24.626,1.0,1.0,26,26,0,0,109,109,108,0.025965,0.008697,0.012572,1,1,1,1978.7
ecmp,2,111,1,15.862,25.072,1.0,1.0,27,27,0,0,109,109,109,0.026439,0.008379,0.012769,1,1,1,1978.7
ecmp,2,112,11,15.862,25.072,1.0,1.0,27,27,0,0,113,113,112,0.026439,0.008379,0.012769,1,1,1,1978.7
ecmp,2,113,1,16.009,25.064,1.0,1.0,29,29,0,0,113,113,113,0.026376,0.00839,0.01326,1,1,1,1978.7
ecmp,2,114,11,15.906,25.056,1.0,1.0,30,30,0,0,117,117,116,0.02641,0.008433,0.012875,1,1,1,1978.7
ecmp,2,115,1,15.789,24.747,1.0,1.0,32,32,0,0,117,117,117,0.026072,0.008474,0.012822,1,1,1,1978.7
ecmp,2,116,11,15.609,24.567,1.0,1.0,35,35,0,0,121,121,120,0.025903,0.008381,0.012544,1,1,1,1978.7
ecmp,2,117,1,15.746,24.71,1.0,1.0,35,35,0,0,121,121,121,0.026028,0.008364,0.012845,1,1,1,1978.7
ecmp,2,118,11,15.746,24.71,1.0,1.0,35,35,0,0,125,125,124,0.026028,0.008364,0.012845,1,1,1,1978.7
ecmp,2,119,1,16.37,25.158,1.0,1.0,37,37,0,0,125,125,125,0.026495,0.009487,0.013128,1,1,1,1978.7
ecmp,2,120,11,15.82,24.983,1.0,1.0,38,38,0,0,129,129,128,0.02637,0.008588,0.012501,1,0,1,1978.7
ecmp,2,121,1,11.359,12.979,1.0,1.0,39,39,0,0,129,129,129,0.012562,0.00849,0.013025,1,0,1,1978.7
ecmp,2,122,1,11.553,13.401,1.0,1.0,39,39,0,0,130,129,129,0.012837,0.008359,0.013464,1,0,1,1978.7
ecmp,2,123,1,11.303,12.891,1.0,1.0,39,39,0,0,130,130,129,0.012615,0.008371,0.012922,1,0,1,1978.7
ecmp,2,124,1,11.314,12.887,1.0,1.0,39,39,0,0,130,130,130,0.012576,0.008443,0.012922,1,0,1,1978.7
ecmp,2,125,1,11.171,12.568,1.0,1.0,39,39,0,0,131,130,130,0.012576,0.008443,0.012493,1,0,1,1978.7
ecmp,2,126,1,11.21,12.661,1.0,1.0,39,39,0,0,131,131,130,0.012683,0.008483,0.012465,1,0,1,1978.7
ecmp,2,127,1,11.252,12.835,1.0,1.0,39,39,0,0,131,131,131,0.01287,0.008362,0.012525,1,0,1,1978.7
ecmp,2,128,0,11.152,12.548,1.0,1.0,39,39,0,0,131,131,131,0.012555,0.008417,0.012485,1,0,1,1978.7
ecmp,2,129,1,11.251,12.709,1.0,1.0,39,39,0,0,132,131,131,0.012737,0.008561,0.012454,1,0,1,1978.7
ecmp,2,130,1,11.202,12.673,1.0,1.0,39,39,0,0,132,132,131,0.012556,0.008363,0.012686,1,0,1,1978.7
ecmp,2,131,1,11.288,12.801,1.0,1.0,39,39,0,0,132,132,132,0.012814,0.008363,0.012686,1,0,1,1978.7
ecmp,2,132,1,11.213,12.787,1.0,1.0,39,39,0,0,133,132,132,0.012814,0.008287,0.012539,1,0,1,1978.7
ecmp,2,133,1,11.61,13.654,1.0,1.0,39,39,0,0,133,133,132,0.012605,0.008453,0.013771,1,0,1,1978.7
ecmp,2,134,1,11.457,13.281,1.0,1.0,39,39,0,0,133,133,133,0.012529,0.008477,0.013365,1,0,1,1978.7
ecmp,2,135,1,11.186,12.556,1.0,1.0,39,39,0,0,134,133,133,0.012557,0.008457,0.012543,1,0,1,1978.7
ecmp,2,136,1,11.205,12.581,1.0,1.0,39,39,0,0,134,134,133,0.012581,0.008455,0.012579,1,0,1,1978.7
ecmp,2,137,1,11.243,12.779,1.0,1.0,39,39,0,0,134,134,134,0.012807,0.008396,0.012526,1,0,1,1978.7
ecmp,2,138,1,11.243,12.779,1.0,1.0,39,39,0,0,135,134,134,0.012807,0.008396,0.012526,1,0,1,1978.7
ecmp,2,139,1,11.279,12.593,1.0,1.0,39,39,0,0,135,135,134,0.012573,0.00867,0.012595,1,0,1,1978.7
ecmp,2,140,1,11.2,12.585,1.0,1.0,39,39,0,0,135,135,135,0.012586,0.008434,0.012581,1,0,1,1978.7
ecmp,2,141,1,11.15,12.547,1.0,1.0,39,39,0,0,136,135,135,0.012552,0.008397,0.0125,1,0,1,1978.7
ecmp,2,142,1,11.187,12.585,1.0,1.0,39,39,0,0,136,136,135,0.012505,0.008463,0.012594,1,0,1,1978.7
ecmp,2,143,1,11.194,12.586,1.0,1.0,39,39,0,0,136,136,136,0.012591,0.008448,0.012542,1,0,1,1978.7
ecmp,2,144,1,11.289,12.821,1.0,1.0,39,39,0,0,137,136,136,0.01257,0.008447,0.012849,1,0,1,1978.7
ecmp,2,145,1,11.289,12.821,1.0,1.0,39,39,0,0,137,137,136,0.01257,0.008447,0.012849,1,0,1,1978.7
ecmp,2,146,1,11.177,12.578,1.0,1.0,39,39,0,0,137,137,137,0.012578,0.008377,0.012575,1,0,1,1978.7
ecmp,2,147,1,11.214,12.621,1.0,1.0,39,39,0,0,138,137,137,0.012627,0.00845,0.012564,1,0,1,1978.7
ecmp,2,148,1,11.137,12.563,1.0,1.0,39,39,0,0,138,138,137,0.012498,0.008343,0.01257,1,0,1,1978.7
ecmp,2,149,1,11.158,12.543,1.0,1.0,39,39,0,0,138,138,138,0.012544,0.00839,0.012539,1,0,1,1978.7
ecmp,2,150,1,11.277,12.825,1.0,1.0,39,39,0,0,139,138,138,0.012508,0.008464,0.01286,1,1,1,1978.7
ecmp,2,151,11,14.614,17.921,1.0,1.0,39,39,2,0,142,142,142,0.012499,0.018483,0.01286,1,1,1,1978.7
ecmp,2,152,1,14.534,17.897,1.0,1.0,39,39,2,0,143,142,142,0.012499,0.018483,0.012621,1,1,1,1978.7
ecmp,2,153,11,14.411,17.36,1.0,1.0,39,39,3,0,146,146,146,0.012568,0.017867,0.012798,1,1,1,1978.7
ecmp,2,154,1,14.313,17.226,1.0,1.0,36,36,5,0,147,146,146,0.012537,0.017733,0.012668,1,1,1,1978.7
ecmp,2,155,11,14.327,17.233,1.0,1.0,36,36,6,0,150,150,150,0.012621,0.017745,0.012615,1,1,1,1978.7
ecmp,2,156,1,14.304,17.235,1.0,1.0,36,36,8,0,151,150,150,0.012654,0.017744,0.012513,1,1,1,1978.7
ecmp,2,157,11,14.312,17.33,1.0,1.0,31,31,10,0,154,154,154,0.012469,0.017854,0.012612,1,1,1,1978.7
ecmp,2,158,1,14.312,17.33,1.0,1.0,31,31,10,0,155,154,154,0.012469,0.017854,0.012612,1,1,1,1978.7
ecmp,2,159,11,14.362,17.317,1.0,1.0,31,31,11,0,158,158,158,0.01261,0.017836,0.012641,1,1,1,1978.7
ecmp,2,160,1,14.223,17.024,1.0,1.0,31,31,13,0,159,158,158,0.012583,0.017518,0.012568,1,1,1,1978.7
ecmp,2,161,7,14.567,17.33,1.0,1.0,31,31,14,0,161,161,160,0.013317,0.017776,0.012608,1,1,1,1978.7
ecmp,2,162,4,14.502,17.699,1.0,1.0,26,26,16,0,162,162,162,0.012694,0.018255,0.012558,1,1,1,1978.7
ecmp,2,163,1,14.295,17.25,1.0,1.0,26,26,17,0,163,162,162,0.012571,0.01777,0.012543,1,1,1,1978.7
ecmp,2,164,11,14.378,17.275,1.0,1.0,26,26,17,0,166,166,166,0.012822,0.01777,0.012543,1,1,1,1978.7
ecmp,2,165,1,14.311,17.11,1.0,1.0,26,26,19,0,167,166,166,0.012822,0.017587,0.012523,1,1,1,1978.7
ecmp,2,166,11,14.297,16.93,1.0,1.0,22,21,22,0,170,170,170,0.012532,0.017368,0.012992,1,1,1,1978.7
ecmp,2,167,1,14.39,17.42,1.0,1.0,22,21,22,0,171,170,170,0.012679,0.017947,0.012544,1,1,1,1978.7
ecmp,2,168,11,14.415,17.372,1.0,1.0,24,21,24,0,174,174,174,0.012822,0.017877,0.012547,1,1,1,1978.7
ecmp,2,169,1,14.184,16.946,1.0,1.0,25,21,25,0,175,174,174,0.012512,0.017427,0.012613,1,1,1,1978.7
ecmp,2,170,11,14.308,17.251,1.0,1.0,27,15,27,0,178,178,178,0.012597,0.017768,0.01256,1,1,1,1978.7
ecmp,2,171,1,14.308,17.251,1.0,1.0,27,15,27,0,179,178,178,0.012597,0.017768,0.01256,1,1,1,1978.7
ecmp,2,172,11,14.4,17.306,1.0,1.0,28,15,28,0,182,182,182,0.012801,0.017807,0.012592,1,1,1,1978.7
ecmp,2,173,1,14.63,17.456,1.0,1.0,30,15,30,0,183,182,182,0.013393,0.017907,0.01259,1,1,1,1978.7
ecmp,2,174,11,14.545,17.309,1.0,1.0,31,10,31,0,186,186,186,0.013475,0.017735,0.012425,1,1,1,1978.7
ecmp,2,175,1,14.461,17.434,1.0,1.0,33,10,33,0,187,186,186,0.012693,0.017957,0.012732,1,1,1,1978.7
ecmp,2,176,11,14.313,17.286,1.0,1.0,35,10,35,0,190,190,190,0.012595,0.017807,0.012538,1,1,1,1978.7
ecmp,2,177,1,14.288,17.28,1.0,1.0,35,10,35,0,191,190,190,0.012518,0.017807,0.012538,1,1,1,1978.7
ecmp,2,178,11,14.263,17.186,1.0,1.0,36,10,36,0,194,194,194,0.012518,0.017699,0.012572,1,1,1,1978.7
ecmp,2,179,1,14.304,17.251,1.0,1.0,38,4,38,0,195,194,194,0.012612,0.017766,0.012533,1,1,1,1978.7
ecmp,3,0,0,15.77,24.762,1.0,1.0,0,0,0,0,0,0,0,0.012833,0.008389,0.026087,1,1,1,1981.2
ecmp,3,1,1,15.77,24.762,0.3333,0.3333,0,0,0,0,1,0,0,0.012833,0.008389,0.026087,1,1,1,1981.2
ecmp,3,2,1,15.565,24.455,0.6667,0.6667,42,0,42,4,1,1,0,0.012494,0.008416,0.025784,1,1,1,1981.2
ecmp,3,3,11,16.041,24.885,0.9883,0.9883,42,0,42,6,5,4,4,0.012707,0.009179,0.026238,1,1,1,1981.2
ecmp,3,4,1,15.781,24.791,0.9899,0.9899,42,0,42,7,5,5,4,0.012829,0.008393,0.02612,1,1,1,1981.2
ecmp,3,5,11,15.716,24.802,0.9968,0.9968,42,0,42,9,9,8,8,0.012591,0.008399,0.026159,1,1,1,1981.2
ecmp,3,6,1,16.018,24.803,0.9971,0.9971,42,0,42,10,9,9,8,0.013355,0.008623,0.026075,1,1,1,1981.2
ecmp,3,7,11,16.064,24.817,0.9985,0.9985,42,0,42,10,13,12,12,0.013493,0.008623,0.026075,1,1,1,1981.2
ecmp,3,8,1,16.065,25.008,0.9986,0.9986,42,0,42,12,13,13,12,0.013493,0.008414,0.026287,1,1,1,1981.2
ecmp,3,9,11,15.63,24.393,0.9992,0.9992,42,0,42,14,17,16,16,0.012772,0.008434,0.025684,1,1,1,1981.2
ecmp,3,10,1,15.719,24.729,0.9992,0.9992,42,0,42,15,17,17,16,0.012715,0.008377,0.026064,1,1,1,1981.2
ecmp,3,11,11,15.841,24.854,0.9995,0.9995,42,0,42,17,21,20,20,0.013005,0.008346,0.026171,1,1,1,1981.2
ecmp,3,12,1,15.751,24.92,0.9995,0.9995,42,0,42,18,21,21,20,0.012546,0.008412,0.026295,1,1,1,1981.2
ecmp,3,13,11,15.853,24.955,0.9996,0.9996,42,0,42,18,25,24,24,0.012894,0.008369,0.026295,1,1,1,1981.2
ecmp,3,14,1,15.842,24.927,0.9996,0.9996,42,0,42,20,25,25,24,0.012894,0.008369,0.026264,1,1,1,1981.2
ecmp,3,15,11,15.75,24.856,0.9997,0.9997,42,0,42,21,29,28,28,0.01255,0.008478,0.026223,1,1,1,1981.2
ecmp,3,16,1,15.837,25.125,0.9997,0.9997,42,0,42,23,29,29,28,0.012558,0.008432,0.026521,1,1,1,1981.2
ecmp,3,17,11,15.955,25.41,0.9998,0.9998,42,0,42,24,33,32,32,0.012634,0.0084,0.02683,1,1,1,1981.2
ecmp,3,18,1,15.702,24.807,0.9998,0.9998,42,0,42,26,33,33,32,0.012571,0.008367,0.026167,1,1,1,1981.2
ecmp,3,19,11,15.632,24.746,0.9998,0.9998,42,0,42,28,37,36,36,0.012409,0.00837,0.026117,1,1,1,1981.2
ecmp,3,20,1,15.632,24.746,0.9998,0.9998,42,0,42,28,37,37,36,0.012409,0.00837,0.026117,1,1,1,1981.2
ecmp,3,21,11,15.842,25.214,0.9999,0.9999,42,0,42,29,41,40,40,0.012532,0.00837,0.026623,1,1,1,1981.2
ecmp,3,22,1,16.052,25.748,0.9999,0.9999,42,0,42,31,41,41,40,0.01251,0.008428,0.027219,1,1,1,1981.2
ecmp,3,23,11,15.8,25.086,0.9999,0.9999,42,0,42,32,45,44,44,0.012497,0.008419,0.026485,1,1,1,1981.2
ecmp,3,24,1,15.66,24.64,0.9999,0.9999,42,0,42,34,45,45,44,0.012569,0.00843,0.025981,1,1,1,1981.2
ecmp,3,25,1,15.699,24.66,1.0,1.0,42,0,42,35,45,45,45,0.012745,0.008368,0.025984,1,1,1,1981.2
ecmp,3,26,10,15.651,24.646,0.9999,0.9999,42,0,42,35,49,48,48,0.0126,0.008368,0.025984,1,1,1,1981.2
ecmp,3,27,1,15.775,24.916,0.9999,0.9999,42,0,42,37,49,49,48,0.0126,0.00844,0.026284,1,1,1,1981.2
ecmp,3,28,11,15.877,24.777,0.9999,0.9999,42,0,42,39,53,52,52,0.012796,0.008728,0.026108,1,1,1,1981.2
ecmp,3,29,1,15.707,24.743,0.9999,0.9999,42,0,42,40,53,53,52,0.012561,0.008463,0.026097,1,1,1,1981.2
ecmp,3,30,11,15.652,24.637,0.9999,1.0,42,0,37,42,57,56,56,0.012591,0.00839,0.025975,0,1,1,1981.2
ecmp,3,31,1,11.17,12.571,0.9999,0.9999,42,0,37,42,57,57,56,0.012575,0.008398,0.012537,0,1,1,1981.2
ecmp,3,32,1,11.238,12.718,1.0,1.0,42,0,37,42,57,57,57,0.012738,0.008438,0.012537,0,1,1,1981.2
ecmp,3,33,1,11.241,12.719,0.9999,1.0,42,0,37,42,58,57,57,0.012738,0.008438,0.012546,0,1,1,1981.2
ecmp,3,34,1,11.23,12.688,0.9999,0.9999,42,0,31,42,58,58,57,0.01255,0.008438,0.012703,0,1,1,1981.2
ecmp,3,35,1,11.172,12.567,1.0,1.0,42,0,31,42,58,58,58,0.012559,0.008389,0.012568,0,1,1,1981.2
ecmp,3,36,1,11.178,12.585,0.9999,1.0,42,0,31,42,59,58,58,0.012518,0.008423,0.012592,0,1,1,1981.2
ecmp,3,37,1,11.679,12.9,0.9999,0.9999,42,0,31,42,59,59,58,0.012553,0.009544,0.012939,0,1,1,1981.2
ecmp,3,38,1,11.248,12.598,1.0,1.0,42,0,26,42,59,59,59,0.012508,0.008628,0.012608,0,1,1,1981.2
ecmp,3,39,1,11.25,12.598,0.9999,1.0,42,0,26,42,60,59,59,0.012513,0.008628,0.012608,0,1,1,1981.2
ecmp,3,40,1,11.239,12.787,0.9999,0.9999,42,0,26,42,60,60,59,0.012513,0.008387,0.012818,0,1,1,1981.2
ecmp,3,41,1,11.278,12.776,1.0,1.0,42,0,26,42,60,60,60,0.012605,0.008433,0.012795,0,1,1,1981.2
ecmp,3,42,1,11.195,12.622,0.9999,1.0,42,0,21,42,61,60,60,0.012627,0.008377,0.01258,0,1,1,1981.2
ecmp,3,43,1,11.266,12.832,0.9999,0.9999,42,0,21,42,61,61,60,0.012869,0.008431,0.012499,0,1,1,1981.2
ecmp,3,44,1,11.57,13.361,1.0,1.0,42,0,21,42,61,61,61,0.012894,0.008403,0.013413,0,1,1,1981.2
ecmp,3,45,1,11.184,12.562,0.9999,1.0,42,0,21,42,62,61,61,0.012567,0.008468,0.012518,0,1,1,1981.2
ecmp,3,46,1,11.184,12.562,0.9999,0.9999,42,0,21,42,62,62,61,0.012567,0.008468,0.012518,0,1,1,1981.2
ecmp,3,47,1,11.482,13.375,1.0,1.0,42,0,15,42,62,62,62,0.012582,0.0084,0.013463,0,1,1,1981.2
ecmp,3,48,1,11.273,12.755,0.9999,1.0,42,0,15,42,63,62,62,0.012597,0.008448,0.012773,0,1,1,1981.2
ecmp,3,49,1,11.191,12.593,0.9999,0.9999,42,0,15,42,63,63,62,0.012509,0.008463,0.012602,0,1,1,1981.2
ecmp,3,50,1,11.139,12.509,1.0,1.0,42,0,10,42,63,63,63,0.012455,0.008447,0.012515,0,1,1,1981.2
ecmp,3,51,1,11.252,12.596,0.9999,1.0,42,0,10,42,64,63,63,0.012605,0.008635,0.012515,0,1,1,1981.2
ecmp,3,52,1,11.367,12.73,0.9999,0.9999,42,0,10,42,64,64,63,0.012747,0.008781,0.012574,0,1,1,1981.2
ecmp,3,53,1,11.367,12.73,1.0,1.0,42,0,10,42,64,64,64,0.012747,0.008781,0.012574,0,1,1,1981.2
ecmp,3,54,1,11.239,12.73,0.9999,1.0,42,0,10,42,65,64,64,0.012561,0.008407,0.012749,0,1,1,1981.2
ecmp,3,55,1,11.274,12.766,0.9999,0.9999,42,0,4,42,65,65,64,0.012621,0.008418,0.012782,0,1,1,1981.2
ecmp,3,56,1,11.196,12.596,1.0,1.0,42,0,4,42,65,65,65,0.012598,0.008413,0.012578,0,1,1,1981.2
ecmp,3,57,1,11.403,13.093,0.9999,1.0,42,0,4,42,66,65,65,0.012639,0.008425,0.013144,0,1,1,1981.2
ecmp,3,58,1,11.339,12.81,0.9999,0.9999,42,0,0,42,66,66,65,0.01284,0.00864,0.012538,0,1,1,1981.2
ecmp,3,59,1,11.364,12.804,1.0,1.0,42,0,0,42,66,66,66,0.012834,0.008719,0.012538,0,1,1,1981.2
ecmp,3,60,0,11.349,12.8,1.0,1.0,42,0,0,42,66,66,66,0.012834,0.008719,0.012493,0,1,1,1981.2
ecmp,3,61,1,11.206,12.58,0.9999,1.0,42,0,0,42,67,66,66,0.012554,0.008481,0.012583,0,1,1,1981.2
ecmp,3,62,1,11.169,12.587,1.0,0.9999,38,0,0,38,67,67,66,0.012596,0.008408,0.012504,0,1,1,1981.2
ecmp,3,63,1,11.227,12.758,1.0,1.0,38,0,0,38,67,67,67,0.012791,0.008433,0.012458,0,1,1,1981.2
ecmp,3,64,1,11.276,12.814,1.0,1.0,38,0,0,38,68,67,67,0.012557,0.008427,0.012843,0,1,1,1981.2
ecmp,3,65,1,11.699,13.432,1.0,0.9999,38,0,0,38,68,68,67,0.013206,0.008434,0.013457,0,1,1,1981.2
ecmp,3,66,1,11.492,13.37,1.0,1.0,38,0,0,38,68,68,68,0.012585,0.008434,0.013457,0,1,1,1981.2
ecmp,3,67,1,11.285,12.807,1.0,1.0,33,0,0,33,69,68,68,0.012585,0.008437,0.012832,0,1,1,1981.2
ecmp,3,68,1,11.324,12.979,1.0,0.9999,33,0,0,33,69,69,68,0.013031,0.008427,0.012514,0,1,1,1981.2
ecmp,3,69,1,11.263,12.735,1.0,1.0,33,0,0,33,69,69,69,0.012593,0.008445,0.012751,0,1,1,1981.2
ecmp,3,70,1,11.204,12.598,1.0,1.0,27,0,0,27,70,69,69,0.0126,0.008436,0.012576,0,1,1,1981.2
ecmp,3,71,1,11.476,12.586,1.0,0.9999,27,0,0,27,70,70,69,0.012558,0.009281,0.012589,0,1,1,1981.2
ecmp,3,72,1,11.153,12.514,1.0,1.0,27,0,0,27,70,70,70,0.01251,0.008435,0.012514,0,1,1,1981.2
ecmp,3,73,1,11.153,12.514,1.0,1.0,27,0,0,27,71,70,70,0.01251,0.008435,0.012514,0,1,1,1981.2
ecmp,3,74,1,11.124,12.571,1.0,0.9999,27,0,0,27,71,71,70,0.012582,0.00832,0.01247,0,1,1,1981.2
ecmp,3,75,1,11.288,12.579,1.0,1.0,22,0,0,22,71,71,71,0.012559,0.008725,0.012581,0,1,1,1981.2
ecmp,3,76,1,11.151,12.538,1.0,1.0,22,0,0,22,72,71,71,0.012488,0.008421,0.012544,0,1,1,1981.2
ecmp,3,77,1,11.532,12.773,1.0,1.0,22,0,0,22,72,72,71,0.012573,0.009229,0.012795,0,1,1,1981.2
ecmp,3,78,1,11.18,12.55,1.0,1.0,17,0,0,17,72,72,72,0.012553,0.008468,0.01252,0,1,1,1981.2
ecmp,3,79,1,11.252,12.757,1.0,1.0,17,0,0,17,73,72,72,0.012559,0.008417,0.012779,0,1,1,1981.2
ecmp,3,80,1,11.252,12.757,1.0,1.0,17,0,0,17,73,73,72,0.012559,0.008417,0.012779,0,1,1,1981.2
ecmp,3,81,1,11.218,12.624,1.0,1.0,17,0,0,17,73,73,73,0.012591,0.008434,0.012628,0,1,1,1981.2
ecmp,3,82,1,11.505,13.404,1.0,1.0,17,0,0,17,74,73,73,0.012578,0.00844,0.013496,0,1,1,1981.2
ecmp,3,83,1,11.573,12.916,1.0,1.0,11,0,0,11,74,74,73,0.012559,0.009203,0.012956,0,1,1,1981.2
ecmp,3,84,1,11.176,12.556,1.0,1.0,11,0,0,11,74,74,74,0.012547,0.008423,0.012557,0,1,1,1981.2
ecmp,3,85,1,11.348,12.776,1.0,1.0,11,0,0,11,75,74,74,0.012541,0.008702,0.012802,0,1,1,1981.2
ecmp,3,86,1,11.304,12.793,1.0,1.0,11,0,0,11,75,75,74,0.012708,0.008402,0.012802,0,1,1,1981.2
ecmp,3,87,1,11.492,13.3,1.0,1.0,6,0,0,6,75,75,75,0.012708,0.008402,0.013366,0,1,1,1981.2
ecmp,3,88,1,11.237,12.778,1.0,1.0,6,0,0,6,76,75,75,0.012806,0.00838,0.012526,0,1,1,1981.2
ecmp,3,89,1,11.207,12.66,1.0,1.0,6,0,0,6,76,76,75,0.012523,0.008423,0.012675,0,1,1,1981.2
ecmp,3,90,1,11.259,12.582,1.0,1.0,6,0,0,6,76,76,76,0.012516,0.008672,0.012589,1,1,1,1981.2
ecmp,3,91,11,16.841,28.095,1.0,1.0,1,1,0,0,80,80,79,0.029846,0.008336,0.012341,1,1,1,1981.2
ecmp,3,92,1,15.813,25.05,1.0,1.0,3,3,0,0,80,80,80,0.026436,0.008426,0.012578,1,1,1,1981.2
ecmp,3,93,11,15.813,25.05,1.0,1.0,3,3,0,0,84,84,83,0.026436,0.008426,0.012578,1,1,1,1981.2
ecmp,3,94,1,15.851,25.023,1.0,1.0,5,5,0,0,84,84,84,0.026409,0.008592,0.012553,1,1,1,1981.2
ecmp,3,95,11,15.739,24.669,1.0,1.0,6,6,0,0,88,88,87,0.026011,0.008615,0.01259,1,1,1,1981.2
ecmp,3,96,1,15.752,24.926,1.0,1.0,8,8,0,0,88,88,88,0.0263,0.008397,0.012559,1,1,1,1981.2
ecmp,3,97,7,16.151,25.084,1.0,1.0,9,9,0,0,91,90,90,0.026459,0.00928,0.012714,1,1,1,1981.2
ecmp,3,98,4,16.023,25.614,1.0,1.0,11,11,0,0,92,92,91,0.027062,0.008422,0.012585,1,1,1,1981.2
ecmp,3,99,1,15.756,24.925,1.0,1.0,12,12,0,0,92,92,92,0.026296,0.008386,0.012585,1,1,1,1981.2
ecmp,3,100,11,15.722,24.915,1.0,1.0,12,12,0,0,96,96,95,0.026296,0.008386,0.012485,1,1,1,1981.2
ecmp,3,101,1,15.724,24.524,1.0,1.0,14,14,0,0,96,96,96,0.025808,0.008395,0.012969,1,1,1,1981.2
ecmp,3,102,11,15.761,24.694,1.0,1.0,16,16,0,0,100,100,99,0.026017,0.008477,0.012789,1,1,1,1981.2
ecmp,3,103,1,15.674,24.652,1.0,1.0,17,17,0,0,100,100,100,0.025991,0.008427,0.012604,1,1,1,1981.2
ecmp,3,104,11,16.47,26.412,1.0,1.0,19,19,0,0,104,104,103,0.027914,0.008606,0.01289,1,1,1,1981.2
ecmp,3,105,1,15.866,24.781,1.0,1.0,20,20,0,0,104,104,104,0.026102,0.008606,0.01289,1,1,1,1981.2
ecmp,3,106,11,15.794,24.775,1.0,1.0,20,20,0,0,108,108,107,0.026102,0.008443,0.012836,1,1,1,1981.2
ecmp,3,107,1,16.299,25.692,1.0,1.0,22,22,0,0,108,108,108,0.027059,0.008447,0.013391,1,1,1,1981.2
ecmp,3,108,11,15.872,24.937,1.0,1.0,23,23,0,0,112,112,111,0.026316,0.008777,0.012523,1,1,1,1981.2
ecmp,3,109,1,15.855,25.148,1.0,1.0,25,25,0,0,112,112,112,0.02655,0.008481,0.012533,1,1,1,1981.2
ecmp,3,110,11,15.921,25.032,1.0,1.0,27,27,0,0,116,116,115,0.026366,0.008372,0.013026,1,1,1,1981.2
ecmp,3,111,1,15.952,24.977,1.0,1.0,28,28,0,0,116,116,116,0.026305,0.008525,0.013026,1,1,1,1981.2
ecmp,3,112,11,15.871,24.953,1.0,1.0,28,28,0,0,120,120,119,0.026305,0.008525,0.012782,1,1,1,1981.2
ecmp,3,113,1,15.929,25.083,1.0,1.0,30,30,0,0,120,120,120,0.02645,0.008555,0.012781,1,1,1,1981.2
ecmp,3,114,11,15.781,24.957,1.0,1.0,31,31,0,0,124,124,123,0.02633,0.008415,0.012598,1,1,1,1981.2
ecmp,3,115,1,15.969,24.792,1.0,1.0,33,33,0,0,124,124,124,0.026154,0.009214,0.012539,1,1,1,1981.2
ecmp,3,116,11,16.059,25.725,1.0,1.0,34,34,0,0,128,128,127,0.027192,0.008466,0.012518,1,1,1,1981.2
ecmp,3,117,1,15.795,25.052,1.0,1.0,36,36,0,0,128,128,128,0.026445,0.008421,0.012518,1,1,1,1981.2
ecmp,3,118,11,15.871,25.075,1.0,1.0,36,36,0,0,132,132,131,0.026445,0.008421,0.012748,1,1,1,1981.2
ecmp,3,119,1,15.673,24.673,1.0,1.0,38,38,0,0,132,132,132,0.026021,0.008458,0.012541,1,1,1,1981.2
ecmp,3,120,11,15.693,24.535,1.0,1.0,39,39,0,0,136,136,135,0.02584,0.00845,0.012788,1,0,1,1981.2
ecmp,3,121,0,11.291,12.804,1.0,1.0,40,40,0,0,136,136,135,0.012603,0.008445,0.012826,1,0,1,1981.2
ecmp,3,122,1,11.568,13.334,1.0,1.0,40,40,0,0,136,136,136,0.012568,0.008718,0.013419,1,0,1,1981.2
ecmp,3,123,1,11.196,12.579,1.0,1.0,40,40,0,0,137,136,136,0.01259,0.008522,0.012475,1,0,1,1981.2
ecmp,3,124,1,11.196,12.579,1.0,1.0,40,40,0,0,137,137,136,0.01259,0.008522,0.012475,1,0,1,1981.2
ecmp,3,125,1,11.204,12.587,1.0,1.0,40,40,0,0,137,137,137,0.012573,0.008451,0.012589,1,0,1,1981.2
ecmp,3,126,1,11.456,13.257,1.0,1.0,40,40,0,0,138,137,137,0.013333,0.008463,0.012571,1,0,1,1981.2
ecmp,3,127,1,11.624,12.73,1.0,1.0,40,40,0,0,138,138,137,0.012593,0.009533,0.012745,1,0,1,1981.2
ecmp,3,128,1,11.272,12.854,1.0,1.0,40,40,0,0,138,138,138,0.012899,0.008474,0.012444,1,0,1,1981.2
ecmp,3,129,1,11.193,12.57,1.0,1.0,40,40,0,0,139,138,138,0.01256,0.008449,0.012571,1,0,1,1981.2
ecmp,3,130,1,11.189,12.569,1.0,1.0,40,40,0,0,139,139,138,0.012547,0.008449,0.012571,1,0,1,1981.2
ecmp,3,131,1,11.18,12.546,1.0,1.0,40,40,0,0,139,139,139,0.012547,0.00845,0.012542,1,0,1,1981.2
ecmp,3,132,1,11.39,12.79,1.0,1.0,40,40,0,0,140,139,139,0.012801,0.008676,0.012694,1,0,1,1981.2
ecmp,3,133,1,11.274,12.646,1.0,1.0,40,40,0,0,140,140,139,0.012554,0.008612,0.012656,1,0,1,1981.2
ecmp,3,134,1,11.279,12.79,1.0,1.0,40,40,0,0,140,140,140,0.012587,0.008438,0.012813,1,0,1,1981.2
ecmp,3,135,1,11.383,12.94,1.0,1.0,40,40,0,0,141,140,140,0.012791,0.008401,0.012957,1,0,1,1981.2
ecmp,3,136,1,11.339,12.92,1.0,1.0,40,40,0,0,141,141,140,0.012582,0.008477,0.012957,1,0,1,1981.2
ecmp,3,137,1,11.638,13.729,1.0,1.0,40,40,0,0,141,141,141,0.012582,0.008477,0.013856,1,0,1,1981.2
ecmp,3,138,1,11.181,12.597,1.0,1.0,40,40,0,0,142,141,141,0.012605,0.008418,0.012521,1,0,1,1981.2
ecmp,3,139,1,11.208,12.605,1.0,1.0,40,40,0,0,142,142,141,0.012572,0.008442,0.012609,1,0,1,1981.2
ecmp,3,140,1,11.203,12.613,1.0,1.0,40,40,0,0,142,142,142,0.012551,0.008439,0.01262,1,0,1,1981.2
ecmp,3,141,1,11.568,13.307,1.0,1.0,40,40,0,0,143,142,142,0.012919,0.008436,0.01335,1,0,1,1981.2
ecmp,3,142,1,11.482,13.339,1.0,1.0,40,40,0,0,143,143,142,0.012544,0.008476,0.013427,1,0,1,1981.2
ecmp,3,143,1,11.482,13.339,1.0,1.0,40,40,0,0,143,143,143,0.012544,0.008476,0.013427,1,0,1,1981.2
ecmp,3,144,1,11.3,12.588,1.0,1.0,40,40,0,0,144,143,143,0.012546,0.008761,0.012593,1,0,1,1981.2
ecmp,3,145,1,11.187,12.559,1.0,1.0,40,40,0,0,144,144,143,0.012554,0.008446,0.01256,1,0,1,1981.2
ecmp,3,146,1,11.205,12.594,1.0,1.0,40,40,0,0,144,144,144,0.012552,0.008463,0.012599,1,0,1,1981.2
ecmp,3,147,1,11.264,12.562,1.0,1.0,40,40,0,0,145,144,144,0.012523,0.008703,0.012566,1,0,1,1981.2
ecmp,3,148,1,11.298,12.78,1.0,1.0,40,40,0,0,145,145,144,0.012612,0.008484,0.012799,1,0,1,1981.2
ecmp,3,149,1,11.295,12.779,1.0,1.0,40,40,0,0,145,145,145,0.012601,0.008484,0.012799,1,0,1,1981.2
ecmp,3,150,1,11.376,12.823,1.0,1.0,40,40,0,0,146,145,145,0.012601,0.008678,0.012848,1,1,1,1981.2
ecmp,3,151,11,15.8,21.038,1.0,1.0,40,40,1,0,149,149,149,0.012565,0.021943,0.012891,1,1,1,1981.2
ecmp,3,152,1,14.624,17.412,1.0,1.0,38,38,3,0,150,149,149,0.012651,0.017862,0.01336,1,1,1,1981.2
ecmp,3,153,11,14.384,17.072,1.0,1.0,38,38,4,0,153,153,153,0.012596,0.017521,0.013035,1,1,1,1981.2
ecmp,3,154,1,14.421,17.658,1.0,1.0,38,38,6,0,154,153,153,0.012556,0.018225,0.012482,1,1,1,1981.2
ecmp,3,155,11,14.417,17.657,1.0,1.0,38,38,6,0,157,157,157,0.012544,0.018225,0.012482,1,1,1,1981.2
ecmp,3,156,1,14.313,17.339,1.0,1.0,38,38,8,0,158,157,157,0.012544,0.017872,0.012523,1,1,1,1981.2
ecmp,3,157,1,14.381,17.41,1.0,1.0,32,32,9,0,158,158,157,0.012573,0.017941,0.012629,1,1,1,1981.2
ecmp,3,158,10,14.202,17.067,1.0,1.0,32,32,11,0,161,161,161,0.01256,0.017568,0.012477,1,1,1,1981.2
ecmp,3,159,1,14.396,17.343,1.0,1.0,32,32,12,0,162,161,161,0.01275,0.017853,0.012585,1,1,1,1981.2
ecmp,3,160,11,14.347,17.296,1.0,1.0,27,27,14,0,165,165,165,0.012628,0.017815,0.012597,1,1,1,1981.2
ecmp,3,161,1,14.315,17.293,1.0,1.0,27,27,14,0,166,165,165,0.012534,0.017815,0.012597,1,1,1,1981.2
ecmp,3,162,11,14.187,16.959,1.0,1.0,27,27,15,0,169,169,169,0.012534,0.017445,0.012583,1,1,1,1981.2
ecmp,3,163,1,14.409,17.371,1.0,1.0,27,27,17,0,170,169,169,0.012813,0.017877,0.012538,1,1,1,1981.2
ecmp,3,164,11,14.31,17.276,1.0,1.0,27,27,19,0,173,173,173,0.012539,0.017796,0.012595,1,1,1,1981.2
ecmp,3,165,1,14.495,17.821,1.0,1.0,22,22,20,0,174,173,173,0.012469,0.018399,0.012617,1,1,1,1981.2
ecmp,3,166,11,14.859,18.027,1.0,1.0,22,22,22,0,177,177,177,0.013425,0.018538,0.012614,1,1,1,1981.2
ecmp,3,167,1,14.375,17.436,1.0,1.0,23,22,23,0,178,177,177,0.01254,0.017972,0.012614,1,1,1,1981.2
ecmp,3,168,11,14.354,17.43,1.0,1.0,23,22,23,0,181,181,181,0.01254,0.017972,0.01255,1,1,1,1981.2
ecmp,3,169,1,14.516,17.612,1.0,1.0,25,16,25,0,182,181,181,0.012809,0.018146,0.012594,1,1,1,1981.2
ecmp,3,170,11,14.878,17.685,1.0,1.0,26,16,26,0,185,185,185,0.013748,0.018122,0.012765,1,1,1,1981.2
ecmp,3,171,1,14.507,17.664,1.0,1.0,28,16,28,0,186,185,185,0.012754,0.01821,0.012557,1,1,1,1981.2
ecmp,3,172,11,14.359,17.315,1.0,1.0,30,16,30,0,189,189,189,0.012538,0.017826,0.012712,1,1,1,1981.2
ecmp,3,173,1,14.439,17.352,1.0,1.0,31,11,31,0,190,189,189,0.012742,0.017864,0.012712,1,1,1,1981.2
ecmp,3,174,11,14.383,17.352,1.0,1.0,31,11,31,0,193,193,193,0.012742,0.017864,0.012543,1,1,1,1981.2
ecmp,3,175,1,14.427,17.562,1.0,1.0,33,11,33,0,194,193,193,0.012598,0.018114,0.012568,1,1,1,1981.2
ecmp,3,176,11,14.443,17.396,1.0,1.0,34,11,34,0,197,197,197,0.012546,0.017897,0.012887,1,1,1,1981.2
ecmp,3,177,1,14.522,17.743,1.0,1.0,36,5,36,0,198,197,197,0.012736,0.018299,0.012531,1,1,1,1981.2
ecmp,3,178,11,14.375,17.409,1.0,1.0,37,5,37,0,201,201,201,0.012594,0.017944,0.012586,1,1,1,1981.2
ecmp,3,179,1,14.347,17.362,1.0,1.0,39,5,39,0,202,201,201,0.012605,0.017891,0.012546,1,1,1,1981.2
drl,1,0,0,15.928,25.177,1.0,1.0,0,0,0,0,0,0,0,0.012573,0.008632,0.026578,1,1,1,1766.5
drl,1,1,83,15.675,24.563,0.3333,0.3333,83,0,43,83,0,0,83,0.012717,0.008428,0.025879,1,1,1,1766.5
drl,1,2,1,15.967,25.245,0.3414,0.3414,84,0,43,84,1,0,83,0.012818,0.008456,0.026626,1,1,1,1766.5
drl,1,3,1,15.804,24.886,0.3494,0.3494,85,0,43,85,2,0,83,0.012785,0.008397,0.026231,1,1,1,1766.5
drl,1,4,1,15.721,24.861,0.3574,0.3574,85,0,43,85,3,0,83,0.012534,0.008397,0.026231,1,1,1,1766.5
drl,1,5,1,15.686,24.591,0.3654,0.3654,86,0,43,86,4,0,83,0.012534,0.008593,0.025931,1,1,1,1766.5
drl,1,6,1,15.768,24.947,0.3733,0.3733,87,0,43,87,5,0,83,0.012563,0.008419,0.026323,1,1,1,1766.5
drl,1,7,1,15.779,24.762,0.3813,0.3813,88,0,43,88,6,0,83,0.012529,0.008688,0.026121,1,1,1,1766.5
drl,1,8,1,16.103,25.64,0.3892,0.3892,89,0,43,89,7,0,83,0.012857,0.008391,0.02706,1,1,1,1766.5
drl,1,9,1,16.02,25.274,0.397,0.397,90,0,43,90,8,0,83,0.013082,0.00835,0.026629,1,1,1,1766.5
drl,1,10,1,15.916,25.243,0.4048,0.4048,90,0,43,90,9,0,83,0.012769,0.00835,0.026629,1,1,1,1766.5
drl,1,11,1,15.59,24.306,0.4125,0.4125,91,0,43,91,10,0,83,0.012769,0.008413,0.025588,1,1,1,1766.5
drl,1,12,1,15.781,24.979,0.4202,0.4202,92,0,43,92,11,0,83,0.012548,0.008434,0.02636,1,1,1,1766.5
drl,1,13,1,15.745,24.667,0.4277,0.4277,93,0,43,93,12,0,83,0.012828,0.008424,0.025983,1,1,1,1766.5
drl,1,14,1,15.766,24.7,0.4353,0.4353,94,0,43,94,13,0,83,0.012827,0.008452,0.026019,1,1,1,1766.5
drl,1,15,1,15.805,25.0,0.4427,0.4427,95,0,43,95,14,0,83,0.012574,0.008461,0.026381,1,1,1,1766.5
drl,1,16,1,15.807,25.001,0.45,0.45,95,0,43,95,15,0,83,0.01258,0.008461,0.026381,1,1,1,1766.5
drl,1,17,1,15.865,25.209,0.4572,0.4572,96,0,43,96,16,0,83,0.01258,0.008402,0.026612,1,1,1,1766.5
drl,1,18,1,15.737,24.668,0.4644,0.4644,97,0,43,97,17,0,83,0.012807,0.008419,0.025986,1,1,1,1766.5
drl,1,19,1,15.716,24.675,0.4714,0.4714,98,0,43,98,18,0,83,0.012805,0.008349,0.025994,1,1,1,1766.5
drl,1,20,1,15.778,24.952,0.4783,0.4783,99,0,43,99,19,0,83,0.012567,0.008438,0.026328,1,1,1,1766.5
drl,1,21,1,16.072,24.837,0.4852,0.4852,100,0,43,100,20,0,83,0.013691,0.00845,0.026076,1,1,1,1766.5
drl,1,22,1,15.683,24.721,0.4919,0.4919,100,0,43,100,21,0,83,0.012523,0.00845,0.026076,1,1,1,1766.5
drl,1,23,1,15.694,24.737,0.4984,0.4984,101,0,43,101,22,0,83,0.012523,0.008464,0.026094,1,1,1,1766.5
drl,1,24,1,15.779,24.928,0.5049,0.5049,102,0,43,102,23,0,83,0.012621,0.008419,0.026296,1,1,1,1766.5
drl,1,25,1,15.72,24.772,0.5112,0.5112,103,0,43,103,24,0,83,0.01259,0.008443,0.026126,1,1,1,1766.5
drl,1,26,1,15.873,25.041,0.5174,0.5174,104,0,43,104,25,0,83,0.01264,0.00856,0.026419,1,1,1,1766.5
drl,1,27,1,15.799,24.752,0.5235,0.5235,105,0,43,105,26,0,83,0.012842,0.008481,0.026075,1,1,1,1766.5
drl,1,28,1,15.721,24.728,0.5294,0.5294,105,0,43,105,27,0,83,0.012607,0.008481,0.026075,1,1,1,1766.5
drl,1,29,0,15.685,24.557,0.5294,0.5294,106,0,39,106,27,0,83,0.012607,0.008562,0.025885,1,1,1,1766.5
drl,1,30,2,15.859,24.901,0.5409,0.5,107,0,39,107,29,0,83,0.012727,0.008596,0.026254,0,1,1,1766.5
drl,1,31,0,11.473,13.334,0.5409,0.5,107,0,39,107,29,0,83,0.013417,0.008414,0.012589,0,1,1,1766.5
drl,1,32,1,11.175,12.561,0.5465,0.5,107,0,34,107,30,0,83,0.012559,0.008406,0.012561,0,1,1,1766.5
drl,1,33,1,11.204,12.614,0.5518,0.5,107,0,34,107,31,0,83,0.012568,0.008425,0.012619,0,1,1,1766.5
drl,1,34,1,11.208,12.63,0.5571,0.5,107,0,34,107,32,0,83,0.012631,0.008375,0.012619,0,1,1,1766.5
drl,1,35,1,11.19,12.624,0.5622,0.5,107,0,34,107,33,0,83,0.012631,0.008375,0.012563,0,1,1,1766.5
drl,1,36,1,11.286,12.768,0.5672,0.5,107,0,34,107,34,0,83,0.012608,0.008464,0.012786,0,1,1,1766.5
drl,1,37,1,11.234,12.68,0.572,0.5,107,0,29,107,35,0,83,0.012689,0.008414,0.0126,0,1,1,1766.5
drl,1,38,1,11.255,12.696,0.5767,0.5,107,0,29,107,36,0,83,0.012629,0.008434,0.012703,0,1,1,1766.5
drl,1,39,1,11.195,12.563,0.5813,0.5,107,0,29,107,37,0,83,0.012564,0.008463,0.012558,0,1,1,1766.5
drl,1,40,1,11.153,12.55,0.5857,0.5,107,0,23,107,38,0,83,0.012466,0.008435,0.012559,0,1,1,1766.5
drl,1,41,1,11.153,12.55,0.5899,0.5,107,0,23,107,39,0,83,0.012466,0.008435,0.012559,0,1,1,1766.5
drl,1,42,1,11.371,12.936,0.5941,0.5,107,0,23,107,40,0,83,0.012957,0.008407,0.01275,0,1,1,1766.5
drl,1,43,1,11.198,12.578,0.5981,0.5,107,0,23,107,41,0,83,0.012582,0.008467,0.012546,0,1,1,1766.5
drl,1,44,1,11.168,12.551,0.6019,0.5,107,0,18,107,42,0,83,0.012521,0.00843,0.012554,0,1,1,1766.5
drl,1,45,1,11.193,12.587,0.6056,0.5,107,0,18,107,43,0,83,0.012583,0.00841,0.012587,0,1,1,1766.5
drl,1,46,1,11.28,12.766,0.6092,0.5,107,0,18,107,44,0,83,0.012549,0.0085,0.01279,0,1,1,1766.5
drl,1,47,1,11.282,12.767,0.6127,0.5,107,0,18,107,45,0,83,0.012556,0.0085,0.01279,0,1,1,1766.5
drl,1,48,1,11.289,12.617,0.616,0.5,107,0,18,107,46,0,83,0.012556,0.008687,0.012624,0,1,1,1766.5
drl,1,49,1,11.213,12.603,0.6192,0.5,107,0,12,107,47,0,83,0.012566,0.008466,0.012607,0,1,1,1766.5
drl,1,50,1,11.207,12.606,0.6222,0.5,107,0,12,107,48,0,83,0.012592,0.00842,0.012608,0,1,1,1766.5
drl,1,51,1,11.282,12.846,0.6252,0.5,107,0,12,107,49,0,83,0.012466,0.008493,0.012888,0,1,1,1766.5
drl,1,52,1,11.365,12.824,0.628,0.5,107,0,7,107,50,0,83,0.01282,0.00845,0.012825,0,1,1,1766.5
drl,1,53,1,11.292,12.803,0.6307,0.5,107,0,7,107,51,0,83,0.0126,0.00845,0.012825,0,1,1,1766.5
drl,1,54,1,11.214,12.599,0.6333,0.5,107,0,7,107,52,0,83,0.0126,0.00845,0.012592,0,1,1,1766.5
drl,1,55,1,11.188,12.569,0.6357,0.5,107,0,7,107,53,0,83,0.012541,0.008452,0.012572,0,1,1,1766.5
drl,1,56,1,11.207,12.586,0.6381,0.5,107,0,7,107,54,0,83,0.012588,0.008464,0.012568,0,1,1,1766.5
drl,1,57,1,11.189,12.599,0.6403,0.5,107,0,1,107,55,0,83,0.012605,0.008414,0.012548,0,1,1,1766.5
drl,1,58,1,11.504,13.343,0.6496,0.512,107,0,1,107,55,1,83,0.013425,0.008477,0.012609,0,1,1,1766.5
drl,1,59,1,11.523,13.305,0.6587,0.5241,107,0,1,107,55,2,83,0.013362,0.008416,0.01279,0,1,1,1766.5
drl,1,60,1,11.523,13.305,0.6678,0.5361,107,0,1,107,55,3,83,0.013362,0.008416,0.01279,0,1,1,1766.5
drl,1,61,1,11.564,13.291,0.6769,0.5481,105,0,0,105,55,4,83,0.013343,0.008523,0.012826,0,1,1,1766.5
drl,1,62,1,11.281,12.785,0.6858,0.56,105,0,0,105,55,5,83,0.01281,0.008474,0.012559,0,1,1,1766.5
drl,1,63,1,11.573,12.915,0.6947,0.5719,105,0,0,105,55,6,83,0.012708,0.009073,0.012938,0,1,1,1766.5
drl,1,64,1,11.254,12.755,0.7034,0.5837,105,0,0,105,55,7,83,0.012772,0.008388,0.012601,0,1,1,1766.5
drl,1,65,1,11.191,12.607,0.7121,0.5955,22,0,0,22,55,8,83,0.012607,0.008359,0.012606,0,1,1,1766.5
drl,1,66,1,11.161,12.597,0.7207,0.6072,22,0,0,22,55,9,83,0.012517,0.008359,0.012606,0,1,1,1766.5
drl,1,67,1,11.239,12.778,0.7291,0.6188,22,0,0,22,55,10,83,0.012517,0.008392,0.012807,0,1,1,1766.5
drl,1,68,1,11.38,13.048,0.7375,0.6302,22,0,0,22,55,11,83,0.013098,0.008441,0.012602,0,1,1,1766.5
drl,1,69,1,11.414,13.146,0.7457,0.6416,18,0,0,18,55,12,83,0.012625,0.008412,0.013204,0,1,1,1766.5
drl,1,70,1,11.352,12.823,0.7538,0.6529,18,0,0,18,55,13,83,0.012824,0.008413,0.012818,0,1,1,1766.5
drl,1,71,0,11.619,13.317,0.7538,0.6529,18,0,0,18,55,13,83,0.013369,0.008638,0.01285,0,1,1,1766.5
drl,1,72,1,11.32,12.829,0.7618,0.664,18,0,0,18,55,14,83,0.012638,0.008473,0.01285,0,1,1,1766.5
drl,1,73,1,11.392,13.023,0.7696,0.675,15,0,0,15,55,15,83,0.012638,0.008473,0.013066,0,1,1,1766.5
drl,1,74,1,11.196,12.588,0.7773,0.6859,15,0,0,15,55,16,83,0.012566,0.008433,0.01259,0,1,1,1766.5
drl,1,75,1,11.278,12.593,0.7849,0.6966,15,0,0,15,55,17,83,0.012593,0.008652,0.012589,0,1,1,1766.5
drl,1,76,1,11.16,12.599,0.7923,0.7071,15,0,0,15,55,18,83,0.012603,0.008315,0.012561,0,1,1,1766.5
drl,1,77,1,11.277,12.873,0.7996,0.7175,11,0,0,11,55,19,83,0.012913,0.008407,0.012512,0,1,1,1766.5
drl,1,78,1,11.191,12.568,0.8068,0.7277,11,0,0,11,55,20,83,0.012545,0.008457,0.012571,0,1,1,1766.5
drl,1,79,1,11.191,12.568,0.8138,0.7378,11,0,0,11,55,21,83,0.012545,0.008457,0.012571,0,1,1,1766.5
drl,1,80,1,11.392,12.878,0.8207,0.7477,11,0,0,11,55,22,83,0.012883,0.008459,0.012834,0,1,1,1766.5
drl,1,81,1,11.261,12.602,0.8274,0.7573,8,0,0,8,55,23,83,0.012579,0.0086,0.012605,0,1,1,1766.5
drl,1,82,1,11.535,12.816,0.8339,0.7668,8,0,0,8,55,24,83,0.012837,0.009139,0.012628,0,1,1,1766.5
drl,1,83,1,11.379,12.902,0.8403,0.7762,8,0,0,8,55,25,83,0.012798,0.008424,0.012914,0,1,1,1766.5
drl,1,84,1,11.357,12.942,0.8466,0.7853,8,0,0,8,55,26,83,0.012648,0.008447,0.012975,0,1,1,1766.5
drl,1,85,1,11.369,12.947,0.8527,0.7942,8,0,0,8,55,27,83,0.012696,0.008436,0.012975,0,1,1,1766.5
drl,1,86,1,11.233,12.683,0.8586,0.8029,5,0,0,5,55,28,83,0.012696,0.008436,0.012567,0,1,1,1766.5
drl,1,87,1,11.216,12.616,0.8644,0.8114,5,0,0,5,55,29,83,0.012585,0.008444,0.01262,0,1,1,1766.5
drl,1,88,1,11.247,12.765,0.87,0.8197,5,0,0,5,55,30,83,0.012791,0.008417,0.012532,0,1,1,1766.5
drl,1,89,1,11.273,12.798,0.8754,0.8278,1,0,0,1,55,31,83,0.012827,0.008458,0.012533,0,1,1,1766.5
drl,1,90,1,11.53,12.741,0.8807,0.8807,1,0,0,1,55,32,83,0.01257,0.009261,0.01276,1,1,1,1766.5
drl,1,91,1,17.066,28.277,0.8858,0.8858,1,1,0,1,55,33,83,0.030001,0.008438,0.01276,1,1,1,1766.5
drl,1,92,1,17.018,28.262,0.8908,0.8908,1,1,0,1,55,34,83,0.030001,0.008438,0.012614,1,1,1,1766.5
drl,1,93,1,16.123,25.389,0.8956,0.8956,2,2,0,1,55,35,83,0.02678,0.008722,0.012867,1,1,1,1766.5
drl,1,94,1,15.786,25.053,0.9003,0.9003,3,3,0,0,55,36,83,0.026446,0.008401,0.012512,1,1,1,1766.5
drl,1,95,1,15.748,24.899,0.8973,0.8973,4,4,0,0,55,36,84,0.026269,0.008406,0.01257,1,1,1,1766.5
drl,1,96,1,15.745,24.886,0.8943,0.8943,5,5,0,0,55,36,85,0.026254,0.008402,0.012579,1,1,1,1766.5
drl,1,97,1,15.716,24.805,0.8913,0.8913,6,6,0,0,55,36,86,0.026163,0.008406,0.012579,1,1,1,1766.5
drl,1,98,1,15.72,24.806,0.8883,0.8883,6,6,0,0,55,36,87,0.026163,0.008406,0.012591,1,1,1,1766.5
drl,1,99,1,15.814,24.816,0.8852,0.8852,7,7,0,0,55,36,88,0.026146,0.00845,0.012846,1,1,1,1766.5
drl,1,100,1,15.752,24.685,0.8822,0.8822,8,8,0,0,55,36,89,0.026003,0.008431,0.012823,1,1,1,1766.5
drl,1,101,1,15.824,25.12,0.8792,0.8792,9,9,0,0,55,36,90,0.026522,0.008448,0.012502,1,1,1,1766.5
drl,1,102,1,15.565,24.525,0.8762,0.8762,10,10,0,0,55,36,91,0.025859,0.008322,0.012515,1,1,1,1766.5
drl,1,103,1,15.772,24.995,0.8731,0.8731,11,11,0,0,55,36,92,0.026382,0.00842,0.012515,1,1,1,1766.5
drl,1,104,1,15.785,24.999,0.8701,0.8701,11,11,0,0,55,36,93,0.026382,0.00842,0.012552,1,1,1,1766.5
drl,1,105,1,15.855,25.16,0.8671,0.8671,12,12,0,0,55,36,94,0.026559,0.008437,0.012569,1,1,1,1766.5
drl,1,106,1,15.781,24.903,0.8641,0.8641,13,13,0,0,55,36,95,0.026256,0.008356,0.01273,1,1,1,1766.5
drl,1,107,1,15.941,25.363,0.8611,0.8611,14,14,0,0,55,36,96,0.026782,0.008453,0.012587,1,1,1,1766.5
drl,1,108,1,15.7,24.736,0.8581,0.8581,15,15,0,0,55,36,97,0.026089,0.008451,0.01256,1,1,1,1766.5
drl,1,109,1,15.698,24.762,0.8551,0.8551,16,16,0,0,55,36,98,0.026115,0.008396,0.012583,1,1,1,1766.5
drl,1,110,1,15.698,24.762,0.8521,0.8521,16,16,0,0,55,36,99,0.026115,0.008396,0.012583,1,1,1,1766.5
drl,1,111,1,16.103,24.788,0.8491,0.8491,17,17,0,0,55,36,100,0.026104,0.009255,0.012949,1,1,1,1766.5
drl,1,112,0,15.866,25.039,0.8491,0.8491,18,18,0,0,55,36,100,0.026405,0.008451,0.012743,1,1,1,1766.5
drl,1,113,1,15.853,25.016,0.8462,0.8462,19,19,0,0,55,36,101,0.026371,0.008362,0.012825,1,1,1,1766.5
drl,1,114,1,15.971,25.53,0.8432,0.8432,20,20,0,0,55,36,102,0.026974,0.008407,0.012531,1,1,1,1766.5
drl,1,115,1,15.887,24.879,0.8403,0.8403,21,21,0,0,55,36,103,0.026226,0.008682,0.012752,1,1,1,1766.5
drl,1,116,1,15.887,24.879,0.8374,0.8374,21,21,0,0,55,36,104,0.026226,0.008682,0.012752,1,1,1,1766.5
drl,1,117,1,15.709,24.799,0.8344,0.8344,22,22,0,0,55,36,105,0.026159,0.008412,0.012557,1,1,1,1766.5
drl,1,118,1,15.773,25.037,0.8315,0.8315,23,23,0,0,55,36,106,0.026423,0.008336,0.012559,1,1,1,1766.5
drl,1,119,1,15.619,24.487,0.8287,0.8287,24,24,0,0,55,36,107,0.025807,0.008445,0.012605,1,1,1,1766.5
drl,1,120,1,15.756,24.881,0.8258,0.9044,25,25,0,0,55,36,108,0.026249,0.008447,0.012572,1,0,1,1766.5
drl,1,121,1,11.348,12.807,0.8229,0.9022,25,25,0,0,55,36,109,0.012808,0.008438,0.012799,1,0,1,1766.5
drl,1,122,1,11.348,12.807,0.8201,0.9,25,25,0,0,55,36,110,0.012808,0.008438,0.012799,1,0,1,1766.5
drl,1,123,1,11.182,12.605,0.8173,0.8978,25,25,0,0,55,36,111,0.012614,0.00841,0.012523,1,0,1,1766.5
drl,1,124,1,11.31,12.844,0.8145,0.8957,25,25,0,0,55,36,112,0.0126,0.008458,0.012871,1,0,1,1766.5
drl,1,125,1,11.229,12.586,0.8117,0.8935,25,25,0,0,55,36,113,0.01257,0.008529,0.012588,1,0,1,1766.5
drl,1,126,1,11.284,12.81,0.8089,0.8914,25,25,0,0,55,36,114,0.012589,0.008429,0.012835,1,0,1,1766.5
drl,1,127,1,11.281,12.612,0.8062,0.8892,25,25,0,0,55,36,115,0.012608,0.008624,0.012612,1,0,1,1766.5
drl,1,128,1,11.316,12.702,0.8035,0.8871,25,25,0,0,55,36,116,0.012712,0.008624,0.012612,1,0,1,1766.5
drl,1,129,1,11.321,12.804,0.8007,0.885,25,25,0,0,55,36,117,0.012712,0.008438,0.012814,1,0,1,1766.5
drl,1,130,1,11.311,12.869,0.798,0.8829,25,25,0,0,55,36,118,0.012899,0.008433,0.0126,1,0,1,1766.5
drl,1,131,1,11.226,12.592,0.7954,0.8808,25,25,0,0,55,36,119,0.012557,0.008526,0.012596,1,0,1,1766.5
drl,1,132,1,11.156,12.545,0.7927,0.8788,25,25,0,0,55,36,120,0.012525,0.008395,0.012547,1,0,1,1766.5
drl,1,133,1,11.45,13.307,0.7901,0.8767,25,25,0,0,55,36,121,0.012497,0.008457,0.013397,1,0,1,1766.5
drl,1,134,1,11.461,13.315,0.7875,0.8747,25,25,0,0,55,36,122,0.012574,0.008412,0.013397,1,0,1,1766.5
drl,1,135,1,11.192,12.589,0.7849,0.8726,25,25,0,0,55,36,123,0.012574,0.008412,0.012591,1,0,1,1766.5
drl,1,136,1,11.358,13.044,0.7823,0.8706,25,25,0,0,55,36,124,0.013097,0.008414,0.012563,1,0,1,1766.5
drl,1,137,1,11.305,12.88,0.7797,0.8686,25,25,0,0,55,36,125,0.012704,0.008311,0.012899,1,0,1,1766.5
drl,1,138,1,11.294,12.824,0.7772,0.8666,25,25,0,0,55,36,126,0.012576,0.008453,0.012852,1,0,1,1766.5
drl,1,139,1,11.302,12.554,0.7746,0.8647,25,25,0,0,55,36,127,0.012558,0.00883,0.012518,1,0,1,1766.5
drl,1,140,1,11.536,13.348,0.7721,0.8627,25,25,0,0,55,36,128,0.012782,0.008415,0.013411,1,0,1,1766.5
drl,1,141,1,11.533,13.347,0.7696,0.8608,25,25,0,0,55,36,129,0.012773,0.008415,0.013411,1,0,1,1766.5
drl,1,142,1,11.324,12.778,0.7672,0.8588,25,25,0,0,55,36,130,0.012773,0.00842,0.012779,1,0,1,1766.5
drl,1,143,1,11.329,12.778,0.7647,0.8569,25,25,0,0,55,36,131,0.012796,0.008573,0.012619,1,0,1,1766.5
drl,1,144,1,11.326,12.951,0.7623,0.855,25,25,0,0,55,36,132,0.012994,0.00842,0.012564,1,0,1,1766.5
drl,1,145,1,11.31,12.811,0.7599,0.8531,25,25,0,0,55,36,133,0.012823,0.008405,0.012701,1,0,1,1766.5
drl,1,146,1,11.209,12.598,0.7575,0.8513,25,25,0,0,55,36,134,0.012592,0.008435,0.012599,1,0,1,1766.5
drl,1,147,1,11.273,12.596,0.7551,0.8494,25,25,0,0,55,36,135,0.01257,0.00865,0.012599,1,0,1,1766.5
drl,1,148,1,11.341,12.779,0.7528,0.8476,25,25,0,0,55,36,136,0.01257,0.00865,0.012802,1,0,1,1766.5
drl,1,149,1,11.178,12.556,0.7505,0.8457,25,25,0,0,55,36,137,0.012542,0.008436,0.012557,1,0,1,1766.5
drl,1,150,1,11.199,12.593,0.7481,0.7481,25,25,0,0,55,36,138,0.012598,0.008452,0.012547,1,1,1,1766.5
drl,1,151,1,15.527,20.579,0.7458,0.7458,25,25,1,0,55,36,139,0.012527,0.021467,0.012587,1,1,1,1766.5
drl,1,152,1,14.361,17.495,0.7436,0.7436,25,25,2,0,55,36,140,0.01255,0.018044,0.012488,1,1,1,1766.5
drl,1,153,0,14.351,17.472,0.7436,0.7436,25,25,3,0,55,36,140,0.012544,0.01802,0.012488,1,1,1,1766.5
drl,1,154,1,14.385,17.477,0.7413,0.7413,25,25,3,0,55,36,141,0.012544,0.01802,0.012591,1,1,1,1766.5
drl,1,155,1,14.423,17.293,0.7391,0.7391,22,22,4,0,55,36,142,0.012998,0.01777,0.012502,1,1,1,1766.5
drl,1,156,1,14.394,17.567,0.7369,0.7369,22,22,5,0,55,36,143,0.012576,0.018122,0.012483,1,1,1,1766.5
drl,1,157,1,14.402,17.489,0.7347,0.7347,22,22,6,0,55,36,144,0.012585,0.018033,0.012589,1,1,1,1766.5
drl,1,158,1,14.426,17.313,0.7325,0.7325,22,22,7,0,55,36,145,0.012802,0.017814,0.012662,1,1,1,1766.5
drl,1,159,1,14.379,17.476,0.7303,0.7303,19,19,8,0,55,36,146,0.012576,0.01802,0.01254,1,1,1,1766.5
drl,1,160,1,14.379,17.476,0.7282,0.7282,19,19,8,0,55,36,147,0.012576,0.01802,0.01254,1,1,1,1766.5
drl,1,161,1,14.366,17.394,0.726,0.726,19,19,9,0,55,36,148,0.012596,0.017927,0.012574,1,1,1,1766.5
drl,1,162,1,14.41,17.2,0.7239,0.7239,19,19,10,0,55,36,149,0.012938,0.017674,0.012618,1,1,1,1766.5
drl,1,163,1,14.372,17.297,0.7218,0.7218,15,15,11,0,55,36,150,0.01277,0.0178,0.012547,1,1,1,1766.5
drl,1,164,1,14.377,17.354,0.7198,0.7198,15,15,12,0,55,36,151,0.012712,0.01787,0.01255,1,1,1,1766.5
drl,1,165,1,14.408,17.401,0.7177,0.7177,15,15,13,0,55,36,152,0.012695,0.017924,0.012605,1,1,1,1766.5
drl,1,166,1,14.383,17.393,0.7157,0.7157,15,15,13,0,55,36,153,0.012619,0.017924,0.012605,1,1,1,1766.5
drl,1,167,1,14.295,17.253,0.7136,0.7136,15,15,14,0,55,36,154,0.012619,0.017768,0.012497,1,1,1,1766.5
drl,1,168,1,14.363,17.405,0.7116,0.7116,15,12,15,0,55,36,155,0.012478,0.01793,0.01268,1,1,1,1766.5
drl,1,169,1,14.403,17.537,0.7096,0.7096,16,12,16,0,55,36,156,0.012586,0.018087,0.012535,1,1,1,1766.5
drl,1,170,1,14.554,17.301,0.7077,0.7077,17,12,17,0,55,36,157,0.012561,0.017739,0.013361,1,1,1,1766.5
drl,1,171,1,14.834,17.675,0.7057,0.7057,18,8,18,0,55,36,158,0.012716,0.018121,0.013666,1,1,1,1766.5
drl,1,172,1,14.785,17.675,0.7038,0.7038,18,8,18,0,55,36,159,0.012568,0.018121,0.013666,1,1,1,1766.5
drl,1,173,1,14.421,17.533,0.7019,0.7019,19,8,19,0,55,36,160,0.012568,0.01808,0.012615,1,1,1,1766.5
drl,1,174,1,14.363,17.384,0.7,0.7,20,8,20,0,55,36,161,0.012568,0.017915,0.012607,1,1,1,1766.5
drl,1,175,1,14.795,17.748,0.6981,0.6981,21,5,21,0,55,36,162,0.012678,0.018222,0.013484,1,1,1,1766.5
drl,1,176,1,14.327,17.333,0.6962,0.6962,22,5,22,0,55,36,163,0.012572,0.017862,0.012548,1,1,1,1766.5
drl,1,177,1,14.299,17.325,0.6943,0.6943,23,5,23,0,55,36,164,0.01252,0.017859,0.012517,1,1,1,1766.5
drl,1,178,1,14.341,17.228,0.6925,0.6925,24,5,24,0,55,36,165,0.012784,0.017722,0.012517,1,1,1,1766.5
drl,1,179,1,14.421,17.228,0.6907,0.6907,24,5,24,0,55,36,166,0.012784,0.017722,0.012758,1,1,1,1766.5
drl,2,0,0,15.797,24.853,1.0,1.0,0,0,0,0,0,0,0,0.012833,0.008369,0.026189,1,1,1,2142.7
drl,2,1,84,15.246,23.653,0.3333,0.3333,46,0,27,46,0,0,84,0.012503,0.008344,0.024892,1,1,1,2142.7
drl,2,2,1,15.581,24.483,0.3413,0.3413,84,0,27,84,1,0,84,0.012522,0.008409,0.025812,1,1,1,2142.7
drl,2,3,1,16.023,25.575,0.3492,0.3492,85,0,27,85,2,0,84,0.012592,0.008458,0.027018,1,1,1,2142.7
drl,2,4,1,16.146,25.229,0.3571,0.3571,86,0,27,86,3,0,84,0.013449,0.008452,0.026538,1,1,1,2142.7
drl,2,5,1,15.973,25.191,0.365,0.365,87,0,27,87,4,0,84,0.012946,0.008421,0.026551,1,1,1,2142.7
drl,2,6,1,15.973,25.191,0.3729,0.3729,87,0,27,87,5,0,84,0.012946,0.008421,0.026551,1,1,1,2142.7
drl,2,7,1,15.683,24.588,0.3807,0.3807,88,0,27,88,6,0,84,0.012571,0.008556,0.025923,1,1,1,2142.7
drl,2,8,1,15.544,24.334,0.3885,0.3885,89,0,27,89,7,0,84,0.012586,0.008407,0.025639,1,1,1,2142.7
drl,2,9,1,15.841,25.092,0.3963,0.3963,90,0,27,90,8,0,84,0.012602,0.008442,0.02648,1,1,1,2142.7
drl,2,10,1,15.902,25.285,0.404,0.404,91,0,27,91,9,0,84,0.012631,0.008385,0.026691,1,1,1,2142.7
drl,2,11,1,15.677,24.493,0.4116,0.4116,92,0,27,92,10,0,84,0.012579,0.008634,0.025817,1,1,1,2142.7
drl,2,12,1,15.677,24.493,0.4192,0.4192,92,0,27,92,11,0,84,0.012579,0.008634,0.025817,1,1,1,2142.7
drl,2,13,1,15.668,24.693,0.4267,0.4267,93,0,27,93,12,0,84,0.012432,0.008516,0.026055,1,1,1,2142.7
drl,2,14,1,15.881,24.579,0.4341,0.4341,94,0,27,94,13,0,84,0.013401,0.00842,0.025821,1,1,1,2142.7
drl,2,15,1,15.717,24.537,0.4414,0.4414,95,0,27,95,14,0,84,0.012876,0.008442,0.025833,1,1,1,2142.7
drl,2,16,1,15.889,24.711,0.4487,0.4487,96,0,27,96,15,0,84,0.013309,0.00838,0.025978,1,1,1,2142.7
drl,2,17,1,15.786,24.81,0.4559,0.4559,97,0,27,97,16,0,84,0.012834,0.008382,0.026141,1,1,1,2142.7
drl,2,18,1,15.786,24.81,0.4629,0.4629,97,0,27,97,17,0,84,0.012834,0.008382,0.026141,1,1,1,2142.7
drl,2,19,1,15.82,25.036,0.4699,0.4699,98,0,27,98,18,0,84,0.012555,0.008482,0.026423,1,1,1,2142.7
drl,2,20,1,16.064,25.341,0.4768,0.4768,99,0,27,99,19,0,84,0.013034,0.008449,0.026709,1,1,1,2142.7
drl,2,21,1,15.661,24.701,0.4835,0.4835,100,0,27,100,20,0,84,0.012523,0.008405,0.026054,1,1,1,2142.7
drl,2,22,1,15.902,25.164,0.4902,0.4902,101,0,27,101,21,0,84,0.012815,0.008356,0.026536,1,1,1,2142.7
drl,2,23,1,15.745,24.918,0.4967,0.4967,102,0,27,102,22,0,84,0.012534,0.008407,0.026294,1,1,1,2142.7
drl,2,24,1,15.745,24.918,0.5031,0.5031,102,0,27,102,23,0,84,0.012534,0.008407,0.026294,1,1,1,2142.7
drl,2,25,1,15.72,24.699,0.5094,0.5094,103,0,27,103,24,0,84,0.0125,0.008606,0.026055,1,1,1,2142.7
drl,2,26,1,16.237,25.557,0.5156,0.5156,104,0,27,104,25,0,84,0.013374,0.008425,0.026911,1,1,1,2142.7
drl,2,27,1,15.758,25.069,0.5216,0.5216,105,0,26,105,26,0,84,0.012413,0.008386,0.026475,1,1,1,2142.7
drl,2,28,1,15.779,24.695,0.5276,0.5276,106,0,26,106,27,0,84,0.012586,0.00871,0.026041,1,1,1,2142.7
drl,2,29,1,15.82,24.743,0.5333,0.5333,107,0,26,107,28,0,84,0.012559,0.008804,0.026097,1,1,1,2142.7
drl,2,30,1,15.8,24.737,0.539,0.5,107,0,26,107,29,0,84,0.0125,0.008804,0.026097,0,1,1,2142.7
drl,2,31,0,11.212,12.514,0.539,0.5,107,0,26,107,29,0,84,0.0125,0.00862,0.012516,0,1,1,2142.7
drl,2,32,1,11.269,12.792,0.5445,0.5,107,0,23,107,30,0,84,0.012819,0.00844,0.012547,0,1,1,2142.7
drl,2,33,1,11.481,13.437,0.5499,0.5,107,0,23,107,31,0,84,0.012534,0.008371,0.013537,0,1,1,2142.7
drl,2,34,1,11.311,12.829,0.5551,0.5,107,0,23,107,32,0,84,0.012852,0.008455,0.012625,0,1,1,2142.7
drl,2,35,1,11.318,12.763,0.5602,0.5,107,0,19,107,33,0,84,0.012708,0.008476,0.012769,0,1,1,2142.7
drl,2,36,1,11.318,12.763,0.5652,0.5,107,0,19,107,34,0,84,0.012708,0.008476,0.012769,0,1,1,2142.7
drl,2,37,1,11.35,13.028,0.57,0.5,107,0,19,107,35,0,84,0.01308,0.008413,0.012558,0,1,1,2142.7
drl,2,38,1,11.117,12.494,0.5747,0.5,107,0,19,107,36,0,84,0.012406,0.008442,0.012504,0,1,1,2142.7
drl,2,39,1,11.244,12.778,0.5793,0.5,107,0,16,107,37,0,84,0.0128,0.008352,0.012579,0,1,1,2142.7
drl,2,40,1,11.35,12.868,0.5837,0.5,107,0,16,107,38,0,84,0.012882,0.008423,0.012746,0,1,1,2142.7
drl,2,41,1,11.161,12.542,0.588,0.5,107,0,16,107,39,0,84,0.012544,0.008418,0.012521,0,1,1,2142.7
drl,2,42,1,11.163,12.543,0.5921,0.5,107,0,16,107,40,0,84,0.012545,0.008423,0.012521,0,1,1,2142.7
drl,2,43,1,11.243,12.739,0.5961,0.5,107,0,16,107,41,0,84,0.012545,0.008423,0.01276,0,1,1,2142.7
drl,2,44,1,11.31,12.618,0.6,0.5,107,0,12,107,42,0,84,0.012624,0.008743,0.012564,0,1,1,2142.7
drl,2,45,1,11.192,12.566,0.6037,0.5,107,0,12,107,43,0,84,0.012545,0.008463,0.012568,0,1,1,2142.7
drl,2,46,1,11.473,13.339,0.6074,0.5,107,0,12,107,44,0,84,0.013425,0.008428,0.012566,0,1,1,2142.7
drl,2,47,1,11.259,12.732,0.6108,0.5,107,0,9,107,45,0,84,0.012567,0.008459,0.01275,0,1,1,2142.7
drl,2,48,1,11.175,12.571,0.6142,0.5,107,0,9,107,46,0,84,0.012574,0.008404,0.012548,0,1,1,2142.7
drl,2,49,1,11.175,12.571,0.6174,0.5,107,0,9,107,47,0,84,0.012574,0.008404,0.012548,0,1,1,2142.7
drl,2,50,1,11.175,12.574,0.6205,0.5,107,0,9,107,48,0,84,0.012574,0.008377,0.012574,0,1,1,2142.7
drl,2,51,1,11.359,12.94,0.6235,0.5,107,0,9,107,49,0,84,0.012967,0.008416,0.012693,0,1,1,2142.7
drl,2,52,1,11.276,12.822,0.6263,0.5,107,0,5,107,50,0,84,0.012852,0.008429,0.012548,0,1,1,2142.7
drl,2,53,1,11.332,12.904,0.6291,0.5,107,0,5,107,51,0,84,0.012933,0.008417,0.012645,0,1,1,2142.7
drl,2,54,1,11.255,12.755,0.6317,0.5,107,0,5,107,52,0,84,0.012779,0.008445,0.01254,0,1,1,2142.7
drl,2,55,1,11.411,13.027,0.6342,0.5,107,0,2,107,53,0,84,0.013081,0.008611,0.01254,0,1,1,2142.7
drl,2,56,1,11.425,13.031,0.6434,0.5119,107,0,2,107,53,1,84,0.013081,0.008611,0.012584,0,1,1,2142.7
drl,2,57,1,11.397,13.157,0.6526,0.5238,107,0,2,107,53,2,84,0.013226,0.00843,0.012536,0,1,1,2142.7
drl,2,58,1,11.26,12.774,0.6617,0.5357,107,0,2,107,53,3,84,0.0128,0.008442,0.012539,0,1,1,2142.7
drl,2,59,1,11.624,13.312,0.6707,0.5475,107,0,2,107,53,4,84,0.013193,0.008353,0.013325,0,1,1,2142.7
drl,2,60,1,11.198,12.677,0.6796,0.5593,106,0,0,106,53,5,84,0.012701,0.00843,0.012464,0,1,1,2142.7
drl,2,61,1,11.256,12.578,0.6884,0.5711,106,0,0,106,53,6,84,0.012486,0.008695,0.012588,0,1,1,2142.7
drl,2,62,1,11.26,12.579,0.6972,0.5828,106,0,0,106,53,7,84,0.012498,0.008695,0.012588,0,1,1,2142.7
drl,2,63,1,11.247,12.673,0.7058,0.5944,106,0,0,106,53,8,84,0.012498,0.008552,0.012692,0,1,1,2142.7
drl,2,64,1,11.248,12.747,0.7144,0.6059,22,0,0,22,53,9,84,0.012609,0.008372,0.012762,0,1,1,2142.7
drl,2,65,1,11.162,12.573,0.7228,0.6174,22,0,0,22,53,10,84,0.012551,0.008359,0.012575,0,1,1,2142.7
drl,2,66,1,11.485,12.602,0.7312,0.6287,22,0,0,22,53,11,84,0.012611,0.009318,0.012525,0,1,1,2142.7
drl,2,67,1,11.388,12.828,0.7394,0.64,22,0,0,22,53,12,84,0.012562,0.008744,0.012858,0,1,1,2142.7
drl,2,68,1,11.166,12.589,0.7475,0.6511,19,0,0,19,53,13,84,0.012607,0.008463,0.012427,0,1,1,2142.7
drl,2,69,1,11.166,12.589,0.7554,0.6622,19,0,0,19,53,14,84,0.012607,0.008463,0.012427,0,1,1,2142.7
drl,2,70,1,11.179,12.578,0.7633,0.6731,19,0,0,19,53,15,84,0.01258,0.008396,0.012561,0,1,1,2142.7
drl,2,71,1,11.16,12.55,0.771,0.6838,19,0,0,19,53,16,84,0.012555,0.008421,0.012504,0,1,1,2142.7
drl,2,72,0,11.172,12.587,0.771,0.6838,15,0,0,15,53,16,84,0.012593,0.008394,0.012528,0,1,1,2142.7
drl,2,73,1,11.147,12.534,0.7785,0.6944,15,0,0,15,53,17,84,0.012538,0.008404,0.012499,0,1,1,2142.7
drl,2,74,1,11.167,12.579,0.786,0.7049,15,0,0,15,53,18,84,0.012483,0.008427,0.01259,0,1,1,2142.7
drl,2,75,1,11.509,12.587,0.7933,0.7152,15,0,0,15,53,19,84,0.012563,0.009375,0.01259,0,1,1,2142.7
drl,2,76,1,11.507,12.582,0.8004,0.7253,15,0,0,15,53,20,84,0.012563,0.009375,0.012584,0,1,1,2142.7
drl,2,77,1,11.217,12.615,0.8074,0.7353,12,0,0,12,53,21,84,0.012618,0.008449,0.012584,0,1,1,2142.7
drl,2,78,1,11.242,12.639,0.8143,0.7451,12,0,0,12,53,22,84,0.012655,0.008578,0.012494,0,1,1,2142.7
drl,2,79,1,11.356,12.84,0.821,0.7547,12,0,0,12,53,23,84,0.012844,0.008422,0.012802,0,1,1,2142.7
drl,2,80,1,11.179,12.575,0.8275,0.7642,9,0,0,9,53,24,84,0.012552,0.008407,0.012578,0,1,1,2142.7
drl,2,81,1,11.239,12.73,0.8339,0.7734,9,0,0,9,53,25,84,0.01258,0.00839,0.012747,0,1,1,2142.7
drl,2,82,1,11.252,12.734,0.8402,0.7825,9,0,0,9,53,26,84,0.012619,0.00839,0.012747,0,1,1,2142.7
drl,2,83,1,11.223,12.614,0.8463,0.7913,9,0,0,9,53,27,84,0.012619,0.008478,0.012573,0,1,1,2142.7
drl,2,84,1,11.163,12.569,0.8522,0.8,9,0,0,9,53,28,84,0.012511,0.008404,0.012575,0,1,1,2142.7
drl,2,85,1,11.284,12.833,0.858,0.8085,5,0,0,5,53,29,84,0.012613,0.008382,0.012858,0,1,1,2142.7
drl,2,86,1,11.488,12.777,0.8636,0.8167,5,0,0,5,53,30,84,0.012807,0.009151,0.012507,0,1,1,2142.7
drl,2,87,1,11.189,12.58,0.869,0.8248,5,0,0,5,53,31,84,0.012546,0.008436,0.012584,0,1,1,2142.7
drl,2,88,1,11.174,12.581,0.8743,0.8327,2,0,0,2,53,32,84,0.012545,0.008391,0.012585,0,1,1,2142.7
drl,2,89,1,11.174,12.581,0.8794,0.8403,2,0,0,2,53,33,84,0.012545,0.008391,0.012585,0,1,1,2142.7
drl,2,90,1,11.323,12.684,0.8844,0.8844,2,0,0,2,53,34,84,0.012694,0.008681,0.012595,1,1,1,2142.7
drl,2,91,1,17.31,29.072,0.8892,0.8892,2,1,0,2,53,35,84,0.030913,0.008514,0.012502,1,1,1,2142.7
drl,2,92,1,15.895,25.218,0.8939,0.8939,2,2,0,0,53,36,84,0.026628,0.008528,0.01253,1,1,1,2142.7
drl,2,93,1,15.764,24.746,0.8907,0.8907,3,3,0,0,53,36,85,0.026079,0.008466,0.012746,1,1,1,2142.7
drl,2,94,1,15.693,24.75,0.8876,0.8876,4,4,0,0,53,36,86,0.02611,0.008458,0.01251,1,1,1,2142.7
drl,2,95,1,15.693,24.75,0.8845,0.8845,4,4,0,0,53,36,87,0.02611,0.008458,0.01251,1,1,1,2142.7
drl,2,96,1,15.808,24.767,0.8813,0.8813,5,5,0,0,53,36,88,0.026106,0.008603,0.012715,1,1,1,2142.7
drl,2,97,1,15.817,25.074,0.8782,0.8782,6,6,0,0,53,36,89,0.026466,0.008439,0.012546,1,1,1,2142.7
drl,2,98,1,16.045,25.699,0.8751,0.8751,7,7,0,0,53,36,90,0.027161,0.008429,0.012544,1,1,1,2142.7
drl,2,99,1,15.792,24.953,0.872,0.872,8,8,0,0,53,36,91,0.026334,0.008523,0.012519,1,1,1,2142.7
drl,2,100,1,16.134,25.292,0.8688,0.8688,9,9,0,0,53,36,92,0.026617,0.008421,0.013365,1,1,1,2142.7
drl,2,101,1,15.78,24.336,0.8657,0.8657,10,10,0,0,53,36,93,0.025555,0.008421,0.013365,1,1,1,2142.7
drl,2,102,1,15.511,24.253,0.8626,0.8626,10,10,0,0,53,36,94,0.025555,0.008439,0.012538,1,1,1,2142.7
drl,2,103,1,15.822,25.136,0.8595,0.8595,11,11,0,0,53,36,95,0.026541,0.008429,0.012496,1,1,1,2142.7
drl,2,104,1,15.734,24.89,0.8564,0.8564,12,12,0,0,53,36,96,0.026261,0.008387,0.012553,1,1,1,2142.7
drl,2,105,1,16.016,24.81,0.8533,0.8533,13,13,0,0,53,36,97,0.02616,0.009223,0.012664,1,1,1,2142.7
drl,2,106,1,15.488,24.283,0.8503,0.8503,14,14,0,0,53,36,98,0.025584,0.008306,0.012575,1,1,1,2142.7
drl,2,107,1,16.114,25.266,0.8472,0.8472,15,15,0,0,53,36,99,0.026676,0.009091,0.012575,1,1,1,2142.7
drl,2,108,1,16.165,25.281,0.8442,0.8442,15,15,0,0,53,36,100,0.026676,0.009091,0.012729,1,1,1,2142.7
drl,2,109,1,15.721,24.786,0.8411,0.8411,16,16,0,0,53,36,101,0.026139,0.008414,0.012611,1,1,1,2142.7
drl,2,110,1,15.897,25.056,0.8381,0.8381,17,17,0,0,53,36,102,0.026448,0.008713,0.012529,1,1,1,2142.7
drl,2,111,1,15.949,25.368,0.8351,0.8351,18,18,0,0,53,36,103,0.026792,0.008502,0.012553,1,1,1,2142.7
drl,2,112,1,15.678,24.67,0.8321,0.8321,19,19,0,0,53,36,104,0.026015,0.008452,0.012568,1,1,1,2142.7
drl,2,113,1,15.799,25.002,0.8292,0.8292,20,20,0,0,53,36,105,0.026383,0.008445,0.012568,1,1,1,2142.7
drl,2,114,1,15.818,25.007,0.8262,0.8262,20,20,0,0,53,36,106,0.026383,0.008445,0.012627,1,1,1,2142.7
drl,2,115,0,15.675,24.703,0.8262,0.8262,21,21,0,0,53,36,106,0.026054,0.008421,0.012549,1,1,1,2142.7
drl,2,116,1,16.015,25.046,0.8233,0.8233,22,22,0,0,53,36,107,0.02635,0.008388,0.013306,1,1,1,2142.7
drl,2,117,1,15.765,24.87,0.8204,0.8204,23,23,0,0,53,36,108,0.026237,0.008489,0.012568,1,1,1,2142.7
drl,2,118,1,15.704,24.745,0.8175,0.8175,24,24,0,0,53,36,109,0.0261,0.00846,0.012552,1,1,1,2142.7
drl,2,119,1,15.911,25.073,0.8146,0.8146,25,25,0,0,53,36,110,0.026466,0.008725,0.012541,1,1,1,2142.7
drl,2,120,1,15.647,24.362,0.8117,0.8888,26,26,0,0,53,36,111,0.025675,0.008725,0.012541,1,0,1,2142.7
drl,2,121,1,15.539,24.357,0.8089,0.8866,26,26,0,0,53,36,112,0.025675,0.008445,0.012498,1,0,1,2142.7
drl,2,122,1,11.364,13.198,0.8061,0.8845,26,26,0,0,53,36,113,0.012494,0.008322,0.013276,1,0,1,2142.7
drl,2,123,1,11.335,12.805,0.8032,0.8823,26,26,0,0,53,36,114,0.01281,0.008437,0.012759,1,0,1,2142.7
drl,2,124,1,11.265,12.837,0.8005,0.8801,26,26,0,0,53,36,115,0.012881,0.008474,0.012441,1,0,1,2142.7
drl,2,125,1,11.598,13.444,0.7977,0.878,26,26,0,0,53,36,116,0.012852,0.008433,0.01351,1,0,1,2142.7
drl,2,126,1,11.607,13.448,0.7949,0.8759,26,26,0,0,53,36,117,0.01289,0.008422,0.01351,1,0,1,2142.7
drl,2,127,1,11.279,12.853,0.7922,0.8738,26,26,0,0,53,36,118,0.01289,0.008422,0.012524,1,0,1,2142.7
drl,2,128,1,11.146,12.499,0.7895,0.8717,26,26,0,0,53,36,119,0.012494,0.008445,0.0125,1,0,1,2142.7
drl,2,129,1,11.201,12.706,0.7868,0.8696,26,26,0,0,53,36,120,0.01249,0.008384,0.01273,1,0,1,2142.7
drl,2,130,1,11.258,12.723,0.7842,0.8675,26,26,0,0,53,36,121,0.012738,0.008447,0.012588,1,0,1,2142.7
drl,2,131,1,11.292,12.808,0.7815,0.8655,26,26,0,0,53,36,122,0.012599,0.008445,0.012831,1,0,1,2142.7
drl,2,132,1,11.225,12.754,0.7789,0.8634,26,26,0,0,53,36,123,0.012777,0.008347,0.01255,1,0,1,2142.7
drl,2,133,1,11.372,13.151,0.7763,0.8614,26,26,0,0,53,36,124,0.013218,0.008347,0.01255,1,0,1,2142.7
drl,2,134,1,11.438,13.16,0.7737,0.8594,26,26,0,0,53,36,125,0.013218,0.008459,0.012636,1,0,1,2142.7
drl,2,135,1,11.148,12.528,0.7711,0.8574,26,26,0,0,53,36,126,0.012485,0.008427,0.012533,1,0,1,2142.7
drl,2,136,1,11.288,12.767,0.7686,0.8554,26,26,0,0,53,36,127,0.012778,0.00842,0.012667,1,0,1,2142.7
drl,2,137,1,11.266,12.851,0.7661,0.8535,26,26,0,0,53,36,128,0.012884,0.008362,0.012552,1,0,1,2142.7
drl,2,138,1,11.214,12.55,0.7636,0.8515,26,26,0,0,53,36,129,0.012492,0.008595,0.012556,1,0,1,2142.7
drl,2,139,1,11.244,12.689,0.7611,0.8496,26,26,0,0,53,36,130,0.012708,0.008509,0.012514,1,0,1,2142.7
drl,2,140,1,11.244,12.689,0.7586,0.8477,26,26,0,0,53,36,131,0.012708,0.008509,0.012514,1,0,1,2142.7
drl,2,141,1,11.179,12.551,0.7562,0.8458,26,26,0,0,53,36,132,0.01254,0.008446,0.012552,1,0,1,2142.7
drl,2,142,1,11.271,12.588,0.7538,0.8439,26,26,0,0,53,36,133,0.012539,0.008681,0.012594,1,0,1,2142.7
drl,2,143,1,11.201,12.684,0.7514,0.842,26,26,0,0,53,36,134,0.012705,0.008407,0.012492,1,0,1,2142.7
drl,2,144,1,11.269,12.816,0.749,0.8402,26,26,0,0,53,36,135,0.012848,0.008426,0.012532,1,0,1,2142.7
drl,2,145,1,11.155,12.551,0.7466,0.8383,26,26,0,0,53,36,136,0.012558,0.008417,0.012489,1,0,1,2142.7
drl,2,146,1,11.166,12.614,0.7443,0.8365,26,26,0,0,53,36,137,0.012628,0.008381,0.012489,1,0,1,2142.7
drl,2,147,1,11.316,12.909,0.742,0.8347,26,26,0,0,53,36,138,0.012628,0.008381,0.01294,1,0,1,2142.7
drl,2,148,1,11.536,13.342,0.7397,0.8329,26,26,0,0,53,36,139,0.012797,0.00841,0.013402,1,0,1,2142.7
drl,2,149,1,11.165,12.55,0.7374,0.8311,26,26,0,0,53,36,140,0.012552,0.00841,0.012533,1,0,1,2142.7
drl,2,150,1,11.165,12.535,0.7352,0.7352,26,26,0,0,53,36,141,0.01254,0.008465,0.01249,1,1,1,2142.7
drl,2,151,1,15.9,21.54,0.7329,0.7329,26,26,1,0,53,36,142,0.012588,0.022535,0.012578,1,1,1,2142.7
drl,2,152,1,14.405,17.329,0.7307,0.7307,26,26,2,0,53,36,143,0.012839,0.017828,0.012549,1,1,1,2142.7
drl,2,153,1,14.405,17.329,0.7285,0.7285,26,26,2,0,53,36,144,0.012839,0.017828,0.012549,1,1,1,2142.7
drl,2,154,1,14.553,17.445,0.7263,0.7263,23,23,3,0,53,36,145,0.012482,0.017909,0.013269,1,1,1,2142.7
drl,2,155,0,14.582,17.544,0.7263,0.7263,23,23,4,0,53,36,145,0.013166,0.018031,0.01255,1,1,1,2142.7
drl,2,156,1,14.726,17.416,0.7241,0.7241,23,23,5,0,53,36,146,0.012823,0.01785,0.013505,1,1,1,2142.7
drl,2,157,1,14.344,17.348,0.722,0.722,23,23,6,0,53,36,147,0.012564,0.017876,0.012593,1,1,1,2142.7
drl,2,158,1,14.331,17.145,0.7199,0.7199,20,20,7,0,53,36,148,0.012815,0.017626,0.012552,1,1,1,2142.7
drl,2,159,1,14.293,17.133,0.7178,0.7178,20,20,7,0,53,36,149,0.012701,0.017626,0.012552,1,1,1,2142.7
drl,2,160,1,14.339,17.056,0.7157,0.7157,20,20,8,0,53,36,150,0.012701,0.01753,0.012786,1,1,1,2142.7
drl,2,161,1,14.477,17.257,0.7136,0.7136,20,20,9,0,53,36,151,0.012901,0.017741,0.012789,1,1,1,2142.7
drl,2,162,1,14.354,17.265,0.7115,0.7115,16,16,10,0,53,36,152,0.012792,0.017762,0.012509,1,1,1,2142.7
drl,2,163,1,14.524,17.689,0.7095,0.7095,16,16,11,0,53,36,153,0.012766,0.018236,0.012571,1,1,1,2142.7
drl,2,164,1,14.501,17.318,0.7075,0.7075,16,16,12,0,53,36,154,0.012801,0.01781,0.012893,1,1,1,2142.7
drl,2,165,1,14.26,16.899,0.7055,0.7055,16,16,13,0,53,36,155,0.012544,0.017344,0.012893,1,1,1,2142.7
drl,2,166,1,14.116,16.864,0.7035,0.7035,16,16,13,0,53,36,156,0.012544,0.017344,0.012459,1,1,1,2142.7
drl,2,167,1,14.433,17.59,0.7015,0.7015,14,13,14,0,53,36,157,0.012565,0.018146,0.012589,1,1,1,2142.7
drl,2,168,1,14.426,17.339,0.6996,0.6996,15,13,15,0,53,36,158,0.012623,0.017842,0.012813,1,1,1,2142.7
drl,2,169,1,14.428,17.234,0.6977,0.6977,16,13,16,0,53,36,159,0.012813,0.017725,0.012745,1,1,1,2142.7
drl,2,170,1,14.502,17.504,0.6957,0.6957,17,9,17,0,53,36,160,0.012925,0.018013,0.012569,1,1,1,2142.7
drl,2,171,1,14.572,17.561,0.6938,0.6938,18,9,18,0,53,36,161,0.012746,0.01808,0.012891,1,1,1,2142.7
drl,2,172,1,14.572,17.561,0.692,0.692,18,9,18,0,53,36,162,0.012746,0.01808,0.012891,1,1,1,2142.7
drl,2,173,1,14.33,17.054,0.6901,0.6901,19,9,19,0,53,36,163,0.012689,0.01753,0.012772,1,1,1,2142.7
drl,2,174,1,14.362,17.221,0.6882,0.6882,20,9,20,0,53,36,164,0.012542,0.017708,0.012835,1,1,1,2142.7
drl,2,175,1,14.229,17.146,0.6864,0.6864,21,6,21,0,53,36,165,0.012554,0.017656,0.012478,1,1,1,2142.7
drl,2,176,1,14.124,16.835,0.6846,0.6846,22,6,22,0,53,36,166,0.012555,0.017311,0.012507,1,1,1,2142.7
drl,2,177,1,14.77,17.74,0.6828,0.6828,23,6,23,0,53,36,167,0.012665,0.018219,0.013427,1,1,1,2142.7
drl,2,178,1,14.799,17.551,0.681,0.681,24,3,24,0,53,36,168,0.012962,0.018009,0.013427,1,1,1,2142.7
drl,2,179,1,14.497,17.504,0.6792,0.6792,24,3,24,0,53,36,169,0.012962,0.018009,0.012519,1,1,1,2142.7
drl,3,0,0,15.859,25.229,1.0,1.0,0,0,0,0,0,0,0,0.012564,0.008377,0.026636,1,1,1,2162.6
drl,3,1,89,15.785,24.997,0.3333,0.3333,83,0,28,83,0,0,89,0.012551,0.008424,0.02638,1,1,1,2162.6
drl,3,2,1,15.785,24.997,0.3408,0.3408,83,0,28,83,1,0,89,0.012551,0.008424,0.02638,1,1,1,2162.6
drl,3,3,1,15.643,24.671,0.3483,0.3483,84,0,28,84,2,0,89,0.012489,0.008416,0.026025,1,1,1,2162.6
drl,3,4,1,15.708,24.715,0.3558,0.3558,85,0,28,85,3,0,89,0.012604,0.008459,0.026061,1,1,1,2162.6
drl,3,5,1,16.201,25.016,0.3632,0.3632,86,0,28,86,4,0,89,0.013927,0.008429,0.026248,1,1,1,2162.6
drl,3,6,1,15.761,24.781,0.3707,0.3707,87,0,28,87,5,0,89,0.012728,0.008434,0.02612,1,1,1,2162.6
drl,3,7,1,15.687,24.791,0.3781,0.3781,88,0,28,88,6,0,89,0.012519,0.008387,0.026155,1,1,1,2162.6
drl,3,8,1,15.693,24.793,0.3854,0.3854,88,0,28,88,7,0,89,0.012536,0.008387,0.026155,1,1,1,2162.6
drl,3,9,1,15.787,25.068,0.3928,0.3928,89,0,28,89,8,0,89,0.012536,0.008365,0.02646,1,1,1,2162.6
drl,3,10,1,15.885,24.931,0.4001,0.4001,90,0,28,90,9,0,89,0.012551,0.008796,0.026307,1,1,1,2162.6
drl,3,11,1,15.943,24.804,0.4073,0.4073,91,0,28,91,10,0,89,0.013285,0.008459,0.026084,1,1,1,2162.6
drl,3,12,1,15.787,24.851,0.4145,0.4145,92,0,28,92,11,0,89,0.012802,0.00837,0.02619,1,1,1,2162.6
drl,3,13,1,15.781,25.052,0.4216,0.4216,93,0,28,93,12,0,89,0.012493,0.008403,0.026447,1,1,1,2162.6
drl,3,14,1,15.816,25.057,0.4287,0.4287,93,0,28,93,13,0,89,0.012547,0.008453,0.026447,1,1,1,2162.6
drl,3,15,1,15.997,25.547,0.4357,0.4357,94,0,28,94,14,0,89,0.012547,0.008453,0.026992,1,1,1,2162.6
drl,3,16,1,15.657,24.709,0.4426,0.4426,95,0,28,95,15,0,89,0.012522,0.008386,0.026063,1,1,1,2162.6
drl,3,17,1,15.839,25.159,0.4494,0.4494,96,0,28,96,16,0,89,0.012526,0.008428,0.026563,1,1,1,2162.6
drl,3,18,1,15.795,24.829,0.4562,0.4562,97,0,28,97,17,0,89,0.012846,0.008378,0.02616,1,1,1,2162.6
drl,3,19,1,16.007,25.403,0.4629,0.4629,98,0,28,98,18,0,89,0.012781,0.008435,0.026805,1,1,1,2162.6
drl,3,20,1,16.239,25.464,0.4695,0.4695,98,0,28,98,19,0,89,0.013396,0.008517,0.026805,1,1,1,2162.6
drl,3,21,1,16.096,25.077,0.4759,0.4759,99,0,28,99,20,0,89,0.013396,0.008517,0.026375,1,1,1,2162.6
drl,3,22,1,15.856,25.162,0.4823,0.4823,100,0,28,100,21,0,89,0.012551,0.008454,0.026563,1,1,1,2162.6
drl,3,23,1,16.067,25.636,0.4886,0.4886,101,0,28,101,22,0,89,0.0128,0.00834,0.027062,1,1,1,2162.6
drl,3,24,1,15.789,24.8,0.4948,0.4948,102,0,28,102,23,0,89,0.012788,0.008445,0.026135,1,1,1,2162.6
drl,3,25,1,15.813,25.115,0.5009,0.5009,103,0,28,103,24,0,89,0.012545,0.008383,0.026512,1,1,1,2162.6
drl,3,26,1,15.965,25.432,0.5069,0.5069,104,0,28,104,25,0,89,0.012604,0.008433,0.026857,1,1,1,2162.6
drl,3,27,1,15.965,25.432,0.5128,0.5128,104,0,28,104,26,0,89,0.012604,0.008433,0.026857,1,1,1,2162.6
drl,3,28,1,15.633,24.569,0.5185,0.5185,105,0,28,105,27,0,89,0.012579,0.00842,0.025901,1,1,1,2162.6
drl,3,29,0,15.775,24.81,0.5185,0.5185,106,0,28,106,27,0,89,0.012762,0.008413,0.026149,1,1,1,2162.6
drl,3,30,2,15.656,24.58,0.5297,0.5,107,0,24,107,29,0,89,0.012614,0.008443,0.02591,0,1,1,2162.6
drl,3,31,0,11.473,12.845,0.5297,0.5,107,0,24,107,29,0,89,0.012829,0.008744,0.012847,0,1,1,2162.6
drl,3,32,1,11.185,12.569,0.5351,0.5,107,0,24,107,30,0,89,0.012572,0.008445,0.012539,0,1,1,2162.6
drl,3,33,1,11.319,12.929,0.5404,0.5,107,0,24,107,31,0,89,0.012972,0.008445,0.012539,0,1,1,2162.6
drl,3,34,1,11.37,12.955,0.5456,0.5,107,0,21,107,32,0,89,0.012972,0.008339,0.0128,0,1,1,2162.6
drl,3,35,1,11.161,12.537,0.5506,0.5,107,0,21,107,33,0,89,0.012539,0.008424,0.012519,0,1,1,2162.6
drl,3,36,1,11.309,12.927,0.5556,0.5,107,0,21,107,34,0,89,0.012969,0.008411,0.012548,0,1,1,2162.6
drl,3,37,1,11.212,12.578,0.5604,0.5,107,0,21,107,35,0,89,0.012557,0.008499,0.01258,0,1,1,2162.6
drl,3,38,1,11.184,12.587,0.5651,0.5,107,0,18,107,36,0,89,0.012595,0.008445,0.012512,0,1,1,2162.6
drl,3,39,1,11.127,12.524,0.5696,0.5,107,0,18,107,37,0,89,0.012423,0.008422,0.012535,0,1,1,2162.6
drl,3,40,1,11.127,12.524,0.5741,0.5,107,0,18,107,38,0,89,0.012423,0.008422,0.012535,0,1,1,2162.6
drl,3,41,1,11.495,13.333,0.5784,0.5,107,0,18,107,39,0,89,0.013415,0.008471,0.012598,0,1,1,2162.6
drl,3,42,1,11.391,13.123,0.5826,0.5,107,0,14,107,40,0,89,0.013188,0.008447,0.012537,0,1,1,2162.6
drl,3,43,1,11.15,12.564,0.5867,0.5,107,0,14,107,41,0,89,0.01251,0.008369,0.01257,0,1,1,2162.6
drl,3,44,1,11.442,13.307,0.5906,0.5,107,0,14,107,42,0,89,0.013391,0.008378,0.012556,0,1,1,2162.6
drl,3,45,1,11.189,12.556,0.5945,0.5,107,0,14,107,43,0,89,0.012538,0.008471,0.012558,0,1,1,2162.6
drl,3,46,1,11.175,12.556,0.5982,0.5,107,0,11,107,44,0,89,0.012538,0.008428,0.012558,0,1,1,2162.6
drl,3,47,1,11.171,12.545,0.6018,0.5,107,0,11,107,45,0,89,0.012538,0.008428,0.012546,0,1,1,2162.6
drl,3,48,1,11.192,12.62,0.6053,0.5,107,0,11,107,46,0,89,0.012535,0.008411,0.01263,0,1,1,2162.6
drl,3,49,1,11.208,12.636,0.6086,0.5,107,0,11,107,47,0,89,0.012643,0.00841,0.012571,0,1,1,2162.6
drl,3,50,1,11.429,13.329,0.6119,0.5,107,0,7,107,48,0,89,0.013417,0.008332,0.012538,0,1,1,2162.6
drl,3,51,1,11.279,12.761,0.615,0.5,107,0,7,107,49,0,89,0.012595,0.008463,0.012779,0,1,1,2162.6
drl,3,52,1,11.209,12.604,0.618,0.5,107,0,7,107,50,0,89,0.012567,0.008451,0.012608,0,1,1,2162.6
drl,3,53,1,11.209,12.604,0.6209,0.5,107,0,7,107,51,0,89,0.012567,0.008451,0.012608,0,1,1,2162.6
drl,3,54,1,11.316,12.796,0.6237,0.5,107,0,7,107,52,0,89,0.012819,0.008542,0.012588,0,1,1,2162.6
drl,3,55,1,11.347,12.934,0.6264,0.5,107,0,4,107,53,0,89,0.012962,0.008396,0.012683,0,1,1,2162.6
drl,3,56,1,11.208,12.595,0.6352,0.5112,107,0,4,107,53,1,89,0.012598,0.008456,0.012571,0,1,1,2162.6
drl,3,57,1,11.268,12.761,0.6439,0.5225,107,0,4,107,53,2,89,0.012777,0.008412,0.012614,0,1,1,2162.6
drl,3,58,1,11.155,12.545,0.6526,0.5337,107,0,0,107,53,3,89,0.012523,0.008394,0.012547,0,1,1,2162.6
drl,3,59,1,11.593,13.672,0.6612,0.5449,107,0,0,107,53,4,89,0.013797,0.008434,0.012547,0,1,1,2162.6
drl,3,60,1,11.576,13.667,0.6697,0.556,107,0,0,107,53,5,89,0.013797,0.008434,0.012498,0,1,1,2162.6
drl,3,61,1,11.455,13.06,0.6782,0.5671,107,0,0,107,53,6,89,0.013085,0.008444,0.012835,0,1,1,2162.6
drl,3,62,1,11.148,12.524,0.6866,0.5782,107,0,0,107,53,7,89,0.012525,0.0084,0.012518,0,1,1,2162.6
drl,3,63,1,11.181,12.631,0.6948,0.5892,24,0,0,24,53,8,89,0.012643,0.008379,0.012522,0,1,1,2162.6
drl,3,64,1,11.225,12.694,0.703,0.6001,24,0,0,24,53,9,89,0.012531,0.008431,0.012712,0,1,1,2162.6
drl,3,65,1,11.16,12.54,0.7111,0.611,24,0,0,24,53,10,89,0.012548,0.008465,0.012466,0,1,1,2162.6
drl,3,66,1,11.18,12.596,0.7191,0.6217,24,0,0,24,53,11,89,0.01261,0.008465,0.012466,0,1,1,2162.6
drl,3,67,1,11.171,12.599,0.727,0.6324,21,0,0,21,53,12,89,0.01261,0.0084,0.012504,0,1,1,2162.6
drl,3,68,1,11.229,12.727,0.7348,0.643,21,0,0,21,53,13,89,0.012744,0.008367,0.012575,0,1,1,2162.6
drl,3,69,1,11.282,12.797,0.7424,0.6535,21,0,0,21,53,14,89,0.01257,0.008455,0.012822,0,1,1,2162.6
drl,3,70,0,11.255,12.62,0.7424,0.6535,21,0,0,21,53,14,89,0.012631,0.008614,0.012521,0,1,1,2162.6
drl,3,71,1,11.139,12.546,0.75,0.6639,17,0,0,17,53,15,89,0.012551,0.008364,0.012502,0,1,1,2162.6
drl,3,72,1,11.561,12.867,0.7574,0.6741,17,0,0,17,53,16,89,0.012903,0.009241,0.012538,0,1,1,2162.6
drl,3,73,1,11.561,12.867,0.7648,0.6843,17,0,0,17,53,17,89,0.012903,0.009241,0.012538,0,1,1,2162.6
drl,3,74,1,11.138,12.597,0.772,0.6943,17,0,0,17,53,18,89,0.01244,0.008361,0.012614,0,1,1,2162.6
drl,3,75,1,11.316,12.727,0.779,0.7042,14,0,0,14,53,19,89,0.012566,0.008638,0.012745,0,1,1,2162.6
drl,3,76,1,11.295,12.869,0.786,0.7139,14,0,0,14,53,20,89,0.012907,0.008452,0.012525,0,1,1,2162.6
drl,3,77,1,11.267,12.747,0.7928,0.7235,14,0,0,14,53,21,89,0.012625,0.008417,0.01276,0,1,1,2162.6
drl,3,78,1,11.209,12.625,0.7995,0.733,14,0,0,14,53,22,89,0.012628,0.008399,0.012601,0,1,1,2162.6
drl,3,79,1,11.491,12.632,0.806,0.7422,14,0,0,14,53,23,89,0.012635,0.009237,0.012601,0,1,1,2162.6
drl,3,80,1,11.454,12.621,0.8124,0.7514,10,0,0,10,53,24,89,0.012635,0.009237,0.012491,0,1,1,2162.6
drl,3,81,1,11.194,12.589,0.8187,0.7604,10,0,0,10,53,25,89,0.012593,0.00844,0.012549,0,1,1,2162.6
drl,3,82,1,11.212,12.621,0.8248,0.7692,10,0,0,10,53,26,89,0.012628,0.00845,0.012557,0,1,1,2162.6
drl,3,83,1,11.289,12.878,0.8308,0.7778,7,0,0,7,53,27,89,0.012911,0.008373,0.012583,0,1,1,2162.6
drl,3,84,1,11.436,13.21,0.8367,0.7863,7,0,0,7,53,28,89,0.013274,0.008399,0.012635,0,1,1,2162.6
drl,3,85,1,11.196,12.64,0.8424,0.7946,7,0,0,7,53,29,89,0.012486,0.008446,0.012657,0,1,1,2162.6
drl,3,86,1,11.242,12.654,0.8479,0.8027,7,0,0,7,53,30,89,0.012623,0.008446,0.012657,0,1,1,2162.6
drl,3,87,1,11.273,12.742,0.8533,0.8106,7,0,0,7,53,31,89,0.012623,0.00844,0.012755,0,1,1,2162.6
drl,3,88,1,11.25,12.781,0.8586,0.8184,3,0,0,3,53,32,89,0.012807,0.008397,0.012545,0,1,1,2162.6
drl,3,89,1,11.27,12.767,0.8637,0.826,3,0,0,3,53,33,89,0.012562,0.008457,0.01279,0,1,1,2162.6
drl,3,90,1,11.202,12.53,0.8687,0.8687,3,0,0,3,53,34,89,0.012396,0.008665,0.012545,1,1,1,2162.6
drl,3,91,1,16.908,28.028,0.8735,0.8735,1,1,0,0,53,35,89,0.029755,0.008486,0.012484,1,1,1,2162.6
drl,3,92,1,16.24,25.904,0.8704,0.8704,2,2,0,0,53,35,90,0.027342,0.008418,0.012959,1,1,1,2162.6
drl,3,93,1,16.24,25.904,0.8673,0.8673,2,2,0,0,53,35,91,0.027342,0.008418,0.012959,1,1,1,2162.6
drl,3,94,1,16.354,25.287,0.8641,0.8641,3,3,0,0,53,35,92,0.026524,0.008379,0.014159,1,1,1,2162.6
drl,3,95,1,15.785,25.01,0.861,0.861,4,4,0,0,53,35,93,0.026397,0.008428,0.012529,1,1,1,2162.6
drl,3,96,1,15.953,25.32,0.8579,0.8579,5,5,0,0,53,35,94,0.026733,0.008528,0.012599,1,1,1,2162.6
drl,3,97,1,15.589,24.449,0.8548,0.8548,6,6,0,0,53,35,95,0.02577,0.008436,0.01256,1,1,1,2162.6
drl,3,98,1,15.733,24.821,0.8517,0.8517,7,7,0,0,53,35,96,0.026182,0.008441,0.012575,1,1,1,2162.6
drl,3,99,1,15.733,24.821,0.8486,0.8486,7,7,0,0,53,35,97,0.026182,0.008441,0.012575,1,1,1,2162.6
drl,3,100,1,15.931,24.834,0.8456,0.8456,8,8,0,0,53,35,98,0.026112,0.008347,0.013334,1,1,1,2162.6
drl,3,101,1,15.854,24.747,0.8425,0.8425,9,9,0,0,53,35,99,0.026042,0.008431,0.01309,1,1,1,2162.6
drl,3,102,1,16.058,24.958,0.8395,0.8395,10,10,0,0,53,35,100,0.026302,0.009005,0.012867,1,1,1,2162.6
drl,3,103,1,15.76,24.991,0.8365,0.8365,11,11,0,0,53,35,101,0.026376,0.008376,0.012527,1,1,1,2162.6
drl,3,104,1,15.792,24.939,0.8334,0.8334,12,12,0,0,53,35,102,0.026307,0.008441,0.012628,1,1,1,2162.6
drl,3,105,1,15.712,24.724,0.8305,0.8305,13,13,0,0,53,35,103,0.026068,0.008441,0.012628,1,1,1,2162.6
drl,3,106,1,15.675,24.717,0.8275,0.8275,13,13,0,0,53,35,104,0.026068,0.0084,0.012556,1,1,1,2162.6
drl,3,107,1,16.043,25.383,0.8245,0.8245,14,14,0,0,53,35,105,0.026803,0.008724,0.012601,1,1,1,2162.6
drl,3,108,1,15.885,25.068,0.8216,0.8216,15,15,0,0,53,35,106,0.026433,0.008439,0.012783,1,1,1,2162.6
drl,3,109,1,15.616,24.522,0.8186,0.8186,16,16,0,0,53,35,107,0.025851,0.008435,0.012563,1,1,1,2162.6
drl,3,110,1,15.923,24.701,0.8157,0.8157,17,17,0,0,53,35,108,0.025956,0.008407,0.013407,1,1,1,2162.6
drl,3,111,1,16.062,25.099,0.8128,0.8128,18,18,0,0,53,35,109,0.026398,0.00838,0.013407,1,1,1,2162.6
drl,3,112,0,15.875,25.043,0.8128,0.8128,18,18,0,0,53,35,109,0.026398,0.00838,0.012847,1,1,1,2162.6
drl,3,113,1,15.768,24.916,0.81,0.81,19,19,0,0,53,35,110,0.026279,0.008374,0.012652,1,1,1,2162.6
drl,3,114,1,15.934,25.243,0.8071,0.8071,20,20,0,0,53,35,111,0.026653,0.008594,0.012556,1,1,1,2162.6
drl,3,115,1,16.371,26.27,0.8043,0.8043,21,21,0,0,53,35,112,0.027785,0.008694,0.012634,1,1,1,2162.6
drl,3,116,1,15.666,24.704,0.8015,0.8015,22,22,0,0,53,35,113,0.026057,0.008418,0.012524,1,1,1,2162.6
drl,3,117,1,15.775,24.984,0.7987,0.7987,23,23,0,0,53,35,114,0.026366,0.008412,0.012546,1,1,1,2162.6
drl,3,118,1,15.775,24.984,0.7959,0.7959,23,23,0,0,53,35,115,0.026366,0.008412,0.012546,1,1,1,2162.6
drl,3,119,1,15.706,24.828,0.7931,0.7931,24,24,0,0,53,35,116,0.026197,0.008419,0.012502,1,1,1,2162.6
drl,3,120,1,16.137,24.75,0.7904,0.8759,25,25,0,0,53,35,117,0.026079,0.009538,0.012793,1,0,1,2162.6
drl,3,121,1,11.276,12.788,0.7877,0.8738,25,25,0,0,53,35,118,0.012582,0.008434,0.012811,1,0,1,2162.6
drl,3,122,1,11.186,12.644,0.785,0.8717,25,25,0,0,53,35,119,0.01266,0.008397,0.0125,1,0,1,2162.6
drl,3,123,1,11.498,13.476,0.7823,0.8696,25,25,0,0,53,35,120,0.012476,0.00843,0.013587,1,0,1,2162.6
drl,3,124,1,11.589,13.503,0.7797,0.8675,25,25,0,0,53,35,121,0.012751,0.00843,0.013587,1,0,1,2162.6
drl,3,125,1,11.243,12.73,0.777,0.8655,25,25,0,0,53,35,122,0.012751,0.008433,0.012545,1,0,1,2162.6
drl,3,126,1,11.161,12.541,0.7744,0.8634,25,25,0,0,53,35,123,0.012511,0.008428,0.012544,1,0,1,2162.6
drl,3,127,1,11.19,12.58,0.7718,0.8614,25,25,0,0,53,35,124,0.012583,0.008437,0.012551,1,0,1,2162.6
drl,3,128,1,11.256,12.797,0.7693,0.8594,25,25,0,0,53,35,125,0.012829,0.008425,0.012514,1,0,1,2162.6
drl,3,129,1,11.397,13.154,0.7667,0.8574,25,25,0,0,53,35,126,0.01256,0.008412,0.01322,1,0,1,2162.6
drl,3,130,1,11.209,12.595,0.7642,0.8554,25,25,0,0,53,35,127,0.012596,0.008444,0.012588,1,0,1,2162.6
drl,3,131,1,11.209,12.595,0.7617,0.8535,25,25,0,0,53,35,128,0.012596,0.008444,0.012588,1,0,1,2162.6
drl,3,132,1,11.145,12.498,0.7592,0.8515,25,25,0,0,53,35,129,0.012476,0.008459,0.012501,1,0,1,2162.6
drl,3,133,1,11.379,12.782,0.7567,0.8496,25,25,0,0,53,35,130,0.012787,0.008613,0.012738,1,0,1,2162.6
drl,3,134,1,11.325,12.956,0.7543,0.8477,25,25,0,0,53,35,131,0.013001,0.008424,0.012551,1,0,1,2162.6
drl,3,135,1,11.367,12.863,0.7519,0.8458,25,25,0,0,53,35,132,0.012763,0.008465,0.012874,1,0,1,2162.6
drl,3,136,1,11.298,12.581,0.7495,0.8439,25,25,0,0,53,35,133,0.012514,0.008793,0.012588,1,0,1,2162.6
drl,3,137,1,11.216,12.623,0.7471,0.842,25,25,0,0,53,35,134,0.012627,0.008432,0.012588,1,0,1,2162.6
drl,3,138,1,11.217,12.623,0.7447,0.8402,25,25,0,0,53,35,135,0.012627,0.008432,0.012592,1,0,1,2162.6
drl,3,139,1,11.333,12.774,0.7424,0.8383,25,25,0,0,53,35,136,0.01249,0.008703,0.012806,1,0,1,2162.6
drl,3,140,1,11.432,13.267,0.74,0.8365,25,25,0,0,53,35,137,0.012526,0.008421,0.013349,1,0,1,2162.6
drl,3,141,1,11.558,13.255,0.7377,0.8347,25,25,0,0,53,35,138,0.012512,0.008824,0.013338,1,0,1,2162.6
drl,3,142,1,11.334,13.035,0.7354,0.8329,25,25,0,0,53,35,139,0.01253,0.008381,0.013091,1,0,1,2162.6
drl,3,143,1,11.192,12.547,0.7332,0.8311,25,25,0,0,53,35,140,0.012518,0.008507,0.01255,1,0,1,2162.6
drl,3,144,1,11.193,12.547,0.7309,0.8294,25,25,0,0,53,35,141,0.012523,0.008507,0.01255,1,0,1,2162.6
drl,3,145,1,11.535,13.528,0.7287,0.8276,25,25,0,0,53,35,142,0.012523,0.008441,0.01364,1,0,1,2162.6
drl,3,146,1,11.3,12.841,0.7265,0.8259,25,25,0,0,53,35,143,0.012479,0.00854,0.012881,1,0,1,2162.6
drl,3,147,1,11.268,12.796,0.7243,0.8241,25,25,0,0,53,35,144,0.012823,0.008428,0.012554,1,0,1,2162.6
drl,3,148,1,11.166,12.546,0.7221,0.8224,25,25,0,0,53,35,145,0.012528,0.008422,0.012548,1,0,1,2162.6
drl,3,149,1,11.472,13.291,0.72,0.8207,25,25,0,0,53,35,146,0.012588,0.00846,0.013369,1,0,1,2162.6
drl,3,150,1,11.165,12.57,0.7179,0.7179,25,25,0,0,53,35,147,0.012578,0.008421,0.012495,1,1,1,2162.6
drl,3,151,1,11.165,12.57,0.7158,0.7158,25,25,0,0,53,35,148,0.012578,0.008421,0.012495,1,1,1,2162.6
drl,3,152,1,15.673,20.989,0.7137,0.7137,25,25,1,0,53,35,149,0.012572,0.021924,0.012523,1,1,1,2162.6
drl,3,153,1,14.446,17.475,0.7116,0.7116,24,24,2,0,53,35,150,0.012764,0.017998,0.012575,1,1,1,2162.6
drl,3,154,1,14.339,17.279,0.7095,0.7095,24,24,3,0,53,35,151,0.012783,0.017779,0.012454,1,1,1,2162.6
drl,3,155,0,14.337,17.349,0.7095,0.7095,24,24,4,0,53,35,151,0.012619,0.017875,0.012517,1,1,1,2162.6
drl,3,156,1,14.393,17.552,0.7075,0.7075,20,20,5,0,53,35,152,0.012522,0.018108,0.012549,1,1,1,2162.6
drl,3,157,1,14.553,17.597,0.7055,0.7055,20,20,5,0,53,35,153,0.013002,0.018108,0.012549,1,1,1,2162.6
drl,3,158,1,14.498,17.373,0.7035,0.7035,20,20,6,0,53,35,154,0.013002,0.017859,0.012633,1,1,1,2162.6
drl,3,159,1,14.271,17.197,0.7015,0.7015,20,20,7,0,53,35,155,0.012561,0.017712,0.012539,1,1,1,2162.6
drl,3,160,1,14.361,17.333,0.6995,0.6995,20,20,8,0,53,35,156,0.012529,0.017847,0.012706,1,1,1,2162.6
drl,3,161,1,14.363,17.362,0.6976,0.6976,17,17,9,0,53,35,157,0.012568,0.017887,0.012635,1,1,1,2162.6
drl,3,162,1,14.452,17.336,0.6956,0.6956,17,17,10,0,53,35,158,0.013008,0.017817,0.012532,1,1,1,2162.6
drl,3,163,1,14.382,17.495,0.6937,0.6937,17,17,11,0,53,35,159,0.012571,0.018042,0.012532,1,1,1,2162.6
drl,3,164,1,14.393,17.495,0.6918,0.6918,17,17,11,0,53,35,160,0.012571,0.018042,0.012565,1,1,1,2162.6
drl,3,165,1,14.349,17.363,0.6899,0.6899,13,13,12,0,53,35,161,0.012577,0.017895,0.012575,1,1,1,2162.6
drl,3,166,1,14.522,17.319,0.6881,0.6881,13,13,13,0,53,35,162,0.012972,0.017802,0.012792,1,1,1,2162.6
drl,3,167,1,14.125,16.845,0.6862,0.6862,14,13,14,0,53,35,163,0.012552,0.017322,0.012502,1,1,1,2162.6
drl,3,168,1,14.475,17.276,0.6844,0.6844,15,13,15,0,53,35,164,0.013025,0.017748,0.012653,1,1,1,2162.6
drl,3,169,1,14.518,17.556,0.6826,0.6826,16,10,16,0,53,35,165,0.012798,0.018085,0.012672,1,1,1,2162.6
drl,3,170,1,14.518,17.556,0.6808,0.6808,16,10,16,0,53,35,166,0.012798,0.018085,0.012672,1,1,1,2162.6
drl,3,171,1,14.195,16.996,0.679,0.679,17,10,17,0,53,35,167,0.012595,0.017485,0.012506,1,1,1,2162.6
drl,3,172,1,14.34,17.416,0.6772,0.6772,18,10,18,0,53,35,168,0.012535,0.017958,0.012527,1,1,1,2162.6
drl,3,173,1,14.257,17.195,0.6755,0.6755,19,7,19,0,53,35,169,0.012619,0.017704,0.012447,1,1,1,2162.6
drl,3,174,1,14.436,17.364,0.6737,0.6737,20,7,20,0,53,35,170,0.012862,0.017864,0.012583,1,1,1,2162.6
drl,3,175,1,14.303,16.979,0.672,0.672,21,7,21,0,53,35,171,0.012895,0.017433,0.01258,1,1,1,2162.6
drl,3,176,1,14.22,16.954,0.6703,0.6703,21,7,21,0,53,35,172,0.012648,0.017433,0.01258,1,1,1,2162.6
drl,3,177,1,14.307,17.261,0.6686,0.6686,22,7,22,0,53,35,173,0.012648,0.017773,0.0125,1,1,1,2162.6
drl,3,178,1,14.302,17.255,0.6669,0.6669,23,3,23,0,53,35,174,0.012603,0.017772,0.012531,1,1,1,2162.6
drl,3,179,1,14.451,17.383,0.6652,0.6652,24,3,24,0,53,35,175,0.012582,0.017882,0.012889,1,1,1,2162.6
