algorithm,trial,second,throughput,avg_rtt,p95_rtt,fairness_index,fairness_alive,max_imbalance,h1_conns,h2_conns,h3_conns,h1_sels,h2_sels,h3_sels,h1_rtt,h2_rtt,h3_rtt,h1_alive,h2_alive,h3_alive,decision_latency_us
round_robin,1,0,0,20.387,26.17,1.0,1.0,0,0,0,0,0,0,0,0.026216,0.025752,0.009192,1,1,1,2277.9
round_robin,1,1,87,19.904,25.537,1.0,1.0,107,1144,1037,1123,29,29,29,0.025561,0.025317,0.008835,1,1,1,2277.9
round_robin,1,2,87,20.662,26.434,1.0,1.0,116,1192,1076,1152,58,58,58,0.026449,0.026296,0.00924,1,1,1,2277.9
round_robin,1,3,87,20.372,26.224,1.0,1.0,165,987,1076,1152,87,87,87,0.025579,0.026296,0.00924,1,1,1,2277.9
round_robin,1,4,0,20.156,25.606,1.0,1.0,189,987,1101,1176,87,87,87,0.025579,0.025609,0.00928,1,1,1,2277.9
round_robin,1,5,81,20.546,26.186,1.0,1.0,187,1016,1129,1203,114,114,114,0.025888,0.026219,0.00953,1,1,1,2277.9
round_robin,1,6,45,20.86,26.866,1.0,1.0,188,1028,1141,1216,129,129,129,0.026195,0.026941,0.009443,1,1,1,2277.9
round_robin,1,7,82,20.722,26.414,1.0,1.0,244,972,1086,1216,157,156,156,0.026297,0.026427,0.009443,1,1,1,2277.9
round_robin,1,8,52,20.696,26.414,1.0,1.0,188,972,1086,1160,174,174,173,0.026297,0.026427,0.009364,1,1,1,2277.9
round_robin,1,9,35,20.276,26.026,1.0,1.0,186,1002,1114,1188,186,185,185,0.025253,0.026112,0.009464,1,1,1,2277.9
round_robin,1,10,83,19.962,25.245,1.0,1.0,196,1020,1142,1216,213,213,213,0.02525,0.0252,0.009436,1,1,1,2277.9
round_robin,1,11,36,20.483,26.115,1.0,1.0,190,1034,1150,1224,225,225,225,0.025974,0.026131,0.009344,1,1,1,2277.9
round_robin,1,12,50,20.632,26.391,1.0,1.0,220,1004,1150,1224,242,242,241,0.02642,0.026131,0.009344,1,1,1,2277.9
round_robin,1,13,86,20.548,26.338,1.0,1.0,120,1004,1087,1124,271,270,270,0.02642,0.025599,0.009626,1,1,1,2277.9
round_robin,1,14,84,20.59,26.403,1.0,1.0,120,1032,1114,1152,299,298,298,0.026467,0.025823,0.00948,1,1,1,2277.9
round_robin,1,15,36,20.726,26.489,1.0,1.0,122,1058,1142,1180,311,310,310,0.026525,0.026164,0.00949,1,1,1,2277.9
round_robin,1,16,51,21.084,26.775,1.0,1.0,202,1082,1167,965,328,327,327,0.026849,0.026106,0.010297,1,1,1,2277.9
round_robin,1,17,87,20.955,26.426,1.0,1.0,202,1109,1167,965,357,356,356,0.026462,0.026106,0.010297,1,1,1,2277.9
round_robin,1,18,84,20.724,26.428,1.0,1.0,202,1109,1195,993,385,384,384,0.026462,0.026121,0.009588,1,1,1,2277.9
round_robin,1,19,41,20.575,26.233,1.0,1.0,202,1136,1223,1021,398,398,398,0.025805,0.026281,0.009638,1,1,1,2277.9
round_robin,1,20,44,20.639,26.181,1.0,1.0,68,1113,1056,1045,413,413,412,0.026197,0.026038,0.009682,1,1,1,2277.9
round_robin,1,21,83,20.568,26.077,1.0,1.0,68,1141,1083,1073,441,440,440,0.026101,0.025863,0.009741,1,1,1,2277.9
round_robin,1,22,84,20.612,26.195,1.0,1.0,95,1168,1083,1073,469,468,468,0.026232,0.025863,0.009741,1,1,1,2277.9
round_robin,1,23,46,20.449,26.206,1.0,1.0,67,1168,1111,1101,484,484,483,0.026232,0.02597,0.009144,1,1,1,2277.9
round_robin,1,24,40,20.557,26.207,1.0,1.0,151,1196,1056,1045,497,497,497,0.025984,0.026232,0.009456,1,1,1,2277.9
round_robin,1,25,86,22.137,29.866,1.0,1.0,68,1140,1084,1072,526,526,525,0.030166,0.02717,0.009074,1,1,1,2277.9
round_robin,1,26,36,20.753,26.076,1.0,1.0,69,1151,1093,1082,538,538,537,0.025733,0.026114,0.010413,1,1,1,2277.9
round_robin,1,27,45,20.98,26.382,1.0,1.0,88,1170,1093,1082,553,553,552,0.026412,0.026114,0.010413,1,1,1,2277.9
round_robin,1,28,82,20.752,26.403,1.0,1.0,69,1170,1112,1101,580,580,580,0.026412,0.026326,0.009517,1,1,1,2277.9
round_robin,1,29,82,20.773,26.524,1.0,1.0,70,1114,1135,1065,608,607,607,0.026539,0.02639,0.009391,1,1,1,2277.9
round_robin,1,30,51,20.837,26.561,1.0,1.0,71,1142,1163,1092,625,624,624,0.026565,0.026523,0.009422,0,1,1,2277.9
round_robin,1,31,0,9.75,12.493,1.0,1.0,89,1154,1176,1087,625,624,624,0.012489,0.012493,0.004269,0,1,1,2277.9
round_robin,1,32,1,9.822,12.641,1.0,1.0,199,974,1173,1087,625,625,624,0.012545,0.012652,0.004269,0,1,1,2277.9
round_robin,1,33,1,9.807,12.641,1.0,1.0,199,974,1173,1021,625,625,625,0.012545,0.012652,0.004224,0,1,1,2277.9
round_robin,1,34,0,10.103,12.67,1.0,1.0,199,974,1173,1021,625,625,625,0.012555,0.012683,0.005071,0,1,1,2277.9
round_robin,1,35,1,9.825,12.614,1.0,1.0,199,974,1173,1021,626,625,625,0.012619,0.012566,0.004291,0,1,1,2277.9
round_robin,1,36,1,9.845,12.589,1.0,1.0,73,945,956,1018,626,626,625,0.012594,0.01254,0.0044,0,1,1,2277.9
round_robin,1,37,1,9.913,12.871,1.0,1.0,73,945,956,1018,626,626,626,0.012907,0.012551,0.00428,0,1,1,2277.9
round_robin,1,38,1,9.816,12.61,1.0,1.0,73,945,956,1018,627,626,626,0.012616,0.012551,0.00428,0,1,1,2277.9
round_robin,1,39,1,9.909,12.612,1.0,1.0,72,945,956,1017,627,627,626,0.012616,0.012572,0.004538,0,1,1,2277.9
round_robin,1,40,1,10.168,13.307,1.0,1.0,72,945,956,1017,627,627,627,0.013362,0.01281,0.004331,0,1,1,2277.9
round_robin,1,41,1,9.782,12.574,1.0,1.0,97,862,952,855,628,627,627,0.012584,0.012481,0.004281,0,1,1,2277.9
round_robin,1,42,1,9.947,12.801,1.0,1.0,97,862,952,855,628,628,627,0.012827,0.012563,0.004451,0,1,1,2277.9
round_robin,1,43,1,9.949,12.968,1.0,1.0,97,862,952,855,628,628,628,0.012563,0.013013,0.00427,0,1,1,2277.9
round_robin,1,44,1,9.949,12.968,1.0,1.0,97,862,952,855,629,628,628,0.012563,0.013013,0.00427,0,1,1,2277.9
round_robin,1,45,1,9.899,12.746,1.0,1.0,97,779,869,772,629,629,628,0.01276,0.012618,0.004319,0,1,1,2277.9
round_robin,1,46,1,9.848,12.708,1.0,1.0,97,779,869,772,629,629,629,0.012518,0.012729,0.004298,0,1,1,2277.9
round_robin,1,47,1,9.808,12.56,1.0,1.0,97,779,869,772,630,629,629,0.01256,0.012556,0.004309,0,1,1,2277.9
round_robin,1,48,1,9.832,12.601,1.0,1.0,113,779,869,756,630,630,629,0.012581,0.012603,0.004312,0,1,1,2277.9
round_robin,1,49,1,9.831,12.598,1.0,1.0,89,696,785,756,630,630,630,0.01258,0.0126,0.004312,0,1,1,2277.9
round_robin,1,50,1,9.806,12.598,1.0,1.0,95,696,785,690,631,630,630,0.01258,0.0126,0.004237,0,1,1,2277.9
round_robin,1,51,1,9.767,12.537,1.0,1.0,95,696,785,690,631,631,630,0.012545,0.012469,0.004287,0,1,1,2277.9
round_robin,1,52,1,9.808,12.587,1.0,1.0,95,696,785,690,631,631,631,0.012555,0.01259,0.004279,0,1,1,2277.9
round_robin,1,53,1,9.875,12.708,1.0,1.0,86,613,698,612,632,631,631,0.012628,0.012717,0.00428,0,1,1,2277.9
round_robin,1,54,1,10.037,12.833,1.0,1.0,86,613,698,612,632,632,631,0.012772,0.01284,0.004499,0,1,1,2277.9
round_robin,1,55,1,10.13,13.289,1.0,1.0,86,613,698,612,632,632,632,0.012515,0.013375,0.004499,0,1,1,2277.9
round_robin,1,56,1,10.112,13.289,1.0,1.0,86,613,698,612,633,632,632,0.012515,0.013375,0.004445,0,1,1,2277.9
round_robin,1,57,1,10.072,12.697,1.0,1.0,6,610,615,609,633,633,632,0.012594,0.012708,0.004914,0,1,1,2277.9
round_robin,1,58,1,10.092,13.26,1.0,1.0,6,610,615,609,633,633,633,0.012671,0.013325,0.00428,0,1,1,2277.9
round_robin,1,59,1,10.015,13.043,1.0,1.0,6,610,615,609,634,633,633,0.012645,0.013087,0.004314,0,1,1,2277.9
round_robin,1,60,1,10.017,12.58,1.0,1.0,6,610,615,609,634,634,633,0.012585,0.012533,0.004933,0,1,1,2277.9
round_robin,1,61,1,10.023,12.596,1.0,1.0,16,599,615,609,634,634,634,0.012603,0.012533,0.004933,0,1,1,2277.9
round_robin,1,62,1,9.786,12.592,1.0,1.0,6,599,605,599,635,634,634,0.012603,0.012495,0.00426,0,1,1,2277.9
round_robin,1,63,1,9.797,12.565,1.0,1.0,6,599,605,599,635,635,634,0.01248,0.012574,0.004338,0,1,1,2277.9
round_robin,1,64,1,9.814,12.56,1.0,1.0,6,599,605,599,635,635,635,0.012563,0.012533,0.004345,0,1,1,2277.9
round_robin,1,65,1,9.868,12.679,1.0,1.0,5,509,514,512,636,635,635,0.012612,0.012687,0.004304,0,1,1,2277.9
round_robin,1,66,1,9.795,12.624,1.0,1.0,5,509,514,512,636,636,635,0.012641,0.012474,0.004271,0,1,1,2277.9
round_robin,1,67,1,9.763,12.537,1.0,1.0,5,509,514,512,636,636,636,0.012544,0.012474,0.004271,0,1,1,2277.9
round_robin,1,68,1,9.897,12.812,1.0,1.0,5,509,514,512,637,636,636,0.012544,0.012842,0.004304,0,1,1,2277.9
round_robin,1,69,1,9.91,12.681,1.0,1.0,83,509,514,431,637,637,636,0.012692,0.012587,0.00445,0,1,1,2277.9
round_robin,1,70,0,9.79,12.594,1.0,1.0,4,428,432,431,637,637,636,0.012532,0.012601,0.004236,0,1,1,2277.9
round_robin,1,71,1,9.948,12.86,1.0,1.0,4,428,432,431,637,637,637,0.012882,0.012662,0.0043,0,1,1,2277.9
round_robin,1,72,1,9.869,12.754,1.0,1.0,4,428,432,431,638,637,637,0.012533,0.012779,0.004296,0,1,1,2277.9
round_robin,1,73,1,9.869,12.754,1.0,1.0,4,428,432,431,638,638,637,0.012533,0.012779,0.004296,0,1,1,2277.9
round_robin,1,74,1,9.8,12.559,1.0,1.0,4,358,362,361,638,638,638,0.012562,0.012529,0.004309,0,1,1,2277.9
round_robin,1,75,1,9.919,12.862,1.0,1.0,4,358,362,361,639,638,638,0.012892,0.01259,0.004274,0,1,1,2277.9
round_robin,1,76,1,9.846,12.627,1.0,1.0,4,358,362,361,639,639,638,0.012569,0.012633,0.004336,0,1,1,2277.9
round_robin,1,77,1,9.988,13.084,1.0,1.0,1,266,266,265,639,639,639,0.013146,0.012525,0.004293,0,1,1,2277.9
round_robin,1,78,1,9.819,12.643,1.0,1.0,1,266,266,265,640,639,639,0.012655,0.012531,0.004272,0,1,1,2277.9
round_robin,1,79,1,9.819,12.643,1.0,1.0,1,266,266,265,640,640,639,0.012655,0.012531,0.004272,0,1,1,2277.9
round_robin,1,80,1,9.834,12.671,1.0,1.0,1,266,266,265,640,640,640,0.012524,0.012687,0.004292,0,1,1,2277.9
round_robin,1,81,1,9.799,12.588,1.0,1.0,1,266,266,265,641,640,640,0.012594,0.01253,0.004272,0,1,1,2277.9
round_robin,1,82,1,10.167,13.318,1.0,1.0,1,182,182,181,641,641,640,0.013369,0.012859,0.004272,0,1,1,2277.9
round_robin,1,83,1,9.826,12.6,1.0,1.0,1,182,182,181,641,641,641,0.0126,0.012596,0.004281,0,1,1,2277.9
round_robin,1,84,1,9.944,12.919,1.0,1.0,1,182,182,181,642,641,641,0.012959,0.012556,0.004316,0,1,1,2277.9
round_robin,1,85,1,9.944,12.919,1.0,1.0,1,182,182,181,642,642,641,0.012959,0.012556,0.004316,0,1,1,2277.9
round_robin,1,86,1,9.826,12.616,1.0,1.0,1,98,97,98,642,642,642,0.012624,0.01254,0.004315,0,1,1,2277.9
round_robin,1,87,1,9.823,12.592,1.0,1.0,1,98,97,98,643,642,642,0.012568,0.012595,0.004305,0,1,1,2277.9
round_robin,1,88,1,9.871,12.7,1.0,1.0,1,98,97,98,643,643,642,0.012713,0.012578,0.004323,0,1,1,2277.9
round_robin,1,89,1,9.833,12.614,1.0,1.0,74,98,97,24,643,643,643,0.012616,0.012599,0.004285,0,1,1,2277.9
round_robin,1,90,1,9.786,12.559,1.0,1.0,2,23,25,24,644,643,643,0.012556,0.012559,0.004243,1,1,1,2277.9
round_robin,1,91,1,9.786,12.559,1.0,1.0,2,23,25,24,644,644,643,0.012556,0.012559,0.004243,1,1,1,2277.9
round_robin,1,92,1,19.089,37.626,1.0,1.0,1,24,25,24,644,644,644,0.040409,0.012579,0.004279,1,1,1,2277.9
round_robin,1,93,11,14.49,25.186,1.0,1.0,1,25,25,24,648,648,647,0.026587,0.012582,0.004302,1,1,1,2277.9
round_robin,1,94,1,14.296,24.76,1.0,1.0,4,4,0,0,648,648,648,0.026118,0.012539,0.00423,1,1,1,2277.9
round_robin,1,95,11,14.425,24.698,1.0,1.0,6,6,0,0,652,652,651,0.025994,0.013032,0.004248,1,1,1,2277.9
round_robin,1,96,1,14.573,25.099,1.0,1.0,7,7,0,0,652,652,652,0.02644,0.013032,0.004248,1,1,1,2277.9
round_robin,1,97,11,14.459,25.051,1.0,1.0,7,7,0,0,656,656,655,0.02644,0.012549,0.004388,1,1,1,2277.9
round_robin,1,98,1,14.292,24.395,1.0,1.0,9,9,0,0,656,656,656,0.025692,0.012725,0.00446,1,1,1,2277.9
round_robin,1,99,11,14.271,24.657,1.0,1.0,10,10,0,0,660,660,659,0.026006,0.012514,0.004294,1,1,1,2277.9
round_robin,1,100,1,14.496,25.318,1.0,1.0,12,12,0,0,660,660,660,0.026743,0.01249,0.004256,1,1,1,2277.9
round_robin,1,101,11,14.428,24.872,1.0,1.0,13,13,0,0,664,664,663,0.026242,0.012542,0.004501,1,1,1,2277.9
round_robin,1,102,1,14.428,24.872,1.0,1.0,13,13,0,0,664,664,664,0.026242,0.012542,0.004501,1,1,1,2277.9
round_robin,1,103,7,14.427,24.88,1.0,1.0,15,15,0,0,667,666,666,0.026238,0.012657,0.004387,1,1,1,2277.9
round_robin,1,104,4,14.456,24.898,1.0,1.0,17,17,0,0,668,668,667,0.026237,0.012847,0.004285,1,1,1,2277.9
round_robin,1,105,1,14.405,24.731,1.0,1.0,18,18,0,0,668,668,668,0.026064,0.012735,0.004417,1,1,1,2277.9
round_robin,1,106,11,14.894,24.967,1.0,1.0,20,20,0,0,672,672,671,0.026277,0.01318,0.005226,1,1,1,2277.9
round_robin,1,107,1,14.583,24.566,1.0,1.0,21,21,0,0,672,672,672,0.025892,0.01263,0.005226,1,1,1,2277.9
round_robin,1,108,11,14.286,24.566,1.0,1.0,21,21,0,0,676,676,675,0.025892,0.01263,0.004335,1,1,1,2277.9
round_robin,1,109,1,14.562,25.455,1.0,1.0,23,23,0,0,676,676,676,0.026888,0.012554,0.004244,1,1,1,2277.9
round_robin,1,110,11,14.473,25.097,1.0,1.0,25,25,0,0,680,680,679,0.026473,0.012715,0.00423,1,1,1,2277.9
round_robin,1,111,1,14.34,24.788,1.0,1.0,26,26,0,0,680,680,680,0.026143,0.012595,0.004283,1,1,1,2277.9
round_robin,1,112,11,14.43,25.055,1.0,1.0,28,28,0,0,684,684,683,0.026443,0.012559,0.004289,1,1,1,2277.9
round_robin,1,113,1,14.283,24.656,1.0,1.0,29,29,0,0,684,684,684,0.026,0.012559,0.004289,1,1,1,2277.9
round_robin,1,114,11,14.37,24.68,1.0,1.0,29,29,0,0,688,688,687,0.026,0.012805,0.004304,1,1,1,2277.9
round_robin,1,115,1,14.563,25.387,1.0,1.0,31,31,0,0,688,688,688,0.026803,0.012645,0.004242,1,1,1,2277.9
round_robin,1,116,11,14.469,24.974,1.0,1.0,32,32,0,0,692,692,691,0.026342,0.012663,0.004403,1,1,1,2277.9
round_robin,1,117,1,14.316,24.754,1.0,1.0,34,34,0,0,692,692,692,0.026113,0.012525,0.00431,1,1,1,2277.9
round_robin,1,118,11,14.374,24.939,1.0,1.0,36,36,0,0,696,696,695,0.026315,0.012558,0.00425,1,1,1,2277.9
round_robin,1,119,1,14.374,24.939,1.0,1.0,36,36,0,0,696,696,696,0.026315,0.012558,0.00425,1,1,1,2277.9
round_robin,1,120,11,14.34,24.461,1.0,1.0,37,37,0,0,700,700,699,0.025736,0.012988,0.004297,1,0,1,2277.9
round_robin,1,121,1,9.84,12.643,1.0,1.0,38,38,0,0,700,700,700,0.012575,0.01265,0.004295,1,0,1,2277.9
round_robin,1,122,1,9.826,12.579,1.0,1.0,38,38,0,0,701,700,700,0.012582,0.012548,0.004349,1,0,1,2277.9
round_robin,1,123,1,9.876,12.754,1.0,1.0,38,38,0,0,701,701,700,0.012591,0.012772,0.004266,1,0,1,2277.9
round_robin,1,124,1,9.867,12.773,1.0,1.0,38,38,0,0,701,701,701,0.012513,0.012802,0.004287,1,0,1,2277.9
round_robin,1,125,1,9.867,12.773,1.0,1.0,38,38,0,0,702,701,701,0.012513,0.012802,0.004287,1,0,1,2277.9
round_robin,1,126,1,10.09,13.347,1.0,1.0,38,38,0,0,702,702,701,0.013436,0.012548,0.004286,1,0,1,2277.9
round_robin,1,127,1,9.798,12.546,1.0,1.0,38,38,0,0,702,702,702,0.012547,0.012533,0.004313,1,0,1,2277.9
round_robin,1,128,1,9.822,12.586,1.0,1.0,38,38,0,0,703,702,702,0.012572,0.012588,0.004306,1,0,1,2277.9
round_robin,1,129,1,9.846,12.581,1.0,1.0,38,38,0,0,703,703,702,0.012576,0.012582,0.00438,1,0,1,2277.9
round_robin,1,130,1,9.86,12.61,1.0,1.0,38,38,0,0,703,703,703,0.012613,0.012588,0.00438,1,0,1,2277.9
round_robin,1,131,0,9.816,12.61,1.0,1.0,38,38,0,0,703,703,703,0.012613,0.012588,0.004247,1,0,1,2277.9
round_robin,1,132,1,9.795,12.625,1.0,1.0,38,38,0,0,704,703,703,0.01248,0.012641,0.004264,1,0,1,2277.9
round_robin,1,133,1,9.773,12.539,1.0,1.0,38,38,0,0,704,704,703,0.01254,0.012526,0.004252,1,0,1,2277.9
round_robin,1,134,1,9.78,12.535,1.0,1.0,38,38,0,0,704,704,704,0.012536,0.012528,0.004275,1,0,1,2277.9
round_robin,1,135,1,9.856,12.649,1.0,1.0,38,38,0,0,705,704,704,0.012651,0.01263,0.004286,1,0,1,2277.9
round_robin,1,136,1,10.237,13.489,1.0,1.0,38,38,0,0,705,705,704,0.013558,0.012867,0.004286,1,0,1,2277.9
round_robin,1,137,1,10.243,13.489,1.0,1.0,38,38,0,0,705,705,705,0.013558,0.012867,0.004304,1,0,1,2277.9
round_robin,1,138,1,9.979,13.01,1.0,1.0,38,38,0,0,706,705,705,0.013056,0.012599,0.004281,1,0,1,2277.9
round_robin,1,139,1,9.828,12.605,1.0,1.0,38,38,0,0,706,706,705,0.012605,0.012601,0.004278,1,0,1,2277.9
round_robin,1,140,1,10.123,12.721,1.0,1.0,38,38,0,0,706,706,706,0.012629,0.012731,0.005008,1,0,1,2277.9
round_robin,1,141,1,10.193,13.515,1.0,1.0,38,38,0,0,707,706,706,0.013607,0.012683,0.004289,1,0,1,2277.9
round_robin,1,142,1,9.862,12.729,1.0,1.0,38,38,0,0,707,707,706,0.012749,0.012549,0.004289,1,0,1,2277.9
round_robin,1,143,1,9.86,12.729,1.0,1.0,38,38,0,0,707,707,707,0.012749,0.012549,0.004283,1,0,1,2277.9
round_robin,1,144,1,9.832,12.605,1.0,1.0,38,38,0,0,708,707,707,0.012607,0.012588,0.004301,1,0,1,2277.9
round_robin,1,145,1,9.92,12.758,1.0,1.0,38,38,0,0,708,708,707,0.012764,0.0127,0.004295,1,0,1,2277.9
round_robin,1,146,1,9.91,12.766,1.0,1.0,38,38,0,0,708,708,708,0.012626,0.012782,0.004321,1,0,1,2277.9
round_robin,1,147,1,9.872,12.752,1.0,1.0,38,38,0,0,709,708,708,0.012585,0.01277,0.00426,1,0,1,2277.9
round_robin,1,148,1,9.798,12.573,1.0,1.0,38,38,0,0,709,709,708,0.01256,0.012574,0.00426,1,0,1,2277.9
round_robin,1,149,1,9.819,12.573,1.0,1.0,38,38,0,0,709,709,709,0.01256,0.012574,0.004324,1,0,1,2277.9
round_robin,1,150,1,9.773,12.551,1.0,1.0,38,38,0,0,710,709,709,0.01249,0.012558,0.004271,1,1,1,2277.9
round_robin,1,151,11,15.688,28.202,1.0,1.0,38,38,1,0,713,713,713,0.012868,0.029906,0.00429,1,1,1,2277.9
round_robin,1,152,1,14.252,24.488,1.0,1.0,38,38,3,0,714,713,713,0.012659,0.025802,0.004294,1,1,1,2277.9
round_robin,1,153,11,14.488,25.162,1.0,1.0,38,38,5,0,717,717,717,0.012582,0.02656,0.004323,1,1,1,2277.9
round_robin,1,154,1,14.499,25.165,1.0,1.0,38,38,5,0,718,717,717,0.012614,0.02656,0.004323,1,1,1,2277.9
round_robin,1,155,11,14.414,24.939,1.0,1.0,38,38,6,0,721,721,721,0.012614,0.026308,0.004319,1,1,1,2277.9
round_robin,1,156,1,14.389,24.95,1.0,1.0,34,34,8,0,722,721,721,0.012435,0.026341,0.00439,1,1,1,2277.9
round_robin,1,157,11,14.278,24.71,1.0,1.0,34,34,9,0,725,725,725,0.012519,0.026065,0.00425,1,1,1,2277.9
round_robin,1,158,1,14.641,24.909,1.0,1.0,34,34,11,0,726,725,725,0.012566,0.026281,0.005077,1,1,1,2277.9
round_robin,1,159,11,14.209,24.431,1.0,1.0,29,29,13,0,729,729,729,0.012544,0.025752,0.00433,1,1,1,2277.9
round_robin,1,160,1,14.209,24.431,1.0,1.0,29,29,13,0,730,729,729,0.012544,0.025752,0.00433,1,1,1,2277.9
round_robin,1,161,11,14.413,24.985,1.0,1.0,29,29,14,0,733,733,733,0.012556,0.026366,0.004317,1,1,1,2277.9
round_robin,1,162,1,14.354,24.83,1.0,1.0,29,29,16,0,734,733,733,0.012591,0.02619,0.004281,1,1,1,2277.9
round_robin,1,163,0,14.463,25.13,1.0,1.0,23,23,17,0,734,733,733,0.012569,0.026526,0.004295,1,1,1,2277.9
round_robin,1,164,11,14.562,25.204,1.0,1.0,23,23,19,0,737,737,737,0.012826,0.026579,0.004282,1,1,1,2277.9
round_robin,1,165,1,14.483,24.779,1.0,1.0,23,23,20,0,738,737,737,0.013089,0.026078,0.004282,1,1,1,2277.9
round_robin,1,166,11,14.49,24.779,1.0,1.0,23,23,20,0,741,741,741,0.013089,0.026078,0.004304,1,1,1,2277.9
round_robin,1,167,1,14.365,24.842,1.0,1.0,23,23,22,0,742,741,741,0.01258,0.026204,0.00431,1,1,1,2277.9
round_robin,1,168,11,14.329,24.757,1.0,1.0,24,18,24,0,745,745,745,0.012589,0.026109,0.004289,1,1,1,2277.9
round_robin,1,169,1,14.24,24.577,1.0,1.0,25,18,25,0,746,745,745,0.012503,0.025919,0.004298,1,1,1,2277.9
round_robin,1,170,11,14.339,24.839,1.0,1.0,27,18,27,0,749,749,749,0.012549,0.026205,0.004262,1,1,1,2277.9
round_robin,1,171,1,14.341,24.84,1.0,1.0,27,12,27,0,750,749,749,0.012555,0.026205,0.004262,1,1,1,2277.9
round_robin,1,172,11,14.188,24.415,1.0,1.0,28,12,28,0,753,753,753,0.012555,0.025733,0.004277,1,1,1,2277.9
round_robin,1,173,1,14.286,24.788,1.0,1.0,30,12,30,0,754,753,753,0.012453,0.026158,0.004248,1,1,1,2277.9
round_robin,1,174,11,14.291,24.742,1.0,1.0,31,12,31,0,757,757,757,0.012505,0.026102,0.004266,1,1,1,2277.9
round_robin,1,175,1,14.361,24.62,1.0,1.0,33,12,33,0,758,757,757,0.01262,0.025953,0.00451,1,1,1,2277.9
round_robin,1,176,11,14.738,25.258,1.0,1.0,34,7,34,0,761,761,761,0.013284,0.026588,0.004343,1,1,1,2277.9
round_robin,1,177,1,14.738,25.258,1.0,1.0,34,7,34,0,762,761,761,0.013284,0.026588,0.004343,1,1,1,2277.9
round_robin,1,178,11,14.403,25.053,1.0,1.0,35,7,35,0,765,765,765,0.012479,0.02645,0.004279,1,1,1,2277.9
round_robin,1,179,1,14.499,25.235,1.0,1.0,37,7,37,0,766,765,765,0.012579,0.026641,0.004278,1,1,1,2277.9
round_robin,2,0,0,12.0,12.811,1.0,1.0,0,0,0,0,0,0,0,0.01255,0.01284,0.010609,1,1,1,2443.0
round_robin,2,1,1,12.081,12.836,0.3333,0.3333,0,0,0,0,1,0,0,0.012795,0.01284,0.010609,1,1,1,2443.0
round_robin,2,2,1,11.495,12.753,0.6667,0.6667,41,0,41,3,1,1,0,0.012795,0.012371,0.00932,1,1,1,2443.0
round_robin,2,3,11,11.551,12.602,0.9883,0.9883,41,0,41,5,5,4,4,0.012524,0.012611,0.009517,1,1,1,2443.0
round_robin,2,4,1,11.477,12.528,0.9899,0.9899,41,0,41,6,5,5,4,0.01253,0.012508,0.009392,1,1,1,2443.0
round_robin,2,5,11,11.475,12.514,0.9968,0.9968,41,0,41,8,9,8,8,0.012514,0.012512,0.009399,1,1,1,2443.0
round_robin,2,6,1,11.62,12.595,0.9971,0.9971,41,0,41,9,9,9,8,0.012491,0.012606,0.009764,1,1,1,2443.0
round_robin,2,7,11,11.643,12.601,0.9985,0.9985,41,0,41,9,13,12,12,0.012558,0.012606,0.009764,1,1,1,2443.0
round_robin,2,8,1,11.378,12.557,0.9986,0.9986,41,0,41,11,13,13,12,0.012558,0.012552,0.009025,1,1,1,2443.0
round_robin,2,9,11,11.523,12.541,0.9992,0.9992,41,0,41,12,17,16,16,0.012547,0.012482,0.009541,1,1,1,2443.0
round_robin,2,10,1,12.008,13.308,0.9992,0.9992,41,0,41,14,17,17,16,0.013395,0.012528,0.010101,1,1,1,2443.0
round_robin,2,11,11,11.456,12.599,0.9995,0.9995,41,0,41,16,21,20,20,0.012603,0.012567,0.009199,1,1,1,2443.0
round_robin,2,12,1,11.517,12.593,0.9995,0.9995,41,0,41,17,21,21,20,0.012549,0.012598,0.009404,1,1,1,2443.0
round_robin,2,13,11,11.517,12.593,0.9996,0.9996,41,0,41,17,25,24,24,0.012549,0.012598,0.009404,1,1,1,2443.0
round_robin,2,14,1,11.636,12.65,0.9996,0.9996,41,0,41,19,25,25,24,0.012664,0.012526,0.009719,1,1,1,2443.0
round_robin,2,15,11,11.622,12.779,0.9997,0.9997,41,0,41,20,29,28,28,0.012806,0.012541,0.009518,1,1,1,2443.0
round_robin,2,16,1,11.819,12.622,0.9997,0.9997,41,0,41,22,29,29,28,0.012596,0.012625,0.010237,1,1,1,2443.0
round_robin,2,17,11,11.45,12.779,0.9998,0.9998,41,0,41,27,33,32,32,0.01281,0.012496,0.009045,1,1,1,2443.0
round_robin,2,18,1,11.487,12.585,0.9998,0.9998,41,0,41,25,33,33,32,0.012571,0.012586,0.009303,1,1,1,2443.0
round_robin,2,19,11,11.487,12.585,0.9998,0.9998,41,0,41,25,37,36,36,0.012571,0.012586,0.009303,1,1,1,2443.0
round_robin,2,20,1,11.872,12.612,0.9998,0.9998,41,0,41,27,37,37,36,0.012622,0.012522,0.010471,1,1,1,2443.0
round_robin,2,21,11,11.509,12.576,0.9999,0.9999,41,0,41,28,41,40,40,0.012508,0.012584,0.009436,1,1,1,2443.0
round_robin,2,22,1,11.577,12.63,0.9999,0.9999,41,0,41,30,41,41,40,0.01264,0.012537,0.009554,1,1,1,2443.0
round_robin,2,23,7,11.373,12.541,1.0,1.0,41,0,41,31,43,43,43,0.012482,0.012548,0.009089,1,1,1,2443.0
round_robin,2,24,4,11.463,12.698,0.9999,0.9999,41,0,41,31,45,44,44,0.01271,0.012589,0.009089,1,1,1,2443.0
round_robin,2,25,1,11.51,12.698,0.9999,0.9999,41,0,41,33,45,45,44,0.01271,0.012589,0.009232,1,1,1,2443.0
round_robin,2,26,11,11.614,12.661,0.9999,0.9999,41,0,41,35,49,48,48,0.012677,0.012518,0.009647,1,1,1,2443.0
round_robin,2,27,1,11.626,12.727,0.9999,0.9999,39,0,39,36,49,49,48,0.012747,0.012544,0.009588,1,1,1,2443.0
round_robin,2,28,11,11.436,12.596,0.9999,0.9999,39,0,39,38,53,52,52,0.012607,0.0125,0.0092,1,1,1,2443.0
round_robin,2,29,1,11.919,12.906,0.9999,0.9999,39,0,39,39,53,53,52,0.012949,0.01252,0.010287,1,1,1,2443.0
round_robin,2,30,11,11.561,12.636,0.9999,1.0,41,0,33,41,57,56,56,0.012641,0.012596,0.009447,0,1,1,2443.0
round_robin,2,31,1,11.561,12.636,0.9999,0.9999,41,0,33,41,57,57,56,0.012641,0.012596,0.009447,0,1,1,2443.0
round_robin,2,32,1,10.009,13.262,1.0,1.0,41,0,33,41,57,57,57,0.012431,0.013354,0.004242,0,1,1,2443.0
round_robin,2,33,1,9.807,12.586,0.9999,1.0,41,0,33,41,58,57,57,0.012592,0.012536,0.004292,0,1,1,2443.0
round_robin,2,34,1,9.842,12.658,0.9999,0.9999,41,0,33,41,58,58,57,0.012668,0.012565,0.004292,0,1,1,2443.0
round_robin,2,35,1,9.754,12.549,1.0,1.0,41,0,28,41,58,58,58,0.012353,0.012571,0.004337,0,1,1,2443.0
round_robin,2,36,1,9.845,12.614,0.9999,1.0,41,0,28,41,59,58,58,0.012579,0.012618,0.004337,0,1,1,2443.0
round_robin,2,37,1,9.833,12.614,0.9999,0.9999,41,0,28,41,59,59,58,0.012579,0.012618,0.004302,0,1,1,2443.0
round_robin,2,38,1,9.782,12.54,1.0,1.0,41,0,28,41,59,59,59,0.012542,0.012518,0.004287,0,1,1,2443.0
round_robin,2,39,1,9.926,12.877,0.9999,1.0,41,0,22,41,60,59,59,0.01291,0.012579,0.004289,0,1,1,2443.0
round_robin,2,40,1,9.884,12.832,0.9999,0.9999,41,0,22,41,60,60,59,0.012576,0.012861,0.004216,0,1,1,2443.0
round_robin,2,41,1,9.997,13.091,1.0,1.0,41,0,22,41,60,60,60,0.01258,0.013148,0.004262,0,1,1,2443.0
round_robin,2,42,1,9.784,12.582,0.9999,1.0,41,0,17,41,61,60,60,0.012592,0.012497,0.004262,0,1,1,2443.0
round_robin,2,43,1,9.79,12.582,0.9999,0.9999,41,0,17,41,61,61,60,0.012592,0.012497,0.004282,0,1,1,2443.0
round_robin,2,44,1,9.809,12.569,1.0,1.0,41,0,17,41,61,61,61,0.012573,0.012528,0.004327,0,1,1,2443.0
round_robin,2,45,1,9.791,12.586,0.9999,1.0,41,0,17,41,62,61,61,0.012596,0.012495,0.004281,0,1,1,2443.0
round_robin,2,46,1,9.966,12.9,0.9999,0.9999,41,0,17,41,62,62,61,0.01293,0.012633,0.004335,0,1,1,2443.0
round_robin,2,47,1,9.789,12.552,1.0,1.0,41,0,13,41,62,62,62,0.012554,0.012535,0.004277,0,1,1,2443.0
round_robin,2,48,1,9.793,12.557,0.9999,1.0,41,0,13,41,63,62,62,0.012559,0.012543,0.004277,0,1,1,2443.0
round_robin,2,49,1,9.837,12.557,0.9999,0.9999,41,0,13,41,63,63,62,0.012559,0.012543,0.004408,0,1,1,2443.0
round_robin,2,50,1,10.237,13.522,1.0,1.0,41,0,13,41,63,63,63,0.012598,0.013625,0.004488,0,1,1,2443.0
round_robin,2,51,1,9.871,12.667,0.9999,1.0,41,0,7,41,64,63,63,0.012567,0.012678,0.004367,0,1,1,2443.0
round_robin,2,52,1,9.795,12.568,0.9999,0.9999,41,0,7,41,64,64,63,0.012473,0.012579,0.004332,0,1,1,2443.0
round_robin,2,53,1,9.937,12.785,1.0,1.0,41,0,7,41,64,64,64,0.012723,0.012792,0.004295,0,1,1,2443.0
round_robin,2,54,1,9.839,12.615,0.9999,1.0,41,0,7,41,65,64,64,0.012605,0.012616,0.004295,0,1,1,2443.0
round_robin,2,55,1,9.901,12.615,0.9999,0.9999,41,0,7,41,65,65,64,0.012605,0.012616,0.004481,0,1,1,2443.0
round_robin,2,56,1,9.811,12.596,1.0,1.0,41,0,2,41,65,65,65,0.0126,0.012561,0.004273,0,1,1,2443.0
round_robin,2,57,1,9.846,12.661,0.9999,1.0,41,0,2,41,66,65,65,0.012673,0.012549,0.004315,0,1,1,2443.0
round_robin,2,58,1,9.767,12.513,0.9999,0.9999,41,0,2,41,66,66,65,0.0125,0.012514,0.004288,0,1,1,2443.0
round_robin,2,59,1,9.791,12.583,1.0,1.0,41,0,0,41,66,66,66,0.012491,0.012593,0.004288,0,1,1,2443.0
round_robin,2,60,1,9.916,12.829,0.9999,1.0,41,0,0,41,67,66,66,0.012608,0.012853,0.004288,0,1,1,2443.0
round_robin,2,61,0,9.909,12.829,0.9999,1.0,41,0,0,41,67,66,66,0.012608,0.012853,0.004267,0,1,1,2443.0
round_robin,2,62,1,10.202,12.736,1.0,0.9999,41,0,0,41,67,67,66,0.012725,0.012737,0.005143,0,1,1,2443.0
round_robin,2,63,1,9.998,13.032,1.0,1.0,36,0,0,36,67,67,67,0.013091,0.0125,0.004404,0,1,1,2443.0
round_robin,2,64,1,9.902,12.818,1.0,1.0,36,0,0,36,68,67,67,0.012845,0.012578,0.004282,0,1,1,2443.0
round_robin,2,65,1,9.772,12.531,1.0,0.9999,36,0,0,36,68,68,67,0.012537,0.012475,0.004303,0,1,1,2443.0
round_robin,2,66,1,9.81,12.57,1.0,1.0,36,0,0,36,68,68,68,0.012572,0.012555,0.004303,0,1,1,2443.0
round_robin,2,67,1,9.802,12.57,1.0,1.0,36,0,0,36,69,68,68,0.012572,0.012555,0.004278,0,1,1,2443.0
round_robin,2,68,1,9.821,12.603,1.0,0.9999,31,0,0,31,69,69,68,0.012614,0.012508,0.004341,0,1,1,2443.0
round_robin,2,69,1,9.809,12.588,1.0,1.0,31,0,0,31,69,69,69,0.012591,0.012556,0.004281,0,1,1,2443.0
round_robin,2,70,1,9.923,12.789,1.0,1.0,31,0,0,31,70,69,69,0.012808,0.012621,0.004341,0,1,1,2443.0
round_robin,2,71,1,9.799,12.564,1.0,0.9999,26,0,0,26,70,70,69,0.012546,0.012566,0.004286,0,1,1,2443.0
round_robin,2,72,1,9.817,12.596,1.0,1.0,26,0,0,26,70,70,70,0.012599,0.012566,0.004286,0,1,1,2443.0
round_robin,2,73,1,9.847,12.644,1.0,1.0,26,0,0,26,71,70,70,0.012599,0.012649,0.004292,0,1,1,2443.0
round_robin,2,74,1,9.788,12.554,1.0,0.9999,26,0,0,26,71,71,70,0.012501,0.01256,0.004302,0,1,1,2443.0
round_robin,2,75,1,9.771,12.562,1.0,1.0,26,0,0,26,71,71,71,0.012457,0.012574,0.004282,0,1,1,2443.0
round_robin,2,76,1,9.761,12.514,1.0,1.0,20,0,0,20,72,71,71,0.012519,0.012473,0.004291,0,1,1,2443.0
round_robin,2,77,1,9.978,12.872,1.0,1.0,20,0,0,20,72,72,71,0.012885,0.012757,0.004291,0,1,1,2443.0
round_robin,2,78,1,9.862,12.735,1.0,1.0,20,0,0,20,72,72,72,0.012538,0.012757,0.004291,0,1,1,2443.0
round_robin,2,79,1,9.848,12.557,1.0,1.0,20,0,0,20,73,72,72,0.012538,0.012559,0.004448,0,1,1,2443.0
round_robin,2,80,1,9.974,12.973,1.0,1.0,15,0,0,15,73,73,72,0.012609,0.013013,0.0043,0,1,1,2443.0
round_robin,2,81,1,9.875,12.731,1.0,1.0,15,0,0,15,73,73,73,0.012749,0.012571,0.004306,0,1,1,2443.0
round_robin,2,82,1,9.867,12.773,1.0,1.0,15,0,0,15,74,73,73,0.012802,0.012514,0.004285,0,1,1,2443.0
round_robin,2,83,1,9.76,12.538,1.0,1.0,10,0,0,10,74,74,73,0.012553,0.012405,0.004323,0,1,1,2443.0
round_robin,2,84,1,9.938,13.017,1.0,1.0,10,0,0,10,74,74,74,0.013085,0.012405,0.004323,0,1,1,2443.0
round_robin,2,85,1,9.973,13.03,1.0,1.0,10,0,0,10,75,74,74,0.013085,0.012538,0.004297,0,1,1,2443.0
round_robin,2,86,1,10.089,13.269,1.0,1.0,10,0,0,10,75,75,74,0.013343,0.012599,0.004326,0,1,1,2443.0
round_robin,2,87,1,10.103,13.371,1.0,1.0,10,0,0,10,75,75,75,0.012587,0.013458,0.004265,0,1,1,2443.0
round_robin,2,88,1,9.803,12.575,1.0,1.0,5,0,0,5,76,75,75,0.012577,0.012554,0.004277,0,1,1,2443.0
round_robin,2,89,1,10.041,13.259,1.0,1.0,5,0,0,5,76,76,75,0.013341,0.012525,0.004257,0,1,1,2443.0
round_robin,2,90,1,9.802,12.614,1.0,1.0,5,0,0,5,76,76,76,0.012624,0.012525,0.004257,1,1,1,2443.0
round_robin,2,91,11,9.927,12.675,1.0,1.0,5,0,0,5,80,80,79,0.012624,0.012681,0.004475,1,1,1,2443.0
round_robin,2,92,1,14.31,24.749,1.0,1.0,2,2,0,0,80,80,80,0.026097,0.012617,0.004216,1,1,1,2443.0
round_robin,2,93,11,14.242,24.538,1.0,1.0,3,3,0,0,84,84,83,0.025864,0.012606,0.004256,1,1,1,2443.0
round_robin,2,94,1,14.445,25.015,1.0,1.0,5,5,0,0,84,84,84,0.026392,0.012625,0.004317,1,1,1,2443.0
round_robin,2,95,11,14.426,25.12,1.0,1.0,6,6,0,0,88,88,87,0.026524,0.012482,0.004271,1,1,1,2443.0
round_robin,2,96,1,14.426,25.12,1.0,1.0,6,6,0,0,88,88,88,0.026524,0.012482,0.004271,1,1,1,2443.0
round_robin,2,97,0,14.374,24.682,1.0,1.0,8,8,0,0,88,88,88,0.026,0.012818,0.004304,1,1,1,2443.0
round_robin,2,98,11,14.449,25.031,1.0,1.0,10,10,0,0,92,92,91,0.026415,0.012577,0.004356,1,1,1,2443.0
round_robin,2,99,1,14.132,24.269,1.0,1.0,11,11,0,0,92,92,92,0.025571,0.012553,0.004272,1,1,1,2443.0
round_robin,2,100,11,14.536,25.06,1.0,1.0,13,13,0,0,96,96,95,0.026423,0.012798,0.004386,1,1,1,2443.0
round_robin,2,101,1,14.499,25.046,1.0,1.0,14,14,0,0,96,96,96,0.026419,0.012693,0.004386,1,1,1,2443.0
round_robin,2,102,11,14.483,25.046,1.0,1.0,14,14,0,0,100,100,99,0.026419,0.012693,0.004338,1,1,1,2443.0
round_robin,2,103,1,14.145,24.41,1.0,1.0,16,16,0,0,100,100,100,0.025741,0.012434,0.004259,1,1,1,2443.0
round_robin,2,104,11,14.277,24.651,1.0,1.0,18,18,0,0,104,104,103,0.025997,0.01254,0.004294,1,1,1,2443.0
round_robin,2,105,1,14.212,24.452,1.0,1.0,19,19,0,0,104,104,104,0.02577,0.012595,0.004271,1,1,1,2443.0
round_robin,2,106,11,14.296,24.617,1.0,1.0,21,21,0,0,108,108,107,0.025951,0.012612,0.004324,1,1,1,2443.0
round_robin,2,107,1,14.36,24.791,1.0,1.0,22,22,0,0,108,108,108,0.026144,0.012612,0.004324,1,1,1,2443.0
round_robin,2,108,11,14.32,24.786,1.0,1.0,22,22,0,0,112,112,111,0.026144,0.01256,0.004256,1,1,1,2443.0
round_robin,2,109,1,14.773,25.841,1.0,1.0,24,24,0,0,112,112,112,0.027299,0.012722,0.004298,1,1,1,2443.0
round_robin,2,110,11,14.605,24.882,1.0,1.0,25,25,0,0,116,116,115,0.026162,0.013359,0.004293,1,1,1,2443.0
round_robin,2,111,1,14.346,24.615,1.0,1.0,27,27,0,0,116,116,116,0.025919,0.012875,0.004243,1,1,1,2443.0
round_robin,2,112,11,14.468,25.166,1.0,1.0,29,29,0,0,120,120,119,0.026562,0.012607,0.004235,1,1,1,2443.0
round_robin,2,113,1,14.468,25.166,1.0,1.0,29,29,0,0,120,120,120,0.026562,0.012607,0.004235,1,1,1,2443.0
round_robin,2,114,11,14.298,24.776,1.0,1.0,30,30,0,0,124,124,123,0.02614,0.012499,0.004256,1,1,1,2443.0
round_robin,2,115,1,14.387,24.971,1.0,1.0,32,32,0,0,124,124,124,0.026354,0.012528,0.004279,1,1,1,2443.0
round_robin,2,116,11,14.417,24.993,1.0,1.0,33,33,0,0,128,128,127,0.026376,0.012547,0.004329,1,1,1,2443.0
round_robin,2,117,1,14.42,25.044,1.0,1.0,35,35,0,0,128,128,128,0.02643,0.01257,0.00426,1,1,1,2443.0
round_robin,2,118,11,14.422,25.045,1.0,1.0,37,37,0,0,132,132,131,0.02643,0.012577,0.00426,1,1,1,2443.0
round_robin,2,119,1,14.439,25.045,1.0,1.0,37,37,0,0,132,132,132,0.02643,0.012577,0.004309,1,1,1,2443.0
round_robin,2,120,11,14.411,24.959,1.0,1.0,38,38,0,0,136,136,135,0.026336,0.012562,0.004335,1,0,1,2443.0
round_robin,2,121,0,9.9,12.794,1.0,1.0,39,39,0,0,136,136,135,0.012575,0.012818,0.004306,1,0,1,2443.0
round_robin,2,122,1,9.931,12.9,1.0,1.0,39,39,0,0,136,136,136,0.012936,0.01258,0.004276,1,0,1,2443.0
round_robin,2,123,1,9.824,12.587,1.0,1.0,39,39,0,0,137,136,136,0.012587,0.012585,0.004299,1,0,1,2443.0
round_robin,2,124,1,9.923,12.856,1.0,1.0,39,39,0,0,137,137,136,0.012886,0.012585,0.004299,1,0,1,2443.0
round_robin,2,125,1,9.923,12.857,1.0,1.0,39,39,0,0,137,137,137,0.012886,0.012593,0.004289,1,0,1,2443.0
round_robin,2,126,1,9.834,12.629,1.0,1.0,39,39,0,0,138,137,137,0.012584,0.012634,0.004284,1,0,1,2443.0
round_robin,2,127,1,10.075,13.148,1.0,1.0,39,39,0,0,138,138,137,0.013192,0.012752,0.004281,1,0,1,2443.0
round_robin,2,128,1,9.856,12.675,1.0,1.0,39,39,0,0,138,138,138,0.012691,0.012533,0.004344,1,0,1,2443.0
round_robin,2,129,1,10.092,13.02,1.0,1.0,39,39,0,0,139,138,138,0.013045,0.012791,0.00444,1,0,1,2443.0
round_robin,2,130,1,9.924,12.749,1.0,1.0,39,39,0,0,139,139,138,0.012561,0.01277,0.00444,1,0,1,2443.0
round_robin,2,131,1,9.87,12.749,1.0,1.0,39,39,0,0,139,139,139,0.012561,0.01277,0.004278,1,0,1,2443.0
round_robin,2,132,1,9.763,12.457,1.0,1.0,39,39,0,0,140,139,139,0.012452,0.012458,0.00438,1,0,1,2443.0
round_robin,2,133,1,9.781,12.578,1.0,1.0,39,39,0,0,140,140,139,0.012459,0.012591,0.004293,1,0,1,2443.0
round_robin,2,134,1,9.806,12.569,1.0,1.0,39,39,0,0,140,140,140,0.012571,0.012554,0.004294,1,0,1,2443.0
round_robin,2,135,1,9.812,12.597,1.0,1.0,39,39,0,0,141,140,140,0.012603,0.012543,0.004289,1,0,1,2443.0
round_robin,2,136,1,9.908,12.878,1.0,1.0,39,39,0,0,141,141,140,0.012518,0.012918,0.004289,1,0,1,2443.0
round_robin,2,137,1,10.022,12.878,1.0,1.0,39,39,0,0,141,141,141,0.012518,0.012918,0.004631,1,0,1,2443.0
round_robin,2,138,1,9.809,12.619,1.0,1.0,39,39,0,0,142,141,141,0.012633,0.012489,0.004304,1,0,1,2443.0
round_robin,2,139,1,9.962,12.908,1.0,1.0,39,39,0,0,142,142,141,0.012617,0.01294,0.00433,1,0,1,2443.0
round_robin,2,140,1,9.973,13.001,1.0,1.0,39,39,0,0,142,142,142,0.013048,0.01258,0.004291,1,0,1,2443.0
round_robin,2,141,1,9.89,12.755,1.0,1.0,39,39,0,0,143,142,142,0.012776,0.012563,0.004331,1,0,1,2443.0
round_robin,2,142,1,9.914,12.774,1.0,1.0,39,39,0,0,143,143,142,0.012791,0.012619,0.004331,1,0,1,2443.0
round_robin,2,143,1,9.94,12.774,1.0,1.0,39,39,0,0,143,143,143,0.012791,0.012619,0.004411,1,0,1,2443.0
round_robin,2,144,1,9.949,12.979,1.0,1.0,39,39,0,0,144,143,143,0.013028,0.012534,0.004284,1,0,1,2443.0
round_robin,2,145,1,9.838,12.645,1.0,1.0,39,39,0,0,144,144,143,0.012658,0.012523,0.004333,1,0,1,2443.0
round_robin,2,146,1,9.91,12.846,1.0,1.0,39,39,0,0,144,144,144,0.012584,0.012875,0.00427,1,0,1,2443.0
round_robin,2,147,1,9.877,12.783,1.0,1.0,39,39,0,0,145,144,144,0.01281,0.01254,0.00428,1,0,1,2443.0
round_robin,2,148,1,9.942,12.778,1.0,1.0,39,39,0,0,145,145,144,0.01278,0.012765,0.00428,1,0,1,2443.0
round_robin,2,149,1,9.962,12.778,1.0,1.0,39,39,0,0,145,145,145,0.01278,0.012765,0.004342,1,0,1,2443.0
round_robin,2,150,1,9.796,12.576,1.0,1.0,39,39,0,0,146,145,145,0.012583,0.012514,0.004291,1,1,1,2443.0
round_robin,2,151,11,19.291,38.082,1.0,1.0,39,39,1,0,149,149,149,0.012652,0.040908,0.004314,1,1,1,2443.0
round_robin,2,152,1,14.753,25.058,1.0,1.0,39,39,3,0,150,149,149,0.01261,0.026441,0.005208,1,1,1,2443.0
round_robin,2,153,11,14.357,24.834,1.0,1.0,36,36,4,0,153,153,153,0.012635,0.026189,0.004247,1,1,1,2443.0
round_robin,2,154,1,14.457,24.864,1.0,1.0,36,36,4,0,154,153,153,0.012936,0.026189,0.004247,1,1,1,2443.0
round_robin,2,155,11,14.467,24.826,1.0,1.0,36,36,6,0,157,157,157,0.012936,0.026147,0.004319,1,1,1,2443.0
round_robin,2,156,1,14.33,24.804,1.0,1.0,36,36,8,0,158,157,157,0.012517,0.026169,0.004303,1,1,1,2443.0
round_robin,2,157,1,14.471,25.046,1.0,1.0,36,36,9,0,158,158,157,0.012706,0.026417,0.00429,1,1,1,2443.0
round_robin,2,158,10,14.318,24.762,1.0,1.0,31,31,11,0,161,161,161,0.012548,0.026119,0.004288,1,1,1,2443.0
round_robin,2,159,1,14.964,25.055,1.0,1.0,31,31,12,0,162,161,161,0.013387,0.026352,0.005154,1,1,1,2443.0
round_robin,2,160,11,14.964,25.055,1.0,1.0,31,31,12,0,165,165,165,0.013387,0.026352,0.005154,1,1,1,2443.0
round_robin,2,161,1,14.217,24.501,1.0,1.0,31,31,14,0,166,165,165,0.012526,0.025832,0.004294,1,1,1,2443.0
round_robin,2,162,11,14.369,24.904,1.0,1.0,26,26,16,0,169,169,169,0.012535,0.026278,0.004293,1,1,1,2443.0
round_robin,2,163,1,14.336,24.738,1.0,1.0,26,26,17,0,170,169,169,0.012631,0.026083,0.004293,1,1,1,2443.0
round_robin,2,164,11,14.53,25.203,1.0,1.0,26,26,19,0,173,173,173,0.012582,0.026605,0.004404,1,1,1,2443.0
round_robin,2,165,1,14.73,25.825,1.0,1.0,20,20,20,0,174,173,173,0.01261,0.027293,0.004286,1,1,1,2443.0
round_robin,2,166,11,14.73,25.825,1.0,1.0,20,20,20,0,177,177,177,0.01261,0.027293,0.004286,1,1,1,2443.0
round_robin,2,167,1,14.298,24.651,1.0,1.0,22,20,22,0,178,177,177,0.012608,0.025989,0.004297,1,1,1,2443.0
round_robin,2,168,11,14.341,24.747,1.0,1.0,23,20,23,0,181,181,181,0.012619,0.026095,0.004309,1,1,1,2443.0
round_robin,2,169,1,14.349,24.914,1.0,1.0,25,20,25,0,182,181,181,0.012477,0.026296,0.004273,1,1,1,2443.0
round_robin,2,170,11,14.714,24.505,1.0,1.0,27,15,27,0,185,185,185,0.013204,0.025761,0.005178,1,1,1,2443.0
round_robin,2,171,1,14.617,24.755,1.0,1.0,28,15,28,0,186,185,185,0.012562,0.02611,0.005178,1,1,1,2443.0
round_robin,2,172,11,14.331,24.755,1.0,1.0,28,15,28,0,189,189,189,0.012562,0.02611,0.004321,1,1,1,2443.0
round_robin,2,173,1,14.22,24.318,1.0,1.0,30,15,30,0,190,189,189,0.012734,0.025605,0.004322,1,1,1,2443.0
round_robin,2,174,11,14.321,24.635,1.0,1.0,31,10,31,0,193,193,193,0.012683,0.025963,0.004316,1,1,1,2443.0
round_robin,2,175,1,14.281,24.716,1.0,1.0,33,10,33,0,194,193,193,0.012494,0.026074,0.004274,1,1,1,2443.0
round_robin,2,176,11,14.562,24.746,1.0,1.0,36,10,36,0,197,197,197,0.012633,0.026092,0.004962,1,1,1,2443.0
round_robin,2,177,1,14.644,24.771,1.0,1.0,36,10,36,0,198,197,197,0.012878,0.026092,0.004962,1,1,1,2443.0
round_robin,2,178,11,14.299,24.45,1.0,1.0,36,10,36,0,201,201,201,0.012878,0.025736,0.004283,1,1,1,2443.0
round_robin,2,179,1,14.896,25.92,1.0,1.0,38,4,38,0,202,201,201,0.013087,0.027346,0.004255,1,1,1,2443.0
round_robin,3,0,0,11.596,12.557,1.0,1.0,0,0,0,0,0,0,0,0.012495,0.012564,0.00973,1,1,1,2441.5
round_robin,3,1,1,11.524,12.6,0.3333,0.3333,43,0,43,3,1,0,0,0.012543,0.012606,0.009424,1,1,1,2441.5
round_robin,3,2,1,11.628,12.547,0.6667,0.6667,43,0,43,4,1,1,0,0.012534,0.012549,0.009802,1,1,1,2441.5
round_robin,3,3,11,11.746,12.852,0.9883,0.9883,43,0,43,4,5,4,4,0.012886,0.012549,0.009802,1,1,1,2441.5
round_robin,3,4,1,11.603,12.854,0.9899,0.9899,43,0,43,6,5,5,4,0.012886,0.012569,0.009355,1,1,1,2441.5
round_robin,3,5,11,11.471,12.699,0.9968,0.9968,43,0,43,8,9,8,8,0.012722,0.012492,0.009199,1,1,1,2441.5
round_robin,3,6,1,11.84,13.222,0.9971,0.9971,43,0,43,9,9,9,8,0.012727,0.013277,0.009516,1,1,1,2441.5
round_robin,3,7,11,11.516,12.689,0.9985,0.9985,43,0,43,11,13,12,12,0.012698,0.012606,0.009245,1,1,1,2441.5
round_robin,3,8,1,11.472,12.606,0.9986,0.9986,43,0,43,12,13,13,12,0.012565,0.01261,0.00924,1,1,1,2441.5
round_robin,3,9,11,11.472,12.606,0.9992,0.9992,43,0,43,12,17,16,16,0.012565,0.01261,0.00924,1,1,1,2441.5
round_robin,3,10,1,11.419,12.783,0.9992,0.9992,43,0,43,14,17,17,16,0.012426,0.012823,0.009009,1,1,1,2441.5
round_robin,3,11,11,11.583,12.792,0.9995,0.9995,43,0,43,15,21,20,20,0.012491,0.012825,0.009433,1,1,1,2441.5
round_robin,3,12,1,11.532,12.511,0.9995,0.9995,43,0,43,17,21,21,20,0.012522,0.012416,0.009657,1,1,1,2441.5
round_robin,3,13,11,11.811,13.283,0.9996,0.9996,43,0,43,19,25,24,24,0.012614,0.013357,0.009461,1,1,1,2441.5
round_robin,3,14,1,11.407,12.627,0.9996,0.9996,43,0,43,20,25,25,24,0.012527,0.012638,0.009056,1,1,1,2441.5
round_robin,3,15,11,11.407,12.627,0.9997,0.9997,43,0,43,20,29,28,28,0.012527,0.012638,0.009056,1,1,1,2441.5
round_robin,3,16,1,11.547,12.619,0.9997,0.9997,43,0,43,22,29,29,28,0.012624,0.012571,0.009445,1,1,1,2441.5
round_robin,3,17,11,11.706,12.909,0.9998,0.9998,43,0,43,23,33,32,32,0.012576,0.012946,0.009597,1,1,1,2441.5
round_robin,3,18,1,11.586,12.666,0.9998,0.9998,43,0,43,25,33,33,32,0.012683,0.012513,0.009561,1,1,1,2441.5
round_robin,3,19,11,11.533,12.746,0.9998,0.9998,43,0,43,26,37,36,36,0.012542,0.012769,0.009289,1,1,1,2441.5
round_robin,3,20,1,11.43,12.602,0.9998,0.9998,43,0,43,28,37,37,36,0.012568,0.012606,0.009115,1,1,1,2441.5
round_robin,3,21,1,11.43,12.602,1.0,1.0,43,0,43,28,37,37,37,0.012568,0.012606,0.009115,1,1,1,2441.5
round_robin,3,22,10,11.463,12.415,0.9999,0.9999,43,0,43,30,41,40,40,0.012391,0.012418,0.009579,1,1,1,2441.5
round_robin,3,23,1,11.548,12.582,0.9999,0.9999,43,0,43,31,41,41,40,0.012598,0.012443,0.009602,1,1,1,2441.5
round_robin,3,24,11,12.506,13.508,0.9999,0.9999,43,0,43,33,45,44,44,0.013603,0.012657,0.011257,1,1,1,2441.5
round_robin,3,25,1,11.616,12.714,0.9999,0.9999,43,0,43,34,45,45,44,0.012593,0.012727,0.009528,1,1,1,2441.5
round_robin,3,26,11,11.701,12.796,0.9999,0.9999,43,0,43,36,49,48,48,0.012664,0.012811,0.009627,1,1,1,2441.5
round_robin,3,27,1,11.701,12.796,0.9999,0.9999,43,0,43,36,49,49,48,0.012664,0.012811,0.009627,1,1,1,2441.5
round_robin,3,28,11,11.518,12.533,0.9999,0.9999,43,0,43,37,53,52,52,0.012535,0.012515,0.009503,1,1,1,2441.5
round_robin,3,29,1,11.683,12.783,0.9999,0.9999,39,0,38,39,53,53,52,0.012808,0.012559,0.009682,1,1,1,2441.5
round_robin,3,30,11,11.644,12.905,0.9999,1.0,41,0,38,41,57,56,56,0.012943,0.012562,0.009428,0,1,1,2441.5
round_robin,3,31,1,9.758,12.519,0.9999,0.9999,41,0,38,41,57,57,56,0.012488,0.012522,0.004263,0,1,1,2441.5
round_robin,3,32,1,9.822,12.587,1.0,1.0,41,0,32,41,57,57,57,0.012574,0.012588,0.004303,0,1,1,2441.5
round_robin,3,33,1,9.822,12.587,0.9999,1.0,41,0,32,41,58,57,57,0.012574,0.012588,0.004303,0,1,1,2441.5
round_robin,3,34,1,10.12,13.28,0.9999,0.9999,41,0,32,41,58,58,57,0.012698,0.013345,0.004318,0,1,1,2441.5
round_robin,3,35,1,9.851,12.687,1.0,1.0,41,0,32,41,58,58,58,0.012575,0.012699,0.00428,0,1,1,2441.5
round_robin,3,36,1,9.952,12.866,0.9999,1.0,41,0,32,41,59,58,58,0.012888,0.012666,0.004303,0,1,1,2441.5
round_robin,3,37,1,9.78,12.585,0.9999,0.9999,41,0,27,41,59,59,58,0.012603,0.012419,0.004318,0,1,1,2441.5
round_robin,3,38,1,9.895,12.806,1.0,1.0,41,0,27,41,59,59,59,0.012531,0.012836,0.004318,0,1,1,2441.5
round_robin,3,39,1,9.916,12.806,0.9999,1.0,41,0,27,41,60,59,59,0.012531,0.012836,0.004382,0,1,1,2441.5
round_robin,3,40,1,9.895,12.748,0.9999,0.9999,41,0,27,41,60,60,59,0.01276,0.012638,0.004288,0,1,1,2441.5
round_robin,3,41,1,9.837,12.595,1.0,1.0,41,0,22,41,60,60,60,0.0126,0.012554,0.004356,0,1,1,2441.5
round_robin,3,42,1,9.816,12.611,0.9999,1.0,41,0,22,41,61,60,60,0.012617,0.012554,0.004278,0,1,1,2441.5
round_robin,3,43,1,10.063,13.227,0.9999,0.9999,41,0,22,41,61,61,60,0.0133,0.012571,0.004317,0,1,1,2441.5
round_robin,3,44,1,9.857,12.709,1.0,1.0,41,0,22,41,61,61,61,0.012726,0.012556,0.004289,0,1,1,2441.5
round_robin,3,45,1,9.857,12.709,0.9999,1.0,41,0,22,41,62,61,61,0.012726,0.012556,0.004289,0,1,1,2441.5
round_robin,3,46,1,9.775,12.559,0.9999,0.9999,41,0,16,41,62,62,61,0.012569,0.012472,0.004285,0,1,1,2441.5
round_robin,3,47,1,9.814,12.59,1.0,1.0,41,0,16,41,62,62,62,0.012515,0.012598,0.004328,0,1,1,2441.5
round_robin,3,48,1,9.889,12.797,0.9999,1.0,41,0,16,41,63,62,62,0.012824,0.012554,0.004289,0,1,1,2441.5
round_robin,3,49,1,10.181,13.438,0.9999,0.9999,41,0,11,41,63,63,62,0.013518,0.012713,0.004313,0,1,1,2441.5
round_robin,3,50,1,9.828,12.606,1.0,1.0,41,0,11,41,63,63,63,0.012609,0.012576,0.004298,0,1,1,2441.5
round_robin,3,51,1,9.828,12.606,0.9999,1.0,41,0,11,41,64,63,63,0.012609,0.012576,0.004298,0,1,1,2441.5
round_robin,3,52,1,9.779,12.573,0.9999,0.9999,41,0,11,41,64,64,63,0.01244,0.012588,0.004309,0,1,1,2441.5
round_robin,3,53,1,9.863,12.696,1.0,1.0,41,0,5,41,64,64,64,0.012574,0.012709,0.004307,0,1,1,2441.5
round_robin,3,54,1,9.994,13.078,0.9999,1.0,41,0,5,41,65,64,64,0.01314,0.012521,0.00432,0,1,1,2441.5
round_robin,3,55,0,10.22,12.618,0.9999,1.0,41,0,5,41,65,64,64,0.01255,0.012626,0.005483,0,1,1,2441.5
round_robin,3,56,1,9.816,12.604,0.9999,0.9999,41,0,5,41,65,65,64,0.012611,0.012541,0.004297,0,1,1,2441.5
round_robin,3,57,1,9.816,12.604,1.0,1.0,41,0,5,41,65,65,65,0.012611,0.012541,0.004297,0,1,1,2441.5
round_robin,3,58,1,9.862,12.753,0.9999,1.0,41,0,1,41,66,65,65,0.012527,0.012778,0.004281,0,1,1,2441.5
round_robin,3,59,1,9.87,12.722,0.9999,0.9999,41,0,1,41,66,66,65,0.012611,0.012734,0.004265,0,1,1,2441.5
round_robin,3,60,1,10.173,12.783,1.0,1.0,41,0,1,41,66,66,66,0.012798,0.012646,0.005075,0,1,1,2441.5
round_robin,3,61,1,9.924,12.816,0.9999,1.0,39,0,0,39,67,66,66,0.012837,0.012628,0.004306,0,1,1,2441.5
round_robin,3,62,1,9.835,12.598,1.0,0.9999,39,0,0,39,67,67,66,0.012598,0.012594,0.004314,0,1,1,2441.5
round_robin,3,63,1,9.835,12.598,1.0,1.0,39,0,0,39,67,67,67,0.012598,0.012594,0.004314,0,1,1,2441.5
round_robin,3,64,1,10.207,13.287,1.0,1.0,39,0,0,39,68,67,67,0.013347,0.012752,0.004522,0,1,1,2441.5
round_robin,3,65,1,9.832,12.622,1.0,0.9999,39,0,0,39,68,68,67,0.012571,0.012628,0.004296,0,1,1,2441.5
round_robin,3,66,1,9.811,12.59,1.0,1.0,33,0,0,33,68,68,68,0.012566,0.012593,0.004275,0,1,1,2441.5
round_robin,3,67,1,9.79,12.537,1.0,1.0,33,0,0,33,69,68,68,0.012523,0.012539,0.004308,0,1,1,2441.5
round_robin,3,68,1,9.869,12.694,1.0,0.9999,33,0,0,33,69,69,68,0.012703,0.012609,0.004296,0,1,1,2441.5
round_robin,3,69,1,9.869,12.694,1.0,1.0,33,0,0,33,69,69,69,0.012703,0.012609,0.004296,0,1,1,2441.5
round_robin,3,70,1,9.839,12.614,1.0,1.0,28,0,0,28,70,69,69,0.012615,0.012609,0.004293,0,1,1,2441.5
round_robin,3,71,1,9.854,12.699,1.0,0.9999,28,0,0,28,70,70,69,0.012576,0.012713,0.004272,0,1,1,2441.5
round_robin,3,72,1,9.866,12.775,1.0,1.0,28,0,0,28,70,70,70,0.012585,0.012796,0.004217,0,1,1,2441.5
round_robin,3,73,1,9.773,12.523,1.0,1.0,23,0,0,23,71,70,70,0.012525,0.012504,0.00429,0,1,1,2441.5
round_robin,3,74,1,10.024,13.002,1.0,0.9999,23,0,0,23,71,71,70,0.012781,0.013027,0.004265,0,1,1,2441.5
round_robin,3,75,1,10.024,13.002,1.0,1.0,23,0,0,23,71,71,71,0.012781,0.013027,0.004265,0,1,1,2441.5
round_robin,3,76,1,9.914,12.803,1.0,1.0,23,0,0,23,72,71,71,0.012604,0.012825,0.004313,0,1,1,2441.5
round_robin,3,77,1,9.793,12.591,1.0,1.0,23,0,0,23,72,72,71,0.012594,0.012561,0.004223,0,1,1,2441.5
round_robin,3,78,1,9.82,12.573,1.0,1.0,18,0,0,18,72,72,72,0.012573,0.012569,0.004319,0,1,1,2441.5
round_robin,3,79,1,10.0,12.874,1.0,1.0,18,0,0,18,73,72,72,0.012882,0.012798,0.00432,0,1,1,2441.5
round_robin,3,80,1,9.809,12.613,1.0,1.0,18,0,0,18,73,73,72,0.012509,0.012625,0.004292,0,1,1,2441.5
round_robin,3,81,1,9.809,12.613,1.0,1.0,18,0,0,18,73,73,73,0.012509,0.012625,0.004292,0,1,1,2441.5
round_robin,3,82,1,9.782,12.56,1.0,1.0,13,0,0,13,74,73,73,0.012527,0.012564,0.004256,0,1,1,2441.5
round_robin,3,83,1,9.89,12.882,1.0,1.0,13,0,0,13,74,74,73,0.012456,0.012929,0.004286,0,1,1,2441.5
round_robin,3,84,1,9.911,12.824,1.0,1.0,13,0,0,13,74,74,74,0.012604,0.012848,0.00428,0,1,1,2441.5
round_robin,3,85,1,9.821,12.548,1.0,1.0,13,0,0,13,75,74,74,0.012537,0.012549,0.004377,0,1,1,2441.5
round_robin,3,86,1,9.94,12.778,1.0,1.0,7,0,0,7,75,75,74,0.012793,0.012644,0.004384,0,1,1,2441.5
round_robin,3,87,1,9.94,12.778,1.0,1.0,7,0,0,7,75,75,75,0.012793,0.012644,0.004384,0,1,1,2441.5
round_robin,3,88,1,9.782,12.502,1.0,1.0,7,0,0,7,76,75,75,0.01248,0.012505,0.004361,0,1,1,2441.5
round_robin,3,89,1,10.111,13.295,1.0,1.0,7,0,0,7,76,76,75,0.013363,0.012685,0.004286,0,1,1,2441.5
round_robin,3,90,1,9.82,12.575,1.0,1.0,2,0,0,2,76,76,76,0.01258,0.012534,0.004346,1,1,1,2441.5
round_robin,3,91,11,15.637,28.055,1.0,1.0,2,1,0,2,80,80,79,0.029743,0.012863,0.004304,1,1,1,2441.5
round_robin,3,92,1,14.636,24.844,1.0,1.0,3,3,0,2,80,80,80,0.026102,0.013526,0.004279,1,1,1,2441.5
round_robin,3,93,7,14.636,24.844,1.0,1.0,3,3,0,2,83,82,82,0.026102,0.013526,0.004279,1,1,1,2441.5
round_robin,3,94,4,14.516,24.84,1.0,1.0,5,5,0,0,84,84,83,0.026185,0.012737,0.004627,1,1,1,2441.5
round_robin,3,95,1,14.308,24.759,1.0,1.0,6,6,0,0,84,84,84,0.026116,0.012551,0.004256,1,1,1,2441.5
round_robin,3,96,11,14.441,25.083,1.0,1.0,8,8,0,0,88,88,87,0.026475,0.012552,0.004295,1,1,1,2441.5
round_robin,3,97,1,14.317,24.792,1.0,1.0,9,9,0,0,88,88,88,0.02615,0.01257,0.00423,1,1,1,2441.5
round_robin,3,98,11,14.399,24.983,1.0,1.0,11,11,0,0,92,92,91,0.026358,0.012608,0.00423,1,1,1,2441.5
round_robin,3,99,1,14.415,24.983,1.0,1.0,11,11,0,0,92,92,92,0.026358,0.012608,0.00428,1,1,1,2441.5
round_robin,3,100,11,14.271,24.706,1.0,1.0,12,12,0,0,96,96,95,0.026059,0.012532,0.004221,1,1,1,2441.5
round_robin,3,101,1,14.349,24.802,1.0,1.0,14,14,0,0,96,96,96,0.026153,0.012641,0.004254,1,1,1,2441.5
round_robin,3,102,11,14.398,25.006,1.0,1.0,16,16,0,0,100,100,99,0.026392,0.012529,0.004272,1,1,1,2441.5
round_robin,3,103,1,14.678,25.633,1.0,1.0,17,17,0,0,100,100,100,0.02707,0.012702,0.004263,1,1,1,2441.5
round_robin,3,104,11,14.338,24.715,1.0,1.0,19,19,0,0,104,104,103,0.02605,0.012702,0.004263,1,1,1,2441.5
round_robin,3,105,1,14.301,24.701,1.0,1.0,19,19,0,0,104,104,104,0.02605,0.012559,0.004294,1,1,1,2441.5
round_robin,3,106,11,14.326,24.675,1.0,1.0,20,20,0,0,108,108,107,0.026009,0.012669,0.0043,1,1,1,2441.5
round_robin,3,107,1,14.746,25.799,1.0,1.0,22,22,0,0,108,108,108,0.027258,0.012667,0.004314,1,1,1,2441.5
round_robin,3,108,11,14.142,24.369,1.0,1.0,23,23,0,0,112,112,111,0.025693,0.012456,0.004278,1,1,1,2441.5
round_robin,3,109,1,14.413,24.821,1.0,1.0,25,25,0,0,112,112,112,0.026157,0.012796,0.004285,1,1,1,2441.5
round_robin,3,110,11,14.413,24.821,1.0,1.0,25,25,0,0,116,116,115,0.026157,0.012796,0.004285,1,1,1,2441.5
round_robin,3,111,1,14.535,24.622,1.0,1.0,27,27,0,0,116,116,116,0.025956,0.012612,0.005038,1,1,1,2441.5
round_robin,3,112,11,14.327,24.594,1.0,1.0,28,28,0,0,120,120,119,0.025907,0.01278,0.004293,1,1,1,2441.5
round_robin,3,113,1,14.651,25.048,1.0,1.0,30,30,0,0,120,120,120,0.026353,0.013306,0.004295,1,1,1,2441.5
round_robin,3,114,11,14.362,24.819,1.0,1.0,31,31,0,0,124,124,123,0.026177,0.0126,0.004309,1,1,1,2441.5
round_robin,3,115,1,14.325,24.668,1.0,1.0,33,33,0,0,124,124,124,0.026002,0.012664,0.004309,1,1,1,2441.5
round_robin,3,116,1,14.327,24.668,1.0,1.0,33,33,0,0,125,124,124,0.026002,0.012664,0.004314,1,1,1,2441.5
round_robin,3,117,10,14.391,24.925,1.0,1.0,35,35,0,0,128,128,127,0.026293,0.01261,0.00427,1,1,1,2441.5
round_robin,3,118,1,14.443,24.986,1.0,1.0,36,36,0,0,128,128,128,0.02636,0.012615,0.004355,1,1,1,2441.5
round_robin,3,119,11,14.464,25.144,1.0,1.0,38,38,0,0,132,132,131,0.026539,0.012589,0.004264,1,1,1,2441.5
round_robin,3,120,1,14.117,24.216,1.0,1.0,39,39,0,0,132,132,132,0.025509,0.012582,0.004261,1,0,1,2441.5
round_robin,3,121,1,9.823,12.621,1.0,1.0,39,39,0,0,133,132,132,0.012625,0.012582,0.004261,1,0,1,2441.5
round_robin,3,122,1,9.799,12.615,1.0,1.0,39,39,0,0,133,133,132,0.012625,0.01252,0.004252,1,0,1,2441.5
round_robin,3,123,1,9.816,12.634,1.0,1.0,39,39,0,0,133,133,133,0.012647,0.012512,0.00429,1,0,1,2441.5
round_robin,3,124,1,10.403,13.301,1.0,1.0,39,39,0,0,134,133,133,0.013363,0.012745,0.0051,1,0,1,2441.5
round_robin,3,125,1,10.085,13.308,1.0,1.0,39,39,0,0,134,134,133,0.012585,0.013388,0.004282,1,0,1,2441.5
round_robin,3,126,1,9.884,12.763,1.0,1.0,39,39,0,0,134,134,134,0.012782,0.012593,0.004277,1,0,1,2441.5
round_robin,3,127,1,9.868,12.734,1.0,1.0,39,39,0,0,135,134,134,0.012577,0.012751,0.004277,1,0,1,2441.5
round_robin,3,128,1,9.87,12.734,1.0,1.0,39,39,0,0,135,135,134,0.012577,0.012751,0.004283,1,0,1,2441.5
round_robin,3,129,1,9.972,12.869,1.0,1.0,39,39,0,0,135,135,135,0.012882,0.012751,0.004283,1,0,1,2441.5
round_robin,3,130,1,9.891,12.773,1.0,1.0,39,39,0,0,136,135,135,0.012798,0.012551,0.004324,1,0,1,2441.5
round_robin,3,131,1,9.787,12.581,1.0,1.0,39,39,0,0,136,136,135,0.012552,0.012584,0.004224,1,0,1,2441.5
round_robin,3,132,1,9.781,12.558,1.0,1.0,39,39,0,0,136,136,136,0.012563,0.012515,0.004265,1,0,1,2441.5
round_robin,3,133,1,9.911,12.831,1.0,1.0,39,39,0,0,137,136,136,0.012855,0.012612,0.004265,1,0,1,2441.5
round_robin,3,134,1,9.922,12.831,1.0,1.0,39,39,0,0,137,137,136,0.012855,0.012612,0.004298,1,0,1,2441.5
round_robin,3,135,1,9.826,12.608,1.0,1.0,39,39,0,0,137,137,137,0.012613,0.01256,0.004306,1,0,1,2441.5
round_robin,3,136,1,9.786,12.557,1.0,1.0,39,39,0,0,138,137,137,0.01253,0.01256,0.004267,1,0,1,2441.5
round_robin,3,137,1,9.833,12.644,1.0,1.0,39,39,0,0,138,138,137,0.012657,0.012524,0.004317,1,0,1,2441.5
round_robin,3,138,1,9.821,12.634,1.0,1.0,39,39,0,0,138,138,138,0.012646,0.012529,0.004289,1,0,1,2441.5
round_robin,3,139,1,9.796,12.571,1.0,1.0,39,39,0,0,139,138,138,0.012577,0.012522,0.004289,1,0,1,2441.5
round_robin,3,140,1,9.796,12.571,1.0,1.0,39,39,0,0,139,139,138,0.012577,0.012522,0.004289,1,0,1,2441.5
round_robin,3,141,1,9.814,12.599,1.0,1.0,39,39,0,0,139,139,139,0.012604,0.01255,0.004287,1,0,1,2441.5
round_robin,3,142,1,9.886,12.744,1.0,1.0,39,39,0,0,140,139,139,0.012764,0.012567,0.004326,1,0,1,2441.5
round_robin,3,143,1,10.148,13.525,1.0,1.0,39,39,0,0,140,140,139,0.013639,0.0125,0.004305,1,0,1,2441.5
round_robin,3,144,1,9.824,12.624,1.0,1.0,39,39,0,0,140,140,140,0.012594,0.012627,0.004252,1,0,1,2441.5
round_robin,3,145,1,9.797,12.625,1.0,1.0,39,39,0,0,141,140,140,0.0125,0.012639,0.004252,1,0,1,2441.5
round_robin,3,146,1,9.856,12.625,1.0,1.0,39,39,0,0,141,141,140,0.0125,0.012639,0.00443,1,0,1,2441.5
round_robin,3,147,1,9.907,12.807,1.0,1.0,39,39,0,0,141,141,141,0.012495,0.012842,0.004384,1,0,1,2441.5
round_robin,3,148,1,9.782,12.567,1.0,1.0,39,39,0,0,142,141,141,0.012572,0.012524,0.004251,1,0,1,2441.5
round_robin,3,149,1,9.786,12.547,1.0,1.0,39,39,0,0,142,142,141,0.012529,0.012549,0.004281,1,0,1,2441.5
round_robin,3,150,1,9.81,12.584,1.0,1.0,39,39,0,0,142,142,142,0.012585,0.012575,0.004269,1,1,1,2441.5
round_robin,3,151,1,9.808,12.579,1.0,1.0,39,39,0,0,143,142,142,0.01258,0.012575,0.004269,1,1,1,2441.5
round_robin,3,152,11,17.116,32.287,1.0,1.0,39,39,1,0,146,146,146,0.01258,0.034477,0.00429,1,1,1,2441.5
round_robin,3,153,0,14.322,24.712,1.0,1.0,39,39,3,0,146,146,146,0.01263,0.026054,0.004281,1,1,1,2441.5
round_robin,3,154,1,14.465,25.151,1.0,1.0,39,39,4,0,147,146,146,0.012463,0.026561,0.004371,1,1,1,2441.5
round_robin,3,155,11,14.36,24.815,1.0,1.0,33,33,6,0,150,150,150,0.012549,0.026178,0.004352,1,1,1,2441.5
round_robin,3,156,1,14.29,24.691,1.0,1.0,33,33,7,0,151,150,150,0.012468,0.026049,0.004352,1,1,1,2441.5
round_robin,3,157,11,14.263,24.691,1.0,1.0,33,33,7,0,154,154,154,0.012468,0.026049,0.004273,1,1,1,2441.5
round_robin,3,158,1,14.225,24.421,1.0,1.0,33,33,9,0,155,154,154,0.012518,0.025744,0.004414,1,1,1,2441.5
round_robin,3,159,11,14.591,25.69,1.0,1.0,33,33,11,0,158,158,158,0.012339,0.027174,0.00426,1,1,1,2441.5
round_robin,3,160,1,14.145,24.225,1.0,1.0,28,28,12,0,159,158,158,0.012522,0.025525,0.004387,1,1,1,2441.5
round_robin,3,161,11,14.406,24.939,1.0,1.0,28,28,14,0,162,162,162,0.012608,0.026309,0.004302,1,1,1,2441.5
round_robin,3,162,1,14.542,24.979,1.0,1.0,28,28,14,0,163,162,162,0.013014,0.026309,0.004302,1,1,1,2441.5
round_robin,3,163,11,14.499,24.838,1.0,1.0,28,28,15,0,166,166,166,0.013014,0.026152,0.00433,1,1,1,2441.5
round_robin,3,164,1,14.73,25.488,1.0,1.0,23,23,17,0,167,166,166,0.012779,0.0269,0.004511,1,1,1,2441.5
round_robin,3,165,11,14.313,24.767,1.0,1.0,23,23,18,0,170,170,170,0.012593,0.02612,0.004227,1,1,1,2441.5
round_robin,3,166,1,14.23,24.524,1.0,1.0,23,23,20,0,171,170,170,0.012623,0.025846,0.00422,1,1,1,2441.5
round_robin,3,167,11,14.335,24.776,1.0,1.0,22,17,22,0,174,174,174,0.012592,0.02613,0.004282,1,1,1,2441.5
round_robin,3,168,1,14.335,24.776,1.0,1.0,22,17,22,0,175,174,174,0.012592,0.02613,0.004282,1,1,1,2441.5
round_robin,3,169,11,14.367,24.925,1.0,1.0,23,17,23,0,178,178,178,0.012514,0.026304,0.004282,1,1,1,2441.5
round_robin,3,170,1,14.355,24.857,1.0,1.0,25,17,25,0,179,178,178,0.012541,0.026225,0.0043,1,1,1,2441.5
round_robin,3,171,11,14.426,24.984,1.0,1.0,26,17,26,0,182,182,182,0.012646,0.026355,0.004278,1,1,1,2441.5
round_robin,3,172,1,14.404,24.874,1.0,1.0,28,12,28,0,183,182,182,0.012711,0.026225,0.004277,1,1,1,2441.5
round_robin,3,173,11,14.411,24.876,1.0,1.0,28,12,28,0,186,186,186,0.012732,0.026225,0.004277,1,1,1,2441.5
round_robin,3,174,1,14.566,25.248,1.0,1.0,30,12,30,0,187,186,186,0.012732,0.026639,0.004326,1,1,1,2441.5
round_robin,3,175,11,14.439,24.963,1.0,1.0,31,12,31,0,190,190,190,0.012668,0.026329,0.004319,1,1,1,2441.5
round_robin,3,176,0,14.419,24.935,1.0,1.0,33,6,33,0,190,190,190,0.01265,0.0263,0.004308,1,1,1,2441.5
round_robin,3,177,1,14.31,24.787,1.0,1.0,34,6,34,0,191,190,190,0.012566,0.026145,0.00422,1,1,1,2441.5
round_robin,3,178,11,14.368,24.826,1.0,1.0,36,6,36,0,194,194,194,0.012552,0.02619,0.004363,1,1,1,2441.5
round_robin,3,179,1,14.368,24.826,1.0,1.0,36,6,36,0,195,194,194,0.012552,0.02619,0.004363,1,1,1,2441.5
weighted_round_robin,1,0,0,11.589,12.798,1.0,1.0,0,0,0,0,0,0,0,0.012823,0.012573,0.00937,1,1,1,2377.1
weighted_round_robin,1,1,1,11.589,12.798,0.3333,0.3333,0,0,0,0,1,0,0,0.012823,0.012573,0.00937,1,1,1,2377.1
weighted_round_robin,1,2,1,11.509,12.609,0.6667,0.6667,40,0,40,4,1,1,0,0.012515,0.012619,0.009394,1,1,1,2377.1
weighted_round_robin,1,3,11,11.461,12.589,0.9883,0.9883,40,0,40,6,5,4,4,0.012597,0.01252,0.009266,1,1,1,2377.1
weighted_round_robin,1,4,1,11.591,12.785,0.9899,0.9899,40,0,40,7,5,5,4,0.012807,0.012589,0.009376,1,1,1,2377.1
weighted_round_robin,1,5,11,11.587,12.805,0.9968,0.9968,40,0,40,9,9,8,8,0.012825,0.012623,0.009312,1,1,1,2377.1
weighted_round_robin,1,6,1,11.46,12.582,0.9971,0.9971,40,0,40,9,9,9,8,0.012594,0.012475,0.009312,1,1,1,2377.1
weighted_round_robin,1,7,11,11.45,12.582,0.9985,0.9985,40,0,40,10,13,12,12,0.012594,0.012475,0.00928,1,1,1,2377.1
weighted_round_robin,1,8,1,12.053,13.019,0.9986,0.9986,40,0,40,12,13,13,12,0.013041,0.012823,0.010294,1,1,1,2377.1
weighted_round_robin,1,9,11,11.547,12.559,0.9992,0.9992,40,0,40,14,17,16,16,0.012564,0.012516,0.009561,1,1,1,2377.1
weighted_round_robin,1,10,1,11.464,12.503,0.9992,0.9992,40,0,40,15,17,17,16,0.0125,0.012503,0.009388,1,1,1,2377.1
weighted_round_robin,1,11,11,11.595,12.755,0.9995,0.9995,40,0,40,17,21,20,20,0.012544,0.012778,0.009464,1,1,1,2377.1
weighted_round_robin,1,12,1,11.631,12.823,0.9995,0.9995,40,0,40,17,21,21,20,0.012579,0.01285,0.009464,1,1,1,2377.1
weighted_round_robin,1,13,11,11.601,12.823,0.9996,0.9996,40,0,40,18,25,24,24,0.012579,0.01285,0.009375,1,1,1,2377.1
weighted_round_robin,1,14,1,11.424,12.608,0.9996,0.9996,40,0,40,20,25,25,24,0.01256,0.012613,0.009099,1,1,1,2377.1
weighted_round_robin,1,15,11,11.53,12.562,0.9997,0.9997,40,0,40,21,29,28,28,0.012565,0.01254,0.009485,1,1,1,2377.1
weighted_round_robin,1,16,1,11.68,12.559,0.9997,0.9997,40,0,40,23,29,29,28,0.012519,0.012563,0.009958,1,1,1,2377.1
weighted_round_robin,1,17,11,11.618,12.674,0.9998,0.9998,40,0,40,25,33,32,32,0.012507,0.012692,0.009655,1,1,1,2377.1
weighted_round_robin,1,18,1,11.672,12.69,0.9998,0.9998,40,0,40,25,33,33,32,0.012669,0.012692,0.009655,1,1,1,2377.1
weighted_round_robin,1,19,11,11.786,13.277,0.9998,0.9998,40,0,40,26,37,36,36,0.012669,0.013344,0.009346,1,1,1,2377.1
weighted_round_robin,1,20,1,11.657,12.823,0.9998,0.9998,40,0,40,28,37,37,36,0.012611,0.012847,0.009514,1,1,1,2377.1
weighted_round_robin,1,21,11,11.569,12.639,0.9999,0.9999,40,0,40,29,41,40,40,0.012571,0.012647,0.009489,1,1,1,2377.1
weighted_round_robin,1,22,1,11.583,12.577,0.9999,0.9999,40,0,40,31,41,41,40,0.012577,0.012577,0.009595,1,1,1,2377.1
weighted_round_robin,1,23,11,11.563,12.604,0.9999,0.9999,40,0,40,32,45,44,44,0.012612,0.012536,0.009541,1,1,1,2377.1
weighted_round_robin,1,24,0,11.551,12.571,0.9999,0.9999,40,0,40,32,45,44,44,0.012575,0.012536,0.009541,1,1,1,2377.1
weighted_round_robin,1,25,1,11.55,12.612,0.9999,0.9999,40,0,40,34,45,45,44,0.012575,0.012616,0.00946,1,1,1,2377.1
weighted_round_robin,1,26,11,11.402,12.571,0.9999,0.9999,40,0,40,36,49,48,48,0.012527,0.012576,0.009102,1,1,1,2377.1
weighted_round_robin,1,27,1,11.622,12.66,0.9999,0.9999,39,0,39,37,49,49,48,0.012667,0.012595,0.009604,1,1,1,2377.1
weighted_round_robin,1,28,11,11.744,13.366,0.9999,0.9999,39,0,39,39,53,52,52,0.012527,0.013459,0.009246,1,1,1,2377.1
weighted_round_robin,1,29,1,11.565,12.581,0.9999,0.9999,40,0,39,40,53,53,52,0.012582,0.012571,0.009543,1,1,1,2377.1
weighted_round_robin,1,30,11,11.536,12.563,0.9999,1.0,40,0,39,40,57,56,56,0.012495,0.012571,0.009543,0,1,1,2377.1
weighted_round_robin,1,31,1,9.792,12.553,0.9999,0.9999,41,0,39,41,57,57,56,0.012495,0.012559,0.004321,0,1,1,2377.1
weighted_round_robin,1,32,1,9.85,12.561,1.0,1.0,41,0,34,41,57,57,57,0.012561,0.01256,0.004428,0,1,1,2377.1
weighted_round_robin,1,33,1,9.787,12.553,0.9999,1.0,41,0,34,41,58,57,57,0.012558,0.012513,0.004289,0,1,1,2377.1
weighted_round_robin,1,34,1,10.124,12.592,0.9999,0.9999,41,0,34,41,58,58,57,0.012594,0.012577,0.005202,0,1,1,2377.1
weighted_round_robin,1,35,1,9.824,12.593,1.0,1.0,41,0,28,41,58,58,58,0.012597,0.012558,0.004318,0,1,1,2377.1
weighted_round_robin,1,36,1,9.824,12.593,0.9999,1.0,41,0,28,41,59,58,58,0.012597,0.012558,0.004318,0,1,1,2377.1
weighted_round_robin,1,37,1,9.817,12.587,0.9999,0.9999,41,0,28,41,59,59,58,0.012584,0.012587,0.004279,0,1,1,2377.1
weighted_round_robin,1,38,1,9.803,12.581,1.0,1.0,41,0,28,41,59,59,59,0.012587,0.012529,0.004292,0,1,1,2377.1
weighted_round_robin,1,39,1,9.801,12.537,0.9999,1.0,41,0,28,41,60,59,59,0.012537,0.012536,0.004331,0,1,1,2377.1
weighted_round_robin,1,40,1,9.883,12.75,0.9999,0.9999,41,0,23,41,60,60,59,0.012596,0.012767,0.004287,0,1,1,2377.1
weighted_round_robin,1,41,1,10.17,12.774,1.0,1.0,41,0,23,41,60,60,60,0.012793,0.012607,0.005109,0,1,1,2377.1
weighted_round_robin,1,42,1,10.17,12.774,0.9999,1.0,41,0,23,41,61,60,60,0.012793,0.012607,0.005109,0,1,1,2377.1
weighted_round_robin,1,43,1,9.825,12.582,0.9999,0.9999,41,0,23,41,61,61,60,0.012588,0.012527,0.004361,0,1,1,2377.1
weighted_round_robin,1,44,1,9.838,12.612,1.0,1.0,41,0,17,41,61,61,61,0.012618,0.012559,0.004337,0,1,1,2377.1
weighted_round_robin,1,45,1,9.852,12.695,0.9999,1.0,41,0,17,41,62,61,61,0.012598,0.012706,0.004251,0,1,1,2377.1
weighted_round_robin,1,46,1,9.817,12.608,0.9999,0.9999,41,0,17,41,62,62,61,0.012565,0.012613,0.004272,0,1,1,2377.1
weighted_round_robin,1,47,1,9.811,12.627,1.0,1.0,41,0,12,41,62,62,62,0.012639,0.012522,0.004272,0,1,1,2377.1
weighted_round_robin,1,48,1,10.028,12.627,0.9999,1.0,41,0,12,41,63,62,62,0.012639,0.012522,0.004923,0,1,1,2377.1
weighted_round_robin,1,49,1,9.85,12.625,0.9999,0.9999,41,0,12,41,63,63,62,0.012626,0.012618,0.004307,0,1,1,2377.1
weighted_round_robin,1,50,1,9.798,12.589,1.0,1.0,41,0,12,41,63,63,63,0.012531,0.012595,0.004269,0,1,1,2377.1
weighted_round_robin,1,51,1,9.853,12.634,0.9999,1.0,41,0,12,41,64,63,63,0.012595,0.012638,0.004325,0,1,1,2377.1
weighted_round_robin,1,52,1,9.823,12.632,0.9999,0.9999,41,0,7,41,64,64,63,0.012638,0.012574,0.004256,0,1,1,2377.1
weighted_round_robin,1,53,1,9.755,12.533,1.0,1.0,41,0,7,41,64,64,64,0.012469,0.01254,0.004256,0,1,1,2377.1
weighted_round_robin,1,54,1,9.765,12.533,0.9999,1.0,41,0,7,41,65,64,64,0.012469,0.01254,0.004285,0,1,1,2377.1
weighted_round_robin,1,55,1,10.082,13.224,0.9999,0.9999,41,0,7,41,65,65,64,0.012645,0.013288,0.004312,0,1,1,2377.1
weighted_round_robin,1,56,1,9.924,12.813,1.0,1.0,41,0,1,41,65,65,65,0.01261,0.012836,0.004325,0,1,1,2377.1
weighted_round_robin,1,57,1,9.835,12.63,0.9999,1.0,41,0,1,41,66,65,65,0.012582,0.012635,0.004288,0,1,1,2377.1
weighted_round_robin,1,58,1,10.129,12.608,0.9999,0.9999,41,0,1,41,66,66,65,0.012617,0.012531,0.00524,0,1,1,2377.1
weighted_round_robin,1,59,0,10.12,12.625,0.9999,0.9999,41,0,1,41,66,66,65,0.012641,0.01248,0.00524,0,1,1,2377.1
weighted_round_robin,1,60,1,9.819,12.625,1.0,1.0,41,0,1,41,66,66,66,0.012641,0.01248,0.004336,0,1,1,2377.1
weighted_round_robin,1,61,1,9.81,12.595,0.9999,1.0,39,0,0,39,67,66,66,0.012598,0.012571,0.00426,0,1,1,2377.1
weighted_round_robin,1,62,1,10.103,12.59,1.0,0.9999,39,0,0,39,67,67,66,0.012576,0.012592,0.005141,0,1,1,2377.1
weighted_round_robin,1,63,1,9.924,12.95,1.0,1.0,39,0,0,39,67,67,67,0.012514,0.012998,0.004261,0,1,1,2377.1
weighted_round_robin,1,64,1,9.829,12.629,1.0,1.0,35,0,0,35,68,67,67,0.012636,0.012565,0.004285,0,1,1,2377.1
weighted_round_robin,1,65,1,9.797,12.572,1.0,0.9999,35,0,0,35,68,68,67,0.012531,0.012576,0.004285,0,1,1,2377.1
weighted_round_robin,1,66,1,9.794,12.572,1.0,1.0,35,0,0,35,68,68,68,0.012531,0.012576,0.004276,0,1,1,2377.1
weighted_round_robin,1,67,1,9.888,12.772,1.0,1.0,35,0,0,35,69,68,68,0.012553,0.012796,0.004314,0,1,1,2377.1
weighted_round_robin,1,68,1,9.865,12.648,1.0,0.9999,29,0,0,29,69,69,68,0.012654,0.012591,0.004349,0,1,1,2377.1
weighted_round_robin,1,69,1,9.844,12.648,1.0,1.0,29,0,0,29,69,69,69,0.012565,0.012657,0.00431,0,1,1,2377.1
weighted_round_robin,1,70,1,9.862,12.631,1.0,1.0,29,0,0,29,70,69,69,0.012631,0.012627,0.004329,0,1,1,2377.1
weighted_round_robin,1,71,1,9.805,12.572,1.0,0.9999,29,0,0,29,70,70,69,0.012579,0.012508,0.004329,0,1,1,2377.1
weighted_round_robin,1,72,1,9.794,12.572,1.0,1.0,29,0,0,29,70,70,70,0.012579,0.012508,0.004295,0,1,1,2377.1
weighted_round_robin,1,73,1,9.802,12.598,1.0,1.0,24,0,0,24,71,70,70,0.012609,0.012503,0.004294,0,1,1,2377.1
weighted_round_robin,1,74,1,9.83,12.62,1.0,0.9999,24,0,0,24,71,71,70,0.012579,0.012624,0.004287,0,1,1,2377.1
weighted_round_robin,1,75,1,9.817,12.588,1.0,1.0,24,0,0,24,71,71,71,0.012573,0.01259,0.004287,0,1,1,2377.1
weighted_round_robin,1,76,1,9.764,12.53,1.0,1.0,19,0,0,19,72,71,71,0.012498,0.012534,0.004261,0,1,1,2377.1
weighted_round_robin,1,77,1,9.832,12.67,1.0,1.0,19,0,0,19,72,72,71,0.012683,0.012552,0.004261,0,1,1,2377.1
weighted_round_robin,1,78,1,9.842,12.67,1.0,1.0,19,0,0,19,72,72,72,0.012683,0.012552,0.004292,0,1,1,2377.1
weighted_round_robin,1,79,1,9.839,12.579,1.0,1.0,19,0,0,19,73,72,72,0.012584,0.012532,0.004401,0,1,1,2377.1
weighted_round_robin,1,80,1,9.869,12.729,1.0,1.0,19,0,0,19,73,73,72,0.012743,0.0126,0.004265,0,1,1,2377.1
weighted_round_robin,1,81,1,9.813,12.606,1.0,1.0,13,0,0,13,73,73,73,0.012613,0.01254,0.004287,0,1,1,2377.1
weighted_round_robin,1,82,1,9.79,12.561,1.0,1.0,13,0,0,13,74,73,73,0.012562,0.012553,0.004254,0,1,1,2377.1
weighted_round_robin,1,83,1,9.779,12.547,1.0,1.0,13,0,0,13,74,74,73,0.012548,0.012534,0.004254,0,1,1,2377.1
weighted_round_robin,1,84,1,9.795,12.547,1.0,1.0,13,0,0,13,74,74,74,0.012548,0.012534,0.004303,0,1,1,2377.1
weighted_round_robin,1,85,1,9.86,12.733,1.0,1.0,8,0,0,8,75,74,74,0.012558,0.012752,0.004271,0,1,1,2377.1
weighted_round_robin,1,86,1,9.827,12.625,1.0,1.0,8,0,0,8,75,75,74,0.012593,0.012629,0.004258,0,1,1,2377.1
weighted_round_robin,1,87,1,9.8,12.567,1.0,1.0,8,0,0,8,75,75,75,0.012568,0.012556,0.004276,0,1,1,2377.1
weighted_round_robin,1,88,1,9.882,12.713,1.0,1.0,2,0,0,2,76,75,75,0.012715,0.012692,0.00424,0,1,1,2377.1
weighted_round_robin,1,89,1,9.828,12.678,1.0,1.0,2,0,0,2,76,76,75,0.012551,0.012692,0.00424,0,1,1,2377.1
weighted_round_robin,1,90,1,10.095,13.338,1.0,1.0,2,0,0,2,76,76,76,0.012551,0.013426,0.004308,1,1,1,2377.1
weighted_round_robin,1,91,11,15.644,28.372,1.0,1.0,2,1,0,2,80,80,79,0.030131,0.012546,0.004255,1,1,1,2377.1
weighted_round_robin,1,92,1,14.24,24.496,1.0,1.0,3,3,0,2,80,80,80,0.025816,0.012618,0.004285,1,1,1,2377.1
weighted_round_robin,1,93,11,14.422,25.003,1.0,1.0,4,4,0,0,84,84,83,0.026382,0.012591,0.004293,1,1,1,2377.1
weighted_round_robin,1,94,1,14.289,24.736,1.0,1.0,6,6,0,0,84,84,84,0.026096,0.012497,0.004275,1,1,1,2377.1
weighted_round_robin,1,95,11,14.289,24.736,1.0,1.0,6,6,0,0,88,88,87,0.026096,0.012497,0.004275,1,1,1,2377.1
weighted_round_robin,1,96,1,14.532,24.569,1.0,1.0,8,8,0,0,88,88,88,0.025799,0.0135,0.004296,1,1,1,2377.1
weighted_round_robin,1,97,0,14.328,24.787,1.0,1.0,9,9,0,0,88,88,88,0.026143,0.01258,0.004262,1,1,1,2377.1
weighted_round_robin,1,98,11,14.773,25.753,1.0,1.0,11,11,0,0,92,92,91,0.027188,0.012835,0.004297,1,1,1,2377.1
weighted_round_robin,1,99,1,14.34,24.811,1.0,1.0,12,12,0,0,92,92,92,0.026173,0.012556,0.00429,1,1,1,2377.1
weighted_round_robin,1,100,11,14.55,24.596,1.0,1.0,14,14,0,0,96,96,95,0.025934,0.012556,0.005159,1,1,1,2377.1
weighted_round_robin,1,101,1,14.55,24.596,1.0,1.0,14,14,0,0,96,96,96,0.025934,0.012556,0.005159,1,1,1,2377.1
weighted_round_robin,1,102,11,14.14,24.345,1.0,1.0,15,15,0,0,100,100,99,0.025654,0.012569,0.004197,1,1,1,2377.1
weighted_round_robin,1,103,1,14.341,24.733,1.0,1.0,17,17,0,0,100,100,100,0.026074,0.01266,0.004289,1,1,1,2377.1
weighted_round_robin,1,104,11,14.321,24.755,1.0,1.0,19,19,0,0,104,104,103,0.026113,0.012533,0.004316,1,1,1,2377.1
weighted_round_robin,1,105,1,14.386,24.926,1.0,1.0,20,20,0,0,104,104,104,0.026303,0.012536,0.004318,1,1,1,2377.1
weighted_round_robin,1,106,11,14.399,24.962,1.0,1.0,22,22,0,0,108,108,107,0.026343,0.012536,0.004318,1,1,1,2377.1
weighted_round_robin,1,107,1,14.397,24.965,1.0,1.0,22,22,0,0,108,108,108,0.026343,0.012567,0.00428,1,1,1,2377.1
weighted_round_robin,1,108,11,14.757,25.006,1.0,1.0,23,23,0,0,112,112,111,0.026346,0.012948,0.004976,1,1,1,2377.1
weighted_round_robin,1,109,1,14.396,24.985,1.0,1.0,25,25,0,0,112,112,112,0.026369,0.012529,0.00429,1,1,1,2377.1
weighted_round_robin,1,110,11,14.267,24.569,1.0,1.0,28,28,0,0,116,116,115,0.025901,0.012581,0.004319,1,1,1,2377.1
weighted_round_robin,1,111,1,14.386,24.722,1.0,1.0,28,28,0,0,116,116,116,0.026045,0.012816,0.004298,1,1,1,2377.1
weighted_round_robin,1,112,11,14.386,24.722,1.0,1.0,28,28,0,0,120,120,119,0.026045,0.012816,0.004298,1,1,1,2377.1
weighted_round_robin,1,113,1,14.363,24.795,1.0,1.0,30,30,0,0,120,120,120,0.026147,0.012628,0.004315,1,1,1,2377.1
weighted_round_robin,1,114,11,14.32,24.736,1.0,1.0,31,31,0,0,124,124,123,0.026094,0.012518,0.004347,1,1,1,2377.1
weighted_round_robin,1,115,1,14.347,24.862,1.0,1.0,33,33,0,0,124,124,124,0.026228,0.012565,0.004248,1,1,1,2377.1
weighted_round_robin,1,116,11,14.389,24.981,1.0,1.0,34,34,0,0,128,128,127,0.026364,0.012535,0.004267,1,1,1,2377.1
weighted_round_robin,1,117,1,14.269,24.466,1.0,1.0,36,36,0,0,128,128,128,0.025765,0.012775,0.004267,1,1,1,2377.1
weighted_round_robin,1,118,11,14.354,24.466,1.0,1.0,36,36,0,0,132,132,131,0.025765,0.012775,0.004523,1,1,1,2377.1
weighted_round_robin,1,119,1,14.339,24.753,1.0,1.0,38,38,0,0,132,132,132,0.0261,0.012633,0.004284,1,1,1,2377.1
weighted_round_robin,1,120,11,14.418,25.047,1.0,1.0,39,39,0,0,136,136,135,0.026441,0.012506,0.004307,1,0,1,2377.1
weighted_round_robin,1,121,0,10.004,12.492,1.0,1.0,40,40,0,0,136,136,135,0.012498,0.012441,0.005073,1,0,1,2377.1
weighted_round_robin,1,122,1,9.856,12.65,1.0,1.0,40,40,0,0,136,136,136,0.012628,0.012653,0.004286,1,0,1,2377.1
weighted_round_robin,1,123,2,9.864,12.636,1.0,1.0,40,40,0,0,137,137,136,0.012616,0.012638,0.004338,1,0,1,2377.1
weighted_round_robin,1,124,0,9.864,12.636,1.0,1.0,40,40,0,0,137,137,136,0.012616,0.012638,0.004338,1,0,1,2377.1
weighted_round_robin,1,125,1,9.775,12.531,1.0,1.0,40,40,0,0,137,137,137,0.012534,0.012505,0.004285,1,0,1,2377.1
weighted_round_robin,1,126,1,9.883,12.698,1.0,1.0,40,40,0,0,138,137,137,0.01271,0.012588,0.004351,1,0,1,2377.1
weighted_round_robin,1,127,1,10.068,13.224,1.0,1.0,40,40,0,0,138,138,137,0.012559,0.013298,0.004347,1,0,1,2377.1
weighted_round_robin,1,128,1,10.179,13.352,1.0,1.0,40,40,0,0,138,138,138,0.012602,0.013435,0.004499,1,0,1,2377.1
weighted_round_robin,1,129,1,10.03,12.929,1.0,1.0,40,40,0,0,139,138,138,0.012627,0.012963,0.004499,1,0,1,2377.1
weighted_round_robin,1,130,1,9.957,12.929,1.0,1.0,40,40,0,0,139,139,138,0.012627,0.012963,0.004282,1,0,1,2377.1
weighted_round_robin,1,131,1,10.313,14.035,1.0,1.0,40,40,0,0,139,139,139,0.012553,0.0142,0.004187,1,0,1,2377.1
weighted_round_robin,1,132,1,9.727,12.519,1.0,1.0,40,40,0,0,140,139,139,0.012535,0.012373,0.004274,1,0,1,2377.1
weighted_round_robin,1,133,1,9.942,12.737,1.0,1.0,40,40,0,0,140,140,139,0.012627,0.012749,0.00445,1,0,1,2377.1
weighted_round_robin,1,134,1,9.808,12.575,1.0,1.0,40,40,0,0,140,140,140,0.012544,0.012579,0.004301,1,0,1,2377.1
weighted_round_robin,1,135,1,9.808,12.576,1.0,1.0,40,40,0,0,141,140,140,0.012545,0.012579,0.004301,1,0,1,2377.1
weighted_round_robin,1,136,1,9.792,12.569,1.0,1.0,40,40,0,0,141,141,140,0.012545,0.012572,0.004259,1,0,1,2377.1
weighted_round_robin,1,137,1,9.952,12.792,1.0,1.0,40,40,0,0,141,141,141,0.012771,0.012794,0.004291,1,0,1,2377.1
weighted_round_robin,1,138,1,10.557,13.504,1.0,1.0,40,40,0,0,142,141,141,0.013537,0.013204,0.004929,1,0,1,2377.1
weighted_round_robin,1,139,1,10.034,13.086,1.0,1.0,40,40,0,0,142,142,141,0.012528,0.013148,0.004427,1,0,1,2377.1
weighted_round_robin,1,140,1,9.871,12.722,1.0,1.0,40,40,0,0,142,142,142,0.012562,0.01274,0.00431,1,0,1,2377.1
weighted_round_robin,1,141,1,9.898,12.73,1.0,1.0,40,40,0,0,143,142,142,0.012643,0.01274,0.00431,1,0,1,2377.1
weighted_round_robin,1,142,1,10.115,13.302,1.0,1.0,40,40,0,0,143,143,142,0.012643,0.013375,0.004326,1,0,1,2377.1
weighted_round_robin,1,143,1,9.779,12.558,1.0,1.0,40,40,0,0,143,143,143,0.012564,0.012506,0.004268,1,0,1,2377.1
weighted_round_robin,1,144,1,9.836,12.627,1.0,1.0,40,40,0,0,144,143,143,0.012631,0.012591,0.004285,1,0,1,2377.1
weighted_round_robin,1,145,1,9.838,12.629,1.0,1.0,40,40,0,0,144,144,143,0.012633,0.012596,0.004285,1,0,1,2377.1
weighted_round_robin,1,146,1,9.866,12.556,1.0,1.0,40,40,0,0,144,144,144,0.012558,0.012543,0.004497,1,0,1,2377.1
weighted_round_robin,1,147,1,9.866,12.556,1.0,1.0,40,40,0,0,145,144,144,0.012558,0.012543,0.004497,1,0,1,2377.1
weighted_round_robin,1,148,1,10.348,13.095,1.0,1.0,40,40,0,0,145,145,144,0.01314,0.012687,0.005217,1,0,1,2377.1
weighted_round_robin,1,149,1,10.118,13.437,1.0,1.0,40,40,0,0,145,145,145,0.012537,0.013537,0.004279,1,0,1,2377.1
weighted_round_robin,1,150,1,9.789,12.578,1.0,1.0,40,40,0,0,146,145,145,0.012582,0.012545,0.004239,1,1,1,2377.1
weighted_round_robin,1,151,11,15.455,27.783,1.0,1.0,40,40,1,0,149,149,149,0.012579,0.029472,0.004313,1,1,1,2377.1
weighted_round_robin,1,152,1,14.441,25.063,1.0,1.0,40,40,3,0,150,149,149,0.012558,0.026452,0.004313,1,1,1,2377.1
weighted_round_robin,1,153,7,14.44,25.063,1.0,1.0,40,40,3,0,152,152,151,0.012558,0.026452,0.004311,1,1,1,2377.1
weighted_round_robin,1,154,4,14.182,24.608,1.0,1.0,40,40,5,0,153,153,153,0.012309,0.025975,0.004263,1,1,1,2377.1
weighted_round_robin,1,155,1,14.427,25.045,1.0,1.0,35,35,6,0,154,153,153,0.012571,0.026431,0.004279,1,1,1,2377.1
weighted_round_robin,1,156,11,14.317,24.701,1.0,1.0,35,35,8,0,157,157,157,0.012613,0.026044,0.004295,1,1,1,2377.1
weighted_round_robin,1,157,1,14.407,25.012,1.0,1.0,35,35,9,0,158,157,157,0.012511,0.026401,0.004308,1,1,1,2377.1
weighted_round_robin,1,158,11,14.585,24.722,1.0,1.0,30,30,11,0,161,161,161,0.013475,0.025972,0.004308,1,1,1,2377.1
weighted_round_robin,1,159,1,14.572,24.722,1.0,1.0,30,30,11,0,162,161,161,0.013475,0.025972,0.004268,1,1,1,2377.1
weighted_round_robin,1,160,11,14.28,24.487,1.0,1.0,30,30,12,0,165,165,165,0.012767,0.025789,0.004283,1,1,1,2377.1
weighted_round_robin,1,161,1,14.353,24.68,1.0,1.0,30,30,14,0,166,165,165,0.012762,0.026004,0.004294,1,1,1,2377.1
weighted_round_robin,1,162,11,14.38,24.736,1.0,1.0,24,24,16,0,169,169,169,0.01251,0.026094,0.004537,1,1,1,2377.1
weighted_round_robin,1,163,1,14.408,24.773,1.0,1.0,24,24,17,0,170,169,169,0.012803,0.026103,0.004317,1,1,1,2377.1
weighted_round_robin,1,164,11,14.393,24.769,1.0,1.0,24,24,17,0,173,173,173,0.01276,0.026103,0.004317,1,1,1,2377.1
weighted_round_robin,1,165,1,14.381,24.782,1.0,1.0,24,24,19,0,174,173,173,0.01276,0.026118,0.004264,1,1,1,2377.1
weighted_round_robin,1,166,11,14.419,25.012,1.0,1.0,24,24,20,0,177,177,177,0.012545,0.026397,0.004315,1,1,1,2377.1
weighted_round_robin,1,167,1,14.753,25.017,1.0,1.0,22,19,22,0,178,177,177,0.012557,0.026401,0.005301,1,1,1,2377.1
weighted_round_robin,1,168,11,14.748,25.763,1.0,1.0,24,19,24,0,181,181,181,0.012526,0.027234,0.004483,1,1,1,2377.1
weighted_round_robin,1,169,1,14.263,24.712,1.0,1.0,25,19,25,0,182,181,181,0.012477,0.026072,0.004239,1,1,1,2377.1
weighted_round_robin,1,170,11,14.263,24.712,1.0,1.0,25,19,25,0,185,185,185,0.012477,0.026072,0.004239,1,1,1,2377.1
weighted_round_robin,1,171,1,14.435,24.858,1.0,1.0,27,13,27,0,186,185,185,0.012788,0.026199,0.004317,1,1,1,2377.1
weighted_round_robin,1,172,11,14.484,25.222,1.0,1.0,28,13,28,0,189,189,189,0.012613,0.026623,0.004217,1,1,1,2377.1
weighted_round_robin,1,173,1,14.47,24.961,1.0,1.0,30,13,30,0,190,189,189,0.012805,0.026312,0.004292,1,1,1,2377.1
weighted_round_robin,1,174,11,14.376,24.94,1.0,1.0,31,8,31,0,193,193,193,0.012557,0.026316,0.004255,1,1,1,2377.1
weighted_round_robin,1,175,1,14.355,24.934,1.0,1.0,31,8,31,0,194,193,193,0.012493,0.026316,0.004255,1,1,1,2377.1
weighted_round_robin,1,176,11,14.002,24.046,1.0,1.0,33,8,33,0,197,197,197,0.012493,0.02533,0.004182,1,1,1,2377.1
weighted_round_robin,1,177,0,14.247,24.491,1.0,1.0,35,8,35,0,197,197,197,0.012616,0.025811,0.004313,1,1,1,2377.1
weighted_round_robin,1,178,1,14.567,25.075,1.0,1.0,36,8,36,0,198,197,197,0.01276,0.026443,0.004497,1,1,1,2377.1
weighted_round_robin,1,179,11,14.471,25.131,1.0,1.0,38,4,38,0,201,201,201,0.012693,0.026513,0.004208,1,1,1,2377.1
weighted_round_robin,2,0,0,11.682,12.612,1.0,1.0,0,0,0,0,0,0,0,0.012617,0.012563,0.009867,1,1,1,2457.0
weighted_round_robin,2,1,1,11.574,12.806,0.3333,0.3333,41,0,41,3,1,0,0,0.012588,0.01283,0.009305,1,1,1,2457.0
weighted_round_robin,2,2,1,11.605,12.815,0.6667,0.6667,41,0,41,3,1,1,0,0.012681,0.01283,0.009305,1,1,1,2457.0
weighted_round_robin,2,3,11,11.73,13.279,0.9883,0.9883,41,0,41,5,5,4,4,0.012681,0.013345,0.009164,1,1,1,2457.0
weighted_round_robin,2,4,1,11.573,12.607,0.9899,0.9899,41,0,41,6,5,5,4,0.012543,0.012614,0.009562,1,1,1,2457.0
weighted_round_robin,2,5,11,11.486,12.593,0.9968,0.9968,41,0,41,8,9,8,8,0.012562,0.012596,0.009299,1,1,1,2457.0
weighted_round_robin,2,6,1,11.755,12.849,0.9971,0.9971,41,0,41,9,9,9,8,0.012747,0.01286,0.009657,1,1,1,2457.0
weighted_round_robin,2,7,11,11.446,12.554,0.9985,0.9985,41,0,41,11,13,12,12,0.012497,0.01256,0.009282,1,1,1,2457.0
weighted_round_robin,2,8,1,11.522,12.707,0.9986,0.9986,41,0,41,11,13,13,12,0.012723,0.01256,0.009282,1,1,1,2457.0
weighted_round_robin,2,9,11,11.637,12.708,0.9992,0.9992,41,0,41,12,17,16,16,0.012723,0.012574,0.009614,1,1,1,2457.0
weighted_round_robin,2,10,1,11.568,12.614,0.9992,0.9992,41,0,41,14,17,17,16,0.01262,0.012559,0.009526,1,1,1,2457.0
weighted_round_robin,2,11,11,11.475,12.494,0.9995,0.9995,41,0,41,16,21,20,20,0.012503,0.012415,0.009508,1,1,1,2457.0
weighted_round_robin,2,12,1,11.811,12.758,0.9995,0.9995,41,0,41,17,21,21,20,0.012776,0.012597,0.010061,1,1,1,2457.0
weighted_round_robin,2,13,11,11.91,12.74,0.9996,0.9996,41,0,41,19,25,24,24,0.0127,0.012744,0.010287,1,1,1,2457.0
weighted_round_robin,2,14,1,11.91,12.74,0.9996,0.9996,41,0,41,19,25,25,24,0.0127,0.012744,0.010287,1,1,1,2457.0
weighted_round_robin,2,15,11,11.634,12.693,0.9997,0.9997,41,0,41,20,29,28,28,0.012563,0.012707,0.009631,1,1,1,2457.0
weighted_round_robin,2,16,1,11.552,12.611,0.9997,0.9997,41,0,41,22,29,29,28,0.012622,0.012517,0.009516,1,1,1,2457.0
weighted_round_robin,2,17,11,11.521,12.763,0.9998,0.9998,41,0,41,23,33,32,32,0.012788,0.012538,0.009236,1,1,1,2457.0
weighted_round_robin,2,18,1,11.538,12.653,0.9998,0.9998,41,0,41,25,33,33,32,0.012659,0.012599,0.009355,1,1,1,2457.0
weighted_round_robin,2,19,11,11.895,13.507,0.9998,0.9998,41,0,41,25,37,36,36,0.012737,0.013593,0.009355,1,1,1,2457.0
weighted_round_robin,2,20,1,11.948,13.507,0.9998,0.9998,41,0,41,27,37,37,36,0.012737,0.013593,0.009513,1,1,1,2457.0
weighted_round_robin,2,21,7,11.805,13.44,1.0,1.0,41,0,41,28,39,39,39,0.013534,0.012591,0.009289,1,1,1,2457.0
weighted_round_robin,2,22,4,11.58,12.637,0.9999,0.9999,41,0,41,30,41,40,40,0.012643,0.012582,0.009515,1,1,1,2457.0
weighted_round_robin,2,23,1,12.141,13.284,0.9999,0.9999,41,0,41,31,41,41,40,0.01336,0.012597,0.010467,1,1,1,2457.0
weighted_round_robin,2,24,11,11.538,12.794,0.9999,0.9999,41,0,41,33,45,44,44,0.012822,0.012542,0.009249,1,1,1,2457.0
weighted_round_robin,2,25,1,11.444,12.546,0.9999,0.9999,41,0,41,33,45,45,44,0.012547,0.012536,0.009249,1,1,1,2457.0
weighted_round_robin,2,26,11,11.54,12.546,0.9999,0.9999,41,0,41,34,49,48,48,0.012547,0.012536,0.009537,1,1,1,2457.0
weighted_round_robin,2,27,1,11.426,12.544,0.9999,0.9999,41,0,41,36,49,49,48,0.012549,0.012503,0.009227,1,1,1,2457.0
weighted_round_robin,2,28,11,11.262,12.621,0.9999,0.9999,41,0,41,38,53,52,52,0.012667,0.012204,0.008915,1,1,1,2457.0
weighted_round_robin,2,29,1,11.612,12.644,0.9999,0.9999,41,0,41,39,53,53,52,0.012659,0.012514,0.009663,1,1,1,2457.0
weighted_round_robin,2,30,11,11.532,12.714,0.9999,1.0,41,0,35,41,57,56,56,0.012716,0.012697,0.009182,0,1,1,2457.0
weighted_round_robin,2,31,1,11.538,12.73,0.9999,0.9999,41,0,35,41,57,57,56,0.012734,0.012697,0.009182,0,1,1,2457.0
weighted_round_robin,2,32,1,9.847,12.713,1.0,1.0,41,0,35,41,57,57,57,0.012734,0.012519,0.004288,0,1,1,2457.0
weighted_round_robin,2,33,1,9.829,12.64,0.9999,1.0,41,0,35,41,58,57,57,0.012469,0.012659,0.004358,0,1,1,2457.0
weighted_round_robin,2,34,1,9.892,12.72,0.9999,0.9999,41,0,35,41,58,58,57,0.01273,0.012631,0.004314,0,1,1,2457.0
weighted_round_robin,2,35,1,9.603,12.275,1.0,1.0,41,0,30,41,58,58,58,0.012271,0.012275,0.004262,0,1,1,2457.0
weighted_round_robin,2,36,1,9.877,12.654,0.9999,1.0,41,0,30,41,59,58,58,0.01266,0.012604,0.004366,0,1,1,2457.0
weighted_round_robin,2,37,1,9.851,12.602,0.9999,0.9999,41,0,30,41,59,59,58,0.012582,0.012604,0.004366,0,1,1,2457.0
weighted_round_robin,2,38,1,9.875,12.61,1.0,1.0,41,0,30,41,59,59,59,0.012582,0.012613,0.00443,0,1,1,2457.0
weighted_round_robin,2,39,1,9.682,12.461,0.9999,1.0,41,0,24,41,60,59,59,0.01232,0.012477,0.00425,0,1,1,2457.0
weighted_round_robin,2,40,1,9.824,12.641,0.9999,0.9999,41,0,24,41,60,60,59,0.012521,0.012654,0.004296,0,1,1,2457.0
weighted_round_robin,2,41,1,9.855,12.742,1.0,1.0,41,0,24,41,60,60,60,0.012479,0.012771,0.004314,0,1,1,2457.0
weighted_round_robin,2,42,1,10.115,13.393,0.9999,1.0,41,0,19,41,61,60,60,0.013481,0.012605,0.004259,0,1,1,2457.0
weighted_round_robin,2,43,1,10.115,13.393,0.9999,0.9999,41,0,19,41,61,61,60,0.013481,0.012605,0.004259,0,1,1,2457.0
weighted_round_robin,2,44,1,9.981,13.103,1.0,1.0,41,0,19,41,61,61,61,0.013169,0.012507,0.004267,0,1,1,2457.0
weighted_round_robin,2,45,1,9.86,12.673,0.9999,1.0,41,0,19,41,62,61,61,0.012679,0.012615,0.004285,0,1,1,2457.0
weighted_round_robin,2,46,1,9.768,12.542,0.9999,0.9999,41,0,19,41,62,62,61,0.01255,0.012466,0.004287,0,1,1,2457.0
weighted_round_robin,2,47,1,9.822,12.611,1.0,1.0,41,0,14,41,62,62,62,0.012502,0.012623,0.004342,0,1,1,2457.0
weighted_round_robin,2,48,1,9.852,12.697,0.9999,1.0,41,0,14,41,63,62,62,0.012719,0.012494,0.004342,0,1,1,2457.0
weighted_round_robin,2,49,1,9.842,12.697,0.9999,0.9999,41,0,14,41,63,63,62,0.012719,0.012494,0.004312,0,1,1,2457.0
weighted_round_robin,2,50,1,9.805,12.601,1.0,1.0,41,0,14,41,63,63,63,0.012609,0.012528,0.004277,0,1,1,2457.0
weighted_round_robin,2,51,1,9.966,12.778,0.9999,1.0,41,0,8,41,64,63,63,0.012783,0.012738,0.004377,0,1,1,2457.0
weighted_round_robin,2,52,1,9.9,12.73,0.9999,0.9999,41,0,8,41,64,64,63,0.012735,0.012681,0.004283,0,1,1,2457.0
weighted_round_robin,2,53,1,10.233,13.379,1.0,1.0,41,0,8,41,64,64,64,0.01299,0.013422,0.004287,0,1,1,2457.0
weighted_round_robin,2,54,1,10.088,13.335,0.9999,1.0,41,0,8,41,65,64,64,0.012554,0.013422,0.004287,0,1,1,2457.0
weighted_round_robin,2,55,1,9.738,12.539,0.9999,0.9999,41,0,3,41,65,65,64,0.012554,0.0124,0.004259,0,1,1,2457.0
weighted_round_robin,2,56,0,9.849,12.656,0.9999,0.9999,41,0,3,41,65,65,64,0.012665,0.012577,0.004306,0,1,1,2457.0
weighted_round_robin,2,57,1,9.895,12.597,1.0,1.0,41,0,3,41,65,65,65,0.012609,0.012484,0.004591,0,1,1,2457.0
weighted_round_robin,2,58,1,9.811,12.633,0.9999,1.0,41,0,3,41,66,65,65,0.012484,0.01265,0.004298,0,1,1,2457.0
weighted_round_robin,2,59,1,9.821,12.6,0.9999,0.9999,41,0,0,41,66,66,65,0.012603,0.012578,0.004281,0,1,1,2457.0
weighted_round_robin,2,60,1,9.823,12.607,1.0,1.0,41,0,0,41,66,66,66,0.01261,0.012578,0.004281,0,1,1,2457.0
weighted_round_robin,2,61,1,9.884,12.689,0.9999,1.0,41,0,0,41,67,66,66,0.01261,0.012698,0.004343,0,1,1,2457.0
weighted_round_robin,2,62,1,9.815,12.643,1.0,0.9999,41,0,0,41,67,67,66,0.012662,0.012474,0.004308,0,1,1,2457.0
weighted_round_robin,2,63,1,10.135,13.387,1.0,1.0,36,0,0,36,67,67,67,0.012658,0.013468,0.004278,0,1,1,2457.0
weighted_round_robin,2,64,1,9.787,12.594,1.0,1.0,36,0,0,36,68,67,67,0.012551,0.012599,0.004211,0,1,1,2457.0
weighted_round_robin,2,65,1,9.848,12.627,1.0,0.9999,36,0,0,36,68,68,67,0.012629,0.012612,0.004303,0,1,1,2457.0
weighted_round_robin,2,66,1,9.851,12.635,1.0,1.0,36,0,0,36,68,68,68,0.012638,0.012612,0.004303,0,1,1,2457.0
weighted_round_robin,2,67,1,9.869,12.627,1.0,1.0,36,0,0,36,69,68,68,0.012638,0.012533,0.004435,0,1,1,2457.0
weighted_round_robin,2,68,1,9.816,12.6,1.0,0.9999,31,0,0,31,69,69,68,0.012615,0.01247,0.004362,0,1,1,2457.0
weighted_round_robin,2,69,1,9.864,12.747,1.0,1.0,31,0,0,31,69,69,69,0.01254,0.01277,0.004281,0,1,1,2457.0
weighted_round_robin,2,70,1,10.125,13.416,1.0,1.0,31,0,0,31,70,69,69,0.013507,0.012598,0.004269,0,1,1,2457.0
weighted_round_robin,2,71,1,9.812,12.59,1.0,0.9999,27,0,0,27,70,70,69,0.012596,0.012534,0.004306,0,1,1,2457.0
weighted_round_robin,2,72,1,9.812,12.59,1.0,1.0,27,0,0,27,70,70,70,0.012596,0.012534,0.004306,0,1,1,2457.0
weighted_round_robin,2,73,1,10.398,13.965,1.0,1.0,27,0,0,27,71,70,70,0.014106,0.012698,0.004391,0,1,1,2457.0
weighted_round_robin,2,74,1,9.847,12.632,1.0,0.9999,27,0,0,27,71,71,70,0.012635,0.012609,0.004296,0,1,1,2457.0
weighted_round_robin,2,75,1,9.753,12.512,1.0,1.0,21,0,0,21,71,71,71,0.012468,0.012517,0.004273,0,1,1,2457.0
weighted_round_robin,2,76,1,9.805,12.568,1.0,1.0,21,0,0,21,72,71,71,0.012577,0.012488,0.004349,0,1,1,2457.0
weighted_round_robin,2,77,1,9.82,12.586,1.0,1.0,21,0,0,21,72,72,71,0.012562,0.012589,0.00431,0,1,1,2457.0
weighted_round_robin,2,78,1,9.82,12.586,1.0,1.0,21,0,0,21,72,72,72,0.012562,0.012589,0.00431,0,1,1,2457.0
weighted_round_robin,2,79,1,9.796,12.56,1.0,1.0,21,0,0,21,73,72,72,0.012534,0.012563,0.00429,0,1,1,2457.0
weighted_round_robin,2,80,1,9.774,12.568,1.0,1.0,16,0,0,16,73,73,72,0.012574,0.012516,0.004232,0,1,1,2457.0
weighted_round_robin,2,81,1,9.792,12.565,1.0,1.0,16,0,0,16,73,73,73,0.012547,0.012567,0.004262,0,1,1,2457.0
weighted_round_robin,2,82,1,9.889,12.815,1.0,1.0,16,0,0,16,74,73,73,0.012559,0.012843,0.004265,0,1,1,2457.0
weighted_round_robin,2,83,1,9.898,12.769,1.0,1.0,10,0,0,10,74,74,73,0.012608,0.012787,0.004298,0,1,1,2457.0
weighted_round_robin,2,84,1,9.898,12.769,1.0,1.0,10,0,0,10,74,74,74,0.012608,0.012787,0.004298,0,1,1,2457.0
weighted_round_robin,2,85,1,9.846,12.693,1.0,1.0,10,0,0,10,75,74,74,0.012544,0.01271,0.004285,0,1,1,2457.0
weighted_round_robin,2,86,1,10.047,12.923,1.0,1.0,10,0,0,10,75,75,74,0.012907,0.012925,0.00431,0,1,1,2457.0
weighted_round_robin,2,87,1,9.85,12.734,1.0,1.0,10,0,0,10,75,75,75,0.012546,0.012755,0.004249,0,1,1,2457.0
weighted_round_robin,2,88,1,9.867,12.584,1.0,1.0,5,0,0,5,76,75,75,0.012487,0.012595,0.00452,0,1,1,2457.0
weighted_round_robin,2,89,1,9.787,12.544,1.0,1.0,5,0,0,5,76,76,75,0.012547,0.01252,0.004295,0,1,1,2457.0
weighted_round_robin,2,90,1,9.776,12.519,1.0,1.0,5,0,0,5,76,76,76,0.012514,0.01252,0.004295,1,1,1,2457.0
weighted_round_robin,2,91,11,9.808,12.663,1.0,1.0,5,0,0,5,80,80,79,0.012514,0.01268,0.004231,1,1,1,2457.0
weighted_round_robin,2,92,1,14.531,24.989,1.0,1.0,2,2,0,0,80,80,80,0.026321,0.012999,0.004274,1,1,1,2457.0
weighted_round_robin,2,93,11,14.727,24.984,1.0,1.0,3,3,0,0,84,84,83,0.026269,0.013421,0.004492,1,1,1,2457.0
weighted_round_robin,2,94,0,14.388,24.934,1.0,1.0,5,5,0,0,84,84,83,0.026307,0.012576,0.004282,1,1,1,2457.0
weighted_round_robin,2,95,1,14.373,24.893,1.0,1.0,6,6,0,0,84,84,84,0.026262,0.012576,0.004282,1,1,1,2457.0
weighted_round_robin,2,96,11,14.504,24.936,1.0,1.0,6,6,0,0,88,88,87,0.026262,0.013003,0.004248,1,1,1,2457.0
weighted_round_robin,2,97,1,14.674,24.994,1.0,1.0,8,8,0,0,88,88,88,0.026275,0.013464,0.004283,1,1,1,2457.0
weighted_round_robin,2,98,11,14.35,24.787,1.0,1.0,10,10,0,0,92,92,91,0.026139,0.012618,0.004294,1,1,1,2457.0
weighted_round_robin,2,99,1,14.452,25.089,1.0,1.0,11,11,0,0,92,92,92,0.026481,0.012565,0.004309,1,1,1,2457.0
weighted_round_robin,2,100,11,14.348,24.889,1.0,1.0,13,13,0,0,96,96,95,0.026262,0.012537,0.004245,1,1,1,2457.0
weighted_round_robin,2,101,1,14.494,25.284,1.0,1.0,14,14,0,0,96,96,96,0.0267,0.012537,0.004245,1,1,1,2457.0
weighted_round_robin,2,102,11,14.485,25.278,1.0,1.0,14,14,0,0,100,100,99,0.0267,0.012476,0.00428,1,1,1,2457.0
weighted_round_robin,2,103,1,14.52,24.482,1.0,1.0,16,16,0,0,100,100,100,0.025715,0.013385,0.004459,1,1,1,2457.0
weighted_round_robin,2,104,11,14.24,24.553,1.0,1.0,17,17,0,0,104,104,103,0.025896,0.01247,0.004355,1,1,1,2457.0
weighted_round_robin,2,105,1,14.387,24.814,1.0,1.0,19,19,0,0,104,104,104,0.02616,0.012699,0.004303,1,1,1,2457.0
weighted_round_robin,2,106,11,14.413,25.06,1.0,1.0,21,21,0,0,108,108,107,0.026451,0.01254,0.004248,1,1,1,2457.0
weighted_round_robin,2,107,1,14.413,25.06,1.0,1.0,21,21,0,0,108,108,108,0.026451,0.01254,0.004248,1,1,1,2457.0
weighted_round_robin,2,108,11,14.55,25.28,1.0,1.0,22,22,0,0,112,112,111,0.026693,0.01256,0.004397,1,1,1,2457.0
weighted_round_robin,2,109,1,14.704,25.77,1.0,1.0,24,24,0,0,112,112,112,0.027236,0.012581,0.004296,1,1,1,2457.0
weighted_round_robin,2,110,11,14.411,24.938,1.0,1.0,25,25,0,0,116,116,115,0.026305,0.012638,0.004289,1,1,1,2457.0
weighted_round_robin,2,111,1,14.459,25.068,1.0,1.0,27,27,0,0,116,116,116,0.026466,0.01249,0.004421,1,1,1,2457.0
weighted_round_robin,2,112,11,14.397,24.788,1.0,1.0,29,29,0,0,120,120,119,0.026138,0.012633,0.004421,1,1,1,2457.0
weighted_round_robin,2,113,1,14.361,24.788,1.0,1.0,29,29,0,0,120,120,120,0.026138,0.012633,0.004313,1,1,1,2457.0
weighted_round_robin,2,114,11,14.277,24.636,1.0,1.0,30,30,0,0,124,124,123,0.025976,0.012573,0.004282,1,1,1,2457.0
weighted_round_robin,2,115,1,14.355,24.833,1.0,1.0,32,32,0,0,124,124,124,0.026191,0.012612,0.004261,1,1,1,2457.0
weighted_round_robin,2,116,7,15.287,27.109,1.0,1.0,33,33,0,0,127,126,126,0.028696,0.012831,0.004333,1,1,1,2457.0
weighted_round_robin,2,117,4,14.217,24.405,1.0,1.0,35,35,0,0,128,128,127,0.02572,0.012573,0.004359,1,1,1,2457.0
weighted_round_robin,2,118,1,14.31,24.655,1.0,1.0,36,36,0,0,128,128,128,0.025998,0.012573,0.004359,1,1,1,2457.0
weighted_round_robin,2,119,11,14.28,24.654,1.0,1.0,36,36,0,0,132,132,131,0.025998,0.012558,0.004285,1,1,1,2457.0
weighted_round_robin,2,120,1,14.353,24.879,1.0,1.0,38,38,0,0,132,132,132,0.026251,0.012527,0.004282,1,0,1,2457.0
weighted_round_robin,2,121,1,10.104,13.254,1.0,1.0,38,38,0,0,133,132,132,0.013318,0.012676,0.004318,1,0,1,2457.0
weighted_round_robin,2,122,1,10.233,13.352,1.0,1.0,38,38,0,0,133,133,132,0.013391,0.012999,0.004309,1,0,1,2457.0
weighted_round_robin,2,123,1,9.898,12.767,1.0,1.0,38,38,0,0,133,133,133,0.012616,0.012784,0.004295,1,0,1,2457.0
weighted_round_robin,2,124,1,9.874,12.76,1.0,1.0,38,38,0,0,134,133,133,0.012543,0.012784,0.004295,1,0,1,2457.0
weighted_round_robin,2,125,1,9.804,12.57,1.0,1.0,38,38,0,0,134,134,133,0.012543,0.012573,0.004296,1,0,1,2457.0
weighted_round_robin,2,126,1,9.904,12.598,1.0,1.0,38,38,0,0,134,134,134,0.012554,0.012603,0.004555,1,0,1,2457.0
weighted_round_robin,2,127,1,9.813,12.572,1.0,1.0,38,38,0,0,135,134,134,0.012535,0.012576,0.004329,1,0,1,2457.0
weighted_round_robin,2,128,1,9.826,12.628,1.0,1.0,38,38,0,0,135,135,134,0.012635,0.012562,0.004282,1,0,1,2457.0
weighted_round_robin,2,129,1,9.851,12.697,1.0,1.0,38,38,0,0,135,135,135,0.01271,0.012583,0.00426,1,0,1,2457.0
weighted_round_robin,2,130,1,9.942,12.944,1.0,1.0,38,38,0,0,136,135,135,0.012984,0.012583,0.00426,1,0,1,2457.0
weighted_round_robin,2,131,1,9.949,12.94,1.0,1.0,38,38,0,0,136,136,135,0.012984,0.012546,0.004316,1,0,1,2457.0
weighted_round_robin,2,132,1,10.148,13.466,1.0,1.0,38,38,0,0,136,136,136,0.012576,0.013565,0.004303,1,0,1,2457.0
weighted_round_robin,2,133,1,10.402,13.512,1.0,1.0,38,38,0,0,137,136,136,0.013626,0.012484,0.005095,1,0,1,2457.0
weighted_round_robin,2,134,1,9.818,12.589,1.0,1.0,38,38,0,0,137,137,136,0.012577,0.01259,0.004288,1,0,1,2457.0
weighted_round_robin,2,135,1,9.801,12.643,1.0,1.0,38,38,0,0,137,137,137,0.012662,0.012469,0.004272,1,0,1,2457.0
weighted_round_robin,2,136,1,9.795,12.627,1.0,1.0,38,38,0,0,138,137,137,0.012645,0.012469,0.004272,1,0,1,2457.0
weighted_round_robin,2,137,1,9.844,12.639,1.0,1.0,38,38,0,0,138,138,137,0.012645,0.012585,0.004302,1,0,1,2457.0
weighted_round_robin,2,138,1,9.794,12.603,1.0,1.0,38,38,0,0,138,138,138,0.012618,0.012466,0.004297,1,0,1,2457.0
weighted_round_robin,2,139,1,9.88,12.713,1.0,1.0,38,38,0,0,139,138,138,0.012628,0.012723,0.004289,1,0,1,2457.0
weighted_round_robin,2,140,1,9.794,12.581,1.0,1.0,38,38,0,0,139,139,138,0.012587,0.012525,0.004271,1,0,1,2457.0
weighted_round_robin,2,141,1,9.869,12.729,1.0,1.0,38,38,0,0,139,139,139,0.012588,0.012745,0.004273,1,0,1,2457.0
weighted_round_robin,2,142,1,10.032,13.046,1.0,1.0,38,38,0,0,140,139,139,0.013079,0.012745,0.004273,1,0,1,2457.0
weighted_round_robin,2,143,1,10.222,13.022,1.0,1.0,38,38,0,0,140,140,139,0.013079,0.012506,0.005081,1,0,1,2457.0
weighted_round_robin,2,144,1,9.877,12.765,1.0,1.0,38,38,0,0,140,140,140,0.012475,0.012797,0.00436,1,0,1,2457.0
weighted_round_robin,2,145,1,9.882,12.752,1.0,1.0,38,38,0,0,141,140,140,0.012542,0.012775,0.004329,1,0,1,2457.0
weighted_round_robin,2,146,1,9.802,12.567,1.0,1.0,38,38,0,0,141,141,140,0.01257,0.012536,0.004299,1,0,1,2457.0
weighted_round_robin,2,147,1,9.775,12.577,1.0,1.0,38,38,0,0,141,141,141,0.01241,0.012595,0.00432,1,0,1,2457.0
weighted_round_robin,2,148,1,9.901,12.804,1.0,1.0,38,38,0,0,142,141,141,0.01255,0.012832,0.00432,1,0,1,2457.0
weighted_round_robin,2,149,1,9.893,12.804,1.0,1.0,38,38,0,0,142,142,141,0.01255,0.012832,0.004298,1,0,1,2457.0
weighted_round_robin,2,150,1,9.859,12.73,1.0,1.0,38,38,0,0,142,142,142,0.012562,0.012749,0.004265,1,1,1,2457.0
weighted_round_robin,2,151,1,15.458,27.79,1.0,1.0,38,38,1,0,143,142,142,0.012609,0.029477,0.004289,1,1,1,2457.0
weighted_round_robin,2,152,11,14.761,25.219,1.0,1.0,38,38,2,0,146,146,146,0.012497,0.026633,0.005154,1,1,1,2457.0
weighted_round_robin,2,153,1,14.404,24.97,1.0,1.0,36,36,4,0,147,146,146,0.012577,0.026347,0.004287,1,1,1,2457.0
weighted_round_robin,2,154,1,14.398,24.968,1.0,1.0,36,36,4,0,147,147,146,0.01256,0.026347,0.004287,1,1,1,2457.0
weighted_round_robin,2,155,10,14.231,24.498,1.0,1.0,36,36,6,0,150,150,150,0.01256,0.025825,0.004307,1,1,1,2457.0
weighted_round_robin,2,156,1,14.76,25.092,1.0,1.0,36,36,7,0,151,150,150,0.013625,0.026366,0.004289,1,1,1,2457.0
weighted_round_robin,2,157,11,14.498,25.195,1.0,1.0,30,30,9,0,154,154,154,0.01262,0.026592,0.004281,1,1,1,2457.0
weighted_round_robin,2,158,1,14.476,25.217,1.0,1.0,30,30,10,0,155,154,154,0.012533,0.026626,0.004269,1,1,1,2457.0
weighted_round_robin,2,159,11,14.329,24.741,1.0,1.0,30,30,12,0,158,158,158,0.012592,0.026091,0.004303,1,1,1,2457.0
weighted_round_robin,2,160,1,14.329,24.741,1.0,1.0,30,30,12,0,159,158,158,0.012592,0.026091,0.004303,1,1,1,2457.0
weighted_round_robin,2,161,11,14.674,25.463,1.0,1.0,30,30,13,0,162,162,162,0.012592,0.026893,0.004537,1,1,1,2457.0
weighted_round_robin,2,162,1,14.355,24.644,1.0,1.0,25,25,15,0,163,162,162,0.012554,0.025987,0.004523,1,1,1,2457.0
weighted_round_robin,2,163,11,14.743,25.715,1.0,1.0,25,25,17,0,166,166,166,0.012541,0.027179,0.00451,1,1,1,2457.0
weighted_round_robin,2,164,1,14.395,24.85,1.0,1.0,25,25,18,0,167,166,166,0.012699,0.0262,0.004287,1,1,1,2457.0
weighted_round_robin,2,165,11,14.423,24.896,1.0,1.0,20,20,20,0,170,170,170,0.012736,0.026247,0.004287,1,1,1,2457.0
weighted_round_robin,2,166,1,14.403,24.896,1.0,1.0,20,20,20,0,171,170,170,0.012736,0.026247,0.004227,1,1,1,2457.0
weighted_round_robin,2,167,11,14.616,25.577,1.0,1.0,21,20,21,0,174,174,174,0.012523,0.027027,0.004298,1,1,1,2457.0
weighted_round_robin,2,168,1,14.256,24.592,1.0,1.0,23,20,23,0,175,174,174,0.012509,0.025935,0.004325,1,1,1,2457.0
weighted_round_robin,2,169,11,14.638,25.597,1.0,1.0,24,20,24,0,178,178,178,0.012456,0.027057,0.004401,1,1,1,2457.0
weighted_round_robin,2,170,1,14.337,24.687,1.0,1.0,26,14,26,0,179,178,178,0.012692,0.02602,0.004299,1,1,1,2457.0
weighted_round_robin,2,171,11,14.29,24.673,1.0,1.0,26,14,26,0,182,182,182,0.012551,0.02602,0.004299,1,1,1,2457.0
weighted_round_robin,2,172,1,14.122,24.275,1.0,1.0,28,14,28,0,183,182,182,0.012551,0.025578,0.004237,1,1,1,2457.0
weighted_round_robin,2,173,11,14.952,25.019,1.0,1.0,29,14,29,0,186,186,186,0.013423,0.026307,0.005126,1,1,1,2457.0
weighted_round_robin,2,174,1,14.349,24.829,1.0,1.0,31,9,31,0,187,186,186,0.012577,0.02619,0.004281,1,1,1,2457.0
weighted_round_robin,2,175,11,14.506,24.95,1.0,1.0,32,9,32,0,190,190,190,0.012957,0.026283,0.004279,1,1,1,2457.0
weighted_round_robin,2,176,1,14.537,25.364,1.0,1.0,34,9,34,0,191,190,190,0.01256,0.026787,0.004264,1,1,1,2457.0
weighted_round_robin,2,177,7,14.537,25.364,1.0,1.0,34,9,34,0,193,193,192,0.01256,0.026787,0.004264,1,1,1,2457.0
weighted_round_robin,2,178,4,14.491,25.164,1.0,1.0,36,3,36,0,194,194,194,0.012645,0.026555,0.004272,1,1,1,2457.0
weighted_round_robin,2,179,1,14.657,24.837,1.0,1.0,37,3,37,0,195,194,194,0.013438,0.026104,0.004428,1,1,1,2457.0
weighted_round_robin,3,0,0,15.903,25.117,1.0,1.0,0,0,0,0,0,0,0,0.012777,0.008444,0.026488,1,1,1,2495.6
weighted_round_robin,3,1,1,15.903,25.117,0.3333,0.3333,0,0,0,0,1,0,0,0.012777,0.008444,0.026488,1,1,1,2495.6
weighted_round_robin,3,2,1,16.05,24.78,0.6667,0.6667,39,0,39,4,1,1,0,0.012624,0.009394,0.026131,1,1,1,2495.6
weighted_round_robin,3,3,11,15.662,24.584,0.9883,0.9883,39,0,39,6,5,4,4,0.012583,0.008484,0.025918,1,1,1,2495.6
weighted_round_robin,3,4,1,15.786,24.964,0.9899,0.9899,39,0,39,7,5,5,4,0.012581,0.008436,0.02634,1,1,1,2495.6
weighted_round_robin,3,5,11,15.768,24.863,0.9968,0.9968,39,0,39,9,9,8,8,0.012611,0.008469,0.026224,1,1,1,2495.6
weighted_round_robin,3,6,1,15.798,24.856,0.9971,0.9971,39,0,39,9,9,9,8,0.012548,0.008621,0.026224,1,1,1,2495.6
weighted_round_robin,3,7,11,16.006,25.419,0.9985,0.9985,39,0,39,10,13,12,12,0.012548,0.008621,0.026849,1,1,1,2495.6
weighted_round_robin,3,8,1,15.841,24.49,0.9986,0.9986,39,0,39,12,13,13,12,0.013282,0.008506,0.025735,1,1,1,2495.6
weighted_round_robin,3,9,11,15.921,25.036,0.9992,0.9992,39,0,39,14,17,16,16,0.012928,0.008454,0.026381,1,1,1,2495.6
weighted_round_robin,3,10,1,15.977,25.379,0.9992,0.9992,39,0,39,15,17,17,16,0.012689,0.008452,0.026789,1,1,1,2495.6
weighted_round_robin,3,11,11,15.647,24.569,0.9995,0.9995,39,0,39,17,21,20,20,0.012603,0.008441,0.025898,1,1,1,2495.6
weighted_round_robin,3,12,1,15.647,24.569,0.9995,0.9995,39,0,39,17,21,21,20,0.012603,0.008441,0.025898,1,1,1,2495.6
weighted_round_robin,3,13,11,15.669,24.753,0.9996,0.9996,39,0,39,18,25,24,24,0.012517,0.008379,0.026112,1,1,1,2495.6
weighted_round_robin,3,14,1,15.721,24.807,0.9996,0.9996,39,0,39,20,25,25,24,0.012583,0.008416,0.026165,1,1,1,2495.6
weighted_round_robin,3,15,11,15.646,24.587,0.9997,0.9997,39,0,39,25,29,28,28,0.012569,0.008447,0.025922,1,1,1,2495.6
weighted_round_robin,3,16,1,15.766,24.736,0.9997,0.9997,39,0,39,23,29,29,28,0.012546,0.008662,0.026091,1,1,1,2495.6
weighted_round_robin,3,17,11,15.873,24.739,0.9998,0.9998,39,0,39,23,33,32,32,0.012574,0.008955,0.026091,1,1,1,2495.6
weighted_round_robin,3,18,1,15.889,24.782,0.9998,0.9998,39,0,39,25,33,33,32,0.012574,0.008955,0.026139,1,1,1,2495.6
weighted_round_robin,3,19,11,15.935,25.463,0.9998,0.9998,39,0,39,26,37,36,36,0.012485,0.008414,0.026905,1,1,1,2495.6
weighted_round_robin,3,20,1,15.708,24.823,0.9998,0.9998,39,0,39,28,37,37,36,0.012528,0.008408,0.026189,1,1,1,2495.6
weighted_round_robin,3,21,11,15.908,24.995,0.9999,0.9999,39,0,39,29,41,40,40,0.012571,0.008778,0.026375,1,1,1,2495.6
weighted_round_robin,3,22,1,15.757,24.764,0.9999,0.9999,39,0,39,31,41,41,40,0.012605,0.00855,0.026115,1,1,1,2495.6
weighted_round_robin,3,23,11,15.711,24.75,0.9999,0.9999,39,0,39,31,45,44,44,0.012467,0.00855,0.026115,1,1,1,2495.6
weighted_round_robin,3,24,1,15.949,25.486,0.9999,0.9999,39,0,39,33,45,45,44,0.012467,0.008447,0.026932,1,1,1,2495.6
weighted_round_robin,3,25,1,16.01,25.475,1.0,1.0,39,0,39,34,45,45,45,0.012717,0.008421,0.026893,1,1,1,2495.6
weighted_round_robin,3,26,10,15.67,24.663,0.9999,0.9999,39,0,39,36,49,48,48,0.012581,0.008423,0.026005,1,1,1,2495.6
weighted_round_robin,3,27,1,15.969,24.883,0.9999,0.9999,39,0,39,37,49,49,48,0.012759,0.008917,0.02623,1,1,1,2495.6
weighted_round_robin,3,28,11,16.045,25.741,0.9999,0.9999,39,0,39,39,53,52,52,0.012558,0.00837,0.027206,1,1,1,2495.6
weighted_round_robin,3,29,1,16.045,25.741,0.9999,0.9999,39,0,39,39,53,53,52,0.012558,0.00837,0.027206,1,1,1,2495.6
weighted_round_robin,3,30,11,15.481,24.115,0.9999,1.0,41,0,35,41,57,56,56,0.0126,0.008447,0.025395,0,1,1,2495.6
weighted_round_robin,3,31,1,11.227,12.613,0.9999,0.9999,41,0,35,41,57,57,56,0.012586,0.008479,0.012616,0,1,1,2495.6
weighted_round_robin,3,32,1,11.228,12.725,1.0,1.0,41,0,35,41,57,57,57,0.01274,0.008358,0.012587,0,1,1,2495.6
weighted_round_robin,3,33,1,11.179,12.58,0.9999,1.0,41,0,29,41,58,57,57,0.012464,0.00848,0.012593,0,1,1,2495.6
weighted_round_robin,3,34,1,11.303,12.833,0.9999,0.9999,41,0,29,41,58,58,57,0.012855,0.008422,0.012633,0,1,1,2495.6
weighted_round_robin,3,35,1,11.303,12.833,1.0,1.0,41,0,29,41,58,58,58,0.012855,0.008422,0.012633,0,1,1,2495.6
weighted_round_robin,3,36,1,11.25,12.754,0.9999,1.0,41,0,29,41,59,58,58,0.012778,0.008437,0.012535,0,1,1,2495.6
weighted_round_robin,3,37,1,11.514,13.38,0.9999,0.9999,41,0,29,41,59,59,58,0.013453,0.008369,0.012719,0,1,1,2495.6
weighted_round_robin,3,38,1,11.21,12.578,1.0,1.0,41,0,24,41,59,59,59,0.012584,0.008521,0.012524,0,1,1,2495.6
weighted_round_robin,3,39,1,11.206,12.688,0.9999,1.0,41,0,24,41,60,59,59,0.012472,0.008435,0.012712,0,1,1,2495.6
weighted_round_robin,3,40,1,11.374,12.779,0.9999,0.9999,41,0,24,41,60,60,59,0.012786,0.008624,0.012712,0,1,1,2495.6
weighted_round_robin,3,41,1,11.325,12.764,1.0,1.0,41,0,24,41,60,60,60,0.012786,0.008624,0.012565,0,1,1,2495.6
weighted_round_robin,3,42,1,11.143,12.632,0.9999,1.0,41,0,19,41,61,60,60,0.012456,0.008322,0.012651,0,1,1,2495.6
weighted_round_robin,3,43,1,11.2,12.589,0.9999,0.9999,41,0,19,41,61,61,60,0.01259,0.008427,0.012584,0,1,1,2495.6
weighted_round_robin,3,44,1,11.333,12.888,1.0,1.0,41,0,19,41,61,61,61,0.012615,0.008465,0.012918,0,1,1,2495.6
weighted_round_robin,3,45,1,11.14,12.545,0.9999,1.0,41,0,13,41,62,61,61,0.012551,0.008375,0.012494,0,1,1,2495.6
weighted_round_robin,3,46,1,11.151,12.568,0.9999,0.9999,41,0,13,41,62,62,61,0.012576,0.008383,0.012494,0,1,1,2495.6
weighted_round_robin,3,47,1,11.281,12.854,1.0,1.0,41,0,13,41,62,62,62,0.012576,0.008383,0.012885,0,1,1,2495.6
weighted_round_robin,3,48,1,11.225,12.551,0.9999,1.0,41,0,13,41,63,62,62,0.012554,0.008597,0.012525,0,1,1,2495.6
weighted_round_robin,3,49,1,11.306,12.833,0.9999,0.9999,41,0,13,41,63,63,62,0.012859,0.008459,0.012601,0,1,1,2495.6
weighted_round_robin,3,50,1,11.269,12.833,1.0,1.0,41,0,8,41,63,63,63,0.01255,0.008391,0.012865,0,1,1,2495.6
weighted_round_robin,3,51,1,11.169,12.506,0.9999,1.0,41,0,8,41,64,63,63,0.012497,0.008503,0.012507,0,1,1,2495.6
weighted_round_robin,3,52,1,11.253,12.79,0.9999,0.9999,41,0,8,41,64,64,63,0.012821,0.00843,0.012507,0,1,1,2495.6
weighted_round_robin,3,53,1,11.253,12.79,1.0,1.0,41,0,8,41,64,64,64,0.012821,0.00843,0.012507,0,1,1,2495.6
weighted_round_robin,3,54,1,11.259,12.701,0.9999,1.0,41,0,3,41,65,64,64,0.012624,0.008444,0.01271,0,1,1,2495.6
weighted_round_robin,3,55,1,11.161,12.55,0.9999,0.9999,41,0,3,41,65,65,64,0.012543,0.008389,0.012551,0,1,1,2495.6
weighted_round_robin,3,56,1,11.185,12.558,1.0,1.0,41,0,3,41,65,65,65,0.012559,0.008447,0.01255,0,1,1,2495.6
weighted_round_robin,3,57,1,11.431,13.219,0.9999,1.0,41,0,3,41,66,65,65,0.01264,0.00837,0.013283,0,1,1,2495.6
weighted_round_robin,3,58,1,11.731,13.216,0.9999,0.9999,41,0,0,41,66,66,65,0.012613,0.009298,0.013283,0,1,1,2495.6
weighted_round_robin,3,59,1,11.491,12.608,1.0,1.0,41,0,0,41,66,66,66,0.012613,0.009298,0.012563,0,1,1,2495.6
weighted_round_robin,3,60,1,11.176,12.566,0.9999,1.0,41,0,0,41,67,66,66,0.012553,0.008409,0.012567,0,1,1,2495.6
weighted_round_robin,3,61,1,11.181,12.55,1.0,0.9999,41,0,0,41,67,67,66,0.012535,0.008455,0.012552,0,1,1,2495.6
weighted_round_robin,3,62,1,11.154,12.582,1.0,1.0,38,0,0,38,67,67,67,0.01249,0.008381,0.012592,0,1,1,2495.6
weighted_round_robin,3,63,1,11.503,13.421,1.0,1.0,38,0,0,38,68,67,67,0.012574,0.008419,0.013515,0,1,1,2495.6
weighted_round_robin,3,64,1,11.496,13.416,1.0,0.9999,38,0,0,38,68,68,67,0.012525,0.008449,0.013515,0,1,1,2495.6
weighted_round_robin,3,65,0,11.136,12.516,1.0,0.9999,38,0,0,38,68,68,67,0.012525,0.008449,0.012435,0,1,1,2495.6
weighted_round_robin,3,66,1,11.227,12.638,1.0,1.0,32,0,0,32,68,68,68,0.012635,0.008408,0.012638,0,1,1,2495.6
weighted_round_robin,3,67,1,11.458,12.784,1.0,1.0,32,0,0,32,69,68,68,0.012585,0.008983,0.012806,0,1,1,2495.6
weighted_round_robin,3,68,1,11.204,12.593,1.0,0.9999,32,0,0,32,69,69,68,0.012564,0.008451,0.012596,0,1,1,2495.6
weighted_round_robin,3,69,1,11.194,12.569,1.0,1.0,32,0,0,32,69,69,69,0.012505,0.008502,0.012576,0,1,1,2495.6
weighted_round_robin,3,70,1,11.149,12.567,1.0,1.0,32,0,0,32,70,69,69,0.012484,0.008386,0.012576,0,1,1,2495.6
weighted_round_robin,3,71,1,11.165,12.612,1.0,0.9999,27,0,0,27,70,70,69,0.012484,0.008386,0.012626,0,1,1,2495.6
weighted_round_robin,3,72,1,11.142,12.55,1.0,1.0,27,0,0,27,70,70,70,0.01249,0.008378,0.012557,0,1,1,2495.6
weighted_round_robin,3,73,1,11.352,12.609,1.0,1.0,27,0,0,27,71,70,70,0.012619,0.008921,0.012516,0,1,1,2495.6
weighted_round_robin,3,74,1,11.274,12.582,1.0,0.9999,22,0,0,22,71,71,70,0.012583,0.008667,0.012573,0,1,1,2495.6
weighted_round_robin,3,75,1,11.195,12.588,1.0,1.0,22,0,0,22,71,71,71,0.012558,0.008436,0.012591,0,1,1,2495.6
weighted_round_robin,3,76,1,11.292,12.799,1.0,1.0,22,0,0,22,72,71,71,0.012822,0.008463,0.012591,0,1,1,2495.6
weighted_round_robin,3,77,1,11.276,12.794,1.0,1.0,22,0,0,22,72,72,71,0.012822,0.008463,0.012543,0,1,1,2495.6
weighted_round_robin,3,78,1,11.433,12.556,1.0,1.0,22,0,0,22,72,72,72,0.012522,0.009217,0.01256,0,1,1,2495.6
weighted_round_robin,3,79,1,11.212,12.629,1.0,1.0,16,0,0,16,73,72,72,0.012565,0.008435,0.012636,0,1,1,2495.6
weighted_round_robin,3,80,1,11.198,12.591,1.0,1.0,16,0,0,16,73,73,72,0.012556,0.008444,0.012595,0,1,1,2495.6
weighted_round_robin,3,81,1,11.181,12.588,1.0,1.0,16,0,0,16,73,73,73,0.012557,0.008396,0.012591,0,1,1,2495.6
weighted_round_robin,3,82,1,11.184,12.59,1.0,1.0,16,0,0,16,74,73,73,0.01258,0.008382,0.012591,0,1,1,2495.6
weighted_round_robin,3,83,1,11.286,12.864,1.0,1.0,11,0,0,11,74,74,73,0.01258,0.008382,0.012896,0,1,1,2495.6
weighted_round_robin,3,84,1,11.248,12.61,1.0,1.0,11,0,0,11,74,74,74,0.012607,0.008527,0.01261,0,1,1,2495.6
weighted_round_robin,3,85,1,11.207,12.597,1.0,1.0,11,0,0,11,75,74,74,0.0126,0.008447,0.012574,0,1,1,2495.6
weighted_round_robin,3,86,1,11.177,12.63,1.0,1.0,5,0,0,5,75,75,74,0.012539,0.008352,0.01264,0,1,1,2495.6
weighted_round_robin,3,87,1,11.178,12.57,1.0,1.0,5,0,0,5,75,75,75,0.012571,0.008401,0.012561,0,1,1,2495.6
weighted_round_robin,3,88,1,11.214,12.61,1.0,1.0,5,0,0,5,76,75,75,0.012615,0.008467,0.012561,0,1,1,2495.6
weighted_round_robin,3,89,1,11.221,12.612,1.0,1.0,5,0,0,5,76,76,75,0.012615,0.008467,0.012581,0,1,1,2495.6
weighted_round_robin,3,90,1,11.203,12.591,1.0,1.0,5,0,0,5,76,76,76,0.012592,0.008436,0.01258,1,1,1,2495.6
weighted_round_robin,3,91,11,17.185,28.558,1.0,1.0,1,1,0,0,80,80,79,0.030309,0.008452,0.012795,1,1,1,2495.6
weighted_round_robin,3,92,1,15.826,25.046,1.0,1.0,3,3,0,0,80,80,80,0.026425,0.008422,0.012631,1,1,1,2495.6
weighted_round_robin,3,93,11,15.919,24.88,1.0,1.0,4,4,0,0,84,84,83,0.026194,0.008506,0.013057,1,1,1,2495.6
weighted_round_robin,3,94,1,15.987,25.064,1.0,1.0,6,6,0,0,84,84,84,0.026398,0.008506,0.013057,1,1,1,2495.6
weighted_round_robin,3,95,11,15.823,25.018,1.0,1.0,6,6,0,0,88,88,87,0.026398,0.008478,0.012594,1,1,1,2495.6
weighted_round_robin,3,96,1,15.516,24.245,1.0,1.0,8,8,0,0,88,88,88,0.025546,0.008462,0.012541,1,1,1,2495.6
weighted_round_robin,3,97,7,16.155,25.914,1.0,1.0,9,9,0,0,91,90,90,0.027394,0.008475,0.012596,1,1,1,2495.6
weighted_round_robin,3,98,4,15.699,24.723,1.0,1.0,11,11,0,0,92,92,91,0.026077,0.008481,0.012539,1,1,1,2495.6
weighted_round_robin,3,99,1,15.812,25.055,1.0,1.0,12,12,0,0,92,92,92,0.026449,0.008481,0.012507,1,1,1,2495.6
weighted_round_robin,3,100,11,15.812,25.055,1.0,1.0,12,12,0,0,96,96,95,0.026449,0.008481,0.012507,1,1,1,2495.6
weighted_round_robin,3,101,1,15.638,24.617,1.0,1.0,14,14,0,0,96,96,96,0.025947,0.008321,0.012646,1,1,1,2495.6
weighted_round_robin,3,102,11,15.778,24.99,1.0,1.0,16,16,0,0,100,100,99,0.026373,0.008415,0.012545,1,1,1,2495.6
weighted_round_robin,3,103,1,15.847,25.12,1.0,1.0,17,17,0,0,100,100,100,0.026514,0.008457,0.01257,1,1,1,2495.6
weighted_round_robin,3,104,11,16.01,25.326,1.0,1.0,19,19,0,0,104,104,103,0.026717,0.008502,0.012811,1,1,1,2495.6
weighted_round_robin,3,105,1,15.788,24.746,1.0,1.0,20,20,0,0,104,104,104,0.026072,0.00848,0.012811,1,1,1,2495.6
weighted_round_robin,3,106,11,15.726,24.727,1.0,1.0,20,20,0,0,108,108,107,0.026072,0.00848,0.012625,1,1,1,2495.6
weighted_round_robin,3,107,1,15.851,25.202,1.0,1.0,22,22,0,0,108,108,108,0.026612,0.008433,0.012508,1,1,1,2495.6
weighted_round_robin,3,108,11,15.664,24.823,1.0,1.0,23,23,0,0,112,112,111,0.026193,0.008309,0.01249,1,1,1,2495.6
weighted_round_robin,3,109,1,15.805,25.182,1.0,1.0,25,25,0,0,112,112,112,0.026582,0.008247,0.012586,1,1,1,2495.6
weighted_round_robin,3,110,11,15.695,24.593,1.0,1.0,27,27,0,0,116,116,115,0.025914,0.008468,0.012703,1,1,1,2495.6
weighted_round_robin,3,111,1,15.862,25.043,1.0,1.0,28,28,0,0,116,116,116,0.026414,0.008468,0.012703,1,1,1,2495.6
weighted_round_robin,3,112,11,15.788,25.028,1.0,1.0,28,28,0,0,120,120,119,0.026414,0.008392,0.012557,1,1,1,2495.6
weighted_round_robin,3,113,1,15.537,24.27,1.0,1.0,30,30,0,0,120,120,120,0.025573,0.008491,0.012548,1,1,1,2495.6
weighted_round_robin,3,114,11,15.827,24.924,1.0,1.0,31,31,0,0,124,124,123,0.026277,0.008455,0.012749,1,1,1,2495.6
weighted_round_robin,3,115,1,15.727,24.933,1.0,1.0,33,33,0,0,124,124,124,0.02632,0.008416,0.012445,1,1,1,2495.6
weighted_round_robin,3,116,11,15.936,24.846,1.0,1.0,38,38,0,0,128,128,127,0.026127,0.008362,0.01332,1,1,1,2495.6
weighted_round_robin,3,117,1,15.936,24.846,1.0,1.0,38,38,0,0,128,128,128,0.026127,0.008362,0.01332,1,1,1,2495.6
weighted_round_robin,3,118,11,15.815,24.882,1.0,1.0,36,36,0,0,132,132,131,0.026225,0.008423,0.012796,1,1,1,2495.6
weighted_round_robin,3,119,1,16.207,25.112,1.0,1.0,38,38,0,0,132,132,132,0.026488,0.009404,0.012728,1,1,1,2495.6
weighted_round_robin,3,120,11,15.675,24.688,1.0,1.0,39,39,0,0,136,136,135,0.026037,0.008444,0.012545,1,0,1,2495.6
weighted_round_robin,3,121,0,11.171,12.538,1.0,1.0,40,40,0,0,136,136,135,0.01253,0.008444,0.012539,1,0,1,2495.6
weighted_round_robin,3,122,1,11.181,12.589,1.0,1.0,40,40,0,0,136,136,136,0.012595,0.00841,0.012539,1,0,1,2495.6
weighted_round_robin,3,123,1,11.153,12.581,1.0,1.0,40,40,0,0,137,136,136,0.012595,0.00841,0.012455,1,0,1,2495.6
weighted_round_robin,3,124,1,11.207,12.567,1.0,1.0,40,40,0,0,137,137,136,0.012561,0.008492,0.012568,1,0,1,2495.6
weighted_round_robin,3,125,1,11.226,12.652,1.0,1.0,40,40,0,0,137,137,137,0.012659,0.00843,0.012588,1,0,1,2495.6
weighted_round_robin,3,126,1,11.19,12.572,1.0,1.0,40,40,0,0,138,137,137,0.012574,0.008439,0.012558,1,0,1,2495.6
weighted_round_robin,3,127,1,11.486,12.895,1.0,1.0,40,40,0,0,138,138,137,0.012931,0.008958,0.012569,1,0,1,2495.6
weighted_round_robin,3,128,1,11.345,12.563,1.0,1.0,40,40,0,0,138,138,138,0.012507,0.008958,0.012569,1,0,1,2495.6
weighted_round_robin,3,129,1,11.229,12.772,1.0,1.0,40,40,0,0,139,138,138,0.012507,0.008378,0.012801,1,0,1,2495.6
weighted_round_robin,3,130,1,11.229,12.667,1.0,1.0,40,40,0,0,139,139,138,0.012584,0.008426,0.012676,1,0,1,2495.6
weighted_round_robin,3,131,1,11.183,12.58,1.0,1.0,40,40,0,0,139,139,139,0.012551,0.008416,0.012583,1,0,1,2495.6
weighted_round_robin,3,132,1,11.208,12.583,1.0,1.0,40,40,0,0,140,139,139,0.012584,0.008466,0.012574,1,0,1,2495.6
weighted_round_robin,3,133,1,11.282,12.77,1.0,1.0,40,40,0,0,140,140,139,0.012786,0.008439,0.012622,1,0,1,2495.6
weighted_round_robin,3,134,1,11.21,12.617,1.0,1.0,40,40,0,0,140,140,140,0.012568,0.008439,0.012622,1,0,1,2495.6
weighted_round_robin,3,135,1,11.431,13.221,1.0,1.0,40,40,0,0,141,140,140,0.012568,0.00843,0.013294,1,0,1,2495.6
weighted_round_robin,3,136,1,11.209,12.596,1.0,1.0,40,40,0,0,141,141,140,0.012602,0.008484,0.01254,1,0,1,2495.6
weighted_round_robin,3,137,1,11.133,12.542,1.0,1.0,40,40,0,0,141,141,141,0.012439,0.008408,0.012553,1,0,1,2495.6
weighted_round_robin,3,138,1,11.184,12.645,1.0,1.0,40,40,0,0,142,141,141,0.012509,0.008382,0.01266,1,0,1,2495.6
weighted_round_robin,3,139,1,11.165,12.552,1.0,1.0,40,40,0,0,142,142,141,0.012523,0.008417,0.012555,1,0,1,2495.6
weighted_round_robin,3,140,1,11.166,12.552,1.0,1.0,40,40,0,0,142,142,142,0.012526,0.008417,0.012555,1,0,1,2495.6
weighted_round_robin,3,141,1,11.286,12.808,1.0,1.0,40,40,0,0,143,142,142,0.012526,0.008492,0.012839,1,0,1,2495.6
weighted_round_robin,3,142,1,11.208,12.597,1.0,1.0,40,40,0,0,143,143,142,0.012598,0.00844,0.012586,1,0,1,2495.6
weighted_round_robin,3,143,1,11.248,12.743,1.0,1.0,40,40,0,0,143,143,143,0.012772,0.008486,0.012486,1,0,1,2495.6
weighted_round_robin,3,144,1,11.407,12.8,1.0,1.0,40,40,0,0,144,143,143,0.012666,0.00874,0.012815,1,0,1,2495.6
weighted_round_robin,3,145,1,11.216,12.629,1.0,1.0,40,40,0,0,144,144,143,0.012637,0.008454,0.012556,1,0,1,2495.6
weighted_round_robin,3,146,1,11.157,12.546,1.0,1.0,40,40,0,0,144,144,144,0.012461,0.008454,0.012556,1,0,1,2495.6
weighted_round_robin,3,147,1,11.477,13.438,1.0,1.0,40,40,0,0,145,144,144,0.012461,0.008424,0.013547,1,0,1,2495.6
weighted_round_robin,3,148,1,11.217,12.631,1.0,1.0,40,40,0,0,145,145,144,0.012573,0.008442,0.012637,1,0,1,2495.6
weighted_round_robin,3,149,1,11.263,12.799,1.0,1.0,40,40,0,0,145,145,145,0.012511,0.008446,0.012831,1,0,1,2495.6
weighted_round_robin,3,150,1,11.254,12.606,1.0,1.0,40,40,0,0,146,145,145,0.012598,0.008557,0.012607,1,1,1,2495.6
weighted_round_robin,3,151,11,14.698,17.792,1.0,1.0,40,40,2,0,149,149,149,0.012435,0.018283,0.013377,1,1,1,2495.6
weighted_round_robin,3,152,1,14.698,17.792,1.0,1.0,40,40,2,0,150,149,149,0.012435,0.018283,0.013377,1,1,1,2495.6
weighted_round_robin,3,153,11,14.535,17.249,1.0,1.0,38,38,3,0,153,153,153,0.013439,0.017672,0.012493,1,1,1,2495.6
weighted_round_robin,3,154,1,14.243,17.162,1.0,1.0,38,38,5,0,154,153,153,0.012533,0.017676,0.012519,1,1,1,2495.6
weighted_round_robin,3,155,11,14.465,17.624,1.0,1.0,38,38,6,0,157,157,157,0.012599,0.018181,0.012615,1,1,1,2495.6
weighted_round_robin,3,156,1,14.346,17.385,1.0,1.0,33,33,8,0,158,157,157,0.01252,0.017916,0.012603,1,1,1,2495.6
weighted_round_robin,3,157,0,15.013,17.741,1.0,1.0,33,33,9,0,158,157,157,0.013332,0.018213,0.013495,1,1,1,2495.6
weighted_round_robin,3,158,11,15.013,17.741,1.0,1.0,33,33,9,0,161,161,161,0.013332,0.018213,0.013495,1,1,1,2495.6
weighted_round_robin,3,159,1,14.324,17.257,1.0,1.0,33,33,11,0,162,161,161,0.012596,0.017774,0.012603,1,1,1,2495.6
weighted_round_robin,3,160,11,14.219,16.845,1.0,1.0,27,27,13,0,165,165,165,0.01257,0.017295,0.012792,1,1,1,2495.6
weighted_round_robin,3,161,1,14.378,17.634,1.0,1.0,27,27,14,0,166,165,165,0.012459,0.018208,0.012466,1,1,1,2495.6
weighted_round_robin,3,162,11,14.288,17.208,1.0,1.0,27,27,16,0,169,169,169,0.012549,0.01772,0.012596,1,1,1,2495.6
weighted_round_robin,3,163,1,14.324,17.298,1.0,1.0,27,27,17,0,170,169,169,0.012554,0.017821,0.012596,1,1,1,2495.6
weighted_round_robin,3,164,11,14.292,17.294,1.0,1.0,27,27,17,0,173,173,173,0.012554,0.017821,0.012501,1,1,1,2495.6
weighted_round_robin,3,165,1,14.317,17.318,1.0,1.0,22,22,19,0,174,173,173,0.012528,0.017845,0.012578,1,1,1,2495.6
weighted_round_robin,3,166,11,14.159,17.019,1.0,1.0,22,22,20,0,177,177,177,0.012498,0.017521,0.012457,1,1,1,2495.6
weighted_round_robin,3,167,1,14.643,17.422,1.0,1.0,22,22,22,0,178,177,177,0.012677,0.017871,0.013382,1,1,1,2495.6
weighted_round_robin,3,168,11,14.35,17.293,1.0,1.0,24,17,24,0,181,181,181,0.01258,0.017808,0.012663,1,1,1,2495.6
weighted_round_robin,3,169,1,14.402,17.301,1.0,1.0,24,17,24,0,182,181,181,0.012734,0.017808,0.012663,1,1,1,2495.6
weighted_round_robin,3,170,11,14.369,17.235,1.0,1.0,25,17,25,0,185,185,185,0.012734,0.017735,0.012637,1,1,1,2495.6
weighted_round_robin,3,171,1,14.686,17.466,1.0,1.0,27,17,27,0,186,185,185,0.012746,0.017918,0.013394,1,1,1,2495.6
weighted_round_robin,3,172,11,14.466,17.418,1.0,1.0,28,17,28,0,189,189,189,0.012832,0.017928,0.012638,1,1,1,2495.6
weighted_round_robin,3,173,1,14.241,17.087,1.0,1.0,30,12,30,0,190,189,189,0.012565,0.017589,0.012569,1,1,1,2495.6
weighted_round_robin,3,174,11,14.279,17.335,1.0,1.0,32,12,32,0,193,193,193,0.012388,0.017863,0.012585,1,1,1,2495.6
weighted_round_robin,3,175,1,14.279,17.335,1.0,1.0,32,12,32,0,194,193,193,0.012388,0.017863,0.012585,1,1,1,2495.6
weighted_round_robin,3,176,11,14.368,17.448,1.0,1.0,33,12,33,0,197,197,197,0.012532,0.017988,0.012585,1,1,1,2495.6
weighted_round_robin,3,177,1,14.777,17.647,1.0,1.0,35,7,35,0,198,197,197,0.012748,0.018111,0.013471,1,1,1,2495.6
weighted_round_robin,3,178,11,14.255,17.25,1.0,1.0,36,7,36,0,201,201,201,0.01251,0.017777,0.012477,1,1,1,2495.6
weighted_round_robin,3,179,1,14.203,16.765,1.0,1.0,38,7,38,0,202,201,201,0.012576,0.017202,0.012831,1,1,1,2495.6
random,1,0,0,16.07,25.712,1.0,1.0,0,0,0,0,0,0,0,0.012631,0.008414,0.027165,1,1,1,2432.3
random,1,1,1,16.065,25.707,0.3333,0.3333,43,0,43,0,0,1,0,0.012587,0.008444,0.027165,1,1,1,2432.3
random,1,2,1,15.699,24.718,0.3333,0.3333,43,0,43,3,0,2,0,0.012587,0.008444,0.026066,1,1,1,2432.3
random,1,3,1,15.555,24.331,0.3333,0.3333,43,0,43,4,0,3,0,0.012598,0.008431,0.025635,1,1,1,2432.3
random,1,4,1,15.812,25.097,0.5333,0.5333,43,0,43,5,1,3,0,0.012557,0.00839,0.02649,1,1,1,2432.3
random,1,5,1,15.818,24.998,0.4902,0.4902,43,0,43,6,1,4,0,0.012571,0.008505,0.026379,1,1,1,2432.3
random,1,6,11,15.576,24.478,0.9922,0.9922,43,0,43,8,5,6,5,0.012553,0.008372,0.025803,1,1,1,2432.3
random,1,7,11,15.548,24.47,0.9759,0.9759,43,0,43,8,7,10,10,0.01247,0.008372,0.025803,1,1,1,2432.3
random,1,8,1,15.523,24.388,0.9679,0.9679,43,0,43,10,7,11,10,0.01247,0.008387,0.025712,1,1,1,2432.3
random,1,9,1,15.718,24.824,0.9836,0.9836,43,0,43,11,8,11,10,0.012551,0.008416,0.026188,1,1,1,2432.3
random,1,10,1,15.751,24.79,0.974,0.974,43,0,43,12,8,12,10,0.012564,0.008542,0.026148,1,1,1,2432.3
random,1,11,1,15.921,25.38,0.962,0.962,43,0,43,13,8,13,10,0.012553,0.008406,0.026805,1,1,1,2432.3
random,1,12,1,15.681,24.736,0.9752,0.9752,43,0,43,14,9,13,10,0.012504,0.008444,0.026095,1,1,1,2432.3
random,1,13,11,15.681,24.736,0.9861,0.9861,43,0,43,14,12,16,15,0.012504,0.008444,0.026095,1,1,1,2432.3
random,1,14,1,15.675,24.624,0.9807,0.9807,43,0,43,16,12,17,15,0.01261,0.008456,0.025959,1,1,1,2432.3
random,1,15,1,15.584,24.382,0.974,0.974,43,0,43,17,12,18,15,0.012629,0.008436,0.025688,1,1,1,2432.3
random,1,16,1,15.55,24.455,0.9662,0.9662,43,0,43,18,12,19,15,0.012517,0.008351,0.025781,1,1,1,2432.3
random,1,17,1,15.782,24.901,0.9753,0.9753,43,0,43,19,13,19,15,0.012604,0.008476,0.026267,1,1,1,2432.3
random,1,18,11,15.887,24.934,0.9751,0.9751,43,0,43,19,15,21,22,0.012941,0.008453,0.026267,1,1,1,2432.3
random,1,19,1,15.876,24.906,0.9726,0.9726,43,0,43,21,15,22,22,0.012941,0.008453,0.026235,1,1,1,2432.3
random,1,20,1,15.895,25.185,0.9804,0.9804,43,0,43,22,16,22,22,0.012615,0.008488,0.026582,1,1,1,2432.3
random,1,21,1,15.783,24.848,0.9774,0.9774,43,0,43,23,16,23,22,0.012721,0.008433,0.026195,1,1,1,2432.3
random,1,22,1,15.678,24.64,0.9841,0.9841,43,0,43,24,17,23,22,0.012631,0.008429,0.025974,1,1,1,2432.3
random,1,23,11,15.709,24.811,0.9896,0.9896,43,0,43,26,21,27,25,0.012566,0.00839,0.026172,1,1,1,2432.3
random,1,24,1,15.709,24.811,0.9931,0.9931,43,0,43,26,22,27,25,0.012566,0.00839,0.026172,1,1,1,2432.3
random,1,25,1,15.673,24.732,0.9905,0.9905,43,0,43,27,22,28,25,0.012574,0.008363,0.026083,1,1,1,2432.3
random,1,26,11,15.765,24.805,0.9799,0.9799,43,0,43,28,24,34,28,0.012609,0.008526,0.02616,1,1,1,2432.3
random,1,27,1,15.734,24.824,0.976,0.976,40,0,40,30,24,35,28,0.012579,0.008438,0.026185,1,1,1,2432.3
random,1,28,1,15.675,24.679,0.98,0.98,40,0,40,31,25,35,28,0.012497,0.008494,0.026033,1,1,1,2432.3
random,1,29,11,15.676,24.688,0.9784,0.9784,40,0,40,31,27,39,33,0.012584,0.00841,0.026033,1,1,1,2432.3
random,1,30,1,15.733,24.844,0.9821,0.9931,40,0,40,33,28,39,33,0.012584,0.00841,0.026206,0,1,1,2432.3
random,1,31,0,11.438,13.195,0.9821,0.9931,40,0,40,33,28,39,33,0.012645,0.008412,0.013256,0,1,1,2432.3
random,1,32,1,11.268,12.753,0.9853,0.9931,35,0,35,33,29,39,33,0.01277,0.008433,0.012601,0,1,1,2432.3
random,1,33,1,11.45,13.287,0.988,0.9931,35,0,35,33,30,39,33,0.013357,0.008341,0.012652,0,1,1,2432.3
random,1,34,1,11.198,12.584,0.9886,0.9953,35,0,35,33,30,39,34,0.012587,0.008453,0.012554,0,1,1,2432.3
random,1,35,1,11.188,12.611,0.991,0.9953,33,0,29,33,31,39,34,0.012617,0.008393,0.012554,0,1,1,2432.3
random,1,36,1,11.332,12.949,0.9914,0.9971,33,0,29,33,31,39,35,0.012617,0.008393,0.012986,0,1,1,2432.3
random,1,37,1,11.186,12.563,0.9935,0.9971,33,0,29,33,32,39,35,0.012551,0.008442,0.012564,0,1,1,2432.3
random,1,38,1,11.245,12.766,0.9915,0.9956,33,0,29,33,32,40,35,0.012482,0.008455,0.012798,0,1,1,2432.3
random,1,39,1,11.344,12.662,0.9918,0.9972,33,0,24,33,32,40,36,0.012666,0.008741,0.012624,0,1,1,2432.3
random,1,40,1,14.948,18.972,0.9898,0.9958,33,0,23,33,32,41,36,0.012601,0.01968,0.012564,0,1,1,2432.3
random,1,41,1,14.922,18.968,0.99,0.9974,33,0,23,33,32,41,37,0.012523,0.01968,0.012564,0,1,1,2432.3
random,1,42,1,11.117,12.514,0.988,0.996,33,0,23,33,32,42,37,0.012523,0.008391,0.012438,0,1,1,2432.3
random,1,43,1,11.161,12.667,0.988,0.9975,33,0,23,33,32,42,38,0.012419,0.00837,0.012695,0,1,1,2432.3
random,1,44,1,11.153,12.559,0.9878,0.9986,33,0,18,33,32,42,39,0.012527,0.00837,0.012563,0,1,1,2432.3
random,1,45,1,11.201,12.67,0.9872,0.9994,33,0,18,33,32,42,40,0.012567,0.008356,0.012681,0,1,1,2432.3
random,1,46,1,11.159,12.572,0.9864,0.9999,33,0,18,33,32,42,41,0.012559,0.008345,0.012573,0,1,1,2432.3
random,1,47,1,11.154,12.57,0.9893,0.9999,33,0,18,33,33,42,41,0.012545,0.008345,0.012573,0,1,1,2432.3
random,1,48,1,11.209,12.565,0.9917,0.9999,33,0,12,33,34,42,41,0.012545,0.008514,0.012567,0,1,1,2432.3
random,1,49,1,11.362,13.081,0.9909,1.0,33,0,12,33,34,42,42,0.013142,0.008413,0.012532,0,1,1,2432.3
random,1,50,1,11.159,12.538,0.9931,1.0,33,0,12,33,35,42,42,0.012512,0.008423,0.012541,0,1,1,2432.3
random,1,51,1,11.184,12.57,0.9921,0.9999,33,0,12,33,35,42,43,0.012575,0.008448,0.012529,0,1,1,2432.3
random,1,52,1,11.167,12.548,0.9913,1.0,33,0,7,33,35,43,43,0.01255,0.008423,0.012529,0,1,1,2432.3
random,1,53,1,11.163,12.537,0.9903,0.9999,33,0,7,33,35,43,44,0.012538,0.008423,0.012529,0,1,1,2432.3
random,1,54,1,11.203,12.576,0.989,0.9995,33,0,7,33,35,43,45,0.012538,0.00849,0.01258,0,1,1,2432.3
random,1,55,1,11.285,12.739,0.9883,0.9999,33,0,7,33,35,44,45,0.012748,0.008455,0.012653,0,1,1,2432.3
random,1,56,1,11.214,12.628,0.987,0.9995,33,0,2,33,35,44,46,0.01259,0.00842,0.012632,0,1,1,2432.3
random,1,57,1,11.356,12.841,0.9862,0.9999,33,0,2,33,35,45,46,0.012848,0.008443,0.012777,0,1,1,2432.3
random,1,58,1,11.55,12.779,0.9849,0.9995,33,0,2,33,35,45,47,0.0128,0.009259,0.012592,0,1,1,2432.3
random,1,59,1,11.542,12.757,0.984,0.9999,33,0,2,33,35,46,47,0.012775,0.009259,0.012592,0,1,1,2432.3
random,1,60,1,11.297,12.762,0.9868,0.9999,32,0,0,32,36,46,47,0.012775,0.008474,0.012643,0,1,1,2432.3
random,1,61,1,11.902,13.766,0.9859,1.0,32,0,0,32,36,47,47,0.013412,0.00849,0.013805,0,1,1,2432.3
random,1,62,1,11.471,13.363,0.9885,1.0,32,0,0,32,37,47,47,0.013449,0.008377,0.012587,0,1,1,2432.3
random,1,63,1,11.569,13.364,0.9908,1.0,32,0,0,32,38,47,47,0.013446,0.008634,0.012627,0,1,1,2432.3
random,1,64,1,11.454,13.281,0.9898,0.9999,29,0,0,29,38,47,48,0.012519,0.008476,0.013366,0,1,1,2432.3
random,1,65,1,11.467,13.285,0.9919,0.9999,29,0,0,29,39,47,48,0.012559,0.008476,0.013366,0,1,1,2432.3
random,1,66,1,11.2,12.578,0.9909,0.9996,29,0,0,29,39,47,49,0.012559,0.00846,0.01258,0,1,1,2432.3
random,1,67,1,11.461,13.262,0.9903,0.9999,29,0,0,29,39,48,49,0.013338,0.008466,0.01258,0,1,1,2432.3
random,1,68,1,11.536,13.267,0.9923,0.9999,24,0,0,24,40,48,49,0.013316,0.008469,0.012823,0,1,1,2432.3
random,1,69,1,11.419,13.056,0.994,0.9999,24,0,0,24,41,48,49,0.012733,0.008432,0.013092,0,1,1,2432.3
random,1,70,1,11.897,13.528,0.9931,0.9996,24,0,0,24,41,48,50,0.013546,0.008775,0.013369,0,1,1,2432.3
random,1,71,1,11.897,13.528,0.992,0.9991,24,0,0,24,41,48,51,0.013546,0.008775,0.013369,0,1,1,2432.3
random,1,72,0,11.185,12.597,0.992,0.9991,20,0,0,20,41,48,51,0.012602,0.008399,0.012553,0,1,1,2432.3
random,1,73,1,11.159,12.555,0.9937,0.9991,20,0,0,20,42,48,51,0.01244,0.00847,0.012568,0,1,1,2432.3
random,1,74,1,11.192,12.566,0.9925,0.9984,20,0,0,20,42,48,52,0.012553,0.008454,0.012568,0,1,1,2432.3
random,1,75,1,11.265,12.672,0.9912,0.9976,20,0,0,20,42,48,53,0.012621,0.008497,0.012678,0,1,1,2432.3
random,1,76,1,11.337,12.817,0.9928,0.9976,16,0,0,16,43,48,53,0.012851,0.008645,0.012514,0,1,1,2432.3
random,1,77,1,11.337,12.817,0.9914,0.9966,16,0,0,16,43,48,54,0.012851,0.008645,0.012514,0,1,1,2432.3
random,1,78,1,11.149,12.494,0.9915,0.9976,16,0,0,16,43,49,54,0.012485,0.008468,0.012495,0,1,1,2432.3
random,1,79,1,11.296,12.758,0.9931,0.9976,16,0,0,16,44,49,54,0.012771,0.008478,0.01264,0,1,1,2432.3
random,1,80,1,11.602,13.401,0.9931,0.9985,11,0,0,11,44,50,54,0.01282,0.00852,0.013466,0,1,1,2432.3
random,1,81,1,11.585,13.476,0.9919,0.9977,11,0,0,11,44,50,55,0.013581,0.008638,0.012535,0,1,1,2432.3
random,1,82,1,11.179,12.613,0.9918,0.9986,11,0,0,11,44,51,55,0.012555,0.008363,0.012619,0,1,1,2432.3
random,1,83,1,11.179,12.613,0.9905,0.9978,11,0,0,11,44,51,56,0.012555,0.008363,0.012619,0,1,1,2432.3
random,1,84,1,11.293,12.774,0.9891,0.9969,11,0,0,11,44,51,57,0.012643,0.008446,0.012789,0,1,1,2432.3
random,1,85,1,11.804,13.543,0.9909,0.9969,7,0,0,7,45,51,57,0.013439,0.008419,0.013554,0,1,1,2432.3
random,1,86,1,11.218,12.627,0.9894,0.9959,7,0,0,7,45,51,58,0.012543,0.008475,0.012636,0,1,1,2432.3
random,1,87,1,11.207,12.6,0.991,0.9959,7,0,0,7,46,51,58,0.012591,0.00843,0.012601,0,1,1,2432.3
random,1,88,1,11.186,12.601,0.9924,0.9959,3,0,0,3,47,51,58,0.012603,0.008376,0.012579,0,1,1,2432.3
random,1,89,1,11.186,12.601,0.9936,0.9959,3,0,0,3,48,51,58,0.012603,0.008376,0.012579,0,1,1,2432.3
random,1,90,1,11.519,13.471,0.9923,0.9923,3,0,0,3,48,51,59,0.013568,0.008386,0.012602,1,1,1,2432.3
random,1,91,1,17.541,29.054,0.9908,0.9908,3,1,0,3,48,51,60,0.030798,0.008467,0.013358,1,1,1,2432.3
random,1,92,1,15.634,24.599,0.9893,0.9893,2,2,0,0,48,51,61,0.025941,0.00844,0.012522,1,1,1,2432.3
random,1,93,1,15.736,24.492,0.9876,0.9876,3,3,0,0,48,51,62,0.02577,0.008446,0.012991,1,1,1,2432.3
random,1,94,11,15.934,24.695,0.9907,0.9907,5,5,0,0,52,55,65,0.025996,0.008816,0.012991,1,1,1,2432.3
random,1,95,1,15.809,24.658,0.9892,0.9892,5,5,0,0,52,55,66,0.025996,0.008816,0.012614,1,1,1,2432.3
random,1,96,11,15.84,24.925,0.9919,0.9919,6,6,0,0,56,59,69,0.026268,0.008418,0.012834,1,1,1,2432.3
random,1,97,11,15.72,24.723,0.997,0.997,8,8,0,0,62,63,70,0.026064,0.00844,0.012657,1,1,1,2432.3
random,1,98,1,16.186,25.618,0.9973,0.9973,10,10,0,0,62,64,70,0.027042,0.008714,0.012801,1,1,1,2432.3
random,1,99,1,15.795,24.788,0.9975,0.9975,11,11,0,0,62,65,70,0.026116,0.008431,0.012838,1,1,1,2432.3
random,1,100,1,16.115,25.651,0.9968,0.9968,12,12,0,0,62,65,71,0.027075,0.008431,0.012838,1,1,1,2432.3
random,1,101,11,16.362,25.72,0.9965,0.9965,12,12,0,0,65,69,75,0.027075,0.008485,0.013527,1,1,1,2432.3
random,1,102,11,15.823,24.824,0.998,0.998,14,14,0,0,69,74,77,0.026183,0.008693,0.012594,1,1,1,2432.3
random,1,103,1,15.926,25.09,0.9979,0.9979,16,16,0,0,69,75,77,0.026448,0.008464,0.012866,1,1,1,2432.3
random,1,104,1,15.706,24.672,0.9977,0.9977,17,17,0,0,69,76,77,0.026003,0.008418,0.012696,1,1,1,2432.3
random,1,105,1,15.672,24.807,0.9973,0.9973,18,18,0,0,69,76,78,0.026173,0.008333,0.012509,1,1,1,2432.3
random,1,106,1,15.672,24.807,0.9969,0.9969,18,18,0,0,69,76,79,0.026173,0.008333,0.012509,1,1,1,2432.3
random,1,107,0,15.672,24.642,0.9969,0.9969,19,19,0,0,69,76,79,0.025979,0.008427,0.01261,1,1,1,2432.3
random,1,108,11,15.997,24.83,0.9978,0.9978,21,21,0,0,74,78,83,0.026108,0.008555,0.013329,1,1,1,2432.3
random,1,109,11,15.839,24.803,0.9979,0.9979,23,23,0,0,77,83,86,0.026128,0.008507,0.012883,1,1,1,2432.3
random,1,110,11,16.344,25.724,0.9982,0.9982,25,25,0,0,81,86,90,0.027084,0.008465,0.013483,1,1,1,2432.3
random,1,111,11,16.057,24.974,0.9975,0.9975,27,27,0,0,84,89,95,0.026251,0.008438,0.013483,1,1,1,2432.3
random,1,112,11,15.775,24.889,0.9993,0.9993,27,27,0,0,90,93,96,0.026251,0.008438,0.012635,1,1,1,2432.3
random,1,113,1,15.785,25.04,0.9993,0.9993,29,29,0,0,90,94,96,0.026428,0.008375,0.012552,1,1,1,2432.3
random,1,114,1,15.728,24.794,0.9992,0.9992,30,30,0,0,90,95,96,0.026146,0.008409,0.012629,1,1,1,2432.3
random,1,115,1,15.803,24.965,0.9991,0.9991,31,31,0,0,90,96,96,0.026331,0.008402,0.012675,1,1,1,2432.3
random,1,116,1,15.815,25.055,0.9989,0.9989,32,32,0,0,90,97,96,0.026439,0.008404,0.012601,1,1,1,2432.3
random,1,117,1,15.763,24.917,0.9987,0.9987,33,33,0,0,90,98,96,0.026285,0.008404,0.012601,1,1,1,2432.3
random,1,118,11,15.771,24.912,0.999,0.999,33,33,0,0,94,100,101,0.026285,0.008476,0.012553,1,1,1,2432.3
random,1,119,1,15.932,25.039,0.9988,0.9988,35,35,0,0,94,100,102,0.026418,0.008745,0.012632,1,1,1,2432.3
random,1,120,1,16.014,24.769,0.9986,0.9979,36,36,0,0,94,100,103,0.026083,0.009015,0.012943,1,0,1,2432.3
random,1,121,1,11.157,12.539,0.9989,0.9984,36,36,0,0,95,100,103,0.01254,0.008398,0.012534,1,0,1,2432.3
random,1,122,1,11.254,12.774,0.9992,0.9988,36,36,0,0,96,100,103,0.012527,0.008434,0.012801,1,0,1,2432.3
random,1,123,1,11.254,12.774,0.9989,0.9984,36,36,0,0,96,100,104,0.012527,0.008434,0.012801,1,0,1,2432.3
random,1,124,1,11.196,12.561,0.9989,0.9984,36,36,0,0,96,101,104,0.012559,0.008468,0.012561,1,0,1,2432.3
random,1,125,1,11.564,13.363,0.9987,0.998,36,36,0,0,96,101,105,0.012641,0.008609,0.013443,1,0,1,2432.3
random,1,126,1,11.623,13.376,0.9984,0.9976,36,36,0,0,96,101,106,0.013053,0.008404,0.013412,1,0,1,2432.3
random,1,127,1,11.137,12.508,0.998,0.9971,36,36,0,0,96,101,107,0.01251,0.00841,0.012491,1,0,1,2432.3
random,1,128,1,11.173,12.544,0.998,0.9971,36,36,0,0,96,102,107,0.012524,0.008449,0.012546,1,0,1,2432.3
random,1,129,1,11.173,12.544,0.9984,0.9976,36,36,0,0,97,102,107,0.012524,0.008449,0.012546,1,0,1,2432.3
random,1,130,1,11.305,12.823,0.9984,0.9976,36,36,0,0,97,103,107,0.012849,0.008472,0.012594,1,0,1,2432.3
random,1,131,1,11.74,13.262,0.9987,0.9981,36,36,0,0,98,103,107,0.012617,0.009269,0.013334,1,0,1,2432.3
random,1,132,1,11.208,12.593,0.999,0.9985,36,36,0,0,99,103,107,0.012584,0.008445,0.012594,1,0,1,2432.3
random,1,133,1,11.284,12.735,0.9992,0.9989,36,36,0,0,100,103,107,0.012668,0.008442,0.012742,1,0,1,2432.3
random,1,134,1,11.25,12.725,0.9992,0.9989,36,36,0,0,100,104,107,0.012571,0.008438,0.012742,1,0,1,2432.3
random,1,135,1,11.173,12.565,0.999,0.9985,36,36,0,0,100,104,108,0.012571,0.008438,0.012511,1,0,1,2432.3
random,1,136,1,11.39,12.948,0.9988,0.9981,36,36,0,0,100,104,109,0.012999,0.008686,0.012485,1,0,1,2432.3
random,1,137,0,11.383,12.854,0.9988,0.9981,36,36,0,0,100,104,109,0.012883,0.008668,0.012598,1,0,1,2432.3
random,1,138,1,11.408,12.87,0.9985,0.9977,36,36,0,0,100,104,110,0.012636,0.008692,0.012896,1,0,1,2432.3
random,1,139,1,11.575,13.346,0.9987,0.9982,36,36,0,0,101,104,110,0.013402,0.008483,0.012839,1,0,1,2432.3
random,1,140,1,11.708,13.754,0.9988,0.9982,36,36,0,0,101,105,110,0.013856,0.00843,0.012839,1,0,1,2432.3
random,1,141,1,12.024,13.849,0.9988,0.9982,36,36,0,0,101,106,110,0.013856,0.00843,0.013787,1,0,1,2432.3
random,1,142,1,11.151,12.626,0.9991,0.9986,36,36,0,0,102,106,110,0.012438,0.008367,0.012647,1,0,1,2432.3
random,1,143,1,11.465,12.585,0.999,0.9986,36,36,0,0,102,107,110,0.012535,0.00927,0.012591,1,0,1,2432.3
random,1,144,1,11.195,12.644,0.999,0.9986,36,36,0,0,102,108,110,0.012559,0.008372,0.012654,1,0,1,2432.3
random,1,145,1,11.313,12.739,0.9988,0.9982,36,36,0,0,102,108,111,0.012548,0.008632,0.01276,1,0,1,2432.3
random,1,146,1,11.589,13.582,0.9987,0.9982,36,36,0,0,102,109,111,0.013673,0.008334,0.01276,1,0,1,2432.3
random,1,147,1,11.565,13.575,0.999,0.9986,36,36,0,0,103,109,111,0.013673,0.008334,0.012688,1,0,1,2432.3
random,1,148,1,11.157,12.571,0.9989,0.9986,36,36,0,0,103,110,111,0.01259,0.008479,0.012403,1,0,1,2432.3
random,1,149,1,11.255,12.675,0.9992,0.9989,36,36,0,0,104,110,111,0.012678,0.008438,0.012648,1,0,1,2432.3
random,1,150,1,11.506,13.266,0.9994,0.9994,36,36,0,0,105,110,111,0.013342,0.008595,0.01258,1,1,1,2432.3
random,1,151,1,15.552,20.543,0.9993,0.9993,36,36,1,0,105,110,112,0.012658,0.021419,0.012579,1,1,1,2432.3
random,1,152,1,15.509,20.535,0.9991,0.9991,36,36,1,0,105,110,113,0.012528,0.021419,0.012579,1,1,1,2432.3
random,1,153,11,14.394,17.424,0.9993,0.9993,36,36,2,0,109,114,116,0.012528,0.017948,0.012705,1,1,1,2432.3
random,1,154,1,14.358,17.345,0.9992,0.9992,33,33,4,0,109,114,117,0.012607,0.017871,0.012596,1,1,1,2432.3
random,1,155,1,14.42,17.558,0.999,0.999,33,33,5,0,109,114,118,0.012563,0.01811,0.012586,1,1,1,2432.3
random,1,156,1,14.395,17.534,0.9987,0.9987,33,33,6,0,109,114,119,0.012624,0.01808,0.012482,1,1,1,2432.3
random,1,157,1,14.669,17.436,0.9985,0.9985,33,33,7,0,109,114,120,0.01265,0.017875,0.013481,1,1,1,2432.3
random,1,158,1,14.666,17.436,0.9982,0.9982,27,27,7,0,109,114,121,0.012642,0.017875,0.013481,1,1,1,2432.3
random,1,159,11,14.317,17.346,0.9973,0.9973,27,27,8,0,111,118,126,0.012642,0.017869,0.012439,1,1,1,2432.3
random,1,160,1,14.4,17.348,0.9977,0.9977,27,27,10,0,112,118,126,0.012829,0.01785,0.012522,1,1,1,2432.3
random,1,161,1,14.643,17.324,0.998,0.998,27,27,11,0,113,118,126,0.013602,0.017738,0.012588,1,1,1,2432.3
random,1,162,1,14.445,17.568,0.9983,0.9983,22,22,12,0,114,118,126,0.012474,0.018103,0.012757,1,1,1,2432.3
random,1,163,1,14.387,17.475,0.9979,0.9979,22,22,13,0,114,118,127,0.012527,0.018014,0.012621,1,1,1,2432.3
random,1,164,1,14.387,17.475,0.9976,0.9976,22,22,13,0,114,118,128,0.012527,0.018014,0.012621,1,1,1,2432.3
random,1,165,1,14.507,17.417,0.9972,0.9972,22,22,14,0,114,118,129,0.012558,0.017901,0.013061,1,1,1,2432.3
random,1,166,1,14.513,17.602,0.9968,0.9968,18,18,15,0,114,118,130,0.012541,0.018128,0.012871,1,1,1,2432.3
random,1,167,1,14.325,17.297,0.9964,0.9964,18,18,16,0,114,118,131,0.012581,0.017821,0.012572,1,1,1,2432.3
random,1,168,1,14.279,17.249,0.996,0.996,18,18,17,0,114,118,132,0.012613,0.017764,0.012461,1,1,1,2432.3
random,1,169,1,14.3,17.301,0.9955,0.9955,18,18,18,0,114,118,133,0.012618,0.017821,0.012461,1,1,1,2432.3
random,1,170,1,14.42,17.321,0.9959,0.9959,18,18,18,0,115,118,133,0.012618,0.017821,0.01282,1,1,1,2432.3
random,1,171,1,14.486,17.701,0.9954,0.9954,19,12,19,0,115,118,134,0.01262,0.018266,0.012571,1,1,1,2432.3
random,1,172,1,14.375,17.368,0.9949,0.9949,20,12,20,0,115,118,135,0.012613,0.017896,0.012616,1,1,1,2432.3
random,1,173,11,14.337,17.311,0.9957,0.9957,21,12,21,0,119,122,138,0.012614,0.017833,0.012565,1,1,1,2432.3
random,1,174,1,14.198,16.966,0.996,0.996,23,6,23,0,120,122,138,0.012588,0.017453,0.012554,1,1,1,2432.3
random,1,175,0,14.162,16.963,0.996,0.996,23,6,23,0,120,122,138,0.012479,0.017453,0.012554,1,1,1,2432.3
random,1,176,1,14.385,17.367,0.9955,0.9955,24,6,24,0,120,122,139,0.012479,0.017875,0.0128,1,1,1,2432.3
random,1,177,11,14.315,17.119,0.9955,0.9955,26,6,26,0,123,126,143,0.01255,0.017599,0.012796,1,1,1,2432.3
random,1,178,1,14.528,17.628,0.9958,0.9958,27,6,27,0,124,126,143,0.012847,0.018159,0.012579,1,1,1,2432.3
random,1,179,1,14.292,17.298,0.9953,0.9953,28,2,28,0,124,126,144,0.012502,0.017826,0.012547,1,1,1,2432.3
random,2,0,0,15.924,25.123,1.0,1.0,0,0,0,0,0,0,0,0.012852,0.008434,0.026487,1,1,1,2480.5
random,2,1,1,15.892,25.253,0.3333,0.3333,32,0,32,3,1,0,0,0.012571,0.008444,0.026662,1,1,1,2480.5
random,2,2,11,15.754,24.829,0.96,0.96,32,0,32,5,5,4,3,0.012559,0.00851,0.026192,1,1,1,2480.5
random,2,3,1,15.754,24.829,0.9235,0.9235,32,0,32,5,6,4,3,0.012559,0.00851,0.026192,1,1,1,2480.5
random,2,4,1,15.599,24.526,0.8829,0.8829,32,0,32,6,7,4,3,0.012538,0.008402,0.025858,1,1,1,2480.5
random,2,5,11,16.002,24.713,0.8645,0.8645,32,0,32,8,13,6,6,0.012592,0.009355,0.02606,1,1,1,2480.5
random,2,6,11,16.24,25.151,0.8852,0.8852,32,0,32,10,18,10,8,0.013852,0.008461,0.026407,1,1,1,2480.5
random,2,7,1,15.831,25.03,0.8965,0.8965,32,0,32,11,18,11,8,0.012658,0.008431,0.026405,1,1,1,2480.5
random,2,8,1,15.874,25.038,0.9048,0.9048,32,0,32,11,18,12,8,0.01274,0.008476,0.026405,1,1,1,2480.5
random,2,9,11,15.716,24.613,0.9064,0.9064,32,0,32,12,21,19,9,0.01274,0.008476,0.025932,1,1,1,2480.5
random,2,10,1,15.75,24.88,0.9038,0.9038,32,0,32,14,21,20,9,0.012575,0.008428,0.026247,1,1,1,2480.5
random,2,11,1,15.483,24.262,0.8984,0.8984,32,0,32,15,22,20,9,0.012512,0.008368,0.025568,1,1,1,2480.5
random,2,12,1,15.997,24.691,0.896,0.896,32,0,32,16,22,21,9,0.01257,0.009383,0.026038,1,1,1,2480.5
random,2,13,11,15.746,24.783,0.9323,0.9323,32,0,32,18,25,25,13,0.012624,0.00848,0.026134,1,1,1,2480.5
random,2,14,1,15.74,24.781,0.9288,0.9288,32,0,32,18,26,25,13,0.012607,0.00848,0.026134,1,1,1,2480.5
random,2,15,1,15.878,25.144,0.9259,0.9259,32,0,32,19,26,26,13,0.012607,0.00849,0.026537,1,1,1,2480.5
random,2,16,1,15.704,24.765,0.9225,0.9225,32,0,32,20,27,26,13,0.012571,0.008422,0.02612,1,1,1,2480.5
random,2,17,11,15.65,24.585,0.9283,0.9283,32,0,32,21,33,28,16,0.012604,0.00843,0.025916,1,1,1,2480.5
random,2,18,11,15.641,24.51,0.9511,0.9511,32,0,32,24,35,33,20,0.012665,0.008431,0.025826,1,1,1,2480.5
random,2,19,11,15.735,24.51,0.9767,0.9767,32,0,32,24,38,35,26,0.012668,0.008711,0.025826,1,1,1,2480.5
random,2,20,11,15.85,24.82,0.9818,0.9818,32,0,32,26,42,38,30,0.012668,0.008711,0.02617,1,1,1,2480.5
random,2,21,1,15.681,24.763,0.9795,0.9795,32,0,32,28,43,38,30,0.012594,0.008334,0.026115,1,1,1,2480.5
random,2,22,11,15.743,24.853,0.977,0.977,32,0,32,29,49,39,34,0.012585,0.008428,0.026216,1,1,1,2480.5
random,2,23,1,15.663,24.757,0.9779,0.9779,32,0,32,31,49,40,34,0.012488,0.008382,0.02612,1,1,1,2480.5
random,2,24,1,15.718,24.777,0.9785,0.9785,32,0,32,32,49,41,34,0.012573,0.008449,0.026133,1,1,1,2480.5
random,2,25,1,15.749,24.786,0.9788,0.9788,32,0,32,32,49,42,34,0.012664,0.008449,0.026133,1,1,1,2480.5
random,2,26,1,15.766,24.728,0.9789,0.9789,33,0,32,33,49,43,34,0.012664,0.008565,0.026068,1,1,1,2480.5
random,2,27,0,15.609,24.484,0.9789,0.9789,34,0,32,34,49,43,34,0.012588,0.008433,0.025806,1,1,1,2480.5
random,2,28,1,15.698,24.752,0.9788,0.9788,35,0,32,35,49,44,34,0.012523,0.00846,0.026111,1,1,1,2480.5
random,2,29,1,15.688,24.661,0.9784,0.9784,36,0,32,36,49,45,34,0.012643,0.008424,0.025996,1,1,1,2480.5
random,2,30,11,15.997,25.485,0.9789,0.9809,38,0,28,38,53,49,37,0.012639,0.008439,0.026912,0,1,1,2480.5
random,2,31,1,15.997,25.485,0.9783,0.9782,38,0,28,38,53,50,37,0.012639,0.008439,0.026912,0,1,1,2480.5
random,2,32,1,11.192,12.614,0.9813,0.9817,38,0,28,38,53,50,38,0.012619,0.008389,0.012567,0,1,1,2480.5
random,2,33,1,11.164,12.569,0.9841,0.985,38,0,28,38,53,50,39,0.012574,0.008396,0.012522,0,1,1,2480.5
random,2,34,1,11.357,12.707,0.9835,0.9825,38,0,24,38,53,51,39,0.012507,0.008835,0.012729,0,1,1,2480.5
random,2,35,1,11.8,13.426,0.9827,0.98,38,0,24,38,53,52,39,0.013433,0.008605,0.013362,0,1,1,2480.5
random,2,36,1,11.331,12.808,0.9817,0.9774,38,0,24,38,53,53,39,0.012819,0.008465,0.012708,0,1,1,2480.5
random,2,37,1,11.331,12.808,0.9806,0.9774,38,0,24,38,54,53,39,0.012819,0.008465,0.012708,0,1,1,2480.5
random,2,38,1,11.191,12.527,0.9796,0.9746,38,0,24,38,54,54,39,0.012538,0.008606,0.012429,0,1,1,2480.5
random,2,39,1,11.202,12.544,0.9824,0.9783,38,0,20,38,54,54,40,0.012546,0.008533,0.012527,0,1,1,2480.5
random,2,40,1,11.207,12.594,0.985,0.9816,38,0,20,38,54,54,41,0.012597,0.008457,0.012568,0,1,1,2480.5
random,2,41,1,11.177,12.566,0.9874,0.9846,38,0,20,38,54,54,42,0.012547,0.008415,0.012568,0,1,1,2480.5
random,2,42,1,11.263,12.698,0.9864,0.9846,38,0,16,38,55,54,42,0.012589,0.008489,0.01271,0,1,1,2480.5
random,2,43,1,11.263,12.698,0.9856,0.9824,38,0,16,38,55,55,42,0.012589,0.008489,0.01271,0,1,1,2480.5
random,2,44,1,11.156,12.554,0.9878,0.9852,38,0,16,38,55,55,43,0.012563,0.008428,0.012476,0,1,1,2480.5
random,2,45,1,11.373,13.13,0.9869,0.983,38,0,16,38,55,56,43,0.012572,0.008356,0.013192,0,1,1,2480.5
random,2,46,1,11.189,12.587,0.989,0.9858,38,0,13,38,55,56,44,0.01251,0.008462,0.012596,0,1,1,2480.5
random,2,47,1,11.173,12.535,0.991,0.9883,38,0,13,38,55,56,45,0.012535,0.008451,0.012532,0,1,1,2480.5
random,2,48,1,11.316,12.611,0.9903,0.9883,38,0,13,38,56,56,45,0.012612,0.008733,0.012604,0,1,1,2480.5
random,2,49,1,11.316,12.611,0.9921,0.9905,38,0,13,38,56,56,46,0.012612,0.008733,0.012604,0,1,1,2480.5
random,2,50,1,11.289,12.766,0.9913,0.9905,38,0,13,38,57,56,46,0.012604,0.008478,0.012784,0,1,1,2480.5
random,2,51,1,11.554,13.455,0.9906,0.9887,38,0,9,38,57,57,46,0.013541,0.008444,0.012678,0,1,1,2480.5
random,2,52,1,11.15,12.548,0.9898,0.9887,38,0,9,38,58,57,46,0.012472,0.008423,0.012556,0,1,1,2480.5
random,2,53,1,11.174,12.562,0.9916,0.9908,38,0,9,38,58,57,47,0.012564,0.008414,0.012543,0,1,1,2480.5
random,2,54,1,11.241,12.763,0.9932,0.9927,38,0,4,38,58,57,48,0.01252,0.008414,0.01279,0,1,1,2480.5
random,2,55,1,11.241,12.763,0.9946,0.9943,38,0,4,38,58,57,49,0.01252,0.008414,0.01279,0,1,1,2480.5
random,2,56,1,11.511,13.426,0.9941,0.993,38,0,4,38,58,58,49,0.01352,0.008429,0.012584,0,1,1,2480.5
random,2,57,1,11.246,12.689,0.9934,0.9915,38,0,4,38,58,59,49,0.012584,0.008453,0.012701,0,1,1,2480.5
random,2,58,1,11.181,12.563,0.9948,0.9932,38,0,4,38,58,59,50,0.012566,0.00844,0.012536,0,1,1,2480.5
random,2,59,1,11.167,12.569,0.9941,0.9918,38,0,0,38,58,60,50,0.012577,0.008429,0.012495,0,1,1,2480.5
random,2,60,1,11.157,12.583,0.9937,0.9918,38,0,0,38,59,60,50,0.012593,0.008382,0.012495,0,1,1,2480.5
random,2,61,1,11.181,12.59,0.9929,0.9903,38,0,0,38,59,61,50,0.012593,0.008382,0.012568,0,1,1,2480.5
random,2,62,1,11.186,12.548,0.9921,0.9887,38,0,0,38,59,62,50,0.012552,0.008496,0.01251,0,1,1,2480.5
random,2,63,1,11.332,12.856,0.9935,0.9906,34,0,0,34,59,62,51,0.012875,0.008438,0.012682,0,1,1,2480.5
random,2,64,1,11.48,13.328,0.9932,0.9906,34,0,0,34,60,62,51,0.012615,0.008418,0.013407,0,1,1,2480.5
random,2,65,1,11.47,13.329,0.9923,0.989,34,0,0,34,60,63,51,0.013415,0.008443,0.012553,0,1,1,2480.5
random,2,66,1,11.43,12.605,0.9937,0.9909,34,0,0,34,60,63,52,0.012611,0.009127,0.012553,0,1,1,2480.5
random,2,67,1,11.398,12.596,0.9949,0.9926,28,0,0,28,60,63,53,0.012611,0.009127,0.012457,0,1,1,2480.5
random,2,68,0,11.191,12.596,0.9949,0.9926,28,0,0,28,60,63,53,0.012605,0.008449,0.012518,0,1,1,2480.5
random,2,69,1,11.43,13.109,0.9941,0.9912,28,0,0,28,60,64,53,0.013153,0.008428,0.01271,0,1,1,2480.5
random,2,70,1,11.261,12.795,0.9952,0.9929,28,0,0,28,60,64,54,0.012555,0.008405,0.012822,0,1,1,2480.5
random,2,71,1,11.194,12.585,0.9951,0.9929,24,0,0,24,61,64,54,0.01257,0.008424,0.012587,0,1,1,2480.5
random,2,72,1,11.188,12.581,0.9943,0.9915,24,0,0,24,61,65,54,0.012528,0.00845,0.012587,0,1,1,2480.5
random,2,73,1,11.271,12.805,0.9954,0.9931,24,0,0,24,61,65,55,0.012528,0.00845,0.012836,0,1,1,2480.5
random,2,74,1,11.647,13.593,0.9945,0.9918,24,0,0,24,61,66,55,0.012863,0.008405,0.013674,0,1,1,2480.5
random,2,75,1,11.572,12.714,0.9936,0.9904,20,0,0,20,61,67,55,0.012577,0.009409,0.012729,0,1,1,2480.5
random,2,76,1,11.195,12.593,0.9936,0.9904,20,0,0,20,62,67,55,0.012593,0.008402,0.01259,0,1,1,2480.5
random,2,77,1,11.252,12.704,0.9935,0.9904,20,0,0,20,63,67,55,0.012717,0.008452,0.012587,0,1,1,2480.5
random,2,78,1,11.228,12.663,0.9933,0.9904,20,0,0,20,64,67,55,0.012672,0.008426,0.012587,0,1,1,2480.5
random,2,79,1,11.227,12.663,0.993,0.9904,20,0,0,20,65,67,55,0.012672,0.008426,0.012584,0,1,1,2480.5
random,2,80,1,11.277,12.683,0.9942,0.9921,14,0,0,14,65,67,56,0.012687,0.008503,0.012642,0,1,1,2480.5
random,2,81,1,11.241,12.802,0.9935,0.9907,14,0,0,14,65,68,56,0.012575,0.00832,0.012827,0,1,1,2480.5
random,2,82,1,11.255,12.643,0.9932,0.9907,14,0,0,14,66,68,56,0.012591,0.008526,0.012649,0,1,1,2480.5
random,2,83,1,11.18,12.6,0.9928,0.9907,8,0,0,8,67,68,56,0.012436,0.008487,0.012618,0,1,1,2480.5
random,2,84,1,11.192,12.607,0.994,0.9923,8,0,0,8,67,68,57,0.012509,0.008448,0.012618,0,1,1,2480.5
random,2,85,1,11.173,12.556,0.9935,0.9923,8,0,0,8,68,68,57,0.012509,0.008448,0.012561,0,1,1,2480.5
random,2,86,1,11.388,12.595,0.9947,0.9937,8,0,0,8,68,68,58,0.01259,0.008979,0.012595,0,1,1,2480.5
random,2,87,1,11.316,12.867,0.9942,0.9937,4,0,0,4,69,68,58,0.012897,0.008456,0.012595,0,1,1,2480.5
random,2,88,1,11.273,12.837,0.9936,0.9937,4,0,0,4,70,68,58,0.012863,0.008355,0.012601,0,1,1,2480.5
random,2,89,1,11.406,12.902,0.9932,0.9926,4,0,0,4,70,69,58,0.012911,0.008491,0.012816,0,1,1,2480.5
random,2,90,1,11.282,12.793,0.9927,0.9927,4,0,0,4,70,70,58,0.012591,0.008438,0.012816,1,1,1,2480.5
random,2,91,1,11.173,12.581,0.9939,0.9939,4,0,0,4,70,70,59,0.012591,0.008438,0.012489,1,1,1,2480.5
random,2,92,11,17.128,28.553,0.9962,0.9962,1,1,0,0,74,72,64,0.030328,0.008478,0.012578,1,1,1,2480.5
random,2,93,1,15.68,24.746,0.997,0.997,3,3,0,0,74,72,65,0.026103,0.0084,0.012536,1,1,1,2480.5
random,2,94,11,15.814,24.994,0.9941,0.9941,4,4,0,0,81,74,67,0.026375,0.008501,0.012565,1,1,1,2480.5
random,2,95,1,15.999,24.787,0.9941,0.9941,6,6,0,0,81,75,67,0.026124,0.009117,0.012756,1,1,1,2480.5
random,2,96,1,15.999,24.787,0.995,0.995,6,6,0,0,81,75,68,0.026124,0.009117,0.012756,1,1,1,2480.5
random,2,97,1,15.797,25.032,0.9958,0.9958,7,7,0,0,81,75,69,0.026419,0.008422,0.012549,1,1,1,2480.5
random,2,98,1,15.663,24.388,0.9957,0.9957,8,8,0,0,81,76,69,0.025677,0.00853,0.012783,1,1,1,2480.5
random,2,99,1,15.852,24.953,0.9965,0.9965,9,9,0,0,81,76,70,0.02633,0.008667,0.01256,1,1,1,2480.5
random,2,100,1,15.782,24.989,0.9964,0.9964,10,10,0,0,81,77,70,0.02637,0.008416,0.01256,1,1,1,2480.5
random,2,101,1,15.729,24.65,0.9971,0.9971,11,11,0,0,81,77,71,0.025996,0.008651,0.012541,1,1,1,2480.5
random,2,102,11,15.729,24.65,0.9972,0.9972,11,11,0,0,83,83,74,0.025996,0.008651,0.012541,1,1,1,2480.5
random,2,103,1,15.725,24.852,0.9969,0.9969,13,13,0,0,84,83,74,0.026208,0.008321,0.012646,1,1,1,2480.5
random,2,104,10,15.686,24.657,0.9956,0.9956,15,15,0,0,89,86,76,0.025992,0.00842,0.012645,1,1,1,2480.5
random,2,105,1,15.958,25.091,0.9963,0.9963,16,16,0,0,89,86,77,0.026447,0.008542,0.012884,1,1,1,2480.5
random,2,106,1,15.989,24.739,0.997,0.997,17,17,0,0,89,86,78,0.026085,0.009252,0.012629,1,1,1,2480.5
random,2,107,1,15.979,24.714,0.9968,0.9968,18,18,0,0,89,87,78,0.026057,0.009252,0.012629,1,1,1,2480.5
random,2,108,11,15.653,24.705,0.9972,0.9972,18,18,0,0,93,90,82,0.026057,0.008363,0.012538,1,1,1,2480.5
random,2,109,11,15.742,24.702,0.9962,0.9962,20,20,0,0,99,92,85,0.02605,0.008604,0.012573,1,1,1,2480.5
random,2,110,1,15.712,24.742,0.9967,0.9967,22,22,0,0,99,92,86,0.026094,0.008465,0.012576,1,1,1,2480.5
random,2,111,1,15.851,24.838,0.9972,0.9972,23,23,0,0,99,92,87,0.026177,0.008585,0.01279,1,1,1,2480.5
random,2,112,1,15.806,24.957,0.9976,0.9976,24,24,0,0,99,92,88,0.026335,0.008532,0.012551,1,1,1,2480.5
random,2,113,11,15.806,24.957,0.9964,0.9964,24,24,0,0,103,98,89,0.026335,0.008532,0.012551,1,1,1,2480.5
random,2,114,1,15.99,24.697,0.9963,0.9963,26,26,0,0,103,99,89,0.026044,0.009351,0.012574,1,1,1,2480.5
random,2,115,1,16.029,24.851,0.9962,0.9962,27,27,0,0,103,100,89,0.026116,0.008504,0.013467,1,1,1,2480.5
random,2,116,11,15.572,24.338,0.9963,0.9963,28,28,0,0,108,102,93,0.025622,0.008315,0.012778,1,1,1,2480.5
random,2,117,1,15.707,24.747,0.9968,0.9968,30,30,0,0,108,102,94,0.026103,0.00848,0.012539,1,1,1,2480.5
random,2,118,11,15.812,25.048,0.9942,0.9942,32,32,0,0,113,108,94,0.026438,0.008459,0.012539,1,1,1,2480.5
random,2,119,1,15.843,25.058,0.9948,0.9948,32,32,0,0,113,108,95,0.026438,0.008459,0.012633,1,1,1,2480.5
random,2,120,1,15.744,24.874,0.9947,0.9926,33,33,0,0,113,109,95,0.026245,0.008457,0.012531,1,0,1,2480.5
random,2,121,1,11.162,12.563,0.9945,0.9926,33,33,0,0,113,110,95,0.012558,0.008364,0.012564,1,0,1,2480.5
random,2,122,1,11.292,12.651,0.9943,0.9926,33,33,0,0,113,111,95,0.012662,0.008658,0.012556,1,0,1,2480.5
random,2,123,1,11.156,12.56,0.995,0.9934,33,33,0,0,113,111,96,0.012537,0.008369,0.012563,1,0,1,2480.5
random,2,124,1,11.196,12.567,0.9947,0.9934,33,33,0,0,113,112,96,0.012567,0.008458,0.012563,1,0,1,2480.5
random,2,125,1,11.499,13.382,0.9954,0.9942,33,33,0,0,113,112,97,0.012567,0.008458,0.013473,1,0,1,2480.5
random,2,126,1,11.191,12.592,0.996,0.995,33,33,0,0,113,112,98,0.012597,0.008425,0.01255,1,0,1,2480.5
random,2,127,1,11.278,12.74,0.9957,0.9943,33,33,0,0,114,112,98,0.012712,0.00838,0.012743,1,0,1,2480.5
random,2,128,1,11.145,12.559,0.9953,0.9937,33,33,0,0,115,112,98,0.012572,0.008425,0.012437,1,0,1,2480.5
random,2,129,1,11.224,12.604,0.9959,0.9944,33,33,0,0,115,112,99,0.012605,0.008473,0.012595,1,0,1,2480.5
random,2,130,1,11.186,12.592,0.9956,0.9938,33,33,0,0,116,112,99,0.012567,0.008395,0.012595,1,0,1,2480.5
random,2,131,1,11.154,12.56,0.9952,0.9931,33,33,0,0,117,112,99,0.012567,0.008395,0.012499,1,0,1,2480.5
random,2,132,1,11.134,12.544,0.9948,0.9924,33,33,0,0,118,112,99,0.012481,0.008371,0.012551,1,0,1,2480.5
random,2,133,1,11.426,12.593,0.9944,0.9917,33,33,0,0,119,112,99,0.012601,0.009159,0.012518,1,0,1,2480.5
random,2,134,0,11.448,13.166,0.9944,0.9917,33,33,0,0,119,112,99,0.012556,0.008555,0.013234,1,0,1,2480.5
random,2,135,1,11.202,12.591,0.9939,0.9909,33,33,0,0,120,112,99,0.012592,0.008427,0.012587,1,0,1,2480.5
random,2,136,1,11.283,12.722,0.9945,0.9918,33,33,0,0,120,112,100,0.012737,0.008525,0.012587,1,0,1,2480.5
random,2,137,1,11.259,12.715,0.994,0.9911,33,33,0,0,121,112,100,0.012737,0.008525,0.012514,1,0,1,2480.5
random,2,138,1,11.251,12.682,0.994,0.9911,33,33,0,0,121,113,100,0.01269,0.00845,0.012613,1,0,1,2480.5
random,2,139,1,11.258,12.756,0.9946,0.9919,33,33,0,0,121,113,101,0.012556,0.008441,0.012778,1,0,1,2480.5
random,2,140,1,11.211,12.612,0.9952,0.9928,33,33,0,0,121,113,102,0.012596,0.008424,0.012614,1,0,1,2480.5
random,2,141,1,11.241,12.659,0.9957,0.9936,33,33,0,0,121,113,103,0.012586,0.00847,0.012667,1,0,1,2480.5
random,2,142,1,11.247,12.66,0.9953,0.9929,33,33,0,0,122,113,103,0.012601,0.008473,0.012667,1,0,1,2480.5
random,2,143,1,11.244,12.653,0.9953,0.9929,33,33,0,0,122,114,103,0.012601,0.008473,0.012659,1,0,1,2480.5
random,2,144,1,11.165,12.551,0.9958,0.9937,33,33,0,0,122,114,104,0.012508,0.00843,0.012556,1,0,1,2480.5
random,2,145,1,11.371,12.842,0.9958,0.9937,33,33,0,0,122,115,104,0.012841,0.008431,0.012842,1,0,1,2480.5
random,2,146,1,11.194,12.591,0.9954,0.993,33,33,0,0,123,115,104,0.012597,0.008451,0.012535,1,0,1,2480.5
random,2,147,1,11.162,12.617,0.9953,0.993,33,33,0,0,123,116,104,0.012497,0.00836,0.01263,1,0,1,2480.5
random,2,148,1,11.263,12.782,0.9949,0.9924,33,33,0,0,124,116,104,0.012799,0.00836,0.01263,1,0,1,2480.5
random,2,149,1,11.257,12.774,0.9944,0.9917,33,33,0,0,125,116,104,0.012799,0.008422,0.012551,1,0,1,2480.5
random,2,150,1,11.169,12.552,0.9944,0.9944,33,33,0,0,125,117,104,0.012553,0.008406,0.012547,1,1,1,2480.5
random,2,151,11,15.268,19.888,0.9952,0.9952,33,33,2,0,128,121,108,0.012599,0.020698,0.012508,1,1,1,2480.5
random,2,152,1,14.322,17.295,0.9948,0.9948,33,33,3,0,129,121,108,0.012557,0.017818,0.01259,1,1,1,2480.5
random,2,153,1,14.361,17.326,0.9953,0.9953,31,31,4,0,129,121,109,0.01267,0.017843,0.012569,1,1,1,2480.5
random,2,154,11,14.367,17.328,0.997,0.997,31,31,4,0,130,126,114,0.012689,0.017843,0.012569,1,1,1,2480.5
random,2,155,1,14.365,17.329,0.9974,0.9974,31,31,6,0,130,126,115,0.012689,0.017845,0.01256,1,1,1,2480.5
random,2,156,11,14.317,17.314,0.9976,0.9976,31,31,7,0,134,129,119,0.012581,0.01784,0.012529,1,1,1,2480.5
random,2,157,1,14.22,17.074,0.9973,0.9973,27,27,9,0,135,129,119,0.012497,0.017572,0.012591,1,1,1,2480.5
random,2,158,1,14.255,17.226,0.997,0.997,27,27,10,0,136,129,119,0.012487,0.017748,0.012531,1,1,1,2480.5
random,2,159,1,14.319,17.266,0.9974,0.9974,27,27,11,0,136,129,120,0.012584,0.017786,0.012586,1,1,1,2480.5
random,2,160,11,14.319,17.266,0.997,0.997,27,27,11,0,139,135,122,0.012584,0.017786,0.012586,1,1,1,2480.5
random,2,161,1,14.364,17.414,0.9967,0.9967,23,23,13,0,140,135,122,0.012573,0.017952,0.012566,1,1,1,2480.5
random,2,162,1,14.279,17.202,0.9971,0.9971,23,23,14,0,140,135,123,0.012567,0.017717,0.012553,1,1,1,2480.5
random,2,163,11,14.335,17.238,0.9984,0.9984,23,23,15,0,142,138,129,0.012525,0.017737,0.012744,1,1,1,2480.5
random,2,164,1,14.402,17.362,0.9983,0.9983,23,23,17,0,142,139,129,0.012587,0.017875,0.012744,1,1,1,2480.5
random,2,165,10,14.439,17.303,0.9977,0.9977,19,18,19,0,147,142,131,0.012765,0.017807,0.012744,1,1,1,2480.5
random,2,166,1,14.454,17.305,0.998,0.998,19,18,19,0,147,142,132,0.012765,0.017807,0.012789,1,1,1,2480.5
random,2,167,1,14.245,17.088,0.9978,0.9978,20,18,20,0,148,142,132,0.01256,0.017588,0.012587,1,1,1,2480.5
random,2,168,11,14.93,17.645,0.9981,0.9981,22,18,22,0,151,146,136,0.013192,0.018107,0.01349,1,1,1,2480.5
random,2,169,11,14.261,17.22,0.9967,0.9967,24,13,24,0,154,154,136,0.012499,0.017739,0.012544,1,1,1,2480.5
random,2,170,11,14.494,17.408,0.9956,0.9956,26,13,26,0,155,162,138,0.012603,0.0179,0.012979,1,1,1,2480.5
random,2,171,1,14.577,17.408,0.9955,0.9955,26,13,26,0,156,162,138,0.012853,0.0179,0.012979,1,1,1,2480.5
random,2,172,11,15.117,18.867,0.9963,0.9963,27,13,27,0,158,166,143,0.012853,0.019522,0.012975,1,1,1,2480.5
random,2,173,11,14.367,17.399,0.9954,0.9954,29,13,29,0,162,171,145,0.012603,0.017932,0.012565,1,1,1,2480.5
random,2,174,1,14.361,17.091,0.9954,0.9954,31,9,31,0,163,171,145,0.012763,0.017572,0.012747,1,1,1,2480.5
random,2,175,1,14.691,17.607,0.9958,0.9958,32,9,32,0,163,171,146,0.013498,0.018064,0.01251,1,1,1,2480.5
random,2,176,1,14.345,17.384,0.9957,0.9957,33,9,33,0,164,171,146,0.01261,0.017915,0.01251,1,1,1,2480.5
random,2,177,11,14.337,17.384,0.9961,0.9961,33,9,33,0,168,174,150,0.01261,0.017915,0.012487,1,1,1,2480.5
random,2,178,1,14.651,17.548,0.9961,0.9961,35,4,35,0,169,174,150,0.01251,0.018005,0.013438,1,1,1,2480.5
random,2,179,1,14.395,17.423,0.996,0.996,36,4,36,0,170,174,150,0.012757,0.017941,0.012488,1,1,1,2480.5
random,3,0,0,15.732,24.761,1.0,1.0,0,0,0,0,0,0,0,0.012587,0.008494,0.026114,1,1,1,2371.3
random,3,1,1,15.727,24.749,0.3333,0.3333,3,0,0,3,0,1,0,0.012587,0.008494,0.0261,1,1,1,2371.3
random,3,2,1,15.847,24.922,0.3333,0.3333,39,0,39,4,0,2,0,0.012879,0.008402,0.02626,1,1,1,2371.3
random,3,3,1,15.687,24.898,0.3333,0.3333,39,0,39,5,0,3,0,0.012344,0.008424,0.026293,1,1,1,2371.3
random,3,4,1,15.78,24.979,0.3333,0.3333,39,0,39,6,0,4,0,0.012541,0.008437,0.026361,1,1,1,2371.3
random,3,5,1,15.672,24.643,0.4902,0.4902,39,0,39,7,1,4,0,0.012614,0.008421,0.02598,1,1,1,2371.3
random,3,6,11,15.671,24.643,0.9078,0.9078,39,0,39,7,3,6,7,0.012612,0.008421,0.02598,1,1,1,2371.3
random,3,7,1,15.743,24.77,0.9003,0.9003,39,0,39,9,3,7,7,0.012612,0.008496,0.026121,1,1,1,2371.3
random,3,8,1,15.673,24.688,0.8852,0.8852,39,0,39,10,3,8,7,0.012628,0.008364,0.026028,1,1,1,2371.3
random,3,9,1,16.054,24.713,0.9328,0.9328,39,0,39,11,4,8,7,0.012604,0.009501,0.026058,1,1,1,2371.3
random,3,10,1,15.817,25.026,0.9662,0.9662,39,0,39,12,5,8,7,0.01258,0.008461,0.026409,1,1,1,2371.3
random,3,11,11,15.712,24.416,0.9856,0.9856,39,0,39,14,12,9,10,0.012761,0.008663,0.025711,1,1,1,2371.3
random,3,12,1,15.712,24.416,0.9922,0.9922,39,0,39,14,12,10,10,0.012761,0.008663,0.025711,1,1,1,2371.3
random,3,13,1,15.523,24.306,0.9837,0.9837,39,0,39,15,13,10,10,0.012582,0.008377,0.025609,1,1,1,2371.3
random,3,14,11,15.649,24.597,0.9807,0.9807,39,0,39,17,15,17,12,0.012555,0.008458,0.025935,1,1,1,2371.3
random,3,15,1,15.833,25.031,0.9797,0.9797,39,0,39,18,16,17,12,0.012623,0.008467,0.02641,1,1,1,2371.3
random,3,16,1,15.78,25.001,0.9742,0.9742,39,0,39,19,16,18,12,0.012543,0.008412,0.026385,1,1,1,2371.3
random,3,17,1,15.765,24.995,0.9676,0.9676,39,0,39,19,16,19,12,0.012481,0.008428,0.026385,1,1,1,2371.3
random,3,18,1,15.527,24.353,0.9673,0.9673,39,0,39,20,17,19,12,0.012481,0.008428,0.025672,1,1,1,2371.3
random,3,19,1,16.228,25.524,0.9608,0.9608,39,0,39,21,17,20,12,0.012532,0.009184,0.026968,1,1,1,2371.3
random,3,20,1,15.569,24.542,0.9535,0.9535,39,0,39,22,17,21,12,0.012404,0.008411,0.025891,1,1,1,2371.3
random,3,21,1,15.66,24.654,0.9455,0.9455,39,0,39,23,17,22,12,0.012538,0.008443,0.026,1,1,1,2371.3
random,3,22,1,15.859,25.171,0.9468,0.9468,39,0,39,24,18,22,12,0.01257,0.008435,0.026571,1,1,1,2371.3
random,3,23,1,15.859,25.171,0.9467,0.9467,39,0,39,24,19,22,12,0.01257,0.008435,0.026571,1,1,1,2371.3
random,3,24,1,15.53,24.418,0.9455,0.9455,39,0,39,25,20,22,12,0.01241,0.008429,0.025752,1,1,1,2371.3
random,3,25,1,15.644,24.67,0.9432,0.9432,39,0,39,26,21,22,12,0.01244,0.008464,0.026029,1,1,1,2371.3
random,3,26,1,15.707,24.791,0.94,0.94,39,0,39,27,22,22,12,0.012568,0.008404,0.026149,1,1,1,2371.3
random,3,27,1,15.751,24.927,0.936,0.936,39,0,39,28,23,22,12,0.012585,0.008369,0.026298,1,1,1,2371.3
random,3,28,11,15.908,24.96,0.9792,0.9792,35,0,35,28,25,25,18,0.01292,0.008505,0.026298,1,1,1,2371.3
random,3,29,11,15.873,24.866,0.9939,0.9939,35,0,35,30,29,26,24,0.01292,0.008505,0.026193,1,1,1,2371.3
random,3,30,11,15.786,24.918,0.9978,0.9974,35,0,35,32,31,28,31,0.012661,0.008418,0.02628,0,1,1,2371.3
random,3,31,1,11.203,12.577,0.9969,0.9974,35,0,35,33,32,28,31,0.01257,0.00846,0.012578,0,1,1,2371.3
random,3,32,1,11.344,12.81,0.9955,0.9974,33,0,30,33,33,28,31,0.012704,0.008505,0.012822,0,1,1,2371.3
random,3,33,1,11.268,12.723,0.9952,0.9956,33,0,30,33,33,28,32,0.012635,0.008435,0.012733,0,1,1,2371.3
random,3,34,1,11.247,12.717,0.9971,0.9976,33,0,30,33,33,29,32,0.012573,0.008435,0.012733,0,1,1,2371.3
random,3,35,0,11.196,12.57,0.9971,0.9976,33,0,30,33,33,29,32,0.012573,0.008469,0.012547,0,1,1,2371.3
random,3,36,1,11.235,12.71,0.9965,0.9959,33,0,30,33,33,29,33,0.012727,0.008421,0.012556,0,1,1,2371.3
random,3,37,1,11.296,12.63,0.9981,0.9977,33,0,25,33,33,30,33,0.012637,0.008688,0.012564,0,1,1,2371.3
random,3,38,1,11.202,12.652,0.9972,0.9961,33,0,25,33,33,30,34,0.012509,0.008428,0.012668,0,1,1,2371.3
random,3,39,1,11.561,12.74,0.9985,0.9979,33,0,25,33,33,31,34,0.012503,0.009415,0.012766,0,1,1,2371.3
random,3,40,1,11.595,12.75,0.9976,0.9963,33,0,25,33,33,31,35,0.012604,0.009415,0.012766,0,1,1,2371.3
random,3,41,1,11.204,12.601,0.9962,0.9945,33,0,20,33,33,31,36,0.012604,0.008431,0.012576,0,1,1,2371.3
random,3,42,1,11.376,12.73,0.9963,0.9945,33,0,20,33,34,31,36,0.012646,0.008743,0.012739,0,1,1,2371.3
random,3,43,1,11.269,12.807,0.9977,0.9966,33,0,20,33,34,32,36,0.012837,0.008433,0.012536,0,1,1,2371.3
random,3,44,1,11.192,12.585,0.9976,0.9966,33,0,20,33,35,32,36,0.01258,0.008412,0.012585,0,1,1,2371.3
random,3,45,1,11.185,12.587,0.9987,0.9981,33,0,14,33,35,33,36,0.01251,0.008449,0.012595,0,1,1,2371.3
random,3,46,1,11.185,12.587,0.9978,0.9967,33,0,14,33,35,33,37,0.01251,0.008449,0.012595,0,1,1,2371.3
random,3,47,1,11.25,12.598,0.9966,0.9951,33,0,14,33,35,33,38,0.012601,0.008574,0.012576,0,1,1,2371.3
random,3,48,1,11.312,12.979,0.9951,0.9931,33,0,14,33,35,33,39,0.012432,0.008465,0.01304,0,1,1,2371.3
random,3,49,1,11.699,12.996,0.9964,0.9953,33,0,8,33,35,34,39,0.012812,0.00927,0.013016,0,1,1,2371.3
random,3,50,1,11.173,12.552,0.9973,0.9971,33,0,8,33,35,35,39,0.012552,0.008419,0.012549,0,1,1,2371.3
random,3,51,1,11.247,12.703,0.9959,0.9956,33,0,8,33,35,35,40,0.012563,0.008461,0.012718,0,1,1,2371.3
random,3,52,1,11.247,12.703,0.9942,0.9938,33,0,8,33,35,35,41,0.012563,0.008461,0.012718,0,1,1,2371.3
random,3,53,1,11.195,12.608,0.9951,0.9958,33,0,4,33,35,36,41,0.012617,0.008442,0.012527,0,1,1,2371.3
random,3,54,1,11.354,12.932,0.9961,0.9958,33,0,4,33,36,36,41,0.012964,0.008449,0.012649,0,1,1,2371.3
random,3,55,1,11.307,12.817,0.9968,0.9974,33,0,4,33,36,37,41,0.012836,0.008438,0.012646,0,1,1,2371.3
random,3,56,1,11.17,12.674,0.9976,0.9974,33,0,4,33,37,37,41,0.012444,0.008367,0.012699,0,1,1,2371.3
random,3,57,1,11.356,13.022,0.9963,0.996,33,0,1,33,37,37,42,0.01308,0.008482,0.012505,0,1,1,2371.3
random,3,58,1,11.356,13.022,0.9969,0.9975,33,0,1,33,37,38,42,0.01308,0.008482,0.012505,0,1,1,2371.3
random,3,59,1,11.495,13.39,0.9973,0.9986,33,0,1,33,37,39,42,0.012567,0.008437,0.013482,0,1,1,2371.3
random,3,60,1,11.504,12.613,0.9982,0.9986,33,0,1,33,38,39,42,0.012565,0.00933,0.012618,0,1,1,2371.3
random,3,61,1,11.191,12.575,0.9983,0.9994,30,0,0,30,38,40,42,0.012579,0.008451,0.012544,0,1,1,2371.3
random,3,62,1,11.179,12.575,0.999,0.9994,30,0,0,30,39,40,42,0.012581,0.008439,0.012518,0,1,1,2371.3
random,3,63,1,11.199,12.643,0.9983,0.9987,30,0,0,30,39,40,43,0.012657,0.008421,0.012518,0,1,1,2371.3
random,3,64,1,11.256,12.687,0.9988,0.9987,30,0,0,30,40,40,43,0.012657,0.008421,0.01269,0,1,1,2371.3
random,3,65,1,11.292,12.779,0.9991,0.9987,27,0,0,27,41,40,43,0.012626,0.008454,0.012796,0,1,1,2371.3
random,3,66,1,11.106,12.528,0.9983,0.9977,27,0,0,27,41,40,44,0.01255,0.008443,0.012326,0,1,1,2371.3
random,3,67,1,11.196,12.607,0.9985,0.9977,27,0,0,27,42,40,44,0.012567,0.008409,0.012612,0,1,1,2371.3
random,3,68,1,11.421,12.944,0.9984,0.9977,27,0,0,27,43,40,44,0.012953,0.008442,0.012868,0,1,1,2371.3
random,3,69,1,11.269,12.832,0.9991,0.9988,27,0,0,27,43,41,44,0.012511,0.008429,0.012868,0,1,1,2371.3
random,3,70,1,11.19,12.619,0.9986,0.9978,23,0,0,23,43,41,45,0.012511,0.008429,0.012631,0,1,1,2371.3
random,3,71,1,11.388,13.071,0.9985,0.9978,23,0,0,23,44,41,45,0.012598,0.008443,0.013124,0,1,1,2371.3
random,3,72,1,11.213,12.57,0.9992,0.9988,23,0,0,23,44,42,45,0.012571,0.008508,0.012561,0,1,1,2371.3
random,3,73,1,11.406,13.108,0.9986,0.9979,18,0,0,18,44,42,46,0.013163,0.008447,0.012609,0,1,1,2371.3
random,3,74,1,11.799,13.564,0.9979,0.9969,18,0,0,18,44,42,47,0.013355,0.008454,0.013587,0,1,1,2371.3
random,3,75,1,11.56,13.491,0.9986,0.998,18,0,0,18,44,43,47,0.01263,0.008464,0.013587,0,1,1,2371.3
random,3,76,1,11.235,12.628,0.9987,0.998,18,0,0,18,45,43,47,0.01263,0.008464,0.012611,0,1,1,2371.3
random,3,77,1,11.194,12.607,0.9992,0.9989,18,0,0,18,45,44,47,0.012547,0.008422,0.012614,0,1,1,2371.3
random,3,78,0,11.2,12.572,0.9992,0.9989,14,0,0,14,45,44,47,0.01256,0.008466,0.012573,0,1,1,2371.3
random,3,79,1,11.995,13.993,0.9993,0.9989,14,0,0,14,46,44,47,0.014052,0.008475,0.013458,0,1,1,2371.3
random,3,80,1,11.234,12.677,0.9997,0.9995,14,0,0,14,46,45,47,0.012687,0.008433,0.012582,0,1,1,2371.3
random,3,81,1,11.219,12.719,0.9999,0.9999,14,0,0,14,46,46,47,0.012734,0.008342,0.012582,0,1,1,2371.3
random,3,82,1,11.203,12.714,0.9999,1.0,11,0,0,11,46,47,47,0.012734,0.008342,0.012532,0,1,1,2371.3
random,3,83,1,11.31,12.957,0.9997,0.9999,11,0,0,11,46,47,48,0.012503,0.00842,0.013008,0,1,1,2371.3
random,3,84,1,11.382,12.763,0.9993,0.9996,11,0,0,11,46,47,49,0.012772,0.008688,0.012686,0,1,1,2371.3
random,3,85,1,11.28,12.796,0.9996,0.9996,7,0,0,7,47,47,49,0.012565,0.008453,0.012822,0,1,1,2371.3
random,3,86,1,11.293,12.77,0.9991,0.999,7,0,0,7,47,47,50,0.012788,0.008482,0.012608,0,1,1,2371.3
random,3,87,1,11.206,12.6,0.9985,0.9983,7,0,0,7,47,47,51,0.012527,0.008482,0.012608,0,1,1,2371.3
random,3,88,1,11.154,12.537,0.9988,0.9983,7,0,0,7,48,47,51,0.012527,0.008398,0.012538,0,1,1,2371.3
random,3,89,1,11.476,13.365,0.9981,0.9975,7,0,0,7,48,47,52,0.012596,0.00838,0.013451,0,1,1,2371.3
random,3,90,1,11.243,12.66,0.9972,0.9972,3,0,0,3,48,47,53,0.012525,0.00853,0.012675,1,1,1,2371.3
random,3,91,1,17.089,28.387,0.9961,0.9961,3,1,0,3,48,47,54,0.030138,0.008499,0.012629,1,1,1,2371.3
random,3,92,11,16.046,25.601,0.999,0.999,3,3,0,3,54,51,55,0.027049,0.008516,0.012572,1,1,1,2371.3
random,3,93,1,16.046,25.601,0.9995,0.9995,3,3,0,3,54,52,55,0.027049,0.008516,0.012572,1,1,1,2371.3
random,3,94,1,15.775,24.825,0.9991,0.9991,4,4,0,0,54,52,56,0.026175,0.008472,0.012679,1,1,1,2371.3
random,3,95,11,15.905,25.221,0.9995,0.9995,5,5,0,0,58,56,59,0.026623,0.008486,0.012605,1,1,1,2371.3
random,3,96,11,15.488,24.297,0.9999,0.9999,7,7,0,0,61,62,61,0.025617,0.008431,0.012417,1,1,1,2371.3
random,3,97,1,15.877,25.206,0.9999,0.9999,9,9,0,0,61,62,62,0.026607,0.008425,0.0126,1,1,1,2371.3
random,3,98,1,16.004,25.539,0.9998,0.9998,10,10,0,0,61,62,63,0.026977,0.008434,0.0126,1,1,1,2371.3
random,3,99,1,16.001,25.539,0.9998,0.9998,10,10,0,0,61,63,63,0.026977,0.008434,0.012593,1,1,1,2371.3
random,3,100,11,16.083,25.817,1.0,1.0,11,11,0,0,66,66,66,0.027292,0.008417,0.012539,1,1,1,2371.3
random,3,101,11,15.756,24.935,0.9987,0.9987,13,13,0,0,73,67,69,0.026313,0.008421,0.012534,1,1,1,2371.3
random,3,102,1,16.063,25.524,0.9988,0.9988,15,15,0,0,73,67,70,0.02694,0.008471,0.012778,1,1,1,2371.3
random,3,103,1,15.769,25.039,0.9987,0.9987,16,16,0,0,73,67,71,0.026431,0.008363,0.012513,1,1,1,2371.3
random,3,104,1,15.692,24.83,0.9992,0.9992,17,17,0,0,73,68,71,0.026199,0.008363,0.012513,1,1,1,2371.3
random,3,105,11,15.792,24.835,0.9976,0.9976,17,17,0,0,79,70,74,0.026199,0.008621,0.012556,1,1,1,2371.3
random,3,106,1,15.647,24.596,0.9981,0.9981,19,19,0,0,79,71,74,0.025933,0.008445,0.012563,1,1,1,2371.3
random,3,107,11,15.764,24.874,0.9974,0.9974,20,20,0,0,84,75,76,0.026239,0.008465,0.012588,1,1,1,2371.3
random,3,108,1,15.799,24.873,0.9967,0.9967,22,22,0,0,85,75,76,0.026222,0.008446,0.012728,1,1,1,2371.3
random,3,109,10,16.151,25.229,0.9972,0.9972,24,24,0,0,88,78,80,0.026641,0.009289,0.012522,1,1,1,2371.3
random,3,110,1,16.151,25.229,0.9974,0.9974,24,24,0,0,88,78,81,0.026641,0.009289,0.012522,1,1,1,2371.3
random,3,111,1,15.874,24.987,0.9978,0.9978,25,25,0,0,88,79,81,0.026328,0.008377,0.012917,1,1,1,2371.3
random,3,112,1,15.784,24.809,0.9982,0.9982,26,26,0,0,88,80,81,0.026173,0.008647,0.012533,1,1,1,2371.3
random,3,113,1,16.024,24.902,0.9983,0.9983,27,27,0,0,88,80,82,0.026176,0.008457,0.01344,1,1,1,2371.3
random,3,114,1,15.687,24.628,0.9984,0.9984,28,28,0,0,88,80,83,0.02597,0.008543,0.012549,1,1,1,2371.3
random,3,115,11,15.613,24.511,0.9971,0.9971,30,30,0,0,94,84,84,0.02584,0.008449,0.012549,1,1,1,2371.3
random,3,116,1,15.61,24.51,0.9974,0.9974,30,30,0,0,94,84,85,0.02584,0.008449,0.01254,1,1,1,2371.3
random,3,117,11,15.914,25.373,0.9966,0.9966,31,31,0,0,98,85,91,0.026805,0.008453,0.012485,1,1,1,2371.3
random,3,118,1,15.755,24.66,0.9971,0.9971,33,33,0,0,98,86,91,0.025978,0.008489,0.012797,1,1,1,2371.3
random,3,119,1,16.121,24.687,0.9976,0.9976,34,34,0,0,98,87,91,0.025981,0.009345,0.013038,1,1,1,2371.3
random,3,120,1,15.898,24.61,0.9979,0.9986,35,35,0,0,98,88,91,0.025907,0.008851,0.012935,1,0,1,2371.3
random,3,121,1,11.451,12.898,0.9975,0.9982,35,35,0,0,99,88,91,0.012567,0.008851,0.012935,1,0,1,2371.3
random,3,122,1,11.191,12.597,0.997,0.9978,35,35,0,0,100,88,91,0.012567,0.008405,0.0126,1,0,1,2371.3
random,3,123,1,11.151,12.515,0.9974,0.9978,35,35,0,0,100,89,91,0.012488,0.008448,0.012518,1,0,1,2371.3
random,3,124,1,11.195,12.602,0.9977,0.9978,35,35,0,0,100,90,91,0.012588,0.008394,0.012604,1,0,1,2371.3
random,3,125,1,11.2,12.575,0.9979,0.9983,35,35,0,0,100,90,92,0.012566,0.008459,0.012576,1,0,1,2371.3
random,3,126,1,11.2,12.604,0.998,0.9987,35,35,0,0,100,90,93,0.012609,0.008438,0.012554,1,0,1,2371.3
random,3,127,1,11.2,12.604,0.9983,0.9987,35,35,0,0,100,91,93,0.012609,0.008438,0.012554,1,0,1,2371.3
random,3,128,1,11.136,12.5,0.9986,0.9987,35,35,0,0,100,92,93,0.012502,0.008426,0.01248,1,0,1,2371.3
random,3,129,1,11.611,12.96,0.9988,0.9987,35,35,0,0,100,93,93,0.013003,0.009262,0.012569,1,0,1,2371.3
random,3,130,1,11.18,12.625,0.999,0.999,35,35,0,0,100,93,94,0.012634,0.008364,0.012542,1,0,1,2371.3
random,3,131,1,11.193,12.651,0.9986,0.9987,35,35,0,0,101,93,94,0.012475,0.008433,0.012671,1,0,1,2371.3
random,3,132,1,11.236,12.668,0.9988,0.9987,35,35,0,0,101,94,94,0.012609,0.008425,0.012675,1,0,1,2371.3
random,3,133,1,11.236,12.668,0.999,0.9987,35,35,0,0,101,95,94,0.012609,0.008425,0.012675,1,0,1,2371.3
random,3,134,1,11.202,12.615,0.9987,0.9983,35,35,0,0,102,95,94,0.012564,0.00842,0.012621,1,0,1,2371.3
random,3,135,1,11.28,12.748,0.9983,0.9979,35,35,0,0,103,95,94,0.012615,0.008461,0.012763,1,0,1,2371.3
random,3,136,1,11.268,12.726,0.9979,0.9975,35,35,0,0,104,95,94,0.012618,0.008448,0.012738,1,0,1,2371.3
random,3,137,1,11.196,12.581,0.9974,0.997,35,35,0,0,105,95,94,0.012562,0.008442,0.012583,1,0,1,2371.3
random,3,138,1,11.36,12.567,0.9976,0.997,35,35,0,0,105,96,94,0.012524,0.008983,0.012572,1,0,1,2371.3
random,3,139,1,11.36,12.567,0.9978,0.997,35,35,0,0,105,97,94,0.012524,0.008983,0.012572,1,0,1,2371.3
random,3,140,1,11.492,13.381,0.9979,0.997,35,35,0,0,105,98,94,0.01347,0.008428,0.012579,1,0,1,2371.3
random,3,141,1,11.167,12.565,0.9975,0.9964,35,35,0,0,106,98,94,0.012571,0.008419,0.012511,1,0,1,2371.3
random,3,142,1,11.531,12.57,0.997,0.9958,35,35,0,0,107,98,94,0.012564,0.009457,0.012571,1,0,1,2371.3
random,3,143,1,11.22,12.594,0.9974,0.9965,35,35,0,0,107,98,95,0.012596,0.008488,0.012575,1,0,1,2371.3
random,3,144,1,11.199,12.573,0.9977,0.9971,35,35,0,0,107,98,96,0.01258,0.008509,0.012508,1,0,1,2371.3
random,3,145,1,11.199,12.573,0.9973,0.9966,35,35,0,0,108,98,96,0.01258,0.008509,0.012508,1,0,1,2371.3
random,3,146,1,11.505,13.361,0.9976,0.9971,35,35,0,0,108,98,97,0.013449,0.008493,0.012573,1,0,1,2371.3
random,3,147,0,11.2,12.616,0.9976,0.9971,35,35,0,0,108,98,97,0.01254,0.008435,0.012624,1,0,1,2371.3
random,3,148,1,11.252,12.713,0.9978,0.9976,35,35,0,0,108,98,98,0.012573,0.008455,0.012728,1,0,1,2371.3
random,3,149,1,11.468,12.581,0.998,0.9981,35,35,0,0,108,98,99,0.012584,0.009263,0.012557,1,0,1,2371.3
random,3,150,1,11.188,12.573,0.9982,0.9982,35,35,0,0,108,98,100,0.012559,0.008429,0.012575,1,1,1,2371.3
random,3,151,1,11.188,12.573,0.9983,0.9983,35,35,0,0,108,98,101,0.012559,0.008429,0.012575,1,1,1,2371.3
random,3,152,1,15.408,20.374,0.998,0.998,35,35,1,0,109,98,101,0.012448,0.021245,0.012531,1,1,1,2371.3
random,3,153,1,14.3,17.026,0.9976,0.9976,35,35,2,0,110,98,101,0.012794,0.017496,0.012611,1,1,1,2371.3
random,3,154,11,14.881,17.13,0.9969,0.9969,35,35,4,0,115,102,103,0.01343,0.017511,0.013701,1,1,1,2371.3
random,3,155,1,14.189,16.971,0.9972,0.9972,31,31,5,0,115,102,104,0.012559,0.017461,0.012546,1,1,1,2371.3
random,3,156,1,14.204,16.975,0.9967,0.9967,31,31,5,0,116,102,104,0.012604,0.017461,0.012546,1,1,1,2371.3
random,3,157,1,14.253,16.899,0.9962,0.9962,31,31,6,0,117,102,104,0.012604,0.017354,0.012802,1,1,1,2371.3
random,3,158,11,14.279,17.272,0.9976,0.9976,31,31,7,0,119,108,107,0.012483,0.017796,0.012559,1,1,1,2371.3
random,3,159,1,14.708,17.515,0.9972,0.9972,25,25,9,0,120,108,107,0.01271,0.017967,0.013446,1,1,1,2371.3
random,3,160,11,14.613,18.044,0.9957,0.9957,25,25,11,0,126,111,109,0.012578,0.018647,0.012613,1,1,1,2371.3
random,3,161,1,14.351,17.287,0.9952,0.9952,25,25,12,0,127,111,109,0.012736,0.017793,0.012525,1,1,1,2371.3
random,3,162,1,14.351,17.287,0.9946,0.9946,25,25,12,0,128,111,109,0.012736,0.017793,0.012525,1,1,1,2371.3
random,3,163,1,14.291,17.267,0.9941,0.9941,25,25,13,0,129,111,109,0.012638,0.017781,0.012454,1,1,1,2371.3
random,3,164,11,14.385,17.508,0.9931,0.9931,20,20,14,0,134,115,111,0.012589,0.018055,0.012511,1,1,1,2371.3
random,3,165,11,14.366,17.389,0.9938,0.9938,20,20,16,0,137,120,114,0.012624,0.017918,0.012556,1,1,1,2371.3
random,3,166,1,14.783,17.708,0.9943,0.9943,20,20,18,0,137,120,115,0.013671,0.018157,0.012521,1,1,1,2371.3
random,3,167,1,14.39,17.502,0.9937,0.9937,19,15,19,0,138,120,115,0.012603,0.018046,0.012521,1,1,1,2371.3
random,3,168,1,14.406,17.502,0.9932,0.9932,19,15,19,0,139,120,115,0.012603,0.018046,0.012569,1,1,1,2371.3
random,3,169,1,15.069,17.952,0.9926,0.9926,20,15,20,0,140,120,115,0.013326,0.018455,0.013425,1,1,1,2371.3
random,3,170,1,14.499,17.582,0.992,0.992,21,15,21,0,141,120,115,0.012591,0.018114,0.012793,1,1,1,2371.3
random,3,171,1,14.243,17.106,0.9924,0.9924,22,15,22,0,141,120,116,0.012575,0.017609,0.012545,1,1,1,2371.3
random,3,172,11,14.472,17.124,0.9949,0.9949,23,10,23,0,142,126,120,0.012499,0.01754,0.013377,1,1,1,2371.3
random,3,173,0,14.591,17.124,0.9949,0.9949,23,10,23,0,142,126,120,0.012857,0.01754,0.013377,1,1,1,2371.3
random,3,174,1,14.559,17.684,0.9953,0.9953,25,10,25,0,142,126,121,0.012857,0.01822,0.012599,1,1,1,2371.3
random,3,175,1,14.455,17.414,0.9956,0.9956,26,10,26,0,142,126,122,0.012882,0.017918,0.012566,1,1,1,2371.3
random,3,176,1,14.311,17.059,0.9951,0.9951,27,6,27,0,143,126,122,0.012619,0.017534,0.012781,1,1,1,2371.3
random,3,177,11,14.379,17.278,0.9964,0.9964,29,6,29,0,145,131,126,0.012828,0.017772,0.012537,1,1,1,2371.3
random,3,178,11,14.732,17.665,0.9965,0.9965,31,6,31,0,149,134,130,0.012526,0.018123,0.013547,1,1,1,2371.3
random,3,179,1,15.079,17.667,0.9968,0.9968,31,1,31,0,149,134,131,0.013566,0.018123,0.013547,1,1,1,2371.3
least_connections,1,0,0,16.175,25.987,1.0,1.0,0,0,0,0,0,0,0,0.012625,0.008427,0.027472,1,1,1,2464.0
least_connections,1,1,1,15.676,24.641,0.3333,0.3333,3,0,0,3,1,0,0,0.012625,0.008427,0.025976,1,1,1,2464.0
least_connections,1,2,11,15.646,24.629,0.8889,0.8889,34,0,34,5,5,5,2,0.012595,0.008377,0.025966,1,1,1,2464.0
least_connections,1,3,11,15.711,24.791,0.943,0.943,34,0,34,7,9,9,5,0.012547,0.008436,0.026151,1,1,1,2464.0
least_connections,1,4,1,15.995,24.738,0.932,0.932,34,0,34,8,10,9,5,0.013384,0.008603,0.025999,1,1,1,2464.0
least_connections,1,5,11,15.712,24.763,0.9259,0.9259,34,0,34,10,14,14,7,0.012558,0.008459,0.026119,1,1,1,2464.0
least_connections,1,6,11,15.687,24.756,0.8928,0.8928,34,0,34,10,15,22,9,0.012484,0.008459,0.026119,1,1,1,2464.0
least_connections,1,7,1,15.642,24.74,0.8818,0.8818,34,0,34,12,15,23,9,0.012484,0.008341,0.026102,1,1,1,2464.0
least_connections,1,8,11,15.803,25.044,0.9087,0.9087,34,0,34,13,19,27,12,0.012553,0.008425,0.026432,1,1,1,2464.0
least_connections,1,9,1,15.837,25.215,0.9115,0.9115,34,0,34,15,20,27,12,0.012475,0.008406,0.02663,1,1,1,2464.0
least_connections,1,10,11,15.659,24.616,0.9259,0.9259,34,0,34,17,22,32,16,0.012523,0.008493,0.02596,1,1,1,2464.0
least_connections,1,11,11,15.608,24.514,0.9447,0.9447,34,0,34,19,27,35,19,0.012594,0.00839,0.025839,1,1,1,2464.0
least_connections,1,12,1,15.608,24.514,0.9457,0.9457,34,0,34,19,28,35,19,0.012594,0.00839,0.025839,1,1,1,2464.0
least_connections,1,13,1,15.577,24.397,0.9407,0.9407,34,0,34,20,28,36,19,0.012572,0.008448,0.025711,1,1,1,2464.0
least_connections,1,14,1,15.952,25.435,0.9416,0.9416,34,0,34,21,29,36,19,0.012551,0.008438,0.026867,1,1,1,2464.0
least_connections,1,15,1,15.716,24.691,0.9367,0.9367,34,0,34,22,29,37,19,0.012696,0.008427,0.026024,1,1,1,2464.0
least_connections,1,16,1,15.679,24.788,0.9317,0.9317,34,0,34,23,29,38,19,0.012456,0.008423,0.026158,1,1,1,2464.0
least_connections,1,17,11,16.022,24.893,0.9393,0.9393,34,0,34,23,31,43,23,0.013509,0.008399,0.026158,1,1,1,2464.0
least_connections,1,18,11,16.339,25.748,0.9667,0.9667,34,0,34,25,34,45,29,0.013509,0.008399,0.027108,1,1,1,2464.0
least_connections,1,19,1,15.7,24.676,0.9681,0.9681,34,0,34,27,35,45,29,0.012603,0.00848,0.026017,1,1,1,2464.0
least_connections,1,20,1,15.548,24.357,0.9645,0.9645,34,0,34,28,35,46,29,0.012525,0.008446,0.025672,1,1,1,2464.0
least_connections,1,21,11,15.733,24.887,0.9697,0.9697,34,0,34,29,38,50,33,0.012517,0.008422,0.026261,1,1,1,2464.0
least_connections,1,22,1,16.097,24.939,0.9664,0.9664,34,0,34,31,38,51,33,0.013652,0.008446,0.026193,1,1,1,2464.0
least_connections,1,23,1,15.711,24.823,0.9678,0.9678,34,0,34,31,39,51,33,0.012493,0.008446,0.026193,1,1,1,2464.0
least_connections,1,24,0,15.805,25.123,0.9678,0.9678,34,0,34,32,39,51,33,0.012493,0.008395,0.026526,1,1,1,2464.0
least_connections,1,25,11,16.231,26.18,0.972,0.972,34,0,34,34,42,55,37,0.012604,0.008399,0.027689,1,1,1,2464.0
least_connections,1,26,1,16.047,25.727,0.9731,0.9731,35,0,34,35,43,55,37,0.012529,0.008418,0.027194,1,1,1,2464.0
least_connections,1,27,11,15.721,24.753,0.9693,0.9693,37,0,33,37,47,60,39,0.012598,0.008461,0.026104,1,1,1,2464.0
least_connections,1,28,1,15.78,24.774,0.9667,0.9667,37,0,33,37,47,61,39,0.012802,0.008433,0.026104,1,1,1,2464.0
least_connections,1,29,1,15.794,24.813,0.9676,0.9676,38,0,33,38,48,61,39,0.012802,0.008433,0.026148,1,1,1,2464.0
least_connections,1,30,11,15.795,24.94,0.9816,0.9763,40,0,33,40,50,63,46,0.012619,0.008458,0.026309,0,1,1,2464.0
least_connections,1,31,1,11.538,12.673,0.9833,0.9793,40,0,29,40,50,63,47,0.012603,0.00933,0.012681,0,1,1,2464.0
least_connections,1,32,1,11.18,12.596,0.9842,0.9793,40,0,29,40,51,63,47,0.01258,0.008363,0.012598,0,1,1,2464.0
least_connections,1,33,1,11.671,13.473,0.9823,0.9771,40,0,29,40,51,64,47,0.01352,0.00844,0.013053,0,1,1,2464.0
least_connections,1,34,1,11.428,13.028,0.9831,0.9771,40,0,29,40,52,64,47,0.0128,0.008432,0.013053,0,1,1,2464.0
least_connections,1,35,1,11.303,12.788,0.9848,0.98,40,0,29,40,52,64,48,0.0128,0.008432,0.012676,0,1,1,2464.0
least_connections,1,36,1,11.415,12.602,0.9854,0.98,40,0,23,40,53,64,48,0.012608,0.009088,0.01255,0,1,1,2464.0
least_connections,1,37,1,11.325,12.908,0.986,0.98,40,0,23,40,54,64,48,0.012942,0.008431,0.012602,0,1,1,2464.0
least_connections,1,38,1,11.389,13.03,0.9876,0.9827,40,0,23,40,54,64,49,0.013073,0.008452,0.012641,0,1,1,2464.0
least_connections,1,39,1,11.25,12.679,0.988,0.9827,40,0,19,40,55,64,49,0.0126,0.008463,0.012688,0,1,1,2464.0
least_connections,1,40,1,11.179,12.663,0.9883,0.9827,40,0,19,40,56,64,49,0.012443,0.008405,0.012688,0,1,1,2464.0
least_connections,1,41,1,11.181,12.67,0.9899,0.9851,40,0,19,40,56,64,50,0.012443,0.008405,0.012695,0,1,1,2464.0
least_connections,1,42,1,11.162,12.557,0.9913,0.9874,40,0,19,40,56,64,51,0.012563,0.008422,0.0125,0,1,1,2464.0
least_connections,1,43,1,11.173,12.56,0.9899,0.9856,40,0,19,40,56,65,51,0.012565,0.008441,0.012514,0,1,1,2464.0
least_connections,1,44,1,11.281,12.721,0.9912,0.9878,40,0,15,40,56,65,52,0.012612,0.008499,0.012733,0,1,1,2464.0
least_connections,1,45,1,11.275,12.797,0.9923,0.9898,40,0,15,40,56,65,53,0.012825,0.008452,0.012547,0,1,1,2464.0
least_connections,1,46,1,11.159,12.554,0.991,0.9882,40,0,15,40,56,66,53,0.012555,0.008376,0.012547,0,1,1,2464.0
least_connections,1,47,1,11.19,12.632,0.9921,0.9901,40,0,15,40,56,66,54,0.012555,0.008376,0.01264,0,1,1,2464.0
least_connections,1,48,1,11.211,12.611,0.993,0.9918,40,0,11,40,56,66,55,0.012612,0.008423,0.012597,0,1,1,2464.0
least_connections,1,49,1,11.164,12.604,0.9935,0.9918,40,0,11,40,57,66,55,0.012613,0.008353,0.012527,0,1,1,2464.0
least_connections,1,50,1,11.384,12.949,0.9944,0.9933,40,0,11,40,57,66,56,0.012967,0.008403,0.012783,0,1,1,2464.0
least_connections,1,51,1,11.084,12.463,0.995,0.9947,40,0,7,40,57,66,57,0.012438,0.008347,0.012466,0,1,1,2464.0
least_connections,1,52,1,11.143,12.6,0.9939,0.9935,40,0,7,40,57,67,57,0.012615,0.008347,0.012466,0,1,1,2464.0
least_connections,1,53,1,11.215,12.611,0.9945,0.9935,40,0,7,40,58,67,57,0.012615,0.008453,0.012576,0,1,1,2464.0
least_connections,1,54,1,11.273,12.806,0.9952,0.9948,40,0,7,40,58,67,58,0.012833,0.008426,0.012561,0,1,1,2464.0
least_connections,1,55,1,11.148,12.524,0.9941,0.9937,40,0,7,40,58,68,58,0.012483,0.008434,0.012528,0,1,1,2464.0
least_connections,1,56,1,11.671,12.969,0.9947,0.9937,40,0,2,40,59,68,58,0.013006,0.009369,0.012638,0,1,1,2464.0
least_connections,1,57,1,11.528,13.42,0.9936,0.9926,40,0,2,40,59,69,58,0.013504,0.008419,0.01266,0,1,1,2464.0
least_connections,1,58,1,11.236,12.657,0.9943,0.9939,40,0,2,40,59,69,59,0.01263,0.008419,0.01266,0,1,1,2464.0
least_connections,1,59,1,11.2,12.624,0.9949,0.9939,40,0,2,40,60,69,59,0.01263,0.008403,0.012568,0,1,1,2464.0
least_connections,1,60,1,11.675,13.457,0.9953,0.9939,38,0,0,38,61,69,59,0.013503,0.008478,0.013044,0,1,1,2464.0
least_connections,1,61,1,11.185,12.549,0.9943,0.9928,38,0,0,38,61,70,59,0.012549,0.008457,0.012548,0,1,1,2464.0
least_connections,1,62,0,11.245,12.673,0.9943,0.9928,38,0,0,38,61,70,59,0.012683,0.008469,0.012584,0,1,1,2464.0
least_connections,1,63,1,11.631,13.431,0.995,0.9941,38,0,0,38,61,70,60,0.01303,0.008386,0.013476,0,1,1,2464.0
least_connections,1,64,1,11.8,13.532,0.9955,0.9941,38,0,0,38,62,70,60,0.013538,0.008386,0.013476,0,1,1,2464.0
least_connections,1,65,1,11.539,13.445,0.9961,0.9953,33,0,0,33,62,70,61,0.013538,0.008469,0.01261,0,1,1,2464.0
least_connections,1,66,1,11.176,12.575,0.9966,0.9963,33,0,0,33,62,70,62,0.012585,0.008461,0.012483,0,1,1,2464.0
least_connections,1,67,1,11.162,12.543,0.997,0.9963,33,0,0,33,63,70,62,0.012544,0.008409,0.012532,0,1,1,2464.0
least_connections,1,68,1,11.212,12.629,0.9973,0.9963,28,0,0,28,64,70,62,0.012498,0.008494,0.012644,0,1,1,2464.0
least_connections,1,69,1,11.176,12.597,0.9966,0.9954,28,0,0,28,64,71,62,0.012543,0.008383,0.012603,0,1,1,2464.0
least_connections,1,70,1,11.176,12.597,0.9968,0.9954,28,0,0,28,65,71,62,0.012543,0.008383,0.012603,0,1,1,2464.0
least_connections,1,71,1,11.162,12.54,0.9969,0.9954,28,0,0,28,66,71,62,0.012525,0.008419,0.012542,0,1,1,2464.0
least_connections,1,72,1,11.129,12.51,0.9962,0.9945,21,0,0,21,66,72,62,0.012515,0.00841,0.012461,0,1,1,2464.0
least_connections,1,73,1,11.538,12.734,0.9969,0.9956,21,0,0,21,66,72,63,0.012524,0.009332,0.012757,0,1,1,2464.0
least_connections,1,74,1,11.53,13.507,0.9961,0.9946,21,0,0,21,66,73,63,0.013614,0.008433,0.012542,0,1,1,2464.0
least_connections,1,75,1,11.196,12.594,0.9953,0.9936,21,0,0,21,66,74,63,0.012569,0.008421,0.012597,0,1,1,2464.0
least_connections,1,76,1,11.196,12.594,0.9944,0.9925,21,0,0,21,66,75,63,0.012569,0.008421,0.012597,0,1,1,2464.0
least_connections,1,77,1,11.165,12.586,0.9947,0.9925,18,0,0,18,67,75,63,0.012566,0.008342,0.012588,0,1,1,2464.0
least_connections,1,78,1,11.197,12.609,0.9954,0.9938,18,0,0,18,67,75,64,0.012618,0.008441,0.012532,0,1,1,2464.0
least_connections,1,79,1,11.44,12.987,0.9961,0.9949,18,0,0,18,67,75,65,0.013027,0.008664,0.012628,0,1,1,2464.0
least_connections,1,80,1,11.138,12.56,0.9966,0.9959,13,0,0,13,67,75,66,0.012502,0.008346,0.012566,0,1,1,2464.0
least_connections,1,81,1,11.158,12.53,0.9969,0.9959,13,0,0,13,68,75,66,0.012504,0.008437,0.012533,0,1,1,2464.0
least_connections,1,82,1,11.158,12.53,0.9972,0.9959,13,0,0,13,69,75,66,0.012504,0.008437,0.012533,0,1,1,2464.0
least_connections,1,83,1,11.315,12.664,0.9965,0.9951,13,0,0,13,69,76,66,0.012617,0.00866,0.012669,0,1,1,2464.0
least_connections,1,84,1,11.617,13.343,0.997,0.9961,8,0,0,8,69,76,67,0.013404,0.008648,0.012798,0,1,1,2464.0
least_connections,1,85,1,11.405,12.916,0.9963,0.9952,8,0,0,8,69,77,67,0.012646,0.008623,0.012946,0,1,1,2464.0
least_connections,1,86,1,11.236,12.76,0.9966,0.9952,8,0,0,8,70,77,67,0.012793,0.008449,0.012467,0,1,1,2464.0
least_connections,1,87,1,11.284,12.876,0.9971,0.9962,8,0,0,8,70,77,68,0.012921,0.008465,0.012467,0,1,1,2464.0
least_connections,1,88,1,11.302,12.881,0.9973,0.9962,8,0,0,8,71,77,68,0.012921,0.008465,0.01252,0,1,1,2464.0
least_connections,1,89,1,11.231,12.68,0.9974,0.9962,3,0,0,3,72,77,68,0.012575,0.008427,0.012692,0,1,1,2464.0
least_connections,1,90,1,11.36,12.649,0.9974,0.9974,3,0,0,3,73,77,68,0.012614,0.008812,0.012653,1,1,1,2464.0
least_connections,1,91,1,16.97,28.302,0.9969,0.9969,3,1,0,3,73,78,68,0.030064,0.008405,0.01244,1,1,1,2464.0
least_connections,1,92,1,15.668,24.669,0.9963,0.9963,2,2,0,0,73,79,68,0.026019,0.008464,0.012522,1,1,1,2464.0
least_connections,1,93,1,16.12,25.888,0.9956,0.9956,3,3,0,0,73,80,68,0.027373,0.008464,0.012522,1,1,1,2464.0
least_connections,1,94,1,16.216,25.903,0.9962,0.9962,3,3,0,0,73,80,69,0.027373,0.008605,0.01267,1,1,1,2464.0
least_connections,1,95,1,15.792,24.812,0.9968,0.9968,4,4,0,0,73,80,70,0.026146,0.008424,0.012807,1,1,1,2464.0
least_connections,1,96,1,15.744,24.785,0.9973,0.9973,5,5,0,0,73,80,71,0.026134,0.008453,0.012645,1,1,1,2464.0
least_connections,1,97,1,15.833,25.002,0.9967,0.9967,6,6,0,0,73,81,71,0.026379,0.008509,0.012612,1,1,1,2464.0
least_connections,1,98,11,15.826,25.075,0.9978,0.9978,7,7,0,0,79,83,74,0.026463,0.008432,0.012582,1,1,1,2464.0
least_connections,1,99,1,15.826,25.075,0.9973,0.9973,7,7,0,0,79,84,74,0.026463,0.008432,0.012582,1,1,1,2464.0
least_connections,1,100,1,16.078,25.182,0.9968,0.9968,9,9,0,0,79,85,74,0.0265,0.008412,0.013322,1,1,1,2464.0
least_connections,1,101,1,15.706,24.791,0.9973,0.9973,10,10,0,0,79,85,75,0.026153,0.008427,0.012538,1,1,1,2464.0
least_connections,1,102,1,15.805,25.064,0.9968,0.9968,11,11,0,0,79,86,75,0.026457,0.008434,0.012525,1,1,1,2464.0
least_connections,1,103,1,15.925,24.606,0.9962,0.9962,12,12,0,0,79,87,75,0.025845,0.008474,0.013455,1,1,1,2464.0
least_connections,1,104,0,16.13,25.173,0.9962,0.9962,13,13,0,0,79,87,75,0.026475,0.008461,0.013455,1,1,1,2464.0
least_connections,1,105,1,15.892,25.101,0.9955,0.9955,13,13,0,0,79,88,75,0.026475,0.008461,0.01274,1,1,1,2464.0
least_connections,1,106,11,15.738,24.803,0.9923,0.9923,15,15,0,0,83,94,76,0.026154,0.008421,0.01264,1,1,1,2464.0
least_connections,1,107,1,15.801,25.036,0.9915,0.9915,16,16,0,0,83,95,76,0.02642,0.008399,0.012583,1,1,1,2464.0
least_connections,1,108,1,15.938,25.283,0.9906,0.9906,17,17,0,0,83,96,76,0.026684,0.008456,0.012673,1,1,1,2464.0
least_connections,1,109,11,15.777,24.914,0.9942,0.9942,19,19,0,0,86,98,82,0.026283,0.008455,0.012594,1,1,1,2464.0
least_connections,1,110,1,15.839,25.081,0.9934,0.9934,20,20,0,0,86,99,82,0.026468,0.008455,0.012594,1,1,1,2464.0
least_connections,1,111,1,15.83,25.075,0.994,0.994,20,20,0,0,86,99,83,0.026468,0.008488,0.012535,1,1,1,2464.0
least_connections,1,112,1,15.818,25.043,0.9932,0.9932,21,21,0,0,86,100,83,0.026427,0.008437,0.01259,1,1,1,2464.0
least_connections,1,113,1,16.1,24.991,0.9938,0.9938,22,22,0,0,86,100,84,0.026358,0.009257,0.012684,1,1,1,2464.0
least_connections,1,114,11,15.65,24.506,0.995,0.995,24,24,0,0,90,103,88,0.025822,0.008465,0.012662,1,1,1,2464.0
least_connections,1,115,1,15.826,25.041,0.9943,0.9943,25,25,0,0,90,104,88,0.02642,0.00843,0.012629,1,1,1,2464.0
least_connections,1,116,1,15.826,25.041,0.9936,0.9936,25,25,0,0,90,105,88,0.02642,0.00843,0.012629,1,1,1,2464.0
least_connections,1,117,1,15.972,24.678,0.9928,0.9928,26,26,0,0,90,106,88,0.026007,0.009193,0.012717,1,1,1,2464.0
least_connections,1,118,1,15.635,24.576,0.992,0.992,27,27,0,0,90,107,88,0.025914,0.008454,0.012536,1,1,1,2464.0
least_connections,1,119,1,15.906,25.358,0.9925,0.9925,28,28,0,0,90,107,89,0.026787,0.008433,0.012499,1,1,1,2464.0
least_connections,1,120,11,15.652,24.636,0.9957,0.9997,30,30,0,0,96,108,93,0.025977,0.008417,0.012563,1,0,1,2464.0
least_connections,1,121,1,11.182,12.561,0.9951,0.9997,30,30,0,0,96,109,93,0.012547,0.008436,0.012563,1,0,1,2464.0
least_connections,1,122,1,11.146,12.538,0.9945,0.9997,30,30,0,0,96,110,93,0.012547,0.008436,0.012456,1,0,1,2464.0
least_connections,1,123,1,11.122,12.52,0.9938,0.9997,30,30,0,0,96,111,93,0.012522,0.008345,0.0125,1,0,1,2464.0
least_connections,1,124,1,11.456,13.229,0.9931,0.9997,30,30,0,0,96,112,93,0.012627,0.008445,0.013296,1,0,1,2464.0
least_connections,1,125,1,11.241,12.666,0.9924,0.9997,30,30,0,0,96,113,93,0.012581,0.008466,0.012676,1,0,1,2464.0
least_connections,1,126,1,11.177,12.596,0.9916,0.9997,30,30,0,0,96,114,93,0.012561,0.008371,0.0126,1,0,1,2464.0
least_connections,1,127,1,11.233,12.714,0.9908,0.9997,30,30,0,0,96,115,93,0.012727,0.008371,0.0126,1,0,1,2464.0
least_connections,1,128,1,11.263,12.711,0.99,0.9997,30,30,0,0,96,116,93,0.012727,0.008491,0.01257,1,0,1,2464.0
least_connections,1,129,1,11.276,12.781,0.9906,0.9999,30,30,0,0,96,116,94,0.012576,0.008447,0.012804,1,0,1,2464.0
least_connections,1,130,1,11.19,12.593,0.9911,1.0,30,30,0,0,96,116,95,0.012598,0.008428,0.012544,1,0,1,2464.0
least_connections,1,131,1,11.185,12.57,0.9916,1.0,30,30,0,0,96,116,96,0.012572,0.008428,0.012554,1,0,1,2464.0
least_connections,1,132,1,11.531,13.437,0.9921,1.0,30,30,0,0,96,116,97,0.012545,0.008511,0.013536,1,0,1,2464.0
least_connections,1,133,1,11.552,13.443,0.9913,1.0,30,30,0,0,96,117,97,0.012609,0.008511,0.013536,1,0,1,2464.0
least_connections,1,134,1,11.287,12.606,0.9905,1.0,30,30,0,0,96,118,97,0.012609,0.008673,0.012579,1,0,1,2464.0
least_connections,1,135,1,11.193,12.593,0.991,1.0,30,30,0,0,97,118,97,0.012599,0.008442,0.012539,1,0,1,2464.0
least_connections,1,136,1,11.276,12.606,0.9915,1.0,30,30,0,0,97,118,98,0.012608,0.008631,0.012589,1,0,1,2464.0
least_connections,1,137,1,11.318,12.793,0.9919,0.9999,30,30,0,0,97,118,99,0.012525,0.008605,0.012823,1,0,1,2464.0
least_connections,1,138,1,11.179,12.576,0.9924,1.0,30,30,0,0,98,118,99,0.012556,0.008403,0.012578,1,0,1,2464.0
least_connections,1,139,1,11.192,12.593,0.9916,1.0,30,30,0,0,98,119,99,0.012595,0.008403,0.012578,1,0,1,2464.0
least_connections,1,140,1,11.25,12.717,0.9909,1.0,30,30,0,0,98,120,99,0.012595,0.008424,0.012731,1,0,1,2464.0
least_connections,1,141,0,11.15,12.546,0.9909,1.0,30,30,0,0,98,120,99,0.012552,0.008408,0.012491,1,0,1,2464.0
least_connections,1,142,1,11.17,12.571,0.9913,0.9999,30,30,0,0,98,120,100,0.012578,0.008422,0.01251,1,0,1,2464.0
least_connections,1,143,1,11.624,13.705,0.9918,1.0,30,30,0,0,99,120,100,0.012564,0.008475,0.013832,1,0,1,2464.0
least_connections,1,144,1,11.239,12.675,0.991,1.0,30,30,0,0,99,121,100,0.012685,0.008447,0.012584,1,0,1,2464.0
least_connections,1,145,1,11.239,12.675,0.9915,0.9999,30,30,0,0,99,121,101,0.012685,0.008447,0.012584,1,0,1,2464.0
least_connections,1,146,1,11.201,12.666,0.9918,0.9998,30,30,0,0,99,121,102,0.012468,0.008448,0.012688,1,0,1,2464.0
least_connections,1,147,1,11.249,12.515,0.9922,0.9996,30,30,0,0,99,121,103,0.012504,0.008728,0.012516,1,0,1,2464.0
least_connections,1,148,1,11.228,12.594,0.9927,0.9998,30,30,0,0,100,121,103,0.012597,0.008517,0.012571,1,0,1,2464.0
least_connections,1,149,1,11.216,12.672,0.9932,0.9999,30,30,0,0,101,121,103,0.012676,0.008333,0.012639,1,0,1,2464.0
least_connections,1,150,1,11.365,12.741,0.9935,0.9935,30,30,0,0,101,121,104,0.012531,0.008801,0.012764,1,1,1,2464.0
least_connections,1,151,1,11.365,12.741,0.9938,0.9938,30,30,0,0,101,121,105,0.012531,0.008801,0.012764,1,1,1,2464.0
least_connections,1,152,11,15.179,19.708,0.9958,0.9958,30,30,1,0,108,123,107,0.0125,0.020506,0.01253,1,1,1,2464.0
least_connections,1,153,11,14.289,17.24,0.9956,0.9956,30,30,3,0,109,127,113,0.012617,0.017754,0.012495,1,1,1,2464.0
least_connections,1,154,1,14.599,17.359,0.9958,0.9958,27,27,5,0,109,127,114,0.012601,0.017799,0.013396,1,1,1,2464.0
least_connections,1,155,11,14.436,17.463,0.9948,0.9948,27,27,7,0,111,132,118,0.012727,0.017989,0.012593,1,1,1,2464.0
least_connections,1,156,11,14.238,17.075,0.9933,0.9933,27,27,9,0,114,138,120,0.012547,0.017573,0.012593,1,1,1,2464.0
least_connections,1,157,1,14.235,17.074,0.9935,0.9935,27,27,9,0,114,138,121,0.012547,0.017573,0.012586,1,1,1,2464.0
least_connections,1,158,1,14.19,16.967,0.9939,0.9939,24,24,10,0,115,138,121,0.012548,0.017456,0.012567,1,1,1,2464.0
least_connections,1,159,1,14.355,17.354,0.9941,0.9941,24,24,11,0,115,138,122,0.012521,0.017874,0.01267,1,1,1,2464.0
least_connections,1,160,11,14.374,17.468,0.9923,0.9923,24,24,12,0,117,144,125,0.012837,0.017982,0.012302,1,1,1,2464.0
least_connections,1,161,1,14.448,17.371,0.9925,0.9925,24,24,14,0,117,144,126,0.01285,0.017873,0.012622,1,1,1,2464.0
least_connections,1,162,11,14.44,17.368,0.9946,0.9946,20,20,14,0,123,146,129,0.012825,0.017873,0.012622,1,1,1,2464.0
least_connections,1,163,11,14.386,17.276,0.9932,0.9932,20,20,16,0,126,152,131,0.012825,0.01777,0.012564,1,1,1,2464.0
least_connections,1,164,1,14.529,17.33,0.9936,0.9936,20,20,18,0,127,152,131,0.013064,0.017804,0.012718,1,1,1,2464.0
least_connections,1,165,1,14.358,17.324,0.994,0.994,20,20,19,0,128,152,131,0.012601,0.017846,0.012627,1,1,1,2464.0
least_connections,1,166,11,14.426,17.292,0.9923,0.9923,20,15,20,0,130,158,134,0.012579,0.017778,0.01292,1,1,1,2464.0
least_connections,1,167,1,14.385,17.165,0.9927,0.9927,22,15,22,0,131,158,134,0.012975,0.017631,0.012549,1,1,1,2464.0
least_connections,1,168,1,14.385,17.165,0.9922,0.9922,22,15,22,0,131,159,134,0.012975,0.017631,0.012549,1,1,1,2464.0
least_connections,1,169,10,14.366,17.504,0.9927,0.9927,24,15,24,0,134,162,138,0.012521,0.018058,0.01252,1,1,1,2464.0
least_connections,1,170,1,14.44,17.503,0.9931,0.9931,25,15,25,0,135,162,138,0.012755,0.01803,0.012535,1,1,1,2464.0
least_connections,1,171,1,14.395,17.453,0.9933,0.9933,26,11,26,0,135,162,139,0.012572,0.01799,0.012622,1,1,1,2464.0
least_connections,1,172,11,14.31,17.274,0.9926,0.9926,28,11,28,0,138,167,142,0.012559,0.017796,0.012576,1,1,1,2464.0
least_connections,1,173,11,14.454,17.656,0.9935,0.9935,30,11,30,0,142,170,146,0.012567,0.01822,0.012576,1,1,1,2464.0
least_connections,1,174,1,14.718,17.735,0.9937,0.9937,30,11,30,0,142,170,147,0.012567,0.01822,0.013366,1,1,1,2464.0
least_connections,1,175,11,14.254,17.197,0.9943,0.9943,31,7,31,0,145,173,152,0.012628,0.017705,0.012429,1,1,1,2464.0
least_connections,1,176,1,14.297,17.171,0.9944,0.9944,33,7,33,0,145,173,153,0.012618,0.017677,0.012597,1,1,1,2464.0
least_connections,1,177,11,14.654,17.416,0.9948,0.9948,35,7,35,0,148,176,158,0.013552,0.017845,0.012565,1,1,1,2464.0
least_connections,1,178,1,14.391,17.311,0.9949,0.9949,36,3,36,0,148,176,159,0.012774,0.017815,0.012585,1,1,1,2464.0
least_connections,1,179,1,14.396,17.312,0.995,0.995,36,3,36,0,148,176,160,0.012789,0.017815,0.012585,1,1,1,2464.0
least_connections,2,0,0,15.616,24.528,1.0,1.0,0,0,0,0,0,0,0,0.012531,0.008456,0.025861,1,1,1,2375.8
least_connections,2,1,1,15.622,24.596,0.3333,0.3333,41,0,41,3,1,0,0,0.012514,0.008414,0.025938,1,1,1,2375.8
least_connections,2,2,11,15.874,25.067,0.96,0.96,41,0,41,5,3,5,4,0.012768,0.008421,0.026434,1,1,1,2375.8
least_connections,2,3,11,15.874,25.067,0.9962,0.9962,41,0,41,5,7,8,8,0.012768,0.008421,0.026434,1,1,1,2375.8
least_connections,2,4,1,15.764,24.868,1.0,1.0,41,0,41,7,8,8,8,0.012509,0.008543,0.026241,1,1,1,2375.8
least_connections,2,5,1,15.657,24.771,0.9968,0.9968,41,0,41,8,8,9,8,0.012501,0.008337,0.026134,1,1,1,2375.8
least_connections,2,6,11,15.599,24.5,0.9863,0.9863,41,0,41,10,10,13,13,0.012575,0.008397,0.025825,1,1,1,2375.8
least_connections,2,7,11,16.475,25.91,0.9964,0.9964,41,0,41,12,15,15,17,0.013694,0.008464,0.027267,1,1,1,2375.8
least_connections,2,8,1,16.092,25.8,0.9974,0.9974,41,0,41,12,16,15,17,0.012595,0.008413,0.027267,1,1,1,2375.8
least_connections,2,9,1,15.672,24.668,0.9967,0.9967,41,0,41,13,17,15,17,0.012595,0.008413,0.026009,1,1,1,2375.8
least_connections,2,10,11,15.682,24.7,0.9662,0.9662,41,0,41,14,19,16,25,0.012573,0.008427,0.026047,1,1,1,2375.8
least_connections,2,11,1,15.69,24.724,0.9683,0.9683,41,0,41,16,20,16,25,0.012543,0.008451,0.026077,1,1,1,2375.8
least_connections,2,12,1,15.898,25.156,0.9692,0.9692,41,0,41,17,21,16,25,0.012677,0.008474,0.026543,1,1,1,2375.8
least_connections,2,13,1,15.687,24.705,0.9692,0.9692,41,0,41,18,22,16,25,0.01259,0.008421,0.026051,1,1,1,2375.8
least_connections,2,14,11,15.671,24.7,0.9637,0.9637,41,0,41,18,27,18,29,0.01254,0.008421,0.026051,1,1,1,2375.8
least_connections,2,15,1,16.115,25.41,0.971,0.971,41,0,41,20,27,19,29,0.01254,0.008964,0.02684,1,1,1,2375.8
least_connections,2,16,1,15.932,25.065,0.9773,0.9773,41,0,41,21,27,20,29,0.01296,0.008426,0.02641,1,1,1,2375.8
least_connections,2,17,1,15.736,24.879,0.976,0.976,41,0,41,22,28,20,29,0.012582,0.008381,0.026245,1,1,1,2375.8
least_connections,2,18,11,15.785,24.406,0.9807,0.9807,41,0,41,24,30,24,34,0.013378,0.008346,0.025631,1,1,1,2375.8
least_connections,2,19,11,15.557,24.324,0.9921,0.9921,41,0,41,24,34,29,36,0.012565,0.008475,0.025631,1,1,1,2375.8
least_connections,2,20,1,15.72,24.765,0.9944,0.9944,41,0,41,26,34,30,36,0.012565,0.008475,0.026121,1,1,1,2375.8
least_connections,2,21,1,15.756,24.808,0.9963,0.9963,41,0,41,27,34,31,36,0.012606,0.008499,0.026164,1,1,1,2375.8
least_connections,2,22,1,15.683,24.733,0.996,0.996,41,0,41,28,35,31,36,0.012444,0.008507,0.026099,1,1,1,2375.8
least_connections,2,23,1,15.698,24.761,0.9976,0.9976,41,0,41,29,35,32,36,0.012529,0.008445,0.02612,1,1,1,2375.8
least_connections,2,24,1,15.778,25.047,0.9971,0.9971,41,0,41,30,36,32,36,0.012471,0.00842,0.026444,1,1,1,2375.8
least_connections,2,25,1,15.891,25.078,0.9984,0.9984,41,0,41,30,36,33,36,0.012781,0.008448,0.026444,1,1,1,2375.8
least_connections,2,26,1,15.711,24.592,0.9993,0.9993,41,0,41,31,36,34,36,0.012781,0.008448,0.025904,1,1,1,2375.8
least_connections,2,27,0,15.681,24.757,0.9993,0.9993,41,0,41,32,36,34,36,0.012451,0.008467,0.026124,1,1,1,2375.8
least_connections,2,28,1,15.969,24.784,0.9998,0.9998,41,0,41,33,36,35,36,0.013431,0.008429,0.026046,1,1,1,2375.8
least_connections,2,29,1,15.788,25.03,0.9995,0.9995,41,0,41,34,37,35,36,0.01257,0.008379,0.026414,1,1,1,2375.8
least_connections,2,30,1,16.021,25.176,0.9988,0.9998,36,0,36,35,38,35,36,0.013102,0.008443,0.026518,0,1,1,2375.8
least_connections,2,31,1,16.021,25.176,0.9993,1.0,36,0,36,35,38,36,36,0.013102,0.008443,0.026518,0,1,1,2375.8
least_connections,2,32,1,11.206,12.863,0.9995,0.9998,36,0,36,35,38,37,36,0.01233,0.008367,0.012922,0,1,1,2375.8
least_connections,2,33,1,11.279,12.828,0.9994,0.9993,36,0,36,35,38,38,36,0.012576,0.008405,0.012856,0,1,1,2375.8
least_connections,2,34,1,11.426,13.174,0.9998,0.9998,35,0,30,35,38,38,37,0.012636,0.008408,0.013234,0,1,1,2375.8
least_connections,2,35,1,11.177,12.537,0.9995,0.9998,35,0,30,35,39,38,37,0.012542,0.008494,0.012496,0,1,1,2375.8
least_connections,2,36,1,11.244,12.669,0.9989,0.9998,35,0,30,35,40,38,37,0.012592,0.008461,0.012678,0,1,1,2375.8
least_connections,2,37,1,11.244,12.669,0.9994,1.0,35,0,30,35,40,38,38,0.012592,0.008461,0.012678,0,1,1,2375.8
least_connections,2,38,1,11.19,12.548,0.9996,0.9998,35,0,25,35,40,39,38,0.012553,0.008517,0.012499,0,1,1,2375.8
least_connections,2,39,1,11.405,13.219,0.9994,0.9993,35,0,25,35,40,40,38,0.012546,0.008375,0.013294,0,1,1,2375.8
least_connections,2,40,1,11.192,12.624,0.999,0.9993,35,0,25,35,41,40,38,0.012631,0.008388,0.012558,0,1,1,2375.8
least_connections,2,41,1,11.191,12.562,0.9983,0.9993,35,0,25,35,42,40,38,0.012558,0.008454,0.012562,0,1,1,2375.8
least_connections,2,42,1,11.464,13.29,0.9982,0.9986,35,0,20,35,42,41,38,0.013371,0.008454,0.012566,0,1,1,2375.8
least_connections,2,43,1,11.464,13.29,0.9979,0.9975,35,0,20,35,42,42,38,0.013371,0.008454,0.012566,0,1,1,2375.8
least_connections,2,44,1,11.561,13.42,0.9972,0.9975,35,0,20,35,43,42,38,0.013511,0.008572,0.012601,0,1,1,2375.8
least_connections,2,45,1,11.267,12.651,0.9983,0.9986,35,0,20,35,43,42,39,0.012552,0.008588,0.012662,0,1,1,2375.8
least_connections,2,46,1,11.146,12.528,0.998,0.9976,35,0,15,35,43,43,39,0.01253,0.008397,0.01251,0,1,1,2375.8
least_connections,2,47,1,11.555,12.796,0.9974,0.9964,35,0,15,35,43,44,39,0.012818,0.009248,0.012599,0,1,1,2375.8
least_connections,2,48,1,11.313,12.792,0.9984,0.9977,35,0,15,35,43,44,40,0.012641,0.008488,0.012809,0,1,1,2375.8
least_connections,2,49,1,11.313,12.792,0.9991,0.9988,35,0,15,35,43,44,41,0.012641,0.008488,0.012809,0,1,1,2375.8
least_connections,2,50,1,11.205,12.59,0.9986,0.9978,35,0,9,35,43,45,41,0.01259,0.008435,0.012589,0,1,1,2375.8
least_connections,2,51,1,11.201,12.621,0.9978,0.9967,35,0,9,35,43,46,41,0.012626,0.008396,0.01258,0,1,1,2375.8
least_connections,2,52,1,11.128,12.574,0.9967,0.9954,35,0,9,35,43,47,41,0.012596,0.008416,0.012372,0,1,1,2375.8
least_connections,2,53,1,11.201,12.59,0.9955,0.9939,35,0,9,35,43,48,41,0.012565,0.008446,0.012593,0,1,1,2375.8
least_connections,2,54,1,11.208,12.617,0.9958,0.9939,35,0,5,35,44,48,41,0.01262,0.008412,0.012593,0,1,1,2375.8
least_connections,2,55,1,11.239,12.679,0.9969,0.9956,35,0,5,35,44,48,42,0.01262,0.008412,0.012686,0,1,1,2375.8
least_connections,2,56,1,11.184,12.584,0.9977,0.997,35,0,5,35,44,48,43,0.01257,0.008396,0.012585,0,1,1,2375.8
least_connections,2,57,1,11.193,12.587,0.9983,0.9981,35,0,5,35,44,48,44,0.012588,0.008408,0.012582,0,1,1,2375.8
least_connections,2,58,1,11.564,12.709,0.9973,0.9971,35,0,0,35,44,49,44,0.012627,0.009348,0.012718,0,1,1,2375.8
least_connections,2,59,1,11.196,12.594,0.9978,0.9982,35,0,0,35,44,49,45,0.012601,0.008461,0.012527,0,1,1,2375.8
least_connections,2,60,1,11.166,12.574,0.998,0.999,35,0,0,35,44,49,46,0.012579,0.008393,0.012527,0,1,1,2375.8
least_connections,2,61,1,11.197,12.615,0.9987,0.999,35,0,0,35,45,49,46,0.012579,0.008393,0.012619,0,1,1,2375.8
least_connections,2,62,1,11.455,13.242,0.9991,0.999,35,0,0,35,46,49,46,0.012609,0.008444,0.013312,0,1,1,2375.8
least_connections,2,63,1,11.319,12.645,0.9993,0.9996,31,0,0,31,46,49,47,0.012644,0.008667,0.012645,0,1,1,2375.8
least_connections,2,64,1,11.271,12.803,0.9993,0.9999,31,0,0,31,46,49,48,0.012829,0.008417,0.012567,0,1,1,2375.8
least_connections,2,65,1,11.315,12.858,0.9997,0.9999,31,0,0,31,47,49,48,0.012575,0.008479,0.01289,0,1,1,2375.8
least_connections,2,66,1,11.324,12.862,0.9993,0.9996,31,0,0,31,47,50,48,0.012609,0.008472,0.01289,0,1,1,2375.8
least_connections,2,67,1,11.21,12.603,0.9993,0.9999,26,0,0,26,47,50,49,0.012609,0.008472,0.012548,0,1,1,2375.8
least_connections,2,68,1,11.981,13.837,0.9989,0.9996,26,0,0,26,47,51,49,0.013879,0.008607,0.013458,0,1,1,2375.8
least_connections,2,69,0,11.231,12.627,0.9989,0.9996,26,0,0,26,47,51,49,0.012623,0.008443,0.012628,0,1,1,2375.8
least_connections,2,70,1,11.202,12.596,0.9983,0.9991,20,0,0,20,47,52,49,0.012601,0.008452,0.012553,0,1,1,2375.8
least_connections,2,71,1,11.209,12.673,0.9975,0.9985,20,0,0,20,47,53,49,0.012538,0.008402,0.012688,0,1,1,2375.8
least_connections,2,72,1,11.237,12.677,0.9965,0.9976,20,0,0,20,47,54,49,0.012577,0.008446,0.012688,0,1,1,2375.8
least_connections,2,73,1,11.209,12.6,0.9973,0.9976,20,0,0,20,48,54,49,0.012577,0.008446,0.012603,0,1,1,2375.8
least_connections,2,74,1,11.153,12.5,0.9978,0.9976,20,0,0,20,49,54,49,0.012474,0.008483,0.012503,0,1,1,2375.8
least_connections,2,75,1,11.218,12.585,0.9969,0.9967,16,0,0,16,49,55,49,0.01257,0.008496,0.012587,0,1,1,2375.8
least_connections,2,76,1,11.182,12.567,0.9974,0.9967,16,0,0,16,50,55,49,0.012525,0.008448,0.012572,0,1,1,2375.8
least_connections,2,77,1,11.168,12.592,0.9964,0.9956,16,0,0,16,50,56,49,0.012602,0.008395,0.012507,0,1,1,2375.8
least_connections,2,78,1,11.284,12.556,0.9968,0.9956,16,0,0,16,51,56,49,0.012562,0.008783,0.012507,0,1,1,2375.8
least_connections,2,79,1,11.265,12.551,0.9975,0.9968,11,0,0,11,51,56,50,0.012562,0.008783,0.01245,0,1,1,2375.8
least_connections,2,80,1,11.473,13.329,0.9978,0.9968,11,0,0,11,52,56,50,0.012615,0.008396,0.013408,0,1,1,2375.8
least_connections,2,81,1,11.177,12.603,0.9969,0.9957,11,0,0,11,52,57,50,0.012476,0.008437,0.012617,0,1,1,2375.8
least_connections,2,82,1,11.195,12.599,0.996,0.9945,11,0,0,11,52,58,50,0.012612,0.008494,0.012478,0,1,1,2375.8
least_connections,2,83,1,11.237,12.732,0.9967,0.9959,7,0,0,7,52,58,51,0.012458,0.00849,0.012763,0,1,1,2375.8
least_connections,2,84,1,11.397,12.904,0.997,0.9959,7,0,0,7,53,58,51,0.01292,0.008509,0.012763,0,1,1,2375.8
least_connections,2,85,1,11.333,12.885,0.9977,0.997,7,0,0,7,53,58,52,0.01292,0.008509,0.012569,0,1,1,2375.8
least_connections,2,86,1,11.216,12.63,0.9979,0.997,7,0,0,7,54,58,52,0.012634,0.008419,0.012596,0,1,1,2375.8
least_connections,2,87,1,11.255,12.684,0.998,0.997,4,0,0,4,55,58,52,0.012696,0.00849,0.01258,0,1,1,2375.8
least_connections,2,88,1,11.431,13.035,0.9973,0.996,4,0,0,4,55,59,52,0.012545,0.008657,0.01309,0,1,1,2375.8
least_connections,2,89,1,11.218,12.713,0.9974,0.996,4,0,0,4,56,59,52,0.012503,0.008415,0.012736,0,1,1,2375.8
least_connections,2,90,1,11.301,12.72,0.9972,0.9972,4,0,0,4,57,59,52,0.012572,0.008595,0.012736,1,1,1,2375.8
least_connections,2,91,1,11.204,12.559,0.998,0.998,0,0,0,0,57,59,53,0.012572,0.008595,0.012444,1,1,1,2375.8
least_connections,2,92,11,16.895,27.771,0.995,0.995,1,1,0,0,63,63,54,0.029426,0.008381,0.012878,1,1,1,2375.8
least_connections,2,93,1,15.868,24.898,0.9945,0.9945,3,3,0,0,63,64,54,0.026223,0.008413,0.012969,1,1,1,2375.8
least_connections,2,94,1,15.899,25.261,0.9956,0.9956,4,4,0,0,63,64,55,0.02667,0.008443,0.012585,1,1,1,2375.8
least_connections,2,95,1,15.661,24.626,0.9966,0.9966,5,5,0,0,63,64,56,0.025964,0.008432,0.012588,1,1,1,2375.8
least_connections,2,96,11,15.661,24.626,0.9968,0.9968,5,5,0,0,69,65,60,0.025964,0.008432,0.012588,1,1,1,2375.8
least_connections,2,97,1,15.884,24.698,0.9967,0.9967,7,7,0,0,69,66,60,0.026027,0.008887,0.012739,1,1,1,2375.8
least_connections,2,98,1,16.109,24.841,0.9975,0.9975,8,8,0,0,69,66,61,0.026078,0.00854,0.01371,1,1,1,2375.8
least_connections,2,99,1,15.81,24.967,0.9973,0.9973,9,9,0,0,69,67,61,0.026331,0.008409,0.01269,1,1,1,2375.8
least_connections,2,100,1,15.733,24.825,0.998,0.998,10,10,0,0,69,67,62,0.026192,0.008486,0.012522,1,1,1,2375.8
least_connections,2,101,1,15.706,24.736,0.9986,0.9986,11,11,0,0,69,67,63,0.026093,0.008502,0.012522,1,1,1,2375.8
least_connections,2,102,1,15.707,24.736,0.9991,0.9991,11,11,0,0,69,67,64,0.026093,0.008502,0.012527,1,1,1,2375.8
least_connections,2,103,1,16.164,25.217,0.9994,0.9994,12,12,0,0,69,67,65,0.026619,0.009271,0.012603,1,1,1,2375.8
least_connections,2,104,11,15.889,25.238,0.9997,0.9997,13,13,0,0,72,71,69,0.026644,0.008434,0.012588,1,1,1,2375.8
least_connections,2,105,1,15.677,24.7,0.9995,0.9995,15,15,0,0,73,71,69,0.026052,0.008445,0.012533,1,1,1,2375.8
least_connections,2,106,10,15.789,24.989,1.0,1.0,17,17,0,0,75,74,74,0.026378,0.008505,0.012484,1,1,1,2375.8
least_connections,2,107,1,15.639,24.584,1.0,1.0,18,18,0,0,75,75,74,0.025928,0.008505,0.012484,1,1,1,2375.8
least_connections,2,108,1,15.85,24.595,1.0,1.0,18,18,0,0,75,75,75,0.025928,0.009019,0.012603,1,1,1,2375.8
least_connections,2,109,1,15.822,24.982,1.0,1.0,19,19,0,0,75,75,76,0.026345,0.008409,0.012711,1,1,1,2375.8
least_connections,2,110,1,15.992,25.422,1.0,1.0,20,20,0,0,75,76,76,0.02684,0.008476,0.012661,1,1,1,2375.8
least_connections,2,111,11,15.639,24.63,0.9998,0.9998,22,22,0,0,78,79,81,0.025973,0.008398,0.012545,1,1,1,2375.8
least_connections,2,112,11,16.12,25.248,0.9999,0.9999,24,24,0,0,82,84,83,0.026568,0.008422,0.013371,1,1,1,2375.8
least_connections,2,113,1,16.12,25.248,0.9998,0.9998,24,24,0,0,82,85,83,0.026568,0.008422,0.013371,1,1,1,2375.8
least_connections,2,114,1,15.7,24.769,0.9996,0.9996,25,25,0,0,82,86,83,0.026125,0.008408,0.012566,1,1,1,2375.8
least_connections,2,115,1,15.645,24.577,0.9993,0.9993,26,26,0,0,82,87,83,0.02591,0.008446,0.012579,1,1,1,2375.8
least_connections,2,116,1,15.989,25.299,0.9994,0.9994,27,27,0,0,82,87,84,0.026681,0.008425,0.012862,1,1,1,2375.8
least_connections,2,117,1,16.341,25.256,0.9991,0.9991,28,28,0,0,82,88,84,0.026644,0.009611,0.012767,1,1,1,2375.8
least_connections,2,118,1,16.208,24.898,0.9992,0.9992,29,29,0,0,82,88,85,0.026246,0.009611,0.012767,1,1,1,2375.8
least_connections,2,119,1,15.752,24.882,0.9989,0.9989,29,29,0,0,82,89,85,0.026246,0.008408,0.012603,1,1,1,2375.8
least_connections,2,120,11,15.793,24.985,0.9999,0.9999,30,30,0,0,90,89,88,0.026362,0.008423,0.012595,1,0,1,2375.8
least_connections,2,121,1,11.157,12.519,0.9998,0.9997,31,31,0,0,91,89,88,0.012522,0.008459,0.01249,1,0,1,2375.8
least_connections,2,122,1,11.35,12.627,0.9998,0.9997,31,31,0,0,91,90,88,0.012628,0.008804,0.012617,1,0,1,2375.8
least_connections,2,123,1,11.224,12.67,0.9999,0.9999,31,31,0,0,91,90,89,0.012571,0.008419,0.012681,1,0,1,2375.8
least_connections,2,124,1,11.226,12.671,0.9999,0.9999,31,31,0,0,91,91,89,0.012579,0.008419,0.012681,1,0,1,2375.8
least_connections,2,125,1,11.205,12.615,0.9998,0.9997,31,31,0,0,92,91,89,0.012579,0.008416,0.012619,1,0,1,2375.8
least_connections,2,126,1,11.308,12.802,0.9997,0.9995,31,31,0,0,93,91,89,0.012825,0.008506,0.012593,1,0,1,2375.8
least_connections,2,127,1,11.164,12.542,0.9997,0.9995,31,31,0,0,93,92,89,0.012524,0.008425,0.012544,1,0,1,2375.8
least_connections,2,128,1,11.314,12.863,0.9996,0.9995,31,31,0,0,93,93,89,0.012551,0.008493,0.012898,1,0,1,2375.8
least_connections,2,129,1,11.201,12.565,0.9994,0.9995,31,31,0,0,93,94,89,0.012568,0.008496,0.012538,1,0,1,2375.8
least_connections,2,130,1,11.194,12.547,0.9993,0.9993,31,31,0,0,94,94,89,0.012548,0.008496,0.012538,1,0,1,2375.8
least_connections,2,131,1,11.206,12.626,0.9992,0.9993,31,31,0,0,94,95,89,0.012548,0.008434,0.012635,1,0,1,2375.8
least_connections,2,132,1,11.204,12.618,0.9991,0.9989,31,31,0,0,95,95,89,0.012595,0.008396,0.012621,1,0,1,2375.8
least_connections,2,133,1,11.271,12.726,0.9989,0.9989,31,31,0,0,95,96,89,0.012737,0.008447,0.012628,1,0,1,2375.8
least_connections,2,134,1,11.593,13.576,0.9988,0.9986,31,31,0,0,96,96,89,0.012614,0.008482,0.013683,1,0,1,2375.8
least_connections,2,135,1,11.402,13.004,0.9986,0.9986,31,31,0,0,96,97,89,0.012469,0.008674,0.013063,1,0,1,2375.8
least_connections,2,136,1,11.402,13.004,0.9983,0.9986,31,31,0,0,96,98,89,0.012469,0.008674,0.013063,1,0,1,2375.8
least_connections,2,137,1,11.194,12.589,0.9987,0.999,31,31,0,0,96,98,90,0.012591,0.008423,0.012569,1,0,1,2375.8
least_connections,2,138,1,11.623,12.793,0.9985,0.999,31,31,0,0,96,99,90,0.012784,0.009291,0.012794,1,0,1,2375.8
least_connections,2,139,1,11.295,12.844,0.9984,0.9986,31,31,0,0,97,99,90,0.012876,0.008458,0.012552,1,0,1,2375.8
least_connections,2,140,1,11.294,12.803,0.9981,0.9986,31,31,0,0,97,100,90,0.01261,0.008449,0.012824,1,0,1,2375.8
least_connections,2,141,1,11.313,12.628,0.9985,0.999,31,31,0,0,97,100,91,0.012635,0.008743,0.012562,1,0,1,2375.8
least_connections,2,142,1,11.313,12.628,0.9984,0.9986,31,31,0,0,98,100,91,0.012635,0.008743,0.012562,1,0,1,2375.8
least_connections,2,143,1,11.177,12.587,0.9988,0.999,31,31,0,0,98,100,92,0.012595,0.008418,0.012518,1,0,1,2375.8
least_connections,2,144,0,11.162,12.587,0.9988,0.999,31,31,0,0,98,100,92,0.012594,0.008372,0.012521,1,0,1,2375.8
least_connections,2,145,1,11.286,12.74,0.9985,0.999,31,31,0,0,98,101,92,0.01258,0.00852,0.012758,1,0,1,2375.8
least_connections,2,146,1,11.406,12.961,0.9989,0.9993,31,31,0,0,98,101,93,0.0129,0.008351,0.012968,1,0,1,2375.8
least_connections,2,147,1,11.299,12.497,0.9988,0.999,31,31,0,0,99,101,93,0.01233,0.009052,0.012515,1,0,1,2375.8
least_connections,2,148,1,11.299,12.497,0.9987,0.9987,31,31,0,0,100,101,93,0.01233,0.009052,0.012515,1,0,1,2375.8
least_connections,2,149,1,11.53,13.285,0.999,0.999,31,31,0,0,100,101,94,0.013351,0.008549,0.012689,1,0,1,2375.8
least_connections,2,150,1,11.169,12.558,0.9989,0.9989,31,31,0,0,101,101,94,0.012507,0.008435,0.012564,1,1,1,2375.8
least_connections,2,151,11,14.557,17.975,0.9986,0.9986,31,31,2,0,105,105,97,0.012536,0.018577,0.012557,1,1,1,2375.8
least_connections,2,152,1,14.47,17.641,0.999,0.999,30,30,3,0,105,105,98,0.01261,0.0182,0.012599,1,1,1,2375.8
least_connections,2,153,1,14.299,17.23,0.9992,0.9992,30,30,4,0,105,105,99,0.012553,0.017745,0.012599,1,1,1,2375.8
least_connections,2,154,1,14.624,17.328,0.9991,0.9991,30,30,4,0,106,105,99,0.012553,0.017745,0.013574,1,1,1,2375.8
least_connections,2,155,1,14.26,17.099,0.9989,0.9989,30,30,5,0,107,105,99,0.0126,0.017599,0.012582,1,1,1,2375.8
least_connections,2,156,1,14.373,17.573,0.9987,0.9987,30,30,6,0,108,105,99,0.012464,0.018135,0.012519,1,1,1,2375.8
least_connections,2,157,1,14.704,17.601,0.999,0.999,26,26,7,0,108,105,100,0.013452,0.018062,0.012599,1,1,1,2375.8
least_connections,2,158,11,14.395,17.538,0.9986,0.9986,26,26,9,0,113,108,103,0.012535,0.018092,0.012557,1,1,1,2375.8
least_connections,2,159,1,14.411,17.541,0.9988,0.9988,26,26,9,0,113,108,104,0.012585,0.018092,0.012557,1,1,1,2375.8
least_connections,2,160,1,14.541,17.901,0.9991,0.9991,26,26,10,0,113,108,105,0.012585,0.018492,0.012547,1,1,1,2375.8
least_connections,2,161,1,14.41,17.508,0.9993,0.9993,22,22,11,0,113,108,106,0.012565,0.018052,0.012614,1,1,1,2375.8
least_connections,2,162,11,14.598,17.824,0.9994,0.9994,22,22,12,0,116,113,109,0.012829,0.018379,0.012586,1,1,1,2375.8
least_connections,2,163,11,14.401,17.541,0.9993,0.9993,22,22,15,0,119,118,112,0.01251,0.01809,0.012604,1,1,1,2375.8
least_connections,2,164,11,14.476,17.597,0.9983,0.9983,18,18,17,0,124,123,113,0.012704,0.018141,0.012584,1,1,1,2375.8
least_connections,2,165,1,14.426,17.585,0.9986,0.9986,18,18,17,0,124,123,114,0.012552,0.018141,0.012584,1,1,1,2375.8
least_connections,2,166,1,14.356,17.333,0.9984,0.9984,18,18,18,0,125,123,114,0.012552,0.017852,0.012663,1,1,1,2375.8
least_connections,2,167,1,14.389,17.453,0.9982,0.9982,19,18,19,0,126,123,114,0.012624,0.017989,0.012553,1,1,1,2375.8
least_connections,2,168,11,14.737,17.728,0.9986,0.9986,20,18,20,0,128,128,118,0.013436,0.018205,0.01257,1,1,1,2375.8
least_connections,2,169,11,14.41,17.133,0.9978,0.9978,22,13,22,0,131,134,120,0.012779,0.01761,0.012841,1,1,1,2375.8
least_connections,2,170,1,14.217,17.012,0.9977,0.9977,24,13,24,0,132,134,120,0.012585,0.017504,0.012561,1,1,1,2375.8
least_connections,2,171,1,14.217,17.012,0.998,0.998,24,13,24,0,132,134,121,0.012585,0.017504,0.012561,1,1,1,2375.8
least_connections,2,172,7,14.388,17.351,0.9984,0.9984,25,13,25,0,134,136,124,0.012468,0.017852,0.012843,1,1,1,2375.8
least_connections,2,173,4,14.229,17.101,0.9986,0.9986,27,7,27,0,134,138,126,0.012504,0.017603,0.012581,1,1,1,2375.8
least_connections,2,174,1,14.496,17.546,0.9985,0.9985,28,7,28,0,135,138,126,0.012575,0.018068,0.012844,1,1,1,2375.8
least_connections,2,175,1,14.39,17.495,0.9988,0.9988,29,7,29,0,135,138,127,0.012576,0.018042,0.012552,1,1,1,2375.8
least_connections,2,176,1,14.422,17.395,0.9987,0.9987,30,7,30,0,136,138,127,0.012809,0.017904,0.012552,1,1,1,2375.8
least_connections,2,177,1,14.434,17.395,0.999,0.999,30,7,30,0,136,138,128,0.012809,0.017904,0.012589,1,1,1,2375.8
least_connections,2,178,1,14.918,17.396,0.9989,0.9989,31,4,31,0,137,138,128,0.013274,0.01781,0.01367,1,1,1,2375.8
least_connections,2,179,1,14.379,17.258,0.9988,0.9988,32,4,32,0,138,138,128,0.012543,0.017749,0.012844,1,1,1,2375.8
least_connections,3,0,0,16.136,25.476,1.0,1.0,0,0,0,0,0,0,0,0.012566,0.008932,0.026911,1,1,1,2347.3
least_connections,3,1,1,15.714,24.657,0.3333,0.3333,35,0,35,3,1,0,0,0.012607,0.008539,0.025996,1,1,1,2347.3
least_connections,3,2,11,15.978,24.977,0.8571,0.8571,35,0,35,5,4,6,2,0.013189,0.008458,0.026287,1,1,1,2347.3
least_connections,3,3,11,15.621,24.532,0.933,0.933,35,0,35,7,5,8,10,0.012588,0.008416,0.025859,1,1,1,2347.3
least_connections,3,4,1,15.621,24.532,0.96,0.96,35,0,35,7,6,8,10,0.012588,0.008416,0.025859,1,1,1,2347.3
least_connections,3,5,1,15.692,24.74,0.9601,0.9601,35,0,35,8,6,9,10,0.012496,0.008479,0.0261,1,1,1,2347.3
least_connections,3,6,1,15.781,24.667,0.9548,0.9548,35,0,35,9,6,10,10,0.012918,0.008451,0.025973,1,1,1,2347.3
least_connections,3,7,1,15.905,25.017,0.9759,0.9759,35,0,35,10,7,10,10,0.012562,0.008753,0.026401,1,1,1,2347.3
least_connections,3,8,1,15.784,24.852,0.9899,0.9899,35,0,35,11,8,10,10,0.012779,0.008378,0.026194,1,1,1,2347.3
least_connections,3,9,1,16.017,24.834,0.9836,0.9836,35,0,35,11,8,11,10,0.012591,0.009267,0.026194,1,1,1,2347.3
least_connections,3,10,11,15.976,24.723,0.9697,0.9697,35,0,35,12,10,15,15,0.012591,0.009267,0.026071,1,1,1,2347.3
least_connections,3,11,1,15.821,24.855,0.9644,0.9644,35,0,35,14,10,16,15,0.012829,0.008442,0.026191,1,1,1,2347.3
least_connections,3,12,11,15.945,24.85,0.9905,0.9905,35,0,35,16,15,18,19,0.013282,0.008419,0.026135,1,1,1,2347.3
least_connections,3,13,1,15.742,24.846,0.995,0.995,35,0,35,17,16,18,19,0.012592,0.008426,0.026208,1,1,1,2347.3
least_connections,3,14,1,15.628,24.353,0.9939,0.9939,35,0,35,18,16,19,19,0.012843,0.00841,0.025632,1,1,1,2347.3
least_connections,3,15,1,15.524,24.322,0.9974,0.9974,35,0,35,18,17,19,19,0.012531,0.00841,0.025632,1,1,1,2347.3
least_connections,3,16,1,15.607,24.587,0.9956,0.9956,35,0,35,19,17,20,19,0.012531,0.008365,0.025926,1,1,1,2347.3
least_connections,3,17,1,15.867,25.224,0.9982,0.9982,35,0,35,20,18,20,19,0.012492,0.008471,0.026639,1,1,1,2347.3
least_connections,3,18,11,16.244,25.244,0.9996,0.9996,35,0,35,21,23,22,23,0.01289,0.009225,0.026617,1,1,1,2347.3
least_connections,3,19,1,15.69,24.83,0.9987,0.9987,35,0,35,23,24,22,23,0.012422,0.00844,0.026209,1,1,1,2347.3
least_connections,3,20,1,15.748,24.847,0.9972,0.9972,35,0,35,23,25,22,23,0.012588,0.008447,0.026209,1,1,1,2347.3
least_connections,3,21,1,15.775,24.921,0.9984,0.9984,35,0,35,24,25,23,23,0.012588,0.008447,0.026291,1,1,1,2347.3
least_connections,3,22,11,15.715,24.804,0.9988,0.9988,35,0,35,25,28,26,28,0.012439,0.008529,0.026178,1,1,1,2347.3
least_connections,3,23,1,15.933,25.229,0.998,0.998,35,0,35,27,29,26,28,0.012529,0.00863,0.02664,1,1,1,2347.3
least_connections,3,24,1,15.707,24.732,0.9966,0.9966,35,0,35,28,30,26,28,0.012575,0.008464,0.026083,1,1,1,2347.3
least_connections,3,25,1,15.753,24.84,0.9948,0.9948,35,0,35,29,31,26,28,0.012581,0.008475,0.026202,1,1,1,2347.3
least_connections,3,26,1,15.689,24.845,0.9925,0.9925,35,0,35,29,32,26,28,0.012632,0.008234,0.026202,1,1,1,2347.3
least_connections,3,27,1,15.8,25.144,0.9898,0.9898,35,0,35,30,33,26,28,0.012632,0.008234,0.026534,1,1,1,2347.3
least_connections,3,28,1,15.813,24.815,0.9867,0.9867,35,0,35,31,34,26,28,0.012564,0.008699,0.026176,1,1,1,2347.3
least_connections,3,29,11,15.551,24.393,0.9976,0.9976,32,0,32,32,35,31,33,0.012546,0.008399,0.025709,1,1,1,2347.3
least_connections,3,30,1,15.828,24.812,0.9962,0.999,34,0,32,34,36,31,33,0.012898,0.008451,0.026136,0,1,1,2347.3
least_connections,3,31,0,11.215,12.605,0.9962,0.999,34,0,32,34,36,31,33,0.01261,0.008475,0.012561,0,1,1,2347.3
least_connections,3,32,1,11.215,12.605,0.9975,0.9998,34,0,32,34,36,32,33,0.01261,0.008475,0.012561,0,1,1,2347.3
least_connections,3,33,1,11.518,13.415,0.9983,1.0,34,0,28,34,36,33,33,0.013512,0.008501,0.01254,0,1,1,2347.3
least_connections,3,34,1,11.157,12.504,0.997,1.0,34,0,28,34,37,33,33,0.012508,0.008493,0.012471,0,1,1,2347.3
least_connections,3,35,1,11.196,12.604,0.9976,0.9998,34,0,28,34,37,33,34,0.01261,0.008433,0.012546,0,1,1,2347.3
least_connections,3,36,1,11.212,12.605,0.9984,1.0,34,0,28,34,37,34,34,0.012606,0.008437,0.012593,0,1,1,2347.3
least_connections,3,37,1,11.466,13.371,0.9988,0.9998,34,0,24,34,37,34,35,0.012575,0.008363,0.013459,0,1,1,2347.3
least_connections,3,38,1,11.466,13.371,0.9993,1.0,34,0,24,34,37,35,35,0.012575,0.008363,0.013459,0,1,1,2347.3
least_connections,3,39,1,11.269,12.608,0.9995,0.9998,34,0,24,34,37,35,36,0.012527,0.008664,0.012617,0,1,1,2347.3
least_connections,3,40,1,11.495,12.936,0.9988,0.9998,34,0,24,34,38,35,36,0.012827,0.008711,0.012948,0,1,1,2347.3
least_connections,3,41,1,11.295,12.62,0.9988,0.9992,34,0,17,34,38,35,37,0.012625,0.008681,0.012579,0,1,1,2347.3
least_connections,3,42,1,11.536,13.383,0.9985,0.9983,34,0,17,34,38,35,38,0.013461,0.008468,0.01268,0,1,1,2347.3
least_connections,3,43,1,11.198,12.599,0.9979,0.9971,34,0,17,34,38,35,39,0.0126,0.008409,0.012586,0,1,1,2347.3
least_connections,3,44,1,11.198,12.599,0.9975,0.9971,34,0,17,34,39,35,39,0.0126,0.008409,0.012586,0,1,1,2347.3
least_connections,3,45,1,11.227,12.644,0.9968,0.9956,34,0,12,34,39,35,40,0.012649,0.008437,0.012595,0,1,1,2347.3
least_connections,3,46,1,11.178,12.578,0.9962,0.9956,34,0,12,34,40,35,40,0.012533,0.008419,0.012583,0,1,1,2347.3
least_connections,3,47,1,11.217,12.608,0.9954,0.9956,34,0,12,34,41,35,40,0.012609,0.008448,0.012595,0,1,1,2347.3
least_connections,3,48,1,11.168,12.559,0.9969,0.9972,34,0,12,34,41,36,40,0.012562,0.00841,0.012531,0,1,1,2347.3
least_connections,3,49,1,11.079,12.51,0.996,0.9972,34,0,8,34,42,36,40,0.012325,0.00838,0.012531,0,1,1,2347.3
least_connections,3,50,1,11.096,12.557,0.9948,0.9972,34,0,8,34,43,36,40,0.012325,0.00838,0.012583,0,1,1,2347.3
least_connections,3,51,1,11.227,12.589,0.9946,0.9958,34,0,8,34,43,36,41,0.012573,0.008517,0.012591,0,1,1,2347.3
least_connections,3,52,1,11.512,13.43,0.9942,0.9941,34,0,8,34,43,36,42,0.012569,0.008441,0.013526,0,1,1,2347.3
least_connections,3,53,1,11.2,12.591,0.9959,0.996,34,0,4,34,43,37,42,0.012595,0.008451,0.012553,0,1,1,2347.3
least_connections,3,54,1,11.331,12.613,0.9953,0.9944,34,0,4,34,43,37,43,0.01262,0.00882,0.012554,0,1,1,2347.3
least_connections,3,55,1,11.204,12.629,0.9944,0.9926,34,0,4,34,43,37,44,0.012637,0.008422,0.012554,0,1,1,2347.3
least_connections,3,56,1,11.198,12.627,0.9934,0.9906,34,0,4,34,43,37,45,0.012637,0.008422,0.012534,0,1,1,2347.3
least_connections,3,57,1,11.163,12.551,0.9951,0.9929,34,0,4,34,43,38,45,0.012552,0.008391,0.012545,0,1,1,2347.3
least_connections,3,58,1,11.181,12.596,0.9965,0.9949,34,0,1,34,43,39,45,0.012606,0.008435,0.012502,0,1,1,2347.3
least_connections,3,59,1,11.194,12.581,0.9955,0.9933,34,0,1,34,43,39,46,0.012584,0.008444,0.012553,0,1,1,2347.3
least_connections,3,60,1,11.242,12.733,0.9968,0.9952,34,0,1,34,43,40,46,0.01274,0.00832,0.012666,0,1,1,2347.3
least_connections,3,61,1,11.191,12.649,0.9956,0.9936,34,0,0,34,43,40,47,0.012496,0.008412,0.012666,0,1,1,2347.3
least_connections,3,62,1,11.109,12.488,0.9967,0.9954,32,0,0,32,43,41,47,0.012496,0.008412,0.01242,0,1,1,2347.3
least_connections,3,63,1,11.484,13.172,0.9976,0.9969,32,0,0,32,43,42,47,0.013211,0.008416,0.012826,0,1,1,2347.3
least_connections,3,64,1,11.189,12.589,0.9982,0.998,32,0,0,32,43,43,47,0.012592,0.00841,0.012565,0,1,1,2347.3
least_connections,3,65,1,11.315,12.85,0.9986,0.9989,26,0,0,26,43,44,47,0.012626,0.008445,0.012875,0,1,1,2347.3
least_connections,3,66,1,11.15,12.558,0.9977,0.9981,26,0,0,26,43,44,48,0.012558,0.008336,0.012556,0,1,1,2347.3
least_connections,3,67,1,11.236,12.685,0.9967,0.9971,26,0,0,26,43,44,49,0.012699,0.008454,0.012556,0,1,1,2347.3
least_connections,3,68,1,11.231,12.683,0.997,0.9982,26,0,0,26,43,45,49,0.012699,0.008454,0.01254,0,1,1,2347.3
least_connections,3,69,1,11.221,12.617,0.9978,0.9982,26,0,0,26,44,45,49,0.012623,0.008478,0.012562,0,1,1,2347.3
least_connections,3,70,0,11.269,12.604,0.9978,0.9982,23,0,0,23,44,45,49,0.012608,0.008626,0.012572,0,1,1,2347.3
least_connections,3,71,1,11.404,12.789,0.998,0.999,23,0,0,23,44,46,49,0.012543,0.008853,0.012816,0,1,1,2347.3
least_connections,3,72,1,11.471,13.201,0.9972,0.9983,23,0,0,23,44,46,50,0.012742,0.008418,0.013252,0,1,1,2347.3
least_connections,3,73,1,11.42,13.186,0.9973,0.999,23,0,0,23,44,47,50,0.012589,0.008418,0.013252,0,1,1,2347.3
least_connections,3,74,1,11.191,12.582,0.9963,0.9983,18,0,0,18,44,47,51,0.012589,0.008467,0.012518,0,1,1,2347.3
least_connections,3,75,1,11.281,12.694,0.9973,0.9983,18,0,0,18,45,47,51,0.012652,0.008493,0.012699,0,1,1,2347.3
least_connections,3,76,1,11.12,12.485,0.998,0.9983,18,0,0,18,46,47,51,0.012488,0.008416,0.012457,0,1,1,2347.3
least_connections,3,77,1,11.241,12.659,0.9982,0.9991,14,0,0,14,46,48,51,0.012666,0.008459,0.012598,0,1,1,2347.3
least_connections,3,78,1,11.278,12.574,0.9974,0.9984,14,0,0,14,46,48,52,0.012575,0.008695,0.012564,0,1,1,2347.3
least_connections,3,79,1,11.291,12.608,0.9975,0.9991,14,0,0,14,46,49,52,0.012613,0.008695,0.012564,0,1,1,2347.3
least_connections,3,80,1,11.215,12.612,0.9966,0.9985,14,0,0,14,46,49,53,0.012613,0.008425,0.012608,0,1,1,2347.3
least_connections,3,81,1,11.218,12.62,0.9975,0.9985,14,0,0,14,47,49,53,0.012601,0.008432,0.012622,0,1,1,2347.3
least_connections,3,82,1,11.344,13.144,0.9981,0.9985,10,0,0,10,48,49,53,0.013233,0.008453,0.012345,0,1,1,2347.3
least_connections,3,83,1,11.195,12.592,0.9983,0.9992,10,0,0,10,48,50,53,0.012594,0.008414,0.012576,0,1,1,2347.3
least_connections,3,84,1,11.455,13.119,0.9976,0.9985,10,0,0,10,48,50,54,0.012755,0.008452,0.013159,0,1,1,2347.3
least_connections,3,85,1,11.455,13.119,0.9982,0.9985,10,0,0,10,49,50,54,0.012755,0.008452,0.013159,0,1,1,2347.3
least_connections,3,86,1,11.167,12.595,0.9974,0.9977,6,0,0,6,49,50,55,0.012608,0.008411,0.012481,0,1,1,2347.3
least_connections,3,87,1,11.224,12.709,0.9964,0.9968,6,0,0,6,49,50,56,0.012548,0.008398,0.012727,0,1,1,2347.3
least_connections,3,88,1,11.224,12.658,0.9968,0.9978,6,0,0,6,49,51,56,0.01248,0.008515,0.012678,0,1,1,2347.3
least_connections,3,89,1,11.183,12.576,0.997,0.9986,6,0,0,6,49,52,56,0.012579,0.008422,0.012548,0,1,1,2347.3
least_connections,3,90,1,11.152,12.542,0.997,0.997,6,0,0,6,49,53,56,0.012491,0.008418,0.012548,1,1,1,2347.3
least_connections,3,91,1,11.155,12.549,0.9962,0.9962,2,0,0,2,49,53,57,0.012491,0.008418,0.012555,1,1,1,2347.3
least_connections,3,92,1,18.022,30.116,0.9953,0.9953,2,1,0,2,49,53,58,0.03194,0.008429,0.013696,1,1,1,2347.3
least_connections,3,93,11,15.763,24.945,0.9957,0.9957,2,2,0,2,52,58,61,0.026318,0.008387,0.012585,1,1,1,2347.3
least_connections,3,94,1,15.737,24.816,0.9949,0.9949,4,4,0,0,52,58,62,0.026172,0.008426,0.012614,1,1,1,2347.3
least_connections,3,95,11,15.948,25.243,0.9966,0.9966,6,6,0,0,58,59,66,0.026648,0.008599,0.012597,1,1,1,2347.3
least_connections,3,96,11,15.948,25.243,0.993,0.993,6,6,0,0,59,63,72,0.026648,0.008599,0.012597,1,1,1,2347.3
least_connections,3,97,1,15.691,24.519,0.9919,0.9919,8,8,0,0,59,63,73,0.025814,0.008398,0.012862,1,1,1,2347.3
least_connections,3,98,1,15.718,24.747,0.9922,0.9922,9,9,0,0,59,64,73,0.026093,0.008425,0.012636,1,1,1,2347.3
least_connections,3,99,11,15.698,24.665,0.994,0.994,10,10,0,0,62,70,75,0.025999,0.008436,0.01266,1,1,1,2347.3
least_connections,3,100,1,15.807,25.062,0.9932,0.9932,12,12,0,0,62,70,76,0.026448,0.008383,0.01259,1,1,1,2347.3
least_connections,3,101,1,15.798,24.9,0.9923,0.9923,13,13,0,0,62,70,77,0.026268,0.008536,0.01259,1,1,1,2347.3
least_connections,3,102,1,15.934,24.941,0.9914,0.9914,13,13,0,0,62,70,78,0.026268,0.008536,0.012999,1,1,1,2347.3
least_connections,3,103,1,16.037,25.065,0.9925,0.9925,14,14,0,0,63,70,78,0.026365,0.00838,0.013367,1,1,1,2347.3
least_connections,3,104,10,15.906,25.137,0.9963,0.9963,16,16,0,0,68,74,79,0.026515,0.008466,0.012737,1,1,1,2347.3
least_connections,3,105,11,16.031,24.885,0.9982,0.9982,18,18,0,0,73,78,81,0.026155,0.008486,0.013453,1,1,1,2347.3
least_connections,3,106,1,15.869,24.935,0.9981,0.9981,19,19,0,0,73,79,81,0.026268,0.008406,0.012934,1,1,1,2347.3
least_connections,3,107,11,15.869,24.935,0.9978,0.9978,19,19,0,0,76,83,85,0.026268,0.008406,0.012934,1,1,1,2347.3
least_connections,3,108,11,16.107,25.447,0.9971,0.9971,21,21,0,0,79,86,90,0.026825,0.008446,0.013049,1,1,1,2347.3
least_connections,3,109,11,15.751,25.032,0.9985,0.9985,23,23,0,0,84,90,92,0.026432,0.008383,0.012437,1,1,1,2347.3
least_connections,3,110,11,15.984,25.227,0.9983,0.9983,26,26,0,0,87,94,96,0.026602,0.008492,0.012857,1,1,1,2347.3
least_connections,3,111,11,15.64,24.478,0.9985,0.9985,28,28,0,0,91,100,97,0.025785,0.008417,0.012717,1,1,1,2347.3
least_connections,3,112,1,16.292,26.059,0.9984,0.9984,29,29,0,0,91,100,98,0.027541,0.008619,0.012717,1,1,1,2347.3
least_connections,3,113,1,16.524,26.128,0.9983,0.9983,29,29,0,0,91,100,99,0.027541,0.008619,0.013411,1,1,1,2347.3
least_connections,3,114,11,15.707,24.727,0.998,0.998,30,30,0,0,94,104,103,0.026083,0.008516,0.012521,1,1,1,2347.3
least_connections,3,115,11,15.752,24.996,0.9983,0.9983,32,32,0,0,98,107,107,0.026387,0.008393,0.012476,1,1,1,2347.3
least_connections,3,116,11,15.831,25.105,0.9994,0.9994,34,34,0,0,104,110,109,0.026493,0.008383,0.012618,1,1,1,2347.3
least_connections,3,117,1,15.715,24.773,0.9993,0.9993,36,36,0,0,104,110,110,0.026128,0.008438,0.012579,1,1,1,2347.3
least_connections,3,118,1,15.715,24.773,0.9992,0.9992,36,36,0,0,104,111,110,0.026128,0.008438,0.012579,1,1,1,2347.3
least_connections,3,119,1,15.947,25.218,0.999,0.999,37,37,0,0,104,112,110,0.026628,0.008684,0.012528,1,1,1,2347.3
least_connections,3,120,11,15.682,24.71,0.9996,0.9995,38,38,0,0,109,114,114,0.026058,0.008406,0.012583,1,0,1,2347.3
least_connections,3,121,1,11.192,12.549,0.9997,0.9997,39,39,0,0,110,114,114,0.012552,0.008504,0.012521,1,0,1,2347.3
least_connections,3,122,1,11.586,13.283,0.9996,0.9995,39,39,0,0,110,114,115,0.013346,0.008699,0.012712,1,0,1,2347.3
least_connections,3,123,1,11.187,12.635,0.9995,0.9993,39,39,0,0,110,114,116,0.012646,0.008384,0.012532,1,0,1,2347.3
least_connections,3,124,1,11.187,12.635,0.9995,0.9993,39,39,0,0,110,115,116,0.012646,0.008384,0.012532,1,0,1,2347.3
least_connections,3,125,1,11.192,12.595,0.9993,0.999,39,39,0,0,110,115,117,0.012599,0.008415,0.012563,1,0,1,2347.3
least_connections,3,126,1,11.279,12.809,0.9992,0.9988,39,39,0,0,110,115,118,0.012661,0.008351,0.012826,1,0,1,2347.3
least_connections,3,127,1,11.21,12.587,0.9991,0.9988,39,39,0,0,110,116,118,0.012561,0.008478,0.01259,1,0,1,2347.3
least_connections,3,128,1,11.258,12.617,0.999,0.9988,39,39,0,0,110,117,118,0.012509,0.008636,0.012629,1,0,1,2347.3
least_connections,3,129,0,11.208,12.642,0.999,0.9988,39,39,0,0,110,117,118,0.012646,0.00837,0.012609,1,0,1,2347.3
least_connections,3,130,1,11.208,12.642,0.9989,0.9985,39,39,0,0,110,117,119,0.012646,0.00837,0.012609,1,0,1,2347.3
least_connections,3,131,1,11.42,13.192,0.9987,0.9981,39,39,0,0,110,117,120,0.012546,0.008449,0.013264,1,0,1,2347.3
least_connections,3,132,1,11.509,12.875,0.999,0.9985,39,39,0,0,111,117,120,0.012618,0.009005,0.012904,1,0,1,2347.3
least_connections,3,133,1,11.419,13.021,0.9992,0.9988,39,39,0,0,112,117,120,0.013047,0.008422,0.012787,1,0,1,2347.3
least_connections,3,134,1,11.18,12.598,0.999,0.9985,39,39,0,0,112,117,121,0.012614,0.00847,0.012455,1,0,1,2347.3
least_connections,3,135,1,11.157,12.594,0.9992,0.9988,39,39,0,0,113,117,121,0.012609,0.008408,0.012455,1,0,1,2347.3
least_connections,3,136,1,11.203,12.607,0.9994,0.9991,39,39,0,0,114,117,121,0.012609,0.008408,0.012592,1,0,1,2347.3
least_connections,3,137,1,11.28,12.592,0.9992,0.9989,39,39,0,0,114,117,122,0.012602,0.008736,0.012501,1,0,1,2347.3
least_connections,3,138,1,11.18,12.552,0.9992,0.9989,39,39,0,0,114,118,122,0.012546,0.008442,0.012553,1,0,1,2347.3
least_connections,3,139,1,11.277,12.842,0.999,0.9986,39,39,0,0,114,118,123,0.012528,0.008427,0.012877,1,0,1,2347.3
least_connections,3,140,1,11.245,12.692,0.999,0.9986,39,39,0,0,114,119,123,0.012702,0.008432,0.0126,1,0,1,2347.3
least_connections,3,141,1,11.21,12.6,0.9988,0.9982,39,39,0,0,114,119,124,0.012596,0.008433,0.0126,1,0,1,2347.3
least_connections,3,142,1,11.197,12.593,0.999,0.9986,39,39,0,0,115,119,124,0.012596,0.008433,0.012562,1,0,1,2347.3
least_connections,3,143,1,11.568,13.321,0.9992,0.9989,39,39,0,0,116,119,124,0.013039,0.008314,0.013352,1,0,1,2347.3
least_connections,3,144,1,11.23,12.71,0.9994,0.9992,39,39,0,0,117,119,124,0.012733,0.008452,0.012505,1,0,1,2347.3
least_connections,3,145,1,11.281,12.741,0.9994,0.9992,39,39,0,0,117,120,124,0.012702,0.008395,0.012745,1,0,1,2347.3
least_connections,3,146,1,11.302,12.854,0.9994,0.9992,39,39,0,0,117,121,124,0.012881,0.008415,0.012611,1,0,1,2347.3
least_connections,3,147,1,11.345,12.814,0.9993,0.9989,39,39,0,0,117,121,125,0.012837,0.008586,0.012611,1,0,1,2347.3
least_connections,3,148,1,11.403,12.832,0.9993,0.9989,39,39,0,0,117,122,125,0.012837,0.008586,0.012785,1,0,1,2347.3
least_connections,3,149,1,11.159,12.54,0.9991,0.9986,39,39,0,0,117,122,126,0.012484,0.008446,0.012546,1,0,1,2347.3
least_connections,3,150,1,11.177,12.573,0.9991,0.9991,39,39,0,0,117,123,126,0.012563,0.008394,0.012574,1,1,1,2347.3
least_connections,3,151,1,15.996,21.905,0.9993,0.9993,39,39,1,0,118,123,126,0.012444,0.022938,0.012606,1,1,1,2347.3
least_connections,3,152,1,14.331,17.321,0.9995,0.9995,39,39,2,0,119,123,126,0.012585,0.017847,0.01256,1,1,1,2347.3
least_connections,3,153,11,14.343,17.325,0.9994,0.9994,39,39,2,0,122,128,129,0.012622,0.017847,0.01256,1,1,1,2347.3
least_connections,3,154,1,14.333,17.307,0.9996,0.9996,39,39,4,0,123,128,129,0.012622,0.017828,0.012548,1,1,1,2347.3
least_connections,3,155,11,14.577,17.377,0.9996,0.9996,39,39,5,0,127,131,133,0.013073,0.017855,0.012802,1,1,1,2347.3
least_connections,3,156,11,14.436,17.58,0.9995,0.9995,35,35,7,0,130,135,137,0.012584,0.018134,0.01259,1,1,1,2347.3
least_connections,3,157,1,14.396,17.38,0.9994,0.9994,35,35,9,0,130,135,138,0.012643,0.017906,0.012638,1,1,1,2347.3
least_connections,3,158,1,14.346,17.378,0.9993,0.9993,35,35,10,0,130,135,139,0.01253,0.017909,0.012599,1,1,1,2347.3
least_connections,3,159,1,14.346,17.378,0.9994,0.9994,35,35,10,0,131,135,139,0.01253,0.017909,0.012599,1,1,1,2347.3
least_connections,3,160,1,14.382,17.341,0.9993,0.9993,29,29,11,0,131,135,140,0.012738,0.017852,0.012555,1,1,1,2347.3
least_connections,3,161,1,14.46,17.494,0.9994,0.9994,29,29,12,0,132,135,140,0.012789,0.018017,0.012573,1,1,1,2347.3
least_connections,3,162,1,14.532,17.245,0.9992,0.9992,29,29,13,0,132,135,141,0.012955,0.017722,0.012919,1,1,1,2347.3
least_connections,3,163,1,14.318,17.157,0.9991,0.9991,25,25,14,0,132,135,142,0.012567,0.017648,0.012739,1,1,1,2347.3
least_connections,3,164,1,14.434,17.311,0.9988,0.9988,25,25,15,0,132,135,143,0.012746,0.017818,0.012739,1,1,1,2347.3
least_connections,3,165,1,14.446,17.314,0.9989,0.9989,25,25,15,0,132,136,143,0.012746,0.017818,0.012774,1,1,1,2347.3
least_connections,3,166,10,14.304,17.353,0.9983,0.9983,25,25,17,0,134,139,148,0.012488,0.017888,0.012537,1,1,1,2347.3
least_connections,3,167,1,14.194,16.977,0.9985,0.9985,25,25,18,0,135,139,148,0.012625,0.017461,0.012495,1,1,1,2347.3
least_connections,3,168,1,14.349,17.332,0.9987,0.9987,19,19,19,0,136,139,148,0.012589,0.017858,0.012599,1,1,1,2347.3
least_connections,3,169,1,14.439,17.351,0.9989,0.9989,20,19,20,0,137,139,148,0.012918,0.017844,0.012555,1,1,1,2347.3
least_connections,3,170,1,14.335,17.32,0.9986,0.9986,20,19,20,0,137,139,149,0.012607,0.017844,0.012555,1,1,1,2347.3
least_connections,3,171,11,14.343,17.181,0.9992,0.9992,21,19,21,0,143,142,151,0.012607,0.017673,0.01275,1,1,1,2347.3
least_connections,3,172,1,14.603,17.39,0.999,0.999,23,11,23,0,143,142,152,0.013375,0.017836,0.012597,1,1,1,2347.3
least_connections,3,173,1,14.496,17.561,0.9991,0.9991,24,11,24,0,144,142,152,0.012548,0.018084,0.012855,1,1,1,2347.3
least_connections,3,174,1,14.39,17.398,0.9992,0.9992,25,11,25,0,145,142,152,0.012602,0.017926,0.012642,1,1,1,2347.3
least_connections,3,175,1,14.581,17.916,0.9992,0.9992,26,11,26,0,146,142,152,0.012607,0.018503,0.012633,1,1,1,2347.3
least_connections,3,176,11,14.581,17.916,0.9991,0.9991,26,11,26,0,150,145,156,0.012607,0.018503,0.012633,1,1,1,2347.3
least_connections,3,177,1,14.413,17.487,0.9991,0.9991,28,6,28,0,151,145,156,0.012598,0.018029,0.012612,1,1,1,2347.3
least_connections,3,178,1,14.396,17.283,0.9991,0.9991,29,6,29,0,152,145,156,0.012776,0.017784,0.012629,1,1,1,2347.3
least_connections,3,179,1,14.55,17.774,0.9991,0.9991,30,6,30,0,153,145,156,0.012491,0.018322,0.012838,1,1,1,2347.3
hash_based,1,0,0,16.01,25.447,1.0,1.0,0,0,0,0,0,0,0,0.012755,0.008418,0.026857,1,1,1,2336.4
hash_based,1,1,11,15.836,25.037,0.8963,0.8963,34,0,34,4,2,4,5,0.012706,0.008396,0.026407,1,1,1,2336.4
hash_based,1,2,1,15.934,25.022,0.8889,0.8889,34,0,34,5,2,5,5,0.012944,0.008495,0.026364,1,1,1,2336.4
hash_based,1,3,1,15.696,24.688,0.9548,0.9548,34,0,34,6,3,5,5,0.012576,0.008477,0.026034,1,1,1,2336.4
hash_based,1,4,11,15.884,24.719,0.9697,0.9697,34,0,34,6,9,6,9,0.012879,0.008738,0.026034,1,1,1,2336.4
hash_based,1,5,11,15.91,24.79,0.9259,0.9259,34,0,34,8,16,8,11,0.012879,0.008738,0.026114,1,1,1,2336.4
hash_based,1,6,1,15.715,24.774,0.9432,0.9432,34,0,34,10,16,9,11,0.012564,0.008449,0.026131,1,1,1,2336.4
hash_based,1,7,11,15.997,24.934,0.9452,0.9452,34,0,34,12,21,13,13,0.012618,0.00907,0.026303,1,1,1,2336.4
hash_based,1,8,11,15.752,24.83,0.9717,0.9717,34,0,34,14,24,17,17,0.012627,0.008443,0.026186,1,1,1,2336.4
hash_based,1,9,1,15.674,24.737,0.9645,0.9645,34,0,34,15,25,17,17,0.012526,0.008401,0.026094,1,1,1,2336.4
hash_based,1,10,1,15.674,24.737,0.9569,0.9569,34,0,34,15,26,17,17,0.012526,0.008401,0.026094,1,1,1,2336.4
hash_based,1,11,11,15.676,24.631,0.9652,0.9652,34,0,34,16,30,20,21,0.012639,0.008426,0.025963,1,1,1,2336.4
hash_based,1,12,1,16.337,25.822,0.9697,0.9697,34,0,34,18,30,21,21,0.013367,0.008439,0.027206,1,1,1,2336.4
hash_based,1,13,1,15.664,24.571,0.9733,0.9733,34,0,34,19,30,22,21,0.012687,0.008413,0.025891,1,1,1,2336.4
hash_based,1,14,11,15.759,24.934,0.9891,0.9891,34,0,34,21,32,27,25,0.012551,0.008416,0.02631,1,1,1,2336.4
hash_based,1,15,1,15.769,24.931,0.9899,0.9899,34,0,34,21,32,28,25,0.012521,0.008476,0.02631,1,1,1,2336.4
hash_based,1,16,1,15.734,24.837,0.9869,0.9869,34,0,34,22,33,28,25,0.012521,0.008476,0.026206,1,1,1,2336.4
hash_based,1,17,11,16.042,25.065,0.9922,0.9922,34,0,34,23,36,32,29,0.013383,0.008381,0.026363,1,1,1,2336.4
hash_based,1,18,11,16.028,24.908,0.9873,0.9873,34,0,34,25,41,36,31,0.012529,0.009272,0.026284,1,1,1,2336.4
hash_based,1,19,1,15.708,24.747,0.9874,0.9874,34,0,34,27,41,37,31,0.012589,0.008438,0.026098,1,1,1,2336.4
hash_based,1,20,11,15.454,24.127,0.9946,0.9946,34,0,34,29,43,41,36,0.012576,0.008375,0.02541,1,1,1,2336.4
hash_based,1,21,1,15.435,24.121,0.9942,0.9942,34,0,34,29,43,42,36,0.012521,0.008375,0.02541,1,1,1,2336.4
hash_based,1,22,1,15.657,24.685,0.9931,0.9931,34,0,34,30,44,42,36,0.012521,0.008412,0.026037,1,1,1,2336.4
hash_based,1,23,1,15.604,24.628,0.9917,0.9917,34,0,34,31,45,42,36,0.012436,0.008394,0.025983,1,1,1,2336.4
hash_based,1,24,7,15.807,24.821,0.9967,0.9967,34,0,34,32,46,44,40,0.012538,0.008698,0.026186,1,1,1,2336.4
hash_based,1,25,4,15.75,24.843,0.9966,0.9966,34,0,34,34,47,46,41,0.012634,0.008417,0.026199,1,1,1,2336.4
hash_based,1,26,11,15.917,24.88,0.9999,0.9999,34,0,34,34,49,48,48,0.013012,0.008539,0.026199,1,1,1,2336.4
hash_based,1,27,1,15.873,24.763,0.9999,0.9999,36,0,34,36,49,49,48,0.013012,0.008539,0.026069,1,1,1,2336.4
hash_based,1,28,11,15.804,24.981,0.9999,0.9999,38,0,33,38,52,53,52,0.01264,0.008419,0.026352,1,1,1,2336.4
hash_based,1,29,1,15.683,24.703,0.9997,0.9997,39,0,33,39,52,54,52,0.012574,0.008423,0.026051,1,1,1,2336.4
hash_based,1,30,1,15.656,24.459,0.9993,0.9992,40,0,33,40,52,55,52,0.012808,0.008406,0.025753,0,1,1,2336.4
hash_based,1,31,1,11.217,12.609,0.9995,0.9992,40,0,26,40,53,55,52,0.012612,0.00846,0.012579,0,1,1,2336.4
hash_based,1,32,1,11.221,12.619,0.9995,0.9992,40,0,26,40,54,55,52,0.012623,0.00846,0.012579,0,1,1,2336.4
hash_based,1,33,1,11.41,13.051,0.9998,0.9997,40,0,26,40,54,55,53,0.012623,0.008509,0.013099,0,1,1,2336.4
hash_based,1,34,1,11.274,12.593,0.9999,0.9999,40,0,26,40,54,55,54,0.012548,0.008675,0.012598,0,1,1,2336.4
hash_based,1,35,1,11.248,12.668,0.9997,0.9997,40,0,23,40,54,56,54,0.012671,0.008436,0.012638,0,1,1,2336.4
hash_based,1,36,1,11.559,12.79,0.9998,0.9997,40,0,23,40,55,56,54,0.012593,0.009272,0.012812,0,1,1,2336.4
hash_based,1,37,1,11.248,12.773,0.9997,0.9997,40,0,23,40,56,56,54,0.012587,0.008362,0.012794,0,1,1,2336.4
hash_based,1,38,1,11.244,12.772,0.9999,0.9999,40,0,23,40,56,56,55,0.012575,0.008362,0.012794,0,1,1,2336.4
hash_based,1,39,1,11.217,12.633,1.0,1.0,40,0,23,40,56,56,56,0.012575,0.008437,0.012639,0,1,1,2336.4
hash_based,1,40,1,11.202,12.596,0.9999,1.0,40,0,19,40,57,56,56,0.012547,0.008457,0.012601,0,1,1,2336.4
hash_based,1,41,1,11.166,12.57,0.9997,1.0,40,0,19,40,58,56,56,0.012572,0.008373,0.012554,0,1,1,2336.4
hash_based,1,42,1,11.179,12.574,0.9998,0.9999,40,0,19,40,58,56,57,0.012492,0.008463,0.012583,0,1,1,2336.4
hash_based,1,43,1,11.107,12.479,0.9995,0.9999,40,0,15,40,59,56,57,0.012366,0.008463,0.012491,0,1,1,2336.4
hash_based,1,44,1,11.107,12.479,0.9997,1.0,40,0,15,40,59,57,57,0.012366,0.008463,0.012491,0,1,1,2336.4
hash_based,1,45,1,11.263,12.621,0.9994,1.0,40,0,15,40,60,57,57,0.012629,0.008612,0.012549,0,1,1,2336.4
hash_based,1,46,1,11.323,12.803,0.999,1.0,40,0,15,40,61,57,57,0.01282,0.008498,0.012652,0,1,1,2336.4
hash_based,1,47,1,11.375,12.797,0.9992,0.9999,40,0,15,40,61,58,57,0.012602,0.008705,0.012819,0,1,1,2336.4
hash_based,1,48,1,11.177,12.562,0.9992,0.9997,40,0,11,40,61,59,57,0.012565,0.008436,0.012531,0,1,1,2336.4
hash_based,1,49,1,11.572,13.299,0.9988,0.9997,40,0,11,40,62,59,57,0.013377,0.008738,0.0126,0,1,1,2336.4
hash_based,1,50,1,11.572,13.299,0.9992,0.9999,40,0,11,40,62,59,58,0.013377,0.008738,0.0126,0,1,1,2336.4
hash_based,1,51,1,11.569,13.403,0.9993,0.9997,40,0,11,40,62,60,58,0.013484,0.008545,0.012678,0,1,1,2336.4
hash_based,1,52,1,11.25,12.627,0.9996,0.9999,40,0,6,40,62,60,59,0.012633,0.008546,0.01257,0,1,1,2336.4
hash_based,1,53,1,11.28,12.644,0.9992,0.9999,40,0,6,40,63,60,59,0.01266,0.008677,0.012503,0,1,1,2336.4
hash_based,1,54,1,11.213,12.623,0.9987,0.9999,40,0,6,40,64,60,59,0.012627,0.00843,0.012583,0,1,1,2336.4
hash_based,1,55,1,11.286,12.837,0.9991,1.0,40,0,2,40,64,60,60,0.012576,0.008416,0.012866,0,1,1,2336.4
hash_based,1,56,1,11.286,12.837,0.9985,1.0,40,0,2,40,65,60,60,0.012576,0.008416,0.012866,0,1,1,2336.4
hash_based,1,57,1,11.429,13.203,0.9979,1.0,40,0,2,40,66,60,60,0.013275,0.008457,0.012555,0,1,1,2336.4
hash_based,1,58,0,11.467,13.056,0.9979,1.0,40,0,2,40,66,60,60,0.0131,0.008645,0.012657,0,1,1,2336.4
hash_based,1,59,1,11.173,12.576,0.9972,1.0,40,0,2,40,67,60,60,0.012475,0.008456,0.012587,0,1,1,2336.4
hash_based,1,60,1,11.201,12.624,0.9976,0.9999,39,0,0,39,67,61,60,0.01252,0.008448,0.012636,0,1,1,2336.4
hash_based,1,61,1,11.201,12.624,0.9968,0.9999,39,0,0,39,68,61,60,0.01252,0.008448,0.012636,0,1,1,2336.4
hash_based,1,62,1,11.285,12.957,0.996,0.9999,39,0,0,39,69,61,60,0.012409,0.008428,0.013018,0,1,1,2336.4
hash_based,1,63,1,11.35,12.882,0.9965,1.0,39,0,0,39,69,61,61,0.012645,0.008496,0.012908,0,1,1,2336.4
hash_based,1,64,1,11.404,12.863,0.9956,1.0,34,0,0,34,70,61,61,0.012639,0.008684,0.012888,0,1,1,2336.4
hash_based,1,65,1,11.163,12.549,0.9961,0.9999,34,0,0,34,70,61,62,0.012508,0.008427,0.012553,0,1,1,2336.4
hash_based,1,66,1,11.666,13.871,0.9965,0.9997,34,0,0,34,70,61,63,0.014018,0.008427,0.012553,0,1,1,2336.4
hash_based,1,67,1,11.688,13.869,0.9967,0.9994,34,0,0,34,70,61,64,0.014018,0.008515,0.01253,0,1,1,2336.4
hash_based,1,68,1,11.478,13.349,0.9959,0.9994,28,0,0,28,71,61,64,0.013433,0.008405,0.012597,0,1,1,2336.4
hash_based,1,69,1,11.238,12.747,0.9966,0.9997,28,0,0,28,71,62,64,0.012514,0.008426,0.012773,0,1,1,2336.4
hash_based,1,70,1,11.157,12.543,0.9971,0.9999,28,0,0,28,71,63,64,0.01248,0.008441,0.01255,0,1,1,2336.4
hash_based,1,71,1,11.421,13.293,0.9963,0.9999,28,0,0,28,72,63,64,0.013385,0.008418,0.012461,0,1,1,2336.4
hash_based,1,72,1,11.133,12.515,0.9968,1.0,28,0,0,28,72,64,64,0.012521,0.008418,0.012461,0,1,1,2336.4
hash_based,1,73,1,11.135,12.516,0.9972,0.9999,23,0,0,23,72,64,65,0.012521,0.008414,0.012469,0,1,1,2336.4
hash_based,1,74,1,11.239,12.791,0.9975,0.9998,23,0,0,23,72,64,66,0.012567,0.008335,0.012816,0,1,1,2336.4
hash_based,1,75,1,11.185,12.569,0.9976,0.9995,23,0,0,23,72,64,67,0.012569,0.008416,0.012569,0,1,1,2336.4
hash_based,1,76,1,11.442,12.561,0.9981,0.9998,18,0,0,18,72,65,67,0.012525,0.009236,0.012565,0,1,1,2336.4
hash_based,1,77,1,11.152,12.549,0.9975,0.9998,18,0,0,18,73,65,67,0.012555,0.008407,0.012495,0,1,1,2336.4
hash_based,1,78,1,11.152,12.549,0.9977,0.9995,18,0,0,18,73,65,68,0.012555,0.008407,0.012495,0,1,1,2336.4
hash_based,1,79,1,11.298,12.652,0.9982,0.9998,18,0,0,18,73,66,68,0.012663,0.008675,0.012555,0,1,1,2336.4
hash_based,1,80,1,11.254,12.676,0.9976,0.9998,13,0,0,13,74,66,68,0.012651,0.008431,0.012679,0,1,1,2336.4
hash_based,1,81,1,11.159,12.564,0.9969,0.9998,13,0,0,13,75,66,68,0.012573,0.008417,0.012487,0,1,1,2336.4
hash_based,1,82,1,11.153,12.559,0.9974,0.9999,13,0,0,13,75,67,68,0.012527,0.00837,0.012562,0,1,1,2336.4
hash_based,1,83,1,11.148,12.553,0.9967,0.9999,13,0,0,13,76,67,68,0.012469,0.008414,0.012562,0,1,1,2336.4
hash_based,1,84,1,11.153,12.565,0.9972,1.0,13,0,0,13,76,68,68,0.012469,0.008414,0.012576,0,1,1,2336.4
hash_based,1,85,1,11.152,12.569,0.9964,1.0,9,0,0,9,77,68,68,0.012577,0.008379,0.012499,0,1,1,2336.4
hash_based,1,86,1,11.29,12.667,0.9968,0.9999,9,0,0,9,77,69,68,0.012578,0.008615,0.012677,0,1,1,2336.4
hash_based,1,87,1,11.506,12.626,0.9961,0.9999,9,0,0,9,78,69,68,0.012626,0.009268,0.012623,0,1,1,2336.4
hash_based,1,88,1,11.278,12.569,0.9964,0.9998,2,0,0,2,78,70,68,0.012574,0.008738,0.012522,0,1,1,2336.4
hash_based,1,89,1,11.48,12.591,0.9969,0.9999,2,0,0,2,78,70,69,0.012599,0.009318,0.012522,0,1,1,2336.4
hash_based,1,90,1,11.513,12.62,0.9973,0.9973,2,0,0,2,78,70,70,0.012599,0.009318,0.012622,1,1,1,2336.4
hash_based,1,91,1,17.502,28.897,0.9976,0.9976,2,1,0,2,78,70,71,0.030609,0.008406,0.013492,1,1,1,2336.4
hash_based,1,92,1,15.921,25.329,0.998,0.998,2,2,0,2,78,71,71,0.026749,0.008464,0.01255,1,1,1,2336.4
hash_based,1,93,1,15.824,25.119,0.9982,0.9982,3,3,0,0,78,72,71,0.026521,0.008445,0.012505,1,1,1,2336.4
hash_based,1,94,1,15.698,24.811,0.9984,0.9984,4,4,0,0,78,73,71,0.026181,0.008434,0.012479,1,1,1,2336.4
hash_based,1,95,11,15.698,24.811,0.9989,0.9989,4,4,0,0,80,79,74,0.026181,0.008434,0.012479,1,1,1,2336.4
hash_based,1,96,1,15.503,24.254,0.9992,0.9992,6,6,0,0,80,79,75,0.025558,0.008432,0.01252,1,1,1,2336.4
hash_based,1,97,0,15.841,25.056,0.9992,0.9992,7,7,0,0,80,79,75,0.026439,0.008471,0.012614,1,1,1,2336.4
hash_based,1,98,1,15.875,25.189,0.9991,0.9991,8,8,0,0,80,80,75,0.026581,0.008384,0.012661,1,1,1,2336.4
hash_based,1,99,1,15.718,24.73,0.9994,0.9994,9,9,0,0,80,80,76,0.026084,0.008525,0.012544,1,1,1,2336.4
hash_based,1,100,11,15.572,24.444,0.9992,0.9992,11,11,0,0,84,84,79,0.025766,0.008406,0.012544,1,1,1,2336.4
hash_based,1,101,1,15.684,24.477,0.999,0.999,11,11,0,0,84,85,79,0.025766,0.008406,0.01288,1,1,1,2336.4
hash_based,1,102,1,15.616,24.531,0.9987,0.9987,12,12,0,0,84,86,79,0.02586,0.00842,0.012567,1,1,1,2336.4
hash_based,1,103,1,15.781,24.939,0.9984,0.9984,13,13,0,0,84,87,79,0.026317,0.008487,0.012539,1,1,1,2336.4
hash_based,1,104,11,15.914,25.242,0.9989,0.9989,15,15,0,0,90,88,83,0.02665,0.008522,0.012569,1,1,1,2336.4
hash_based,1,105,1,15.91,25.296,0.9987,0.9987,16,16,0,0,90,89,83,0.026711,0.008457,0.012562,1,1,1,2336.4
hash_based,1,106,1,15.91,25.296,0.9986,0.9986,16,16,0,0,90,90,83,0.026711,0.008457,0.012562,1,1,1,2336.4
hash_based,1,107,1,15.915,24.611,0.999,0.999,17,17,0,0,90,90,84,0.025844,0.008387,0.013513,1,1,1,2336.4
hash_based,1,108,1,15.951,25.254,0.9993,0.9993,18,18,0,0,90,90,85,0.026641,0.008442,0.01277,1,1,1,2336.4
hash_based,1,109,11,15.886,25.227,0.9997,0.9997,20,20,0,0,92,94,90,0.026629,0.008422,0.012607,1,1,1,2336.4
hash_based,1,110,1,15.701,24.76,0.9995,0.9995,21,21,0,0,92,95,90,0.026118,0.008443,0.012542,1,1,1,2336.4
hash_based,1,111,11,15.636,24.611,0.9993,0.9993,23,23,0,0,96,99,93,0.025952,0.008414,0.012542,1,1,1,2336.4
hash_based,1,112,11,15.621,24.606,0.9989,0.9989,23,23,0,0,99,104,96,0.025952,0.008414,0.012496,1,1,1,2336.4
hash_based,1,113,11,15.673,24.692,0.999,0.999,25,25,0,0,101,108,101,0.026041,0.008429,0.01255,1,1,1,2336.4
hash_based,1,114,1,15.784,24.996,0.9987,0.9987,27,27,0,0,101,109,101,0.026378,0.008418,0.012556,1,1,1,2336.4
hash_based,1,115,1,15.771,24.725,0.9988,0.9988,28,28,0,0,101,109,102,0.026047,0.008442,0.012824,1,1,1,2336.4
hash_based,1,116,1,16.033,24.753,0.9989,0.9989,29,29,0,0,101,109,103,0.026087,0.009261,0.012751,1,1,1,2336.4
hash_based,1,117,1,16.033,24.753,0.9986,0.9986,29,29,0,0,101,110,103,0.026087,0.009261,0.012751,1,1,1,2336.4
hash_based,1,118,1,15.851,24.883,0.9987,0.9987,30,30,0,0,101,110,104,0.026252,0.008738,0.012562,1,1,1,2336.4
hash_based,1,119,11,15.722,24.779,0.9986,0.9986,31,31,0,0,104,114,108,0.026126,0.008387,0.012654,1,1,1,2336.4
hash_based,1,120,1,15.705,24.73,0.9986,0.9994,33,33,0,0,104,114,109,0.026075,0.008417,0.012622,1,0,1,2336.4
hash_based,1,121,1,11.267,12.614,0.9989,0.9997,33,33,0,0,105,114,109,0.012622,0.008634,0.012544,1,0,1,2336.4
hash_based,1,122,1,11.194,12.588,0.9986,0.9997,33,33,0,0,105,115,109,0.012593,0.008445,0.012544,1,0,1,2336.4
hash_based,1,123,1,11.18,12.584,0.9983,0.9997,33,33,0,0,105,116,109,0.012593,0.008445,0.012501,1,0,1,2336.4
hash_based,1,124,0,11.149,12.57,0.9983,0.9997,33,33,0,0,105,116,109,0.012482,0.008385,0.01258,1,0,1,2336.4
hash_based,1,125,1,11.206,12.58,0.9983,0.9995,33,33,0,0,105,116,110,0.012562,0.008475,0.012582,1,0,1,2336.4
hash_based,1,126,1,11.584,13.413,0.9986,0.9997,33,33,0,0,106,116,110,0.013473,0.008402,0.012876,1,0,1,2336.4
hash_based,1,127,1,11.178,12.562,0.9983,0.9997,33,33,0,0,106,117,110,0.012564,0.008422,0.012549,1,0,1,2336.4
hash_based,1,128,1,11.227,12.744,0.9986,0.9998,33,33,0,0,107,117,110,0.012766,0.008365,0.012549,1,0,1,2336.4
hash_based,1,129,1,11.206,12.738,0.9983,0.9998,33,33,0,0,107,118,110,0.012766,0.008365,0.012487,1,0,1,2336.4
hash_based,1,130,1,11.271,12.723,0.9985,0.9999,33,33,0,0,108,118,110,0.012738,0.008485,0.012589,1,0,1,2336.4
hash_based,1,131,1,11.192,12.575,0.9986,0.9998,33,33,0,0,108,118,111,0.01258,0.00846,0.012535,1,0,1,2336.4
hash_based,1,132,1,11.244,12.587,0.9988,0.9999,33,33,0,0,109,118,111,0.012597,0.008641,0.012494,1,0,1,2336.4
hash_based,1,133,1,11.215,12.607,0.9989,0.9998,33,33,0,0,109,118,112,0.012604,0.008435,0.012607,1,0,1,2336.4
hash_based,1,134,1,11.189,12.599,0.9991,0.9999,33,33,0,0,110,118,112,0.012526,0.008435,0.012607,1,0,1,2336.4
hash_based,1,135,1,11.162,12.55,0.9992,0.9998,33,33,0,0,110,118,113,0.012526,0.008407,0.012553,1,0,1,2336.4
hash_based,1,136,1,11.174,12.586,0.9989,0.9998,33,33,0,0,110,119,113,0.012597,0.008434,0.01249,1,0,1,2336.4
hash_based,1,137,1,11.33,12.711,0.999,0.9997,33,33,0,0,110,119,114,0.012726,0.008688,0.012576,1,0,1,2336.4
hash_based,1,138,1,11.209,12.607,0.9987,0.9997,33,33,0,0,110,120,114,0.012612,0.008451,0.012565,1,0,1,2336.4
hash_based,1,139,1,11.346,12.789,0.9987,0.9995,33,33,0,0,110,120,115,0.01279,0.008465,0.012782,1,0,1,2336.4
hash_based,1,140,1,11.473,13.133,0.999,0.9997,33,33,0,0,111,120,115,0.013172,0.008465,0.012782,1,0,1,2336.4
hash_based,1,141,1,11.41,13.114,0.9992,0.9998,33,33,0,0,112,120,115,0.013172,0.008469,0.012589,1,0,1,2336.4
hash_based,1,142,1,11.217,12.574,0.9992,0.9997,33,33,0,0,112,120,116,0.01255,0.008524,0.012577,1,0,1,2336.4
hash_based,1,143,1,11.455,13.549,0.9994,0.9998,33,33,0,0,113,120,116,0.012293,0.008382,0.013689,1,0,1,2336.4
hash_based,1,144,1,11.154,12.545,0.9992,0.9998,33,33,0,0,113,121,116,0.01255,0.008416,0.012496,1,0,1,2336.4
hash_based,1,145,1,11.244,12.645,0.999,0.9998,33,33,0,0,113,122,116,0.012655,0.008525,0.012553,1,0,1,2336.4
hash_based,1,146,1,11.244,12.645,0.9987,0.9998,33,33,0,0,113,123,116,0.012655,0.008525,0.012553,1,0,1,2336.4
hash_based,1,147,1,11.262,12.809,0.9988,0.9997,33,33,0,0,113,123,117,0.012833,0.00836,0.012592,1,0,1,2336.4
hash_based,1,148,1,11.271,12.581,0.9988,0.9995,33,33,0,0,113,123,118,0.012582,0.008654,0.012576,1,0,1,2336.4
hash_based,1,149,1,11.194,12.633,0.9986,0.9995,33,33,0,0,113,124,118,0.01265,0.008455,0.012476,1,0,1,2336.4
hash_based,1,150,1,11.163,12.568,0.9988,0.9988,33,33,0,0,114,124,118,0.012575,0.008412,0.012503,1,1,1,2336.4
hash_based,1,151,11,14.241,17.046,0.9989,0.9989,33,33,2,0,119,128,120,0.012603,0.01754,0.012579,1,1,1,2336.4
hash_based,1,152,1,14.241,17.046,0.9991,0.9991,33,33,2,0,120,128,120,0.012603,0.01754,0.012579,1,1,1,2336.4
hash_based,1,153,1,14.266,16.933,0.9992,0.9992,33,33,3,0,121,128,120,0.012781,0.017394,0.012624,1,1,1,2336.4
hash_based,1,154,1,14.223,17.024,0.9992,0.9992,30,30,4,0,122,128,120,0.012569,0.017518,0.012583,1,1,1,2336.4
hash_based,1,155,11,14.319,17.338,0.9988,0.9988,30,30,5,0,125,133,123,0.012589,0.017866,0.012503,1,1,1,2336.4
hash_based,1,156,1,14.662,18.023,0.9989,0.9989,30,30,7,0,126,133,123,0.012611,0.018607,0.012769,1,1,1,2336.4
hash_based,1,157,1,14.743,18.031,0.9991,0.9991,30,30,7,0,126,133,124,0.012852,0.018607,0.012769,1,1,1,2336.4
hash_based,1,158,1,14.426,17.39,0.9992,0.9992,30,30,8,0,126,133,125,0.012852,0.017894,0.012533,1,1,1,2336.4
hash_based,1,159,1,14.547,17.508,0.9993,0.9993,26,26,9,0,127,133,125,0.012482,0.01799,0.01317,1,1,1,2336.4
hash_based,1,160,1,14.301,17.295,0.9994,0.9994,26,26,10,0,127,133,126,0.012579,0.017819,0.012506,1,1,1,2336.4
hash_based,1,161,1,14.655,17.536,0.9995,0.9995,26,26,11,0,128,133,126,0.012537,0.017992,0.013435,1,1,1,2336.4
hash_based,1,162,1,14.332,17.339,0.9993,0.9993,21,21,12,0,128,134,126,0.012528,0.017865,0.012602,1,1,1,2336.4
hash_based,1,163,10,14.332,17.339,0.9996,0.9996,21,21,12,0,132,136,130,0.012528,0.017865,0.012602,1,1,1,2336.4
hash_based,1,164,1,14.338,17.387,0.9997,0.9997,21,21,14,0,133,136,130,0.012508,0.017921,0.012585,1,1,1,2336.4
hash_based,1,165,1,14.57,17.875,0.9998,0.9998,21,21,15,0,133,136,131,0.012697,0.01845,0.012563,1,1,1,2336.4
hash_based,1,166,1,14.576,17.128,0.9998,0.9998,17,17,16,0,133,136,132,0.013426,0.017539,0.012764,1,1,1,2336.4
hash_based,1,167,11,14.349,17.165,0.9997,0.9997,18,17,18,0,138,140,134,0.012722,0.017659,0.012665,1,1,1,2336.4
hash_based,1,168,1,14.352,17.367,0.9998,0.9998,19,17,19,0,138,140,135,0.012501,0.01789,0.012665,1,1,1,2336.4
hash_based,1,169,1,14.318,17.357,0.9999,0.9999,19,17,19,0,138,140,136,0.012501,0.01789,0.012563,1,1,1,2336.4
hash_based,1,170,11,14.293,17.311,0.9997,0.9997,20,17,20,0,141,145,139,0.012493,0.01784,0.012546,1,1,1,2336.4
hash_based,1,171,1,14.335,17.293,0.9998,0.9998,22,13,22,0,141,145,140,0.012613,0.017813,0.01258,1,1,1,2336.4
hash_based,1,172,1,14.419,17.587,0.9998,0.9998,23,13,23,0,142,145,140,0.012508,0.01814,0.01261,1,1,1,2336.4
hash_based,1,173,1,14.291,17.123,0.9998,0.9998,24,13,24,0,143,145,140,0.012613,0.017621,0.012639,1,1,1,2336.4
hash_based,1,174,1,14.267,17.123,0.9998,0.9998,24,6,24,0,144,145,140,0.01254,0.017621,0.012639,1,1,1,2336.4
hash_based,1,175,1,14.387,17.495,0.9997,0.9997,25,6,25,0,145,145,140,0.01254,0.018041,0.012581,1,1,1,2336.4
hash_based,1,176,11,14.516,17.244,0.9996,0.9996,26,6,26,0,149,149,143,0.012572,0.017683,0.013293,1,1,1,2336.4
hash_based,1,177,1,14.288,17.264,0.9997,0.9997,28,6,28,0,149,149,144,0.012525,0.017787,0.012553,1,1,1,2336.4
hash_based,1,178,1,14.368,17.33,0.9997,0.9997,29,3,29,0,150,149,144,0.012728,0.017841,0.012534,1,1,1,2336.4
hash_based,1,179,11,14.325,17.154,0.9998,0.9998,31,3,31,0,153,153,148,0.012599,0.017646,0.012729,1,1,1,2336.4
hash_based,2,0,0,15.756,24.84,1.0,1.0,0,0,0,0,0,0,0,0.012568,0.008497,0.026203,1,1,1,2636.0
hash_based,2,1,1,15.662,24.459,0.3333,0.3333,35,0,35,3,1,0,0,0.012783,0.008446,0.025756,1,1,1,2636.0
hash_based,2,2,1,15.736,24.828,0.6667,0.6667,35,0,35,4,1,1,0,0.012572,0.008446,0.02619,1,1,1,2636.0
hash_based,2,3,11,15.736,24.828,0.9235,0.9235,35,0,35,4,6,3,4,0.012572,0.008446,0.02619,1,1,1,2636.0
hash_based,2,4,1,15.615,24.449,0.8829,0.8829,35,0,35,6,7,3,4,0.012649,0.008435,0.02576,1,1,1,2636.0
hash_based,2,5,1,16.135,25.749,0.8427,0.8427,35,0,35,7,8,3,4,0.012781,0.008433,0.02719,1,1,1,2636.0
hash_based,2,6,11,15.834,24.82,0.8871,0.8871,35,0,35,9,13,7,6,0.012644,0.008685,0.026173,1,1,1,2636.0
hash_based,2,7,1,15.684,24.774,0.8648,0.8648,35,0,35,10,14,7,6,0.0125,0.008415,0.026138,1,1,1,2636.0
hash_based,2,8,1,15.799,24.807,0.843,0.843,35,0,35,10,15,7,6,0.012831,0.008427,0.026138,1,1,1,2636.0
hash_based,2,9,1,15.839,24.917,0.8626,0.8626,35,0,35,11,15,8,6,0.012831,0.008427,0.02626,1,1,1,2636.0
hash_based,2,10,1,15.976,25.218,0.8772,0.8772,35,0,35,12,15,9,6,0.012944,0.008402,0.026582,1,1,1,2636.0
hash_based,2,11,1,15.787,24.81,0.8588,0.8588,35,0,35,13,16,9,6,0.012606,0.00859,0.026166,1,1,1,2636.0
hash_based,2,12,1,15.996,25.48,0.8707,0.8707,35,0,35,14,16,10,6,0.012621,0.008458,0.026909,1,1,1,2636.0
hash_based,2,13,1,15.78,25.007,0.8541,0.8541,35,0,35,15,17,10,6,0.012529,0.008418,0.026393,1,1,1,2636.0
hash_based,2,14,11,15.78,25.007,0.9141,0.9141,35,0,35,15,21,11,12,0.012529,0.008418,0.026393,1,1,1,2636.0
hash_based,2,15,1,16.124,25.692,0.9259,0.9259,35,0,35,17,21,12,12,0.012766,0.008477,0.027128,1,1,1,2636.0
hash_based,2,16,11,15.663,24.585,0.9451,0.9451,35,0,35,18,25,16,15,0.012622,0.008454,0.025914,1,1,1,2636.0
hash_based,2,17,1,15.698,24.722,0.9508,0.9508,35,0,35,20,25,17,15,0.012599,0.008426,0.026069,1,1,1,2636.0
hash_based,2,18,1,15.816,25.026,0.9551,0.9551,35,0,35,21,25,18,15,0.012596,0.008444,0.026407,1,1,1,2636.0
hash_based,2,19,1,15.873,25.046,0.9472,0.9472,35,0,35,21,26,18,15,0.012798,0.008413,0.026407,1,1,1,2636.0
hash_based,2,20,11,15.73,24.661,0.9688,0.9688,35,0,35,22,29,19,22,0.012798,0.008413,0.025979,1,1,1,2636.0
hash_based,2,21,11,16.079,24.972,0.9656,0.9656,35,0,35,24,34,22,25,0.013191,0.008766,0.026281,1,1,1,2636.0
hash_based,2,22,1,15.788,24.99,0.9603,0.9603,35,0,35,26,35,22,25,0.012552,0.00844,0.026372,1,1,1,2636.0
hash_based,2,23,11,15.978,25.235,0.983,0.983,35,0,35,27,36,26,31,0.01287,0.008454,0.026609,1,1,1,2636.0
hash_based,2,24,1,15.958,25.478,0.9864,0.9864,35,0,35,29,36,27,31,0.012579,0.008383,0.026911,1,1,1,2636.0
hash_based,2,25,1,15.958,25.478,0.9834,0.9834,35,0,35,29,37,27,31,0.012579,0.008383,0.026911,1,1,1,2636.0
hash_based,2,26,11,15.673,24.63,0.9779,0.9779,35,0,35,30,42,29,35,0.012575,0.008475,0.02597,1,1,1,2636.0
hash_based,2,27,0,15.908,24.987,0.9779,0.9779,35,0,35,32,42,29,35,0.012533,0.008821,0.026371,1,1,1,2636.0
hash_based,2,28,1,15.724,24.815,0.9748,0.9748,35,0,35,33,43,29,35,0.012575,0.008423,0.026175,1,1,1,2636.0
hash_based,2,29,11,15.846,25.106,0.9804,0.9804,35,0,31,35,47,34,37,0.012608,0.008435,0.026495,1,1,1,2636.0
hash_based,2,30,1,15.81,24.99,0.9775,0.9982,36,0,31,36,48,34,37,0.012575,0.008487,0.026369,0,1,1,2636.0
hash_based,2,31,1,15.81,24.99,0.9788,0.9969,36,0,31,36,48,34,38,0.012575,0.008487,0.026369,0,1,1,2636.0
hash_based,2,32,1,11.55,13.434,0.9814,0.9983,36,0,31,36,48,35,38,0.01241,0.008691,0.013548,0,1,1,2636.0
hash_based,2,33,1,11.298,12.794,0.9836,0.9993,36,0,31,36,48,36,38,0.012808,0.008421,0.012665,0,1,1,2636.0
hash_based,2,34,1,11.306,12.788,0.9855,0.9998,36,0,26,36,48,37,38,0.012533,0.008568,0.012816,0,1,1,2636.0
hash_based,2,35,1,11.253,12.739,0.983,0.9998,36,0,26,36,49,37,38,0.012759,0.008441,0.012559,0,1,1,2636.0
hash_based,2,36,1,11.281,12.815,0.9803,0.9998,36,0,26,36,50,37,38,0.012843,0.008441,0.012559,0,1,1,2636.0
hash_based,2,37,1,11.273,12.807,0.9818,0.9993,36,0,26,36,50,37,39,0.012843,0.008492,0.012483,0,1,1,2636.0
hash_based,2,38,1,11.224,12.731,0.9791,0.9993,36,0,22,36,51,37,39,0.012513,0.008404,0.012755,0,1,1,2636.0
hash_based,2,39,1,11.146,12.55,0.9763,0.9993,36,0,22,36,52,37,39,0.012565,0.008463,0.012411,0,1,1,2636.0
hash_based,2,40,1,11.472,12.54,0.9785,0.9998,36,0,22,36,52,38,39,0.012526,0.009347,0.012542,0,1,1,2636.0
hash_based,2,41,1,11.233,12.735,0.9756,0.9998,36,0,22,36,53,38,39,0.012568,0.008379,0.012753,0,1,1,2636.0
hash_based,2,42,1,11.247,12.739,0.9727,0.9998,36,0,22,36,54,38,39,0.012609,0.008379,0.012753,0,1,1,2636.0
hash_based,2,43,1,11.228,12.608,0.9745,0.9993,36,0,18,36,54,38,40,0.012609,0.00847,0.012604,0,1,1,2636.0
hash_based,2,44,1,11.254,12.673,0.9767,0.9998,36,0,18,36,54,39,40,0.012683,0.008498,0.012582,0,1,1,2636.0
hash_based,2,45,1,11.261,12.701,0.9786,1.0,36,0,18,36,54,40,40,0.012591,0.008478,0.012713,0,1,1,2636.0
hash_based,2,46,1,11.162,12.59,0.9803,0.9998,36,0,13,36,54,40,41,0.012598,0.008371,0.012518,0,1,1,2636.0
hash_based,2,47,1,11.239,12.659,0.9777,0.9998,36,0,13,36,55,40,41,0.012647,0.008411,0.01266,0,1,1,2636.0
hash_based,2,48,1,11.214,12.651,0.9792,0.9994,36,0,13,36,55,40,42,0.012571,0.008411,0.01266,0,1,1,2636.0
hash_based,2,49,1,11.222,12.678,0.9766,0.9994,36,0,13,36,56,40,42,0.012571,0.008406,0.01269,0,1,1,2636.0
hash_based,2,50,1,11.166,12.611,0.9786,0.9999,36,0,10,36,56,41,42,0.012507,0.008367,0.012623,0,1,1,2636.0
hash_based,2,51,1,11.495,12.531,0.976,0.9999,36,0,10,36,57,41,42,0.012522,0.009432,0.012532,0,1,1,2636.0
hash_based,2,52,1,11.208,12.608,0.9733,0.9999,36,0,10,36,58,41,42,0.012544,0.008466,0.012615,0,1,1,2636.0
hash_based,2,53,1,11.257,12.582,0.9704,0.9999,36,0,10,36,59,41,42,0.012582,0.008609,0.012581,0,1,1,2636.0
hash_based,2,54,1,11.257,12.582,0.9722,0.9994,36,0,10,36,59,41,43,0.012582,0.008609,0.012581,0,1,1,2636.0
hash_based,2,55,1,11.179,12.531,0.9738,0.9988,36,0,4,36,59,41,44,0.012531,0.008476,0.012529,0,1,1,2636.0
hash_based,2,56,1,11.356,12.81,0.976,0.9995,36,0,4,36,59,42,44,0.012594,0.008639,0.012834,0,1,1,2636.0
hash_based,2,57,1,11.188,12.581,0.9733,0.9995,36,0,4,36,60,42,44,0.012584,0.008426,0.012553,0,1,1,2636.0
hash_based,2,58,1,11.178,12.546,0.9754,0.9999,36,0,0,36,60,43,44,0.012548,0.008458,0.012529,0,1,1,2636.0
hash_based,2,59,1,11.17,12.572,0.9769,0.9995,36,0,0,36,60,43,45,0.012577,0.008401,0.012531,0,1,1,2636.0
hash_based,2,60,1,11.17,12.572,0.9788,0.9999,36,0,0,36,60,44,45,0.012577,0.008401,0.012531,0,1,1,2636.0
hash_based,2,61,1,11.439,12.562,0.9763,0.9999,36,0,0,36,61,44,45,0.012564,0.009206,0.012548,0,1,1,2636.0
hash_based,2,62,1,11.144,12.55,0.9738,0.9999,36,0,0,36,62,44,45,0.012559,0.008409,0.012465,0,1,1,2636.0
hash_based,2,63,1,11.163,12.562,0.9756,1.0,33,0,0,33,62,45,45,0.012574,0.008459,0.012457,0,1,1,2636.0
hash_based,2,64,1,11.362,12.976,0.9731,1.0,33,0,0,33,63,45,45,0.012658,0.008418,0.013011,0,1,1,2636.0
hash_based,2,65,1,11.332,12.971,0.9748,0.9999,33,0,0,33,63,46,45,0.012607,0.008377,0.013011,0,1,1,2636.0
hash_based,2,66,1,11.163,12.597,0.9765,1.0,33,0,0,33,63,46,46,0.012607,0.008377,0.012506,0,1,1,2636.0
hash_based,2,67,1,11.523,12.674,0.9741,1.0,28,0,0,28,64,46,46,0.012606,0.00928,0.012682,0,1,1,2636.0
hash_based,2,68,0,11.331,12.916,0.9741,1.0,28,0,0,28,64,46,46,0.012568,0.00847,0.012955,0,1,1,2636.0
hash_based,2,69,1,11.176,12.562,0.9715,1.0,28,0,0,28,65,46,46,0.012562,0.008407,0.012559,0,1,1,2636.0
hash_based,2,70,1,11.686,12.988,0.9733,0.9999,24,0,0,24,65,46,47,0.01271,0.00933,0.013019,0,1,1,2636.0
hash_based,2,71,1,11.342,12.971,0.975,1.0,24,0,0,24,65,47,47,0.012541,0.008467,0.013019,0,1,1,2636.0
hash_based,2,72,1,11.112,12.52,0.9726,1.0,24,0,0,24,66,47,47,0.012541,0.008467,0.012329,0,1,1,2636.0
hash_based,2,73,1,11.178,12.581,0.9742,0.9999,24,0,0,24,66,48,47,0.012582,0.008377,0.012576,0,1,1,2636.0
hash_based,2,74,1,11.27,12.821,0.9759,1.0,24,0,0,24,66,48,48,0.012581,0.00838,0.012848,0,1,1,2636.0
hash_based,2,75,1,11.197,12.606,0.9735,1.0,20,0,0,20,67,48,48,0.012529,0.008446,0.012615,0,1,1,2636.0
hash_based,2,76,1,11.235,12.674,0.9751,0.9999,20,0,0,20,67,48,49,0.012687,0.008458,0.012561,0,1,1,2636.0
hash_based,2,77,1,11.27,12.789,0.9768,1.0,20,0,0,20,67,49,49,0.012814,0.008435,0.012561,0,1,1,2636.0
hash_based,2,78,1,11.265,12.787,0.9782,0.9999,20,0,0,20,67,49,50,0.012814,0.008435,0.012545,0,1,1,2636.0
hash_based,2,79,1,11.335,12.909,0.9795,0.9996,15,0,0,15,67,49,51,0.012522,0.00853,0.012952,0,1,1,2636.0
hash_based,2,80,1,11.068,12.397,0.981,0.9999,15,0,0,15,67,50,51,0.012389,0.008417,0.012398,0,1,1,2636.0
hash_based,2,81,1,11.57,12.723,0.9822,0.9996,15,0,0,15,67,50,52,0.012571,0.009398,0.01274,0,1,1,2636.0
hash_based,2,82,1,11.252,12.751,0.9836,0.9999,10,0,0,10,67,51,52,0.012587,0.008399,0.012769,0,1,1,2636.0
hash_based,2,83,1,11.239,12.747,0.9848,1.0,10,0,0,10,67,52,52,0.01255,0.008399,0.012769,0,1,1,2636.0
hash_based,2,84,1,11.491,12.568,0.9859,0.9999,10,0,0,10,67,53,52,0.01255,0.009353,0.01257,0,1,1,2636.0
hash_based,2,85,1,11.319,12.963,0.9842,0.9999,10,0,0,10,68,53,52,0.012521,0.008423,0.013012,0,1,1,2636.0
hash_based,2,86,1,11.252,12.709,0.9852,0.9996,10,0,0,10,68,54,52,0.012592,0.008441,0.012722,0,1,1,2636.0
hash_based,2,87,1,11.22,12.611,0.986,0.9992,5,0,0,5,68,55,52,0.012603,0.008446,0.012612,0,1,1,2636.0
hash_based,2,88,1,11.363,13.025,0.9873,0.9997,5,0,0,5,68,55,53,0.013073,0.008425,0.012591,0,1,1,2636.0
hash_based,2,89,1,11.143,12.573,0.9885,0.9999,5,0,0,5,68,55,54,0.012413,0.008425,0.012591,0,1,1,2636.0
hash_based,2,90,1,11.204,12.753,0.9869,0.9869,5,0,0,5,69,55,54,0.012413,0.008408,0.012791,1,1,1,2636.0
hash_based,2,91,1,17.322,28.367,0.9879,0.9879,1,1,0,0,69,55,55,0.030126,0.009304,0.012535,1,1,1,2636.0
hash_based,2,92,1,15.884,24.965,0.9888,0.9888,2,2,0,0,69,56,55,0.026304,0.008433,0.012916,1,1,1,2636.0
hash_based,2,93,1,15.695,24.647,0.9898,0.9898,3,3,0,0,69,56,56,0.025974,0.008411,0.0127,1,1,1,2636.0
hash_based,2,94,1,15.537,24.213,0.9906,0.9906,4,4,0,0,69,57,56,0.025492,0.008419,0.0127,1,1,1,2636.0
hash_based,2,95,11,15.471,24.193,0.9945,0.9945,4,4,0,0,71,60,62,0.025492,0.008419,0.012502,1,1,1,2636.0
hash_based,2,96,1,15.707,24.738,0.9949,0.9949,6,6,0,0,71,60,63,0.026083,0.008402,0.012637,1,1,1,2636.0
hash_based,2,97,1,15.636,24.363,0.9951,0.9951,7,7,0,0,71,60,64,0.025641,0.008408,0.01286,1,1,1,2636.0
hash_based,2,98,1,15.873,25.203,0.9953,0.9953,8,8,0,0,71,60,65,0.026601,0.0084,0.012618,1,1,1,2636.0
hash_based,2,99,1,15.678,24.616,0.9953,0.9953,9,9,0,0,71,60,66,0.025949,0.008463,0.012622,1,1,1,2636.0
hash_based,2,100,11,15.819,24.997,0.9905,0.9905,11,11,0,0,76,60,72,0.026372,0.008463,0.012622,1,1,1,2636.0
hash_based,2,101,11,16.151,25.012,0.9873,0.9873,11,11,0,0,82,62,75,0.026372,0.00931,0.01277,1,1,1,2636.0
hash_based,2,102,1,16.016,25.507,0.9863,0.9863,13,13,0,0,83,62,75,0.026936,0.008469,0.012642,1,1,1,2636.0
hash_based,2,103,10,15.945,25.462,0.9914,0.9914,15,15,0,0,84,67,79,0.026895,0.008377,0.012562,1,1,1,2636.0
hash_based,2,104,1,15.565,24.377,0.9912,0.9912,16,16,0,0,84,67,80,0.02569,0.008447,0.012558,1,1,1,2636.0
hash_based,2,105,1,15.797,25.042,0.9909,0.9909,17,17,0,0,84,67,81,0.026431,0.008423,0.012537,1,1,1,2636.0
hash_based,2,106,11,15.797,25.042,0.9938,0.9938,17,17,0,0,86,72,85,0.026431,0.008423,0.012537,1,1,1,2636.0
hash_based,2,107,11,15.628,24.73,0.9948,0.9948,19,19,0,0,89,76,89,0.026108,0.008451,0.012324,1,1,1,2636.0
hash_based,2,108,1,15.53,24.207,0.9944,0.9944,21,21,0,0,89,76,90,0.025492,0.008461,0.012638,1,1,1,2636.0
hash_based,2,109,1,15.965,25.228,0.994,0.994,22,22,0,0,89,76,91,0.026601,0.008422,0.012871,1,1,1,2636.0
hash_based,2,110,1,15.909,24.973,0.9948,0.9948,23,23,0,0,89,77,91,0.026354,0.008823,0.012549,1,1,1,2636.0
hash_based,2,111,1,15.792,24.658,0.9956,0.9956,24,24,0,0,89,78,91,0.026003,0.008823,0.012549,1,1,1,2636.0
hash_based,2,112,1,15.626,24.648,0.9963,0.9963,24,24,0,0,89,79,91,0.026003,0.008419,0.012457,1,1,1,2636.0
hash_based,2,113,1,16.006,24.8,0.9959,0.9959,25,25,0,0,89,79,92,0.026152,0.009236,0.01263,1,1,1,2636.0
hash_based,2,114,1,16.402,26.578,0.9954,0.9954,26,26,0,0,89,79,93,0.02814,0.008547,0.012518,1,1,1,2636.0
hash_based,2,115,1,15.801,25.028,0.9961,0.9961,27,27,0,0,89,80,93,0.026412,0.00842,0.012571,1,1,1,2636.0
hash_based,2,116,11,15.941,25.242,0.9954,0.9954,29,29,0,0,92,83,98,0.02663,0.00844,0.012754,1,1,1,2636.0
hash_based,2,117,11,15.941,25.242,0.9985,0.9985,29,29,0,0,95,90,99,0.02663,0.00844,0.012754,1,1,1,2636.0
hash_based,2,118,11,15.648,24.64,0.9975,0.9975,31,31,0,0,99,92,104,0.025983,0.008413,0.012549,1,1,1,2636.0
hash_based,2,119,1,16.105,25.03,0.9971,0.9971,33,33,0,0,99,92,105,0.026304,0.008452,0.01356,1,1,1,2636.0
hash_based,2,120,1,16.06,24.795,0.9967,0.9988,34,34,0,0,99,92,106,0.026136,0.009318,0.012727,1,0,1,2636.0
hash_based,2,121,1,11.168,12.563,0.9971,0.9988,34,34,0,0,99,93,106,0.012536,0.008402,0.012566,1,0,1,2636.0
hash_based,2,122,1,11.343,13.028,0.9972,0.9992,34,34,0,0,100,93,106,0.013079,0.008385,0.012566,1,0,1,2636.0
hash_based,2,123,1,11.718,13.629,0.9971,0.9994,34,34,0,0,101,93,106,0.013079,0.008385,0.01369,1,0,1,2636.0
hash_based,2,124,1,11.221,12.634,0.9971,0.9996,34,34,0,0,102,93,106,0.01264,0.00844,0.012582,1,0,1,2636.0
hash_based,2,125,1,11.307,12.795,0.9975,0.9996,34,34,0,0,102,94,106,0.012806,0.008422,0.012692,1,0,1,2636.0
hash_based,2,126,1,11.169,12.566,0.9972,0.9994,34,34,0,0,102,94,107,0.012509,0.008427,0.012572,1,0,1,2636.0
hash_based,2,127,1,11.417,13.033,0.9971,0.9996,34,34,0,0,103,94,107,0.013066,0.008453,0.012733,1,0,1,2636.0
hash_based,2,128,1,11.237,12.712,0.9976,0.9996,34,34,0,0,103,95,107,0.012524,0.008453,0.012733,1,0,1,2636.0
hash_based,2,129,1,11.182,12.559,0.998,0.9996,34,34,0,0,103,96,107,0.012524,0.00846,0.012563,1,0,1,2636.0
hash_based,2,130,1,11.212,12.602,0.9977,0.9994,34,34,0,0,103,96,108,0.012592,0.00844,0.012603,1,0,1,2636.0
hash_based,2,131,1,11.41,12.741,0.9973,0.9992,34,34,0,0,103,96,109,0.012691,0.008793,0.012746,1,0,1,2636.0
hash_based,2,132,1,11.2,12.61,0.9969,0.9989,34,34,0,0,103,96,110,0.012553,0.00843,0.012616,1,0,1,2636.0
hash_based,2,133,1,11.286,12.609,0.9969,0.9992,34,34,0,0,104,96,110,0.012614,0.008677,0.012568,1,0,1,2636.0
hash_based,2,134,1,11.713,13.761,0.9965,0.9989,34,34,0,0,104,96,111,0.013893,0.008677,0.012568,1,0,1,2636.0
hash_based,2,135,0,12.129,13.874,0.9965,0.9989,34,34,0,0,104,96,111,0.013893,0.008794,0.013699,1,0,1,2636.0
hash_based,2,136,1,11.651,13.3,0.9961,0.9986,34,34,0,0,104,96,112,0.013206,0.008436,0.01331,1,0,1,2636.0
hash_based,2,137,1,11.235,12.623,0.9956,0.9983,34,34,0,0,104,96,113,0.012623,0.008459,0.012623,1,0,1,2636.0
hash_based,2,138,1,11.153,12.628,0.9951,0.9979,34,34,0,0,104,96,114,0.01239,0.008413,0.012655,1,0,1,2636.0
hash_based,2,139,1,11.202,12.623,0.9951,0.9983,34,34,0,0,105,96,114,0.012487,0.008481,0.012638,1,0,1,2636.0
hash_based,2,140,1,11.243,12.635,0.9957,0.9983,34,34,0,0,105,97,114,0.012611,0.008481,0.012638,1,0,1,2636.0
hash_based,2,141,1,11.272,12.726,0.9962,0.9983,34,34,0,0,105,98,114,0.012611,0.008466,0.012739,1,0,1,2636.0
hash_based,2,142,1,11.204,12.603,0.9962,0.9987,34,34,0,0,106,98,114,0.012563,0.008442,0.012607,1,0,1,2636.0
hash_based,2,143,1,11.195,12.605,0.9967,0.9987,34,34,0,0,106,99,114,0.012615,0.008456,0.012513,1,0,1,2636.0
hash_based,2,144,1,11.231,12.778,0.9962,0.9983,34,34,0,0,106,99,115,0.012811,0.008401,0.01248,1,0,1,2636.0
hash_based,2,145,1,11.392,13.116,0.9967,0.9983,34,34,0,0,106,100,115,0.012525,0.008468,0.013182,1,0,1,2636.0
hash_based,2,146,1,11.392,13.116,0.9971,0.9983,34,34,0,0,106,101,115,0.012525,0.008468,0.013182,1,0,1,2636.0
hash_based,2,147,1,11.188,12.604,0.9967,0.998,34,34,0,0,106,101,116,0.012605,0.008363,0.012597,1,0,1,2636.0
hash_based,2,148,1,11.147,12.551,0.997,0.998,34,34,0,0,106,102,116,0.012554,0.008363,0.012524,1,0,1,2636.0
hash_based,2,149,1,11.266,12.559,0.9971,0.9984,34,34,0,0,107,102,116,0.012561,0.008697,0.012539,1,0,1,2636.0
hash_based,2,150,1,11.692,13.439,0.9972,0.9972,34,34,0,0,108,102,116,0.013213,0.008398,0.013464,1,1,1,2636.0
hash_based,2,151,1,15.675,20.294,0.9973,0.9973,34,34,1,0,109,102,116,0.013387,0.021061,0.012578,1,1,1,2636.0
hash_based,2,152,1,15.675,20.294,0.9969,0.9969,34,34,1,0,109,102,117,0.013387,0.021061,0.012578,1,1,1,2636.0
hash_based,2,153,1,14.331,17.349,0.9964,0.9964,32,32,2,0,109,102,118,0.012602,0.017877,0.012514,1,1,1,2636.0
hash_based,2,154,11,14.256,17.11,0.9981,0.9981,32,32,3,0,112,108,120,0.012587,0.017612,0.01257,1,1,1,2636.0
hash_based,2,155,11,14.207,17.037,0.9982,0.9982,32,32,6,0,117,111,123,0.012556,0.017535,0.012531,1,1,1,2636.0
hash_based,2,156,11,14.652,17.539,0.9993,0.9993,28,28,8,0,120,117,125,0.012607,0.018005,0.013343,1,1,1,2636.0
hash_based,2,157,11,14.776,17.539,0.9998,0.9998,28,28,8,0,126,122,125,0.012981,0.018005,0.013343,1,1,1,2636.0
hash_based,2,158,11,14.375,17.089,0.9999,0.9999,28,28,10,0,129,126,129,0.012981,0.017545,0.012598,1,1,1,2636.0
hash_based,2,159,1,14.421,17.538,0.9998,0.9998,28,28,12,0,129,126,130,0.012625,0.018084,0.012555,1,1,1,2636.0
hash_based,2,160,1,14.31,17.189,0.9998,0.9998,28,28,13,0,130,126,130,0.012571,0.017692,0.012667,1,1,1,2636.0
hash_based,2,161,11,14.684,17.457,0.9998,0.9998,25,25,14,0,135,130,132,0.013577,0.017888,0.012586,1,1,1,2636.0
hash_based,2,162,1,14.295,17.278,0.9998,0.9998,25,25,16,0,135,130,133,0.01259,0.017799,0.012495,1,1,1,2636.0
hash_based,2,163,11,14.295,17.278,0.9996,0.9996,25,25,16,0,140,135,134,0.01259,0.017799,0.012495,1,1,1,2636.0
hash_based,2,164,1,14.443,17.301,0.9997,0.9997,25,25,18,0,140,135,135,0.012588,0.017784,0.012956,1,1,1,2636.0
hash_based,2,165,1,14.325,17.273,0.9998,0.9998,19,18,19,0,140,135,136,0.012428,0.017773,0.012774,1,1,1,2636.0
hash_based,2,166,0,14.321,17.374,0.9998,0.9998,20,18,20,0,140,135,136,0.012527,0.017913,0.012522,1,1,1,2636.0
hash_based,2,167,1,14.427,17.278,0.9998,0.9998,21,18,21,0,140,135,137,0.012962,0.017758,0.01256,1,1,1,2636.0
hash_based,2,168,1,14.393,17.314,0.9998,0.9998,22,13,22,0,140,135,138,0.012803,0.017815,0.01256,1,1,1,2636.0
hash_based,2,169,1,14.69,17.379,0.9998,0.9998,22,13,22,0,140,135,139,0.012803,0.017815,0.013452,1,1,1,2636.0
hash_based,2,170,1,14.351,17.327,0.9997,0.9997,23,13,23,0,140,135,140,0.012588,0.01785,0.012615,1,1,1,2636.0
hash_based,2,171,11,15.001,17.956,0.9997,0.9997,25,13,25,0,145,139,142,0.013373,0.018465,0.013165,1,1,1,2636.0
hash_based,2,172,1,14.707,17.611,0.9996,0.9996,26,13,26,0,146,139,142,0.013454,0.018073,0.012594,1,1,1,2636.0
hash_based,2,173,1,14.538,17.758,0.9995,0.9995,27,10,27,0,147,139,142,0.012742,0.018315,0.012557,1,1,1,2636.0
hash_based,2,174,1,14.497,17.745,0.9993,0.9993,27,10,27,0,148,139,142,0.01262,0.018315,0.012557,1,1,1,2636.0
hash_based,2,175,1,14.427,17.591,0.9991,0.9991,28,10,28,0,149,139,142,0.01262,0.018143,0.012519,1,1,1,2636.0
hash_based,2,176,1,14.357,17.363,0.999,0.999,29,10,29,0,150,139,142,0.012613,0.017891,0.012566,1,1,1,2636.0
hash_based,2,177,1,14.285,17.201,0.999,0.999,30,5,30,0,150,139,143,0.012562,0.017715,0.012578,1,1,1,2636.0
hash_based,2,178,11,14.337,17.306,0.9997,0.9997,32,5,32,0,151,145,147,0.012613,0.017828,0.01257,1,1,1,2636.0
hash_based,2,179,1,14.495,17.466,0.9997,0.9997,33,5,33,0,151,145,148,0.012947,0.017968,0.01257,1,1,1,2636.0
hash_based,3,0,0,15.957,25.139,1.0,1.0,0,0,0,0,0,0,0,0.012978,0.008402,0.02649,1,1,1,2489.4
hash_based,3,1,11,16.109,24.82,0.8963,0.8963,36,0,36,4,2,5,4,0.012919,0.009267,0.026142,1,1,1,2489.4
hash_based,3,2,11,15.587,24.275,0.949,0.949,36,0,36,6,5,9,8,0.01278,0.008429,0.025552,1,1,1,2489.4
hash_based,3,3,11,15.604,24.256,0.938,0.938,36,0,36,6,7,13,13,0.012595,0.008664,0.025552,1,1,1,2489.4
hash_based,3,4,1,15.772,24.712,0.9308,0.9308,36,0,36,8,7,14,13,0.012595,0.008664,0.026058,1,1,1,2489.4
hash_based,3,5,1,15.844,24.515,0.9518,0.9518,36,0,36,9,8,14,13,0.012601,0.009093,0.025839,1,1,1,2489.4
hash_based,3,6,1,15.866,25.071,0.9686,0.9686,36,0,36,10,9,14,13,0.012616,0.008526,0.026455,1,1,1,2489.4
hash_based,3,7,1,15.824,25.096,0.9607,0.9607,36,0,36,11,9,15,13,0.012547,0.008436,0.02649,1,1,1,2489.4
hash_based,3,8,11,16.151,24.932,0.9771,0.9771,36,0,36,13,13,19,16,0.013915,0.008383,0.026156,1,1,1,2489.4
hash_based,3,9,1,15.698,24.796,0.9844,0.9844,36,0,36,13,14,19,16,0.012555,0.008383,0.026156,1,1,1,2489.4
hash_based,3,10,11,15.615,24.509,0.995,0.995,36,0,36,14,18,21,21,0.012555,0.008452,0.025837,1,1,1,2489.4
hash_based,3,11,1,15.585,24.435,0.9979,0.9979,36,0,36,16,19,21,21,0.01255,0.00845,0.025756,1,1,1,2489.4
hash_based,3,12,1,15.899,25.294,0.9964,0.9964,36,0,36,17,19,22,21,0.012541,0.008446,0.026711,1,1,1,2489.4
hash_based,3,13,1,15.984,25.302,0.994,0.994,36,0,36,18,19,23,21,0.012814,0.00845,0.026689,1,1,1,2489.4
hash_based,3,14,1,16.094,24.959,0.9966,0.9966,36,0,36,19,20,23,21,0.012641,0.009313,0.026328,1,1,1,2489.4
hash_based,3,15,11,16.094,24.959,0.9989,0.9989,36,0,36,19,24,25,26,0.012641,0.009313,0.026328,1,1,1,2489.4
hash_based,3,16,11,15.696,24.765,0.9989,0.9989,36,0,36,21,28,28,30,0.012557,0.008408,0.026122,1,1,1,2489.4
hash_based,3,17,1,15.701,24.733,0.9992,0.9992,36,0,36,23,29,28,30,0.012519,0.008493,0.02609,1,1,1,2489.4
hash_based,3,18,1,15.689,24.725,0.9997,0.9997,36,0,36,24,29,29,30,0.012592,0.008401,0.026073,1,1,1,2489.4
hash_based,3,19,1,15.696,24.701,0.9997,0.9997,36,0,36,25,29,30,30,0.0126,0.008443,0.026046,1,1,1,2489.4
hash_based,3,20,1,15.67,24.697,0.9993,0.9993,36,0,36,25,29,31,30,0.012554,0.008409,0.026046,1,1,1,2489.4
hash_based,3,21,11,15.842,25.162,0.9986,0.9986,36,0,36,26,34,32,35,0.012554,0.008409,0.026563,1,1,1,2489.4
hash_based,3,22,1,15.835,25.093,0.9994,0.9994,36,0,36,28,34,33,35,0.012507,0.008507,0.026491,1,1,1,2489.4
hash_based,3,23,11,15.59,24.457,0.9998,0.9998,36,0,36,29,38,37,38,0.012574,0.008418,0.025777,1,1,1,2489.4
hash_based,3,24,1,16.026,25.439,0.9995,0.9995,36,0,36,31,39,37,38,0.012753,0.008476,0.026849,1,1,1,2489.4
hash_based,3,25,1,15.866,24.405,0.9998,0.9998,36,0,36,32,39,38,38,0.013434,0.008541,0.025624,1,1,1,2489.4
hash_based,3,26,1,15.67,24.346,0.9999,0.9999,36,0,36,32,39,39,38,0.012845,0.008541,0.025624,1,1,1,2489.4
hash_based,3,27,0,15.812,24.789,0.9999,0.9999,36,0,36,33,39,39,38,0.012845,0.008474,0.026116,1,1,1,2489.4
hash_based,3,28,1,15.89,25.255,0.9996,0.9996,34,0,34,34,40,39,38,0.012602,0.008408,0.026661,1,1,1,2489.4
hash_based,3,29,1,15.906,24.98,0.999,0.999,35,0,34,35,41,39,38,0.012976,0.008427,0.026314,1,1,1,2489.4
hash_based,3,30,11,15.692,24.758,0.9953,0.9994,37,0,34,37,47,42,40,0.012555,0.008406,0.026114,0,1,1,2489.4
hash_based,3,31,1,11.176,12.603,0.9956,0.9987,37,0,34,37,47,43,40,0.012529,0.008387,0.012611,0,1,1,2489.4
hash_based,3,32,1,11.176,12.603,0.9957,0.9977,37,0,34,37,47,44,40,0.012529,0.008387,0.012611,0,1,1,2489.4
hash_based,3,33,1,11.463,12.882,0.9969,0.9988,37,0,27,37,47,44,41,0.012604,0.008871,0.012913,0,1,1,2489.4
hash_based,3,34,1,11.193,12.607,0.9958,0.9988,37,0,27,37,48,44,41,0.012556,0.008411,0.012613,0,1,1,2489.4
hash_based,3,35,1,11.581,13.322,0.9959,0.9978,37,0,27,37,48,45,41,0.013359,0.008393,0.012992,0,1,1,2489.4
hash_based,3,36,1,11.196,12.569,0.997,0.9988,37,0,21,37,48,45,42,0.012565,0.008453,0.012569,0,1,1,2489.4
hash_based,3,37,1,11.239,12.731,0.996,0.9988,37,0,21,37,49,45,42,0.012749,0.008399,0.012569,0,1,1,2489.4
hash_based,3,38,1,11.456,13.174,0.9961,0.9979,37,0,21,37,49,46,42,0.012749,0.008399,0.013221,0,1,1,2489.4
hash_based,3,39,1,11.426,13.253,0.995,0.9979,37,0,21,37,50,46,42,0.01254,0.008405,0.013332,0,1,1,2489.4
hash_based,3,40,1,11.222,12.603,0.9962,0.9989,37,0,21,37,50,46,43,0.01261,0.008515,0.012541,0,1,1,2489.4
hash_based,3,41,1,11.194,12.606,0.9962,0.998,37,0,17,37,50,47,43,0.012606,0.008374,0.012602,0,1,1,2489.4
hash_based,3,42,1,11.203,12.611,0.9961,0.997,37,0,17,37,50,48,43,0.012614,0.008414,0.01258,0,1,1,2489.4
hash_based,3,43,1,11.379,13.079,0.9972,0.9981,37,0,17,37,50,48,44,0.013134,0.008424,0.01258,0,1,1,2489.4
hash_based,3,44,1,11.384,13.08,0.997,0.9971,37,0,17,37,50,49,44,0.013134,0.008424,0.012593,0,1,1,2489.4
hash_based,3,45,1,11.597,13.428,0.998,0.9982,37,0,13,37,50,49,45,0.013493,0.008452,0.012847,0,1,1,2489.4
hash_based,3,46,1,11.635,13.305,0.9988,0.999,37,0,13,37,50,49,46,0.013323,0.00844,0.013143,0,1,1,2489.4
hash_based,3,47,1,11.388,13.118,0.9985,0.9983,37,0,13,37,50,50,46,0.012582,0.008405,0.013178,0,1,1,2489.4
hash_based,3,48,1,11.157,12.524,0.9981,0.9974,37,0,9,37,50,51,46,0.012506,0.008438,0.012526,0,1,1,2489.4
hash_based,3,49,1,11.177,12.597,0.9974,0.9963,37,0,9,37,50,52,46,0.012605,0.008401,0.012526,0,1,1,2489.4
hash_based,3,50,1,11.157,12.591,0.9983,0.9975,37,0,9,37,50,52,47,0.012605,0.008401,0.012466,0,1,1,2489.4
hash_based,3,51,1,11.26,12.712,0.9989,0.9984,37,0,9,37,50,52,48,0.012577,0.008476,0.012727,0,1,1,2489.4
hash_based,3,52,1,11.23,12.704,0.9983,0.9976,37,0,9,37,50,53,48,0.012548,0.00842,0.012721,0,1,1,2489.4
hash_based,3,53,1,11.351,12.694,0.9989,0.9985,37,0,5,37,50,53,49,0.01271,0.008795,0.012547,0,1,1,2489.4
hash_based,3,54,1,11.778,13.547,0.999,0.9985,37,0,5,37,51,53,49,0.013329,0.008433,0.013571,0,1,1,2489.4
hash_based,3,55,1,11.557,13.481,0.9984,0.9976,37,0,5,37,51,54,49,0.012667,0.008433,0.013571,0,1,1,2489.4
hash_based,3,56,1,11.218,12.65,0.9977,0.9967,37,0,5,37,51,55,49,0.012667,0.008486,0.012502,0,1,1,2489.4
hash_based,3,57,1,11.168,12.617,0.9983,0.9977,37,0,1,37,51,55,50,0.012638,0.008437,0.012428,0,1,1,2489.4
hash_based,3,58,1,11.201,12.57,0.9985,0.9977,37,0,1,37,52,55,50,0.012571,0.008467,0.012564,0,1,1,2489.4
hash_based,3,59,1,11.499,13.28,0.9985,0.9977,37,0,1,37,53,55,50,0.012658,0.00849,0.013349,0,1,1,2489.4
hash_based,3,60,1,11.297,12.802,0.9983,0.9977,35,0,0,35,54,55,50,0.012822,0.00845,0.01262,0,1,1,2489.4
hash_based,3,61,1,11.297,12.802,0.9981,0.9977,35,0,0,35,55,55,50,0.012822,0.00845,0.01262,0,1,1,2489.4
hash_based,3,62,1,11.56,13.619,0.9976,0.9977,35,0,0,35,56,55,50,0.013735,0.008366,0.012579,0,1,1,2489.4
hash_based,3,63,1,11.199,12.553,0.9984,0.9986,35,0,0,35,56,55,51,0.012497,0.00854,0.012559,0,1,1,2489.4
hash_based,3,64,1,11.203,12.646,0.999,0.9992,35,0,0,35,56,55,52,0.012656,0.008394,0.01256,0,1,1,2489.4
hash_based,3,65,1,11.627,13.328,0.9986,0.9992,29,0,0,29,57,55,52,0.013354,0.00843,0.013097,0,1,1,2489.4
hash_based,3,66,1,11.197,12.592,0.9985,0.9986,29,0,0,29,57,56,52,0.012571,0.008426,0.012594,0,1,1,2489.4
hash_based,3,67,0,11.197,12.592,0.9985,0.9986,29,0,0,29,57,56,52,0.012571,0.008426,0.012594,0,1,1,2489.4
hash_based,3,68,1,11.132,12.515,0.9991,0.9992,29,0,0,29,57,56,53,0.012487,0.008391,0.012518,0,1,1,2489.4
hash_based,3,69,1,11.23,12.661,0.9986,0.9992,24,0,0,24,58,56,53,0.012567,0.008453,0.012671,0,1,1,2489.4
hash_based,3,70,1,11.316,12.91,0.9981,0.9992,24,0,0,24,59,56,53,0.012568,0.008432,0.012948,0,1,1,2489.4
hash_based,3,71,1,11.205,12.566,0.998,0.9987,24,0,0,24,59,57,53,0.01255,0.008496,0.012568,0,1,1,2489.4
hash_based,3,72,1,11.167,12.553,0.9979,0.998,24,0,0,24,59,58,53,0.01253,0.008414,0.012556,0,1,1,2489.4
hash_based,3,73,1,11.167,12.553,0.9973,0.998,24,0,0,24,60,58,53,0.01253,0.008414,0.012556,0,1,1,2489.4
hash_based,3,74,1,11.34,12.775,0.9981,0.9987,20,0,0,20,60,58,54,0.01249,0.008723,0.012807,0,1,1,2489.4
hash_based,3,75,1,11.855,13.451,0.9987,0.9993,20,0,0,20,60,58,55,0.013463,0.00876,0.013342,0,1,1,2489.4
hash_based,3,76,1,11.264,12.626,0.9992,0.9997,20,0,0,20,60,58,56,0.012551,0.008607,0.012634,0,1,1,2489.4
hash_based,3,77,1,11.294,12.801,0.9988,0.9997,15,0,0,15,61,58,56,0.012609,0.008452,0.012822,0,1,1,2489.4
hash_based,3,78,1,11.225,12.62,0.9992,0.9999,15,0,0,15,61,58,57,0.012621,0.008445,0.01261,0,1,1,2489.4
hash_based,3,79,1,11.225,12.62,0.9994,1.0,15,0,0,15,61,58,58,0.012621,0.008445,0.01261,0,1,1,2489.4
hash_based,3,80,1,11.26,12.681,0.9996,0.9999,15,0,0,15,61,58,59,0.012689,0.008486,0.012606,0,1,1,2489.4
hash_based,3,81,1,11.257,12.835,0.9998,1.0,11,0,0,11,61,59,59,0.012571,0.008337,0.012864,0,1,1,2489.4
hash_based,3,82,1,11.278,12.788,0.9998,0.9999,11,0,0,11,61,59,60,0.012586,0.008437,0.01281,0,1,1,2489.4
hash_based,3,83,1,11.199,12.668,0.9998,0.9997,11,0,0,11,61,59,61,0.012682,0.00837,0.012544,0,1,1,2489.4
hash_based,3,84,1,11.462,13.422,0.9999,0.9999,11,0,0,11,61,60,61,0.01352,0.008321,0.012544,0,1,1,2489.4
hash_based,3,85,1,11.77,13.515,1.0,1.0,11,0,0,11,61,61,61,0.01352,0.008321,0.013468,0,1,1,2489.4
hash_based,3,86,1,11.307,12.841,0.9999,0.9999,6,0,0,6,61,62,61,0.012866,0.008442,0.012613,0,1,1,2489.4
hash_based,3,87,1,11.214,12.597,0.9999,0.9999,6,0,0,6,62,62,61,0.012578,0.008464,0.012599,0,1,1,2489.4
hash_based,3,88,1,11.473,13.26,0.9998,0.9999,6,0,0,6,63,62,61,0.012631,0.008457,0.01333,0,1,1,2489.4
hash_based,3,89,1,11.162,12.587,0.9998,0.9997,3,0,0,3,63,63,61,0.012595,0.008377,0.012513,0,1,1,2489.4
hash_based,3,90,1,11.286,12.86,0.9999,0.9999,3,0,0,3,63,63,62,0.012889,0.008371,0.012597,1,1,1,2489.4
hash_based,3,91,1,11.286,12.86,1.0,1.0,3,0,0,3,63,63,63,0.012889,0.008371,0.012597,1,1,1,2489.4
hash_based,3,92,11,16.93,27.943,0.9991,0.9991,3,1,0,3,69,67,64,0.029638,0.008463,0.01269,1,1,1,2489.4
hash_based,3,93,1,15.818,25.06,0.999,0.999,3,3,0,3,69,68,64,0.026448,0.008439,0.012567,1,1,1,2489.4
hash_based,3,94,1,15.901,24.609,0.9988,0.9988,4,4,0,0,69,69,64,0.025953,0.009233,0.012517,1,1,1,2489.4
hash_based,3,95,1,15.98,25.438,0.9992,0.9992,5,5,0,0,69,69,65,0.026864,0.008467,0.012608,1,1,1,2489.4
hash_based,3,96,1,15.597,24.405,0.9996,0.9996,6,6,0,0,69,69,66,0.025716,0.008467,0.012608,1,1,1,2489.4
hash_based,3,97,11,15.558,24.403,0.9987,0.9987,6,6,0,0,74,73,68,0.025716,0.008374,0.012585,1,1,1,2489.4
hash_based,3,98,1,15.539,24.338,0.9985,0.9985,8,8,0,0,74,74,68,0.025647,0.00841,0.012561,1,1,1,2489.4
hash_based,3,99,1,16.152,25.145,0.9989,0.9989,9,9,0,0,74,74,69,0.02654,0.009328,0.012588,1,1,1,2489.4
hash_based,3,100,11,15.58,24.445,0.9997,0.9997,10,10,0,0,75,78,75,0.025768,0.008435,0.012537,1,1,1,2489.4
hash_based,3,101,1,15.615,24.617,0.9997,0.9997,12,12,0,0,75,78,76,0.025958,0.00834,0.012546,1,1,1,2489.4
hash_based,3,102,1,15.615,24.617,0.9997,0.9997,12,12,0,0,75,78,77,0.025958,0.00834,0.012546,1,1,1,2489.4
hash_based,3,103,7,15.766,25.009,0.9997,0.9997,13,13,0,0,77,80,80,0.026402,0.008426,0.012471,1,1,1,2489.4
hash_based,3,104,4,15.973,24.707,0.9998,0.9998,15,15,0,0,79,82,80,0.026054,0.009281,0.012583,1,1,1,2489.4
hash_based,3,105,1,16.04,25.557,0.9998,0.9998,16,16,0,0,79,82,81,0.026999,0.008543,0.012579,1,1,1,2489.4
hash_based,3,106,1,15.783,24.916,0.9996,0.9996,17,17,0,0,79,83,81,0.026285,0.008471,0.012592,1,1,1,2489.4
hash_based,3,107,1,15.787,24.927,0.9994,0.9994,18,18,0,0,79,84,81,0.026298,0.008471,0.012592,1,1,1,2489.4
hash_based,3,108,1,15.754,24.923,0.9991,0.9991,18,18,0,0,79,85,81,0.026298,0.008413,0.012551,1,1,1,2489.4
hash_based,3,109,11,15.974,24.818,0.9989,0.9989,20,20,0,0,82,89,85,0.026086,0.008428,0.013407,1,1,1,2489.4
hash_based,3,110,1,15.789,24.627,0.9989,0.9989,21,21,0,0,82,89,86,0.025972,0.00887,0.012524,1,1,1,2489.4
hash_based,3,111,11,15.827,25.03,0.9996,0.9996,23,23,0,0,88,92,88,0.02641,0.008464,0.012608,1,1,1,2489.4
hash_based,3,112,1,15.734,24.833,0.9996,0.9996,24,24,0,0,88,92,89,0.026197,0.008446,0.012559,1,1,1,2489.4
hash_based,3,113,1,15.734,24.833,0.9997,0.9997,24,24,0,0,88,92,90,0.026197,0.008446,0.012559,1,1,1,2489.4
hash_based,3,114,1,15.665,24.637,0.9995,0.9995,25,25,0,0,88,93,90,0.02597,0.00838,0.012644,1,1,1,2489.4
hash_based,3,115,1,16.387,25.842,0.9992,0.9992,26,26,0,0,88,94,90,0.027206,0.008394,0.013562,1,1,1,2489.4
hash_based,3,116,11,15.667,24.679,0.9991,0.9991,28,28,0,0,91,98,94,0.026022,0.008387,0.012591,1,1,1,2489.4
hash_based,3,117,11,15.78,24.964,0.9987,0.9987,30,30,0,0,93,101,100,0.026347,0.008472,0.012522,1,1,1,2489.4
hash_based,3,118,11,16.173,25.87,0.9984,0.9984,32,32,0,0,96,104,105,0.027353,0.008644,0.012522,1,1,1,2489.4
hash_based,3,119,1,16.507,25.97,0.9983,0.9983,32,32,0,0,96,105,105,0.027353,0.008644,0.013525,1,1,1,2489.4
hash_based,3,120,1,15.655,24.71,0.9981,0.998,33,33,0,0,96,106,105,0.026067,0.0084,0.012499,1,0,1,2489.4
hash_based,3,121,1,11.179,12.611,0.9979,0.9976,33,33,0,0,96,106,106,0.012626,0.008437,0.012474,1,0,1,2489.4
hash_based,3,122,1,11.245,12.698,0.9977,0.9971,33,33,0,0,96,106,107,0.01261,0.008416,0.012708,1,0,1,2489.4
hash_based,3,123,1,11.329,12.887,0.9974,0.9966,33,33,0,0,96,106,108,0.01263,0.00844,0.012916,1,0,1,2489.4
hash_based,3,124,1,11.357,12.879,0.9979,0.9971,33,33,0,0,97,106,108,0.012546,0.00861,0.012916,1,0,1,2489.4
hash_based,3,125,1,11.247,12.581,0.9983,0.9976,33,33,0,0,98,106,108,0.012546,0.00861,0.012585,1,0,1,2489.4
hash_based,3,126,1,11.219,12.679,0.9981,0.9976,33,33,0,0,98,107,108,0.012696,0.008435,0.012527,1,0,1,2489.4
hash_based,3,127,1,11.202,12.584,0.9985,0.9981,33,33,0,0,99,107,108,0.012525,0.00849,0.012591,1,0,1,2489.4
hash_based,3,128,1,11.154,12.498,0.9984,0.9981,33,33,0,0,99,108,108,0.01249,0.008474,0.012499,1,0,1,2489.4
hash_based,3,129,1,11.305,12.743,0.9987,0.9985,33,33,0,0,100,108,108,0.01277,0.008645,0.012501,1,0,1,2489.4
hash_based,3,130,1,11.262,12.533,0.999,0.9989,33,33,0,0,101,108,108,0.012537,0.008749,0.012501,1,0,1,2489.4
hash_based,3,131,1,11.301,12.609,0.9989,0.9989,33,33,0,0,101,109,108,0.012537,0.008749,0.012617,1,0,1,2489.4
hash_based,3,132,1,11.243,12.783,0.9987,0.9986,33,33,0,0,101,109,109,0.012432,0.008475,0.012822,1,0,1,2489.4
hash_based,3,133,1,11.307,12.893,0.999,0.9989,33,33,0,0,102,109,109,0.012932,0.00845,0.012538,1,0,1,2489.4
hash_based,3,134,1,11.744,13.002,0.9989,0.9986,33,33,0,0,102,109,110,0.01292,0.009301,0.013011,1,0,1,2489.4
hash_based,3,135,0,11.702,13.481,0.9989,0.9986,33,33,0,0,102,109,110,0.013521,0.008461,0.013125,1,0,1,2489.4
hash_based,3,136,1,11.361,13.069,0.9987,0.9982,33,33,0,0,102,109,111,0.012566,0.008391,0.013125,1,0,1,2489.4
hash_based,3,137,1,11.174,12.566,0.9985,0.9978,33,33,0,0,102,109,112,0.012566,0.008391,0.012566,1,0,1,2489.4
hash_based,3,138,1,11.562,12.796,0.9984,0.9978,33,33,0,0,102,110,112,0.012802,0.009143,0.012742,1,0,1,2489.4
hash_based,3,139,1,11.229,12.64,0.9983,0.9978,33,33,0,0,102,111,112,0.012597,0.008444,0.012645,1,0,1,2489.4
hash_based,3,140,1,11.362,12.978,0.9981,0.9974,33,33,0,0,102,111,113,0.012616,0.008452,0.013018,1,0,1,2489.4
hash_based,3,141,1,11.226,12.573,0.9979,0.9974,33,33,0,0,102,112,113,0.012574,0.008537,0.012566,1,0,1,2489.4
hash_based,3,142,1,11.263,12.786,0.9978,0.9974,33,33,0,0,102,113,113,0.012811,0.008412,0.012566,1,0,1,2489.4
hash_based,3,143,1,11.285,12.793,0.9975,0.9974,33,33,0,0,102,114,113,0.012811,0.008412,0.012631,1,0,1,2489.4
hash_based,3,144,1,11.176,12.576,0.998,0.9979,33,33,0,0,103,114,113,0.012579,0.008395,0.012554,1,0,1,2489.4
hash_based,3,145,1,11.451,13.272,0.9983,0.9983,33,33,0,0,104,114,113,0.012601,0.008406,0.013347,1,0,1,2489.4
hash_based,3,146,1,11.318,12.994,0.9987,0.9987,33,33,0,0,105,114,113,0.013053,0.008437,0.012464,1,0,1,2489.4
hash_based,3,147,1,11.185,12.557,0.9985,0.9987,33,33,0,0,105,115,113,0.012562,0.008484,0.012509,1,0,1,2489.4
hash_based,3,148,1,11.182,12.549,0.9983,0.9987,33,33,0,0,105,116,113,0.012553,0.008484,0.012509,1,0,1,2489.4
hash_based,3,149,1,11.239,12.55,0.9982,0.9983,33,33,0,0,105,116,114,0.012553,0.008641,0.012524,1,0,1,2489.4
hash_based,3,150,1,11.354,12.738,0.9979,0.9979,33,33,0,0,105,117,114,0.012752,0.0087,0.012611,1,1,1,2489.4
hash_based,3,151,11,15.976,21.928,0.9965,0.9965,33,33,2,0,106,120,121,0.012765,0.022946,0.012217,1,1,1,2489.4
hash_based,3,152,1,14.279,17.289,0.9962,0.9962,33,33,3,0,106,120,122,0.012533,0.017817,0.012487,1,1,1,2489.4
hash_based,3,153,1,14.313,17.303,0.9967,0.9967,33,33,4,0,107,120,122,0.01261,0.017824,0.012504,1,1,1,2489.4
hash_based,3,154,1,14.316,17.304,0.9965,0.9965,29,29,4,0,107,120,123,0.01262,0.017824,0.012504,1,1,1,2489.4
hash_based,3,155,1,14.426,17.403,0.9969,0.9969,29,29,5,0,108,120,123,0.01262,0.017921,0.012738,1,1,1,2489.4
hash_based,3,156,1,14.324,17.291,0.9967,0.9967,29,29,6,0,108,120,124,0.012584,0.017814,0.012573,1,1,1,2489.4
hash_based,3,157,1,14.419,17.356,0.9963,0.9963,29,29,7,0,108,120,125,0.012829,0.017859,0.012569,1,1,1,2489.4
hash_based,3,158,11,14.777,17.307,0.9971,0.9971,29,29,14,0,112,126,126,0.012731,0.017684,0.013915,1,1,1,2489.4
hash_based,3,159,1,14.354,17.431,0.9968,0.9968,25,25,10,0,112,126,127,0.012475,0.017965,0.012623,1,1,1,2489.4
hash_based,3,160,1,14.354,17.431,0.9966,0.9966,25,25,10,0,112,126,128,0.012475,0.017965,0.012623,1,1,1,2489.4
hash_based,3,161,11,14.3,17.046,0.9981,0.9981,25,25,11,0,118,129,130,0.012872,0.01751,0.012517,1,1,1,2489.4
hash_based,3,162,11,14.346,17.289,0.9978,0.9978,25,25,13,0,121,132,135,0.012628,0.017807,0.012602,1,1,1,2489.4
hash_based,3,163,1,14.291,17.286,0.9976,0.9976,20,20,15,0,121,132,136,0.012569,0.01781,0.012493,1,1,1,2489.4
hash_based,3,164,1,14.815,18.39,0.998,0.998,20,20,16,0,122,132,136,0.012735,0.019018,0.012692,1,1,1,2489.4
hash_based,3,165,1,14.45,17.275,0.9977,0.9977,20,20,17,0,122,132,137,0.012897,0.017761,0.012692,1,1,1,2489.4
hash_based,3,166,11,14.672,17.321,0.9957,0.9957,20,20,17,0,122,137,143,0.012897,0.017761,0.013359,1,1,1,2489.4
hash_based,3,167,0,14.455,17.312,0.9957,0.9957,20,20,19,0,122,137,143,0.012925,0.0178,0.012641,1,1,1,2489.4
hash_based,3,168,1,14.34,17.338,0.9961,0.9961,20,16,20,0,123,137,143,0.012463,0.017853,0.012705,1,1,1,2489.4
hash_based,3,169,1,14.595,17.75,0.9958,0.9958,21,16,21,0,123,137,144,0.01275,0.018306,0.012729,1,1,1,2489.4
hash_based,3,170,1,14.321,17.291,0.9955,0.9955,22,16,22,0,123,137,145,0.012625,0.017809,0.012529,1,1,1,2489.4
hash_based,3,171,1,14.588,17.371,0.9959,0.9959,22,11,22,0,124,137,145,0.013425,0.017809,0.012529,1,1,1,2489.4
hash_based,3,172,1,14.943,17.622,0.9956,0.9956,23,11,23,0,124,137,146,0.013425,0.018088,0.013316,1,1,1,2489.4
hash_based,3,173,11,14.179,16.916,0.9959,0.9959,25,11,25,0,127,143,148,0.012375,0.017374,0.012789,1,1,1,2489.4
hash_based,3,174,11,14.828,18.349,0.9955,0.9955,27,11,27,0,130,146,153,0.012633,0.018955,0.012895,1,1,1,2489.4
hash_based,3,175,1,14.586,17.38,0.9959,0.9959,28,7,28,0,131,146,153,0.012615,0.017832,0.01331,1,1,1,2489.4
hash_based,3,176,11,14.473,17.292,0.9952,0.9952,30,7,30,0,133,151,157,0.012574,0.01776,0.013084,1,1,1,2489.4
hash_based,3,177,1,14.473,17.292,0.9949,0.9949,30,7,30,0,133,151,158,0.012574,0.01776,0.013084,1,1,1,2489.4
hash_based,3,178,1,14.312,17.122,0.9954,0.9954,31,7,31,0,134,151,158,0.012572,0.017607,0.012756,1,1,1,2489.4
hash_based,3,179,11,14.452,17.278,0.9959,0.9959,32,7,32,0,138,155,161,0.013035,0.017749,0.012571,1,1,1,2489.4
ecmp,1,0,0,16.06,25.669,1.0,1.0,0,0,0,0,0,0,0,0.012628,0.008433,0.027118,1,1,1,2534.9
ecmp,1,1,1,15.799,24.966,0.3333,0.3333,3,0,0,3,1,0,0,0.012628,0.008433,0.026337,1,1,1,2534.9
ecmp,1,2,1,15.683,24.469,0.6667,0.6667,37,0,37,4,1,1,0,0.012862,0.008429,0.025759,1,1,1,2534.9
ecmp,1,3,11,15.673,24.611,0.9883,0.9883,37,0,37,6,5,4,4,0.012614,0.00846,0.025944,1,1,1,2534.9
ecmp,1,4,1,15.765,24.727,0.9899,0.9899,37,0,37,7,5,5,4,0.012853,0.008395,0.026046,1,1,1,2534.9
ecmp,1,5,11,15.806,25.009,0.9968,0.9968,37,0,37,9,9,8,8,0.012605,0.008426,0.026387,1,1,1,2534.9
ecmp,1,6,1,15.799,25.007,0.9971,0.9971,37,0,37,9,9,9,8,0.012585,0.008426,0.026387,1,1,1,2534.9
ecmp,1,7,11,15.67,24.61,0.9985,0.9985,37,0,37,10,13,12,12,0.012585,0.00848,0.025946,1,1,1,2534.9
ecmp,1,8,1,15.711,24.594,0.9986,0.9986,37,0,37,12,13,13,12,0.012798,0.00843,0.025905,1,1,1,2534.9
ecmp,1,9,11,16.122,25.778,0.9992,0.9992,37,0,37,14,17,16,16,0.01265,0.008478,0.027237,1,1,1,2534.9
ecmp,1,10,1,15.746,24.821,0.9992,0.9992,37,0,37,15,17,17,16,0.012583,0.008474,0.026181,1,1,1,2534.9
ecmp,1,11,11,15.769,24.77,0.9995,0.9995,37,0,37,17,21,20,20,0.012776,0.008429,0.026103,1,1,1,2534.9
ecmp,1,12,1,15.769,24.77,0.9995,0.9995,37,0,37,17,21,21,20,0.012776,0.008429,0.026103,1,1,1,2534.9
ecmp,1,13,11,15.675,24.677,0.9996,0.9996,37,0,37,18,25,24,24,0.01259,0.008416,0.02602,1,1,1,2534.9
ecmp,1,14,1,15.701,24.775,0.9996,0.9996,37,0,37,20,25,25,24,0.012543,0.008425,0.026134,1,1,1,2534.9
ecmp,1,15,11,15.724,24.618,0.9997,0.9997,37,0,37,22,29,28,28,0.012893,0.008359,0.025921,1,1,1,2534.9
ecmp,1,16,1,15.939,25.239,0.9997,0.9997,37,0,37,23,29,29,28,0.01248,0.00868,0.026657,1,1,1,2534.9
ecmp,1,17,11,15.916,25.254,0.9998,0.9998,37,0,37,23,33,32,32,0.01263,0.008461,0.026657,1,1,1,2534.9
ecmp,1,18,1,15.748,24.802,0.9998,0.9998,37,0,37,25,33,33,32,0.01263,0.008461,0.026154,1,1,1,2534.9
ecmp,1,19,11,16.101,25.058,0.9998,0.9998,37,0,37,26,37,36,36,0.012591,0.00927,0.026443,1,1,1,2534.9
ecmp,1,20,1,15.788,24.76,0.9998,0.9998,37,0,37,28,37,37,36,0.012872,0.008411,0.026081,1,1,1,2534.9
ecmp,1,21,11,15.753,24.873,0.9999,0.9999,37,0,37,29,41,40,40,0.012574,0.008446,0.02624,1,1,1,2534.9
ecmp,1,22,1,15.561,24.388,0.9999,0.9999,37,0,37,31,41,41,40,0.012553,0.008426,0.025703,1,1,1,2534.9
ecmp,1,23,11,15.611,24.403,0.9999,0.9999,37,0,37,31,45,44,44,0.012703,0.008426,0.025703,1,1,1,2534.9
ecmp,1,24,1,15.891,25.198,0.9999,0.9999,37,0,37,33,45,45,44,0.012703,0.008385,0.026586,1,1,1,2534.9
ecmp,1,25,1,15.84,24.776,1.0,1.0,37,0,37,34,45,45,45,0.012694,0.008709,0.026118,1,1,1,2534.9
ecmp,1,26,10,16.041,24.773,0.9999,0.9999,37,0,37,36,49,48,48,0.01363,0.008482,0.026011,1,1,1,2534.9
ecmp,1,27,1,15.766,24.831,0.9999,0.9999,37,0,35,37,49,49,48,0.012655,0.008459,0.026184,1,1,1,2534.9
ecmp,1,28,11,15.996,24.965,0.9999,0.9999,39,0,35,39,53,52,52,0.012598,0.009051,0.026339,1,1,1,2534.9
ecmp,1,29,1,15.996,24.965,0.9999,0.9999,39,0,35,39,53,53,52,0.012598,0.009051,0.026339,1,1,1,2534.9
ecmp,1,30,11,15.806,24.778,0.9999,1.0,40,0,35,40,57,56,56,0.012577,0.008708,0.026134,0,1,1,2534.9
ecmp,1,31,1,11.266,12.807,0.9999,0.9999,41,0,31,41,57,57,56,0.012831,0.008372,0.012596,0,1,1,2534.9
ecmp,1,32,1,11.158,12.534,1.0,1.0,41,0,31,41,57,57,57,0.012543,0.00848,0.012452,0,1,1,2534.9
ecmp,1,33,1,11.266,12.846,0.9999,1.0,41,0,31,41,58,57,57,0.012874,0.008331,0.012592,0,1,1,2534.9
ecmp,1,34,1,11.339,12.785,0.9999,0.9999,41,0,27,41,58,58,57,0.01281,0.008651,0.012555,0,1,1,2534.9
ecmp,1,35,1,11.339,12.785,1.0,1.0,41,0,27,41,58,58,58,0.01281,0.008651,0.012555,0,1,1,2534.9
ecmp,1,36,1,11.629,12.767,0.9999,1.0,41,0,27,41,59,58,58,0.01255,0.009547,0.012791,0,1,1,2534.9
ecmp,1,37,1,11.262,12.756,0.9999,0.9999,41,0,27,41,59,59,58,0.012786,0.008516,0.012483,0,1,1,2534.9
ecmp,1,38,1,11.306,12.644,1.0,1.0,41,0,27,41,59,59,59,0.012659,0.008755,0.012505,0,1,1,2534.9
ecmp,1,39,1,11.441,13.077,0.9999,1.0,41,0,22,41,60,59,59,0.012568,0.008622,0.013134,0,1,1,2534.9
ecmp,1,40,1,11.385,13.077,0.9999,0.9999,41,0,22,41,60,60,59,0.012564,0.008456,0.013134,0,1,1,2534.9
ecmp,1,41,1,11.17,12.557,1.0,1.0,41,0,22,41,60,60,60,0.012564,0.008456,0.012491,0,1,1,2534.9
ecmp,1,42,1,11.177,12.595,0.9999,1.0,41,0,22,41,61,60,60,0.012488,0.008436,0.012607,0,1,1,2534.9
ecmp,1,43,1,11.203,12.6,0.9999,0.9999,41,0,17,41,61,61,60,0.01259,0.008419,0.012601,0,1,1,2534.9
ecmp,1,44,1,11.183,12.631,1.0,1.0,41,0,17,41,61,61,61,0.012647,0.008414,0.012488,0,1,1,2534.9
ecmp,1,45,1,11.469,13.321,0.9999,1.0,41,0,17,41,62,61,61,0.013406,0.008447,0.012554,0,1,1,2534.9
ecmp,1,46,1,11.192,12.587,0.9999,0.9999,41,0,17,41,62,62,61,0.012591,0.00843,0.012554,0,1,1,2534.9
ecmp,1,47,1,11.175,12.582,1.0,1.0,41,0,17,41,62,62,62,0.012591,0.00843,0.012504,0,1,1,2534.9
ecmp,1,48,1,11.164,12.54,0.9999,1.0,41,0,14,41,63,62,62,0.012528,0.008424,0.012541,0,1,1,2534.9
ecmp,1,49,1,11.591,13.436,0.9999,0.9999,41,0,14,41,63,63,62,0.013505,0.008451,0.012818,0,1,1,2534.9
ecmp,1,50,1,11.323,12.944,1.0,1.0,41,0,14,41,63,63,63,0.012587,0.008398,0.012984,0,1,1,2534.9
ecmp,1,51,1,11.209,12.616,0.9999,1.0,41,0,8,41,64,63,63,0.012619,0.008419,0.01259,0,1,1,2534.9
ecmp,1,52,1,11.233,12.685,0.9999,0.9999,41,0,8,41,64,64,63,0.012696,0.008413,0.01259,0,1,1,2534.9
ecmp,1,53,1,11.242,12.688,1.0,1.0,41,0,8,41,64,64,64,0.012696,0.008413,0.012616,0,1,1,2534.9
ecmp,1,54,1,11.273,12.765,0.9999,1.0,41,0,8,41,65,64,64,0.012556,0.008474,0.012788,0,1,1,2534.9
ecmp,1,55,1,11.17,12.467,0.9999,0.9999,41,0,2,41,65,65,64,0.012462,0.008579,0.012468,0,1,1,2534.9
ecmp,1,56,1,11.301,12.838,1.0,1.0,41,0,2,41,65,65,65,0.012582,0.008454,0.012867,0,1,1,2534.9
ecmp,1,57,1,11.214,12.608,0.9999,1.0,41,0,2,41,66,65,65,0.012616,0.008494,0.012533,0,1,1,2534.9
ecmp,1,58,1,11.193,12.673,0.9999,0.9999,41,0,2,41,66,66,65,0.012689,0.008358,0.012533,0,1,1,2534.9
ecmp,1,59,1,11.212,12.679,1.0,1.0,41,0,2,41,66,66,66,0.012689,0.008358,0.012588,0,1,1,2534.9
ecmp,1,60,1,11.384,12.889,0.9999,1.0,40,0,0,40,67,66,66,0.012838,0.00842,0.012895,0,1,1,2534.9
ecmp,1,61,1,11.287,12.796,1.0,0.9999,40,0,0,40,67,67,66,0.012611,0.008433,0.012817,0,1,1,2534.9
ecmp,1,62,0,11.239,12.664,1.0,0.9999,40,0,0,40,67,67,66,0.012669,0.00843,0.012617,0,1,1,2534.9
ecmp,1,63,1,11.187,12.571,1.0,1.0,36,0,0,36,67,67,67,0.012578,0.008474,0.01251,0,1,1,2534.9
ecmp,1,64,1,11.169,12.609,1.0,1.0,36,0,0,36,68,67,67,0.01262,0.008377,0.01251,0,1,1,2534.9
ecmp,1,65,1,11.2,12.618,1.0,0.9999,36,0,0,36,68,68,67,0.01262,0.008377,0.012603,0,1,1,2534.9
ecmp,1,66,1,11.3,12.73,1.0,1.0,36,0,0,36,68,68,68,0.012752,0.008615,0.012533,0,1,1,2534.9
ecmp,1,67,1,11.327,13.0,1.0,1.0,30,0,0,30,69,68,68,0.01305,0.008386,0.012545,0,1,1,2534.9
ecmp,1,68,1,11.229,12.558,1.0,0.9999,30,0,0,30,69,69,68,0.012565,0.008629,0.012493,0,1,1,2534.9
ecmp,1,69,1,11.464,13.202,1.0,1.0,30,0,0,30,69,69,69,0.012681,0.008452,0.01326,0,1,1,2534.9
ecmp,1,70,1,11.4,13.183,1.0,1.0,30,0,0,30,70,69,69,0.012489,0.008452,0.01326,0,1,1,2534.9
ecmp,1,71,1,11.146,12.511,1.0,0.9999,30,0,0,30,70,70,69,0.012489,0.008436,0.012513,0,1,1,2534.9
ecmp,1,72,1,11.163,12.577,1.0,1.0,25,0,0,25,70,70,70,0.012543,0.008365,0.012581,0,1,1,2534.9
ecmp,1,73,1,11.777,13.883,1.0,1.0,25,0,0,25,71,70,70,0.012858,0.008475,0.013997,0,1,1,2534.9
ecmp,1,74,1,11.214,12.61,1.0,0.9999,25,0,0,25,71,71,70,0.012602,0.008428,0.012611,0,1,1,2534.9
ecmp,1,75,1,11.354,12.908,1.0,1.0,19,0,0,19,71,71,71,0.012602,0.008517,0.012942,0,1,1,2534.9
ecmp,1,76,1,11.402,12.922,1.0,1.0,19,0,0,19,72,71,71,0.012746,0.008517,0.012942,0,1,1,2534.9
ecmp,1,77,1,11.33,12.739,1.0,1.0,19,0,0,19,72,72,71,0.012746,0.008574,0.012671,0,1,1,2534.9
ecmp,1,78,1,11.364,12.844,1.0,1.0,19,0,0,19,72,72,72,0.012844,0.008409,0.01284,0,1,1,2534.9
ecmp,1,79,1,11.679,13.446,1.0,1.0,19,0,0,19,73,72,72,0.013092,0.008461,0.013485,0,1,1,2534.9
ecmp,1,80,1,11.206,12.614,1.0,1.0,14,0,0,14,73,73,72,0.012579,0.008422,0.012618,0,1,1,2534.9
ecmp,1,81,1,11.314,12.756,1.0,1.0,14,0,0,14,73,73,73,0.01252,0.00864,0.012782,0,1,1,2534.9
ecmp,1,82,1,11.314,12.756,1.0,1.0,14,0,0,14,74,73,73,0.01252,0.00864,0.012782,0,1,1,2534.9
ecmp,1,83,1,11.124,12.464,1.0,1.0,14,0,0,14,74,74,73,0.012464,0.008445,0.012462,0,1,1,2534.9
ecmp,1,84,1,11.167,12.563,1.0,1.0,10,0,0,10,74,74,74,0.012451,0.008474,0.012576,0,1,1,2534.9
ecmp,1,85,1,11.459,13.168,1.0,1.0,10,0,0,10,75,74,74,0.012777,0.008389,0.013212,0,1,1,2534.9
ecmp,1,86,1,11.197,12.585,1.0,1.0,10,0,0,10,75,75,74,0.012588,0.008447,0.012556,0,1,1,2534.9
ecmp,1,87,1,11.21,12.69,1.0,1.0,4,0,0,4,75,75,75,0.012713,0.008436,0.012481,0,1,1,2534.9
ecmp,1,88,1,11.21,12.69,1.0,1.0,4,0,0,4,76,75,75,0.012713,0.008436,0.012481,0,1,1,2534.9
ecmp,1,89,1,11.536,13.338,1.0,1.0,4,0,0,4,76,76,75,0.013405,0.008466,0.012736,0,1,1,2534.9
ecmp,1,90,1,11.227,12.685,1.0,1.0,4,0,0,4,76,76,76,0.012696,0.008404,0.012581,1,1,1,2534.9
ecmp,1,91,11,17.13,28.678,1.0,1.0,4,1,0,4,80,80,79,0.030466,0.008343,0.012582,1,1,1,2534.9
ecmp,1,92,1,16.118,25.824,1.0,1.0,3,3,0,0,80,80,80,0.027288,0.008419,0.012648,1,1,1,2534.9
ecmp,1,93,11,15.712,24.728,1.0,1.0,5,5,0,0,84,84,83,0.02607,0.008418,0.012648,1,1,1,2534.9
ecmp,1,94,1,15.683,24.719,1.0,1.0,5,5,0,0,84,84,84,0.02607,0.008418,0.012561,1,1,1,2534.9
ecmp,1,95,11,15.692,24.734,1.0,1.0,6,6,0,0,88,88,87,0.026084,0.008409,0.012584,1,1,1,2534.9
ecmp,1,96,1,15.708,24.883,1.0,1.0,8,8,0,0,88,88,88,0.02626,0.008379,0.012486,1,1,1,2534.9
ecmp,1,97,1,15.711,24.809,1.0,1.0,9,9,0,0,89,88,88,0.026172,0.008416,0.012545,1,1,1,2534.9
ecmp,1,98,10,15.904,25.313,1.0,1.0,11,11,0,0,92,92,91,0.02673,0.008424,0.012558,1,1,1,2534.9
ecmp,1,99,1,15.904,25.313,1.0,1.0,11,11,0,0,92,92,92,0.02673,0.008424,0.012558,1,1,1,2534.9
ecmp,1,100,11,15.904,25.286,1.0,1.0,12,12,0,0,96,96,95,0.026697,0.008423,0.012592,1,1,1,2534.9
ecmp,1,101,1,15.982,24.844,1.0,1.0,14,14,0,0,96,96,96,0.026121,0.008475,0.013351,1,1,1,2534.9
ecmp,1,102,11,15.683,24.705,1.0,1.0,16,16,0,0,100,100,99,0.026049,0.00839,0.01261,1,1,1,2534.9
ecmp,1,103,1,15.802,24.782,1.0,1.0,17,17,0,0,100,100,100,0.02614,0.008706,0.012561,1,1,1,2534.9
ecmp,1,104,11,16.104,25.68,1.0,1.0,19,19,0,0,104,104,103,0.027138,0.008612,0.012561,1,1,1,2534.9
ecmp,1,105,1,16.238,25.721,1.0,1.0,19,19,0,0,104,104,104,0.027138,0.008612,0.012964,1,1,1,2534.9
ecmp,1,106,11,15.749,24.753,1.0,1.0,20,20,0,0,108,108,107,0.026092,0.008454,0.0127,1,1,1,2534.9
ecmp,1,107,1,15.654,24.632,1.0,1.0,22,22,0,0,108,108,108,0.025965,0.008361,0.012635,1,1,1,2534.9
ecmp,1,108,11,15.654,24.681,1.0,1.0,24,24,0,0,112,112,111,0.026037,0.008446,0.012479,1,1,1,2534.9
ecmp,1,109,1,15.97,25.425,1.0,1.0,25,25,0,0,112,112,112,0.026846,0.008425,0.012638,1,1,1,2534.9
ecmp,1,110,11,15.97,25.425,1.0,1.0,25,25,0,0,116,116,115,0.026846,0.008425,0.012638,1,1,1,2534.9
ecmp,1,111,1,15.807,25.021,1.0,1.0,27,27,0,0,116,116,116,0.026405,0.008448,0.012568,1,1,1,2534.9
ecmp,1,112,11,15.853,25.175,1.0,1.0,28,28,0,0,120,120,119,0.026575,0.008412,0.012573,1,1,1,2534.9
ecmp,1,113,1,15.816,25.047,1.0,1.0,30,30,0,0,120,120,120,0.02643,0.008415,0.012602,1,1,1,2534.9
ecmp,1,114,11,16.006,25.346,1.0,1.0,32,32,0,0,124,124,123,0.026737,0.008456,0.012825,1,1,1,2534.9
ecmp,1,115,1,15.892,25.039,1.0,1.0,33,33,0,0,124,124,124,0.026396,0.008456,0.012825,1,1,1,2534.9
ecmp,1,116,11,16.08,25.067,1.0,1.0,33,33,0,0,128,128,127,0.026396,0.008733,0.01311,1,1,1,2534.9
ecmp,1,117,1,16.078,25.739,1.0,1.0,35,35,0,0,128,128,128,0.027201,0.008452,0.012582,1,1,1,2534.9
ecmp,1,118,11,15.552,24.278,1.0,1.0,36,36,0,0,132,132,131,0.025574,0.008466,0.012617,1,1,1,2534.9
ecmp,1,119,1,16.025,25.066,1.0,1.0,38,38,0,0,132,132,132,0.026371,0.008384,0.013321,1,1,1,2534.9
ecmp,1,120,11,15.803,24.913,1.0,1.0,39,39,0,0,136,136,135,0.026284,0.00855,0.012576,1,0,1,2534.9
ecmp,1,121,0,15.803,24.913,1.0,1.0,39,39,0,0,136,136,135,0.026284,0.00855,0.012576,1,0,1,2534.9
ecmp,1,122,1,11.349,13.005,1.0,1.0,40,40,0,0,136,136,136,0.012504,0.008483,0.013061,1,0,1,2534.9
ecmp,1,123,1,11.217,12.653,1.0,1.0,40,40,0,0,137,136,136,0.012662,0.00842,0.01257,1,0,1,2534.9
ecmp,1,124,1,11.262,12.835,1.0,1.0,40,40,0,0,137,137,136,0.012873,0.008425,0.012489,1,0,1,2534.9
ecmp,1,125,1,11.278,12.77,1.0,1.0,40,40,0,0,137,137,137,0.012573,0.008469,0.012792,1,0,1,2534.9
ecmp,1,126,1,11.375,12.891,1.0,1.0,40,40,0,0,138,137,137,0.012729,0.008488,0.012909,1,0,1,2534.9
ecmp,1,127,1,11.375,12.891,1.0,1.0,40,40,0,0,138,138,137,0.012729,0.008488,0.012909,1,0,1,2534.9
ecmp,1,128,1,11.219,12.813,1.0,1.0,40,40,0,0,138,138,138,0.012852,0.008345,0.01246,1,0,1,2534.9
ecmp,1,129,1,11.394,12.682,1.0,1.0,40,40,0,0,139,138,138,0.012467,0.00901,0.012706,1,0,1,2534.9
ecmp,1,130,1,11.199,12.623,1.0,1.0,40,40,0,0,139,139,138,0.012621,0.008352,0.012623,1,0,1,2534.9
ecmp,1,131,1,11.183,12.61,1.0,1.0,40,40,0,0,139,139,139,0.012619,0.008398,0.012532,1,0,1,2534.9
ecmp,1,132,1,11.232,12.713,1.0,1.0,40,40,0,0,140,139,139,0.012555,0.008411,0.01273,1,0,1,2534.9
ecmp,1,133,1,11.232,12.713,1.0,1.0,40,40,0,0,140,140,139,0.012555,0.008411,0.01273,1,0,1,2534.9
ecmp,1,134,1,11.188,12.569,1.0,1.0,40,40,0,0,140,140,140,0.012565,0.008429,0.01257,1,0,1,2534.9
ecmp,1,135,1,11.153,12.547,1.0,1.0,40,40,0,0,141,140,140,0.012552,0.008402,0.012504,1,0,1,2534.9
ecmp,1,136,1,11.416,13.233,1.0,1.0,40,40,0,0,141,141,140,0.012581,0.008361,0.013305,1,0,1,2534.9
ecmp,1,137,1,11.225,12.649,1.0,1.0,40,40,0,0,141,141,141,0.012582,0.008436,0.012657,1,0,1,2534.9
ecmp,1,138,1,11.609,13.472,1.0,1.0,40,40,0,0,142,141,141,0.013563,0.008607,0.012657,1,0,1,2534.9
ecmp,1,139,1,11.777,13.523,1.0,1.0,40,40,0,0,142,142,141,0.013563,0.008607,0.013161,1,0,1,2534.9
ecmp,1,140,1,11.181,12.608,1.0,1.0,40,40,0,0,142,142,142,0.012539,0.008389,0.012616,1,0,1,2534.9
ecmp,1,141,1,11.188,12.611,1.0,1.0,40,40,0,0,143,142,142,0.012599,0.008354,0.012612,1,0,1,2534.9
ecmp,1,142,1,11.225,12.678,1.0,1.0,40,40,0,0,143,143,142,0.01269,0.008418,0.012567,1,0,1,2534.9
ecmp,1,143,1,11.225,12.538,1.0,1.0,40,40,0,0,143,143,143,0.012541,0.008621,0.012514,1,0,1,2534.9
ecmp,1,144,1,11.162,12.542,1.0,1.0,40,40,0,0,144,143,143,0.012545,0.008428,0.012514,1,0,1,2534.9
ecmp,1,145,1,11.187,12.585,1.0,1.0,40,40,0,0,144,144,143,0.012545,0.008428,0.012589,1,0,1,2534.9
ecmp,1,146,1,11.474,13.244,1.0,1.0,40,40,0,0,144,144,144,0.01258,0.008525,0.013318,1,0,1,2534.9
ecmp,1,147,1,11.263,12.594,1.0,1.0,40,40,0,0,145,144,144,0.012559,0.008631,0.012598,1,0,1,2534.9
ecmp,1,148,1,11.306,12.852,1.0,1.0,40,40,0,0,145,145,144,0.012876,0.008409,0.012632,1,0,1,2534.9
ecmp,1,149,1,11.169,12.572,1.0,1.0,40,40,0,0,145,145,145,0.012574,0.00838,0.012554,1,0,1,2534.9
ecmp,1,150,1,11.208,12.596,1.0,1.0,40,40,0,0,146,145,145,0.012568,0.008457,0.012599,1,1,1,2534.9
ecmp,1,151,11,11.208,12.596,1.0,1.0,40,40,0,0,149,149,149,0.012568,0.008457,0.012599,1,1,1,2534.9
ecmp,1,152,1,14.349,17.465,1.0,1.0,40,40,2,0,150,149,149,0.012487,0.018011,0.01255,1,1,1,2534.9
ecmp,1,153,11,14.292,17.339,1.0,1.0,40,40,3,0,153,153,153,0.012506,0.017876,0.012495,1,1,1,2534.9
ecmp,1,154,1,14.376,17.386,1.0,1.0,37,37,5,0,154,153,153,0.012639,0.017914,0.012574,1,1,1,2534.9
ecmp,1,155,11,14.804,18.462,1.0,1.0,37,37,6,0,157,157,157,0.012841,0.019087,0.012483,1,1,1,2534.9
ecmp,1,156,1,14.697,18.43,1.0,1.0,37,37,6,0,158,157,157,0.01252,0.019087,0.012483,1,1,1,2534.9
ecmp,1,157,7,14.177,17.024,1.0,1.0,37,37,8,0,160,160,159,0.01252,0.017524,0.012487,1,1,1,2534.9
ecmp,1,158,4,14.318,17.32,1.0,1.0,32,32,10,0,161,161,161,0.012502,0.017844,0.012608,1,1,1,2534.9
ecmp,1,159,1,14.453,17.36,1.0,1.0,32,32,11,0,162,161,161,0.012865,0.017859,0.012635,1,1,1,2534.9
ecmp,1,160,11,14.329,17.234,1.0,1.0,32,32,13,0,165,165,165,0.012557,0.017739,0.012692,1,1,1,2534.9
ecmp,1,161,1,14.277,17.214,1.0,1.0,26,26,14,0,166,165,165,0.012558,0.017731,0.012541,1,1,1,2534.9
ecmp,1,162,11,14.307,17.223,1.0,1.0,26,26,14,0,169,169,169,0.012649,0.017731,0.012541,1,1,1,2534.9
ecmp,1,163,1,14.243,17.09,1.0,1.0,26,26,16,0,170,169,169,0.012649,0.017584,0.012496,1,1,1,2534.9
ecmp,1,164,11,14.578,16.999,1.0,1.0,26,26,18,0,173,173,173,0.013821,0.017352,0.01256,1,1,1,2534.9
ecmp,1,165,1,14.416,17.393,1.0,1.0,26,26,19,0,174,173,173,0.012595,0.01791,0.012743,1,1,1,2534.9
ecmp,1,166,11,14.396,17.419,1.0,1.0,21,21,21,0,177,177,177,0.01258,0.017948,0.01266,1,1,1,2534.9
ecmp,1,167,1,14.312,17.074,1.0,1.0,22,21,22,0,178,177,177,0.012717,0.017558,0.01266,1,1,1,2534.9
ecmp,1,168,11,14.248,17.074,1.0,1.0,22,21,22,0,181,181,181,0.012717,0.017558,0.012469,1,1,1,2534.9
ecmp,1,169,1,14.662,18.039,1.0,1.0,24,21,24,0,182,181,181,0.012663,0.018633,0.01269,1,1,1,2534.9
ecmp,1,170,11,14.617,17.87,1.0,1.0,25,16,25,0,185,185,185,0.012612,0.018433,0.012806,1,1,1,2534.9
ecmp,1,171,1,14.438,17.624,1.0,1.0,27,16,27,0,186,185,185,0.012521,0.018181,0.012612,1,1,1,2534.9
ecmp,1,172,11,14.341,17.098,1.0,1.0,29,16,29,0,189,189,189,0.012553,0.017564,0.012905,1,1,1,2534.9
ecmp,1,173,1,14.46,17.099,1.0,1.0,29,10,29,0,190,189,189,0.01291,0.017564,0.012905,1,1,1,2534.9
ecmp,1,174,11,14.549,17.678,1.0,1.0,30,10,30,0,193,193,193,0.01291,0.018208,0.012529,1,1,1,2534.9
ecmp,1,175,1,14.487,17.802,1.0,1.0,32,10,32,0,194,193,193,0.012512,0.018384,0.012565,1,1,1,2534.9
ecmp,1,176,11,14.228,17.063,1.0,1.0,33,10,33,0,197,197,197,0.01267,0.017551,0.012462,1,1,1,2534.9
ecmp,1,177,1,14.516,17.563,1.0,1.0,35,10,35,0,198,197,197,0.012819,0.01809,0.012639,1,1,1,2534.9
ecmp,1,178,0,14.418,17.174,1.0,1.0,36,5,36,0,198,197,197,0.013129,0.017623,0.012503,1,1,1,2534.9
ecmp,1,179,11,14.418,17.174,1.0,1.0,36,5,36,0,201,201,201,0.013129,0.017623,0.012503,1,1,1,2534.9
ecmp,2,0,0,15.559,24.283,1.0,1.0,3,0,0,3,0,0,0,0.012615,0.008482,0.025579,1,1,1,2459.5
ecmp,2,1,1,15.559,24.283,0.3333,0.3333,3,0,0,3,1,0,0,0.012615,0.008482,0.025579,1,1,1,2459.5
ecmp,2,2,1,15.757,24.695,0.6667,0.6667,40,0,40,4,1,1,0,0.012572,0.008657,0.026042,1,1,1,2459.5
ecmp,2,3,11,16.091,24.981,0.9883,0.9883,40,0,40,6,5,4,4,0.013555,0.008467,0.026251,1,1,1,2459.5
ecmp,2,4,1,15.68,24.702,0.9899,0.9899,40,0,40,7,5,5,4,0.012539,0.008447,0.026054,1,1,1,2459.5
ecmp,2,5,11,15.679,24.548,0.9968,0.9968,40,0,40,9,9,8,8,0.01252,0.008632,0.025884,1,1,1,2459.5
ecmp,2,6,1,15.728,24.562,0.9971,0.9971,40,0,40,9,9,9,8,0.012668,0.008632,0.025884,1,1,1,2459.5
ecmp,2,7,11,16.148,25.081,0.9985,0.9985,40,0,40,10,13,12,12,0.012668,0.009315,0.02646,1,1,1,2459.5
ecmp,2,8,1,15.765,24.936,0.9986,0.9986,40,0,40,12,13,13,12,0.012476,0.008498,0.02632,1,1,1,2459.5
ecmp,2,9,11,15.887,25.223,0.9992,0.9992,40,0,40,14,17,16,16,0.012589,0.008445,0.026627,1,1,1,2459.5
ecmp,2,10,1,15.675,24.783,0.9992,0.9992,40,0,40,15,17,17,16,0.012437,0.008434,0.026155,1,1,1,2459.5
ecmp,2,11,11,15.743,24.805,0.9995,0.9995,40,0,40,15,21,20,20,0.012653,0.008422,0.026155,1,1,1,2459.5
ecmp,2,12,1,15.645,24.538,0.9995,0.9995,40,0,40,17,21,21,20,0.012653,0.008422,0.025859,1,1,1,2459.5
ecmp,2,13,11,15.645,24.602,0.9996,0.9996,40,0,40,18,25,24,24,0.012587,0.008412,0.025937,1,1,1,2459.5
ecmp,2,14,1,15.904,24.587,0.9996,0.9996,40,0,40,20,25,25,24,0.01276,0.009051,0.025901,1,1,1,2459.5
ecmp,2,15,11,15.729,24.79,0.9997,0.9997,40,0,40,22,29,28,28,0.012524,0.00851,0.026153,1,1,1,2459.5
ecmp,2,16,1,15.54,24.336,0.9997,0.9997,40,0,40,23,29,29,28,0.012546,0.008429,0.025646,1,1,1,2459.5
ecmp,2,17,11,15.54,24.336,0.9998,0.9998,40,0,40,23,33,32,32,0.012546,0.008429,0.025646,1,1,1,2459.5
ecmp,2,18,1,15.576,24.518,0.9998,0.9998,40,0,40,25,33,33,32,0.012569,0.008313,0.025846,1,1,1,2459.5
ecmp,2,19,11,15.713,24.726,0.9998,0.9998,40,0,40,26,37,36,36,0.012609,0.008457,0.026072,1,1,1,2459.5
ecmp,2,20,1,15.698,24.712,0.9998,0.9998,40,0,40,28,37,37,36,0.012606,0.00843,0.026057,1,1,1,2459.5
ecmp,2,21,11,16.057,25.59,0.9999,0.9999,40,0,40,29,41,40,40,0.01274,0.008412,0.027018,1,1,1,2459.5
ecmp,2,22,1,16.008,25.576,0.9999,0.9999,40,0,40,29,41,41,40,0.012594,0.008412,0.027018,1,1,1,2459.5
ecmp,2,23,1,16.101,25.81,1.0,1.0,40,0,40,31,41,41,41,0.012594,0.00843,0.027278,1,1,1,2459.5
ecmp,2,24,10,15.991,25.315,0.9999,0.9999,40,0,40,33,45,44,44,0.012665,0.008586,0.026721,1,1,1,2459.5
ecmp,2,25,1,15.837,24.858,0.9999,0.9999,40,0,40,34,45,45,44,0.012553,0.008734,0.026225,1,1,1,2459.5
ecmp,2,26,11,16.307,25.663,0.9999,0.9999,40,0,40,36,49,48,48,0.013189,0.008683,0.027049,1,1,1,2459.5
ecmp,2,27,1,16.046,25.604,0.9999,0.9999,40,0,40,36,49,49,48,0.012601,0.008487,0.027049,1,1,1,2459.5
ecmp,2,28,11,15.79,24.915,0.9999,0.9999,40,0,40,37,53,52,52,0.012601,0.008487,0.026283,1,1,1,2459.5
ecmp,2,29,1,15.713,24.891,0.9999,0.9999,40,0,40,39,53,53,52,0.012488,0.008383,0.026269,1,1,1,2459.5
ecmp,2,30,11,15.424,23.983,0.9999,1.0,41,0,35,41,57,56,56,0.012569,0.008453,0.025251,0,1,1,2459.5
ecmp,2,31,1,11.227,12.666,0.9999,0.9999,41,0,35,41,57,57,56,0.012616,0.008392,0.012672,0,1,1,2459.5
ecmp,2,32,1,11.227,12.66,1.0,1.0,41,0,35,41,57,57,57,0.012668,0.008431,0.012583,0,1,1,2459.5
ecmp,2,33,1,11.227,12.66,0.9999,1.0,41,0,35,41,58,57,57,0.012668,0.008431,0.012583,0,1,1,2459.5
ecmp,2,34,1,11.654,13.311,0.9999,0.9999,41,0,30,41,58,58,57,0.013324,0.008443,0.013195,0,1,1,2459.5
ecmp,2,35,1,11.179,12.562,1.0,1.0,41,0,30,41,58,58,58,0.012566,0.008444,0.012527,0,1,1,2459.5
ecmp,2,36,1,11.416,12.91,0.9999,1.0,41,0,30,41,59,58,58,0.012944,0.008704,0.0126,0,1,1,2459.5
ecmp,2,37,1,11.268,12.708,0.9999,0.9999,41,0,25,41,59,59,58,0.012716,0.008448,0.01264,0,1,1,2459.5
ecmp,2,38,1,11.162,12.583,1.0,1.0,41,0,25,41,59,59,59,0.012589,0.008372,0.012526,0,1,1,2459.5
ecmp,2,39,1,11.162,12.583,0.9999,1.0,41,0,25,41,60,59,59,0.012589,0.008372,0.012526,0,1,1,2459.5
ecmp,2,40,1,11.368,12.837,0.9999,0.9999,41,0,25,41,60,60,59,0.012539,0.008696,0.01287,0,1,1,2459.5
ecmp,2,41,1,11.27,12.766,1.0,1.0,41,0,25,41,60,60,60,0.012573,0.00845,0.012787,0,1,1,2459.5
ecmp,2,42,1,11.186,12.622,0.9999,1.0,41,0,19,41,61,60,60,0.012578,0.008352,0.012627,0,1,1,2459.5
ecmp,2,43,1,11.513,13.326,0.9999,0.9999,41,0,19,41,61,61,60,0.013393,0.008428,0.012719,0,1,1,2459.5
ecmp,2,44,1,11.433,13.105,1.0,1.0,41,0,19,41,61,61,61,0.013148,0.008431,0.012719,0,1,1,2459.5
ecmp,2,45,1,11.405,13.097,0.9999,1.0,41,0,19,41,62,61,61,0.013148,0.008431,0.012637,0,1,1,2459.5
ecmp,2,46,1,11.271,12.736,0.9999,0.9999,41,0,14,41,62,62,61,0.012759,0.008522,0.012532,0,1,1,2459.5
ecmp,2,47,1,11.243,12.597,1.0,1.0,41,0,14,41,62,62,62,0.012476,0.008644,0.01261,0,1,1,2459.5
ecmp,2,48,1,11.522,13.391,0.9999,1.0,41,0,14,41,63,62,62,0.012616,0.008472,0.013477,0,1,1,2459.5
ecmp,2,49,1,11.194,12.556,0.9999,0.9999,41,0,8,41,63,63,62,0.012503,0.008516,0.012562,0,1,1,2459.5
ecmp,2,50,1,11.176,12.551,1.0,1.0,41,0,8,41,63,63,63,0.012449,0.008516,0.012562,0,1,1,2459.5
ecmp,2,51,0,11.412,13.279,1.0,1.0,41,0,8,41,63,63,63,0.012449,0.008417,0.013371,0,1,1,2459.5
ecmp,2,52,1,11.261,12.793,0.9999,1.0,41,0,8,41,64,63,63,0.0126,0.00837,0.012814,0,1,1,2459.5
ecmp,2,53,1,11.261,12.795,0.9999,0.9999,41,0,8,41,64,64,63,0.012494,0.008459,0.012829,0,1,1,2459.5
ecmp,2,54,1,11.254,12.765,1.0,1.0,41,0,3,41,64,64,64,0.012525,0.008446,0.012792,0,1,1,2459.5
ecmp,2,55,1,11.317,12.618,0.9999,1.0,41,0,3,41,65,64,64,0.012624,0.008759,0.012568,0,1,1,2459.5
ecmp,2,56,1,11.317,12.618,0.9999,0.9999,41,0,3,41,65,65,64,0.012624,0.008759,0.012568,0,1,1,2459.5
ecmp,2,57,1,11.207,12.666,1.0,1.0,41,0,3,41,65,65,65,0.012593,0.008354,0.012674,0,1,1,2459.5
ecmp,2,58,1,11.228,12.619,0.9999,1.0,41,0,0,41,66,65,65,0.012595,0.008468,0.012622,0,1,1,2459.5
ecmp,2,59,1,11.299,12.87,0.9999,0.9999,41,0,0,41,66,66,65,0.012905,0.008435,0.012558,0,1,1,2459.5
ecmp,2,60,1,11.272,12.595,1.0,1.0,41,0,0,41,66,66,66,0.012603,0.008686,0.012528,0,1,1,2459.5
ecmp,2,61,1,11.198,12.584,0.9999,1.0,41,0,0,41,67,66,66,0.01259,0.008477,0.012528,0,1,1,2459.5
ecmp,2,62,1,11.237,12.638,1.0,0.9999,41,0,0,41,67,67,66,0.01259,0.008477,0.012643,0,1,1,2459.5
ecmp,2,63,1,11.315,12.853,1.0,1.0,38,0,0,38,67,67,67,0.01287,0.008378,0.012698,0,1,1,2459.5
ecmp,2,64,1,11.22,12.635,1.0,1.0,38,0,0,38,68,67,67,0.012643,0.008452,0.012564,0,1,1,2459.5
ecmp,2,65,1,11.208,12.641,1.0,0.9999,38,0,0,38,68,68,67,0.01255,0.008423,0.012651,0,1,1,2459.5
ecmp,2,66,1,11.238,12.693,1.0,1.0,32,0,0,32,68,68,68,0.012707,0.008435,0.012571,0,1,1,2459.5
ecmp,2,67,1,11.213,12.626,1.0,1.0,32,0,0,32,69,68,68,0.012632,0.008435,0.012571,0,1,1,2459.5
ecmp,2,68,1,11.214,12.641,1.0,0.9999,32,0,0,32,69,69,68,0.012632,0.008367,0.012642,0,1,1,2459.5
ecmp,2,69,1,11.166,12.569,1.0,1.0,32,0,0,32,69,69,69,0.012572,0.008384,0.012543,0,1,1,2459.5
ecmp,2,70,1,11.259,12.691,1.0,1.0,27,0,0,27,70,69,69,0.012692,0.008405,0.01268,0,1,1,2459.5
ecmp,2,71,1,11.145,12.52,1.0,0.9999,27,0,0,27,70,70,69,0.012521,0.008407,0.012507,0,1,1,2459.5
ecmp,2,72,1,11.206,12.588,1.0,1.0,27,0,0,27,70,70,70,0.012588,0.008444,0.012587,0,1,1,2459.5
ecmp,2,73,1,11.206,12.588,1.0,1.0,27,0,0,27,71,70,70,0.012588,0.008444,0.012587,0,1,1,2459.5
ecmp,2,74,1,11.192,12.623,1.0,0.9999,27,0,0,27,71,71,70,0.012542,0.008401,0.012632,0,1,1,2459.5
ecmp,2,75,1,11.634,12.91,1.0,1.0,22,0,0,22,71,71,71,0.012531,0.00942,0.012952,0,1,1,2459.5
ecmp,2,76,1,11.335,12.684,1.0,1.0,21,0,0,21,72,71,71,0.012594,0.008717,0.012694,0,1,1,2459.5
ecmp,2,77,1,11.327,12.745,1.0,1.0,21,0,0,21,72,72,71,0.012579,0.008637,0.012764,0,1,1,2459.5
ecmp,2,78,1,11.228,12.701,1.0,1.0,15,0,0,15,72,72,72,0.012718,0.008418,0.012548,0,1,1,2459.5
ecmp,2,79,1,11.228,12.701,1.0,1.0,15,0,0,15,73,72,72,0.012718,0.008418,0.012548,0,1,1,2459.5
ecmp,2,80,1,11.157,12.531,1.0,1.0,15,0,0,15,73,73,72,0.012532,0.008417,0.012522,0,1,1,2459.5
ecmp,2,81,1,11.296,12.798,1.0,1.0,15,0,0,15,73,73,73,0.01282,0.008466,0.012601,0,1,1,2459.5
ecmp,2,82,1,11.553,12.724,1.0,1.0,10,0,0,10,74,73,73,0.012568,0.009349,0.012741,0,1,1,2459.5
ecmp,2,83,1,11.34,12.663,1.0,1.0,10,0,0,10,74,74,73,0.012672,0.008767,0.01258,0,1,1,2459.5
ecmp,2,84,1,11.424,13.114,1.0,1.0,10,0,0,10,74,74,74,0.013173,0.008519,0.01258,0,1,1,2459.5
ecmp,2,85,1,11.446,13.12,1.0,1.0,10,0,0,10,75,74,74,0.013173,0.008519,0.012645,0,1,1,2459.5
ecmp,2,86,1,11.204,12.574,1.0,1.0,10,0,0,10,75,75,74,0.012561,0.008476,0.012575,0,1,1,2459.5
ecmp,2,87,1,11.191,12.577,1.0,1.0,5,0,0,5,75,75,75,0.012584,0.008473,0.012517,0,1,1,2459.5
ecmp,2,88,1,11.283,12.808,1.0,1.0,5,0,0,5,76,75,75,0.012838,0.008473,0.012538,0,1,1,2459.5
ecmp,2,89,1,11.33,12.908,1.0,1.0,5,0,0,5,76,76,75,0.012946,0.008479,0.012565,0,1,1,2459.5
ecmp,2,90,1,11.136,12.547,1.0,1.0,5,0,0,5,76,76,76,0.012381,0.008462,0.012565,1,1,1,2459.5
ecmp,2,91,11,11.165,12.624,1.0,1.0,0,0,0,0,80,80,79,0.012381,0.008462,0.012651,1,1,1,2459.5
ecmp,2,92,0,15.986,25.333,1.0,1.0,2,2,0,0,80,80,79,0.026754,0.008656,0.012549,1,1,1,2459.5
ecmp,2,93,1,15.995,24.592,1.0,1.0,3,3,0,0,80,80,80,0.025898,0.009247,0.012841,1,1,1,2459.5
ecmp,2,94,11,15.962,25.396,1.0,1.0,5,5,0,0,84,84,83,0.026815,0.008444,0.012626,1,1,1,2459.5
ecmp,2,95,1,15.842,24.848,1.0,1.0,6,6,0,0,84,84,84,0.026173,0.008432,0.012921,1,1,1,2459.5
ecmp,2,96,11,15.842,24.848,1.0,1.0,6,6,0,0,88,88,87,0.026173,0.008432,0.012921,1,1,1,2459.5
ecmp,2,97,1,15.542,24.292,1.0,1.0,8,8,0,0,88,88,88,0.025593,0.008451,0.012583,1,1,1,2459.5
ecmp,2,98,11,15.489,24.024,1.0,1.0,13,13,0,0,92,92,91,0.025273,0.008408,0.012786,1,1,1,2459.5
ecmp,2,99,1,15.895,24.684,1.0,1.0,11,11,0,0,92,92,92,0.02595,0.008448,0.013287,1,1,1,2459.5
ecmp,2,100,11,15.949,25.257,1.0,1.0,13,13,0,0,96,96,95,0.026647,0.00845,0.01275,1,1,1,2459.5
ecmp,2,101,1,15.663,24.484,1.0,1.0,14,14,0,0,96,96,96,0.025788,0.00845,0.01275,1,1,1,2459.5
ecmp,2,102,11,15.622,24.463,1.0,1.0,14,14,0,0,100,100,99,0.025788,0.008539,0.01254,1,1,1,2459.5
ecmp,2,103,1,16.017,24.709,1.0,1.0,16,16,0,0,100,100,100,0.025929,0.008396,0.013726,1,1,1,2459.5
ecmp,2,104,11,15.926,25.562,1.0,1.0,17,17,0,0,104,104,103,0.027029,0.008393,0.012355,1,1,1,2459.5
ecmp,2,105,1,15.791,25.029,1.0,1.0,19,19,0,0,104,104,104,0.026416,0.008414,0.012543,1,1,1,2459.5
ecmp,2,106,11,15.684,24.752,1.0,1.0,21,21,0,0,108,108,107,0.026108,0.0084,0.012543,1,1,1,2459.5
ecmp,2,107,1,15.717,24.761,1.0,1.0,21,21,0,0,108,108,108,0.026108,0.0084,0.012642,1,1,1,2459.5
ecmp,2,108,11,15.753,24.728,1.0,1.0,22,22,0,0,112,112,111,0.02606,0.008459,0.01274,1,1,1,2459.5
ecmp,2,109,1,15.816,24.853,1.0,1.0,24,24,0,0,112,112,112,0.026196,0.008486,0.012767,1,1,1,2459.5
ecmp,2,110,11,15.695,24.575,1.0,1.0,25,25,0,0,116,116,115,0.0259,0.008532,0.012654,1,1,1,2459.5
ecmp,2,111,1,15.884,24.886,1.0,1.0,27,27,0,0,116,116,116,0.026207,0.00845,0.012994,1,1,1,2459.5
ecmp,2,112,11,15.944,25.049,1.0,1.0,29,29,0,0,120,120,119,0.026389,0.00845,0.012994,1,1,1,2459.5
ecmp,2,113,1,15.795,25.009,1.0,1.0,29,29,0,0,120,120,120,0.026389,0.008408,0.012589,1,1,1,2459.5
ecmp,2,114,11,15.934,25.355,1.0,1.0,30,30,0,0,124,124,123,0.026772,0.008429,0.012602,1,1,1,2459.5
ecmp,2,115,0,16.121,25.829,1.0,1.0,32,32,0,0,124,124,123,0.027296,0.008437,0.012629,1,1,1,2459.5
ecmp,2,116,1,15.896,25.3,1.0,1.0,33,33,0,0,124,124,124,0.026714,0.008397,0.012577,1,1,1,2459.5
ecmp,2,117,11,15.716,24.79,1.0,1.0,35,35,0,0,128,128,127,0.026147,0.008424,0.012577,1,1,1,2459.5
ecmp,2,118,1,15.689,24.782,1.0,1.0,35,35,0,0,128,128,128,0.026147,0.008424,0.012495,1,1,1,2459.5
ecmp,2,119,11,15.681,24.714,1.0,1.0,36,36,0,0,132,132,131,0.026073,0.008486,0.012485,1,1,1,2459.5
ecmp,2,120,1,15.751,24.814,1.0,1.0,38,38,0,0,132,132,132,0.026169,0.008467,0.012618,1,0,1,2459.5
ecmp,2,121,1,11.192,12.632,1.0,1.0,38,38,0,0,133,132,132,0.012643,0.0084,0.012534,1,0,1,2459.5
ecmp,2,122,1,11.181,12.571,1.0,1.0,38,38,0,0,133,133,132,0.012521,0.008447,0.012576,1,0,1,2459.5
ecmp,2,123,1,11.54,13.495,1.0,1.0,38,38,0,0,133,133,133,0.013597,0.008447,0.012576,1,0,1,2459.5
ecmp,2,124,1,11.805,13.574,1.0,1.0,38,38,0,0,134,133,133,0.013597,0.008453,0.013365,1,0,1,2459.5
ecmp,2,125,1,11.314,12.876,1.0,1.0,38,38,0,0,134,134,133,0.012907,0.008434,0.0126,1,0,1,2459.5
ecmp,2,126,1,11.296,12.8,1.0,1.0,38,38,0,0,134,134,134,0.012822,0.00846,0.012607,1,0,1,2459.5
ecmp,2,127,1,11.203,12.567,1.0,1.0,38,38,0,0,135,134,134,0.012573,0.008519,0.012516,1,0,1,2459.5
ecmp,2,128,1,11.183,12.607,1.0,1.0,38,38,0,0,135,135,134,0.012598,0.008343,0.012608,1,0,1,2459.5
ecmp,2,129,1,11.183,12.607,1.0,1.0,38,38,0,0,135,135,135,0.012598,0.008343,0.012608,1,0,1,2459.5
ecmp,2,130,1,11.585,13.507,1.0,1.0,38,38,0,0,136,135,135,0.012455,0.008676,0.013624,1,0,1,2459.5
ecmp,2,131,1,11.198,12.595,1.0,1.0,38,38,0,0,136,136,135,0.012602,0.008461,0.012532,1,0,1,2459.5
ecmp,2,132,1,11.169,12.586,1.0,1.0,38,38,0,0,136,136,136,0.012589,0.008362,0.012556,1,0,1,2459.5
ecmp,2,133,1,11.476,13.376,1.0,1.0,38,38,0,0,137,136,136,0.013462,0.008369,0.012598,1,0,1,2459.5
ecmp,2,134,1,11.257,12.796,1.0,1.0,38,38,0,0,137,137,136,0.01252,0.008425,0.012827,1,0,1,2459.5
ecmp,2,135,1,11.257,12.796,1.0,1.0,38,38,0,0,137,137,137,0.01252,0.008425,0.012827,1,0,1,2459.5
ecmp,2,136,1,11.316,12.875,1.0,1.0,38,38,0,0,138,137,137,0.012577,0.008463,0.012908,1,0,1,2459.5
ecmp,2,137,1,11.209,12.597,1.0,1.0,38,38,0,0,138,138,137,0.012584,0.008446,0.012598,1,0,1,2459.5
ecmp,2,138,1,11.195,12.595,1.0,1.0,38,38,0,0,138,138,138,0.012584,0.008405,0.012596,1,0,1,2459.5
ecmp,2,139,1,11.246,12.545,1.0,1.0,38,38,0,0,139,138,138,0.012553,0.008707,0.012478,1,0,1,2459.5
ecmp,2,140,1,11.183,12.522,1.0,1.0,38,38,0,0,139,139,138,0.012527,0.008543,0.012478,1,0,1,2459.5
ecmp,2,141,1,11.212,12.561,1.0,1.0,38,38,0,0,139,139,139,0.012527,0.008543,0.012565,1,0,1,2459.5
ecmp,2,142,1,11.193,12.604,1.0,1.0,38,38,0,0,140,139,139,0.012512,0.008454,0.012614,1,0,1,2459.5
ecmp,2,143,1,11.462,13.343,1.0,1.0,38,38,0,0,140,140,139,0.012501,0.008449,0.013437,1,0,1,2459.5
ecmp,2,144,1,11.165,12.553,1.0,1.0,38,38,0,0,140,140,140,0.012551,0.008391,0.012553,1,0,1,2459.5
ecmp,2,145,1,11.279,12.869,1.0,1.0,38,38,0,0,141,140,140,0.012531,0.0084,0.012906,1,0,1,2459.5
ecmp,2,146,1,11.567,13.346,1.0,1.0,38,38,0,0,141,141,140,0.013395,0.0084,0.012906,1,0,1,2459.5
ecmp,2,147,1,11.505,13.326,1.0,1.0,38,38,0,0,141,141,141,0.013395,0.008419,0.012702,1,0,1,2459.5
ecmp,2,148,1,11.217,12.636,1.0,1.0,38,38,0,0,142,141,141,0.012582,0.008426,0.012642,1,0,1,2459.5
ecmp,2,149,1,11.272,12.777,1.0,1.0,38,38,0,0,142,142,141,0.0128,0.008446,0.01257,1,0,1,2459.5
ecmp,2,150,1,11.175,12.581,1.0,1.0,38,38,0,0,142,142,142,0.012496,0.008439,0.012591,1,1,1,2459.5
ecmp,2,151,1,15.82,21.337,1.0,1.0,38,38,1,0,143,142,142,0.012612,0.022307,0.012541,1,1,1,2459.5
ecmp,2,152,1,15.82,21.337,1.0,1.0,38,38,1,0,143,143,142,0.012612,0.022307,0.012541,1,1,1,2459.5
ecmp,2,153,10,14.417,17.46,1.0,1.0,37,37,3,0,146,146,146,0.012422,0.017971,0.012857,1,1,1,2459.5
ecmp,2,154,1,14.516,17.179,1.0,1.0,37,37,4,0,147,146,146,0.01353,0.017584,0.012433,1,1,1,2459.5
ecmp,2,155,11,14.516,17.568,1.0,1.0,37,37,6,0,150,150,150,0.012606,0.018092,0.01285,1,1,1,2459.5
ecmp,2,156,1,14.544,17.772,1.0,1.0,31,31,7,0,151,150,150,0.012536,0.018328,0.012769,1,1,1,2459.5
ecmp,2,157,11,14.545,17.772,1.0,1.0,31,31,7,0,154,154,154,0.012537,0.018328,0.012769,1,1,1,2459.5
ecmp,2,158,1,14.276,17.214,1.0,1.0,31,31,9,0,155,154,154,0.012537,0.017731,0.01256,1,1,1,2459.5
ecmp,2,159,11,14.72,17.699,1.0,1.0,31,31,10,0,158,158,158,0.013405,0.018176,0.01258,1,1,1,2459.5
ecmp,2,160,1,14.453,17.592,1.0,1.0,27,27,12,0,159,158,158,0.012612,0.018145,0.012603,1,1,1,2459.5
ecmp,2,161,11,14.489,17.627,1.0,1.0,27,27,14,0,162,162,162,0.012734,0.018171,0.012562,1,1,1,2459.5
ecmp,2,162,1,14.275,17.207,1.0,1.0,27,27,15,0,163,162,162,0.012512,0.017719,0.012595,1,1,1,2459.5
ecmp,2,163,11,14.275,17.207,1.0,1.0,27,27,15,0,166,166,166,0.012512,0.017719,0.012595,1,1,1,2459.5
ecmp,2,164,1,14.675,17.333,1.0,1.0,27,27,17,0,167,166,166,0.012711,0.017752,0.013562,1,1,1,2459.5
ecmp,2,165,11,14.263,17.083,1.0,1.0,21,21,18,0,170,170,170,0.01267,0.017573,0.012546,1,1,1,2459.5
ecmp,2,166,1,14.273,17.169,1.0,1.0,21,21,20,0,171,170,170,0.012605,0.017676,0.012537,1,1,1,2459.5
ecmp,2,167,11,14.408,17.63,1.0,1.0,22,21,22,0,174,174,174,0.012473,0.018193,0.012559,1,1,1,2459.5
ecmp,2,168,1,14.416,17.345,1.0,1.0,23,16,23,0,175,174,174,0.012845,0.017845,0.012559,1,1,1,2459.5
ecmp,2,169,11,14.439,17.345,1.0,1.0,23,16,23,0,178,178,178,0.012845,0.017845,0.012627,1,1,1,2459.5
ecmp,2,170,1,14.291,17.185,1.0,1.0,25,16,25,0,179,178,178,0.012532,0.017689,0.012652,1,1,1,2459.5
ecmp,2,171,11,14.321,17.328,1.0,1.0,26,16,26,0,182,182,182,0.012554,0.017858,0.012552,1,1,1,2459.5
ecmp,2,172,1,14.348,17.322,1.0,1.0,28,11,28,0,183,182,182,0.012569,0.017843,0.012633,1,1,1,2459.5
ecmp,2,173,11,14.512,17.226,1.0,1.0,29,11,29,0,186,186,186,0.013351,0.017657,0.012529,1,1,1,2459.5
ecmp,2,174,1,14.512,17.226,1.0,1.0,29,11,29,0,187,186,186,0.013351,0.017657,0.012529,1,1,1,2459.5
ecmp,2,175,1,14.319,17.415,1.0,1.0,31,11,31,0,187,187,186,0.012468,0.017957,0.012533,1,1,1,2459.5
ecmp,2,176,10,14.355,17.225,1.0,1.0,33,11,33,0,190,190,190,0.012516,0.017713,0.012837,1,1,1,2459.5
ecmp,2,177,1,14.295,17.294,1.0,1.0,34,5,34,0,191,190,190,0.012508,0.01782,0.012557,1,1,1,2459.5
ecmp,2,178,11,14.706,17.775,1.0,1.0,36,5,36,0,194,194,194,0.013297,0.018273,0.012547,1,1,1,2459.5
ecmp,2,179,1,14.331,17.315,1.0,1.0,37,5,37,0,195,194,194,0.012609,0.017838,0.012547,1,1,1,2459.5
ecmp,3,0,0,15.78,24.988,1.0,1.0,0,0,0,0,0,0,0,0.012536,0.008433,0.026372,1,1,1,2390.8
ecmp,3,1,1,15.684,24.784,0.3333,0.3333,41,0,41,3,1,0,0,0.012548,0.008361,0.026143,1,1,1,2390.8
ecmp,3,2,1,15.684,24.784,0.6667,0.6667,41,0,41,3,1,1,0,0.012548,0.008361,0.026143,1,1,1,2390.8
ecmp,3,3,11,15.68,24.827,0.9883,0.9883,41,0,41,5,5,4,4,0.012431,0.008405,0.026204,1,1,1,2390.8
ecmp,3,4,1,15.669,24.655,0.9899,0.9899,41,0,41,6,5,5,4,0.012628,0.008389,0.025991,1,1,1,2390.8
ecmp,3,5,11,15.788,24.824,0.9968,0.9968,41,0,41,8,9,8,8,0.012831,0.008377,0.026157,1,1,1,2390.8
ecmp,3,6,1,15.587,24.345,0.9971,0.9971,41,0,41,9,9,9,8,0.012605,0.008506,0.025649,1,1,1,2390.8
ecmp,3,7,11,15.756,24.396,0.9985,0.9985,41,0,41,9,13,12,12,0.013114,0.008506,0.025649,1,1,1,2390.8
ecmp,3,8,1,16.007,25.142,0.9986,0.9986,41,0,41,11,13,13,12,0.013114,0.008429,0.026479,1,1,1,2390.8
ecmp,3,9,11,15.714,24.756,0.9992,0.9992,41,0,41,12,17,16,16,0.012585,0.008448,0.026108,1,1,1,2390.8
ecmp,3,10,1,15.873,25.288,0.9992,0.9992,41,0,41,14,17,17,16,0.012436,0.008466,0.026716,1,1,1,2390.8
ecmp,3,11,11,15.675,24.797,0.9995,0.9995,41,0,41,16,21,20,20,0.012467,0.008391,0.026167,1,1,1,2390.8
ecmp,3,12,1,15.942,24.803,0.9995,0.9995,41,0,41,16,21,21,20,0.012527,0.009131,0.026167,1,1,1,2390.8
ecmp,3,13,11,15.974,24.89,0.9996,0.9996,41,0,41,17,25,24,24,0.012527,0.009131,0.026264,1,1,1,2390.8
ecmp,3,14,1,16.022,25.641,0.9996,0.9996,41,0,41,19,25,25,24,0.012555,0.008415,0.027095,1,1,1,2390.8
ecmp,3,15,11,15.787,24.965,0.9997,0.9997,41,0,41,20,29,28,28,0.012556,0.008462,0.026344,1,1,1,2390.8
ecmp,3,16,1,15.64,24.587,0.9997,0.9997,41,0,41,22,29,29,28,0.012575,0.008423,0.025922,1,1,1,2390.8
ecmp,3,17,11,15.698,24.746,0.9998,0.9998,41,0,41,24,33,32,32,0.012434,0.008546,0.026114,1,1,1,2390.8
ecmp,3,18,1,15.738,24.758,0.9998,0.9998,41,0,41,24,33,33,32,0.012555,0.008546,0.026114,1,1,1,2390.8
ecmp,3,19,11,15.719,24.801,0.9998,0.9998,41,0,41,25,37,36,36,0.012555,0.00844,0.026162,1,1,1,2390.8
ecmp,3,20,1,15.726,24.778,0.9998,0.9998,41,0,41,27,37,37,36,0.012602,0.008446,0.026131,1,1,1,2390.8
ecmp,3,21,11,15.858,24.897,0.9999,0.9999,41,0,41,28,41,40,40,0.012931,0.008417,0.026227,1,1,1,2390.8
ecmp,3,22,1,15.84,24.912,0.9999,0.9999,41,0,41,30,41,41,40,0.012833,0.008432,0.026254,1,1,1,2390.8
ecmp,3,23,1,15.817,24.909,1.0,1.0,41,0,41,30,41,41,41,0.0128,0.008396,0.026254,1,1,1,2390.8
ecmp,3,24,10,15.547,24.18,0.9999,0.9999,41,0,41,32,45,44,44,0.0128,0.008396,0.025444,1,1,1,2390.8
ecmp,3,25,1,15.746,24.794,0.9999,0.9999,41,0,41,33,45,45,44,0.01264,0.008453,0.026145,1,1,1,2390.8
ecmp,3,26,11,15.725,24.813,0.9999,0.9999,41,0,41,35,49,48,48,0.012607,0.0084,0.026169,1,1,1,2390.8
ecmp,3,27,1,16.083,24.811,0.9999,0.9999,41,0,41,36,49,49,48,0.012821,0.009284,0.026143,1,1,1,2390.8
ecmp,3,28,11,15.805,25.017,0.9999,0.9999,38,0,38,38,53,52,52,0.012589,0.008429,0.026398,1,1,1,2390.8
ecmp,3,29,1,15.811,25.019,0.9999,0.9999,38,0,38,38,53,53,52,0.012607,0.008429,0.026398,1,1,1,2390.8
ecmp,3,30,11,15.843,25.078,0.9999,1.0,39,0,38,39,57,56,56,0.012607,0.008459,0.026464,0,1,1,2390.8
ecmp,3,31,1,11.242,12.58,0.9999,0.9999,40,0,38,40,57,57,56,0.01258,0.008568,0.012578,0,1,1,2390.8
ecmp,3,32,1,11.245,12.576,1.0,1.0,40,0,33,40,57,57,57,0.012579,0.00861,0.012547,0,1,1,2390.8
ecmp,3,33,1,11.189,12.537,0.9999,1.0,40,0,33,40,58,57,57,0.012538,0.008498,0.012531,0,1,1,2390.8
ecmp,3,34,1,11.243,12.639,0.9999,0.9999,40,0,33,40,58,58,57,0.012643,0.008477,0.012608,0,1,1,2390.8
ecmp,3,35,1,11.243,12.639,1.0,1.0,40,0,33,40,58,58,58,0.012643,0.008477,0.012608,0,1,1,2390.8
ecmp,3,36,1,11.589,13.369,0.9999,1.0,40,0,33,40,59,58,58,0.012905,0.008443,0.01342,0,1,1,2390.8
ecmp,3,37,1,11.291,12.831,0.9999,0.9999,40,0,27,40,59,59,58,0.012858,0.008423,0.012592,0,1,1,2390.8
ecmp,3,38,1,11.244,12.559,1.0,1.0,40,0,27,40,59,59,59,0.012483,0.008682,0.012568,0,1,1,2390.8
ecmp,3,39,1,11.2,12.657,0.9999,1.0,40,0,27,40,60,59,59,0.012672,0.008407,0.01252,0,1,1,2390.8
ecmp,3,40,1,11.182,12.538,0.9999,0.9999,40,0,22,40,60,60,59,0.01254,0.008486,0.01252,0,1,1,2390.8
ecmp,3,41,1,11.193,12.551,1.0,1.0,40,0,22,40,60,60,60,0.01254,0.008486,0.012552,0,1,1,2390.8
ecmp,3,42,1,11.18,12.551,0.9999,1.0,40,0,22,40,61,60,60,0.01248,0.008501,0.012559,0,1,1,2390.8
ecmp,3,43,1,11.144,12.541,0.9999,0.9999,40,0,22,40,61,61,60,0.012545,0.008379,0.012509,0,1,1,2390.8
ecmp,3,44,1,11.171,12.601,1.0,1.0,40,0,17,40,61,61,61,0.012613,0.008404,0.012495,0,1,1,2390.8
ecmp,3,45,1,11.17,12.583,0.9999,1.0,40,0,17,40,62,61,61,0.012591,0.008406,0.012513,0,1,1,2390.8
ecmp,3,46,1,11.185,12.624,0.9999,0.9999,40,0,17,40,62,62,61,0.012636,0.008406,0.012513,0,1,1,2390.8
ecmp,3,47,1,11.477,12.619,1.0,1.0,40,0,17,40,62,62,62,0.012636,0.009328,0.012466,0,1,1,2390.8
ecmp,3,48,1,11.246,12.733,0.9999,1.0,40,0,17,40,63,62,62,0.01254,0.008443,0.012754,0,1,1,2390.8
ecmp,3,49,1,11.217,12.639,0.9999,0.9999,40,0,11,40,63,63,62,0.012652,0.008472,0.012527,0,1,1,2390.8
ecmp,3,50,1,11.303,12.87,1.0,1.0,40,0,11,40,63,63,63,0.012575,0.008431,0.012903,0,1,1,2390.8
ecmp,3,51,1,11.22,12.635,0.9999,1.0,40,0,11,40,64,63,63,0.012556,0.008461,0.012644,0,1,1,2390.8
ecmp,3,52,1,11.242,12.642,0.9999,0.9999,40,0,11,40,64,64,63,0.012621,0.008461,0.012644,0,1,1,2390.8
ecmp,3,53,1,11.197,12.609,1.0,1.0,40,0,7,40,64,64,64,0.012621,0.008468,0.012501,0,1,1,2390.8
ecmp,3,54,1,11.167,12.549,0.9999,1.0,40,0,7,40,65,64,64,0.012516,0.008433,0.012553,0,1,1,2390.8
ecmp,3,55,1,11.25,12.7,0.9999,0.9999,40,0,7,40,65,65,64,0.012579,0.008457,0.012714,0,1,1,2390.8
ecmp,3,56,1,11.182,12.63,1.0,1.0,40,0,2,40,65,65,65,0.012525,0.008379,0.012642,0,1,1,2390.8
ecmp,3,57,1,11.496,12.625,0.9999,1.0,40,0,2,40,66,65,65,0.012639,0.009345,0.012503,0,1,1,2390.8
ecmp,3,58,1,11.496,12.625,0.9999,0.9999,40,0,2,40,66,66,65,0.012639,0.009345,0.012503,0,1,1,2390.8
ecmp,3,59,1,11.198,12.609,1.0,1.0,40,0,2,40,66,66,66,0.012574,0.008407,0.012613,0,1,1,2390.8
ecmp,3,60,0,11.157,12.575,1.0,1.0,40,0,2,40,66,66,66,0.012522,0.008368,0.012581,0,1,1,2390.8
ecmp,3,61,1,11.217,12.584,0.9999,1.0,38,0,0,38,67,66,66,0.012581,0.008486,0.012584,0,1,1,2390.8
ecmp,3,62,1,11.605,13.35,1.0,0.9999,38,0,0,38,67,67,66,0.01283,0.008576,0.013408,0,1,1,2390.8
ecmp,3,63,1,11.47,13.321,1.0,1.0,38,0,0,38,67,67,67,0.012534,0.008469,0.013408,0,1,1,2390.8
ecmp,3,64,1,11.193,12.572,1.0,1.0,38,0,0,38,68,67,67,0.012534,0.008469,0.012576,0,1,1,2390.8
ecmp,3,65,1,11.237,12.696,1.0,0.9999,34,0,0,34,68,68,67,0.012598,0.008405,0.012707,0,1,1,2390.8
ecmp,3,66,1,11.208,12.618,1.0,1.0,34,0,0,34,68,68,68,0.012621,0.008408,0.012594,0,1,1,2390.8
ecmp,3,67,1,11.256,12.803,1.0,1.0,34,0,0,34,69,68,68,0.012505,0.008427,0.012836,0,1,1,2390.8
ecmp,3,68,1,11.252,12.708,1.0,0.9999,34,0,0,34,69,69,68,0.012562,0.008471,0.012724,0,1,1,2390.8
ecmp,3,69,1,11.23,12.708,1.0,1.0,34,0,0,34,69,69,69,0.012566,0.008399,0.012724,0,1,1,2390.8
ecmp,3,70,1,11.476,13.372,1.0,1.0,29,0,0,29,70,69,69,0.012566,0.008399,0.013462,0,1,1,2390.8
ecmp,3,71,1,11.477,13.373,1.0,0.9999,29,0,0,29,70,70,69,0.013465,0.008422,0.012543,0,1,1,2390.8
ecmp,3,72,1,11.214,12.603,1.0,1.0,29,0,0,29,70,70,70,0.012613,0.00852,0.01251,0,1,1,2390.8
ecmp,3,73,1,11.313,12.781,1.0,1.0,23,0,0,23,71,70,70,0.012627,0.008515,0.012798,0,1,1,2390.8
ecmp,3,74,1,11.216,12.607,1.0,0.9999,23,0,0,23,71,71,70,0.012531,0.008503,0.012615,0,1,1,2390.8
ecmp,3,75,1,11.216,12.607,1.0,1.0,23,0,0,23,71,71,71,0.01253,0.008503,0.012615,0,1,1,2390.8
ecmp,3,76,1,11.245,12.732,1.0,1.0,23,0,0,23,72,71,71,0.01253,0.008451,0.012755,0,1,1,2390.8
ecmp,3,77,1,11.393,12.761,1.0,1.0,18,0,0,18,72,72,71,0.012574,0.008824,0.012782,0,1,1,2390.8
ecmp,3,78,1,11.142,12.582,1.0,1.0,18,0,0,18,72,72,72,0.01259,0.008323,0.012513,0,1,1,2390.8
ecmp,3,79,1,11.236,12.651,1.0,1.0,18,0,0,18,73,72,72,0.012655,0.008438,0.012616,0,1,1,2390.8
ecmp,3,80,1,11.318,12.823,1.0,1.0,18,0,0,18,73,73,72,0.012521,0.008575,0.012857,0,1,1,2390.8
ecmp,3,81,1,11.318,12.823,1.0,1.0,18,0,0,18,73,73,73,0.012521,0.008575,0.012857,0,1,1,2390.8
ecmp,3,82,1,11.236,12.793,1.0,1.0,13,0,0,13,74,73,73,0.012532,0.008355,0.012822,0,1,1,2390.8
ecmp,3,83,1,11.227,12.606,1.0,1.0,13,0,0,13,74,74,73,0.012501,0.008563,0.012618,0,1,1,2390.8
ecmp,3,84,1,11.173,12.535,1.0,1.0,13,0,0,13,74,74,74,0.01253,0.008454,0.012536,0,1,1,2390.8
ecmp,3,85,1,11.202,12.689,1.0,1.0,7,0,0,7,75,74,74,0.012467,0.008426,0.012714,0,1,1,2390.8
ecmp,3,86,1,11.491,13.218,1.0,1.0,7,0,0,7,75,75,74,0.012608,0.008579,0.013286,0,1,1,2390.8
ecmp,3,87,1,11.491,13.218,1.0,1.0,7,0,0,7,75,75,75,0.012608,0.008579,0.013286,0,1,1,2390.8
ecmp,3,88,1,11.806,13.777,1.0,1.0,7,0,0,7,76,75,75,0.013913,0.008955,0.012549,0,1,1,2390.8
ecmp,3,89,1,11.234,12.737,1.0,1.0,7,0,0,7,76,76,75,0.012754,0.008367,0.012581,0,1,1,2390.8
ecmp,3,90,1,11.163,12.574,1.0,1.0,2,0,0,2,76,76,76,0.012544,0.008368,0.012577,1,1,1,2390.8
ecmp,3,91,11,17.319,29.123,1.0,1.0,2,1,0,2,80,80,79,0.030973,0.008513,0.012471,1,1,1,2390.8
ecmp,3,92,1,15.652,24.672,1.0,1.0,3,3,0,2,80,80,80,0.026028,0.008456,0.012471,1,1,1,2390.8
ecmp,3,93,11,15.674,24.679,1.0,1.0,3,3,0,2,84,84,83,0.026028,0.008456,0.012537,1,1,1,2390.8
ecmp,3,94,1,15.85,24.542,1.0,1.0,5,5,0,0,84,84,84,0.02587,0.009092,0.012588,1,1,1,2390.8
ecmp,3,95,11,15.719,24.835,1.0,1.0,6,6,0,0,88,88,87,0.026204,0.008441,0.012511,1,1,1,2390.8
ecmp,3,96,0,15.667,24.579,1.0,1.0,8,8,0,0,88,88,87,0.025909,0.008477,0.012614,1,1,1,2390.8
ecmp,3,97,1,16.082,25.598,1.0,1.0,9,9,0,0,88,88,88,0.027038,0.008573,0.012635,1,1,1,2390.8
ecmp,3,98,11,16.082,25.598,1.0,1.0,9,9,0,0,92,92,91,0.027038,0.008573,0.012635,1,1,1,2390.8
ecmp,3,99,1,16.056,25.732,1.0,1.0,11,11,0,0,92,92,92,0.027198,0.008434,0.012535,1,1,1,2390.8
ecmp,3,100,11,15.699,24.866,1.0,1.0,13,13,0,0,96,96,95,0.026242,0.008372,0.012483,1,1,1,2390.8
ecmp,3,101,1,15.864,25.235,1.0,1.0,14,14,0,0,96,96,96,0.02664,0.00836,0.012593,1,1,1,2390.8
ecmp,3,102,11,15.811,25.033,1.0,1.0,16,16,0,0,100,100,99,0.026416,0.008435,0.012583,1,1,1,2390.8
ecmp,3,103,1,15.885,25.232,1.0,1.0,17,17,0,0,100,100,100,0.026638,0.008435,0.012583,1,1,1,2390.8
ecmp,3,104,11,15.885,25.235,1.0,1.0,17,17,0,0,104,104,103,0.026638,0.008408,0.01261,1,1,1,2390.8
ecmp,3,105,1,15.626,24.52,1.0,1.0,19,19,0,0,104,104,104,0.025848,0.008459,0.01257,1,1,1,2390.8
ecmp,3,106,11,15.595,24.538,1.0,1.0,20,20,0,0,108,108,107,0.025878,0.008432,0.012476,1,1,1,2390.8
ecmp,3,107,1,15.996,25.336,1.0,1.0,22,22,0,0,108,108,108,0.026754,0.008664,0.012571,1,1,1,2390.8
ecmp,3,108,11,15.799,24.968,1.0,1.0,24,24,0,0,112,112,111,0.026341,0.00844,0.012616,1,1,1,2390.8
ecmp,3,109,1,15.799,24.968,1.0,1.0,24,24,0,0,112,112,112,0.026341,0.00844,0.012616,1,1,1,2390.8
ecmp,3,110,11,15.72,24.768,1.0,1.0,25,25,0,0,116,116,115,0.026118,0.008424,0.012617,1,1,1,2390.8
ecmp,3,111,1,15.772,24.857,1.0,1.0,27,27,0,0,116,116,116,0.026218,0.008493,0.012604,1,1,1,2390.8
ecmp,3,112,11,15.642,24.623,1.0,1.0,28,28,0,0,120,120,119,0.025965,0.008411,0.012549,1,1,1,2390.8
ecmp,3,113,1,16.025,25.66,1.0,1.0,30,30,0,0,120,120,120,0.027119,0.008424,0.012533,1,1,1,2390.8
ecmp,3,114,11,15.721,24.839,1.0,1.0,32,32,0,0,124,124,123,0.026206,0.008424,0.012533,1,1,1,2390.8
ecmp,3,115,1,15.759,24.845,1.0,1.0,32,32,0,0,124,124,124,0.026206,0.00848,0.012592,1,1,1,2390.8
ecmp,3,116,11,15.824,25.044,1.0,1.0,33,33,0,0,128,128,127,0.02642,0.008393,0.012658,1,1,1,2390.8
ecmp,3,117,1,15.642,24.603,1.0,1.0,35,35,0,0,128,128,128,0.025936,0.008388,0.012603,1,1,1,2390.8
ecmp,3,118,1,16.341,26.255,1.0,1.0,36,36,0,0,129,128,128,0.027744,0.008425,0.012855,1,1,1,2390.8
ecmp,3,119,10,15.679,24.685,1.0,1.0,38,38,0,0,132,132,131,0.026033,0.008448,0.012555,1,1,1,2390.8
ecmp,3,120,1,15.679,24.685,1.0,1.0,38,38,0,0,132,132,132,0.026033,0.008448,0.012555,1,0,1,2390.8
ecmp,3,121,1,11.244,12.57,1.0,1.0,0,0,0,0,133,132,132,0.012574,0.008627,0.01253,1,0,1,2390.8
ecmp,3,122,1,11.405,13.186,1.0,1.0,38,38,0,0,133,133,132,0.013257,0.008413,0.012546,1,0,1,2390.8
ecmp,3,123,1,11.178,12.58,1.0,1.0,38,38,0,0,133,133,133,0.012584,0.008403,0.012547,1,0,1,2390.8
ecmp,3,124,1,11.293,12.843,1.0,1.0,38,38,0,0,134,133,133,0.012876,0.008457,0.012546,1,0,1,2390.8
ecmp,3,125,1,11.221,12.637,1.0,1.0,38,38,0,0,134,134,133,0.012647,0.008469,0.012546,1,0,1,2390.8
ecmp,3,126,1,11.25,12.646,1.0,1.0,38,38,0,0,134,134,134,0.012647,0.008469,0.012634,1,0,1,2390.8
ecmp,3,127,1,11.289,12.639,1.0,1.0,38,38,0,0,135,134,134,0.012644,0.008626,0.012596,1,0,1,2390.8
ecmp,3,128,1,11.58,12.813,1.0,1.0,38,38,0,0,135,135,134,0.012579,0.009322,0.012839,1,0,1,2390.8
ecmp,3,129,1,11.507,13.344,1.0,1.0,38,38,0,0,135,135,135,0.012653,0.008448,0.013421,1,0,1,2390.8
ecmp,3,130,1,11.227,12.636,1.0,1.0,38,38,0,0,136,135,135,0.012537,0.008498,0.012647,1,0,1,2390.8
ecmp,3,131,1,11.245,12.641,1.0,1.0,38,38,0,0,136,136,135,0.012591,0.008498,0.012647,1,0,1,2390.8
ecmp,3,132,1,11.184,12.586,1.0,1.0,38,38,0,0,136,136,136,0.012591,0.008425,0.012537,1,0,1,2390.8
ecmp,3,133,1,11.205,12.649,1.0,1.0,38,38,0,0,137,136,136,0.012545,0.00841,0.012661,1,0,1,2390.8
ecmp,3,134,1,11.172,12.599,1.0,1.0,38,38,0,0,137,137,136,0.012532,0.008379,0.012606,1,0,1,2390.8
ecmp,3,135,1,11.225,12.649,1.0,1.0,38,38,0,0,137,137,137,0.012603,0.008418,0.012654,1,0,1,2390.8
ecmp,3,136,1,11.164,12.544,1.0,1.0,38,38,0,0,138,137,137,0.012547,0.008424,0.012522,1,0,1,2390.8
ecmp,3,137,1,11.302,12.917,1.0,1.0,38,38,0,0,138,138,137,0.012961,0.008424,0.012522,1,0,1,2390.8
ecmp,3,138,1,11.629,12.941,1.0,1.0,38,38,0,0,138,138,138,0.012961,0.009162,0.012763,1,0,1,2390.8
ecmp,3,139,1,11.196,12.586,1.0,1.0,38,38,0,0,139,138,138,0.012576,0.008426,0.012587,1,0,1,2390.8
ecmp,3,140,1,11.211,12.525,1.0,1.0,38,38,0,0,139,139,138,0.012527,0.008598,0.012508,1,0,1,2390.8
ecmp,3,141,1,11.239,12.68,1.0,1.0,38,38,0,0,139,139,139,0.012692,0.008454,0.012571,1,0,1,2390.8
ecmp,3,142,1,11.213,12.656,1.0,1.0,38,38,0,0,140,139,139,0.012665,0.008401,0.012574,1,0,1,2390.8
ecmp,3,143,1,11.213,12.656,1.0,1.0,38,38,0,0,140,140,139,0.012665,0.008401,0.012574,1,0,1,2390.8
ecmp,3,144,1,11.168,12.571,1.0,1.0,38,38,0,0,140,140,140,0.012581,0.008443,0.012479,1,0,1,2390.8
ecmp,3,145,1,11.237,12.756,1.0,1.0,38,38,0,0,141,140,140,0.012781,0.008401,0.012528,1,0,1,2390.8
ecmp,3,146,1,11.298,12.807,1.0,1.0,38,38,0,0,141,141,140,0.012824,0.008414,0.012655,1,0,1,2390.8
ecmp,3,147,1,11.458,12.783,1.0,1.0,38,38,0,0,141,141,141,0.012788,0.008852,0.012734,1,0,1,2390.8
ecmp,3,148,1,11.363,12.883,1.0,1.0,38,38,0,0,142,141,141,0.012797,0.0084,0.012893,1,0,1,2390.8
ecmp,3,149,1,11.363,12.883,1.0,1.0,38,38,0,0,142,142,141,0.012797,0.0084,0.012893,1,0,1,2390.8
ecmp,3,150,1,11.361,12.814,1.0,1.0,38,38,0,0,142,142,142,0.012814,0.008456,0.012812,1,1,1,2390.8
ecmp,3,151,1,15.485,20.433,1.0,1.0,38,38,1,0,143,142,142,0.012597,0.021304,0.012555,1,1,1,2390.8
ecmp,3,152,11,14.332,17.32,1.0,1.0,38,38,2,0,146,146,146,0.012549,0.017844,0.012603,1,1,1,2390.8
ecmp,3,153,1,14.259,17.161,1.0,1.0,38,38,4,0,147,146,146,0.012536,0.017671,0.012571,1,1,1,2390.8
ecmp,3,154,11,14.25,17.088,1.0,1.0,38,38,5,0,150,150,150,0.012595,0.017587,0.012568,1,1,1,2390.8
ecmp,3,155,1,14.25,17.088,1.0,1.0,38,38,5,0,151,150,150,0.012595,0.017587,0.012568,1,1,1,2390.8
ecmp,3,156,0,14.303,17.298,1.0,1.0,33,33,7,0,151,150,150,0.012533,0.017826,0.012549,1,1,1,2390.8
ecmp,3,157,11,14.556,17.824,1.0,1.0,33,33,9,0,154,154,154,0.012659,0.018398,0.012611,1,1,1,2390.8
ecmp,3,158,1,14.456,17.886,1.0,1.0,33,33,10,0,155,154,154,0.012327,0.018477,0.012563,1,1,1,2390.8
ecmp,3,159,11,14.713,17.471,1.0,1.0,28,28,12,0,158,158,158,0.012748,0.017915,0.013477,1,1,1,2390.8
ecmp,3,160,1,14.494,17.037,1.0,1.0,28,28,13,0,159,158,158,0.012574,0.017432,0.013477,1,1,1,2390.8
ecmp,3,161,11,14.204,16.949,1.0,1.0,28,28,13,0,162,162,162,0.012574,0.017432,0.012606,1,1,1,2390.8
ecmp,3,162,1,14.499,17.197,1.0,1.0,28,28,15,0,163,162,162,0.013335,0.017626,0.012537,1,1,1,2390.8
ecmp,3,163,11,14.705,18.353,1.0,1.0,22,22,17,0,166,166,166,0.012549,0.018996,0.012571,1,1,1,2390.8
ecmp,3,164,1,14.456,17.179,1.0,1.0,22,22,18,0,167,166,166,0.012976,0.017646,0.012746,1,1,1,2390.8
ecmp,3,165,11,14.483,17.451,1.0,1.0,22,22,20,0,170,170,170,0.012936,0.017953,0.01256,1,1,1,2390.8
ecmp,3,166,1,14.364,17.416,1.0,1.0,22,22,20,0,171,170,170,0.012578,0.017953,0.01256,1,1,1,2390.8
ecmp,3,167,11,14.421,17.445,1.0,1.0,22,22,21,0,174,174,174,0.012578,0.017971,0.012715,1,1,1,2390.8
ecmp,3,168,1,14.901,18.191,1.0,1.0,23,17,23,0,175,174,174,0.012556,0.018721,0.013426,1,1,1,2390.8
ecmp,3,169,11,14.364,17.114,1.0,1.0,24,17,24,0,178,178,178,0.012817,0.017592,0.012683,1,1,1,2390.8
ecmp,3,170,1,14.565,17.75,1.0,1.0,26,17,26,0,179,178,178,0.012551,0.018294,0.012851,1,1,1,2390.8
ecmp,3,171,11,14.219,17.094,1.0,1.0,28,11,28,0,182,182,182,0.012552,0.017599,0.012506,1,1,1,2390.8
ecmp,3,172,1,14.219,17.094,1.0,1.0,28,11,28,0,183,182,182,0.012552,0.017599,0.012506,1,1,1,2390.8
ecmp,3,173,11,14.419,17.646,1.0,1.0,29,11,29,0,186,186,186,0.012619,0.018204,0.012435,1,1,1,2390.8
ecmp,3,174,1,14.304,17.361,1.0,1.0,31,11,31,0,187,186,186,0.012464,0.017895,0.012554,1,1,1,2390.8
ecmp,3,175,11,14.351,17.205,1.0,1.0,32,6,32,0,190,190,190,0.012785,0.017696,0.012572,1,1,1,2390.8
ecmp,3,176,1,14.405,17.241,1.0,1.0,34,6,34,0,191,190,190,0.012759,0.017739,0.012717,1,1,1,2390.8
ecmp,3,177,11,14.577,17.127,1.0,1.0,35,6,35,0,194,194,194,0.013483,0.017532,0.012717,1,1,1,2390.8
ecmp,3,178,1,14.446,17.127,1.0,1.0,35,6,35,0,195,194,194,0.013483,0.017532,0.012323,1,1,1,2390.8
ecmp,3,179,0,14.51,17.469,1.0,1.0,37,6,37,0,195,194,194,0.012876,0.017979,0.012676,1,1,1,2390.8
drl,1,0,0,15.928,25.162,1.0,1.0,0,0,0,0,0,0,0,0.012807,0.008443,0.026535,1,1,1,2421.5
drl,1,1,87,15.726,25.005,0.3333,0.3333,83,0,41,83,0,0,87,0.012298,0.008463,0.026417,1,1,1,2421.5
drl,1,2,1,15.865,24.832,0.341,0.341,84,0,41,84,1,0,87,0.013008,0.008441,0.026146,1,1,1,2421.5
drl,1,3,1,15.853,24.877,0.3487,0.3487,85,0,41,85,2,0,87,0.01291,0.008443,0.026207,1,1,1,2421.5
drl,1,4,1,15.783,24.868,0.3563,0.3563,85,0,41,85,3,0,87,0.012816,0.008327,0.026207,1,1,1,2421.5
drl,1,5,1,15.768,24.826,0.3639,0.3639,86,0,41,86,4,0,87,0.012816,0.008327,0.026161,1,1,1,2421.5
drl,1,6,1,15.752,24.947,0.3715,0.3715,87,0,41,87,5,0,87,0.012529,0.0084,0.026327,1,1,1,2421.5
drl,1,7,1,15.705,24.85,0.3791,0.3791,88,0,41,88,6,0,87,0.012514,0.008381,0.026221,1,1,1,2421.5
drl,1,8,1,15.653,24.727,0.3866,0.3866,89,0,41,89,7,0,87,0.012412,0.008452,0.026095,1,1,1,2421.5
drl,1,9,1,16.079,25.292,0.3941,0.3941,90,0,41,90,8,0,87,0.013135,0.008459,0.026643,1,1,1,2421.5
drl,1,10,1,16.079,25.292,0.4016,0.4016,90,0,41,90,9,0,87,0.013135,0.008459,0.026643,1,1,1,2421.5
drl,1,11,1,15.724,24.552,0.409,0.409,91,0,41,91,10,0,87,0.012774,0.008536,0.025861,1,1,1,2421.5
drl,1,12,1,15.814,24.744,0.4163,0.4163,92,0,41,92,11,0,87,0.012631,0.008722,0.02609,1,1,1,2421.5
drl,1,13,1,15.861,25.042,0.4236,0.4236,93,0,41,93,12,0,87,0.012718,0.008454,0.026411,1,1,1,2421.5
drl,1,14,1,15.724,24.818,0.4308,0.4308,94,0,41,94,13,0,87,0.01259,0.008406,0.026177,1,1,1,2421.5
drl,1,15,1,15.743,24.822,0.4379,0.4379,94,0,41,94,14,0,87,0.01263,0.008421,0.026177,1,1,1,2421.5
drl,1,16,1,15.705,24.721,0.445,0.445,95,0,41,95,15,0,87,0.01263,0.008421,0.026064,1,1,1,2421.5
drl,1,17,1,15.964,25.248,0.4519,0.4519,96,0,41,96,16,0,87,0.012852,0.008416,0.026625,1,1,1,2421.5
drl,1,18,1,15.825,24.781,0.4588,0.4588,97,0,41,97,17,0,87,0.012688,0.008663,0.026125,1,1,1,2421.5
drl,1,19,1,15.798,25.052,0.4656,0.4656,98,0,41,98,18,0,87,0.012575,0.00838,0.026438,1,1,1,2421.5
drl,1,20,1,15.903,25.075,0.4723,0.4723,99,0,41,99,19,0,87,0.012556,0.008688,0.026466,1,1,1,2421.5
drl,1,21,1,15.931,25.083,0.4789,0.4789,99,0,41,99,20,0,87,0.012638,0.008688,0.026466,1,1,1,2421.5
drl,1,22,1,15.628,24.446,0.4854,0.4854,100,0,41,100,21,0,87,0.012638,0.008489,0.025758,1,1,1,2421.5
drl,1,23,1,15.819,25.033,0.4918,0.4918,101,0,41,101,22,0,87,0.012588,0.008453,0.026416,1,1,1,2421.5
drl,1,24,1,15.726,24.797,0.4981,0.4981,102,0,41,102,23,0,87,0.012592,0.008433,0.026153,1,1,1,2421.5
drl,1,25,1,15.851,25.014,0.5042,0.5042,103,0,41,103,24,0,87,0.012714,0.008459,0.026381,1,1,1,2421.5
drl,1,26,0,15.829,24.93,0.5042,0.5042,104,0,41,104,24,0,87,0.012776,0.008431,0.026281,1,1,1,2421.5
drl,1,27,1,15.829,24.93,0.5103,0.5103,104,0,41,104,25,0,87,0.012776,0.008431,0.026281,1,1,1,2421.5
drl,1,28,1,15.575,24.37,0.5162,0.5162,105,0,40,105,26,0,87,0.012645,0.008406,0.025673,1,1,1,2421.5
drl,1,29,1,15.858,24.874,0.5221,0.5221,106,0,40,106,27,0,87,0.012971,0.008406,0.026197,1,1,1,2421.5
drl,1,30,1,15.692,24.717,0.5278,0.5,107,0,40,107,28,0,87,0.012581,0.00843,0.026066,0,1,1,2421.5
drl,1,31,1,11.207,12.637,0.5333,0.5,107,0,34,107,29,0,87,0.012518,0.008453,0.01265,0,1,1,2421.5
drl,1,32,1,11.214,12.647,0.5388,0.5,107,0,34,107,30,0,87,0.012624,0.008367,0.01265,0,1,1,2421.5
drl,1,33,1,11.191,12.62,0.5441,0.5,107,0,34,107,31,0,87,0.012624,0.008367,0.012583,0,1,1,2421.5
drl,1,34,1,11.23,12.608,0.5493,0.5,107,0,34,107,32,0,87,0.012623,0.008593,0.012473,0,1,1,2421.5
drl,1,35,1,11.214,12.606,0.5544,0.5,107,0,29,107,33,0,87,0.012614,0.008499,0.01253,0,1,1,2421.5
drl,1,36,1,11.185,12.593,0.5594,0.5,107,0,29,107,34,0,87,0.012585,0.008377,0.012594,0,1,1,2421.5
drl,1,37,1,11.236,12.785,0.5642,0.5,107,0,29,107,35,0,87,0.012811,0.008349,0.012547,0,1,1,2421.5
drl,1,38,1,11.218,12.648,0.5689,0.5,107,0,29,107,36,0,87,0.012659,0.008449,0.012547,0,1,1,2421.5
drl,1,39,1,11.204,12.643,0.5734,0.5,107,0,29,107,37,0,87,0.012659,0.008449,0.012503,0,1,1,2421.5
drl,1,40,1,11.436,12.94,0.5779,0.5,107,0,24,107,38,0,87,0.012865,0.008496,0.012948,0,1,1,2421.5
drl,1,41,1,11.164,12.559,0.5822,0.5,107,0,24,107,39,0,87,0.012545,0.008388,0.01256,0,1,1,2421.5
drl,1,42,1,11.413,13.177,0.5864,0.5,107,0,24,107,40,0,87,0.013249,0.008458,0.012531,0,1,1,2421.5
drl,1,43,1,11.233,12.729,0.5904,0.5,107,0,18,107,41,0,87,0.012749,0.008406,0.012544,0,1,1,2421.5
drl,1,44,1,11.236,12.556,0.5943,0.5,107,0,18,107,42,0,87,0.012557,0.008608,0.012544,0,1,1,2421.5
drl,1,45,1,11.199,12.544,0.5981,0.5,107,0,18,107,43,0,87,0.012557,0.008608,0.012431,0,1,1,2421.5
drl,1,46,1,11.268,12.807,0.6018,0.5,107,0,18,107,44,0,87,0.012596,0.008378,0.012831,0,1,1,2421.5
drl,1,47,1,11.304,12.795,0.6054,0.5,107,0,18,107,45,0,87,0.012816,0.00849,0.012605,0,1,1,2421.5
drl,1,48,1,11.216,12.611,0.6088,0.5,107,0,13,107,46,0,87,0.012556,0.008475,0.012617,0,1,1,2421.5
drl,1,49,1,11.279,12.762,0.6121,0.5,107,0,13,107,47,0,87,0.01259,0.008467,0.012781,0,1,1,2421.5
drl,1,50,1,11.295,12.762,0.6153,0.5,107,0,13,107,48,0,87,0.012588,0.008517,0.012781,0,1,1,2421.5
drl,1,51,1,11.234,12.597,0.6184,0.5,107,0,13,107,49,0,87,0.012588,0.008517,0.012598,0,1,1,2421.5
drl,1,52,1,11.421,13.072,0.6213,0.5,107,0,7,107,50,0,87,0.013115,0.008467,0.01268,0,1,1,2421.5
drl,1,53,1,11.549,13.329,0.6242,0.5,107,0,7,107,51,0,87,0.013394,0.008513,0.012739,0,1,1,2421.5
drl,1,54,1,11.302,12.841,0.6269,0.5,107,0,7,107,52,0,87,0.012592,0.008444,0.012869,0,1,1,2421.5
drl,1,55,1,11.122,12.515,0.6295,0.5,107,0,2,107,53,0,87,0.012515,0.008339,0.012513,0,1,1,2421.5
drl,1,56,1,11.183,12.577,0.6385,0.5115,107,0,2,107,53,1,87,0.012584,0.008453,0.012513,0,1,1,2421.5
drl,1,57,1,11.223,12.627,0.6474,0.523,107,0,2,107,53,2,87,0.012584,0.008453,0.012632,0,1,1,2421.5
drl,1,58,1,11.172,12.56,0.6562,0.5344,107,0,2,107,53,3,87,0.012561,0.008408,0.012547,0,1,1,2421.5
drl,1,59,1,11.208,12.573,0.665,0.5459,107,0,2,107,53,4,87,0.012569,0.008481,0.012573,0,1,1,2421.5
drl,1,60,1,11.224,12.606,0.6737,0.5573,106,0,0,106,53,5,87,0.012605,0.00846,0.012606,0,1,1,2421.5
drl,1,61,1,11.205,12.626,0.6823,0.5686,106,0,0,106,53,6,87,0.012513,0.008464,0.012639,0,1,1,2421.5
drl,1,62,1,11.253,12.637,0.6908,0.5799,106,0,0,106,53,7,87,0.012623,0.008496,0.012639,0,1,1,2421.5
drl,1,63,1,11.232,12.618,0.6992,0.5912,106,0,0,106,53,8,87,0.012623,0.008496,0.012577,0,1,1,2421.5
drl,1,64,1,11.27,12.706,0.7076,0.6024,22,0,0,22,53,9,87,0.012697,0.008405,0.012707,0,1,1,2421.5
drl,1,65,1,11.214,12.619,0.7158,0.6134,22,0,0,22,53,10,87,0.012564,0.008453,0.012625,0,1,1,2421.5
drl,1,66,1,11.31,12.79,0.7239,0.6244,22,0,0,22,53,11,87,0.012616,0.008506,0.012809,0,1,1,2421.5
drl,1,67,1,11.525,12.741,0.7319,0.6354,22,0,0,22,53,12,87,0.012766,0.00929,0.01252,0,1,1,2421.5
drl,1,68,0,11.156,12.522,0.7319,0.6354,22,0,0,22,53,12,87,0.012522,0.008425,0.01252,0,1,1,2421.5
drl,1,69,1,11.163,12.54,0.7398,0.6462,19,0,0,19,53,13,87,0.012522,0.008425,0.012542,0,1,1,2421.5
drl,1,70,1,11.174,12.532,0.7476,0.6569,19,0,0,19,53,14,87,0.0125,0.008486,0.012536,0,1,1,2421.5
drl,1,71,1,11.215,12.666,0.7553,0.6674,19,0,0,19,53,15,87,0.012459,0.008497,0.012689,0,1,1,2421.5
drl,1,72,1,11.482,13.292,0.7628,0.6779,16,0,0,16,53,16,87,0.013363,0.008429,0.012655,0,1,1,2421.5
drl,1,73,1,11.229,12.657,0.7703,0.6882,16,0,0,16,53,17,87,0.012602,0.008422,0.012663,0,1,1,2421.5
drl,1,74,1,11.242,12.658,0.7775,0.6984,16,0,0,16,53,18,87,0.012617,0.008447,0.012663,0,1,1,2421.5
drl,1,75,1,11.213,12.613,0.7847,0.7084,16,0,0,16,53,19,87,0.012617,0.008447,0.012575,0,1,1,2421.5
drl,1,76,1,11.275,12.775,0.7917,0.7183,12,0,0,12,53,20,87,0.012593,0.008437,0.012795,0,1,1,2421.5
drl,1,77,1,11.236,12.611,0.7986,0.7281,12,0,0,12,53,21,87,0.012557,0.008534,0.012617,0,1,1,2421.5
drl,1,78,1,11.195,12.592,0.8054,0.7377,12,0,0,12,53,22,87,0.012603,0.008488,0.012495,0,1,1,2421.5
drl,1,79,1,11.127,12.493,0.812,0.7471,12,0,0,12,53,23,87,0.012494,0.008399,0.012487,0,1,1,2421.5
drl,1,80,1,11.186,12.565,0.8185,0.7564,12,0,0,12,53,24,87,0.012574,0.008497,0.012487,0,1,1,2421.5
drl,1,81,1,11.205,12.571,0.8248,0.7654,9,0,0,9,53,25,87,0.012574,0.008497,0.012545,0,1,1,2421.5
drl,1,82,1,11.132,12.543,0.831,0.7743,9,0,0,9,53,26,87,0.012455,0.008388,0.012553,0,1,1,2421.5
drl,1,83,1,11.219,12.6,0.837,0.7831,9,0,0,9,53,27,87,0.012585,0.008469,0.012602,0,1,1,2421.5
drl,1,84,1,11.294,12.86,0.8429,0.7916,6,0,0,6,53,28,87,0.012525,0.008461,0.012897,0,1,1,2421.5
drl,1,85,1,11.29,12.858,0.8486,0.8,6,0,0,6,53,29,87,0.012497,0.008474,0.012898,0,1,1,2421.5
drl,1,86,1,11.302,12.862,0.8542,0.8082,6,0,0,6,53,30,87,0.012539,0.008468,0.012898,0,1,1,2421.5
drl,1,87,1,11.181,12.539,0.8596,0.8162,6,0,0,6,53,31,87,0.012539,0.008468,0.012536,0,1,1,2421.5
drl,1,88,1,11.234,12.745,0.8649,0.824,6,0,0,6,53,32,87,0.01254,0.008393,0.012768,0,1,1,2421.5
drl,1,89,1,11.208,12.575,0.87,0.8316,2,0,0,2,53,33,87,0.012564,0.008484,0.012576,0,1,1,2421.5
drl,1,90,1,11.142,12.588,0.875,0.875,2,0,0,2,53,34,87,0.012524,0.008306,0.012595,1,1,1,2421.5
drl,1,91,1,17.041,28.397,0.8798,0.8798,2,1,0,2,53,35,87,0.030154,0.008386,0.012584,1,1,1,2421.5
drl,1,92,1,15.831,25.063,0.8845,0.8845,2,2,0,2,53,36,87,0.02645,0.008459,0.012584,1,1,1,2421.5
drl,1,93,1,15.838,25.065,0.889,0.889,2,2,0,0,53,37,87,0.02645,0.008459,0.012604,1,1,1,2421.5
drl,1,94,1,15.542,24.256,0.8859,0.8859,3,3,0,0,53,37,88,0.025545,0.008428,0.012654,1,1,1,2421.5
drl,1,95,1,15.653,24.625,0.8827,0.8827,4,4,0,0,53,37,89,0.025965,0.008426,0.012567,1,1,1,2421.5
drl,1,96,1,15.742,24.781,0.8796,0.8796,5,5,0,0,53,37,90,0.026126,0.008424,0.012676,1,1,1,2421.5
drl,1,97,1,15.751,24.864,0.8765,0.8765,6,6,0,0,53,37,91,0.026229,0.00844,0.012584,1,1,1,2421.5
drl,1,98,1,15.751,24.864,0.8734,0.8734,6,6,0,0,53,37,92,0.026229,0.00844,0.012584,1,1,1,2421.5
drl,1,99,1,15.735,24.941,0.8703,0.8703,7,7,0,0,53,37,93,0.026322,0.008371,0.012511,1,1,1,2421.5
drl,1,100,1,15.545,24.393,0.8672,0.8672,8,8,0,0,53,37,94,0.025716,0.008434,0.012484,1,1,1,2421.5
drl,1,101,1,15.966,25.154,0.8641,0.8641,9,9,0,0,53,37,95,0.026555,0.008793,0.01255,1,1,1,2421.5
drl,1,102,1,16.0,24.803,0.861,0.861,10,10,0,0,53,37,96,0.026061,0.008454,0.013486,1,1,1,2421.5
drl,1,103,1,16.141,25.204,0.8579,0.8579,11,11,0,0,53,37,97,0.026506,0.008431,0.013486,1,1,1,2421.5
drl,1,104,1,15.845,25.115,0.8548,0.8548,11,11,0,0,53,37,98,0.026506,0.008431,0.012598,1,1,1,2421.5
drl,1,105,1,15.974,24.728,0.8518,0.8518,12,12,0,0,53,37,99,0.025978,0.008468,0.013477,1,1,1,2421.5
drl,1,106,1,15.625,24.548,0.8487,0.8487,13,13,0,0,53,37,100,0.025877,0.00841,0.012588,1,1,1,2421.5
drl,1,107,1,15.81,24.96,0.8457,0.8457,14,14,0,0,53,37,101,0.02633,0.008471,0.012628,1,1,1,2421.5
drl,1,108,1,16.003,25.495,0.8427,0.8427,15,15,0,0,53,37,102,0.026931,0.008502,0.012576,1,1,1,2421.5
drl,1,109,0,15.819,25.0,0.8427,0.8427,16,16,0,0,53,37,102,0.02638,0.008502,0.012576,1,1,1,2421.5
drl,1,110,1,15.801,25.004,0.8397,0.8397,16,16,0,0,53,37,103,0.02638,0.008408,0.012616,1,1,1,2421.5
drl,1,111,1,15.69,24.687,0.8367,0.8367,17,17,0,0,53,37,104,0.026033,0.008464,0.012572,1,1,1,2421.5
drl,1,112,1,15.9,24.929,0.8337,0.8337,18,18,0,0,53,37,105,0.026268,0.008553,0.012878,1,1,1,2421.5
drl,1,113,1,15.773,24.915,0.8308,0.8308,19,19,0,0,53,37,106,0.02629,0.008493,0.012537,1,1,1,2421.5
drl,1,114,1,15.704,24.75,0.8278,0.8278,20,20,0,0,53,37,107,0.0261,0.008408,0.012603,1,1,1,2421.5
drl,1,115,1,15.704,24.75,0.8249,0.8249,20,20,0,0,53,37,108,0.0261,0.008408,0.012603,1,1,1,2421.5
drl,1,116,1,15.659,24.676,0.822,0.822,21,21,0,0,53,37,109,0.026024,0.008405,0.012548,1,1,1,2421.5
drl,1,117,1,15.721,24.819,0.8191,0.8191,22,22,0,0,53,37,110,0.026183,0.008439,0.012541,1,1,1,2421.5
drl,1,118,1,16.05,25.553,0.8162,0.8162,23,23,0,0,53,37,111,0.026979,0.008456,0.012715,1,1,1,2421.5
drl,1,119,1,15.783,24.992,0.8134,0.8134,24,24,0,0,53,37,112,0.02637,0.008392,0.012588,1,1,1,2421.5
drl,1,120,1,15.764,24.638,0.8105,0.8845,25,25,0,0,53,37,113,0.025969,0.008664,0.01266,1,0,1,2421.5
drl,1,121,1,15.764,24.638,0.8077,0.8823,25,25,0,0,53,37,114,0.025969,0.008664,0.01266,1,0,1,2421.5
drl,1,122,1,11.298,12.973,0.8049,0.8801,25,25,0,0,53,37,115,0.012452,0.00841,0.013031,1,0,1,2421.5
drl,1,123,1,11.398,12.93,0.8022,0.878,25,25,0,0,53,37,116,0.012944,0.008445,0.012805,1,0,1,2421.5
drl,1,124,1,11.162,12.584,0.7994,0.8759,25,25,0,0,53,37,117,0.012529,0.008366,0.01259,1,0,1,2421.5
drl,1,125,1,11.318,12.761,0.7967,0.8738,25,25,0,0,53,37,118,0.012784,0.008618,0.012553,1,0,1,2421.5
drl,1,126,1,11.18,12.604,0.794,0.8717,25,25,0,0,53,37,119,0.01261,0.008378,0.012553,1,0,1,2421.5
drl,1,127,1,11.226,12.682,0.7913,0.8696,25,25,0,0,53,37,120,0.01261,0.008378,0.01269,1,0,1,2421.5
drl,1,128,1,11.214,12.652,0.7886,0.8675,25,25,0,0,53,37,121,0.012661,0.00841,0.012571,1,0,1,2421.5
drl,1,129,1,11.206,12.602,0.7859,0.8655,25,25,0,0,53,37,122,0.012592,0.008424,0.012603,1,0,1,2421.5
drl,1,130,1,11.151,12.577,0.7833,0.8634,25,25,0,0,53,37,123,0.012468,0.008397,0.012589,1,0,1,2421.5
drl,1,131,1,11.181,12.595,0.7807,0.8614,25,25,0,0,53,37,124,0.012545,0.008397,0.0126,1,0,1,2421.5
drl,1,132,1,11.146,12.589,0.7781,0.8594,25,25,0,0,53,37,125,0.012494,0.008345,0.0126,1,0,1,2421.5
drl,1,133,1,11.174,12.664,0.7755,0.8574,25,25,0,0,53,37,126,0.012494,0.008345,0.012683,1,0,1,2421.5
drl,1,134,1,11.285,12.793,0.773,0.8554,25,25,0,0,53,37,127,0.012596,0.008443,0.012815,1,0,1,2421.5
drl,1,135,1,11.228,12.72,0.7704,0.8535,25,25,0,0,53,37,128,0.01274,0.00841,0.012535,1,0,1,2421.5
drl,1,136,1,11.152,12.52,0.7679,0.8515,25,25,0,0,53,37,129,0.012525,0.008458,0.012473,1,0,1,2421.5
drl,1,137,1,11.12,12.509,0.7654,0.8496,25,25,0,0,53,37,130,0.012514,0.00838,0.012467,1,0,1,2421.5
drl,1,138,1,11.149,12.571,0.7629,0.8477,25,25,0,0,53,37,131,0.012582,0.008399,0.012467,1,0,1,2421.5
drl,1,139,1,11.201,12.617,0.7605,0.8458,25,25,0,0,53,37,132,0.012582,0.008399,0.012621,1,0,1,2421.5
drl,1,140,1,11.203,12.579,0.7581,0.8439,25,25,0,0,53,37,133,0.012584,0.008493,0.012531,1,0,1,2421.5
drl,1,141,1,11.182,12.573,0.7556,0.842,25,25,0,0,53,37,134,0.012578,0.008435,0.012532,1,0,1,2421.5
drl,1,142,1,11.242,12.621,0.7532,0.8402,25,25,0,0,53,37,135,0.01261,0.008495,0.012622,1,0,1,2421.5
drl,1,143,1,11.4,13.143,0.7509,0.8383,25,25,0,0,53,37,136,0.013212,0.008466,0.012522,1,0,1,2421.5
drl,1,144,1,11.196,12.58,0.7485,0.8365,25,25,0,0,53,37,137,0.012586,0.00848,0.012522,1,0,1,2421.5
drl,1,145,1,11.215,12.585,0.7462,0.8347,25,25,0,0,53,37,138,0.012586,0.00848,0.012579,1,0,1,2421.5
drl,1,146,1,11.344,12.793,0.7439,0.8329,25,25,0,0,53,37,139,0.012558,0.008655,0.012819,1,0,1,2421.5
drl,1,147,1,11.191,12.571,0.7416,0.8311,25,25,0,0,53,37,140,0.012558,0.008443,0.012572,1,0,1,2421.5
drl,1,148,1,11.189,12.599,0.7393,0.8294,25,25,0,0,53,37,141,0.012552,0.00841,0.012604,1,0,1,2421.5
drl,1,149,0,11.225,12.62,0.7393,0.8294,25,25,0,0,53,37,141,0.012623,0.008459,0.012592,1,0,1,2421.5
drl,1,150,2,11.278,12.814,0.7348,0.7348,25,25,0,0,53,37,143,0.012839,0.008404,0.012592,1,1,1,2421.5
drl,1,151,0,11.279,12.815,0.7348,0.7348,25,25,0,0,53,37,143,0.012839,0.008404,0.012595,1,1,1,2421.5
drl,1,152,1,15.584,20.64,0.7326,0.7326,25,25,1,0,53,37,144,0.012572,0.021528,0.012652,1,1,1,2421.5
drl,1,153,1,14.418,17.39,0.7304,0.7304,25,25,2,0,53,37,145,0.012772,0.017903,0.01258,1,1,1,2421.5
drl,1,154,1,14.459,17.375,0.7282,0.7282,23,23,3,0,53,37,146,0.012734,0.017889,0.012753,1,1,1,2421.5
drl,1,155,1,14.394,17.435,0.7261,0.7261,23,23,4,0,53,37,147,0.012563,0.017966,0.012653,1,1,1,2421.5
drl,1,156,1,14.5,17.457,0.7239,0.7239,23,23,4,0,53,37,148,0.012881,0.017966,0.012653,1,1,1,2421.5
drl,1,157,1,14.292,16.968,0.7218,0.7218,23,23,5,0,53,37,149,0.012881,0.017422,0.012572,1,1,1,2421.5
drl,1,158,1,14.22,17.097,0.7197,0.7197,19,19,6,0,53,37,150,0.012483,0.017599,0.012578,1,1,1,2421.5
drl,1,159,1,14.331,17.341,0.7176,0.7176,19,19,7,0,53,37,151,0.012533,0.017869,0.012591,1,1,1,2421.5
drl,1,160,1,14.77,17.526,0.7155,0.7155,19,19,8,0,53,37,152,0.012551,0.017938,0.01382,1,1,1,2421.5
drl,1,161,1,14.348,17.202,0.7135,0.7135,19,19,9,0,53,37,153,0.012572,0.017694,0.012777,1,1,1,2421.5
drl,1,162,1,14.348,17.202,0.7115,0.7115,19,19,9,0,53,37,154,0.012572,0.017694,0.012777,1,1,1,2421.5
drl,1,163,1,14.601,17.585,0.7094,0.7094,16,16,10,0,53,37,155,0.012707,0.018094,0.013001,1,1,1,2421.5
drl,1,164,1,14.245,17.168,0.7074,0.7074,16,16,11,0,53,37,156,0.012486,0.017679,0.01257,1,1,1,2421.5
drl,1,165,1,14.303,17.149,0.7055,0.7055,16,16,12,0,53,37,157,0.012585,0.017646,0.012678,1,1,1,2421.5
drl,1,166,1,14.374,17.481,0.7035,0.7035,13,13,13,0,53,37,158,0.012528,0.018027,0.012568,1,1,1,2421.5
drl,1,167,1,14.311,17.241,0.7016,0.7016,14,13,14,0,53,37,159,0.01261,0.017756,0.012568,1,1,1,2421.5
drl,1,168,1,14.299,17.241,0.6996,0.6996,14,13,14,0,53,37,160,0.01261,0.017756,0.012532,1,1,1,2421.5
drl,1,169,1,14.432,17.635,0.6977,0.6977,15,13,15,0,53,37,161,0.012472,0.018191,0.012633,1,1,1,2421.5
drl,1,170,1,14.275,17.3,0.6958,0.6958,16,9,16,0,53,37,162,0.012506,0.017833,0.012485,1,1,1,2421.5
drl,1,171,1,14.369,17.44,0.6939,0.6939,17,9,17,0,53,37,163,0.012547,0.01798,0.012581,1,1,1,2421.5
drl,1,172,1,14.404,17.37,0.6921,0.6921,18,9,18,0,53,37,164,0.012555,0.01788,0.012777,1,1,1,2421.5
drl,1,173,1,14.392,17.37,0.6902,0.6902,18,9,18,0,53,37,165,0.01252,0.01788,0.012777,1,1,1,2421.5
drl,1,174,1,14.268,17.208,0.6884,0.6884,19,9,19,0,53,37,166,0.01252,0.017724,0.012561,1,1,1,2421.5
drl,1,175,1,14.261,17.146,0.6866,0.6866,20,6,20,0,53,37,167,0.012546,0.017653,0.012583,1,1,1,2421.5
drl,1,176,1,14.316,17.316,0.6848,0.6848,21,6,21,0,53,37,168,0.012511,0.01784,0.012596,1,1,1,2421.5
drl,1,177,1,14.356,17.333,0.683,0.683,22,6,22,0,53,37,169,0.012538,0.01785,0.012681,1,1,1,2421.5
drl,1,178,1,14.309,17.169,0.6812,0.6812,23,2,23,0,53,37,170,0.012658,0.01767,0.012599,1,1,1,2421.5
drl,1,179,1,14.265,17.163,0.6795,0.6795,23,2,23,0,53,37,171,0.012525,0.01767,0.012599,1,1,1,2421.5
drl,2,0,0,15.703,24.776,1.0,1.0,0,0,0,0,0,0,0,0.01254,0.008433,0.026136,1,1,1,2563.2
drl,2,1,85,15.898,25.082,0.3333,0.3333,83,0,27,83,0,0,85,0.012617,0.008609,0.026467,1,1,1,2563.2
drl,2,2,1,15.693,24.728,0.3412,0.3412,84,0,27,84,1,0,85,0.012593,0.00841,0.026076,1,1,1,2563.2
drl,2,3,1,15.742,24.828,0.349,0.349,85,0,27,85,2,0,85,0.012568,0.008469,0.02619,1,1,1,2563.2
drl,2,4,1,15.742,24.828,0.3568,0.3568,85,0,27,85,3,0,85,0.012568,0.008469,0.02619,1,1,1,2563.2
drl,2,5,1,15.683,24.611,0.3646,0.3646,86,0,27,86,4,0,85,0.0125,0.008593,0.025957,1,1,1,2563.2
drl,2,6,1,15.896,25.248,0.3724,0.3724,87,0,27,87,5,0,85,0.012572,0.008458,0.026657,1,1,1,2563.2
drl,2,7,1,15.683,24.666,0.3802,0.3802,88,0,27,88,6,0,85,0.01259,0.008452,0.026008,1,1,1,2563.2
drl,2,8,1,15.686,24.495,0.3879,0.3879,89,0,27,89,7,0,85,0.012848,0.00842,0.025789,1,1,1,2563.2
drl,2,9,1,15.604,24.459,0.3955,0.3955,89,0,27,89,8,0,85,0.012493,0.00853,0.025789,1,1,1,2563.2
drl,2,10,1,15.693,24.699,0.4031,0.4031,90,0,27,90,9,0,85,0.012493,0.00853,0.026055,1,1,1,2563.2
drl,2,11,1,15.874,25.125,0.4107,0.4107,91,0,27,91,10,0,85,0.012719,0.008401,0.026503,1,1,1,2563.2
drl,2,12,1,15.593,24.392,0.4182,0.4182,92,0,27,92,11,0,85,0.012622,0.008456,0.0257,1,1,1,2563.2
drl,2,13,1,15.69,24.65,0.4256,0.4256,93,0,27,93,12,0,85,0.012689,0.008401,0.025979,1,1,1,2563.2
drl,2,14,1,15.708,24.806,0.433,0.433,94,0,27,94,13,0,85,0.012529,0.008425,0.02617,1,1,1,2563.2
drl,2,15,1,15.708,24.806,0.4402,0.4402,94,0,27,94,14,0,85,0.012529,0.008425,0.02617,1,1,1,2563.2
drl,2,16,1,15.902,25.196,0.4474,0.4474,95,0,27,95,15,0,85,0.012552,0.008552,0.026601,1,1,1,2563.2
drl,2,17,1,15.797,25.098,0.4545,0.4545,96,0,27,96,16,0,85,0.012507,0.008387,0.026497,1,1,1,2563.2
drl,2,18,1,15.724,24.799,0.4615,0.4615,97,0,27,97,17,0,85,0.012602,0.008416,0.026154,1,1,1,2563.2
drl,2,19,1,15.8,25.096,0.4685,0.4685,98,0,27,98,18,0,85,0.012505,0.008399,0.026495,1,1,1,2563.2
drl,2,20,1,15.808,25.097,0.4753,0.4753,98,0,27,98,19,0,85,0.01252,0.008409,0.026495,1,1,1,2563.2
drl,2,21,1,15.689,24.777,0.482,0.482,99,0,27,99,20,0,85,0.01252,0.008409,0.026139,1,1,1,2563.2
drl,2,22,1,15.658,24.664,0.4886,0.4886,100,0,27,100,21,0,85,0.012429,0.008521,0.026023,1,1,1,2563.2
drl,2,23,1,15.761,24.945,0.495,0.495,101,0,27,101,22,0,85,0.012545,0.008416,0.026323,1,1,1,2563.2
drl,2,24,1,15.808,25.102,0.5014,0.5014,102,0,27,102,23,0,85,0.012484,0.008437,0.026504,1,1,1,2563.2
drl,2,25,1,15.83,24.826,0.5077,0.5077,103,0,27,103,24,0,85,0.012608,0.008698,0.026183,1,1,1,2563.2
drl,2,26,1,15.866,24.837,0.5138,0.5138,103,0,27,103,25,0,85,0.012718,0.008698,0.026183,1,1,1,2563.2
drl,2,27,0,16.006,25.402,0.5138,0.5138,104,0,27,104,25,0,85,0.012718,0.008489,0.026811,1,1,1,2563.2
drl,2,28,1,15.7,24.787,0.5198,0.5198,105,0,27,105,26,0,85,0.012555,0.008399,0.026146,1,1,1,2563.2
drl,2,29,1,15.774,24.905,0.5257,0.5257,106,0,24,106,27,0,85,0.012644,0.008411,0.026267,1,1,1,2563.2
drl,2,30,1,15.63,24.63,0.5314,0.5,107,0,24,107,28,0,85,0.012482,0.008428,0.02598,0,1,1,2563.2
drl,2,31,1,11.284,12.799,0.5371,0.5,107,0,24,107,29,0,85,0.012822,0.008438,0.012593,0,1,1,2563.2
drl,2,32,1,11.284,12.799,0.5426,0.5,107,0,24,107,30,0,85,0.012822,0.008438,0.012593,0,1,1,2563.2
drl,2,33,1,11.175,12.612,0.5479,0.5,107,0,24,107,31,0,85,0.012628,0.008431,0.012465,0,1,1,2563.2
drl,2,34,1,11.264,12.623,0.5532,0.5,107,0,21,107,32,0,85,0.012624,0.00855,0.012619,0,1,1,2563.2
drl,2,35,1,11.184,12.603,0.5583,0.5,107,0,21,107,33,0,85,0.012612,0.008419,0.01252,0,1,1,2563.2
drl,2,36,1,11.521,13.256,0.5632,0.5,107,0,21,107,34,0,85,0.013329,0.008631,0.012603,0,1,1,2563.2
drl,2,37,1,11.142,12.567,0.568,0.5,107,0,17,107,35,0,85,0.012492,0.00836,0.012575,0,1,1,2563.2
drl,2,38,1,11.142,12.567,0.5727,0.5,107,0,17,107,36,0,85,0.012492,0.00836,0.012575,0,1,1,2563.2
drl,2,39,1,11.175,12.567,0.5773,0.5,107,0,17,107,37,0,85,0.012575,0.008454,0.012497,0,1,1,2563.2
drl,2,40,1,11.536,13.292,0.5817,0.5,107,0,17,107,38,0,85,0.013363,0.008591,0.012653,0,1,1,2563.2
drl,2,41,1,11.208,12.649,0.586,0.5,107,0,17,107,39,0,85,0.012669,0.008481,0.012474,0,1,1,2563.2
drl,2,42,1,11.15,12.516,0.5902,0.5,107,0,14,107,40,0,85,0.012519,0.008442,0.012489,0,1,1,2563.2
drl,2,43,1,11.153,12.544,0.5942,0.5,107,0,14,107,41,0,85,0.01255,0.008419,0.012489,0,1,1,2563.2
drl,2,44,1,11.16,12.546,0.5981,0.5,107,0,14,107,42,0,85,0.01255,0.008419,0.012511,0,1,1,2563.2
drl,2,45,1,11.112,12.555,0.6019,0.5,107,0,14,107,43,0,85,0.012578,0.008412,0.012345,0,1,1,2563.2
drl,2,46,1,11.192,12.536,0.6055,0.5,107,0,10,107,44,0,85,0.012552,0.008634,0.01239,0,1,1,2563.2
drl,2,47,1,11.243,12.696,0.609,0.5,107,0,10,107,45,0,85,0.012714,0.008483,0.012531,0,1,1,2563.2
drl,2,48,1,11.314,12.854,0.6124,0.5,107,0,10,107,46,0,85,0.012889,0.008516,0.012537,0,1,1,2563.2
drl,2,49,1,11.299,12.795,0.6156,0.5,107,0,7,107,47,0,85,0.012824,0.008535,0.012537,0,1,1,2563.2
drl,2,50,1,11.32,12.802,0.6188,0.5,107,0,7,107,48,0,85,0.012824,0.008535,0.012601,0,1,1,2563.2
drl,2,51,1,11.344,12.922,0.6218,0.5,107,0,7,107,49,0,85,0.012953,0.008439,0.01264,0,1,1,2563.2
drl,2,52,1,11.17,12.565,0.6247,0.5,107,0,7,107,50,0,85,0.012519,0.008421,0.01257,0,1,1,2563.2
drl,2,53,1,11.347,12.826,0.6275,0.5,107,0,7,107,51,0,85,0.012851,0.008584,0.012605,0,1,1,2563.2
drl,2,54,1,11.202,12.593,0.6301,0.5,107,0,4,107,52,0,85,0.012585,0.008428,0.012594,0,1,1,2563.2
drl,2,55,1,11.237,12.632,0.6393,0.5118,107,0,4,107,52,1,85,0.012636,0.008482,0.012594,0,1,1,2563.2
drl,2,56,1,11.246,12.634,0.6484,0.5235,107,0,4,107,52,2,85,0.012636,0.008482,0.012621,0,1,1,2563.2
drl,2,57,1,11.423,13.321,0.6574,0.5353,107,0,4,107,52,3,85,0.013411,0.008348,0.012511,0,1,1,2563.2
drl,2,58,1,11.225,12.616,0.6664,0.547,107,0,0,107,52,4,85,0.012617,0.008449,0.012608,0,1,1,2563.2
drl,2,59,1,11.354,12.874,0.6752,0.5586,107,0,0,107,52,5,85,0.012889,0.008434,0.012738,0,1,1,2563.2
drl,2,60,1,11.146,12.559,0.684,0.5702,107,0,0,107,52,6,85,0.012565,0.008368,0.012504,0,1,1,2563.2
drl,2,61,1,11.149,12.567,0.6927,0.5818,107,0,0,107,52,7,85,0.012574,0.008368,0.012504,0,1,1,2563.2
drl,2,62,1,11.172,12.565,0.7013,0.5933,24,0,0,24,52,8,85,0.012574,0.008455,0.012487,0,1,1,2563.2
drl,2,63,1,11.205,12.612,0.7098,0.6047,24,0,0,24,52,9,85,0.012558,0.00844,0.012618,0,1,1,2563.2
drl,2,64,1,11.381,12.889,0.7182,0.616,24,0,0,24,52,10,85,0.012895,0.008418,0.012831,0,1,1,2563.2
drl,2,65,1,11.178,12.558,0.7265,0.6273,24,0,0,24,52,11,85,0.012559,0.008426,0.012548,0,1,1,2563.2
drl,2,66,1,11.273,12.75,0.7347,0.6384,21,0,0,21,52,12,85,0.012575,0.008476,0.012769,0,1,1,2563.2
drl,2,67,1,11.271,12.749,0.7427,0.6494,21,0,0,21,52,13,85,0.012569,0.008476,0.012769,0,1,1,2563.2
drl,2,68,1,11.216,12.622,0.7507,0.6604,21,0,0,21,52,14,85,0.012569,0.00845,0.012628,0,1,1,2563.2
drl,2,69,0,11.172,12.597,0.7507,0.6604,21,0,0,21,52,14,85,0.012605,0.008384,0.012527,0,1,1,2563.2
drl,2,70,1,11.237,12.688,0.7585,0.6711,17,0,0,17,52,15,85,0.012701,0.008444,0.012566,0,1,1,2563.2
drl,2,71,1,11.201,12.611,0.7661,0.6818,17,0,0,17,52,16,85,0.012612,0.008384,0.012606,0,1,1,2563.2
drl,2,72,1,11.177,12.577,0.7737,0.6923,17,0,0,17,52,17,85,0.012581,0.008414,0.012537,0,1,1,2563.2
drl,2,73,1,11.17,12.556,0.7811,0.7027,17,0,0,17,52,18,85,0.012558,0.008414,0.012537,0,1,1,2563.2
drl,2,74,1,11.19,12.604,0.7883,0.7129,17,0,0,17,52,19,85,0.012558,0.008402,0.012609,0,1,1,2563.2
drl,2,75,1,11.265,12.828,0.7955,0.723,14,0,0,14,52,20,85,0.012467,0.008461,0.012868,0,1,1,2563.2
drl,2,76,1,11.285,12.758,0.8024,0.7328,14,0,0,14,52,21,85,0.012619,0.008463,0.012773,0,1,1,2563.2
drl,2,77,1,11.19,12.572,0.8093,0.7426,14,0,0,14,52,22,85,0.012583,0.008518,0.01247,0,1,1,2563.2
drl,2,78,1,11.463,12.658,0.816,0.7521,11,0,0,11,52,23,85,0.012554,0.009167,0.012669,0,1,1,2563.2
drl,2,79,1,11.476,12.661,0.8225,0.7615,11,0,0,11,52,24,85,0.012592,0.009167,0.012669,0,1,1,2563.2
drl,2,80,1,11.258,12.698,0.8289,0.7707,11,0,0,11,52,25,85,0.012592,0.008472,0.01271,0,1,1,2563.2
drl,2,81,1,11.202,12.551,0.8351,0.7797,11,0,0,11,52,26,85,0.012554,0.008525,0.012527,0,1,1,2563.2
drl,2,82,1,11.217,12.571,0.8412,0.7885,11,0,0,11,52,27,85,0.012571,0.00851,0.01257,0,1,1,2563.2
drl,2,83,1,11.207,12.597,0.8471,0.7972,7,0,0,7,52,28,85,0.012571,0.008451,0.0126,0,1,1,2563.2
drl,2,84,1,11.191,12.568,0.8529,0.8056,7,0,0,7,52,29,85,0.012568,0.008438,0.012567,0,1,1,2563.2
drl,2,85,1,11.205,12.606,0.8585,0.8138,7,0,0,7,52,30,85,0.01261,0.008438,0.012567,0,1,1,2563.2
drl,2,86,1,11.236,12.602,0.8639,0.8219,7,0,0,7,52,31,85,0.01261,0.008568,0.012529,0,1,1,2563.2
drl,2,87,1,11.466,12.604,0.8692,0.8297,4,0,0,4,52,32,85,0.012588,0.009203,0.012606,0,1,1,2563.2
drl,2,88,1,11.201,12.606,0.8743,0.8374,4,0,0,4,52,33,85,0.012566,0.008428,0.01261,0,1,1,2563.2
drl,2,89,1,11.279,12.807,0.8793,0.8448,4,0,0,4,52,34,85,0.012834,0.008438,0.012564,0,1,1,2563.2
drl,2,90,1,11.308,12.84,0.8841,0.8841,0,0,0,0,52,35,85,0.012629,0.008432,0.012863,1,1,1,2563.2
drl,2,91,1,11.308,12.84,0.8809,0.8809,0,0,0,0,52,35,86,0.012629,0.008432,0.012863,1,1,1,2563.2
drl,2,92,1,17.057,28.442,0.8777,0.8777,1,1,0,0,52,35,87,0.030203,0.008373,0.012594,1,1,1,2563.2
drl,2,93,1,15.785,24.979,0.8745,0.8745,2,2,0,0,52,35,88,0.02635,0.008368,0.012636,1,1,1,2563.2
drl,2,94,1,15.714,24.795,0.8713,0.8713,3,3,0,0,52,35,89,0.026154,0.008423,0.012566,1,1,1,2563.2
drl,2,95,1,15.866,24.737,0.8682,0.8682,4,4,0,0,52,35,90,0.026087,0.008923,0.012587,1,1,1,2563.2
drl,2,96,1,15.962,24.615,0.865,0.865,5,5,0,0,52,35,91,0.025952,0.009348,0.012587,1,1,1,2563.2
drl,2,97,1,15.944,24.61,0.8618,0.8618,5,5,0,0,52,35,92,0.025952,0.009348,0.012531,1,1,1,2563.2
drl,2,98,1,15.835,25.089,0.8586,0.8586,6,6,0,0,52,35,93,0.026473,0.008399,0.012632,1,1,1,2563.2
drl,2,99,1,16.096,25.776,0.8555,0.8555,7,7,0,0,52,35,94,0.027234,0.008405,0.01265,1,1,1,2563.2
drl,2,100,1,16.133,25.162,0.8523,0.8523,8,8,0,0,52,35,95,0.02646,0.00846,0.013479,1,1,1,2563.2
drl,2,101,1,16.078,25.68,0.8492,0.8492,9,9,0,0,52,35,96,0.027136,0.008523,0.012576,1,1,1,2563.2
drl,2,102,1,15.924,25.262,0.8461,0.8461,10,10,0,0,52,35,97,0.026672,0.008523,0.012576,1,1,1,2563.2
drl,2,103,1,15.872,25.26,0.843,0.843,10,10,0,0,52,35,98,0.026672,0.008392,0.012553,1,1,1,2563.2
drl,2,104,1,15.657,24.541,0.8399,0.8399,11,11,0,0,52,35,99,0.025877,0.008579,0.012514,1,1,1,2563.2
drl,2,105,1,15.719,24.657,0.8368,0.8368,12,12,0,0,52,35,100,0.025982,0.008445,0.012729,1,1,1,2563.2
drl,2,106,1,16.043,25.11,0.8338,0.8338,13,13,0,0,52,35,101,0.02642,0.008386,0.013322,1,1,1,2563.2
drl,2,107,1,15.698,24.685,0.8307,0.8307,14,14,0,0,52,35,102,0.026026,0.008447,0.01262,1,1,1,2563.2
drl,2,108,1,15.698,24.685,0.8277,0.8277,14,14,0,0,52,35,103,0.026026,0.008447,0.01262,1,1,1,2563.2
drl,2,109,1,15.936,25.2,0.8247,0.8247,15,15,0,0,52,35,104,0.026605,0.008651,0.012552,1,1,1,2563.2
drl,2,110,0,16.033,25.248,0.8247,0.8247,16,16,0,0,52,35,104,0.026605,0.008459,0.013034,1,1,1,2563.2
drl,2,111,1,15.803,24.921,0.8217,0.8217,17,17,0,0,52,35,105,0.026283,0.008459,0.012668,1,1,1,2563.2
drl,2,112,1,15.89,25.104,0.8187,0.8187,18,18,0,0,52,35,106,0.026495,0.008594,0.012582,1,1,1,2563.2
drl,2,113,1,15.654,24.31,0.8158,0.8158,19,19,0,0,52,35,107,0.025613,0.008768,0.012582,1,1,1,2563.2
drl,2,114,1,15.74,24.336,0.8129,0.8129,19,19,0,0,52,35,108,0.025613,0.008768,0.01284,1,1,1,2563.2
drl,2,115,1,15.786,24.888,0.81,0.81,20,20,0,0,52,35,109,0.026258,0.008542,0.012558,1,1,1,2563.2
drl,2,116,1,15.659,24.601,0.8071,0.8071,21,21,0,0,52,35,110,0.02593,0.008413,0.012635,1,1,1,2563.2
drl,2,117,1,15.809,25.002,0.8042,0.8042,22,22,0,0,52,35,111,0.026387,0.008505,0.012535,1,1,1,2563.2
drl,2,118,1,15.728,24.752,0.8013,0.8013,23,23,0,0,52,35,112,0.0261,0.008467,0.012616,1,1,1,2563.2
drl,2,119,1,15.728,24.752,0.7985,0.7985,23,23,0,0,52,35,113,0.0261,0.008467,0.012616,1,1,1,2563.2
drl,2,120,1,15.606,24.497,0.7957,0.8776,24,24,0,0,52,35,114,0.025823,0.008431,0.012565,1,0,1,2563.2
drl,2,121,1,11.271,12.762,0.7929,0.8754,24,24,0,0,52,35,115,0.012572,0.008459,0.012783,1,0,1,2563.2
drl,2,122,1,11.214,12.625,0.7901,0.8733,24,24,0,0,52,35,116,0.012543,0.008466,0.012634,1,0,1,2563.2
drl,2,123,1,11.2,12.603,0.7874,0.8711,24,24,0,0,52,35,117,0.012612,0.008464,0.012524,1,0,1,2563.2
drl,2,124,1,11.198,12.62,0.7846,0.869,24,24,0,0,52,35,118,0.012549,0.008418,0.012628,1,0,1,2563.2
drl,2,125,1,11.198,12.62,0.7819,0.8669,24,24,0,0,52,35,119,0.012549,0.008418,0.012628,1,0,1,2563.2
drl,2,126,1,11.495,13.339,0.7793,0.8648,24,24,0,0,52,35,120,0.012591,0.008472,0.013422,1,0,1,2563.2
drl,2,127,1,11.659,13.557,0.7766,0.8628,24,24,0,0,52,35,121,0.012656,0.008665,0.013657,1,0,1,2563.2
drl,2,128,1,11.162,12.515,0.774,0.8607,24,24,0,0,52,35,122,0.012517,0.00847,0.0125,1,0,1,2563.2
drl,2,129,1,11.36,12.99,0.7713,0.8587,24,24,0,0,52,35,123,0.012569,0.008475,0.013037,1,0,1,2563.2
drl,2,130,1,11.232,12.683,0.7687,0.8566,24,24,0,0,52,35,124,0.012693,0.008408,0.012596,1,0,1,2563.2
drl,2,131,1,11.232,12.683,0.7662,0.8546,24,24,0,0,52,35,125,0.012693,0.008408,0.012596,1,0,1,2563.2
drl,2,132,1,11.219,12.629,0.7636,0.8526,24,24,0,0,52,35,126,0.012621,0.008406,0.01263,1,0,1,2563.2
drl,2,133,1,11.386,12.994,0.7611,0.8507,24,24,0,0,52,35,127,0.012722,0.008413,0.013024,1,0,1,2563.2
drl,2,134,1,11.222,12.603,0.7585,0.8487,24,24,0,0,52,35,128,0.012577,0.008483,0.012606,1,0,1,2563.2
drl,2,135,1,11.377,12.656,0.7561,0.8468,24,24,0,0,52,35,129,0.01256,0.008905,0.012667,1,0,1,2563.2
drl,2,136,1,11.195,12.654,0.7536,0.8448,24,24,0,0,52,35,130,0.012538,0.00838,0.012667,1,0,1,2563.2
drl,2,137,1,11.541,13.589,0.7511,0.8429,24,24,0,0,52,35,131,0.012538,0.00838,0.013706,1,0,1,2563.2
drl,2,138,1,11.206,12.558,0.7487,0.841,24,24,0,0,52,35,132,0.012543,0.008516,0.01256,1,0,1,2563.2
drl,2,139,1,11.176,12.556,0.7463,0.8391,24,24,0,0,52,35,133,0.012541,0.008429,0.012558,1,0,1,2563.2
drl,2,140,1,11.173,12.535,0.7439,0.8373,24,24,0,0,52,35,134,0.012529,0.008455,0.012536,1,0,1,2563.2
drl,2,141,1,11.215,12.645,0.7415,0.8354,24,24,0,0,52,35,135,0.012659,0.008465,0.012521,1,0,1,2563.2
drl,2,142,1,11.165,12.539,0.7392,0.8336,24,24,0,0,52,35,136,0.012541,0.008434,0.012521,1,0,1,2563.2
drl,2,143,1,11.157,12.537,0.7369,0.8318,24,24,0,0,52,35,137,0.012541,0.008434,0.012497,1,0,1,2563.2
drl,2,144,1,11.192,12.657,0.7346,0.83,24,24,0,0,52,35,138,0.012494,0.008406,0.012675,1,0,1,2563.2
drl,2,145,1,11.205,12.639,0.7323,0.8282,24,24,0,0,52,35,139,0.012643,0.008374,0.012599,1,0,1,2563.2
drl,2,146,1,11.516,13.493,0.73,0.8264,24,24,0,0,52,35,140,0.012594,0.00836,0.013593,1,0,1,2563.2
drl,2,147,1,11.564,13.346,0.7278,0.8246,24,24,0,0,52,35,141,0.012838,0.008451,0.013402,1,0,1,2563.2
drl,2,148,1,11.389,13.304,0.7255,0.8229,24,24,0,0,52,35,142,0.012424,0.008342,0.013402,1,0,1,2563.2
drl,2,149,1,11.11,12.55,0.7233,0.8212,24,24,0,0,52,35,143,0.012424,0.008342,0.012564,1,0,1,2563.2
drl,2,150,1,11.226,12.646,0.7211,0.7211,24,24,0,0,52,35,144,0.012655,0.008458,0.012565,1,1,1,2563.2
drl,2,151,0,15.946,20.96,0.7211,0.7211,24,24,1,0,52,35,144,0.012579,0.021792,0.013468,1,1,1,2563.2
drl,2,152,1,14.285,17.153,0.719,0.719,23,23,2,0,52,35,145,0.012601,0.017659,0.012595,1,1,1,2563.2
drl,2,153,1,14.355,17.349,0.7168,0.7168,23,23,3,0,52,35,146,0.012587,0.017877,0.0126,1,1,1,2563.2
drl,2,154,1,14.325,17.222,0.7147,0.7147,23,23,4,0,52,35,147,0.012645,0.017731,0.0126,1,1,1,2563.2
drl,2,155,1,14.319,17.222,0.7126,0.7126,23,23,4,0,52,35,148,0.012645,0.017731,0.012581,1,1,1,2563.2
drl,2,156,1,14.295,17.283,0.7105,0.7105,23,23,5,0,52,35,149,0.012476,0.017803,0.012605,1,1,1,2563.2
drl,2,157,1,14.538,17.419,0.7084,0.7084,20,20,6,0,52,35,150,0.013166,0.017892,0.012555,1,1,1,2563.2
drl,2,158,1,14.413,17.388,0.7064,0.7064,20,20,7,0,52,35,151,0.012806,0.017897,0.012536,1,1,1,2563.2
drl,2,159,1,14.445,17.549,0.7043,0.7043,20,20,8,0,52,35,152,0.012777,0.018079,0.012478,1,1,1,2563.2
drl,2,160,1,14.357,17.522,0.7023,0.7023,17,17,8,0,52,35,153,0.012513,0.018079,0.012478,1,1,1,2563.2
drl,2,161,1,14.356,17.439,0.7003,0.7003,17,17,9,0,52,35,154,0.012513,0.017979,0.012575,1,1,1,2563.2
drl,2,162,1,14.302,17.277,0.6983,0.6983,17,17,10,0,52,35,155,0.012468,0.017791,0.012647,1,1,1,2563.2
drl,2,163,1,14.542,17.337,0.6964,0.6964,17,17,11,0,52,35,156,0.012988,0.01782,0.012819,1,1,1,2563.2
drl,2,164,1,14.213,16.823,0.6944,0.6944,13,13,12,0,52,35,157,0.012619,0.017276,0.012745,1,1,1,2563.2
drl,2,165,1,14.377,17.344,0.6925,0.6925,13,13,13,0,52,35,158,0.012712,0.017859,0.012559,1,1,1,2563.2
drl,2,166,1,14.377,17.344,0.6906,0.6906,13,13,13,0,52,35,159,0.012712,0.017859,0.012559,1,1,1,2563.2
drl,2,167,1,14.525,17.368,0.6887,0.6887,14,13,14,0,52,35,160,0.012446,0.017819,0.013311,1,1,1,2563.2
drl,2,168,1,14.644,17.73,0.6868,0.6868,15,13,15,0,52,35,161,0.01287,0.01827,0.012791,1,1,1,2563.2
drl,2,169,1,14.279,17.136,0.685,0.685,16,10,16,0,52,35,162,0.012626,0.017637,0.012575,1,1,1,2563.2
drl,2,170,1,14.341,17.371,0.6831,0.6831,17,10,17,0,52,35,163,0.012583,0.017903,0.012537,1,1,1,2563.2
drl,2,171,1,14.336,17.369,0.6813,0.6813,17,10,17,0,52,35,164,0.012567,0.017903,0.012537,1,1,1,2563.2
drl,2,172,1,14.424,17.673,0.6795,0.6795,18,10,18,0,52,35,165,0.012567,0.01824,0.012464,1,1,1,2563.2
drl,2,173,1,14.177,16.934,0.6777,0.6777,19,7,19,0,52,35,166,0.012521,0.017416,0.012593,1,1,1,2563.2
drl,2,174,1,14.415,17.495,0.6759,0.6759,20,7,20,0,52,35,167,0.01259,0.018037,0.012618,1,1,1,2563.2
drl,2,175,1,14.332,17.211,0.6741,0.6741,21,7,21,0,52,35,168,0.012517,0.017704,0.012776,1,1,1,2563.2
drl,2,176,1,14.498,17.417,0.6724,0.6724,22,3,22,0,52,35,169,0.012583,0.017907,0.013005,1,1,1,2563.2
drl,2,177,1,14.455,17.417,0.6706,0.6706,22,3,22,0,52,35,170,0.012452,0.017907,0.013005,1,1,1,2563.2
drl,2,178,1,14.398,17.49,0.6689,0.6689,23,3,23,0,52,35,171,0.012452,0.01802,0.012723,1,1,1,2563.2
drl,2,179,1,14.456,17.342,0.6672,0.6672,24,3,24,0,52,35,172,0.012886,0.017837,0.012644,1,1,1,2563.2
drl,3,0,0,16.107,25.868,1.0,1.0,0,0,0,0,0,0,0,0.012542,0.00843,0.027349,1,1,1,2391.3
drl,3,1,83,15.828,24.827,0.3333,0.3333,83,0,28,83,0,0,83,0.012591,0.008706,0.026187,1,1,1,2391.3
drl,3,2,1,15.575,24.354,0.3414,0.3414,84,0,28,84,1,0,83,0.012631,0.008437,0.025657,1,1,1,2391.3
drl,3,3,1,15.575,24.354,0.3494,0.3494,84,0,28,84,2,0,83,0.012631,0.008437,0.025657,1,1,1,2391.3
drl,3,4,1,15.572,24.375,0.3574,0.3574,85,0,28,85,3,0,83,0.012603,0.00843,0.025683,1,1,1,2391.3
drl,3,5,1,15.737,24.842,0.3654,0.3654,86,0,28,86,4,0,83,0.012578,0.008428,0.026205,1,1,1,2391.3
drl,3,6,1,15.749,24.735,0.3733,0.3733,87,0,28,87,5,0,83,0.012624,0.008541,0.026081,1,1,1,2391.3
drl,3,7,1,15.834,25.094,0.3813,0.3813,88,0,28,88,6,0,83,0.012561,0.008453,0.026487,1,1,1,2391.3
drl,3,8,1,15.85,25.096,0.3892,0.3892,88,0,28,88,7,0,83,0.012574,0.008489,0.026487,1,1,1,2391.3
drl,3,9,1,15.704,24.701,0.397,0.397,89,0,28,89,8,0,83,0.012574,0.008489,0.026048,1,1,1,2391.3
drl,3,10,1,19.515,26.017,0.4048,0.4048,90,0,27,90,9,0,83,0.012563,0.019208,0.026773,1,1,1,2391.3
drl,3,11,1,15.857,24.936,0.4125,0.4125,91,0,27,91,10,0,83,0.012515,0.008741,0.026316,1,1,1,2391.3
drl,3,12,1,15.831,24.868,0.4202,0.4202,92,0,27,92,11,0,83,0.012871,0.008422,0.026201,1,1,1,2391.3
drl,3,13,1,19.854,25.66,0.4277,0.4277,93,0,26,93,12,0,83,0.012606,0.020749,0.026206,1,1,1,2391.3
drl,3,14,1,19.852,25.66,0.4353,0.4353,93,0,26,93,13,0,83,0.012601,0.020749,0.026206,1,1,1,2391.3
drl,3,15,1,15.691,24.701,0.4427,0.4427,94,0,26,94,14,0,83,0.012601,0.008428,0.026045,1,1,1,2391.3
drl,3,16,1,15.862,24.761,0.45,0.45,95,0,26,95,15,0,83,0.012858,0.008643,0.026084,1,1,1,2391.3
drl,3,17,1,15.721,24.834,0.4572,0.4572,96,0,26,96,16,0,83,0.012534,0.008428,0.026201,1,1,1,2391.3
drl,3,18,1,15.613,24.512,0.4644,0.4644,97,0,26,97,17,0,83,0.012595,0.008409,0.025836,1,1,1,2391.3
drl,3,19,1,16.198,25.891,0.4714,0.4714,98,0,26,98,18,0,83,0.012819,0.008431,0.027344,1,1,1,2391.3
drl,3,20,1,16.198,25.891,0.4783,0.4783,98,0,26,98,19,0,83,0.012819,0.008431,0.027344,1,1,1,2391.3
drl,3,21,1,15.794,25.022,0.4852,0.4852,99,0,26,99,20,0,83,0.012537,0.008436,0.026409,1,1,1,2391.3
drl,3,22,1,15.827,24.942,0.4919,0.4919,100,0,26,100,21,0,83,0.012756,0.008428,0.026296,1,1,1,2391.3
drl,3,23,1,15.697,24.735,0.4984,0.4984,101,0,26,101,22,0,83,0.012599,0.008409,0.026083,1,1,1,2391.3
drl,3,24,1,15.677,24.683,0.5049,0.5049,102,0,26,102,23,0,83,0.012583,0.008421,0.026028,1,1,1,2391.3
drl,3,25,1,15.987,24.774,0.5112,0.5112,102,0,26,102,24,0,83,0.013486,0.008447,0.026028,1,1,1,2391.3
drl,3,26,1,16.057,24.962,0.5174,0.5174,103,0,26,103,25,0,83,0.013486,0.008447,0.026237,1,1,1,2391.3
drl,3,27,1,15.723,24.833,0.5235,0.5235,104,0,26,104,26,0,83,0.012573,0.008402,0.026195,1,1,1,2391.3
drl,3,28,0,15.667,24.571,0.5235,0.5235,105,0,24,105,26,0,83,0.012589,0.008509,0.025902,1,1,1,2391.3
drl,3,29,1,15.675,24.706,0.5294,0.5294,106,0,24,106,27,0,83,0.012554,0.008416,0.026056,1,1,1,2391.3
drl,3,30,2,15.666,24.7,0.5409,0.5,107,0,24,107,29,0,83,0.012523,0.008421,0.026053,0,1,1,2391.3
drl,3,31,0,15.679,24.704,0.5409,0.5,107,0,24,107,29,0,83,0.012562,0.008421,0.026053,0,1,1,2391.3
drl,3,32,1,11.173,12.561,0.5465,0.5,107,0,20,107,30,0,83,0.012562,0.008404,0.012554,0,1,1,2391.3
drl,3,33,1,11.432,13.114,0.5518,0.5,107,0,20,107,31,0,83,0.01317,0.008512,0.012613,0,1,1,2391.3
drl,3,34,1,11.268,12.584,0.5571,0.5,107,0,20,107,32,0,83,0.012596,0.008734,0.012475,0,1,1,2391.3
drl,3,35,1,11.162,12.594,0.5622,0.5,107,0,17,107,33,0,83,0.012607,0.008404,0.012476,0,1,1,2391.3
drl,3,36,1,11.296,12.815,0.5672,0.5,107,0,17,107,34,0,83,0.012559,0.008486,0.012843,0,1,1,2391.3
drl,3,37,1,11.305,12.817,0.572,0.5,107,0,17,107,35,0,83,0.012587,0.008486,0.012843,0,1,1,2391.3
drl,3,38,1,11.17,12.576,0.5767,0.5,107,0,17,107,36,0,83,0.012587,0.008449,0.012473,0,1,1,2391.3
drl,3,39,1,11.156,12.518,0.5813,0.5,107,0,17,107,37,0,83,0.012498,0.008451,0.01252,0,1,1,2391.3
drl,3,40,1,11.182,12.544,0.5857,0.5,107,0,14,107,38,0,83,0.012517,0.008483,0.012547,0,1,1,2391.3
drl,3,41,1,11.376,12.954,0.5899,0.5,107,0,14,107,39,0,83,0.01262,0.008516,0.012991,0,1,1,2391.3
drl,3,42,1,11.214,12.591,0.5941,0.5,107,0,14,107,40,0,83,0.012593,0.008476,0.012573,0,1,1,2391.3
drl,3,43,1,11.211,12.582,0.5981,0.5,107,0,14,107,41,0,83,0.012583,0.008476,0.012573,0,1,1,2391.3
drl,3,44,1,11.148,12.572,0.6019,0.5,107,0,10,107,42,0,83,0.012583,0.008387,0.012474,0,1,1,2391.3
drl,3,45,1,11.191,12.555,0.6056,0.5,107,0,10,107,43,0,83,0.012538,0.008478,0.012557,0,1,1,2391.3
drl,3,46,1,11.167,12.562,0.6092,0.5,107,0,10,107,44,0,83,0.01257,0.008446,0.012485,0,1,1,2391.3
drl,3,47,1,11.257,12.657,0.6127,0.5,107,0,10,107,45,0,83,0.012661,0.008495,0.012616,0,1,1,2391.3
drl,3,48,1,11.246,12.748,0.616,0.5,107,0,8,107,46,0,83,0.012772,0.008432,0.012534,0,1,1,2391.3
drl,3,49,1,11.246,12.748,0.6192,0.5,107,0,8,107,47,0,83,0.012772,0.008432,0.012534,0,1,1,2391.3
drl,3,50,1,11.28,12.786,0.6222,0.5,107,0,8,107,48,0,83,0.012802,0.0084,0.012639,0,1,1,2391.3
drl,3,51,1,11.308,12.606,0.6252,0.5,107,0,8,107,49,0,83,0.012547,0.008764,0.012612,0,1,1,2391.3
drl,3,52,1,11.131,12.566,0.628,0.5,107,0,5,107,50,0,83,0.012371,0.008434,0.012588,0,1,1,2391.3
drl,3,53,1,11.215,12.635,0.6307,0.5,107,0,5,107,51,0,83,0.012642,0.008434,0.012569,0,1,1,2391.3
drl,3,54,1,11.242,12.589,0.6333,0.5,107,0,5,107,52,0,83,0.012594,0.008588,0.012543,0,1,1,2391.3
drl,3,55,1,11.242,12.589,0.6357,0.5,107,0,5,107,53,0,83,0.012594,0.008588,0.012543,0,1,1,2391.3
drl,3,56,1,11.115,12.491,0.6381,0.5,107,0,2,107,54,0,83,0.012493,0.008377,0.012475,0,1,1,2391.3
drl,3,57,1,11.196,12.569,0.6474,0.512,107,0,2,107,54,1,83,0.012542,0.008473,0.012572,0,1,1,2391.3
drl,3,58,1,11.217,12.615,0.6566,0.5241,107,0,2,107,54,2,83,0.012621,0.008466,0.012563,0,1,1,2391.3
drl,3,59,1,11.237,12.745,0.6657,0.5361,107,0,2,107,54,3,83,0.012769,0.008414,0.012528,0,1,1,2391.3
drl,3,60,1,11.225,12.716,0.6748,0.5481,106,0,0,106,54,4,83,0.012741,0.008442,0.012491,0,1,1,2391.3
drl,3,61,1,11.225,12.716,0.6838,0.56,106,0,0,106,54,5,83,0.012741,0.008442,0.012491,0,1,1,2391.3
drl,3,62,1,11.176,12.582,0.6926,0.5719,106,0,0,106,54,6,83,0.012583,0.008372,0.012572,0,1,1,2391.3
drl,3,63,1,11.207,12.578,0.7014,0.5837,106,0,0,106,54,7,83,0.012554,0.008487,0.012581,0,1,1,2391.3
drl,3,64,1,11.188,12.582,0.7101,0.5955,22,0,0,22,54,8,83,0.012586,0.008427,0.01255,0,1,1,2391.3
drl,3,65,1,11.221,12.656,0.7187,0.6072,22,0,0,22,54,9,83,0.012668,0.00845,0.012545,0,1,1,2391.3
drl,3,66,1,11.161,12.568,0.7272,0.6188,22,0,0,22,54,10,83,0.012442,0.008459,0.012582,0,1,1,2391.3
drl,3,67,1,11.161,12.568,0.7356,0.6302,22,0,0,22,54,11,83,0.012442,0.008459,0.012582,0,1,1,2391.3
drl,3,68,1,11.211,12.623,0.7438,0.6416,22,0,0,22,54,12,83,0.012629,0.008433,0.012571,0,1,1,2391.3
drl,3,69,1,11.247,12.678,0.752,0.6529,19,0,0,19,54,13,83,0.012561,0.008488,0.012691,0,1,1,2391.3
drl,3,70,0,11.27,12.677,0.752,0.6529,19,0,0,19,54,13,83,0.012679,0.008469,0.012663,0,1,1,2391.3
drl,3,71,1,11.39,13.062,0.76,0.664,19,0,0,19,54,14,83,0.012622,0.008437,0.013111,0,1,1,2391.3
drl,3,72,1,11.418,12.496,0.7678,0.675,16,0,0,16,54,15,83,0.012499,0.009284,0.012471,0,1,1,2391.3
drl,3,73,1,11.418,12.496,0.7756,0.6859,16,0,0,16,54,16,83,0.012499,0.009284,0.012471,0,1,1,2391.3
drl,3,74,1,11.167,12.563,0.7832,0.6966,16,0,0,16,54,17,83,0.012573,0.008455,0.012472,0,1,1,2391.3
drl,3,75,1,11.224,12.604,0.7906,0.7071,16,0,0,16,54,18,83,0.01259,0.008477,0.012606,0,1,1,2391.3
drl,3,76,1,11.33,12.732,0.798,0.7175,12,0,0,12,54,19,83,0.012601,0.008644,0.012746,0,1,1,2391.3
drl,3,77,1,11.252,12.712,0.8051,0.7277,12,0,0,12,54,20,83,0.012727,0.008452,0.012576,0,1,1,2391.3
drl,3,78,1,11.262,12.703,0.8122,0.7378,12,0,0,12,54,21,83,0.012717,0.008492,0.012576,0,1,1,2391.3
drl,3,79,1,11.24,12.696,0.819,0.7477,12,0,0,12,54,22,83,0.012717,0.008492,0.012511,0,1,1,2391.3
drl,3,80,1,11.197,12.599,0.8258,0.7573,12,0,0,12,54,23,83,0.012592,0.008399,0.0126,0,1,1,2391.3
drl,3,81,1,11.152,12.514,0.8323,0.7668,9,0,0,9,54,24,83,0.012466,0.008471,0.012519,0,1,1,2391.3
drl,3,82,1,11.257,12.737,0.8387,0.7762,9,0,0,9,54,25,83,0.012748,0.008386,0.012638,0,1,1,2391.3
drl,3,83,1,11.198,12.594,0.845,0.7853,9,0,0,9,54,26,83,0.012573,0.008426,0.012596,0,1,1,2391.3
drl,3,84,1,11.293,12.795,0.8511,0.7942,9,0,0,9,54,27,83,0.012817,0.008465,0.012596,0,1,1,2391.3
drl,3,85,1,11.258,12.785,0.857,0.8029,6,0,0,6,54,28,83,0.012817,0.008465,0.012492,0,1,1,2391.3
drl,3,86,1,11.237,12.679,0.8628,0.8114,6,0,0,6,54,29,83,0.012692,0.00846,0.01256,0,1,1,2391.3
drl,3,87,1,11.295,12.96,0.8684,0.8197,6,0,0,6,54,30,83,0.013009,0.008359,0.012517,0,1,1,2391.3
drl,3,88,1,11.231,12.543,0.8739,0.8278,6,0,0,6,54,31,83,0.012544,0.008618,0.01253,0,1,1,2391.3
drl,3,89,1,11.604,12.988,0.8792,0.8357,2,0,0,2,54,32,83,0.013029,0.009167,0.012616,0,1,1,2391.3
drl,3,90,1,11.174,12.593,0.8843,0.8843,2,0,0,2,54,33,83,0.012603,0.008419,0.0125,1,1,1,2391.3
drl,3,91,1,11.174,12.593,0.8892,0.8892,2,0,0,2,54,34,83,0.012603,0.008419,0.0125,1,1,1,2391.3
drl,3,92,1,16.619,27.26,0.894,0.894,2,1,0,2,54,35,83,0.028893,0.008399,0.012565,1,1,1,2391.3
drl,3,93,1,15.798,24.893,0.8987,0.8987,2,2,0,0,54,36,83,0.026248,0.008442,0.012703,1,1,1,2391.3
drl,3,94,1,15.821,25.029,0.8956,0.8956,3,3,0,0,54,36,84,0.026399,0.008363,0.012701,1,1,1,2391.3
drl,3,95,1,15.745,24.798,0.8926,0.8926,4,4,0,0,54,36,85,0.026154,0.008481,0.012599,1,1,1,2391.3
drl,3,96,1,15.76,24.841,0.8895,0.8895,5,5,0,0,54,36,86,0.026201,0.008481,0.012599,1,1,1,2391.3
drl,3,97,1,15.772,24.843,0.8864,0.8864,5,5,0,0,54,36,87,0.026201,0.008491,0.012623,1,1,1,2391.3
drl,3,98,1,15.534,24.324,0.8834,0.8834,6,6,0,0,54,36,88,0.025627,0.008377,0.012598,1,1,1,2391.3
drl,3,99,1,15.695,24.726,0.8803,0.8803,7,7,0,0,54,36,89,0.026075,0.00842,0.012589,1,1,1,2391.3
drl,3,100,1,15.765,25.002,0.8772,0.8772,8,8,0,0,54,36,90,0.026395,0.008431,0.012469,1,1,1,2391.3
drl,3,101,1,15.632,24.564,0.8741,0.8741,9,9,0,0,54,36,91,0.025892,0.008392,0.012612,1,1,1,2391.3
drl,3,102,1,15.632,24.564,0.871,0.871,9,9,0,0,54,36,92,0.025892,0.008392,0.012612,1,1,1,2391.3
drl,3,103,1,15.856,25.105,0.868,0.868,10,10,0,0,54,36,93,0.026515,0.008636,0.012417,1,1,1,2391.3
drl,3,104,1,15.714,24.785,0.8649,0.8649,11,11,0,0,54,36,94,0.026144,0.008444,0.012554,1,1,1,2391.3
drl,3,105,1,15.812,24.784,0.8619,0.8619,12,12,0,0,54,36,95,0.026118,0.008538,0.01278,1,1,1,2391.3
drl,3,106,1,15.748,24.851,0.8588,0.8588,13,13,0,0,54,36,96,0.02622,0.008492,0.012531,1,1,1,2391.3
drl,3,107,1,15.83,25.149,0.8558,0.8558,14,14,0,0,54,36,97,0.026551,0.008407,0.012531,1,1,1,2391.3
drl,3,108,1,15.835,25.151,0.8527,0.8527,14,14,0,0,54,36,98,0.026551,0.008407,0.012548,1,1,1,2391.3
drl,3,109,0,16.163,25.118,0.8527,0.8527,15,15,0,0,54,36,98,0.026416,0.00864,0.013432,1,1,1,2391.3
drl,3,110,1,16.035,24.981,0.8497,0.8497,16,16,0,0,54,36,99,0.026268,0.008444,0.013394,1,1,1,2391.3
drl,3,111,1,15.813,25.052,0.8467,0.8467,17,17,0,0,54,36,100,0.026436,0.008406,0.012596,1,1,1,2391.3
drl,3,112,1,16.004,24.941,0.8437,0.8437,18,18,0,0,54,36,101,0.026223,0.008383,0.013405,1,1,1,2391.3
drl,3,113,1,16.004,24.941,0.8407,0.8407,18,18,0,0,54,36,102,0.026223,0.008383,0.013405,1,1,1,2391.3
drl,3,114,1,15.858,24.997,0.8378,0.8378,19,19,0,0,54,36,103,0.026355,0.008442,0.012778,1,1,1,2391.3
drl,3,115,1,15.908,25.168,0.8348,0.8348,20,20,0,0,54,36,104,0.026549,0.008433,0.012742,1,1,1,2391.3
drl,3,116,1,15.88,24.42,0.8319,0.8319,21,21,0,0,54,36,105,0.025635,0.008522,0.013483,1,1,1,2391.3
drl,3,117,1,15.814,25.061,0.8289,0.8289,22,22,0,0,54,36,106,0.026448,0.008412,0.012581,1,1,1,2391.3
drl,3,118,1,15.702,24.767,0.826,0.826,23,23,0,0,54,36,107,0.026121,0.008404,0.012581,1,1,1,2391.3
drl,3,119,1,15.998,24.856,0.8231,0.8231,23,23,0,0,54,36,108,0.026121,0.008404,0.01347,1,1,1,2391.3
drl,3,120,1,16.061,25.094,0.8203,0.8978,24,24,0,0,54,36,109,0.026398,0.008424,0.013361,1,0,1,2391.3
drl,3,121,1,11.346,13.086,0.8174,0.8956,24,24,0,0,54,36,110,0.012456,0.008427,0.013156,1,0,1,2391.3
drl,3,122,1,11.246,12.713,0.8146,0.8934,24,24,0,0,54,36,111,0.012725,0.008403,0.012609,1,0,1,2391.3
drl,3,123,1,11.307,12.877,0.8117,0.8912,24,24,0,0,54,36,112,0.012538,0.008469,0.012915,1,0,1,2391.3
drl,3,124,1,11.318,12.885,0.8089,0.889,24,24,0,0,54,36,113,0.012615,0.008423,0.012915,1,0,1,2391.3
drl,3,125,1,11.178,12.603,0.8061,0.8869,24,24,0,0,54,36,114,0.012615,0.008423,0.012496,1,0,1,2391.3
drl,3,126,1,11.373,12.99,0.8034,0.8847,24,24,0,0,54,36,115,0.012736,0.008364,0.013018,1,0,1,2391.3
drl,3,127,1,11.136,12.571,0.8006,0.8826,24,24,0,0,54,36,116,0.012592,0.008434,0.012381,1,0,1,2391.3
drl,3,128,1,11.192,12.602,0.7979,0.8805,24,24,0,0,54,36,117,0.012615,0.008472,0.012489,1,0,1,2391.3
drl,3,129,1,11.537,13.487,0.7952,0.8784,24,24,0,0,54,36,118,0.012592,0.008433,0.013586,1,0,1,2391.3
drl,3,130,1,11.549,13.486,0.7925,0.8763,24,24,0,0,54,36,119,0.012588,0.008474,0.013586,1,0,1,2391.3
drl,3,131,1,11.265,12.718,0.7898,0.8742,24,24,0,0,54,36,120,0.012588,0.008474,0.012733,1,0,1,2391.3
drl,3,132,1,11.225,12.536,0.7872,0.8722,24,24,0,0,54,36,121,0.012539,0.008627,0.012508,1,0,1,2391.3
drl,3,133,1,11.262,12.778,0.7845,0.8701,24,24,0,0,54,36,122,0.012802,0.008418,0.012565,1,0,1,2391.3
drl,3,134,1,11.156,12.559,0.7819,0.8681,24,24,0,0,54,36,123,0.012563,0.008386,0.012518,1,0,1,2391.3
drl,3,135,1,11.21,12.603,0.7793,0.8661,24,24,0,0,54,36,124,0.012608,0.008461,0.012561,1,0,1,2391.3
drl,3,136,1,11.205,12.615,0.7767,0.8641,24,24,0,0,54,36,125,0.012621,0.008434,0.012561,1,0,1,2391.3
drl,3,137,1,11.47,13.282,0.7742,0.8621,24,24,0,0,54,36,126,0.012621,0.008434,0.013355,1,0,1,2391.3
drl,3,138,1,11.181,12.55,0.7717,0.8601,24,24,0,0,54,36,127,0.012524,0.008466,0.012553,1,0,1,2391.3
drl,3,139,1,11.325,12.587,0.7691,0.8581,24,24,0,0,54,36,128,0.012588,0.008811,0.012576,1,0,1,2391.3
drl,3,140,1,11.197,12.558,0.7667,0.8562,24,24,0,0,54,36,129,0.012563,0.008516,0.012511,1,0,1,2391.3
drl,3,141,1,11.175,12.587,0.7642,0.8543,24,24,0,0,54,36,130,0.012577,0.008359,0.012588,1,0,1,2391.3
drl,3,142,1,11.191,12.587,0.7617,0.8523,24,24,0,0,54,36,131,0.012575,0.008409,0.012588,1,0,1,2391.3
drl,3,143,1,11.216,12.655,0.7593,0.8504,24,24,0,0,54,36,132,0.012575,0.008409,0.012664,1,0,1,2391.3
drl,3,144,1,11.289,12.57,0.7569,0.8486,24,24,0,0,54,36,133,0.012577,0.008784,0.012507,1,0,1,2391.3
drl,3,145,1,11.275,12.697,0.7545,0.8467,24,24,0,0,54,36,134,0.012659,0.008464,0.012701,1,0,1,2391.3
drl,3,146,1,11.193,12.601,0.7521,0.8448,24,24,0,0,54,36,135,0.012608,0.008429,0.012541,1,0,1,2391.3
drl,3,147,1,11.262,12.804,0.7498,0.843,24,24,0,0,54,36,136,0.012547,0.008406,0.012833,1,0,1,2391.3
drl,3,148,1,11.268,12.806,0.7474,0.8412,24,24,0,0,54,36,137,0.012565,0.008406,0.012833,1,0,1,2391.3
drl,3,149,1,11.06,12.538,0.7451,0.8393,24,24,0,0,54,36,138,0.012565,0.008322,0.012293,1,0,1,2391.3
drl,3,150,1,11.621,13.739,0.7428,0.7428,24,24,0,0,54,36,139,0.012559,0.008434,0.01387,1,1,1,2391.3
drl,3,151,0,15.883,20.698,0.7428,0.7428,24,24,1,0,54,36,139,0.013099,0.021542,0.013007,1,1,1,2391.3
drl,3,152,1,14.394,17.486,0.7405,0.7405,24,24,2,0,54,36,140,0.012558,0.018029,0.012595,1,1,1,2391.3
drl,3,153,1,14.396,17.472,0.7383,0.7383,24,24,3,0,54,36,141,0.012568,0.018012,0.012608,1,1,1,2391.3
drl,3,154,1,14.396,17.472,0.736,0.736,24,24,3,0,54,36,142,0.012568,0.018012,0.012608,1,1,1,2391.3
drl,3,155,1,14.222,17.064,0.7338,0.7338,22,22,4,0,54,36,143,0.012486,0.017558,0.012621,1,1,1,2391.3
drl,3,156,1,14.301,17.155,0.7316,0.7316,22,22,5,0,54,36,144,0.012583,0.017654,0.012666,1,1,1,2391.3
drl,3,157,1,14.236,17.107,0.7294,0.7294,22,22,6,0,54,36,145,0.012534,0.017612,0.012563,1,1,1,2391.3
drl,3,158,1,14.29,17.184,0.7273,0.7273,18,18,7,0,54,36,146,0.012621,0.017691,0.012559,1,1,1,2391.3
drl,3,159,1,14.371,17.417,0.7251,0.7251,18,18,8,0,54,36,147,0.012603,0.017952,0.012559,1,1,1,2391.3
drl,3,160,1,14.374,17.417,0.723,0.723,18,18,8,0,54,36,148,0.012603,0.017952,0.012567,1,1,1,2391.3
drl,3,161,1,14.483,17.564,0.7209,0.7209,18,18,9,0,54,36,149,0.012628,0.018102,0.012719,1,1,1,2391.3
drl,3,162,1,14.276,17.307,0.7188,0.7188,18,18,10,0,54,36,150,0.012483,0.017841,0.012503,1,1,1,2391.3
drl,3,163,1,19.411,26.665,0.7167,0.7167,14,14,11,0,54,36,151,0.027624,0.018032,0.012578,1,1,1,2391.3
drl,3,164,1,14.325,17.351,0.7146,0.7146,14,14,12,0,54,36,152,0.012538,0.017884,0.012552,1,1,1,2391.3
drl,3,165,1,14.398,17.372,0.7126,0.7126,14,14,12,0,54,36,153,0.012759,0.017884,0.012552,1,1,1,2391.3
drl,3,166,1,14.458,17.448,0.7106,0.7106,14,14,13,0,54,36,154,0.012759,0.017969,0.012645,1,1,1,2391.3
drl,3,167,1,14.323,17.111,0.7086,0.7086,14,11,14,0,54,36,155,0.012802,0.01759,0.012577,1,1,1,2391.3
drl,3,168,1,14.373,17.327,0.7066,0.7066,15,11,15,0,54,36,156,0.012551,0.017838,0.012729,1,1,1,2391.3
drl,3,169,1,14.359,17.288,0.7046,0.7046,16,11,16,0,54,36,157,0.012615,0.017802,0.01266,1,1,1,2391.3
drl,3,170,1,14.706,17.528,0.7027,0.7027,17,8,17,0,54,36,158,0.012682,0.017981,0.013455,1,1,1,2391.3
drl,3,171,1,14.706,17.528,0.7007,0.7007,17,8,17,0,54,36,159,0.012682,0.017981,0.013455,1,1,1,2391.3
drl,3,172,1,14.232,17.154,0.6988,0.6988,18,8,18,0,54,36,160,0.012414,0.017657,0.012625,1,1,1,2391.3
drl,3,173,1,14.244,16.915,0.6969,0.6969,19,8,19,0,54,36,161,0.012559,0.017372,0.012802,1,1,1,2391.3
drl,3,174,1,14.264,17.259,0.695,0.695,20,8,20,0,54,36,162,0.012528,0.017785,0.012478,1,1,1,2391.3
drl,3,175,1,14.201,17.062,0.6932,0.6932,21,5,21,0,54,36,163,0.012467,0.01756,0.012577,1,1,1,2391.3
drl,3,176,1,14.635,17.826,0.6913,0.6913,22,5,22,0,54,36,164,0.012963,0.018366,0.012577,1,1,1,2391.3
drl,3,177,1,14.613,17.826,0.6895,0.6895,22,5,22,0,54,36,165,0.012963,0.018366,0.012511,1,1,1,2391.3
drl,3,178,1,14.508,17.607,0.6877,0.6877,23,5,23,0,54,36,166,0.012851,0.018135,0.012537,1,1,1,2391.3
drl,3,179,1,14.308,17.252,0.6858,0.6858,24,2,24,0,54,36,167,0.012549,0.017768,0.012606,1,1,1,2391.3
