algorithm,trial,second,throughput,avg_rtt,p95_rtt,fairness_index,fairness_alive,max_imbalance,h1_conns,h2_conns,h3_conns,h1_sels,h2_sels,h3_sels,h1_rtt,h2_rtt,h3_rtt,h1_alive,h2_alive,h3_alive,decision_latency_us
round_robin,1,0,0,11.342,12.451,1.0,1.0,0,0,0,0,0,0,0,0.011552,0.012551,0.009922,1,1,1,1961.6
round_robin,1,1,1,11.282,12.46,0.3333,0.3333,51,0,0,51,1,0,0,0.011835,0.01253,0.009482,1,1,1,1961.6
round_robin,1,2,1,11.178,12.385,0.6667,0.6667,52,0,0,52,1,1,0,0.011835,0.012446,0.009254,1,1,1,1961.6
round_robin,1,3,11,11.178,12.385,0.9883,0.9883,52,0,0,52,5,4,4,0.011835,0.012446,0.009254,1,1,1,1961.6
round_robin,1,4,1,11.295,12.747,0.9899,0.9899,54,0,0,54,5,5,4,0.011573,0.012877,0.009435,1,1,1,1961.6
round_robin,1,5,11,10.99,12.444,0.9968,0.9968,56,0,0,56,9,8,8,0.011251,0.012577,0.009143,1,1,1,1961.6
round_robin,1,6,1,11.227,12.47,0.9971,0.9971,53,0,0,53,9,9,8,0.011587,0.012568,0.009527,1,1,1,1961.6
round_robin,1,7,11,11.244,12.483,0.9985,0.9985,55,0,0,55,13,12,12,0.011601,0.012581,0.00955,1,1,1,1961.6
round_robin,1,8,1,11.235,12.504,0.9986,0.9986,56,0,0,56,13,13,12,0.01156,0.012609,0.009535,1,1,1,1961.6
round_robin,1,9,11,11.302,12.524,0.9992,0.9992,56,0,0,56,17,16,16,0.011763,0.012609,0.009535,1,1,1,1961.6
round_robin,1,10,1,11.467,12.703,0.9992,0.9992,55,0,0,55,17,17,16,0.011763,0.012807,0.00983,1,1,1,1961.6
round_robin,1,11,11,11.165,12.753,0.9995,0.9995,56,0,0,56,21,20,20,0.011546,0.012887,0.009063,1,1,1,1961.6
round_robin,1,12,1,11.087,12.48,0.9995,0.9995,58,0,0,58,21,21,20,0.011545,0.012584,0.009132,1,1,1,1961.6
round_robin,1,13,11,11.184,12.474,0.9996,0.9996,60,0,0,60,25,24,24,0.011558,0.012576,0.009417,1,1,1,1961.6
round_robin,1,14,1,11.162,12.669,0.9996,0.9996,58,0,0,58,25,25,24,0.01154,0.012795,0.00915,1,1,1,1961.6
round_robin,1,15,11,11.521,13.597,0.9997,0.9997,58,0,0,58,29,28,28,0.011595,0.013819,0.00915,1,1,1,1961.6
round_robin,1,16,1,11.535,13.597,0.9997,0.9997,60,0,0,60,29,29,28,0.011595,0.013819,0.009192,1,1,1,1961.6
round_robin,1,17,11,11.318,12.515,0.9998,0.9998,61,0,0,61,33,32,32,0.011718,0.012604,0.009632,1,1,1,1961.6
round_robin,1,18,1,11.237,12.5,0.9998,0.9998,59,0,0,59,33,33,32,0.01156,0.012604,0.009548,1,1,1,1961.6
round_robin,1,19,11,11.588,13.284,0.9998,0.9998,59,0,0,59,37,36,36,0.011588,0.013472,0.009703,1,1,1,1961.6
round_robin,1,20,1,11.348,12.508,0.9998,0.9998,61,0,0,61,37,37,36,0.011924,0.012573,0.009548,1,1,1,1961.6
round_robin,1,21,11,11.21,12.448,0.9999,0.9999,62,0,0,62,41,40,40,0.011553,0.012548,0.009529,1,1,1,1961.6
round_robin,1,22,1,11.265,12.465,0.9999,0.9999,62,0,0,62,41,41,40,0.011718,0.012548,0.009529,1,1,1,1961.6
round_robin,1,23,1,11.38,12.733,1.0,1.0,61,0,0,61,41,41,41,0.011718,0.012846,0.009577,1,1,1,1961.6
round_robin,1,24,10,11.333,12.431,0.9999,0.9999,62,0,0,62,45,44,44,0.011449,0.01254,0.010011,1,1,1,1961.6
round_robin,1,25,1,11.305,12.711,0.9999,0.9999,63,0,0,63,45,45,44,0.011569,0.012838,0.009508,1,1,1,1961.6
round_robin,1,26,11,11.23,12.523,0.9999,0.9999,61,0,0,61,49,48,48,0.01175,0.012609,0.00933,1,1,1,1961.6
round_robin,1,27,1,11.479,12.681,0.9999,0.9999,62,0,0,62,49,49,48,0.011833,0.012775,0.009829,1,1,1,1961.6
round_robin,1,28,11,11.214,12.481,0.9999,0.9999,64,0,0,64,53,52,52,0.011648,0.012574,0.009421,1,1,1,1961.6
round_robin,1,29,1,11.214,12.481,0.9999,0.9999,64,0,0,64,53,53,52,0.011648,0.012574,0.009421,1,1,1,1961.6
round_robin,1,30,11,11.231,12.575,0.9999,0.9999,65,0,0,65,57,56,56,0.011558,0.012688,0.009448,1,1,1,1961.6
round_robin,1,31,1,11.207,12.496,0.9999,0.9999,64,0,0,64,57,57,56,0.011573,0.012599,0.009448,1,1,1,1961.6
round_robin,1,32,11,11.158,12.468,0.9999,0.9999,66,0,0,66,61,60,60,0.011311,0.012597,0.009567,1,1,1,1961.6
round_robin,1,33,1,11.271,12.512,0.9999,0.9999,67,0,0,67,61,61,60,0.011953,0.012574,0.009286,1,1,1,1961.6
round_robin,1,34,11,11.351,12.484,0.9999,0.9999,66,0,0,66,65,64,64,0.011971,0.012541,0.009541,1,1,1,1961.6
round_robin,1,35,1,11.187,12.467,0.9999,0.9999,66,0,0,66,65,65,64,0.011439,0.012581,0.009541,1,1,1,1961.6
round_robin,1,36,11,11.144,12.467,1.0,1.0,67,0,0,67,69,68,68,0.011439,0.012581,0.009411,1,1,1,1961.6
round_robin,1,37,1,11.311,12.729,1.0,1.0,69,0,0,69,69,69,68,0.011569,0.012858,0.009505,1,1,1,1961.6
round_robin,1,38,11,11.137,12.55,1.0,1.0,70,0,0,70,73,72,72,0.011515,0.012665,0.009232,1,1,1,1961.6
round_robin,1,39,1,11.522,13.312,1.0,1.0,68,0,0,68,73,73,72,0.011574,0.013505,0.009487,1,1,1,1961.6
round_robin,1,40,11,11.145,12.403,1.0,1.0,70,0,0,70,77,76,76,0.011553,0.012497,0.009384,1,1,1,1961.6
round_robin,1,41,1,11.346,12.713,1.0,1.0,71,0,0,71,77,77,76,0.011831,0.012811,0.009395,1,1,1,1961.6
round_robin,1,42,11,11.346,12.713,1.0,1.0,71,0,0,71,81,80,80,0.011831,0.012811,0.009395,1,1,1,1961.6
round_robin,1,43,1,11.287,12.716,1.0,1.0,70,0,0,70,81,81,80,0.011846,0.012813,0.009201,1,1,1,1961.6
round_robin,1,44,11,11.489,12.61,1.0,1.0,71,0,0,71,85,84,84,0.01195,0.012683,0.009834,1,1,1,1961.6
round_robin,1,45,1,11.09,12.477,1.0,1.0,73,0,0,73,85,85,84,0.011587,0.012576,0.009108,1,1,1,1961.6
round_robin,1,46,11,11.136,12.473,1.0,1.0,74,0,0,74,89,88,88,0.011569,0.012573,0.009265,1,1,1,1961.6
round_robin,1,47,0,11.451,13.243,1.0,1.0,72,0,0,72,89,88,88,0.011564,0.01343,0.00936,1,1,1,1961.6
round_robin,1,48,1,11.15,12.488,1.0,1.0,72,0,0,72,89,89,88,0.01149,0.012599,0.00936,1,1,1,1961.6
round_robin,1,49,11,11.164,12.488,1.0,1.0,73,0,0,73,93,92,92,0.01149,0.012599,0.009404,1,1,1,1961.6
round_robin,1,50,1,11.292,12.661,1.0,1.0,75,0,0,75,93,93,92,0.011602,0.012779,0.009494,1,1,1,1961.6
round_robin,1,51,11,11.235,12.531,1.0,1.0,74,0,0,74,97,96,96,0.011824,0.01261,0.009272,1,1,1,1961.6
round_robin,1,52,1,11.074,12.393,1.0,1.0,75,0,0,75,97,97,96,0.011503,0.012492,0.009226,1,1,1,1961.6
round_robin,1,53,11,11.328,12.561,1.0,1.0,77,0,0,77,101,100,100,0.011812,0.012644,0.009528,1,1,1,1961.6
round_robin,1,54,1,11.346,12.524,1.0,1.0,75,0,0,75,101,101,100,0.011514,0.012636,0.009889,1,1,1,1961.6
round_robin,1,55,11,11.351,12.525,1.0,1.0,75,0,0,75,105,104,104,0.011528,0.012636,0.009889,1,1,1,1961.6
round_robin,1,56,1,11.124,12.464,1.0,1.0,77,0,0,77,105,105,104,0.011528,0.012568,0.009277,1,1,1,1961.6
round_robin,1,57,11,11.091,12.421,1.0,1.0,78,0,0,78,109,108,108,0.011562,0.012516,0.009196,1,1,1,1961.6
round_robin,1,58,1,11.087,12.452,1.0,1.0,80,0,0,80,109,109,108,0.011508,0.012557,0.009197,1,1,1,1961.6
round_robin,1,59,11,11.36,12.995,1.0,1.0,80,0,0,80,113,112,112,0.011551,0.013156,0.009374,1,1,1,1961.6
round_robin,1,60,1,11.067,12.446,1.0,1.0,81,0,0,81,113,113,112,0.011553,0.012545,0.009102,1,1,1,1961.6
round_robin,1,61,11,11.076,12.449,1.0,1.0,81,0,0,81,117,116,116,0.01158,0.012545,0.009102,1,1,1,1961.6
round_robin,1,62,1,11.187,12.501,1.0,1.0,83,0,0,83,117,117,116,0.01158,0.012603,0.009379,1,1,1,1961.6
round_robin,1,63,11,11.178,12.515,1.0,1.0,79,0,0,79,121,120,120,0.011626,0.012614,0.009295,1,1,1,1961.6
round_robin,1,64,1,11.195,12.506,1.0,1.0,81,0,0,81,121,121,120,0.011839,0.01258,0.009165,1,1,1,1961.6
round_robin,1,65,11,11.121,12.498,1.0,1.0,82,0,0,82,125,124,124,0.011552,0.012603,0.009209,1,1,1,1961.6
round_robin,1,66,1,11.167,12.438,1.0,1.0,84,0,0,84,125,125,124,0.011546,0.012537,0.009418,1,1,1,1961.6
round_robin,1,67,11,11.657,13.266,1.0,1.0,82,0,0,82,129,128,128,0.011803,0.013428,0.009739,1,1,1,1961.6
round_robin,1,68,0,11.657,13.266,1.0,1.0,82,0,0,82,129,128,128,0.011803,0.013428,0.009739,1,1,1,1961.6
round_robin,1,69,1,11.153,12.495,1.0,1.0,83,0,0,83,129,129,128,0.011527,0.012603,0.009329,1,1,1,1961.6
round_robin,1,70,11,11.418,13.218,1.0,1.0,85,0,0,85,133,132,132,0.011649,0.013392,0.009213,1,1,1,1961.6
round_robin,1,71,1,11.336,12.977,1.0,1.0,80,0,0,80,133,133,132,0.011554,0.013135,0.009318,1,1,1,1961.6
round_robin,1,72,11,11.325,12.521,1.0,1.0,82,0,0,82,137,136,136,0.011724,0.01261,0.00964,1,1,1,1961.6
round_robin,1,73,1,11.171,12.491,1.0,1.0,83,0,0,83,137,137,136,0.011531,0.012598,0.009383,1,1,1,1961.6
round_robin,1,74,11,11.256,12.724,1.0,1.0,83,0,0,83,141,140,140,0.011529,0.012857,0.009383,1,1,1,1961.6
round_robin,1,75,1,11.294,12.724,1.0,1.0,85,0,0,85,141,141,140,0.011529,0.012857,0.009496,1,1,1,1961.6
round_robin,1,76,11,11.305,12.54,1.0,1.0,81,0,0,81,145,144,144,0.011574,0.012647,0.009693,1,1,1,1961.6
round_robin,1,77,1,11.234,12.632,1.0,1.0,83,0,0,83,145,145,144,0.011555,0.012752,0.009396,1,1,1,1961.6
round_robin,1,78,11,11.283,12.715,1.0,1.0,85,0,0,85,149,148,148,0.011502,0.01285,0.009497,1,1,1,1961.6
round_robin,1,79,1,11.456,13.249,1.0,1.0,81,0,0,81,149,149,148,0.011494,0.013444,0.00943,1,1,1,1961.6
round_robin,1,80,11,11.602,12.536,1.0,1.0,83,0,0,83,153,152,152,0.011872,0.01261,0.010325,1,1,1,1961.6
round_robin,1,81,1,11.602,12.536,1.0,1.0,83,0,0,83,153,153,152,0.011872,0.01261,0.010325,1,1,1,1961.6
round_robin,1,82,11,11.105,12.493,1.0,1.0,84,0,0,84,157,156,156,0.011532,0.0126,0.009183,1,1,1,1961.6
round_robin,1,83,1,11.146,12.62,1.0,1.0,86,0,0,86,157,157,156,0.011549,0.012739,0.009149,1,1,1,1961.6
round_robin,1,84,11,11.224,12.569,1.0,1.0,81,0,0,81,161,160,160,0.011548,0.012683,0.00944,1,1,1,1961.6
round_robin,1,85,1,11.346,12.532,1.0,1.0,83,0,0,83,161,161,160,0.011933,0.012599,0.009506,1,1,1,1961.6
round_robin,1,86,11,11.285,12.682,1.0,1.0,85,0,0,85,165,164,164,0.011536,0.012809,0.009511,1,1,1,1961.6
round_robin,1,87,1,11.293,12.651,1.0,1.0,85,0,0,85,165,165,164,0.011601,0.012768,0.009511,1,1,1,1961.6
round_robin,1,88,11,11.257,12.651,1.0,1.0,81,0,0,81,169,168,168,0.011601,0.012768,0.009401,1,1,1,1961.6
round_robin,1,89,1,11.414,13.302,1.0,1.0,83,0,0,83,169,169,168,0.01154,0.013498,0.009205,1,1,1,1961.6
round_robin,1,90,11,11.083,12.449,1.0,1.0,84,0,0,84,173,172,172,0.011554,0.012548,0.009148,1,1,1,1961.6
round_robin,1,91,1,11.179,12.483,1.0,1.0,86,0,0,86,173,173,172,0.011532,0.012589,0.009415,1,1,1,1961.6
round_robin,1,92,1,11.182,12.528,1.0,1.0,81,0,0,81,173,173,173,0.011595,0.012632,0.009318,1,1,1,1961.6
round_robin,1,93,10,11.488,12.607,1.0,1.0,83,0,0,83,177,176,176,0.012252,0.012647,0.009565,1,1,1,1961.6
round_robin,1,94,1,11.249,12.536,1.0,1.0,83,0,0,83,177,177,176,0.011536,0.012647,0.009565,1,1,1,1961.6
round_robin,1,95,11,11.124,12.609,1.0,1.0,85,0,0,85,181,180,180,0.011536,0.012728,0.009107,1,1,1,1961.6
round_robin,1,96,1,11.155,12.448,1.0,1.0,81,0,0,81,181,181,180,0.011456,0.012558,0.009451,1,1,1,1961.6
round_robin,1,97,11,11.181,12.492,1.0,1.0,83,0,0,83,185,184,184,0.01156,0.012595,0.009387,1,1,1,1961.6
round_robin,1,98,1,11.184,12.483,1.0,1.0,84,0,0,84,185,185,184,0.011492,0.012593,0.009467,1,1,1,1961.6
round_robin,1,99,11,11.57,12.712,1.0,1.0,86,0,0,86,189,188,188,0.011528,0.012843,0.010338,1,1,1,1961.6
round_robin,1,100,1,11.23,12.48,1.0,1.0,81,0,0,81,189,189,188,0.011549,0.012583,0.009557,1,1,1,1961.6
round_robin,1,101,11,11.23,12.48,1.0,1.0,81,0,0,81,193,192,192,0.011549,0.012583,0.009557,1,1,1,1961.6
round_robin,1,102,1,11.207,12.731,1.0,1.0,83,0,0,83,193,193,192,0.011563,0.012861,0.009197,1,1,1,1961.6
round_robin,1,103,11,11.241,12.524,1.0,1.0,84,0,0,84,197,196,196,0.012044,0.012577,0.009102,1,1,1,1961.6
round_robin,1,104,1,11.073,12.459,1.0,1.0,81,0,0,81,197,197,196,0.011559,0.012559,0.009101,1,1,1,1961.6
round_robin,1,105,11,11.226,12.473,1.0,1.0,83,0,0,83,201,200,200,0.011533,0.012578,0.009567,1,1,1,1961.6
round_robin,1,106,1,11.185,12.491,1.0,1.0,84,0,0,84,201,201,200,0.011583,0.012592,0.00938,1,1,1,1961.6
round_robin,1,107,11,11.285,12.738,1.0,1.0,84,0,0,84,205,204,204,0.011613,0.012863,0.00938,1,1,1,1961.6
round_robin,1,108,1,11.348,12.738,1.0,1.0,86,0,0,86,205,205,204,0.011613,0.012863,0.009568,1,1,1,1961.6
round_robin,1,109,11,11.434,12.742,1.0,1.0,81,0,0,81,209,208,208,0.012396,0.01278,0.009125,1,1,1,1961.6
round_robin,1,110,1,11.284,12.678,1.0,1.0,83,0,0,83,209,209,208,0.011549,0.012804,0.009499,1,1,1,1961.6
round_robin,1,111,11,11.114,12.705,1.0,1.0,84,0,0,84,213,212,212,0.011495,0.012839,0.009008,1,1,1,1961.6
round_robin,1,112,1,11.432,13.262,1.0,1.0,81,0,0,81,213,213,212,0.011579,0.013449,0.009268,1,1,1,1961.6
round_robin,1,113,11,11.469,12.488,1.0,1.0,82,0,0,82,217,216,216,0.01153,0.012594,0.010283,1,1,1,1961.6
round_robin,1,114,1,11.462,12.486,1.0,1.0,82,0,0,82,217,217,216,0.011509,0.012594,0.010283,1,1,1,1961.6
round_robin,1,115,0,11.119,12.479,1.0,1.0,84,0,0,84,217,217,216,0.011509,0.012587,0.009262,1,1,1,1961.6
round_robin,1,116,11,11.269,12.452,1.0,1.0,80,0,0,80,221,220,220,0.011568,0.01255,0.00969,1,1,1,1961.6
round_robin,1,117,1,11.234,12.456,1.0,1.0,81,0,0,81,221,221,220,0.011561,0.012556,0.009585,1,1,1,1961.6
round_robin,1,118,11,11.235,12.548,1.0,1.0,83,0,0,83,225,224,224,0.0115,0.012665,0.009541,1,1,1,1961.6
round_robin,1,119,1,11.263,12.612,1.0,1.0,84,0,0,84,225,225,224,0.011592,0.012725,0.009471,1,1,1,1961.6
round_robin,2,0,0,11.189,12.458,1.0,1.0,0,0,0,0,0,0,0,0.011515,0.012563,0.009488,1,1,1,2036.2
round_robin,2,1,1,11.271,12.483,0.3333,0.3333,0,0,0,0,1,0,0,0.011763,0.012563,0.009488,1,1,1,2036.2
round_robin,2,2,1,11.26,12.438,0.6667,0.6667,80,0,0,80,1,1,0,0.011763,0.012513,0.009504,1,1,1,2036.2
round_robin,2,3,11,11.371,12.52,0.9883,0.9883,82,0,0,82,5,4,4,0.01153,0.01263,0.009952,1,1,1,2036.2
round_robin,2,4,1,11.508,12.481,0.9899,0.9899,78,0,0,78,5,5,4,0.011545,0.012585,0.010394,1,1,1,2036.2
round_robin,2,5,11,11.285,12.458,0.9968,0.9968,80,0,0,80,9,8,8,0.01182,0.012529,0.009506,1,1,1,2036.2
round_robin,2,6,1,11.331,12.526,0.9971,0.9971,81,0,0,81,9,9,8,0.011804,0.012606,0.009583,1,1,1,2036.2
round_robin,2,7,11,11.327,12.729,0.9985,0.9985,78,0,0,78,13,12,12,0.011546,0.012861,0.009575,1,1,1,2036.2
round_robin,2,8,1,11.327,12.729,0.9986,0.9986,78,0,0,78,13,13,12,0.011546,0.012861,0.009575,1,1,1,2036.2
round_robin,2,9,11,11.234,12.48,0.9992,0.9992,79,0,0,79,17,16,16,0.011585,0.012579,0.009538,1,1,1,2036.2
round_robin,2,10,1,11.296,12.502,0.9992,0.9992,81,0,0,81,17,17,16,0.011832,0.012576,0.00948,1,1,1,2036.2
round_robin,2,11,11,11.101,12.354,0.9995,0.9995,83,0,0,83,21,20,20,0.011577,0.01244,0.009286,1,1,1,2036.2
round_robin,2,12,1,11.299,12.683,0.9995,0.9995,78,0,0,78,21,21,20,0.011542,0.01281,0.009546,1,1,1,2036.2
round_robin,2,13,11,11.269,12.582,0.9996,0.9996,80,0,0,80,25,24,24,0.011552,0.012696,0.009559,1,1,1,2036.2
round_robin,2,14,1,11.599,12.681,0.9996,0.9996,80,0,0,80,25,25,24,0.012543,0.012696,0.009559,1,1,1,2036.2
round_robin,2,15,11,11.965,12.966,0.9997,0.9997,81,0,0,81,29,28,28,0.012543,0.013013,0.01034,1,1,1,2036.2
round_robin,2,16,1,11.359,12.834,0.9997,0.9997,78,0,0,78,29,29,28,0.0116,0.012971,0.009505,1,1,1,2036.2
round_robin,2,17,11,11.281,12.464,0.9998,0.9998,79,0,0,79,33,32,32,0.011777,0.01254,0.009527,1,1,1,2036.2
round_robin,2,18,1,11.301,12.669,0.9998,0.9998,81,0,0,81,33,33,32,0.01154,0.012794,0.009569,1,1,1,2036.2
round_robin,2,19,11,11.157,12.518,0.9998,0.9998,82,0,0,82,37,36,36,0.011596,0.01262,0.009255,1,1,1,2036.2
round_robin,2,20,1,11.31,12.401,0.9998,0.9998,78,0,0,78,37,37,36,0.011809,0.012467,0.009654,1,1,1,2036.2
round_robin,2,21,11,11.31,12.401,0.9999,0.9999,78,0,0,78,41,40,40,0.011809,0.012467,0.009654,1,1,1,2036.2
round_robin,2,22,1,11.313,12.567,0.9999,0.9999,80,0,0,80,41,41,40,0.012117,0.012617,0.009206,1,1,1,2036.2
round_robin,2,23,0,11.241,12.457,0.9999,0.9999,81,0,0,81,41,41,40,0.01158,0.012555,0.009589,1,1,1,2036.2
round_robin,2,24,11,11.588,12.671,0.9999,0.9999,78,0,0,78,45,44,44,0.012431,0.012698,0.009634,1,1,1,2036.2
round_robin,2,25,1,11.275,12.551,0.9999,0.9999,79,0,0,79,45,45,44,0.011611,0.012655,0.009559,1,1,1,2036.2
round_robin,2,26,11,11.274,12.403,0.9999,0.9999,81,0,0,81,49,48,48,0.011766,0.012474,0.009583,1,1,1,2036.2
round_robin,2,27,1,11.321,12.722,0.9999,0.9999,81,0,0,81,49,49,48,0.011526,0.012855,0.009583,1,1,1,2036.2
round_robin,2,28,11,11.332,12.722,0.9999,0.9999,82,0,0,82,53,52,52,0.011526,0.012855,0.009614,1,1,1,2036.2
round_robin,2,29,1,11.261,12.486,0.9999,0.9999,78,0,0,78,53,53,52,0.011753,0.012568,0.009463,1,1,1,2036.2
round_robin,2,30,11,11.123,12.436,0.9999,0.9999,80,0,0,80,57,56,56,0.011566,0.012533,0.00927,1,1,1,2036.2
round_robin,2,31,1,11.279,12.692,0.9999,0.9999,81,0,0,81,57,57,56,0.011486,0.012826,0.009524,1,1,1,2036.2
round_robin,2,32,11,11.263,12.489,0.9999,0.9999,78,0,0,78,61,60,60,0.011559,0.012592,0.009637,1,1,1,2036.2
round_robin,2,33,1,11.17,12.473,0.9999,0.9999,79,0,0,79,61,61,60,0.01146,0.012586,0.009463,1,1,1,2036.2
round_robin,2,34,11,11.17,12.473,0.9999,0.9999,79,0,0,79,65,64,64,0.01146,0.012586,0.009463,1,1,1,2036.2
round_robin,2,35,1,11.847,13.092,0.9999,0.9999,81,0,0,81,65,65,64,0.013114,0.012893,0.009535,1,1,1,2036.2
round_robin,2,36,11,11.31,12.47,1.0,1.0,82,0,0,82,69,68,68,0.011556,0.012572,0.009802,1,1,1,2036.2
round_robin,2,37,1,11.071,12.454,1.0,1.0,79,0,0,79,69,69,68,0.01154,0.012555,0.009118,1,1,1,2036.2
round_robin,2,38,11,11.226,12.453,1.0,1.0,81,0,0,81,73,72,72,0.011628,0.012545,0.009506,1,1,1,2036.2
round_robin,2,39,1,11.273,12.477,1.0,1.0,82,0,0,82,73,73,72,0.011547,0.01258,0.009691,1,1,1,2036.2
round_robin,2,40,11,11.317,12.634,1.0,1.0,82,0,0,82,77,76,76,0.0115,0.01276,0.009691,1,1,1,2036.2
round_robin,2,41,1,11.245,12.634,1.0,1.0,79,0,0,79,77,77,76,0.0115,0.01276,0.009476,1,1,1,2036.2
round_robin,2,42,11,11.177,12.483,1.0,1.0,80,0,0,80,81,80,80,0.011565,0.012585,0.00938,1,1,1,2036.2
round_robin,2,43,1,11.201,12.489,1.0,1.0,82,0,0,82,81,81,80,0.011539,0.012594,0.009471,1,1,1,2036.2
round_robin,2,44,11,11.541,13.394,1.0,1.0,77,0,0,77,85,84,84,0.011514,0.013603,0.009507,1,1,1,2036.2
round_robin,2,45,1,11.211,12.489,1.0,1.0,79,0,0,79,85,85,84,0.011572,0.012591,0.009471,1,1,1,2036.2
round_robin,2,46,1,11.469,13.313,1.0,1.0,80,0,0,80,85,85,85,0.011568,0.013507,0.009331,1,1,1,2036.2
round_robin,2,47,10,11.565,13.342,1.0,1.0,80,0,0,80,89,88,88,0.011856,0.013507,0.009331,1,1,1,2036.2
round_robin,2,48,1,11.296,12.485,1.0,1.0,82,0,0,82,89,89,88,0.011856,0.012555,0.009477,1,1,1,2036.2
round_robin,2,49,11,11.159,12.499,1.0,1.0,79,0,0,79,93,92,92,0.011592,0.0126,0.009286,1,1,1,2036.2
round_robin,2,50,1,11.142,12.489,1.0,1.0,80,0,0,80,93,93,92,0.01153,0.012595,0.009302,1,1,1,2036.2
round_robin,2,51,11,11.25,12.766,1.0,1.0,82,0,0,82,97,96,96,0.011499,0.012907,0.009343,1,1,1,2036.2
round_robin,2,52,1,11.182,12.472,1.0,1.0,77,0,0,77,97,97,96,0.011544,0.012575,0.009428,1,1,1,2036.2
round_robin,2,53,11,11.462,13.263,1.0,1.0,79,0,0,79,101,100,100,0.011527,0.013456,0.009403,1,1,1,2036.2
round_robin,2,54,1,11.462,13.263,1.0,1.0,79,0,0,79,101,101,100,0.011527,0.013456,0.009403,1,1,1,2036.2
round_robin,2,55,11,11.243,12.661,1.0,1.0,80,0,0,80,105,104,104,0.011751,0.012762,0.009216,1,1,1,2036.2
round_robin,2,56,1,11.25,12.661,1.0,1.0,82,0,0,82,105,105,104,0.011535,0.012786,0.00943,1,1,1,2036.2
round_robin,2,57,11,11.072,12.454,1.0,1.0,78,0,0,78,109,108,108,0.011515,0.012558,0.009142,1,1,1,2036.2
round_robin,2,58,1,11.482,13.287,1.0,1.0,80,0,0,80,109,109,108,0.011549,0.01348,0.009418,1,1,1,2036.2
round_robin,2,59,11,11.139,12.487,1.0,1.0,82,0,0,82,113,112,112,0.011549,0.012591,0.009278,1,1,1,2036.2
round_robin,2,60,1,11.142,12.488,1.0,1.0,82,0,0,82,113,113,112,0.011556,0.012591,0.009278,1,1,1,2036.2
round_robin,2,61,11,11.202,12.596,1.0,1.0,79,0,0,79,117,116,116,0.011556,0.012711,0.00934,1,1,1,2036.2
round_robin,2,62,1,11.233,12.653,1.0,1.0,81,0,0,81,117,117,116,0.01156,0.012775,0.009364,1,1,1,2036.2
round_robin,2,63,11,11.101,12.479,1.0,1.0,82,0,0,82,121,120,120,0.011547,0.012583,0.009173,1,1,1,2036.2
round_robin,2,64,1,11.494,13.179,1.0,1.0,84,0,0,84,121,121,120,0.011593,0.013355,0.009534,1,1,1,2036.2
round_robin,2,65,7,11.301,12.507,1.0,1.0,81,0,0,81,123,123,123,0.011814,0.012584,0.009506,1,1,1,2036.2
round_robin,2,66,4,11.538,13.398,1.0,1.0,83,0,0,83,125,124,124,0.011546,0.013604,0.009464,1,1,1,2036.2
round_robin,2,67,1,11.538,13.398,1.0,1.0,83,0,0,83,125,125,124,0.011546,0.013604,0.009464,1,1,1,2036.2
round_robin,2,68,11,11.117,12.306,1.0,1.0,85,0,0,85,129,128,128,0.011519,0.012393,0.009439,1,1,1,2036.2
round_robin,2,69,1,11.434,13.163,1.0,1.0,81,0,0,81,129,129,128,0.01161,0.013336,0.009356,1,1,1,2036.2
round_robin,2,70,11,11.349,12.765,1.0,1.0,83,0,0,83,133,132,132,0.011898,0.012861,0.009288,1,1,1,2036.2
round_robin,2,71,1,11.284,12.716,1.0,1.0,84,0,0,84,133,133,132,0.011551,0.012846,0.009455,1,1,1,2036.2
round_robin,2,72,11,11.335,12.736,1.0,1.0,86,0,0,86,137,136,136,0.011787,0.012842,0.009377,1,1,1,2036.2
round_robin,2,73,1,11.536,13.295,1.0,1.0,86,0,0,86,137,137,136,0.011766,0.013465,0.009377,1,1,1,2036.2
round_robin,2,74,11,11.606,13.295,1.0,1.0,81,0,0,81,141,140,140,0.011766,0.013465,0.009588,1,1,1,2036.2
round_robin,2,75,1,11.496,13.282,1.0,1.0,83,0,0,83,141,141,140,0.011538,0.013476,0.009473,1,1,1,2036.2
round_robin,2,76,11,11.145,12.459,1.0,1.0,84,0,0,84,145,144,144,0.011536,0.012562,0.009338,1,1,1,2036.2
round_robin,2,77,1,11.311,12.535,1.0,1.0,81,0,0,81,145,145,144,0.011619,0.012637,0.009677,1,1,1,2036.2
round_robin,2,78,11,11.187,12.509,1.0,1.0,83,0,0,83,149,148,148,0.01149,0.012622,0.00945,1,1,1,2036.2
round_robin,2,79,1,11.162,12.463,1.0,1.0,84,0,0,84,149,149,148,0.011503,0.01257,0.009412,1,1,1,2036.2
round_robin,2,80,11,11.186,12.47,1.0,1.0,84,0,0,84,153,152,152,0.011575,0.01257,0.009412,1,1,1,2036.2
round_robin,2,81,1,11.405,13.048,1.0,1.0,86,0,0,86,153,153,152,0.011575,0.013212,0.009427,1,1,1,2036.2
round_robin,2,82,11,11.381,13.041,1.0,1.0,86,0,0,86,157,156,156,0.011504,0.013212,0.009427,1,1,1,2036.2
round_robin,2,83,1,11.381,13.041,1.0,1.0,86,0,0,86,157,157,156,0.011504,0.013212,0.009427,1,1,1,2036.2
round_robin,2,84,11,16.032,25.382,1.0,1.0,82,0,0,82,161,160,160,0.011504,0.009667,0.026924,1,1,1,2036.2
round_robin,2,85,1,15.698,25.207,1.0,1.0,79,0,0,79,161,161,160,0.011991,0.008426,0.026676,1,1,1,2036.2
round_robin,2,86,11,15.288,24.44,1.0,1.0,80,0,0,80,165,164,164,0.011557,0.008436,0.025872,1,1,1,2036.2
round_robin,2,87,1,15.433,24.665,1.0,1.0,82,0,0,82,165,165,164,0.01154,0.008637,0.026123,1,1,1,2036.2
round_robin,2,88,11,15.418,24.66,1.0,1.0,82,0,0,82,169,168,168,0.011495,0.008637,0.026123,1,1,1,2036.2
round_robin,2,89,0,15.5,24.968,1.0,1.0,84,0,0,84,169,168,168,0.011495,0.008541,0.026465,1,1,1,2036.2
round_robin,2,90,1,15.464,24.937,1.0,1.0,79,0,0,79,169,169,168,0.011525,0.00844,0.026427,1,1,1,2036.2
round_robin,2,91,11,15.688,25.533,1.0,1.0,81,0,0,81,173,172,172,0.011562,0.008416,0.027085,1,1,1,2036.2
round_robin,2,92,1,15.446,24.556,1.0,1.0,82,0,0,82,173,173,172,0.011935,0.008446,0.025958,1,1,1,2036.2
round_robin,2,93,11,15.369,24.635,1.0,1.0,79,0,0,79,177,176,176,0.011584,0.008438,0.026085,1,1,1,2036.2
round_robin,2,94,1,15.629,24.714,1.0,1.0,79,0,0,79,177,177,176,0.012373,0.00843,0.026085,1,1,1,2036.2
round_robin,2,95,11,15.717,24.951,1.0,1.0,80,0,0,80,181,180,180,0.012373,0.00843,0.026348,1,1,1,2036.2
round_robin,2,96,1,15.739,24.949,1.0,1.0,82,0,0,82,181,181,180,0.01155,0.009229,0.026438,1,1,1,2036.2
round_robin,2,97,11,15.314,24.666,1.0,1.0,84,0,0,84,185,184,184,0.01157,0.00825,0.026121,1,1,1,2036.2
round_robin,2,98,1,15.602,25.04,1.0,1.0,79,0,0,79,185,185,184,0.011826,0.008471,0.026508,1,1,1,2036.2
round_robin,2,99,11,15.615,24.985,1.0,1.0,81,0,0,81,189,188,188,0.011973,0.008442,0.026431,1,1,1,2036.2
round_robin,2,100,1,15.352,24.648,1.0,1.0,82,0,0,82,189,189,188,0.011575,0.008382,0.0261,1,1,1,2036.2
round_robin,2,101,11,15.352,24.648,1.0,1.0,82,0,0,82,193,192,192,0.011575,0.008382,0.0261,1,1,1,2036.2
round_robin,2,102,1,15.854,26.044,1.0,1.0,79,0,0,79,193,193,192,0.01149,0.008411,0.027661,1,1,1,2036.2
round_robin,2,103,11,15.386,24.797,1.0,1.0,80,0,0,80,197,196,196,0.011521,0.008366,0.026272,1,1,1,2036.2
round_robin,2,104,1,15.814,25.087,1.0,1.0,82,0,0,82,197,197,196,0.011502,0.009344,0.026597,1,1,1,2036.2
round_robin,2,105,11,15.702,25.602,1.0,1.0,84,0,0,84,201,200,200,0.011586,0.008362,0.027159,1,1,1,2036.2
round_robin,2,106,1,15.514,24.875,1.0,1.0,79,0,0,79,201,201,200,0.011779,0.008433,0.02633,1,1,1,2036.2
round_robin,2,107,11,15.514,24.875,1.0,1.0,79,0,0,79,205,204,204,0.011779,0.008433,0.02633,1,1,1,2036.2
round_robin,2,108,1,15.345,24.55,1.0,1.0,81,0,0,81,205,205,204,0.011577,0.008468,0.025991,1,1,1,2036.2
round_robin,2,109,11,15.427,24.805,1.0,1.0,82,0,0,82,209,208,208,0.011557,0.008446,0.026277,1,1,1,2036.2
round_robin,2,110,1,15.44,24.916,1.0,1.0,79,0,0,79,209,209,208,0.011507,0.008407,0.026406,1,1,1,2036.2
round_robin,2,111,11,15.386,24.76,1.0,1.0,80,0,0,80,213,212,212,0.01147,0.00845,0.026237,1,1,1,2036.2
round_robin,2,112,1,15.724,25.27,1.0,1.0,82,0,0,82,213,213,212,0.01175,0.008651,0.026772,1,1,1,2036.2
round_robin,2,113,0,15.646,25.246,1.0,1.0,82,0,0,82,213,213,212,0.011516,0.008651,0.026772,1,1,1,2036.2
round_robin,2,114,11,15.469,24.903,1.0,1.0,78,0,0,78,217,216,216,0.011516,0.008501,0.02639,1,1,1,2036.2
round_robin,2,115,1,15.469,24.788,1.0,1.0,79,0,0,79,217,217,216,0.011731,0.008437,0.026239,1,1,1,2036.2
round_robin,2,116,11,15.369,24.666,1.0,1.0,81,0,0,81,221,220,220,0.011521,0.00846,0.026127,1,1,1,2036.2
round_robin,2,117,1,15.384,24.667,1.0,1.0,82,0,0,82,221,221,220,0.011541,0.008485,0.026125,1,1,1,2036.2
round_robin,2,118,11,15.855,25.322,1.0,1.0,79,0,0,79,225,224,224,0.012416,0.008394,0.026756,1,1,1,2036.2
round_robin,2,119,1,15.853,25.318,1.0,1.0,79,0,0,79,225,225,224,0.012378,0.008426,0.026756,1,1,1,2036.2
round_robin,3,0,0,15.456,24.66,1.0,1.0,0,0,0,0,0,0,0,0.011803,0.008477,0.026089,1,1,1,1847.5
round_robin,3,1,1,15.456,24.66,0.3333,0.3333,0,0,0,0,1,0,0,0.011803,0.008477,0.026089,1,1,1,1847.5
round_robin,3,2,1,15.401,24.783,0.6667,0.6667,76,0,0,76,1,1,0,0.011583,0.008371,0.02625,1,1,1,1847.5
round_robin,3,3,11,15.302,24.502,0.9883,0.9883,78,0,0,78,5,4,4,0.011489,0.00847,0.025948,1,1,1,1847.5
round_robin,3,4,1,15.298,24.542,0.9899,0.9899,79,0,0,79,5,5,4,0.011542,0.008367,0.025986,1,1,1,1847.5
round_robin,3,5,11,15.386,24.704,0.9968,0.9968,75,0,0,75,9,8,8,0.011531,0.008458,0.026168,1,1,1,1847.5
round_robin,3,6,1,15.516,24.873,0.9971,0.9971,76,0,0,76,9,9,8,0.011823,0.008402,0.026323,1,1,1,1847.5
round_robin,3,7,11,15.516,24.873,0.9985,0.9985,76,0,0,76,13,12,12,0.011823,0.008402,0.026323,1,1,1,1847.5
round_robin,3,8,1,15.421,24.726,0.9986,0.9986,78,0,0,78,13,13,12,0.011557,0.008516,0.026189,1,1,1,1847.5
round_robin,3,9,11,15.599,24.501,0.9992,0.9992,80,0,0,80,17,16,16,0.011515,0.009338,0.025944,1,1,1,1847.5
round_robin,3,10,1,15.269,24.378,0.9992,0.9992,76,0,0,76,17,17,16,0.011532,0.008471,0.025805,1,1,1,1847.5
round_robin,3,11,11,15.271,24.392,0.9995,0.9995,78,0,0,78,21,20,20,0.011544,0.00845,0.025819,1,1,1,1847.5
round_robin,3,12,1,15.62,25.149,0.9995,0.9995,79,0,0,79,21,21,20,0.011774,0.008452,0.026635,1,1,1,1847.5
round_robin,3,13,11,15.602,25.143,0.9996,0.9996,79,0,0,79,25,24,24,0.011719,0.008452,0.026635,1,1,1,1847.5
round_robin,3,14,1,15.52,24.965,0.9996,0.9996,76,0,0,76,25,25,24,0.011719,0.008405,0.026437,1,1,1,1847.5
round_robin,3,15,11,15.45,24.591,0.9997,0.9997,77,0,0,77,29,28,28,0.011894,0.008454,0.026002,1,1,1,1847.5
round_robin,3,16,1,15.488,24.971,0.9997,0.9997,79,0,0,79,29,29,28,0.011559,0.008444,0.026461,1,1,1,1847.5
round_robin,3,17,11,15.398,24.753,0.9998,0.9998,80,0,0,80,33,32,32,0.011521,0.008449,0.026223,1,1,1,1847.5
round_robin,3,18,1,15.378,24.646,0.9998,0.9998,77,0,0,77,33,33,32,0.011605,0.008433,0.026095,1,1,1,1847.5
round_robin,3,19,11,15.69,24.641,0.9998,0.9998,77,0,0,77,37,36,36,0.011553,0.009423,0.026095,1,1,1,1847.5
round_robin,3,20,1,15.876,25.143,0.9998,0.9998,79,0,0,79,37,37,36,0.011553,0.009423,0.026653,1,1,1,1847.5
round_robin,3,21,11,15.306,24.465,0.9999,0.9999,80,0,0,80,41,40,40,0.011534,0.008481,0.025902,1,1,1,1847.5
round_robin,3,22,1,15.613,25.146,0.9999,0.9999,77,0,0,77,41,41,40,0.011804,0.008407,0.026629,1,1,1,1847.5
round_robin,3,23,11,15.421,24.672,0.9999,0.9999,78,0,0,78,45,44,44,0.011708,0.008441,0.026113,1,1,1,1847.5
round_robin,3,24,1,15.497,24.773,0.9999,0.9999,80,0,0,80,45,45,44,0.011825,0.008455,0.026212,1,1,1,1847.5
round_robin,3,25,0,15.745,24.825,0.9999,0.9999,80,0,0,80,45,45,44,0.012342,0.008682,0.026212,1,1,1,1847.5
round_robin,3,26,11,15.668,24.617,0.9999,0.9999,77,0,0,77,49,48,48,0.012342,0.008682,0.025981,1,1,1,1847.5
round_robin,3,27,1,15.437,24.867,0.9999,0.9999,79,0,0,79,49,49,48,0.011528,0.008434,0.026349,1,1,1,1847.5
round_robin,3,28,11,15.352,24.624,0.9999,0.9999,81,0,0,81,53,52,52,0.011547,0.008433,0.026077,1,1,1,1847.5
round_robin,3,29,1,15.87,25.079,0.9999,0.9999,82,0,0,82,53,53,52,0.012373,0.008746,0.026491,1,1,1,1847.5
round_robin,3,30,11,15.556,24.871,0.9999,0.9999,78,0,0,78,57,56,56,0.011606,0.008718,0.026345,1,1,1,1847.5
round_robin,3,31,1,15.445,24.961,0.9999,0.9999,79,0,0,79,57,57,56,0.011448,0.008425,0.026462,1,1,1,1847.5
round_robin,3,32,11,15.445,24.961,0.9999,0.9999,79,0,0,79,61,60,60,0.011448,0.008425,0.026462,1,1,1,1847.5
round_robin,3,33,1,15.449,24.592,0.9999,0.9999,81,0,0,81,61,61,60,0.01186,0.008481,0.026007,1,1,1,1847.5
round_robin,3,34,11,15.363,24.618,0.9999,0.9999,78,0,0,78,65,64,64,0.011622,0.008405,0.026062,1,1,1,1847.5
round_robin,3,35,1,15.388,24.696,0.9999,0.9999,79,0,0,79,65,65,64,0.011547,0.00846,0.026157,1,1,1,1847.5
round_robin,3,36,11,15.537,24.864,1.0,1.0,81,0,0,81,69,68,68,0.011493,0.008768,0.02635,1,1,1,1847.5
round_robin,3,37,1,15.487,24.935,1.0,1.0,82,0,0,82,69,69,68,0.011557,0.008482,0.026421,1,1,1,1847.5
round_robin,3,38,11,15.487,24.935,1.0,1.0,82,0,0,82,73,72,72,0.011557,0.008482,0.026421,1,1,1,1847.5
round_robin,3,39,1,15.73,24.83,1.0,1.0,79,0,0,79,73,73,72,0.011598,0.009293,0.0263,1,1,1,1847.5
round_robin,3,40,11,15.42,24.619,1.0,1.0,80,0,0,80,77,76,76,0.011809,0.008408,0.026042,1,1,1,1847.5
round_robin,3,41,1,15.435,24.673,1.0,1.0,82,0,0,82,77,77,76,0.011736,0.008458,0.026111,1,1,1,1847.5
round_robin,3,42,11,15.259,24.363,1.0,1.0,77,0,0,77,81,80,80,0.011555,0.008436,0.025786,1,1,1,1847.5
round_robin,3,43,1,15.729,25.424,1.0,1.0,79,0,0,79,81,81,80,0.011807,0.008444,0.026937,1,1,1,1847.5
round_robin,3,44,11,15.655,25.402,1.0,1.0,79,0,0,79,85,84,84,0.011584,0.008444,0.026937,1,1,1,1847.5
round_robin,3,45,1,15.453,24.865,1.0,1.0,81,0,0,81,85,85,84,0.011584,0.008435,0.026341,1,1,1,1847.5
round_robin,3,46,11,15.435,24.696,1.0,1.0,82,0,0,82,89,88,88,0.011809,0.008367,0.026128,1,1,1,1847.5
round_robin,3,47,1,15.464,24.93,1.0,1.0,79,0,0,79,89,89,88,0.011539,0.008434,0.026418,1,1,1,1847.5
round_robin,3,48,1,15.382,24.617,1.0,1.0,80,0,0,80,89,89,89,0.011541,0.008536,0.02607,1,1,1,1847.5
round_robin,3,49,10,15.673,24.795,1.0,1.0,82,0,0,82,93,92,92,0.011548,0.009204,0.026267,1,1,1,1847.5
round_robin,3,50,1,15.499,24.796,1.0,1.0,82,0,0,82,93,93,92,0.011561,0.008668,0.026267,1,1,1,1847.5
round_robin,3,51,11,15.436,24.628,1.0,1.0,77,0,0,77,97,96,96,0.011561,0.008668,0.02608,1,1,1,1847.5
round_robin,3,52,1,15.562,25.255,1.0,1.0,79,0,0,79,97,97,96,0.0115,0.008403,0.026783,1,1,1,1847.5
round_robin,3,53,11,15.758,25.009,1.0,1.0,81,0,0,81,101,100,100,0.012465,0.008407,0.026403,1,1,1,1847.5
round_robin,3,54,1,15.548,24.886,1.0,1.0,77,0,0,77,101,101,100,0.01183,0.008477,0.026337,1,1,1,1847.5
round_robin,3,55,11,15.529,24.874,1.0,1.0,79,0,0,79,105,104,104,0.011593,0.008643,0.02635,1,1,1,1847.5
round_robin,3,56,1,15.537,24.894,1.0,1.0,79,0,0,79,105,105,104,0.011787,0.008474,0.02635,1,1,1,1847.5
round_robin,3,57,11,15.444,24.642,1.0,1.0,80,0,0,80,109,108,108,0.011787,0.008474,0.02607,1,1,1,1847.5
round_robin,3,58,1,15.336,24.419,1.0,1.0,82,0,0,82,109,109,108,0.011806,0.008381,0.02582,1,1,1,1847.5
round_robin,3,59,11,16.004,25.425,1.0,1.0,78,0,0,78,113,112,112,0.012695,0.008478,0.026839,1,1,1,1847.5
round_robin,3,60,1,15.39,24.684,1.0,1.0,80,0,0,80,113,113,112,0.011593,0.008438,0.026138,1,1,1,1847.5
round_robin,3,61,11,15.56,24.994,1.0,1.0,82,0,0,82,117,116,116,0.011796,0.008423,0.02646,1,1,1,1847.5
round_robin,3,62,1,15.384,24.69,1.0,1.0,80,0,0,80,117,117,116,0.011555,0.008447,0.02615,1,1,1,1847.5
round_robin,3,63,11,15.384,24.69,1.0,1.0,80,0,0,80,121,120,120,0.011555,0.008447,0.02615,1,1,1,1847.5
round_robin,3,64,1,15.409,24.582,1.0,1.0,82,0,0,82,121,121,120,0.011551,0.008647,0.02603,1,1,1,1847.5
round_robin,3,65,11,15.602,25.097,1.0,1.0,83,0,0,83,125,124,124,0.011771,0.008458,0.026578,1,1,1,1847.5
round_robin,3,66,1,15.614,25.262,1.0,1.0,85,0,0,85,125,125,124,0.011559,0.008499,0.026785,1,1,1,1847.5
round_robin,3,67,11,15.574,25.227,1.0,1.0,81,0,0,81,129,128,128,0.011538,0.008437,0.026748,1,1,1,1847.5
round_robin,3,68,1,15.444,24.854,1.0,1.0,83,0,0,83,129,129,128,0.011569,0.008432,0.02633,1,1,1,1847.5
round_robin,3,69,11,15.716,24.936,1.0,1.0,83,0,0,83,133,132,132,0.012387,0.008432,0.02633,1,1,1,1847.5
round_robin,3,70,1,15.977,25.59,1.0,1.0,85,0,0,85,133,133,132,0.012387,0.008486,0.027057,1,1,1,1847.5
round_robin,3,71,11,15.382,24.715,1.0,1.0,80,0,0,80,137,136,136,0.01148,0.008479,0.026186,1,1,1,1847.5
round_robin,3,72,1,15.462,24.671,1.0,1.0,82,0,0,82,137,137,136,0.011847,0.008444,0.026096,1,1,1,1847.5
round_robin,3,73,0,15.402,24.755,1.0,1.0,83,0,0,83,137,137,136,0.011517,0.008462,0.026226,1,1,1,1847.5
round_robin,3,74,11,15.331,24.522,1.0,1.0,85,0,0,85,141,140,140,0.011585,0.008448,0.025959,1,1,1,1847.5
round_robin,3,75,1,15.306,24.517,1.0,1.0,85,0,0,85,141,141,140,0.011541,0.008419,0.025959,1,1,1,1847.5
round_robin,3,76,11,15.36,24.662,1.0,1.0,81,0,0,81,145,144,144,0.011541,0.008419,0.02612,1,1,1,1847.5
round_robin,3,77,1,15.553,24.965,1.0,1.0,83,0,0,83,145,145,144,0.011569,0.008635,0.026454,1,1,1,1847.5
round_robin,3,78,11,15.497,24.956,1.0,1.0,85,0,0,85,149,148,148,0.011576,0.008473,0.026443,1,1,1,1847.5
round_robin,3,79,1,15.245,24.378,1.0,1.0,80,0,0,80,149,149,148,0.011517,0.00841,0.025807,1,1,1,1847.5
round_robin,3,80,11,15.379,24.649,1.0,1.0,82,0,0,82,153,152,152,0.011559,0.008474,0.026104,1,1,1,1847.5
round_robin,3,81,1,15.416,24.655,1.0,1.0,82,0,0,82,153,153,152,0.011612,0.008532,0.026104,1,1,1,1847.5
round_robin,3,82,11,15.334,24.433,1.0,1.0,83,0,0,83,157,156,156,0.011612,0.008532,0.025858,1,1,1,1847.5
round_robin,3,83,1,15.336,24.541,1.0,1.0,80,0,0,80,157,157,156,0.011601,0.008429,0.025979,1,1,1,1847.5
round_robin,3,84,11,15.289,24.602,1.0,1.0,81,0,0,81,161,160,160,0.011432,0.00837,0.026065,1,1,1,1847.5
round_robin,3,85,1,15.341,24.673,1.0,1.0,83,0,0,83,161,161,160,0.011448,0.008433,0.026142,1,1,1,1847.5
round_robin,3,86,11,15.368,24.674,1.0,1.0,85,0,0,85,165,164,164,0.011541,0.008431,0.026133,1,1,1,1847.5
round_robin,3,87,1,15.478,24.695,1.0,1.0,80,0,0,80,165,165,164,0.011897,0.008421,0.026117,1,1,1,1847.5
round_robin,3,88,11,15.478,24.695,1.0,1.0,80,0,0,80,169,168,168,0.011897,0.008421,0.026117,1,1,1,1847.5
round_robin,3,89,1,15.799,24.998,1.0,1.0,82,0,0,82,169,169,168,0.011553,0.009353,0.026492,1,1,1,1847.5
round_robin,3,90,11,15.33,24.57,1.0,1.0,83,0,0,83,173,172,172,0.011554,0.008421,0.026016,1,1,1,1847.5
round_robin,3,91,1,15.464,24.968,1.0,1.0,80,0,0,80,173,173,172,0.011491,0.008436,0.026466,1,1,1,1847.5
round_robin,3,92,11,15.602,25.256,1.0,1.0,81,0,0,81,177,176,176,0.011565,0.008464,0.026777,1,1,1,1847.5
round_robin,3,93,1,15.415,24.546,1.0,1.0,83,0,0,83,177,177,176,0.011823,0.008461,0.02596,1,1,1,1847.5
round_robin,3,94,11,15.325,24.519,1.0,1.0,83,0,0,83,181,180,180,0.011553,0.008461,0.02596,1,1,1,1847.5
round_robin,3,95,1,15.49,24.982,1.0,1.0,85,0,0,85,181,181,180,0.011553,0.008444,0.026474,1,1,1,1847.5
round_robin,3,96,11,15.594,25.036,1.0,1.0,81,0,0,81,185,184,184,0.011844,0.008436,0.026502,1,1,1,1847.5
round_robin,3,97,1,15.441,24.751,1.0,1.0,83,0,0,83,185,185,184,0.011771,0.008358,0.026193,1,1,1,1847.5
round_robin,3,98,1,15.191,24.278,1.0,1.0,84,0,0,84,185,185,185,0.011548,0.008334,0.025692,1,1,1,1847.5
round_robin,3,99,10,15.618,24.444,1.0,1.0,80,0,0,80,189,188,188,0.012084,0.008952,0.025817,1,1,1,1847.5
round_robin,3,100,1,15.236,24.387,1.0,1.0,80,0,0,80,189,189,188,0.011516,0.008375,0.025817,1,1,1,1847.5
round_robin,3,101,11,15.256,24.441,1.0,1.0,81,0,0,81,193,192,192,0.011516,0.008375,0.025877,1,1,1,1847.5
round_robin,3,102,1,15.367,24.518,1.0,1.0,83,0,0,83,193,193,192,0.011758,0.008406,0.025936,1,1,1,1847.5
round_robin,3,103,11,15.61,25.229,1.0,1.0,85,0,0,85,197,196,196,0.011679,0.008416,0.026734,1,1,1,1847.5
round_robin,3,104,1,15.32,24.54,1.0,1.0,81,0,0,81,197,197,196,0.011521,0.008452,0.025987,1,1,1,1847.5
round_robin,3,105,11,15.426,24.832,1.0,1.0,83,0,0,83,201,200,200,0.01155,0.008421,0.026308,1,1,1,1847.5
round_robin,3,106,1,15.442,24.836,1.0,1.0,83,0,0,83,201,201,200,0.011589,0.008428,0.026308,1,1,1,1847.5
round_robin,3,107,11,15.394,24.706,1.0,1.0,84,0,0,84,205,204,204,0.011589,0.008428,0.026164,1,1,1,1847.5
round_robin,3,108,1,15.429,24.839,1.0,1.0,80,0,0,80,205,205,204,0.011498,0.008467,0.026321,1,1,1,1847.5
round_robin,3,109,11,15.269,24.328,1.0,1.0,81,0,0,81,209,208,208,0.011542,0.008516,0.025749,1,1,1,1847.5
round_robin,3,110,1,15.233,24.418,1.0,1.0,83,0,0,83,209,209,208,0.011365,0.008465,0.025868,1,1,1,1847.5
round_robin,3,111,11,15.362,24.624,1.0,1.0,85,0,0,85,213,212,212,0.01161,0.008405,0.02607,1,1,1,1847.5
round_robin,3,112,1,15.296,24.398,1.0,1.0,81,0,0,81,213,213,212,0.011613,0.008455,0.025819,1,1,1,1847.5
round_robin,3,113,11,15.296,24.398,1.0,1.0,81,0,0,81,217,216,216,0.011613,0.008455,0.025819,1,1,1,1847.5
round_robin,3,114,1,15.414,24.761,1.0,1.0,83,0,0,83,217,217,216,0.011527,0.008482,0.026232,1,1,1,1847.5
round_robin,3,115,11,15.4,24.696,1.0,1.0,84,0,0,84,221,220,220,0.011584,0.008462,0.026153,1,1,1,1847.5
round_robin,3,116,1,15.378,24.74,1.0,1.0,80,0,0,80,221,221,220,0.011468,0.00845,0.026215,1,1,1,1847.5
round_robin,3,117,11,15.484,24.858,1.0,1.0,81,0,0,81,225,224,224,0.011612,0.008509,0.02633,1,1,1,1847.5
round_robin,3,118,1,15.391,24.691,1.0,1.0,83,0,0,83,225,225,224,0.011574,0.00845,0.026149,1,1,1,1847.5
round_robin,3,119,11,15.396,24.693,1.0,1.0,83,0,0,83,229,228,228,0.011589,0.00845,0.026149,1,1,1,1847.5
round_robin,4,0,0,15.448,24.918,1.0,1.0,0,0,0,0,0,0,0,0.011525,0.008413,0.026406,1,1,1,1711.3
round_robin,4,1,1,15.371,24.714,0.3333,0.3333,81,0,0,81,1,0,0,0.011519,0.008415,0.02618,1,1,1,1711.3
round_robin,4,2,1,15.494,24.749,0.6667,0.6667,81,0,0,81,1,1,0,0.01187,0.008431,0.02618,1,1,1,1711.3
round_robin,4,3,11,15.466,24.674,0.9883,0.9883,76,0,0,76,5,4,4,0.01187,0.008431,0.026097,1,1,1,1711.3
round_robin,4,4,1,15.456,24.69,0.9899,0.9899,78,0,0,78,5,5,4,0.011538,0.00868,0.026151,1,1,1,1711.3
round_robin,4,5,11,15.503,25.011,0.9968,0.9968,80,0,0,80,9,8,8,0.011548,0.008454,0.026507,1,1,1,1711.3
round_robin,4,6,1,15.333,24.52,0.9971,0.9971,81,0,0,81,9,9,8,0.011568,0.008473,0.025959,1,1,1,1711.3
round_robin,4,7,11,15.417,24.736,0.9985,0.9985,78,0,0,78,13,12,12,0.011603,0.008454,0.026195,1,1,1,1711.3
round_robin,4,8,1,15.791,24.814,0.9986,0.9986,79,0,0,79,13,13,12,0.011849,0.00927,0.026255,1,1,1,1711.3
round_robin,4,9,11,15.791,24.814,0.9992,0.9992,79,0,0,79,17,16,16,0.011849,0.00927,0.026255,1,1,1,1711.3
round_robin,4,10,1,15.419,24.801,0.9992,0.9992,81,0,0,81,17,17,16,0.01155,0.008435,0.026273,1,1,1,1711.3
round_robin,4,11,11,15.481,24.907,0.9995,0.9995,76,0,0,76,21,20,20,0.011567,0.008486,0.026389,1,1,1,1711.3
round_robin,4,12,1,15.354,24.67,0.9995,0.9995,78,0,0,78,21,21,20,0.011484,0.008442,0.026135,1,1,1,1711.3
round_robin,4,13,11,15.682,24.741,0.9996,0.9996,80,0,0,80,25,24,24,0.011575,0.009266,0.026204,1,1,1,1711.3
round_robin,4,14,1,15.496,24.976,0.9996,0.9996,81,0,0,81,25,25,24,0.011572,0.008451,0.026465,1,1,1,1711.3
round_robin,4,15,11,15.476,24.97,0.9997,0.9997,81,0,0,81,29,28,28,0.011511,0.008451,0.026465,1,1,1,1711.3
round_robin,4,16,1,15.333,24.554,0.9997,0.9997,78,0,0,78,29,29,28,0.011511,0.008485,0.026003,1,1,1,1711.3
round_robin,4,17,11,15.372,24.627,0.9998,0.9998,79,0,0,79,33,32,32,0.011565,0.008474,0.026078,1,1,1,1711.3
round_robin,4,18,1,15.409,24.727,0.9998,0.9998,81,0,0,81,33,33,32,0.011589,0.008452,0.026187,1,1,1,1711.3
round_robin,4,19,11,15.38,24.676,0.9998,0.9998,76,0,0,76,37,36,36,0.011539,0.008465,0.026136,1,1,1,1711.3
round_robin,4,20,1,15.649,25.445,0.9998,0.9998,78,0,0,78,37,37,36,0.011515,0.008438,0.026993,1,1,1,1711.3
round_robin,4,21,11,15.906,25.522,0.9999,0.9999,78,0,0,78,41,40,40,0.012287,0.008438,0.026993,1,1,1,1711.3
round_robin,4,22,1,15.732,25.054,0.9999,0.9999,80,0,0,80,41,41,40,0.012287,0.008437,0.026473,1,1,1,1711.3
round_robin,4,23,11,15.558,25.102,0.9999,0.9999,76,0,0,76,45,44,44,0.011572,0.008497,0.026605,1,1,1,1711.3
round_robin,4,24,1,15.683,24.467,0.9999,0.9999,78,0,0,78,45,45,44,0.012621,0.008646,0.025783,1,1,1,1711.3
round_robin,4,25,1,15.395,24.71,1.0,1.0,79,0,0,79,45,45,45,0.011558,0.008455,0.026171,1,1,1,1711.3
round_robin,4,26,10,15.255,24.424,0.9999,0.9999,81,0,0,81,49,48,48,0.011501,0.008404,0.02586,1,1,1,1711.3
round_robin,4,27,1,15.292,24.426,0.9999,0.9999,81,0,0,81,49,49,48,0.011516,0.0085,0.02586,1,1,1,1711.3
round_robin,4,28,11,15.406,24.732,0.9999,0.9999,77,0,0,77,53,52,52,0.011516,0.0085,0.026201,1,1,1,1711.3
round_robin,4,29,1,15.394,24.382,0.9999,0.9999,79,0,0,79,53,53,52,0.011564,0.008812,0.025806,1,1,1,1711.3
round_robin,4,30,11,15.366,24.635,0.9999,0.9999,81,0,0,81,57,56,56,0.011594,0.00842,0.026084,1,1,1,1711.3
round_robin,4,31,1,15.339,24.599,0.9999,0.9999,77,0,0,77,57,57,56,0.0116,0.008374,0.026043,1,1,1,1711.3
round_robin,4,32,11,15.644,24.655,0.9999,0.9999,79,0,0,79,61,60,60,0.012454,0.008467,0.026011,1,1,1,1711.3
round_robin,4,33,1,15.72,24.714,0.9999,0.9999,80,0,0,80,61,61,60,0.012442,0.008639,0.026078,1,1,1,1711.3
round_robin,4,34,11,15.72,24.714,0.9999,0.9999,80,0,0,80,65,64,64,0.012442,0.008639,0.026078,1,1,1,1711.3
round_robin,4,35,1,15.513,24.73,0.9999,0.9999,82,0,0,82,65,65,64,0.011956,0.008433,0.026149,1,1,1,1711.3
round_robin,4,36,11,15.299,24.434,1.0,1.0,78,0,0,78,69,68,68,0.011578,0.008456,0.025862,1,1,1,1711.3
round_robin,4,37,1,15.378,24.654,1.0,1.0,80,0,0,80,69,69,68,0.011584,0.008445,0.026106,1,1,1,1711.3
round_robin,4,38,11,15.308,24.64,1.0,1.0,82,0,0,82,73,72,72,0.011358,0.008449,0.026116,1,1,1,1711.3
round_robin,4,39,1,15.329,24.548,1.0,1.0,77,0,0,77,73,73,72,0.011535,0.008458,0.025994,1,1,1,1711.3
round_robin,4,40,11,15.621,24.636,1.0,1.0,77,0,0,77,77,76,76,0.012412,0.008458,0.025994,1,1,1,1711.3
round_robin,4,41,1,15.725,24.724,1.0,1.0,79,0,0,79,77,77,76,0.012412,0.00867,0.026092,1,1,1,1711.3
round_robin,4,42,11,15.399,24.758,1.0,1.0,80,0,0,80,81,80,80,0.011551,0.008422,0.026225,1,1,1,1711.3
round_robin,4,43,1,15.728,25.361,1.0,1.0,82,0,0,82,81,81,80,0.011875,0.008449,0.026859,1,1,1,1711.3
round_robin,4,44,11,15.737,25.071,1.0,1.0,78,0,0,78,85,84,84,0.012301,0.008419,0.02649,1,1,1,1711.3
round_robin,4,45,1,15.431,24.584,1.0,1.0,80,0,0,80,85,85,84,0.011823,0.008468,0.026002,1,1,1,1711.3
round_robin,4,46,11,15.321,24.551,1.0,1.0,80,0,0,80,89,88,88,0.011493,0.008468,0.026002,1,1,1,1711.3
round_robin,4,47,1,15.706,24.897,1.0,1.0,82,0,0,82,89,89,88,0.011493,0.009238,0.026386,1,1,1,1711.3
round_robin,4,48,0,15.364,24.652,1.0,1.0,77,0,0,77,89,89,88,0.011589,0.0084,0.026103,1,1,1,1711.3
round_robin,4,49,11,15.477,24.695,1.0,1.0,79,0,0,79,93,92,92,0.011868,0.008444,0.02612,1,1,1,1711.3
round_robin,4,50,1,15.368,24.664,1.0,1.0,80,0,0,80,93,93,92,0.01152,0.00846,0.026124,1,1,1,1711.3
round_robin,4,51,11,15.374,24.642,1.0,1.0,82,0,0,82,97,96,96,0.011519,0.008502,0.0261,1,1,1,1711.3
round_robin,4,52,1,15.364,24.642,1.0,1.0,82,0,0,82,97,97,96,0.011518,0.008475,0.0261,1,1,1,1711.3
round_robin,4,53,11,15.331,24.551,1.0,1.0,78,0,0,78,101,100,100,0.011518,0.008475,0.025999,1,1,1,1711.3
round_robin,4,54,1,16.015,25.614,1.0,1.0,80,0,0,80,101,101,100,0.012308,0.008644,0.027093,1,1,1,1711.3
round_robin,4,55,11,15.213,24.229,1.0,1.0,84,0,0,84,105,104,104,0.011554,0.008449,0.025637,1,1,1,1711.3
round_robin,4,56,1,15.363,24.679,1.0,1.0,77,0,0,77,105,105,104,0.011519,0.00843,0.026141,1,1,1,1711.3
round_robin,4,57,11,15.392,24.678,1.0,1.0,79,0,0,79,109,108,108,0.011546,0.008492,0.026137,1,1,1,1711.3
round_robin,4,58,1,15.359,24.657,1.0,1.0,80,0,0,80,109,109,108,0.011544,0.008418,0.026114,1,1,1,1711.3
round_robin,4,59,11,15.359,24.657,1.0,1.0,80,0,0,80,113,112,112,0.011544,0.008418,0.026114,1,1,1,1711.3
round_robin,4,60,1,15.299,24.507,1.0,1.0,79,0,0,79,113,113,112,0.011572,0.008382,0.025944,1,1,1,1711.3
round_robin,4,61,11,15.344,24.549,1.0,1.0,80,0,0,80,117,116,116,0.01159,0.008452,0.025989,1,1,1,1711.3
round_robin,4,62,1,15.64,25.386,1.0,1.0,82,0,0,82,117,117,116,0.01154,0.008455,0.026925,1,1,1,1711.3
round_robin,4,63,11,15.678,24.635,1.0,1.0,84,0,0,84,121,120,120,0.012418,0.008625,0.025992,1,1,1,1711.3
round_robin,4,64,1,15.41,24.574,1.0,1.0,81,0,0,81,121,121,120,0.011607,0.008609,0.026015,1,1,1,1711.3
round_robin,4,65,11,15.395,24.57,1.0,1.0,81,0,0,81,125,124,124,0.011562,0.008609,0.026015,1,1,1,1711.3
round_robin,4,66,1,15.477,24.91,1.0,1.0,83,0,0,83,125,125,124,0.011562,0.008477,0.026393,1,1,1,1711.3
round_robin,4,67,11,15.407,24.701,1.0,1.0,84,0,0,84,129,128,128,0.011573,0.008487,0.02616,1,1,1,1711.3
round_robin,4,68,1,15.305,24.445,1.0,1.0,80,0,0,80,129,129,128,0.011542,0.008494,0.025879,1,1,1,1711.3
round_robin,4,69,11,15.484,24.725,1.0,1.0,81,0,0,81,133,132,132,0.01183,0.008465,0.026158,1,1,1,1711.3
round_robin,4,70,0,15.349,24.642,1.0,1.0,83,0,0,83,133,132,132,0.011509,0.008438,0.026101,1,1,1,1711.3
round_robin,4,71,1,15.314,24.635,1.0,1.0,83,0,0,83,133,133,132,0.011445,0.008396,0.026101,1,1,1,1711.3
round_robin,4,72,11,15.269,24.514,1.0,1.0,85,0,0,85,137,136,136,0.011445,0.008396,0.025966,1,1,1,1711.3
round_robin,4,73,1,15.369,24.654,1.0,1.0,81,0,0,81,137,137,136,0.011546,0.008451,0.02611,1,1,1,1711.3
round_robin,4,74,11,15.943,25.424,1.0,1.0,83,0,0,83,141,140,140,0.012314,0.008633,0.026881,1,1,1,1711.3
round_robin,4,75,1,15.413,24.677,1.0,1.0,84,0,0,84,141,141,140,0.011507,0.008592,0.02614,1,1,1,1711.3
round_robin,4,76,11,15.36,24.542,1.0,1.0,80,0,0,80,145,144,144,0.011638,0.008466,0.025976,1,1,1,1711.3
round_robin,4,77,1,15.313,24.536,1.0,1.0,80,0,0,80,145,145,144,0.011575,0.008388,0.025976,1,1,1,1711.3
round_robin,4,78,11,15.359,24.66,1.0,1.0,81,0,0,81,149,148,148,0.011575,0.008388,0.026114,1,1,1,1711.3
round_robin,4,79,1,15.623,25.458,1.0,1.0,83,0,0,83,149,149,148,0.01145,0.008404,0.027014,1,1,1,1711.3
round_robin,4,80,11,15.287,24.25,1.0,1.0,85,0,0,85,153,152,152,0.011833,0.008399,0.02563,1,1,1,1711.3
round_robin,4,81,1,15.317,24.608,1.0,1.0,81,0,0,81,153,153,152,0.011491,0.008395,0.026065,1,1,1,1711.3
round_robin,4,82,11,15.521,25.114,1.0,1.0,83,0,0,83,157,156,156,0.011523,0.008416,0.026624,1,1,1,1711.3
round_robin,4,83,1,16.031,25.651,1.0,1.0,84,0,0,84,157,157,156,0.01232,0.008641,0.027132,1,1,1,1711.3
round_robin,4,84,11,16.031,25.651,1.0,1.0,84,0,0,84,161,160,160,0.01232,0.008641,0.027132,1,1,1,1711.3
round_robin,4,85,1,15.402,24.717,1.0,1.0,80,0,0,80,161,161,160,0.011577,0.008451,0.026177,1,1,1,1711.3
round_robin,4,86,11,15.508,24.75,1.0,1.0,81,0,0,81,165,164,164,0.011903,0.008444,0.026177,1,1,1,1711.3
round_robin,4,87,1,15.429,24.745,1.0,1.0,83,0,0,83,165,165,164,0.011655,0.008433,0.0262,1,1,1,1711.3
round_robin,4,88,11,15.37,24.691,1.0,1.0,80,0,0,80,169,168,168,0.011527,0.00843,0.026154,1,1,1,1711.3
round_robin,4,89,1,15.25,24.379,1.0,1.0,81,0,0,81,169,169,168,0.011499,0.00844,0.02581,1,1,1,1711.3
round_robin,4,90,11,15.251,24.379,1.0,1.0,81,0,0,81,173,172,172,0.011504,0.00844,0.02581,1,1,1,1711.3
round_robin,4,91,1,15.478,24.987,1.0,1.0,83,0,0,83,173,173,172,0.011504,0.008446,0.026485,1,1,1,1711.3
round_robin,4,92,11,15.529,25.123,1.0,1.0,84,0,0,84,177,176,176,0.011547,0.00841,0.026631,1,1,1,1711.3
round_robin,4,93,1,15.509,24.394,1.0,1.0,80,0,0,80,177,177,176,0.012376,0.008422,0.025729,1,1,1,1711.3
round_robin,4,94,0,15.275,24.466,1.0,1.0,81,0,0,81,177,177,176,0.0115,0.008418,0.025907,1,1,1,1711.3
round_robin,4,95,11,15.387,24.699,1.0,1.0,83,0,0,83,181,180,180,0.011511,0.008485,0.026164,1,1,1,1711.3
round_robin,4,96,1,15.39,24.7,1.0,1.0,83,0,0,83,181,181,180,0.01152,0.008485,0.026164,1,1,1,1711.3
round_robin,4,97,11,15.349,24.741,1.0,1.0,79,0,0,79,185,184,184,0.01152,0.008316,0.02621,1,1,1,1711.3
round_robin,4,98,1,15.215,24.207,1.0,1.0,81,0,0,81,185,185,184,0.011583,0.008451,0.02561,1,1,1,1711.3
round_robin,4,99,11,15.274,24.564,1.0,1.0,83,0,0,83,189,188,188,0.011391,0.008404,0.026028,1,1,1,1711.3
round_robin,4,100,1,15.634,24.704,1.0,1.0,84,0,0,84,189,189,188,0.011474,0.009254,0.026174,1,1,1,1711.3
round_robin,4,101,11,15.367,24.701,1.0,1.0,81,0,0,81,193,192,192,0.011494,0.008438,0.026168,1,1,1,1711.3
round_robin,4,102,1,15.394,24.708,1.0,1.0,81,0,0,81,193,193,192,0.011565,0.00845,0.026168,1,1,1,1711.3
round_robin,4,103,11,15.366,24.632,1.0,1.0,82,0,0,82,197,196,196,0.011565,0.00845,0.026084,1,1,1,1711.3
round_robin,4,104,1,15.788,24.928,1.0,1.0,84,0,0,84,197,197,196,0.01161,0.009346,0.026408,1,1,1,1711.3
round_robin,4,105,11,15.366,24.626,1.0,1.0,79,0,0,79,201,200,200,0.011575,0.008446,0.026076,1,1,1,1711.3
round_robin,4,106,1,15.244,24.292,1.0,1.0,81,0,0,81,201,201,200,0.011587,0.00844,0.025704,1,1,1,1711.3
round_robin,4,107,11,15.302,24.644,1.0,1.0,83,0,0,83,205,204,204,0.011324,0.008457,0.026124,1,1,1,1711.3
round_robin,4,108,1,15.371,24.668,1.0,1.0,83,0,0,83,205,205,204,0.011561,0.008429,0.026124,1,1,1,1711.3
round_robin,4,109,11,15.511,25.044,1.0,1.0,84,0,0,84,209,208,208,0.011561,0.008429,0.026542,1,1,1,1711.3
round_robin,4,110,1,15.373,24.67,1.0,1.0,81,0,0,81,209,209,208,0.01154,0.008449,0.026129,1,1,1,1711.3
round_robin,4,111,11,15.372,24.651,1.0,1.0,82,0,0,82,213,212,212,0.01152,0.008485,0.02611,1,1,1,1711.3
round_robin,4,112,1,15.331,24.589,1.0,1.0,84,0,0,84,213,213,212,0.011548,0.008406,0.026038,1,1,1,1711.3
round_robin,4,113,11,15.675,24.702,1.0,1.0,79,0,0,79,217,216,216,0.012323,0.008624,0.026078,1,1,1,1711.3
round_robin,4,114,1,15.352,24.707,1.0,1.0,81,0,0,81,217,217,216,0.011446,0.008429,0.026181,1,1,1,1711.3
round_robin,4,115,0,15.352,24.707,1.0,1.0,81,0,0,81,217,217,216,0.011446,0.008429,0.026181,1,1,1,1711.3
round_robin,4,116,11,15.351,24.635,1.0,1.0,83,0,0,83,221,220,220,0.011546,0.008419,0.026089,1,1,1,1711.3
round_robin,4,117,1,15.336,24.564,1.0,1.0,84,0,0,84,221,221,220,0.011555,0.008442,0.02601,1,1,1,1711.3
round_robin,4,118,11,15.234,24.341,1.0,1.0,82,0,0,82,225,224,224,0.011558,0.008383,0.025761,1,1,1,1711.3
round_robin,4,119,1,15.341,24.582,1.0,1.0,83,0,0,83,225,225,224,0.011573,0.008422,0.026028,1,1,1,1711.3
round_robin,5,0,0,15.518,24.87,1.0,1.0,0,0,0,0,0,0,0,0.011618,0.008593,0.026343,1,1,1,1865.2
round_robin,5,1,1,15.648,25.42,0.3333,0.3333,78,0,0,78,1,0,0,0.011618,0.008371,0.026954,1,1,1,1865.2
round_robin,5,2,1,15.367,24.618,0.6667,0.6667,79,0,0,79,1,1,0,0.011569,0.008464,0.026068,1,1,1,1865.2
round_robin,5,3,11,16.039,25.806,0.9883,0.9883,81,0,0,81,5,4,4,0.012389,0.008432,0.027297,1,1,1,1865.2
round_robin,5,4,1,15.399,24.702,0.9899,0.9899,82,0,0,82,5,5,4,0.011575,0.00846,0.026161,1,1,1,1865.2
round_robin,5,5,11,15.349,24.629,0.9968,0.9968,78,0,0,78,9,8,8,0.011553,0.008413,0.026082,1,1,1,1865.2
round_robin,5,6,1,15.399,24.649,0.9971,0.9971,78,0,0,78,9,9,8,0.011757,0.008358,0.026082,1,1,1,1865.2
round_robin,5,7,11,15.3,24.382,0.9985,0.9985,79,0,0,79,13,12,12,0.011757,0.008358,0.025785,1,1,1,1865.2
round_robin,5,8,1,15.274,24.372,0.9986,0.9986,81,0,0,81,13,13,12,0.011547,0.008479,0.025797,1,1,1,1865.2
round_robin,5,9,11,15.655,25.367,0.9992,0.9992,78,0,0,78,17,16,16,0.01156,0.008504,0.026901,1,1,1,1865.2
round_robin,5,10,1,15.367,24.668,0.9992,0.9992,79,0,0,79,17,17,16,0.011549,0.008426,0.026126,1,1,1,1865.2
round_robin,5,11,11,15.315,24.489,0.9995,0.9995,81,0,0,81,21,20,20,0.01156,0.008458,0.025926,1,1,1,1865.2
round_robin,5,12,1,15.299,24.489,0.9995,0.9995,81,0,0,81,21,21,20,0.01156,0.00841,0.025926,1,1,1,1865.2
round_robin,5,13,11,15.379,24.705,0.9996,0.9996,82,0,0,82,25,24,24,0.01156,0.00841,0.026166,1,1,1,1865.2
round_robin,5,14,1,15.36,24.651,0.9996,0.9996,79,0,0,79,25,25,24,0.011534,0.008438,0.026109,1,1,1,1865.2
round_robin,5,15,11,15.395,24.702,0.9997,0.9997,80,0,0,80,29,28,28,0.01156,0.008464,0.026162,1,1,1,1865.2
round_robin,5,16,1,15.355,24.655,0.9997,0.9997,82,0,0,82,29,29,28,0.011565,0.00839,0.026109,1,1,1,1865.2
round_robin,5,17,11,15.373,24.672,0.9998,0.9998,78,0,0,78,33,32,32,0.011598,0.008395,0.026125,1,1,1,1865.2
round_robin,5,18,1,15.707,24.763,0.9998,0.9998,79,0,0,79,33,33,32,0.011567,0.009324,0.026229,1,1,1,1865.2
round_robin,5,19,11,15.707,24.763,0.9998,0.9998,79,0,0,79,37,36,36,0.011567,0.009324,0.026229,1,1,1,1865.2
round_robin,5,20,1,15.618,24.574,0.9998,0.9998,81,0,0,81,37,37,36,0.011553,0.00928,0.026021,1,1,1,1865.2
round_robin,5,21,11,15.326,24.6,0.9999,0.9999,82,0,0,82,41,40,40,0.011576,0.008354,0.026047,1,1,1,1865.2
round_robin,5,22,1,15.387,24.701,0.9999,0.9999,79,0,0,79,41,41,40,0.01158,0.008422,0.026159,1,1,1,1865.2
round_robin,5,23,11,15.368,24.67,0.9999,0.9999,80,0,0,80,45,44,44,0.011607,0.008375,0.026121,1,1,1,1865.2
round_robin,5,24,1,15.339,24.339,0.9999,0.9999,82,0,0,82,45,45,44,0.011867,0.008426,0.025725,1,1,1,1865.2
round_robin,5,25,1,15.239,24.309,1.0,1.0,82,0,0,82,45,45,45,0.011565,0.008426,0.025725,1,1,1,1865.2
round_robin,5,26,10,15.528,25.12,0.9999,0.9999,78,0,0,78,49,48,48,0.011565,0.008392,0.026626,1,1,1,1865.2
round_robin,5,27,1,15.332,24.644,0.9999,0.9999,79,0,0,79,49,49,48,0.011455,0.008433,0.026109,1,1,1,1865.2
round_robin,5,28,11,15.459,24.94,0.9999,0.9999,81,0,0,81,53,52,52,0.011524,0.008422,0.026431,1,1,1,1865.2
round_robin,5,29,1,15.328,24.637,0.9999,0.9999,77,0,0,77,53,53,52,0.011499,0.008387,0.026097,1,1,1,1865.2
round_robin,5,30,11,15.365,24.644,0.9999,0.9999,79,0,0,79,57,56,56,0.011556,0.008441,0.026098,1,1,1,1865.2
round_robin,5,31,1,15.351,24.64,0.9999,0.9999,79,0,0,79,57,57,56,0.011515,0.008441,0.026098,1,1,1,1865.2
round_robin,5,32,11,15.37,24.711,0.9999,0.9999,80,0,0,80,61,60,60,0.011515,0.008417,0.026177,1,1,1,1865.2
round_robin,5,33,1,15.679,25.488,0.9999,0.9999,82,0,0,82,61,61,60,0.011548,0.008451,0.027037,1,1,1,1865.2
round_robin,5,34,11,15.339,24.608,0.9999,0.9999,78,0,0,78,65,64,64,0.011547,0.008411,0.026059,1,1,1,1865.2
round_robin,5,35,1,15.774,24.793,0.9999,0.9999,79,0,0,79,65,65,64,0.011784,0.009299,0.026239,1,1,1,1865.2
round_robin,5,36,11,15.368,24.581,1.0,1.0,81,0,0,81,69,68,68,0.011653,0.008435,0.026017,1,1,1,1865.2
round_robin,5,37,1,15.295,24.56,1.0,1.0,81,0,0,81,69,69,68,0.011448,0.008419,0.026017,1,1,1,1865.2
round_robin,5,38,11,15.325,24.641,1.0,1.0,77,0,0,77,73,72,72,0.011448,0.008419,0.026107,1,1,1,1865.2
round_robin,5,39,1,15.711,25.396,1.0,1.0,79,0,0,79,73,73,72,0.011533,0.008663,0.026936,1,1,1,1865.2
round_robin,5,40,11,15.488,24.988,1.0,1.0,80,0,0,80,77,76,76,0.011527,0.008453,0.026484,1,1,1,1865.2
round_robin,5,41,1,15.375,24.583,1.0,1.0,82,0,0,82,77,77,76,0.011582,0.008516,0.026028,1,1,1,1865.2
round_robin,5,42,11,15.437,24.766,1.0,1.0,79,0,0,79,81,80,80,0.011646,0.008441,0.026224,1,1,1,1865.2
round_robin,5,43,1,15.272,24.549,1.0,1.0,80,0,0,80,81,81,80,0.011506,0.008313,0.025998,1,1,1,1865.2
round_robin,5,44,11,15.272,24.549,1.0,1.0,80,0,0,80,85,84,84,0.011506,0.008313,0.025998,1,1,1,1865.2
round_robin,5,45,1,15.425,24.81,1.0,1.0,82,0,0,82,85,85,84,0.011548,0.008442,0.026284,1,1,1,1865.2
round_robin,5,46,11,15.465,24.912,1.0,1.0,77,0,0,77,89,88,88,0.011544,0.008454,0.026397,1,1,1,1865.2
round_robin,5,47,1,15.352,24.633,1.0,1.0,79,0,0,79,89,89,88,0.011526,0.00844,0.026089,1,1,1,1865.2
round_robin,5,48,7,15.648,25.5,1.0,1.0,80,0,0,80,91,91,91,0.011447,0.008435,0.027061,1,1,1,1865.2
round_robin,5,49,4,15.752,24.907,1.0,1.0,82,0,0,82,93,92,92,0.011491,0.009366,0.026398,1,1,1,1865.2
round_robin,5,50,1,15.752,24.907,1.0,1.0,82,0,0,82,93,93,92,0.011491,0.009366,0.026398,1,1,1,1865.2
round_robin,5,51,11,15.265,24.547,1.0,1.0,79,0,0,79,97,96,96,0.011365,0.008417,0.026012,1,1,1,1865.2
round_robin,5,52,1,15.383,24.692,1.0,1.0,80,0,0,80,97,97,96,0.011611,0.008394,0.026145,1,1,1,1865.2
round_robin,5,53,11,15.301,24.473,1.0,1.0,82,0,0,82,101,100,100,0.011537,0.008456,0.02591,1,1,1,1865.2
round_robin,5,54,1,15.457,25.004,1.0,1.0,77,0,0,77,101,101,100,0.011526,0.008342,0.026502,1,1,1,1865.2
round_robin,5,55,11,15.374,24.808,1.0,1.0,79,0,0,79,105,104,104,0.01143,0.008397,0.026295,1,1,1,1865.2
round_robin,5,56,1,15.417,24.821,1.0,1.0,79,0,0,79,105,105,104,0.011558,0.008397,0.026295,1,1,1,1865.2
round_robin,5,57,11,15.767,24.94,1.0,1.0,80,0,0,80,109,108,108,0.011558,0.009315,0.026427,1,1,1,1865.2
round_robin,5,58,1,15.485,24.952,1.0,1.0,78,0,0,78,109,109,108,0.011544,0.008468,0.026442,1,1,1,1865.2
round_robin,5,59,11,15.351,24.416,1.0,1.0,79,0,0,79,113,112,112,0.011551,0.008657,0.025846,1,1,1,1865.2
round_robin,5,60,1,15.35,24.611,1.0,1.0,81,0,0,81,113,113,112,0.011512,0.008471,0.026066,1,1,1,1865.2
round_robin,5,61,11,15.369,24.673,1.0,1.0,82,0,0,82,117,116,116,0.011556,0.008422,0.02613,1,1,1,1865.2
round_robin,5,62,1,15.394,24.679,1.0,1.0,82,0,0,82,117,117,116,0.011621,0.008431,0.02613,1,1,1,1865.2
round_robin,5,63,11,15.523,25.027,1.0,1.0,79,0,0,79,121,120,120,0.011621,0.008431,0.026517,1,1,1,1865.2
round_robin,5,64,1,15.333,24.588,1.0,1.0,81,0,0,81,121,121,120,0.011597,0.00837,0.026032,1,1,1,1865.2
round_robin,5,65,11,15.348,24.581,1.0,1.0,82,0,0,82,125,124,124,0.011528,0.008485,0.026031,1,1,1,1865.2
round_robin,5,66,1,15.639,24.592,1.0,1.0,79,0,0,79,125,125,124,0.011744,0.009154,0.02602,1,1,1,1865.2
round_robin,5,67,11,15.392,24.48,1.0,1.0,80,0,0,80,129,128,128,0.01154,0.008717,0.025918,1,1,1,1865.2
round_robin,5,68,1,15.305,24.478,1.0,1.0,80,0,0,80,129,129,128,0.011522,0.008475,0.025918,1,1,1,1865.2
round_robin,5,69,11,15.375,24.668,1.0,1.0,82,0,0,82,133,132,132,0.011522,0.008475,0.026129,1,1,1,1865.2
round_robin,5,70,1,15.318,24.62,1.0,1.0,84,0,0,84,133,133,132,0.011423,0.008446,0.026086,1,1,1,1865.2
round_robin,5,71,1,15.513,25.019,1.0,1.0,80,0,0,80,133,133,133,0.01159,0.008438,0.026511,1,1,1,1865.2
round_robin,5,72,10,15.385,24.706,1.0,1.0,82,0,0,82,137,136,136,0.011528,0.008458,0.02617,1,1,1,1865.2
round_robin,5,73,1,15.383,24.704,1.0,1.0,83,0,0,83,137,137,136,0.011538,0.008445,0.026167,1,1,1,1865.2
round_robin,5,74,11,15.35,24.629,1.0,1.0,79,0,0,79,141,140,140,0.011547,0.008421,0.026082,1,1,1,1865.2
round_robin,5,75,1,15.35,24.629,1.0,1.0,79,0,0,79,141,141,140,0.011547,0.008421,0.026082,1,1,1,1865.2
round_robin,5,76,11,15.293,24.474,1.0,1.0,81,0,0,81,145,144,144,0.011526,0.00844,0.025913,1,1,1,1865.2
round_robin,5,77,1,15.342,24.653,1.0,1.0,82,0,0,82,145,145,144,0.011503,0.008409,0.026114,1,1,1,1865.2
round_robin,5,78,11,15.356,24.678,1.0,1.0,84,0,0,84,149,148,148,0.011514,0.008413,0.026141,1,1,1,1865.2
round_robin,5,79,1,15.668,24.661,1.0,1.0,80,0,0,80,149,149,148,0.011532,0.009352,0.02612,1,1,1,1865.2
round_robin,5,80,11,15.504,24.993,1.0,1.0,82,0,0,82,153,152,152,0.01159,0.008439,0.026482,1,1,1,1865.2
round_robin,5,81,1,15.504,24.993,1.0,1.0,82,0,0,82,153,153,152,0.01159,0.008439,0.026482,1,1,1,1865.2
round_robin,5,82,11,15.265,24.538,1.0,1.0,83,0,0,83,157,156,156,0.011361,0.008433,0.026002,1,1,1,1865.2
round_robin,5,83,1,15.403,24.797,1.0,1.0,79,0,0,79,157,157,156,0.01154,0.008398,0.02627,1,1,1,1865.2
round_robin,5,84,11,15.33,24.492,1.0,1.0,81,0,0,81,161,160,160,0.01159,0.008473,0.025926,1,1,1,1865.2
round_robin,5,85,1,15.664,25.321,1.0,1.0,82,0,0,82,161,161,160,0.011722,0.008437,0.026832,1,1,1,1865.2
round_robin,5,86,11,15.28,24.431,1.0,1.0,79,0,0,79,165,164,164,0.011537,0.008438,0.025864,1,1,1,1865.2
round_robin,5,87,1,15.273,24.429,1.0,1.0,79,0,0,79,165,165,164,0.011516,0.008438,0.025864,1,1,1,1865.2
round_robin,5,88,11,15.274,24.433,1.0,1.0,80,0,0,80,169,168,168,0.011516,0.008438,0.025868,1,1,1,1865.2
round_robin,5,89,1,15.43,24.864,1.0,1.0,82,0,0,82,169,169,168,0.01155,0.008396,0.026343,1,1,1,1865.2
round_robin,5,90,11,15.324,24.519,1.0,1.0,83,0,0,83,173,172,172,0.01156,0.008452,0.025959,1,1,1,1865.2
round_robin,5,91,1,15.309,24.582,1.0,1.0,79,0,0,79,173,173,172,0.011496,0.008395,0.026036,1,1,1,1865.2
round_robin,5,92,11,15.198,24.179,1.0,1.0,81,0,0,81,177,176,176,0.011609,0.008409,0.025576,1,1,1,1865.2
round_robin,5,93,1,15.154,24.166,1.0,1.0,81,0,0,81,177,177,176,0.011478,0.008409,0.025576,1,1,1,1865.2
round_robin,5,94,11,15.331,24.63,1.0,1.0,82,0,0,82,181,180,180,0.011478,0.008425,0.026091,1,1,1,1865.2
round_robin,5,95,1,15.644,25.495,1.0,1.0,79,0,0,79,181,181,180,0.011426,0.008448,0.027058,1,1,1,1865.2
round_robin,5,96,1,15.397,24.696,1.0,1.0,80,0,0,80,181,181,181,0.011578,0.008459,0.026154,1,1,1,1865.2
round_robin,5,97,10,15.528,25.018,1.0,1.0,82,0,0,82,185,184,184,0.011652,0.008428,0.026503,1,1,1,1865.2
round_robin,5,98,1,16.122,25.648,1.0,1.0,83,0,0,83,185,185,184,0.012466,0.008787,0.027113,1,1,1,1865.2
round_robin,5,99,12,15.97,25.552,1.0,1.0,83,0,0,83,189,189,188,0.011498,0.0093,0.027113,1,1,1,1865.2
round_robin,5,100,11,15.725,24.888,1.0,1.0,81,0,0,81,193,192,192,0.011498,0.0093,0.026376,1,1,1,1865.2
round_robin,5,101,1,15.366,24.389,1.0,1.0,83,0,0,83,193,193,192,0.011897,0.008423,0.025777,1,1,1,1865.2
round_robin,5,102,11,15.5,25.027,1.0,1.0,85,0,0,85,197,196,196,0.011515,0.008457,0.026528,1,1,1,1865.2
round_robin,5,103,1,15.419,24.796,1.0,1.0,81,0,0,81,197,197,196,0.011536,0.008451,0.026269,1,1,1,1865.2
round_robin,5,104,11,15.385,24.703,1.0,1.0,83,0,0,83,201,200,200,0.011488,0.008495,0.026171,1,1,1,1865.2
round_robin,5,105,1,15.381,24.706,1.0,1.0,83,0,0,83,201,201,200,0.011517,0.008454,0.026171,1,1,1,1865.2
round_robin,5,106,11,15.354,24.633,1.0,1.0,84,0,0,84,205,204,204,0.011517,0.008454,0.02609,1,1,1,1865.2
round_robin,5,107,1,15.371,24.649,1.0,1.0,86,0,0,86,205,205,204,0.01152,0.008484,0.026108,1,1,1,1865.2
round_robin,5,108,11,15.366,24.621,1.0,1.0,82,0,0,82,209,208,208,0.011558,0.008468,0.026072,1,1,1,1865.2
round_robin,5,109,1,15.724,24.842,1.0,1.0,84,0,0,84,209,209,208,0.011525,0.009324,0.026322,1,1,1,1865.2
round_robin,5,110,11,15.291,24.423,1.0,1.0,88,0,0,88,213,212,212,0.011532,0.008486,0.025855,1,1,1,1865.2
round_robin,5,111,1,15.311,24.489,1.0,1.0,81,0,0,81,213,213,212,0.011519,0.008484,0.02593,1,1,1,1865.2
round_robin,5,112,11,15.311,24.489,1.0,1.0,81,0,0,81,217,216,216,0.011519,0.008484,0.02593,1,1,1,1865.2
round_robin,5,113,1,15.449,24.66,1.0,1.0,83,0,0,83,217,217,216,0.011535,0.008695,0.026118,1,1,1,1865.2
round_robin,5,114,11,15.294,24.51,1.0,1.0,84,0,0,84,221,220,220,0.011546,0.008384,0.025951,1,1,1,1865.2
round_robin,5,115,1,15.386,24.763,1.0,1.0,81,0,0,81,221,221,220,0.011462,0.008455,0.026241,1,1,1,1865.2
round_robin,5,116,7,15.518,25.08,1.0,1.0,82,0,0,82,223,223,223,0.011518,0.00845,0.026587,1,1,1,1865.2
round_robin,5,117,4,15.258,24.337,1.0,1.0,84,0,0,84,225,224,224,0.011586,0.008433,0.025754,1,1,1,1865.2
round_robin,5,118,1,15.218,24.325,1.0,1.0,84,0,0,84,225,225,224,0.011467,0.008433,0.025754,1,1,1,1865.2
round_robin,5,119,11,15.465,24.234,1.0,1.0,86,0,0,86,229,228,228,0.011467,0.009274,0.025653,1,1,1,1865.2
round_robin,6,0,0,15.36,24.616,1.0,1.0,0,0,0,0,0,0,0,0.011562,0.008453,0.026066,1,1,1,1940.1
round_robin,6,1,1,15.593,24.759,0.3333,0.3333,81,0,0,81,1,0,0,0.012288,0.008345,0.026145,1,1,1,1940.1
round_robin,6,2,1,15.34,24.621,0.6667,0.6667,82,0,0,82,1,1,0,0.011513,0.008431,0.026077,1,1,1,1940.1
round_robin,6,3,11,15.191,24.258,0.9883,0.9883,79,0,0,79,5,4,4,0.011505,0.008394,0.025675,1,1,1,1940.1
round_robin,6,4,1,15.191,24.258,0.9899,0.9899,79,0,0,79,5,5,4,0.011505,0.008394,0.025675,1,1,1,1940.1
round_robin,6,5,11,15.504,24.217,0.9968,0.9968,81,0,0,81,9,8,8,0.012254,0.008712,0.025546,1,1,1,1940.1
round_robin,6,6,1,15.551,25.205,0.9971,0.9971,81,0,0,81,9,9,8,0.011408,0.008507,0.026738,1,1,1,1940.1
round_robin,6,7,11,15.372,24.658,0.9985,0.9985,78,0,0,78,13,12,12,0.011546,0.008454,0.026115,1,1,1,1940.1
round_robin,6,8,1,15.374,24.663,0.9986,0.9986,79,0,0,79,13,13,12,0.01155,0.008452,0.02612,1,1,1,1940.1
round_robin,6,9,11,15.483,24.959,0.9992,0.9992,81,0,0,81,17,16,16,0.01157,0.008433,0.026447,1,1,1,1940.1
round_robin,6,10,1,15.484,24.96,0.9992,0.9992,81,0,0,81,17,17,16,0.011573,0.008433,0.026447,1,1,1,1940.1
round_robin,6,11,11,15.319,24.496,0.9995,0.9995,82,0,0,82,21,20,20,0.011573,0.008452,0.025932,1,1,1,1940.1
round_robin,6,12,1,15.35,24.674,0.9995,0.9995,79,0,0,79,21,21,20,0.011504,0.008408,0.026137,1,1,1,1940.1
round_robin,6,13,11,15.412,24.702,0.9996,0.9996,81,0,0,81,25,24,24,0.011632,0.008451,0.026154,1,1,1,1940.1
round_robin,6,14,1,15.44,24.522,0.9996,0.9996,82,0,0,82,25,25,24,0.011666,0.008704,0.025951,1,1,1,1940.1
round_robin,6,15,11,15.468,24.899,0.9997,0.9997,78,0,0,78,29,28,28,0.01158,0.008444,0.026379,1,1,1,1940.1
round_robin,6,16,1,15.475,24.901,0.9997,0.9997,78,0,0,78,29,29,28,0.011602,0.008444,0.026379,1,1,1,1940.1
round_robin,6,17,11,15.472,24.875,0.9998,0.9998,79,0,0,79,33,32,32,0.011602,0.008465,0.02635,1,1,1,1940.1
round_robin,6,18,1,15.374,24.689,0.9998,0.9998,81,0,0,81,33,33,32,0.011553,0.00842,0.026149,1,1,1,1940.1
round_robin,6,19,11,15.367,24.662,0.9998,0.9998,82,0,0,82,37,36,36,0.011556,0.008428,0.026118,1,1,1,1940.1
round_robin,6,20,1,15.555,24.589,0.9998,0.9998,79,0,0,79,37,37,36,0.011568,0.00906,0.026036,1,1,1,1940.1
round_robin,6,21,11,15.326,24.571,0.9999,0.9999,81,0,0,81,41,40,40,0.011539,0.008419,0.026019,1,1,1,1940.1
round_robin,6,22,1,15.353,24.573,0.9999,0.9999,81,0,0,81,41,41,40,0.011559,0.008481,0.026019,1,1,1,1940.1
round_robin,6,23,11,15.488,24.937,0.9999,0.9999,82,0,0,82,45,44,44,0.011559,0.008481,0.026424,1,1,1,1940.1
round_robin,6,24,1,15.374,24.531,0.9999,0.9999,78,0,0,78,45,45,44,0.011551,0.008598,0.025973,1,1,1,1940.1
round_robin,6,25,11,15.386,24.682,0.9999,0.9999,79,0,0,79,49,48,48,0.011525,0.008488,0.026144,1,1,1,1940.1
round_robin,6,26,1,15.458,24.621,0.9999,0.9999,81,0,0,81,49,49,48,0.011878,0.008459,0.026037,1,1,1,1940.1
round_robin,6,27,0,15.28,24.442,0.9999,0.9999,77,0,0,77,49,49,48,0.01151,0.008451,0.025879,1,1,1,1940.1
round_robin,6,28,11,15.275,24.48,0.9999,0.9999,79,0,0,79,53,52,52,0.011464,0.008435,0.025926,1,1,1,1940.1
round_robin,6,29,1,15.275,24.48,0.9999,0.9999,79,0,0,79,53,53,52,0.011464,0.008435,0.025926,1,1,1,1940.1
round_robin,6,30,11,15.173,24.213,0.9999,0.9999,81,0,0,81,57,56,56,0.011542,0.008356,0.025621,1,1,1,1940.1
round_robin,6,31,1,15.548,25.149,0.9999,0.9999,82,0,0,82,57,57,56,0.011524,0.008458,0.026663,1,1,1,1940.1
round_robin,6,32,11,15.33,24.551,0.9999,0.9999,78,0,0,78,61,60,60,0.011577,0.008419,0.025993,1,1,1,1940.1
round_robin,6,33,1,15.529,24.794,0.9999,0.9999,79,0,0,79,61,61,60,0.011931,0.008432,0.026223,1,1,1,1940.1
round_robin,6,34,11,15.371,24.587,0.9999,0.9999,81,0,0,81,65,64,64,0.011535,0.008541,0.026037,1,1,1,1940.1
round_robin,6,35,1,15.371,24.587,0.9999,0.9999,81,0,0,81,65,65,64,0.011535,0.008541,0.026037,1,1,1,1940.1
round_robin,6,36,11,15.17,24.197,1.0,1.0,76,0,0,76,69,68,68,0.011565,0.008345,0.025601,1,1,1,1940.1
round_robin,6,37,1,15.6,24.997,1.0,1.0,78,0,0,78,69,69,68,0.01153,0.008776,0.026493,1,1,1,1940.1
round_robin,6,38,11,15.297,24.441,1.0,1.0,80,0,0,80,73,72,72,0.011556,0.008461,0.025873,1,1,1,1940.1
round_robin,6,39,1,15.467,24.341,1.0,1.0,81,0,0,81,73,73,72,0.011543,0.009096,0.025763,1,1,1,1940.1
round_robin,6,40,11,15.335,24.578,1.0,1.0,78,0,0,78,77,76,76,0.011569,0.008412,0.026024,1,1,1,1940.1
round_robin,6,41,1,15.335,24.578,1.0,1.0,78,0,0,78,77,77,76,0.011569,0.008412,0.026024,1,1,1,1940.1
round_robin,6,42,11,15.192,24.224,1.0,1.0,79,0,0,79,81,80,80,0.011498,0.00844,0.025638,1,1,1,1940.1
round_robin,6,43,1,15.335,24.384,1.0,1.0,81,0,0,81,81,81,80,0.011802,0.008422,0.025782,1,1,1,1940.1
round_robin,6,44,11,15.304,24.527,1.0,1.0,76,0,0,76,85,84,84,0.011508,0.008431,0.025974,1,1,1,1940.1
round_robin,6,45,1,15.286,24.447,1.0,1.0,78,0,0,78,85,85,84,0.011544,0.008432,0.025881,1,1,1,1940.1
round_robin,6,46,11,15.323,24.637,1.0,1.0,80,0,0,80,89,88,88,0.011429,0.008434,0.026105,1,1,1,1940.1
round_robin,6,47,1,15.353,24.646,1.0,1.0,80,0,0,80,89,89,88,0.01152,0.008434,0.026105,1,1,1,1940.1
round_robin,6,48,11,15.274,24.457,1.0,1.0,81,0,0,81,93,92,92,0.01152,0.008407,0.025894,1,1,1,1940.1
round_robin,6,49,1,15.467,24.755,1.0,1.0,78,0,0,78,93,93,92,0.011764,0.008439,0.026198,1,1,1,1940.1
round_robin,6,50,11,15.317,24.54,1.0,1.0,79,0,0,79,97,96,96,0.011531,0.008436,0.025985,1,1,1,1940.1
round_robin,6,51,1,15.606,24.606,1.0,1.0,81,0,0,81,97,97,96,0.011533,0.009227,0.026059,1,1,1,1940.1
round_robin,6,52,0,15.396,24.705,1.0,1.0,77,0,0,77,97,97,96,0.011561,0.008463,0.026165,1,1,1,1940.1
round_robin,6,53,11,15.384,24.701,1.0,1.0,77,0,0,77,101,100,100,0.011523,0.008463,0.026165,1,1,1,1940.1
round_robin,6,54,1,15.409,24.47,1.0,1.0,79,0,0,79,101,101,100,0.011523,0.008795,0.025909,1,1,1,1940.1
round_robin,6,55,11,15.541,25.303,1.0,1.0,81,0,0,81,105,104,104,0.01154,0.00825,0.026832,1,1,1,1940.1
round_robin,6,56,1,15.655,24.865,1.0,1.0,77,0,0,77,105,105,104,0.012318,0.008389,0.026259,1,1,1,1940.1
round_robin,6,57,11,15.333,24.568,1.0,1.0,79,0,0,79,109,108,108,0.011564,0.008422,0.026013,1,1,1,1940.1
round_robin,6,58,1,15.492,24.602,1.0,1.0,80,0,0,80,109,109,108,0.011872,0.008588,0.026017,1,1,1,1940.1
round_robin,6,59,11,15.639,24.569,1.0,1.0,80,0,0,80,113,112,112,0.011533,0.009367,0.026017,1,1,1,1940.1
round_robin,6,60,1,15.614,24.502,1.0,1.0,82,0,0,82,113,113,112,0.011533,0.009367,0.025943,1,1,1,1940.1
round_robin,6,61,11,15.571,24.557,1.0,1.0,79,0,0,79,117,116,116,0.0115,0.009206,0.026008,1,1,1,1940.1
round_robin,6,62,1,15.683,24.529,1.0,1.0,81,0,0,81,117,117,116,0.011762,0.009341,0.025947,1,1,1,1940.1
round_robin,6,63,11,15.493,25.041,1.0,1.0,83,0,0,83,121,120,120,0.011531,0.008407,0.026542,1,1,1,1940.1
round_robin,6,64,1,15.363,24.661,1.0,1.0,80,0,0,80,121,121,120,0.011552,0.008418,0.026118,1,1,1,1940.1
round_robin,6,65,11,15.382,24.663,1.0,1.0,80,0,0,80,125,124,124,0.011571,0.008457,0.026118,1,1,1,1940.1
round_robin,6,66,1,15.229,24.251,1.0,1.0,82,0,0,82,125,125,124,0.011571,0.008457,0.02566,1,1,1,1940.1
round_robin,6,67,11,15.345,24.634,1.0,1.0,83,0,0,83,129,128,128,0.011538,0.008407,0.026089,1,1,1,1940.1
round_robin,6,68,1,15.223,24.311,1.0,1.0,85,0,0,85,129,129,128,0.011531,0.008406,0.025731,1,1,1,1940.1
round_robin,6,69,11,15.327,24.517,1.0,1.0,81,0,0,81,133,132,132,0.01158,0.008447,0.025954,1,1,1,1940.1
round_robin,6,70,1,15.274,24.193,1.0,1.0,83,0,0,83,133,133,132,0.011545,0.008679,0.025598,1,1,1,1940.1
round_robin,6,71,11,15.181,24.293,1.0,1.0,85,0,0,85,137,136,136,0.011463,0.008362,0.025719,1,1,1,1940.1
round_robin,6,72,1,15.181,24.293,1.0,1.0,85,0,0,85,137,137,136,0.011463,0.008362,0.025719,1,1,1,1940.1
round_robin,6,73,11,15.236,24.35,1.0,1.0,80,0,0,80,141,140,140,0.011481,0.008446,0.02578,1,1,1,1940.1
round_robin,6,74,1,15.552,25.218,1.0,1.0,82,0,0,82,141,141,140,0.011477,0.008434,0.026745,1,1,1,1940.1
round_robin,6,75,1,15.461,24.931,1.0,1.0,83,0,0,83,141,141,141,0.011523,0.00844,0.026421,1,1,1,1940.1
round_robin,6,76,10,15.371,24.679,1.0,1.0,85,0,0,85,145,144,144,0.01153,0.008444,0.02614,1,1,1,1940.1
round_robin,6,77,1,15.279,24.533,1.0,1.0,81,0,0,81,145,145,144,0.011486,0.008367,0.025983,1,1,1,1940.1
round_robin,6,78,11,15.302,24.54,1.0,1.0,81,0,0,81,149,148,148,0.011555,0.008367,0.025983,1,1,1,1940.1
round_robin,6,79,1,15.296,24.405,1.0,1.0,83,0,0,83,149,149,148,0.011555,0.008501,0.025833,1,1,1,1940.1
round_robin,6,80,11,15.235,24.373,1.0,1.0,85,0,0,85,153,152,152,0.011537,0.00837,0.025799,1,1,1,1940.1
round_robin,6,81,1,15.269,24.47,1.0,1.0,80,0,0,80,153,153,152,0.01152,0.008379,0.025909,1,1,1,1940.1
round_robin,6,82,11,15.393,24.724,1.0,1.0,82,0,0,82,157,156,156,0.011584,0.008412,0.026184,1,1,1,1940.1
round_robin,6,83,1,15.225,24.32,1.0,1.0,83,0,0,83,157,157,156,0.011514,0.008418,0.025743,1,1,1,1940.1
round_robin,6,84,11,15.209,24.315,1.0,1.0,83,0,0,83,161,160,160,0.011466,0.008418,0.025743,1,1,1,1940.1
round_robin,6,85,1,15.565,24.628,1.0,1.0,80,0,0,80,161,161,160,0.011466,0.009139,0.026091,1,1,1,1940.1
round_robin,6,86,11,15.293,24.439,1.0,1.0,81,0,0,81,165,164,164,0.011582,0.008429,0.025868,1,1,1,1940.1
round_robin,6,87,1,15.359,24.621,1.0,1.0,83,0,0,83,165,165,164,0.011538,0.008464,0.026075,1,1,1,1940.1
round_robin,6,88,11,15.642,25.478,1.0,1.0,85,0,0,85,169,168,168,0.011484,0.008408,0.027033,1,1,1,1940.1
round_robin,6,89,1,15.403,24.738,1.0,1.0,80,0,0,80,169,169,168,0.011587,0.008423,0.026199,1,1,1,1940.1
round_robin,6,90,11,15.438,24.752,1.0,1.0,80,0,0,80,173,172,172,0.011724,0.00839,0.026199,1,1,1,1940.1
round_robin,6,91,1,15.395,24.635,1.0,1.0,82,0,0,82,173,173,172,0.011724,0.00839,0.02607,1,1,1,1940.1
round_robin,6,92,11,15.322,24.577,1.0,1.0,83,0,0,83,177,176,176,0.011561,0.008383,0.026023,1,1,1,1940.1
round_robin,6,93,1,15.349,24.638,1.0,1.0,80,0,0,80,177,177,176,0.011518,0.008433,0.026096,1,1,1,1940.1
round_robin,6,94,11,15.629,25.422,1.0,1.0,81,0,0,81,181,180,180,0.011487,0.008429,0.02697,1,1,1,1940.1
round_robin,6,95,1,15.374,24.742,1.0,1.0,83,0,0,83,181,181,180,0.011551,0.008362,0.026208,1,1,1,1940.1
round_robin,6,96,11,15.347,24.743,1.0,1.0,83,0,0,83,185,184,184,0.011561,0.008271,0.026208,1,1,1,1940.1
round_robin,6,97,1,15.339,24.723,1.0,1.0,85,0,0,85,185,185,184,0.011561,0.008271,0.026185,1,1,1,1940.1
round_robin,6,98,7,15.432,24.767,1.0,1.0,81,0,0,81,187,187,187,0.011596,0.008469,0.026231,1,1,1,1940.1
round_robin,6,99,4,15.356,24.627,1.0,1.0,83,0,0,83,189,188,188,0.011537,0.00845,0.026081,1,1,1,1940.1
round_robin,6,100,1,15.364,24.701,1.0,1.0,84,0,0,84,189,189,188,0.01154,0.008388,0.026163,1,1,1,1940.1
round_robin,6,101,11,15.412,24.728,1.0,1.0,80,0,0,80,193,192,192,0.011571,0.008474,0.02619,1,1,1,1940.1
round_robin,6,102,1,15.427,24.753,1.0,1.0,81,0,0,81,193,193,192,0.011716,0.008363,0.026202,1,1,1,1940.1
round_robin,6,103,11,15.427,24.753,1.0,1.0,81,0,0,81,197,196,196,0.011716,0.008363,0.026202,1,1,1,1940.1
round_robin,6,104,1,15.693,24.819,1.0,1.0,83,0,0,83,197,197,196,0.011479,0.0093,0.026301,1,1,1,1940.1
round_robin,6,105,11,15.591,25.395,1.0,1.0,85,0,0,85,201,200,200,0.011391,0.008432,0.026951,1,1,1,1940.1
round_robin,6,106,1,15.359,24.597,1.0,1.0,81,0,0,81,201,201,200,0.011559,0.008471,0.026046,1,1,1,1940.1
round_robin,6,107,11,15.267,24.403,1.0,1.0,83,0,0,83,205,204,204,0.011469,0.008492,0.02584,1,1,1,1940.1
round_robin,6,108,1,15.465,24.922,1.0,1.0,84,0,0,84,205,205,204,0.01158,0.008412,0.026404,1,1,1,1940.1
round_robin,6,109,11,15.463,24.921,1.0,1.0,84,0,0,84,209,208,208,0.011574,0.008412,0.026404,1,1,1,1940.1
round_robin,6,110,1,15.358,24.626,1.0,1.0,80,0,0,80,209,209,208,0.011574,0.008424,0.026076,1,1,1,1940.1
round_robin,6,111,11,15.263,24.415,1.0,1.0,81,0,0,81,213,212,212,0.011469,0.008466,0.025854,1,1,1,1940.1
round_robin,6,112,1,15.447,24.893,1.0,1.0,83,0,0,83,213,213,212,0.011485,0.008473,0.026383,1,1,1,1940.1
round_robin,6,113,11,15.397,24.697,1.0,1.0,80,0,0,80,217,216,216,0.011547,0.008485,0.026158,1,1,1,1940.1
round_robin,6,114,1,15.623,25.17,1.0,1.0,81,0,0,81,217,217,216,0.011524,0.008658,0.026686,1,1,1,1940.1
round_robin,6,115,11,15.625,25.17,1.0,1.0,81,0,0,81,221,220,220,0.01153,0.008658,0.026686,1,1,1,1940.1
round_robin,6,116,1,15.321,24.564,1.0,1.0,83,0,0,83,221,221,220,0.01153,0.008422,0.026012,1,1,1,1940.1
round_robin,6,117,11,15.341,24.574,1.0,1.0,84,0,0,84,225,224,224,0.011556,0.008446,0.02602,1,1,1,1940.1
round_robin,6,118,1,15.366,24.632,1.0,1.0,80,0,0,80,225,225,224,0.011539,0.008472,0.026087,1,1,1,1940.1
round_robin,6,119,11,15.313,24.554,1.0,1.0,81,0,0,81,229,228,228,0.011514,0.008423,0.026003,1,1,1,1940.1
round_robin,7,0,0,15.355,24.672,1.0,1.0,0,0,0,0,0,0,0,0.011559,0.008376,0.026129,1,1,1,2032.5
round_robin,7,1,1,15.404,24.685,0.3333,0.3333,78,0,0,78,1,0,0,0.01157,0.0085,0.026142,1,1,1,2032.5
round_robin,7,2,1,15.348,24.482,0.6667,0.6667,79,0,0,79,1,1,0,0.011663,0.008474,0.025906,1,1,1,2032.5
round_robin,7,3,11,15.362,24.621,0.9883,0.9883,81,0,0,81,5,4,4,0.011558,0.008457,0.026072,1,1,1,2032.5
round_robin,7,4,1,15.664,25.466,0.9899,0.9899,76,0,0,76,5,5,4,0.011599,0.008387,0.027007,1,1,1,2032.5
round_robin,7,5,11,15.387,24.673,0.9968,0.9968,78,0,0,78,9,8,8,0.011551,0.008478,0.026131,1,1,1,2032.5
round_robin,7,6,1,15.387,24.673,0.9971,0.9971,78,0,0,78,9,9,8,0.011551,0.008478,0.026131,1,1,1,2032.5
round_robin,7,7,11,15.266,24.375,0.9985,0.9985,79,0,0,79,13,12,12,0.011553,0.008444,0.0258,1,1,1,2032.5
round_robin,7,8,1,15.465,24.881,0.9986,0.9986,81,0,0,81,13,13,12,0.011565,0.00847,0.026361,1,1,1,2032.5
round_robin,7,9,11,15.681,24.723,0.9992,0.9992,78,0,0,78,17,16,16,0.011583,0.009278,0.026183,1,1,1,2032.5
round_robin,7,10,1,15.327,24.547,0.9992,0.9992,79,0,0,79,17,17,16,0.011548,0.008441,0.025991,1,1,1,2032.5
round_robin,7,11,11,15.36,24.634,0.9995,0.9995,81,0,0,81,21,20,20,0.011538,0.008453,0.026089,1,1,1,2032.5
round_robin,7,12,1,15.36,24.634,0.9995,0.9995,81,0,0,81,21,21,20,0.011538,0.008453,0.026089,1,1,1,2032.5
round_robin,7,13,11,15.339,24.591,0.9996,0.9996,76,0,0,76,25,24,24,0.011485,0.008486,0.026047,1,1,1,2032.5
round_robin,7,14,1,15.4,24.681,0.9996,0.9996,78,0,0,78,25,25,24,0.011564,0.008496,0.026139,1,1,1,2032.5
round_robin,7,15,11,15.36,24.652,0.9997,0.9997,79,0,0,79,29,28,28,0.011559,0.008414,0.026107,1,1,1,2032.5
round_robin,7,16,1,15.208,24.262,0.9997,0.9997,76,0,0,76,29,29,28,0.01155,0.008399,0.025675,1,1,1,2032.5
round_robin,7,17,11,15.333,24.639,0.9998,0.9998,78,0,0,78,33,32,32,0.011475,0.008423,0.026102,1,1,1,2032.5
round_robin,7,18,1,15.323,24.636,0.9998,0.9998,78,0,0,78,33,33,32,0.011443,0.008423,0.026102,1,1,1,2032.5
round_robin,7,19,11,15.417,24.139,0.9998,0.9998,79,0,0,79,37,36,36,0.011443,0.009258,0.02555,1,1,1,2032.5
round_robin,7,20,1,15.359,24.675,0.9998,0.9998,81,0,0,81,37,37,36,0.011526,0.008416,0.026136,1,1,1,2032.5
round_robin,7,21,11,15.275,24.22,0.9999,0.9999,77,0,0,77,41,40,40,0.011762,0.008458,0.025604,1,1,1,2032.5
round_robin,7,22,1,15.383,24.687,0.9999,0.9999,79,0,0,79,41,41,40,0.011562,0.008442,0.026145,1,1,1,2032.5
round_robin,7,23,11,15.358,24.659,0.9999,0.9999,80,0,0,80,45,44,44,0.011517,0.008437,0.026119,1,1,1,2032.5
round_robin,7,24,0,15.388,24.665,0.9999,0.9999,80,0,0,80,45,44,44,0.011575,0.008469,0.026119,1,1,1,2032.5
round_robin,7,25,1,15.396,24.687,0.9999,0.9999,77,0,0,77,45,45,44,0.011575,0.008469,0.026144,1,1,1,2032.5
round_robin,7,26,11,15.724,25.603,0.9999,0.9999,79,0,0,79,49,48,48,0.011556,0.008452,0.027164,1,1,1,2032.5
round_robin,7,27,1,15.373,24.498,0.9999,0.9999,80,0,0,80,49,49,48,0.011693,0.008504,0.025921,1,1,1,2032.5
round_robin,7,28,11,15.459,24.29,0.9999,0.9999,82,0,0,82,53,52,52,0.011405,0.009249,0.025722,1,1,1,2032.5
round_robin,7,29,1,15.3,24.434,0.9999,0.9999,78,0,0,78,53,53,52,0.011585,0.008453,0.025862,1,1,1,2032.5
round_robin,7,30,11,15.3,24.43,0.9999,0.9999,78,0,0,78,57,56,56,0.01154,0.008498,0.025862,1,1,1,2032.5
round_robin,7,31,1,15.287,24.394,0.9999,0.9999,80,0,0,80,57,57,56,0.01154,0.008498,0.025822,1,1,1,2032.5
round_robin,7,32,11,15.651,24.681,0.9999,0.9999,81,0,0,81,61,60,60,0.011596,0.009223,0.026135,1,1,1,2032.5
round_robin,7,33,1,15.239,24.26,0.9999,0.9999,77,0,0,77,61,61,60,0.011592,0.008456,0.025668,1,1,1,2032.5
round_robin,7,34,11,15.535,24.768,0.9999,0.9999,79,0,0,79,65,64,64,0.011931,0.008481,0.026194,1,1,1,2032.5
round_robin,7,35,1,15.359,24.567,0.9999,0.9999,80,0,0,80,65,65,64,0.011582,0.008486,0.02601,1,1,1,2032.5
round_robin,7,36,11,15.294,24.558,1.0,1.0,80,0,0,80,69,68,68,0.011489,0.008382,0.02601,1,1,1,2032.5
round_robin,7,37,1,15.455,24.994,1.0,1.0,82,0,0,82,69,69,68,0.011489,0.008382,0.026495,1,1,1,2032.5
round_robin,7,38,11,15.687,25.49,1.0,1.0,78,0,0,78,73,72,72,0.011527,0.008494,0.027041,1,1,1,2032.5
round_robin,7,39,1,15.659,24.746,1.0,1.0,80,0,0,80,73,73,72,0.011596,0.009173,0.026207,1,1,1,2032.5
round_robin,7,40,11,15.477,24.262,1.0,1.0,81,0,0,81,77,76,76,0.011534,0.009222,0.025676,1,1,1,2032.5
round_robin,7,41,1,15.332,24.647,1.0,1.0,77,0,0,77,77,77,76,0.011538,0.008353,0.026104,1,1,1,2032.5
round_robin,7,42,11,15.415,24.599,1.0,1.0,79,0,0,79,81,80,80,0.011582,0.008617,0.026045,1,1,1,2032.5
round_robin,7,43,1,15.415,24.599,1.0,1.0,79,0,0,79,81,81,80,0.011582,0.008617,0.026045,1,1,1,2032.5
round_robin,7,44,11,15.309,24.479,1.0,1.0,80,0,0,80,85,84,84,0.011569,0.008445,0.025913,1,1,1,2032.5
round_robin,7,45,1,15.641,24.412,1.0,1.0,77,0,0,77,85,85,84,0.01175,0.009355,0.025819,1,1,1,2032.5
round_robin,7,46,11,15.339,24.502,1.0,1.0,78,0,0,78,89,88,88,0.011595,0.008485,0.025936,1,1,1,2032.5
round_robin,7,47,0,15.357,24.627,1.0,1.0,80,0,0,80,89,88,88,0.011563,0.00843,0.026079,1,1,1,2032.5
round_robin,7,48,1,15.251,24.323,1.0,1.0,81,0,0,81,89,89,88,0.01155,0.008462,0.025742,1,1,1,2032.5
round_robin,7,49,11,15.256,24.324,1.0,1.0,81,0,0,81,93,92,92,0.011564,0.008462,0.025742,1,1,1,2032.5
round_robin,7,50,1,15.363,24.646,1.0,1.0,77,0,0,77,93,93,92,0.011564,0.008426,0.026099,1,1,1,2032.5
round_robin,7,51,11,15.282,24.469,1.0,1.0,79,0,0,79,97,96,96,0.011534,0.008406,0.025906,1,1,1,2032.5
round_robin,7,52,1,15.233,24.268,1.0,1.0,80,0,0,80,97,97,96,0.011591,0.008431,0.025677,1,1,1,2032.5
round_robin,7,53,11,15.342,24.596,1.0,1.0,77,0,0,77,101,100,100,0.011526,0.008452,0.026048,1,1,1,2032.5
round_robin,7,54,1,15.491,24.739,1.0,1.0,78,0,0,78,101,101,100,0.011861,0.008442,0.02617,1,1,1,2032.5
round_robin,7,55,11,15.51,24.745,1.0,1.0,78,0,0,78,105,104,104,0.011918,0.008442,0.02617,1,1,1,2032.5
round_robin,7,56,1,15.307,24.221,1.0,1.0,80,0,0,80,105,105,104,0.011918,0.008415,0.025588,1,1,1,2032.5
round_robin,7,57,11,15.311,24.247,1.0,1.0,81,0,0,81,109,108,108,0.01184,0.008467,0.025626,1,1,1,2032.5
round_robin,7,58,1,15.568,24.369,1.0,1.0,79,0,0,79,109,109,108,0.011513,0.009394,0.025798,1,1,1,2032.5
round_robin,7,59,11,15.343,24.632,1.0,1.0,81,0,0,81,113,112,112,0.011552,0.008393,0.026085,1,1,1,2032.5
round_robin,7,60,1,15.32,24.561,1.0,1.0,82,0,0,82,113,113,112,0.0115,0.008447,0.026012,1,1,1,2032.5
round_robin,7,61,11,15.338,24.564,1.0,1.0,82,0,0,82,117,116,116,0.011532,0.00847,0.026012,1,1,1,2032.5
round_robin,7,62,1,15.343,24.577,1.0,1.0,80,0,0,80,117,117,116,0.011532,0.00847,0.026026,1,1,1,2032.5
round_robin,7,63,11,15.461,24.805,1.0,1.0,81,0,0,81,121,120,120,0.011566,0.00854,0.026276,1,1,1,2032.5
round_robin,7,64,1,15.368,24.649,1.0,1.0,83,0,0,83,121,121,120,0.011577,0.008425,0.026102,1,1,1,2032.5
round_robin,7,65,11,15.297,24.407,1.0,1.0,84,0,0,84,125,124,124,0.011607,0.008454,0.025829,1,1,1,2032.5
round_robin,7,66,1,15.809,24.799,1.0,1.0,81,0,0,81,125,125,124,0.01187,0.009322,0.026236,1,1,1,2032.5
round_robin,7,67,11,15.412,24.768,1.0,1.0,81,0,0,81,129,128,128,0.011561,0.00844,0.026236,1,1,1,2032.5
round_robin,7,68,1,15.187,24.16,1.0,1.0,83,0,0,83,129,129,128,0.011561,0.00844,0.02556,1,1,1,2032.5
round_robin,7,69,11,15.621,25.042,1.0,1.0,84,0,0,84,133,132,132,0.011891,0.00847,0.026503,1,1,1,2032.5
round_robin,7,70,1,15.773,24.995,1.0,1.0,80,0,0,80,133,133,132,0.012479,0.008454,0.026386,1,1,1,2032.5
round_robin,7,71,1,15.284,24.474,1.0,1.0,81,0,0,81,133,133,133,0.011558,0.008386,0.025909,1,1,1,2032.5
round_robin,7,72,10,15.443,24.928,1.0,1.0,83,0,0,83,137,136,136,0.011548,0.008366,0.026415,1,1,1,2032.5
round_robin,7,73,1,15.316,24.501,1.0,1.0,79,0,0,79,137,137,136,0.011559,0.00845,0.025939,1,1,1,2032.5
round_robin,7,74,11,15.316,24.501,1.0,1.0,79,0,0,79,141,140,140,0.011559,0.00845,0.025939,1,1,1,2032.5
round_robin,7,75,1,15.314,24.484,1.0,1.0,81,0,0,81,141,141,140,0.011561,0.00846,0.02592,1,1,1,2032.5
round_robin,7,76,11,15.686,24.665,1.0,1.0,83,0,0,83,145,144,144,0.011574,0.009364,0.02612,1,1,1,2032.5
round_robin,7,77,1,15.462,24.663,1.0,1.0,84,0,0,84,145,145,144,0.011681,0.008601,0.026105,1,1,1,2032.5
round_robin,7,78,11,15.78,24.999,1.0,1.0,80,0,0,80,149,148,148,0.011558,0.009289,0.026492,1,1,1,2032.5
round_robin,7,79,1,15.383,24.729,1.0,1.0,81,0,0,81,149,149,148,0.011535,0.00842,0.026195,1,1,1,2032.5
round_robin,7,80,11,15.383,24.729,1.0,1.0,81,0,0,81,153,152,152,0.011535,0.00842,0.026195,1,1,1,2032.5
round_robin,7,81,1,15.357,24.621,1.0,1.0,83,0,0,83,153,153,152,0.011545,0.008453,0.026074,1,1,1,2032.5
round_robin,7,82,11,15.459,24.882,1.0,1.0,79,0,0,79,157,156,156,0.011512,0.008498,0.026367,1,1,1,2032.5
round_robin,7,83,1,15.356,24.649,1.0,1.0,81,0,0,81,157,157,156,0.011515,0.008444,0.026108,1,1,1,2032.5
round_robin,7,84,11,15.45,24.968,1.0,1.0,83,0,0,83,161,160,160,0.011482,0.008402,0.026467,1,1,1,2032.5
round_robin,7,85,1,15.341,24.54,1.0,1.0,84,0,0,84,161,161,160,0.011588,0.008457,0.025979,1,1,1,2032.5
round_robin,7,86,11,15.31,24.531,1.0,1.0,84,0,0,84,165,164,164,0.011495,0.008457,0.025979,1,1,1,2032.5
round_robin,7,87,1,15.217,24.286,1.0,1.0,81,0,0,81,165,165,164,0.011495,0.008449,0.025707,1,1,1,2032.5
round_robin,7,88,11,15.852,24.922,1.0,1.0,82,0,0,82,169,168,168,0.011701,0.009464,0.026391,1,1,1,2032.5
round_robin,7,89,1,15.36,24.649,1.0,1.0,84,0,0,84,169,169,168,0.011534,0.008439,0.026106,1,1,1,2032.5
round_robin,7,90,11,15.391,24.652,1.0,1.0,79,0,0,79,173,172,172,0.011585,0.008485,0.026104,1,1,1,2032.5
round_robin,7,91,1,15.624,24.724,1.0,1.0,81,0,0,81,173,173,172,0.012388,0.008389,0.026095,1,1,1,2032.5
round_robin,7,92,0,15.341,24.639,1.0,1.0,81,0,0,81,173,173,172,0.011538,0.008389,0.026095,1,1,1,2032.5
round_robin,7,93,11,15.36,24.633,1.0,1.0,82,0,0,82,177,176,176,0.011538,0.008455,0.026088,1,1,1,2032.5
round_robin,7,94,1,15.451,24.869,1.0,1.0,84,0,0,84,177,177,176,0.011562,0.008444,0.026348,1,1,1,2032.5
round_robin,7,95,1,15.342,24.564,1.0,1.0,80,0,0,80,177,177,177,0.011559,0.008457,0.026009,1,1,1,2032.5
round_robin,7,96,10,15.363,24.599,1.0,1.0,82,0,0,82,181,180,180,0.011554,0.008487,0.026049,1,1,1,2032.5
round_robin,7,97,1,15.292,24.445,1.0,1.0,83,0,0,83,181,181,180,0.011534,0.008461,0.02588,1,1,1,2032.5
round_robin,7,98,11,15.297,24.447,1.0,1.0,83,0,0,83,185,184,184,0.011545,0.008467,0.02588,1,1,1,2032.5
round_robin,7,99,1,15.754,25.68,1.0,1.0,80,0,0,80,185,185,184,0.011545,0.008467,0.027251,1,1,1,2032.5
round_robin,7,100,11,15.237,24.367,1.0,1.0,82,0,0,82,189,188,188,0.011568,0.008355,0.025789,1,1,1,2032.5
round_robin,7,101,1,15.399,24.696,1.0,1.0,83,0,0,83,189,189,188,0.011534,0.008504,0.026158,1,1,1,2032.5
round_robin,7,102,11,15.359,24.684,1.0,1.0,80,0,0,80,193,192,192,0.011544,0.00839,0.026144,1,1,1,2032.5
round_robin,7,103,1,15.349,24.472,1.0,1.0,81,0,0,81,193,193,192,0.011616,0.008531,0.0259,1,1,1,2032.5
round_robin,7,104,11,15.322,24.468,1.0,1.0,81,0,0,81,197,196,196,0.011581,0.008486,0.0259,1,1,1,2032.5
round_robin,7,105,1,15.288,24.376,1.0,1.0,83,0,0,83,197,197,196,0.011581,0.008486,0.025798,1,1,1,2032.5
round_robin,7,106,11,15.363,24.653,1.0,1.0,84,0,0,84,201,200,200,0.011551,0.00843,0.026109,1,1,1,2032.5
round_robin,7,107,1,15.704,24.799,1.0,1.0,80,0,0,80,201,201,200,0.012502,0.008445,0.026165,1,1,1,2032.5
round_robin,7,108,11,15.673,25.527,1.0,1.0,82,0,0,82,205,204,204,0.01161,0.008335,0.027073,1,1,1,2032.5
round_robin,7,109,1,15.783,25.073,1.0,1.0,83,0,0,83,205,205,204,0.012456,0.008418,0.026475,1,1,1,2032.5
round_robin,7,110,11,15.555,24.281,1.0,1.0,80,0,0,80,209,208,208,0.011856,0.009148,0.025662,1,1,1,2032.5
round_robin,7,111,1,15.555,24.281,1.0,1.0,80,0,0,80,209,209,208,0.011856,0.009148,0.025662,1,1,1,2032.5
round_robin,7,112,11,15.349,24.69,1.0,1.0,81,0,0,81,213,212,212,0.011519,0.008375,0.026153,1,1,1,2032.5
round_robin,7,113,1,15.354,24.582,1.0,1.0,83,0,0,83,213,213,212,0.011577,0.008458,0.026027,1,1,1,2032.5
round_robin,7,114,11,15.268,24.376,1.0,1.0,84,0,0,84,217,216,216,0.011534,0.008468,0.025803,1,1,1,2032.5
round_robin,7,115,1,15.306,24.21,1.0,1.0,80,0,0,80,217,217,216,0.011875,0.008463,0.025581,1,1,1,2032.5
round_robin,7,116,11,15.306,24.585,1.0,1.0,82,0,0,82,221,220,220,0.011454,0.008421,0.026044,1,1,1,2032.5
round_robin,7,117,1,15.306,24.585,1.0,1.0,82,0,0,82,221,221,220,0.011454,0.008421,0.026044,1,1,1,2032.5
round_robin,7,118,11,15.301,24.568,1.0,1.0,83,0,0,83,225,224,224,0.011499,0.008383,0.02602,1,1,1,2032.5
round_robin,7,119,1,15.9,25.054,1.0,1.0,80,0,0,80,225,225,224,0.012279,0.008947,0.026473,1,1,1,2032.5
round_robin,8,0,0,15.395,24.663,1.0,1.0,0,0,0,0,0,0,0,0.011591,0.008479,0.026116,1,1,1,1985.3
round_robin,8,1,1,15.311,24.572,0.3333,0.3333,81,0,0,81,1,0,0,0.011521,0.00839,0.026022,1,1,1,1985.3
round_robin,8,2,1,15.284,24.564,0.6667,0.6667,81,0,0,81,1,1,0,0.011447,0.008384,0.026022,1,1,1,1985.3
round_robin,8,3,11,15.263,24.508,0.9883,0.9883,76,0,0,76,5,4,4,0.011447,0.008384,0.025959,1,1,1,1985.3
round_robin,8,4,1,15.573,25.022,0.9899,0.9899,78,0,0,78,5,5,4,0.011815,0.008415,0.026489,1,1,1,1985.3
round_robin,8,5,11,15.298,24.418,0.9968,0.9968,80,0,0,80,9,8,8,0.01159,0.00846,0.025843,1,1,1,1985.3
round_robin,8,6,1,15.375,24.667,0.9971,0.9971,76,0,0,76,9,9,8,0.011558,0.008443,0.026124,1,1,1,1985.3
round_robin,8,7,11,15.409,24.743,0.9985,0.9985,78,0,0,78,13,12,12,0.011556,0.008463,0.026208,1,1,1,1985.3
round_robin,8,8,1,15.408,24.739,0.9986,0.9986,78,0,0,78,13,13,12,0.011518,0.008497,0.026208,1,1,1,1985.3
round_robin,8,9,11,15.351,24.585,0.9992,0.9992,79,0,0,79,17,16,16,0.011518,0.008497,0.026037,1,1,1,1985.3
round_robin,8,10,1,15.357,24.633,0.9992,0.9992,81,0,0,81,17,17,16,0.011534,0.008448,0.026089,1,1,1,1985.3
round_robin,8,11,11,15.496,25.019,0.9995,0.9995,76,0,0,76,21,20,20,0.011583,0.008392,0.026512,1,1,1,1985.3
round_robin,8,12,1,15.297,24.393,0.9995,0.9995,78,0,0,78,21,21,20,0.011635,0.008445,0.025811,1,1,1,1985.3
round_robin,8,13,11,15.678,25.302,0.9996,0.9996,80,0,0,80,25,24,24,0.011808,0.008425,0.026801,1,1,1,1985.3
round_robin,8,14,1,15.511,24.524,0.9996,0.9996,76,0,0,76,25,25,24,0.011793,0.008801,0.025939,1,1,1,1985.3
round_robin,8,15,11,15.511,24.524,0.9997,0.9997,76,0,0,76,29,28,28,0.011793,0.008801,0.025939,1,1,1,1985.3
round_robin,8,16,1,15.388,24.668,0.9997,0.9997,78,0,0,78,29,29,28,0.011564,0.008475,0.026124,1,1,1,1985.3
round_robin,8,17,11,15.418,24.838,0.9998,0.9998,79,0,0,79,33,32,32,0.011566,0.008376,0.026313,1,1,1,1985.3
round_robin,8,18,1,15.218,24.296,0.9998,0.9998,81,0,0,81,33,33,32,0.011497,0.00844,0.025718,1,1,1,1985.3
round_robin,8,19,11,15.217,23.967,0.9998,0.9998,78,0,0,78,37,36,36,0.011572,0.008735,0.025344,1,1,1,1985.3
round_robin,8,20,1,15.452,24.9,0.9998,0.9998,78,0,0,78,37,37,36,0.011544,0.008429,0.026384,1,1,1,1985.3
round_robin,8,21,11,15.452,24.9,0.9999,0.9999,78,0,0,78,41,40,40,0.011544,0.008429,0.026384,1,1,1,1985.3
round_robin,8,22,1,15.391,24.683,0.9999,0.9999,80,0,0,80,41,41,40,0.011599,0.008436,0.026137,1,1,1,1985.3
round_robin,8,23,11,15.41,24.795,0.9999,0.9999,76,0,0,76,45,44,44,0.011507,0.008452,0.026271,1,1,1,1985.3
round_robin,8,24,1,15.339,24.626,0.9999,0.9999,78,0,0,78,45,45,44,0.011567,0.008372,0.026077,1,1,1,1985.3
round_robin,8,25,11,15.366,24.659,0.9999,0.9999,79,0,0,79,49,48,48,0.011564,0.008421,0.026114,1,1,1,1985.3
round_robin,8,26,0,15.499,24.918,0.9999,0.9999,81,0,0,81,49,48,48,0.011586,0.008512,0.026399,1,1,1,1985.3
round_robin,8,27,1,15.494,24.916,0.9999,0.9999,81,0,0,81,49,49,48,0.011572,0.008512,0.026399,1,1,1,1985.3
round_robin,8,28,11,15.165,24.11,0.9999,0.9999,81,0,0,81,53,52,52,0.011572,0.008419,0.025503,1,1,1,1985.3
round_robin,8,29,1,15.441,24.945,0.9999,0.9999,79,0,0,79,53,53,52,0.011456,0.008422,0.026444,1,1,1,1985.3
round_robin,8,30,11,15.394,24.732,0.9999,0.9999,81,0,0,81,57,56,56,0.011594,0.008397,0.026192,1,1,1,1985.3
round_robin,8,31,1,15.56,25.1,0.9999,0.9999,77,0,0,77,57,57,56,0.011587,0.008491,0.026601,1,1,1,1985.3
round_robin,8,32,11,15.224,24.31,0.9999,0.9999,79,0,0,79,61,60,60,0.01154,0.008403,0.025729,1,1,1,1985.3
round_robin,8,33,1,15.232,24.312,0.9999,0.9999,79,0,0,79,61,61,60,0.011563,0.008403,0.025729,1,1,1,1985.3
round_robin,8,34,11,15.592,24.671,0.9999,0.9999,80,0,0,80,65,64,64,0.011563,0.009086,0.026127,1,1,1,1985.3
round_robin,8,35,1,15.508,25.049,0.9999,0.9999,77,0,0,77,65,65,64,0.011545,0.008431,0.026549,1,1,1,1985.3
round_robin,8,36,11,15.419,24.842,1.0,1.0,79,0,0,79,69,68,68,0.011574,0.008367,0.026316,1,1,1,1985.3
round_robin,8,37,1,15.626,25.128,1.0,1.0,80,0,0,80,69,69,68,0.01182,0.008451,0.026607,1,1,1,1985.3
round_robin,8,38,11,15.396,24.701,1.0,1.0,82,0,0,82,73,72,72,0.011551,0.008476,0.026162,1,1,1,1985.3
round_robin,8,39,1,15.358,24.696,1.0,1.0,82,0,0,82,73,73,72,0.011503,0.008408,0.026162,1,1,1,1985.3
round_robin,8,40,11,15.35,24.676,1.0,1.0,77,0,0,77,77,76,76,0.011503,0.008408,0.02614,1,1,1,1985.3
round_robin,8,41,1,15.94,25.582,1.0,1.0,79,0,0,79,77,77,76,0.012335,0.008431,0.027054,1,1,1,1985.3
round_robin,8,42,11,15.368,24.637,1.0,1.0,80,0,0,80,81,80,80,0.011578,0.008437,0.026088,1,1,1,1985.3
round_robin,8,43,1,15.945,25.615,1.0,1.0,77,0,0,77,81,81,80,0.012377,0.008373,0.027086,1,1,1,1985.3
round_robin,8,44,11,15.261,24.415,1.0,1.0,82,0,0,82,85,84,84,0.011585,0.008359,0.02584,1,1,1,1985.3
round_robin,8,45,1,15.272,24.407,1.0,1.0,82,0,0,82,85,85,84,0.011515,0.008462,0.02584,1,1,1,1985.3
round_robin,8,46,11,15.354,24.627,1.0,1.0,80,0,0,80,89,88,88,0.011515,0.008462,0.026084,1,1,1,1985.3
round_robin,8,47,1,15.344,24.616,1.0,1.0,82,0,0,82,89,89,88,0.011544,0.008418,0.026069,1,1,1,1985.3
round_robin,8,48,11,15.374,24.68,1.0,1.0,77,0,0,77,93,92,92,0.011573,0.008412,0.026136,1,1,1,1985.3
round_robin,8,49,1,15.403,24.633,1.0,1.0,79,0,0,79,93,93,92,0.011679,0.008459,0.026072,1,1,1,1985.3
round_robin,8,50,0,15.514,24.965,1.0,1.0,80,0,0,80,93,93,92,0.011575,0.008514,0.026453,1,1,1,1985.3
round_robin,8,51,11,15.334,24.608,1.0,1.0,77,0,0,77,97,96,96,0.011506,0.008432,0.026064,1,1,1,1985.3
round_robin,8,52,1,15.334,24.608,1.0,1.0,77,0,0,77,97,97,96,0.011506,0.008432,0.026064,1,1,1,1985.3
round_robin,8,53,11,15.679,25.619,1.0,1.0,79,0,0,79,101,100,100,0.011533,0.008319,0.027184,1,1,1,1985.3
round_robin,8,54,1,15.661,25.342,1.0,1.0,80,0,0,80,101,101,100,0.011766,0.008366,0.026851,1,1,1,1985.3
round_robin,8,55,11,15.588,25.188,1.0,1.0,77,0,0,77,105,104,104,0.011515,0.008541,0.026707,1,1,1,1985.3
round_robin,8,56,1,15.356,24.46,1.0,1.0,78,0,0,78,105,105,104,0.011543,0.008629,0.025895,1,1,1,1985.3
round_robin,8,57,11,15.282,24.461,1.0,1.0,78,0,0,78,109,108,108,0.011559,0.008391,0.025895,1,1,1,1985.3
round_robin,8,58,1,15.218,24.29,1.0,1.0,80,0,0,80,109,109,108,0.011559,0.008391,0.025704,1,1,1,1985.3
round_robin,8,59,11,15.401,24.735,1.0,1.0,81,0,0,81,113,112,112,0.011567,0.008437,0.026198,1,1,1,1985.3
round_robin,8,60,1,15.303,24.44,1.0,1.0,79,0,0,79,113,113,112,0.011532,0.008503,0.025874,1,1,1,1985.3
round_robin,8,61,11,15.165,24.171,1.0,1.0,81,0,0,81,117,116,116,0.011529,0.008389,0.025576,1,1,1,1985.3
round_robin,8,62,1,15.251,24.318,1.0,1.0,82,0,0,82,117,117,116,0.011603,0.008418,0.025731,1,1,1,1985.3
round_robin,8,63,11,15.477,24.62,1.0,1.0,80,0,0,80,121,120,120,0.011655,0.008715,0.026061,1,1,1,1985.3
round_robin,8,64,1,15.477,24.62,1.0,1.0,80,0,0,80,121,121,120,0.011655,0.008715,0.026061,1,1,1,1985.3
round_robin,8,65,11,15.429,24.849,1.0,1.0,81,0,0,81,125,124,124,0.011542,0.008417,0.026328,1,1,1,1985.3
round_robin,8,66,1,15.458,24.897,1.0,1.0,83,0,0,83,125,125,124,0.011576,0.008422,0.026377,1,1,1,1985.3
round_robin,8,67,11,15.412,24.501,1.0,1.0,84,0,0,84,129,128,128,0.011515,0.008776,0.025944,1,1,1,1985.3
round_robin,8,68,1,15.34,24.581,1.0,1.0,80,0,0,80,129,129,128,0.011552,0.008438,0.026029,1,1,1,1985.3
round_robin,8,69,11,15.351,24.655,1.0,1.0,82,0,0,82,133,132,132,0.011529,0.008411,0.026113,1,1,1,1985.3
round_robin,8,70,1,15.453,24.685,1.0,1.0,82,0,0,82,133,133,132,0.011834,0.008411,0.026113,1,1,1,1985.3
round_robin,8,71,11,15.512,24.793,1.0,1.0,83,0,0,83,137,136,136,0.011834,0.00847,0.026233,1,1,1,1985.3
round_robin,8,72,1,15.576,24.704,1.0,1.0,80,0,0,80,137,137,136,0.012183,0.008451,0.026095,1,1,1,1985.3
round_robin,8,73,0,15.515,24.372,1.0,1.0,81,0,0,81,137,137,136,0.012442,0.008406,0.025698,1,1,1,1985.3
round_robin,8,74,11,15.349,24.479,1.0,1.0,83,0,0,83,141,140,140,0.011538,0.008593,0.025917,1,1,1,1985.3
round_robin,8,75,1,15.222,24.24,1.0,1.0,84,0,0,84,141,141,140,0.011597,0.008423,0.025645,1,1,1,1985.3
round_robin,8,76,11,15.206,24.236,1.0,1.0,84,0,0,84,145,144,144,0.011551,0.008423,0.025645,1,1,1,1985.3
round_robin,8,77,1,15.377,24.621,1.0,1.0,81,0,0,81,145,145,144,0.011551,0.008508,0.026073,1,1,1,1985.3
round_robin,8,78,11,15.117,24.022,1.0,1.0,83,0,0,83,149,148,148,0.011565,0.00838,0.025406,1,1,1,1985.3
round_robin,8,79,1,15.343,24.621,1.0,1.0,84,0,0,84,149,149,148,0.011512,0.008438,0.026078,1,1,1,1985.3
round_robin,8,80,11,15.342,24.607,1.0,1.0,80,0,0,80,153,152,152,0.011548,0.008419,0.026058,1,1,1,1985.3
round_robin,8,81,1,15.222,24.228,1.0,1.0,81,0,0,81,153,153,152,0.011586,0.008447,0.025633,1,1,1,1985.3
round_robin,8,82,11,15.22,24.23,1.0,1.0,81,0,0,81,157,156,156,0.011599,0.008428,0.025633,1,1,1,1985.3
round_robin,8,83,1,15.342,24.559,1.0,1.0,83,0,0,83,157,157,156,0.011599,0.008428,0.025999,1,1,1,1985.3
round_robin,8,84,11,15.739,24.795,1.0,1.0,80,0,0,80,161,160,160,0.012411,0.008635,0.026171,1,1,1,1985.3
round_robin,8,85,1,15.988,25.379,1.0,1.0,81,0,0,81,161,161,160,0.012466,0.008685,0.026814,1,1,1,1985.3
round_robin,8,86,11,15.445,24.831,1.0,1.0,83,0,0,83,165,164,164,0.01156,0.008468,0.026306,1,1,1,1985.3
round_robin,8,87,1,15.655,25.417,1.0,1.0,84,0,0,84,165,165,164,0.011534,0.008472,0.02696,1,1,1,1985.3
round_robin,8,88,11,15.616,25.411,1.0,1.0,84,0,0,84,169,168,168,0.011467,0.008422,0.02696,1,1,1,1985.3
round_robin,8,89,1,15.206,24.303,1.0,1.0,80,0,0,80,169,169,168,0.011467,0.008422,0.025729,1,1,1,1985.3
round_robin,8,90,11,15.323,24.535,1.0,1.0,81,0,0,81,173,172,172,0.011557,0.008434,0.025977,1,1,1,1985.3
round_robin,8,91,1,15.35,24.583,1.0,1.0,83,0,0,83,173,173,172,0.011562,0.008458,0.02603,1,1,1,1985.3
round_robin,8,92,11,15.503,24.739,1.0,1.0,79,0,0,79,177,176,176,0.011891,0.008451,0.026167,1,1,1,1985.3
round_robin,8,93,1,15.644,24.785,1.0,1.0,81,0,0,81,177,177,176,0.011592,0.00909,0.026251,1,1,1,1985.3
round_robin,8,94,11,15.365,24.773,1.0,1.0,81,0,0,81,181,180,180,0.011475,0.00837,0.026251,1,1,1,1985.3
round_robin,8,95,1,15.313,24.633,1.0,1.0,83,0,0,83,181,181,180,0.011475,0.00837,0.026095,1,1,1,1985.3
round_robin,8,96,11,15.337,24.585,1.0,1.0,84,0,0,84,185,184,184,0.011555,0.008422,0.026033,1,1,1,1985.3
round_robin,8,97,0,15.367,24.683,1.0,1.0,80,0,0,80,185,184,184,0.011554,0.008406,0.026142,1,1,1,1985.3
round_robin,8,98,1,15.424,24.534,1.0,1.0,81,0,0,81,185,185,184,0.011862,0.008467,0.025942,1,1,1,1985.3
round_robin,8,99,11,15.318,24.493,1.0,1.0,83,0,0,83,189,188,188,0.011582,0.008445,0.025928,1,1,1,1985.3
round_robin,8,100,1,15.387,24.66,1.0,1.0,79,0,0,79,189,189,188,0.011556,0.008488,0.026116,1,1,1,1985.3
round_robin,8,101,11,15.387,24.66,1.0,1.0,79,0,0,79,193,192,192,0.011556,0.008488,0.026116,1,1,1,1985.3
round_robin,8,102,1,15.361,24.641,1.0,1.0,81,0,0,81,193,193,192,0.011567,0.008421,0.026094,1,1,1,1985.3
round_robin,8,103,11,15.694,25.514,1.0,1.0,83,0,0,83,197,196,196,0.011551,0.008466,0.027065,1,1,1,1985.3
round_robin,8,104,1,15.392,24.672,1.0,1.0,84,0,0,84,197,197,196,0.011594,0.008457,0.026125,1,1,1,1985.3
round_robin,8,105,11,15.332,24.576,1.0,1.0,82,0,0,82,201,200,200,0.011547,0.008424,0.026024,1,1,1,1985.3
round_robin,8,106,1,15.464,24.972,1.0,1.0,83,0,0,83,201,201,200,0.011569,0.008362,0.026461,1,1,1,1985.3
round_robin,8,107,11,15.464,24.972,1.0,1.0,83,0,0,83,205,204,204,0.011569,0.008362,0.026461,1,1,1,1985.3
round_robin,8,108,1,15.531,25.055,1.0,1.0,85,0,0,85,205,205,204,0.011534,0.008501,0.026557,1,1,1,1985.3
round_robin,8,109,11,15.359,24.602,1.0,1.0,80,0,0,80,209,208,208,0.011566,0.008462,0.02605,1,1,1,1985.3
round_robin,8,110,1,15.39,24.81,1.0,1.0,82,0,0,82,209,209,208,0.011468,0.00841,0.026293,1,1,1,1985.3
round_robin,8,111,11,15.251,24.565,1.0,1.0,84,0,0,84,213,212,212,0.011298,0.008415,0.026039,1,1,1,1985.3
round_robin,8,112,1,15.426,24.601,1.0,1.0,80,0,0,80,213,213,212,0.011798,0.008456,0.026023,1,1,1,1985.3
round_robin,8,113,11,15.285,24.558,1.0,1.0,80,0,0,80,217,216,216,0.011375,0.008456,0.026023,1,1,1,1985.3
round_robin,8,114,1,15.297,24.628,1.0,1.0,82,0,0,82,217,217,216,0.011375,0.008415,0.0261,1,1,1,1985.3
round_robin,8,115,11,15.288,24.487,1.0,1.0,83,0,0,83,221,220,220,0.011548,0.008391,0.025925,1,1,1,1985.3
round_robin,8,116,1,15.347,24.649,1.0,1.0,85,0,0,85,221,221,220,0.011496,0.008434,0.02611,1,1,1,1985.3
round_robin,8,117,11,15.337,24.632,1.0,1.0,80,0,0,80,225,224,224,0.011521,0.008401,0.026089,1,1,1,1985.3
round_robin,8,118,1,15.297,24.555,1.0,1.0,82,0,0,82,225,225,224,0.011447,0.008434,0.026011,1,1,1,1985.3
round_robin,8,119,11,15.294,24.554,1.0,1.0,82,0,0,82,229,228,228,0.011438,0.008434,0.026011,1,1,1,1985.3
round_robin,9,0,0,15.415,24.948,1.0,1.0,0,0,0,0,0,0,0,0.011488,0.008313,0.026444,1,1,1,2042.8
round_robin,9,1,1,15.331,24.497,0.3333,0.3333,79,0,0,79,1,0,0,0.011539,0.008517,0.025937,1,1,1,2042.8
round_robin,9,2,1,15.347,24.637,0.6667,0.6667,80,0,0,80,1,1,0,0.011506,0.008439,0.026096,1,1,1,2042.8
round_robin,9,3,11,15.364,24.642,0.9883,0.9883,80,0,0,80,5,4,4,0.011554,0.008443,0.026096,1,1,1,2042.8
round_robin,9,4,1,15.589,25.247,0.9899,0.9899,77,0,0,77,5,5,4,0.011554,0.008443,0.026769,1,1,1,2042.8
round_robin,9,5,11,15.288,24.484,0.9968,0.9968,79,0,0,79,9,8,8,0.011532,0.008409,0.025923,1,1,1,2042.8
round_robin,9,6,1,15.876,25.726,0.9971,0.9971,80,0,0,80,9,9,8,0.011938,0.008431,0.027258,1,1,1,2042.8
round_robin,9,7,11,15.493,24.923,0.9985,0.9985,82,0,0,82,13,12,12,0.011567,0.008505,0.026407,1,1,1,2042.8
round_robin,9,8,1,15.706,24.791,0.9986,0.9986,78,0,0,78,13,13,12,0.011512,0.009338,0.026267,1,1,1,2042.8
round_robin,9,9,11,15.389,24.788,0.9992,0.9992,78,0,0,78,17,16,16,0.011473,0.008428,0.026267,1,1,1,2042.8
round_robin,9,10,1,15.339,24.651,0.9992,0.9992,80,0,0,80,17,17,16,0.011473,0.008428,0.026115,1,1,1,2042.8
round_robin,9,11,11,15.316,24.585,0.9995,0.9995,81,0,0,81,21,20,20,0.01153,0.008383,0.026036,1,1,1,2042.8
round_robin,9,12,1,15.785,25.211,0.9995,0.9995,77,0,0,77,21,21,20,0.012207,0.008493,0.026656,1,1,1,2042.8
round_robin,9,13,11,15.242,24.395,0.9996,0.9996,79,0,0,79,25,24,24,0.011476,0.008419,0.025831,1,1,1,2042.8
round_robin,9,14,1,15.344,24.63,0.9996,0.9996,80,0,0,80,25,25,24,0.011507,0.008436,0.026088,1,1,1,2042.8
round_robin,9,15,11,15.333,24.557,0.9997,0.9997,77,0,0,77,29,28,28,0.011549,0.008449,0.026002,1,1,1,2042.8
round_robin,9,16,1,15.333,24.557,0.9997,0.9997,77,0,0,77,29,29,28,0.011549,0.008449,0.026002,1,1,1,2042.8
round_robin,9,17,11,15.398,24.539,0.9998,0.9998,78,0,0,78,33,32,32,0.011786,0.008451,0.025956,1,1,1,2042.8
round_robin,9,18,1,15.556,25.185,0.9998,0.9998,80,0,0,80,33,33,32,0.011562,0.008408,0.026699,1,1,1,2042.8
round_robin,9,19,11,15.381,24.716,0.9998,0.9998,81,0,0,81,37,36,36,0.011533,0.00843,0.026181,1,1,1,2042.8
round_robin,9,20,1,15.567,24.734,0.9998,0.9998,77,0,0,77,37,37,36,0.012149,0.008419,0.026132,1,1,1,2042.8
round_robin,9,21,11,15.148,24.146,0.9999,0.9999,79,0,0,79,41,40,40,0.011515,0.00838,0.025549,1,1,1,2042.8
round_robin,9,22,1,15.148,24.146,0.9999,0.9999,79,0,0,79,41,41,40,0.011515,0.00838,0.025549,1,1,1,2042.8
round_robin,9,23,11,15.281,24.462,0.9999,0.9999,80,0,0,80,45,44,44,0.011521,0.008422,0.0259,1,1,1,2042.8
round_robin,9,24,1,15.623,24.554,0.9999,0.9999,77,0,0,77,45,45,44,0.011601,0.009276,0.025993,1,1,1,2042.8
round_robin,9,25,0,15.327,24.531,0.9999,0.9999,78,0,0,78,45,45,44,0.011567,0.008442,0.025971,1,1,1,2042.8
round_robin,9,26,11,15.283,24.491,0.9999,0.9999,80,0,0,80,49,48,48,0.011536,0.008384,0.02593,1,1,1,2042.8
round_robin,9,27,1,15.578,24.66,0.9999,0.9999,81,0,0,81,49,49,48,0.012074,0.008602,0.026058,1,1,1,2042.8
round_robin,9,28,11,15.399,24.606,0.9999,0.9999,81,0,0,81,53,52,52,0.011538,0.008602,0.026058,1,1,1,2042.8
round_robin,9,29,1,15.361,24.673,0.9999,0.9999,77,0,0,77,53,53,52,0.011538,0.008412,0.026133,1,1,1,2042.8
round_robin,9,30,11,15.325,24.583,0.9999,0.9999,79,0,0,79,57,56,56,0.011548,0.008397,0.026031,1,1,1,2042.8
round_robin,9,31,1,15.307,24.535,0.9999,0.9999,80,0,0,80,57,57,56,0.011525,0.008414,0.025981,1,1,1,2042.8
round_robin,9,32,11,15.306,24.651,0.9999,0.9999,77,0,0,77,61,60,60,0.011449,0.008352,0.026118,1,1,1,2042.8
round_robin,9,33,1,15.303,24.49,0.9999,0.9999,78,0,0,78,61,61,60,0.011567,0.008416,0.025926,1,1,1,2042.8
round_robin,9,34,11,15.368,24.509,0.9999,0.9999,78,0,0,78,65,64,64,0.011761,0.008416,0.025926,1,1,1,2042.8
round_robin,9,35,1,15.581,25.07,0.9999,0.9999,80,0,0,80,65,65,64,0.011761,0.008432,0.026549,1,1,1,2042.8
round_robin,9,36,11,15.59,24.445,1.0,1.0,81,0,0,81,69,68,68,0.011497,0.009388,0.025884,1,1,1,2042.8
round_robin,9,37,1,15.36,24.669,1.0,1.0,78,0,0,78,69,69,68,0.011525,0.008424,0.02613,1,1,1,2042.8
round_robin,9,38,11,15.773,25.55,1.0,1.0,80,0,0,80,73,72,72,0.011635,0.008589,0.027096,1,1,1,2042.8
round_robin,9,39,1,15.318,24.622,1.0,1.0,81,0,0,81,73,73,72,0.011526,0.008351,0.026077,1,1,1,2042.8
round_robin,9,40,11,15.332,24.618,1.0,1.0,81,0,0,81,77,76,76,0.011492,0.008426,0.026077,1,1,1,2042.8
round_robin,9,41,1,15.253,24.407,1.0,1.0,77,0,0,77,77,77,76,0.011492,0.008426,0.025842,1,1,1,2042.8
round_robin,9,42,11,15.308,24.624,1.0,1.0,78,0,0,78,81,80,80,0.011472,0.008366,0.026085,1,1,1,2042.8
round_robin,9,43,1,15.225,24.365,1.0,1.0,80,0,0,80,81,81,80,0.011477,0.008401,0.025797,1,1,1,2042.8
round_robin,9,44,11,15.148,24.138,1.0,1.0,76,0,0,76,85,84,84,0.011484,0.008417,0.025544,1,1,1,2042.8
round_robin,9,45,1,15.68,25.041,1.0,1.0,78,0,0,78,85,85,84,0.011805,0.008722,0.026512,1,1,1,2042.8
round_robin,9,46,11,15.51,25.012,1.0,1.0,78,0,0,78,89,88,88,0.011508,0.008511,0.026512,1,1,1,2042.8
round_robin,9,47,1,15.497,24.976,1.0,1.0,80,0,0,80,89,89,88,0.011508,0.008511,0.026472,1,1,1,2042.8
round_robin,9,48,11,15.646,24.737,1.0,1.0,81,0,0,81,93,92,92,0.011501,0.00923,0.026208,1,1,1,2042.8
round_robin,9,49,1,15.322,24.681,1.0,1.0,77,0,0,77,93,93,92,0.011452,0.008363,0.026151,1,1,1,2042.8
round_robin,9,50,0,15.357,24.644,1.0,1.0,78,0,0,78,93,93,92,0.011549,0.008424,0.026099,1,1,1,2042.8
round_robin,9,51,11,15.373,24.673,1.0,1.0,80,0,0,80,97,96,96,0.011511,0.008472,0.026135,1,1,1,2042.8
round_robin,9,52,1,15.389,24.676,1.0,1.0,80,0,0,80,97,97,96,0.011548,0.008484,0.026135,1,1,1,2042.8
round_robin,9,53,11,15.383,24.66,1.0,1.0,76,0,0,76,101,100,100,0.011548,0.008484,0.026117,1,1,1,2042.8
round_robin,9,54,1,15.363,24.639,1.0,1.0,78,0,0,78,101,101,100,0.011501,0.00849,0.026099,1,1,1,2042.8
round_robin,9,55,11,15.509,24.722,1.0,1.0,80,0,0,80,105,104,104,0.011876,0.008503,0.026149,1,1,1,2042.8
round_robin,9,56,1,15.365,24.674,1.0,1.0,81,0,0,81,105,105,104,0.011529,0.008431,0.026134,1,1,1,2042.8
round_robin,9,57,11,15.596,24.491,1.0,1.0,78,0,0,78,109,108,108,0.011516,0.009338,0.025933,1,1,1,2042.8
round_robin,9,58,1,15.348,24.667,1.0,1.0,79,0,0,79,109,109,108,0.011534,0.008385,0.026126,1,1,1,2042.8
round_robin,9,59,11,15.348,24.667,1.0,1.0,79,0,0,79,113,112,112,0.011534,0.008385,0.026126,1,1,1,2042.8
round_robin,9,60,1,15.389,24.711,1.0,1.0,81,0,0,81,113,113,112,0.011581,0.008417,0.02617,1,1,1,2042.8
round_robin,9,61,11,15.373,24.706,1.0,1.0,79,0,0,79,117,116,116,0.011513,0.008433,0.026172,1,1,1,2042.8
round_robin,9,62,1,15.683,25.25,1.0,1.0,81,0,0,81,117,117,116,0.011832,0.008476,0.026741,1,1,1,2042.8
round_robin,9,63,11,15.532,24.948,1.0,1.0,83,0,0,83,121,120,120,0.011729,0.008451,0.026417,1,1,1,2042.8
round_robin,9,64,1,15.492,24.724,1.0,1.0,84,0,0,84,121,121,120,0.011888,0.008439,0.02615,1,1,1,2042.8
round_robin,9,65,11,15.492,24.724,1.0,1.0,84,0,0,84,125,124,124,0.011888,0.008439,0.02615,1,1,1,2042.8
round_robin,9,66,1,15.589,24.433,1.0,1.0,82,0,0,82,125,125,124,0.011568,0.009335,0.025863,1,1,1,2042.8
round_robin,9,67,11,15.452,24.855,1.0,1.0,83,0,0,83,129,128,128,0.011574,0.008452,0.026331,1,1,1,2042.8
round_robin,9,68,1,15.642,24.689,1.0,1.0,85,0,0,85,129,129,128,0.01153,0.009245,0.026151,1,1,1,2042.8
round_robin,9,69,11,15.343,24.668,1.0,1.0,80,0,0,80,133,132,132,0.011479,0.008417,0.026134,1,1,1,2042.8
round_robin,9,70,1,15.314,24.567,1.0,1.0,82,0,0,82,133,133,132,0.011497,0.008426,0.026019,1,1,1,2042.8
round_robin,9,71,11,15.632,24.662,1.0,1.0,82,0,0,82,137,136,136,0.01245,0.008426,0.026019,1,1,1,2042.8
round_robin,9,72,1,15.883,25.385,1.0,1.0,84,0,0,84,137,137,136,0.01245,0.008376,0.026822,1,1,1,2042.8
round_robin,9,73,11,15.295,24.275,1.0,1.0,80,0,0,80,141,140,140,0.011747,0.008472,0.025667,1,1,1,2042.8
round_robin,9,74,1,15.291,24.395,1.0,1.0,82,0,0,82,141,141,140,0.011606,0.008452,0.025816,1,1,1,2042.8
round_robin,9,75,0,15.376,24.662,1.0,1.0,83,0,0,83,141,141,140,0.011559,0.008451,0.026118,1,1,1,2042.8
round_robin,9,76,11,15.493,24.399,1.0,1.0,85,0,0,85,145,144,144,0.012353,0.008388,0.025738,1,1,1,2042.8
round_robin,9,77,1,15.532,24.387,1.0,1.0,85,0,0,85,145,145,144,0.012225,0.008632,0.025738,1,1,1,2042.8
round_robin,9,78,11,15.775,25.043,1.0,1.0,80,0,0,80,149,148,148,0.012225,0.008632,0.026467,1,1,1,2042.8
round_robin,9,79,1,15.331,24.668,1.0,1.0,82,0,0,82,149,149,148,0.01158,0.008292,0.026122,1,1,1,2042.8
round_robin,9,80,11,15.362,24.677,1.0,1.0,84,0,0,84,153,152,152,0.011503,0.008441,0.026141,1,1,1,2042.8
round_robin,9,81,1,15.301,24.515,1.0,1.0,80,0,0,80,153,153,152,0.011563,0.008385,0.025954,1,1,1,2042.8
round_robin,9,82,11,15.377,24.705,1.0,1.0,82,0,0,82,157,156,156,0.011592,0.008378,0.026162,1,1,1,2042.8
round_robin,9,83,1,15.419,24.716,1.0,1.0,82,0,0,82,157,157,156,0.0117,0.008394,0.026162,1,1,1,2042.8
round_robin,9,84,11,15.351,24.533,1.0,1.0,83,0,0,83,161,160,160,0.0117,0.008394,0.025959,1,1,1,2042.8
round_robin,9,85,1,15.402,24.713,1.0,1.0,85,0,0,85,161,161,160,0.011583,0.008452,0.026172,1,1,1,2042.8
round_robin,9,86,11,15.307,24.57,1.0,1.0,80,0,0,80,165,164,164,0.011517,0.008385,0.02602,1,1,1,2042.8
round_robin,9,87,1,15.337,24.614,1.0,1.0,82,0,0,82,165,165,164,0.011564,0.008382,0.026064,1,1,1,2042.8
round_robin,9,88,11,15.663,24.685,1.0,1.0,84,0,0,84,169,168,168,0.012328,0.008603,0.026058,1,1,1,2042.8
round_robin,9,89,1,15.357,24.617,1.0,1.0,80,0,0,80,169,169,168,0.011604,0.008405,0.026063,1,1,1,2042.8
round_robin,9,90,11,15.357,24.617,1.0,1.0,80,0,0,80,173,172,172,0.011604,0.008405,0.026063,1,1,1,2042.8
round_robin,9,91,1,15.493,24.94,1.0,1.0,82,0,0,82,173,173,172,0.011594,0.008461,0.026423,1,1,1,2042.8
round_robin,9,92,11,15.345,24.681,1.0,1.0,83,0,0,83,177,176,176,0.011509,0.008381,0.026144,1,1,1,2042.8
round_robin,9,93,1,15.304,24.506,1.0,1.0,85,0,0,85,177,177,176,0.011524,0.00844,0.025948,1,1,1,2042.8
round_robin,9,94,11,15.569,25.207,1.0,1.0,81,0,0,81,181,180,180,0.011503,0.008473,0.02673,1,1,1,2042.8
round_robin,9,95,1,15.289,24.497,1.0,1.0,83,0,0,83,181,181,180,0.011554,0.008377,0.025935,1,1,1,2042.8
round_robin,9,96,11,15.289,24.497,1.0,1.0,83,0,0,83,185,184,184,0.011554,0.008377,0.025935,1,1,1,2042.8
round_robin,9,97,1,15.276,24.475,1.0,1.0,85,0,0,85,185,185,184,0.011477,0.008432,0.025919,1,1,1,2042.8
round_robin,9,98,1,15.634,24.496,1.0,1.0,80,0,0,80,185,185,185,0.012472,0.008597,0.025832,1,1,1,2042.8
round_robin,9,99,10,15.495,24.167,1.0,1.0,82,0,0,82,189,188,188,0.011665,0.009264,0.025556,1,1,1,2042.8
round_robin,9,100,1,15.359,24.706,1.0,1.0,83,0,0,83,189,189,188,0.011541,0.008368,0.026169,1,1,1,2042.8
round_robin,9,101,11,15.375,24.651,1.0,1.0,80,0,0,80,193,192,192,0.01154,0.008476,0.026108,1,1,1,2042.8
round_robin,9,102,1,15.373,24.651,1.0,1.0,80,0,0,80,193,193,192,0.011536,0.008476,0.026108,1,1,1,2042.8
round_robin,9,103,11,15.331,24.641,1.0,1.0,81,0,0,81,197,196,196,0.011536,0.008359,0.026097,1,1,1,2042.8
round_robin,9,104,1,15.477,24.671,1.0,1.0,83,0,0,83,197,197,196,0.011871,0.008467,0.026093,1,1,1,2042.8
round_robin,9,105,11,15.257,24.431,1.0,1.0,85,0,0,85,201,200,200,0.011515,0.008389,0.025866,1,1,1,2042.8
round_robin,9,106,1,15.536,25.116,1.0,1.0,80,0,0,80,201,201,200,0.011591,0.008399,0.026619,1,1,1,2042.8
round_robin,9,107,11,15.663,24.595,1.0,1.0,82,0,0,82,205,204,204,0.012425,0.008618,0.025947,1,1,1,2042.8
round_robin,9,108,1,15.369,24.506,1.0,1.0,82,0,0,82,205,205,204,0.011541,0.008618,0.025947,1,1,1,2042.8
round_robin,9,109,11,15.305,24.55,1.0,1.0,83,0,0,83,209,208,208,0.011541,0.008379,0.025995,1,1,1,2042.8
round_robin,9,110,1,15.337,24.529,1.0,1.0,80,0,0,80,209,209,208,0.01156,0.008481,0.02597,1,1,1,2042.8
round_robin,9,111,11,15.359,24.626,1.0,1.0,81,0,0,81,213,212,212,0.011567,0.008433,0.026077,1,1,1,2042.8
round_robin,9,112,1,15.343,24.598,1.0,1.0,83,0,0,83,213,213,212,0.011531,0.008447,0.02605,1,1,1,2042.8
round_robin,9,113,11,15.385,24.629,1.0,1.0,85,0,0,85,217,216,216,0.011579,0.008498,0.026079,1,1,1,2042.8
round_robin,9,114,1,15.345,24.625,1.0,1.0,85,0,0,85,217,217,216,0.011534,0.008423,0.026079,1,1,1,2042.8
round_robin,9,115,11,15.321,24.558,1.0,1.0,81,0,0,81,221,220,220,0.011534,0.008423,0.026005,1,1,1,2042.8
round_robin,9,116,1,15.294,24.456,1.0,1.0,83,0,0,83,221,221,220,0.011596,0.0084,0.025885,1,1,1,2042.8
round_robin,9,117,11,15.388,24.545,1.0,1.0,84,0,0,84,225,224,224,0.011796,0.008406,0.025962,1,1,1,2042.8
round_robin,9,118,1,15.487,25.031,1.0,1.0,80,0,0,80,225,225,224,0.011534,0.008396,0.026531,1,1,1,2042.8
round_robin,9,119,11,15.604,24.591,1.0,1.0,82,0,0,82,229,228,228,0.011498,0.009267,0.026046,1,1,1,2042.8
round_robin,10,0,0,15.362,24.659,1.0,1.0,0,0,0,0,0,0,0,0.01155,0.00842,0.026115,1,1,1,2018.5
round_robin,10,1,1,15.409,24.757,0.3333,0.3333,77,0,0,77,1,0,0,0.011564,0.00844,0.026223,1,1,1,2018.5
round_robin,10,2,1,16.06,25.617,0.6667,0.6667,78,0,0,78,1,1,0,0.012374,0.008716,0.027089,1,1,1,2018.5
round_robin,10,3,11,15.393,24.672,0.9883,0.9883,80,0,0,80,5,4,4,0.011596,0.008458,0.026125,1,1,1,2018.5
round_robin,10,4,1,15.428,24.801,0.9899,0.9899,76,0,0,76,5,5,4,0.011568,0.008446,0.026271,1,1,1,2018.5
round_robin,10,5,11,15.428,24.801,0.9968,0.9968,76,0,0,76,9,8,8,0.011568,0.008446,0.026271,1,1,1,2018.5
round_robin,10,6,1,15.434,24.894,0.9971,0.9971,78,0,0,78,9,9,8,0.011552,0.008373,0.026376,1,1,1,2018.5
round_robin,10,7,11,15.298,24.639,0.9985,0.9985,80,0,0,80,13,12,12,0.011524,0.008273,0.026096,1,1,1,2018.5
round_robin,10,8,1,15.312,24.573,0.9986,0.9986,81,0,0,81,13,13,12,0.01158,0.008339,0.026017,1,1,1,2018.5
round_robin,10,9,11,15.358,24.696,0.9992,0.9992,77,0,0,77,17,16,16,0.011462,0.008446,0.026166,1,1,1,2018.5
round_robin,10,10,1,15.342,24.542,0.9992,0.9992,78,0,0,78,17,17,16,0.011625,0.008423,0.025977,1,1,1,2018.5
round_robin,10,11,11,15.342,24.542,0.9995,0.9995,78,0,0,78,21,20,20,0.011625,0.008423,0.025977,1,1,1,2018.5
round_robin,10,12,1,15.528,24.442,0.9995,0.9995,80,0,0,80,21,21,20,0.011748,0.008984,0.025852,1,1,1,2018.5
round_robin,10,13,11,15.53,24.585,0.9996,0.9996,76,0,0,76,25,24,24,0.011531,0.009024,0.026035,1,1,1,2018.5
round_robin,10,14,1,15.216,24.293,0.9996,0.9996,78,0,0,78,25,25,24,0.011565,0.008375,0.025707,1,1,1,2018.5
round_robin,10,15,11,15.335,24.669,0.9997,0.9997,80,0,0,80,29,28,28,0.011484,0.008387,0.026134,1,1,1,2018.5
round_robin,10,16,1,15.313,24.536,0.9997,0.9997,81,0,0,81,29,29,28,0.011547,0.008414,0.025979,1,1,1,2018.5
round_robin,10,17,11,15.336,24.542,0.9998,0.9998,81,0,0,81,33,32,32,0.011614,0.008414,0.025979,1,1,1,2018.5
round_robin,10,18,1,15.353,24.567,0.9998,0.9998,77,0,0,77,33,33,32,0.011614,0.008439,0.026006,1,1,1,2018.5
round_robin,10,19,11,15.357,24.658,0.9998,0.9998,78,0,0,78,37,36,36,0.011539,0.008416,0.026116,1,1,1,2018.5
round_robin,10,20,1,15.469,24.679,0.9998,0.9998,80,0,0,80,37,37,36,0.011859,0.008444,0.026104,1,1,1,2018.5
round_robin,10,21,11,15.348,24.653,0.9999,0.9999,76,0,0,76,41,40,40,0.011598,0.008341,0.026104,1,1,1,2018.5
round_robin,10,22,1,15.589,24.515,0.9999,0.9999,78,0,0,78,41,41,40,0.011523,0.009284,0.025959,1,1,1,2018.5
round_robin,10,23,11,15.514,24.493,0.9999,0.9999,78,0,0,78,45,44,44,0.011299,0.009284,0.025959,1,1,1,2018.5
round_robin,10,24,1,15.292,24.639,0.9999,0.9999,80,0,0,80,45,45,44,0.011299,0.008455,0.026121,1,1,1,2018.5
round_robin,10,25,1,15.42,24.484,1.0,1.0,81,0,0,81,45,45,45,0.011936,0.008447,0.025878,1,1,1,2018.5
round_robin,10,26,10,15.156,24.211,0.9999,0.9999,78,0,0,78,49,48,48,0.011551,0.0083,0.025618,1,1,1,2018.5
round_robin,10,27,1,15.297,24.433,0.9999,0.9999,79,0,0,79,49,49,48,0.011639,0.008397,0.025855,1,1,1,2018.5
round_robin,10,28,11,15.387,24.731,0.9999,0.9999,81,0,0,81,53,52,52,0.011529,0.008433,0.026198,1,1,1,2018.5
round_robin,10,29,1,15.503,24.737,0.9999,0.9999,81,0,0,81,53,53,52,0.011588,0.008722,0.026198,1,1,1,2018.5
round_robin,10,30,11,15.462,24.626,0.9999,0.9999,76,0,0,76,57,56,56,0.011588,0.008722,0.026075,1,1,1,2018.5
round_robin,10,31,1,15.372,24.67,0.9999,0.9999,78,0,0,78,57,57,56,0.011556,0.008434,0.026127,1,1,1,2018.5
round_robin,10,32,11,15.733,24.851,0.9999,0.9999,80,0,0,80,61,60,60,0.011514,0.009353,0.026333,1,1,1,2018.5
round_robin,10,33,1,15.519,25.043,0.9999,0.9999,76,0,0,76,61,61,60,0.011583,0.008435,0.026539,1,1,1,2018.5
round_robin,10,34,11,15.313,24.553,0.9999,0.9999,78,0,0,78,65,64,64,0.011531,0.008407,0.026,1,1,1,2018.5
round_robin,10,35,1,15.316,24.553,0.9999,0.9999,78,0,0,78,65,65,64,0.011532,0.008417,0.026,1,1,1,2018.5
round_robin,10,36,11,15.33,24.591,1.0,1.0,79,0,0,79,69,68,68,0.011532,0.008417,0.026042,1,1,1,2018.5
round_robin,10,37,1,15.385,24.624,1.0,1.0,81,0,0,81,69,69,68,0.011617,0.00847,0.026069,1,1,1,2018.5
round_robin,10,38,11,15.329,24.642,1.0,1.0,76,0,0,76,73,72,72,0.011468,0.008412,0.026106,1,1,1,2018.5
round_robin,10,39,1,15.353,24.614,1.0,1.0,78,0,0,78,73,73,72,0.011568,0.008427,0.026064,1,1,1,2018.5
round_robin,10,40,11,15.165,24.409,1.0,1.0,80,0,0,80,77,76,76,0.011308,0.008323,0.025865,1,1,1,2018.5
round_robin,10,41,1,15.352,24.434,1.0,1.0,80,0,0,80,77,77,76,0.011559,0.008632,0.025865,1,1,1,2018.5
round_robin,10,42,11,15.541,24.945,1.0,1.0,76,0,0,76,81,80,80,0.011559,0.008632,0.026432,1,1,1,2018.5
round_robin,10,43,1,15.445,24.899,1.0,1.0,78,0,0,78,81,81,80,0.011522,0.008427,0.026385,1,1,1,2018.5
round_robin,10,44,11,15.394,24.606,1.0,1.0,79,0,0,79,85,84,84,0.011484,0.008633,0.026064,1,1,1,2018.5
round_robin,10,45,1,15.416,24.873,1.0,1.0,81,0,0,81,85,85,84,0.011469,0.008416,0.026362,1,1,1,2018.5
round_robin,10,46,11,15.262,24.399,1.0,1.0,77,0,0,77,89,88,88,0.011563,0.008399,0.025825,1,1,1,2018.5
round_robin,10,47,1,15.272,24.441,1.0,1.0,79,0,0,79,89,89,88,0.011551,0.008391,0.025873,1,1,1,2018.5
round_robin,10,48,7,15.272,24.441,1.0,1.0,79,0,0,79,91,91,91,0.011551,0.008391,0.025873,1,1,1,2018.5
round_robin,10,49,4,15.324,24.62,1.0,1.0,81,0,0,81,93,92,92,0.011441,0.008446,0.026084,1,1,1,2018.5
round_robin,10,50,1,15.499,25.022,1.0,1.0,77,0,0,77,93,93,92,0.011531,0.008445,0.026521,1,1,1,2018.5
round_robin,10,51,11,15.382,24.651,1.0,1.0,79,0,0,79,97,96,96,0.011534,0.008505,0.026108,1,1,1,2018.5
round_robin,10,52,1,15.666,25.353,1.0,1.0,80,0,0,80,97,97,96,0.011453,0.008648,0.026898,1,1,1,2018.5
round_robin,10,53,11,15.626,25.332,1.0,1.0,82,0,0,82,101,100,100,0.011583,0.008434,0.02686,1,1,1,2018.5
round_robin,10,54,1,15.626,25.332,1.0,1.0,82,0,0,82,101,101,100,0.011583,0.008434,0.02686,1,1,1,2018.5
round_robin,10,55,11,15.255,24.294,1.0,1.0,78,0,0,78,105,104,104,0.011644,0.008422,0.0257,1,1,1,2018.5
round_robin,10,56,1,15.299,24.463,1.0,1.0,80,0,0,80,105,105,104,0.011562,0.008438,0.025897,1,1,1,2018.5
round_robin,10,57,11,15.29,24.495,1.0,1.0,82,0,0,82,109,108,108,0.011493,0.008436,0.02594,1,1,1,2018.5
round_robin,10,58,1,15.503,25.039,1.0,1.0,78,0,0,78,109,109,108,0.011546,0.008424,0.026538,1,1,1,2018.5
round_robin,10,59,11,15.493,24.72,1.0,1.0,80,0,0,80,113,112,112,0.011922,0.008414,0.026142,1,1,1,2018.5
round_robin,10,60,1,15.451,24.707,1.0,1.0,80,0,0,80,113,113,112,0.011796,0.008414,0.026142,1,1,1,2018.5
round_robin,10,61,11,15.348,24.393,1.0,1.0,81,0,0,81,117,116,116,0.011796,0.008455,0.025793,1,1,1,2018.5
round_robin,10,62,1,15.637,24.685,1.0,1.0,80,0,0,80,117,117,116,0.011588,0.009182,0.02614,1,1,1,2018.5
round_robin,10,63,11,15.415,24.643,1.0,1.0,81,0,0,81,121,120,120,0.011684,0.008477,0.026083,1,1,1,2018.5
round_robin,10,64,1,15.47,24.719,1.0,1.0,83,0,0,83,121,121,120,0.011831,0.008429,0.026151,1,1,1,2018.5
round_robin,10,65,11,15.441,24.931,1.0,1.0,85,0,0,85,125,124,124,0.011518,0.008385,0.026421,1,1,1,2018.5
round_robin,10,66,1,15.447,24.932,1.0,1.0,85,0,0,85,125,125,124,0.011535,0.008385,0.026421,1,1,1,2018.5
round_robin,10,67,11,15.293,24.461,1.0,1.0,80,0,0,80,129,128,128,0.011535,0.008447,0.025897,1,1,1,2018.5
round_robin,10,68,1,15.3,24.478,1.0,1.0,82,0,0,82,129,129,128,0.011533,0.008451,0.025916,1,1,1,2018.5
round_robin,10,69,11,15.359,24.603,1.0,1.0,83,0,0,83,133,132,132,0.011617,0.008414,0.026046,1,1,1,2018.5
round_robin,10,70,1,15.357,24.679,1.0,1.0,80,0,0,80,133,133,132,0.011543,0.008388,0.026139,1,1,1,2018.5
round_robin,10,71,11,15.389,24.646,1.0,1.0,81,0,0,81,137,136,136,0.011581,0.008489,0.026098,1,1,1,2018.5
round_robin,10,72,1,15.401,24.783,1.0,1.0,83,0,0,83,137,137,136,0.011582,0.008372,0.02625,1,1,1,2018.5
round_robin,10,73,0,15.401,24.783,1.0,1.0,83,0,0,83,137,137,136,0.011582,0.008372,0.02625,1,1,1,2018.5
round_robin,10,74,11,15.338,24.616,1.0,1.0,85,0,0,85,141,140,140,0.011523,0.00842,0.026071,1,1,1,2018.5
round_robin,10,75,1,15.389,24.727,1.0,1.0,81,0,0,81,141,141,140,0.011605,0.008376,0.026185,1,1,1,2018.5
round_robin,10,76,11,15.331,24.557,1.0,1.0,83,0,0,83,145,144,144,0.011568,0.008426,0.026,1,1,1,2018.5
round_robin,10,77,1,15.392,24.761,1.0,1.0,84,0,0,84,145,145,144,0.01157,0.008379,0.026227,1,1,1,2018.5
round_robin,10,78,11,15.673,24.759,1.0,1.0,84,0,0,84,149,148,148,0.011547,0.009244,0.026227,1,1,1,2018.5
round_robin,10,79,1,15.683,24.788,1.0,1.0,80,0,0,80,149,149,148,0.011547,0.009244,0.026259,1,1,1,2018.5
round_robin,10,80,11,15.495,24.734,1.0,1.0,81,0,0,81,153,152,152,0.011889,0.008434,0.026161,1,1,1,2018.5
round_robin,10,81,1,15.284,24.453,1.0,1.0,83,0,0,83,153,153,152,0.011578,0.008389,0.025884,1,1,1,2018.5
round_robin,10,82,11,15.316,24.382,1.0,1.0,85,0,0,85,157,156,156,0.011715,0.008444,0.025789,1,1,1,2018.5
round_robin,10,83,1,15.387,24.703,1.0,1.0,81,0,0,81,157,157,156,0.011561,0.008437,0.026163,1,1,1,2018.5
round_robin,10,84,11,15.366,24.71,1.0,1.0,83,0,0,83,161,160,160,0.011557,0.008371,0.026171,1,1,1,2018.5
round_robin,10,85,1,15.366,24.71,1.0,1.0,83,0,0,83,161,161,160,0.011557,0.008371,0.026171,1,1,1,2018.5
round_robin,10,86,11,15.367,24.641,1.0,1.0,84,0,0,84,165,164,164,0.011559,0.008447,0.026095,1,1,1,2018.5
round_robin,10,87,1,15.641,25.424,1.0,1.0,80,0,0,80,165,165,164,0.011542,0.008414,0.026966,1,1,1,2018.5
round_robin,10,88,11,15.453,24.929,1.0,1.0,81,0,0,81,169,168,168,0.011488,0.008448,0.026423,1,1,1,2018.5
round_robin,10,89,1,15.375,24.687,1.0,1.0,83,0,0,83,169,169,168,0.011602,0.008382,0.026141,1,1,1,2018.5
round_robin,10,90,11,15.381,24.685,1.0,1.0,80,0,0,80,173,172,172,0.011564,0.008436,0.026143,1,1,1,2018.5
round_robin,10,91,1,15.381,24.685,1.0,1.0,80,0,0,80,173,173,172,0.011564,0.008436,0.026143,1,1,1,2018.5
round_robin,10,92,11,16.026,25.864,1.0,1.0,81,0,0,81,177,176,176,0.012305,0.008401,0.027371,1,1,1,2018.5
round_robin,10,93,1,15.373,24.723,1.0,1.0,83,0,0,83,177,177,176,0.011523,0.008406,0.02619,1,1,1,2018.5
round_robin,10,94,11,15.509,24.998,1.0,1.0,84,0,0,84,181,180,180,0.011576,0.008461,0.026489,1,1,1,2018.5
round_robin,10,95,1,15.726,24.862,1.0,1.0,80,0,0,80,181,181,180,0.011529,0.009305,0.026343,1,1,1,2018.5
round_robin,10,96,1,15.464,24.891,1.0,1.0,81,0,0,81,181,181,181,0.011618,0.008407,0.026366,1,1,1,2018.5
round_robin,10,97,10,15.446,24.886,1.0,1.0,81,0,0,81,185,184,184,0.011565,0.008407,0.026366,1,1,1,2018.5
round_robin,10,98,1,15.356,24.655,1.0,1.0,83,0,0,83,185,185,184,0.011565,0.008395,0.026109,1,1,1,2018.5
round_robin,10,99,11,15.475,24.699,1.0,1.0,80,0,0,80,189,188,188,0.011859,0.008439,0.026126,1,1,1,2018.5
round_robin,10,100,1,15.691,24.805,1.0,1.0,81,0,0,81,189,189,188,0.01243,0.008463,0.02618,1,1,1,2018.5
round_robin,10,101,11,15.42,24.789,1.0,1.0,83,0,0,83,193,192,192,0.011577,0.008427,0.026257,1,1,1,2018.5
round_robin,10,102,1,15.672,25.105,1.0,1.0,84,0,0,84,193,193,192,0.011541,0.008863,0.026612,1,1,1,2018.5
round_robin,10,103,11,15.673,25.105,1.0,1.0,84,0,0,84,197,196,196,0.011543,0.008863,0.026612,1,1,1,2018.5
round_robin,10,104,1,15.509,24.995,1.0,1.0,81,0,0,81,197,197,196,0.011543,0.008494,0.02649,1,1,1,2018.5
round_robin,10,105,11,15.261,24.39,1.0,1.0,82,0,0,82,201,200,200,0.011542,0.008423,0.025818,1,1,1,2018.5
round_robin,10,106,1,15.315,24.538,1.0,1.0,84,0,0,84,201,201,200,0.0116,0.00837,0.025975,1,1,1,2018.5
round_robin,10,107,11,15.366,24.68,1.0,1.0,80,0,0,80,205,204,204,0.011564,0.008398,0.026137,1,1,1,2018.5
round_robin,10,108,1,15.416,24.781,1.0,1.0,81,0,0,81,205,205,204,0.011523,0.00847,0.026254,1,1,1,2018.5
round_robin,10,109,11,15.428,24.787,1.0,1.0,81,0,0,81,209,208,208,0.011589,0.008442,0.026254,1,1,1,2018.5
round_robin,10,110,1,15.396,24.7,1.0,1.0,83,0,0,83,209,209,208,0.011589,0.008442,0.026157,1,1,1,2018.5
round_robin,10,111,11,15.234,24.334,1.0,1.0,84,0,0,84,213,212,212,0.011537,0.008408,0.025756,1,1,1,2018.5
round_robin,10,112,1,15.678,24.664,1.0,1.0,81,0,0,81,213,213,212,0.011544,0.009368,0.026122,1,1,1,2018.5
round_robin,10,113,11,15.313,24.503,1.0,1.0,82,0,0,82,217,216,216,0.011555,0.008443,0.025942,1,1,1,2018.5
round_robin,10,114,1,15.991,25.807,1.0,1.0,84,0,0,84,217,217,216,0.012344,0.008327,0.027303,1,1,1,2018.5
round_robin,10,115,11,15.783,25.731,1.0,1.0,84,0,0,84,221,220,220,0.011581,0.008464,0.027303,1,1,1,2018.5
round_robin,10,116,1,15.262,24.324,1.0,1.0,80,0,0,80,221,221,220,0.011581,0.008464,0.02574,1,1,1,2018.5
round_robin,10,117,11,15.599,24.648,1.0,1.0,81,0,0,81,225,224,224,0.011686,0.009023,0.026088,1,1,1,2018.5
round_robin,10,118,1,15.382,24.753,1.0,1.0,83,0,0,83,225,225,224,0.011555,0.008371,0.026219,1,1,1,2018.5
round_robin,10,119,7,15.311,24.514,1.0,1.0,79,0,0,79,227,227,227,0.011482,0.008489,0.025962,1,1,1,2018.5
weighted_round_robin,1,0,0,15.307,24.508,1.0,1.0,0,0,0,0,0,0,0,0.011564,0.008411,0.025946,1,1,1,2148.3
weighted_round_robin,1,1,1,15.382,24.694,0.3333,0.3333,79,0,0,79,1,0,0,0.011576,0.008418,0.026152,1,1,1,2148.3
weighted_round_robin,1,2,1,15.382,24.694,0.6667,0.6667,79,0,0,79,1,1,0,0.011576,0.008418,0.026152,1,1,1,2148.3
weighted_round_robin,1,3,11,15.344,24.567,0.9883,0.9883,76,0,0,76,5,4,4,0.011557,0.008461,0.026013,1,1,1,2148.3
weighted_round_robin,1,4,1,15.391,24.718,0.9899,0.9899,78,0,0,78,5,5,4,0.011561,0.008432,0.02618,1,1,1,2148.3
weighted_round_robin,1,5,11,15.457,24.597,0.9968,0.9968,80,0,0,80,9,8,8,0.011892,0.008471,0.026009,1,1,1,2148.3
weighted_round_robin,1,6,1,15.365,24.604,0.9971,0.9971,81,0,0,81,9,9,8,0.011604,0.008442,0.026048,1,1,1,2148.3
weighted_round_robin,1,7,11,15.628,24.766,0.9985,0.9985,78,0,0,78,13,12,12,0.011561,0.009089,0.026233,1,1,1,2148.3
weighted_round_robin,1,8,1,15.628,24.766,0.9986,0.9986,78,0,0,78,13,13,12,0.011561,0.009089,0.026233,1,1,1,2148.3
weighted_round_robin,1,9,11,15.343,24.536,0.9992,0.9992,79,0,0,79,17,16,16,0.011504,0.008542,0.025984,1,1,1,2148.3
weighted_round_robin,1,10,1,15.361,24.625,0.9992,0.9992,81,0,0,81,17,17,16,0.01164,0.008375,0.026068,1,1,1,2148.3
weighted_round_robin,1,11,11,15.361,24.652,0.9995,0.9995,76,0,0,76,21,20,20,0.011541,0.008433,0.026109,1,1,1,2148.3
weighted_round_robin,1,12,1,15.567,25.112,0.9995,0.9995,78,0,0,78,21,21,20,0.011716,0.008385,0.0266,1,1,1,2148.3
weighted_round_robin,1,13,11,15.335,24.635,0.9996,0.9996,80,0,0,80,25,24,24,0.011587,0.008332,0.026085,1,1,1,2148.3
weighted_round_robin,1,14,1,15.335,24.635,0.9996,0.9996,80,0,0,80,25,25,24,0.011587,0.008332,0.026085,1,1,1,2148.3
weighted_round_robin,1,15,11,15.331,24.551,0.9997,0.9997,81,0,0,81,29,28,28,0.011587,0.008415,0.025991,1,1,1,2148.3
weighted_round_robin,1,16,1,15.209,24.291,0.9997,0.9997,78,0,0,78,29,29,28,0.011524,0.008394,0.02571,1,1,1,2148.3
weighted_round_robin,1,17,11,15.634,25.396,0.9998,0.9998,79,0,0,79,33,32,32,0.011536,0.00843,0.026936,1,1,1,2148.3
weighted_round_robin,1,18,1,15.376,24.695,0.9998,0.9998,81,0,0,81,33,33,32,0.011596,0.008381,0.02615,1,1,1,2148.3
weighted_round_robin,1,19,11,15.605,25.214,0.9998,0.9998,76,0,0,76,37,36,36,0.011586,0.008502,0.026728,1,1,1,2148.3
weighted_round_robin,1,20,1,15.567,25.211,0.9998,0.9998,76,0,0,76,37,37,36,0.011559,0.008414,0.026728,1,1,1,2148.3
weighted_round_robin,1,21,1,15.373,24.688,1.0,1.0,78,0,0,78,37,37,37,0.011559,0.008414,0.026147,1,1,1,2148.3
weighted_round_robin,1,22,10,15.372,24.678,0.9999,0.9999,80,0,0,80,41,40,40,0.011584,0.008399,0.026133,1,1,1,2148.3
weighted_round_robin,1,23,1,15.506,24.894,0.9999,0.9999,76,0,0,76,41,41,40,0.01173,0.00843,0.026357,1,1,1,2148.3
weighted_round_robin,1,24,11,15.377,24.663,0.9999,0.9999,78,0,0,78,45,44,44,0.011561,0.008451,0.026119,1,1,1,2148.3
weighted_round_robin,1,25,1,15.347,24.589,0.9999,0.9999,79,0,0,79,45,45,44,0.01155,0.008454,0.026038,1,1,1,2148.3
weighted_round_robin,1,26,11,15.422,24.625,0.9999,0.9999,81,0,0,81,49,48,48,0.011778,0.008436,0.026052,1,1,1,2148.3
weighted_round_robin,1,27,1,15.422,24.625,0.9999,0.9999,81,0,0,81,49,49,48,0.011778,0.008436,0.026052,1,1,1,2148.3
weighted_round_robin,1,28,11,15.973,25.477,0.9999,0.9999,76,0,0,76,53,52,52,0.012359,0.008625,0.026935,1,1,1,2148.3
weighted_round_robin,1,29,1,15.191,24.228,0.9999,0.9999,78,0,0,78,53,53,52,0.011536,0.008399,0.025638,1,1,1,2148.3
weighted_round_robin,1,30,11,15.875,26.091,0.9999,0.9999,80,0,0,80,57,56,56,0.011444,0.008462,0.027718,1,1,1,2148.3
weighted_round_robin,1,31,1,15.342,24.649,0.9999,0.9999,76,0,0,76,57,57,56,0.011541,0.00838,0.026106,1,1,1,2148.3
weighted_round_robin,1,32,11,15.448,24.636,0.9999,0.9999,78,0,0,78,61,60,60,0.011808,0.008474,0.026061,1,1,1,2148.3
weighted_round_robin,1,33,1,15.448,24.636,0.9999,0.9999,78,0,0,78,61,61,60,0.011808,0.008474,0.026061,1,1,1,2148.3
weighted_round_robin,1,34,11,15.407,24.76,0.9999,0.9999,79,0,0,79,65,64,64,0.011547,0.008447,0.026228,1,1,1,2148.3
weighted_round_robin,1,35,1,15.361,24.586,0.9999,0.9999,81,0,0,81,65,65,64,0.011588,0.008464,0.02603,1,1,1,2148.3
weighted_round_robin,1,36,11,15.703,24.775,1.0,1.0,77,0,0,77,69,68,68,0.011526,0.009337,0.026247,1,1,1,2148.3
weighted_round_robin,1,37,1,15.921,25.447,1.0,1.0,79,0,0,79,69,69,68,0.012404,0.008464,0.026896,1,1,1,2148.3
weighted_round_robin,1,38,11,15.3,24.61,1.0,1.0,81,0,0,81,73,72,72,0.011385,0.008434,0.02608,1,1,1,2148.3
weighted_round_robin,1,39,1,15.335,24.621,1.0,1.0,81,0,0,81,73,73,72,0.01149,0.008434,0.02608,1,1,1,2148.3
weighted_round_robin,1,40,11,15.179,24.219,1.0,1.0,76,0,0,76,77,76,76,0.01149,0.008415,0.025633,1,1,1,2148.3
weighted_round_robin,1,41,1,15.455,24.861,1.0,1.0,78,0,0,78,77,77,76,0.011556,0.008471,0.026339,1,1,1,2148.3
weighted_round_robin,1,42,11,15.337,24.546,1.0,1.0,79,0,0,79,81,80,80,0.011572,0.008451,0.025988,1,1,1,2148.3
weighted_round_robin,1,43,1,15.486,24.774,1.0,1.0,81,0,0,81,81,81,80,0.011791,0.008451,0.026217,1,1,1,2148.3
weighted_round_robin,1,44,1,15.222,24.331,1.0,1.0,77,0,0,77,81,81,81,0.011521,0.008391,0.025754,1,1,1,2148.3
weighted_round_robin,1,45,10,15.226,24.33,1.0,1.0,77,0,0,77,85,84,84,0.011516,0.008409,0.025754,1,1,1,2148.3
weighted_round_robin,1,46,1,15.246,24.384,1.0,1.0,79,0,0,79,85,85,84,0.011516,0.008409,0.025814,1,1,1,2148.3
weighted_round_robin,1,47,11,15.695,24.903,1.0,1.0,81,0,0,81,89,88,88,0.011469,0.009219,0.026396,1,1,1,2148.3
weighted_round_robin,1,48,1,15.613,25.36,1.0,1.0,76,0,0,76,89,89,88,0.011527,0.008416,0.026897,1,1,1,2148.3
weighted_round_robin,1,49,11,15.335,24.567,1.0,1.0,78,0,0,78,93,92,92,0.011557,0.008436,0.026013,1,1,1,2148.3
weighted_round_robin,1,50,1,15.488,25.01,1.0,1.0,79,0,0,79,93,93,92,0.011578,0.008383,0.026502,1,1,1,2148.3
weighted_round_robin,1,51,11,15.527,25.013,1.0,1.0,79,0,0,79,97,96,96,0.011616,0.008462,0.026502,1,1,1,2148.3
weighted_round_robin,1,52,1,15.754,25.626,1.0,1.0,76,0,0,76,97,97,96,0.011616,0.008462,0.027183,1,1,1,2148.3
weighted_round_robin,1,53,11,15.644,25.422,1.0,1.0,76,0,0,76,101,100,100,0.011558,0.008413,0.026962,1,1,1,2148.3
weighted_round_robin,1,54,1,15.398,24.744,1.0,1.0,78,0,0,78,101,101,100,0.011537,0.008445,0.026211,1,1,1,2148.3
weighted_round_robin,1,55,11,15.523,24.911,1.0,1.0,80,0,0,80,105,104,104,0.011743,0.008453,0.026374,1,1,1,2148.3
weighted_round_robin,1,56,1,15.381,24.619,1.0,1.0,75,0,0,75,105,105,104,0.0116,0.008477,0.026066,1,1,1,2148.3
weighted_round_robin,1,57,11,15.706,24.699,1.0,1.0,75,0,0,75,109,108,108,0.012393,0.00866,0.026066,1,1,1,2148.3
weighted_round_robin,1,58,1,15.649,24.545,1.0,1.0,77,0,0,77,109,109,108,0.012393,0.00866,0.025895,1,1,1,2148.3
weighted_round_robin,1,59,11,15.556,24.479,1.0,1.0,78,0,0,78,113,112,112,0.012387,0.008458,0.025823,1,1,1,2148.3
weighted_round_robin,1,60,1,15.486,24.819,1.0,1.0,78,0,0,78,113,113,112,0.011771,0.008418,0.026269,1,1,1,2148.3
weighted_round_robin,1,61,11,15.66,24.791,1.0,1.0,79,0,0,79,117,116,116,0.01242,0.008393,0.026166,1,1,1,2148.3
weighted_round_robin,1,62,1,15.684,24.614,1.0,1.0,81,0,0,81,117,117,116,0.012555,0.008543,0.025954,1,1,1,2148.3
weighted_round_robin,1,63,11,15.273,24.503,1.0,1.0,83,0,0,83,121,120,120,0.011448,0.008416,0.025954,1,1,1,2148.3
weighted_round_robin,1,64,1,15.273,24.503,1.0,1.0,83,0,0,83,121,121,120,0.011448,0.008416,0.025954,1,1,1,2148.3
weighted_round_robin,1,65,11,15.639,24.651,1.0,1.0,80,0,0,80,125,124,124,0.012474,0.008438,0.026004,1,1,1,2148.3
weighted_round_robin,1,66,1,15.98,25.571,1.0,1.0,82,0,0,82,125,125,124,0.01251,0.008407,0.027022,1,1,1,2148.3
weighted_round_robin,1,67,1,15.566,25.202,1.0,1.0,83,0,0,83,125,125,125,0.011565,0.008415,0.026717,1,1,1,2148.3
weighted_round_robin,1,68,10,15.352,24.702,1.0,1.0,79,0,0,79,129,128,128,0.011422,0.008457,0.026178,1,1,1,2148.3
weighted_round_robin,1,69,1,15.288,24.518,1.0,1.0,80,0,0,80,129,129,128,0.01154,0.008364,0.02596,1,1,1,2148.3
weighted_round_robin,1,70,11,15.268,24.512,1.0,1.0,80,0,0,80,133,132,132,0.011479,0.008364,0.02596,1,1,1,2148.3
weighted_round_robin,1,71,1,15.638,24.644,1.0,1.0,82,0,0,82,133,133,132,0.011479,0.009327,0.026107,1,1,1,2148.3
weighted_round_robin,1,72,11,15.29,24.566,1.0,1.0,84,0,0,84,137,136,136,0.011443,0.008402,0.026024,1,1,1,2148.3
weighted_round_robin,1,73,1,15.384,24.673,1.0,1.0,80,0,0,80,137,137,136,0.011616,0.008411,0.026124,1,1,1,2148.3
weighted_round_robin,1,74,11,15.338,24.581,1.0,1.0,82,0,0,82,141,140,140,0.011577,0.008411,0.026026,1,1,1,2148.3
weighted_round_robin,1,75,1,15.464,24.93,1.0,1.0,83,0,0,83,141,141,140,0.011572,0.008406,0.026414,1,1,1,2148.3
weighted_round_robin,1,76,11,15.456,24.927,1.0,1.0,83,0,0,83,145,144,144,0.011548,0.008406,0.026414,1,1,1,2148.3
weighted_round_robin,1,77,1,15.533,24.44,1.0,1.0,79,0,0,79,145,145,144,0.011548,0.00918,0.025872,1,1,1,2148.3
weighted_round_robin,1,78,11,15.397,24.601,1.0,1.0,80,0,0,80,149,148,148,0.011799,0.008369,0.026024,1,1,1,2148.3
weighted_round_robin,1,79,1,15.277,24.527,1.0,1.0,82,0,0,82,149,149,148,0.011401,0.008445,0.025986,1,1,1,2148.3
weighted_round_robin,1,80,11,15.32,24.541,1.0,1.0,84,0,0,84,153,152,152,0.011551,0.008425,0.025984,1,1,1,2148.3
weighted_round_robin,1,81,1,15.164,24.128,1.0,1.0,80,0,0,80,153,153,152,0.011559,0.008408,0.025525,1,1,1,2148.3
weighted_round_robin,1,82,11,15.141,24.12,1.0,1.0,80,0,0,80,157,156,156,0.011477,0.00842,0.025525,1,1,1,2148.3
weighted_round_robin,1,83,1,15.329,24.629,1.0,1.0,82,0,0,82,157,157,156,0.011477,0.00842,0.02609,1,1,1,2148.3
weighted_round_robin,1,84,11,15.304,24.554,1.0,1.0,83,0,0,83,161,160,160,0.011537,0.008375,0.026,1,1,1,2148.3
weighted_round_robin,1,85,1,15.502,25.04,1.0,1.0,79,0,0,79,161,161,160,0.011541,0.008425,0.02654,1,1,1,2148.3
weighted_round_robin,1,86,11,15.436,24.849,1.0,1.0,80,0,0,80,165,164,164,0.01154,0.008439,0.026328,1,1,1,2148.3
weighted_round_robin,1,87,1,15.657,24.645,1.0,1.0,82,0,0,82,165,165,164,0.011556,0.009316,0.026099,1,1,1,2148.3
weighted_round_robin,1,88,11,15.258,24.399,1.0,1.0,79,0,0,79,169,168,168,0.011501,0.00844,0.025832,1,1,1,2148.3
weighted_round_robin,1,89,1,15.258,24.399,1.0,1.0,79,0,0,79,169,169,168,0.011501,0.00844,0.025832,1,1,1,2148.3
weighted_round_robin,1,90,11,15.275,24.53,1.0,1.0,80,0,0,80,173,172,172,0.011476,0.008368,0.02598,1,1,1,2148.3
weighted_round_robin,1,91,1,15.258,24.397,1.0,1.0,82,0,0,82,173,173,172,0.011557,0.008393,0.025824,1,1,1,2148.3
weighted_round_robin,1,92,1,15.511,24.902,1.0,1.0,83,0,0,83,173,173,173,0.01173,0.008437,0.026366,1,1,1,2148.3
weighted_round_robin,1,93,10,15.286,24.468,1.0,1.0,79,0,0,79,177,176,176,0.011535,0.008417,0.025905,1,1,1,2148.3
weighted_round_robin,1,94,1,15.369,24.671,1.0,1.0,80,0,0,80,177,177,176,0.011518,0.008456,0.026133,1,1,1,2148.3
weighted_round_robin,1,95,11,15.369,24.671,1.0,1.0,80,0,0,80,181,180,180,0.011518,0.008456,0.026133,1,1,1,2148.3
weighted_round_robin,1,96,1,15.5,24.711,1.0,1.0,82,0,0,82,181,181,180,0.011451,0.008864,0.026184,1,1,1,2148.3
weighted_round_robin,1,97,11,15.569,25.183,1.0,1.0,79,0,0,79,185,184,184,0.011586,0.008426,0.026694,1,1,1,2148.3
weighted_round_robin,1,98,1,15.474,24.685,1.0,1.0,80,0,0,80,185,185,184,0.011859,0.008452,0.02611,1,1,1,2148.3
weighted_round_robin,1,99,11,15.287,24.339,1.0,1.0,82,0,0,82,189,188,188,0.011672,0.008443,0.025747,1,1,1,2148.3
weighted_round_robin,1,100,1,15.241,24.384,1.0,1.0,83,0,0,83,189,189,188,0.011562,0.008352,0.025809,1,1,1,2148.3
weighted_round_robin,1,101,11,15.221,24.378,1.0,1.0,83,0,0,83,193,192,192,0.011503,0.008352,0.025809,1,1,1,2148.3
weighted_round_robin,1,102,1,15.235,24.348,1.0,1.0,81,0,0,81,193,193,192,0.011503,0.008427,0.025775,1,1,1,2148.3
weighted_round_robin,1,103,11,15.572,25.018,1.0,1.0,82,0,0,82,197,196,196,0.011558,0.008645,0.026514,1,1,1,2148.3
weighted_round_robin,1,104,1,15.371,24.628,1.0,1.0,84,0,0,84,197,197,196,0.011581,0.008454,0.026078,1,1,1,2148.3
weighted_round_robin,1,105,11,15.343,24.572,1.0,1.0,80,0,0,80,201,200,200,0.011553,0.008458,0.026018,1,1,1,2148.3
weighted_round_robin,1,106,1,15.359,24.643,1.0,1.0,81,0,0,81,201,201,200,0.011547,0.008433,0.026098,1,1,1,2148.3
weighted_round_robin,1,107,11,15.781,24.677,1.0,1.0,81,0,0,81,205,204,204,0.011887,0.009359,0.026098,1,1,1,2148.3
weighted_round_robin,1,108,1,15.69,24.43,1.0,1.0,83,0,0,83,205,205,204,0.011887,0.009359,0.025824,1,1,1,2148.3
weighted_round_robin,1,109,11,15.37,24.592,1.0,1.0,84,0,0,84,209,208,208,0.011624,0.008453,0.026033,1,1,1,2148.3
weighted_round_robin,1,110,1,15.336,24.546,1.0,1.0,81,0,0,81,209,209,208,0.011472,0.008538,0.025999,1,1,1,2148.3
weighted_round_robin,1,111,11,15.259,24.433,1.0,1.0,82,0,0,82,213,212,212,0.011483,0.008421,0.025872,1,1,1,2148.3
weighted_round_robin,1,112,1,15.536,25.117,1.0,1.0,84,0,0,84,213,213,212,0.011518,0.008461,0.026628,1,1,1,2148.3
weighted_round_robin,1,113,11,15.488,25.104,1.0,1.0,84,0,0,84,217,216,216,0.011385,0.00845,0.026628,1,1,1,2148.3
weighted_round_robin,1,114,1,15.322,24.657,1.0,1.0,80,0,0,80,217,217,216,0.011385,0.00845,0.026132,1,1,1,2148.3
weighted_round_robin,1,115,11,15.28,24.393,1.0,1.0,81,0,0,81,221,220,220,0.011571,0.008451,0.025818,1,1,1,2148.3
weighted_round_robin,1,116,1,15.332,24.514,1.0,1.0,83,0,0,83,221,221,220,0.011562,0.008481,0.025953,1,1,1,2148.3
weighted_round_robin,1,117,0,15.586,24.506,1.0,1.0,80,0,0,80,221,221,220,0.011443,0.009357,0.025957,1,1,1,2148.3
weighted_round_robin,1,118,11,15.334,24.618,1.0,1.0,82,0,0,82,225,224,224,0.011468,0.008455,0.026079,1,1,1,2148.3
weighted_round_robin,1,119,1,15.339,24.67,1.0,1.0,83,0,0,83,225,225,224,0.011441,0.008436,0.02614,1,1,1,2148.3
weighted_round_robin,2,0,0,15.381,24.701,1.0,1.0,0,0,0,0,0,0,0,0.011572,0.008411,0.02616,1,1,1,2266.1
weighted_round_robin,2,1,1,15.381,24.701,0.3333,0.3333,0,0,0,0,1,0,0,0.011572,0.008411,0.02616,1,1,1,2266.1
weighted_round_robin,2,2,1,15.29,24.552,0.6667,0.6667,79,0,0,79,1,1,0,0.011426,0.008433,0.026011,1,1,1,2266.1
weighted_round_robin,2,3,11,15.451,24.337,0.9883,0.9883,81,0,0,81,5,4,4,0.01146,0.009125,0.025768,1,1,1,2266.1
weighted_round_robin,2,4,1,15.465,24.728,0.9899,0.9899,82,0,0,82,5,5,4,0.011458,0.008736,0.026202,1,1,1,2266.1
weighted_round_robin,2,5,11,15.372,24.627,0.9968,0.9968,79,0,0,79,9,8,8,0.011588,0.008451,0.026076,1,1,1,2266.1
weighted_round_robin,2,6,1,15.222,24.321,0.9971,0.9971,80,0,0,80,9,9,8,0.011459,0.008456,0.02575,1,1,1,2266.1
weighted_round_robin,2,7,11,15.342,24.357,0.9985,0.9985,80,0,0,80,13,12,12,0.011821,0.008456,0.02575,1,1,1,2266.1
weighted_round_robin,2,8,1,15.504,24.837,0.9986,0.9986,82,0,0,82,13,13,12,0.011821,0.008408,0.026283,1,1,1,2266.1
weighted_round_robin,2,9,11,15.329,24.491,0.9992,0.9992,78,0,0,78,17,16,16,0.011545,0.008513,0.025929,1,1,1,2266.1
weighted_round_robin,2,10,1,15.52,25.165,0.9992,0.9992,79,0,0,79,17,17,16,0.011441,0.00843,0.02669,1,1,1,2266.1
weighted_round_robin,2,11,11,15.326,24.531,0.9995,0.9995,81,0,0,81,21,20,20,0.011552,0.008453,0.025973,1,1,1,2266.1
weighted_round_robin,2,12,1,15.792,24.845,0.9995,0.9995,82,0,0,82,21,21,20,0.011741,0.009334,0.026301,1,1,1,2266.1
weighted_round_robin,2,13,11,15.443,24.825,0.9996,0.9996,82,0,0,82,25,24,24,0.011537,0.00849,0.026301,1,1,1,2266.1
weighted_round_robin,2,14,1,15.328,24.516,0.9996,0.9996,79,0,0,79,25,25,24,0.011537,0.00849,0.025958,1,1,1,2266.1
weighted_round_robin,2,15,11,15.217,24.238,0.9997,0.9997,80,0,0,80,29,28,28,0.011536,0.008467,0.025649,1,1,1,2266.1
weighted_round_robin,2,16,1,15.447,24.538,0.9997,0.9997,82,0,0,82,29,29,28,0.011948,0.008455,0.025937,1,1,1,2266.1
weighted_round_robin,2,17,11,15.128,24.073,0.9998,0.9998,78,0,0,78,33,32,32,0.01148,0.008433,0.025472,1,1,1,2266.1
weighted_round_robin,2,18,1,15.233,24.323,0.9998,0.9998,79,0,0,79,33,33,32,0.01156,0.008397,0.025741,1,1,1,2266.1
weighted_round_robin,2,19,11,15.266,24.324,0.9998,0.9998,79,0,0,79,37,36,36,0.011575,0.008481,0.025741,1,1,1,2266.1
weighted_round_robin,2,20,1,15.41,24.714,0.9998,0.9998,81,0,0,81,37,37,36,0.011575,0.008481,0.026174,1,1,1,2266.1
weighted_round_robin,2,21,11,15.426,24.865,0.9999,0.9999,77,0,0,77,41,40,40,0.0115,0.008429,0.02635,1,1,1,2266.1
weighted_round_robin,2,22,1,15.536,25.043,0.9999,0.9999,79,0,0,79,41,41,40,0.01152,0.008541,0.026546,1,1,1,2266.1
weighted_round_robin,2,23,11,15.346,24.637,0.9999,0.9999,80,0,0,80,45,44,44,0.01149,0.00845,0.026098,1,1,1,2266.1
weighted_round_robin,2,24,1,15.431,24.691,0.9999,0.9999,82,0,0,82,45,45,44,0.011689,0.008468,0.026136,1,1,1,2266.1
weighted_round_robin,2,25,11,15.057,23.828,0.9999,0.9999,81,0,0,81,49,48,48,0.011521,0.008453,0.025196,1,1,1,2266.1
weighted_round_robin,2,26,1,15.057,23.828,0.9999,0.9999,81,0,0,81,49,49,48,0.011521,0.008453,0.025196,1,1,1,2266.1
weighted_round_robin,2,27,0,15.403,24.696,0.9999,0.9999,79,0,0,79,49,49,48,0.011553,0.0085,0.026156,1,1,1,2266.1
weighted_round_robin,2,28,11,15.437,24.819,0.9999,0.9999,81,0,0,81,53,52,52,0.011576,0.008445,0.02629,1,1,1,2266.1
weighted_round_robin,2,29,1,15.346,24.556,0.9999,0.9999,77,0,0,77,53,53,52,0.011538,0.008497,0.026002,1,1,1,2266.1
weighted_round_robin,2,30,11,15.353,24.404,0.9999,0.9999,79,0,0,79,57,56,56,0.011773,0.00848,0.025807,1,1,1,2266.1
weighted_round_robin,2,31,1,15.654,25.38,0.9999,0.9999,80,0,0,80,57,57,56,0.011561,0.008484,0.026916,1,1,1,2266.1
weighted_round_robin,2,32,11,15.616,25.369,0.9999,0.9999,80,0,0,80,61,60,60,0.011449,0.008484,0.026916,1,1,1,2266.1
weighted_round_robin,2,33,1,15.191,24.269,0.9999,0.9999,82,0,0,82,61,61,60,0.011449,0.00843,0.025693,1,1,1,2266.1
weighted_round_robin,2,34,11,15.193,24.225,0.9999,0.9999,80,0,0,80,65,64,64,0.011542,0.008403,0.025634,1,1,1,2266.1
weighted_round_robin,2,35,1,15.354,24.684,0.9999,0.9999,80,0,0,80,65,65,64,0.011463,0.008445,0.026153,1,1,1,2266.1
weighted_round_robin,2,36,11,15.384,24.752,1.0,1.0,82,0,0,82,69,68,68,0.011482,0.008444,0.026226,1,1,1,2266.1
weighted_round_robin,2,37,1,15.4,24.726,1.0,1.0,77,0,0,77,69,69,68,0.011564,0.008448,0.026189,1,1,1,2266.1
weighted_round_robin,2,38,11,15.385,24.722,1.0,1.0,77,0,0,77,73,72,72,0.011518,0.008448,0.026189,1,1,1,2266.1
weighted_round_robin,2,39,1,15.475,24.961,1.0,1.0,79,0,0,79,73,73,72,0.011518,0.008453,0.026455,1,1,1,2266.1
weighted_round_robin,2,40,11,15.38,24.65,1.0,1.0,80,0,0,80,77,76,76,0.011585,0.008453,0.026102,1,1,1,2266.1
weighted_round_robin,2,41,1,15.274,24.469,1.0,1.0,82,0,0,82,77,77,76,0.011534,0.008382,0.025906,1,1,1,2266.1
weighted_round_robin,2,42,11,15.415,24.668,1.0,1.0,79,0,0,79,81,80,80,0.011536,0.008582,0.026127,1,1,1,2266.1
weighted_round_robin,2,43,1,15.383,24.661,1.0,1.0,80,0,0,80,81,81,80,0.011566,0.008466,0.026116,1,1,1,2266.1
weighted_round_robin,2,44,11,15.637,24.737,1.0,1.0,80,0,0,80,85,84,84,0.012328,0.008466,0.026116,1,1,1,2266.1
weighted_round_robin,2,45,1,15.691,24.827,1.0,1.0,82,0,0,82,85,85,84,0.012328,0.008529,0.026216,1,1,1,2266.1
weighted_round_robin,2,46,11,15.553,24.492,1.0,1.0,77,0,0,77,89,88,88,0.01237,0.00845,0.025839,1,1,1,2266.1
weighted_round_robin,2,47,1,15.34,24.652,1.0,1.0,79,0,0,79,89,89,88,0.011454,0.008448,0.026118,1,1,1,2266.1
weighted_round_robin,2,48,11,15.326,24.573,1.0,1.0,80,0,0,80,93,92,92,0.011505,0.008448,0.026025,1,1,1,2266.1
weighted_round_robin,2,49,1,15.211,24.34,1.0,1.0,77,0,0,77,93,93,92,0.011509,0.008358,0.025766,1,1,1,2266.1
weighted_round_robin,2,50,1,15.314,24.363,1.0,1.0,77,0,0,77,93,93,93,0.011733,0.008443,0.025766,1,1,1,2266.1
weighted_round_robin,2,51,10,15.369,24.511,1.0,1.0,79,0,0,79,97,96,96,0.011733,0.008443,0.025931,1,1,1,2266.1
weighted_round_robin,2,52,1,15.674,25.354,1.0,1.0,80,0,0,80,97,97,96,0.011651,0.008493,0.026877,1,1,1,2266.1
weighted_round_robin,2,53,11,15.35,24.646,1.0,1.0,82,0,0,82,101,100,100,0.011512,0.008432,0.026105,1,1,1,2266.1
weighted_round_robin,2,54,1,15.665,24.791,1.0,1.0,77,0,0,77,101,101,100,0.011486,0.009241,0.026269,1,1,1,2266.1
weighted_round_robin,2,55,11,15.488,24.98,1.0,1.0,79,0,0,79,105,104,104,0.011535,0.008455,0.026474,1,1,1,2266.1
weighted_round_robin,2,56,1,15.575,24.982,1.0,1.0,79,0,0,79,105,105,104,0.011552,0.0087,0.026474,1,1,1,2266.1
weighted_round_robin,2,57,11,15.361,24.404,1.0,1.0,80,0,0,80,109,108,108,0.011552,0.0087,0.025832,1,1,1,2266.1
weighted_round_robin,2,58,1,15.454,24.915,1.0,1.0,78,0,0,78,109,109,108,0.011486,0.00847,0.026407,1,1,1,2266.1
weighted_round_robin,2,59,11,15.323,24.551,1.0,1.0,80,0,0,80,113,112,112,0.011533,0.00844,0.025997,1,1,1,2266.1
weighted_round_robin,2,60,1,15.353,24.649,1.0,1.0,81,0,0,81,113,113,112,0.011484,0.008463,0.026112,1,1,1,2266.1
weighted_round_robin,2,61,11,15.178,24.14,1.0,1.0,83,0,0,83,117,116,116,0.011554,0.008441,0.025538,1,1,1,2266.1
weighted_round_robin,2,62,1,15.691,24.818,1.0,1.0,81,0,0,81,117,117,116,0.01244,0.008439,0.026193,1,1,1,2266.1
weighted_round_robin,2,63,11,15.691,24.818,1.0,1.0,81,0,0,81,121,120,120,0.01244,0.008439,0.026193,1,1,1,2266.1
weighted_round_robin,2,64,1,15.368,24.759,1.0,1.0,83,0,0,83,121,121,120,0.011454,0.008414,0.026237,1,1,1,2266.1
weighted_round_robin,2,65,11,15.396,24.689,1.0,1.0,84,0,0,84,125,124,124,0.011573,0.00847,0.026146,1,1,1,2266.1
weighted_round_robin,2,66,1,15.553,24.696,1.0,1.0,80,0,0,80,125,125,124,0.011769,0.008759,0.026132,1,1,1,2266.1
weighted_round_robin,2,67,11,15.297,24.522,1.0,1.0,82,0,0,82,129,128,128,0.011502,0.008419,0.025969,1,1,1,2266.1
weighted_round_robin,2,68,1,15.315,24.52,1.0,1.0,83,0,0,83,129,129,128,0.011523,0.008459,0.025964,1,1,1,2266.1
weighted_round_robin,2,69,11,15.431,24.555,1.0,1.0,83,0,0,83,133,132,132,0.011871,0.008459,0.025964,1,1,1,2266.1
weighted_round_robin,2,70,1,15.395,24.457,1.0,1.0,85,0,0,85,133,133,132,0.011871,0.008458,0.025855,1,1,1,2266.1
weighted_round_robin,2,71,11,15.484,24.674,1.0,1.0,81,0,0,81,137,136,136,0.011551,0.008769,0.026132,1,1,1,2266.1
weighted_round_robin,2,72,1,15.477,24.692,1.0,1.0,83,0,0,83,137,137,136,0.011829,0.008481,0.026121,1,1,1,2266.1
weighted_round_robin,2,73,11,15.358,24.628,1.0,1.0,84,0,0,84,141,140,140,0.011503,0.008484,0.026086,1,1,1,2266.1
weighted_round_robin,2,74,1,15.358,24.686,1.0,1.0,80,0,0,80,141,141,140,0.011496,0.008427,0.026152,1,1,1,2266.1
weighted_round_robin,2,75,0,15.357,24.686,1.0,1.0,80,0,0,80,141,141,140,0.011491,0.008427,0.026152,1,1,1,2266.1
weighted_round_robin,2,76,11,15.327,24.657,1.0,1.0,82,0,0,82,145,144,144,0.011491,0.00837,0.02612,1,1,1,2266.1
weighted_round_robin,2,77,1,15.403,24.708,1.0,1.0,83,0,0,83,145,145,144,0.01156,0.008479,0.026169,1,1,1,2266.1
weighted_round_robin,2,78,11,15.397,24.745,1.0,1.0,80,0,0,80,149,148,148,0.011516,0.00846,0.026215,1,1,1,2266.1
weighted_round_robin,2,79,1,15.36,24.615,1.0,1.0,81,0,0,81,149,149,148,0.011531,0.008481,0.026069,1,1,1,2266.1
weighted_round_robin,2,80,11,15.716,25.322,1.0,1.0,83,0,0,83,153,152,152,0.01185,0.008478,0.026819,1,1,1,2266.1
weighted_round_robin,2,81,1,15.853,25.29,1.0,1.0,83,0,0,83,153,153,152,0.011533,0.009206,0.026819,1,1,1,2266.1
weighted_round_robin,2,82,11,15.628,24.685,1.0,1.0,84,0,0,84,157,156,156,0.011533,0.009206,0.026146,1,1,1,2266.1
weighted_round_robin,2,83,1,15.271,24.429,1.0,1.0,80,0,0,80,157,157,156,0.011475,0.008469,0.025868,1,1,1,2266.1
weighted_round_robin,2,84,11,15.363,24.603,1.0,1.0,82,0,0,82,161,160,160,0.011513,0.008519,0.026057,1,1,1,2266.1
weighted_round_robin,2,85,1,15.645,24.741,1.0,1.0,83,0,0,83,161,161,160,0.012371,0.008449,0.026115,1,1,1,2266.1
weighted_round_robin,2,86,11,15.36,24.62,1.0,1.0,80,0,0,80,165,164,164,0.011494,0.008509,0.026078,1,1,1,2266.1
weighted_round_robin,2,87,1,15.341,24.619,1.0,1.0,80,0,0,80,165,165,164,0.011488,0.008457,0.026078,1,1,1,2266.1
weighted_round_robin,2,88,11,15.339,24.613,1.0,1.0,81,0,0,81,169,168,168,0.011488,0.008457,0.026071,1,1,1,2266.1
weighted_round_robin,2,89,1,15.82,25.637,1.0,1.0,83,0,0,83,169,169,168,0.011854,0.008439,0.027168,1,1,1,2266.1
weighted_round_robin,2,90,11,15.487,24.768,1.0,1.0,84,0,0,84,173,172,172,0.011491,0.008727,0.026243,1,1,1,2266.1
weighted_round_robin,2,91,1,15.366,24.712,1.0,1.0,81,0,0,81,173,173,172,0.011469,0.008445,0.026183,1,1,1,2266.1
weighted_round_robin,2,92,11,15.644,25.308,1.0,1.0,83,0,0,83,177,176,176,0.011575,0.008524,0.026834,1,1,1,2266.1
weighted_round_robin,2,93,1,15.329,24.643,1.0,1.0,84,0,0,84,177,177,176,0.011519,0.008368,0.026101,1,1,1,2266.1
weighted_round_robin,3,0,0,15.484,24.878,1.0,1.0,0,0,0,0,0,0,0,0.011561,0.008532,0.026358,1,1,1,2115.4
weighted_round_robin,3,1,1,15.513,24.775,0.3333,0.3333,78,0,0,78,1,0,0,0.011735,0.008579,0.026224,1,1,1,2115.4
weighted_round_robin,3,2,1,15.585,25.061,0.6667,0.6667,73,0,0,73,1,1,0,0.011684,0.008523,0.026547,1,1,1,2115.4
weighted_round_robin,3,3,11,15.838,24.753,0.9883,0.9883,75,0,0,75,5,4,4,0.01302,0.008438,0.026057,1,1,1,2115.4
weighted_round_robin,3,4,1,15.384,24.615,0.9899,0.9899,75,0,0,75,5,5,4,0.011638,0.008457,0.026057,1,1,1,2115.4
weighted_round_robin,3,5,11,15.476,24.863,0.9968,0.9968,76,0,0,76,9,8,8,0.011638,0.008457,0.026333,1,1,1,2115.4
weighted_round_robin,3,6,1,15.352,24.347,0.9971,0.9971,73,0,0,73,9,9,8,0.011625,0.00867,0.025761,1,1,1,2115.4
weighted_round_robin,3,7,11,15.271,24.361,0.9985,0.9985,75,0,0,75,13,12,12,0.011554,0.008476,0.025784,1,1,1,2115.4
weighted_round_robin,3,8,1,15.56,24.969,0.9986,0.9986,76,0,0,76,13,13,12,0.011643,0.008588,0.02645,1,1,1,2115.4
weighted_round_robin,3,9,11,15.469,24.841,0.9992,0.9992,78,0,0,78,17,16,16,0.011684,0.00842,0.026303,1,1,1,2115.4
weighted_round_robin,3,10,1,15.469,24.841,0.9992,0.9992,78,0,0,78,17,17,16,0.011684,0.00842,0.026303,1,1,1,2115.4
weighted_round_robin,3,11,11,15.84,24.962,0.9995,0.9995,73,0,0,73,21,20,20,0.012464,0.008704,0.026351,1,1,1,2115.4
weighted_round_robin,3,12,1,15.314,24.603,0.9995,0.9995,75,0,0,75,21,21,20,0.011526,0.00836,0.026056,1,1,1,2115.4
weighted_round_robin,3,13,11,15.348,24.669,0.9996,0.9996,77,0,0,77,25,24,24,0.011545,0.008373,0.026127,1,1,1,2115.4
weighted_round_robin,3,14,1,15.482,24.719,0.9996,0.9996,73,0,0,73,25,25,24,0.011543,0.00872,0.026183,1,1,1,2115.4
weighted_round_robin,3,15,11,15.489,24.721,0.9997,0.9997,73,0,0,73,29,28,28,0.011564,0.00872,0.026183,1,1,1,2115.4
weighted_round_robin,3,16,1,15.545,25.147,0.9997,0.9997,75,0,0,75,29,29,28,0.011564,0.008415,0.026656,1,1,1,2115.4
weighted_round_robin,3,17,11,15.371,24.579,0.9998,0.9998,76,0,0,76,33,32,32,0.011634,0.008462,0.026017,1,1,1,2115.4
weighted_round_robin,3,18,1,15.595,25.031,0.9998,0.9998,74,0,0,74,33,33,32,0.011558,0.0087,0.026528,1,1,1,2115.4
weighted_round_robin,3,19,11,15.287,24.479,0.9998,0.9998,76,0,0,76,37,36,36,0.011525,0.008418,0.025918,1,1,1,2115.4
weighted_round_robin,3,20,1,15.654,24.504,0.9998,0.9998,76,0,0,76,37,37,36,0.011774,0.009271,0.025918,1,1,1,2115.4
weighted_round_robin,3,21,11,15.801,24.9,0.9999,0.9999,77,0,0,77,41,40,40,0.011774,0.009271,0.026359,1,1,1,2115.4
weighted_round_robin,3,22,1,15.576,24.924,0.9999,0.9999,79,0,0,79,41,41,40,0.011993,0.008375,0.026361,1,1,1,2115.4
weighted_round_robin,3,23,11,15.466,24.841,0.9999,0.9999,74,0,0,74,45,44,44,0.011636,0.008453,0.026308,1,1,1,2115.4
weighted_round_robin,3,24,0,15.385,24.701,0.9999,0.9999,76,0,0,76,45,44,44,0.011584,0.008413,0.026158,1,1,1,2115.4
weighted_round_robin,3,25,1,15.474,24.916,0.9999,0.9999,77,0,0,77,45,45,44,0.011623,0.008406,0.026393,1,1,1,2115.4
weighted_round_robin,3,26,11,15.426,24.902,0.9999,0.9999,77,0,0,77,49,48,48,0.011479,0.008406,0.026393,1,1,1,2115.4
weighted_round_robin,3,27,1,15.496,25.007,0.9999,0.9999,74,0,0,74,49,49,48,0.011479,0.008498,0.02651,1,1,1,2115.4
weighted_round_robin,3,28,11,15.669,25.356,0.9999,0.9999,76,0,0,76,53,52,52,0.011794,0.00835,0.026863,1,1,1,2115.4
weighted_round_robin,3,29,1,15.601,24.849,0.9999,0.9999,77,0,0,77,53,53,52,0.012144,0.008397,0.026261,1,1,1,2115.4
weighted_round_robin,3,30,11,15.52,25.085,0.9999,0.9999,73,0,0,73,57,56,56,0.01153,0.008439,0.026591,1,1,1,2115.4
weighted_round_robin,3,31,1,15.841,25.178,0.9999,0.9999,73,0,0,73,57,57,56,0.01246,0.008471,0.026591,1,1,1,2115.4
weighted_round_robin,3,32,11,15.746,24.922,0.9999,0.9999,74,0,0,74,61,60,60,0.01246,0.008471,0.026307,1,1,1,2115.4
weighted_round_robin,3,33,1,15.757,25.517,0.9999,0.9999,76,0,0,76,61,61,60,0.011563,0.008642,0.027067,1,1,1,2115.4
weighted_round_robin,3,34,11,15.389,24.733,0.9999,0.9999,78,0,0,78,65,64,64,0.011508,0.008455,0.026203,1,1,1,2115.4
weighted_round_robin,3,35,1,15.562,24.777,0.9999,0.9999,74,0,0,74,65,65,64,0.011568,0.008873,0.026245,1,1,1,2115.4
weighted_round_robin,3,36,11,15.68,24.682,1.0,1.0,76,0,0,76,69,68,68,0.012493,0.008512,0.026036,1,1,1,2115.4
weighted_round_robin,3,37,1,15.68,24.682,1.0,1.0,76,0,0,76,69,69,68,0.012493,0.008512,0.026036,1,1,1,2115.4
weighted_round_robin,3,38,11,15.681,25.325,1.0,1.0,77,0,0,77,73,72,72,0.011772,0.00844,0.026831,1,1,1,2115.4
weighted_round_robin,3,39,1,15.392,24.647,1.0,1.0,73,0,0,73,73,73,72,0.011591,0.008486,0.026098,1,1,1,2115.4
weighted_round_robin,3,40,11,15.305,24.288,1.0,1.0,76,0,0,76,77,76,76,0.01153,0.00868,0.025706,1,1,1,2115.4
weighted_round_robin,3,41,1,15.642,24.622,1.0,1.0,76,0,0,76,77,77,76,0.011732,0.009141,0.026054,1,1,1,2115.4
weighted_round_robin,3,42,11,15.642,24.622,1.0,1.0,76,0,0,76,81,80,80,0.011732,0.009141,0.026054,1,1,1,2115.4
weighted_round_robin,3,43,1,15.522,25.033,1.0,1.0,73,0,0,73,81,81,80,0.011569,0.008469,0.026529,1,1,1,2115.4
weighted_round_robin,3,44,11,15.506,24.949,1.0,1.0,74,0,0,74,85,84,84,0.011543,0.008536,0.026439,1,1,1,2115.4
weighted_round_robin,3,45,1,15.421,24.823,1.0,1.0,76,0,0,76,85,85,84,0.011535,0.008427,0.0263,1,1,1,2115.4
weighted_round_robin,3,46,11,15.372,24.648,1.0,1.0,77,0,0,77,89,88,88,0.011512,0.008496,0.026107,1,1,1,2115.4
weighted_round_robin,3,47,0,15.451,24.674,1.0,1.0,77,0,0,77,89,88,88,0.011773,0.008474,0.026107,1,1,1,2115.4
weighted_round_robin,3,48,1,15.456,24.686,1.0,1.0,74,0,0,74,89,89,88,0.011773,0.008474,0.026121,1,1,1,2115.4
weighted_round_robin,3,49,11,15.423,24.832,1.0,1.0,76,0,0,76,93,92,92,0.011486,0.008467,0.026315,1,1,1,2115.4
weighted_round_robin,3,50,1,15.448,24.89,1.0,1.0,77,0,0,77,93,93,92,0.011545,0.008426,0.026373,1,1,1,2115.4
weighted_round_robin,3,51,11,15.774,24.79,1.0,1.0,73,0,0,73,97,96,96,0.012481,0.008682,0.026158,1,1,1,2115.4
weighted_round_robin,3,52,1,15.671,24.735,1.0,1.0,74,0,0,74,97,97,96,0.011547,0.009266,0.0262,1,1,1,2115.4
weighted_round_robin,3,53,11,15.671,24.735,1.0,1.0,74,0,0,74,101,100,100,0.011547,0.009266,0.0262,1,1,1,2115.4
weighted_round_robin,3,54,1,15.449,24.761,1.0,1.0,76,0,0,76,101,101,100,0.011568,0.008552,0.026227,1,1,1,2115.4
weighted_round_robin,3,55,11,15.47,24.92,1.0,1.0,75,0,0,75,105,104,104,0.011641,0.008373,0.026396,1,1,1,2115.4
weighted_round_robin,3,56,1,15.52,25.035,1.0,1.0,76,0,0,76,105,105,104,0.011599,0.008434,0.026528,1,1,1,2115.4
weighted_round_robin,3,57,11,15.547,24.905,1.0,1.0,78,0,0,78,109,108,108,0.011829,0.008453,0.026358,1,1,1,2115.4
weighted_round_robin,3,58,1,15.47,24.882,1.0,1.0,78,0,0,78,109,109,108,0.011598,0.008453,0.026358,1,1,1,2115.4
weighted_round_robin,3,59,11,15.44,24.797,1.0,1.0,79,0,0,79,113,112,112,0.011598,0.008458,0.026264,1,1,1,2115.4
weighted_round_robin,3,60,1,15.37,24.653,1.0,1.0,78,0,0,78,113,113,112,0.011575,0.008428,0.026106,1,1,1,2115.4
weighted_round_robin,3,61,11,15.658,24.622,1.0,1.0,79,0,0,79,117,116,116,0.011573,0.009329,0.026072,1,1,1,2115.4
weighted_round_robin,3,62,1,15.485,24.992,1.0,1.0,81,0,0,81,117,117,116,0.011454,0.008504,0.026496,1,1,1,2115.4
weighted_round_robin,3,63,11,15.594,25.032,1.0,1.0,81,0,0,81,121,120,120,0.011855,0.008431,0.026496,1,1,1,2115.4
weighted_round_robin,3,64,1,15.608,25.069,1.0,1.0,79,0,0,79,121,121,120,0.011855,0.008431,0.026537,1,1,1,2115.4
weighted_round_robin,3,65,11,15.639,25.374,1.0,1.0,80,0,0,80,125,124,124,0.011556,0.008451,0.026909,1,1,1,2115.4
weighted_round_robin,3,66,1,15.343,24.524,1.0,1.0,82,0,0,82,125,125,124,0.011599,0.00847,0.02596,1,1,1,2115.4
weighted_round_robin,3,67,11,15.564,25.164,1.0,1.0,78,0,0,78,129,128,128,0.011588,0.008431,0.026672,1,1,1,2115.4
weighted_round_robin,3,68,1,15.323,24.536,1.0,1.0,80,0,0,80,129,129,128,0.011599,0.008398,0.025973,1,1,1,2115.4
weighted_round_robin,3,69,11,15.323,24.536,1.0,1.0,80,0,0,80,133,132,132,0.011599,0.008398,0.025973,1,1,1,2115.4
weighted_round_robin,3,70,1,15.477,24.957,1.0,1.0,82,0,0,82,133,133,132,0.011523,0.008459,0.02645,1,1,1,2115.4
weighted_round_robin,3,71,1,15.736,24.898,1.0,1.0,83,0,0,83,133,133,133,0.011601,0.009232,0.026375,1,1,1,2115.4
weighted_round_robin,3,72,10,15.416,24.744,1.0,1.0,79,0,0,79,137,136,136,0.011564,0.008474,0.026209,1,1,1,2115.4
weighted_round_robin,3,73,1,15.556,24.728,1.0,1.0,80,0,0,80,137,137,136,0.011666,0.008822,0.026179,1,1,1,2115.4
weighted_round_robin,3,74,11,15.37,24.709,1.0,1.0,80,0,0,80,141,140,140,0.011481,0.008451,0.026179,1,1,1,2115.4
weighted_round_robin,3,75,1,15.351,24.658,1.0,1.0,82,0,0,82,141,141,140,0.011481,0.008451,0.026122,1,1,1,2115.4
weighted_round_robin,3,76,11,15.516,25.087,1.0,1.0,78,0,0,78,145,144,144,0.011517,0.008435,0.026595,1,1,1,2115.4
weighted_round_robin,3,77,1,15.628,25.545,1.0,1.0,80,0,0,80,145,145,144,0.011386,0.00838,0.027118,1,1,1,2115.4
weighted_round_robin,3,78,11,15.394,24.572,1.0,1.0,83,0,0,83,149,148,148,0.011794,0.008395,0.025992,1,1,1,2115.4
weighted_round_robin,3,79,1,15.426,24.763,1.0,1.0,79,0,0,79,149,149,148,0.011596,0.008457,0.026226,1,1,1,2115.4
weighted_round_robin,3,80,11,15.397,24.754,1.0,1.0,79,0,0,79,153,152,152,0.011509,0.008457,0.026226,1,1,1,2115.4
weighted_round_robin,3,81,1,15.913,25.941,1.0,1.0,81,0,0,81,153,153,152,0.011509,0.008684,0.027545,1,1,1,2115.4
weighted_round_robin,3,82,11,15.383,24.738,1.0,1.0,82,0,0,82,157,156,156,0.011523,0.008419,0.026206,1,1,1,2115.4
weighted_round_robin,3,83,1,15.744,24.776,1.0,1.0,84,0,0,84,157,157,156,0.011869,0.009152,0.02621,1,1,1,2115.4
weighted_round_robin,3,84,11,15.256,24.523,1.0,1.0,80,0,0,80,161,160,160,0.011316,0.008462,0.02599,1,1,1,2115.4
weighted_round_robin,3,85,1,15.4,24.57,1.0,1.0,80,0,0,80,161,161,160,0.011793,0.008416,0.02599,1,1,1,2115.4
weighted_round_robin,3,86,11,15.583,25.064,1.0,1.0,81,0,0,81,165,164,164,0.011793,0.008416,0.026539,1,1,1,2115.4
weighted_round_robin,3,87,1,15.883,25.345,1.0,1.0,83,0,0,83,165,165,164,0.012384,0.008479,0.026785,1,1,1,2115.4
weighted_round_robin,3,88,11,15.363,24.695,1.0,1.0,79,0,0,79,169,168,168,0.011534,0.008397,0.026157,1,1,1,2115.4
weighted_round_robin,3,89,1,15.599,24.893,1.0,1.0,81,0,0,81,169,169,168,0.011892,0.008566,0.026338,1,1,1,2115.4
weighted_round_robin,3,90,11,15.95,25.136,1.0,1.0,83,0,0,83,173,172,172,0.011515,0.009685,0.02665,1,1,1,2115.4
weighted_round_robin,3,91,1,15.949,25.136,1.0,1.0,83,0,0,83,173,173,172,0.011513,0.009685,0.02665,1,1,1,2115.4
weighted_round_robin,3,92,11,15.346,24.669,1.0,1.0,79,0,0,79,177,176,176,0.011513,0.008394,0.026131,1,1,1,2115.4
weighted_round_robin,3,93,0,16.013,25.377,1.0,1.0,81,0,0,81,177,176,176,0.012663,0.008586,0.02679,1,1,1,2115.4
weighted_round_robin,3,94,1,15.566,24.979,1.0,1.0,82,0,0,82,177,177,176,0.011825,0.008433,0.02644,1,1,1,2115.4
weighted_round_robin,3,95,11,15.503,24.748,1.0,1.0,84,0,0,84,181,180,180,0.011865,0.008465,0.02618,1,1,1,2115.4
weighted_round_robin,3,96,2,15.399,24.755,1.0,1.0,79,0,0,79,181,181,181,0.011523,0.008449,0.026225,1,1,1,2115.4
weighted_round_robin,3,97,10,15.399,24.755,1.0,1.0,79,0,0,79,185,184,184,0.011523,0.008449,0.026225,1,1,1,2115.4
weighted_round_robin,3,98,1,15.504,24.696,1.0,1.0,81,0,0,81,185,185,184,0.01193,0.008469,0.026114,1,1,1,2115.4
weighted_round_robin,3,99,11,15.449,24.919,1.0,1.0,83,0,0,83,189,188,188,0.011494,0.008442,0.026411,1,1,1,2115.4
weighted_round_robin,3,100,1,15.55,25.201,1.0,1.0,79,0,0,79,189,189,188,0.011537,0.008393,0.026719,1,1,1,2115.4
weighted_round_robin,3,101,11,15.54,25.14,1.0,1.0,81,0,0,81,193,192,192,0.011548,0.008422,0.02665,1,1,1,2115.4
weighted_round_robin,3,102,1,15.54,25.14,1.0,1.0,81,0,0,81,193,193,192,0.011548,0.008422,0.02665,1,1,1,2115.4
weighted_round_robin,3,103,11,15.393,24.735,1.0,1.0,82,0,0,82,197,196,196,0.01163,0.008357,0.026191,1,1,1,2115.4
weighted_round_robin,3,104,1,15.46,24.821,1.0,1.0,79,0,0,79,197,197,196,0.011688,0.008411,0.02628,1,1,1,2115.4
weighted_round_robin,3,105,11,15.343,24.433,1.0,1.0,82,0,0,82,201,200,200,0.011775,0.008413,0.02584,1,1,1,2115.4
weighted_round_robin,3,106,1,15.689,25.077,1.0,1.0,82,0,0,82,201,201,200,0.011729,0.008778,0.02656,1,1,1,2115.4
weighted_round_robin,3,107,11,15.607,25.081,1.0,1.0,82,0,0,82,205,204,204,0.01177,0.008492,0.02656,1,1,1,2115.4
weighted_round_robin,3,108,1,15.558,24.949,1.0,1.0,84,0,0,84,205,205,204,0.01177,0.008492,0.026413,1,1,1,2115.4
weighted_round_robin,3,109,11,15.675,25.294,1.0,1.0,79,0,0,79,209,208,208,0.011763,0.008464,0.026797,1,1,1,2115.4
weighted_round_robin,3,110,1,15.337,24.606,1.0,1.0,81,0,0,81,209,209,208,0.011457,0.008487,0.026067,1,1,1,2115.4
weighted_round_robin,3,111,11,16.089,25.498,1.0,1.0,82,0,0,82,213,212,212,0.012591,0.008744,0.026932,1,1,1,2115.4
weighted_round_robin,3,112,1,15.357,24.749,1.0,1.0,79,0,0,79,213,213,212,0.011554,0.008303,0.026215,1,1,1,2115.4
weighted_round_robin,3,113,11,15.357,24.749,1.0,1.0,79,0,0,79,217,216,216,0.011554,0.008303,0.026215,1,1,1,2115.4
weighted_round_robin,3,114,1,15.703,24.793,1.0,1.0,81,0,0,81,217,217,216,0.012482,0.008466,0.026161,1,1,1,2115.4
weighted_round_robin,3,115,1,15.899,25.062,1.0,1.0,82,0,0,82,217,217,217,0.011979,0.009201,0.026516,1,1,1,2115.4
weighted_round_robin,3,116,10,15.489,25.002,1.0,1.0,79,0,0,79,221,220,220,0.011552,0.008418,0.026496,1,1,1,2115.4
weighted_round_robin,3,117,1,15.633,25.055,1.0,1.0,80,0,0,80,221,221,220,0.011773,0.008595,0.026531,1,1,1,2115.4
weighted_round_robin,3,118,11,15.56,25.033,1.0,1.0,80,0,0,80,225,224,224,0.011553,0.008595,0.026531,1,1,1,2115.4
weighted_round_robin,3,119,1,15.509,25.031,1.0,1.0,82,0,0,82,225,225,224,0.011553,0.008445,0.026529,1,1,1,2115.4
weighted_round_robin,4,0,0,15.444,24.827,1.0,1.0,0,0,0,0,0,0,0,0.011589,0.008446,0.026298,1,1,1,1938.5
weighted_round_robin,4,1,1,15.434,24.925,0.3333,0.3333,78,0,0,78,1,0,0,0.011501,0.008385,0.026417,1,1,1,1938.5
weighted_round_robin,4,2,1,15.344,24.558,0.6667,0.6667,79,0,0,79,1,1,0,0.011575,0.008455,0.026001,1,1,1,1938.5
weighted_round_robin,4,3,11,15.51,24.798,0.9883,0.9883,76,0,0,76,5,4,4,0.011554,0.008706,0.02627,1,1,1,1938.5
weighted_round_robin,4,4,1,15.509,24.798,0.9899,0.9899,76,0,0,76,5,5,4,0.011552,0.008706,0.02627,1,1,1,1938.5
weighted_round_robin,4,5,11,15.458,24.94,0.9968,0.9968,77,0,0,77,9,8,8,0.011552,0.008394,0.026428,1,1,1,1938.5
weighted_round_robin,4,6,1,15.523,24.379,0.9971,0.9971,79,0,0,79,9,9,8,0.012282,0.008564,0.025723,1,1,1,1938.5
weighted_round_robin,4,7,11,15.697,25.471,0.9985,0.9985,81,0,0,81,13,12,12,0.011459,0.008605,0.027028,1,1,1,1938.5
weighted_round_robin,4,8,1,15.478,24.921,0.9986,0.9986,76,0,0,76,13,13,12,0.011528,0.008498,0.026409,1,1,1,1938.5
weighted_round_robin,4,9,11,15.469,24.696,0.9992,0.9992,78,0,0,78,17,16,16,0.011876,0.008411,0.02612,1,1,1,1938.5
weighted_round_robin,4,10,1,15.469,24.696,0.9992,0.9992,78,0,0,78,17,17,16,0.011876,0.008411,0.02612,1,1,1,1938.5
weighted_round_robin,4,11,11,15.543,24.78,0.9995,0.9995,79,0,0,79,21,20,20,0.011937,0.008486,0.026207,1,1,1,1938.5
weighted_round_robin,4,12,1,15.347,24.577,0.9995,0.9995,76,0,0,76,21,21,20,0.011558,0.008458,0.026024,1,1,1,1938.5
weighted_round_robin,4,13,11,15.776,25.631,0.9996,0.9996,78,0,0,78,25,24,24,0.011655,0.00849,0.027184,1,1,1,1938.5
weighted_round_robin,4,14,1,16.141,25.991,0.9996,0.9996,79,0,0,79,25,25,24,0.012522,0.008413,0.027488,1,1,1,1938.5
weighted_round_robin,4,15,11,15.909,25.922,0.9997,0.9997,79,0,0,79,29,28,28,0.011826,0.008413,0.027488,1,1,1,1938.5
weighted_round_robin,4,16,1,15.867,24.961,0.9997,0.9997,75,0,0,75,29,29,28,0.011826,0.009356,0.02642,1,1,1,1938.5
weighted_round_robin,4,17,11,15.589,24.643,0.9998,0.9998,76,0,0,76,33,32,32,0.011916,0.008793,0.026057,1,1,1,1938.5
weighted_round_robin,4,18,1,15.251,24.476,0.9998,0.9998,78,0,0,78,33,33,32,0.011445,0.008383,0.025924,1,1,1,1938.5
weighted_round_robin,4,19,11,15.393,24.56,0.9998,0.9998,81,0,0,81,37,36,36,0.011758,0.00844,0.025982,1,1,1,1938.5
weighted_round_robin,4,20,1,15.391,24.543,0.9998,0.9998,81,0,0,81,37,37,36,0.011595,0.008595,0.025982,1,1,1,1938.5
weighted_round_robin,4,21,11,15.604,25.119,0.9999,0.9999,76,0,0,76,41,40,40,0.011595,0.008595,0.026622,1,1,1,1938.5
weighted_round_robin,4,22,1,15.436,24.818,0.9999,0.9999,78,0,0,78,41,41,40,0.011548,0.008468,0.026292,1,1,1,1938.5
weighted_round_robin,4,23,11,15.306,24.436,0.9999,0.9999,79,0,0,79,45,44,44,0.011467,0.008573,0.025877,1,1,1,1938.5
weighted_round_robin,4,24,1,15.378,24.494,0.9999,0.9999,76,0,0,76,45,45,44,0.011874,0.008363,0.025896,1,1,1,1938.5
weighted_round_robin,4,25,0,15.626,24.579,0.9999,0.9999,77,0,0,77,45,45,44,0.011541,0.009309,0.026028,1,1,1,1938.5
weighted_round_robin,4,26,11,15.626,24.579,0.9999,0.9999,77,0,0,77,49,48,48,0.011541,0.009309,0.026028,1,1,1,1938.5
weighted_round_robin,4,27,1,15.708,25.38,0.9999,0.9999,79,0,0,79,49,49,48,0.011619,0.008596,0.026909,1,1,1,1938.5
weighted_round_robin,4,28,11,15.366,24.654,0.9999,0.9999,75,0,0,75,53,52,52,0.01153,0.008455,0.026112,1,1,1,1938.5
weighted_round_robin,4,29,1,15.458,24.654,0.9999,0.9999,76,0,0,76,53,53,52,0.011566,0.008699,0.026108,1,1,1,1938.5
weighted_round_robin,4,30,11,15.509,24.996,0.9999,0.9999,78,0,0,78,57,56,56,0.011574,0.008467,0.026487,1,1,1,1938.5
weighted_round_robin,4,31,1,15.566,25.017,0.9999,0.9999,78,0,0,78,57,57,56,0.011784,0.008426,0.026487,1,1,1,1938.5
weighted_round_robin,4,32,11,15.594,25.093,0.9999,0.9999,79,0,0,79,61,60,60,0.011784,0.008426,0.026572,1,1,1,1938.5
weighted_round_robin,4,33,1,15.441,24.819,0.9999,0.9999,76,0,0,76,61,61,60,0.011571,0.008461,0.026291,1,1,1,1938.5
weighted_round_robin,4,34,11,15.535,25.12,0.9999,0.9999,78,0,0,78,65,64,64,0.011573,0.008407,0.026625,1,1,1,1938.5
weighted_round_robin,4,35,1,15.382,24.686,0.9999,0.9999,79,0,0,79,65,65,64,0.011587,0.008418,0.026142,1,1,1,1938.5
weighted_round_robin,4,36,11,15.619,24.352,1.0,1.0,76,0,0,76,69,68,68,0.011829,0.009285,0.025744,1,1,1,1938.5
weighted_round_robin,4,37,1,15.619,24.352,1.0,1.0,76,0,0,76,69,69,68,0.011829,0.009285,0.025744,1,1,1,1938.5
weighted_round_robin,4,38,11,15.574,25.117,1.0,1.0,77,0,0,77,73,72,72,0.011516,0.008579,0.026628,1,1,1,1938.5
weighted_round_robin,4,39,1,15.425,24.76,1.0,1.0,79,0,0,79,73,73,72,0.011572,0.008477,0.026225,1,1,1,1938.5
weighted_round_robin,4,40,11,15.441,24.648,1.0,1.0,75,0,0,75,77,76,76,0.011814,0.008434,0.026074,1,1,1,1938.5
weighted_round_robin,4,41,1,15.456,25.018,1.0,1.0,76,0,0,76,77,77,76,0.011461,0.008383,0.026524,1,1,1,1938.5
weighted_round_robin,4,42,11,15.602,25.053,1.0,1.0,76,0,0,76,81,80,80,0.011819,0.008462,0.026524,1,1,1,1938.5
weighted_round_robin,4,43,1,15.562,24.945,1.0,1.0,78,0,0,78,81,81,80,0.011819,0.008462,0.026404,1,1,1,1938.5
weighted_round_robin,4,44,11,15.354,24.638,1.0,1.0,79,0,0,79,85,84,84,0.011608,0.008369,0.026086,1,1,1,1938.5
weighted_round_robin,4,45,1,15.553,24.93,1.0,1.0,76,0,0,76,85,85,84,0.01156,0.008684,0.026415,1,1,1,1938.5
weighted_round_robin,4,46,11,15.762,24.793,1.0,1.0,77,0,0,77,89,88,88,0.011513,0.009503,0.026269,1,1,1,1938.5
weighted_round_robin,4,47,1,15.441,24.709,1.0,1.0,79,0,0,79,89,89,88,0.011587,0.008569,0.026167,1,1,1,1938.5
weighted_round_robin,4,48,7,15.441,24.709,1.0,1.0,79,0,0,79,91,91,91,0.011587,0.008569,0.026167,1,1,1,1938.5
weighted_round_robin,4,49,4,15.261,24.464,1.0,1.0,77,0,0,77,93,92,92,0.011438,0.008433,0.025911,1,1,1,1938.5
weighted_round_robin,4,50,1,15.429,24.688,1.0,1.0,78,0,0,78,93,93,92,0.011759,0.008403,0.026124,1,1,1,1938.5
weighted_round_robin,4,51,11,15.273,24.573,1.0,1.0,80,0,0,80,97,96,96,0.011456,0.008333,0.02603,1,1,1,1938.5
weighted_round_robin,4,52,1,15.382,24.724,1.0,1.0,81,0,0,81,97,97,96,0.011547,0.00841,0.026188,1,1,1,1938.5
weighted_round_robin,4,53,11,15.452,24.746,1.0,1.0,81,0,0,81,101,100,100,0.011765,0.008403,0.026188,1,1,1,1938.5
weighted_round_robin,4,54,1,15.544,24.993,1.0,1.0,77,0,0,77,101,101,100,0.011765,0.008403,0.026463,1,1,1,1938.5
weighted_round_robin,4,55,11,15.443,24.882,1.0,1.0,79,0,0,79,105,104,104,0.011573,0.008394,0.026361,1,1,1,1938.5
weighted_round_robin,4,56,1,15.869,25.06,1.0,1.0,80,0,0,80,105,105,104,0.012492,0.008658,0.026456,1,1,1,1938.5
weighted_round_robin,4,57,11,15.609,25.111,1.0,1.0,77,0,0,77,109,108,108,0.01182,0.00842,0.026588,1,1,1,1938.5
weighted_round_robin,4,58,1,15.553,25.007,1.0,1.0,78,0,0,78,109,109,108,0.01173,0.008448,0.026482,1,1,1,1938.5
weighted_round_robin,4,59,11,15.553,25.007,1.0,1.0,78,0,0,78,113,112,112,0.01173,0.008448,0.026482,1,1,1,1938.5
weighted_round_robin,4,60,1,15.347,24.579,1.0,1.0,80,0,0,80,113,113,112,0.011543,0.008472,0.026027,1,1,1,1938.5
weighted_round_robin,4,61,11,15.698,24.814,1.0,1.0,78,0,0,78,117,116,116,0.011499,0.0093,0.026294,1,1,1,1938.5
weighted_round_robin,4,62,1,15.627,25.42,1.0,1.0,80,0,0,80,117,117,116,0.011551,0.00837,0.026961,1,1,1,1938.5
weighted_round_robin,4,63,11,15.566,24.194,1.0,1.0,82,0,0,82,121,120,120,0.012223,0.008952,0.025524,1,1,1,1938.5
weighted_round_robin,4,64,1,15.182,24.134,1.0,1.0,82,0,0,82,121,121,120,0.011625,0.008396,0.025524,1,1,1,1938.5
weighted_round_robin,4,65,11,15.505,25.007,1.0,1.0,83,0,0,83,125,124,124,0.011625,0.008396,0.026494,1,1,1,1938.5
weighted_round_robin,4,66,1,15.86,25.091,1.0,1.0,79,0,0,79,125,125,124,0.012451,0.008635,0.026495,1,1,1,1938.5
weighted_round_robin,4,67,11,15.601,25.136,1.0,1.0,80,0,0,80,129,128,128,0.011541,0.008615,0.026647,1,1,1,1938.5
weighted_round_robin,4,68,1,15.492,24.879,1.0,1.0,82,0,0,82,129,129,128,0.011673,0.008458,0.026346,1,1,1,1938.5
weighted_round_robin,4,69,11,15.391,24.858,1.0,1.0,80,0,0,80,133,132,132,0.011544,0.008291,0.026337,1,1,1,1938.5
weighted_round_robin,4,70,1,15.391,24.858,1.0,1.0,80,0,0,80,133,133,132,0.011544,0.008291,0.026337,1,1,1,1938.5
weighted_round_robin,4,71,1,15.534,24.885,1.0,1.0,81,0,0,81,133,133,133,0.011579,0.008661,0.026363,1,1,1,1938.5
weighted_round_robin,4,72,10,15.315,24.496,1.0,1.0,83,0,0,83,137,136,136,0.011563,0.008449,0.025933,1,1,1,1938.5
weighted_round_robin,4,73,1,15.495,24.682,1.0,1.0,79,0,0,79,137,137,136,0.011938,0.008448,0.026098,1,1,1,1938.5
weighted_round_robin,4,74,11,15.206,24.277,1.0,1.0,81,0,0,81,141,140,140,0.011494,0.008426,0.025697,1,1,1,1938.5
weighted_round_robin,4,75,1,15.498,24.298,1.0,1.0,81,0,0,81,141,141,140,0.011704,0.009093,0.025697,1,1,1,1938.5
weighted_round_robin,4,76,11,15.946,25.507,1.0,1.0,82,0,0,82,145,144,144,0.011704,0.009093,0.027041,1,1,1,1938.5
weighted_round_robin,4,77,1,15.624,25.255,1.0,1.0,83,0,0,83,145,145,144,0.011628,0.008476,0.026769,1,1,1,1938.5
weighted_round_robin,4,78,11,15.626,25.249,1.0,1.0,79,0,0,79,149,148,148,0.011562,0.008547,0.02677,1,1,1,1938.5
weighted_round_robin,4,79,1,15.346,24.496,1.0,1.0,80,0,0,80,149,149,148,0.011576,0.00853,0.025932,1,1,1,1938.5
weighted_round_robin,4,80,11,15.317,24.496,1.0,1.0,80,0,0,80,153,152,152,0.011571,0.008449,0.025932,1,1,1,1938.5
weighted_round_robin,4,81,1,15.376,24.655,1.0,1.0,82,0,0,82,153,153,152,0.011571,0.008449,0.026109,1,1,1,1938.5
weighted_round_robin,4,82,11,15.963,25.583,1.0,1.0,78,0,0,78,157,156,156,0.012087,0.008718,0.027083,1,1,1,1938.5
weighted_round_robin,4,83,1,15.502,24.999,1.0,1.0,80,0,0,80,157,157,156,0.011559,0.008455,0.026492,1,1,1,1938.5
weighted_round_robin,4,84,11,15.514,24.648,1.0,1.0,82,0,0,82,161,160,160,0.011565,0.008876,0.026102,1,1,1,1938.5
weighted_round_robin,4,85,1,15.74,25.522,1.0,1.0,78,0,0,78,161,161,160,0.01166,0.008497,0.027062,1,1,1,1938.5
weighted_round_robin,4,86,11,15.74,25.522,1.0,1.0,78,0,0,78,165,164,164,0.01166,0.008497,0.027062,1,1,1,1938.5
weighted_round_robin,4,87,1,15.577,25.108,1.0,1.0,80,0,0,80,165,165,164,0.011625,0.0085,0.026606,1,1,1,1938.5
weighted_round_robin,4,88,11,15.736,25.532,1.0,1.0,81,0,0,81,169,168,168,0.011765,0.008382,0.027062,1,1,1,1938.5
weighted_round_robin,4,89,1,15.34,24.47,1.0,1.0,83,0,0,83,169,169,168,0.011604,0.008516,0.0259,1,1,1,1938.5
weighted_round_robin,4,90,11,15.528,25.262,1.0,1.0,79,0,0,79,173,172,172,0.011526,0.008271,0.026788,1,1,1,1938.5
weighted_round_robin,4,91,1,15.55,25.268,1.0,1.0,79,0,0,79,173,173,172,0.011592,0.008271,0.026788,1,1,1,1938.5
weighted_round_robin,4,92,11,15.401,24.638,1.0,1.0,80,0,0,80,177,176,176,0.011592,0.008522,0.026088,1,1,1,1938.5
weighted_round_robin,4,93,1,15.665,24.585,1.0,1.0,82,0,0,82,177,177,176,0.012505,0.008564,0.025927,1,1,1,1938.5
weighted_round_robin,4,94,11,15.346,24.483,1.0,1.0,78,0,0,78,181,180,180,0.01157,0.008549,0.025918,1,1,1,1938.5
weighted_round_robin,4,95,0,15.943,26.023,1.0,1.0,80,0,0,80,181,180,180,0.011537,0.00866,0.027633,1,1,1,1938.5
weighted_round_robin,4,96,1,15.849,26.021,1.0,1.0,80,0,0,80,181,181,180,0.011509,0.008404,0.027633,1,1,1,1938.5
weighted_round_robin,4,97,11,15.213,24.304,1.0,1.0,82,0,0,82,185,184,184,0.011509,0.008404,0.025726,1,1,1,1938.5
weighted_round_robin,4,98,1,15.417,24.745,1.0,1.0,78,0,0,78,185,185,184,0.011552,0.008488,0.026211,1,1,1,1938.5
weighted_round_robin,4,99,11,15.3,24.462,1.0,1.0,80,0,0,80,189,188,188,0.011586,0.008421,0.025893,1,1,1,1938.5
weighted_round_robin,4,100,1,15.32,24.552,1.0,1.0,81,0,0,81,189,189,188,0.011529,0.008431,0.025999,1,1,1,1938.5
weighted_round_robin,4,101,12,15.79,25.427,1.0,1.0,77,0,0,77,193,193,192,0.011618,0.008792,0.026961,1,1,1,1938.5
weighted_round_robin,4,102,0,15.79,25.427,1.0,1.0,77,0,0,77,193,193,192,0.011618,0.008792,0.026961,1,1,1,1938.5
weighted_round_robin,4,103,11,15.466,24.808,1.0,1.0,78,0,0,78,197,196,196,0.011603,0.008521,0.026275,1,1,1,1938.5
weighted_round_robin,4,104,1,15.384,24.684,1.0,1.0,80,0,0,80,197,197,196,0.011577,0.008434,0.02614,1,1,1,1938.5
weighted_round_robin,4,105,11,16.11,25.558,1.0,1.0,82,0,0,82,201,200,200,0.012747,0.008603,0.026981,1,1,1,1938.5
weighted_round_robin,4,106,1,15.776,25.46,1.0,1.0,82,0,0,82,201,201,200,0.011768,0.00858,0.026981,1,1,1,1938.5
weighted_round_robin,4,107,11,15.574,24.913,1.0,1.0,78,0,0,78,205,204,204,0.011768,0.00858,0.026373,1,1,1,1938.5
weighted_round_robin,4,108,1,15.396,24.662,1.0,1.0,80,0,0,80,205,205,204,0.01159,0.008482,0.026115,1,1,1,1938.5
weighted_round_robin,4,109,11,15.586,25.007,1.0,1.0,82,0,0,82,209,208,208,0.011795,0.008488,0.026475,1,1,1,1938.5
weighted_round_robin,4,110,1,15.477,24.88,1.0,1.0,78,0,0,78,209,209,208,0.011577,0.008496,0.026358,1,1,1,1938.5
weighted_round_robin,4,111,11,15.818,24.982,1.0,1.0,78,0,0,78,213,212,212,0.012601,0.008496,0.026358,1,1,1,1938.5
weighted_round_robin,4,112,1,16.055,25.638,1.0,1.0,80,0,0,80,213,213,212,0.012601,0.008477,0.027087,1,1,1,1938.5
weighted_round_robin,4,113,11,15.505,24.7,1.0,1.0,81,0,0,81,217,216,216,0.011912,0.008481,0.026121,1,1,1,1938.5
weighted_round_robin,4,114,1,15.39,24.7,1.0,1.0,78,0,0,78,217,217,216,0.011492,0.00851,0.026167,1,1,1,1938.5
weighted_round_robin,4,115,11,15.589,24.477,1.0,1.0,79,0,0,79,221,220,220,0.011521,0.00933,0.025917,1,1,1,1938.5
weighted_round_robin,4,116,1,15.574,24.473,1.0,1.0,79,0,0,79,221,221,220,0.011474,0.00933,0.025917,1,1,1,1938.5
weighted_round_robin,4,117,7,15.338,24.581,1.0,1.0,81,0,0,81,223,223,223,0.011474,0.008504,0.026037,1,1,1,1938.5
weighted_round_robin,4,118,4,15.508,24.864,1.0,1.0,83,0,0,83,225,224,224,0.011522,0.008654,0.026347,1,1,1,1938.5
weighted_round_robin,4,119,1,15.769,25.518,1.0,1.0,79,0,0,79,225,225,224,0.0116,0.008644,0.027064,1,1,1,1938.5
weighted_round_robin,5,0,0,15.373,24.658,1.0,1.0,0,0,0,0,0,0,0,0.011563,0.008442,0.026113,1,1,1,2109.2
weighted_round_robin,5,1,1,15.309,24.485,0.3333,0.3333,80,0,0,80,1,0,0,0.011563,0.008442,0.025921,1,1,1,2109.2
weighted_round_robin,5,2,1,15.377,24.633,0.6667,0.6667,75,0,0,75,1,1,0,0.011595,0.008453,0.026082,1,1,1,2109.2
weighted_round_robin,5,3,11,15.464,24.886,0.9883,0.9883,77,0,0,77,5,4,4,0.011606,0.008424,0.026362,1,1,1,2109.2
weighted_round_robin,5,4,1,15.833,25.78,0.9899,0.9899,78,0,0,78,5,5,4,0.011695,0.008459,0.027345,1,1,1,2109.2
weighted_round_robin,5,5,11,15.716,25.618,0.9968,0.9968,75,0,0,75,9,8,8,0.011489,0.008472,0.027188,1,1,1,2109.2
weighted_round_robin,5,6,1,15.716,25.618,0.9971,0.9971,75,0,0,75,9,9,8,0.011489,0.008472,0.027188,1,1,1,2109.2
weighted_round_robin,5,7,11,15.42,24.683,0.9985,0.9985,77,0,0,77,13,12,12,0.011661,0.008469,0.02613,1,1,1,2109.2
weighted_round_robin,5,8,1,15.632,25.335,0.9986,0.9986,78,0,0,78,13,13,12,0.011554,0.008477,0.026866,1,1,1,2109.2
weighted_round_robin,5,9,11,15.72,24.625,0.9992,0.9992,80,0,0,80,17,16,16,0.012776,0.008443,0.025942,1,1,1,2109.2
weighted_round_robin,5,10,1,15.807,25.05,0.9992,0.9992,76,0,0,76,17,17,16,0.012342,0.008618,0.026462,1,1,1,2109.2
weighted_round_robin,5,11,11,15.807,25.05,0.9995,0.9995,76,0,0,76,21,20,20,0.012342,0.008618,0.026462,1,1,1,2109.2
weighted_round_robin,5,12,1,15.639,25.382,0.9995,0.9995,78,0,0,78,21,21,20,0.011595,0.008408,0.026914,1,1,1,2109.2
weighted_round_robin,5,13,11,15.514,24.833,0.9996,0.9996,79,0,0,79,25,24,24,0.011594,0.008644,0.026304,1,1,1,2109.2
weighted_round_robin,5,14,1,15.414,24.644,0.9996,0.9996,75,0,0,75,25,25,24,0.011652,0.008503,0.026088,1,1,1,2109.2
weighted_round_robin,5,15,11,16.318,27.213,0.9997,0.9997,77,0,0,77,29,28,28,0.011595,0.00841,0.028948,1,1,1,2109.2
weighted_round_robin,5,16,1,16.318,27.213,0.9997,0.9997,77,0,0,77,29,29,28,0.011595,0.00841,0.028948,1,1,1,2109.2
weighted_round_robin,5,17,11,15.371,24.505,0.9998,0.9998,78,0,0,78,33,32,32,0.011546,0.008622,0.025945,1,1,1,2109.2
weighted_round_robin,5,18,1,15.465,24.861,0.9998,0.9998,75,0,0,75,33,33,32,0.011635,0.008429,0.026331,1,1,1,2109.2
weighted_round_robin,5,19,11,15.318,24.46,0.9998,0.9998,76,0,0,76,37,36,36,0.011616,0.00845,0.025887,1,1,1,2109.2
weighted_round_robin,5,20,1,15.375,24.607,0.9998,0.9998,77,0,0,77,37,37,36,0.011693,0.008391,0.026042,1,1,1,2109.2
weighted_round_robin,5,21,11,15.33,24.593,0.9999,0.9999,77,0,0,77,41,40,40,0.011556,0.008391,0.026042,1,1,1,2109.2
weighted_round_robin,5,22,1,15.478,25.047,0.9999,0.9999,79,0,0,79,41,41,40,0.011556,0.008331,0.026546,1,1,1,2109.2
weighted_round_robin,5,23,11,15.422,24.701,0.9999,0.9999,76,0,0,76,45,44,44,0.011509,0.00859,0.026167,1,1,1,2109.2
weighted_round_robin,5,24,0,15.438,24.87,0.9999,0.9999,77,0,0,77,45,44,44,0.011501,0.008457,0.026355,1,1,1,2109.2
weighted_round_robin,5,25,1,15.463,24.84,0.9999,0.9999,78,0,0,78,45,45,44,0.011627,0.008453,0.026308,1,1,1,2109.2
weighted_round_robin,5,26,11,15.423,24.828,0.9999,0.9999,78,0,0,78,49,48,48,0.011509,0.008453,0.026308,1,1,1,2109.2
weighted_round_robin,5,27,1,15.768,25.769,0.9999,0.9999,75,0,0,75,49,49,48,0.011509,0.008443,0.027353,1,1,1,2109.2
weighted_round_robin,5,28,11,15.44,24.851,0.9999,0.9999,77,0,0,77,53,52,52,0.011416,0.008561,0.026344,1,1,1,2109.2
weighted_round_robin,5,29,1,15.239,24.242,0.9999,0.9999,78,0,0,78,53,53,52,0.011653,0.008424,0.025641,1,1,1,2109.2
weighted_round_robin,5,30,11,15.465,24.745,0.9999,0.9999,75,0,0,75,57,56,56,0.011633,0.00856,0.026202,1,1,1,2109.2
weighted_round_robin,5,31,1,15.705,24.817,0.9999,0.9999,75,0,0,75,57,57,56,0.012354,0.00856,0.026202,1,1,1,2109.2
weighted_round_robin,5,32,11,15.845,25.341,0.9999,0.9999,76,0,0,76,61,60,60,0.012354,0.008396,0.026784,1,1,1,2109.2
weighted_round_robin,5,33,1,15.61,25.225,0.9999,0.9999,78,0,0,78,61,61,60,0.011519,0.008564,0.026748,1,1,1,2109.2
weighted_round_robin,5,34,11,15.581,24.874,0.9999,0.9999,75,0,0,75,65,64,64,0.011767,0.008645,0.02633,1,1,1,2109.2
weighted_round_robin,5,35,1,15.569,25.026,0.9999,0.9999,76,0,0,76,65,65,64,0.011709,0.008491,0.026506,1,1,1,2109.2
weighted_round_robin,5,36,11,15.481,25.001,1.0,1.0,76,0,0,76,69,68,68,0.011457,0.008481,0.026506,1,1,1,2109.2
weighted_round_robin,5,37,1,15.492,25.031,1.0,1.0,78,0,0,78,69,69,68,0.011457,0.008481,0.026539,1,1,1,2109.2
weighted_round_robin,5,38,11,15.459,24.813,1.0,1.0,79,0,0,79,73,72,72,0.011391,0.008681,0.026304,1,1,1,2109.2
weighted_round_robin,5,39,1,15.422,24.523,1.0,1.0,75,0,0,75,73,73,72,0.011738,0.008585,0.025944,1,1,1,2109.2
weighted_round_robin,5,40,11,15.432,24.711,1.0,1.0,77,0,0,77,77,76,76,0.011561,0.008562,0.026172,1,1,1,2109.2
weighted_round_robin,5,41,1,15.687,24.788,1.0,1.0,77,0,0,77,77,77,76,0.012328,0.008562,0.026172,1,1,1,2109.2
weighted_round_robin,5,42,11,15.621,24.739,1.0,1.0,78,0,0,78,81,80,80,0.012328,0.008417,0.026118,1,1,1,2109.2
weighted_round_robin,5,43,1,15.636,25.472,1.0,1.0,76,0,0,76,81,81,80,0.011478,0.008402,0.027027,1,1,1,2109.2
weighted_round_robin,5,44,11,15.677,25.291,1.0,1.0,77,0,0,77,85,84,84,0.011817,0.008426,0.026788,1,1,1,2109.2
weighted_round_robin,5,45,1,15.413,24.703,1.0,1.0,79,0,0,79,85,85,84,0.011634,0.008451,0.026155,1,1,1,2109.2
weighted_round_robin,5,46,1,15.377,24.693,1.0,1.0,79,0,0,79,85,85,85,0.011535,0.008441,0.026155,1,1,1,2109.2
weighted_round_robin,5,47,10,15.188,24.184,1.0,1.0,76,0,0,76,89,88,88,0.011535,0.008441,0.025589,1,1,1,2109.2
weighted_round_robin,5,48,1,15.294,24.47,1.0,1.0,77,0,0,77,89,89,88,0.01155,0.008426,0.025906,1,1,1,2109.2
weighted_round_robin,5,49,11,15.626,25.399,1.0,1.0,79,0,0,79,93,92,92,0.011554,0.008388,0.026937,1,1,1,2109.2
weighted_round_robin,5,50,1,15.601,25.119,1.0,1.0,80,0,0,80,93,93,92,0.01166,0.008528,0.026615,1,1,1,2109.2
weighted_round_robin,5,51,11,15.511,24.836,1.0,1.0,77,0,0,77,97,96,96,0.011787,0.008459,0.026286,1,1,1,2109.2
weighted_round_robin,5,52,1,15.511,24.836,1.0,1.0,77,0,0,77,97,97,96,0.011787,0.008459,0.026286,1,1,1,2109.2
weighted_round_robin,5,53,11,15.555,24.956,1.0,1.0,78,0,0,78,101,100,100,0.01153,0.008687,0.026448,1,1,1,2109.2
weighted_round_robin,5,54,1,15.376,24.629,1.0,1.0,80,0,0,80,101,101,100,0.01159,0.008459,0.026078,1,1,1,2109.2
weighted_round_robin,5,55,11,15.72,24.917,1.0,1.0,76,0,0,76,105,104,104,0.012365,0.008484,0.026312,1,1,1,2109.2
weighted_round_robin,5,56,1,15.824,25.787,1.0,1.0,77,0,0,77,105,105,104,0.01169,0.00843,0.027353,1,1,1,2109.2
weighted_round_robin,5,57,11,15.788,25.776,1.0,1.0,77,0,0,77,109,108,108,0.011581,0.00843,0.027353,1,1,1,2109.2
weighted_round_robin,5,58,1,15.475,24.78,1.0,1.0,79,0,0,79,109,109,108,0.011581,0.008596,0.026247,1,1,1,2109.2
weighted_round_robin,5,59,11,15.657,24.909,1.0,1.0,76,0,0,76,113,112,112,0.011884,0.008732,0.026356,1,1,1,2109.2
weighted_round_robin,5,60,1,15.354,24.302,1.0,1.0,78,0,0,78,113,113,112,0.012006,0.008387,0.025668,1,1,1,2109.2
weighted_round_robin,5,61,11,15.666,24.955,1.0,1.0,80,0,0,80,117,116,116,0.011892,0.008699,0.026406,1,1,1,2109.2
weighted_round_robin,5,62,1,15.563,24.947,1.0,1.0,80,0,0,80,117,117,116,0.011814,0.008468,0.026406,1,1,1,2109.2
weighted_round_robin,5,63,11,15.479,24.722,1.0,1.0,81,0,0,81,121,120,120,0.011814,0.008468,0.026156,1,1,1,2109.2
weighted_round_robin,5,64,1,15.391,24.863,1.0,1.0,79,0,0,79,121,121,120,0.011471,0.008352,0.026351,1,1,1,2109.2
weighted_round_robin,5,65,11,15.818,24.957,1.0,1.0,80,0,0,80,125,124,124,0.011637,0.00938,0.026437,1,1,1,2109.2
weighted_round_robin,5,66,1,15.606,25.34,1.0,1.0,82,0,0,82,125,125,124,0.011567,0.008381,0.02687,1,1,1,2109.2
weighted_round_robin,5,67,11,15.365,24.378,1.0,1.0,79,0,0,79,129,128,128,0.011827,0.008496,0.025773,1,1,1,2109.2
weighted_round_robin,5,68,1,15.297,24.358,1.0,1.0,79,0,0,79,129,129,128,0.011623,0.008496,0.025773,1,1,1,2109.2
weighted_round_robin,5,69,11,15.374,24.597,1.0,1.0,80,0,0,80,133,132,132,0.011623,0.008461,0.026039,1,1,1,2109.2
weighted_round_robin,5,70,0,15.441,24.844,1.0,1.0,82,0,0,82,133,132,132,0.011412,0.008576,0.026336,1,1,1,2109.2
weighted_round_robin,5,71,1,15.909,24.811,1.0,1.0,78,0,0,78,133,133,132,0.012827,0.008756,0.026143,1,1,1,2109.2
weighted_round_robin,5,72,11,15.443,24.675,1.0,1.0,80,0,0,80,137,136,136,0.011652,0.008554,0.026122,1,1,1,2109.2
weighted_round_robin,5,73,1,15.451,24.666,1.0,1.0,80,0,0,80,137,137,136,0.01156,0.00867,0.026122,1,1,1,2109.2
weighted_round_robin,5,74,11,15.555,24.948,1.0,1.0,81,0,0,81,141,140,140,0.01156,0.00867,0.026436,1,1,1,2109.2
weighted_round_robin,5,75,1,15.381,24.599,1.0,1.0,83,0,0,83,141,141,140,0.011665,0.008442,0.026036,1,1,1,2109.2
weighted_round_robin,5,76,11,15.319,24.673,1.0,1.0,80,0,0,80,145,144,144,0.011358,0.008445,0.026153,1,1,1,2109.2
weighted_round_robin,5,77,1,15.505,24.688,1.0,1.0,81,0,0,81,145,145,144,0.011627,0.008748,0.026139,1,1,1,2109.2
weighted_round_robin,5,78,11,15.37,24.413,1.0,1.0,83,0,0,83,149,148,148,0.011557,0.008712,0.025841,1,1,1,2109.2
weighted_round_robin,5,79,1,15.422,24.428,1.0,1.0,83,0,0,83,149,149,148,0.011712,0.008712,0.025841,1,1,1,2109.2
weighted_round_robin,5,80,11,15.518,24.735,1.0,1.0,79,0,0,79,153,152,152,0.011712,0.008659,0.026182,1,1,1,2109.2
weighted_round_robin,5,81,1,15.663,24.651,1.0,1.0,81,0,0,81,153,153,152,0.011606,0.009281,0.026101,1,1,1,2109.2
weighted_round_robin,5,82,11,15.283,24.151,1.0,1.0,83,0,0,83,157,156,156,0.011909,0.008429,0.025511,1,1,1,2109.2
weighted_round_robin,5,83,1,15.405,24.417,1.0,1.0,78,0,0,78,157,157,156,0.011908,0.008499,0.025807,1,1,1,2109.2
weighted_round_robin,5,84,11,15.554,24.961,1.0,1.0,80,0,0,80,161,160,160,0.011796,0.008442,0.026424,1,1,1,2109.2
weighted_round_robin,5,85,1,15.554,24.961,1.0,1.0,80,0,0,80,161,161,160,0.011796,0.008442,0.026424,1,1,1,2109.2
weighted_round_robin,5,86,11,15.539,24.764,1.0,1.0,81,0,0,81,165,164,164,0.011777,0.008634,0.026207,1,1,1,2109.2
weighted_round_robin,5,87,1,15.435,24.779,1.0,1.0,83,0,0,83,165,165,164,0.011598,0.008463,0.026244,1,1,1,2109.2
weighted_round_robin,5,88,11,15.31,24.6,1.0,1.0,79,0,0,79,169,168,168,0.011525,0.008353,0.026053,1,1,1,2109.2
weighted_round_robin,5,89,1,15.409,24.711,1.0,1.0,81,0,0,81,169,169,168,0.011667,0.008399,0.02616,1,1,1,2109.2
weighted_round_robin,5,90,11,15.409,24.711,1.0,1.0,81,0,0,81,173,172,172,0.011667,0.008399,0.02616,1,1,1,2109.2
weighted_round_robin,5,91,1,15.717,24.618,1.0,1.0,83,0,0,83,173,173,172,0.012623,0.008577,0.025951,1,1,1,2109.2
weighted_round_robin,5,92,11,16.327,25.055,1.0,1.0,79,0,0,79,177,176,176,0.012009,0.010466,0.026505,1,1,1,2109.2
weighted_round_robin,5,93,1,15.335,24.552,1.0,1.0,81,0,0,81,177,177,176,0.01157,0.008439,0.025995,1,1,1,2109.2
weighted_round_robin,5,94,0,15.799,25.325,1.0,1.0,82,0,0,82,177,177,176,0.01205,0.008548,0.0268,1,1,1,2109.2
weighted_round_robin,5,95,11,15.799,25.325,1.0,1.0,82,0,0,82,181,180,180,0.01205,0.008548,0.0268,1,1,1,2109.2
weighted_round_robin,5,96,1,15.318,24.511,1.0,1.0,78,0,0,78,181,181,180,0.011493,0.008505,0.025957,1,1,1,2109.2
weighted_round_robin,5,97,11,15.376,24.7,1.0,1.0,80,0,0,80,185,184,184,0.011625,0.008351,0.026153,1,1,1,2109.2
weighted_round_robin,5,98,1,15.575,25.139,1.0,1.0,81,0,0,81,185,185,184,0.011552,0.008525,0.026649,1,1,1,2109.2
weighted_round_robin,5,99,11,15.514,24.872,1.0,1.0,83,0,0,83,189,188,188,0.011823,0.008396,0.026322,1,1,1,2109.2
weighted_round_robin,5,100,1,15.827,24.951,1.0,1.0,83,0,0,83,189,189,188,0.012613,0.008547,0.026322,1,1,1,2109.2
weighted_round_robin,5,101,11,15.915,25.188,1.0,1.0,79,0,0,79,193,192,192,0.012613,0.008547,0.026585,1,1,1,2109.2
weighted_round_robin,5,102,1,15.48,24.907,1.0,1.0,81,0,0,81,193,193,192,0.011636,0.008423,0.026381,1,1,1,2109.2
weighted_round_robin,5,103,11,15.4,24.7,1.0,1.0,82,0,0,82,197,196,196,0.011609,0.008436,0.026155,1,1,1,2109.2
weighted_round_robin,5,104,1,15.272,24.461,1.0,1.0,79,0,0,79,197,197,196,0.011559,0.008362,0.025895,1,1,1,2109.2
weighted_round_robin,5,105,11,15.34,24.521,1.0,1.0,81,0,0,81,201,200,200,0.011744,0.008334,0.025941,1,1,1,2109.2
weighted_round_robin,5,106,1,15.264,24.499,1.0,1.0,81,0,0,81,201,201,200,0.011518,0.008334,0.025941,1,1,1,2109.2
weighted_round_robin,5,107,11,15.365,24.636,1.0,1.0,82,0,0,82,205,204,204,0.011518,0.008482,0.026094,1,1,1,2109.2
weighted_round_robin,5,108,1,15.859,26.041,1.0,1.0,79,0,0,79,205,205,204,0.011475,0.008442,0.02766,1,1,1,2109.2
weighted_round_robin,5,109,11,15.427,24.51,1.0,1.0,80,0,0,80,209,208,208,0.011546,0.008785,0.02595,1,1,1,2109.2
weighted_round_robin,5,110,1,15.545,24.521,1.0,1.0,82,0,0,82,209,209,208,0.012144,0.008596,0.025896,1,1,1,2109.2
weighted_round_robin,5,111,11,15.395,24.476,1.0,1.0,82,0,0,82,213,212,212,0.011693,0.008596,0.025896,1,1,1,2109.2
weighted_round_robin,5,112,1,15.349,24.513,1.0,1.0,84,0,0,84,213,213,212,0.011693,0.008416,0.025937,1,1,1,2109.2
weighted_round_robin,5,113,1,15.555,25.188,1.0,1.0,79,0,0,79,213,213,213,0.011566,0.008397,0.026702,1,1,1,2109.2
weighted_round_robin,5,114,10,15.468,24.947,1.0,1.0,81,0,0,81,217,216,216,0.011542,0.008426,0.026436,1,1,1,2109.2
weighted_round_robin,5,115,1,15.344,24.568,1.0,1.0,82,0,0,82,217,217,216,0.011532,0.008484,0.026017,1,1,1,2109.2
weighted_round_robin,5,116,11,15.355,24.57,1.0,1.0,82,0,0,82,221,220,220,0.011544,0.008503,0.026017,1,1,1,2109.2
weighted_round_robin,5,117,1,15.234,24.243,1.0,1.0,79,0,0,79,221,221,220,0.011544,0.008503,0.025654,1,1,1,2109.2
weighted_round_robin,5,118,11,15.394,24.749,1.0,1.0,81,0,0,81,225,224,224,0.011549,0.008417,0.026216,1,1,1,2109.2
weighted_round_robin,5,119,1,15.553,24.811,1.0,1.0,82,0,0,82,225,225,224,0.011883,0.008527,0.026248,1,1,1,2109.2
weighted_round_robin,6,0,0,15.611,25.073,1.0,1.0,0,0,0,0,0,0,0,0.011666,0.008605,0.026563,1,1,1,2625.7
weighted_round_robin,6,1,1,15.376,24.653,0.3333,0.3333,78,0,0,78,1,0,0,0.0116,0.008426,0.026103,1,1,1,2625.7
weighted_round_robin,6,2,1,15.341,24.64,0.6667,0.6667,78,0,0,78,1,1,0,0.011472,0.008449,0.026103,1,1,1,2625.7
weighted_round_robin,6,3,11,15.299,24.525,0.9883,0.9883,80,0,0,80,5,4,4,0.011472,0.008449,0.025975,1,1,1,2625.7
weighted_round_robin,6,4,1,15.6,25.311,0.9899,0.9899,76,0,0,76,5,5,4,0.011509,0.008446,0.026844,1,1,1,2625.7
weighted_round_robin,6,5,11,15.47,24.653,0.9968,0.9968,78,0,0,78,9,8,8,0.011551,0.008749,0.026109,1,1,1,2625.7
weighted_round_robin,6,6,1,15.585,24.853,0.9971,0.9971,79,0,0,79,9,9,8,0.011843,0.008614,0.026299,1,1,1,2625.7
weighted_round_robin,6,7,11,15.569,25.096,0.9985,0.9985,76,0,0,76,13,12,12,0.011519,0.008584,0.026605,1,1,1,2625.7
weighted_round_robin,6,8,1,15.569,25.096,0.9986,0.9986,76,0,0,76,13,13,12,0.011519,0.008584,0.026605,1,1,1,2625.7
weighted_round_robin,6,9,11,15.573,25.346,0.9992,0.9992,77,0,0,77,17,16,16,0.011434,0.008392,0.026892,1,1,1,2625.7
weighted_round_robin,6,10,1,15.555,24.988,0.9992,0.9992,79,0,0,79,17,17,16,0.011794,0.008416,0.026454,1,1,1,2625.7
weighted_round_robin,6,11,11,15.284,24.669,0.9995,0.9995,75,0,0,75,21,20,20,0.011265,0.00843,0.026158,1,1,1,2625.7
weighted_round_robin,6,12,1,15.622,24.986,0.9995,0.9995,76,0,0,76,21,21,20,0.011578,0.008813,0.026476,1,1,1,2625.7
weighted_round_robin,6,13,11,15.613,24.983,0.9996,0.9996,76,0,0,76,25,24,24,0.01155,0.008813,0.026476,1,1,1,2625.7
weighted_round_robin,6,14,1,15.371,24.666,0.9996,0.9996,78,0,0,78,25,25,24,0.01155,0.008441,0.026123,1,1,1,2625.7
weighted_round_robin,6,15,11,15.343,24.361,0.9997,0.9997,79,0,0,79,29,28,28,0.011549,0.008695,0.025785,1,1,1,2625.7
weighted_round_robin,6,16,1,15.56,24.586,0.9997,0.9997,76,0,0,76,29,29,28,0.011574,0.009073,0.026032,1,1,1,2625.7
weighted_round_robin,6,17,11,15.401,24.732,0.9998,0.9998,78,0,0,78,33,32,32,0.011568,0.008439,0.026195,1,1,1,2625.7
weighted_round_robin,6,18,1,15.513,24.745,0.9998,0.9998,78,0,0,78,33,33,32,0.011698,0.008646,0.026195,1,1,1,2625.7
weighted_round_robin,6,19,11,15.444,24.558,0.9998,0.9998,79,0,0,79,37,36,36,0.011698,0.008646,0.025987,1,1,1,2625.7
weighted_round_robin,6,20,1,15.397,24.82,0.9998,0.9998,75,0,0,75,37,37,36,0.011478,0.00841,0.026303,1,1,1,2625.7
weighted_round_robin,6,21,11,15.41,24.802,0.9999,0.9999,76,0,0,76,41,40,40,0.011531,0.008424,0.026276,1,1,1,2625.7
weighted_round_robin,6,22,1,15.512,25.049,0.9999,0.9999,78,0,0,78,41,41,40,0.011534,0.00845,0.026551,1,1,1,2625.7
weighted_round_robin,6,23,1,15.969,25.429,1.0,1.0,74,0,0,74,41,41,41,0.011582,0.009357,0.026968,1,1,1,2625.7
weighted_round_robin,6,24,10,15.978,25.432,0.9999,0.9999,74,0,0,74,45,44,44,0.01161,0.009357,0.026968,1,1,1,2625.7
weighted_round_robin,6,25,1,15.434,24.87,0.9999,0.9999,76,0,0,76,45,45,44,0.01161,0.00835,0.026343,1,1,1,2625.7
weighted_round_robin,6,26,11,15.6,25.087,0.9999,0.9999,78,0,0,78,49,48,48,0.01172,0.008507,0.026572,1,1,1,2625.7
weighted_round_robin,6,27,1,15.296,24.483,0.9999,0.9999,79,0,0,79,49,49,48,0.011488,0.008474,0.025927,1,1,1,2625.7
weighted_round_robin,6,28,11,15.427,24.771,0.9999,0.9999,76,0,0,76,53,52,52,0.011579,0.008466,0.026237,1,1,1,2625.7
weighted_round_robin,6,29,1,15.416,24.768,0.9999,0.9999,76,0,0,76,53,53,52,0.011545,0.008466,0.026237,1,1,1,2625.7
weighted_round_robin,6,30,11,15.437,24.735,0.9999,0.9999,77,0,0,77,57,56,56,0.011545,0.008564,0.026201,1,1,1,2625.7
weighted_round_robin,6,31,1,15.355,24.554,0.9999,0.9999,79,0,0,79,57,57,56,0.011615,0.008459,0.025992,1,1,1,2625.7
weighted_round_robin,6,32,11,15.476,24.67,0.9999,0.9999,77,0,0,77,61,60,60,0.011623,0.008686,0.02612,1,1,1,2625.7
weighted_round_robin,6,33,1,15.477,24.749,0.9999,0.9999,78,0,0,78,61,61,60,0.011773,0.008468,0.026191,1,1,1,2625.7
weighted_round_robin,6,34,11,15.492,24.743,0.9999,0.9999,78,0,0,78,65,64,64,0.011708,0.008578,0.026191,1,1,1,2625.7
weighted_round_robin,6,35,1,15.474,24.694,0.9999,0.9999,80,0,0,80,65,65,64,0.011708,0.008578,0.026137,1,1,1,2625.7
weighted_round_robin,6,36,11,15.618,24.74,1.0,1.0,75,0,0,75,69,68,68,0.012252,0.008473,0.026128,1,1,1,2625.7
weighted_round_robin,6,37,1,15.504,24.999,1.0,1.0,77,0,0,77,69,69,68,0.011598,0.008426,0.026488,1,1,1,2625.7
weighted_round_robin,6,38,11,15.492,24.829,1.0,1.0,79,0,0,79,73,72,72,0.011772,0.008424,0.02628,1,1,1,2625.7
weighted_round_robin,6,39,1,15.403,24.803,1.0,1.0,79,0,0,79,73,73,72,0.011506,0.008424,0.02628,1,1,1,2625.7
weighted_round_robin,6,40,11,15.306,24.539,1.0,1.0,80,0,0,80,77,76,76,0.011506,0.008425,0.025987,1,1,1,2625.7
weighted_round_robin,6,41,1,15.771,24.774,1.0,1.0,77,0,0,77,77,77,76,0.01164,0.009439,0.026233,1,1,1,2625.7
weighted_round_robin,6,42,11,15.537,24.778,1.0,1.0,78,0,0,78,81,80,80,0.011818,0.008576,0.026218,1,1,1,2625.7
weighted_round_robin,6,43,1,15.98,26.241,1.0,1.0,80,0,0,80,81,81,80,0.011554,0.008514,0.027873,1,1,1,2625.7
weighted_round_robin,6,44,11,16.008,26.259,1.0,1.0,80,0,0,80,85,84,84,0.011734,0.008418,0.027873,1,1,1,2625.7
weighted_round_robin,6,45,1,15.549,25.02,1.0,1.0,77,0,0,77,85,85,84,0.011734,0.008418,0.026496,1,1,1,2625.7
weighted_round_robin,6,46,7,16.018,25.347,1.0,1.0,78,0,0,78,87,87,87,0.011555,0.009619,0.026879,1,1,1,2625.7
weighted_round_robin,6,47,4,15.442,24.768,1.0,1.0,80,0,0,80,89,88,88,0.011651,0.00845,0.026225,1,1,1,2625.7
weighted_round_robin,6,48,1,15.69,25.065,1.0,1.0,75,0,0,75,89,89,88,0.011985,0.008568,0.026518,1,1,1,2625.7
weighted_round_robin,6,49,11,15.499,25.023,1.0,1.0,75,0,0,75,93,92,92,0.011571,0.008407,0.026518,1,1,1,2625.7
weighted_round_robin,6,50,1,15.653,25.44,1.0,1.0,77,0,0,77,93,93,92,0.011571,0.008407,0.026981,1,1,1,2625.7
weighted_round_robin,6,51,11,15.622,25.064,1.0,1.0,79,0,0,79,97,96,96,0.011742,0.00858,0.026544,1,1,1,2625.7
weighted_round_robin,6,52,1,15.508,24.981,1.0,1.0,80,0,0,80,97,97,96,0.011567,0.008484,0.026472,1,1,1,2625.7
weighted_round_robin,6,53,11,15.35,24.465,1.0,1.0,77,0,0,77,101,100,100,0.011436,0.008702,0.025913,1,1,1,2625.7
weighted_round_robin,6,54,1,15.463,24.75,1.0,1.0,78,0,0,78,101,101,100,0.011724,0.008469,0.026197,1,1,1,2625.7
weighted_round_robin,6,55,11,15.463,24.75,1.0,1.0,78,0,0,78,105,104,104,0.011724,0.008469,0.026197,1,1,1,2625.7
weighted_round_robin,6,56,1,16.11,25.881,1.0,1.0,80,0,0,80,105,105,104,0.011554,0.009304,0.027473,1,1,1,2625.7
weighted_round_robin,6,57,11,15.384,24.793,1.0,1.0,77,0,0,77,109,108,108,0.011491,0.008389,0.026271,1,1,1,2625.7
weighted_round_robin,6,58,1,15.486,24.652,1.0,1.0,78,0,0,78,109,109,108,0.01176,0.008613,0.026084,1,1,1,2625.7
weighted_round_robin,6,59,11,15.328,24.567,1.0,1.0,80,0,0,80,113,112,112,0.011503,0.008461,0.026019,1,1,1,2625.7
weighted_round_robin,6,60,1,15.342,24.572,1.0,1.0,80,0,0,80,113,113,112,0.011547,0.008461,0.026019,1,1,1,2625.7
weighted_round_robin,6,61,11,15.4,24.726,1.0,1.0,77,0,0,77,117,116,116,0.011547,0.008463,0.02619,1,1,1,2625.7
weighted_round_robin,6,62,1,15.383,24.627,1.0,1.0,79,0,0,79,117,117,116,0.011617,0.008459,0.026072,1,1,1,2625.7
weighted_round_robin,6,63,11,15.648,24.996,1.0,1.0,80,0,0,80,121,120,120,0.011953,0.008547,0.026445,1,1,1,2625.7
weighted_round_robin,6,64,1,15.833,25.583,1.0,1.0,78,0,0,78,121,121,120,0.012059,0.008355,0.027086,1,1,1,2625.7
weighted_round_robin,6,65,11,15.674,25.536,1.0,1.0,78,0,0,78,125,124,124,0.011582,0.008355,0.027086,1,1,1,2625.7
weighted_round_robin,6,66,1,15.732,25.488,1.0,1.0,80,0,0,80,125,125,124,0.011582,0.008582,0.027033,1,1,1,2625.7
weighted_round_robin,6,67,11,15.49,24.921,1.0,1.0,81,0,0,81,129,128,128,0.011579,0.008488,0.026404,1,1,1,2625.7
weighted_round_robin,6,68,1,15.535,24.912,1.0,1.0,83,0,0,83,129,129,128,0.011595,0.008619,0.026392,1,1,1,2625.7
weighted_round_robin,6,69,7,15.543,24.847,1.0,1.0,79,0,0,79,131,131,131,0.011645,0.008671,0.026314,1,1,1,2625.7
weighted_round_robin,6,70,4,15.431,24.832,1.0,1.0,79,0,0,79,133,132,132,0.011493,0.008487,0.026314,1,1,1,2625.7
weighted_round_robin,6,71,1,15.297,24.47,1.0,1.0,81,0,0,81,133,133,132,0.011493,0.008487,0.025912,1,1,1,2625.7
weighted_round_robin,6,72,11,15.476,25.126,1.0,1.0,83,0,0,83,137,136,136,0.011311,0.008455,0.026661,1,1,1,2625.7
weighted_round_robin,6,73,1,15.53,24.932,1.0,1.0,78,0,0,78,137,137,136,0.011716,0.008475,0.0264,1,1,1,2625.7
weighted_round_robin,6,74,11,15.414,24.681,1.0,1.0,80,0,0,80,141,140,140,0.01171,0.008409,0.026122,1,1,1,2625.7
weighted_round_robin,6,75,1,15.833,25.03,1.0,1.0,81,0,0,81,141,141,140,0.011855,0.009151,0.026494,1,1,1,2625.7
weighted_round_robin,6,76,11,15.833,25.03,1.0,1.0,81,0,0,81,145,144,144,0.011855,0.009151,0.026494,1,1,1,2625.7
weighted_round_robin,6,77,1,15.944,25.627,1.0,1.0,78,0,0,78,145,145,144,0.012323,0.008403,0.027105,1,1,1,2625.7
weighted_round_robin,6,78,11,15.433,24.696,1.0,1.0,80,0,0,80,149,148,148,0.011719,0.008441,0.026138,1,1,1,2625.7
weighted_round_robin,6,79,1,15.623,24.535,1.0,1.0,81,0,0,81,149,149,148,0.011527,0.009361,0.02598,1,1,1,2625.7
weighted_round_robin,6,80,11,15.626,25.287,1.0,1.0,83,0,0,83,153,152,152,0.011614,0.008457,0.026806,1,1,1,2625.7
weighted_round_robin,6,81,1,15.57,25.28,1.0,1.0,83,0,0,83,153,153,152,0.011546,0.008357,0.026806,1,1,1,2625.7
weighted_round_robin,6,82,11,15.348,24.681,1.0,1.0,79,0,0,79,157,156,156,0.011546,0.008357,0.026141,1,1,1,2625.7
weighted_round_robin,6,83,1,15.378,24.556,1.0,1.0,81,0,0,81,157,157,156,0.011691,0.008457,0.025986,1,1,1,2625.7
weighted_round_robin,6,84,13,15.443,24.885,1.0,1.0,82,0,0,82,161,161,161,0.011532,0.008427,0.026369,1,1,1,2625.7
weighted_round_robin,6,85,1,15.728,25.161,1.0,1.0,78,0,0,78,162,161,161,0.012114,0.00846,0.026611,1,1,1,2625.7
weighted_round_robin,6,86,1,15.554,25.112,1.0,1.0,78,0,0,78,162,162,161,0.011619,0.008431,0.026611,1,1,1,2625.7
weighted_round_robin,6,87,11,15.438,24.799,1.0,1.0,79,0,0,79,166,165,165,0.011619,0.008431,0.026263,1,1,1,2625.7
weighted_round_robin,6,88,1,15.351,24.591,1.0,1.0,81,0,0,81,166,166,165,0.01156,0.008454,0.026039,1,1,1,2625.7
weighted_round_robin,6,89,11,15.384,24.712,1.0,1.0,77,0,0,77,170,169,169,0.011631,0.008357,0.026165,1,1,1,2625.7
weighted_round_robin,6,90,1,15.419,24.794,1.0,1.0,79,0,0,79,170,170,169,0.011578,0.008416,0.026263,1,1,1,2625.7
weighted_round_robin,6,91,1,15.379,24.705,1.0,1.0,80,0,0,80,170,170,170,0.011575,0.008398,0.026164,1,1,1,2625.7
weighted_round_robin,6,92,10,15.379,24.705,1.0,1.0,80,0,0,80,174,173,173,0.011575,0.008398,0.026164,1,1,1,2625.7
weighted_round_robin,6,93,1,15.363,24.721,1.0,1.0,82,0,0,82,174,174,173,0.011497,0.008402,0.02619,1,1,1,2625.7
weighted_round_robin,6,94,11,15.816,25.505,1.0,1.0,79,0,0,79,178,177,177,0.011762,0.008655,0.027032,1,1,1,2625.7
weighted_round_robin,6,95,1,15.753,24.955,1.0,1.0,80,0,0,80,178,178,177,0.012495,0.008424,0.02634,1,1,1,2625.7
weighted_round_robin,6,96,11,15.4,24.801,1.0,1.0,82,0,0,82,182,181,181,0.011488,0.008431,0.02628,1,1,1,2625.7
weighted_round_robin,6,97,1,15.417,24.806,1.0,1.0,82,0,0,82,182,182,181,0.011539,0.008431,0.02628,1,1,1,2625.7
weighted_round_robin,6,98,11,15.366,24.644,1.0,1.0,77,0,0,77,186,185,185,0.011539,0.008458,0.0261,1,1,1,2625.7
weighted_round_robin,6,99,1,15.471,24.66,1.0,1.0,79,0,0,79,186,186,185,0.011931,0.008407,0.026074,1,1,1,2625.7
weighted_round_robin,6,100,11,15.54,25.068,1.0,1.0,81,0,0,81,190,189,189,0.011591,0.008463,0.026565,1,1,1,2625.7
weighted_round_robin,6,101,1,15.503,25.065,1.0,1.0,77,0,0,77,190,190,189,0.011489,0.008447,0.026573,1,1,1,2625.7
weighted_round_robin,6,102,11,15.628,25.102,1.0,1.0,77,0,0,77,194,193,193,0.011864,0.008447,0.026573,1,1,1,2625.7
weighted_round_robin,6,103,1,15.594,24.861,1.0,1.0,79,0,0,79,194,194,193,0.011864,0.008614,0.026305,1,1,1,2625.7
weighted_round_robin,6,104,11,15.721,25.337,1.0,1.0,80,0,0,80,198,197,197,0.011919,0.008416,0.026828,1,1,1,2625.7
weighted_round_robin,6,105,1,15.942,25.051,1.0,1.0,82,0,0,82,198,198,197,0.012725,0.008679,0.026421,1,1,1,2625.7
weighted_round_robin,6,106,11,15.386,24.961,1.0,1.0,79,0,0,79,202,201,201,0.011513,0.00819,0.026455,1,1,1,2625.7
weighted_round_robin,6,107,1,15.452,24.98,1.0,1.0,79,0,0,79,202,202,201,0.01171,0.00819,0.026455,1,1,1,2625.7
weighted_round_robin,6,108,11,15.837,24.971,1.0,1.0,80,0,0,80,206,205,205,0.01171,0.009357,0.026445,1,1,1,2625.7
weighted_round_robin,6,109,1,15.409,24.683,1.0,1.0,82,0,0,82,206,206,205,0.011646,0.008448,0.026132,1,1,1,2625.7
weighted_round_robin,6,110,11,15.492,24.908,1.0,1.0,78,0,0,78,210,209,209,0.011725,0.008378,0.026373,1,1,1,2625.7
weighted_round_robin,6,111,1,15.461,24.535,1.0,1.0,80,0,0,80,210,210,209,0.011894,0.008548,0.02594,1,1,1,2625.7
weighted_round_robin,6,112,1,15.325,24.507,1.0,1.0,80,0,0,80,210,210,210,0.01161,0.008424,0.02594,1,1,1,2625.7
weighted_round_robin,6,113,10,15.332,24.526,1.0,1.0,84,0,0,84,214,213,213,0.01161,0.008424,0.025961,1,1,1,2625.7
weighted_round_robin,6,114,1,15.523,25.032,1.0,1.0,77,0,0,77,214,214,213,0.011595,0.00845,0.026525,1,1,1,2625.7
weighted_round_robin,6,115,11,15.922,25.089,1.0,1.0,79,0,0,79,218,217,217,0.012437,0.008835,0.026495,1,1,1,2625.7
weighted_round_robin,6,116,1,15.576,25.039,1.0,1.0,80,0,0,80,218,218,217,0.011669,0.008534,0.026525,1,1,1,2625.7
weighted_round_robin,6,117,11,15.36,24.514,1.0,1.0,82,0,0,82,222,221,221,0.011647,0.00849,0.025944,1,1,1,2625.7
weighted_round_robin,6,118,1,15.36,24.514,1.0,1.0,82,0,0,82,222,222,221,0.011647,0.00849,0.025944,1,1,1,2625.7
weighted_round_robin,6,119,11,15.295,24.411,1.0,1.0,78,0,0,78,226,225,225,0.011491,0.008546,0.025847,1,1,1,2625.7
weighted_round_robin,7,0,0,15.836,25.039,1.0,1.0,0,0,0,0,0,0,0,0.011678,0.009306,0.026524,1,1,1,2289.1
weighted_round_robin,7,1,1,15.316,24.324,0.3333,0.3333,74,0,0,74,1,0,0,0.011678,0.008541,0.025729,1,1,1,2289.1
weighted_round_robin,7,2,1,15.753,24.425,0.6667,0.6667,75,0,0,75,1,1,0,0.011533,0.009867,0.025858,1,1,1,2289.1
weighted_round_robin,7,3,11,15.355,24.68,0.9883,0.9883,77,0,0,77,5,4,4,0.011465,0.008452,0.026148,1,1,1,2289.1
weighted_round_robin,7,4,1,15.606,25.1,0.9899,0.9899,73,0,0,73,5,5,4,0.011742,0.008491,0.026584,1,1,1,2289.1
weighted_round_robin,7,5,11,15.6,25.106,0.9968,0.9968,73,0,0,73,9,8,8,0.011802,0.008415,0.026584,1,1,1,2289.1
weighted_round_robin,7,6,1,15.575,25.038,0.9971,0.9971,75,0,0,75,9,9,8,0.011802,0.008415,0.026509,1,1,1,2289.1
weighted_round_robin,7,7,11,15.365,24.688,0.9985,0.9985,77,0,0,77,13,12,12,0.011508,0.008434,0.026153,1,1,1,2289.1
weighted_round_robin,7,8,1,15.489,24.796,0.9986,0.9986,78,0,0,78,13,13,12,0.0118,0.008428,0.02624,1,1,1,2289.1
weighted_round_robin,7,9,11,15.666,24.752,0.9992,0.9992,75,0,0,75,17,16,16,0.011598,0.009186,0.026214,1,1,1,2289.1
weighted_round_robin,7,10,1,15.396,24.744,0.9992,0.9992,75,0,0,75,17,17,16,0.011519,0.008454,0.026214,1,1,1,2289.1
weighted_round_robin,7,11,11,15.419,24.808,0.9995,0.9995,76,0,0,76,21,20,20,0.011519,0.008454,0.026285,1,1,1,2289.1
weighted_round_robin,7,12,1,15.363,24.67,0.9995,0.9995,78,0,0,78,21,21,20,0.011549,0.008412,0.026128,1,1,1,2289.1
weighted_round_robin,7,13,11,15.414,24.857,0.9996,0.9996,73,0,0,73,25,24,24,0.011532,0.008373,0.026338,1,1,1,2289.1
weighted_round_robin,7,14,1,15.716,25.329,0.9996,0.9996,75,0,0,75,25,25,24,0.011527,0.00876,0.026862,1,1,1,2289.1
weighted_round_robin,7,15,11,15.492,24.98,0.9997,0.9997,77,0,0,77,29,28,28,0.011512,0.008488,0.026477,1,1,1,2289.1
weighted_round_robin,7,16,1,15.492,24.98,0.9997,0.9997,77,0,0,77,29,29,28,0.011512,0.008488,0.026477,1,1,1,2289.1
weighted_round_robin,7,17,11,15.59,25.262,0.9998,0.9998,73,0,0,73,33,32,32,0.011524,0.008457,0.026788,1,1,1,2289.1
weighted_round_robin,7,18,1,15.517,24.886,0.9998,0.9998,75,0,0,75,33,33,32,0.011764,0.008444,0.026344,1,1,1,2289.1
weighted_round_robin,7,19,11,15.689,24.593,0.9998,0.9998,76,0,0,76,37,36,36,0.011794,0.009259,0.026015,1,1,1,2289.1
weighted_round_robin,7,20,1,15.651,24.827,0.9998,0.9998,78,0,0,78,37,37,36,0.012365,0.008375,0.026212,1,1,1,2289.1
weighted_round_robin,7,21,11,15.354,24.738,0.9999,0.9999,78,0,0,78,41,40,40,0.011476,0.008375,0.026212,1,1,1,2289.1
weighted_round_robin,7,22,1,15.519,25.167,0.9999,0.9999,76,0,0,76,41,41,40,0.011476,0.008394,0.026688,1,1,1,2289.1
weighted_round_robin,7,23,11,15.434,24.741,0.9999,0.9999,77,0,0,77,45,44,44,0.011574,0.008524,0.026204,1,1,1,2289.1
weighted_round_robin,7,24,1,15.778,25.121,0.9999,0.9999,79,0,0,79,45,45,44,0.012428,0.008374,0.026531,1,1,1,2289.1
weighted_round_robin,7,25,1,15.695,25.265,1.0,1.0,74,0,0,74,45,45,45,0.011925,0.008414,0.026747,1,1,1,2289.1
weighted_round_robin,7,26,10,15.573,25.228,0.9999,0.9999,74,0,0,74,49,48,48,0.011558,0.008413,0.026747,1,1,1,2289.1
weighted_round_robin,7,27,1,15.37,24.681,0.9999,0.9999,76,0,0,76,49,49,48,0.011558,0.008413,0.026139,1,1,1,2289.1
weighted_round_robin,7,28,11,15.194,24.413,0.9999,0.9999,78,0,0,78,53,52,52,0.011377,0.008343,0.025862,1,1,1,2289.1
weighted_round_robin,7,29,1,15.359,24.504,0.9999,0.9999,74,0,0,74,53,53,52,0.011642,0.008502,0.025933,1,1,1,2289.1
weighted_round_robin,7,30,11,15.821,25.058,0.9999,0.9999,76,0,0,76,57,56,56,0.012444,0.008559,0.02646,1,1,1,2289.1
weighted_round_robin,7,31,1,15.444,24.78,0.9999,0.9999,77,0,0,77,57,57,56,0.011641,0.008451,0.02624,1,1,1,2289.1
weighted_round_robin,7,32,11,15.444,24.78,0.9999,0.9999,77,0,0,77,61,60,60,0.011641,0.008451,0.02624,1,1,1,2289.1
weighted_round_robin,7,33,1,15.687,24.703,0.9999,0.9999,74,0,0,74,61,61,60,0.011496,0.009394,0.026171,1,1,1,2289.1
weighted_round_robin,7,34,11,15.684,25.574,0.9999,0.9999,76,0,0,76,65,64,64,0.011597,0.008328,0.027127,1,1,1,2289.1
weighted_round_robin,7,35,1,15.382,24.757,0.9999,0.9999,77,0,0,77,65,65,64,0.01148,0.008434,0.026232,1,1,1,2289.1
weighted_round_robin,7,36,11,15.429,24.842,1.0,1.0,79,0,0,79,69,68,68,0.011564,0.008406,0.026317,1,1,1,2289.1
weighted_round_robin,7,37,1,15.417,24.838,1.0,1.0,79,0,0,79,69,69,68,0.011529,0.008406,0.026317,1,1,1,2289.1
weighted_round_robin,7,38,11,15.423,24.806,1.0,1.0,75,0,0,75,73,72,72,0.011529,0.00846,0.026281,1,1,1,2289.1
weighted_round_robin,7,39,1,15.498,24.901,1.0,1.0,77,0,0,77,73,73,72,0.011485,0.008617,0.026392,1,1,1,2289.1
weighted_round_robin,7,40,11,15.7,24.723,1.0,1.0,79,0,0,79,77,76,76,0.011602,0.009318,0.026181,1,1,1,2289.1
weighted_round_robin,7,41,1,16.271,25.678,1.0,1.0,74,0,0,74,77,77,76,0.013266,0.008489,0.027057,1,1,1,2289.1
weighted_round_robin,7,42,11,15.686,25.503,1.0,1.0,74,0,0,74,81,80,80,0.011513,0.008489,0.027057,1,1,1,2289.1
weighted_round_robin,7,43,1,15.402,24.796,1.0,1.0,76,0,0,76,81,81,80,0.011513,0.008421,0.026272,1,1,1,2289.1
weighted_round_robin,7,44,11,15.632,25.219,1.0,1.0,77,0,0,77,85,84,84,0.011541,0.008617,0.026739,1,1,1,2289.1
weighted_round_robin,7,45,1,15.415,24.797,1.0,1.0,74,0,0,74,85,85,84,0.011632,0.008352,0.02626,1,1,1,2289.1
weighted_round_robin,7,46,11,15.754,24.938,1.0,1.0,75,0,0,75,89,88,88,0.012485,0.008456,0.026322,1,1,1,2289.1
weighted_round_robin,7,47,1,15.437,24.847,1.0,1.0,75,0,0,75,89,89,88,0.011575,0.008414,0.026322,1,1,1,2289.1
weighted_round_robin,7,48,11,15.497,25.008,1.0,1.0,77,0,0,77,93,92,92,0.011575,0.008414,0.026501,1,1,1,2289.1
weighted_round_robin,7,49,1,15.363,24.652,1.0,1.0,79,0,0,79,93,93,92,0.01158,0.008404,0.026104,1,1,1,2289.1
weighted_round_robin,7,50,0,15.666,24.779,1.0,1.0,75,0,0,75,93,93,92,0.012283,0.008547,0.026168,1,1,1,2289.1
weighted_round_robin,7,51,11,15.347,24.663,1.0,1.0,77,0,0,77,97,96,96,0.01149,0.008424,0.026127,1,1,1,2289.1
weighted_round_robin,7,52,1,15.499,24.807,1.0,1.0,78,0,0,78,97,97,96,0.011536,0.008678,0.026282,1,1,1,2289.1
weighted_round_robin,7,53,11,15.499,24.807,1.0,1.0,78,0,0,78,101,100,100,0.011536,0.008678,0.026282,1,1,1,2289.1
weighted_round_robin,7,54,1,15.372,24.731,1.0,1.0,74,0,0,74,101,101,100,0.011623,0.008305,0.026188,1,1,1,2289.1
weighted_round_robin,7,55,11,15.335,24.585,1.0,1.0,76,0,0,76,105,104,104,0.011487,0.008477,0.02604,1,1,1,2289.1
weighted_round_robin,7,56,1,15.364,24.414,1.0,1.0,77,0,0,77,105,105,104,0.011562,0.008687,0.025842,1,1,1,2289.1
weighted_round_robin,7,57,11,15.326,24.592,1.0,1.0,76,0,0,76,109,108,108,0.011553,0.008383,0.026041,1,1,1,2289.1
weighted_round_robin,7,58,1,15.323,24.591,1.0,1.0,76,0,0,76,109,109,108,0.011544,0.008383,0.026041,1,1,1,2289.1
weighted_round_robin,7,59,11,15.387,24.524,1.0,1.0,77,0,0,77,113,112,112,0.011544,0.008651,0.025966,1,1,1,2289.1
weighted_round_robin,7,60,1,15.976,25.203,1.0,1.0,79,0,0,79,113,113,112,0.011635,0.009584,0.02671,1,1,1,2289.1
weighted_round_robin,7,61,11,15.577,25.264,1.0,1.0,81,0,0,81,117,116,116,0.011493,0.008444,0.026794,1,1,1,2289.1
weighted_round_robin,7,62,1,15.61,25.267,1.0,1.0,79,0,0,79,117,117,116,0.011641,0.008408,0.026781,1,1,1,2289.1
weighted_round_robin,7,63,11,15.642,25.264,1.0,1.0,79,0,0,79,121,120,120,0.011613,0.008532,0.026781,1,1,1,2289.1
weighted_round_robin,7,64,1,15.905,25.975,1.0,1.0,81,0,0,81,121,121,120,0.011613,0.008532,0.027571,1,1,1,2289.1
weighted_round_robin,7,65,11,15.584,25.089,1.0,1.0,82,0,0,82,125,124,124,0.011663,0.008508,0.026581,1,1,1,2289.1
weighted_round_robin,7,66,1,15.32,24.421,1.0,1.0,79,0,0,79,125,125,124,0.011648,0.008471,0.02584,1,1,1,2289.1
weighted_round_robin,7,67,11,15.24,24.037,1.0,1.0,81,0,0,81,129,128,128,0.011572,0.008725,0.025422,1,1,1,2289.1
weighted_round_robin,7,68,1,15.524,24.838,1.0,1.0,82,0,0,82,129,129,128,0.011828,0.008461,0.026284,1,1,1,2289.1
weighted_round_robin,7,69,11,15.524,24.838,1.0,1.0,82,0,0,82,133,132,132,0.011828,0.008461,0.026284,1,1,1,2289.1
weighted_round_robin,7,70,1,15.359,24.613,1.0,1.0,78,0,0,78,133,133,132,0.011625,0.008396,0.026056,1,1,1,2289.1
weighted_round_robin,7,71,11,15.385,24.738,1.0,1.0,79,0,0,79,137,136,136,0.011537,0.008414,0.026205,1,1,1,2289.1
weighted_round_robin,7,72,1,15.477,24.813,1.0,1.0,81,0,0,81,137,137,136,0.011677,0.008481,0.026273,1,1,1,2289.1
weighted_round_robin,7,73,7,15.788,24.997,1.0,1.0,82,0,0,82,139,139,139,0.011508,0.00936,0.026496,1,1,1,2289.1
weighted_round_robin,7,74,4,15.803,25.002,1.0,1.0,82,0,0,82,141,140,140,0.011552,0.00936,0.026496,1,1,1,2289.1
weighted_round_robin,7,75,1,15.448,24.894,1.0,1.0,79,0,0,79,141,141,140,0.011552,0.008417,0.026376,1,1,1,2289.1
weighted_round_robin,7,76,11,15.53,25.121,1.0,1.0,81,0,0,81,145,144,144,0.011582,0.008383,0.026625,1,1,1,2289.1
weighted_round_robin,7,77,1,15.365,24.692,1.0,1.0,82,0,0,82,145,145,144,0.011584,0.008363,0.026148,1,1,1,2289.1
weighted_round_robin,7,78,11,15.555,24.599,1.0,1.0,79,0,0,79,149,148,148,0.01223,0.008461,0.025973,1,1,1,2289.1
weighted_round_robin,7,79,1,15.356,24.545,1.0,1.0,79,0,0,79,149,149,148,0.011693,0.008402,0.025973,1,1,1,2289.1
weighted_round_robin,7,80,11,15.497,24.927,1.0,1.0,80,0,0,80,153,152,152,0.011693,0.008402,0.026397,1,1,1,2289.1
weighted_round_robin,7,81,1,15.451,25.023,1.0,1.0,82,0,0,82,153,153,152,0.011433,0.008388,0.026533,1,1,1,2289.1
weighted_round_robin,7,82,11,15.496,25.196,1.0,1.0,78,0,0,78,157,156,156,0.011561,0.008215,0.026711,1,1,1,2289.1
weighted_round_robin,7,83,1,15.695,24.701,1.0,1.0,79,0,0,79,157,157,156,0.012387,0.008628,0.026069,1,1,1,2289.1
weighted_round_robin,7,84,11,15.401,24.664,1.0,1.0,81,0,0,81,161,160,160,0.011479,0.008594,0.026129,1,1,1,2289.1
weighted_round_robin,7,85,1,15.401,24.664,1.0,1.0,81,0,0,81,161,161,160,0.011479,0.008594,0.026129,1,1,1,2289.1
weighted_round_robin,7,86,11,15.435,24.825,1.0,1.0,82,0,0,82,165,164,164,0.011649,0.008366,0.026289,1,1,1,2289.1
weighted_round_robin,7,87,1,15.697,25.588,1.0,1.0,79,0,0,79,165,165,164,0.011516,0.008423,0.027152,1,1,1,2289.1
weighted_round_robin,7,88,11,15.676,24.653,1.0,1.0,81,0,0,81,169,168,168,0.011562,0.009357,0.026108,1,1,1,2289.1
weighted_round_robin,7,89,1,16.006,25.325,1.0,1.0,82,0,0,82,169,169,168,0.011733,0.00945,0.026835,1,1,1,2289.1
weighted_round_robin,7,90,11,15.945,25.306,1.0,1.0,82,0,0,82,173,172,172,0.011549,0.00945,0.026835,1,1,1,2289.1
weighted_round_robin,7,91,1,15.351,24.568,1.0,1.0,79,0,0,79,173,173,172,0.011549,0.00849,0.026015,1,1,1,2289.1
weighted_round_robin,7,92,11,15.436,24.91,1.0,1.0,80,0,0,80,177,176,176,0.011532,0.00838,0.026397,1,1,1,2289.1
weighted_round_robin,7,93,1,15.585,25.161,1.0,1.0,82,0,0,82,177,177,176,0.011601,0.008485,0.026668,1,1,1,2289.1
weighted_round_robin,7,94,11,15.419,24.805,1.0,1.0,77,0,0,77,181,180,180,0.011599,0.008385,0.026272,1,1,1,2289.1
weighted_round_robin,7,95,1,15.404,24.796,1.0,1.0,77,0,0,77,181,181,180,0.011516,0.008425,0.026272,1,1,1,2289.1
weighted_round_robin,7,96,0,15.271,24.437,1.0,1.0,79,0,0,79,181,181,180,0.011516,0.008425,0.025873,1,1,1,2289.1
weighted_round_robin,7,97,11,15.465,24.957,1.0,1.0,81,0,0,81,185,184,184,0.01153,0.008417,0.026449,1,1,1,2289.1
weighted_round_robin,7,98,1,15.464,24.467,1.0,1.0,82,0,0,82,185,185,184,0.01152,0.008966,0.025906,1,1,1,2289.1
weighted_round_robin,7,99,11,16.107,25.741,1.0,1.0,79,0,0,79,189,188,188,0.012383,0.008712,0.027225,1,1,1,2289.1
weighted_round_robin,7,100,1,15.402,24.703,1.0,1.0,80,0,0,80,189,189,188,0.011549,0.008491,0.026165,1,1,1,2289.1
weighted_round_robin,7,101,11,15.402,24.703,1.0,1.0,80,0,0,80,193,192,192,0.011549,0.008491,0.026165,1,1,1,2289.1
weighted_round_robin,7,102,1,15.357,24.686,1.0,1.0,82,0,0,82,193,193,192,0.011513,0.008408,0.02615,1,1,1,2289.1
weighted_round_robin,7,103,11,15.315,24.518,1.0,1.0,79,0,0,79,197,196,196,0.011589,0.008401,0.025954,1,1,1,2289.1
weighted_round_robin,7,104,1,15.296,24.373,1.0,1.0,80,0,0,80,197,197,196,0.011666,0.008437,0.025785,1,1,1,2289.1
weighted_round_robin,7,105,11,15.404,24.778,1.0,1.0,82,0,0,82,201,200,200,0.011593,0.008376,0.026243,1,1,1,2289.1
weighted_round_robin,7,106,1,15.398,24.776,1.0,1.0,82,0,0,82,201,201,200,0.011576,0.008376,0.026243,1,1,1,2289.1
weighted_round_robin,7,107,11,15.468,24.705,1.0,1.0,77,0,0,77,205,204,204,0.011576,0.008664,0.026164,1,1,1,2289.1
weighted_round_robin,7,108,1,15.45,24.755,1.0,1.0,79,0,0,79,205,205,204,0.011737,0.008412,0.026201,1,1,1,2289.1
weighted_round_robin,7,109,11,15.464,24.977,1.0,1.0,80,0,0,80,209,208,208,0.0115,0.008416,0.026475,1,1,1,2289.1
weighted_round_robin,7,110,1,15.349,24.666,1.0,1.0,82,0,0,82,209,209,208,0.011509,0.008411,0.026128,1,1,1,2289.1
weighted_round_robin,7,111,11,15.44,24.686,1.0,1.0,82,0,0,82,213,212,212,0.011711,0.008482,0.026128,1,1,1,2289.1
weighted_round_robin,7,112,1,15.599,25.116,1.0,1.0,80,0,0,80,213,213,212,0.011711,0.008482,0.026605,1,1,1,2289.1
weighted_round_robin,7,113,11,15.464,24.853,1.0,1.0,81,0,0,81,217,216,216,0.011606,0.008462,0.026325,1,1,1,2289.1
weighted_round_robin,7,114,1,15.599,25.361,1.0,1.0,83,0,0,83,217,217,216,0.011407,0.008479,0.026911,1,1,1,2289.1
weighted_round_robin,7,115,11,15.562,24.487,1.0,1.0,78,0,0,78,221,220,220,0.011527,0.009232,0.025927,1,1,1,2289.1
weighted_round_robin,7,116,1,15.724,24.934,1.0,1.0,79,0,0,79,221,221,220,0.012359,0.008481,0.026331,1,1,1,2289.1
weighted_round_robin,7,117,11,15.724,24.934,1.0,1.0,79,0,0,79,225,224,224,0.012359,0.008481,0.026331,1,1,1,2289.1
weighted_round_robin,7,118,1,15.549,24.685,1.0,1.0,81,0,0,81,225,225,224,0.011744,0.008781,0.026123,1,1,1,2289.1
weighted_round_robin,7,119,0,15.348,24.669,1.0,1.0,75,0,0,75,225,225,224,0.011482,0.008429,0.026134,1,1,1,2289.1
weighted_round_robin,8,0,1,15.771,25.424,0.3333,0.3333,0,0,0,0,1,0,0,0.011866,0.008516,0.02693,1,1,1,2291.4
weighted_round_robin,8,1,0,15.746,24.887,0.3333,0.3333,77,0,0,77,1,0,0,0.012507,0.008467,0.026263,1,1,1,2291.4
weighted_round_robin,8,2,1,15.771,25.713,0.6667,0.6667,73,0,0,73,1,1,0,0.011651,0.008386,0.027276,1,1,1,2291.4
weighted_round_robin,8,3,11,15.771,25.713,0.9883,0.9883,73,0,0,73,5,4,4,0.011651,0.008386,0.027276,1,1,1,2291.4
weighted_round_robin,8,4,1,15.397,24.704,0.9899,0.9899,75,0,0,75,5,5,4,0.011659,0.00838,0.026153,1,1,1,2291.4
weighted_round_robin,8,5,11,15.811,25.107,0.9968,0.9968,77,0,0,77,9,8,8,0.012251,0.008645,0.026536,1,1,1,2291.4
weighted_round_robin,8,6,1,15.767,25.76,0.9971,0.9971,73,0,0,73,9,9,8,0.01148,0.008475,0.027347,1,1,1,2291.4
weighted_round_robin,8,7,11,15.834,25.901,0.9985,0.9985,75,0,0,75,13,12,12,0.011565,0.008444,0.027494,1,1,1,2291.4
weighted_round_robin,8,8,1,15.832,25.9,0.9986,0.9986,75,0,0,75,13,13,12,0.011557,0.008444,0.027494,1,1,1,2291.4
weighted_round_robin,8,9,11,15.572,25.174,0.9992,0.9992,76,0,0,76,17,16,16,0.011557,0.008473,0.026687,1,1,1,2291.4
weighted_round_robin,8,10,1,15.5,24.986,0.9992,0.9992,78,0,0,78,17,17,16,0.011658,0.008376,0.026467,1,1,1,2291.4
weighted_round_robin,8,11,11,15.364,24.695,0.9995,0.9995,77,0,0,77,21,20,20,0.011521,0.008411,0.026159,1,1,1,2291.4
weighted_round_robin,8,12,1,15.375,24.732,0.9995,0.9995,78,0,0,78,21,21,20,0.011529,0.008397,0.026199,1,1,1,2291.4
weighted_round_robin,8,13,11,15.373,24.73,0.9996,0.9996,78,0,0,78,25,24,24,0.011506,0.008414,0.026199,1,1,1,2291.4
weighted_round_robin,8,14,1,15.349,24.666,0.9996,0.9996,80,0,0,80,25,25,24,0.011506,0.008414,0.026128,1,1,1,2291.4
weighted_round_robin,8,15,11,15.309,24.511,0.9997,0.9997,76,0,0,76,29,28,28,0.011612,0.008371,0.025944,1,1,1,2291.4
weighted_round_robin,8,16,1,15.367,24.691,0.9997,0.9997,78,0,0,78,29,29,28,0.011505,0.008439,0.026156,1,1,1,2291.4
weighted_round_robin,8,17,11,15.414,24.754,0.9998,0.9998,79,0,0,79,33,32,32,0.011557,0.008464,0.02622,1,1,1,2291.4
weighted_round_robin,8,18,1,15.344,24.498,0.9998,0.9998,76,0,0,76,33,33,32,0.011687,0.008422,0.025922,1,1,1,2291.4
weighted_round_robin,8,19,11,15.344,24.498,0.9998,0.9998,76,0,0,76,37,36,36,0.011687,0.008422,0.025922,1,1,1,2291.4
weighted_round_robin,8,20,1,15.574,24.629,0.9998,0.9998,78,0,0,78,37,37,36,0.011942,0.008742,0.026039,1,1,1,2291.4
weighted_round_robin,8,21,0,15.449,24.985,0.9998,0.9998,79,0,0,79,37,37,36,0.011445,0.008413,0.026489,1,1,1,2291.4
weighted_round_robin,8,22,11,15.49,24.912,0.9999,0.9999,75,0,0,75,41,40,40,0.011652,0.008432,0.026385,1,1,1,2291.4
weighted_round_robin,8,23,1,15.398,24.621,0.9999,0.9999,76,0,0,76,41,41,40,0.011711,0.008426,0.026056,1,1,1,2291.4
weighted_round_robin,8,24,11,15.625,24.69,0.9999,0.9999,76,0,0,76,45,44,44,0.012392,0.008426,0.026056,1,1,1,2291.4
weighted_round_robin,8,25,1,15.605,24.628,0.9999,0.9999,78,0,0,78,45,45,44,0.012392,0.008436,0.025987,1,1,1,2291.4
weighted_round_robin,8,26,11,15.689,25.422,0.9999,0.9999,80,0,0,80,49,48,48,0.011577,0.008529,0.02696,1,1,1,2291.4
weighted_round_robin,8,27,1,15.355,24.613,0.9999,0.9999,76,0,0,76,49,49,48,0.011594,0.008412,0.026059,1,1,1,2291.4
weighted_round_robin,8,28,11,15.739,25.724,0.9999,0.9999,78,0,0,78,53,52,52,0.011491,0.00842,0.027305,1,1,1,2291.4
weighted_round_robin,8,29,1,15.838,25.725,0.9999,0.9999,78,0,0,78,53,53,52,0.01151,0.0087,0.027305,1,1,1,2291.4
weighted_round_robin,8,30,11,15.509,24.836,0.9999,0.9999,79,0,0,79,57,56,56,0.01151,0.0087,0.026317,1,1,1,2291.4
weighted_round_robin,8,31,1,15.667,25.351,0.9999,0.9999,76,0,0,76,57,57,56,0.0117,0.008432,0.026868,1,1,1,2291.4
weighted_round_robin,8,32,11,15.703,25.452,0.9999,0.9999,78,0,0,78,61,60,60,0.011587,0.008529,0.026993,1,1,1,2291.4
weighted_round_robin,8,33,1,15.368,24.636,0.9999,0.9999,79,0,0,79,61,61,60,0.011641,0.008384,0.02608,1,1,1,2291.4
weighted_round_robin,8,34,11,15.704,25.392,0.9999,0.9999,75,0,0,75,65,64,64,0.011767,0.008439,0.026906,1,1,1,2291.4
weighted_round_robin,8,35,1,15.704,25.392,0.9999,0.9999,75,0,0,75,65,65,64,0.011767,0.008439,0.026906,1,1,1,2291.4
weighted_round_robin,8,36,11,15.348,24.593,1.0,1.0,76,0,0,76,69,68,68,0.011552,0.00845,0.026042,1,1,1,2291.4
weighted_round_robin,8,37,1,15.531,24.728,1.0,1.0,78,0,0,78,69,69,68,0.011511,0.008886,0.026197,1,1,1,2291.4
weighted_round_robin,8,38,11,15.345,24.635,1.0,1.0,79,0,0,79,73,72,72,0.011531,0.008412,0.026091,1,1,1,2291.4
weighted_round_robin,8,39,1,15.414,24.702,1.0,1.0,76,0,0,76,73,73,72,0.011669,0.008422,0.02615,1,1,1,2291.4
weighted_round_robin,8,40,11,15.373,24.69,1.0,1.0,76,0,0,76,77,76,76,0.011547,0.008422,0.02615,1,1,1,2291.4
weighted_round_robin,8,41,1,15.588,25.33,1.0,1.0,78,0,0,78,77,77,76,0.011547,0.008355,0.026861,1,1,1,2291.4
weighted_round_robin,8,42,11,15.482,24.758,1.0,1.0,79,0,0,79,81,80,80,0.011677,0.008557,0.026211,1,1,1,2291.4
weighted_round_robin,8,43,1,15.535,25.25,1.0,1.0,76,0,0,76,81,81,80,0.011487,0.008339,0.026779,1,1,1,2291.4
weighted_round_robin,8,44,11,15.709,24.582,1.0,1.0,77,0,0,77,85,84,84,0.01159,0.009512,0.026026,1,1,1,2291.4
weighted_round_robin,8,45,1,15.777,24.724,1.0,1.0,79,0,0,79,85,85,84,0.011514,0.009624,0.026192,1,1,1,2291.4
weighted_round_robin,8,46,0,15.777,24.724,1.0,1.0,79,0,0,79,85,85,84,0.011514,0.009624,0.026192,1,1,1,2291.4
weighted_round_robin,8,47,11,15.513,24.427,1.0,1.0,75,0,0,75,89,88,88,0.011471,0.0092,0.025867,1,1,1,2291.4
weighted_round_robin,8,48,1,15.263,24.359,1.0,1.0,76,0,0,76,89,89,88,0.011577,0.008432,0.025779,1,1,1,2291.4
weighted_round_robin,8,49,11,15.625,25.399,1.0,1.0,78,0,0,78,93,92,92,0.011551,0.008386,0.026938,1,1,1,2291.4
weighted_round_robin,8,50,1,15.295,24.479,1.0,1.0,79,0,0,79,93,93,92,0.011506,0.008458,0.02592,1,1,1,2291.4
weighted_round_robin,8,51,11,15.295,24.479,1.0,1.0,79,0,0,79,97,96,96,0.011506,0.008458,0.02592,1,1,1,2291.4
weighted_round_robin,8,52,1,15.505,25.041,1.0,1.0,76,0,0,76,97,97,96,0.011561,0.008415,0.026539,1,1,1,2291.4
weighted_round_robin,8,53,11,15.413,24.509,1.0,1.0,77,0,0,77,101,100,100,0.011725,0.008583,0.02593,1,1,1,2291.4
weighted_round_robin,8,54,1,15.394,24.666,1.0,1.0,79,0,0,79,101,101,100,0.011561,0.008498,0.026122,1,1,1,2291.4
weighted_round_robin,8,55,11,15.344,24.619,1.0,1.0,76,0,0,76,105,104,104,0.011549,0.008413,0.026071,1,1,1,2291.4
weighted_round_robin,8,56,1,15.349,24.616,1.0,1.0,76,0,0,76,105,105,104,0.011521,0.008455,0.026071,1,1,1,2291.4
weighted_round_robin,8,57,11,15.352,24.624,1.0,1.0,77,0,0,77,109,108,108,0.011521,0.008455,0.02608,1,1,1,2291.4
weighted_round_robin,8,58,1,15.468,24.906,1.0,1.0,79,0,0,79,109,109,108,0.011613,0.008407,0.026383,1,1,1,2291.4
weighted_round_robin,8,59,11,15.423,24.707,1.0,1.0,76,0,0,76,113,112,112,0.011512,0.008583,0.026173,1,1,1,2291.4
weighted_round_robin,8,60,1,15.809,25.638,1.0,1.0,78,0,0,78,113,113,112,0.011845,0.008411,0.027171,1,1,1,2291.4
weighted_round_robin,8,61,11,15.39,24.705,1.0,1.0,80,0,0,80,117,116,116,0.01153,0.008471,0.026169,1,1,1,2291.4
weighted_round_robin,8,62,1,15.39,24.705,1.0,1.0,80,0,0,80,117,117,116,0.01153,0.008471,0.026169,1,1,1,2291.4
weighted_round_robin,8,63,11,15.411,24.721,1.0,1.0,81,0,0,81,121,120,120,0.011665,0.008397,0.026172,1,1,1,2291.4
weighted_round_robin,8,64,1,15.507,25.017,1.0,1.0,79,0,0,79,121,121,120,0.01154,0.008467,0.026515,1,1,1,2291.4
weighted_round_robin,8,65,1,15.339,24.441,1.0,1.0,80,0,0,80,121,121,121,0.011659,0.008496,0.025861,1,1,1,2291.4
weighted_round_robin,8,66,10,15.431,24.627,1.0,1.0,81,0,0,81,125,124,124,0.011635,0.008587,0.02607,1,1,1,2291.4
weighted_round_robin,8,67,1,15.414,24.622,1.0,1.0,81,0,0,81,125,125,124,0.011586,0.008587,0.02607,1,1,1,2291.4
weighted_round_robin,8,68,11,15.604,24.896,1.0,1.0,78,0,0,78,129,128,128,0.011586,0.00885,0.026375,1,1,1,2291.4
weighted_round_robin,8,69,1,15.463,24.857,1.0,1.0,79,0,0,79,129,129,128,0.011642,0.008422,0.026325,1,1,1,2291.4
weighted_round_robin,8,70,11,15.406,24.393,1.0,1.0,81,0,0,81,133,132,132,0.011535,0.008861,0.025822,1,1,1,2291.4
weighted_round_robin,8,71,1,15.329,24.466,1.0,1.0,76,0,0,76,133,133,132,0.011691,0.008411,0.025885,1,1,1,2291.4
weighted_round_robin,8,72,11,15.679,24.451,1.0,1.0,76,0,0,76,137,136,136,0.011544,0.009607,0.025885,1,1,1,2291.4
weighted_round_robin,8,73,1,15.83,24.86,1.0,1.0,78,0,0,78,137,137,136,0.011544,0.009607,0.02634,1,1,1,2291.4
weighted_round_robin,8,74,11,15.627,24.844,1.0,1.0,79,0,0,79,141,140,140,0.011563,0.008999,0.02632,1,1,1,2291.4
weighted_round_robin,8,75,1,15.95,25.434,1.0,1.0,81,0,0,81,141,141,140,0.012278,0.008677,0.026896,1,1,1,2291.4
weighted_round_robin,8,76,11,15.502,24.982,1.0,1.0,78,0,0,78,145,144,144,0.011519,0.008509,0.026478,1,1,1,2291.4
weighted_round_robin,8,77,1,15.464,24.79,1.0,1.0,79,0,0,79,145,145,144,0.011525,0.008604,0.026264,1,1,1,2291.4
weighted_round_robin,8,78,11,15.448,24.785,1.0,1.0,79,0,0,79,149,148,148,0.011477,0.008604,0.026264,1,1,1,2291.4
weighted_round_robin,8,79,1,15.3,24.568,1.0,1.0,81,0,0,81,149,149,148,0.011477,0.008399,0.026023,1,1,1,2291.4
weighted_round_robin,8,80,11,15.305,24.619,1.0,1.0,77,0,0,77,153,152,152,0.011518,0.008321,0.026075,1,1,1,2291.4
weighted_round_robin,8,81,1,15.37,24.693,1.0,1.0,79,0,0,79,153,153,152,0.011552,0.008404,0.026153,1,1,1,2291.4
weighted_round_robin,8,82,11,15.401,24.674,1.0,1.0,81,0,0,81,157,156,156,0.011648,0.008434,0.026121,1,1,1,2291.4
weighted_round_robin,8,83,1,15.524,24.613,1.0,1.0,82,0,0,82,157,157,156,0.011643,0.008875,0.026054,1,1,1,2291.4
weighted_round_robin,8,84,11,15.524,24.613,1.0,1.0,82,0,0,82,161,160,160,0.011643,0.008875,0.026054,1,1,1,2291.4
weighted_round_robin,8,85,1,16.245,25.771,1.0,1.0,79,0,0,79,161,161,160,0.012722,0.008791,0.027221,1,1,1,2291.4
weighted_round_robin,8,86,11,15.497,24.986,1.0,1.0,80,0,0,80,165,164,164,0.011637,0.008386,0.026469,1,1,1,2291.4
weighted_round_robin,8,87,1,15.473,24.824,1.0,1.0,82,0,0,82,165,165,164,0.011684,0.00845,0.026284,1,1,1,2291.4
weighted_round_robin,8,88,11,15.365,24.701,1.0,1.0,78,0,0,78,169,168,168,0.011508,0.00842,0.026167,1,1,1,2291.4
weighted_round_robin,8,89,1,15.83,24.818,1.0,1.0,78,0,0,78,169,169,168,0.012673,0.008651,0.026167,1,1,1,2291.4
weighted_round_robin,8,90,1,15.736,25.462,1.0,1.0,80,0,0,80,169,169,169,0.011548,0.008651,0.027008,1,1,1,2291.4
weighted_round_robin,8,91,10,15.339,24.672,1.0,1.0,82,0,0,82,173,172,172,0.011548,0.00834,0.02613,1,1,1,2291.4
weighted_round_robin,8,92,1,15.422,24.841,1.0,1.0,79,0,0,79,173,173,172,0.011514,0.00843,0.026322,1,1,1,2291.4
weighted_round_robin,8,93,11,15.312,24.578,1.0,1.0,81,0,0,81,177,176,176,0.011532,0.008376,0.026028,1,1,1,2291.4
weighted_round_robin,8,94,1,15.639,25.255,1.0,1.0,82,0,0,82,177,177,176,0.011554,0.008585,0.026777,1,1,1,2291.4
weighted_round_robin,8,95,11,15.639,25.255,1.0,1.0,82,0,0,82,181,180,180,0.011554,0.008585,0.026777,1,1,1,2291.4
weighted_round_robin,8,96,1,15.707,25.05,1.0,1.0,84,0,0,84,181,181,180,0.01161,0.008968,0.026543,1,1,1,2291.4
weighted_round_robin,8,97,11,15.11,23.926,1.0,1.0,83,0,0,83,185,184,184,0.011521,0.008505,0.025304,1,1,1,2291.4
weighted_round_robin,8,98,1,15.451,24.947,1.0,1.0,81,0,0,81,185,185,184,0.011493,0.008417,0.026442,1,1,1,2291.4
weighted_round_robin,8,99,11,15.418,24.537,1.0,1.0,83,0,0,83,189,188,188,0.011631,0.008652,0.025971,1,1,1,2291.4
weighted_round_robin,8,100,1,15.387,24.528,1.0,1.0,83,0,0,83,189,189,188,0.011538,0.008652,0.025971,1,1,1,2291.4
weighted_round_robin,8,101,11,15.41,24.815,1.0,1.0,79,0,0,79,193,192,192,0.011538,0.008403,0.02629,1,1,1,2291.4
weighted_round_robin,8,102,1,15.607,25.122,1.0,1.0,81,0,0,81,193,193,192,0.011699,0.00851,0.026613,1,1,1,2291.4
weighted_round_robin,8,103,11,16.089,26.633,1.0,1.0,82,0,0,82,197,196,196,0.011507,0.008447,0.028314,1,1,1,2291.4
weighted_round_robin,8,104,1,15.397,24.536,1.0,1.0,79,0,0,79,197,197,196,0.011527,0.008682,0.025981,1,1,1,2291.4
weighted_round_robin,8,105,11,15.304,24.533,1.0,1.0,79,0,0,79,201,200,200,0.011497,0.008434,0.025981,1,1,1,2291.4
weighted_round_robin,8,106,1,15.528,25.136,1.0,1.0,81,0,0,81,201,201,200,0.011497,0.008434,0.026652,1,1,1,2291.4
weighted_round_robin,8,107,11,15.333,24.578,1.0,1.0,82,0,0,82,205,204,204,0.011524,0.008448,0.026028,1,1,1,2291.4
weighted_round_robin,8,108,1,15.534,25.106,1.0,1.0,84,0,0,84,205,205,204,0.01156,0.008432,0.026611,1,1,1,2291.4
weighted_round_robin,8,109,11,15.314,24.433,1.0,1.0,79,0,0,79,209,208,208,0.01156,0.008519,0.025863,1,1,1,2291.4
weighted_round_robin,8,110,1,15.423,24.686,1.0,1.0,81,0,0,81,209,209,208,0.011634,0.0085,0.026136,1,1,1,2291.4
weighted_round_robin,8,111,1,15.423,24.686,1.0,1.0,81,0,0,81,209,209,209,0.011634,0.0085,0.026136,1,1,1,2291.4
weighted_round_robin,8,112,10,15.421,24.7,1.0,1.0,83,0,0,83,213,212,212,0.011451,0.008641,0.026172,1,1,1,2291.4
weighted_round_robin,8,113,1,15.381,24.684,1.0,1.0,79,0,0,79,213,213,212,0.011581,0.008421,0.02614,1,1,1,2291.4
weighted_round_robin,8,114,11,15.534,25.099,1.0,1.0,81,0,0,81,217,216,216,0.011601,0.008403,0.026599,1,1,1,2291.4
weighted_round_robin,8,115,1,15.402,24.717,1.0,1.0,82,0,0,82,217,217,216,0.011542,0.008482,0.026181,1,1,1,2291.4
weighted_round_robin,8,116,11,15.379,24.709,1.0,1.0,82,0,0,82,221,220,220,0.011465,0.008491,0.026181,1,1,1,2291.4
weighted_round_robin,8,117,1,15.463,24.936,1.0,1.0,79,0,0,79,221,221,220,0.011465,0.008491,0.026433,1,1,1,2291.4
weighted_round_robin,8,118,11,15.328,24.201,1.0,1.0,81,0,0,81,225,224,224,0.01175,0.008648,0.025585,1,1,1,2291.4
weighted_round_robin,8,119,1,15.289,24.365,1.0,1.0,82,0,0,82,225,225,224,0.011707,0.008389,0.025771,1,1,1,2291.4
weighted_round_robin,9,0,0,15.55,25.118,1.0,1.0,0,0,0,0,0,0,0,0.011545,0.008479,0.026626,1,1,1,2022.9
weighted_round_robin,9,1,1,15.284,24.38,0.3333,0.3333,78,0,0,78,1,0,0,0.011558,0.008488,0.025805,1,1,1,2022.9
weighted_round_robin,9,2,1,15.327,24.6,0.6667,0.6667,79,0,0,79,1,1,0,0.011524,0.008403,0.026053,1,1,1,2022.9
weighted_round_robin,9,3,11,15.366,24.733,0.9883,0.9883,76,0,0,76,5,4,4,0.011541,0.008358,0.026199,1,1,1,2022.9
weighted_round_robin,9,4,1,15.366,24.733,0.9899,0.9899,76,0,0,76,5,5,4,0.011541,0.008358,0.026199,1,1,1,2022.9
weighted_round_robin,9,5,11,15.313,24.607,0.9968,0.9968,77,0,0,77,9,8,8,0.011408,0.008457,0.026074,1,1,1,2022.9
weighted_round_robin,9,6,1,15.67,25.495,0.9971,0.9971,79,0,0,79,9,9,8,0.011497,0.008462,0.02705,1,1,1,2022.9
weighted_round_robin,9,7,11,15.453,24.856,0.9985,0.9985,81,0,0,81,13,12,12,0.011694,0.008347,0.026319,1,1,1,2022.9
weighted_round_robin,9,8,1,15.479,24.702,0.9986,0.9986,76,0,0,76,13,13,12,0.011594,0.008683,0.026159,1,1,1,2022.9
weighted_round_robin,9,9,11,15.459,24.717,0.9992,0.9992,76,0,0,76,17,16,16,0.011739,0.008478,0.026159,1,1,1,2022.9
weighted_round_robin,9,10,1,15.71,25.396,0.9992,0.9992,78,0,0,78,17,17,16,0.011739,0.008478,0.026914,1,1,1,2022.9
weighted_round_robin,9,11,11,15.417,24.86,0.9995,0.9995,79,0,0,79,21,20,20,0.011518,0.008391,0.026342,1,1,1,2022.9
weighted_round_robin,9,12,1,15.575,24.817,0.9995,0.9995,76,0,0,76,21,21,20,0.012047,0.008443,0.026236,1,1,1,2022.9
weighted_round_robin,9,13,11,15.449,24.909,0.9996,0.9996,78,0,0,78,25,24,24,0.011476,0.008468,0.026402,1,1,1,2022.9
weighted_round_robin,9,14,1,15.368,24.581,0.9996,0.9996,79,0,0,79,25,25,24,0.011575,0.008502,0.026026,1,1,1,2022.9
weighted_round_robin,9,15,11,15.368,24.581,0.9997,0.9997,79,0,0,79,29,28,28,0.011575,0.008502,0.026026,1,1,1,2022.9
weighted_round_robin,9,16,1,15.386,24.822,0.9997,0.9997,76,0,0,76,29,29,28,0.011503,0.008352,0.026302,1,1,1,2022.9
weighted_round_robin,9,17,11,15.512,25.051,0.9998,0.9998,77,0,0,77,33,32,32,0.011511,0.00847,0.026556,1,1,1,2022.9
weighted_round_robin,9,18,1,15.509,24.949,0.9998,0.9998,79,0,0,79,33,33,32,0.011704,0.008401,0.026421,1,1,1,2022.9
weighted_round_robin,9,19,11,15.587,24.592,0.9998,0.9998,81,0,0,81,37,36,36,0.011622,0.009107,0.026033,1,1,1,2022.9
weighted_round_robin,9,20,1,15.393,24.583,0.9998,0.9998,81,0,0,81,37,37,36,0.011537,0.008608,0.026033,1,1,1,2022.9
weighted_round_robin,9,21,11,15.616,25.186,0.9999,0.9999,76,0,0,76,41,40,40,0.011537,0.008608,0.026702,1,1,1,2022.9
weighted_round_robin,9,22,1,15.511,24.777,0.9999,0.9999,78,0,0,78,41,41,40,0.011849,0.008471,0.026214,1,1,1,2022.9
weighted_round_robin,9,23,7,15.263,24.524,1.0,1.0,79,0,0,79,43,43,43,0.011461,0.008354,0.025975,1,1,1,2022.9
weighted_round_robin,9,24,4,15.302,24.415,0.9999,0.9999,76,0,0,76,45,44,44,0.011559,0.008502,0.025844,1,1,1,2022.9
weighted_round_robin,9,25,1,15.431,24.723,0.9999,0.9999,77,0,0,77,45,45,44,0.011742,0.008386,0.026165,1,1,1,2022.9
weighted_round_robin,9,26,11,15.397,24.713,0.9999,0.9999,77,0,0,77,49,48,48,0.011641,0.008386,0.026165,1,1,1,2022.9
weighted_round_robin,9,27,1,15.754,24.668,0.9999,0.9999,79,0,0,79,49,49,48,0.011641,0.009506,0.026115,1,1,1,2022.9
weighted_round_robin,9,28,11,15.404,24.752,0.9999,0.9999,76,0,0,76,53,52,52,0.011588,0.008409,0.026215,1,1,1,2022.9
weighted_round_robin,9,29,1,15.787,24.966,0.9999,0.9999,77,0,0,77,53,53,52,0.011684,0.009234,0.026442,1,1,1,2022.9
weighted_round_robin,9,30,11,15.347,24.621,0.9999,0.9999,79,0,0,79,57,56,56,0.011548,0.008419,0.026074,1,1,1,2022.9
weighted_round_robin,9,31,1,15.37,24.63,0.9999,0.9999,79,0,0,79,57,57,56,0.011635,0.008402,0.026074,1,1,1,2022.9
weighted_round_robin,9,32,11,15.441,24.821,0.9999,0.9999,80,0,0,80,61,60,60,0.011635,0.008402,0.026286,1,1,1,2022.9
weighted_round_robin,9,33,1,15.217,24.393,0.9999,0.9999,76,0,0,76,61,61,60,0.011464,0.008357,0.02583,1,1,1,2022.9
weighted_round_robin,9,34,11,15.172,24.084,0.9999,0.9999,78,0,0,78,65,64,64,0.011552,0.008487,0.025477,1,1,1,2022.9
weighted_round_robin,9,35,1,15.273,24.526,0.9999,0.9999,79,0,0,79,65,65,64,0.011425,0.008413,0.025982,1,1,1,2022.9
weighted_round_robin,9,36,11,15.531,24.914,1.0,1.0,76,0,0,76,69,68,68,0.011486,0.008702,0.026406,1,1,1,2022.9
weighted_round_robin,9,37,1,15.544,24.918,1.0,1.0,76,0,0,76,69,69,68,0.011524,0.008702,0.026406,1,1,1,2022.9
weighted_round_robin,9,38,11,15.296,24.497,1.0,1.0,77,0,0,77,73,72,72,0.011524,0.008424,0.025939,1,1,1,2022.9
weighted_round_robin,9,39,1,15.875,25.87,1.0,1.0,79,0,0,79,73,73,72,0.011741,0.008445,0.02744,1,1,1,2022.9
weighted_round_robin,9,40,11,15.236,24.35,1.0,1.0,75,0,0,75,77,76,76,0.011574,0.008363,0.02577,1,1,1,2022.9
weighted_round_robin,9,41,1,15.41,24.769,1.0,1.0,77,0,0,77,77,77,76,0.011463,0.008521,0.026247,1,1,1,2022.9
weighted_round_robin,9,42,11,15.444,24.785,1.0,1.0,77,0,0,77,81,80,80,0.011623,0.008461,0.026247,1,1,1,2022.9
weighted_round_robin,9,43,1,15.396,24.655,1.0,1.0,79,0,0,79,81,81,80,0.011623,0.008461,0.026103,1,1,1,2022.9
weighted_round_robin,9,44,11,15.314,24.619,1.0,1.0,80,0,0,80,85,84,84,0.011518,0.00835,0.026075,1,1,1,2022.9
weighted_round_robin,9,45,1,15.482,24.967,1.0,1.0,76,0,0,76,85,85,84,0.011549,0.008438,0.026458,1,1,1,2022.9
weighted_round_robin,9,46,0,15.308,24.62,1.0,1.0,77,0,0,77,85,85,84,0.011492,0.008354,0.026079,1,1,1,2022.9
weighted_round_robin,9,47,11,15.384,24.631,1.0,1.0,79,0,0,79,89,88,88,0.011659,0.008421,0.026072,1,1,1,2022.9
weighted_round_robin,9,48,1,15.617,24.701,1.0,1.0,79,0,0,79,89,89,88,0.012359,0.008421,0.026072,1,1,1,2022.9
weighted_round_robin,9,49,11,15.535,24.459,1.0,1.0,76,0,0,76,93,92,92,0.012359,0.008443,0.025804,1,1,1,2022.9
weighted_round_robin,9,50,1,15.799,25.788,1.0,1.0,78,0,0,78,93,93,92,0.011561,0.008467,0.027369,1,1,1,2022.9
weighted_round_robin,9,51,11,15.324,24.559,1.0,1.0,80,0,0,80,97,96,96,0.011534,0.008431,0.026006,1,1,1,2022.9
weighted_round_robin,9,52,1,15.312,24.517,1.0,1.0,81,0,0,81,97,97,96,0.011587,0.008394,0.025954,1,1,1,2022.9
weighted_round_robin,9,53,11,15.54,25.196,1.0,1.0,78,0,0,78,101,100,100,0.011504,0.0084,0.026717,1,1,1,2022.9
weighted_round_robin,9,54,1,15.54,25.196,1.0,1.0,78,0,0,78,101,101,100,0.011504,0.0084,0.026717,1,1,1,2022.9
weighted_round_robin,9,55,11,15.403,24.407,1.0,1.0,79,0,0,79,105,104,104,0.011798,0.008604,0.025808,1,1,1,2022.9
weighted_round_robin,9,56,1,15.245,24.384,1.0,1.0,81,0,0,81,105,105,104,0.011494,0.008425,0.025816,1,1,1,2022.9
weighted_round_robin,9,57,11,15.585,25.215,1.0,1.0,77,0,0,77,109,108,108,0.011652,0.008382,0.026722,1,1,1,2022.9
weighted_round_robin,9,58,1,15.5,25.146,1.0,1.0,78,0,0,78,109,109,108,0.011489,0.008347,0.026664,1,1,1,2022.9
weighted_round_robin,9,59,11,15.92,25.247,1.0,1.0,78,0,0,78,113,112,112,0.012491,0.008606,0.026664,1,1,1,2022.9
weighted_round_robin,9,60,1,15.734,24.743,1.0,1.0,80,0,0,80,113,113,112,0.012491,0.008606,0.026104,1,1,1,2022.9
weighted_round_robin,9,61,11,15.364,24.714,1.0,1.0,78,0,0,78,117,116,116,0.011537,0.008377,0.026178,1,1,1,2022.9
weighted_round_robin,9,62,1,15.428,24.882,1.0,1.0,80,0,0,80,117,117,116,0.011511,0.008405,0.026368,1,1,1,2022.9
weighted_round_robin,9,63,11,15.446,24.919,1.0,1.0,81,0,0,81,121,120,120,0.011545,0.008387,0.026405,1,1,1,2022.9
weighted_round_robin,9,64,1,15.376,24.729,1.0,1.0,83,0,0,83,121,121,120,0.011554,0.00838,0.026193,1,1,1,2022.9
weighted_round_robin,9,65,11,15.425,24.744,1.0,1.0,83,0,0,83,125,124,124,0.011703,0.00838,0.026193,1,1,1,2022.9
weighted_round_robin,9,66,1,15.448,24.774,1.0,1.0,81,0,0,81,125,125,124,0.011703,0.008416,0.026226,1,1,1,2022.9
weighted_round_robin,9,67,11,15.44,24.783,1.0,1.0,82,0,0,82,129,128,128,0.01168,0.0084,0.026239,1,1,1,2022.9
weighted_round_robin,9,68,1,15.424,24.735,1.0,1.0,84,0,0,84,129,129,128,0.011689,0.008398,0.026184,1,1,1,2022.9
weighted_round_robin,9,69,1,15.805,25.044,1.0,1.0,79,0,0,79,129,129,129,0.011681,0.009206,0.026529,1,1,1,2022.9
weighted_round_robin,9,70,10,15.403,24.667,1.0,1.0,81,0,0,81,133,132,132,0.011587,0.008501,0.02612,1,1,1,2022.9
weighted_round_robin,9,71,1,15.403,24.667,1.0,1.0,81,0,0,81,133,133,132,0.011587,0.008501,0.02612,1,1,1,2022.9
weighted_round_robin,9,72,11,15.422,24.652,1.0,1.0,83,0,0,83,137,136,136,0.011558,0.008602,0.026107,1,1,1,2022.9
weighted_round_robin,9,73,1,15.307,24.563,1.0,1.0,79,0,0,79,137,137,136,0.011486,0.00842,0.026016,1,1,1,2022.9
weighted_round_robin,9,74,11,15.778,25.757,1.0,1.0,81,0,0,81,141,140,140,0.011626,0.00838,0.027327,1,1,1,2022.9
weighted_round_robin,9,75,1,15.302,24.522,1.0,1.0,82,0,0,82,141,141,140,0.011488,0.008449,0.02597,1,1,1,2022.9
weighted_round_robin,9,76,11,15.275,24.523,1.0,1.0,82,0,0,82,145,144,144,0.011495,0.008359,0.02597,1,1,1,2022.9
weighted_round_robin,9,77,1,15.295,24.578,1.0,1.0,84,0,0,84,145,145,144,0.011495,0.008359,0.026032,1,1,1,2022.9
weighted_round_robin,9,78,11,15.339,24.631,1.0,1.0,80,0,0,80,149,148,148,0.011532,0.008398,0.026087,1,1,1,2022.9
weighted_round_robin,9,79,1,15.52,25.052,1.0,1.0,82,0,0,82,149,149,148,0.011512,0.00849,0.026557,1,1,1,2022.9
weighted_round_robin,9,80,11,15.411,24.804,1.0,1.0,84,0,0,84,153,152,152,0.011579,0.00838,0.026274,1,1,1,2022.9
weighted_round_robin,9,81,1,15.317,24.686,1.0,1.0,79,0,0,79,153,153,152,0.011473,0.008323,0.026154,1,1,1,2022.9
weighted_round_robin,9,82,11,15.317,24.686,1.0,1.0,79,0,0,79,157,156,156,0.011473,0.008323,0.026154,1,1,1,2022.9
weighted_round_robin,9,83,1,15.391,24.754,1.0,1.0,81,0,0,81,157,157,156,0.011569,0.008384,0.026219,1,1,1,2022.9
weighted_round_robin,9,84,11,15.671,25.454,1.0,1.0,82,0,0,82,161,160,160,0.011596,0.008424,0.026994,1,1,1,2022.9
weighted_round_robin,9,85,1,15.53,25.103,1.0,1.0,79,0,0,79,161,161,160,0.011536,0.008445,0.02661,1,1,1,2022.9
weighted_round_robin,9,86,11,15.431,24.698,1.0,1.0,81,0,0,81,165,164,164,0.011652,0.008493,0.026148,1,1,1,2022.9
weighted_round_robin,9,87,1,15.35,24.682,1.0,1.0,81,0,0,81,165,165,164,0.011486,0.008415,0.026148,1,1,1,2022.9
weighted_round_robin,9,88,11,15.355,24.695,1.0,1.0,82,0,0,82,169,168,168,0.011486,0.008415,0.026163,1,1,1,2022.9
weighted_round_robin,9,89,1,16.027,24.965,1.0,1.0,84,0,0,84,169,169,168,0.011524,0.0101,0.026458,1,1,1,2022.9
weighted_round_robin,9,90,11,15.373,24.556,1.0,1.0,79,0,0,79,173,172,172,0.011441,0.008664,0.026013,1,1,1,2022.9
weighted_round_robin,9,91,1,15.508,25.03,1.0,1.0,81,0,0,81,173,173,172,0.011568,0.008431,0.026526,1,1,1,2022.9
weighted_round_robin,9,92,0,15.303,24.403,1.0,1.0,82,0,0,82,173,173,172,0.011719,0.008377,0.025812,1,1,1,2022.9
weighted_round_robin,9,93,11,15.255,24.388,1.0,1.0,82,0,0,82,177,176,176,0.011575,0.008377,0.025812,1,1,1,2022.9
weighted_round_robin,9,94,1,15.377,24.657,1.0,1.0,79,0,0,79,177,177,176,0.011575,0.008445,0.02611,1,1,1,2022.9
weighted_round_robin,9,95,11,15.393,24.807,1.0,1.0,81,0,0,81,181,180,180,0.011482,0.008408,0.026288,1,1,1,2022.9
weighted_round_robin,9,96,1,15.451,24.932,1.0,1.0,82,0,0,82,181,181,180,0.011552,0.008383,0.026419,1,1,1,2022.9
weighted_round_robin,9,97,11,15.346,24.614,1.0,1.0,79,0,0,79,185,184,184,0.011589,0.008388,0.026061,1,1,1,2022.9
weighted_round_robin,9,98,1,15.619,25.381,1.0,1.0,80,0,0,80,185,185,184,0.01148,0.008452,0.026925,1,1,1,2022.9
weighted_round_robin,9,99,11,15.619,25.381,1.0,1.0,80,0,0,80,189,188,188,0.01148,0.008452,0.026925,1,1,1,2022.9
weighted_round_robin,9,100,1,15.29,24.477,1.0,1.0,82,0,0,82,189,189,188,0.011521,0.008433,0.025917,1,1,1,2022.9
weighted_round_robin,9,101,11,15.404,24.425,1.0,1.0,85,0,0,85,193,192,192,0.011982,0.008421,0.025808,1,1,1,2022.9
weighted_round_robin,9,102,1,15.293,24.5,1.0,1.0,79,0,0,79,193,193,192,0.011472,0.008461,0.025947,1,1,1,2022.9
weighted_round_robin,9,103,11,15.355,24.59,1.0,1.0,81,0,0,81,197,196,196,0.011508,0.008514,0.026044,1,1,1,2022.9
weighted_round_robin,9,104,1,15.342,24.587,1.0,1.0,81,0,0,81,197,197,196,0.011469,0.008514,0.026044,1,1,1,2022.9
weighted_round_robin,9,105,11,15.305,24.644,1.0,1.0,82,0,0,82,201,200,200,0.011469,0.008338,0.026108,1,1,1,2022.9
weighted_round_robin,9,106,1,15.344,24.697,1.0,1.0,79,0,0,79,201,201,200,0.011466,0.008398,0.026167,1,1,1,2022.9
weighted_round_robin,9,107,11,15.42,24.54,1.0,1.0,80,0,0,80,205,204,204,0.011787,0.008516,0.025957,1,1,1,2022.9
weighted_round_robin,9,108,1,15.375,24.71,1.0,1.0,82,0,0,82,205,205,204,0.011507,0.008441,0.026177,1,1,1,2022.9
weighted_round_robin,9,109,11,15.874,25.838,1.0,1.0,84,0,0,84,209,208,208,0.011627,0.008577,0.027417,1,1,1,2022.9
weighted_round_robin,9,110,1,15.874,25.838,1.0,1.0,84,0,0,84,209,209,208,0.011627,0.008577,0.027417,1,1,1,2022.9
weighted_round_robin,9,111,11,15.405,24.787,1.0,1.0,80,0,0,80,213,212,212,0.011568,0.00839,0.026256,1,1,1,2022.9
weighted_round_robin,9,112,1,15.471,25.008,1.0,1.0,82,0,0,82,213,213,212,0.011547,0.008363,0.026504,1,1,1,2022.9
weighted_round_robin,9,113,11,15.503,24.758,1.0,1.0,83,0,0,83,217,216,216,0.011794,0.008516,0.026199,1,1,1,2022.9
weighted_round_robin,9,114,0,16.063,25.864,1.0,1.0,79,0,0,79,217,216,216,0.012404,0.008425,0.027359,1,1,1,2022.9
weighted_round_robin,9,115,1,15.902,25.816,1.0,1.0,79,0,0,79,217,217,216,0.011926,0.00842,0.027359,1,1,1,2022.9
weighted_round_robin,9,116,11,15.324,24.255,1.0,1.0,81,0,0,81,221,220,220,0.011926,0.00842,0.025625,1,1,1,2022.9
weighted_round_robin,9,117,1,15.444,24.874,1.0,1.0,82,0,0,82,221,221,220,0.011535,0.008442,0.026356,1,1,1,2022.9
weighted_round_robin,9,118,11,15.239,24.4,1.0,1.0,79,0,0,79,225,224,224,0.011497,0.008385,0.025834,1,1,1,2022.9
weighted_round_robin,9,119,1,15.842,25.2,1.0,1.0,80,0,0,80,225,225,224,0.011484,0.009319,0.026724,1,1,1,2022.9
weighted_round_robin,10,0,0,15.442,24.802,1.0,1.0,0,0,0,0,0,0,0,0.011633,0.008429,0.026265,1,1,1,2242.8
weighted_round_robin,10,1,1,15.432,24.79,0.3333,0.3333,0,0,0,0,1,0,0,0.011515,0.008517,0.026265,1,1,1,2242.8
weighted_round_robin,10,2,1,15.384,24.66,0.6667,0.6667,76,0,0,76,1,1,0,0.011515,0.008517,0.026121,1,1,1,2242.8
weighted_round_robin,10,3,11,15.835,25.563,0.9883,0.9883,78,0,0,78,5,4,4,0.011839,0.008579,0.027088,1,1,1,2242.8
weighted_round_robin,10,4,1,16.078,25.758,0.9899,0.9899,79,0,0,79,5,5,4,0.012554,0.008455,0.027225,1,1,1,2242.8
weighted_round_robin,10,5,11,15.722,25.247,0.9968,0.9968,76,0,0,76,9,8,8,0.011676,0.008736,0.026755,1,1,1,2242.8
weighted_round_robin,10,6,1,15.568,25.054,0.9971,0.9971,77,0,0,77,9,9,8,0.01173,0.008439,0.026535,1,1,1,2242.8
weighted_round_robin,10,7,11,15.469,25.025,0.9985,0.9985,77,0,0,77,13,12,12,0.011434,0.008439,0.026535,1,1,1,2242.8
weighted_round_robin,10,8,1,15.34,24.708,0.9986,0.9986,79,0,0,79,13,13,12,0.011434,0.008403,0.026183,1,1,1,2242.8
weighted_round_robin,10,9,11,15.176,24.151,0.9992,0.9992,82,0,0,82,17,16,16,0.011552,0.008424,0.025551,1,1,1,2242.8
weighted_round_robin,10,10,1,15.385,24.702,0.9992,0.9992,76,0,0,76,17,17,16,0.011553,0.00844,0.026163,1,1,1,2242.8
weighted_round_robin,10,11,11,15.481,24.794,0.9995,0.9995,78,0,0,78,21,20,20,0.01172,0.008476,0.026247,1,1,1,2242.8
weighted_round_robin,10,12,1,15.458,24.787,0.9995,0.9995,78,0,0,78,21,21,20,0.01165,0.008477,0.026247,1,1,1,2242.8
weighted_round_robin,10,13,11,15.224,24.155,0.9996,0.9996,79,0,0,79,25,24,24,0.01165,0.008477,0.025544,1,1,1,2242.8
weighted_round_robin,10,14,1,15.662,25.539,0.9996,0.9996,76,0,0,76,25,25,24,0.011561,0.008332,0.027092,1,1,1,2242.8
weighted_round_robin,10,15,11,15.826,25.636,0.9997,0.9997,77,0,0,77,29,28,28,0.011524,0.00875,0.027204,1,1,1,2242.8
weighted_round_robin,10,16,1,15.791,24.948,0.9997,0.9997,79,0,0,79,29,29,28,0.011854,0.009117,0.026403,1,1,1,2242.8
weighted_round_robin,10,17,11,15.219,24.328,0.9998,0.9998,76,0,0,76,33,32,32,0.011458,0.00844,0.025758,1,1,1,2242.8
weighted_round_robin,10,18,1,15.306,24.354,0.9998,0.9998,76,0,0,76,33,33,32,0.011719,0.00844,0.025758,1,1,1,2242.8
weighted_round_robin,10,19,11,15.771,24.635,0.9998,0.9998,77,0,0,77,37,36,36,0.011719,0.009524,0.02607,1,1,1,2242.8
weighted_round_robin,10,20,1,15.409,24.795,0.9998,0.9998,79,0,0,79,37,37,36,0.011613,0.008354,0.02626,1,1,1,2242.8
weighted_round_robin,10,21,11,15.599,25.144,0.9999,0.9999,80,0,0,80,41,40,40,0.011713,0.008448,0.026636,1,1,1,2242.8
weighted_round_robin,10,22,1,15.559,24.929,0.9999,0.9999,76,0,0,76,41,41,40,0.011887,0.008412,0.026378,1,1,1,2242.8
weighted_round_robin,10,23,11,15.531,24.535,0.9999,0.9999,78,0,0,78,45,44,44,0.012197,0.008491,0.025906,1,1,1,2242.8
weighted_round_robin,10,24,1,15.531,24.535,0.9999,0.9999,78,0,0,78,45,45,44,0.012197,0.008491,0.025906,1,1,1,2242.8
weighted_round_robin,10,25,1,15.272,24.544,1.0,1.0,79,0,0,79,45,45,45,0.011453,0.008365,0.025999,1,1,1,2242.8
weighted_round_robin,10,26,10,15.384,24.672,0.9999,0.9999,76,0,0,76,49,48,48,0.011607,0.00842,0.026124,1,1,1,2242.8
weighted_round_robin,10,27,1,15.359,24.657,0.9999,0.9999,77,0,0,77,49,49,48,0.011569,0.008398,0.026111,1,1,1,2242.8
weighted_round_robin,10,28,11,15.636,25.156,0.9999,0.9999,79,0,0,79,53,52,52,0.011733,0.008526,0.026648,1,1,1,2242.8
weighted_round_robin,10,29,1,15.633,25.143,0.9999,0.9999,79,0,0,79,53,53,52,0.011603,0.008647,0.026648,1,1,1,2242.8
weighted_round_robin,10,30,11,15.443,24.631,0.9999,0.9999,76,0,0,76,57,56,56,0.011603,0.008647,0.026079,1,1,1,2242.8
weighted_round_robin,10,31,1,15.323,24.546,0.9999,0.9999,78,0,0,78,57,57,56,0.011628,0.008359,0.025981,1,1,1,2242.8
weighted_round_robin,10,32,11,15.535,25.007,0.9999,0.9999,80,0,0,80,61,60,60,0.01156,0.008543,0.026501,1,1,1,2242.8
weighted_round_robin,10,33,1,15.462,24.932,0.9999,0.9999,81,0,0,81,61,61,60,0.011545,0.008421,0.02642,1,1,1,2242.8
weighted_round_robin,10,34,11,15.63,24.654,0.9999,0.9999,77,0,0,77,65,64,64,0.011529,0.009249,0.026112,1,1,1,2242.8
weighted_round_robin,10,35,1,15.63,24.654,0.9999,0.9999,77,0,0,77,65,65,64,0.011529,0.009249,0.026112,1,1,1,2242.8
weighted_round_robin,10,36,11,15.351,24.547,1.0,1.0,78,0,0,78,69,68,68,0.011598,0.00847,0.025986,1,1,1,2242.8
weighted_round_robin,10,37,1,15.257,24.364,1.0,1.0,80,0,0,80,69,69,68,0.011627,0.008365,0.025779,1,1,1,2242.8
weighted_round_robin,10,38,11,15.417,24.735,1.0,1.0,77,0,0,77,73,72,72,0.011559,0.008492,0.026199,1,1,1,2242.8
weighted_round_robin,10,39,1,15.536,24.668,1.0,1.0,78,0,0,78,73,73,72,0.011545,0.008938,0.026126,1,1,1,2242.8
weighted_round_robin,10,40,11,15.361,24.668,1.0,1.0,78,0,0,78,77,76,76,0.011543,0.008414,0.026126,1,1,1,2242.8
weighted_round_robin,10,41,1,15.411,24.804,1.0,1.0,80,0,0,80,77,77,76,0.011543,0.008414,0.026277,1,1,1,2242.8
weighted_round_robin,10,42,11,15.353,24.467,1.0,1.0,81,0,0,81,81,80,80,0.011765,0.008415,0.025878,1,1,1,2242.8
weighted_round_robin,10,43,1,15.327,24.463,1.0,1.0,78,0,0,78,81,81,80,0.011646,0.008449,0.025887,1,1,1,2242.8
weighted_round_robin,10,44,11,15.735,24.931,1.0,1.0,79,0,0,79,85,84,84,0.011456,0.009322,0.026428,1,1,1,2242.8
weighted_round_robin,10,45,1,15.446,24.951,1.0,1.0,81,0,0,81,85,85,84,0.011438,0.008449,0.026452,1,1,1,2242.8
weighted_round_robin,10,46,11,15.446,24.951,1.0,1.0,81,0,0,81,89,88,88,0.011438,0.008449,0.026452,1,1,1,2242.8
weighted_round_robin,10,47,1,15.376,24.613,1.0,1.0,77,0,0,77,89,89,88,0.011645,0.00843,0.026054,1,1,1,2242.8
weighted_round_robin,10,48,7,15.384,24.567,1.0,1.0,78,0,0,78,91,91,91,0.011448,0.008679,0.026025,1,1,1,2242.8
weighted_round_robin,10,49,4,15.453,24.845,1.0,1.0,80,0,0,80,93,92,92,0.011584,0.008456,0.026318,1,1,1,2242.8
weighted_round_robin,10,50,1,15.366,24.688,1.0,1.0,76,0,0,76,93,93,92,0.011517,0.008428,0.026152,1,1,1,2242.8
weighted_round_robin,10,51,11,15.424,24.713,1.0,1.0,76,0,0,76,97,96,96,0.011761,0.008359,0.026152,1,1,1,2242.8
weighted_round_robin,10,52,1,15.446,24.771,1.0,1.0,78,0,0,78,97,97,96,0.011761,0.008359,0.026217,1,1,1,2242.8
weighted_round_robin,10,53,11,15.365,24.677,1.0,1.0,80,0,0,80,101,100,100,0.011677,0.008296,0.026121,1,1,1,2242.8
weighted_round_robin,10,54,1,15.925,25.488,1.0,1.0,81,0,0,81,101,101,100,0.012389,0.008442,0.026944,1,1,1,2242.8
weighted_round_robin,10,55,11,15.506,24.912,1.0,1.0,78,0,0,78,105,104,104,0.011773,0.008374,0.026372,1,1,1,2242.8
weighted_round_robin,10,56,1,15.393,24.707,1.0,1.0,79,0,0,79,105,105,104,0.011586,0.008428,0.026165,1,1,1,2242.8
weighted_round_robin,10,57,11,15.379,24.703,1.0,1.0,79,0,0,79,109,108,108,0.011543,0.008428,0.026165,1,1,1,2242.8
weighted_round_robin,10,58,1,15.476,24.886,1.0,1.0,81,0,0,81,109,109,108,0.011543,0.008516,0.026369,1,1,1,2242.8
weighted_round_robin,10,59,11,15.236,24.497,1.0,1.0,77,0,0,77,113,112,112,0.011415,0.008341,0.025951,1,1,1,2242.8
weighted_round_robin,10,60,1,15.405,24.686,1.0,1.0,79,0,0,79,113,113,112,0.011507,0.008558,0.02615,1,1,1,2242.8
weighted_round_robin,10,61,11,15.51,25.104,1.0,1.0,81,0,0,81,117,116,116,0.011523,0.008395,0.026613,1,1,1,2242.8
weighted_round_robin,10,62,1,15.533,25.105,1.0,1.0,81,0,0,81,117,117,116,0.011538,0.008447,0.026613,1,1,1,2242.8
weighted_round_robin,10,63,11,15.375,24.681,1.0,1.0,79,0,0,79,121,120,120,0.011538,0.008447,0.026141,1,1,1,2242.8
weighted_round_robin,10,64,1,16.015,25.776,1.0,1.0,81,0,0,81,121,121,120,0.012398,0.008384,0.027262,1,1,1,2242.8
weighted_round_robin,10,65,11,15.372,24.554,1.0,1.0,82,0,0,82,125,124,124,0.011769,0.008373,0.025975,1,1,1,2242.8
weighted_round_robin,10,66,1,15.294,24.603,1.0,1.0,84,0,0,84,125,125,124,0.011482,0.008338,0.026061,1,1,1,2242.8
weighted_round_robin,10,67,11,15.257,24.528,1.0,1.0,81,0,0,81,129,128,128,0.011567,0.008237,0.025968,1,1,1,2242.8
weighted_round_robin,10,68,1,15.257,24.528,1.0,1.0,81,0,0,81,129,129,128,0.011567,0.008237,0.025968,1,1,1,2242.8
weighted_round_robin,10,69,11,15.461,24.984,1.0,1.0,82,0,0,82,133,132,132,0.01145,0.008446,0.026488,1,1,1,2242.8
weighted_round_robin,10,70,1,15.503,24.901,1.0,1.0,84,0,0,84,133,133,132,0.011699,0.008443,0.026368,1,1,1,2242.8
weighted_round_robin,10,71,1,15.38,24.688,1.0,1.0,79,0,0,79,133,133,133,0.011536,0.008454,0.026149,1,1,1,2242.8
weighted_round_robin,10,72,10,15.39,24.705,1.0,1.0,81,0,0,81,137,136,136,0.011517,0.008483,0.02617,1,1,1,2242.8
weighted_round_robin,10,73,1,15.754,24.824,1.0,1.0,81,0,0,81,137,137,136,0.01271,0.008382,0.02617,1,1,1,2242.8
weighted_round_robin,10,74,11,15.846,25.073,1.0,1.0,82,0,0,82,141,140,140,0.01271,0.008382,0.026447,1,1,1,2242.8
weighted_round_robin,10,75,1,15.4,24.79,1.0,1.0,79,0,0,79,141,141,140,0.011536,0.0084,0.026263,1,1,1,2242.8
weighted_round_robin,10,76,11,15.329,24.564,1.0,1.0,81,0,0,81,145,144,144,0.011576,0.008403,0.026007,1,1,1,2242.8
weighted_round_robin,10,77,1,15.482,25.024,1.0,1.0,82,0,0,82,145,145,144,0.0115,0.008419,0.026527,1,1,1,2242.8
weighted_round_robin,10,78,11,15.765,25.443,1.0,1.0,84,0,0,84,149,148,148,0.011519,0.008787,0.02699,1,1,1,2242.8
weighted_round_robin,10,79,1,15.765,25.443,1.0,1.0,84,0,0,84,149,149,148,0.011519,0.008787,0.02699,1,1,1,2242.8
weighted_round_robin,10,80,11,15.357,24.708,1.0,1.0,79,0,0,79,153,152,152,0.011525,0.008372,0.026173,1,1,1,2242.8
weighted_round_robin,10,81,1,15.475,25.056,1.0,1.0,81,0,0,81,153,153,152,0.011436,0.008421,0.026569,1,1,1,2242.8
weighted_round_robin,10,82,11,15.191,24.421,1.0,1.0,83,0,0,83,157,156,156,0.011394,0.008311,0.025868,1,1,1,2242.8
weighted_round_robin,10,83,1,15.975,25.462,1.0,1.0,79,0,0,79,157,157,156,0.012488,0.008534,0.026904,1,1,1,2242.8
weighted_round_robin,10,84,11,15.64,25.362,1.0,1.0,79,0,0,79,161,160,160,0.011483,0.008534,0.026904,1,1,1,2242.8
weighted_round_robin,10,85,1,15.439,24.776,1.0,1.0,81,0,0,81,161,161,160,0.011483,0.008582,0.026253,1,1,1,2242.8
weighted_round_robin,10,86,11,15.562,24.919,1.0,1.0,82,0,0,82,165,164,164,0.011873,0.008445,0.026369,1,1,1,2242.8
weighted_round_robin,10,87,1,16.004,24.892,1.0,1.0,79,0,0,79,165,165,164,0.011426,0.010198,0.026388,1,1,1,2242.8
weighted_round_robin,10,88,11,15.513,25.022,1.0,1.0,81,0,0,81,169,168,168,0.011565,0.008456,0.026517,1,1,1,2242.8
weighted_round_robin,10,89,1,15.546,25.036,1.0,1.0,81,0,0,81,169,169,168,0.011709,0.008412,0.026517,1,1,1,2242.8
weighted_round_robin,10,90,11,15.502,24.917,1.0,1.0,82,0,0,82,173,172,172,0.011709,0.008412,0.026384,1,1,1,2242.8
weighted_round_robin,10,91,1,15.391,24.73,1.0,1.0,84,0,0,84,173,173,172,0.011555,0.008424,0.026194,1,1,1,2242.8
weighted_round_robin,10,92,11,15.394,24.538,1.0,1.0,79,0,0,79,177,176,176,0.011882,0.008357,0.025944,1,1,1,2242.8
weighted_round_robin,10,93,1,15.474,25.079,1.0,1.0,81,0,0,81,177,177,176,0.011467,0.008363,0.026592,1,1,1,2242.8
weighted_round_robin,10,94,11,15.504,24.584,1.0,1.0,82,0,0,82,181,180,180,0.011528,0.008948,0.026035,1,1,1,2242.8
weighted_round_robin,10,95,0,15.511,24.587,1.0,1.0,82,0,0,82,181,180,180,0.011551,0.008948,0.026035,1,1,1,2242.8
weighted_round_robin,10,96,1,15.387,24.582,1.0,1.0,79,0,0,79,181,181,180,0.011551,0.00858,0.02603,1,1,1,2242.8
weighted_round_robin,10,97,11,15.349,24.682,1.0,1.0,81,0,0,81,185,184,184,0.011547,0.008359,0.026141,1,1,1,2242.8
weighted_round_robin,10,98,1,15.395,24.583,1.0,1.0,82,0,0,82,185,185,184,0.011484,0.008663,0.026039,1,1,1,2242.8
weighted_round_robin,10,99,11,15.425,24.806,1.0,1.0,79,0,0,79,189,188,188,0.011571,0.008428,0.026276,1,1,1,2242.8
weighted_round_robin,10,100,1,15.418,24.799,1.0,1.0,79,0,0,79,189,189,188,0.01151,0.008467,0.026276,1,1,1,2242.8
weighted_round_robin,10,101,11,15.706,25.577,1.0,1.0,80,0,0,80,193,192,192,0.01151,0.008467,0.02714,1,1,1,2242.8
weighted_round_robin,10,102,1,15.546,25.031,1.0,1.0,82,0,0,82,193,193,192,0.011708,0.008418,0.026511,1,1,1,2242.8
weighted_round_robin,10,103,11,15.428,24.833,1.0,1.0,84,0,0,84,197,196,196,0.011527,0.008447,0.026311,1,1,1,2242.8
weighted_round_robin,10,104,1,15.711,24.897,1.0,1.0,79,0,0,79,197,197,196,0.011562,0.009193,0.026379,1,1,1,2242.8
weighted_round_robin,10,105,11,15.67,25.436,1.0,1.0,81,0,0,81,201,200,200,0.01157,0.008462,0.026977,1,1,1,2242.8
weighted_round_robin,10,106,1,15.711,25.449,1.0,1.0,81,0,0,81,201,201,200,0.011694,0.008462,0.026977,1,1,1,2242.8
weighted_round_robin,10,107,11,15.449,24.789,1.0,1.0,82,0,0,82,205,204,204,0.011694,0.008409,0.026244,1,1,1,2242.8
weighted_round_robin,10,108,1,15.428,24.695,1.0,1.0,79,0,0,79,205,205,204,0.011735,0.008414,0.026135,1,1,1,2242.8
weighted_round_robin,10,109,11,15.163,24.139,1.0,1.0,81,0,0,81,209,208,208,0.011542,0.008408,0.025539,1,1,1,2242.8
weighted_round_robin,10,110,1,15.462,24.944,1.0,1.0,82,0,0,82,209,209,208,0.011503,0.008446,0.026437,1,1,1,2242.8
weighted_round_robin,10,111,11,15.48,24.951,1.0,1.0,82,0,0,82,213,212,212,0.011574,0.008429,0.026437,1,1,1,2242.8
weighted_round_robin,10,112,1,15.369,24.65,1.0,1.0,79,0,0,79,213,213,212,0.011574,0.008429,0.026103,1,1,1,2242.8
weighted_round_robin,10,113,11,15.311,24.492,1.0,1.0,80,0,0,80,217,216,216,0.011564,0.00844,0.025928,1,1,1,2242.8
weighted_round_robin,10,114,1,15.304,24.404,1.0,1.0,82,0,0,82,217,217,216,0.011568,0.008513,0.02583,1,1,1,2242.8
weighted_round_robin,10,115,11,15.812,25.657,1.0,1.0,83,0,0,83,221,220,220,0.011735,0.008496,0.027204,1,1,1,2242.8
weighted_round_robin,10,116,1,15.393,24.745,1.0,1.0,79,0,0,79,221,221,220,0.011502,0.008461,0.026217,1,1,1,2242.8
weighted_round_robin,10,117,11,15.401,24.748,1.0,1.0,79,0,0,79,225,224,224,0.011526,0.008461,0.026217,1,1,1,2242.8
weighted_round_robin,10,118,1,15.56,25.259,1.0,1.0,81,0,0,81,225,225,224,0.011526,0.008368,0.026785,1,1,1,2242.8
weighted_round_robin,10,119,1,15.473,24.671,1.0,1.0,82,0,0,82,225,225,225,0.011551,0.00874,0.026129,1,1,1,2242.8
random,1,0,0,15.533,24.993,1.0,1.0,0,0,0,0,0,0,0,0.011721,0.008411,0.026468,1,1,1,2141.0
random,1,1,11,15.654,24.889,0.8963,0.8963,80,0,0,80,2,4,5,0.011525,0.009063,0.026374,1,1,1,2141.0
random,1,2,1,15.539,25.174,0.96,0.96,81,0,0,81,3,4,5,0.011513,0.008413,0.026692,1,1,1,2141.0
random,1,3,1,15.539,25.174,0.9883,0.9883,81,0,0,81,4,4,5,0.011513,0.008413,0.026692,1,1,1,2141.0
random,1,4,1,15.346,24.76,0.9899,0.9899,76,0,0,76,4,5,5,0.011541,0.008269,0.026229,1,1,1,2141.0
random,1,5,1,15.811,25.039,1.0,1.0,77,0,0,77,5,5,5,0.012617,0.008397,0.026419,1,1,1,2141.0
random,1,6,1,15.649,25.435,0.9922,0.9922,78,0,0,78,6,5,5,0.011471,0.008489,0.026987,1,1,1,2141.0
random,1,7,1,15.268,24.465,0.9731,0.9731,74,0,0,74,7,5,5,0.01147,0.008425,0.025909,1,1,1,2141.0
random,1,8,1,15.642,24.577,0.9818,0.9818,74,0,0,74,7,6,5,0.012593,0.008425,0.025909,1,1,1,2141.0
random,1,9,1,15.699,24.783,0.9783,0.9783,75,0,0,75,7,7,5,0.012593,0.008366,0.026137,1,1,1,2141.0
random,1,10,1,15.268,24.43,0.9662,0.9662,76,0,0,76,8,7,5,0.011555,0.008389,0.025861,1,1,1,2141.0
random,1,11,1,15.353,24.673,0.9484,0.9484,72,0,0,72,9,7,5,0.011482,0.008437,0.026139,1,1,1,2141.0
random,1,12,1,15.346,24.449,0.949,0.949,73,0,0,73,9,8,5,0.011823,0.008364,0.025852,1,1,1,2141.0
random,1,13,11,15.321,24.432,0.9629,0.9629,73,0,0,73,14,9,10,0.011648,0.008463,0.025852,1,1,1,2141.0
random,1,14,1,15.367,24.555,0.9491,0.9491,75,0,0,75,15,9,10,0.011648,0.008463,0.025989,1,1,1,2141.0
random,1,15,1,15.518,25.148,0.9344,0.9344,76,0,0,76,16,9,10,0.011502,0.008389,0.026664,1,1,1,2141.0
random,1,16,1,15.412,24.682,0.9191,0.9191,71,0,0,71,17,9,10,0.011694,0.008418,0.026125,1,1,1,2141.0
random,1,17,11,15.558,24.988,0.9239,0.9239,73,0,0,73,21,10,16,0.011597,0.008602,0.026476,1,1,1,2141.0
random,1,18,11,15.959,25.684,0.9487,0.9487,75,0,0,75,25,14,19,0.012376,0.008338,0.027163,1,1,1,2141.0
random,1,19,1,15.668,25.597,0.9582,0.9582,75,0,0,75,25,15,19,0.011503,0.008338,0.027163,1,1,1,2141.0
random,1,20,1,15.661,25.278,0.9509,0.9509,71,0,0,71,26,15,19,0.011503,0.008672,0.026809,1,1,1,2141.0
random,1,21,1,15.476,24.994,0.9432,0.9432,72,0,0,72,27,15,19,0.011547,0.008393,0.026488,1,1,1,2141.0
random,1,22,1,15.599,25.19,0.9353,0.9353,73,0,0,73,28,15,19,0.011708,0.0084,0.026688,1,1,1,2141.0
random,1,23,11,15.186,24.045,0.9712,0.9712,70,0,0,70,30,20,23,0.011754,0.008394,0.025411,1,1,1,2141.0
random,1,24,11,15.103,24.015,0.9792,0.9792,70,0,0,70,33,23,28,0.011456,0.008441,0.025411,1,1,1,2141.0
random,1,25,1,15.813,25.934,0.9834,0.9834,72,0,0,72,33,24,28,0.011456,0.008441,0.027543,1,1,1,2141.0
random,1,26,1,15.461,24.424,0.9799,0.9799,73,0,0,73,34,24,28,0.011924,0.008646,0.025813,1,1,1,2141.0
random,1,27,1,15.441,24.825,0.976,0.976,74,0,0,74,35,24,28,0.011536,0.008486,0.026301,1,1,1,2141.0
random,1,28,1,15.295,24.356,0.9719,0.9719,70,0,0,70,36,24,28,0.011491,0.008609,0.025785,1,1,1,2141.0
random,1,29,11,15.708,24.938,0.9784,0.9784,72,0,0,72,39,27,33,0.012457,0.008342,0.026325,1,1,1,2141.0
random,1,30,1,15.708,24.938,0.9752,0.9752,72,0,0,72,40,27,33,0.012457,0.008342,0.026325,1,1,1,2141.0
random,1,31,1,15.483,24.871,0.9718,0.9718,73,0,0,73,41,27,33,0.011534,0.008563,0.026353,1,1,1,2141.0
random,1,32,0,15.313,24.584,0.9718,0.9718,69,0,0,69,41,27,33,0.011509,0.008393,0.026037,1,1,1,2141.0
random,1,33,11,15.334,24.716,0.9848,0.9848,71,0,0,71,42,31,39,0.011461,0.008352,0.026189,1,1,1,2141.0
random,1,34,11,15.865,25.049,0.9813,0.9813,73,0,0,73,45,33,45,0.011527,0.009516,0.026552,1,1,1,2141.0
random,1,35,1,15.524,25.057,0.98,0.98,73,0,0,73,46,33,45,0.011602,0.008418,0.026552,1,1,1,2141.0
random,1,36,1,15.519,25.043,0.9833,0.9833,68,0,0,68,46,34,45,0.011602,0.008418,0.026537,1,1,1,2141.0
random,1,37,11,15.397,24.767,0.9814,0.9814,70,0,0,70,52,37,47,0.011605,0.008355,0.02623,1,1,1,2141.0
random,1,38,11,15.485,25.052,0.9754,0.9754,72,0,0,72,58,39,50,0.011447,0.008445,0.026564,1,1,1,2141.0
random,1,39,11,15.485,24.762,0.9714,0.9714,74,0,0,74,63,41,54,0.011663,0.008575,0.026217,1,1,1,2141.0
random,1,40,1,15.444,24.806,0.9743,0.9743,70,0,0,70,63,42,54,0.011684,0.008383,0.026264,1,1,1,2141.0
random,1,41,11,15.444,24.806,0.9678,0.9678,70,0,0,70,68,43,59,0.011684,0.008383,0.026264,1,1,1,2141.0
random,1,42,11,15.417,24.884,0.9704,0.9704,72,0,0,72,71,46,64,0.01147,0.008406,0.026374,1,1,1,2141.0
random,1,43,11,15.582,24.875,0.9821,0.9821,74,0,0,74,72,52,68,0.012048,0.008398,0.0263,1,1,1,2141.0
random,1,44,11,15.164,24.196,0.9876,0.9876,72,0,0,72,74,57,72,0.011453,0.008426,0.025612,1,1,1,2141.0
random,1,45,1,15.327,24.538,0.9892,0.9892,73,0,0,73,74,58,72,0.01154,0.008459,0.025982,1,1,1,2141.0
random,1,46,11,15.34,24.535,0.9846,0.9846,73,0,0,73,78,59,78,0.011516,0.008523,0.025982,1,1,1,2141.0
random,1,47,11,15.481,24.914,0.9865,0.9865,75,0,0,75,80,63,83,0.011516,0.008523,0.026403,1,1,1,2141.0
random,1,48,1,15.649,25.432,0.988,0.988,77,0,0,77,80,64,83,0.011513,0.008455,0.026979,1,1,1,2141.0
random,1,49,11,15.62,24.68,0.9898,0.9898,72,0,0,72,84,68,86,0.012014,0.00876,0.026087,1,1,1,2141.0
random,1,50,11,15.416,24.628,0.9873,0.9873,74,0,0,74,87,70,92,0.011624,0.00855,0.026073,1,1,1,2141.0
random,1,51,1,15.253,24.296,0.9886,0.9886,76,0,0,76,87,71,92,0.011633,0.008423,0.025703,1,1,1,2141.0
random,1,52,1,16.576,24.693,0.9898,0.9898,76,0,0,76,87,72,92,0.015603,0.008423,0.025703,1,1,1,2141.0
random,1,53,0,16.645,24.949,0.9898,0.9898,72,0,0,72,87,72,92,0.015603,0.008345,0.025987,1,1,1,2141.0
random,1,54,1,15.431,24.878,0.9909,0.9909,73,0,0,73,87,73,92,0.011514,0.008415,0.026363,1,1,1,2141.0
random,1,55,11,15.498,24.85,0.9893,0.9893,75,0,0,75,92,75,96,0.011544,0.008622,0.026328,1,1,1,2141.0
random,1,56,1,15.325,24.648,0.989,0.989,71,0,0,71,93,75,96,0.011444,0.008417,0.026115,1,1,1,2141.0
random,1,57,1,15.329,24.655,0.9887,0.9887,71,0,0,71,94,75,96,0.011519,0.008353,0.026115,1,1,1,2141.0
random,1,58,1,15.29,24.55,0.9898,0.9898,72,0,0,72,94,76,96,0.011519,0.008353,0.025998,1,1,1,2141.0
random,1,59,1,15.732,24.834,0.9909,0.9909,73,0,0,73,94,77,96,0.012362,0.008613,0.02622,1,1,1,2141.0
random,1,60,11,15.277,24.409,0.9936,0.9936,75,0,0,75,94,83,101,0.01156,0.008435,0.025837,1,1,1,2141.0
random,1,61,1,15.333,24.658,0.9936,0.9936,72,0,0,72,95,83,101,0.011547,0.008336,0.026115,1,1,1,2141.0
random,1,62,11,15.345,24.634,0.9936,0.9936,74,0,0,74,97,87,106,0.011536,0.008409,0.026089,1,1,1,2141.0
random,1,63,1,15.364,24.64,0.9943,0.9943,74,0,0,74,97,88,106,0.011595,0.008409,0.026089,1,1,1,2141.0
random,1,64,1,15.391,24.677,0.9949,0.9949,75,0,0,75,97,89,106,0.011595,0.008447,0.026131,1,1,1,2141.0
random,1,65,1,15.665,24.639,0.9955,0.9955,72,0,0,72,97,90,106,0.01155,0.009353,0.026093,1,1,1,2141.0
random,1,66,11,15.456,24.831,0.9967,0.9967,74,0,0,74,100,95,109,0.01173,0.008352,0.026287,1,1,1,2141.0
random,1,67,11,15.578,25.046,0.9923,0.9923,76,0,0,76,100,97,118,0.011547,0.008642,0.026546,1,1,1,2141.0
random,1,68,11,15.856,25.135,0.9893,0.9893,76,0,0,76,105,97,124,0.012436,0.008587,0.026546,1,1,1,2141.0
random,1,69,1,16.138,25.895,0.9899,0.9899,75,0,0,75,105,98,124,0.012436,0.008587,0.027391,1,1,1,2141.0
random,1,70,1,15.464,24.706,0.9902,0.9902,76,0,0,76,106,98,124,0.011572,0.008656,0.026165,1,1,1,2141.0
random,1,71,1,15.648,24.723,0.9909,0.9909,77,0,0,77,106,99,124,0.012329,0.008516,0.0261,1,1,1,2141.0
random,1,72,1,15.485,24.738,0.9915,0.9915,78,0,0,78,106,100,124,0.011837,0.008447,0.026171,1,1,1,2141.0
random,1,73,1,15.226,24.232,0.992,0.992,75,0,0,75,106,101,124,0.011483,0.008547,0.025648,1,1,1,2141.0
random,1,74,1,15.356,24.271,0.9926,0.9926,75,0,0,75,106,102,124,0.011874,0.008547,0.025648,1,1,1,2141.0
random,1,75,1,15.52,24.798,0.9929,0.9929,76,0,0,76,107,102,124,0.011874,0.008452,0.026234,1,1,1,2141.0
random,1,76,11,15.476,25.046,0.9919,0.9919,77,0,0,77,110,105,129,0.0115,0.008378,0.026551,1,1,1,2141.0
random,1,77,1,15.331,24.538,0.9924,0.9924,75,0,0,75,110,106,129,0.011711,0.00832,0.025963,1,1,1,2141.0
random,1,78,1,16.109,25.67,0.9927,0.9927,76,0,0,76,111,106,129,0.012457,0.008733,0.027138,1,1,1,2141.0
random,1,79,1,15.424,24.728,0.9932,0.9932,77,0,0,77,111,107,129,0.011536,0.008541,0.026194,1,1,1,2141.0
random,1,80,1,15.424,24.728,0.9936,0.9936,77,0,0,77,111,108,129,0.011536,0.008541,0.026194,1,1,1,2141.0
random,1,81,11,15.36,24.665,0.9951,0.9951,73,0,0,73,117,111,131,0.01153,0.008427,0.026124,1,1,1,2141.0
random,1,82,1,15.334,24.637,0.9955,0.9955,75,0,0,75,117,112,131,0.011503,0.008404,0.026096,1,1,1,2141.0
random,1,83,0,15.351,24.665,0.9955,0.9955,76,0,0,76,117,112,131,0.011507,0.00842,0.026127,1,1,1,2141.0
random,1,84,1,15.428,24.785,0.9957,0.9957,77,0,0,77,118,112,131,0.011585,0.008447,0.026252,1,1,1,2141.0
random,1,85,1,15.393,24.782,0.9958,0.9958,77,0,0,77,119,112,131,0.011555,0.008371,0.026252,1,1,1,2141.0
random,1,86,1,15.37,24.721,0.9959,0.9959,72,0,0,72,120,112,131,0.011555,0.008371,0.026184,1,1,1,2141.0
random,1,87,11,15.245,24.582,0.9948,0.9948,74,0,0,74,124,114,136,0.011273,0.0084,0.026061,1,1,1,2141.0
random,1,88,11,15.354,24.634,0.9946,0.9946,76,0,0,76,130,116,139,0.011567,0.00841,0.026086,1,1,1,2141.0
random,1,89,1,16.086,25.575,0.9951,0.9951,74,0,0,74,130,117,139,0.012704,0.00855,0.027005,1,1,1,2141.0
random,1,90,11,15.496,24.916,0.9954,0.9954,76,0,0,76,131,122,144,0.011651,0.008446,0.02639,1,1,1,2141.0
random,1,91,1,15.496,24.916,0.9954,0.9954,76,0,0,76,132,122,144,0.011651,0.008446,0.02639,1,1,1,2141.0
random,1,92,1,15.622,24.817,0.9955,0.9955,77,0,0,77,133,122,144,0.01224,0.008412,0.026215,1,1,1,2141.0
random,1,93,1,15.369,24.595,0.9959,0.9959,73,0,0,73,133,123,144,0.011638,0.008434,0.026035,1,1,1,2141.0
random,1,94,1,15.878,25.135,0.9959,0.9959,74,0,0,74,134,123,144,0.011764,0.009249,0.026621,1,1,1,2141.0
random,1,95,1,15.621,25.357,0.9963,0.9963,75,0,0,75,134,124,144,0.011518,0.008449,0.026895,1,1,1,2141.0
random,1,96,1,15.597,25.355,0.9963,0.9963,75,0,0,75,135,124,144,0.0115,0.008396,0.026895,1,1,1,2141.0
random,1,97,1,15.342,24.667,0.9963,0.9963,76,0,0,76,136,124,144,0.0115,0.008396,0.02613,1,1,1,2141.0
random,1,98,11,15.341,24.573,0.9968,0.9968,71,0,0,71,140,128,147,0.011582,0.008424,0.026016,1,1,1,2141.0
random,1,99,1,15.634,24.601,0.9967,0.9967,73,0,0,73,141,128,147,0.012303,0.008631,0.025968,1,1,1,2141.0
random,1,100,1,15.42,24.865,0.9967,0.9967,74,0,0,74,142,128,147,0.011476,0.008431,0.026353,1,1,1,2141.0
random,1,101,1,15.41,24.774,0.997,0.997,69,0,0,69,142,129,147,0.011554,0.008432,0.026243,1,1,1,2141.0
random,1,102,1,15.401,24.771,0.997,0.997,69,0,0,69,143,129,147,0.011528,0.008432,0.026243,1,1,1,2141.0
random,1,103,1,15.612,25.395,0.9973,0.9973,70,0,0,70,143,130,147,0.011528,0.008372,0.026936,1,1,1,2141.0
random,1,104,1,15.38,24.433,0.9977,0.9977,71,0,0,71,143,131,147,0.011807,0.008497,0.025836,1,1,1,2141.0
random,1,105,1,15.318,24.585,0.998,0.998,72,0,0,72,143,132,147,0.011485,0.008429,0.026041,1,1,1,2141.0
random,1,106,1,15.462,24.878,0.9983,0.9983,67,0,0,67,143,133,147,0.011522,0.008501,0.026362,1,1,1,2141.0
random,1,107,1,15.377,24.558,0.9982,0.9982,68,0,0,68,144,133,147,0.011728,0.008421,0.025983,1,1,1,2141.0
random,1,108,11,15.377,24.558,0.9992,0.9992,68,0,0,68,145,140,150,0.011728,0.008421,0.025983,1,1,1,2141.0
random,1,109,1,15.712,24.78,0.9992,0.9992,70,0,0,70,146,140,150,0.012459,0.008527,0.026149,1,1,1,2141.0
random,1,110,1,15.373,24.672,0.9992,0.9992,65,0,0,65,147,140,150,0.011526,0.008461,0.026133,1,1,1,2141.0
random,1,111,11,15.526,24.867,0.9987,0.9987,66,0,0,66,151,142,155,0.01157,0.008662,0.026345,1,1,1,2141.0
random,1,112,1,16.096,25.562,0.9989,0.9989,68,0,0,68,151,143,155,0.012902,0.008417,0.026969,1,1,1,2141.0
random,1,113,11,15.628,25.422,0.999,0.999,68,0,0,68,154,147,159,0.011498,0.008417,0.026969,1,1,1,2141.0
random,1,114,0,15.188,24.373,0.999,0.999,65,0,0,65,154,147,159,0.011498,0.008261,0.025804,1,1,1,2141.0
random,1,115,1,15.431,24.813,0.9991,0.9991,66,0,0,66,154,148,159,0.011551,0.008454,0.026287,1,1,1,2141.0
random,1,116,1,15.334,24.677,0.9993,0.9993,67,0,0,67,154,149,159,0.011478,0.008379,0.026144,1,1,1,2141.0
random,1,117,1,15.526,25.072,0.9993,0.9993,68,0,0,68,155,149,159,0.011525,0.008477,0.026577,1,1,1,2141.0
random,1,118,11,15.798,25.046,0.9993,0.9993,66,0,0,66,158,153,163,0.012503,0.008452,0.02644,1,1,1,2141.0
random,1,119,1,15.798,25.046,0.9993,0.9993,66,0,0,66,159,153,163,0.012503,0.008452,0.02644,1,1,1,2141.0
random,2,0,0,15.439,24.818,1.0,1.0,0,0,0,0,0,0,0,0.011582,0.008445,0.026289,1,1,1,2185.9
random,2,1,1,15.553,24.728,0.3333,0.3333,63,0,0,63,0,1,0,0.011865,0.008637,0.026157,1,1,1,2185.9
random,2,2,11,15.54,25.198,0.96,0.96,65,0,0,65,3,4,5,0.011498,0.008402,0.02672,1,1,1,2185.9
random,2,3,11,15.718,24.972,0.933,0.933,67,0,0,67,8,5,10,0.012368,0.008413,0.026373,1,1,1,2185.9
random,2,4,11,15.44,24.796,0.978,0.978,69,0,0,69,12,9,13,0.011651,0.008412,0.026257,1,1,1,2185.9
random,2,5,1,15.396,24.783,0.9887,0.9887,69,0,0,69,12,10,13,0.011519,0.008412,0.026257,1,1,1,2185.9
random,2,6,1,15.3,24.537,0.9954,0.9954,64,0,0,64,12,11,13,0.011519,0.008397,0.025983,1,1,1,2185.9
random,2,7,1,15.319,24.568,0.9985,0.9985,65,0,0,65,12,12,13,0.011533,0.008408,0.026016,1,1,1,2185.9
random,2,8,1,15.704,24.741,0.9986,0.9986,66,0,0,66,12,13,13,0.012379,0.008619,0.026115,1,1,1,2185.9
random,2,9,11,15.597,25.333,0.9748,0.9748,64,0,0,64,14,15,20,0.011531,0.008393,0.026867,1,1,1,2185.9
random,2,10,11,15.618,25.34,0.96,0.96,64,0,0,64,15,20,25,0.011595,0.008392,0.026867,1,1,1,2185.9
random,2,11,1,15.344,24.6,0.9683,0.9683,66,0,0,66,16,20,25,0.011595,0.008392,0.026045,1,1,1,2185.9
random,2,12,11,15.343,24.623,0.9654,0.9654,67,0,0,67,18,25,29,0.011562,0.008393,0.026074,1,1,1,2185.9
random,2,13,11,15.529,25.083,0.9524,0.9524,65,0,0,65,19,31,33,0.011584,0.008421,0.026583,1,1,1,2185.9
random,2,14,0,15.548,24.969,0.9524,0.9524,67,0,0,67,19,31,33,0.011788,0.008422,0.026434,1,1,1,2185.9
random,2,15,11,15.548,25.256,0.955,0.955,69,0,0,69,22,34,38,0.011495,0.008363,0.026785,1,1,1,2185.9
random,2,16,11,15.563,25.26,0.9792,0.9792,69,0,0,69,28,37,40,0.01154,0.008363,0.026785,1,1,1,2185.9
random,2,17,1,15.38,24.74,0.9784,0.9784,71,0,0,71,28,38,40,0.01154,0.008394,0.026207,1,1,1,2185.9
random,2,18,1,15.33,24.654,0.9823,0.9823,67,0,0,67,29,38,40,0.011514,0.008362,0.026114,1,1,1,2185.9
random,2,19,11,15.48,24.805,0.971,0.971,68,0,0,68,30,42,46,0.011465,0.008687,0.026287,1,1,1,2185.9
random,2,20,1,15.484,24.682,0.9703,0.9703,70,0,0,70,30,43,46,0.011989,0.00837,0.026092,1,1,1,2185.9
random,2,21,1,15.558,25.049,0.9744,0.9744,68,0,0,68,31,43,46,0.011601,0.00853,0.026543,1,1,1,2185.9
random,2,22,11,15.558,25.049,0.9635,0.9635,68,0,0,68,32,47,52,0.011601,0.00853,0.026543,1,1,1,2185.9
random,2,23,0,15.648,24.742,0.9635,0.9635,70,0,0,70,32,47,52,0.01246,0.008377,0.026107,1,1,1,2185.9
random,2,24,1,15.825,25.375,0.9629,0.9629,71,0,0,71,32,48,52,0.012061,0.008559,0.026854,1,1,1,2185.9
random,2,25,11,15.489,24.877,0.9648,0.9648,67,0,0,67,35,52,56,0.011581,0.008531,0.026354,1,1,1,2185.9
random,2,26,11,15.507,24.953,0.9664,0.9664,69,0,0,69,38,56,60,0.011652,0.008437,0.026431,1,1,1,2185.9
random,2,27,1,15.452,24.937,0.9657,0.9657,69,0,0,69,38,57,60,0.011488,0.008437,0.026431,1,1,1,2185.9
random,2,28,11,15.493,25.05,0.9699,0.9699,70,0,0,70,42,59,65,0.011488,0.008434,0.026557,1,1,1,2185.9
random,2,29,1,15.395,24.623,0.9695,0.9695,72,0,0,72,42,60,65,0.011788,0.008348,0.026049,1,1,1,2185.9
random,2,30,1,15.4,24.733,0.9689,0.9689,69,0,0,69,42,61,65,0.011624,0.008385,0.02619,1,1,1,2185.9
random,2,31,1,15.51,25.079,0.972,0.972,70,0,0,70,43,61,65,0.01154,0.008407,0.026583,1,1,1,2185.9
random,2,32,1,15.462,24.722,0.9713,0.9713,71,0,0,71,43,62,65,0.011468,0.008723,0.026195,1,1,1,2185.9
random,2,33,1,15.462,24.722,0.9705,0.9705,71,0,0,71,43,63,65,0.011468,0.008723,0.026195,1,1,1,2185.9
random,2,34,1,15.655,25.485,0.9696,0.9696,68,0,0,68,43,64,65,0.011603,0.008333,0.027028,1,1,1,2185.9
random,2,35,1,15.38,24.755,0.9687,0.9687,69,0,0,69,43,65,65,0.011568,0.008351,0.02622,1,1,1,2185.9
random,2,36,11,15.37,24.618,0.973,0.973,71,0,0,71,47,67,70,0.011471,0.00856,0.026079,1,1,1,2185.9
random,2,37,11,15.463,24.939,0.9737,0.9737,70,0,0,70,50,71,74,0.011577,0.008389,0.026424,1,1,1,2185.9
random,2,38,1,15.477,24.941,0.973,0.973,70,0,0,70,50,72,74,0.011591,0.008415,0.026424,1,1,1,2185.9
random,2,39,1,15.387,24.7,0.9723,0.9723,71,0,0,71,50,73,74,0.011591,0.008415,0.026156,1,1,1,2185.9
random,2,40,11,15.466,24.937,0.979,0.979,72,0,0,72,55,77,76,0.011502,0.008467,0.02643,1,1,1,2185.9
random,2,41,11,15.404,24.794,0.9818,0.9818,74,0,0,74,59,79,81,0.011543,0.008404,0.026266,1,1,1,2185.9
random,2,42,1,15.466,24.956,0.9836,0.9836,72,0,0,72,60,79,81,0.011576,0.008379,0.026443,1,1,1,2185.9
random,2,43,11,15.353,24.743,0.9807,0.9807,74,0,0,74,62,82,87,0.011623,0.008235,0.026201,1,1,1,2185.9
random,2,44,1,15.353,24.743,0.9803,0.9803,74,0,0,74,62,83,87,0.011623,0.008235,0.026201,1,1,1,2185.9
random,2,45,1,15.894,24.84,0.9821,0.9821,75,0,0,75,63,83,87,0.011721,0.009662,0.026298,1,1,1,2185.9
random,2,46,1,15.545,24.944,0.9816,0.9816,72,0,0,72,63,84,87,0.011809,0.008421,0.026404,1,1,1,2185.9
random,2,47,11,15.51,25.1,0.9769,0.9769,73,0,0,73,64,92,89,0.011531,0.008392,0.026608,1,1,1,2185.9
random,2,48,1,15.338,24.628,0.9787,0.9787,75,0,0,75,65,92,89,0.011568,0.008368,0.026079,1,1,1,2185.9
random,2,49,1,15.368,24.619,0.9779,0.9779,75,0,0,75,65,93,89,0.011483,0.008543,0.026079,1,1,1,2185.9
random,2,50,0,15.459,24.865,0.9779,0.9779,76,0,0,76,65,93,89,0.011483,0.008543,0.026352,1,1,1,2185.9
random,2,51,1,15.673,24.794,0.9771,0.9771,72,0,0,72,65,94,89,0.012274,0.00856,0.026185,1,1,1,2185.9
random,2,52,1,15.469,24.972,0.9762,0.9762,73,0,0,73,65,95,89,0.011531,0.008412,0.026465,1,1,1,2185.9
random,2,53,1,15.44,24.852,0.9753,0.9753,74,0,0,74,65,96,89,0.011567,0.008426,0.026328,1,1,1,2185.9
random,2,54,1,15.508,24.871,0.9743,0.9743,70,0,0,70,65,97,89,0.011826,0.008378,0.02632,1,1,1,2185.9
random,2,55,1,15.435,24.849,0.9761,0.9761,70,0,0,70,66,97,89,0.011606,0.008378,0.02632,1,1,1,2185.9
random,2,56,11,15.353,24.535,0.9784,0.9784,72,0,0,72,70,101,92,0.011606,0.008482,0.025971,1,1,1,2185.9
random,2,57,1,15.25,24.368,0.98,0.98,73,0,0,73,71,101,92,0.011461,0.008486,0.025802,1,1,1,2185.9
random,2,58,1,15.552,25.042,0.9815,0.9815,71,0,0,71,72,101,92,0.011525,0.008586,0.026544,1,1,1,2185.9
random,2,59,11,15.363,24.66,0.985,0.985,73,0,0,73,76,101,99,0.011527,0.008444,0.026119,1,1,1,2185.9
random,2,60,1,15.667,24.667,0.9863,0.9863,73,0,0,73,77,101,99,0.011598,0.009284,0.026119,1,1,1,2185.9
random,2,61,1,15.627,24.558,0.9876,0.9876,74,0,0,74,78,101,99,0.011598,0.009284,0.025998,1,1,1,2185.9
random,2,62,1,15.649,24.51,0.9887,0.9887,75,0,0,75,79,101,99,0.012669,0.008453,0.025826,1,1,1,2185.9
random,2,63,11,15.403,24.731,0.9899,0.9899,73,0,0,73,83,105,102,0.011623,0.008397,0.026188,1,1,1,2185.9
random,2,64,11,15.695,24.746,0.9934,0.9934,75,0,0,75,89,108,104,0.011565,0.009309,0.026211,1,1,1,2185.9
random,2,65,11,15.396,24.686,0.9931,0.9931,77,0,0,77,92,112,108,0.011597,0.008451,0.02614,1,1,1,2185.9
random,2,66,1,15.365,24.676,0.9927,0.9927,77,0,0,77,92,113,108,0.011504,0.008451,0.02614,1,1,1,2185.9
random,2,67,11,15.289,24.541,0.993,0.993,72,0,0,72,96,118,110,0.011504,0.008375,0.025989,1,1,1,2185.9
random,2,68,11,15.386,24.689,0.9919,0.9919,74,0,0,74,98,122,115,0.011556,0.008454,0.026148,1,1,1,2185.9
random,2,69,11,15.376,24.652,0.994,0.994,76,0,0,76,103,124,119,0.011588,0.008437,0.026104,1,1,1,2185.9
random,2,70,1,15.395,24.65,0.9946,0.9946,73,0,0,73,104,124,119,0.011596,0.008489,0.026101,1,1,1,2185.9
random,2,71,1,15.329,24.509,0.9942,0.9942,74,0,0,74,104,125,119,0.011655,0.008395,0.025937,1,1,1,2185.9
random,2,72,1,15.329,24.509,0.9938,0.9938,74,0,0,74,104,126,119,0.011655,0.008395,0.025937,1,1,1,2185.9
random,2,73,1,15.463,24.901,0.9934,0.9934,75,0,0,75,104,127,119,0.011534,0.008468,0.026386,1,1,1,2185.9
random,2,74,1,15.782,25.027,0.9929,0.9929,76,0,0,76,104,128,119,0.012398,0.008519,0.02643,1,1,1,2185.9
random,2,75,1,15.374,24.61,0.9928,0.9928,71,0,0,71,104,128,120,0.011553,0.008509,0.026061,1,1,1,2185.9
random,2,76,10,16.109,25.808,0.9934,0.9934,73,0,0,73,108,132,122,0.012367,0.008659,0.027301,1,1,1,2185.9
random,2,77,1,15.82,25.721,0.994,0.994,73,0,0,73,109,132,122,0.0115,0.008659,0.027301,1,1,1,2185.9
random,2,78,11,15.318,24.602,0.9967,0.9967,75,0,0,75,115,132,127,0.0115,0.008397,0.026058,1,1,1,2185.9
random,2,79,1,15.337,24.61,0.9971,0.9971,71,0,0,71,116,132,127,0.011536,0.008412,0.026063,1,1,1,2185.9
random,2,80,11,15.273,24.437,0.9971,0.9971,73,0,0,73,119,135,132,0.011578,0.008376,0.025866,1,1,1,2185.9
random,2,81,11,15.212,24.354,0.9975,0.9975,75,0,0,75,123,138,136,0.011457,0.008393,0.025787,1,1,1,2185.9
random,2,82,1,15.43,24.69,0.9978,0.9978,72,0,0,72,124,138,136,0.011749,0.008413,0.026128,1,1,1,2185.9
random,2,83,11,15.43,24.69,0.9981,0.9981,72,0,0,72,128,141,140,0.011749,0.008413,0.026128,1,1,1,2185.9
random,2,84,1,15.659,24.695,0.998,0.998,74,0,0,74,128,142,140,0.012307,0.008599,0.026072,1,1,1,2185.9
random,2,85,11,15.305,24.455,0.9973,0.9973,76,0,0,76,130,145,146,0.011609,0.008424,0.025882,1,1,1,2185.9
random,2,86,1,15.404,24.655,0.9976,0.9976,77,0,0,77,131,145,146,0.011639,0.008473,0.026101,1,1,1,2185.9
random,2,87,1,15.469,24.917,0.9975,0.9975,71,0,0,71,131,146,146,0.011543,0.00846,0.026403,1,1,1,2185.9
random,2,88,1,15.462,24.913,0.9978,0.9978,71,0,0,71,132,146,146,0.011507,0.008475,0.026403,1,1,1,2185.9
random,2,89,1,15.332,24.563,0.9981,0.9981,72,0,0,72,133,146,146,0.011507,0.008475,0.026014,1,1,1,2185.9
random,2,90,1,15.44,24.912,0.998,0.998,73,0,0,73,133,147,146,0.011502,0.008415,0.026402,1,1,1,2185.9
random,2,91,1,15.504,24.984,0.9978,0.9978,70,0,0,70,133,148,146,0.011529,0.008504,0.026479,1,1,1,2185.9
random,2,92,1,15.379,24.692,0.9976,0.9976,71,0,0,71,133,149,146,0.011596,0.008393,0.026147,1,1,1,2185.9
random,2,93,1,15.739,24.456,0.998,0.998,72,0,0,72,134,149,146,0.013035,0.008458,0.025725,1,1,1,2185.9
random,2,94,1,15.739,24.456,0.9978,0.9978,72,0,0,72,134,150,146,0.013035,0.008458,0.025725,1,1,1,2185.9
random,2,95,11,15.412,24.564,0.9972,0.9972,70,0,0,70,136,153,152,0.011741,0.008505,0.025989,1,1,1,2185.9
random,2,96,1,15.42,24.736,0.9975,0.9975,72,0,0,72,137,153,152,0.011662,0.00841,0.026189,1,1,1,2185.9
random,2,97,1,15.469,24.77,0.9974,0.9974,73,0,0,73,137,154,152,0.011567,0.008602,0.026237,1,1,1,2185.9
random,2,98,1,15.249,24.278,0.9977,0.9977,74,0,0,74,138,154,152,0.011567,0.008491,0.02569,1,1,1,2185.9
random,2,99,1,15.307,24.577,0.9975,0.9975,69,0,0,69,138,155,152,0.011516,0.008376,0.026028,1,1,1,2185.9
random,2,100,1,15.307,24.577,0.9978,0.9978,69,0,0,69,139,155,152,0.011516,0.008376,0.026028,1,1,1,2185.9
random,2,101,1,15.56,25.046,0.9981,0.9981,70,0,0,70,140,155,152,0.011726,0.008427,0.026526,1,1,1,2185.9
random,2,102,1,15.321,24.52,0.9979,0.9979,71,0,0,71,140,156,152,0.011586,0.008421,0.025957,1,1,1,2185.9
random,2,103,1,15.897,24.73,0.9977,0.9977,67,0,0,67,140,157,152,0.013063,0.008601,0.026026,1,1,1,2185.9
random,2,104,1,15.319,24.562,0.9975,0.9975,68,0,0,68,140,158,152,0.011544,0.008404,0.026008,1,1,1,2185.9
random,2,105,11,15.309,24.575,0.998,0.998,68,0,0,68,144,160,157,0.011674,0.008246,0.026008,1,1,1,2185.9
random,2,106,0,15.332,24.637,0.998,0.998,70,0,0,70,144,160,157,0.011674,0.008246,0.026077,1,1,1,2185.9
random,2,107,1,15.544,24.846,0.9982,0.9982,71,0,0,71,145,160,157,0.011914,0.008436,0.026283,1,1,1,2185.9
random,2,108,1,15.802,25.236,0.9985,0.9985,68,0,0,68,146,160,157,0.01233,0.008406,0.02667,1,1,1,2185.9
random,2,109,11,16.05,26.012,0.999,0.999,70,0,0,70,151,163,160,0.012296,0.008318,0.027536,1,1,1,2185.9
random,2,110,1,15.53,25.059,0.9988,0.9988,71,0,0,71,151,164,160,0.011564,0.008466,0.026559,1,1,1,2185.9
random,2,111,1,15.53,25.059,0.999,0.999,71,0,0,71,152,164,160,0.011564,0.008466,0.026559,1,1,1,2185.9
random,2,112,1,15.441,24.706,0.9989,0.9989,67,0,0,67,152,165,160,0.011833,0.008355,0.026136,1,1,1,2185.9
random,2,113,1,15.754,25.777,0.999,0.999,68,0,0,68,153,165,160,0.011494,0.008404,0.027364,1,1,1,2185.9
random,2,114,1,15.84,25.315,0.9992,0.9992,69,0,0,69,154,165,160,0.012175,0.00857,0.026775,1,1,1,2185.9
random,2,115,11,15.329,24.656,0.9984,0.9984,68,0,0,68,155,171,164,0.011434,0.008428,0.026125,1,1,1,2185.9
random,2,116,1,15.875,25.617,0.9982,0.9982,69,0,0,69,155,172,164,0.011728,0.008738,0.02716,1,1,1,2185.9
random,2,117,1,15.875,25.617,0.998,0.998,69,0,0,69,155,173,164,0.011728,0.008738,0.02716,1,1,1,2185.9
random,2,118,1,15.484,24.939,0.9978,0.9978,70,0,0,70,155,174,164,0.011635,0.008399,0.026417,1,1,1,2185.9
random,2,119,1,15.363,24.752,0.9975,0.9975,71,0,0,71,155,175,164,0.011477,0.008385,0.026227,1,1,1,2185.9
random,3,0,0,15.602,25.22,1.0,1.0,0,0,0,0,0,0,0,0.011612,0.008462,0.026732,1,1,1,1904.1
random,3,1,1,15.339,24.524,0.3333,0.3333,68,0,0,68,1,0,0,0.011689,0.008379,0.02595,1,1,1,1904.1
random,3,2,1,15.414,24.784,0.6667,0.6667,63,0,0,63,1,1,0,0.011579,0.008413,0.026251,1,1,1,1904.1
random,3,3,11,15.5,24.838,0.9548,0.9548,65,0,0,65,5,3,5,0.011777,0.008435,0.026289,1,1,1,1904.1
random,3,4,1,15.477,24.834,0.9333,0.9333,65,0,0,65,6,3,5,0.011742,0.0084,0.026289,1,1,1,1904.1
random,3,5,1,15.354,24.502,0.9036,0.9036,66,0,0,66,7,3,5,0.011742,0.0084,0.02592,1,1,1,1904.1
random,3,6,1,15.326,24.63,0.9481,0.9481,67,0,0,67,7,4,5,0.011464,0.008421,0.026093,1,1,1,1904.1
random,3,7,1,15.592,25.283,0.9731,0.9731,63,0,0,63,7,5,5,0.011506,0.008456,0.026814,1,1,1,1904.1
random,3,8,1,15.317,24.601,0.9474,0.9474,64,0,0,64,8,5,5,0.011457,0.008432,0.026061,1,1,1,1904.1
random,3,9,11,15.828,24.982,0.9836,0.9836,66,0,0,66,10,11,8,0.012711,0.008428,0.026345,1,1,1,1904.1
random,3,10,11,15.53,24.892,0.984,0.984,66,0,0,66,15,14,11,0.011816,0.008428,0.026345,1,1,1,1904.1
random,3,11,1,15.493,24.835,0.9779,0.9779,63,0,0,63,16,14,11,0.011816,0.008382,0.026282,1,1,1,1904.1
random,3,12,11,15.453,24.709,0.9692,0.9692,64,0,0,64,20,19,13,0.011838,0.008381,0.026139,1,1,1,1904.1
random,3,13,1,15.413,24.77,0.9663,0.9663,66,0,0,66,20,20,13,0.011576,0.008427,0.026236,1,1,1,1904.1
random,3,14,1,15.615,25.155,0.9624,0.9624,63,0,0,63,21,20,13,0.011759,0.008444,0.026643,1,1,1,1904.1
random,3,15,1,15.649,25.079,0.9594,0.9594,64,0,0,64,21,21,13,0.011539,0.008824,0.026584,1,1,1,1904.1
random,3,16,11,15.649,25.079,0.9905,0.9905,64,0,0,64,23,24,19,0.011539,0.008824,0.026584,1,1,1,1904.1
random,3,17,11,15.525,24.767,0.9906,0.9906,66,0,0,66,25,29,23,0.011859,0.008515,0.026201,1,1,1,1904.1
random,3,18,1,15.576,24.913,0.9912,0.9912,68,0,0,68,26,29,23,0.011858,0.008508,0.026363,1,1,1,1904.1
random,3,19,1,15.879,24.862,0.9883,0.9883,62,0,0,62,26,30,23,0.013024,0.008435,0.026177,1,1,1,1904.1
random,3,20,1,15.321,24.736,0.9886,0.9886,63,0,0,63,27,30,23,0.011461,0.008292,0.026211,1,1,1,1904.1
random,3,21,1,15.411,24.753,0.9856,0.9856,63,0,0,63,27,31,23,0.011628,0.008394,0.026211,1,1,1,1904.1
random,3,22,1,15.346,24.578,0.9822,0.9822,64,0,0,64,27,32,23,0.011628,0.008394,0.026017,1,1,1,1904.1
random,3,23,1,15.298,24.582,0.9826,0.9826,61,0,0,61,28,32,23,0.011483,0.008372,0.026038,1,1,1,1904.1
random,3,24,11,15.521,24.994,0.9864,0.9864,62,0,0,62,31,36,27,0.011537,0.008538,0.026489,1,1,1,1904.1
random,3,25,1,15.39,24.523,0.9834,0.9834,64,0,0,64,31,37,27,0.011864,0.008376,0.02593,1,1,1,1904.1
random,3,26,1,15.315,24.623,0.9802,0.9802,65,0,0,65,31,38,27,0.011514,0.00835,0.02608,1,1,1,1904.1
random,3,27,11,15.331,24.624,0.9951,0.9951,65,0,0,65,35,39,33,0.011525,0.008388,0.02608,1,1,1,1904.1
random,3,28,0,15.695,25.607,0.9951,0.9951,64,0,0,64,35,39,33,0.011525,0.008388,0.027172,1,1,1,1904.1
random,3,29,1,15.532,24.697,0.9934,0.9934,65,0,0,65,35,40,33,0.012115,0.008385,0.026095,1,1,1,1904.1
random,3,30,11,15.478,24.936,0.9961,0.9961,67,0,0,67,39,43,37,0.011614,0.008405,0.026416,1,1,1,1904.1
random,3,31,1,15.459,24.906,0.9946,0.9946,63,0,0,63,39,44,37,0.011555,0.008433,0.026389,1,1,1,1904.1
random,3,32,1,15.693,25.422,0.995,0.995,64,0,0,64,40,44,37,0.011686,0.008444,0.026948,1,1,1,1904.1
random,3,33,1,15.762,25.443,0.9951,0.9951,64,0,0,64,41,44,37,0.011894,0.008444,0.026948,1,1,1,1904.1
random,3,34,11,15.402,24.449,0.9965,0.9965,65,0,0,65,43,48,42,0.011894,0.008469,0.025844,1,1,1,1904.1
random,3,35,11,15.397,24.86,0.9974,0.9974,65,0,0,65,48,51,45,0.011502,0.008344,0.026344,1,1,1,1904.1
random,3,36,1,15.421,24.567,0.9965,0.9965,66,0,0,66,48,52,45,0.011512,0.008733,0.026018,1,1,1,1904.1
random,3,37,1,15.663,24.765,0.9954,0.9954,67,0,0,67,48,53,45,0.012091,0.008726,0.026173,1,1,1,1904.1
random,3,38,11,15.363,24.707,0.9975,0.9975,67,0,0,67,51,56,50,0.011514,0.008402,0.026173,1,1,1,1904.1
random,3,39,1,15.22,24.322,0.9966,0.9966,69,0,0,69,51,57,50,0.011514,0.008402,0.025745,1,1,1,1904.1
random,3,40,1,15.327,24.669,0.9955,0.9955,67,0,0,67,51,58,50,0.011516,0.008333,0.026131,1,1,1,1904.1
random,3,41,11,15.638,25.166,0.9983,0.9983,68,0,0,68,55,60,55,0.011853,0.008416,0.026645,1,1,1,1904.1
random,3,42,1,15.32,24.526,0.9975,0.9975,70,0,0,70,55,61,55,0.01166,0.008344,0.025956,1,1,1,1904.1
random,3,43,11,15.391,24.807,0.9992,0.9992,67,0,0,67,60,63,59,0.011522,0.008368,0.026283,1,1,1,1904.1
random,3,44,1,15.413,24.81,0.9987,0.9987,67,0,0,67,60,64,59,0.011553,0.008404,0.026283,1,1,1,1904.1
random,3,45,11,15.434,24.867,0.9985,0.9985,68,0,0,68,62,68,64,0.011553,0.008404,0.026346,1,1,1,1904.1
random,3,46,11,15.951,25.513,0.998,0.998,70,0,0,70,64,71,70,0.012426,0.008459,0.026967,1,1,1,1904.1
random,3,47,1,15.273,24.444,0.9976,0.9976,68,0,0,68,64,72,70,0.01153,0.008411,0.025879,1,1,1,1904.1
random,3,48,1,15.617,25.048,0.9971,0.9971,69,0,0,69,64,73,70,0.011671,0.008645,0.026534,1,1,1,1904.1
random,3,49,1,15.344,24.639,0.9965,0.9965,70,0,0,70,64,74,70,0.011588,0.008355,0.026089,1,1,1,1904.1
random,3,50,11,15.37,24.647,0.9965,0.9965,70,0,0,70,67,77,75,0.011665,0.008355,0.026089,1,1,1,1904.1
random,3,51,1,15.589,25.173,0.996,0.996,72,0,0,72,67,78,75,0.011665,0.008429,0.026674,1,1,1,1904.1
random,3,52,1,15.479,24.763,0.9968,0.9968,69,0,0,69,68,78,75,0.011567,0.008642,0.026229,1,1,1,1904.1
random,3,53,1,15.304,24.421,0.9962,0.9962,70,0,0,70,68,79,75,0.011645,0.008426,0.025841,1,1,1,1904.1
random,3,54,0,15.659,24.669,0.9962,0.9962,71,0,0,71,68,79,75,0.011557,0.009294,0.026126,1,1,1,1904.1
random,3,55,11,15.595,25.186,0.9982,0.9982,68,0,0,68,73,80,80,0.0116,0.008488,0.026696,1,1,1,1904.1
random,3,56,11,15.595,25.186,0.9978,0.9978,68,0,0,68,76,83,85,0.0116,0.008488,0.026696,1,1,1,1904.1
random,3,57,1,15.466,24.849,0.9983,0.9983,70,0,0,70,77,83,85,0.011624,0.008455,0.026318,1,1,1,1904.1
random,3,58,1,16.105,25.535,0.9981,0.9981,71,0,0,71,77,84,85,0.012777,0.008586,0.026953,1,1,1,1904.1
random,3,59,1,15.355,24.758,0.9979,0.9979,72,0,0,72,77,85,85,0.011529,0.008309,0.026228,1,1,1,1904.1
random,3,60,1,15.395,24.53,0.9976,0.9976,70,0,0,70,77,86,85,0.011855,0.008392,0.025938,1,1,1,1904.1
random,3,61,1,15.306,24.502,0.9973,0.9973,70,0,0,70,77,87,85,0.011574,0.008407,0.025938,1,1,1,1904.1
random,3,62,1,15.353,24.629,0.9969,0.9969,71,0,0,71,77,88,85,0.011574,0.008407,0.026079,1,1,1,1904.1
random,3,63,11,15.368,24.768,0.9982,0.9982,72,0,0,72,82,91,88,0.011498,0.008363,0.026243,1,1,1,1904.1
random,3,64,1,15.294,24.498,0.9986,0.9986,69,0,0,69,83,91,88,0.01147,0.008465,0.025946,1,1,1,1904.1
random,3,65,1,15.276,24.467,0.9989,0.9989,70,0,0,70,84,91,88,0.011518,0.008405,0.025906,1,1,1,1904.1
random,3,66,1,15.497,24.821,0.9992,0.9992,71,0,0,71,85,91,88,0.011832,0.008396,0.026264,1,1,1,1904.1
random,3,67,1,15.38,24.786,0.9995,0.9995,71,0,0,71,86,91,88,0.01148,0.008396,0.026264,1,1,1,1904.1
random,3,68,1,15.956,25.998,0.9992,0.9992,69,0,0,69,86,92,88,0.01148,0.008776,0.027611,1,1,1,1904.1
random,3,69,1,15.451,24.855,0.9989,0.9989,70,0,0,70,86,93,88,0.011595,0.008429,0.026328,1,1,1,1904.1
random,3,70,1,15.375,24.712,0.9991,0.9991,71,0,0,71,87,93,88,0.011515,0.008431,0.026178,1,1,1,1904.1
random,3,71,1,15.288,24.567,0.9993,0.9993,72,0,0,72,88,93,88,0.01147,0.008372,0.026022,1,1,1,1904.1
random,3,72,1,15.392,24.712,0.999,0.999,68,0,0,68,88,94,88,0.011626,0.008385,0.026166,1,1,1,1904.1
random,3,73,11,15.46,24.732,0.9993,0.9993,68,0,0,68,91,97,93,0.011829,0.008385,0.026166,1,1,1,1904.1
random,3,74,1,15.764,25.399,0.9995,0.9995,70,0,0,70,92,97,93,0.011829,0.008556,0.026907,1,1,1,1904.1
random,3,75,1,15.41,24.8,0.9992,0.9992,71,0,0,71,92,98,93,0.011494,0.008458,0.026279,1,1,1,1904.1
random,3,76,1,15.464,24.762,0.9994,0.9994,67,0,0,67,93,98,93,0.011738,0.008445,0.026209,1,1,1,1904.1
random,3,77,1,15.36,24.654,0.9995,0.9995,68,0,0,68,94,98,93,0.011553,0.008418,0.02611,1,1,1,1904.1
random,3,78,11,15.486,24.99,0.9996,0.9996,70,0,0,70,100,100,96,0.01152,0.008452,0.026487,1,1,1,1904.1
random,3,79,1,15.486,24.99,0.9995,0.9995,70,0,0,70,100,101,96,0.01152,0.008452,0.026487,1,1,1,1904.1
random,3,80,11,15.595,24.828,0.9997,0.9997,71,0,0,71,105,101,102,0.012047,0.00849,0.026248,1,1,1,1904.1
random,3,81,1,15.319,24.435,0.9996,0.9996,68,0,0,68,106,101,102,0.011612,0.008486,0.02586,1,1,1,1904.1
random,3,82,11,15.353,24.62,0.9993,0.9993,69,0,0,69,110,103,107,0.011507,0.008475,0.026077,1,1,1,1904.1
random,3,83,1,15.477,24.875,0.9995,0.9995,71,0,0,71,110,104,107,0.011731,0.008365,0.026336,1,1,1,1904.1
random,3,84,0,15.423,24.852,0.9995,0.9995,71,0,0,71,110,104,107,0.0115,0.008432,0.026336,1,1,1,1904.1
random,3,85,11,15.243,24.367,0.9989,0.9989,70,0,0,70,111,106,115,0.0115,0.008432,0.025797,1,1,1,1904.1
random,3,86,1,15.395,24.826,0.9989,0.9989,71,0,0,71,112,106,115,0.011482,0.008393,0.026309,1,1,1,1904.1
random,3,87,11,15.426,24.63,0.9987,0.9987,73,0,0,73,114,110,120,0.0118,0.008421,0.026056,1,1,1,1904.1
random,3,88,1,15.564,25.143,0.9987,0.9987,68,0,0,68,115,110,120,0.011548,0.008491,0.026654,1,1,1,1904.1
random,3,89,1,15.352,24.671,0.9987,0.9987,69,0,0,69,116,110,120,0.011609,0.008326,0.026122,1,1,1,1904.1
random,3,90,11,15.43,24.694,0.998,0.998,69,0,0,69,120,112,125,0.011841,0.008326,0.026122,1,1,1,1904.1
random,3,91,11,15.469,24.695,0.9971,0.9971,72,0,0,72,124,114,130,0.011841,0.008443,0.026123,1,1,1,1904.1
random,3,92,1,15.263,24.292,0.9971,0.9971,73,0,0,73,125,114,130,0.011715,0.008386,0.025689,1,1,1,1904.1
random,3,93,1,15.445,24.919,0.997,0.997,70,0,0,70,126,114,130,0.011535,0.008394,0.026406,1,1,1,1904.1
random,3,94,1,15.756,25.301,0.9974,0.9974,71,0,0,71,126,115,130,0.011806,0.008661,0.0268,1,1,1,1904.1
random,3,95,11,15.531,24.961,0.9967,0.9967,73,0,0,73,133,117,132,0.011517,0.008622,0.026455,1,1,1,1904.1
random,3,96,1,15.531,24.961,0.9971,0.9971,73,0,0,73,133,118,132,0.011517,0.008622,0.026455,1,1,1,1904.1
random,3,97,1,15.354,24.509,0.9969,0.9969,68,0,0,68,134,118,132,0.011525,0.008584,0.025952,1,1,1,1904.1
random,3,98,1,15.772,25.662,0.9967,0.9967,69,0,0,69,135,118,132,0.011699,0.008403,0.027213,1,1,1,1904.1
random,3,99,11,15.489,24.846,0.9958,0.9958,71,0,0,71,137,120,139,0.011739,0.008427,0.026302,1,1,1,1904.1
random,3,100,1,15.467,24.77,0.9963,0.9963,68,0,0,68,137,121,139,0.011789,0.008401,0.026212,1,1,1,1904.1
random,3,101,11,15.394,24.638,0.996,0.996,70,0,0,70,140,124,144,0.01168,0.008425,0.026078,1,1,1,1904.1
random,3,102,1,15.394,24.638,0.9964,0.9964,70,0,0,70,140,125,144,0.01168,0.008425,0.026078,1,1,1,1904.1
random,3,103,1,15.431,24.534,0.9968,0.9968,71,0,0,71,140,126,144,0.011899,0.008457,0.025938,1,1,1,1904.1
random,3,104,1,15.491,24.851,0.9967,0.9967,72,0,0,72,141,126,144,0.011545,0.008598,0.026329,1,1,1,1904.1
random,3,105,1,15.349,24.649,0.9971,0.9971,68,0,0,68,141,127,144,0.011494,0.008443,0.026111,1,1,1,1904.1
random,3,106,1,15.314,24.577,0.997,0.997,69,0,0,69,142,127,144,0.011491,0.008419,0.026031,1,1,1,1904.1
random,3,107,1,15.745,24.684,0.9973,0.9973,69,0,0,69,142,128,144,0.012561,0.008644,0.026031,1,1,1,1904.1
random,3,108,1,15.922,25.162,0.9977,0.9977,70,0,0,70,142,129,144,0.012561,0.008644,0.026562,1,1,1,1904.1
random,3,109,11,15.401,24.676,0.9974,0.9974,65,0,0,65,145,132,149,0.011627,0.008451,0.026126,1,1,1,1904.1
random,3,110,1,15.378,24.694,0.9973,0.9973,67,0,0,67,146,132,149,0.011578,0.008406,0.026151,1,1,1,1904.1
random,3,111,1,15.551,24.85,0.9976,0.9976,68,0,0,68,146,133,149,0.011675,0.008663,0.026314,1,1,1,1904.1
random,3,112,1,15.618,25.094,0.998,0.998,69,0,0,69,146,134,149,0.011497,0.008752,0.026605,1,1,1,1904.1
random,3,113,0,15.721,25.125,0.998,0.998,69,0,0,69,146,134,149,0.011807,0.008752,0.026605,1,1,1,1904.1
random,3,114,1,15.561,24.963,0.9982,0.9982,66,0,0,66,146,135,149,0.011807,0.008452,0.026425,1,1,1,1904.1
random,3,115,11,15.357,24.685,0.9982,0.9982,68,0,0,68,148,139,154,0.011477,0.00844,0.026153,1,1,1,1904.1
random,3,116,11,15.761,25.713,0.9983,0.9983,70,0,0,70,151,143,158,0.011574,0.008426,0.027284,1,1,1,1904.1
random,3,117,1,15.389,24.713,0.9986,0.9986,66,0,0,66,151,144,158,0.011531,0.008458,0.026178,1,1,1,1904.1
random,3,118,1,15.38,24.329,0.9988,0.9988,67,0,0,67,151,145,158,0.01191,0.00852,0.025709,1,1,1,1904.1
random,3,119,11,15.38,24.329,0.9983,0.9983,67,0,0,67,152,149,164,0.01191,0.00852,0.025709,1,1,1,1904.1
random,4,0,0,15.413,24.793,1.0,1.0,0,0,0,0,0,0,0,0.011568,0.00841,0.026262,1,1,1,2259.5
random,4,1,1,15.671,25.044,0.3333,0.3333,65,0,0,65,0,1,0,0.012174,0.008366,0.026474,1,1,1,2259.5
random,4,2,11,15.448,24.857,0.7273,0.7273,67,0,0,67,7,4,1,0.011578,0.008433,0.026333,1,1,1,2259.5
random,4,3,11,15.536,24.833,0.8126,0.8126,69,0,0,69,12,8,3,0.011611,0.008694,0.026302,1,1,1,2259.5
random,4,4,1,15.428,24.823,0.7934,0.7934,69,0,0,69,13,8,3,0.011513,0.00847,0.026302,1,1,1,2259.5
random,4,5,11,15.51,25.044,0.943,0.943,67,0,0,67,15,12,8,0.011513,0.00847,0.026547,1,1,1,2259.5
random,4,6,11,15.833,25.123,0.9305,0.9305,70,0,0,70,21,14,11,0.012031,0.008891,0.026578,1,1,1,2259.5
random,4,7,11,15.579,24.982,0.9459,0.9459,72,0,0,72,25,18,14,0.011571,0.008694,0.026472,1,1,1,2259.5
random,4,8,11,15.695,24.839,0.8879,0.8879,71,0,0,71,34,18,16,0.01241,0.008454,0.02622,1,1,1,2259.5
random,4,9,1,15.658,25.363,0.8951,0.8951,72,0,0,72,34,19,16,0.011609,0.008474,0.026891,1,1,1,2259.5
random,4,10,1,15.658,25.363,0.9014,0.9014,72,0,0,72,34,20,16,0.011609,0.008474,0.026891,1,1,1,2259.5
random,4,11,1,15.7,25.207,0.8933,0.8933,73,0,0,73,35,20,16,0.012009,0.008418,0.026674,1,1,1,2259.5
random,4,12,1,15.488,24.955,0.8991,0.8991,74,0,0,74,35,21,16,0.011573,0.00845,0.026442,1,1,1,2259.5
random,4,13,11,15.504,24.689,0.916,0.916,72,0,0,72,39,25,19,0.012008,0.008405,0.026098,1,1,1,2259.5
random,4,14,1,15.953,26.325,0.9095,0.9095,73,0,0,73,40,25,19,0.011482,0.008402,0.027974,1,1,1,2259.5
random,4,15,1,16.031,26.346,0.903,0.903,73,0,0,73,41,25,19,0.011693,0.008425,0.027974,1,1,1,2259.5
random,4,16,1,15.333,24.462,0.907,0.907,74,0,0,74,41,26,19,0.011693,0.008425,0.025881,1,1,1,2259.5
random,4,17,1,15.339,24.537,0.9105,0.9105,69,0,0,69,41,27,19,0.011568,0.008472,0.025978,1,1,1,2259.5
random,4,18,11,15.283,24.447,0.9236,0.9236,70,0,0,70,44,33,21,0.011535,0.008433,0.025882,1,1,1,2259.5
random,4,19,11,15.551,25.212,0.9423,0.9423,72,0,0,72,47,37,25,0.011521,0.008399,0.026733,1,1,1,2259.5
random,4,20,1,15.36,24.782,0.9384,0.9384,69,0,0,69,48,37,25,0.011457,0.008361,0.026263,1,1,1,2259.5
random,4,21,1,15.408,24.794,0.9345,0.9345,69,0,0,69,49,37,25,0.011573,0.008388,0.026263,1,1,1,2259.5
random,4,22,1,15.444,24.891,0.9304,0.9304,70,0,0,70,50,37,25,0.011573,0.008388,0.026371,1,1,1,2259.5
random,4,23,1,15.719,25.552,0.9263,0.9263,71,0,0,71,51,37,25,0.011634,0.008426,0.027098,1,1,1,2259.5
random,4,24,1,15.596,24.774,0.9221,0.9221,72,0,0,72,52,37,25,0.01171,0.008851,0.026226,1,1,1,2259.5
random,4,25,1,15.441,24.698,0.9236,0.9236,69,0,0,69,52,38,25,0.011761,0.008425,0.026136,1,1,1,2259.5
random,4,26,1,15.513,25.127,0.9195,0.9195,70,0,0,70,53,38,25,0.011506,0.008392,0.02664,1,1,1,2259.5
random,4,27,1,15.513,25.127,0.9153,0.9153,70,0,0,70,54,38,25,0.011506,0.008392,0.02664,1,1,1,2259.5
random,4,28,0,15.516,24.597,0.9153,0.9153,71,0,0,71,54,38,25,0.011552,0.008949,0.026046,1,1,1,2259.5
random,4,29,1,15.48,24.832,0.9111,0.9111,66,0,0,66,55,38,25,0.011657,0.008488,0.026296,1,1,1,2259.5
random,4,30,1,15.304,24.603,0.9128,0.9128,67,0,0,67,55,39,25,0.011473,0.008377,0.026062,1,1,1,2259.5
random,4,31,1,15.594,24.564,0.9143,0.9143,68,0,0,68,55,40,25,0.011672,0.009115,0.025996,1,1,1,2259.5
random,4,32,1,15.794,25.704,0.9155,0.9155,69,0,0,69,55,41,25,0.01162,0.008494,0.027269,1,1,1,2259.5
random,4,33,11,15.794,25.704,0.9272,0.9272,69,0,0,69,60,42,30,0.01162,0.008494,0.027269,1,1,1,2259.5
random,4,34,1,15.62,24.405,0.9235,0.9235,67,0,0,67,61,42,30,0.012551,0.008587,0.025722,1,1,1,2259.5
random,4,35,1,15.406,24.469,0.9197,0.9197,68,0,0,68,62,42,30,0.011525,0.008787,0.025907,1,1,1,2259.5
random,4,36,1,15.35,24.64,0.9214,0.9214,69,0,0,69,62,43,30,0.011529,0.008423,0.026097,1,1,1,2259.5
random,4,37,1,16.138,25.824,0.9177,0.9177,64,0,0,64,63,43,30,0.012473,0.008634,0.027308,1,1,1,2259.5
random,4,38,11,15.867,25.749,0.9147,0.9147,64,0,0,64,69,45,33,0.011714,0.00858,0.027308,1,1,1,2259.5
random,4,39,1,15.666,25.205,0.9166,0.9166,66,0,0,66,69,46,33,0.011714,0.00858,0.026704,1,1,1,2259.5
random,4,40,1,15.38,24.689,0.9183,0.9183,67,0,0,67,69,47,33,0.011544,0.008445,0.02615,1,1,1,2259.5
random,4,41,1,15.219,24.375,0.9198,0.9198,65,0,0,65,69,48,33,0.011497,0.008355,0.025806,1,1,1,2259.5
random,4,42,11,16.129,26.021,0.9292,0.9292,67,0,0,67,73,51,37,0.012337,0.00851,0.027541,1,1,1,2259.5
random,4,43,1,16.162,25.068,0.9261,0.9261,68,0,0,68,74,51,37,0.013004,0.009073,0.026409,1,1,1,2259.5
random,4,44,1,15.667,24.92,0.9275,0.9275,68,0,0,68,74,52,37,0.01152,0.009073,0.026409,1,1,1,2259.5
random,4,45,11,15.42,24.735,0.9426,0.9426,69,0,0,69,76,57,41,0.01152,0.008537,0.026203,1,1,1,2259.5
random,4,46,1,15.332,24.549,0.9401,0.9401,67,0,0,67,77,57,41,0.011559,0.008445,0.025992,1,1,1,2259.5
random,4,47,11,15.308,24.473,0.9439,0.9439,68,0,0,68,81,61,44,0.011577,0.00844,0.025906,1,1,1,2259.5
random,4,48,11,15.248,24.349,0.9471,0.9471,71,0,0,71,85,65,47,0.011617,0.008362,0.025764,1,1,1,2259.5
random,4,49,11,15.364,24.451,0.9587,0.9587,69,0,0,69,88,67,53,0.011528,0.008676,0.025887,1,1,1,2259.5
random,4,50,1,15.364,24.451,0.9567,0.9567,69,0,0,69,89,67,53,0.011528,0.008676,0.025887,1,1,1,2259.5
random,4,51,1,15.398,24.697,0.9574,0.9574,70,0,0,70,89,68,53,0.011594,0.008447,0.026153,1,1,1,2259.5
random,4,52,1,15.333,24.621,0.9554,0.9554,71,0,0,71,90,68,53,0.011497,0.008424,0.026079,1,1,1,2259.5
random,4,53,1,15.638,24.621,0.9561,0.9561,67,0,0,67,90,69,53,0.012128,0.008776,0.026009,1,1,1,2259.5
random,4,54,1,15.362,24.672,0.9541,0.9541,68,0,0,68,91,69,53,0.011514,0.008437,0.026134,1,1,1,2259.5
random,4,55,1,15.361,24.678,0.9521,0.9521,68,0,0,68,92,69,53,0.01157,0.008378,0.026134,1,1,1,2259.5
random,4,56,1,15.328,24.588,0.95,0.95,69,0,0,69,93,69,53,0.01157,0.008378,0.026035,1,1,1,2259.5
random,4,57,1,15.379,24.589,0.9479,0.9479,70,0,0,70,94,69,53,0.011733,0.008387,0.026018,1,1,1,2259.5
random,4,58,1,15.458,24.716,0.9505,0.9505,67,0,0,67,94,69,54,0.011755,0.008463,0.026156,1,1,1,2259.5
random,4,59,10,15.366,24.572,0.9511,0.9511,69,0,0,69,97,75,55,0.011665,0.008427,0.026006,1,1,1,2259.5
random,4,60,11,15.343,24.533,0.9552,0.9552,71,0,0,71,101,78,59,0.011612,0.008449,0.025969,1,1,1,2259.5
random,4,61,1,15.312,24.521,0.9557,0.9557,71,0,0,71,101,79,59,0.011492,0.008474,0.025969,1,1,1,2259.5
random,4,62,11,15.376,24.695,0.9593,0.9593,68,0,0,68,105,82,63,0.011492,0.008474,0.026162,1,1,1,2259.5
random,4,63,1,15.575,24.355,0.9597,0.9597,70,0,0,70,105,83,63,0.012471,0.008579,0.025676,1,1,1,2259.5
random,4,64,1,15.332,24.597,0.96,0.96,71,0,0,71,105,84,63,0.011543,0.008405,0.026047,1,1,1,2259.5
random,4,65,1,15.537,25.151,0.9585,0.9585,72,0,0,72,106,84,63,0.011493,0.00845,0.026669,1,1,1,2259.5
random,4,66,11,15.434,24.826,0.9617,0.9617,68,0,0,68,109,89,66,0.011573,0.008431,0.026299,1,1,1,2259.5
random,4,67,1,15.434,24.826,0.9603,0.9603,68,0,0,68,110,89,66,0.011573,0.008431,0.026299,1,1,1,2259.5
random,4,68,1,15.464,24.921,0.9588,0.9588,69,0,0,69,111,89,66,0.011667,0.008332,0.026394,1,1,1,2259.5
random,4,69,1,15.612,24.833,0.9574,0.9574,70,0,0,70,112,89,66,0.011607,0.008927,0.026303,1,1,1,2259.5
random,4,70,1,15.442,24.605,0.9559,0.9559,65,0,0,65,113,89,66,0.011796,0.008502,0.026028,1,1,1,2259.5
random,4,71,1,15.345,24.615,0.9544,0.9544,66,0,0,66,114,89,66,0.011501,0.008462,0.026072,1,1,1,2259.5
random,4,72,1,15.32,24.614,0.9547,0.9547,66,0,0,66,114,90,66,0.011493,0.008396,0.026072,1,1,1,2259.5
random,4,73,1,15.358,24.716,0.955,0.955,67,0,0,67,114,91,66,0.011493,0.008396,0.026185,1,1,1,2259.5
random,4,74,1,15.496,24.954,0.9553,0.9553,63,0,0,63,114,92,66,0.011649,0.008407,0.026432,1,1,1,2259.5
random,4,75,1,15.368,24.724,0.9538,0.9538,64,0,0,64,115,92,66,0.01154,0.008374,0.026189,1,1,1,2259.5
random,4,76,1,15.399,24.781,0.9541,0.9541,65,0,0,65,115,93,66,0.011563,0.008383,0.02625,1,1,1,2259.5
random,4,77,11,15.485,25.001,0.9537,0.9537,67,0,0,67,119,98,68,0.011513,0.008441,0.0265,1,1,1,2259.5
random,4,78,1,15.484,25.004,0.9538,0.9538,67,0,0,67,119,99,68,0.011537,0.008416,0.0265,1,1,1,2259.5
random,4,79,1,15.574,25.246,0.9525,0.9525,65,0,0,65,120,99,68,0.011537,0.008416,0.026769,1,1,1,2259.5
random,4,80,1,15.357,24.587,0.9526,0.9526,66,0,0,66,120,100,68,0.011507,0.008525,0.02604,1,1,1,2259.5
random,4,81,1,15.394,24.728,0.9526,0.9526,67,0,0,67,120,101,68,0.011536,0.008453,0.026194,1,1,1,2259.5
random,4,82,1,15.37,24.435,0.9514,0.9514,62,0,0,62,121,101,68,0.011613,0.008637,0.02586,1,1,1,2259.5
random,4,83,1,15.38,24.816,0.9501,0.9501,63,0,0,63,122,101,68,0.011419,0.008416,0.026304,1,1,1,2259.5
random,4,84,1,15.404,24.823,0.9502,0.9502,63,0,0,63,122,102,68,0.011493,0.008416,0.026304,1,1,1,2259.5
random,4,85,11,15.387,24.784,0.955,0.955,64,0,0,64,125,106,72,0.011493,0.008406,0.026261,1,1,1,2259.5
random,4,86,11,15.38,24.791,0.9563,0.9563,63,0,0,63,129,110,75,0.011513,0.00836,0.026266,1,1,1,2259.5
random,4,87,1,15.545,25.145,0.9582,0.9582,65,0,0,65,129,110,76,0.0115,0.008474,0.026661,1,1,1,2259.5
random,4,88,10,15.74,25.072,0.9594,0.9594,67,0,0,67,133,113,79,0.012343,0.00839,0.026486,1,1,1,2259.5
random,4,89,1,15.427,24.686,0.9583,0.9583,68,0,0,68,134,113,79,0.011742,0.008415,0.026124,1,1,1,2259.5
random,4,90,11,15.427,24.686,0.9627,0.9627,68,0,0,68,138,115,84,0.011742,0.008415,0.026124,1,1,1,2259.5
random,4,91,1,15.735,24.785,0.9627,0.9627,67,0,0,67,138,116,84,0.011534,0.009414,0.026257,1,1,1,2259.5
random,4,92,1,15.48,24.948,0.9628,0.9628,68,0,0,68,138,117,84,0.011595,0.008414,0.026432,1,1,1,2259.5
random,4,93,11,15.362,24.378,0.9685,0.9685,70,0,0,70,140,121,89,0.011755,0.00855,0.02578,1,1,1,2259.5
random,4,94,1,15.442,24.56,0.9684,0.9684,66,0,0,66,140,122,89,0.011515,0.0088,0.02601,1,1,1,2259.5
random,4,95,1,15.368,24.578,0.9684,0.9684,66,0,0,66,140,123,89,0.011688,0.008406,0.02601,1,1,1,2259.5
random,4,96,1,15.35,24.53,0.9683,0.9683,67,0,0,67,140,124,89,0.011688,0.008406,0.025957,1,1,1,2259.5
random,4,97,1,15.652,25.228,0.9682,0.9682,68,0,0,68,140,125,89,0.011795,0.00844,0.026721,1,1,1,2259.5
random,4,98,11,15.485,24.925,0.9724,0.9724,70,0,0,70,143,128,94,0.011506,0.008532,0.026416,1,1,1,2259.5
random,4,99,1,15.473,25.015,0.9716,0.9716,67,0,0,67,144,128,94,0.011525,0.008381,0.026514,1,1,1,2259.5
random,4,100,1,15.395,24.715,0.9708,0.9708,68,0,0,68,145,128,94,0.011614,0.0084,0.026171,1,1,1,2259.5
random,4,101,11,15.418,24.722,0.9719,0.9719,68,0,0,68,150,130,98,0.011684,0.0084,0.026171,1,1,1,2259.5
random,4,102,11,15.561,24.776,0.9728,0.9728,70,0,0,70,155,132,102,0.011684,0.008769,0.026231,1,1,1,2259.5
random,4,103,1,15.728,24.726,0.9719,0.9719,67,0,0,67,156,132,102,0.011676,0.009332,0.026176,1,1,1,2259.5
random,4,104,11,15.505,25.074,0.9762,0.9762,68,0,0,68,158,136,107,0.011513,0.00842,0.026581,1,1,1,2259.5
random,4,105,1,15.488,24.472,0.9754,0.9754,69,0,0,69,159,136,107,0.011813,0.008772,0.025879,1,1,1,2259.5
random,4,106,1,15.522,24.732,0.9754,0.9754,66,0,0,66,159,137,107,0.011967,0.00845,0.02615,1,1,1,2259.5
random,4,107,1,15.522,24.732,0.9755,0.9755,66,0,0,66,159,138,107,0.011967,0.00845,0.02615,1,1,1,2259.5
random,4,108,11,15.478,24.955,0.9785,0.9785,66,0,0,66,162,141,112,0.011575,0.008417,0.026442,1,1,1,2259.5
random,4,109,11,15.352,24.4,0.9805,0.9805,68,0,0,68,167,141,118,0.011898,0.00837,0.025789,1,1,1,2259.5
random,4,110,11,15.492,24.841,0.9822,0.9822,70,0,0,70,170,145,122,0.011757,0.008424,0.026295,1,1,1,2259.5
random,4,111,1,15.495,24.898,0.9823,0.9823,66,0,0,66,170,146,122,0.011651,0.008463,0.02637,1,1,1,2259.5
random,4,112,1,15.435,24.888,0.9817,0.9817,66,0,0,66,171,146,122,0.011552,0.008382,0.02637,1,1,1,2259.5
random,4,113,1,15.712,25.637,0.9817,0.9817,67,0,0,67,171,147,122,0.011552,0.008382,0.027202,1,1,1,2259.5
random,4,114,0,15.499,24.942,0.9817,0.9817,68,0,0,68,171,147,122,0.011676,0.008404,0.026416,1,1,1,2259.5
random,4,115,11,15.549,24.848,0.9859,0.9859,66,0,0,66,173,149,129,0.011759,0.008585,0.026302,1,1,1,2259.5
random,4,116,11,15.363,24.747,0.9865,0.9865,68,0,0,68,177,152,133,0.011446,0.008419,0.026225,1,1,1,2259.5
random,4,117,1,15.476,24.866,0.9859,0.9859,69,0,0,69,178,152,133,0.011532,0.008548,0.026348,1,1,1,2259.5
random,4,118,11,15.454,24.869,0.9887,0.9887,69,0,0,69,180,155,139,0.011557,0.008458,0.026348,1,1,1,2259.5
random,4,119,11,15.512,25.025,0.9883,0.9883,67,0,0,67,184,160,141,0.011557,0.008458,0.026521,1,1,1,2259.5
random,5,0,0,15.512,24.864,1.0,1.0,0,0,0,0,0,0,0,0.011804,0.008416,0.026315,1,1,1,2301.6
random,5,1,11,15.372,24.486,0.938,0.938,71,0,0,71,5,3,3,0.011804,0.008416,0.025895,1,1,1,2301.6
random,5,2,1,15.419,24.718,0.8889,0.8889,68,0,0,68,6,3,3,0.011493,0.008575,0.026188,1,1,1,2301.6
random,5,3,1,15.393,24.758,0.9235,0.9235,69,0,0,69,6,4,3,0.011547,0.008405,0.026226,1,1,1,2301.6
random,5,4,11,15.383,24.75,1.0,1.0,71,0,0,71,8,8,8,0.011533,0.008398,0.026218,1,1,1,2301.6
random,5,5,1,15.382,24.723,0.9968,0.9968,72,0,0,72,8,9,8,0.011498,0.008456,0.026193,1,1,1,2301.6
random,5,6,1,15.4,24.729,0.9971,0.9971,72,0,0,72,9,9,8,0.011551,0.008456,0.026193,1,1,1,2301.6
random,5,7,1,15.361,24.597,0.9918,0.9918,71,0,0,71,10,9,8,0.011551,0.008484,0.026047,1,1,1,2301.6
random,5,8,1,15.425,24.74,0.9825,0.9825,72,0,0,72,11,9,8,0.011513,0.008551,0.02621,1,1,1,2301.6
random,5,9,11,15.408,24.608,0.9657,0.9657,74,0,0,74,13,16,10,0.011543,0.008622,0.02606,1,1,1,2301.6
random,5,10,1,15.383,24.737,0.9662,0.9662,71,0,0,71,14,16,10,0.011516,0.008427,0.026206,1,1,1,2301.6
random,5,11,1,15.229,24.374,0.9578,0.9578,72,0,0,72,14,17,10,0.011514,0.008369,0.025803,1,1,1,2301.6
random,5,12,1,15.243,24.378,0.9484,0.9484,72,0,0,72,14,18,10,0.011558,0.008369,0.025803,1,1,1,2301.6
random,5,13,1,15.415,24.779,0.9497,0.9497,73,0,0,73,15,18,10,0.011558,0.00844,0.026248,1,1,1,2301.6
random,5,14,1,15.461,24.763,0.949,0.949,70,0,0,70,16,18,10,0.011764,0.008413,0.026207,1,1,1,2301.6
random,5,15,1,15.734,25.462,0.9414,0.9414,71,0,0,71,16,19,10,0.011773,0.008446,0.026983,1,1,1,2301.6
random,5,16,1,15.386,24.664,0.933,0.933,72,0,0,72,16,20,10,0.011573,0.008465,0.026119,1,1,1,2301.6
random,5,17,1,15.482,24.93,0.9332,0.9332,73,0,0,73,17,20,10,0.011618,0.00842,0.026409,1,1,1,2301.6
random,5,18,1,15.482,24.93,0.932,0.932,73,0,0,73,18,20,10,0.011618,0.00842,0.026409,1,1,1,2301.6
random,5,19,11,15.511,25.115,0.9909,0.9909,71,0,0,71,21,21,17,0.011506,0.008401,0.026627,1,1,1,2301.6
random,5,20,1,15.404,24.876,0.9885,0.9885,73,0,0,73,22,21,17,0.011526,0.008327,0.026359,1,1,1,2301.6
random,5,21,1,15.37,24.662,0.9867,0.9867,74,0,0,74,22,22,17,0.011464,0.008517,0.026129,1,1,1,2301.6
random,5,22,11,15.337,24.69,0.9897,0.9897,70,0,0,70,27,24,21,0.01153,0.008328,0.026152,1,1,1,2301.6
random,5,23,11,15.621,24.693,0.9818,0.9818,70,0,0,70,33,25,25,0.011562,0.00915,0.026152,1,1,1,2301.6
random,5,24,11,15.625,24.702,0.967,0.967,72,0,0,72,39,25,30,0.011562,0.00915,0.026162,1,1,1,2301.6
random,5,25,11,15.278,24.424,0.974,0.974,74,0,0,74,42,28,35,0.011588,0.008397,0.02585,1,1,1,2301.6
random,5,26,11,15.379,24.72,0.9815,0.9815,71,0,0,71,45,32,39,0.011531,0.008421,0.026185,1,1,1,2301.6
random,5,27,1,15.803,24.978,0.9845,0.9845,73,0,0,73,45,33,39,0.012705,0.008362,0.026342,1,1,1,2301.6
random,5,28,1,15.58,24.922,0.9871,0.9871,74,0,0,74,45,34,39,0.011658,0.008686,0.026396,1,1,1,2301.6
random,5,29,1,15.584,24.923,0.9848,0.9848,74,0,0,74,46,34,39,0.011669,0.008686,0.026396,1,1,1,2301.6
random,5,30,0,15.448,24.795,0.9848,0.9848,75,0,0,75,46,34,39,0.011669,0.008422,0.026254,1,1,1,2301.6
random,5,31,1,15.653,24.495,0.9872,0.9872,72,0,0,72,46,35,39,0.012509,0.008623,0.025827,1,1,1,2301.6
random,5,32,11,15.405,24.723,0.9875,0.9875,75,0,0,75,50,38,43,0.011571,0.008459,0.026184,1,1,1,2301.6
random,5,33,1,15.422,24.796,0.9894,0.9894,75,0,0,75,50,39,43,0.011589,0.008415,0.026263,1,1,1,2301.6
random,5,34,1,15.468,24.708,0.9875,0.9875,71,0,0,71,51,39,43,0.011801,0.008461,0.026142,1,1,1,2301.6
random,5,35,1,15.468,24.708,0.9893,0.9893,71,0,0,71,51,40,43,0.011801,0.008461,0.026142,1,1,1,2301.6
random,5,36,11,15.291,24.246,0.9942,0.9942,77,0,0,77,53,44,48,0.011849,0.0084,0.025623,1,1,1,2301.6
random,5,37,1,15.406,24.703,0.9929,0.9929,74,0,0,74,54,44,48,0.011661,0.008406,0.026152,1,1,1,2301.6
random,5,38,11,15.921,25.006,0.9939,0.9939,76,0,0,76,57,47,53,0.012404,0.008953,0.026406,1,1,1,2301.6
random,5,39,1,15.432,24.789,0.9951,0.9951,72,0,0,72,57,48,53,0.011452,0.008572,0.026271,1,1,1,2301.6
random,5,40,11,15.443,24.812,0.9966,0.9966,72,0,0,72,60,52,57,0.011684,0.008375,0.026271,1,1,1,2301.6
random,5,41,11,15.406,24.711,0.9993,0.9993,74,0,0,74,62,58,60,0.011684,0.008375,0.026158,1,1,1,2301.6
random,5,42,1,15.436,24.805,0.9988,0.9988,76,0,0,76,63,58,60,0.011528,0.008499,0.02628,1,1,1,2301.6
random,5,43,1,15.436,24.632,0.9992,0.9992,72,0,0,72,63,59,60,0.011646,0.008587,0.026075,1,1,1,2301.6
random,5,44,1,15.342,24.697,0.9987,0.9987,73,0,0,73,64,59,60,0.011522,0.008344,0.026161,1,1,1,2301.6
random,5,45,1,15.296,24.464,0.9982,0.9982,74,0,0,74,65,59,60,0.011539,0.00845,0.0259,1,1,1,2301.6
random,5,46,1,15.321,24.471,0.9975,0.9975,74,0,0,74,66,59,60,0.011614,0.00845,0.0259,1,1,1,2301.6
random,5,47,1,15.381,24.623,0.9979,0.9979,69,0,0,69,66,60,60,0.011614,0.008461,0.026068,1,1,1,2301.6
random,5,48,1,15.799,25.025,0.9982,0.9982,70,0,0,70,66,61,60,0.012388,0.00858,0.026429,1,1,1,2301.6
random,5,49,11,15.341,24.594,0.9989,0.9989,71,0,0,71,69,64,65,0.011537,0.00844,0.026045,1,1,1,2301.6
random,5,50,1,15.427,24.86,0.9992,0.9992,73,0,0,73,69,65,65,0.011418,0.008509,0.026354,1,1,1,2301.6
random,5,51,1,15.381,24.641,0.9994,0.9994,69,0,0,69,69,66,65,0.011648,0.008411,0.026085,1,1,1,2301.6
random,5,52,1,15.381,24.641,0.999,0.999,69,0,0,69,70,66,65,0.011648,0.008411,0.026085,1,1,1,2301.6
random,5,53,1,15.399,24.692,0.9985,0.9985,70,0,0,70,71,66,65,0.011678,0.008382,0.026138,1,1,1,2301.6
random,5,54,11,15.497,24.378,0.9951,0.9951,71,0,0,71,78,67,68,0.01192,0.008808,0.025762,1,1,1,2301.6
random,5,55,1,15.489,25.018,0.9942,0.9942,66,0,0,66,79,67,68,0.011532,0.008419,0.026516,1,1,1,2301.6
random,5,56,11,15.559,24.646,0.9968,0.9968,67,0,0,67,81,72,72,0.012271,0.008384,0.026021,1,1,1,2301.6
random,5,57,1,15.636,24.67,0.9961,0.9961,67,0,0,67,82,72,72,0.012509,0.008377,0.026021,1,1,1,2301.6
random,5,58,1,15.795,25.1,0.9965,0.9965,69,0,0,69,82,72,73,0.012509,0.008377,0.026499,1,1,1,2301.6
random,5,59,10,15.864,25.8,0.9978,0.9978,68,0,0,68,83,74,80,0.011786,0.008449,0.027357,1,1,1,2301.6
random,5,60,1,15.517,24.843,0.9983,0.9983,69,0,0,69,83,75,80,0.011776,0.008479,0.026295,1,1,1,2301.6
random,5,61,1,15.567,25.135,0.9979,0.9979,70,0,0,70,84,75,80,0.01163,0.008434,0.026636,1,1,1,2301.6
random,5,62,1,15.526,24.997,0.9983,0.9983,71,0,0,71,84,76,80,0.01152,0.008562,0.026495,1,1,1,2301.6
random,5,63,1,15.577,25.013,0.9979,0.9979,71,0,0,71,85,76,80,0.011674,0.008562,0.026495,1,1,1,2301.6
random,5,64,11,15.514,24.87,0.9974,0.9974,68,0,0,68,88,78,86,0.011674,0.008531,0.026336,1,1,1,2301.6
random,5,65,1,15.411,24.874,0.9979,0.9979,70,0,0,70,88,79,86,0.011537,0.008339,0.026356,1,1,1,2301.6
random,5,66,11,15.448,24.625,0.9984,0.9984,72,0,0,72,91,83,90,0.011734,0.008553,0.026057,1,1,1,2301.6
random,5,67,1,15.833,25.214,0.9981,0.9981,68,0,0,68,92,83,90,0.012417,0.008446,0.026636,1,1,1,2301.6
random,5,68,1,15.46,24.815,0.9985,0.9985,69,0,0,69,92,84,90,0.011788,0.008329,0.026262,1,1,1,2301.6
random,5,69,11,15.46,24.815,0.9989,0.9989,69,0,0,69,95,88,94,0.011788,0.008329,0.026262,1,1,1,2301.6
random,5,70,1,15.443,24.848,0.9992,0.9992,71,0,0,71,95,89,94,0.011527,0.008475,0.026328,1,1,1,2301.6
random,5,71,11,15.595,24.961,0.9984,0.9984,72,0,0,72,100,91,98,0.01179,0.008572,0.026424,1,1,1,2301.6
random,5,72,1,15.372,24.624,0.9981,0.9981,70,0,0,70,101,91,98,0.011645,0.008405,0.026066,1,1,1,2301.6
random,5,73,11,15.698,24.603,0.9976,0.9976,72,0,0,72,106,94,101,0.011831,0.00924,0.026022,1,1,1,2301.6
random,5,74,1,15.364,24.568,0.998,0.998,72,0,0,72,106,95,101,0.011486,0.008585,0.026022,1,1,1,2301.6
random,5,75,1,15.549,25.067,0.9977,0.9977,73,0,0,73,107,95,101,0.011486,0.008585,0.026576,1,1,1,2301.6
random,5,76,11,15.311,24.457,0.9966,0.9966,71,0,0,71,112,97,105,0.011531,0.008508,0.025893,1,1,1,2301.6
random,5,77,1,15.646,25.312,0.997,0.997,73,0,0,73,112,98,105,0.011675,0.008436,0.026827,1,1,1,2301.6
random,5,78,1,15.853,24.631,0.9966,0.9966,74,0,0,74,113,98,105,0.011764,0.009733,0.026061,1,1,1,2301.6
random,5,79,1,15.494,25.067,0.9962,0.9962,70,0,0,70,114,98,105,0.011555,0.008358,0.026568,1,1,1,2301.6
random,5,80,1,15.507,25.064,0.9966,0.9966,70,0,0,70,114,99,105,0.011529,0.008423,0.026568,1,1,1,2301.6
random,5,81,1,15.653,25.459,0.9962,0.9962,71,0,0,71,115,99,105,0.011529,0.008423,0.027007,1,1,1,2301.6
random,5,82,11,15.263,24.4,0.9956,0.9956,72,0,0,72,119,101,110,0.011514,0.008443,0.025832,1,1,1,2301.6
random,5,83,1,15.286,24.491,0.9951,0.9951,74,0,0,74,120,101,110,0.011498,0.008426,0.025935,1,1,1,2301.6
random,5,84,1,15.494,24.768,0.9946,0.9946,70,0,0,70,121,101,110,0.011766,0.008502,0.026213,1,1,1,2301.6
random,5,85,11,15.256,24.356,0.9933,0.9933,71,0,0,71,126,103,114,0.011568,0.008423,0.025777,1,1,1,2301.6
random,5,86,1,15.314,24.373,0.9939,0.9939,71,0,0,71,126,104,114,0.011742,0.008423,0.025777,1,1,1,2301.6
random,5,87,0,15.529,24.814,0.9939,0.9939,73,0,0,73,126,104,114,0.011742,0.008579,0.026266,1,1,1,2301.6
random,5,88,1,15.603,24.771,0.9933,0.9933,67,0,0,67,127,104,114,0.011553,0.009015,0.02624,1,1,1,2301.6
random,5,89,1,15.356,24.653,0.9939,0.9939,68,0,0,68,127,105,114,0.011565,0.008396,0.026107,1,1,1,2301.6
random,5,90,1,15.622,25.276,0.9944,0.9944,69,0,0,69,127,106,114,0.011709,0.008375,0.026783,1,1,1,2301.6
random,5,91,11,15.787,25.565,0.9953,0.9953,68,0,0,68,130,110,118,0.011791,0.008474,0.027096,1,1,1,2301.6
random,5,92,1,15.787,25.565,0.9957,0.9957,68,0,0,68,130,111,118,0.011791,0.008474,0.027096,1,1,1,2301.6
random,5,93,1,15.495,24.471,0.9953,0.9953,69,0,0,69,131,111,118,0.01166,0.00893,0.025895,1,1,1,2301.6
random,5,94,1,15.513,24.899,0.9948,0.9948,70,0,0,70,132,111,118,0.011754,0.008425,0.026359,1,1,1,2301.6
random,5,95,1,15.483,24.919,0.9952,0.9952,71,0,0,71,132,112,118,0.011446,0.008587,0.026416,1,1,1,2301.6
random,5,96,11,15.364,24.709,0.9931,0.9931,69,0,0,69,138,113,122,0.011537,0.008382,0.026172,1,1,1,2301.6
random,5,97,1,15.756,24.74,0.9936,0.9936,69,0,0,69,138,114,122,0.011853,0.009244,0.026172,1,1,1,2301.6
random,5,98,1,15.906,25.144,0.9941,0.9941,70,0,0,70,138,115,122,0.011853,0.009244,0.026621,1,1,1,2301.6
random,5,99,11,15.486,24.775,0.9946,0.9946,71,0,0,71,141,118,127,0.01175,0.008487,0.026222,1,1,1,2301.6
random,5,100,1,15.322,24.478,0.9951,0.9951,67,0,0,67,141,119,127,0.011578,0.008478,0.025911,1,1,1,2301.6
random,5,101,1,15.516,24.947,0.9946,0.9946,68,0,0,68,142,119,127,0.011513,0.008595,0.02644,1,1,1,2301.6
random,5,102,1,15.38,24.525,0.995,0.995,69,0,0,69,142,120,127,0.011534,0.008636,0.025969,1,1,1,2301.6
random,5,103,11,15.495,24.56,0.9962,0.9962,69,0,0,69,144,124,132,0.011879,0.008636,0.025969,1,1,1,2301.6
random,5,104,1,15.336,24.346,0.9958,0.9958,71,0,0,71,145,124,132,0.011879,0.008397,0.025731,1,1,1,2301.6
random,5,105,11,15.368,24.344,0.9957,0.9957,67,0,0,67,148,126,138,0.011944,0.008437,0.025722,1,1,1,2301.6
random,5,106,1,15.723,25.514,0.9954,0.9954,69,0,0,69,149,126,138,0.011669,0.008448,0.027052,1,1,1,2301.6
random,5,107,1,15.792,25.194,0.995,0.995,70,0,0,70,150,126,138,0.012301,0.00845,0.026626,1,1,1,2301.6
random,5,108,1,15.445,24.601,0.9954,0.9954,68,0,0,68,150,127,138,0.011806,0.008506,0.026023,1,1,1,2301.6
random,5,109,1,15.445,24.601,0.995,0.995,68,0,0,68,151,127,138,0.011806,0.008506,0.026023,1,1,1,2301.6
random,5,110,1,15.343,24.677,0.9954,0.9954,69,0,0,69,151,128,138,0.011553,0.008342,0.026135,1,1,1,2301.6
random,5,111,1,15.37,24.608,0.995,0.995,70,0,0,70,152,128,138,0.011615,0.008442,0.026052,1,1,1,2301.6
random,5,112,11,15.381,24.769,0.9949,0.9949,66,0,0,66,156,131,142,0.011473,0.008423,0.026246,1,1,1,2301.6
random,5,113,11,15.391,24.646,0.9951,0.9951,68,0,0,68,160,135,145,0.011638,0.008443,0.026091,1,1,1,2301.6
random,5,114,1,15.344,24.636,0.9955,0.9955,68,0,0,68,160,136,145,0.011541,0.0084,0.026091,1,1,1,2301.6
random,5,115,1,15.377,24.725,0.9958,0.9958,70,0,0,70,160,137,145,0.011541,0.0084,0.02619,1,1,1,2301.6
random,5,116,1,15.558,25.224,0.9959,0.9959,71,0,0,71,160,137,146,0.011509,0.008418,0.026748,1,1,1,2301.6
random,5,117,10,15.797,25.041,0.9964,0.9964,69,0,0,69,163,141,149,0.011542,0.009307,0.026541,1,1,1,2301.6
random,5,118,11,15.309,24.517,0.9966,0.9966,71,0,0,71,165,143,156,0.011571,0.008402,0.025955,1,1,1,2301.6
random,5,119,1,15.373,24.584,0.9963,0.9963,72,0,0,72,166,143,156,0.011699,0.008405,0.026016,1,1,1,2301.6
random,6,0,0,15.526,24.97,1.0,1.0,0,0,0,0,0,0,0,0.011613,0.008512,0.026454,1,1,1,2050.6
random,6,1,1,15.497,24.975,0.3333,0.3333,0,0,0,0,0,1,0,0.011667,0.00837,0.026454,1,1,1,2050.6
random,6,2,1,15.254,24.318,0.6667,0.6667,67,0,0,67,1,1,0,0.011667,0.00837,0.025724,1,1,1,2050.6
random,6,3,1,15.383,24.689,0.6,0.6,68,0,0,68,1,2,0,0.011564,0.008438,0.026147,1,1,1,2050.6
random,6,4,1,15.333,24.615,0.5333,0.5333,65,0,0,65,1,3,0,0.011545,0.008388,0.026067,1,1,1,2050.6
random,6,5,11,15.322,24.513,0.974,0.974,67,0,0,67,5,6,4,0.011663,0.008362,0.025941,1,1,1,2050.6
random,6,6,11,15.379,24.747,0.963,0.963,69,0,0,69,7,8,11,0.011496,0.008422,0.026219,1,1,1,2050.6
random,6,7,11,15.439,24.765,0.9648,0.9648,69,0,0,69,9,14,14,0.011675,0.008422,0.026219,1,1,1,2050.6
random,6,8,11,15.399,24.614,0.9253,0.9253,65,0,0,65,10,21,17,0.011675,0.00847,0.026052,1,1,1,2050.6
random,6,9,1,15.526,24.825,0.9405,0.9405,67,0,0,67,11,21,17,0.011894,0.008423,0.026262,1,1,1,2050.6
random,6,10,11,15.602,25.203,0.9693,0.9693,69,0,0,69,15,23,22,0.011627,0.008467,0.026711,1,1,1,2050.6
random,6,11,11,15.348,24.595,0.9855,0.9855,66,0,0,66,20,27,24,0.011591,0.008412,0.02604,1,1,1,2050.6
random,6,12,11,15.607,25.295,0.9805,0.9805,68,0,0,68,22,31,29,0.011643,0.008367,0.026812,1,1,1,2050.6
random,6,13,11,15.607,25.295,0.987,0.987,68,0,0,68,26,34,33,0.011643,0.008367,0.026812,1,1,1,2050.6
random,6,14,1,15.351,24.638,0.9851,0.9851,70,0,0,70,26,35,33,0.011526,0.008432,0.026095,1,1,1,2050.6
random,6,15,11,15.419,24.671,0.9803,0.9803,71,0,0,71,28,39,38,0.01172,0.008427,0.02611,1,1,1,2050.6
random,6,16,1,15.504,24.57,0.9784,0.9784,70,0,0,70,28,40,38,0.012169,0.008395,0.025948,1,1,1,2050.6
random,6,17,11,15.278,24.511,0.9917,0.9917,72,0,0,72,34,42,41,0.011458,0.008414,0.025961,1,1,1,2050.6
random,6,18,1,15.476,24.526,0.9939,0.9939,72,0,0,72,35,42,41,0.011607,0.00886,0.025961,1,1,1,2050.6
random,6,19,11,15.569,24.777,0.9861,0.9861,73,0,0,73,36,48,45,0.011607,0.00886,0.02624,1,1,1,2050.6
random,6,20,1,15.397,24.689,0.9855,0.9855,70,0,0,70,36,48,46,0.011626,0.008426,0.02614,1,1,1,2050.6
random,6,21,10,15.544,25.177,0.986,0.986,72,0,0,72,39,52,49,0.011521,0.008417,0.026694,1,1,1,2050.6
random,6,22,1,15.598,25.365,0.9884,0.9884,73,0,0,73,40,52,49,0.011465,0.008421,0.026909,1,1,1,2050.6
random,6,23,1,15.529,24.798,0.987,0.987,74,0,0,74,40,53,49,0.011944,0.008416,0.026226,1,1,1,2050.6
random,6,24,11,15.39,24.756,0.9816,0.9816,74,0,0,74,42,59,52,0.011527,0.008416,0.026226,1,1,1,2050.6
random,6,25,11,15.37,24.698,0.9846,0.9846,72,0,0,72,45,60,59,0.011527,0.008422,0.026162,1,1,1,2050.6
random,6,26,1,15.372,24.689,0.9835,0.9835,74,0,0,74,45,61,59,0.011563,0.008406,0.026147,1,1,1,2050.6
random,6,27,1,15.277,24.473,0.9858,0.9858,75,0,0,75,46,61,59,0.011452,0.00846,0.02592,1,1,1,2050.6
random,6,28,1,15.365,24.578,0.9847,0.9847,71,0,0,71,46,62,59,0.011707,0.008381,0.026008,1,1,1,2050.6
random,6,29,1,15.718,25.169,0.9835,0.9835,72,0,0,72,46,63,59,0.011899,0.008613,0.026643,1,1,1,2050.6
random,6,30,1,15.718,25.169,0.9856,0.9856,72,0,0,72,47,63,59,0.011899,0.008613,0.026643,1,1,1,2050.6
random,6,31,11,15.5,24.873,0.9863,0.9863,73,0,0,73,50,65,65,0.011794,0.00838,0.026326,1,1,1,2050.6
random,6,32,1,15.916,25.569,0.9855,0.9855,71,0,0,71,50,66,65,0.012255,0.008444,0.027048,1,1,1,2050.6
random,6,33,1,15.672,24.383,0.9846,0.9846,72,0,0,72,50,67,65,0.011518,0.009686,0.025813,1,1,1,2050.6
random,6,34,11,15.421,24.828,0.9819,0.9819,74,0,0,74,52,70,71,0.011525,0.008431,0.026306,1,1,1,2050.6
random,6,35,11,15.476,24.838,0.9868,0.9868,74,0,0,74,57,72,75,0.011625,0.008498,0.026306,1,1,1,2050.6
random,6,36,11,15.644,25.29,0.9866,0.9866,76,0,0,76,60,76,79,0.011625,0.008498,0.026808,1,1,1,2050.6
random,6,37,11,15.413,24.724,0.9865,0.9865,74,0,0,74,63,80,83,0.011619,0.008439,0.02618,1,1,1,2050.6
random,6,38,1,15.422,24.636,0.9861,0.9861,76,0,0,76,63,81,83,0.011708,0.008485,0.026072,1,1,1,2050.6
random,6,39,1,15.308,24.455,0.9856,0.9856,77,0,0,77,63,82,83,0.011543,0.008491,0.02589,1,1,1,2050.6
random,6,40,1,15.309,24.633,0.985,0.985,73,0,0,73,63,83,83,0.011475,0.008357,0.026095,1,1,1,2050.6
random,6,41,11,15.337,24.641,0.9827,0.9827,73,0,0,73,65,88,87,0.011559,0.008357,0.026095,1,1,1,2050.6
random,6,42,1,15.256,24.361,0.982,0.982,75,0,0,75,65,89,87,0.011559,0.008424,0.025784,1,1,1,2050.6
random,6,43,1,15.79,25.087,0.9836,0.9836,76,0,0,76,66,89,87,0.012446,0.008433,0.026492,1,1,1,2050.6
random,6,44,1,15.406,24.808,0.9829,0.9829,73,0,0,73,66,90,87,0.011532,0.008402,0.026283,1,1,1,2050.6
random,6,45,1,15.408,24.762,0.9824,0.9824,74,0,0,74,66,90,88,0.011566,0.008431,0.026228,1,1,1,2050.6
random,6,46,10,15.61,25.165,0.9852,0.9852,76,0,0,76,70,92,92,0.01179,0.00839,0.026651,1,1,1,2050.6
random,6,47,1,15.61,25.165,0.9846,0.9846,76,0,0,76,70,93,92,0.01179,0.00839,0.026651,1,1,1,2050.6
random,6,48,1,15.383,24.67,0.9861,0.9861,77,0,0,77,71,93,92,0.011593,0.008433,0.026123,1,1,1,2050.6
random,6,49,1,15.755,25.469,0.9855,0.9855,74,0,0,74,71,94,92,0.011642,0.008617,0.027005,1,1,1,2050.6
random,6,50,11,15.973,25.359,0.9834,0.9834,76,0,0,76,73,96,99,0.011538,0.009487,0.026895,1,1,1,2050.6
random,6,51,11,15.423,24.8,0.9867,0.9867,78,0,0,78,78,98,103,0.011546,0.00845,0.026273,1,1,1,2050.6
random,6,52,11,15.851,24.886,0.9892,0.9892,78,0,0,78,83,100,107,0.012401,0.008879,0.026273,1,1,1,2050.6
random,6,53,11,15.684,24.436,0.9886,0.9886,74,0,0,74,86,103,112,0.012401,0.008879,0.025773,1,1,1,2050.6
random,6,54,1,15.611,24.797,0.9885,0.9885,76,0,0,76,86,104,112,0.012221,0.008419,0.026194,1,1,1,2050.6
random,6,55,1,15.415,24.803,0.9895,0.9895,77,0,0,77,87,104,112,0.011546,0.008422,0.026276,1,1,1,2050.6
random,6,56,11,15.481,24.701,0.9897,0.9897,79,0,0,79,90,109,115,0.011899,0.008422,0.026123,1,1,1,2050.6
random,6,57,1,15.517,25.024,0.9907,0.9907,76,0,0,76,91,109,115,0.011658,0.008384,0.026509,1,1,1,2050.6
random,6,58,1,15.479,25.012,0.9905,0.9905,76,0,0,76,91,110,115,0.011543,0.008384,0.026509,1,1,1,2050.6
random,6,59,11,15.282,24.52,0.9903,0.9903,77,0,0,77,94,114,119,0.011543,0.008341,0.025962,1,1,1,2050.6
random,6,60,11,15.486,24.88,0.9901,0.9901,79,0,0,79,97,118,123,0.011627,0.008478,0.026352,1,1,1,2050.6
random,6,61,1,15.251,24.383,0.9899,0.9899,78,0,0,78,97,119,123,0.011509,0.008431,0.025813,1,1,1,2050.6
random,6,62,1,15.418,24.699,0.9907,0.9907,79,0,0,79,98,119,123,0.011653,0.008452,0.026149,1,1,1,2050.6
random,6,63,1,15.308,24.534,0.9905,0.9905,80,0,0,80,98,120,123,0.01154,0.008406,0.025978,1,1,1,2050.6
random,6,64,1,15.308,24.534,0.9902,0.9902,80,0,0,80,98,121,123,0.01154,0.008406,0.025978,1,1,1,2050.6
random,6,65,1,15.553,24.857,0.9899,0.9899,78,0,0,78,98,122,123,0.011935,0.00843,0.026293,1,1,1,2050.6
random,6,66,1,15.323,24.566,0.9895,0.9895,79,0,0,79,98,123,123,0.0115,0.008452,0.026018,1,1,1,2050.6
random,6,67,1,15.601,25.366,0.9904,0.9904,80,0,0,80,99,123,123,0.011496,0.008399,0.026907,1,1,1,2050.6
random,6,68,1,15.513,25.145,0.9901,0.9901,81,0,0,81,99,124,123,0.011518,0.008363,0.026659,1,1,1,2050.6
random,6,69,1,15.715,25.191,0.9909,0.9909,81,0,0,81,100,124,123,0.011975,0.00851,0.026659,1,1,1,2050.6
random,6,70,11,15.614,24.92,0.9896,0.9896,75,0,0,75,102,128,128,0.011975,0.00851,0.026358,1,1,1,2050.6
random,6,71,1,15.724,25.219,0.9904,0.9904,77,0,0,77,103,128,128,0.011668,0.00878,0.026725,1,1,1,2050.6
random,6,72,1,16.168,25.616,0.9901,0.9901,78,0,0,78,103,129,128,0.012652,0.008795,0.027056,1,1,1,2050.6
random,6,73,1,15.732,25.357,0.9897,0.9897,72,0,0,72,103,129,129,0.01172,0.008605,0.026872,1,1,1,2050.6
random,6,74,10,15.418,24.527,0.9896,0.9896,74,0,0,74,106,130,135,0.011812,0.008501,0.02594,1,1,1,2050.6
random,6,75,1,15.551,24.567,0.9904,0.9904,74,0,0,74,107,130,135,0.012211,0.008501,0.02594,1,1,1,2050.6
random,6,76,11,15.542,24.609,0.988,0.988,76,0,0,76,108,135,140,0.012211,0.008429,0.025987,1,1,1,2050.6
random,6,77,1,15.463,24.639,0.9878,0.9878,72,0,0,72,108,136,140,0.011698,0.008613,0.026077,1,1,1,2050.6
random,6,78,11,15.455,24.777,0.9855,0.9855,74,0,0,74,110,137,148,0.011729,0.00841,0.026227,1,1,1,2050.6
random,6,79,11,15.784,25.623,0.9851,0.9851,76,0,0,76,113,140,153,0.011743,0.008445,0.027165,1,1,1,2050.6
random,6,80,1,15.531,24.736,0.9859,0.9859,77,0,0,77,114,140,153,0.012053,0.008396,0.026145,1,1,1,2050.6
random,6,81,11,15.531,24.736,0.9854,0.9854,77,0,0,77,117,143,158,0.012053,0.008396,0.026145,1,1,1,2050.6
random,6,82,1,15.375,24.675,0.9862,0.9862,73,0,0,73,118,143,158,0.011537,0.008453,0.026135,1,1,1,2050.6
random,6,83,11,15.488,24.826,0.9887,0.9887,74,0,0,74,123,147,160,0.011756,0.008431,0.026278,1,1,1,2050.6
random,6,84,11,15.494,24.998,0.9904,0.9904,77,0,0,77,128,150,163,0.011607,0.008388,0.026486,1,1,1,2050.6
random,6,85,11,15.429,24.89,0.9919,0.9919,73,0,0,73,133,153,166,0.011524,0.008389,0.026375,1,1,1,2050.6
random,6,86,1,15.471,24.895,0.9925,0.9925,73,0,0,73,134,153,166,0.011572,0.008465,0.026375,1,1,1,2050.6
random,6,87,1,15.395,24.691,0.9925,0.9925,74,0,0,74,134,154,166,0.011572,0.008465,0.026149,1,1,1,2050.6
random,6,88,1,15.399,24.741,0.9924,0.9924,75,0,0,75,134,155,166,0.011648,0.008354,0.026196,1,1,1,2050.6
random,6,89,11,15.195,24.294,0.991,0.991,73,0,0,73,136,158,172,0.011528,0.008344,0.025713,1,1,1,2050.6
random,6,90,11,15.675,25.2,0.9896,0.9896,75,0,0,75,137,164,176,0.011721,0.008605,0.026698,1,1,1,2050.6
random,6,91,1,15.629,25.024,0.9902,0.9902,77,0,0,77,138,164,176,0.011934,0.008474,0.026478,1,1,1,2050.6
random,6,92,11,15.718,25.05,0.9887,0.9887,77,0,0,77,139,170,180,0.012201,0.008474,0.026478,1,1,1,2050.6
random,6,93,11,15.565,24.454,0.9865,0.9865,79,0,0,79,140,174,186,0.012201,0.008677,0.025816,1,1,1,2050.6
random,6,94,1,15.397,24.662,0.9872,0.9872,76,0,0,76,141,174,186,0.01168,0.008407,0.026105,1,1,1,2050.6
random,6,95,0,15.439,24.756,0.9872,0.9872,77,0,0,77,141,174,186,0.011496,0.008592,0.026229,1,1,1,2050.6
random,6,96,1,15.308,24.555,0.9878,0.9878,78,0,0,78,142,174,186,0.011488,0.008428,0.026007,1,1,1,2050.6
random,6,97,1,15.706,24.547,0.9877,0.9877,73,0,0,73,142,175,186,0.012603,0.008642,0.025874,1,1,1,2050.6
random,6,98,1,15.706,24.547,0.9876,0.9876,73,0,0,73,142,176,186,0.012603,0.008642,0.025874,1,1,1,2050.6
random,6,99,1,15.421,24.62,0.9882,0.9882,74,0,0,74,143,176,186,0.011774,0.008443,0.026047,1,1,1,2050.6
random,6,100,1,15.726,25.421,0.9881,0.9881,75,0,0,75,143,177,186,0.011603,0.008619,0.026956,1,1,1,2050.6
random,6,101,11,15.446,24.788,0.9897,0.9897,77,0,0,77,148,180,189,0.011554,0.008526,0.026258,1,1,1,2050.6
random,6,102,11,15.228,24.487,0.9877,0.9877,75,0,0,75,149,184,195,0.011424,0.00832,0.025939,1,1,1,2050.6
random,6,103,11,15.383,24.528,0.9879,0.9879,75,0,0,75,152,189,198,0.011829,0.008382,0.025939,1,1,1,2050.6
random,6,104,1,15.477,24.782,0.9877,0.9877,77,0,0,77,152,190,198,0.011829,0.008382,0.026221,1,1,1,2050.6
random,6,105,1,15.413,24.837,0.9876,0.9876,78,0,0,78,152,191,198,0.01156,0.008367,0.026312,1,1,1,2050.6
random,6,106,1,15.398,24.691,0.9874,0.9874,74,0,0,74,152,192,198,0.011458,0.008576,0.026161,1,1,1,2050.6
random,6,107,1,15.413,24.812,0.988,0.988,75,0,0,75,153,192,198,0.011643,0.008322,0.026275,1,1,1,2050.6
random,6,108,1,15.564,24.966,0.9878,0.9878,76,0,0,76,153,193,198,0.01183,0.008437,0.026426,1,1,1,2050.6
random,6,109,1,15.494,24.945,0.9884,0.9884,76,0,0,76,154,193,198,0.011619,0.008437,0.026426,1,1,1,2050.6
random,6,110,1,15.438,24.745,0.9882,0.9882,73,0,0,73,154,194,198,0.011619,0.008492,0.026203,1,1,1,2050.6
random,6,111,1,15.503,24.787,0.9888,0.9888,74,0,0,74,155,194,198,0.011877,0.008411,0.026222,1,1,1,2050.6
random,6,112,1,15.732,24.686,0.9894,0.9894,75,0,0,75,156,194,198,0.011767,0.009308,0.026122,1,1,1,2050.6
random,6,113,11,15.422,24.757,0.9892,0.9892,77,0,0,77,159,197,203,0.011674,0.00838,0.026211,1,1,1,2050.6
random,6,114,1,15.624,25.279,0.9897,0.9897,71,0,0,71,160,197,203,0.011694,0.008388,0.026789,1,1,1,2050.6
random,6,115,11,15.624,25.279,0.9895,0.9895,71,0,0,71,163,200,208,0.011694,0.008388,0.026789,1,1,1,2050.6
random,6,116,1,15.393,24.789,0.9894,0.9894,73,0,0,73,163,201,208,0.011518,0.008398,0.026264,1,1,1,2050.6
random,6,117,11,15.34,24.589,0.9885,0.9885,74,0,0,74,165,205,213,0.01153,0.008449,0.02604,1,1,1,2050.6
random,6,118,1,15.571,25.093,0.9883,0.9883,71,0,0,71,165,206,213,0.011684,0.008446,0.026583,1,1,1,2050.6
random,6,119,1,15.385,24.671,0.9889,0.9889,72,0,0,72,166,206,213,0.011606,0.008426,0.026123,1,1,1,2050.6
random,7,0,0,15.372,24.685,1.0,1.0,0,0,0,0,0,0,0,0.011525,0.008443,0.026147,1,1,1,2126.8
random,7,1,1,15.664,24.607,0.3333,0.3333,71,0,0,71,1,0,0,0.012566,0.008481,0.025945,1,1,1,2126.8
random,7,2,1,15.42,24.81,0.3333,0.3333,72,0,0,72,2,0,0,0.011526,0.008447,0.026286,1,1,1,2126.8
random,7,3,11,15.588,24.507,0.6955,0.6955,74,0,0,74,8,1,4,0.011766,0.009074,0.025923,1,1,1,2126.8
random,7,4,1,15.485,24.477,0.7778,0.7778,74,0,0,74,8,2,4,0.011459,0.009074,0.025923,1,1,1,2126.8
random,7,5,1,15.249,24.35,0.7426,0.7426,71,0,0,71,9,2,4,0.011459,0.008505,0.025782,1,1,1,2126.8
random,7,6,11,15.222,24.309,0.7879,0.7879,73,0,0,73,15,5,6,0.011519,0.008417,0.02573,1,1,1,2126.8
random,7,7,1,15.407,24.73,0.8182,0.8182,74,0,0,74,15,6,6,0.011616,0.008419,0.026187,1,1,1,2126.8
random,7,8,1,15.323,24.653,0.7967,0.7967,75,0,0,75,16,6,6,0.011439,0.008408,0.026121,1,1,1,2126.8
random,7,9,1,15.486,24.932,0.7765,0.7765,71,0,0,71,17,6,6,0.011635,0.008413,0.026409,1,1,1,2126.8
random,7,10,11,15.486,24.932,0.8574,0.8574,71,0,0,71,21,9,10,0.011635,0.008413,0.026409,1,1,1,2126.8
random,7,11,1,15.724,25.493,0.8426,0.8426,73,0,0,73,22,9,10,0.011767,0.008387,0.027018,1,1,1,2126.8
random,7,12,1,15.661,25.245,0.8282,0.8282,74,0,0,74,23,9,10,0.011534,0.008679,0.026769,1,1,1,2126.8
random,7,13,11,15.473,24.936,0.9354,0.9354,70,0,0,70,24,13,16,0.0116,0.0084,0.026418,1,1,1,2126.8
random,7,14,1,15.392,24.608,0.9257,0.9257,71,0,0,71,25,13,16,0.01181,0.008337,0.02603,1,1,1,2126.8
random,7,15,1,15.338,24.572,0.9158,0.9158,71,0,0,71,26,13,16,0.01145,0.008534,0.02603,1,1,1,2126.8
random,7,16,1,15.341,24.581,0.9058,0.9058,72,0,0,72,27,13,16,0.01145,0.008534,0.02604,1,1,1,2126.8
random,7,17,1,15.666,24.869,0.8958,0.8958,68,0,0,68,28,13,16,0.01152,0.009127,0.026352,1,1,1,2126.8
random,7,18,11,15.359,24.469,0.955,0.955,69,0,0,69,29,17,22,0.01177,0.008428,0.02588,1,1,1,2126.8
random,7,19,11,15.378,24.517,0.9717,0.9717,72,0,0,72,32,21,26,0.011757,0.008442,0.025935,1,1,1,2126.8
random,7,20,1,15.65,24.733,0.9768,0.9768,73,0,0,73,32,22,26,0.01158,0.009175,0.026195,1,1,1,2126.8
random,7,21,1,15.691,24.746,0.9724,0.9724,73,0,0,73,33,22,26,0.011703,0.009175,0.026195,1,1,1,2126.8
random,7,22,1,15.486,24.9,0.977,0.977,68,0,0,68,33,23,26,0.011703,0.00839,0.026366,1,1,1,2126.8
random,7,23,1,15.459,24.903,0.9726,0.9726,69,0,0,69,34,23,26,0.011537,0.008451,0.026388,1,1,1,2126.8
random,7,24,1,15.571,25.102,0.9767,0.9767,70,0,0,70,34,24,26,0.011672,0.008447,0.026594,1,1,1,2126.8
random,7,25,11,15.428,24.613,0.986,0.986,65,0,0,65,37,29,29,0.01179,0.008457,0.026038,1,1,1,2126.8
random,7,26,1,15.489,24.831,0.9827,0.9827,67,0,0,67,38,29,29,0.011508,0.008648,0.026311,1,1,1,2126.8
random,7,27,1,15.489,24.831,0.9792,0.9792,67,0,0,67,39,29,29,0.011508,0.008648,0.026311,1,1,1,2126.8
random,7,28,11,15.344,24.636,0.9843,0.9843,68,0,0,68,42,31,35,0.011517,0.008422,0.026094,1,1,1,2126.8
random,7,29,11,15.39,24.802,0.989,0.989,65,0,0,65,44,34,41,0.011505,0.008387,0.026279,1,1,1,2126.8
random,7,30,1,15.324,24.587,0.9885,0.9885,67,0,0,67,44,34,42,0.011532,0.008402,0.026038,1,1,1,2126.8
random,7,31,10,15.295,24.4,0.9818,0.9818,69,0,0,69,48,35,47,0.011552,0.008505,0.025828,1,1,1,2126.8
random,7,32,1,15.267,24.4,0.9847,0.9847,69,0,0,69,48,36,47,0.011552,0.008421,0.025828,1,1,1,2126.8
random,7,33,1,15.448,24.888,0.9834,0.9834,70,0,0,70,49,36,47,0.011552,0.008421,0.02637,1,1,1,2126.8
random,7,34,1,15.367,24.696,0.9862,0.9862,68,0,0,68,49,37,47,0.011565,0.00838,0.026155,1,1,1,2126.8
random,7,35,1,15.523,24.977,0.9848,0.9848,69,0,0,69,50,37,47,0.011538,0.008562,0.02647,1,1,1,2126.8
random,7,36,11,15.837,25.989,0.9776,0.9776,71,0,0,71,53,38,54,0.01144,0.008467,0.027605,1,1,1,2126.8
random,7,37,1,15.433,24.761,0.9765,0.9765,66,0,0,66,54,38,54,0.011486,0.008576,0.026236,1,1,1,2126.8
random,7,38,1,15.427,24.769,0.9796,0.9796,66,0,0,66,54,39,54,0.011567,0.008477,0.026236,1,1,1,2126.8
random,7,39,1,15.913,26.082,0.9824,0.9824,67,0,0,67,54,40,54,0.011567,0.008477,0.027695,1,1,1,2126.8
random,7,40,1,15.237,24.373,0.9813,0.9813,68,0,0,68,55,40,54,0.011496,0.008412,0.025804,1,1,1,2126.8
random,7,41,11,15.39,24.74,0.9879,0.9879,70,0,0,70,57,45,58,0.011641,0.008334,0.026195,1,1,1,2126.8
random,7,42,1,15.355,24.444,0.9898,0.9898,67,0,0,67,57,46,58,0.011784,0.00843,0.025851,1,1,1,2126.8
random,7,43,11,15.422,24.837,0.9861,0.9861,69,0,0,69,60,48,64,0.011499,0.008448,0.026319,1,1,1,2126.8
random,7,44,1,15.422,24.837,0.9857,0.9857,69,0,0,69,61,48,64,0.011499,0.008448,0.026319,1,1,1,2126.8
random,7,45,11,15.386,24.703,0.9798,0.9798,70,0,0,70,66,49,69,0.01158,0.008417,0.026161,1,1,1,2126.8
random,7,46,1,15.429,24.501,0.982,0.982,68,0,0,68,66,50,69,0.011974,0.008419,0.025893,1,1,1,2126.8
random,7,47,11,15.553,24.015,0.9858,0.9858,73,0,0,73,67,55,74,0.011445,0.009801,0.025412,1,1,1,2126.8
random,7,48,11,15.683,25.299,0.9862,0.9862,72,0,0,72,69,59,79,0.011727,0.008514,0.026807,1,1,1,2126.8
random,7,49,1,15.686,25.321,0.9863,0.9863,72,0,0,72,70,59,79,0.011945,0.008306,0.026807,1,1,1,2126.8
random,7,50,1,15.48,24.764,0.9863,0.9863,69,0,0,69,71,59,79,0.011945,0.008306,0.026188,1,1,1,2126.8
random,7,51,11,15.371,24.717,0.9899,0.9899,70,0,0,70,72,65,83,0.011529,0.008402,0.026182,1,1,1,2126.8
random,7,52,1,15.396,24.686,0.9901,0.9901,72,0,0,72,73,65,83,0.011646,0.008408,0.026135,1,1,1,2126.8
random,7,53,1,15.296,24.452,0.9912,0.9912,73,0,0,73,73,66,83,0.011578,0.008427,0.025882,1,1,1,2126.8
random,7,54,11,15.601,24.299,0.9946,0.9946,71,0,0,71,77,71,85,0.011982,0.009154,0.025668,1,1,1,2126.8
random,7,55,11,15.417,24.244,0.9944,0.9944,71,0,0,71,81,74,89,0.01143,0.009154,0.025668,1,1,1,2126.8
random,7,56,11,15.436,24.93,0.9955,0.9955,72,0,0,72,85,78,92,0.01143,0.008447,0.02643,1,1,1,2126.8
random,7,57,0,15.868,25.051,0.9955,0.9955,74,0,0,74,85,78,92,0.011517,0.009532,0.026555,1,1,1,2126.8
random,7,58,1,15.49,25.066,0.9955,0.9955,70,0,0,70,86,78,92,0.011454,0.008436,0.026579,1,1,1,2126.8
random,7,59,1,15.374,24.565,0.9954,0.9954,71,0,0,71,87,78,92,0.01168,0.008444,0.025997,1,1,1,2126.8
random,7,60,1,15.356,24.633,0.9961,0.9961,72,0,0,72,87,79,92,0.011543,0.008438,0.026088,1,1,1,2126.8
random,7,61,1,15.356,24.633,0.9961,0.9961,72,0,0,72,88,79,92,0.011543,0.008438,0.026088,1,1,1,2126.8
random,7,62,1,15.357,24.69,0.9967,0.9967,70,0,0,70,88,80,92,0.011574,0.00835,0.026147,1,1,1,2126.8
random,7,63,11,15.535,24.86,0.9974,0.9974,72,0,0,72,92,84,95,0.011859,0.008441,0.026305,1,1,1,2126.8
random,7,64,1,15.466,24.927,0.9972,0.9972,73,0,0,73,93,84,95,0.011561,0.008426,0.026412,1,1,1,2126.8
random,7,65,1,15.425,24.903,0.9978,0.9978,74,0,0,74,93,85,95,0.011502,0.008382,0.026392,1,1,1,2126.8
random,7,66,1,15.41,24.899,0.9976,0.9976,74,0,0,74,94,85,95,0.011465,0.008374,0.026392,1,1,1,2126.8
random,7,67,1,15.369,24.788,0.9974,0.9974,71,0,0,71,95,85,95,0.011465,0.008374,0.026268,1,1,1,2126.8
random,7,68,11,15.827,24.84,0.9968,0.9968,72,0,0,72,101,88,97,0.012774,0.008527,0.026181,1,1,1,2126.8
random,7,69,1,15.479,25.063,0.9963,0.9963,74,0,0,74,102,88,97,0.011478,0.008386,0.026572,1,1,1,2126.8
random,7,70,11,15.765,24.951,0.998,0.998,71,0,0,71,103,93,102,0.011618,0.009245,0.026432,1,1,1,2126.8
random,7,71,1,15.358,24.594,0.9977,0.9977,72,0,0,72,104,93,102,0.011576,0.008457,0.02604,1,1,1,2126.8
random,7,72,1,15.394,24.604,0.9981,0.9981,72,0,0,72,104,94,102,0.011685,0.008457,0.02604,1,1,1,2126.8
random,7,73,11,15.373,24.62,0.9965,0.9965,73,0,0,73,108,95,108,0.011685,0.008376,0.026057,1,1,1,2126.8
random,7,74,1,15.702,25.453,0.9963,0.9963,70,0,0,70,109,95,108,0.011685,0.008438,0.026983,1,1,1,2126.8
random,7,75,11,15.359,24.562,0.9965,0.9965,71,0,0,71,114,99,110,0.01169,0.008396,0.025992,1,1,1,2126.8
random,7,76,1,15.856,25.014,0.9962,0.9962,73,0,0,73,115,99,110,0.012522,0.008644,0.026402,1,1,1,2126.8
random,7,77,11,15.55,24.929,0.9977,0.9977,75,0,0,75,118,105,112,0.011861,0.008409,0.026381,1,1,1,2126.8
random,7,78,1,15.55,24.929,0.9974,0.9974,75,0,0,75,119,105,112,0.011861,0.008409,0.026381,1,1,1,2126.8
random,7,79,11,15.351,24.623,0.996,0.996,72,0,0,72,125,107,115,0.011555,0.008423,0.026075,1,1,1,2126.8
random,7,80,11,15.526,24.97,0.9962,0.9962,74,0,0,74,128,110,120,0.011715,0.008421,0.026443,1,1,1,2126.8
random,7,81,11,15.477,24.958,0.9971,0.9971,76,0,0,76,130,114,125,0.011498,0.008479,0.026454,1,1,1,2126.8
random,7,82,11,15.393,24.754,0.9985,0.9985,73,0,0,73,132,120,128,0.011535,0.008422,0.026223,1,1,1,2126.8
random,7,83,0,15.579,24.808,0.9985,0.9985,73,0,0,73,132,120,128,0.012068,0.008447,0.026223,1,1,1,2126.8
random,7,84,1,15.53,24.674,0.9982,0.9982,75,0,0,75,133,120,128,0.012068,0.008447,0.026075,1,1,1,2126.8
random,7,85,1,15.534,25.151,0.9985,0.9985,76,0,0,76,133,121,128,0.011495,0.008439,0.026668,1,1,1,2126.8
random,7,86,11,15.703,24.813,0.9994,0.9994,78,0,0,78,135,127,131,0.011526,0.009295,0.026289,1,1,1,2126.8
random,7,87,1,15.538,24.955,0.9992,0.9992,75,0,0,75,136,127,131,0.011762,0.00843,0.026421,1,1,1,2126.8
random,7,88,1,15.518,25.027,0.9994,0.9994,76,0,0,76,136,128,131,0.011553,0.008476,0.026524,1,1,1,2126.8
random,7,89,11,15.53,25.031,0.9992,0.9992,76,0,0,76,139,130,137,0.011591,0.008476,0.026524,1,1,1,2126.8
random,7,90,1,15.395,24.684,0.999,0.999,78,0,0,78,140,130,137,0.011591,0.008455,0.026139,1,1,1,2126.8
random,7,91,1,15.215,24.253,0.9992,0.9992,73,0,0,73,140,131,137,0.011651,0.008342,0.025653,1,1,1,2126.8
random,7,92,11,15.417,24.793,0.9985,0.9985,75,0,0,75,144,132,143,0.011603,0.00839,0.026259,1,1,1,2126.8
random,7,93,1,15.295,24.52,0.9983,0.9983,76,0,0,76,145,132,143,0.01153,0.008392,0.025963,1,1,1,2126.8
random,7,94,1,15.345,24.532,0.9986,0.9986,73,0,0,73,145,133,143,0.011613,0.008455,0.025968,1,1,1,2126.8
random,7,95,1,15.345,24.532,0.9988,0.9988,73,0,0,73,145,134,143,0.011613,0.008455,0.025968,1,1,1,2126.8
random,7,96,1,15.382,24.51,0.9987,0.9987,74,0,0,74,146,134,143,0.011757,0.008463,0.025927,1,1,1,2126.8
random,7,97,11,15.44,24.5,0.9984,0.9984,75,0,0,75,152,138,144,0.01206,0.008378,0.025882,1,1,1,2126.8
random,7,98,11,15.78,24.933,0.9983,0.9983,78,0,0,78,156,141,148,0.012607,0.008431,0.026303,1,1,1,2126.8
random,7,99,11,15.385,24.69,0.9988,0.9988,76,0,0,76,158,145,153,0.011617,0.008396,0.026143,1,1,1,2126.8
random,7,100,1,15.636,24.743,0.9986,0.9986,76,0,0,76,159,145,153,0.012146,0.008618,0.026143,1,1,1,2126.8
random,7,101,1,15.621,24.703,0.9984,0.9984,77,0,0,77,160,145,153,0.012146,0.008618,0.026098,1,1,1,2126.8
random,7,102,1,15.348,24.543,0.9986,0.9986,78,0,0,78,160,146,153,0.011721,0.008354,0.025968,1,1,1,2126.8
random,7,103,11,15.49,24.99,0.9993,0.9993,74,0,0,74,161,151,158,0.011458,0.008518,0.026494,1,1,1,2126.8
random,7,104,1,15.429,24.766,0.9994,0.9994,76,0,0,76,161,152,158,0.011514,0.008535,0.026238,1,1,1,2126.8
random,7,105,11,15.084,24.034,0.9993,0.9993,81,0,0,81,165,155,162,0.01151,0.008316,0.025426,1,1,1,2126.8
random,7,106,1,15.147,24.053,0.9995,0.9995,81,0,0,81,165,156,162,0.0117,0.008316,0.025426,1,1,1,2126.8
random,7,107,1,15.427,24.679,0.9996,0.9996,74,0,0,74,165,157,162,0.0117,0.00846,0.026121,1,1,1,2126.8
random,7,108,1,15.557,24.922,0.9995,0.9995,75,0,0,75,166,157,162,0.011955,0.008353,0.026363,1,1,1,2126.8
random,7,109,7,15.371,24.532,0.9997,0.9997,76,0,0,76,167,160,165,0.011604,0.00854,0.025969,1,1,1,2126.8
random,7,110,4,15.27,24.55,0.9997,0.9997,78,0,0,78,168,161,167,0.011419,0.008381,0.026009,1,1,1,2126.8
random,7,111,1,15.361,24.67,0.9996,0.9996,74,0,0,74,169,161,167,0.01158,0.008379,0.026124,1,1,1,2126.8
random,7,112,1,15.361,24.67,0.9995,0.9995,74,0,0,74,170,161,167,0.01158,0.008379,0.026124,1,1,1,2126.8
random,7,113,11,15.264,24.484,0.999,0.999,76,0,0,76,177,164,168,0.011528,0.008341,0.025923,1,1,1,2126.8
random,7,114,11,15.409,24.727,0.9988,0.9988,78,0,0,78,181,166,173,0.011651,0.008396,0.02618,1,1,1,2126.8
random,7,115,1,15.129,24.151,0.9989,0.9989,73,0,0,73,181,167,173,0.011462,0.008364,0.025561,1,1,1,2126.8
random,7,116,1,15.544,25.095,0.9991,0.9991,74,0,0,74,181,168,173,0.011599,0.008439,0.026595,1,1,1,2126.8
random,7,117,11,15.645,25.11,0.9986,0.9986,74,0,0,74,186,170,177,0.011748,0.008591,0.026595,1,1,1,2126.8
random,7,118,1,15.467,24.63,0.9985,0.9985,76,0,0,76,187,170,177,0.011748,0.008591,0.026061,1,1,1,2126.8
random,7,119,1,15.454,24.84,0.9983,0.9983,77,0,0,77,188,170,177,0.011644,0.008411,0.026306,1,1,1,2126.8
random,8,0,0,15.429,24.775,1.0,1.0,0,0,0,0,0,0,0,0.011553,0.008491,0.026244,1,1,1,2138.5
random,8,1,11,15.852,25.734,0.8231,0.8231,74,0,0,74,3,6,2,0.011873,0.008408,0.027274,1,1,1,2138.5
random,8,2,11,15.333,24.664,0.9719,0.9719,73,0,0,73,6,7,9,0.011449,0.008419,0.026132,1,1,1,2138.5
random,8,3,1,15.54,24.904,0.9742,0.9742,74,0,0,74,6,8,9,0.011842,0.008424,0.026355,1,1,1,2138.5
random,8,4,1,15.365,24.69,0.9697,0.9697,75,0,0,75,6,9,9,0.011536,0.008407,0.026152,1,1,1,2138.5
random,8,5,1,15.365,24.69,0.9601,0.9601,75,0,0,75,6,10,9,0.011536,0.008407,0.026152,1,1,1,2138.5
random,8,6,11,15.458,24.659,0.9686,0.9686,76,0,0,76,9,13,14,0.01156,0.008699,0.026115,1,1,1,2138.5
random,8,7,1,15.398,24.633,0.9648,0.9648,73,0,0,73,9,14,14,0.011725,0.008402,0.026067,1,1,1,2138.5
random,8,8,1,15.432,24.904,0.9783,0.9783,74,0,0,74,10,14,14,0.011493,0.008409,0.026394,1,1,1,2138.5
random,8,9,11,15.822,25.389,0.9471,0.9471,76,0,0,76,11,20,18,0.012217,0.008396,0.026853,1,1,1,2138.5
random,8,10,1,15.633,25.328,0.9406,0.9406,76,0,0,76,11,21,18,0.011602,0.008443,0.026853,1,1,1,2138.5
random,8,11,11,15.65,25.376,0.9447,0.9447,71,0,0,71,14,21,26,0.011602,0.008443,0.026906,1,1,1,2138.5
random,8,12,1,15.739,24.797,0.9449,0.9449,73,0,0,73,14,22,26,0.012631,0.008437,0.026149,1,1,1,2138.5
random,8,13,11,15.779,24.999,0.9819,0.9819,74,0,0,74,22,22,29,0.011515,0.009325,0.026497,1,1,1,2138.5
random,8,14,11,15.278,24.536,0.9891,0.9891,72,0,0,72,25,27,32,0.011416,0.008425,0.025994,1,1,1,2138.5
random,8,15,11,15.602,25.281,0.9938,0.9938,74,0,0,74,31,29,35,0.011548,0.00845,0.026807,1,1,1,2138.5
random,8,16,1,15.589,25.277,0.9955,0.9955,74,0,0,74,31,30,35,0.011509,0.00845,0.026807,1,1,1,2138.5
random,8,17,11,15.33,24.608,0.9946,0.9946,75,0,0,75,32,37,38,0.011509,0.008417,0.026063,1,1,1,2138.5
random,8,18,11,15.281,24.472,0.996,0.996,77,0,0,77,36,42,40,0.011516,0.008416,0.025912,1,1,1,2138.5
random,8,19,1,15.281,24.484,0.9948,0.9948,73,0,0,73,36,43,40,0.011496,0.00842,0.025927,1,1,1,2138.5
random,8,20,1,15.424,24.657,0.9963,0.9963,74,0,0,74,37,43,40,0.011668,0.008503,0.0261,1,1,1,2138.5
random,8,21,1,15.417,24.251,0.9974,0.9974,75,0,0,75,38,43,40,0.012054,0.00859,0.025606,1,1,1,2138.5
random,8,22,11,15.417,24.251,0.9908,0.9908,75,0,0,75,38,47,47,0.012054,0.00859,0.025606,1,1,1,2138.5
random,8,23,0,15.635,24.767,0.9908,0.9908,72,0,0,72,38,47,47,0.012345,0.008414,0.026147,1,1,1,2138.5
random,8,24,1,15.416,24.759,0.9898,0.9898,73,0,0,73,38,48,47,0.011602,0.008426,0.026221,1,1,1,2138.5
random,8,25,1,15.543,24.925,0.9887,0.9887,74,0,0,74,38,49,47,0.011595,0.008627,0.026406,1,1,1,2138.5
random,8,26,1,15.298,24.294,0.9909,0.9909,71,0,0,71,39,49,47,0.011548,0.008637,0.02571,1,1,1,2138.5
random,8,27,1,15.392,24.311,0.9928,0.9928,71,0,0,71,40,49,47,0.011725,0.00874,0.02571,1,1,1,2138.5
random,8,28,11,15.46,24.495,0.9981,0.9981,72,0,0,72,46,50,51,0.011725,0.00874,0.025914,1,1,1,2138.5
random,8,29,1,15.373,24.589,0.9988,0.9988,74,0,0,74,47,50,51,0.011473,0.008599,0.026046,1,1,1,2138.5
random,8,30,1,15.479,24.878,0.9994,0.9994,75,0,0,75,48,50,51,0.011517,0.008557,0.026363,1,1,1,2138.5
random,8,31,1,15.783,25.058,0.9997,0.9997,71,0,0,71,49,50,51,0.012539,0.00836,0.026449,1,1,1,2138.5
random,8,32,1,15.39,24.878,0.9999,0.9999,72,0,0,72,50,50,51,0.011425,0.008371,0.026373,1,1,1,2138.5
random,8,33,11,15.427,24.889,0.9998,0.9998,72,0,0,72,55,54,53,0.011537,0.008371,0.026373,1,1,1,2138.5
random,8,34,1,15.389,24.772,0.9997,0.9997,74,0,0,74,55,55,53,0.011537,0.008388,0.026242,1,1,1,2138.5
random,8,35,11,15.492,24.753,0.9994,0.9994,69,0,0,69,57,57,60,0.011643,0.008623,0.02621,1,1,1,2138.5
random,8,36,11,15.48,24.957,0.9961,0.9961,72,0,0,72,58,60,67,0.011562,0.008434,0.026445,1,1,1,2138.5
random,8,37,1,15.3,24.439,0.9967,0.9967,73,0,0,73,59,60,67,0.011627,0.00841,0.025863,1,1,1,2138.5
random,8,38,11,15.625,25.327,0.9978,0.9978,75,0,0,75,64,63,70,0.011609,0.008415,0.026851,1,1,1,2138.5
random,8,39,1,15.625,25.327,0.9982,0.9982,75,0,0,75,64,64,70,0.011609,0.008415,0.026851,1,1,1,2138.5
random,8,40,1,15.413,24.905,0.9984,0.9984,72,0,0,72,65,64,70,0.011471,0.008371,0.026398,1,1,1,2138.5
random,8,41,1,15.707,25.319,0.9988,0.9988,73,0,0,73,65,65,70,0.011874,0.008434,0.026813,1,1,1,2138.5
random,8,42,1,15.423,24.686,0.999,0.999,74,0,0,74,66,65,70,0.011815,0.008338,0.026116,1,1,1,2138.5
random,8,43,1,15.293,24.514,0.9992,0.9992,70,0,0,70,66,66,70,0.011566,0.008361,0.025953,1,1,1,2138.5
random,8,44,11,15.396,24.517,0.9991,0.9991,70,0,0,70,68,72,73,0.011594,0.008642,0.025953,1,1,1,2138.5
random,8,45,1,15.575,25.0,0.9994,0.9994,72,0,0,72,69,72,73,0.011594,0.008642,0.02649,1,1,1,2138.5
random,8,46,1,15.796,25.699,0.9997,0.9997,73,0,0,73,70,72,73,0.011658,0.00847,0.027259,1,1,1,2138.5
random,8,47,11,15.348,24.768,0.9986,0.9986,70,0,0,70,72,75,79,0.01143,0.008365,0.02625,1,1,1,2138.5
random,8,48,11,15.375,24.701,0.9993,0.9993,72,0,0,72,77,78,82,0.011571,0.008394,0.02616,1,1,1,2138.5
random,8,49,1,15.398,24.685,0.9994,0.9994,74,0,0,74,78,78,82,0.011549,0.0085,0.026145,1,1,1,2138.5
random,8,50,1,15.396,24.687,0.9995,0.9995,74,0,0,74,79,78,82,0.011561,0.008482,0.026145,1,1,1,2138.5
random,8,51,0,15.347,24.554,0.9995,0.9995,75,0,0,75,79,78,82,0.011561,0.008482,0.025998,1,1,1,2138.5
random,8,52,1,15.622,24.597,0.9997,0.9997,71,0,0,71,79,79,82,0.012494,0.008429,0.025942,1,1,1,2138.5
random,8,53,1,15.451,24.902,0.9998,0.9998,72,0,0,72,80,79,82,0.011497,0.008464,0.026392,1,1,1,2138.5
random,8,54,11,15.408,24.784,0.9996,0.9996,74,0,0,74,84,82,86,0.011592,0.008381,0.02625,1,1,1,2138.5
random,8,55,1,15.471,24.649,0.9996,0.9996,70,0,0,70,85,82,86,0.01163,0.008688,0.026096,1,1,1,2138.5
random,8,56,1,15.435,24.639,0.9995,0.9995,70,0,0,70,86,82,86,0.011522,0.008688,0.026096,1,1,1,2138.5
random,8,57,1,15.516,25.07,0.9994,0.9994,71,0,0,71,87,82,86,0.011522,0.008452,0.026575,1,1,1,2138.5
random,8,58,1,15.339,24.594,0.9991,0.9991,72,0,0,72,88,82,86,0.011526,0.008446,0.026046,1,1,1,2138.5
random,8,59,1,15.433,24.727,0.9989,0.9989,73,0,0,73,89,82,86,0.011646,0.008473,0.026181,1,1,1,2138.5
random,8,60,11,15.392,24.705,0.997,0.997,72,0,0,72,95,83,90,0.011626,0.008392,0.026158,1,1,1,2138.5
random,8,61,1,16.016,25.514,0.9975,0.9975,73,0,0,73,95,84,90,0.012433,0.008647,0.026967,1,1,1,2138.5
random,8,62,11,16.016,25.514,0.9977,0.9977,73,0,0,73,96,87,97,0.012433,0.008647,0.026967,1,1,1,2138.5
random,8,63,1,15.411,24.801,0.9982,0.9982,75,0,0,75,96,88,97,0.011573,0.008388,0.026271,1,1,1,2138.5
random,8,64,1,15.423,24.758,0.998,0.998,71,0,0,71,97,88,97,0.011604,0.008445,0.02622,1,1,1,2138.5
random,8,65,1,15.493,24.927,0.9984,0.9984,72,0,0,72,97,89,97,0.0117,0.008383,0.026397,1,1,1,2138.5
random,8,66,11,15.529,25.084,0.9987,0.9987,74,0,0,74,100,93,101,0.011634,0.008373,0.026579,1,1,1,2138.5
random,8,67,1,15.55,25.079,0.999,0.999,74,0,0,74,100,94,101,0.011583,0.008489,0.026579,1,1,1,2138.5
random,8,68,1,15.557,25.098,0.9993,0.9993,70,0,0,70,100,95,101,0.011583,0.008489,0.0266,1,1,1,2138.5
random,8,69,1,15.486,24.987,0.9992,0.9992,71,0,0,71,101,95,101,0.011549,0.008429,0.02648,1,1,1,2138.5
random,8,70,1,15.223,24.282,0.999,0.999,72,0,0,72,102,95,101,0.011567,0.008406,0.025695,1,1,1,2138.5
random,8,71,1,15.893,24.943,0.9988,0.9988,73,0,0,73,103,95,101,0.011951,0.00934,0.026387,1,1,1,2138.5
random,8,72,11,15.63,24.606,0.9975,0.9975,70,0,0,70,107,96,107,0.011576,0.009259,0.026054,1,1,1,2138.5
random,8,73,1,15.63,24.606,0.9973,0.9973,70,0,0,70,108,96,107,0.011576,0.009259,0.026054,1,1,1,2138.5
random,8,74,1,15.309,24.582,0.997,0.997,71,0,0,71,109,96,107,0.011471,0.008418,0.026039,1,1,1,2138.5
random,8,75,11,15.336,24.504,0.9986,0.9986,72,0,0,72,111,102,110,0.011655,0.00842,0.025932,1,1,1,2138.5
random,8,76,11,15.412,24.66,0.9995,0.9995,67,0,0,67,112,108,114,0.011699,0.008438,0.0261,1,1,1,2138.5
random,8,77,11,15.573,24.43,0.9998,0.9998,69,0,0,69,116,113,116,0.0116,0.009265,0.025855,1,1,1,2138.5
random,8,78,1,15.469,24.462,0.9998,0.9998,69,0,0,69,116,113,117,0.011927,0.008625,0.025855,1,1,1,2138.5
random,8,79,10,15.592,24.795,0.9996,0.9996,72,0,0,72,118,116,122,0.011927,0.008625,0.026225,1,1,1,2138.5
random,8,80,1,15.472,24.922,0.9996,0.9996,68,0,0,68,119,116,122,0.011544,0.008463,0.026408,1,1,1,2138.5
random,8,81,1,15.899,25.328,0.9996,0.9996,69,0,0,69,120,116,122,0.011526,0.009311,0.026861,1,1,1,2138.5
random,8,82,1,15.501,25.051,0.9995,0.9995,70,0,0,70,121,116,122,0.011454,0.008487,0.026562,1,1,1,2138.5
random,8,83,1,15.73,25.635,0.9997,0.9997,71,0,0,71,121,117,122,0.01149,0.008494,0.027207,1,1,1,2138.5
random,8,84,1,15.812,25.667,0.9998,0.9998,71,0,0,71,121,118,122,0.011806,0.008424,0.027207,1,1,1,2138.5
random,8,85,1,15.471,24.746,0.9998,0.9998,68,0,0,68,122,118,122,0.011806,0.008424,0.026184,1,1,1,2138.5
random,8,86,1,15.374,24.672,0.9997,0.9997,69,0,0,69,123,118,122,0.01156,0.008432,0.026129,1,1,1,2138.5
random,8,87,11,15.603,25.254,0.9993,0.9993,71,0,0,71,126,120,128,0.011629,0.008411,0.026768,1,1,1,2138.5
random,8,88,11,15.39,24.703,0.9992,0.9992,68,0,0,68,128,124,133,0.011584,0.008426,0.026161,1,1,1,2138.5
random,8,89,1,15.399,24.855,0.9993,0.9993,69,0,0,69,128,125,133,0.011468,0.008387,0.026343,1,1,1,2138.5
random,8,90,11,15.399,24.855,0.9993,0.9993,69,0,0,69,129,131,137,0.011468,0.008387,0.026343,1,1,1,2138.5
random,8,91,1,15.732,24.947,0.9994,0.9994,71,0,0,71,129,132,137,0.011641,0.009131,0.026425,1,1,1,2138.5
random,8,92,1,15.49,24.833,0.9995,0.9995,69,0,0,69,130,132,137,0.011597,0.008568,0.026304,1,1,1,2138.5
random,8,93,1,15.916,25.72,0.9996,0.9996,70,0,0,70,131,132,137,0.011918,0.008576,0.027254,1,1,1,2138.5
random,8,94,1,15.683,25.593,0.9997,0.9997,71,0,0,71,131,133,137,0.011503,0.008386,0.027159,1,1,1,2138.5
random,8,95,1,15.809,25.585,0.9997,0.9997,71,0,0,71,131,134,137,0.011416,0.008851,0.027159,1,1,1,2138.5
random,8,96,11,15.474,24.682,1.0,1.0,72,0,0,72,137,137,139,0.011416,0.008851,0.026156,1,1,1,2138.5
random,8,97,1,15.489,24.886,1.0,1.0,68,0,0,68,137,138,139,0.0117,0.008416,0.026351,1,1,1,2138.5
random,8,98,1,15.492,24.875,1.0,1.0,69,0,0,69,138,138,139,0.011705,0.008433,0.026338,1,1,1,2138.5
random,8,99,1,15.531,24.836,1.0,1.0,70,0,0,70,138,139,139,0.01159,0.008696,0.026308,1,1,1,2138.5
random,8,100,1,15.499,25.107,1.0,1.0,66,0,0,66,139,139,139,0.01143,0.00844,0.026627,1,1,1,2138.5
random,8,101,1,15.825,25.205,1.0,1.0,66,0,0,66,139,140,139,0.012409,0.00844,0.026627,1,1,1,2138.5
random,8,102,1,15.939,25.035,1.0,1.0,67,0,0,67,140,140,139,0.012409,0.008969,0.026438,1,1,1,2138.5
random,8,103,11,15.372,24.711,0.9999,0.9999,68,0,0,68,144,141,145,0.011579,0.008368,0.02617,1,1,1,2138.5
random,8,104,11,15.46,24.845,0.9994,0.9994,70,0,0,70,146,143,152,0.011547,0.00851,0.026322,1,1,1,2138.5
random,8,105,1,15.752,24.688,0.9992,0.9992,69,0,0,69,146,143,153,0.011622,0.009494,0.02614,1,1,1,2138.5
random,8,106,10,15.53,25.084,0.9989,0.9989,71,0,0,71,150,145,157,0.011578,0.008426,0.026585,1,1,1,2138.5
random,8,107,1,15.53,25.084,0.9989,0.9989,71,0,0,71,151,145,157,0.011578,0.008426,0.026585,1,1,1,2138.5
random,8,108,11,15.386,24.785,0.9988,0.9988,73,0,0,73,153,149,162,0.011483,0.008412,0.026263,1,1,1,2138.5
random,8,109,1,15.724,25.652,0.9989,0.9989,68,0,0,68,153,150,162,0.011533,0.008417,0.027221,1,1,1,2138.5
random,8,110,1,15.468,24.908,0.9991,0.9991,69,0,0,69,153,151,162,0.011529,0.00848,0.026395,1,1,1,2138.5
random,8,111,1,15.305,24.36,0.9992,0.9992,70,0,0,70,153,152,162,0.011728,0.008423,0.025763,1,1,1,2138.5
random,8,112,1,15.245,24.34,0.9993,0.9993,70,0,0,70,153,153,162,0.011532,0.008441,0.025763,1,1,1,2138.5
random,8,113,11,15.417,24.803,0.9994,0.9994,67,0,0,67,158,156,165,0.011532,0.008441,0.026278,1,1,1,2138.5
random,8,114,1,15.622,25.398,0.9995,0.9995,69,0,0,69,159,156,165,0.011557,0.008374,0.026936,1,1,1,2138.5
random,8,115,11,15.324,24.675,0.9992,0.9992,71,0,0,71,162,159,170,0.011622,0.008224,0.026125,1,1,1,2138.5
random,8,116,1,15.427,24.826,0.9993,0.9993,72,0,0,72,162,160,170,0.011557,0.008425,0.0263,1,1,1,2138.5
random,8,117,1,15.312,24.55,0.9994,0.9994,69,0,0,69,163,160,170,0.011517,0.008422,0.025998,1,1,1,2138.5
random,8,118,11,15.349,24.561,0.9991,0.9991,69,0,0,69,165,164,175,0.011627,0.008422,0.025998,1,1,1,2138.5
random,8,119,11,15.453,24.808,0.9995,0.9995,71,0,0,71,168,170,177,0.011627,0.00846,0.026272,1,1,1,2138.5
random,9,0,0,15.39,24.762,1.0,1.0,0,0,0,0,0,0,0,0.011516,0.008421,0.026234,1,1,1,2264.9
random,9,1,1,15.36,24.679,0.3333,0.3333,69,0,0,69,0,1,0,0.011516,0.008421,0.026142,1,1,1,2264.9
random,9,2,1,15.325,24.546,0.6667,0.6667,70,0,0,70,1,1,0,0.011564,0.008423,0.025988,1,1,1,2264.9
random,9,3,11,15.575,24.935,0.9883,0.9883,72,0,0,72,5,4,4,0.011593,0.008716,0.026417,1,1,1,2264.9
random,9,4,1,15.311,24.606,0.9899,0.9899,69,0,0,69,5,5,4,0.011509,0.008364,0.026061,1,1,1,2264.9
random,9,5,1,15.723,24.643,0.974,0.974,70,0,0,70,5,6,4,0.011737,0.009355,0.026077,1,1,1,2264.9
random,9,6,1,15.648,24.62,0.9697,0.9697,70,0,0,70,6,6,4,0.011511,0.009355,0.026077,1,1,1,2264.9
random,9,7,1,15.315,24.574,0.9538,0.9538,71,0,0,71,7,6,4,0.011511,0.00841,0.026025,1,1,1,2264.9
random,9,8,1,15.424,24.851,0.931,0.931,67,0,0,67,8,6,4,0.011542,0.008401,0.02633,1,1,1,2264.9
random,9,9,11,15.202,24.294,0.9633,0.9633,69,0,0,69,11,11,7,0.011421,0.00846,0.025724,1,1,1,2264.9
random,9,10,1,15.334,24.565,0.9554,0.9554,69,0,0,69,11,12,7,0.011565,0.008426,0.02601,1,1,1,2264.9
random,9,11,11,15.552,24.785,0.9953,0.9953,70,0,0,70,15,13,13,0.011702,0.008715,0.026239,1,1,1,2264.9
random,9,12,1,15.521,24.776,0.9899,0.9899,70,0,0,70,16,13,13,0.01161,0.008715,0.026239,1,1,1,2264.9
random,9,13,1,15.41,24.716,0.9925,0.9925,66,0,0,66,16,14,13,0.01161,0.008448,0.026172,1,1,1,2264.9
random,9,14,1,15.589,25.265,0.9867,0.9867,67,0,0,67,17,14,13,0.01155,0.008428,0.026789,1,1,1,2264.9
random,9,15,11,15.166,24.174,0.9954,0.9954,68,0,0,68,20,17,18,0.011468,0.008444,0.025586,1,1,1,2264.9
random,9,16,1,15.497,24.789,0.9975,0.9975,63,0,0,63,20,18,18,0.01176,0.008493,0.026237,1,1,1,2264.9
random,9,17,1,15.798,24.858,0.9945,0.9945,63,0,0,63,21,18,18,0.012448,0.008708,0.026237,1,1,1,2264.9
random,9,18,1,15.842,24.979,0.9959,0.9959,64,0,0,64,21,19,18,0.012448,0.008708,0.026371,1,1,1,2264.9
random,9,19,11,15.413,24.826,0.9913,0.9913,65,0,0,65,22,26,21,0.011535,0.008401,0.026303,1,1,1,2264.9
random,9,20,11,15.519,24.893,0.9997,0.9997,64,0,0,64,26,27,27,0.011794,0.008414,0.026348,1,1,1,2264.9
random,9,21,1,15.484,24.995,1.0,1.0,66,0,0,66,27,27,27,0.011518,0.00844,0.026493,1,1,1,2264.9
random,9,22,11,15.651,25.018,0.9998,0.9998,68,0,0,68,31,30,31,0.012125,0.008377,0.026451,1,1,1,2264.9
random,9,23,1,15.444,24.951,1.0,1.0,68,0,0,68,31,31,31,0.011455,0.008427,0.026451,1,1,1,2264.9
random,9,24,1,15.348,24.691,0.9998,0.9998,69,0,0,69,31,32,31,0.011455,0.008427,0.026162,1,1,1,2264.9
random,9,25,1,15.719,24.815,0.9991,0.9991,65,0,0,65,31,33,31,0.012469,0.008502,0.026187,1,1,1,2264.9
random,9,26,1,15.992,25.008,0.9981,0.9981,66,0,0,66,31,34,31,0.013096,0.008548,0.026332,1,1,1,2264.9
random,9,27,11,15.672,25.438,0.9977,0.9977,67,0,0,67,34,35,38,0.011642,0.008404,0.026971,1,1,1,2264.9
random,9,28,1,15.785,25.245,0.9964,0.9964,64,0,0,64,34,35,39,0.011948,0.008685,0.026723,1,1,1,2264.9
random,9,29,10,15.785,25.245,0.9888,0.9888,64,0,0,64,35,38,45,0.011948,0.008685,0.026723,1,1,1,2264.9
random,9,30,1,15.543,24.924,0.9906,0.9906,66,0,0,66,36,38,45,0.011655,0.008576,0.026398,1,1,1,2264.9
random,9,31,1,15.692,24.725,0.9913,0.9913,67,0,0,67,36,39,45,0.011856,0.009066,0.026155,1,1,1,2264.9
random,9,32,1,15.426,24.924,0.9917,0.9917,64,0,0,64,36,40,45,0.01151,0.008353,0.026415,1,1,1,2264.9
random,9,33,1,15.37,24.741,0.9919,0.9919,65,0,0,65,36,41,45,0.01147,0.008425,0.026216,1,1,1,2264.9
random,9,34,11,15.321,24.642,0.9898,0.9898,67,0,0,67,39,44,50,0.011502,0.00836,0.026102,1,1,1,2264.9
random,9,35,1,15.321,24.642,0.99,0.99,67,0,0,67,39,45,50,0.011502,0.00836,0.026102,1,1,1,2264.9
random,9,36,11,15.92,24.702,0.9954,0.9954,68,0,0,68,44,49,52,0.013028,0.008734,0.025999,1,1,1,2264.9
random,9,37,1,15.286,24.471,0.9951,0.9951,67,0,0,67,44,50,52,0.011542,0.008407,0.025908,1,1,1,2264.9
random,9,39,11,15.277,24.432,0.9922,0.9922,69,0,0,69,46,54,57,0.011523,0.008441,0.025866,1,1,1,2264.9
random,9,40,11,15.475,24.822,0.988,0.988,71,0,0,71,48,57,63,0.011569,0.008561,0.026295,1,1,1,2264.9
random,9,41,1,15.461,24.829,0.9879,0.9879,71,0,0,71,48,58,63,0.011632,0.008456,0.026295,1,1,1,2264.9
random,9,42,1,15.352,24.534,0.9876,0.9876,65,0,0,65,48,59,63,0.011632,0.008456,0.025967,1,1,1,2264.9
random,9,43,1,15.319,24.6,0.9872,0.9872,66,0,0,66,48,60,63,0.01149,0.008409,0.026057,1,1,1,2264.9
random,9,44,11,15.272,24.387,0.982,0.982,67,0,0,67,50,62,70,0.011602,0.008405,0.025808,1,1,1,2264.9
random,9,45,1,15.688,25.339,0.984,0.984,65,0,0,65,51,62,70,0.011619,0.008582,0.026863,1,1,1,2264.9
random,9,46,1,15.548,24.311,0.9839,0.9839,66,0,0,66,51,63,70,0.011693,0.009238,0.025713,1,1,1,2264.9
random,9,47,1,15.478,24.29,0.9837,0.9837,66,0,0,66,51,64,70,0.011483,0.009238,0.025713,1,1,1,2264.9
random,9,48,1,15.402,24.69,0.9835,0.9835,67,0,0,67,51,65,70,0.011483,0.008567,0.026157,1,1,1,2264.9
random,9,49,11,15.299,24.498,0.978,0.978,68,0,0,68,53,67,77,0.011556,0.008404,0.025936,1,1,1,2264.9
random,9,50,1,15.409,24.837,0.9801,0.9801,66,0,0,66,54,67,77,0.011504,0.008406,0.026318,1,1,1,2264.9
random,9,51,11,15.376,24.641,0.975,0.975,67,0,0,67,55,72,82,0.011585,0.00845,0.026092,1,1,1,2264.9
random,9,52,11,15.335,24.703,0.9788,0.9788,70,0,0,70,59,76,85,0.011635,0.008215,0.026155,1,1,1,2264.9
random,9,53,11,15.335,24.703,0.9801,0.9801,70,0,0,70,62,81,88,0.011635,0.008215,0.026155,1,1,1,2264.9
random,9,54,1,15.347,24.637,0.9818,0.9818,67,0,0,67,63,81,88,0.011509,0.008435,0.026096,1,1,1,2264.9
random,9,55,1,15.371,24.747,0.9834,0.9834,68,0,0,68,64,81,88,0.011498,0.008396,0.026219,1,1,1,2264.9
random,9,56,0,15.642,24.992,0.9834,0.9834,69,0,0,69,64,81,88,0.01201,0.008481,0.026435,1,1,1,2264.9
random,9,57,1,15.253,24.464,0.985,0.985,70,0,0,70,65,81,88,0.011456,0.008395,0.025909,1,1,1,2264.9
random,9,58,1,15.265,24.463,0.9865,0.9865,70,0,0,70,66,81,88,0.011453,0.008434,0.025909,1,1,1,2264.9
random,9,59,1,15.339,24.661,0.9878,0.9878,67,0,0,67,67,81,88,0.011453,0.008434,0.026129,1,1,1,2264.9
random,9,60,11,15.319,24.548,0.987,0.987,69,0,0,69,70,84,93,0.011482,0.008475,0.026,1,1,1,2264.9
random,9,61,1,15.395,24.526,0.9869,0.9869,70,0,0,70,70,85,93,0.011766,0.008476,0.025944,1,1,1,2264.9
random,9,62,1,15.583,24.789,0.9881,0.9881,68,0,0,68,71,85,93,0.012132,0.008421,0.026195,1,1,1,2264.9
random,9,63,1,15.361,24.711,0.988,0.988,69,0,0,69,71,86,93,0.011534,0.008374,0.026175,1,1,1,2264.9
random,9,64,11,15.341,24.705,0.9931,0.9931,69,0,0,69,77,90,94,0.011473,0.008374,0.026175,1,1,1,2264.9
random,9,65,1,15.31,24.647,0.994,0.994,71,0,0,71,78,90,94,0.011473,0.008345,0.026111,1,1,1,2264.9
random,9,66,1,15.689,25.299,0.9948,0.9948,69,0,0,69,79,90,94,0.011542,0.008696,0.026828,1,1,1,2264.9
random,9,67,1,16.43,27.248,0.9955,0.9955,70,0,0,70,80,90,94,0.011931,0.008408,0.02895,1,1,1,2264.9
random,9,68,1,16.004,25.125,0.9954,0.9954,71,0,0,71,80,91,94,0.013133,0.008422,0.026458,1,1,1,2264.9
random,9,69,1,15.446,24.875,0.9952,0.9952,72,0,0,72,80,92,94,0.01159,0.008396,0.026351,1,1,1,2264.9
random,9,70,11,15.446,24.875,0.9948,0.9948,72,0,0,72,83,98,96,0.01159,0.008396,0.026351,1,1,1,2264.9
random,9,71,1,15.361,24.628,0.9956,0.9956,71,0,0,71,84,98,96,0.011577,0.008428,0.026078,1,1,1,2264.9
random,9,72,1,15.662,25.286,0.9962,0.9962,72,0,0,72,85,98,96,0.011774,0.008426,0.026787,1,1,1,2264.9
random,9,73,1,15.502,24.968,0.9968,0.9968,73,0,0,73,86,98,96,0.011626,0.008428,0.026451,1,1,1,2264.9
random,9,74,1,15.472,24.798,0.9965,0.9965,68,0,0,68,86,99,96,0.011569,0.008579,0.026268,1,1,1,2264.9
random,9,75,1,15.393,24.796,0.9961,0.9961,68,0,0,68,86,100,96,0.011553,0.008357,0.026268,1,1,1,2264.9
random,9,76,1,15.379,24.759,0.9967,0.9967,69,0,0,69,87,100,96,0.011553,0.008357,0.026226,1,1,1,2264.9
random,9,77,11,15.47,24.632,0.997,0.997,70,0,0,70,91,104,99,0.011908,0.008455,0.026046,1,1,1,2264.9
random,9,78,1,15.313,24.5,0.9975,0.9975,68,0,0,68,92,104,99,0.011565,0.008436,0.025937,1,1,1,2264.9
random,9,79,1,15.484,24.967,0.9971,0.9971,69,0,0,69,92,105,99,0.01158,0.008416,0.026455,1,1,1,2264.9
random,9,80,1,15.358,24.646,0.9976,0.9976,70,0,0,70,93,105,99,0.011629,0.008352,0.026092,1,1,1,2264.9
random,9,81,1,15.368,24.649,0.998,0.998,70,0,0,70,94,105,99,0.01166,0.008352,0.026092,1,1,1,2264.9
random,9,82,1,15.452,24.776,0.9976,0.9976,71,0,0,71,94,106,99,0.01166,0.008463,0.026233,1,1,1,2264.9
random,9,83,1,15.301,24.377,0.9971,0.9971,67,0,0,67,94,107,99,0.011524,0.008574,0.025805,1,1,1,2264.9
random,9,84,11,15.451,24.712,0.9964,0.9964,68,0,0,68,97,112,102,0.011802,0.008404,0.026146,1,1,1,2264.9
random,9,85,1,15.431,24.865,0.9959,0.9959,70,0,0,70,97,113,102,0.011533,0.008415,0.026346,1,1,1,2264.9
random,9,86,1,15.706,24.924,0.9963,0.9963,66,0,0,66,98,113,102,0.012365,0.008434,0.02632,1,1,1,2264.9
random,9,87,11,15.706,24.924,0.9972,0.9972,66,0,0,66,101,115,108,0.012365,0.008434,0.02632,1,1,1,2264.9
random,9,88,1,15.436,24.856,0.9972,0.9972,68,0,0,68,101,115,109,0.011581,0.008395,0.026331,1,1,1,2264.9
random,9,89,10,15.532,25.104,0.9975,0.9975,70,0,0,70,104,117,114,0.011577,0.008413,0.026607,1,1,1,2264.9
random,9,90,1,15.458,24.662,0.9979,0.9979,71,0,0,71,105,117,114,0.011848,0.008441,0.026086,1,1,1,2264.9
random,9,91,1,15.778,24.961,0.9977,0.9977,67,0,0,67,105,118,114,0.011548,0.009335,0.026451,1,1,1,2264.9
random,9,92,1,15.499,24.97,0.998,0.998,67,0,0,67,106,118,114,0.011646,0.008401,0.026451,1,1,1,2264.9
random,9,93,11,15.598,25.237,0.998,0.998,68,0,0,68,109,121,119,0.011646,0.008401,0.026747,1,1,1,2264.9
random,9,94,1,15.642,24.686,0.9977,0.9977,70,0,0,70,109,122,119,0.012475,0.008409,0.026043,1,1,1,2264.9
random,9,95,1,15.396,24.724,0.9981,0.9981,67,0,0,67,110,122,119,0.011588,0.008417,0.026184,1,1,1,2264.9
random,9,96,1,15.656,24.92,0.9984,0.9984,68,0,0,68,111,122,119,0.012004,0.008608,0.026355,1,1,1,2264.9
random,9,97,1,15.446,24.799,0.9982,0.9982,69,0,0,69,111,123,119,0.011445,0.008611,0.026283,1,1,1,2264.9
random,9,98,1,15.49,24.812,0.9985,0.9985,69,0,0,69,112,123,119,0.011575,0.008611,0.026283,1,1,1,2264.9
random,9,99,1,15.337,24.542,0.9988,0.9988,65,0,0,65,113,123,119,0.011575,0.008454,0.025983,1,1,1,2264.9
random,9,100,1,15.361,24.669,0.999,0.999,66,0,0,66,114,123,119,0.011508,0.008444,0.026131,1,1,1,2264.9
random,9,101,11,15.404,24.791,0.9989,0.9989,68,0,0,68,117,127,123,0.011629,0.008329,0.026253,1,1,1,2264.9
random,9,102,1,15.437,24.734,0.9987,0.9987,69,0,0,69,117,128,123,0.011536,0.008576,0.0262,1,1,1,2264.9
random,9,103,11,15.911,24.991,0.9987,0.9987,66,0,0,66,121,132,126,0.011588,0.009666,0.02648,1,1,1,2264.9
random,9,104,1,15.911,24.991,0.9985,0.9985,66,0,0,66,121,133,126,0.011588,0.009666,0.02648,1,1,1,2264.9
random,9,105,1,15.358,24.602,0.9982,0.9982,67,0,0,67,121,134,126,0.011583,0.008442,0.026049,1,1,1,2264.9
random,9,106,11,15.344,24.643,0.9983,0.9983,68,0,0,68,124,137,131,0.01154,0.008392,0.026099,1,1,1,2264.9
random,9,107,1,15.785,25.113,0.9981,0.9981,65,0,0,65,124,138,131,0.01223,0.008579,0.026545,1,1,1,2264.9
random,9,108,11,15.404,24.738,0.9973,0.9973,67,0,0,67,126,143,135,0.01161,0.008406,0.026197,1,1,1,2264.9
random,9,109,1,15.414,24.738,0.9977,0.9977,67,0,0,67,127,143,135,0.011609,0.008436,0.026197,1,1,1,2264.9
random,9,110,1,15.51,24.996,0.9974,0.9974,68,0,0,68,127,144,135,0.011609,0.008436,0.026484,1,1,1,2264.9
random,9,111,1,15.225,24.259,0.9971,0.9971,65,0,0,65,127,145,135,0.011595,0.008414,0.025666,1,1,1,2264.9
random,9,112,1,15.454,24.948,0.9974,0.9974,66,0,0,66,128,145,135,0.01157,0.008357,0.026435,1,1,1,2264.9
random,9,113,1,15.614,24.771,0.9977,0.9977,67,0,0,67,129,145,135,0.012248,0.00843,0.026163,1,1,1,2264.9
random,9,114,11,15.654,25.031,0.9982,0.9982,69,0,0,69,134,148,138,0.012097,0.008396,0.026468,1,1,1,2264.9
random,9,115,11,15.437,24.967,0.9978,0.9978,69,0,0,69,137,153,141,0.011463,0.008379,0.026468,1,1,1,2264.9
random,9,116,1,15.403,24.876,0.9975,0.9975,65,0,0,65,137,154,141,0.011463,0.008379,0.026366,1,1,1,2264.9
random,9,117,1,15.806,24.632,0.9977,0.9977,66,0,0,66,138,154,141,0.012846,0.008629,0.025942,1,1,1,2264.9
random,9,118,0,15.267,24.408,0.9977,0.9977,67,0,0,67,138,154,141,0.01155,0.008414,0.025837,1,1,1,2264.9
random,9,119,1,15.339,24.437,0.9974,0.9974,64,0,0,64,138,155,141,0.011644,0.008515,0.025858,1,1,1,2264.9
random,10,0,0,15.5,25.072,1.0,1.0,0,0,0,0,0,0,0,0.011469,0.008449,0.026583,1,1,1,1856.4
random,10,1,1,15.797,24.904,0.3333,0.3333,66,0,0,66,0,1,0,0.012511,0.008599,0.026281,1,1,1,1856.4
random,10,2,1,15.797,24.904,0.6667,0.6667,66,0,0,66,1,1,0,0.012511,0.008599,0.026281,1,1,1,1856.4
random,10,3,1,15.383,24.541,0.6,0.6,62,0,0,62,2,1,0,0.011712,0.008469,0.025967,1,1,1,1856.4
random,10,4,1,15.78,25.143,0.5333,0.5333,63,0,0,63,3,1,0,0.012348,0.008427,0.026565,1,1,1,1856.4
random,10,5,1,15.304,24.534,0.641,0.641,64,0,0,64,3,2,0,0.011508,0.008423,0.025981,1,1,1,1856.4
random,10,6,11,15.366,24.594,0.8889,0.8889,62,0,0,62,8,4,4,0.011622,0.008442,0.026035,1,1,1,1856.4
random,10,7,1,15.461,24.581,0.9175,0.9175,62,0,0,62,8,5,4,0.011493,0.008856,0.026035,1,1,1,1856.4
random,10,8,11,15.517,24.731,0.9975,0.9975,63,0,0,63,9,9,10,0.011493,0.008856,0.026202,1,1,1,1856.4
random,10,9,1,15.775,25.085,0.9976,0.9976,65,0,0,65,9,10,10,0.011526,0.009206,0.026592,1,1,1,1856.4
random,10,10,11,15.489,24.814,0.9988,0.9988,67,0,0,67,14,13,13,0.011805,0.008401,0.02626,1,1,1,1856.4
random,10,11,1,15.744,24.933,0.9953,0.9953,65,0,0,65,15,13,13,0.012433,0.008476,0.026322,1,1,1,1856.4
random,10,12,1,15.304,24.504,0.9966,0.9966,66,0,0,66,15,14,13,0.011559,0.008412,0.025942,1,1,1,1856.4
random,10,13,11,15.277,24.496,0.9972,0.9972,66,0,0,66,17,17,19,0.011478,0.008412,0.025942,1,1,1,1856.4
random,10,14,1,15.368,24.617,0.9979,0.9979,68,0,0,68,18,17,19,0.011478,0.00855,0.026077,1,1,1,1856.4
random,10,15,1,15.456,24.864,0.9974,0.9974,64,0,0,64,19,17,19,0.01158,0.008447,0.02634,1,1,1,1856.4
random,10,16,11,15.253,24.346,0.9905,0.9905,65,0,0,65,25,20,21,0.011594,0.008403,0.025763,1,1,1,1856.4
random,10,17,1,15.489,24.996,0.9864,0.9864,67,0,0,67,26,20,21,0.011549,0.008428,0.02649,1,1,1,1856.4
random,10,18,1,15.493,24.988,0.9817,0.9817,65,0,0,65,27,20,21,0.011536,0.00846,0.026483,1,1,1,1856.4
random,10,19,11,15.493,24.988,0.979,0.979,65,0,0,65,30,21,28,0.011536,0.00846,0.026483,1,1,1,1856.4
random,10,20,11,15.401,24.805,0.9797,0.9797,67,0,0,67,34,24,32,0.011534,0.00839,0.02628,1,1,1,1856.4
random,10,21,1,15.441,24.798,0.9841,0.9841,69,0,0,69,34,25,32,0.01167,0.008396,0.026257,1,1,1,1856.4
random,10,22,1,15.618,24.854,0.9817,0.9817,70,0,0,70,35,25,32,0.012152,0.008436,0.026265,1,1,1,1856.4
random,10,23,1,15.735,25.016,0.9856,0.9856,66,0,0,66,35,26,32,0.01222,0.008546,0.026438,1,1,1,1856.4
random,10,24,1,15.521,24.965,0.9831,0.9831,66,0,0,66,36,26,32,0.011705,0.008419,0.026438,1,1,1,1856.4
random,10,25,1,15.232,24.184,0.9802,0.9802,67,0,0,67,37,26,32,0.011705,0.008419,0.025571,1,1,1,1856.4
random,10,26,1,15.565,24.983,0.9771,0.9771,68,0,0,68,38,26,32,0.011611,0.008614,0.026469,1,1,1,1856.4
random,10,27,11,15.577,24.948,0.9869,0.9869,64,0,0,64,41,31,35,0.012017,0.008328,0.026385,1,1,1,1856.4
random,10,28,1,15.399,24.72,0.9843,0.9843,66,0,0,66,42,31,35,0.011602,0.008418,0.026178,1,1,1,1856.4
random,10,29,1,15.444,24.923,0.9815,0.9815,67,0,0,67,43,31,35,0.011489,0.008426,0.026416,1,1,1,1856.4
random,10,30,0,15.476,24.933,0.9815,0.9815,67,0,0,67,43,31,35,0.011587,0.008426,0.026416,1,1,1,1856.4
random,10,31,11,15.484,25.031,0.9824,0.9824,69,0,0,69,46,33,41,0.011587,0.008341,0.026525,1,1,1,1856.4
random,10,32,1,15.651,24.79,0.9853,0.9853,66,0,0,66,46,34,41,0.01157,0.009125,0.026259,1,1,1,1856.4
random,10,33,11,15.359,24.613,0.9894,0.9894,68,0,0,68,49,38,45,0.011547,0.008464,0.026065,1,1,1,1856.4
random,10,34,1,15.356,24.719,0.9915,0.9915,69,0,0,69,49,39,45,0.011451,0.008423,0.026193,1,1,1,1856.4
random,10,35,1,15.452,24.908,0.99,0.99,67,0,0,67,50,39,45,0.011537,0.008426,0.026394,1,1,1,1856.4
random,10,36,1,15.452,24.908,0.9918,0.9918,67,0,0,67,50,40,45,0.011537,0.008426,0.026394,1,1,1,1856.4
random,10,37,1,15.4,24.628,0.9903,0.9903,68,0,0,68,51,40,45,0.011733,0.008406,0.026061,1,1,1,1856.4
random,10,38,11,15.278,24.42,0.9923,0.9923,70,0,0,70,53,43,51,0.011571,0.008415,0.025848,1,1,1,1856.4
random,10,39,1,15.367,24.613,0.9939,0.9939,65,0,0,65,53,44,51,0.011648,0.0084,0.026053,1,1,1,1856.4
random,10,40,1,15.381,24.523,0.9929,0.9929,66,0,0,66,54,44,51,0.011724,0.008475,0.025945,1,1,1,1856.4
random,10,41,1,15.675,24.614,0.9918,0.9918,66,0,0,66,55,44,51,0.012634,0.008445,0.025945,1,1,1,1856.4
random,10,42,1,15.814,24.989,0.9905,0.9905,67,0,0,67,56,44,51,0.012634,0.008445,0.026362,1,1,1,1856.4
random,10,43,11,15.615,25.269,0.993,0.993,68,0,0,68,59,48,55,0.011684,0.008384,0.026778,1,1,1,1856.4
random,10,44,11,15.374,24.595,0.9934,0.9934,66,0,0,66,61,51,61,0.011626,0.00846,0.026036,1,1,1,1856.4
random,10,45,11,15.857,26.075,0.9929,0.9929,69,0,0,69,65,54,65,0.011473,0.008399,0.027698,1,1,1,1856.4
random,10,46,1,15.45,24.854,0.9923,0.9923,70,0,0,70,66,54,65,0.011597,0.008427,0.026327,1,1,1,1856.4
random,10,47,1,15.403,24.841,0.9916,0.9916,70,0,0,70,67,54,65,0.011464,0.008417,0.026327,1,1,1,1856.4
random,10,48,1,15.46,24.995,0.9908,0.9908,66,0,0,66,68,54,65,0.011464,0.008417,0.026499,1,1,1,1856.4
random,10,49,11,15.468,24.872,0.9944,0.9944,67,0,0,67,70,59,69,0.011519,0.008529,0.026356,1,1,1,1856.4
random,10,50,1,15.495,24.704,0.9954,0.9954,69,0,0,69,70,60,69,0.011631,0.008696,0.026157,1,1,1,1856.4
random,10,51,11,15.572,25.287,0.9972,0.9972,65,0,0,65,74,65,71,0.011492,0.008404,0.02682,1,1,1,1856.4
random,10,52,11,15.322,24.602,0.9946,0.9946,68,0,0,68,78,66,77,0.011526,0.008384,0.026055,1,1,1,1856.4
random,10,53,11,15.34,24.608,0.9935,0.9935,68,0,0,68,79,69,84,0.011581,0.008384,0.026055,1,1,1,1856.4
random,10,54,1,15.382,24.699,0.9945,0.9945,70,0,0,70,79,70,84,0.011581,0.008409,0.026157,1,1,1,1856.4
random,10,55,1,15.315,24.618,0.9953,0.9953,71,0,0,71,79,71,84,0.011536,0.008336,0.026072,1,1,1,1856.4
random,10,56,0,15.458,24.792,0.9953,0.9953,69,0,0,69,79,71,84,0.011514,0.008592,0.026267,1,1,1,1856.4
random,10,57,1,15.423,24.686,0.9952,0.9952,70,0,0,70,80,71,84,0.011538,0.008583,0.026147,1,1,1,1856.4
random,10,58,11,15.562,24.627,0.9944,0.9944,72,0,0,72,81,75,90,0.01235,0.008346,0.025991,1,1,1,1856.4
random,10,59,11,15.562,24.627,0.9919,0.9919,72,0,0,72,86,76,95,0.01235,0.008346,0.025991,1,1,1,1856.4
random,10,60,1,15.411,24.786,0.9919,0.9919,70,0,0,70,87,76,95,0.011534,0.008442,0.026258,1,1,1,1856.4
random,10,61,1,15.305,24.549,0.9928,0.9928,71,0,0,71,87,77,95,0.011517,0.008402,0.025997,1,1,1,1856.4
random,10,62,1,15.969,25.416,0.9927,0.9927,72,0,0,72,88,77,95,0.012269,0.008762,0.026877,1,1,1,1856.4
random,10,63,11,15.303,24.607,0.9911,0.9911,74,0,0,74,90,80,101,0.011426,0.008411,0.026071,1,1,1,1856.4
random,10,64,1,15.391,24.636,0.9911,0.9911,74,0,0,74,91,80,101,0.011723,0.00838,0.026071,1,1,1,1856.4
random,10,65,1,15.333,24.478,0.992,0.992,71,0,0,71,91,81,101,0.011723,0.00838,0.025895,1,1,1,1856.4
random,10,66,1,15.527,24.756,0.9928,0.9928,72,0,0,72,91,82,101,0.011884,0.008512,0.026186,1,1,1,1856.4
random,10,67,11,15.837,25.634,0.9903,0.9903,74,0,0,74,94,84,107,0.011722,0.00861,0.02718,1,1,1,1856.4
random,10,68,1,15.588,24.883,0.9904,0.9904,71,0,0,71,95,84,107,0.012033,0.008421,0.026311,1,1,1,1856.4
random,10,69,11,15.518,24.891,0.9886,0.9886,73,0,0,73,99,86,112,0.01163,0.008559,0.026364,1,1,1,1856.4
random,10,70,11,15.507,24.887,0.9874,0.9874,73,0,0,73,100,90,118,0.011598,0.008559,0.026364,1,1,1,1856.4
random,10,71,1,15.35,24.482,0.9876,0.9876,75,0,0,75,101,90,118,0.011598,0.008537,0.025914,1,1,1,1856.4
random,10,72,11,15.513,24.398,0.9877,0.9877,70,0,0,70,102,95,123,0.012161,0.008621,0.025758,1,1,1,1856.4
random,10,73,1,15.556,25.26,0.988,0.988,72,0,0,72,103,95,123,0.011521,0.00836,0.026787,1,1,1,1856.4
random,10,74,1,15.344,24.528,0.9888,0.9888,73,0,0,73,103,96,123,0.011517,0.008542,0.025974,1,1,1,1856.4
random,10,75,1,15.526,24.809,0.9895,0.9895,74,0,0,74,103,97,123,0.011548,0.008748,0.026282,1,1,1,1856.4
random,10,76,1,15.526,24.809,0.9901,0.9901,74,0,0,74,103,98,123,0.011548,0.008748,0.026282,1,1,1,1856.4
random,10,77,1,15.355,24.591,0.9904,0.9904,71,0,0,71,104,98,123,0.011615,0.008417,0.026033,1,1,1,1856.4
random,10,78,1,15.369,24.75,0.991,0.991,72,0,0,72,104,99,123,0.011484,0.008398,0.026224,1,1,1,1856.4
random,10,79,11,15.602,24.577,0.992,0.992,73,0,0,73,109,102,126,0.011531,0.009249,0.026027,1,1,1,1856.4
random,10,80,1,15.506,25.054,0.9922,0.9922,69,0,0,69,110,102,126,0.011604,0.008366,0.026548,1,1,1,1856.4
random,10,81,1,15.726,25.05,0.9924,0.9924,69,0,0,69,111,102,126,0.011564,0.009066,0.026548,1,1,1,1856.4
random,10,82,1,15.637,24.809,0.993,0.993,70,0,0,70,111,103,126,0.011564,0.009066,0.026281,1,1,1,1856.4
random,10,83,11,15.372,24.805,0.9909,0.9909,71,0,0,71,114,105,132,0.011403,0.008419,0.026294,1,1,1,1856.4
random,10,84,1,15.644,24.839,0.9915,0.9915,70,0,0,70,114,106,132,0.012298,0.008403,0.026232,1,1,1,1856.4
random,10,85,0,15.365,24.706,0.9915,0.9915,71,0,0,71,114,106,132,0.011544,0.008383,0.026168,1,1,1,1856.4
random,10,86,11,15.782,25.455,0.9944,0.9944,73,0,0,73,119,111,133,0.01194,0.008449,0.026957,1,1,1,1856.4
random,10,87,1,15.661,25.419,0.9948,0.9948,73,0,0,73,119,112,133,0.011578,0.008449,0.026957,1,1,1,1856.4
random,10,88,1,15.384,24.655,0.9953,0.9953,74,0,0,74,119,113,133,0.011578,0.008467,0.026108,1,1,1,1856.4
random,10,89,1,15.485,24.995,0.9954,0.9954,71,0,0,71,120,113,133,0.011625,0.008348,0.026481,1,1,1,1856.4
random,10,90,1,15.435,24.875,0.9955,0.9955,72,0,0,72,121,113,133,0.011528,0.00842,0.026358,1,1,1,1856.4
random,10,91,1,15.456,24.757,0.9956,0.9956,73,0,0,73,122,113,133,0.011489,0.008648,0.026231,1,1,1,1856.4
random,10,92,1,15.459,24.798,0.9956,0.9956,69,0,0,69,123,113,133,0.011777,0.008355,0.026245,1,1,1,1856.4
random,10,93,1,15.459,24.798,0.9961,0.9961,69,0,0,69,123,114,133,0.011777,0.008355,0.026245,1,1,1,1856.4
random,10,94,1,15.524,24.928,0.9965,0.9965,70,0,0,70,123,115,133,0.011622,0.008543,0.026406,1,1,1,1856.4
random,10,95,1,15.478,24.639,0.9968,0.9968,71,0,0,71,123,116,133,0.011972,0.008415,0.026046,1,1,1,1856.4
random,10,96,1,15.586,25.044,0.9972,0.9972,68,0,0,68,123,117,133,0.011542,0.008671,0.026544,1,1,1,1856.4
random,10,97,1,15.359,24.71,0.9975,0.9975,69,0,0,69,123,118,133,0.011462,0.008432,0.026182,1,1,1,1856.4
random,10,98,1,15.452,24.739,0.9976,0.9976,69,0,0,69,124,118,133,0.011751,0.008424,0.026182,1,1,1,1856.4
random,10,99,11,15.317,24.373,0.9972,0.9972,70,0,0,70,126,122,138,0.011751,0.008424,0.025776,1,1,1,1856.4
random,10,100,11,15.482,24.908,0.9983,0.9983,72,0,0,72,129,128,140,0.01151,0.008538,0.026397,1,1,1,1856.4
random,10,101,1,15.488,24.611,0.9985,0.9985,70,0,0,70,129,129,140,0.011521,0.008879,0.026065,1,1,1,1856.4
random,10,102,1,15.342,24.646,0.9986,0.9986,71,0,0,71,129,130,140,0.011513,0.008408,0.026105,1,1,1,1856.4
random,10,103,1,15.402,24.806,0.9988,0.9988,72,0,0,72,130,130,140,0.011535,0.00839,0.02628,1,1,1,1856.4
random,10,104,1,15.402,24.806,0.9989,0.9989,72,0,0,72,131,130,140,0.011535,0.00839,0.02628,1,1,1,1856.4
random,10,105,1,15.404,24.747,0.999,0.999,67,0,0,67,132,130,140,0.011497,0.008495,0.026219,1,1,1,1856.4
random,10,106,11,15.559,25.208,0.9982,0.9982,68,0,0,68,134,133,146,0.011573,0.008382,0.026723,1,1,1,1856.4
random,10,107,11,15.282,24.386,0.9985,0.9985,70,0,0,70,139,136,149,0.011557,0.008478,0.025812,1,1,1,1856.4
random,10,108,1,15.548,25.157,0.9985,0.9985,72,0,0,72,140,136,149,0.011551,0.008425,0.026669,1,1,1,1856.4
random,10,109,11,15.52,25.157,0.9974,0.9974,72,0,0,72,144,137,155,0.011553,0.008339,0.026669,1,1,1,1856.4
random,10,110,1,15.386,24.794,0.9977,0.9977,70,0,0,70,144,138,155,0.011553,0.008339,0.026265,1,1,1,1856.4
random,10,111,1,15.386,24.741,0.9979,0.9979,71,0,0,71,144,139,155,0.011514,0.008434,0.026211,1,1,1,1856.4
random,10,112,1,15.384,24.777,0.998,0.998,72,0,0,72,145,139,155,0.011417,0.008474,0.026262,1,1,1,1856.4
random,10,113,1,15.321,24.597,0.9977,0.9977,66,0,0,66,145,139,156,0.01155,0.008367,0.026047,1,1,1,1856.4
random,10,114,10,15.609,25.213,0.9976,0.9976,68,0,0,68,150,141,159,0.011784,0.008339,0.026705,1,1,1,1856.4
random,10,115,1,15.496,25.179,0.9976,0.9976,68,0,0,68,151,141,159,0.011444,0.008339,0.026705,1,1,1,1856.4
random,10,116,1,15.293,24.549,0.9976,0.9976,69,0,0,69,152,141,159,0.011444,0.008431,0.026005,1,1,1,1856.4
random,10,117,1,15.461,24.909,0.9975,0.9975,66,0,0,66,153,141,159,0.011548,0.00844,0.026394,1,1,1,1856.4
random,10,118,11,15.683,24.858,0.9969,0.9969,68,0,0,68,155,144,165,0.011656,0.009068,0.026325,1,1,1,1856.4
random,10,119,1,15.357,24.453,0.9969,0.9969,69,0,0,69,156,144,165,0.011579,0.00861,0.025883,1,1,1,1856.4
least_connections,1,0,0,15.487,24.985,1.0,1.0,0,0,0,0,0,0,0,0.011663,0.008334,0.026465,1,1,1,2122.0
least_connections,1,1,1,15.414,24.708,0.3333,0.3333,64,0,0,64,0,1,0,0.011663,0.008422,0.026157,1,1,1,2122.0
least_connections,1,2,1,15.385,24.66,0.6667,0.6667,65,0,0,65,1,1,0,0.011653,0.008398,0.026105,1,1,1,2122.0
least_connections,1,3,1,15.359,24.728,0.6,0.6,66,0,0,66,1,2,0,0.01151,0.008371,0.026197,1,1,1,2122.0
least_connections,1,4,1,15.504,25.091,0.5333,0.5333,63,0,0,63,1,3,0,0.011482,0.008427,0.026603,1,1,1,2122.0
least_connections,1,5,11,15.395,24.733,0.8065,0.8065,65,0,0,65,8,5,2,0.011588,0.008403,0.026194,1,1,1,2122.0
least_connections,1,6,1,15.395,24.733,0.7758,0.7758,65,0,0,65,9,5,2,0.011588,0.008403,0.026194,1,1,1,2122.0
least_connections,1,7,1,15.439,24.774,0.7961,0.7961,66,0,0,66,9,6,2,0.011643,0.008441,0.026233,1,1,1,2122.0
least_connections,1,8,1,15.526,25.115,0.7714,0.7714,67,0,0,67,10,6,2,0.011569,0.008389,0.02662,1,1,1,2122.0
least_connections,1,9,1,15.354,24.645,0.7474,0.7474,62,0,0,62,11,6,2,0.011516,0.008441,0.026104,1,1,1,2122.0
least_connections,1,10,11,15.675,25.099,0.974,0.974,64,0,0,64,12,10,8,0.011533,0.008887,0.026606,1,1,1,2122.0
least_connections,1,11,1,15.613,25.118,0.9737,0.9737,64,0,0,64,12,11,8,0.011728,0.008505,0.026606,1,1,1,2122.0
least_connections,1,12,1,15.553,24.957,0.9697,0.9697,65,0,0,65,12,12,8,0.011728,0.008505,0.026427,1,1,1,2122.0
least_connections,1,13,11,15.634,25.07,0.9737,0.9737,62,0,0,62,16,16,11,0.011918,0.008453,0.026531,1,1,1,2122.0
least_connections,1,14,11,15.125,24.086,0.9511,0.9511,65,0,0,65,23,18,13,0.011453,0.008433,0.02549,1,1,1,2122.0
least_connections,1,15,11,15.409,24.76,0.9801,0.9801,67,0,0,67,26,19,20,0.011573,0.008429,0.026225,1,1,1,2122.0
least_connections,1,16,1,15.863,24.76,0.9745,0.9745,64,0,0,64,27,19,20,0.012265,0.009175,0.026148,1,1,1,2122.0
least_connections,1,17,1,15.585,24.677,0.9786,0.9786,64,0,0,64,27,20,20,0.011433,0.009175,0.026148,1,1,1,2122.0
least_connections,1,18,1,15.374,24.715,0.9817,0.9817,65,0,0,65,27,21,20,0.011433,0.008497,0.026191,1,1,1,2122.0
least_connections,1,19,1,15.738,24.838,0.9766,0.9766,66,0,0,66,28,21,20,0.011578,0.009325,0.026311,1,1,1,2122.0
least_connections,1,20,1,15.393,24.742,0.9792,0.9792,67,0,0,67,28,22,20,0.011544,0.008426,0.026209,1,1,1,2122.0
least_connections,1,21,1,15.346,24.579,0.9809,0.9809,63,0,0,63,28,23,20,0.011542,0.008468,0.026028,1,1,1,2122.0
least_connections,1,22,1,15.51,25.113,0.9818,0.9818,64,0,0,64,28,24,20,0.01146,0.008439,0.02663,1,1,1,2122.0
least_connections,1,23,11,15.51,25.113,0.9919,0.9919,64,0,0,64,31,27,25,0.01146,0.008439,0.02663,1,1,1,2122.0
least_connections,1,24,1,15.272,24.258,0.9891,0.9891,66,0,0,66,32,27,25,0.011636,0.008519,0.025661,1,1,1,2122.0
least_connections,1,25,1,15.854,24.945,0.9858,0.9858,63,0,0,63,33,27,25,0.012849,0.008425,0.026289,1,1,1,2122.0
least_connections,1,26,1,15.535,24.374,0.9822,0.9822,64,0,0,64,34,27,25,0.011592,0.009219,0.025794,1,1,1,2122.0
least_connections,1,27,1,15.665,24.802,0.9836,0.9836,65,0,0,65,34,28,25,0.012384,0.008428,0.026182,1,1,1,2122.0
least_connections,1,28,1,15.379,24.715,0.98,0.98,65,0,0,65,35,28,25,0.011515,0.008439,0.026182,1,1,1,2122.0
least_connections,1,29,11,15.599,25.309,0.964,0.964,66,0,0,66,42,29,28,0.011515,0.008439,0.026842,1,1,1,2122.0
least_connections,1,30,1,15.452,24.889,0.9595,0.9595,65,0,0,65,43,29,28,0.011525,0.008456,0.026374,1,1,1,2122.0
least_connections,1,31,1,15.578,25.218,0.963,0.963,66,0,0,66,43,29,29,0.011605,0.008398,0.026731,1,1,1,2122.0
least_connections,1,32,10,15.512,25.025,0.9328,0.9328,68,0,0,68,51,29,31,0.011534,0.008477,0.026524,1,1,1,2122.0
least_connections,1,33,1,15.863,25.008,0.9279,0.9279,65,0,0,65,52,29,31,0.012616,0.008589,0.026385,1,1,1,2122.0
least_connections,1,34,1,15.496,24.898,0.9231,0.9231,65,0,0,65,53,29,31,0.011515,0.008589,0.026385,1,1,1,2122.0
least_connections,1,35,1,15.293,24.488,0.9182,0.9182,66,0,0,66,54,29,31,0.011515,0.008434,0.02593,1,1,1,2122.0
least_connections,1,36,11,15.134,24.27,0.94,0.94,68,0,0,68,56,31,38,0.011262,0.008425,0.025715,1,1,1,2122.0
least_connections,1,37,1,15.74,24.841,0.9443,0.9443,64,0,0,64,56,32,38,0.01167,0.009247,0.026304,1,1,1,2122.0
least_connections,1,38,11,15.687,25.545,0.9612,0.9612,66,0,0,66,58,36,43,0.011547,0.008413,0.0271,1,1,1,2122.0
least_connections,1,39,1,15.421,24.844,0.958,0.958,67,0,0,67,59,36,43,0.011573,0.008371,0.026318,1,1,1,2122.0
least_connections,1,40,1,15.421,24.844,0.9614,0.9614,67,0,0,67,59,37,43,0.011573,0.008371,0.026318,1,1,1,2122.0
least_connections,1,41,1,15.506,25.049,0.9582,0.9582,68,0,0,68,60,37,43,0.011528,0.008439,0.026551,1,1,1,2122.0
least_connections,1,42,1,15.198,24.224,0.9614,0.9614,66,0,0,66,60,38,43,0.011631,0.008341,0.025623,1,1,1,2122.0
least_connections,1,43,1,15.586,25.142,0.9643,0.9643,67,0,0,67,60,39,43,0.011657,0.008461,0.02664,1,1,1,2122.0
least_connections,1,44,1,15.463,24.891,0.9613,0.9613,68,0,0,68,61,39,43,0.011583,0.008435,0.02637,1,1,1,2122.0
least_connections,1,45,1,15.552,24.895,0.9581,0.9581,68,0,0,68,62,39,43,0.011621,0.008666,0.02637,1,1,1,2122.0
least_connections,1,46,1,15.46,24.647,0.961,0.961,62,0,0,62,62,40,43,0.011621,0.008666,0.026094,1,1,1,2122.0
least_connections,1,47,11,15.741,25.051,0.9641,0.9641,63,0,0,63,66,43,47,0.012351,0.00841,0.026462,1,1,1,2122.0
least_connections,1,48,1,16.165,25.751,0.9613,0.9613,65,0,0,65,67,43,47,0.012811,0.008496,0.027189,1,1,1,2122.0
least_connections,1,49,1,15.305,24.596,0.9585,0.9585,62,0,0,62,68,43,47,0.011542,0.008325,0.026047,1,1,1,2122.0
least_connections,1,50,1,15.45,24.688,0.9556,0.9556,63,0,0,63,69,43,47,0.01153,0.008669,0.02615,1,1,1,2122.0
least_connections,1,51,11,15.55,24.718,0.9523,0.9523,63,0,0,63,74,44,52,0.01183,0.008669,0.02615,1,1,1,2122.0
least_connections,1,52,1,15.501,24.782,0.9495,0.9495,65,0,0,65,75,44,52,0.01183,0.008451,0.026221,1,1,1,2122.0
least_connections,1,53,1,15.431,24.773,0.9524,0.9524,66,0,0,66,75,45,52,0.011537,0.008512,0.026244,1,1,1,2122.0
least_connections,1,54,11,15.354,24.643,0.9524,0.9524,63,0,0,63,79,46,58,0.01159,0.008378,0.026093,1,1,1,2122.0
least_connections,1,55,1,15.321,24.572,0.9553,0.9553,65,0,0,65,79,47,58,0.011513,0.008427,0.026023,1,1,1,2122.0
least_connections,1,56,1,15.298,24.569,0.9528,0.9528,65,0,0,65,80,47,58,0.01148,0.00839,0.026023,1,1,1,2122.0
least_connections,1,57,11,15.624,25.451,0.9556,0.9556,66,0,0,66,84,50,62,0.01148,0.00839,0.027003,1,1,1,2122.0
least_connections,1,58,1,15.866,25.114,0.9582,0.9582,64,0,0,64,84,51,62,0.011481,0.009488,0.026629,1,1,1,2122.0
least_connections,1,59,11,15.416,24.833,0.9604,0.9604,65,0,0,65,88,54,66,0.011572,0.00837,0.026306,1,1,1,2122.0
least_connections,1,60,0,15.622,25.3,0.9604,0.9604,67,0,0,67,88,54,66,0.011483,0.008549,0.026835,1,1,1,2122.0
least_connections,1,61,1,15.363,24.671,0.9627,0.9627,68,0,0,68,88,55,66,0.011473,0.008478,0.026138,1,1,1,2122.0
least_connections,1,62,1,15.349,24.675,0.9648,0.9648,68,0,0,68,88,56,66,0.011505,0.008405,0.026138,1,1,1,2122.0
least_connections,1,63,1,15.457,24.965,0.9628,0.9628,66,0,0,66,89,56,66,0.011505,0.008405,0.02646,1,1,1,2122.0
least_connections,1,64,11,15.489,24.691,0.9684,0.9684,68,0,0,68,92,60,70,0.011773,0.008568,0.026126,1,1,1,2122.0
least_connections,1,65,1,15.322,24.63,0.9666,0.9666,69,0,0,69,93,60,70,0.011475,0.008398,0.026092,1,1,1,2122.0
least_connections,1,66,11,16.265,25.932,0.9724,0.9724,66,0,0,66,95,63,76,0.012809,0.008595,0.02739,1,1,1,2122.0
least_connections,1,67,1,15.356,24.695,0.9709,0.9709,67,0,0,67,96,63,76,0.011534,0.008376,0.026157,1,1,1,2122.0
least_connections,1,68,11,15.339,24.69,0.9731,0.9731,67,0,0,67,100,67,79,0.011484,0.008376,0.026157,1,1,1,2122.0
least_connections,1,69,11,15.303,24.613,0.9786,0.9786,69,0,0,69,101,70,86,0.011484,0.008352,0.026072,1,1,1,2122.0
least_connections,1,70,11,15.394,24.72,0.9764,0.9764,68,0,0,68,106,72,90,0.011531,0.008466,0.026186,1,1,1,2122.0
least_connections,1,71,1,15.467,25.072,0.9779,0.9779,70,0,0,70,106,73,90,0.011461,0.008356,0.026584,1,1,1,2122.0
least_connections,1,72,1,15.531,25.016,0.9768,0.9768,71,0,0,71,107,73,90,0.011521,0.008556,0.026515,1,1,1,2122.0
least_connections,1,73,1,15.403,24.497,0.9782,0.9782,72,0,0,72,107,74,90,0.011714,0.008579,0.025917,1,1,1,2122.0
least_connections,1,74,1,15.403,24.497,0.9796,0.9796,72,0,0,72,107,75,90,0.011714,0.008579,0.025917,1,1,1,2122.0
least_connections,1,75,1,15.493,25.003,0.981,0.981,68,0,0,68,107,76,90,0.011523,0.008455,0.026501,1,1,1,2122.0
least_connections,1,76,1,15.301,24.494,0.9798,0.9798,69,0,0,69,108,76,90,0.011542,0.008427,0.025933,1,1,1,2122.0
least_connections,1,77,11,15.608,24.456,0.9778,0.9778,70,0,0,70,113,78,94,0.011692,0.009257,0.025874,1,1,1,2122.0
least_connections,1,78,1,15.481,25.021,0.9767,0.9767,66,0,0,66,114,78,94,0.011551,0.008375,0.026518,1,1,1,2122.0
least_connections,1,79,1,15.494,25.024,0.978,0.978,66,0,0,66,114,79,94,0.01158,0.008384,0.026518,1,1,1,2122.0
least_connections,1,80,1,15.393,24.752,0.9769,0.9769,67,0,0,67,115,79,94,0.01158,0.008384,0.026216,1,1,1,2122.0
least_connections,1,81,1,15.403,24.729,0.9782,0.9782,68,0,0,68,115,80,94,0.011617,0.008407,0.026186,1,1,1,2122.0
least_connections,1,82,1,15.316,24.441,0.9794,0.9794,66,0,0,66,115,81,94,0.011693,0.008398,0.025858,1,1,1,2122.0
least_connections,1,83,1,15.668,25.065,0.9806,0.9806,67,0,0,67,115,82,94,0.011813,0.008654,0.026538,1,1,1,2122.0
least_connections,1,84,1,15.363,24.678,0.9809,0.9809,68,0,0,68,115,82,95,0.011578,0.008377,0.026134,1,1,1,2122.0
least_connections,1,85,10,15.349,24.674,0.9818,0.9818,68,0,0,68,119,86,97,0.011537,0.008377,0.026134,1,1,1,2122.0
least_connections,1,86,1,15.343,24.634,0.9807,0.9807,70,0,0,70,120,86,97,0.011537,0.008404,0.026089,1,1,1,2122.0
least_connections,1,87,11,15.646,24.809,0.979,0.979,68,0,0,68,125,88,101,0.011516,0.009135,0.026286,1,1,1,2122.0
least_connections,1,88,11,15.521,24.821,0.9827,0.9827,70,0,0,70,127,92,106,0.011556,0.008713,0.026295,1,1,1,2122.0
least_connections,1,89,1,15.362,24.683,0.9817,0.9817,71,0,0,71,128,92,106,0.011567,0.00838,0.02614,1,1,1,2122.0
least_connections,1,90,1,15.503,25.053,0.9827,0.9827,67,0,0,67,128,93,106,0.011518,0.008433,0.026557,1,1,1,2122.0
least_connections,1,91,1,15.503,25.053,0.9837,0.9837,67,0,0,67,128,94,106,0.011518,0.008433,0.026557,1,1,1,2122.0
least_connections,1,92,1,15.303,24.488,0.9828,0.9828,68,0,0,68,129,94,106,0.011609,0.008382,0.025919,1,1,1,2122.0
least_connections,1,93,11,15.416,24.743,0.9888,0.9888,70,0,0,70,130,102,108,0.011608,0.008439,0.026202,1,1,1,2122.0
least_connections,1,94,1,15.425,24.601,0.9881,0.9881,67,0,0,67,131,102,108,0.011835,0.008421,0.02602,1,1,1,2122.0
least_connections,1,95,11,15.419,24.737,0.9873,0.9873,69,0,0,69,136,106,110,0.011627,0.008435,0.026194,1,1,1,2122.0
least_connections,1,96,1,15.424,24.721,0.9865,0.9865,69,0,0,69,137,106,110,0.011466,0.008612,0.026194,1,1,1,2122.0
least_connections,1,97,1,15.514,24.965,0.9857,0.9857,70,0,0,70,138,106,110,0.011466,0.008612,0.026465,1,1,1,2122.0
least_connections,1,98,1,15.539,24.832,0.9848,0.9848,71,0,0,71,139,106,110,0.011641,0.008678,0.026298,1,1,1,2122.0
least_connections,1,99,1,15.363,24.662,0.9839,0.9839,66,0,0,66,140,106,110,0.011535,0.008433,0.026121,1,1,1,2122.0
least_connections,1,100,1,15.279,24.521,0.983,0.983,67,0,0,67,141,106,110,0.011422,0.00844,0.025976,1,1,1,2122.0
least_connections,1,101,1,15.886,25.466,0.9837,0.9837,68,0,0,68,141,107,110,0.011655,0.009001,0.027001,1,1,1,2122.0
least_connections,1,102,1,15.943,25.484,0.9828,0.9828,68,0,0,68,142,107,110,0.011828,0.009001,0.027001,1,1,1,2122.0
least_connections,1,103,1,15.649,25.194,0.9834,0.9834,66,0,0,66,142,108,110,0.011828,0.00844,0.026679,1,1,1,2122.0
least_connections,1,104,11,15.627,25.057,0.9825,0.9825,67,0,0,67,147,112,112,0.011739,0.008604,0.026537,1,1,1,2122.0
least_connections,1,105,11,15.361,24.611,0.98,0.98,69,0,0,69,153,113,116,0.011635,0.008395,0.026053,1,1,1,2122.0
least_connections,1,106,1,16.042,25.677,0.9791,0.9791,71,0,0,71,154,113,116,0.0122,0.008752,0.027175,1,1,1,2122.0
least_connections,1,107,1,15.639,24.633,0.9797,0.9797,69,0,0,69,154,114,116,0.011505,0.00932,0.026092,1,1,1,2122.0
least_connections,1,108,1,15.639,24.633,0.9788,0.9788,69,0,0,69,155,114,116,0.011505,0.00932,0.026092,1,1,1,2122.0
least_connections,1,109,11,15.361,24.627,0.9823,0.9823,70,0,0,70,157,118,121,0.011552,0.008451,0.02608,1,1,1,2122.0
least_connections,1,110,1,15.349,24.709,0.9815,0.9815,72,0,0,72,158,118,121,0.011486,0.008382,0.026178,1,1,1,2122.0
least_connections,1,111,1,15.437,24.813,0.9806,0.9806,68,0,0,68,159,118,121,0.011571,0.008457,0.026284,1,1,1,2122.0
least_connections,1,112,1,15.694,25.402,0.9797,0.9797,69,0,0,69,160,118,121,0.011554,0.008587,0.026941,1,1,1,2122.0
least_connections,1,113,1,15.673,25.41,0.9788,0.9788,69,0,0,69,161,118,121,0.011631,0.008448,0.026941,1,1,1,2122.0
least_connections,1,114,1,15.35,24.538,0.9794,0.9794,70,0,0,70,161,118,122,0.011631,0.008448,0.025972,1,1,1,2122.0
least_connections,1,115,10,15.394,24.726,0.9792,0.9792,67,0,0,67,165,120,126,0.011511,0.008477,0.026194,1,1,1,2122.0
least_connections,1,116,11,15.858,25.943,0.9818,0.9818,69,0,0,69,167,122,133,0.011612,0.008426,0.027535,1,1,1,2122.0
least_connections,1,117,1,15.716,24.498,0.9825,0.9825,70,0,0,70,167,123,133,0.011526,0.009683,0.025939,1,1,1,2122.0
least_connections,1,118,1,15.487,25.048,0.9831,0.9831,71,0,0,71,167,124,133,0.011496,0.008411,0.026554,1,1,1,2122.0
least_connections,1,119,1,15.498,25.051,0.9837,0.9837,71,0,0,71,167,125,133,0.011528,0.008411,0.026554,1,1,1,2122.0
least_connections,2,0,0,15.259,24.43,1.0,1.0,0,0,0,0,0,0,0,0.011511,0.008401,0.025866,1,1,1,2228.8
least_connections,2,1,1,15.442,24.956,0.3333,0.3333,69,0,0,69,1,0,0,0.011511,0.008366,0.02645,1,1,1,2228.8
least_connections,2,2,11,15.767,24.762,0.5333,0.5333,66,0,0,66,9,0,3,0.011843,0.009261,0.026197,1,1,1,2228.8
least_connections,2,3,1,15.356,24.626,0.619,0.619,67,0,0,67,9,1,3,0.01152,0.008467,0.026082,1,1,1,2228.8
least_connections,2,4,1,15.475,24.782,0.5939,0.5939,68,0,0,68,10,1,3,0.011775,0.008422,0.026227,1,1,1,2228.8
least_connections,2,5,1,15.371,24.618,0.6637,0.6637,69,0,0,69,10,2,3,0.011635,0.008416,0.026061,1,1,1,2228.8
least_connections,2,6,11,15.371,24.618,0.8346,0.8346,69,0,0,69,14,5,7,0.011635,0.008416,0.026061,1,1,1,2228.8
least_connections,2,7,1,15.304,24.475,0.8648,0.8648,65,0,0,65,14,6,7,0.011558,0.008443,0.02591,1,1,1,2228.8
least_connections,2,8,11,15.635,25.408,0.9588,0.9588,67,0,0,67,15,9,14,0.011287,0.008641,0.026977,1,1,1,2228.8
least_connections,2,9,1,15.708,24.863,0.9512,0.9512,68,0,0,68,16,9,14,0.012201,0.008653,0.02627,1,1,1,2228.8
least_connections,2,10,11,15.542,24.877,0.9623,0.9623,66,0,0,66,21,13,16,0.011684,0.0086,0.026343,1,1,1,2228.8
least_connections,2,11,1,15.601,24.91,0.9709,0.9709,66,0,0,66,21,14,16,0.012012,0.008448,0.026343,1,1,1,2228.8
least_connections,2,12,11,16.058,26.143,0.9737,0.9737,67,0,0,67,22,16,24,0.012012,0.008448,0.027713,1,1,1,2228.8
least_connections,2,13,1,15.519,25.071,0.9807,0.9807,69,0,0,69,22,17,24,0.011539,0.008442,0.026575,1,1,1,2228.8
least_connections,2,14,1,15.365,24.384,0.9865,0.9865,70,0,0,70,22,18,24,0.011909,0.008415,0.02577,1,1,1,2228.8
least_connections,2,15,11,15.401,24.77,0.9781,0.9781,68,0,0,68,26,20,29,0.011608,0.008362,0.026233,1,1,1,2228.8
least_connections,2,16,1,15.477,25.007,0.9833,0.9833,69,0,0,69,26,21,29,0.011503,0.008422,0.026507,1,1,1,2228.8
least_connections,2,17,1,15.477,25.007,0.9877,0.9877,69,0,0,69,26,22,29,0.011503,0.008422,0.026507,1,1,1,2228.8
least_connections,2,18,1,15.672,24.669,0.9912,0.9912,70,0,0,70,26,23,29,0.011598,0.009296,0.026121,1,1,1,2228.8
least_connections,2,19,11,15.387,24.662,0.9834,0.9834,67,0,0,67,28,26,35,0.011501,0.008535,0.026124,1,1,1,2228.8
least_connections,2,20,11,15.481,24.679,0.9897,0.9897,69,0,0,69,32,30,38,0.011923,0.008423,0.026096,1,1,1,2228.8
least_connections,2,21,1,15.662,24.735,0.9905,0.9905,71,0,0,71,33,30,38,0.011525,0.009259,0.026203,1,1,1,2228.8
least_connections,2,22,1,15.343,24.731,0.9926,0.9926,71,0,0,71,33,31,38,0.011487,0.00834,0.026203,1,1,1,2228.8
least_connections,2,23,1,15.215,24.386,0.9942,0.9942,67,0,0,67,33,32,38,0.011487,0.00834,0.025819,1,1,1,2228.8
least_connections,2,24,11,15.535,24.57,0.9913,0.9913,68,0,0,68,36,35,43,0.011585,0.009008,0.026013,1,1,1,2228.8
least_connections,2,25,1,15.316,24.599,0.9922,0.9922,70,0,0,70,37,35,43,0.011525,0.008372,0.026052,1,1,1,2228.8
least_connections,2,26,1,15.666,25.159,0.9928,0.9928,71,0,0,71,38,35,43,0.011979,0.008395,0.026624,1,1,1,2228.8
least_connections,2,27,1,15.878,25.653,0.9909,0.9909,68,0,0,68,38,35,44,0.011967,0.008492,0.027174,1,1,1,2228.8
least_connections,2,28,10,15.752,25.616,0.9907,0.9907,68,0,0,68,43,37,47,0.011591,0.008492,0.027174,1,1,1,2228.8
least_connections,2,29,1,15.4,24.692,0.9926,0.9926,70,0,0,70,43,38,47,0.011591,0.008462,0.026148,1,1,1,2228.8
least_connections,2,30,1,15.4,24.767,0.9943,0.9943,71,0,0,71,43,39,47,0.01154,0.008422,0.026237,1,1,1,2228.8
least_connections,2,31,1,15.656,24.87,0.9956,0.9956,66,0,0,66,43,40,47,0.012293,0.008408,0.026268,1,1,1,2228.8
least_connections,2,32,1,15.391,24.771,0.9957,0.9957,67,0,0,67,44,40,47,0.011514,0.008415,0.026244,1,1,1,2228.8
least_connections,2,33,1,15.472,24.761,0.9955,0.9955,68,0,0,68,45,40,47,0.01162,0.008574,0.026221,1,1,1,2228.8
least_connections,2,34,1,15.472,24.761,0.9952,0.9952,68,0,0,68,46,40,47,0.01162,0.008574,0.026221,1,1,1,2228.8
least_connections,2,35,11,15.314,24.507,0.9852,0.9852,66,0,0,66,50,40,54,0.011596,0.008403,0.025942,1,1,1,2228.8
least_connections,2,36,11,15.29,24.401,0.9959,0.9959,69,0,0,69,51,48,56,0.011744,0.00832,0.025807,1,1,1,2228.8
least_connections,2,37,1,15.134,24.179,0.9961,0.9961,70,0,0,70,52,48,56,0.011464,0.008346,0.025592,1,1,1,2228.8
least_connections,2,38,1,15.342,24.659,0.996,0.996,71,0,0,71,53,48,56,0.011494,0.008411,0.026122,1,1,1,2228.8
least_connections,2,39,1,15.433,24.66,0.997,0.997,71,0,0,71,53,49,56,0.0115,0.008677,0.026122,1,1,1,2228.8
least_connections,2,40,11,15.54,24.949,0.9964,0.9964,69,0,0,69,55,53,61,0.0115,0.008677,0.026443,1,1,1,2228.8
least_connections,2,41,11,15.39,24.676,0.9885,0.9885,71,0,0,71,57,54,69,0.011515,0.008518,0.026138,1,1,1,2228.8
least_connections,2,42,11,15.732,24.994,0.9854,0.9854,73,0,0,73,64,54,73,0.012444,0.008364,0.026388,1,1,1,2228.8
least_connections,2,43,1,15.734,25.264,0.9854,0.9854,69,0,0,69,65,54,73,0.012075,0.008398,0.026729,1,1,1,2228.8
least_connections,2,44,1,15.34,24.673,0.9853,0.9853,70,0,0,70,66,54,73,0.011451,0.008426,0.026142,1,1,1,2228.8
least_connections,2,45,1,15.368,24.681,0.9852,0.9852,70,0,0,70,67,54,73,0.011537,0.008426,0.026142,1,1,1,2228.8
least_connections,2,46,11,15.323,24.561,0.9895,0.9895,71,0,0,71,70,59,76,0.011537,0.008424,0.026008,1,1,1,2228.8
least_connections,2,47,11,15.416,24.83,0.9869,0.9869,69,0,0,69,74,61,81,0.011543,0.008399,0.026306,1,1,1,2228.8
least_connections,2,48,11,15.219,24.156,0.9844,0.9844,71,0,0,71,78,63,86,0.011704,0.008412,0.02554,1,1,1,2228.8
least_connections,2,49,1,15.515,24.868,0.9842,0.9842,73,0,0,73,79,63,86,0.01158,0.00862,0.026344,1,1,1,2228.8
least_connections,2,50,1,15.681,25.42,0.9858,0.9858,74,0,0,74,79,64,86,0.011664,0.00843,0.026948,1,1,1,2228.8
least_connections,2,51,7,15.681,25.42,0.982,0.982,74,0,0,74,80,65,91,0.011664,0.00843,0.026948,1,1,1,2228.8
least_connections,2,52,4,15.335,24.703,0.9797,0.9797,70,0,0,70,82,65,93,0.011437,0.00839,0.026177,1,1,1,2228.8
least_connections,2,53,11,15.668,24.675,0.9816,0.9816,72,0,0,72,88,68,95,0.012578,0.008407,0.026019,1,1,1,2228.8
least_connections,2,54,1,15.489,24.775,0.9814,0.9814,73,0,0,73,89,68,95,0.011835,0.008418,0.026213,1,1,1,2228.8
least_connections,2,55,11,15.35,24.464,0.9838,0.9838,71,0,0,71,93,72,98,0.011781,0.008396,0.025873,1,1,1,2228.8
least_connections,2,56,11,15.381,24.467,0.9894,0.9894,71,0,0,71,97,78,99,0.011815,0.008456,0.025873,1,1,1,2228.8
least_connections,2,57,1,15.208,24.0,0.9905,0.9905,73,0,0,73,97,79,99,0.011815,0.008456,0.025354,1,1,1,2228.8
least_connections,2,58,1,15.445,24.899,0.9915,0.9915,74,0,0,74,97,80,99,0.011494,0.008453,0.026388,1,1,1,2228.8
least_connections,2,59,1,15.317,24.58,0.9924,0.9924,75,0,0,75,97,81,99,0.011477,0.008437,0.026036,1,1,1,2228.8
least_connections,2,60,1,15.324,24.573,0.9933,0.9933,73,0,0,73,97,82,99,0.011536,0.008413,0.026022,1,1,1,2228.8
least_connections,2,61,1,15.864,24.793,0.9942,0.9942,74,0,0,74,97,83,99,0.012847,0.008624,0.02612,1,1,1,2228.8
least_connections,2,62,1,15.383,24.665,0.9939,0.9939,74,0,0,74,98,83,99,0.011569,0.008459,0.02612,1,1,1,2228.8
least_connections,2,63,1,15.439,24.816,0.9947,0.9947,75,0,0,75,98,84,99,0.011569,0.008459,0.026288,1,1,1,2228.8
least_connections,2,64,1,15.685,24.955,0.9954,0.9954,71,0,0,71,98,85,99,0.011637,0.008982,0.026435,1,1,1,2228.8
least_connections,2,65,11,15.482,24.517,0.994,0.994,73,0,0,73,102,87,104,0.012182,0.008377,0.025888,1,1,1,2228.8
least_connections,2,66,1,15.387,24.512,0.9948,0.9948,74,0,0,74,102,88,104,0.011888,0.008359,0.025915,1,1,1,2228.8
least_connections,2,67,1,15.592,25.088,0.9945,0.9945,71,0,0,71,103,88,104,0.011658,0.008538,0.02658,1,1,1,2228.8
least_connections,2,68,11,15.548,25.075,0.9912,0.9912,71,0,0,71,105,89,112,0.011527,0.008538,0.02658,1,1,1,2228.8
least_connections,2,69,1,15.639,24.725,0.992,0.992,73,0,0,73,105,90,112,0.011527,0.009199,0.026191,1,1,1,2228.8
least_connections,2,70,1,15.423,24.825,0.9919,0.9919,74,0,0,74,106,90,112,0.011509,0.008457,0.026304,1,1,1,2228.8
least_connections,2,71,11,15.581,24.553,0.9921,0.9921,75,0,0,75,108,94,117,0.011508,0.009231,0.026003,1,1,1,2228.8
least_connections,2,72,1,15.499,24.993,0.9929,0.9929,72,0,0,72,108,95,117,0.011557,0.008455,0.026486,1,1,1,2228.8
least_connections,2,73,1,15.452,24.756,0.9936,0.9936,73,0,0,73,108,96,117,0.011719,0.008432,0.026204,1,1,1,2228.8
least_connections,2,74,1,15.452,24.756,0.9935,0.9935,73,0,0,73,109,96,117,0.011719,0.008432,0.026204,1,1,1,2228.8
least_connections,2,75,1,15.4,24.651,0.9935,0.9935,74,0,0,74,110,96,117,0.011707,0.008405,0.026089,1,1,1,2228.8
least_connections,2,76,1,15.445,24.858,0.9941,0.9941,69,0,0,69,110,97,117,0.011543,0.008455,0.026338,1,1,1,2228.8
least_connections,2,77,1,15.252,24.431,0.9941,0.9941,70,0,0,70,111,97,117,0.0115,0.008388,0.025868,1,1,1,2228.8
least_connections,2,78,1,15.797,25.379,0.9947,0.9947,71,0,0,71,111,98,117,0.012079,0.008456,0.026857,1,1,1,2228.8
least_connections,2,79,1,15.572,25.317,0.9953,0.9953,71,0,0,71,111,99,117,0.011462,0.008398,0.026857,1,1,1,2228.8
least_connections,2,80,1,15.368,24.766,0.9952,0.9952,68,0,0,68,112,99,117,0.011462,0.008398,0.026244,1,1,1,2228.8
least_connections,2,81,1,15.401,24.671,0.9951,0.9951,69,0,0,69,113,99,117,0.01167,0.008416,0.026116,1,1,1,2228.8
least_connections,2,82,7,15.726,24.724,0.9956,0.9956,70,0,0,70,114,102,120,0.012625,0.008484,0.026068,1,1,1,2228.8
least_connections,2,83,4,15.324,24.649,0.9962,0.9962,72,0,0,72,115,104,121,0.011462,0.008396,0.026114,1,1,1,2228.8
least_connections,2,84,1,15.491,24.882,0.9966,0.9966,69,0,0,69,115,105,121,0.011555,0.008555,0.026363,1,1,1,2228.8
least_connections,2,85,1,15.494,24.883,0.9966,0.9966,69,0,0,69,116,105,121,0.011563,0.008555,0.026363,1,1,1,2228.8
least_connections,2,86,1,15.396,24.698,0.997,0.997,70,0,0,70,116,106,121,0.011563,0.008468,0.026158,1,1,1,2228.8
least_connections,2,87,1,15.76,24.69,0.9975,0.9975,71,0,0,71,116,107,121,0.011576,0.009558,0.026147,1,1,1,2228.8
least_connections,2,88,1,15.473,24.956,0.9978,0.9978,66,0,0,66,116,108,121,0.011524,0.008446,0.026449,1,1,1,2228.8
least_connections,2,89,11,15.702,24.783,0.999,0.999,68,0,0,68,119,114,123,0.01256,0.008404,0.026141,1,1,1,2228.8
least_connections,2,90,1,15.419,24.849,0.9992,0.9992,69,0,0,69,119,115,123,0.011481,0.008443,0.026334,1,1,1,2228.8
least_connections,2,91,1,15.419,24.849,0.9992,0.9992,69,0,0,69,120,115,123,0.011481,0.008443,0.026334,1,1,1,2228.8
least_connections,2,92,11,15.97,25.41,0.9992,0.9992,70,0,0,70,121,120,128,0.01247,0.008591,0.026848,1,1,1,2228.8
least_connections,2,93,1,15.47,24.825,0.9992,0.9992,69,0,0,69,122,120,128,0.011608,0.008508,0.026294,1,1,1,2228.8
least_connections,2,94,11,15.247,24.234,0.9997,0.9997,71,0,0,71,126,125,130,0.011639,0.008468,0.025633,1,1,1,2228.8
least_connections,2,95,1,15.446,24.9,0.9997,0.9997,72,0,0,72,127,125,130,0.011453,0.008491,0.026394,1,1,1,2228.8
least_connections,2,96,1,15.5,24.921,0.9997,0.9997,72,0,0,72,128,125,130,0.011666,0.00844,0.026394,1,1,1,2228.8
least_connections,2,97,1,15.409,24.675,0.9997,0.9997,67,0,0,67,129,125,130,0.011666,0.00844,0.026121,1,1,1,2228.8
least_connections,2,98,1,15.349,24.484,0.9997,0.9997,68,0,0,68,130,125,130,0.01172,0.008425,0.025902,1,1,1,2228.8
least_connections,2,99,1,15.269,24.387,0.9998,0.9998,69,0,0,69,130,126,130,0.011538,0.008453,0.025815,1,1,1,2228.8
least_connections,2,100,1,15.438,24.915,0.9999,0.9999,66,0,0,66,130,127,130,0.011474,0.008431,0.026408,1,1,1,2228.8
least_connections,2,101,1,15.486,24.733,0.9999,0.9999,67,0,0,67,130,128,130,0.011688,0.008589,0.026182,1,1,1,2228.8
least_connections,2,102,11,15.533,24.747,0.9998,0.9998,67,0,0,67,135,131,133,0.011828,0.008589,0.026182,1,1,1,2228.8
least_connections,2,103,1,15.452,24.692,0.9999,0.9999,69,0,0,69,135,132,133,0.011828,0.008408,0.026121,1,1,1,2228.8
least_connections,2,104,1,15.634,25.016,1.0,1.0,70,0,0,70,135,133,133,0.011621,0.008776,0.026504,1,1,1,2228.8
least_connections,2,105,11,15.266,24.363,0.9997,0.9997,66,0,0,66,138,140,134,0.011566,0.008446,0.025785,1,1,1,2228.8
least_connections,2,106,1,15.441,24.938,0.9996,0.9996,68,0,0,68,138,141,134,0.01154,0.008357,0.026427,1,1,1,2228.8
least_connections,2,107,1,15.365,24.644,0.9994,0.9994,69,0,0,69,138,142,134,0.011528,0.008466,0.026101,1,1,1,2228.8
least_connections,2,108,0,15.365,24.644,0.9994,0.9994,69,0,0,69,138,142,134,0.011528,0.008466,0.026101,1,1,1,2228.8
least_connections,2,109,1,15.422,24.582,0.9994,0.9994,64,0,0,64,139,142,134,0.011502,0.008728,0.026035,1,1,1,2228.8
least_connections,2,110,1,15.382,24.607,0.9994,0.9994,65,0,0,65,140,142,134,0.011695,0.008408,0.026042,1,1,1,2228.8
least_connections,2,111,1,15.686,24.65,0.9993,0.9993,66,0,0,66,141,142,134,0.012357,0.008686,0.026016,1,1,1,2228.8
least_connections,2,112,1,15.661,25.315,0.9993,0.9993,62,0,0,62,142,142,134,0.011721,0.008437,0.026825,1,1,1,2228.8
least_connections,2,113,1,15.674,25.317,0.9992,0.9992,62,0,0,62,143,142,134,0.011744,0.008452,0.026825,1,1,1,2228.8
least_connections,2,114,1,15.481,24.798,0.999,0.999,63,0,0,63,144,142,134,0.011744,0.008452,0.026248,1,1,1,2228.8
least_connections,2,115,11,15.448,24.645,0.9996,0.9996,65,0,0,65,147,144,140,0.011801,0.008472,0.026072,1,1,1,2228.8
least_connections,2,116,11,15.524,25.193,0.9995,0.9995,67,0,0,67,152,146,144,0.011451,0.0084,0.02672,1,1,1,2228.8
least_connections,2,117,11,15.389,24.699,0.9995,0.9995,63,0,0,63,155,151,147,0.011585,0.008426,0.026156,1,1,1,2228.8
least_connections,2,118,1,15.455,24.665,0.9995,0.9995,64,0,0,64,155,152,147,0.011748,0.008518,0.0261,1,1,1,2228.8
least_connections,2,119,1,15.36,24.652,0.9994,0.9994,64,0,0,64,156,152,147,0.011624,0.008357,0.0261,1,1,1,2228.8
least_connections,3,0,0,15.458,24.935,1.0,1.0,0,0,0,0,0,0,0,0.01159,0.008367,0.026418,1,1,1,2259.1
least_connections,3,1,11,15.424,24.805,0.6612,0.6612,65,0,0,65,0,5,6,0.0116,0.0084,0.026272,1,1,1,2259.1
least_connections,3,2,1,15.424,24.805,0.6667,0.6667,65,0,0,65,0,6,6,0.0116,0.0084,0.026272,1,1,1,2259.1
least_connections,3,3,11,15.713,25.399,0.7837,0.7837,67,0,0,67,2,10,11,0.011568,0.008636,0.026936,1,1,1,2259.1
least_connections,3,4,1,15.661,24.579,0.8348,0.8348,62,0,0,62,3,10,11,0.012655,0.008424,0.025904,1,1,1,2259.1
least_connections,3,5,11,15.589,24.899,0.8935,0.8935,64,0,0,64,6,14,15,0.011551,0.008833,0.026382,1,1,1,2259.1
least_connections,3,6,1,15.529,25.095,0.8889,0.8889,65,0,0,65,6,15,15,0.01153,0.008456,0.026602,1,1,1,2259.1
least_connections,3,7,11,15.804,25.152,0.9332,0.9332,65,0,0,65,10,17,20,0.012102,0.008708,0.026602,1,1,1,2259.1
least_connections,3,8,1,15.641,24.711,0.932,0.932,63,0,0,63,10,18,20,0.012102,0.008708,0.026112,1,1,1,2259.1
least_connections,3,9,1,15.428,24.862,0.9295,0.9295,64,0,0,64,10,19,20,0.011515,0.008423,0.026345,1,1,1,2259.1
least_connections,3,10,1,15.753,25.577,0.9448,0.9448,65,0,0,65,11,19,20,0.011545,0.008578,0.027136,1,1,1,2259.1
least_connections,3,11,11,15.435,24.792,0.9534,0.9534,67,0,0,67,14,23,24,0.011519,0.008518,0.026267,1,1,1,2259.1
least_connections,3,12,1,15.456,24.867,0.9634,0.9634,65,0,0,65,15,23,24,0.011536,0.008483,0.026348,1,1,1,2259.1
least_connections,3,13,1,15.445,24.864,0.9721,0.9721,65,0,0,65,16,23,24,0.011504,0.008483,0.026348,1,1,1,2259.1
least_connections,3,14,1,15.556,25.222,0.9794,0.9794,66,0,0,66,17,23,24,0.011504,0.008418,0.026746,1,1,1,2259.1
least_connections,3,15,1,15.428,24.851,0.9773,0.9773,67,0,0,67,17,24,24,0.011537,0.008416,0.02633,1,1,1,2259.1
least_connections,3,16,1,15.924,24.908,0.9837,0.9837,64,0,0,64,18,24,24,0.013096,0.008455,0.02622,1,1,1,2259.1
least_connections,3,17,1,15.377,24.718,0.9812,0.9812,65,0,0,65,18,25,24,0.011538,0.008411,0.026182,1,1,1,2259.1
least_connections,3,18,1,15.808,24.789,0.978,0.978,66,0,0,66,18,26,24,0.01162,0.009553,0.026252,1,1,1,2259.1
least_connections,3,19,1,15.808,24.789,0.9742,0.9742,66,0,0,66,18,27,24,0.01162,0.009553,0.026252,1,1,1,2259.1
least_connections,3,20,11,15.491,25.069,0.9723,0.9723,63,0,0,63,21,32,27,0.011516,0.008383,0.026575,1,1,1,2259.1
least_connections,3,21,1,16.055,26.53,0.9681,0.9681,65,0,0,65,21,33,27,0.011569,0.008403,0.028192,1,1,1,2259.1
least_connections,3,22,1,15.324,24.578,0.9636,0.9636,66,0,0,66,21,34,27,0.011454,0.008482,0.026036,1,1,1,2259.1
least_connections,3,23,1,15.57,25.124,0.9588,0.9588,67,0,0,67,21,35,27,0.011654,0.008434,0.026621,1,1,1,2259.1
least_connections,3,24,11,15.675,25.162,0.9759,0.9759,67,0,0,67,25,37,32,0.012036,0.008369,0.026621,1,1,1,2259.1
least_connections,3,25,1,15.622,25.018,0.9726,0.9726,65,0,0,65,25,38,32,0.012036,0.008369,0.026461,1,1,1,2259.1
least_connections,3,26,11,15.639,25.454,0.9708,0.9708,66,0,0,66,28,43,35,0.011528,0.008387,0.027001,1,1,1,2259.1
least_connections,3,27,11,15.337,24.453,0.9777,0.9777,68,0,0,68,31,45,41,0.011689,0.008452,0.025871,1,1,1,2259.1
least_connections,3,28,0,15.985,26.288,0.9777,0.9777,65,0,0,65,31,45,41,0.011578,0.008456,0.027922,1,1,1,2259.1
least_connections,3,29,11,15.382,24.653,0.9823,0.9823,67,0,0,67,36,50,42,0.011473,0.008554,0.026118,1,1,1,2259.1
least_connections,3,30,1,15.382,24.653,0.9799,0.9799,67,0,0,67,36,51,42,0.011473,0.008554,0.026118,1,1,1,2259.1
least_connections,3,31,1,15.33,24.612,0.9824,0.9824,68,0,0,68,37,51,42,0.01149,0.008431,0.02607,1,1,1,2259.1
least_connections,3,32,11,15.316,24.534,0.9893,0.9893,70,0,0,70,41,53,47,0.011577,0.008396,0.025974,1,1,1,2259.1
least_connections,3,33,1,15.39,24.563,0.9876,0.9876,67,0,0,67,41,54,47,0.011721,0.008458,0.02599,1,1,1,2259.1
least_connections,3,34,11,15.415,24.788,0.9789,0.9789,69,0,0,69,43,61,49,0.011492,0.008488,0.026265,1,1,1,2259.1
least_connections,3,35,1,15.794,24.824,0.9767,0.9767,70,0,0,70,43,62,49,0.011891,0.009231,0.026261,1,1,1,2259.1
least_connections,3,36,11,15.794,24.824,0.9803,0.9803,70,0,0,70,46,65,54,0.011891,0.009231,0.026261,1,1,1,2259.1
least_connections,3,37,1,15.384,24.691,0.9784,0.9784,68,0,0,68,46,66,54,0.011575,0.00843,0.026148,1,1,1,2259.1
least_connections,3,38,1,15.502,24.828,0.9805,0.9805,69,0,0,69,47,66,54,0.01154,0.008661,0.026304,1,1,1,2259.1
least_connections,3,39,1,15.569,25.071,0.9825,0.9825,70,0,0,70,48,66,54,0.011728,0.008425,0.026554,1,1,1,2259.1
least_connections,3,40,1,15.531,24.753,0.9806,0.9806,66,0,0,66,48,67,54,0.011947,0.00847,0.026176,1,1,1,2259.1
least_connections,3,41,11,15.904,24.738,0.9776,0.9776,66,0,0,66,48,70,62,0.011792,0.009743,0.026176,1,1,1,2259.1
least_connections,3,42,11,15.89,24.701,0.9767,0.9767,68,0,0,68,51,75,65,0.011792,0.009743,0.026135,1,1,1,2259.1
least_connections,3,43,11,15.524,24.769,0.9659,0.9659,70,0,0,70,52,83,67,0.011933,0.008445,0.026195,1,1,1,2259.1
least_connections,3,44,11,15.411,24.758,0.9669,0.9669,72,0,0,72,54,86,73,0.011531,0.008475,0.026228,1,1,1,2259.1
least_connections,3,45,1,15.472,24.94,0.9692,0.9692,71,0,0,71,55,86,73,0.011544,0.008444,0.026428,1,1,1,2259.1
least_connections,3,46,1,15.624,24.599,0.9677,0.9677,72,0,0,72,55,87,73,0.011608,0.009222,0.026043,1,1,1,2259.1
least_connections,3,47,1,15.594,24.59,0.9699,0.9699,72,0,0,72,56,87,73,0.011517,0.009222,0.026043,1,1,1,2259.1
least_connections,3,48,1,15.526,25.032,0.9684,0.9684,73,0,0,73,56,88,73,0.011517,0.008528,0.026534,1,1,1,2259.1
least_connections,3,49,1,15.571,25.01,0.9668,0.9668,70,0,0,70,56,89,73,0.011773,0.00846,0.026481,1,1,1,2259.1
least_connections,3,50,1,15.364,24.556,0.969,0.969,71,0,0,71,57,89,73,0.011627,0.008473,0.025993,1,1,1,2259.1
least_connections,3,51,11,15.251,24.4,0.9781,0.9781,72,0,0,72,62,90,78,0.011461,0.008453,0.025838,1,1,1,2259.1
least_connections,3,52,11,15.292,24.324,0.9823,0.9823,69,0,0,69,66,92,83,0.011732,0.008422,0.025723,1,1,1,2259.1
least_connections,3,53,1,15.292,24.324,0.9813,0.9813,69,0,0,69,66,93,83,0.011732,0.008422,0.025723,1,1,1,2259.1
least_connections,3,54,1,15.472,24.772,0.9828,0.9828,70,0,0,70,67,93,83,0.011799,0.008405,0.026213,1,1,1,2259.1
least_connections,3,55,0,15.425,24.622,0.9828,0.9828,71,0,0,71,67,93,83,0.011579,0.008625,0.026071,1,1,1,2259.1
least_connections,3,56,1,15.607,24.698,0.9818,0.9818,72,0,0,72,67,94,83,0.012021,0.008694,0.026106,1,1,1,2259.1
least_connections,3,57,11,15.382,24.669,0.9829,0.9829,71,0,0,71,70,97,88,0.0115,0.008515,0.026132,1,1,1,2259.1
least_connections,3,58,1,15.383,24.674,0.9843,0.9843,71,0,0,71,71,97,88,0.011556,0.008462,0.026132,1,1,1,2259.1
least_connections,3,59,11,15.606,25.276,0.9919,0.9919,72,0,0,72,78,97,92,0.011556,0.008462,0.0268,1,1,1,2259.1
least_connections,3,60,1,15.606,25.273,0.9913,0.9913,74,0,0,74,78,98,92,0.011549,0.008471,0.026798,1,1,1,2259.1
least_connections,3,61,1,15.142,24.101,0.9906,0.9906,70,0,0,70,78,99,92,0.011522,0.008404,0.025499,1,1,1,2259.1
least_connections,3,62,11,15.4,24.8,0.9883,0.9883,72,0,0,72,79,100,101,0.011521,0.008403,0.026275,1,1,1,2259.1
least_connections,3,63,1,15.46,24.921,0.9879,0.9879,73,0,0,73,79,101,101,0.011607,0.008374,0.0264,1,1,1,2259.1
least_connections,3,64,1,15.564,24.952,0.9874,0.9874,73,0,0,73,79,102,101,0.011919,0.008374,0.0264,1,1,1,2259.1
least_connections,3,65,11,15.602,25.033,0.9917,0.9917,74,0,0,74,85,104,104,0.011919,0.008397,0.02649,1,1,1,2259.1
least_connections,3,66,1,15.649,24.656,0.9926,0.9926,72,0,0,72,86,104,104,0.011522,0.009309,0.026115,1,1,1,2259.1
least_connections,3,67,1,15.411,24.645,0.9934,0.9934,73,0,0,73,87,104,104,0.011769,0.008388,0.026076,1,1,1,2259.1
least_connections,3,68,1,15.343,24.581,0.993,0.993,74,0,0,74,87,105,104,0.011569,0.008434,0.026027,1,1,1,2259.1
least_connections,3,69,1,15.255,24.466,0.9938,0.9938,70,0,0,70,88,105,104,0.011487,0.00837,0.025908,1,1,1,2259.1
least_connections,3,70,1,15.255,24.466,0.9946,0.9946,70,0,0,70,89,105,104,0.011487,0.00837,0.025908,1,1,1,2259.1
least_connections,3,71,1,15.43,24.88,0.9953,0.9953,71,0,0,71,90,105,104,0.011527,0.0084,0.026364,1,1,1,2259.1
least_connections,3,72,1,15.319,24.554,0.995,0.995,72,0,0,72,90,106,104,0.011516,0.008437,0.026003,1,1,1,2259.1
least_connections,3,73,1,15.268,24.348,0.9956,0.9956,68,0,0,68,91,106,104,0.011525,0.008506,0.025773,1,1,1,2259.1
least_connections,3,74,1,15.396,24.725,0.9962,0.9962,69,0,0,69,92,106,104,0.011577,0.008424,0.026186,1,1,1,2259.1
least_connections,3,75,1,15.392,24.722,0.9968,0.9968,69,0,0,69,93,106,104,0.011547,0.008444,0.026186,1,1,1,2259.1
least_connections,3,76,1,15.39,24.717,0.9973,0.9973,70,0,0,70,94,106,104,0.011547,0.008444,0.02618,1,1,1,2259.1
least_connections,3,77,1,15.569,25.011,0.997,0.997,71,0,0,71,94,107,104,0.011532,0.008665,0.026509,1,1,1,2259.1
least_connections,3,78,1,15.732,24.841,0.9967,0.9967,69,0,0,69,94,108,104,0.011483,0.009389,0.026325,1,1,1,2259.1
least_connections,3,79,1,15.459,24.887,0.9972,0.9972,70,0,0,70,95,108,104,0.011508,0.008496,0.026374,1,1,1,2259.1
least_connections,3,80,1,15.519,25.119,0.9968,0.9968,71,0,0,71,95,109,104,0.011513,0.008413,0.026631,1,1,1,2259.1
least_connections,3,81,1,15.516,25.118,0.9964,0.9964,71,0,0,71,95,110,104,0.011505,0.008413,0.026631,1,1,1,2259.1
least_connections,3,82,1,15.387,24.662,0.996,0.996,67,0,0,67,95,111,104,0.011505,0.008532,0.026124,1,1,1,2259.1
least_connections,3,83,1,15.522,24.998,0.9955,0.9955,68,0,0,68,95,112,104,0.011558,0.008517,0.026491,1,1,1,2259.1
least_connections,3,84,1,15.396,24.53,0.9961,0.9961,69,0,0,69,96,112,104,0.011862,0.008388,0.025938,1,1,1,2259.1
least_connections,3,85,11,15.44,24.956,0.9972,0.9972,66,0,0,66,101,115,107,0.011485,0.008383,0.026453,1,1,1,2259.1
least_connections,3,86,1,15.305,24.518,0.9968,0.9968,68,0,0,68,101,116,107,0.011574,0.008384,0.025956,1,1,1,2259.1
least_connections,3,87,1,15.305,24.518,0.9963,0.9963,68,0,0,68,101,117,107,0.011574,0.008384,0.025956,1,1,1,2259.1
least_connections,3,88,1,15.328,24.609,0.9964,0.9964,69,0,0,69,101,117,108,0.011528,0.008395,0.026062,1,1,1,2259.1
least_connections,3,89,10,15.649,25.341,0.997,0.997,71,0,0,71,104,119,113,0.011689,0.008401,0.026858,1,1,1,2259.1
least_connections,3,90,1,15.397,24.577,0.9966,0.9966,66,0,0,66,104,120,113,0.011738,0.008449,0.026004,1,1,1,2259.1
least_connections,3,91,1,15.345,24.691,0.9962,0.9962,67,0,0,67,104,121,113,0.011475,0.008401,0.02616,1,1,1,2259.1
least_connections,3,92,11,16.194,26.288,0.9967,0.9967,69,0,0,69,107,122,120,0.012327,0.008416,0.027839,1,1,1,2259.1
least_connections,3,93,1,16.194,26.288,0.9972,0.9972,69,0,0,69,108,122,120,0.012327,0.008416,0.027839,1,1,1,2259.1
least_connections,3,94,1,15.331,24.623,0.9976,0.9976,65,0,0,65,109,122,120,0.011465,0.008442,0.026085,1,1,1,2259.1
least_connections,3,95,11,15.334,24.57,0.9979,0.9979,67,0,0,67,113,126,123,0.011534,0.008448,0.026019,1,1,1,2259.1
least_connections,3,96,1,15.531,25.081,0.9982,0.9982,68,0,0,68,114,126,123,0.011607,0.008408,0.026578,1,1,1,2259.1
least_connections,3,97,1,15.25,24.351,0.998,0.998,69,0,0,69,114,127,123,0.011528,0.008445,0.025776,1,1,1,2259.1
least_connections,3,98,1,15.246,24.353,0.9977,0.9977,69,0,0,69,114,128,123,0.011544,0.008418,0.025776,1,1,1,2259.1
least_connections,3,99,1,15.198,24.223,0.9981,0.9981,65,0,0,65,115,128,123,0.011544,0.008418,0.025632,1,1,1,2259.1
least_connections,3,100,1,15.395,24.793,0.9978,0.9978,66,0,0,66,115,129,123,0.01146,0.00845,0.026275,1,1,1,2259.1
least_connections,3,101,11,15.335,24.652,0.9979,0.9979,68,0,0,68,119,133,126,0.011615,0.008288,0.026101,1,1,1,2259.1
least_connections,3,102,1,15.57,24.979,0.9982,0.9982,65,0,0,65,120,133,126,0.011676,0.008578,0.026457,1,1,1,2259.1
least_connections,3,103,11,15.548,25.135,0.9983,0.9983,67,0,0,67,123,136,131,0.011549,0.008451,0.026645,1,1,1,2259.1
least_connections,3,104,11,15.531,25.13,0.9974,0.9974,67,0,0,67,124,139,138,0.011498,0.008451,0.026645,1,1,1,2259.1
least_connections,3,105,1,15.445,24.928,0.9972,0.9972,69,0,0,69,124,140,138,0.011498,0.008416,0.02642,1,1,1,2259.1
least_connections,3,106,1,16.041,25.743,0.997,0.997,63,0,0,63,124,141,138,0.012497,0.008411,0.027215,1,1,1,2259.1
least_connections,3,107,1,15.349,24.625,0.9973,0.9973,64,0,0,64,125,141,138,0.01159,0.008384,0.026073,1,1,1,2259.1
least_connections,3,108,1,15.213,24.412,0.9971,0.9971,65,0,0,65,125,142,138,0.011488,0.008304,0.025848,1,1,1,2259.1
least_connections,3,109,11,15.338,24.593,0.9957,0.9957,67,0,0,67,126,147,143,0.011559,0.008415,0.026041,1,1,1,2259.1
least_connections,3,110,1,15.338,24.593,0.9954,0.9954,67,0,0,67,126,148,143,0.011559,0.008415,0.026041,1,1,1,2259.1
least_connections,3,111,1,15.574,25.278,0.9951,0.9951,65,0,0,65,126,149,143,0.011542,0.008375,0.026804,1,1,1,2259.1
least_connections,3,112,1,15.472,24.958,0.9956,0.9956,66,0,0,66,127,149,143,0.011573,0.008397,0.026445,1,1,1,2259.1
least_connections,3,113,1,15.432,24.751,0.9953,0.9953,67,0,0,67,127,150,143,0.011699,0.008397,0.026201,1,1,1,2259.1
least_connections,3,114,11,15.698,25.56,0.9953,0.9953,62,0,0,62,130,153,148,0.011595,0.008388,0.027112,1,1,1,2259.1
least_connections,3,115,1,15.689,25.556,0.9957,0.9957,62,0,0,62,131,153,148,0.011553,0.008402,0.027112,1,1,1,2259.1
least_connections,3,116,1,15.304,24.516,0.9955,0.9955,64,0,0,64,131,154,148,0.011553,0.008402,0.025956,1,1,1,2259.1
least_connections,3,117,11,15.509,24.797,0.9943,0.9943,65,0,0,65,133,160,151,0.011882,0.008413,0.026232,1,1,1,2259.1
least_connections,3,118,1,15.394,24.822,0.9939,0.9939,63,0,0,63,133,161,151,0.011475,0.008403,0.026305,1,1,1,2259.1
least_connections,3,119,1,15.549,24.875,0.9936,0.9936,64,0,0,64,133,162,151,0.011909,0.008421,0.026316,1,1,1,2259.1
least_connections,4,0,0,15.626,25.233,1.0,1.0,0,0,0,0,0,0,0,0.011729,0.008415,0.026734,1,1,1,2285.8
least_connections,4,1,11,16.124,25.336,0.8963,0.8963,61,0,0,61,2,5,4,0.012645,0.00898,0.026746,1,1,1,2285.8
least_connections,4,2,1,16.124,25.336,0.8571,0.8571,61,0,0,61,2,6,4,0.012645,0.00898,0.026746,1,1,1,2285.8
least_connections,4,3,11,15.23,24.338,0.933,0.933,63,0,0,63,5,10,8,0.011488,0.008436,0.025766,1,1,1,2285.8
least_connections,4,4,1,15.441,24.89,0.9143,0.9143,64,0,0,64,5,11,8,0.011529,0.00842,0.026374,1,1,1,2285.8
least_connections,4,5,1,15.491,24.544,0.9427,0.9427,65,0,0,65,6,11,8,0.011589,0.008901,0.025983,1,1,1,2285.8
least_connections,4,6,1,15.317,24.601,0.963,0.963,63,0,0,63,7,11,8,0.01146,0.00843,0.026061,1,1,1,2285.8
least_connections,4,7,1,15.335,24.613,0.9455,0.9455,63,0,0,63,7,12,8,0.011578,0.008366,0.026061,1,1,1,2285.8
least_connections,4,8,1,15.354,24.664,0.9267,0.9267,64,0,0,64,7,13,8,0.011578,0.008366,0.026118,1,1,1,2285.8
least_connections,4,9,1,15.433,24.864,0.9072,0.9072,65,0,0,65,7,14,8,0.011523,0.008429,0.026346,1,1,1,2285.8
least_connections,4,10,1,15.482,24.694,0.8876,0.8876,63,0,0,63,7,15,8,0.011435,0.008844,0.026167,1,1,1,2285.8
least_connections,4,11,1,15.72,25.429,0.8681,0.8681,64,0,0,64,7,16,8,0.011775,0.008439,0.026946,1,1,1,2285.8
least_connections,4,12,11,15.326,24.641,0.9159,0.9159,66,0,0,66,11,20,11,0.011498,0.008379,0.026101,1,1,1,2285.8
least_connections,4,13,1,15.372,24.654,0.9024,0.9024,66,0,0,66,11,21,11,0.011635,0.008379,0.026101,1,1,1,2285.8
least_connections,4,14,11,15.327,24.527,0.9759,0.9759,63,0,0,63,16,22,16,0.011635,0.008387,0.02596,1,1,1,2285.8
least_connections,4,15,11,15.45,24.925,0.9981,0.9981,65,0,0,65,21,23,21,0.011478,0.008453,0.026419,1,1,1,2285.8
least_connections,4,16,1,15.414,24.677,0.9986,0.9986,67,0,0,67,22,23,21,0.011671,0.008449,0.026122,1,1,1,2285.8
least_connections,4,17,1,15.545,24.858,0.9982,0.9982,68,0,0,68,23,23,21,0.011579,0.008724,0.026333,1,1,1,2285.8
least_connections,4,18,1,15.795,25.442,0.997,0.997,66,0,0,66,23,24,21,0.011627,0.00878,0.026977,1,1,1,2285.8
least_connections,4,19,1,15.795,25.442,0.9962,0.9962,66,0,0,66,24,24,21,0.011627,0.00878,0.026977,1,1,1,2285.8
least_connections,4,20,11,15.377,24.704,0.9978,0.9978,67,0,0,67,25,27,28,0.011508,0.008454,0.02617,1,1,1,2285.8
least_connections,4,21,1,15.502,24.83,0.9991,0.9991,69,0,0,69,26,27,28,0.011557,0.008643,0.026305,1,1,1,2285.8
least_connections,4,22,11,15.682,25.539,0.9962,0.9962,65,0,0,65,28,32,32,0.011529,0.008421,0.027096,1,1,1,2285.8
least_connections,4,23,1,15.888,25.397,0.9979,0.9979,67,0,0,67,29,32,32,0.011855,0.008907,0.026902,1,1,1,2285.8
least_connections,4,24,11,15.609,25.359,0.9943,0.9943,67,0,0,67,31,37,36,0.011475,0.008451,0.026902,1,1,1,2285.8
least_connections,4,25,1,15.316,24.567,0.9962,0.9962,69,0,0,69,32,37,36,0.011475,0.008451,0.026022,1,1,1,2285.8
least_connections,4,26,1,15.48,24.856,0.9977,0.9977,66,0,0,66,33,37,36,0.011748,0.008379,0.026312,1,1,1,2285.8
least_connections,4,27,1,15.398,24.771,0.9967,0.9967,67,0,0,67,33,38,36,0.011546,0.008408,0.026241,1,1,1,2285.8
least_connections,4,28,1,15.452,24.628,0.9979,0.9979,68,0,0,68,34,38,36,0.011601,0.00868,0.026075,1,1,1,2285.8
least_connections,4,29,0,15.349,24.574,0.9979,0.9979,69,0,0,69,34,38,36,0.011626,0.008409,0.026013,1,1,1,2285.8
least_connections,4,30,11,15.414,24.569,0.9999,0.9999,69,0,0,69,39,40,40,0.01157,0.008658,0.026013,1,1,1,2285.8
least_connections,4,31,1,15.422,24.591,0.9996,0.9996,67,0,0,67,39,41,40,0.01157,0.008658,0.026038,1,1,1,2285.8
least_connections,4,32,1,15.413,24.495,0.9999,0.9999,68,0,0,68,40,41,40,0.011966,0.008385,0.025887,1,1,1,2285.8
least_connections,4,33,1,15.419,24.799,0.9999,0.9999,69,0,0,69,41,41,40,0.011522,0.008462,0.026274,1,1,1,2285.8
least_connections,4,34,1,15.279,24.476,0.9996,0.9996,65,0,0,65,41,42,40,0.011525,0.008398,0.025915,1,1,1,2285.8
least_connections,4,35,11,15.424,24.853,0.9986,0.9986,67,0,0,67,44,43,47,0.011584,0.00836,0.026327,1,1,1,2285.8
least_connections,4,36,1,15.393,24.844,0.999,0.999,67,0,0,67,44,44,47,0.011493,0.00836,0.026327,1,1,1,2285.8
least_connections,4,37,11,15.33,24.58,0.9954,0.9954,68,0,0,68,48,45,53,0.011493,0.008462,0.026034,1,1,1,2285.8
least_connections,4,38,1,15.777,25.331,0.9956,0.9956,70,0,0,70,49,45,53,0.011887,0.008619,0.026825,1,1,1,2285.8
least_connections,4,39,1,15.347,24.608,0.9966,0.9966,67,0,0,67,49,46,53,0.01159,0.008398,0.026054,1,1,1,2285.8
least_connections,4,40,11,15.67,25.21,0.9979,0.9979,69,0,0,69,53,50,56,0.011697,0.0086,0.026712,1,1,1,2285.8
least_connections,4,41,1,15.649,25.513,0.9978,0.9978,70,0,0,70,54,50,56,0.01152,0.008358,0.027068,1,1,1,2285.8
least_connections,4,42,11,15.649,25.513,0.9998,0.9998,70,0,0,70,58,56,57,0.01152,0.008358,0.027068,1,1,1,2285.8
least_connections,4,43,1,15.666,25.464,0.9999,0.9999,67,0,0,67,58,57,57,0.011566,0.008423,0.027008,1,1,1,2285.8
least_connections,4,44,1,15.404,24.58,0.9997,0.9997,68,0,0,68,59,57,57,0.011743,0.008462,0.026006,1,1,1,2285.8
least_connections,4,45,1,15.349,24.596,0.9994,0.9994,69,0,0,69,60,57,57,0.011551,0.008452,0.026045,1,1,1,2285.8
least_connections,4,46,1,15.489,24.67,0.999,0.999,65,0,0,65,61,57,57,0.012027,0.008364,0.026075,1,1,1,2285.8
least_connections,4,47,11,15.501,24.676,0.9988,0.9988,65,0,0,65,64,59,63,0.012089,0.00834,0.026075,1,1,1,2285.8
least_connections,4,48,11,15.675,25.145,0.9973,0.9973,67,0,0,67,67,61,69,0.012089,0.00834,0.026596,1,1,1,2285.8
least_connections,4,49,11,15.34,24.499,0.9971,0.9971,69,0,0,69,72,64,72,0.011666,0.008428,0.025925,1,1,1,2285.8
least_connections,4,50,1,15.937,25.293,0.9978,0.9978,71,0,0,71,72,65,72,0.012527,0.008572,0.026711,1,1,1,2285.8
least_connections,4,51,11,15.887,25.451,0.996,0.996,68,0,0,68,75,67,78,0.012398,0.008363,0.026901,1,1,1,2285.8
least_connections,4,52,11,15.311,24.385,0.9945,0.9945,70,0,0,70,80,69,82,0.011734,0.008409,0.025791,1,1,1,2285.8
least_connections,4,53,0,15.242,24.364,0.9945,0.9945,70,0,0,70,80,69,82,0.011525,0.008409,0.025791,1,1,1,2285.8
least_connections,4,54,11,15.366,24.771,0.9955,0.9955,73,0,0,73,84,73,85,0.011525,0.00833,0.026243,1,1,1,2285.8
least_connections,4,55,11,16.065,24.842,0.9961,0.9961,70,0,0,70,87,77,89,0.013697,0.008418,0.02608,1,1,1,2285.8
least_connections,4,56,1,15.398,24.697,0.9959,0.9959,71,0,0,71,88,77,89,0.011695,0.008358,0.026142,1,1,1,2285.8
least_connections,4,57,11,15.965,24.909,0.9962,0.9962,73,0,0,73,90,81,94,0.011548,0.009954,0.026394,1,1,1,2285.8
least_connections,4,58,1,15.539,24.943,0.9968,0.9968,71,0,0,71,90,82,94,0.011789,0.008424,0.026405,1,1,1,2285.8
least_connections,4,59,1,15.539,24.943,0.9974,0.9974,71,0,0,71,90,83,94,0.011789,0.008424,0.026405,1,1,1,2285.8
least_connections,4,60,1,15.434,24.843,0.9973,0.9973,72,0,0,72,91,83,94,0.011571,0.008414,0.026318,1,1,1,2285.8
least_connections,4,61,1,16.087,25.73,0.9978,0.9978,73,0,0,73,91,84,94,0.012596,0.008477,0.027189,1,1,1,2285.8
least_connections,4,62,1,15.438,24.802,0.9983,0.9983,74,0,0,74,91,85,94,0.01172,0.008339,0.026256,1,1,1,2285.8
least_connections,4,63,1,15.402,24.803,0.9987,0.9987,71,0,0,71,91,86,94,0.011498,0.008426,0.026281,1,1,1,2285.8
least_connections,4,64,1,15.428,24.809,0.999,0.999,71,0,0,71,91,87,94,0.011557,0.008446,0.026281,1,1,1,2285.8
least_connections,4,65,1,15.444,24.851,0.999,0.999,72,0,0,72,92,87,94,0.011557,0.008446,0.026328,1,1,1,2285.8
least_connections,4,66,11,15.501,25.126,0.9996,0.9996,73,0,0,73,96,92,96,0.011516,0.008349,0.026638,1,1,1,2285.8
least_connections,4,67,1,15.388,24.738,0.9998,0.9998,70,0,0,70,96,93,96,0.011494,0.008459,0.02621,1,1,1,2285.8
least_connections,4,68,11,15.451,24.927,0.9985,0.9985,72,0,0,72,96,96,104,0.011575,0.008367,0.026411,1,1,1,2285.8
least_connections,4,69,11,15.878,25.924,0.9993,0.9993,74,0,0,74,101,100,106,0.011646,0.008478,0.02751,1,1,1,2285.8
least_connections,4,70,1,16.201,26.005,0.9995,0.9995,74,0,0,74,101,101,106,0.012462,0.00863,0.02751,1,1,1,2285.8
least_connections,4,71,11,16.189,25.973,0.9996,0.9996,75,0,0,75,106,104,109,0.012462,0.00863,0.027474,1,1,1,2285.8
least_connections,4,72,1,15.448,24.657,0.9996,0.9996,74,0,0,74,107,104,109,0.011716,0.008532,0.026095,1,1,1,2285.8
least_connections,4,73,11,15.239,24.265,0.9973,0.9973,75,0,0,75,109,104,118,0.011525,0.008512,0.025681,1,1,1,2285.8
least_connections,4,74,1,15.643,25.168,0.9976,0.9976,77,0,0,77,109,105,118,0.011888,0.008397,0.026644,1,1,1,2285.8
least_connections,4,75,1,15.287,24.429,0.9977,0.9977,73,0,0,73,110,105,118,0.011664,0.00835,0.025847,1,1,1,2285.8
least_connections,4,76,1,15.26,24.42,0.9977,0.9977,73,0,0,73,111,105,118,0.011582,0.00835,0.025847,1,1,1,2285.8
least_connections,4,77,1,15.521,24.888,0.9981,0.9981,74,0,0,74,111,106,118,0.011582,0.008614,0.026366,1,1,1,2285.8
least_connections,4,78,1,15.393,24.819,0.9984,0.9984,75,0,0,75,111,107,118,0.011539,0.008344,0.026295,1,1,1,2285.8
least_connections,4,79,11,15.592,25.189,0.9971,0.9971,71,0,0,71,114,109,124,0.011657,0.008427,0.026693,1,1,1,2285.8
least_connections,4,80,0,15.726,25.483,0.9971,0.9971,73,0,0,73,114,109,124,0.011751,0.008419,0.027009,1,1,1,2285.8
least_connections,4,81,1,15.87,24.798,0.9972,0.9972,74,0,0,74,115,109,124,0.011543,0.009796,0.026271,1,1,1,2285.8
least_connections,4,82,1,15.87,24.798,0.9975,0.9975,74,0,0,74,115,110,124,0.011543,0.009796,0.026271,1,1,1,2285.8
least_connections,4,83,1,15.285,24.489,0.9978,0.9978,75,0,0,75,115,111,124,0.011524,0.008402,0.02593,1,1,1,2285.8
least_connections,4,84,1,15.556,25.073,0.9981,0.9981,71,0,0,71,115,112,124,0.011603,0.008494,0.02657,1,1,1,2285.8
least_connections,4,85,11,15.339,24.559,0.9981,0.9981,73,0,0,73,121,114,127,0.011567,0.008446,0.026003,1,1,1,2285.8
least_connections,4,86,11,15.214,24.268,0.9972,0.9972,75,0,0,75,125,116,132,0.011535,0.008424,0.025683,1,1,1,2285.8
least_connections,4,87,1,15.506,24.35,0.9972,0.9972,75,0,0,75,126,116,132,0.012354,0.008481,0.025683,1,1,1,2285.8
least_connections,4,88,11,15.647,24.73,0.9971,0.9971,71,0,0,71,128,120,137,0.012354,0.008481,0.026105,1,1,1,2285.8
least_connections,4,89,1,15.408,24.742,0.9974,0.9974,73,0,0,73,128,121,137,0.011605,0.008417,0.026202,1,1,1,2285.8
least_connections,4,90,1,15.736,25.305,0.9974,0.9974,74,0,0,74,129,121,137,0.011952,0.008468,0.026789,1,1,1,2285.8
least_connections,4,91,11,15.624,24.641,0.9979,0.9979,72,0,0,72,133,125,140,0.012415,0.008457,0.026,1,1,1,2285.8
least_connections,4,92,1,15.58,24.958,0.9982,0.9982,73,0,0,73,133,126,140,0.011976,0.008364,0.026401,1,1,1,2285.8
least_connections,4,93,1,15.431,24.914,0.9984,0.9984,73,0,0,73,133,127,140,0.011529,0.008364,0.026401,1,1,1,2285.8
least_connections,4,94,1,15.269,24.438,0.9986,0.9986,74,0,0,74,133,128,140,0.011529,0.008405,0.025872,1,1,1,2285.8
least_connections,4,95,11,15.256,24.446,0.9977,0.9977,75,0,0,75,138,129,145,0.011469,0.008411,0.025888,1,1,1,2285.8
least_connections,4,96,11,15.711,25.597,0.9967,0.9967,73,0,0,73,141,131,151,0.011541,0.008432,0.027159,1,1,1,2285.8
least_connections,4,97,1,15.51,24.972,0.997,0.997,75,0,0,75,141,132,151,0.011628,0.008447,0.026455,1,1,1,2285.8
least_connections,4,98,1,15.529,24.869,0.997,0.997,76,0,0,76,142,132,151,0.011727,0.008532,0.026329,1,1,1,2285.8
least_connections,4,99,1,15.529,24.869,0.997,0.997,76,0,0,76,143,132,151,0.011727,0.008532,0.026329,1,1,1,2285.8
least_connections,4,100,1,15.393,24.75,0.997,0.997,72,0,0,72,144,132,151,0.011539,0.008423,0.026218,1,1,1,2285.8
least_connections,4,101,1,15.511,24.745,0.9973,0.9973,73,0,0,73,144,133,151,0.011731,0.00861,0.026191,1,1,1,2285.8
least_connections,4,102,1,15.39,24.533,0.9976,0.9976,74,0,0,74,144,134,151,0.011569,0.008627,0.025973,1,1,1,2285.8
least_connections,4,103,1,15.461,24.887,0.9976,0.9976,75,0,0,75,145,134,151,0.011594,0.008426,0.026364,1,1,1,2285.8
least_connections,4,104,1,15.46,24.889,0.9975,0.9975,75,0,0,75,146,134,151,0.011616,0.008401,0.026364,1,1,1,2285.8
least_connections,4,105,1,15.338,24.56,0.9975,0.9975,71,0,0,71,147,134,151,0.011616,0.008401,0.025998,1,1,1,2285.8
least_connections,4,106,11,15.534,25.168,0.9977,0.9977,72,0,0,72,150,138,155,0.011518,0.0084,0.026685,1,1,1,2285.8
least_connections,4,107,1,15.582,25.018,0.9976,0.9976,74,0,0,74,151,138,155,0.011811,0.008448,0.026486,1,1,1,2285.8
least_connections,4,108,7,15.435,24.87,0.9978,0.9978,71,0,0,71,152,141,158,0.011497,0.008453,0.026356,1,1,1,2285.8
least_connections,4,109,4,15.284,24.335,0.9984,0.9984,73,0,0,73,152,144,159,0.011698,0.008414,0.025739,1,1,1,2285.8
least_connections,4,110,11,15.584,24.384,0.9975,0.9975,73,0,0,73,157,145,164,0.012194,0.008819,0.025739,1,1,1,2285.8
least_connections,4,111,1,15.901,25.239,0.9977,0.9977,75,0,0,75,157,146,164,0.012194,0.008819,0.026689,1,1,1,2285.8
least_connections,4,112,1,15.451,24.653,0.9977,0.9977,69,0,0,69,158,146,164,0.011578,0.00867,0.026106,1,1,1,2285.8
least_connections,4,113,1,15.725,25.465,0.998,0.998,70,0,0,70,158,147,164,0.011745,0.008442,0.026989,1,1,1,2285.8
least_connections,4,114,11,15.501,25.029,0.9968,0.9968,72,0,0,72,162,148,170,0.011564,0.008413,0.026525,1,1,1,2285.8
least_connections,4,115,11,15.499,25.022,0.9955,0.9955,74,0,0,74,164,150,177,0.011608,0.008376,0.026512,1,1,1,2285.8
least_connections,4,116,1,15.511,25.025,0.9955,0.9955,74,0,0,74,165,150,177,0.011644,0.008376,0.026512,1,1,1,2285.8
least_connections,4,117,1,15.684,25.43,0.9955,0.9955,69,0,0,69,166,150,177,0.011644,0.008445,0.026962,1,1,1,2285.8
least_connections,4,118,1,15.719,25.358,0.9954,0.9954,70,0,0,70,167,150,177,0.011854,0.008445,0.026859,1,1,1,2285.8
least_connections,4,119,1,15.564,24.869,0.9958,0.9958,71,0,0,71,167,151,177,0.011881,0.008499,0.026312,1,1,1,2285.8
least_connections,5,0,0,15.446,24.848,1.0,1.0,0,0,0,0,0,0,0,0.011488,0.008518,0.026333,1,1,1,2079.9
least_connections,5,1,1,15.355,24.744,0.3333,0.3333,69,0,0,69,0,1,0,0.011454,0.008391,0.026221,1,1,1,2079.9
least_connections,5,2,1,15.324,24.555,0.6667,0.6667,70,0,0,70,1,1,0,0.011554,0.008419,0.025999,1,1,1,2079.9
least_connections,5,3,1,15.364,24.561,0.6,0.6,67,0,0,67,1,2,0,0.011623,0.008471,0.025999,1,1,1,2079.9
least_connections,5,4,1,15.341,24.554,0.6667,0.6667,67,0,0,67,2,2,0,0.011553,0.008471,0.025999,1,1,1,2079.9
least_connections,5,5,11,15.465,24.838,1.0,1.0,69,0,0,69,5,5,5,0.011553,0.008527,0.026314,1,1,1,2079.9
least_connections,5,6,1,15.526,24.754,0.9922,0.9922,70,0,0,70,5,6,5,0.011598,0.008765,0.026216,1,1,1,2079.9
least_connections,5,7,1,15.666,24.758,0.9931,0.9931,64,0,0,64,6,6,5,0.012485,0.008391,0.026122,1,1,1,2079.9
least_connections,5,8,1,15.382,24.67,0.9818,0.9818,65,0,0,65,6,7,5,0.011547,0.00847,0.026128,1,1,1,2079.9
least_connections,5,9,11,15.423,24.794,0.9376,0.9376,67,0,0,67,9,7,13,0.011611,0.0084,0.026259,1,1,1,2079.9
least_connections,5,10,11,15.423,24.794,0.9558,0.9558,67,0,0,67,13,10,17,0.011611,0.0084,0.026259,1,1,1,2079.9
least_connections,5,11,1,15.993,25.481,0.9578,0.9578,69,0,0,69,14,10,17,0.01166,0.009301,0.027017,1,1,1,2079.9
least_connections,5,12,1,15.28,24.445,0.9577,0.9577,66,0,0,66,15,10,17,0.011522,0.008438,0.025881,1,1,1,2079.9
least_connections,5,13,1,15.409,24.777,0.9706,0.9706,67,0,0,67,15,11,17,0.011542,0.008438,0.026248,1,1,1,2079.9
least_connections,5,14,1,15.55,24.834,0.969,0.969,68,0,0,68,16,11,17,0.011654,0.008699,0.026298,1,1,1,2079.9
least_connections,5,15,1,15.562,24.846,0.9797,0.9797,68,0,0,68,16,12,17,0.011777,0.008612,0.026298,1,1,1,2079.9
least_connections,5,16,1,15.526,24.748,0.9879,0.9879,65,0,0,65,16,13,17,0.011777,0.008612,0.026189,1,1,1,2079.9
least_connections,5,17,1,15.508,24.792,0.9937,0.9937,66,0,0,66,16,14,17,0.011555,0.008707,0.026263,1,1,1,2079.9
least_connections,5,18,11,15.388,24.789,0.9423,0.9423,67,0,0,67,17,15,26,0.011526,0.008375,0.026263,1,1,1,2079.9
least_connections,5,19,11,15.301,24.488,0.9486,0.9486,66,0,0,66,17,22,30,0.011528,0.008447,0.025928,1,1,1,2079.9
least_connections,5,20,1,15.245,24.407,0.9507,0.9507,67,0,0,67,17,23,30,0.011486,0.008405,0.025843,1,1,1,2079.9
least_connections,5,21,11,15.256,24.411,0.9759,0.9759,67,0,0,67,24,24,33,0.011521,0.008405,0.025843,1,1,1,2079.9
least_connections,5,22,1,15.46,24.901,0.9787,0.9787,69,0,0,69,24,25,33,0.011521,0.008471,0.026388,1,1,1,2079.9
least_connections,5,23,11,15.399,24.771,0.9816,0.9816,70,0,0,70,28,28,37,0.01151,0.008444,0.026244,1,1,1,2079.9
least_connections,5,24,1,15.388,24.737,0.9837,0.9837,66,0,0,66,29,28,37,0.011557,0.008406,0.026201,1,1,1,2079.9
least_connections,5,25,1,15.845,25.022,0.986,0.986,67,0,0,67,29,29,37,0.012533,0.008591,0.02641,1,1,1,2079.9
least_connections,5,26,11,15.426,24.681,0.9872,0.9872,69,0,0,69,32,33,41,0.011705,0.008449,0.026123,1,1,1,2079.9
least_connections,5,27,11,15.426,24.681,0.9909,0.9909,69,0,0,69,35,38,44,0.011705,0.008449,0.026123,1,1,1,2079.9
least_connections,5,28,1,15.311,24.422,0.9913,0.9913,66,0,0,66,35,39,44,0.011532,0.008548,0.025854,1,1,1,2079.9
least_connections,5,29,0,15.523,25.06,0.9913,0.9913,67,0,0,67,35,39,44,0.011577,0.008435,0.026558,1,1,1,2079.9
least_connections,5,30,11,15.453,24.916,0.9764,0.9764,69,0,0,69,36,41,52,0.01152,0.008435,0.026404,1,1,1,2079.9
least_connections,5,31,11,15.517,25.023,0.9757,0.9757,66,0,0,66,38,46,56,0.011571,0.008461,0.026518,1,1,1,2079.9
least_connections,5,32,1,15.564,25.04,0.9761,0.9761,66,0,0,66,38,47,56,0.011742,0.008431,0.026518,1,1,1,2079.9
least_connections,5,33,11,15.435,24.692,0.9744,0.9744,67,0,0,67,40,52,60,0.011742,0.008431,0.026131,1,1,1,2079.9
least_connections,5,34,11,15.416,24.722,0.9835,0.9835,69,0,0,69,45,56,62,0.01158,0.008485,0.026182,1,1,1,2079.9
least_connections,5,35,1,15.548,25.244,0.9856,0.9856,71,0,0,71,46,56,62,0.011571,0.008309,0.026763,1,1,1,2079.9
least_connections,5,36,1,15.478,24.926,0.9876,0.9876,69,0,0,69,47,56,62,0.011624,0.008405,0.026404,1,1,1,2079.9
least_connections,5,37,11,15.953,25.882,0.9928,0.9928,71,0,0,71,52,60,64,0.011752,0.008655,0.027452,1,1,1,2079.9
least_connections,5,38,1,15.858,25.878,0.9926,0.9926,71,0,0,71,52,61,64,0.011717,0.008406,0.027452,1,1,1,2079.9
least_connections,5,39,1,15.574,25.111,0.9922,0.9922,72,0,0,72,52,62,64,0.011717,0.008406,0.026599,1,1,1,2079.9
least_connections,5,40,11,15.352,24.573,0.9948,0.9948,69,0,0,69,57,64,68,0.011504,0.008526,0.026025,1,1,1,2079.9
least_connections,5,41,11,15.38,24.662,0.9986,0.9986,71,0,0,71,64,66,70,0.011581,0.008444,0.026115,1,1,1,2079.9
least_connections,5,42,1,15.628,24.616,0.999,0.999,73,0,0,73,65,66,70,0.012408,0.008504,0.025972,1,1,1,2079.9
least_connections,5,43,1,15.739,24.752,0.9991,0.9991,74,0,0,74,65,67,70,0.011711,0.009304,0.026201,1,1,1,2079.9
least_connections,5,44,1,15.67,24.731,0.9991,0.9991,74,0,0,74,65,68,70,0.011505,0.009304,0.026201,1,1,1,2079.9
least_connections,5,45,11,15.617,25.361,0.9971,0.9971,70,0,0,70,66,73,75,0.011505,0.008445,0.026901,1,1,1,2079.9
least_connections,5,46,1,15.898,25.203,0.9978,0.9978,72,0,0,72,67,73,75,0.012313,0.008747,0.026635,1,1,1,2079.9
least_connections,5,47,11,15.342,24.637,0.9995,0.9995,73,0,0,73,73,76,77,0.011567,0.008371,0.026089,1,1,1,2079.9
least_connections,5,48,1,15.613,25.082,0.9994,0.9994,71,0,0,71,73,77,77,0.011917,0.008378,0.026545,1,1,1,2079.9
least_connections,5,49,11,15.458,25.012,0.9994,0.9994,73,0,0,73,78,78,82,0.011539,0.008326,0.026509,1,1,1,2079.9
least_connections,5,50,1,15.458,25.012,0.9995,0.9995,73,0,0,73,78,79,82,0.011539,0.008326,0.026509,1,1,1,2079.9
least_connections,5,51,11,15.57,24.798,0.9998,0.9998,74,0,0,74,83,82,85,0.011737,0.008725,0.026249,1,1,1,2079.9
least_connections,5,52,1,15.415,24.824,0.9998,0.9998,70,0,0,70,84,82,85,0.011488,0.008452,0.026306,1,1,1,2079.9
least_connections,5,53,0,15.596,24.937,0.9998,0.9998,71,0,0,71,84,82,85,0.01149,0.008867,0.026431,1,1,1,2079.9
least_connections,5,54,11,15.548,24.664,0.9989,0.9989,73,0,0,73,87,84,91,0.011864,0.008693,0.026086,1,1,1,2079.9
least_connections,5,55,1,15.627,24.693,0.9992,0.9992,73,0,0,73,87,85,91,0.012159,0.008635,0.026086,1,1,1,2079.9
least_connections,5,56,11,15.813,25.196,0.9996,0.9996,74,0,0,74,90,90,94,0.012159,0.008635,0.026645,1,1,1,2079.9
least_connections,5,57,1,15.309,24.587,0.9997,0.9997,73,0,0,73,90,91,94,0.011489,0.008397,0.026042,1,1,1,2079.9
least_connections,5,58,11,15.374,24.682,0.9991,0.9991,75,0,0,75,92,95,99,0.011559,0.008422,0.02614,1,1,1,2079.9
least_connections,5,59,1,15.324,24.38,0.9991,0.9991,76,0,0,76,92,96,99,0.011656,0.008523,0.025794,1,1,1,2079.9
least_connections,5,60,1,15.663,25.163,0.9991,0.9991,73,0,0,73,92,97,99,0.012019,0.008346,0.026623,1,1,1,2079.9
least_connections,5,61,1,15.492,25.111,0.9993,0.9993,73,0,0,73,93,97,99,0.011508,0.008346,0.026623,1,1,1,2079.9
least_connections,5,62,11,15.392,24.775,0.9981,0.9981,74,0,0,74,96,98,106,0.011508,0.008418,0.026249,1,1,1,2079.9
least_connections,5,63,11,15.29,24.488,0.9964,0.9964,76,0,0,76,97,102,112,0.011523,0.008419,0.025929,1,1,1,2079.9
least_connections,5,64,11,15.321,24.472,0.9965,0.9965,79,0,0,79,101,105,116,0.011694,0.008378,0.025892,1,1,1,2079.9
least_connections,5,65,11,15.781,25.85,0.9951,0.9951,78,0,0,78,105,106,122,0.01144,0.008452,0.027451,1,1,1,2079.9
least_connections,5,66,1,15.416,24.642,0.9954,0.9954,79,0,0,79,106,106,122,0.011741,0.00843,0.026076,1,1,1,2079.9
least_connections,5,67,1,15.417,24.643,0.9957,0.9957,79,0,0,79,106,107,122,0.011745,0.00843,0.026076,1,1,1,2079.9
least_connections,5,68,1,15.692,24.642,0.996,0.996,80,0,0,80,106,108,122,0.011745,0.009255,0.026075,1,1,1,2079.9
least_connections,5,69,1,15.474,24.922,0.9963,0.9963,77,0,0,77,107,108,122,0.01151,0.0085,0.026412,1,1,1,2079.9
least_connections,5,70,1,15.291,24.5,0.9966,0.9966,78,0,0,78,108,108,122,0.011539,0.008395,0.02594,1,1,1,2079.9
least_connections,5,71,1,15.301,24.637,0.9968,0.9968,79,0,0,79,108,109,122,0.011464,0.008338,0.026101,1,1,1,2079.9
least_connections,5,72,11,15.361,24.649,0.9951,0.9951,79,0,0,79,109,113,128,0.01158,0.008402,0.026101,1,1,1,2079.9
least_connections,5,73,11,15.34,24.592,0.9957,0.9957,75,0,0,75,112,118,131,0.01158,0.008402,0.026038,1,1,1,2079.9
least_connections,5,74,1,15.37,24.715,0.9958,0.9958,77,0,0,77,112,119,131,0.011511,0.008417,0.026182,1,1,1,2079.9
least_connections,5,75,1,15.567,24.735,0.9962,0.9962,78,0,0,78,113,119,131,0.011549,0.008951,0.0262,1,1,1,2079.9
least_connections,5,76,11,15.439,24.787,0.9975,0.9975,79,0,0,79,118,123,133,0.011557,0.008504,0.026257,1,1,1,2079.9
least_connections,5,77,11,15.279,24.486,0.9967,0.9967,78,0,0,78,119,129,137,0.011508,0.008401,0.025928,1,1,1,2079.9
least_connections,5,78,0,15.56,24.57,0.9967,0.9967,78,0,0,78,119,129,137,0.012344,0.008408,0.025928,1,1,1,2079.9
least_connections,5,79,11,15.579,24.62,0.9981,0.9981,81,0,0,81,125,132,139,0.012344,0.008408,0.025984,1,1,1,2079.9
least_connections,5,80,11,15.199,24.213,0.9973,0.9973,83,0,0,83,128,134,145,0.011462,0.008506,0.02563,1,1,1,2079.9
least_connections,5,81,11,15.602,25.09,0.9969,0.9969,80,0,0,80,132,136,150,0.011579,0.008637,0.026591,1,1,1,2079.9
least_connections,5,82,1,15.311,24.444,0.9971,0.9971,81,0,0,81,132,137,150,0.011612,0.008452,0.02587,1,1,1,2079.9
least_connections,5,83,1,15.512,25.004,0.9973,0.9973,82,0,0,82,133,137,150,0.011558,0.008481,0.026498,1,1,1,2079.9
least_connections,5,84,11,15.525,25.008,0.9976,0.9976,82,0,0,82,136,142,153,0.011596,0.008481,0.026498,1,1,1,2079.9
least_connections,5,85,1,15.533,24.93,0.9979,0.9979,78,0,0,78,137,142,153,0.011596,0.008592,0.026412,1,1,1,2079.9
least_connections,5,86,1,15.966,24.928,0.9979,0.9979,79,0,0,79,137,143,153,0.01309,0.008565,0.026243,1,1,1,2079.9
least_connections,5,87,1,16.033,25.464,0.998,0.998,80,0,0,80,137,144,153,0.011711,0.009397,0.026992,1,1,1,2079.9
least_connections,5,88,11,16.058,25.803,0.9965,0.9965,83,0,0,83,139,146,160,0.012438,0.008449,0.027288,1,1,1,2079.9
least_connections,5,89,1,15.152,24.214,0.9966,0.9966,78,0,0,78,139,147,160,0.011421,0.008399,0.025636,1,1,1,2079.9
least_connections,5,90,1,15.152,24.214,0.9967,0.9967,78,0,0,78,139,148,160,0.011421,0.008399,0.025636,1,1,1,2079.9
least_connections,5,91,1,15.604,24.871,0.997,0.997,79,0,0,79,140,148,160,0.012118,0.008406,0.026288,1,1,1,2079.9
least_connections,5,92,1,15.278,24.422,0.9973,0.9973,80,0,0,80,141,148,160,0.011576,0.008409,0.025849,1,1,1,2079.9
least_connections,5,93,1,15.827,25.514,0.9975,0.9975,75,0,0,75,142,148,160,0.011713,0.008721,0.027047,1,1,1,2079.9
least_connections,5,94,11,15.341,24.561,0.9962,0.9962,77,0,0,77,143,152,166,0.011524,0.008489,0.02601,1,1,1,2079.9
least_connections,5,95,1,15.695,24.644,0.9963,0.9963,77,0,0,77,143,153,166,0.012347,0.008727,0.02601,1,1,1,2079.9
least_connections,5,96,1,16.048,25.597,0.9966,0.9966,78,0,0,78,144,153,166,0.012347,0.008727,0.027069,1,1,1,2079.9
least_connections,5,97,11,15.486,24.996,0.9944,0.9944,74,0,0,74,144,157,173,0.011616,0.00836,0.026483,1,1,1,2079.9
least_connections,5,98,1,15.583,24.864,0.9948,0.9948,76,0,0,76,145,157,173,0.012059,0.008403,0.026287,1,1,1,2079.9
least_connections,5,99,1,15.382,24.707,0.9948,0.9948,77,0,0,77,145,158,173,0.011562,0.008416,0.026168,1,1,1,2079.9
least_connections,5,100,1,15.423,24.78,0.9952,0.9952,78,0,0,78,146,158,173,0.011584,0.00844,0.026246,1,1,1,2079.9
least_connections,5,101,1,15.485,24.798,0.9952,0.9952,78,0,0,78,146,159,173,0.011769,0.00844,0.026246,1,1,1,2079.9
least_connections,5,102,1,15.556,24.954,0.9956,0.9956,74,0,0,74,147,159,173,0.011769,0.008479,0.026419,1,1,1,2079.9
least_connections,5,103,11,15.217,24.261,0.996,0.996,75,0,0,75,152,161,177,0.01164,0.008348,0.025663,1,1,1,2079.9
least_connections,5,104,11,15.427,24.746,0.9965,0.9965,77,0,0,77,156,165,180,0.011612,0.008465,0.026205,1,1,1,2079.9
least_connections,5,105,1,16.198,25.622,0.9962,0.9962,74,0,0,74,156,165,181,0.012723,0.008815,0.027055,1,1,1,2079.9
least_connections,5,106,10,15.395,24.785,0.9948,0.9948,76,0,0,76,157,168,187,0.011547,0.008382,0.026256,1,1,1,2079.9
least_connections,5,107,1,15.395,24.785,0.9951,0.9951,76,0,0,76,158,168,187,0.011547,0.008382,0.026256,1,1,1,2079.9
least_connections,5,108,1,15.439,24.767,0.9952,0.9952,77,0,0,77,158,169,187,0.011669,0.008426,0.026222,1,1,1,2079.9
least_connections,5,109,11,15.361,24.703,0.9953,0.9953,79,0,0,79,162,172,191,0.011501,0.008412,0.02617,1,1,1,2079.9
least_connections,5,110,11,15.486,24.905,0.9952,0.9952,76,0,0,76,165,176,195,0.011625,0.008451,0.026381,1,1,1,2079.9
least_connections,5,111,1,15.698,24.411,0.9955,0.9955,77,0,0,77,166,176,195,0.013049,0.008371,0.025673,1,1,1,2079.9
least_connections,5,112,1,15.283,24.257,0.9956,0.9956,77,0,0,77,166,177,195,0.011515,0.00866,0.025673,1,1,1,2079.9
least_connections,5,113,1,15.421,24.631,0.9956,0.9956,78,0,0,78,166,178,195,0.011515,0.00866,0.026088,1,1,1,2079.9
least_connections,5,114,1,15.671,24.959,0.9957,0.9957,74,0,0,74,166,179,195,0.011868,0.008731,0.026414,1,1,1,2079.9
least_connections,5,115,11,15.548,25.09,0.9949,0.9949,76,0,0,76,169,181,201,0.011435,0.008603,0.026607,1,1,1,2079.9
least_connections,5,116,11,15.461,24.953,0.9946,0.9946,78,0,0,78,173,183,206,0.011541,0.008398,0.026443,1,1,1,2079.9
least_connections,5,117,1,15.401,24.675,0.9949,0.9949,73,0,0,73,174,183,206,0.011658,0.008424,0.026121,1,1,1,2079.9
least_connections,5,118,1,15.394,24.673,0.995,0.995,73,0,0,73,174,184,206,0.011638,0.008424,0.026121,1,1,1,2079.9
least_connections,5,119,1,15.398,24.67,0.9951,0.9951,74,0,0,74,174,185,206,0.011638,0.008437,0.026118,1,1,1,2079.9
least_connections,6,0,0,15.472,25.08,1.0,1.0,0,0,0,0,0,0,0,0.011423,0.008396,0.026598,1,1,1,2152.8
least_connections,6,1,11,15.315,24.771,0.9837,0.9837,69,0,0,69,4,4,3,0.011423,0.008267,0.026254,1,1,1,2152.8
least_connections,6,2,1,15.4,24.782,0.96,0.96,70,0,0,70,5,4,3,0.011537,0.00841,0.026254,1,1,1,2152.8
least_connections,6,3,1,15.505,24.745,0.9548,0.9548,71,0,0,71,5,5,3,0.011568,0.008739,0.026209,1,1,1,2152.8
least_connections,6,4,1,15.588,25.18,0.9333,0.9333,69,0,0,69,6,5,3,0.0117,0.008386,0.026678,1,1,1,2152.8
least_connections,6,5,1,15.425,24.63,0.9259,0.9259,70,0,0,70,6,6,3,0.011735,0.008478,0.026063,1,1,1,2152.8
least_connections,6,6,1,15.425,24.63,0.9078,0.9078,70,0,0,70,7,6,3,0.011735,0.008478,0.026063,1,1,1,2152.8
least_connections,6,7,1,15.536,25.126,0.9003,0.9003,71,0,0,71,7,7,3,0.011554,0.008421,0.026634,1,1,1,2152.8
least_connections,6,8,1,15.654,25.495,0.8852,0.8852,72,0,0,72,8,7,3,0.011557,0.008362,0.027044,1,1,1,2152.8
least_connections,6,9,11,15.304,24.582,0.9836,0.9836,69,0,0,69,10,11,8,0.011475,0.008398,0.026038,1,1,1,2152.8
least_connections,6,10,11,15.709,24.879,0.9804,0.9804,71,0,0,71,12,16,12,0.012263,0.008582,0.026281,1,1,1,2152.8
least_connections,6,11,1,15.897,24.948,0.9848,0.9848,71,0,0,71,13,16,12,0.012947,0.008464,0.026281,1,1,1,2152.8
least_connections,6,12,1,15.893,24.936,0.9866,0.9866,72,0,0,72,14,16,12,0.012947,0.008464,0.026268,1,1,1,2152.8
least_connections,6,13,1,15.419,24.846,0.9799,0.9799,67,0,0,67,14,17,12,0.011549,0.008385,0.026324,1,1,1,2152.8
least_connections,6,14,1,15.37,24.603,0.9719,0.9719,68,0,0,68,14,18,12,0.011629,0.008437,0.026045,1,1,1,2152.8
least_connections,6,15,11,15.419,24.926,0.9837,0.9837,70,0,0,70,15,20,20,0.011404,0.008424,0.026428,1,1,1,2152.8
least_connections,6,16,11,15.222,24.292,0.9719,0.9719,66,0,0,66,17,23,26,0.01156,0.008399,0.025707,1,1,1,2152.8
least_connections,6,17,1,15.294,24.314,0.9786,0.9786,66,0,0,66,18,23,26,0.011776,0.008399,0.025707,1,1,1,2152.8
least_connections,6,18,1,15.683,25.389,0.978,0.978,67,0,0,67,18,24,26,0.011776,0.008372,0.026902,1,1,1,2152.8
least_connections,6,19,11,15.528,24.913,0.9845,0.9845,68,0,0,68,24,24,31,0.01163,0.008566,0.026389,1,1,1,2152.8
least_connections,6,20,1,15.531,24.642,0.9867,0.9867,70,0,0,70,25,24,31,0.012116,0.008442,0.026034,1,1,1,2152.8
least_connections,6,21,11,15.304,24.527,0.9969,0.9969,68,0,0,68,31,28,32,0.011572,0.008373,0.025966,1,1,1,2152.8
least_connections,6,22,1,15.599,25.235,0.9962,0.9962,69,0,0,69,32,28,32,0.011616,0.008433,0.026748,1,1,1,2152.8
least_connections,6,23,1,15.599,25.235,0.9979,0.9979,69,0,0,69,32,29,32,0.011616,0.008433,0.026748,1,1,1,2152.8
least_connections,6,24,1,15.203,24.296,0.9991,0.9991,70,0,0,70,32,30,32,0.011524,0.008371,0.025715,1,1,1,2152.8
least_connections,6,25,1,15.218,24.343,0.9998,0.9998,66,0,0,66,32,31,32,0.011517,0.008369,0.025768,1,1,1,2152.8
least_connections,6,26,11,15.35,24.695,0.9988,0.9988,67,0,0,67,35,34,37,0.01154,0.008354,0.026157,1,1,1,2152.8
least_connections,6,27,7,15.331,24.213,0.9961,0.9961,69,0,0,69,36,36,41,0.011486,0.008879,0.025627,1,1,1,2152.8
least_connections,6,28,4,15.219,24.225,0.9943,0.9943,69,0,0,69,36,38,43,0.011604,0.008426,0.025627,1,1,1,2152.8
least_connections,6,29,1,15.298,24.437,0.9956,0.9956,71,0,0,71,37,38,43,0.011604,0.008426,0.025863,1,1,1,2152.8
least_connections,6,30,11,15.304,24.672,0.9996,0.9996,70,0,0,70,43,42,44,0.011326,0.008431,0.026155,1,1,1,2152.8
least_connections,6,31,1,15.588,25.09,0.9995,0.9995,71,0,0,71,44,42,44,0.011684,0.008499,0.02658,1,1,1,2152.8
least_connections,6,32,11,15.418,24.824,1.0,1.0,73,0,0,73,47,47,47,0.011522,0.00843,0.026302,1,1,1,2152.8
least_connections,6,33,1,15.439,24.857,0.9999,0.9999,68,0,0,68,48,47,47,0.011533,0.008445,0.026338,1,1,1,2152.8
least_connections,6,34,1,15.47,24.867,0.9999,0.9999,68,0,0,68,48,48,47,0.011628,0.008445,0.026338,1,1,1,2152.8
least_connections,6,35,1,15.847,25.192,0.9997,0.9997,69,0,0,69,48,49,47,0.011628,0.009213,0.026699,1,1,1,2152.8
least_connections,6,36,11,15.284,24.518,0.9994,0.9994,71,0,0,71,52,50,53,0.011531,0.008361,0.025961,1,1,1,2152.8
least_connections,6,37,11,15.633,25.625,0.9991,0.9991,70,0,0,70,53,56,57,0.011267,0.008412,0.02722,1,1,1,2152.8
least_connections,6,38,1,15.442,24.675,0.9995,0.9995,71,0,0,71,54,56,57,0.011534,0.008658,0.026135,1,1,1,2152.8
least_connections,6,39,1,15.688,24.809,0.9998,0.9998,72,0,0,72,55,56,57,0.011471,0.009303,0.026291,1,1,1,2152.8
least_connections,6,40,1,15.688,24.809,0.9997,0.9997,72,0,0,72,55,57,57,0.011471,0.009303,0.026291,1,1,1,2152.8
least_connections,6,41,1,15.814,24.94,0.9995,0.9995,73,0,0,73,55,58,57,0.012708,0.008436,0.026299,1,1,1,2152.8
least_connections,6,42,1,15.715,24.828,0.9992,0.9992,68,0,0,68,55,59,57,0.011505,0.009331,0.026308,1,1,1,2152.8
least_connections,6,43,1,15.341,24.609,0.9987,0.9987,69,0,0,69,55,60,57,0.011516,0.008442,0.026064,1,1,1,2152.8
least_connections,6,44,11,15.648,24.704,0.9984,0.9984,71,0,0,71,58,64,61,0.012399,0.008473,0.026071,1,1,1,2152.8
least_connections,6,45,11,15.315,24.614,0.999,0.999,71,0,0,71,62,65,67,0.011498,0.008375,0.026071,1,1,1,2152.8
least_connections,6,46,1,15.361,24.739,0.9989,0.9989,67,0,0,67,62,66,67,0.011498,0.008375,0.02621,1,1,1,2152.8
least_connections,6,47,1,15.278,24.401,0.9993,0.9993,68,0,0,68,63,66,67,0.011554,0.008452,0.025829,1,1,1,2152.8
least_connections,6,48,1,15.392,24.826,0.9996,0.9996,69,0,0,69,64,66,67,0.011537,0.008335,0.026303,1,1,1,2152.8
least_connections,6,49,1,15.361,24.626,0.9998,0.9998,67,0,0,67,65,66,67,0.011579,0.008427,0.026076,1,1,1,2152.8
least_connections,6,50,1,15.729,25.624,0.9998,0.9998,68,0,0,68,65,67,67,0.011403,0.008581,0.027204,1,1,1,2152.8
least_connections,6,51,11,15.783,25.64,0.9999,0.9999,68,0,0,68,70,69,71,0.011563,0.008581,0.027204,1,1,1,2152.8
least_connections,6,52,1,15.698,24.932,0.9998,0.9998,70,0,0,70,71,69,71,0.011563,0.009114,0.026417,1,1,1,2152.8
least_connections,6,53,1,15.678,25.093,1.0,1.0,71,0,0,71,71,70,71,0.011751,0.008707,0.026575,1,1,1,2152.8
least_connections,6,54,1,15.419,24.674,1.0,1.0,67,0,0,67,71,71,71,0.011547,0.008578,0.026133,1,1,1,2152.8
least_connections,6,55,1,15.354,24.62,1.0,1.0,68,0,0,68,72,71,71,0.01157,0.008423,0.02607,1,1,1,2152.8
least_connections,6,56,11,15.103,24.039,0.9992,0.9992,76,0,0,76,73,74,78,0.01152,0.008359,0.02543,1,1,1,2152.8
least_connections,6,57,1,15.103,24.039,0.9994,0.9994,76,0,0,76,74,74,78,0.01152,0.008359,0.02543,1,1,1,2152.8
least_connections,6,58,0,15.415,24.832,0.9994,0.9994,67,0,0,67,74,74,78,0.01154,0.008397,0.026309,1,1,1,2152.8
least_connections,6,59,1,15.723,25.448,0.9995,0.9995,68,0,0,68,75,74,78,0.011814,0.008391,0.026963,1,1,1,2152.8
least_connections,6,60,1,15.877,24.968,0.9997,0.9997,69,0,0,69,75,75,78,0.012679,0.008619,0.026333,1,1,1,2152.8
least_connections,6,61,11,15.65,24.896,0.9985,0.9985,71,0,0,71,78,77,84,0.012246,0.008404,0.026301,1,1,1,2152.8
least_connections,6,62,1,15.457,24.831,0.9986,0.9986,71,0,0,71,79,77,84,0.011598,0.008473,0.026301,1,1,1,2152.8
least_connections,6,63,1,15.247,24.263,0.9987,0.9987,68,0,0,68,80,77,84,0.011598,0.008473,0.02567,1,1,1,2152.8
least_connections,6,64,1,15.558,25.166,0.999,0.999,69,0,0,69,80,78,84,0.011593,0.008408,0.026674,1,1,1,2152.8
least_connections,6,65,11,15.512,24.859,0.9991,0.9991,71,0,0,71,85,81,87,0.011808,0.00842,0.026309,1,1,1,2152.8
least_connections,6,66,11,15.404,24.72,0.9992,0.9992,69,0,0,69,88,85,91,0.011524,0.008502,0.026186,1,1,1,2152.8
least_connections,6,67,1,15.438,24.799,0.9992,0.9992,70,0,0,70,89,85,91,0.011552,0.008491,0.026271,1,1,1,2152.8
least_connections,6,68,1,15.605,24.849,0.9991,0.9991,70,0,0,70,90,85,91,0.012054,0.008491,0.026271,1,1,1,2152.8
least_connections,6,69,1,15.698,25.049,0.9994,0.9994,71,0,0,71,90,86,91,0.012054,0.008547,0.026493,1,1,1,2152.8
least_connections,6,70,1,15.586,24.613,0.9993,0.9993,68,0,0,68,91,86,91,0.01155,0.009143,0.026064,1,1,1,2152.8
least_connections,6,71,1,15.317,24.487,0.9996,0.9996,69,0,0,69,91,87,91,0.011595,0.008435,0.02592,1,1,1,2152.8
least_connections,6,72,1,15.662,25.201,0.9994,0.9994,70,0,0,70,92,87,91,0.011785,0.008508,0.026692,1,1,1,2152.8
least_connections,6,73,1,15.529,25.16,0.9992,0.9992,71,0,0,71,93,87,91,0.011611,0.008312,0.026665,1,1,1,2152.8
least_connections,6,74,1,15.529,25.16,0.999,0.999,71,0,0,71,94,87,91,0.011611,0.008312,0.026665,1,1,1,2152.8
least_connections,6,75,1,15.532,24.843,0.9993,0.9993,68,0,0,68,94,88,91,0.011804,0.008499,0.026292,1,1,1,2152.8
least_connections,6,76,1,15.379,24.616,0.9995,0.9995,69,0,0,69,94,89,91,0.011661,0.008421,0.026055,1,1,1,2152.8
least_connections,6,77,1,15.289,24.288,0.9997,0.9997,70,0,0,70,94,90,91,0.011727,0.008457,0.025684,1,1,1,2152.8
least_connections,6,78,1,15.403,24.64,0.9994,0.9994,65,0,0,65,95,90,91,0.011617,0.008506,0.026087,1,1,1,2152.8
least_connections,6,79,1,15.347,24.628,0.9992,0.9992,65,0,0,65,96,90,91,0.011501,0.008453,0.026087,1,1,1,2152.8
least_connections,6,80,1,15.267,24.413,0.9994,0.9994,66,0,0,66,96,91,91,0.011501,0.008453,0.025848,1,1,1,2152.8
least_connections,6,81,1,15.352,24.754,0.9995,0.9995,67,0,0,67,96,92,91,0.011484,0.008344,0.026228,1,1,1,2152.8
least_connections,6,82,11,15.664,25.034,0.9988,0.9988,63,0,0,63,101,96,93,0.011895,0.008604,0.026494,1,1,1,2152.8
least_connections,6,83,11,15.421,24.849,0.9989,0.9989,65,0,0,65,105,99,97,0.011503,0.008429,0.026332,1,1,1,2152.8
least_connections,6,84,11,15.505,24.467,0.999,0.999,69,0,0,69,108,104,100,0.012204,0.00848,0.02583,1,1,1,2152.8
least_connections,6,85,11,15.254,24.393,0.9991,0.9991,69,0,0,69,112,107,104,0.011462,0.00847,0.02583,1,1,1,2152.8
least_connections,6,86,1,15.408,24.81,0.9991,0.9991,70,0,0,70,112,108,104,0.011462,0.00847,0.026293,1,1,1,2152.8
least_connections,6,87,1,15.611,24.802,0.9991,0.9991,68,0,0,68,112,109,104,0.012206,0.008425,0.026202,1,1,1,2152.8
least_connections,6,88,1,15.327,24.631,0.999,0.999,69,0,0,69,112,110,104,0.011443,0.008441,0.026096,1,1,1,2152.8
least_connections,6,89,0,15.403,24.689,0.999,0.999,70,0,0,70,112,110,104,0.011513,0.008543,0.026153,1,1,1,2152.8
least_connections,6,90,11,15.715,24.849,0.9984,0.9984,65,0,0,65,116,115,106,0.012583,0.00835,0.026212,1,1,1,2152.8
least_connections,6,91,1,15.691,24.842,0.9982,0.9982,65,0,0,65,117,115,106,0.01251,0.00835,0.026212,1,1,1,2152.8
least_connections,6,92,1,15.944,25.291,0.9981,0.9981,66,0,0,66,117,116,106,0.01251,0.00861,0.026711,1,1,1,2152.8
least_connections,6,93,1,15.729,24.688,0.9979,0.9979,67,0,0,67,117,117,106,0.011751,0.009312,0.026125,1,1,1,2152.8
least_connections,6,94,1,15.304,24.527,0.9977,0.9977,68,0,0,68,118,117,106,0.011498,0.008438,0.025975,1,1,1,2152.8
least_connections,6,95,1,15.385,24.694,0.9975,0.9975,65,0,0,65,119,117,106,0.011467,0.008525,0.026164,1,1,1,2152.8
least_connections,6,96,11,15.479,24.899,0.9973,0.9973,67,0,0,67,122,122,109,0.011481,0.008565,0.02639,1,1,1,2152.8
least_connections,6,97,1,15.479,24.899,0.9971,0.9971,67,0,0,67,123,122,109,0.011481,0.008565,0.02639,1,1,1,2152.8
least_connections,6,98,1,15.419,24.695,0.9969,0.9969,68,0,0,68,124,122,109,0.011777,0.008351,0.02613,1,1,1,2152.8
least_connections,6,99,1,15.404,24.667,0.9967,0.9967,63,0,0,63,124,123,109,0.011672,0.008428,0.026111,1,1,1,2152.8
least_connections,6,100,1,15.833,24.889,0.9965,0.9965,64,0,0,64,124,124,109,0.012722,0.008537,0.026241,1,1,1,2152.8
least_connections,6,101,11,15.587,25.307,0.9969,0.9969,66,0,0,66,128,127,113,0.011531,0.008392,0.026838,1,1,1,2152.8
least_connections,6,102,1,15.621,25.313,0.9967,0.9967,66,0,0,66,128,128,113,0.01159,0.008435,0.026838,1,1,1,2152.8
least_connections,6,103,1,15.377,24.654,0.9965,0.9965,64,0,0,64,128,129,113,0.01159,0.008435,0.026106,1,1,1,2152.8
least_connections,6,104,1,15.334,24.687,0.9963,0.9963,65,0,0,65,128,130,113,0.011439,0.008403,0.026159,1,1,1,2152.8
least_connections,6,105,1,15.636,24.704,0.9961,0.9961,66,0,0,66,129,130,113,0.012441,0.008399,0.026067,1,1,1,2152.8
least_connections,6,106,11,15.724,24.72,0.9951,0.9951,68,0,0,68,133,135,115,0.012414,0.00867,0.026087,1,1,1,2152.8
least_connections,6,107,11,15.48,24.927,0.9973,0.9973,65,0,0,65,134,138,122,0.011612,0.008423,0.026406,1,1,1,2152.8
least_connections,6,108,1,15.48,24.927,0.9972,0.9972,65,0,0,65,135,138,122,0.011612,0.008423,0.026406,1,1,1,2152.8
least_connections,6,109,1,15.324,24.421,0.9971,0.9971,66,0,0,66,136,138,122,0.011572,0.008551,0.025849,1,1,1,2152.8
least_connections,6,110,11,15.763,24.816,0.9978,0.9978,67,0,0,67,138,142,127,0.011794,0.009231,0.026263,1,1,1,2152.8
least_connections,6,111,11,15.519,24.942,0.9975,0.9975,65,0,0,65,141,147,130,0.011627,0.008508,0.026422,1,1,1,2152.8
least_connections,6,112,1,16.008,25.578,0.9974,0.9974,67,0,0,67,142,147,130,0.012639,0.008368,0.027016,1,1,1,2152.8
least_connections,6,113,11,15.637,25.461,0.9973,0.9973,67,0,0,67,147,150,133,0.011471,0.008423,0.027016,1,1,1,2152.8
least_connections,6,114,1,15.375,24.754,0.9971,0.9971,69,0,0,69,147,151,133,0.011471,0.008423,0.02623,1,1,1,2152.8
least_connections,6,115,1,15.459,24.758,0.997,0.997,66,0,0,66,148,151,133,0.011672,0.008492,0.026212,1,1,1,2152.8
least_connections,6,116,1,15.452,24.916,0.9969,0.9969,67,0,0,67,149,151,133,0.011561,0.008396,0.0264,1,1,1,2152.8
least_connections,6,117,1,15.372,24.696,0.9967,0.9967,68,0,0,68,149,152,133,0.011488,0.008464,0.026164,1,1,1,2152.8
least_connections,6,118,0,15.42,24.793,0.9967,0.9967,69,0,0,69,149,152,133,0.011522,0.008471,0.026268,1,1,1,2152.8
least_connections,6,119,11,16.062,24.986,0.9976,0.9976,69,0,0,69,154,153,138,0.013446,0.008471,0.026268,1,1,1,2152.8
least_connections,7,0,0,15.473,24.906,1.0,1.0,0,0,0,0,0,0,0,0.011604,0.008432,0.026384,1,1,1,2392.0
least_connections,7,1,1,15.267,24.35,0.3333,0.3333,67,0,0,67,1,0,0,0.011604,0.008432,0.025766,1,1,1,2392.0
least_connections,7,2,1,15.605,25.365,0.6667,0.6667,63,0,0,63,1,1,0,0.011549,0.008365,0.0269,1,1,1,2392.0
least_connections,7,3,1,15.439,24.826,0.6,0.6,64,0,0,64,1,2,0,0.01155,0.008467,0.026301,1,1,1,2392.0
least_connections,7,4,11,15.44,24.643,0.9899,0.9899,66,0,0,66,4,5,5,0.011815,0.008436,0.026068,1,1,1,2392.0
least_connections,7,5,1,15.429,24.483,1.0,1.0,67,0,0,67,5,5,5,0.011801,0.008595,0.025892,1,1,1,2392.0
least_connections,7,6,1,15.357,24.461,0.9922,0.9922,67,0,0,67,6,5,5,0.011584,0.008595,0.025892,1,1,1,2392.0
least_connections,7,7,1,15.325,24.545,0.9731,0.9731,65,0,0,65,7,5,5,0.011584,0.008406,0.025985,1,1,1,2392.0
least_connections,7,8,1,15.477,24.889,0.9474,0.9474,66,0,0,66,8,5,5,0.011577,0.008487,0.026368,1,1,1,2392.0
least_connections,7,9,11,15.445,24.911,0.9633,0.9633,68,0,0,68,11,11,7,0.011504,0.008431,0.026401,1,1,1,2392.0
least_connections,7,10,1,15.409,24.678,0.9554,0.9554,65,0,0,65,12,11,7,0.011674,0.008429,0.026123,1,1,1,2392.0
least_connections,7,11,11,15.629,24.707,0.9848,0.9848,67,0,0,67,16,13,12,0.012418,0.008395,0.026073,1,1,1,2392.0
least_connections,7,12,1,15.306,24.611,0.9767,0.9767,67,0,0,67,17,13,12,0.011449,0.008395,0.026073,1,1,1,2392.0
least_connections,7,13,11,15.348,24.699,0.9908,0.9908,68,0,0,68,20,17,16,0.011449,0.008425,0.026171,1,1,1,2392.0
least_connections,7,14,11,15.409,24.638,0.9995,0.9995,70,0,0,70,21,21,22,0.011743,0.008412,0.026071,1,1,1,2392.0
least_connections,7,15,1,15.766,24.969,0.9995,0.9995,69,0,0,69,22,21,22,0.012553,0.008397,0.026349,1,1,1,2392.0
least_connections,7,16,1,15.357,24.784,1.0,1.0,70,0,0,70,22,22,22,0.011315,0.008476,0.026281,1,1,1,2392.0
least_connections,7,17,11,15.76,25.148,0.9987,0.9987,72,0,0,72,25,27,25,0.012246,0.008454,0.026581,1,1,1,2392.0
least_connections,7,18,1,15.76,25.148,0.999,0.999,72,0,0,72,26,27,25,0.012246,0.008454,0.026581,1,1,1,2392.0
least_connections,7,19,11,15.309,24.516,0.9982,0.9982,68,0,0,68,31,30,28,0.011549,0.00842,0.025957,1,1,1,2392.0
least_connections,7,20,1,15.605,25.03,0.997,0.997,70,0,0,70,32,30,28,0.011918,0.008409,0.026487,1,1,1,2392.0
least_connections,7,21,11,15.544,25.146,0.9975,0.9975,71,0,0,71,36,32,33,0.011525,0.008446,0.02666,1,1,1,2392.0
least_connections,7,22,1,15.365,24.7,0.996,0.996,67,0,0,67,37,32,33,0.011481,0.008446,0.026169,1,1,1,2392.0
least_connections,7,23,11,15.357,24.707,0.9942,0.9942,67,0,0,67,41,34,38,0.01155,0.008352,0.026169,1,1,1,2392.0
least_connections,7,24,1,15.317,24.6,0.9959,0.9959,69,0,0,69,41,35,38,0.01155,0.008352,0.02605,1,1,1,2392.0
least_connections,7,25,1,15.975,25.666,0.9971,0.9971,70,0,0,70,41,36,38,0.012297,0.008476,0.027151,1,1,1,2392.0
least_connections,7,26,1,15.537,25.13,0.9959,0.9959,71,0,0,71,42,36,38,0.011577,0.008398,0.026636,1,1,1,2392.0
least_connections,7,27,0,15.441,24.83,0.9959,0.9959,68,0,0,68,42,36,38,0.011617,0.008407,0.026298,1,1,1,2392.0
least_connections,7,28,11,15.324,24.564,0.9976,0.9976,70,0,0,70,42,40,45,0.011488,0.008468,0.026017,1,1,1,2392.0
least_connections,7,29,11,15.474,24.609,0.9978,0.9978,70,0,0,70,48,43,47,0.011936,0.008468,0.026017,1,1,1,2392.0
least_connections,7,30,11,15.421,24.532,0.9967,0.9967,72,0,0,72,53,46,50,0.011936,0.008395,0.025932,1,1,1,2392.0
least_connections,7,31,1,15.504,24.875,0.9976,0.9976,70,0,0,70,53,47,50,0.011755,0.008424,0.026333,1,1,1,2392.0
least_connections,7,32,1,15.614,24.633,0.9983,0.9983,71,0,0,71,53,48,50,0.011561,0.009195,0.026085,1,1,1,2392.0
least_connections,7,33,1,15.344,24.712,0.9976,0.9976,72,0,0,72,54,48,50,0.01149,0.008362,0.026181,1,1,1,2392.0
least_connections,7,34,1,15.894,24.535,0.9967,0.9967,69,0,0,69,55,48,50,0.013514,0.008407,0.02576,1,1,1,2392.0
least_connections,7,35,1,15.894,24.535,0.9956,0.9956,69,0,0,69,56,48,50,0.013514,0.008407,0.02576,1,1,1,2392.0
least_connections,7,36,1,15.726,24.624,0.9964,0.9964,70,0,0,70,56,49,50,0.012786,0.008453,0.025939,1,1,1,2392.0
least_connections,7,37,1,15.679,24.748,0.9971,0.9971,71,0,0,71,56,50,50,0.012497,0.008431,0.026109,1,1,1,2392.0
least_connections,7,38,1,15.501,24.714,0.996,0.996,72,0,0,72,57,50,50,0.011978,0.008395,0.026129,1,1,1,2392.0
least_connections,7,39,11,15.436,24.621,0.996,0.996,70,0,0,70,61,53,54,0.011684,0.008565,0.026059,1,1,1,2392.0
least_connections,7,40,11,15.388,24.617,0.9944,0.9944,70,0,0,70,65,54,60,0.011641,0.008464,0.026059,1,1,1,2392.0
least_connections,7,41,1,15.819,25.782,0.9934,0.9934,72,0,0,72,66,54,60,0.011641,0.008464,0.027353,1,1,1,2392.0
least_connections,7,42,11,15.555,25.008,0.9957,0.9957,73,0,0,73,68,58,65,0.011753,0.00843,0.026481,1,1,1,2392.0
least_connections,7,43,1,15.5,24.928,0.9966,0.9966,69,0,0,69,68,59,65,0.011661,0.008436,0.026402,1,1,1,2392.0
least_connections,7,44,1,15.732,24.821,0.9974,0.9974,70,0,0,70,68,60,65,0.011725,0.009195,0.026276,1,1,1,2392.0
least_connections,7,45,11,15.39,24.489,0.999,0.999,72,0,0,72,71,66,67,0.011688,0.008571,0.025911,1,1,1,2392.0
least_connections,7,46,1,15.429,24.5,0.9992,0.9992,72,0,0,72,71,67,67,0.011806,0.008571,0.025911,1,1,1,2392.0
least_connections,7,47,11,15.754,25.457,0.9991,0.9991,73,0,0,73,75,70,71,0.011806,0.008481,0.026974,1,1,1,2392.0
least_connections,7,48,1,15.403,24.569,0.9987,0.9987,70,0,0,70,76,70,71,0.011521,0.008669,0.026019,1,1,1,2392.0
least_connections,7,49,1,15.33,24.419,0.9989,0.9989,71,0,0,71,76,71,71,0.011669,0.008486,0.025836,1,1,1,2392.0
least_connections,7,50,1,15.268,24.41,0.9985,0.9985,72,0,0,72,77,71,71,0.011563,0.008405,0.025837,1,1,1,2392.0
least_connections,7,51,1,15.282,24.412,0.9987,0.9987,72,0,0,72,77,72,71,0.011587,0.008422,0.025837,1,1,1,2392.0
least_connections,7,52,1,15.377,24.668,0.9982,0.9982,68,0,0,68,78,72,71,0.011587,0.008422,0.026121,1,1,1,2392.0
least_connections,7,53,1,15.568,25.165,0.9985,0.9985,69,0,0,69,78,72,72,0.011499,0.008522,0.026684,1,1,1,2392.0
least_connections,7,54,10,15.472,24.936,0.9981,0.9981,71,0,0,71,82,74,76,0.011585,0.00841,0.02642,1,1,1,2392.0
least_connections,7,55,11,15.697,24.813,0.9961,0.9961,69,0,0,69,88,76,79,0.012343,0.008549,0.026199,1,1,1,2392.0
least_connections,7,56,11,15.514,24.984,0.9966,0.9966,71,0,0,71,91,79,84,0.011479,0.008577,0.026485,1,1,1,2392.0
least_connections,7,57,11,15.622,25.017,0.9988,0.9988,71,0,0,71,91,84,90,0.011804,0.008577,0.026485,1,1,1,2392.0
least_connections,7,58,1,15.502,24.867,0.9991,0.9991,73,0,0,73,91,85,90,0.011804,0.008383,0.026318,1,1,1,2392.0
least_connections,7,59,1,15.309,24.525,0.9994,0.9994,74,0,0,74,91,86,90,0.011435,0.008514,0.025979,1,1,1,2392.0
least_connections,7,60,11,15.344,24.626,0.9996,0.9996,73,0,0,73,94,90,94,0.01157,0.008384,0.026077,1,1,1,2392.0
least_connections,7,61,1,15.493,25.01,0.9998,0.9998,74,0,0,74,94,91,94,0.011586,0.00839,0.026502,1,1,1,2392.0
least_connections,7,62,11,15.334,24.604,0.9994,0.9994,76,0,0,76,95,95,100,0.01157,0.00838,0.026052,1,1,1,2392.0
least_connections,7,63,1,15.334,24.604,0.9995,0.9995,76,0,0,76,95,96,100,0.01157,0.00838,0.026052,1,1,1,2392.0
least_connections,7,64,11,15.367,24.761,0.9991,0.9991,73,0,0,73,98,99,105,0.011505,0.008362,0.026234,1,1,1,2392.0
least_connections,7,65,11,15.682,24.99,0.9977,0.9977,75,0,0,75,99,103,111,0.012249,0.008392,0.026406,1,1,1,2392.0
least_connections,7,66,1,15.723,24.973,0.998,0.998,77,0,0,77,100,103,111,0.012454,0.008352,0.026364,1,1,1,2392.0
least_connections,7,67,11,15.322,24.654,0.9959,0.9959,75,0,0,75,100,108,117,0.011429,0.008412,0.026124,1,1,1,2392.0
least_connections,7,68,1,15.367,24.667,0.9964,0.9964,75,0,0,75,101,108,117,0.011559,0.008419,0.026124,1,1,1,2392.0
least_connections,7,69,11,15.745,25.688,0.9953,0.9953,76,0,0,76,103,112,122,0.011559,0.008419,0.027258,1,1,1,2392.0
least_connections,7,70,1,15.38,24.66,0.9953,0.9953,78,0,0,78,103,113,122,0.011563,0.008461,0.026115,1,1,1,2392.0
least_connections,7,71,11,15.588,25.214,0.9946,0.9946,79,0,0,79,106,116,127,0.011613,0.008427,0.026725,1,1,1,2392.0
least_connections,7,72,1,15.614,24.812,0.9946,0.9946,76,0,0,76,106,117,127,0.011576,0.008983,0.026283,1,1,1,2392.0
least_connections,7,73,1,15.406,24.595,0.9946,0.9946,77,0,0,77,106,118,127,0.011787,0.008414,0.026018,1,1,1,2392.0
least_connections,7,74,11,15.351,24.578,0.9959,0.9959,77,0,0,77,111,121,130,0.011622,0.008414,0.026018,1,1,1,2392.0
least_connections,7,75,1,15.889,25.907,0.9963,0.9963,79,0,0,79,112,121,130,0.011622,0.00855,0.027494,1,1,1,2392.0
least_connections,7,76,1,15.397,24.817,0.9963,0.9963,74,0,0,74,112,122,130,0.011547,0.008353,0.026291,1,1,1,2392.0
least_connections,7,77,0,15.392,24.662,0.9963,0.9963,75,0,0,75,112,122,130,0.011547,0.00851,0.026119,1,1,1,2392.0
least_connections,7,78,1,15.6,24.976,0.9968,0.9968,76,0,0,76,113,122,130,0.01165,0.008694,0.026457,1,1,1,2392.0
least_connections,7,79,1,15.462,24.854,0.9971,0.9971,72,0,0,72,114,122,130,0.011637,0.008426,0.026323,1,1,1,2392.0
least_connections,7,80,11,15.462,24.854,0.9961,0.9961,72,0,0,72,117,124,136,0.011637,0.008426,0.026323,1,1,1,2392.0
least_connections,7,81,11,15.28,24.398,0.9967,0.9967,76,0,0,76,121,128,139,0.011625,0.008398,0.025817,1,1,1,2392.0
least_connections,7,82,1,15.684,25.515,0.9968,0.9968,76,0,0,76,121,129,139,0.011573,0.008415,0.027064,1,1,1,2392.0
least_connections,7,83,11,15.384,24.677,0.9966,0.9966,78,0,0,78,124,133,143,0.011611,0.008412,0.026129,1,1,1,2392.0
least_connections,7,84,1,15.767,24.902,0.9966,0.9966,73,0,0,73,124,134,143,0.012531,0.008493,0.026277,1,1,1,2392.0
least_connections,7,85,1,15.427,24.793,0.9966,0.9966,73,0,0,73,124,135,143,0.011438,0.008566,0.026277,1,1,1,2392.0
least_connections,7,86,1,15.408,24.742,0.997,0.997,74,0,0,74,125,135,143,0.011438,0.008566,0.02622,1,1,1,2392.0
least_connections,7,87,1,15.48,24.679,0.9973,0.9973,75,0,0,75,126,135,143,0.011607,0.008701,0.026132,1,1,1,2392.0
least_connections,7,88,1,15.389,24.748,0.9973,0.9973,72,0,0,72,126,136,143,0.011524,0.008426,0.026217,1,1,1,2392.0
least_connections,7,89,1,15.358,24.646,0.9977,0.9977,73,0,0,73,127,136,143,0.011482,0.008483,0.026109,1,1,1,2392.0
least_connections,7,90,1,15.363,24.723,0.998,0.998,74,0,0,74,128,136,143,0.011528,0.008373,0.026189,1,1,1,2392.0
least_connections,7,91,11,15.499,24.764,0.9978,0.9978,74,0,0,74,131,140,147,0.011935,0.008373,0.026189,1,1,1,2392.0
least_connections,7,92,1,15.493,24.72,0.9981,0.9981,76,0,0,76,132,140,147,0.011935,0.008405,0.02614,1,1,1,2392.0
least_connections,7,93,1,15.409,24.688,0.9983,0.9983,72,0,0,72,133,140,147,0.011714,0.008384,0.02613,1,1,1,2392.0
least_connections,7,94,1,15.339,24.603,0.9983,0.9983,73,0,0,73,133,141,147,0.011586,0.008383,0.026049,1,1,1,2392.0
least_connections,7,95,1,15.582,24.998,0.9983,0.9983,74,0,0,74,133,142,147,0.011822,0.008461,0.026462,1,1,1,2392.0
least_connections,7,96,1,15.393,24.771,0.9986,0.9986,71,0,0,71,134,142,147,0.011558,0.008383,0.026239,1,1,1,2392.0
least_connections,7,97,11,15.393,24.771,0.9986,0.9986,71,0,0,71,139,143,152,0.011558,0.008383,0.026239,1,1,1,2392.0
least_connections,7,98,1,15.442,24.901,0.9988,0.9988,73,0,0,73,140,143,152,0.011504,0.008432,0.02639,1,1,1,2392.0
least_connections,7,99,11,15.307,24.563,0.9984,0.9984,74,0,0,74,143,146,157,0.011547,0.008365,0.026009,1,1,1,2392.0
least_connections,7,100,1,15.272,24.389,0.9984,0.9984,72,0,0,72,143,147,157,0.011597,0.008409,0.02581,1,1,1,2392.0
least_connections,7,101,1,15.526,25.145,0.9985,0.9985,73,0,0,73,143,148,157,0.011527,0.008394,0.026658,1,1,1,2392.0
least_connections,7,102,11,15.508,25.139,0.9993,0.9993,73,0,0,73,148,153,158,0.011471,0.008394,0.026658,1,1,1,2392.0
least_connections,7,103,1,15.341,24.467,0.9993,0.9993,75,0,0,75,148,154,158,0.011471,0.008641,0.025911,1,1,1,2392.0
least_connections,7,104,11,15.42,24.866,0.999,0.999,76,0,0,76,151,157,163,0.011509,0.008402,0.02635,1,1,1,2392.0
least_connections,7,105,1,15.766,25.02,0.999,0.999,73,0,0,73,151,158,163,0.012326,0.008541,0.026431,1,1,1,2392.0
least_connections,7,106,0,15.453,24.769,0.999,0.999,74,0,0,74,151,158,163,0.011717,0.008423,0.026219,1,1,1,2392.0
least_connections,7,107,11,15.393,24.605,0.999,0.999,76,0,0,76,156,159,168,0.011728,0.008414,0.026036,1,1,1,2392.0
least_connections,7,108,11,15.393,24.605,0.9992,0.9992,76,0,0,76,160,163,171,0.011728,0.008414,0.026036,1,1,1,2392.0
least_connections,7,109,11,15.129,23.971,0.9989,0.9989,73,0,0,73,163,166,176,0.01163,0.008415,0.025342,1,1,1,2392.0
least_connections,7,110,1,15.735,25.452,0.999,0.999,74,0,0,74,164,166,176,0.0116,0.008615,0.026991,1,1,1,2392.0
least_connections,7,111,1,15.497,24.973,0.9991,0.9991,75,0,0,75,165,166,176,0.011432,0.008581,0.026478,1,1,1,2392.0
least_connections,7,112,1,15.333,24.642,0.9992,0.9992,73,0,0,73,166,166,176,0.011519,0.00838,0.0261,1,1,1,2392.0
least_connections,7,113,1,15.409,24.639,0.9993,0.9993,73,0,0,73,166,167,176,0.011491,0.008637,0.0261,1,1,1,2392.0
least_connections,7,114,1,15.387,24.578,0.9994,0.9994,74,0,0,74,167,167,176,0.011491,0.008637,0.026032,1,1,1,2392.0
least_connections,7,115,1,15.184,24.251,0.9994,0.9994,75,0,0,75,167,168,176,0.011514,0.008373,0.025666,1,1,1,2392.0
least_connections,7,116,1,15.311,24.465,0.9995,0.9995,76,0,0,76,168,168,176,0.011536,0.008496,0.025901,1,1,1,2392.0
least_connections,7,117,1,15.339,24.59,0.9996,0.9996,71,0,0,71,168,169,176,0.01158,0.008402,0.026036,1,1,1,2392.0
least_connections,7,118,1,15.231,24.394,0.9996,0.9996,72,0,0,72,168,170,176,0.01149,0.008374,0.025828,1,1,1,2392.0
least_connections,7,119,1,15.25,24.4,0.9996,0.9996,72,0,0,72,168,171,176,0.011548,0.008374,0.025828,1,1,1,2392.0
least_connections,8,0,0,15.565,24.932,1.0,1.0,0,0,0,0,0,0,0,0.011924,0.008394,0.026377,1,1,1,2147.8
least_connections,8,1,11,15.747,24.755,0.7076,0.7076,70,0,0,70,2,7,2,0.012372,0.008738,0.026131,1,1,1,2147.8
least_connections,8,2,1,15.96,24.819,0.7742,0.7742,70,0,0,70,3,7,2,0.013012,0.008738,0.026131,1,1,1,2147.8
least_connections,8,3,1,15.902,24.989,0.8164,0.8164,71,0,0,71,4,7,2,0.013012,0.008373,0.02632,1,1,1,2147.8
least_connections,8,4,11,15.604,24.711,0.8807,0.8807,67,0,0,67,7,12,5,0.012376,0.008354,0.026082,1,1,1,2147.8
least_connections,8,5,11,15.742,24.731,0.9699,0.9699,69,0,0,69,9,14,12,0.012804,0.008367,0.026056,1,1,1,2147.8
least_connections,8,6,1,15.479,24.917,0.96,0.96,70,0,0,70,9,15,12,0.011669,0.008378,0.026389,1,1,1,2147.8
least_connections,8,7,1,15.466,24.906,0.9487,0.9487,70,0,0,70,9,16,12,0.011562,0.008447,0.026389,1,1,1,2147.8
least_connections,8,8,1,15.457,24.881,0.9364,0.9364,66,0,0,66,9,17,12,0.011562,0.008447,0.026361,1,1,1,2147.8
least_connections,8,9,1,15.569,24.453,0.9235,0.9235,67,0,0,67,9,18,12,0.012358,0.008552,0.025797,1,1,1,2147.8
least_connections,8,10,11,15.339,24.62,0.9321,0.9321,69,0,0,69,13,23,14,0.011604,0.008347,0.026066,1,1,1,2147.8
least_connections,8,11,1,15.839,25.083,0.9214,0.9214,66,0,0,66,13,24,14,0.011498,0.009426,0.026592,1,1,1,2147.8
least_connections,8,12,1,15.415,24.724,0.9311,0.9311,67,0,0,67,14,24,14,0.011565,0.008495,0.026186,1,1,1,2147.8
least_connections,8,13,1,15.413,24.723,0.9207,0.9207,67,0,0,67,14,25,14,0.011557,0.008495,0.026186,1,1,1,2147.8
least_connections,8,14,1,15.373,24.668,0.9101,0.9101,68,0,0,68,14,26,14,0.011557,0.008438,0.026125,1,1,1,2147.8
least_connections,8,15,1,15.391,24.592,0.9192,0.9192,69,0,0,69,15,26,14,0.011737,0.008415,0.02602,1,1,1,2147.8
least_connections,8,16,11,15.286,24.464,0.9641,0.9641,65,0,0,65,19,28,19,0.011484,0.008468,0.025906,1,1,1,2147.8
least_connections,8,17,1,15.41,24.817,0.9685,0.9685,66,0,0,66,20,28,19,0.011506,0.008428,0.026296,1,1,1,2147.8
least_connections,8,18,1,15.407,24.862,0.9621,0.9621,67,0,0,67,20,29,19,0.011507,0.008367,0.026346,1,1,1,2147.8
least_connections,8,19,1,15.407,24.862,0.9659,0.9659,67,0,0,67,21,29,19,0.011507,0.008367,0.026346,1,1,1,2147.8
least_connections,8,20,1,15.311,24.596,0.9597,0.9597,64,0,0,64,21,30,19,0.011525,0.008361,0.026048,1,1,1,2147.8
least_connections,8,21,11,15.398,24.806,0.9724,0.9724,65,0,0,65,28,32,21,0.011518,0.008394,0.026282,1,1,1,2147.8
least_connections,8,22,1,15.502,25.037,0.972,0.972,67,0,0,67,29,32,21,0.011548,0.008423,0.026536,1,1,1,2147.8
least_connections,8,23,1,15.588,25.171,0.9685,0.9685,68,0,0,68,29,33,21,0.011701,0.008396,0.026668,1,1,1,2147.8
least_connections,8,24,11,15.538,25.156,0.9831,0.9831,68,0,0,68,32,36,26,0.011552,0.008394,0.026668,1,1,1,2147.8
least_connections,8,25,1,15.368,24.697,0.9802,0.9802,67,0,0,67,32,37,26,0.011552,0.008394,0.026157,1,1,1,2147.8
least_connections,8,26,1,15.323,24.57,0.9802,0.9802,68,0,0,68,33,37,26,0.011559,0.008394,0.026016,1,1,1,2147.8
least_connections,8,27,1,15.309,24.568,0.9798,0.9798,69,0,0,69,34,37,26,0.011523,0.008388,0.026017,1,1,1,2147.8
least_connections,8,28,1,15.375,24.698,0.9772,0.9772,65,0,0,65,34,38,26,0.011518,0.008443,0.026163,1,1,1,2147.8
least_connections,8,29,1,15.439,24.819,0.9767,0.9767,66,0,0,66,35,38,26,0.011573,0.008453,0.026291,1,1,1,2147.8
least_connections,8,30,1,15.428,24.816,0.9758,0.9758,66,0,0,66,36,38,26,0.011539,0.008453,0.026291,1,1,1,2147.8
least_connections,8,31,1,15.357,24.692,0.9802,0.9802,67,0,0,67,36,38,27,0.011539,0.00838,0.026153,1,1,1,2147.8
least_connections,8,32,10,15.405,24.812,0.9823,0.9823,65,0,0,65,40,41,30,0.011466,0.008453,0.026295,1,1,1,2147.8
least_connections,8,33,11,15.51,24.833,0.9743,0.9743,67,0,0,67,42,48,32,0.011541,0.008679,0.02631,1,1,1,2147.8
least_connections,8,34,1,15.406,24.67,0.9741,0.9741,68,0,0,68,43,48,32,0.0116,0.008495,0.026122,1,1,1,2147.8
least_connections,8,35,1,15.53,24.879,0.9718,0.9718,69,0,0,69,43,49,32,0.011841,0.00842,0.026328,1,1,1,2147.8
least_connections,8,36,11,15.53,24.879,0.9803,0.9803,69,0,0,69,49,50,36,0.011841,0.00842,0.026328,1,1,1,2147.8
least_connections,8,37,11,15.294,24.321,0.9907,0.9907,67,0,0,67,52,52,42,0.011745,0.008418,0.025718,1,1,1,2147.8
least_connections,8,38,1,15.391,24.681,0.9898,0.9898,69,0,0,69,53,52,42,0.011625,0.008415,0.026132,1,1,1,2147.8
least_connections,8,39,1,15.36,24.665,0.9888,0.9888,70,0,0,70,54,52,42,0.011629,0.008337,0.026114,1,1,1,2147.8
least_connections,8,40,1,15.451,24.862,0.9882,0.9882,65,0,0,65,54,53,42,0.011569,0.008446,0.026339,1,1,1,2147.8
least_connections,8,41,1,15.421,24.86,0.9871,0.9871,65,0,0,65,55,53,42,0.011552,0.008371,0.026339,1,1,1,2147.8
least_connections,8,42,11,15.405,24.819,0.9894,0.9894,66,0,0,66,59,56,46,0.011552,0.008371,0.026293,1,1,1,2147.8
least_connections,8,43,11,15.373,24.663,0.9891,0.9891,68,0,0,68,63,60,49,0.011538,0.008461,0.026121,1,1,1,2147.8
least_connections,8,44,1,15.286,24.488,0.9886,0.9886,64,0,0,64,63,61,49,0.011542,0.008391,0.025926,1,1,1,2147.8
least_connections,8,45,1,15.294,24.551,0.9881,0.9881,65,0,0,65,63,62,49,0.011526,0.008357,0.025998,1,1,1,2147.8
least_connections,8,46,1,15.2,24.271,0.9872,0.9872,66,0,0,66,64,62,49,0.011512,0.008399,0.025689,1,1,1,2147.8
least_connections,8,47,11,15.226,24.279,0.9926,0.9926,66,0,0,66,68,63,55,0.01159,0.008399,0.025689,1,1,1,2147.8
least_connections,8,48,1,15.373,24.625,0.9925,0.9925,68,0,0,68,68,64,55,0.01159,0.008457,0.026073,1,1,1,2147.8
least_connections,8,49,1,15.394,24.698,0.9922,0.9922,65,0,0,65,68,65,55,0.011548,0.008476,0.026159,1,1,1,2147.8
least_connections,8,50,1,15.539,24.969,0.9913,0.9913,66,0,0,66,69,65,55,0.011701,0.008472,0.026443,1,1,1,2147.8
least_connections,8,51,11,15.557,24.505,0.9893,0.9893,67,0,0,67,75,67,58,0.012343,0.008473,0.025856,1,1,1,2147.8
least_connections,8,52,1,15.289,24.433,0.9881,0.9881,67,0,0,67,76,67,58,0.011621,0.008391,0.025856,1,1,1,2147.8
least_connections,8,53,1,15.358,24.618,0.9869,0.9869,66,0,0,66,77,67,58,0.011621,0.008391,0.026062,1,1,1,2147.8
least_connections,8,54,0,15.359,24.636,0.9869,0.9869,67,0,0,67,77,67,58,0.011537,0.008447,0.026092,1,1,1,2147.8
least_connections,8,55,11,15.352,24.646,0.9855,0.9855,69,0,0,69,81,72,60,0.011564,0.008393,0.0261,1,1,1,2147.8
least_connections,8,56,11,15.358,24.629,0.9865,0.9865,71,0,0,71,84,77,63,0.011518,0.008471,0.026086,1,1,1,2147.8
least_connections,8,57,11,15.457,24.715,0.9848,0.9848,69,0,0,69,88,82,65,0.011803,0.008417,0.02615,1,1,1,2147.8
least_connections,8,58,1,15.35,24.683,0.9845,0.9845,69,0,0,69,88,83,65,0.011483,0.008417,0.02615,1,1,1,2147.8
least_connections,8,59,1,15.487,24.538,0.9836,0.9836,70,0,0,70,89,83,65,0.011483,0.00899,0.025989,1,1,1,2147.8
least_connections,8,60,1,15.487,24.973,0.9827,0.9827,71,0,0,71,90,83,65,0.011618,0.008387,0.026457,1,1,1,2147.8
least_connections,8,61,1,15.272,24.483,0.9817,0.9817,68,0,0,68,91,83,65,0.01152,0.008372,0.025923,1,1,1,2147.8
least_connections,8,62,1,15.25,24.434,0.9815,0.9815,69,0,0,69,91,84,65,0.01148,0.008396,0.025873,1,1,1,2147.8
least_connections,8,63,1,15.424,24.899,0.9805,0.9805,70,0,0,70,92,84,65,0.011454,0.008424,0.026393,1,1,1,2147.8
least_connections,8,64,1,15.424,24.899,0.9803,0.9803,70,0,0,70,92,85,65,0.011454,0.008424,0.026393,1,1,1,2147.8
least_connections,8,65,1,15.39,24.735,0.98,0.98,66,0,0,66,92,86,65,0.011551,0.00842,0.0262,1,1,1,2147.8
least_connections,8,66,11,15.393,24.499,0.9881,0.9881,68,0,0,68,94,88,72,0.011827,0.008445,0.025907,1,1,1,2147.8
least_connections,8,67,1,15.425,24.89,0.9879,0.9879,69,0,0,69,94,89,72,0.011457,0.008436,0.026383,1,1,1,2147.8
least_connections,8,68,11,15.722,24.82,0.9886,0.9886,71,0,0,71,99,91,76,0.012462,0.008511,0.026193,1,1,1,2147.8
least_connections,8,69,1,15.78,24.85,0.9884,0.9884,71,0,0,71,99,92,76,0.01276,0.008387,0.026193,1,1,1,2147.8
least_connections,8,70,11,15.976,25.379,0.9901,0.9901,68,0,0,68,102,96,80,0.01276,0.008387,0.026781,1,1,1,2147.8
least_connections,8,71,11,15.378,24.721,0.9902,0.9902,70,0,0,70,105,101,83,0.011508,0.008437,0.026189,1,1,1,2147.8
least_connections,8,72,1,15.456,24.842,0.9899,0.9899,72,0,0,72,105,102,83,0.011644,0.008417,0.026308,1,1,1,2147.8
least_connections,8,73,1,15.289,24.353,0.9896,0.9896,68,0,0,68,105,103,83,0.011545,0.008547,0.025776,1,1,1,2147.8
least_connections,8,74,1,15.44,24.559,0.9893,0.9893,69,0,0,69,105,104,83,0.011948,0.008412,0.02596,1,1,1,2147.8
least_connections,8,75,1,15.293,24.515,0.9888,0.9888,69,0,0,69,106,104,83,0.011507,0.008412,0.02596,1,1,1,2147.8
least_connections,8,76,1,15.362,24.691,0.9883,0.9883,70,0,0,70,107,104,83,0.011507,0.008424,0.026156,1,1,1,2147.8
least_connections,8,77,11,15.249,24.48,0.9891,0.9891,67,0,0,67,112,106,87,0.011453,0.008366,0.025928,1,1,1,2147.8
least_connections,8,78,1,15.437,24.892,0.9889,0.9889,69,0,0,69,112,107,87,0.011523,0.008412,0.026377,1,1,1,2147.8
least_connections,8,79,1,15.585,24.474,0.9887,0.9887,70,0,0,70,112,108,87,0.012401,0.00854,0.025815,1,1,1,2147.8
least_connections,8,80,1,15.283,24.48,0.9884,0.9884,71,0,0,71,112,109,87,0.011484,0.00844,0.025924,1,1,1,2147.8
least_connections,8,81,1,15.283,24.48,0.988,0.988,71,0,0,71,112,110,87,0.011484,0.00844,0.025924,1,1,1,2147.8
least_connections,8,82,1,15.395,24.672,0.9876,0.9876,69,0,0,69,112,111,87,0.01153,0.008523,0.026132,1,1,1,2147.8
least_connections,8,83,1,15.621,25.422,0.9872,0.9872,70,0,0,70,113,111,87,0.01138,0.008501,0.026982,1,1,1,2147.8
least_connections,8,84,0,15.647,25.467,0.9872,0.9872,71,0,0,71,113,111,87,0.011525,0.008399,0.027016,1,1,1,2147.8
least_connections,8,85,1,15.494,25.046,0.9867,0.9867,66,0,0,66,114,111,87,0.01156,0.008379,0.026544,1,1,1,2147.8
least_connections,8,86,1,15.515,25.044,0.9863,0.9863,66,0,0,66,114,112,87,0.01154,0.008462,0.026544,1,1,1,2147.8
least_connections,8,87,1,15.324,24.526,0.9858,0.9858,67,0,0,67,115,112,87,0.01154,0.008462,0.025969,1,1,1,2147.8
least_connections,8,88,1,15.506,24.726,0.9853,0.9853,68,0,0,68,116,112,87,0.011717,0.008629,0.026172,1,1,1,2147.8
least_connections,8,89,1,15.736,24.874,0.9849,0.9849,66,0,0,66,116,113,87,0.012605,0.008367,0.026237,1,1,1,2147.8
least_connections,8,90,11,15.379,24.666,0.9879,0.9879,68,0,0,68,119,116,92,0.011531,0.00848,0.026126,1,1,1,2147.8
least_connections,8,91,11,15.52,24.785,0.9903,0.9903,70,0,0,70,122,119,97,0.011833,0.008503,0.026224,1,1,1,2147.8
least_connections,8,92,11,15.52,24.785,0.989,0.989,70,0,0,70,125,125,99,0.011833,0.008503,0.026224,1,1,1,2147.8
least_connections,8,93,1,15.811,24.595,0.9887,0.9887,72,0,0,72,125,126,99,0.01178,0.009634,0.026019,1,1,1,2147.8
least_connections,8,94,1,15.457,24.775,0.9883,0.9883,68,0,0,68,126,126,99,0.011607,0.008526,0.026238,1,1,1,2147.8
least_connections,8,95,1,15.38,24.694,0.9879,0.9879,69,0,0,69,126,127,99,0.011555,0.00843,0.026154,1,1,1,2147.8
least_connections,8,96,1,15.451,24.829,0.9875,0.9875,70,0,0,70,126,128,99,0.011582,0.008471,0.026301,1,1,1,2147.8
least_connections,8,97,11,15.427,24.823,0.9874,0.9874,70,0,0,70,130,132,102,0.011517,0.008463,0.026301,1,1,1,2147.8
least_connections,8,98,1,15.803,25.837,0.987,0.987,66,0,0,66,130,133,102,0.011517,0.008463,0.027428,1,1,1,2147.8
least_connections,8,99,11,15.967,25.494,0.9892,0.9892,67,0,0,67,132,137,107,0.012108,0.008813,0.026981,1,1,1,2147.8
least_connections,8,100,1,15.431,24.794,0.9889,0.9889,69,0,0,69,133,137,107,0.011604,0.00843,0.02626,1,1,1,2147.8
least_connections,8,101,11,16.134,26.107,0.9911,0.9911,68,0,0,68,137,139,112,0.012379,0.008391,0.027632,1,1,1,2147.8
least_connections,8,102,1,15.36,24.78,0.9907,0.9907,69,0,0,69,137,140,112,0.011463,0.008356,0.02626,1,1,1,2147.8
least_connections,8,103,1,15.37,24.783,0.9905,0.9905,69,0,0,69,138,140,112,0.011495,0.008356,0.02626,1,1,1,2147.8
least_connections,8,104,1,15.316,24.658,0.9901,0.9901,70,0,0,70,138,141,112,0.011495,0.008331,0.026121,1,1,1,2147.8
least_connections,8,105,1,15.328,24.695,0.9897,0.9897,71,0,0,71,138,142,112,0.011443,0.008372,0.026168,1,1,1,2147.8
least_connections,8,106,1,15.343,24.646,0.9895,0.9895,66,0,0,66,139,142,112,0.011582,0.008348,0.026098,1,1,1,2147.8
least_connections,8,107,1,15.452,24.666,0.9892,0.9892,67,0,0,67,140,142,112,0.011556,0.008678,0.026123,1,1,1,2147.8
least_connections,8,108,1,15.956,26.038,0.989,0.989,68,0,0,68,141,142,112,0.011615,0.008612,0.027641,1,1,1,2147.8
least_connections,8,109,1,15.956,26.038,0.9887,0.9887,68,0,0,68,142,142,112,0.011615,0.008612,0.027641,1,1,1,2147.8
least_connections,8,110,11,15.421,24.916,0.9885,0.9885,65,0,0,65,147,145,115,0.011511,0.008348,0.026405,1,1,1,2147.8
least_connections,8,111,11,15.33,24.65,0.9884,0.9884,67,0,0,67,149,151,118,0.011543,0.00834,0.026106,1,1,1,2147.8
least_connections,8,112,1,15.406,24.834,0.988,0.988,69,0,0,69,149,152,118,0.011501,0.008403,0.026315,1,1,1,2147.8
least_connections,8,113,1,15.351,24.594,0.9877,0.9877,70,0,0,70,149,153,118,0.011578,0.008435,0.02604,1,1,1,2147.8
least_connections,8,114,1,15.342,24.593,0.9874,0.9874,70,0,0,70,150,153,118,0.011574,0.008412,0.02604,1,1,1,2147.8
least_connections,8,115,1,15.304,24.492,0.9872,0.9872,67,0,0,67,151,153,118,0.011574,0.008412,0.025927,1,1,1,2147.8
least_connections,8,116,1,15.463,24.907,0.9879,0.9879,68,0,0,68,151,153,119,0.011632,0.008376,0.026382,1,1,1,2147.8
least_connections,8,117,10,15.227,24.275,0.9901,0.9901,70,0,0,70,153,156,124,0.011544,0.008447,0.02569,1,1,1,2147.8
least_connections,8,118,1,15.325,24.611,0.9898,0.9898,64,0,0,64,153,157,124,0.011521,0.008388,0.026065,1,1,1,2147.8
least_connections,8,119,1,16.145,25.185,0.9896,0.9896,65,0,0,65,154,157,124,0.013331,0.008603,0.026502,1,1,1,2147.8
least_connections,9,0,0,15.488,24.829,1.0,1.0,0,0,0,0,0,0,0,0.01173,0.008448,0.026285,1,1,1,2217.4
least_connections,9,1,1,15.39,24.567,0.3333,0.3333,67,0,0,67,1,0,0,0.01173,0.008448,0.025993,1,1,1,2217.4
least_connections,9,2,11,15.447,24.828,0.8571,0.8571,66,0,0,66,4,6,2,0.01144,0.008586,0.026316,1,1,1,2217.4
least_connections,9,3,1,15.557,24.645,0.8667,0.8667,67,0,0,67,5,6,2,0.012252,0.008398,0.026022,1,1,1,2217.4
least_connections,9,4,1,15.479,24.981,0.8376,0.8376,68,0,0,68,5,7,2,0.011472,0.008484,0.026482,1,1,1,2217.4
least_connections,9,5,1,15.682,25.187,0.8065,0.8065,63,0,0,63,5,8,2,0.012028,0.00837,0.026649,1,1,1,2217.4
least_connections,9,6,11,15.508,25.135,0.9235,0.9235,63,0,0,63,8,12,6,0.011506,0.00837,0.026649,1,1,1,2217.4
least_connections,9,7,11,15.654,25.496,0.9899,0.9899,65,0,0,65,12,14,11,0.011506,0.008406,0.02705,1,1,1,2217.4
least_connections,9,8,1,15.269,24.409,0.9904,0.9904,67,0,0,67,13,14,11,0.011497,0.008465,0.025844,1,1,1,2217.4
least_connections,9,9,1,15.369,24.695,0.9883,0.9883,63,0,0,63,14,14,11,0.011543,0.008409,0.026156,1,1,1,2217.4
least_connections,9,10,1,15.533,24.777,0.984,0.984,64,0,0,64,15,14,11,0.01193,0.008464,0.026204,1,1,1,2217.4
least_connections,9,11,1,15.403,24.755,0.9779,0.9779,65,0,0,65,16,14,11,0.011489,0.008491,0.026229,1,1,1,2217.4
least_connections,9,12,11,15.403,24.755,0.9971,0.9971,65,0,0,65,18,18,16,0.011489,0.008491,0.026229,1,1,1,2217.4
least_connections,9,13,11,15.289,24.463,0.9985,0.9985,67,0,0,67,22,20,21,0.011524,0.008443,0.025901,1,1,1,2217.4
least_connections,9,14,11,15.761,25.441,0.9974,0.9974,65,0,0,65,25,23,26,0.011513,0.008783,0.026988,1,1,1,2217.4
least_connections,9,15,1,15.444,24.869,0.9989,0.9989,67,0,0,67,25,24,26,0.011416,0.008551,0.026364,1,1,1,2217.4
least_connections,9,16,11,15.361,24.642,0.9925,0.9925,69,0,0,69,28,26,32,0.011486,0.008492,0.026104,1,1,1,2217.4
least_connections,9,17,1,15.349,24.649,0.9929,0.9929,69,0,0,69,29,26,32,0.011557,0.008386,0.026104,1,1,1,2217.4
least_connections,9,18,11,15.42,24.842,0.9924,0.9924,66,0,0,66,33,29,36,0.011557,0.008386,0.026318,1,1,1,2217.4
least_connections,9,19,1,15.326,24.62,0.9945,0.9945,68,0,0,68,33,30,36,0.011503,0.008398,0.026078,1,1,1,2217.4
least_connections,9,20,1,15.384,24.801,0.9944,0.9944,69,0,0,69,34,30,36,0.011386,0.008473,0.026292,1,1,1,2217.4
least_connections,9,21,1,15.395,24.716,0.9963,0.9963,67,0,0,67,34,31,36,0.011717,0.008308,0.02616,1,1,1,2217.4
least_connections,9,22,11,15.255,24.379,0.9956,0.9956,69,0,0,69,40,34,38,0.011447,0.008503,0.025816,1,1,1,2217.4
least_connections,9,23,1,15.413,24.426,0.9942,0.9942,69,0,0,69,41,34,38,0.011921,0.008503,0.025816,1,1,1,2217.4
least_connections,9,24,1,15.664,25.208,0.9959,0.9959,70,0,0,70,41,35,38,0.011921,0.008386,0.026684,1,1,1,2217.4
least_connections,9,25,11,15.396,24.813,0.9976,0.9976,71,0,0,71,42,39,44,0.011494,0.008401,0.026293,1,1,1,2217.4
least_connections,9,26,1,15.575,25.223,0.9974,0.9974,68,0,0,68,43,39,44,0.011511,0.008467,0.026747,1,1,1,2217.4
least_connections,9,27,0,15.488,24.8,0.9974,0.9974,69,0,0,69,43,39,44,0.01169,0.008518,0.026257,1,1,1,2217.4
least_connections,9,28,11,15.473,24.808,0.9967,0.9967,69,0,0,69,47,42,48,0.011766,0.008395,0.026257,1,1,1,2217.4
least_connections,9,29,1,15.474,24.812,0.9978,0.9978,71,0,0,71,47,43,48,0.011766,0.008395,0.026262,1,1,1,2217.4
least_connections,9,30,1,15.878,25.746,0.9987,0.9987,67,0,0,67,47,44,48,0.011591,0.008723,0.027319,1,1,1,2217.4
least_connections,9,31,1,15.452,24.623,0.9993,0.9993,68,0,0,68,47,45,48,0.011551,0.008731,0.026075,1,1,1,2217.4
least_connections,9,32,1,15.461,24.893,0.9997,0.9997,68,0,0,68,47,46,48,0.011625,0.00839,0.026367,1,1,1,2217.4
least_connections,9,33,1,15.451,24.546,0.9999,0.9999,69,0,0,69,47,47,48,0.011793,0.008597,0.025963,1,1,1,2217.4
least_connections,9,34,1,15.375,24.523,0.9999,0.9999,69,0,0,69,47,48,48,0.011564,0.008597,0.025963,1,1,1,2217.4
least_connections,9,35,11,15.626,24.381,0.9959,0.9959,66,0,0,66,49,49,56,0.011564,0.009509,0.025805,1,1,1,2217.4
least_connections,9,36,1,15.368,24.701,0.9964,0.9964,68,0,0,68,49,50,56,0.011532,0.008409,0.026164,1,1,1,2217.4
least_connections,9,37,11,15.241,24.525,0.9943,0.9943,70,0,0,70,54,51,61,0.011318,0.008414,0.025992,1,1,1,2217.4
least_connections,9,38,1,15.498,25.125,0.9952,0.9952,65,0,0,65,54,52,61,0.011469,0.008382,0.026642,1,1,1,2217.4
least_connections,9,39,11,15.563,25.217,0.9954,0.9954,67,0,0,67,56,57,65,0.011553,0.008401,0.026735,1,1,1,2217.4
least_connections,9,40,1,15.563,25.217,0.996,0.996,67,0,0,67,57,57,65,0.011553,0.008401,0.026735,1,1,1,2217.4
least_connections,9,41,11,15.434,24.83,0.9943,0.9943,68,0,0,68,61,59,70,0.011568,0.008429,0.026304,1,1,1,2217.4
least_connections,9,42,1,15.483,25.009,0.995,0.995,67,0,0,67,61,60,70,0.011518,0.008422,0.026508,1,1,1,2217.4
least_connections,9,43,1,15.374,24.75,0.9955,0.9955,68,0,0,68,62,60,70,0.011494,0.008406,0.026223,1,1,1,2217.4
least_connections,9,44,1,15.66,24.887,0.9961,0.9961,69,0,0,69,62,61,70,0.011518,0.009089,0.026372,1,1,1,2217.4
least_connections,9,45,1,15.438,24.886,0.9965,0.9965,69,0,0,69,63,61,70,0.011514,0.008428,0.026372,1,1,1,2217.4
least_connections,9,46,11,15.359,24.672,0.9951,0.9951,70,0,0,70,66,64,75,0.011514,0.008428,0.026134,1,1,1,2217.4
least_connections,9,47,11,16.191,26.254,0.9953,0.9953,69,0,0,69,69,68,79,0.012275,0.008491,0.027807,1,1,1,2217.4
least_connections,9,48,1,15.527,24.707,0.9958,0.9958,71,0,0,71,69,69,79,0.012083,0.008388,0.02611,1,1,1,2217.4
least_connections,9,49,1,15.378,24.745,0.9962,0.9962,72,0,0,72,69,70,79,0.011466,0.008447,0.02622,1,1,1,2217.4
least_connections,9,50,11,15.625,25.458,0.992,0.992,69,0,0,69,71,72,86,0.011522,0.008347,0.027007,1,1,1,2217.4
least_connections,9,51,1,15.625,25.458,0.9926,0.9926,69,0,0,69,72,72,86,0.011522,0.008347,0.027007,1,1,1,2217.4
least_connections,9,52,1,15.532,24.606,0.9932,0.9932,70,0,0,70,72,73,86,0.012174,0.008436,0.025987,1,1,1,2217.4
least_connections,9,53,11,15.315,24.616,0.9959,0.9959,71,0,0,71,77,77,88,0.011445,0.00842,0.02608,1,1,1,2217.4
least_connections,9,54,1,16.095,26.219,0.9963,0.9963,69,0,0,69,77,78,88,0.01188,0.008593,0.027812,1,1,1,2217.4
least_connections,9,55,0,15.455,24.88,0.9963,0.9963,70,0,0,70,77,78,88,0.011492,0.008506,0.026367,1,1,1,2217.4
least_connections,9,56,1,15.426,24.885,0.9966,0.9966,70,0,0,70,77,79,88,0.01155,0.008362,0.026367,1,1,1,2217.4
least_connections,9,57,1,15.381,24.762,0.9968,0.9968,71,0,0,71,77,80,88,0.01155,0.008362,0.02623,1,1,1,2217.4
least_connections,9,58,1,15.384,24.751,0.9972,0.9972,72,0,0,72,78,80,88,0.011478,0.008447,0.026226,1,1,1,2217.4
least_connections,9,59,11,15.812,24.66,0.9954,0.9954,71,0,0,71,78,87,92,0.011696,0.009639,0.0261,1,1,1,2217.4
least_connections,9,60,11,15.356,24.602,0.9947,0.9947,73,0,0,73,81,90,97,0.01156,0.008458,0.026051,1,1,1,2217.4
least_connections,9,61,11,15.424,24.855,0.9956,0.9956,75,0,0,75,85,94,100,0.011441,0.008486,0.026346,1,1,1,2217.4
least_connections,9,62,11,15.442,24.861,0.9929,0.9929,75,0,0,75,87,96,107,0.011493,0.008486,0.026346,1,1,1,2217.4
least_connections,9,63,1,15.464,25.011,0.993,0.993,72,0,0,72,87,97,107,0.011493,0.008385,0.026513,1,1,1,2217.4
least_connections,9,64,11,15.715,25.662,0.994,0.994,73,0,0,73,92,99,111,0.011536,0.008377,0.027231,1,1,1,2217.4
least_connections,9,65,1,15.581,25.214,0.9945,0.9945,75,0,0,75,93,99,111,0.011591,0.008423,0.026728,1,1,1,2217.4
least_connections,9,66,1,15.511,25.052,0.9947,0.9947,72,0,0,72,93,100,111,0.011546,0.008434,0.026553,1,1,1,2217.4
least_connections,9,67,1,15.55,25.261,0.9948,0.9948,73,0,0,73,93,101,111,0.011449,0.008405,0.026796,1,1,1,2217.4
least_connections,9,68,11,15.55,25.261,0.9957,0.9957,73,0,0,73,97,105,114,0.011449,0.008405,0.026796,1,1,1,2217.4
least_connections,9,69,11,15.68,25.52,0.9963,0.9963,75,0,0,75,100,111,116,0.011572,0.008397,0.02707,1,1,1,2217.4
least_connections,9,70,1,15.649,25.185,0.9961,0.9961,77,0,0,77,100,112,116,0.011774,0.008499,0.026675,1,1,1,2217.4
least_connections,9,71,1,15.596,25.261,0.996,0.996,73,0,0,73,100,113,116,0.011535,0.008468,0.026786,1,1,1,2217.4
least_connections,9,72,1,15.407,24.711,0.9965,0.9965,74,0,0,74,101,113,116,0.011592,0.008461,0.026169,1,1,1,2217.4
least_connections,9,73,1,15.446,24.728,0.9964,0.9964,74,0,0,74,101,114,116,0.01176,0.008409,0.026169,1,1,1,2217.4
least_connections,9,74,1,15.633,25.234,0.9962,0.9962,75,0,0,75,101,115,116,0.01176,0.008409,0.026731,1,1,1,2217.4
least_connections,9,75,1,15.234,24.369,0.9967,0.9967,70,0,0,70,102,115,116,0.011493,0.008408,0.0258,1,1,1,2217.4
least_connections,9,76,1,15.319,24.608,0.9972,0.9972,71,0,0,71,103,115,116,0.011506,0.008388,0.026064,1,1,1,2217.4
least_connections,9,77,1,15.405,24.729,0.9976,0.9976,72,0,0,72,104,115,116,0.011598,0.00843,0.026188,1,1,1,2217.4
least_connections,9,78,11,15.47,25.053,0.998,0.998,74,0,0,74,108,119,119,0.011504,0.008348,0.026558,1,1,1,2217.4
least_connections,9,79,11,15.452,25.047,0.9976,0.9976,74,0,0,74,111,121,125,0.011451,0.008348,0.026558,1,1,1,2217.4
least_connections,9,80,11,15.5,24.984,0.9975,0.9975,71,0,0,71,114,126,128,0.011451,0.00856,0.026488,1,1,1,2217.4
least_connections,9,81,1,15.441,24.911,0.9978,0.9978,73,0,0,73,115,126,128,0.011504,0.008417,0.026401,1,1,1,2217.4
least_connections,9,82,0,15.422,24.732,0.9978,0.9978,74,0,0,74,115,126,128,0.011641,0.008437,0.026187,1,1,1,2217.4
least_connections,9,83,11,15.345,24.554,0.9975,0.9975,71,0,0,71,118,129,133,0.01164,0.008407,0.025989,1,1,1,2217.4
least_connections,9,84,1,15.83,24.73,0.9979,0.9979,72,0,0,72,119,129,133,0.01271,0.008715,0.026066,1,1,1,2217.4
least_connections,9,85,1,15.83,24.73,0.9982,0.9982,72,0,0,72,120,129,133,0.01271,0.008715,0.026066,1,1,1,2217.4
least_connections,9,86,1,15.453,24.874,0.9985,0.9985,73,0,0,73,121,129,133,0.011544,0.008459,0.026355,1,1,1,2217.4
least_connections,9,87,11,15.32,24.618,0.9984,0.9984,71,0,0,71,125,131,138,0.011556,0.008336,0.026069,1,1,1,2217.4
least_connections,9,88,1,15.338,24.559,0.9986,0.9986,72,0,0,72,126,131,138,0.011559,0.00845,0.026004,1,1,1,2217.4
least_connections,9,89,1,15.489,24.738,0.9986,0.9986,73,0,0,73,126,132,138,0.011923,0.008383,0.026162,1,1,1,2217.4
least_connections,9,90,11,15.351,24.688,0.9982,0.9982,73,0,0,73,128,137,142,0.011418,0.008474,0.026162,1,1,1,2217.4
least_connections,9,91,11,15.294,24.532,0.9975,0.9975,75,0,0,75,131,139,148,0.011418,0.008474,0.025989,1,1,1,2217.4
least_connections,9,92,11,15.486,24.973,0.9976,0.9976,73,0,0,73,134,144,151,0.011599,0.008401,0.026459,1,1,1,2217.4
least_connections,9,93,1,15.278,24.429,0.9976,0.9976,75,0,0,75,134,145,151,0.011557,0.008418,0.025859,1,1,1,2217.4
least_connections,9,94,11,15.962,25.596,0.9987,0.9987,77,0,0,77,140,148,153,0.012417,0.00841,0.02706,1,1,1,2217.4
least_connections,9,95,11,15.354,24.584,0.9989,0.9989,74,0,0,74,145,150,157,0.011701,0.008347,0.026015,1,1,1,2217.4
least_connections,9,96,1,15.354,24.584,0.9989,0.9989,74,0,0,74,145,151,157,0.011701,0.008347,0.026015,1,1,1,2217.4
least_connections,9,97,1,15.312,24.575,0.9989,0.9989,75,0,0,75,145,152,157,0.011498,0.00841,0.026028,1,1,1,2217.4
least_connections,9,98,11,15.382,24.669,0.9991,0.9991,76,0,0,76,149,156,160,0.01163,0.008398,0.026118,1,1,1,2217.4
least_connections,9,99,11,15.339,24.61,0.9991,0.9991,73,0,0,73,154,157,165,0.011553,0.008402,0.026061,1,1,1,2217.4
least_connections,9,100,11,15.398,24.614,0.9991,0.9991,76,0,0,76,158,160,169,0.011708,0.008437,0.026048,1,1,1,2217.4
least_connections,9,101,1,15.344,24.601,0.9992,0.9992,76,0,0,76,158,161,169,0.011583,0.008401,0.026048,1,1,1,2217.4
least_connections,9,102,1,15.462,24.919,0.9993,0.9993,77,0,0,77,159,161,169,0.011583,0.008401,0.026401,1,1,1,2217.4
least_connections,9,103,1,15.466,24.988,0.9994,0.9994,78,0,0,78,160,161,169,0.01143,0.008474,0.026494,1,1,1,2217.4
least_connections,9,104,1,15.825,24.787,0.9994,0.9994,75,0,0,75,160,162,169,0.011739,0.009498,0.026237,1,1,1,2217.4
least_connections,9,105,1,15.389,24.7,0.9995,0.9995,76,0,0,76,161,162,169,0.01152,0.008482,0.026164,1,1,1,2217.4
least_connections,9,106,1,15.379,24.679,0.9996,0.9996,77,0,0,77,161,163,169,0.011566,0.008435,0.026136,1,1,1,2217.4
least_connections,9,107,1,15.422,24.692,0.9995,0.9995,77,0,0,77,161,163,170,0.011694,0.008435,0.026136,1,1,1,2217.4
least_connections,9,108,10,15.628,25.056,0.9993,0.9993,74,0,0,74,163,167,174,0.011694,0.008649,0.026541,1,1,1,2217.4
least_connections,9,109,1,15.393,24.61,0.9994,0.9994,75,0,0,75,164,167,174,0.011746,0.008393,0.026039,1,1,1,2217.4
least_connections,9,110,11,15.542,25.163,0.9991,0.9991,77,0,0,77,167,170,179,0.011545,0.008405,0.026676,1,1,1,2217.4
least_connections,9,111,11,15.321,24.577,0.999,0.999,74,0,0,74,170,174,183,0.011484,0.008446,0.026032,1,1,1,2217.4
least_connections,9,112,11,15.456,24.703,0.9988,0.9988,76,0,0,76,174,176,188,0.011691,0.008528,0.026149,1,1,1,2217.4
least_connections,9,113,11,15.456,24.703,0.9989,0.9989,76,0,0,76,176,182,191,0.011691,0.008528,0.026149,1,1,1,2217.4
least_connections,9,114,1,15.774,24.82,0.9989,0.9989,78,0,0,78,176,183,191,0.011486,0.009536,0.026301,1,1,1,2217.4
least_connections,9,115,11,15.31,24.47,0.9985,0.9985,80,0,0,80,178,187,196,0.011625,0.008408,0.025897,1,1,1,2217.4
least_connections,9,116,1,15.375,24.617,0.9985,0.9985,76,0,0,76,178,188,196,0.011496,0.008555,0.026075,1,1,1,2217.4
least_connections,9,117,1,15.352,24.6,0.9984,0.9984,77,0,0,77,178,189,196,0.011484,0.008514,0.026057,1,1,1,2217.4
least_connections,9,118,1,15.327,24.602,0.9984,0.9984,77,0,0,77,178,190,196,0.011511,0.008413,0.026057,1,1,1,2217.4
least_connections,9,119,1,15.38,24.745,0.9984,0.9984,78,0,0,78,178,191,196,0.011511,0.008413,0.026215,1,1,1,2217.4
least_connections,10,0,0,15.479,24.771,1.0,1.0,0,0,0,0,0,0,0,0.011684,0.008527,0.026225,1,1,1,2335.2
least_connections,10,1,11,15.407,24.761,0.9837,0.9837,0,0,0,0,4,4,3,0.011587,0.008408,0.026225,1,1,1,2335.2
least_connections,10,2,1,15.379,24.687,0.96,0.96,76,0,0,76,4,5,3,0.011587,0.008408,0.026143,1,1,1,2335.2
least_connections,10,3,1,15.687,25.372,0.9235,0.9235,72,0,0,72,4,6,3,0.011454,0.008688,0.026918,1,1,1,2335.2
least_connections,10,4,11,15.537,25.139,0.932,0.932,74,0,0,74,5,9,10,0.011518,0.008441,0.026652,1,1,1,2335.2
least_connections,10,5,1,15.853,25.379,0.9259,0.9259,75,0,0,75,5,10,10,0.012145,0.008566,0.026849,1,1,1,2335.2
least_connections,10,6,11,15.347,24.62,0.9114,0.9114,72,0,0,72,7,16,13,0.011532,0.008434,0.026074,1,1,1,2335.2
least_connections,10,7,1,15.456,24.653,0.9332,0.9332,72,0,0,72,8,16,13,0.011861,0.008434,0.026074,1,1,1,2335.2
least_connections,10,8,1,15.572,24.951,0.9221,0.9221,73,0,0,73,8,17,13,0.011861,0.00845,0.026405,1,1,1,2335.2
least_connections,10,9,11,15.528,24.685,0.9064,0.9064,74,0,0,74,9,21,19,0.011699,0.008758,0.026128,1,1,1,2335.2
least_connections,10,10,1,15.454,24.856,0.8999,0.8999,76,0,0,76,9,22,19,0.011598,0.008434,0.026329,1,1,1,2335.2
least_connections,10,11,11,15.328,24.59,0.8994,0.8994,75,0,0,75,11,27,23,0.011551,0.008393,0.026039,1,1,1,2335.2
least_connections,10,12,11,15.353,24.424,0.9526,0.9526,77,0,0,77,17,30,25,0.011846,0.008391,0.025822,1,1,1,2335.2
least_connections,10,13,1,15.353,24.424,0.9474,0.9474,77,0,0,77,17,31,25,0.011846,0.008391,0.025822,1,1,1,2335.2
least_connections,10,14,1,15.434,24.696,0.9557,0.9557,78,0,0,78,18,31,25,0.011642,0.008513,0.026146,1,1,1,2335.2
least_connections,10,15,1,15.367,24.571,0.963,0.963,73,0,0,73,19,31,25,0.011622,0.00847,0.02601,1,1,1,2335.2
least_connections,10,16,11,15.532,24.56,0.9608,0.9608,74,0,0,74,21,35,30,0.01219,0.00847,0.025935,1,1,1,2335.2
least_connections,10,17,1,15.387,24.761,0.967,0.967,76,0,0,76,22,35,30,0.011581,0.008355,0.026225,1,1,1,2335.2
least_connections,10,18,11,15.759,24.864,0.9695,0.9695,76,0,0,76,25,39,34,0.01262,0.008431,0.026225,1,1,1,2335.2
least_connections,10,19,1,15.662,24.604,0.9744,0.9744,73,0,0,73,26,39,34,0.01262,0.008431,0.025936,1,1,1,2335.2
least_connections,10,20,1,15.359,24.573,0.9787,0.9787,74,0,0,74,27,39,34,0.011682,0.00839,0.026005,1,1,1,2335.2
least_connections,10,21,0,15.454,24.762,0.9787,0.9787,75,0,0,75,27,39,34,0.011744,0.008411,0.026208,1,1,1,2335.2
least_connections,10,22,1,15.608,25.278,0.9757,0.9757,76,0,0,76,27,40,34,0.011605,0.008423,0.026797,1,1,1,2335.2
least_connections,10,23,1,15.465,24.986,0.9797,0.9797,73,0,0,73,28,40,34,0.01147,0.008436,0.026488,1,1,1,2335.2
least_connections,10,24,1,15.595,25.025,0.9766,0.9766,73,0,0,73,28,41,34,0.011862,0.008436,0.026488,1,1,1,2335.2
least_connections,10,25,11,15.597,24.933,0.9779,0.9779,75,0,0,75,30,43,41,0.011862,0.008544,0.026385,1,1,1,2335.2
least_connections,10,26,11,15.719,25.438,0.9788,0.9788,77,0,0,77,33,46,46,0.011585,0.008596,0.026977,1,1,1,2335.2
least_connections,10,27,1,15.35,24.414,0.9775,0.9775,71,0,0,71,33,47,46,0.01178,0.008453,0.025818,1,1,1,2335.2
least_connections,10,28,1,15.405,24.787,0.9809,0.9809,72,0,0,72,34,47,46,0.011544,0.008413,0.026258,1,1,1,2335.2
least_connections,10,29,1,15.388,24.615,0.9794,0.9794,73,0,0,73,34,48,46,0.011552,0.008546,0.026066,1,1,1,2335.2
least_connections,10,30,11,15.388,24.615,0.9774,0.9774,73,0,0,73,37,54,48,0.011552,0.008546,0.026066,1,1,1,2335.2
least_connections,10,31,1,15.185,24.315,0.9754,0.9754,75,0,0,75,37,55,48,0.011504,0.008314,0.025738,1,1,1,2335.2
least_connections,10,32,11,15.17,24.167,0.9813,0.9813,72,0,0,72,42,59,50,0.011492,0.008442,0.025575,1,1,1,2335.2
least_connections,10,33,1,15.457,25.068,0.9836,0.9836,73,0,0,73,43,59,50,0.011426,0.00836,0.026584,1,1,1,2335.2
least_connections,10,34,1,15.492,24.849,0.9856,0.9856,74,0,0,74,44,59,50,0.011708,0.00846,0.026309,1,1,1,2335.2
least_connections,10,35,1,15.528,24.842,0.9874,0.9874,74,0,0,74,45,59,50,0.011639,0.008635,0.026309,1,1,1,2335.2
least_connections,10,36,1,15.63,25.117,0.989,0.989,68,0,0,68,46,59,50,0.011639,0.008635,0.026615,1,1,1,2335.2
least_connections,10,37,11,15.35,24.7,0.9934,0.9934,69,0,0,69,50,61,55,0.011429,0.008446,0.026174,1,1,1,2335.2
least_connections,10,38,11,16.067,26.136,0.9918,0.9918,71,0,0,71,53,66,58,0.012136,0.008374,0.027692,1,1,1,2335.2
least_connections,10,39,1,15.452,24.707,0.993,0.993,70,0,0,70,54,66,58,0.011458,0.00872,0.026179,1,1,1,2335.2
least_connections,10,40,11,15.41,24.863,0.9894,0.9894,72,0,0,72,55,71,63,0.011448,0.008429,0.026354,1,1,1,2335.2
least_connections,10,41,1,15.668,24.941,0.9907,0.9907,72,0,0,72,56,71,63,0.012221,0.008429,0.026354,1,1,1,2335.2
least_connections,10,42,11,15.757,25.159,0.9916,0.9916,73,0,0,73,59,74,68,0.012221,0.008452,0.026597,1,1,1,2335.2
least_connections,10,43,1,15.484,24.94,0.9928,0.9928,75,0,0,75,60,74,68,0.011637,0.008396,0.026418,1,1,1,2335.2
least_connections,10,44,1,15.319,24.552,0.9939,0.9939,72,0,0,72,61,74,68,0.011535,0.008423,0.025998,1,1,1,2335.2
least_connections,10,45,1,15.403,24.673,0.993,0.993,73,0,0,73,61,75,68,0.011622,0.008463,0.026123,1,1,1,2335.2
least_connections,10,46,1,15.518,24.752,0.992,0.992,74,0,0,74,61,76,68,0.011854,0.008514,0.026185,1,1,1,2335.2
least_connections,10,47,11,15.518,24.752,0.9897,0.9897,74,0,0,74,63,81,72,0.011854,0.008514,0.026185,1,1,1,2335.2
least_connections,10,48,1,15.939,25.237,0.9909,0.9909,69,0,0,69,64,81,72,0.012031,0.009082,0.026704,1,1,1,2335.2
least_connections,10,49,1,15.775,24.925,0.9898,0.9898,70,0,0,70,64,82,72,0.012387,0.008619,0.026318,1,1,1,2335.2
least_connections,10,50,0,15.421,24.754,0.9898,0.9898,71,0,0,71,64,82,72,0.011636,0.008415,0.026211,1,1,1,2335.2
least_connections,10,51,1,15.565,25.055,0.991,0.991,67,0,0,67,65,82,72,0.01148,0.008651,0.026563,1,1,1,2335.2
least_connections,10,52,1,15.68,25.051,0.9899,0.9899,67,0,0,67,65,83,72,0.011448,0.009028,0.026563,1,1,1,2335.2
least_connections,10,53,11,15.596,24.826,0.9862,0.9862,68,0,0,68,67,89,75,0.011448,0.009028,0.026313,1,1,1,2335.2
least_connections,10,54,11,15.313,24.662,0.9877,0.9877,71,0,0,71,70,92,80,0.011561,0.00826,0.026118,1,1,1,2335.2
least_connections,10,55,1,15.623,25.356,0.9867,0.9867,72,0,0,72,70,93,80,0.011555,0.008424,0.026889,1,1,1,2335.2
least_connections,10,56,1,15.22,24.238,0.9878,0.9878,69,0,0,69,71,93,80,0.011571,0.008444,0.025645,1,1,1,2335.2
least_connections,10,57,1,15.411,24.783,0.9868,0.9868,70,0,0,70,71,94,80,0.011583,0.008401,0.02625,1,1,1,2335.2
least_connections,10,58,11,15.408,24.782,0.9877,0.9877,70,0,0,70,75,98,83,0.011572,0.008401,0.02625,1,1,1,2335.2
least_connections,10,59,11,15.798,25.072,0.9889,0.9889,72,0,0,72,77,100,90,0.011572,0.009251,0.026572,1,1,1,2335.2
least_connections,10,60,11,15.347,24.651,0.9915,0.9915,71,0,0,71,82,103,93,0.01152,0.00841,0.02611,1,1,1,2335.2
least_connections,10,61,11,15.21,24.326,0.9894,0.9894,74,0,0,74,83,107,99,0.011531,0.008351,0.025748,1,1,1,2335.2
least_connections,10,62,1,15.628,25.332,0.9887,0.9887,75,0,0,75,83,108,99,0.011661,0.008372,0.026851,1,1,1,2335.2
least_connections,10,63,1,15.412,24.793,0.988,0.988,72,0,0,72,83,109,99,0.011571,0.008404,0.026262,1,1,1,2335.2
least_connections,10,64,1,15.412,24.793,0.989,0.989,72,0,0,72,84,109,99,0.011571,0.008404,0.026262,1,1,1,2335.2
least_connections,10,65,1,15.338,24.67,0.9882,0.9882,73,0,0,73,84,110,99,0.01147,0.008407,0.026137,1,1,1,2335.2
least_connections,10,66,1,15.251,24.4,0.9892,0.9892,74,0,0,74,85,110,99,0.011503,0.008416,0.025833,1,1,1,2335.2
least_connections,10,67,1,15.35,24.425,0.9885,0.9885,75,0,0,75,85,111,99,0.011551,0.008643,0.025856,1,1,1,2335.2
least_connections,10,68,11,15.765,24.902,0.9912,0.9912,71,0,0,71,89,112,105,0.011657,0.009265,0.026374,1,1,1,2335.2
least_connections,10,69,1,15.445,24.886,0.992,0.992,71,0,0,71,90,112,105,0.011498,0.008462,0.026374,1,1,1,2335.2
least_connections,10,70,1,15.368,24.679,0.9915,0.9915,73,0,0,73,90,113,105,0.011498,0.008462,0.026144,1,1,1,2335.2
least_connections,10,71,1,15.471,24.956,0.9908,0.9908,74,0,0,74,90,114,105,0.011634,0.008342,0.026436,1,1,1,2335.2
least_connections,10,72,1,15.429,24.651,0.9917,0.9917,69,0,0,69,91,114,105,0.011601,0.008586,0.026101,1,1,1,2335.2
least_connections,10,73,0,15.463,24.901,0.9917,0.9917,70,0,0,70,91,114,105,0.011561,0.008445,0.026383,1,1,1,2335.2
least_connections,10,74,1,15.699,25.384,0.9911,0.9911,71,0,0,71,91,115,105,0.011758,0.00844,0.026898,1,1,1,2335.2
least_connections,10,75,1,15.616,25.359,0.9904,0.9904,71,0,0,71,91,116,105,0.011509,0.00844,0.026898,1,1,1,2335.2
least_connections,10,76,11,15.34,24.591,0.9888,0.9888,73,0,0,73,93,121,109,0.011509,0.008466,0.026045,1,1,1,2335.2
least_connections,10,77,11,15.596,24.71,0.9893,0.9893,71,0,0,71,96,124,114,0.01152,0.009092,0.026176,1,1,1,2335.2
least_connections,10,78,1,15.726,24.885,0.9901,0.9901,72,0,0,72,97,124,114,0.011512,0.009296,0.026371,1,1,1,2335.2
least_connections,10,79,11,15.659,25.041,0.9891,0.9891,74,0,0,74,99,128,119,0.01194,0.008539,0.026497,1,1,1,2335.2
least_connections,10,80,1,15.661,25.475,0.9899,0.9899,69,0,0,69,100,128,119,0.011521,0.008437,0.027025,1,1,1,2335.2
least_connections,10,81,11,15.661,25.475,0.9911,0.9911,69,0,0,69,104,131,123,0.011521,0.008437,0.027025,1,1,1,2335.2
least_connections,10,82,11,15.365,24.564,0.9887,0.9887,71,0,0,71,105,136,128,0.01155,0.008535,0.02601,1,1,1,2335.2
least_connections,10,83,1,15.351,24.69,0.9895,0.9895,73,0,0,73,106,136,128,0.011535,0.008366,0.026152,1,1,1,2335.2
least_connections,10,84,1,15.483,24.751,0.989,0.989,71,0,0,71,106,137,128,0.011606,0.00863,0.026212,1,1,1,2335.2
least_connections,10,85,11,15.758,25.673,0.9885,0.9885,73,0,0,73,109,142,131,0.011595,0.008443,0.027237,1,1,1,2335.2
least_connections,10,86,1,15.828,25.693,0.9893,0.9893,73,0,0,73,110,142,131,0.011799,0.008449,0.027237,1,1,1,2335.2
least_connections,10,87,11,15.432,24.624,0.9896,0.9896,74,0,0,74,113,145,136,0.011799,0.008449,0.026049,1,1,1,2335.2
least_connections,10,88,1,15.853,24.903,0.9903,0.9903,76,0,0,76,114,145,136,0.012673,0.008624,0.026262,1,1,1,2335.2
least_connections,10,89,1,15.517,24.822,0.9899,0.9899,72,0,0,72,114,146,136,0.01188,0.00841,0.02626,1,1,1,2335.2
least_connections,10,90,11,15.296,24.423,0.9889,0.9889,73,0,0,73,116,150,141,0.011584,0.008454,0.02585,1,1,1,2335.2
least_connections,10,91,1,15.304,24.593,0.9896,0.9896,75,0,0,75,117,150,141,0.011489,0.008375,0.026049,1,1,1,2335.2
least_connections,10,92,1,15.325,24.599,0.9903,0.9903,75,0,0,75,118,150,141,0.011551,0.008375,0.026049,1,1,1,2335.2
least_connections,10,93,11,15.386,24.685,0.9899,0.9899,70,0,0,70,121,155,144,0.011551,0.008462,0.026144,1,1,1,2335.2
least_connections,10,94,11,15.431,24.791,0.9911,0.9911,72,0,0,72,125,157,149,0.011592,0.008442,0.026258,1,1,1,2335.2
least_connections,10,95,1,15.455,24.94,0.9907,0.9907,74,0,0,74,125,158,149,0.011557,0.00838,0.026427,1,1,1,2335.2
least_connections,10,96,11,15.286,24.473,0.9896,0.9896,72,0,0,72,127,163,153,0.011534,0.008413,0.025911,1,1,1,2335.2
least_connections,10,97,1,15.931,25.078,0.9891,0.9891,74,0,0,74,127,164,153,0.011587,0.009629,0.026577,1,1,1,2335.2
least_connections,10,98,1,15.931,25.078,0.9887,0.9887,74,0,0,74,127,165,153,0.011587,0.009629,0.026577,1,1,1,2335.2
least_connections,10,99,0,15.526,24.82,0.9887,0.9887,75,0,0,75,127,165,153,0.011651,0.008645,0.026283,1,1,1,2335.2
least_connections,10,100,1,15.466,24.672,0.9882,0.9882,76,0,0,76,127,166,153,0.011903,0.008404,0.026091,1,1,1,2335.2
least_connections,10,101,1,15.299,24.405,0.9889,0.9889,71,0,0,71,128,166,153,0.01165,0.008426,0.025822,1,1,1,2335.2
least_connections,10,102,1,15.453,24.862,0.9896,0.9896,72,0,0,72,129,166,153,0.011599,0.008425,0.026336,1,1,1,2335.2
least_connections,10,103,11,15.479,24.849,0.9895,0.9895,72,0,0,72,131,167,161,0.011469,0.008632,0.026336,1,1,1,2335.2
least_connections,10,104,11,15.312,24.398,0.992,0.992,74,0,0,74,137,169,164,0.011469,0.008632,0.025835,1,1,1,2335.2
least_connections,10,105,11,15.361,24.801,0.9932,0.9932,71,0,0,71,142,173,166,0.011441,0.008357,0.026286,1,1,1,2335.2
least_connections,10,106,11,15.654,25.261,0.9933,0.9933,74,0,0,74,145,175,172,0.011784,0.008419,0.026759,1,1,1,2335.2
least_connections,10,107,11,15.333,24.65,0.9917,0.9917,76,0,0,76,146,179,178,0.011446,0.008436,0.026117,1,1,1,2335.2
least_connections,10,108,11,15.324,24.551,0.9937,0.9937,78,0,0,78,152,180,182,0.011526,0.008447,0.025998,1,1,1,2335.2
least_connections,10,109,11,15.5,24.588,0.9935,0.9935,78,0,0,78,155,184,186,0.0119,0.008602,0.025998,1,1,1,2335.2
least_connections,10,110,1,15.771,25.32,0.9939,0.9939,76,0,0,76,156,184,186,0.0119,0.008602,0.026811,1,1,1,2335.2
least_connections,10,111,1,15.416,24.61,0.9944,0.9944,77,0,0,77,157,184,186,0.011783,0.008429,0.026035,1,1,1,2335.2
least_connections,10,112,1,15.354,24.483,0.9948,0.9948,78,0,0,78,158,184,186,0.011688,0.008469,0.025905,1,1,1,2335.2
least_connections,10,113,1,15.584,25.23,0.9946,0.9946,74,0,0,74,158,185,186,0.011577,0.008429,0.026747,1,1,1,2335.2
least_connections,10,114,1,15.343,24.585,0.995,0.995,75,0,0,75,159,185,186,0.01154,0.008453,0.026035,1,1,1,2335.2
least_connections,10,115,11,15.477,24.626,0.9954,0.9954,75,0,0,75,163,188,190,0.011943,0.008453,0.026035,1,1,1,2335.2
least_connections,10,116,11,15.703,24.83,0.9962,0.9962,77,0,0,77,168,190,194,0.011943,0.008904,0.026262,1,1,1,2335.2
least_connections,10,117,0,15.29,24.374,0.9962,0.9962,75,0,0,75,168,190,194,0.01157,0.008503,0.025797,1,1,1,2335.2
least_connections,10,118,11,16.103,25.841,0.9954,0.9954,77,0,0,77,170,193,200,0.012568,0.008426,0.027316,1,1,1,2335.2
least_connections,10,119,1,15.539,24.917,0.9953,0.9953,78,0,0,78,170,194,200,0.011649,0.008578,0.026391,1,1,1,2335.2
hash_based,1,0,0,15.214,24.275,1.0,1.0,0,0,0,0,0,0,0,0.01155,0.008404,0.025689,1,1,1,2469.4
hash_based,1,1,11,15.404,24.897,0.8231,0.8231,74,0,0,74,6,3,2,0.0115,0.008326,0.026386,1,1,1,2469.4
hash_based,1,2,1,15.677,24.979,0.8571,0.8571,74,0,0,74,6,4,2,0.012319,0.008326,0.026386,1,1,1,2469.4
hash_based,1,3,1,15.705,24.802,0.8164,0.8164,75,0,0,75,7,4,2,0.012319,0.008607,0.026189,1,1,1,2469.4
hash_based,1,4,1,15.404,24.767,0.7778,0.7778,72,0,0,72,8,4,2,0.011548,0.008429,0.026236,1,1,1,2469.4
hash_based,1,5,1,15.78,24.979,0.7426,0.7426,73,0,0,73,9,4,2,0.012545,0.008434,0.02636,1,1,1,2469.4
hash_based,1,6,1,15.35,24.709,0.7758,0.7758,74,0,0,74,9,5,2,0.011461,0.008409,0.026181,1,1,1,2469.4
hash_based,1,7,11,15.383,24.74,0.8526,0.8526,76,0,0,76,13,10,4,0.011529,0.008413,0.026208,1,1,1,2469.4
hash_based,1,8,1,15.383,24.74,0.854,0.854,76,0,0,76,13,11,4,0.011529,0.008413,0.026208,1,1,1,2469.4
hash_based,1,9,11,15.303,24.516,0.9512,0.9512,74,0,0,74,14,16,9,0.011579,0.008378,0.025953,1,1,1,2469.4
hash_based,1,10,1,15.346,24.441,0.949,0.949,76,0,0,76,15,16,9,0.011696,0.008484,0.025857,1,1,1,2469.4
hash_based,1,11,1,15.346,24.482,0.9417,0.9417,77,0,0,77,15,17,9,0.011592,0.008533,0.025914,1,1,1,2469.4
hash_based,1,12,11,15.52,24.691,0.9734,0.9734,73,0,0,73,17,21,14,0.011997,0.008463,0.026101,1,1,1,2469.4
hash_based,1,13,1,15.414,24.665,0.9743,0.9743,73,0,0,73,18,21,14,0.011738,0.008403,0.026101,1,1,1,2469.4
hash_based,1,14,11,15.415,24.666,0.9922,0.9922,74,0,0,74,20,24,20,0.011738,0.008403,0.026103,1,1,1,2469.4
hash_based,1,15,11,15.676,25.295,0.9989,0.9989,76,0,0,76,24,26,25,0.011541,0.008665,0.026823,1,1,1,2469.4
hash_based,1,16,1,15.452,24.721,0.9976,0.9976,78,0,0,78,24,27,25,0.011806,0.008393,0.026156,1,1,1,2469.4
hash_based,1,17,1,15.365,24.499,0.9956,0.9956,74,0,0,74,24,28,25,0.01177,0.008411,0.025913,1,1,1,2469.4
hash_based,1,18,1,15.453,24.871,0.9931,0.9931,75,0,0,75,24,29,25,0.011565,0.008445,0.02635,1,1,1,2469.4
hash_based,1,19,11,15.452,24.865,0.9982,0.9982,75,0,0,75,28,31,30,0.011499,0.008506,0.02635,1,1,1,2469.4
hash_based,1,20,1,15.521,25.053,0.9993,0.9993,77,0,0,77,29,31,30,0.011499,0.008506,0.026559,1,1,1,2469.4
hash_based,1,21,1,15.521,24.761,0.9998,0.9998,72,0,0,72,30,31,30,0.011574,0.008763,0.026226,1,1,1,2469.4
hash_based,1,22,1,15.436,24.707,0.9991,0.9991,73,0,0,73,30,32,30,0.011744,0.008417,0.026147,1,1,1,2469.4
hash_based,1,23,1,15.911,24.733,0.9993,0.9993,74,0,0,74,31,32,30,0.012729,0.008937,0.026067,1,1,1,2469.4
hash_based,1,24,1,16.044,25.028,0.9991,0.9991,71,0,0,71,32,32,30,0.013117,0.008663,0.026352,1,1,1,2469.4
hash_based,1,25,1,15.5,24.865,0.9985,0.9985,71,0,0,71,32,33,30,0.011485,0.008663,0.026352,1,1,1,2469.4
hash_based,1,26,1,15.365,24.699,0.9974,0.9974,72,0,0,72,32,34,30,0.011485,0.008443,0.026167,1,1,1,2469.4
hash_based,1,27,1,15.395,24.797,0.996,0.996,73,0,0,73,32,35,30,0.011504,0.008406,0.026274,1,1,1,2469.4
hash_based,1,28,11,15.785,25.516,0.9995,0.9995,74,0,0,74,37,35,36,0.011692,0.008612,0.027052,1,1,1,2469.4
hash_based,1,29,0,15.494,25.128,0.9995,0.9995,71,0,0,71,37,35,36,0.011416,0.008413,0.026652,1,1,1,2469.4
hash_based,1,30,11,15.36,24.652,0.9994,0.9994,73,0,0,73,41,39,39,0.011531,0.00844,0.02611,1,1,1,2469.4
hash_based,1,31,1,15.36,24.652,0.9988,0.9988,73,0,0,73,42,39,39,0.011531,0.00844,0.02611,1,1,1,2469.4
hash_based,1,32,1,15.547,24.666,0.999,0.999,74,0,0,74,42,40,39,0.011493,0.009019,0.02613,1,1,1,2469.4
hash_based,1,33,1,15.641,25.0,0.9983,0.9983,69,0,0,69,43,40,39,0.012129,0.008365,0.02643,1,1,1,2469.4
hash_based,1,34,1,15.489,24.97,0.9984,0.9984,70,0,0,70,43,41,39,0.011579,0.008431,0.026458,1,1,1,2469.4
hash_based,1,35,1,15.378,24.639,0.9975,0.9975,71,0,0,71,44,41,39,0.011627,0.008421,0.026085,1,1,1,2469.4
hash_based,1,36,1,15.504,24.68,0.9976,0.9976,71,0,0,71,44,42,39,0.012033,0.008393,0.026085,1,1,1,2469.4
hash_based,1,37,11,15.738,25.312,0.9996,0.9996,69,0,0,69,46,44,46,0.012033,0.008393,0.026787,1,1,1,2469.4
hash_based,1,38,1,15.711,24.842,0.9999,0.9999,71,0,0,71,46,45,46,0.011716,0.009118,0.0263,1,1,1,2469.4
hash_based,1,39,11,15.698,25.579,0.9994,0.9994,73,0,0,73,48,49,51,0.011483,0.008467,0.027145,1,1,1,2469.4
hash_based,1,40,11,15.545,24.869,0.9983,0.9983,75,0,0,75,52,51,56,0.0116,0.008691,0.026343,1,1,1,2469.4
hash_based,1,41,11,15.391,24.418,0.9966,0.9966,71,0,0,71,53,56,61,0.011791,0.008561,0.025821,1,1,1,2469.4
hash_based,1,42,1,15.665,24.5,0.9967,0.9967,71,0,0,71,53,57,61,0.012614,0.008561,0.025821,1,1,1,2469.4
hash_based,1,43,11,15.757,24.703,0.9899,0.9899,72,0,0,72,53,61,68,0.012614,0.00861,0.026046,1,1,1,2469.4
hash_based,1,44,11,15.305,24.537,0.9871,0.9871,74,0,0,74,55,65,73,0.011521,0.00841,0.025983,1,1,1,2469.4
hash_based,1,45,1,15.761,25.363,0.9886,0.9886,68,0,0,68,56,65,73,0.011829,0.008588,0.026867,1,1,1,2469.4
hash_based,1,46,1,15.29,24.575,0.9886,0.9886,69,0,0,69,56,66,73,0.011437,0.008399,0.026035,1,1,1,2469.4
hash_based,1,47,1,15.723,24.843,0.9901,0.9901,70,0,0,70,57,66,73,0.011596,0.009257,0.026315,1,1,1,2469.4
hash_based,1,48,1,15.723,24.843,0.99,0.99,70,0,0,70,57,67,73,0.011596,0.009257,0.026315,1,1,1,2469.4
hash_based,1,49,11,15.708,24.501,0.992,0.992,71,0,0,71,61,71,76,0.012962,0.008378,0.025783,1,1,1,2469.4
hash_based,1,50,11,15.8,25.448,0.988,0.988,70,0,0,70,62,76,81,0.011977,0.008479,0.026945,1,1,1,2469.4
hash_based,1,51,1,15.37,24.698,0.9877,0.9877,72,0,0,72,62,77,81,0.011564,0.00839,0.026157,1,1,1,2469.4
hash_based,1,52,1,15.38,24.683,0.9891,0.9891,73,0,0,73,63,77,81,0.011558,0.00844,0.026141,1,1,1,2469.4
hash_based,1,53,11,15.41,24.696,0.9876,0.9876,73,0,0,73,66,79,87,0.011691,0.008397,0.026141,1,1,1,2469.4
hash_based,1,54,0,15.41,24.697,0.9876,0.9876,68,0,0,68,66,79,87,0.011691,0.008397,0.026142,1,1,1,2469.4
hash_based,1,55,1,15.342,24.575,0.9889,0.9889,69,0,0,69,67,79,87,0.011567,0.00844,0.02602,1,1,1,2469.4
hash_based,1,56,11,15.452,24.693,0.988,0.988,71,0,0,71,69,85,90,0.011762,0.008463,0.02613,1,1,1,2469.4
hash_based,1,57,1,15.405,24.738,0.9877,0.9877,69,0,0,69,69,86,90,0.01153,0.008479,0.026205,1,1,1,2469.4
hash_based,1,58,1,15.483,24.995,0.9874,0.9874,70,0,0,70,69,87,90,0.011526,0.00843,0.026492,1,1,1,2469.4
hash_based,1,59,1,15.476,24.993,0.9887,0.9887,70,0,0,70,70,87,90,0.011506,0.00843,0.026492,1,1,1,2469.4
hash_based,1,60,1,15.37,24.617,0.9899,0.9899,71,0,0,71,71,87,90,0.011506,0.008529,0.026074,1,1,1,2469.4
hash_based,1,61,1,15.333,24.659,0.9911,0.9911,72,0,0,72,72,87,90,0.011485,0.008392,0.026123,1,1,1,2469.4
hash_based,1,62,1,15.347,24.631,0.9907,0.9907,69,0,0,69,72,88,90,0.011556,0.0084,0.026084,1,1,1,2469.4
hash_based,1,63,1,15.793,25.011,0.9903,0.9903,70,0,0,70,72,89,90,0.012257,0.008695,0.026428,1,1,1,2469.4
hash_based,1,64,11,15.332,24.525,0.9913,0.9913,72,0,0,72,76,91,95,0.011481,0.008542,0.025974,1,1,1,2469.4
hash_based,1,65,1,15.332,24.525,0.9923,0.9923,72,0,0,72,77,91,95,0.011481,0.008542,0.025974,1,1,1,2469.4
hash_based,1,66,1,15.292,24.516,0.9921,0.9921,69,0,0,69,77,92,95,0.011504,0.008409,0.025962,1,1,1,2469.4
hash_based,1,67,1,15.382,24.725,0.9918,0.9918,70,0,0,70,77,93,95,0.011528,0.008427,0.026191,1,1,1,2469.4
hash_based,1,68,1,15.376,24.707,0.9914,0.9914,71,0,0,71,77,94,95,0.011545,0.008414,0.02617,1,1,1,2469.4
hash_based,1,69,1,15.441,24.883,0.991,0.991,67,0,0,67,77,95,95,0.011517,0.008439,0.026368,1,1,1,2469.4
hash_based,1,70,1,15.416,24.881,0.992,0.992,67,0,0,67,78,95,95,0.011502,0.008379,0.026368,1,1,1,2469.4
hash_based,1,71,11,15.492,25.085,0.9899,0.9899,68,0,0,68,80,97,102,0.011502,0.008379,0.026594,1,1,1,2469.4
hash_based,1,72,1,15.668,25.055,0.9896,0.9896,70,0,0,70,80,98,102,0.011669,0.008793,0.026542,1,1,1,2469.4
hash_based,1,73,1,15.644,25.449,0.9893,0.9893,71,0,0,71,80,99,102,0.011503,0.00843,0.026999,1,1,1,2469.4
hash_based,1,74,1,15.509,25.046,0.9904,0.9904,68,0,0,68,81,99,102,0.011542,0.008439,0.026546,1,1,1,2469.4
hash_based,1,75,11,15.824,25.614,0.9871,0.9871,70,0,0,70,82,104,107,0.011957,0.008384,0.027132,1,1,1,2469.4
hash_based,1,76,1,15.707,25.577,0.9868,0.9868,70,0,0,70,82,105,107,0.011579,0.008411,0.027132,1,1,1,2469.4
hash_based,1,77,1,15.607,25.306,0.9864,0.9864,71,0,0,71,82,106,107,0.011579,0.008411,0.026831,1,1,1,2469.4
hash_based,1,78,11,15.342,24.615,0.9876,0.9876,66,0,0,66,86,108,112,0.011519,0.008436,0.02607,1,1,1,2469.4
hash_based,1,79,1,15.474,24.892,0.9887,0.9887,68,0,0,68,87,108,112,0.011572,0.008478,0.026372,1,1,1,2469.4
hash_based,1,80,11,15.549,24.637,0.99,0.99,69,0,0,69,91,112,115,0.012263,0.008372,0.026012,1,1,1,2469.4
hash_based,1,81,1,15.349,24.46,0.9897,0.9897,71,0,0,71,91,113,115,0.011675,0.008491,0.025881,1,1,1,2469.4
hash_based,1,82,11,15.292,24.443,0.9879,0.9879,71,0,0,71,93,116,121,0.011504,0.008491,0.025881,1,1,1,2469.4
hash_based,1,83,1,15.668,25.526,0.9888,0.9888,69,0,0,69,94,116,121,0.011504,0.008416,0.027084,1,1,1,2469.4
hash_based,1,84,1,15.368,24.622,0.9886,0.9886,70,0,0,70,94,117,121,0.011532,0.008496,0.026077,1,1,1,2469.4
hash_based,1,85,1,15.235,24.34,0.9895,0.9895,71,0,0,71,95,117,121,0.011524,0.008418,0.025764,1,1,1,2469.4
hash_based,1,86,0,15.395,24.767,0.9895,0.9895,68,0,0,68,95,117,121,0.011545,0.008403,0.026236,1,1,1,2469.4
hash_based,1,87,1,15.341,24.577,0.9892,0.9892,69,0,0,69,95,118,121,0.011515,0.00848,0.026028,1,1,1,2469.4
hash_based,1,88,11,15.341,24.577,0.9865,0.9865,69,0,0,69,96,125,124,0.011515,0.00848,0.026028,1,1,1,2469.4
hash_based,1,89,11,15.48,24.969,0.9864,0.9864,72,0,0,72,99,129,128,0.011634,0.008354,0.026451,1,1,1,2469.4
hash_based,1,90,11,15.652,24.953,0.9889,0.9889,69,0,0,69,104,131,132,0.012134,0.008446,0.026377,1,1,1,2469.4
hash_based,1,91,1,15.425,24.774,0.9886,0.9886,70,0,0,70,104,132,132,0.011557,0.008475,0.026243,1,1,1,2469.4
hash_based,1,92,11,15.356,24.638,0.9884,0.9884,72,0,0,72,107,136,136,0.011515,0.008456,0.026096,1,1,1,2469.4
hash_based,1,93,1,15.437,24.663,0.9881,0.9881,72,0,0,72,107,137,136,0.011764,0.008451,0.026096,1,1,1,2469.4
hash_based,1,94,1,15.449,24.694,0.9877,0.9877,73,0,0,73,107,138,136,0.011764,0.008451,0.026131,1,1,1,2469.4
hash_based,1,95,11,15.427,24.834,0.9888,0.9888,71,0,0,71,111,140,141,0.0115,0.008464,0.026316,1,1,1,2469.4
hash_based,1,96,11,15.157,24.089,0.9897,0.9897,77,0,0,77,115,143,145,0.011566,0.008426,0.02548,1,1,1,2469.4
hash_based,1,97,11,15.454,24.789,0.9896,0.9896,76,0,0,76,118,148,148,0.011666,0.00845,0.026247,1,1,1,2469.4
hash_based,1,98,1,15.207,24.308,0.9903,0.9903,72,0,0,72,119,148,148,0.011551,0.008345,0.025726,1,1,1,2469.4
hash_based,1,99,11,15.254,24.322,0.9929,0.9929,72,0,0,72,125,150,151,0.01169,0.008345,0.025726,1,1,1,2469.4
hash_based,1,100,1,15.628,25.245,0.9935,0.9935,74,0,0,74,126,150,151,0.01169,0.008444,0.026751,1,1,1,2469.4
hash_based,1,101,1,15.449,24.837,0.994,0.994,75,0,0,75,127,150,151,0.011564,0.00847,0.026312,1,1,1,2469.4
hash_based,1,102,11,15.365,24.71,0.9937,0.9937,70,0,0,70,130,153,156,0.011509,0.008408,0.026177,1,1,1,2469.4
hash_based,1,103,1,16.051,25.186,0.9936,0.9936,72,0,0,72,130,154,156,0.012784,0.008805,0.026564,1,1,1,2469.4
hash_based,1,104,11,15.586,25.084,0.9934,0.9934,72,0,0,72,133,159,159,0.011761,0.008432,0.026564,1,1,1,2469.4
hash_based,1,105,1,15.385,24.543,0.9939,0.9939,74,0,0,74,134,159,159,0.011761,0.008432,0.025963,1,1,1,2469.4
hash_based,1,106,1,15.383,24.686,0.9944,0.9944,75,0,0,75,135,159,159,0.011543,0.008459,0.026146,1,1,1,2469.4
hash_based,1,107,11,15.688,25.514,0.9961,0.9961,71,0,0,71,141,161,162,0.011647,0.008362,0.027055,1,1,1,2469.4
hash_based,1,108,1,15.485,24.658,0.9965,0.9965,73,0,0,73,142,161,162,0.011516,0.008821,0.026118,1,1,1,2469.4
hash_based,1,109,1,15.483,24.791,0.9969,0.9969,74,0,0,74,143,161,162,0.011851,0.008369,0.026229,1,1,1,2469.4
hash_based,1,110,11,15.42,24.762,0.9949,0.9949,74,0,0,74,143,166,168,0.011564,0.008466,0.026229,1,1,1,2469.4
hash_based,1,111,0,15.413,24.744,0.9949,0.9949,71,0,0,71,143,166,168,0.011564,0.008466,0.026208,1,1,1,2469.4
hash_based,1,112,1,15.351,24.596,0.9954,0.9954,72,0,0,72,144,166,168,0.011554,0.008453,0.026045,1,1,1,2469.4
hash_based,1,113,1,15.837,24.732,0.9952,0.9952,73,0,0,73,144,167,168,0.011448,0.009854,0.026208,1,1,1,2469.4
hash_based,1,114,1,15.438,24.828,0.9956,0.9956,74,0,0,74,145,167,168,0.011563,0.008448,0.026302,1,1,1,2469.4
hash_based,1,115,11,15.476,25.006,0.9965,0.9965,71,0,0,71,150,169,172,0.011529,0.008397,0.026503,1,1,1,2469.4
hash_based,1,116,1,15.45,24.998,0.9968,0.9968,71,0,0,71,151,169,172,0.01145,0.008397,0.026503,1,1,1,2469.4
hash_based,1,117,1,15.363,24.724,0.9967,0.9967,72,0,0,72,151,170,172,0.01145,0.008439,0.026199,1,1,1,2469.4
hash_based,1,118,11,15.653,25.176,0.9969,0.9969,74,0,0,74,155,172,177,0.011708,0.008578,0.026672,1,1,1,2469.4
hash_based,1,119,1,15.59,24.566,0.9972,0.9972,70,0,0,70,156,172,177,0.012268,0.008571,0.025932,1,1,1,2469.4
hash_based,2,0,0,15.376,24.639,1.0,1.0,0,0,0,0,0,0,0,0.011598,0.008442,0.026088,1,1,1,2245.4
hash_based,2,1,11,15.754,24.927,0.8231,0.8231,75,0,0,75,2,3,6,0.011498,0.009344,0.026419,1,1,1,2245.4
hash_based,2,2,1,15.454,24.835,0.8889,0.8889,72,0,0,72,3,3,6,0.011643,0.008419,0.026301,1,1,1,2245.4
hash_based,2,3,1,15.646,24.943,0.9235,0.9235,73,0,0,73,4,3,6,0.011707,0.008816,0.026414,1,1,1,2245.4
hash_based,2,4,1,15.316,24.536,0.9608,0.9608,74,0,0,74,4,4,6,0.011556,0.008415,0.025978,1,1,1,2245.4
hash_based,2,5,1,15.316,24.536,0.974,0.974,74,0,0,74,5,4,6,0.011556,0.008415,0.025978,1,1,1,2245.4
hash_based,2,6,1,15.584,24.758,0.9922,0.9922,71,0,0,71,5,5,6,0.012004,0.008572,0.026175,1,1,1,2245.4
hash_based,2,7,1,15.606,24.508,0.9931,0.9931,72,0,0,72,5,6,6,0.011643,0.009238,0.025937,1,1,1,2245.4
hash_based,2,8,11,15.859,25.669,0.9825,0.9825,73,0,0,73,9,8,11,0.011752,0.008611,0.027215,1,1,1,2245.4
hash_based,2,9,1,15.453,24.557,0.9906,0.9906,70,0,0,70,9,9,11,0.01197,0.008434,0.025956,1,1,1,2245.4
hash_based,2,10,11,15.299,24.505,0.984,0.984,70,0,0,70,11,15,14,0.011442,0.008499,0.025956,1,1,1,2245.4
hash_based,2,11,1,15.484,25.005,0.9917,0.9917,72,0,0,72,12,15,14,0.011442,0.008499,0.026512,1,1,1,2245.4
hash_based,2,12,11,15.429,24.942,0.9568,0.9568,73,0,0,73,13,22,17,0.011475,0.008374,0.026438,1,1,1,2245.4
hash_based,2,13,1,15.225,24.34,0.9663,0.9663,75,0,0,75,14,22,17,0.011514,0.008396,0.025765,1,1,1,2245.4
hash_based,2,14,11,15.558,25.02,0.9766,0.9766,72,0,0,72,19,26,19,0.011814,0.008374,0.026487,1,1,1,2245.4
hash_based,2,15,1,15.4,24.735,0.9801,0.9801,73,0,0,73,20,26,19,0.011521,0.008475,0.026203,1,1,1,2245.4
hash_based,2,16,1,15.389,24.732,0.9745,0.9745,73,0,0,73,20,27,19,0.011489,0.008475,0.026203,1,1,1,2245.4
hash_based,2,17,11,15.438,24.583,0.9702,0.9702,74,0,0,74,23,32,22,0.011489,0.008787,0.026038,1,1,1,2245.4
hash_based,2,18,11,15.836,25.086,0.9668,0.9668,70,0,0,70,26,37,25,0.011925,0.009036,0.026548,1,1,1,2245.4
hash_based,2,19,11,15.424,24.829,0.9555,0.9555,72,0,0,72,27,43,29,0.011574,0.008395,0.026302,1,1,1,2245.4
hash_based,2,20,11,15.375,24.75,0.9682,0.9682,74,0,0,74,33,46,31,0.01148,0.008422,0.026224,1,1,1,2245.4
hash_based,2,21,1,15.373,24.648,0.9702,0.9702,74,0,0,74,34,46,31,0.011624,0.0084,0.026095,1,1,1,2245.4
hash_based,2,22,11,15.373,24.648,0.9743,0.9743,74,0,0,74,36,50,36,0.011624,0.0084,0.026095,1,1,1,2245.4
hash_based,2,23,11,15.447,24.786,0.9885,0.9885,76,0,0,76,40,51,42,0.011604,0.008485,0.026251,1,1,1,2245.4
hash_based,2,24,1,15.413,24.809,0.9893,0.9893,78,0,0,78,40,51,43,0.011555,0.008402,0.026282,1,1,1,2245.4
hash_based,2,25,10,15.403,24.714,0.9963,0.9963,80,0,0,80,45,52,47,0.011565,0.008469,0.026175,1,1,1,2245.4
hash_based,2,26,11,15.431,24.94,0.9969,0.9969,75,0,0,75,48,55,52,0.011526,0.008338,0.02643,1,1,1,2245.4
hash_based,2,27,11,15.447,24.937,0.9986,0.9986,75,0,0,75,53,58,55,0.011503,0.008409,0.02643,1,1,1,2245.4
hash_based,2,28,11,15.614,25.388,0.9964,0.9964,77,0,0,77,54,61,62,0.011503,0.008409,0.026931,1,1,1,2245.4
hash_based,2,29,1,15.361,24.675,0.9973,0.9973,79,0,0,79,55,61,62,0.011489,0.008454,0.02614,1,1,1,2245.4
hash_based,2,30,1,15.893,25.838,0.9981,0.9981,75,0,0,75,56,61,62,0.01157,0.008685,0.027423,1,1,1,2245.4
hash_based,2,31,1,15.472,24.828,0.9978,0.9978,76,0,0,76,56,62,62,0.01172,0.008411,0.026284,1,1,1,2245.4
hash_based,2,32,11,15.383,24.699,0.9983,0.9983,78,0,0,78,60,65,66,0.011577,0.008415,0.026157,1,1,1,2245.4
hash_based,2,33,1,15.355,24.69,0.9981,0.9981,78,0,0,78,60,66,66,0.011485,0.008423,0.026157,1,1,1,2245.4
hash_based,2,34,1,15.197,24.262,0.9987,0.9987,79,0,0,79,61,66,66,0.011485,0.008423,0.025682,1,1,1,2245.4
hash_based,2,35,1,15.683,25.207,0.9984,0.9984,74,0,0,74,61,67,66,0.011929,0.008439,0.026682,1,1,1,2245.4
hash_based,2,36,11,15.443,24.781,0.9991,0.9991,75,0,0,75,66,68,71,0.011672,0.00842,0.026238,1,1,1,2245.4
hash_based,2,37,11,15.784,25.52,0.9973,0.9973,78,0,0,78,68,71,77,0.011867,0.008449,0.027037,1,1,1,2245.4
hash_based,2,38,1,15.495,24.862,0.9978,0.9978,74,0,0,74,69,71,77,0.011604,0.008546,0.026335,1,1,1,2245.4
hash_based,2,39,11,15.464,24.852,0.9976,0.9976,74,0,0,74,72,75,81,0.01151,0.008546,0.026335,1,1,1,2245.4
hash_based,2,40,1,15.35,24.68,0.9977,0.9977,76,0,0,76,72,76,81,0.01151,0.008396,0.026143,1,1,1,2245.4
hash_based,2,41,1,15.633,25.043,0.9977,0.9977,77,0,0,77,72,77,81,0.011802,0.008584,0.026514,1,1,1,2245.4
hash_based,2,42,11,15.35,24.678,0.9969,0.9969,73,0,0,73,75,80,86,0.01151,0.008398,0.026141,1,1,1,2245.4
hash_based,2,43,1,15.356,24.394,0.9974,0.9974,75,0,0,75,76,80,86,0.011917,0.00837,0.02578,1,1,1,2245.4
hash_based,2,44,1,15.455,24.666,0.9975,0.9975,76,0,0,76,76,81,86,0.011564,0.008679,0.026122,1,1,1,2245.4
hash_based,2,45,11,15.455,24.666,0.9972,0.9972,76,0,0,76,79,85,90,0.011564,0.008679,0.026122,1,1,1,2245.4
hash_based,2,46,1,15.485,24.831,0.9971,0.9971,78,0,0,78,79,86,90,0.011507,0.008636,0.026311,1,1,1,2245.4
hash_based,2,47,1,15.429,24.369,0.9977,0.9977,75,0,0,75,80,86,90,0.01219,0.008374,0.025722,1,1,1,2245.4
hash_based,2,48,1,15.443,24.68,0.9973,0.9973,76,0,0,76,80,86,91,0.011712,0.008495,0.026121,1,1,1,2245.4
hash_based,2,49,10,16.295,25.954,0.9959,0.9959,78,0,0,78,82,89,96,0.01307,0.00843,0.027386,1,1,1,2245.4
hash_based,2,50,1,15.753,25.797,0.9965,0.9965,78,0,0,78,83,89,96,0.011493,0.008379,0.027386,1,1,1,2245.4
hash_based,2,51,1,15.429,24.923,0.997,0.997,74,0,0,74,84,89,96,0.011493,0.008379,0.026415,1,1,1,2245.4
hash_based,2,52,11,15.512,24.989,0.9974,0.9974,76,0,0,76,89,91,100,0.011615,0.008445,0.026475,1,1,1,2245.4
hash_based,2,53,1,15.404,24.452,0.9975,0.9975,77,0,0,77,89,92,100,0.011548,0.008777,0.025886,1,1,1,2245.4
hash_based,2,54,11,15.635,25.152,0.9976,0.9976,75,0,0,75,93,95,104,0.011872,0.008405,0.026628,1,1,1,2245.4
hash_based,2,55,1,15.425,24.875,0.9977,0.9977,76,0,0,76,93,96,104,0.011512,0.008402,0.02636,1,1,1,2245.4
hash_based,2,56,11,15.418,24.873,0.9973,0.9973,76,0,0,76,95,101,108,0.011491,0.008402,0.02636,1,1,1,2245.4
hash_based,2,57,1,15.471,25.025,0.9977,0.9977,78,0,0,78,96,101,108,0.011491,0.008392,0.026529,1,1,1,2245.4
hash_based,2,58,1,16.019,25.823,0.998,0.998,79,0,0,79,97,101,108,0.012259,0.008468,0.02733,1,1,1,2245.4
hash_based,2,59,1,15.735,25.684,0.9983,0.9983,76,0,0,76,98,101,108,0.011523,0.008424,0.027258,1,1,1,2245.4
hash_based,2,60,11,15.403,24.654,0.9975,0.9975,78,0,0,78,99,107,112,0.01151,0.008585,0.026115,1,1,1,2245.4
hash_based,2,61,11,15.708,24.937,0.9969,0.9969,80,0,0,80,102,110,117,0.011897,0.008842,0.026386,1,1,1,2245.4
hash_based,2,62,1,15.708,24.937,0.9973,0.9973,80,0,0,80,103,110,117,0.011897,0.008842,0.026386,1,1,1,2245.4
hash_based,2,63,1,15.145,24.148,0.9973,0.9973,76,0,0,76,103,111,117,0.011521,0.008363,0.025551,1,1,1,2245.4
hash_based,2,64,1,15.362,24.634,0.9977,0.9977,77,0,0,77,104,111,117,0.011448,0.008539,0.026099,1,1,1,2245.4
hash_based,2,65,1,15.28,24.484,0.9977,0.9977,78,0,0,78,104,112,117,0.011449,0.008458,0.025932,1,1,1,2245.4
hash_based,2,66,1,15.296,24.557,0.9976,0.9976,79,0,0,79,104,113,117,0.011476,0.008403,0.02601,1,1,1,2245.4
hash_based,2,67,1,15.586,24.646,0.998,0.998,79,0,0,79,105,113,117,0.012374,0.008374,0.02601,1,1,1,2245.4
hash_based,2,68,1,15.695,24.942,0.9979,0.9979,77,0,0,77,105,114,117,0.012374,0.008374,0.026338,1,1,1,2245.4
hash_based,2,69,1,15.934,24.927,0.9978,0.9978,78,0,0,78,105,115,117,0.011911,0.009517,0.026373,1,1,1,2245.4
hash_based,2,70,1,15.67,25.514,0.9982,0.9982,79,0,0,79,106,115,117,0.011418,0.008512,0.02708,1,1,1,2245.4
hash_based,2,71,1,15.368,24.771,0.9985,0.9985,74,0,0,74,107,115,117,0.01148,0.008377,0.026248,1,1,1,2245.4
hash_based,2,72,1,15.401,24.79,0.9988,0.9988,75,0,0,75,108,115,117,0.011491,0.008444,0.026268,1,1,1,2245.4
hash_based,2,73,11,15.41,24.793,0.9982,0.9982,75,0,0,75,110,121,120,0.011517,0.008444,0.026268,1,1,1,2245.4
hash_based,2,74,1,15.598,24.812,0.998,0.998,77,0,0,77,110,122,120,0.011517,0.008988,0.026289,1,1,1,2245.4
hash_based,2,75,11,15.261,24.386,0.9978,0.9978,73,0,0,73,113,126,124,0.011618,0.008361,0.025805,1,1,1,2245.4
hash_based,2,76,1,15.588,25.138,0.9981,0.9981,75,0,0,75,114,126,124,0.011679,0.008452,0.026633,1,1,1,2245.4
hash_based,2,77,1,15.637,25.39,0.9985,0.9985,76,0,0,76,115,126,124,0.011517,0.008463,0.026931,1,1,1,2245.4
hash_based,2,78,1,15.566,24.434,0.9987,0.9987,77,0,0,77,116,126,124,0.011526,0.009305,0.025868,1,1,1,2245.4
hash_based,2,79,1,15.566,24.434,0.9987,0.9987,77,0,0,77,116,126,125,0.011526,0.009305,0.025868,1,1,1,2245.4
hash_based,2,80,10,15.436,24.875,0.9989,0.9989,74,0,0,74,120,130,127,0.011448,0.008494,0.026367,1,1,1,2245.4
hash_based,2,81,1,15.466,24.74,0.9991,0.9991,75,0,0,75,121,130,127,0.011793,0.008426,0.026179,1,1,1,2245.4
hash_based,2,82,1,15.545,24.764,0.9989,0.9989,76,0,0,76,121,131,127,0.011707,0.008714,0.026215,1,1,1,2245.4
hash_based,2,83,1,15.329,24.583,0.9987,0.9987,70,0,0,70,121,132,127,0.01153,0.008424,0.026033,1,1,1,2245.4
hash_based,2,84,11,15.431,24.604,0.9993,0.9993,70,0,0,70,127,135,129,0.011739,0.00852,0.026033,1,1,1,2245.4
hash_based,2,85,11,15.554,24.937,0.9995,0.9995,72,0,0,72,131,138,133,0.011739,0.00852,0.026403,1,1,1,2245.4
hash_based,2,86,11,15.699,25.102,0.9994,0.9994,74,0,0,74,133,141,139,0.01217,0.008389,0.026539,1,1,1,2245.4
hash_based,2,87,1,15.612,24.659,0.9993,0.9993,69,0,0,69,133,142,139,0.012332,0.008476,0.026029,1,1,1,2245.4
hash_based,2,88,1,15.439,24.751,0.9994,0.9994,70,0,0,70,134,142,139,0.01173,0.00839,0.026198,1,1,1,2245.4
hash_based,2,89,1,15.461,24.709,0.9993,0.9993,71,0,0,71,134,143,139,0.011779,0.008459,0.026146,1,1,1,2245.4
hash_based,2,90,1,15.355,24.679,0.9994,0.9994,71,0,0,71,135,143,139,0.011476,0.008443,0.026146,1,1,1,2245.4
hash_based,2,91,1,15.275,24.463,0.9993,0.9993,72,0,0,72,135,144,139,0.011476,0.008443,0.025906,1,1,1,2245.4
hash_based,2,92,11,15.313,24.546,0.999,0.999,69,0,0,69,138,149,142,0.011547,0.008403,0.02599,1,1,1,2245.4
hash_based,2,93,1,15.465,24.794,0.9991,0.9991,71,0,0,71,139,149,142,0.011751,0.008402,0.026243,1,1,1,2245.4
hash_based,2,94,1,15.253,24.175,0.9993,0.9993,72,0,0,72,140,149,142,0.011603,0.008585,0.025572,1,1,1,2245.4
hash_based,2,95,1,15.653,25.399,0.9994,0.9994,68,0,0,68,141,149,142,0.011661,0.008372,0.026926,1,1,1,2245.4
hash_based,2,96,1,15.672,25.405,0.9992,0.9992,68,0,0,68,141,150,142,0.011718,0.008372,0.026926,1,1,1,2245.4
hash_based,2,97,11,15.71,25.298,0.9997,0.9997,69,0,0,69,145,151,148,0.011718,0.008605,0.026807,1,1,1,2245.4
hash_based,2,98,11,15.684,24.597,0.9997,0.9997,71,0,0,71,148,153,154,0.011703,0.009318,0.02603,1,1,1,2245.4
hash_based,2,99,1,15.339,24.648,0.9997,0.9997,73,0,0,73,148,154,154,0.011491,0.008416,0.02611,1,1,1,2245.4
hash_based,2,100,1,15.344,24.547,0.9998,0.9998,68,0,0,68,149,154,154,0.011632,0.008417,0.025982,1,1,1,2245.4
hash_based,2,101,11,15.291,24.535,0.9994,0.9994,68,0,0,68,151,157,160,0.011515,0.008376,0.025982,1,1,1,2245.4
hash_based,2,102,1,15.391,24.805,0.9996,0.9996,70,0,0,70,152,157,160,0.011515,0.008376,0.026282,1,1,1,2245.4
hash_based,2,103,11,15.474,24.956,0.9992,0.9992,71,0,0,71,155,159,166,0.011544,0.008431,0.026446,1,1,1,2245.4
hash_based,2,104,1,15.468,24.985,0.9992,0.9992,68,0,0,68,155,160,166,0.011534,0.00839,0.02648,1,1,1,2245.4
hash_based,2,105,11,15.828,25.978,0.999,0.999,69,0,0,69,159,162,171,0.011506,0.008392,0.027586,1,1,1,2245.4
hash_based,2,106,1,15.569,25.211,0.9989,0.9989,71,0,0,71,159,162,172,0.01153,0.008446,0.026731,1,1,1,2245.4
hash_based,2,107,10,15.568,25.215,0.9987,0.9987,71,0,0,71,160,168,175,0.011575,0.008399,0.026731,1,1,1,2245.4
hash_based,2,108,1,15.244,24.339,0.9988,0.9988,69,0,0,69,161,168,175,0.011575,0.008399,0.025757,1,1,1,2245.4
hash_based,2,109,1,15.386,24.83,0.9988,0.9988,70,0,0,70,161,169,175,0.011481,0.008363,0.026313,1,1,1,2245.4
hash_based,2,110,1,15.573,25.1,0.999,0.999,71,0,0,71,162,169,175,0.011415,0.008682,0.026621,1,1,1,2245.4
hash_based,2,111,1,15.385,24.524,0.999,0.999,72,0,0,72,162,170,175,0.011595,0.008599,0.025961,1,1,1,2245.4
hash_based,2,112,1,15.41,24.89,0.999,0.999,69,0,0,69,162,171,175,0.011484,0.008366,0.02638,1,1,1,2245.4
hash_based,2,113,1,15.434,24.898,0.9991,0.9991,69,0,0,69,163,171,175,0.011556,0.008366,0.02638,1,1,1,2245.4
hash_based,2,114,11,15.522,25.1,0.9988,0.9988,70,0,0,70,165,176,179,0.011556,0.008404,0.026605,1,1,1,2245.4
hash_based,2,115,1,15.568,24.763,0.999,0.999,72,0,0,72,166,176,179,0.01211,0.008425,0.026169,1,1,1,2245.4
hash_based,2,116,1,15.28,24.47,0.9991,0.9991,67,0,0,67,167,176,179,0.011513,0.008418,0.02591,1,1,1,2245.4
hash_based,2,117,11,15.769,24.903,0.9988,0.9988,69,0,0,69,170,178,185,0.01253,0.0085,0.026278,1,1,1,2245.4
hash_based,2,118,1,15.644,25.195,0.9988,0.9988,70,0,0,70,170,179,185,0.011673,0.008562,0.026697,1,1,1,2245.4
hash_based,2,119,11,15.644,25.195,0.9993,0.9993,70,0,0,70,176,181,188,0.011673,0.008562,0.026697,1,1,1,2245.4
hash_based,3,0,0,15.382,24.662,1.0,1.0,0,0,0,0,0,0,0,0.011626,0.008411,0.02611,1,1,1,1773.7
hash_based,3,1,1,15.676,24.746,0.3333,0.3333,0,0,0,0,0,1,0,0.012468,0.008451,0.02611,1,1,1,1773.7
hash_based,3,2,1,15.752,24.95,0.3333,0.3333,70,0,0,70,0,2,0,0.012468,0.008451,0.026337,1,1,1,1773.7
hash_based,3,3,1,15.485,24.894,0.6,0.6,67,0,0,67,1,2,0,0.01146,0.008607,0.026387,1,1,1,1773.7
hash_based,3,4,1,15.46,24.974,0.6667,0.6667,68,0,0,68,2,2,0,0.011524,0.008389,0.026468,1,1,1,1773.7
hash_based,3,5,1,15.82,25.603,0.641,0.641,69,0,0,69,3,2,0,0.011873,0.008458,0.027129,1,1,1,1773.7
hash_based,3,6,11,15.813,25.744,0.9078,0.9078,71,0,0,71,6,3,7,0.011726,0.008411,0.027302,1,1,1,1773.7
hash_based,3,7,1,15.721,25.717,0.9538,0.9538,71,0,0,71,6,4,7,0.011457,0.008403,0.027302,1,1,1,1773.7
hash_based,3,8,1,15.455,25.001,0.9818,0.9818,69,0,0,69,6,5,7,0.011457,0.008403,0.026506,1,1,1,1773.7
hash_based,3,9,1,15.375,24.718,0.9945,0.9945,70,0,0,70,6,6,7,0.011521,0.00842,0.026184,1,1,1,1773.7
hash_based,3,10,1,15.553,25.082,0.995,0.995,71,0,0,71,7,6,7,0.011541,0.00853,0.026587,1,1,1,1773.7
hash_based,3,11,11,15.744,25.542,0.9737,0.9737,67,0,0,67,8,11,12,0.011613,0.00853,0.02709,1,1,1,1773.7
hash_based,3,12,1,15.433,24.749,0.9697,0.9697,68,0,0,68,8,12,12,0.011651,0.008445,0.026204,1,1,1,1773.7
hash_based,3,13,11,15.37,24.73,0.9925,0.9925,68,0,0,68,14,13,16,0.011461,0.008445,0.026204,1,1,1,1773.7
hash_based,3,14,1,15.403,24.834,0.9928,0.9928,70,0,0,70,15,13,16,0.011461,0.008427,0.02632,1,1,1,1773.7
hash_based,3,15,1,15.344,24.65,0.997,0.997,67,0,0,67,15,14,16,0.011556,0.008372,0.026105,1,1,1,1773.7
hash_based,3,16,1,15.661,24.68,0.9991,0.9991,68,0,0,68,15,15,16,0.011658,0.009199,0.026127,1,1,1,1773.7
hash_based,3,17,1,15.354,24.596,0.9991,0.9991,69,0,0,69,16,15,16,0.011588,0.008432,0.026041,1,1,1,1773.7
hash_based,3,18,11,15.545,24.865,0.9976,0.9976,71,0,0,71,20,18,20,0.011664,0.008639,0.026332,1,1,1,1773.7
hash_based,3,19,1,15.545,24.865,0.996,0.996,71,0,0,71,21,18,20,0.011664,0.008639,0.026332,1,1,1,1773.7
hash_based,3,20,1,15.449,24.861,0.9983,0.9983,68,0,0,68,21,19,20,0.011575,0.008434,0.026337,1,1,1,1773.7
hash_based,3,21,1,15.285,24.491,0.9963,0.9963,68,0,0,68,22,19,20,0.011533,0.008391,0.025931,1,1,1,1773.7
hash_based,3,22,11,16.01,24.908,0.9852,0.9852,69,0,0,69,27,20,25,0.013238,0.008586,0.026205,1,1,1,1773.7
hash_based,3,23,11,15.651,25.339,0.9792,0.9792,65,0,0,65,31,22,30,0.011696,0.008401,0.026855,1,1,1,1773.7
hash_based,3,24,1,15.655,25.324,0.9841,0.9841,65,0,0,65,31,23,30,0.011542,0.008567,0.026855,1,1,1,1773.7
hash_based,3,25,1,15.681,25.396,0.9882,0.9882,67,0,0,67,31,24,30,0.011542,0.008567,0.026935,1,1,1,1773.7
hash_based,3,26,1,15.356,24.614,0.9869,0.9869,68,0,0,68,31,24,31,0.011536,0.008464,0.026067,1,1,1,1773.7
hash_based,3,27,10,15.367,24.658,0.9765,0.9765,66,0,0,66,35,25,36,0.011555,0.008432,0.026114,1,1,1,1773.7
hash_based,3,28,1,15.743,24.956,0.9749,0.9749,67,0,0,67,36,25,36,0.011481,0.009296,0.026453,1,1,1,1773.7
hash_based,3,29,1,15.384,24.614,0.973,0.973,68,0,0,68,37,25,36,0.011686,0.008417,0.02605,1,1,1,1773.7
hash_based,3,30,1,15.357,24.605,0.9709,0.9709,68,0,0,68,38,25,36,0.011604,0.008417,0.02605,1,1,1,1773.7
hash_based,3,31,1,15.351,24.581,0.9758,0.9758,69,0,0,69,38,26,36,0.011604,0.008426,0.026023,1,1,1,1773.7
hash_based,3,32,1,15.737,25.185,0.9735,0.9735,67,0,0,67,39,26,36,0.011717,0.008814,0.026681,1,1,1,1773.7
hash_based,3,33,11,15.949,25.471,0.9692,0.9692,69,0,0,69,43,28,41,0.012438,0.008491,0.026919,1,1,1,1773.7
hash_based,3,34,1,15.295,24.453,0.9738,0.9738,70,0,0,70,43,29,41,0.011552,0.008448,0.025886,1,1,1,1773.7
hash_based,3,35,1,15.473,24.802,0.9779,0.9779,66,0,0,66,43,30,41,0.011802,0.008371,0.026247,1,1,1,1773.7
hash_based,3,36,1,15.473,24.802,0.9816,0.9816,66,0,0,66,43,31,41,0.011802,0.008371,0.026247,1,1,1,1773.7
hash_based,3,37,1,15.38,24.706,0.9849,0.9849,67,0,0,67,43,32,41,0.01158,0.008395,0.026165,1,1,1,1773.7
hash_based,3,38,11,15.28,24.467,0.9802,0.9802,69,0,0,69,48,34,45,0.011532,0.008403,0.025904,1,1,1,1773.7
hash_based,3,39,1,15.395,24.71,0.9784,0.9784,70,0,0,70,49,34,45,0.011602,0.008417,0.026166,1,1,1,1773.7
hash_based,3,40,1,15.29,24.558,0.9764,0.9764,66,0,0,66,50,34,45,0.011524,0.008341,0.026006,1,1,1,1773.7
hash_based,3,41,11,15.563,24.558,0.9848,0.9848,66,0,0,66,53,39,48,0.011523,0.009159,0.026006,1,1,1,1773.7
hash_based,3,42,11,15.627,24.73,0.9828,0.9828,68,0,0,68,56,41,54,0.011523,0.009159,0.026198,1,1,1,1773.7
hash_based,3,43,1,15.436,24.855,0.9853,0.9853,70,0,0,70,56,42,54,0.011579,0.008398,0.02633,1,1,1,1773.7
hash_based,3,44,1,15.329,24.676,0.9876,0.9876,65,0,0,65,56,43,54,0.011474,0.008369,0.026143,1,1,1,1773.7
hash_based,3,45,1,15.526,24.779,0.9864,0.9864,66,0,0,66,57,43,54,0.011964,0.008411,0.026203,1,1,1,1773.7
hash_based,3,46,1,15.297,24.469,0.9886,0.9886,67,0,0,67,57,44,54,0.011555,0.008431,0.025904,1,1,1,1773.7
hash_based,3,47,1,15.301,24.47,0.9905,0.9905,67,0,0,67,57,45,54,0.011568,0.008431,0.025904,1,1,1,1773.7
hash_based,3,48,1,15.426,24.878,0.9922,0.9922,65,0,0,65,57,46,54,0.011568,0.008352,0.026357,1,1,1,1773.7
hash_based,3,49,1,15.433,24.695,0.9937,0.9937,66,0,0,66,57,47,54,0.011706,0.008455,0.026138,1,1,1,1773.7
hash_based,3,50,11,15.345,24.429,0.9914,0.9914,67,0,0,67,61,49,59,0.011637,0.008547,0.02585,1,1,1,1773.7
hash_based,3,51,1,15.84,25.188,0.9929,0.9929,69,0,0,69,61,50,59,0.012469,0.00845,0.026601,1,1,1,1773.7
hash_based,3,52,1,15.463,24.973,0.9943,0.9943,65,0,0,65,61,51,59,0.011568,0.008359,0.026463,1,1,1,1773.7
hash_based,3,53,11,15.463,24.973,0.9956,0.9956,65,0,0,65,64,55,63,0.011568,0.008359,0.026463,1,1,1,1773.7
hash_based,3,54,11,15.353,24.601,0.9964,0.9964,67,0,0,67,66,59,68,0.01158,0.00843,0.026048,1,1,1,1773.7
hash_based,3,55,1,15.426,24.768,0.9961,0.9961,69,0,0,69,67,59,68,0.011638,0.008413,0.026227,1,1,1,1773.7
hash_based,3,56,0,15.515,25.077,0.9961,0.9961,64,0,0,64,67,59,68,0.01155,0.008414,0.02658,1,1,1,1773.7
hash_based,3,57,11,15.409,24.811,0.9968,0.9968,66,0,0,66,70,63,72,0.011536,0.008406,0.026286,1,1,1,1773.7
hash_based,3,58,1,15.394,24.805,0.9976,0.9976,66,0,0,66,70,64,72,0.011479,0.008417,0.026286,1,1,1,1773.7
hash_based,3,59,11,15.359,24.71,0.9954,0.9954,67,0,0,67,73,66,78,0.011479,0.008417,0.02618,1,1,1,1773.7
hash_based,3,60,1,15.342,24.592,0.9962,0.9962,66,0,0,66,73,67,78,0.011536,0.008448,0.026043,1,1,1,1773.7
hash_based,3,61,11,15.451,24.922,0.9885,0.9885,68,0,0,68,75,67,87,0.011553,0.008394,0.026407,1,1,1,1773.7
hash_based,3,62,1,15.643,25.523,0.9887,0.9887,69,0,0,69,76,67,87,0.01143,0.00841,0.027089,1,1,1,1773.7
hash_based,3,63,1,15.748,24.774,0.9899,0.9899,70,0,0,70,76,68,87,0.011578,0.009425,0.02624,1,1,1,1773.7
hash_based,3,64,1,15.387,24.764,0.99,0.99,70,0,0,70,77,68,87,0.011481,0.008439,0.02624,1,1,1,1773.7
hash_based,3,65,1,15.396,24.79,0.9901,0.9901,68,0,0,68,78,68,87,0.011481,0.008439,0.026269,1,1,1,1773.7
hash_based,3,66,1,15.386,24.542,0.9912,0.9912,69,0,0,69,78,69,87,0.011521,0.008649,0.025989,1,1,1,1773.7
hash_based,3,67,11,15.156,24.165,0.9869,0.9869,71,0,0,71,82,70,93,0.011463,0.008429,0.025576,1,1,1,1773.7
hash_based,3,68,1,15.377,24.696,0.9881,0.9881,67,0,0,67,82,71,93,0.011626,0.008358,0.026148,1,1,1,1773.7
hash_based,3,69,11,15.296,24.452,0.9849,0.9849,69,0,0,69,85,73,99,0.011569,0.008435,0.025884,1,1,1,1773.7
hash_based,3,70,1,15.266,24.444,0.985,0.985,69,0,0,69,86,73,99,0.011479,0.008435,0.025884,1,1,1,1773.7
hash_based,3,71,1,15.353,24.714,0.9851,0.9851,70,0,0,70,87,73,99,0.011479,0.008396,0.026185,1,1,1,1773.7
hash_based,3,72,1,15.453,24.254,0.9851,0.9851,71,0,0,71,88,73,99,0.011518,0.009173,0.025669,1,1,1,1773.7
hash_based,3,73,1,15.41,24.771,0.9864,0.9864,68,0,0,68,88,74,99,0.011617,0.00838,0.026233,1,1,1,1773.7
hash_based,3,74,11,15.369,24.398,0.9872,0.9872,70,0,0,70,93,77,102,0.011803,0.008506,0.025798,1,1,1,1773.7
hash_based,3,75,1,15.393,24.736,0.9883,0.9883,71,0,0,71,93,78,102,0.011534,0.008441,0.026203,1,1,1,1773.7
hash_based,3,76,1,15.393,24.736,0.9882,0.9882,71,0,0,71,94,78,102,0.011534,0.008441,0.026203,1,1,1,1773.7
hash_based,3,77,11,15.26,24.611,0.9877,0.9877,67,0,0,67,95,82,108,0.01135,0.008345,0.026085,1,1,1,1773.7
hash_based,3,78,1,15.513,25.138,0.9887,0.9887,69,0,0,69,95,83,108,0.011474,0.008409,0.026656,1,1,1,1773.7
hash_based,3,79,1,15.431,24.845,0.9896,0.9896,70,0,0,70,95,84,108,0.011551,0.008421,0.026322,1,1,1,1773.7
hash_based,3,80,11,15.464,24.887,0.9895,0.9895,67,0,0,67,99,87,112,0.011495,0.008522,0.026375,1,1,1,1773.7
hash_based,3,81,1,15.395,24.455,0.9896,0.9896,69,0,0,69,100,87,112,0.011934,0.008406,0.025846,1,1,1,1773.7
hash_based,3,82,11,15.395,24.455,0.987,0.987,69,0,0,69,103,89,118,0.011934,0.008406,0.025846,1,1,1,1773.7
hash_based,3,83,1,15.459,24.864,0.9862,0.9862,71,0,0,71,103,89,119,0.011512,0.008516,0.026348,1,1,1,1773.7
hash_based,3,84,10,15.317,24.583,0.9885,0.9885,73,0,0,73,109,92,120,0.011498,0.008415,0.026037,1,1,1,1773.7
hash_based,3,85,11,15.625,24.75,0.99,0.99,70,0,0,70,113,96,123,0.012261,0.008475,0.026138,1,1,1,1773.7
hash_based,3,86,1,15.407,24.837,0.9908,0.9908,71,0,0,71,113,97,123,0.011527,0.008378,0.026316,1,1,1,1773.7
hash_based,3,87,11,15.645,24.907,0.9949,0.9949,71,0,0,71,116,104,124,0.012231,0.008389,0.026316,1,1,1,1773.7
hash_based,3,88,1,15.617,24.832,0.9948,0.9948,73,0,0,73,117,104,124,0.012231,0.008389,0.026232,1,1,1,1773.7
hash_based,3,89,11,15.263,24.075,0.9941,0.9941,72,0,0,72,123,106,127,0.012001,0.008373,0.025416,1,1,1,1773.7
hash_based,3,90,1,15.457,24.877,0.9948,0.9948,71,0,0,71,123,107,127,0.011552,0.00846,0.026358,1,1,1,1773.7
hash_based,3,91,1,16.129,25.499,0.9953,0.9953,72,0,0,72,123,108,127,0.012792,0.008683,0.026911,1,1,1,1773.7
hash_based,3,92,1,15.578,25.106,0.9959,0.9959,70,0,0,70,123,109,127,0.011617,0.008513,0.026605,1,1,1,1773.7
hash_based,3,93,1,15.654,25.129,0.9964,0.9964,70,0,0,70,123,110,127,0.011843,0.008513,0.026605,1,1,1,1773.7
hash_based,3,94,1,15.417,24.569,0.9962,0.9962,71,0,0,71,124,110,127,0.011843,0.008426,0.025983,1,1,1,1773.7
hash_based,3,95,1,15.563,25.02,0.9967,0.9967,72,0,0,72,124,111,127,0.011741,0.008454,0.026495,1,1,1,1773.7
hash_based,3,96,1,15.357,24.569,0.9966,0.9966,73,0,0,73,125,111,127,0.011581,0.008479,0.026012,1,1,1,1773.7
hash_based,3,97,11,15.338,24.592,0.9956,0.9956,71,0,0,71,130,113,131,0.011534,0.008437,0.026043,1,1,1,1773.7
hash_based,3,98,11,15.462,24.779,0.9953,0.9953,73,0,0,73,133,116,136,0.011466,0.008661,0.026258,1,1,1,1773.7
hash_based,3,99,11,15.462,24.779,0.9955,0.9955,73,0,0,73,135,120,141,0.011466,0.008661,0.026258,1,1,1,1773.7
hash_based,3,100,11,15.437,24.848,0.9936,0.9936,75,0,0,75,139,121,147,0.011589,0.008401,0.026321,1,1,1,1773.7
hash_based,3,101,1,15.378,24.515,0.9942,0.9942,72,0,0,72,139,122,147,0.011508,0.008665,0.02596,1,1,1,1773.7
hash_based,3,102,1,16.121,25.472,0.9947,0.9947,73,0,0,73,139,123,147,0.012525,0.008927,0.026911,1,1,1,1773.7
hash_based,3,103,1,15.502,24.847,0.9946,0.9946,74,0,0,74,140,123,147,0.011711,0.008488,0.026307,1,1,1,1773.7
hash_based,3,104,1,15.357,24.652,0.9945,0.9945,75,0,0,75,141,123,147,0.011517,0.008442,0.026112,1,1,1,1773.7
hash_based,3,105,1,15.357,24.652,0.9944,0.9944,75,0,0,75,142,123,147,0.011517,0.008442,0.026112,1,1,1,1773.7
hash_based,3,106,11,15.67,25.512,0.9928,0.9928,71,0,0,71,144,125,154,0.011494,0.008445,0.02707,1,1,1,1773.7
hash_based,3,107,11,15.241,24.369,0.9886,0.9886,73,0,0,73,144,126,164,0.011538,0.008389,0.025795,1,1,1,1773.7
hash_based,3,108,11,15.428,24.771,0.988,0.988,75,0,0,75,147,129,169,0.011609,0.008441,0.026233,1,1,1,1773.7
hash_based,3,109,1,15.82,25.781,0.9874,0.9874,72,0,0,72,147,129,170,0.011751,0.008368,0.02734,1,1,1,1773.7
hash_based,3,110,10,15.779,25.762,0.9883,0.9883,72,0,0,72,148,134,174,0.01156,0.008436,0.02734,1,1,1,1773.7
hash_based,3,111,1,15.329,24.549,0.9884,0.9884,74,0,0,74,149,134,174,0.01156,0.008436,0.025992,1,1,1,1773.7
hash_based,3,112,1,15.822,25.828,0.989,0.989,75,0,0,75,149,135,174,0.011402,0.008632,0.027431,1,1,1,1773.7
hash_based,3,113,11,15.515,25.074,0.9913,0.9913,73,0,0,73,152,141,176,0.011542,0.008426,0.026578,1,1,1,1773.7
hash_based,3,114,1,15.647,25.432,0.9918,0.9918,74,0,0,74,152,142,176,0.011572,0.008396,0.026972,1,1,1,1773.7
hash_based,3,115,11,15.404,24.805,0.9934,0.9934,76,0,0,76,156,147,178,0.011492,0.008435,0.026284,1,1,1,1773.7
hash_based,3,116,1,15.557,24.83,0.9936,0.9936,76,0,0,76,157,147,178,0.011747,0.008639,0.026284,1,1,1,1773.7
hash_based,3,117,11,15.661,25.113,0.9935,0.9935,77,0,0,77,161,150,182,0.011747,0.008639,0.026598,1,1,1,1773.7
hash_based,3,118,1,15.422,24.672,0.9936,0.9936,74,0,0,74,162,150,182,0.011735,0.008422,0.02611,1,1,1,1773.7
hash_based,3,119,11,15.382,24.809,0.9938,0.9938,76,0,0,76,165,154,186,0.011582,0.008286,0.026279,1,1,1,1773.7
hash_based,4,0,0,15.485,25.126,1.0,1.0,0,0,0,0,0,0,0,0.01146,0.008352,0.026644,1,1,1,1885.0
hash_based,4,1,11,15.446,24.719,0.9837,0.9837,75,0,0,75,4,4,3,0.011777,0.008404,0.026157,1,1,1,1885.0
hash_based,4,2,1,15.457,24.695,0.96,0.96,75,0,0,75,4,5,3,0.011536,0.008677,0.026157,1,1,1,1885.0
hash_based,4,3,11,15.484,24.769,0.9962,0.9962,76,0,0,76,8,8,7,0.011536,0.008677,0.026239,1,1,1,1885.0
hash_based,4,4,1,15.457,24.688,0.9897,0.9897,78,0,0,78,9,8,7,0.011813,0.00844,0.026119,1,1,1,1885.0
hash_based,4,5,11,15.554,25.174,0.9563,0.9563,75,0,0,75,15,11,9,0.011598,0.008381,0.026683,1,1,1,1885.0
hash_based,4,6,1,15.677,25.174,0.96,0.96,76,0,0,76,15,12,9,0.011823,0.00855,0.026658,1,1,1,1885.0
hash_based,4,7,1,15.592,24.471,0.9487,0.9487,77,0,0,77,16,12,9,0.012455,0.008514,0.025806,1,1,1,1885.0
hash_based,4,8,1,15.293,24.394,0.9513,0.9513,77,0,0,77,16,13,9,0.011688,0.008386,0.025806,1,1,1,1885.0
hash_based,4,9,1,15.449,24.815,0.9512,0.9512,74,0,0,74,16,14,9,0.011688,0.008386,0.026274,1,1,1,1885.0
hash_based,4,10,1,15.411,24.7,0.949,0.949,75,0,0,75,16,15,9,0.011599,0.008479,0.026156,1,1,1,1885.0
hash_based,4,11,1,15.996,25.336,0.9449,0.9449,76,0,0,76,16,16,9,0.011872,0.009284,0.026832,1,1,1,1885.0
hash_based,4,12,1,15.469,25.006,0.9393,0.9393,77,0,0,77,16,17,9,0.011523,0.008379,0.026504,1,1,1,1885.0
hash_based,4,13,11,15.424,24.883,0.9743,0.9743,74,0,0,74,21,18,14,0.011475,0.008424,0.026373,1,1,1,1885.0
hash_based,4,14,1,15.537,24.917,0.9681,0.9681,74,0,0,74,22,18,14,0.011812,0.008427,0.026373,1,1,1,1885.0
hash_based,4,15,1,15.457,24.701,0.9686,0.9686,75,0,0,75,22,19,14,0.011812,0.008427,0.026133,1,1,1,1885.0
hash_based,4,16,1,15.534,25.106,0.9679,0.9679,76,0,0,76,22,20,14,0.01157,0.008421,0.02661,1,1,1,1885.0
hash_based,4,17,1,15.854,25.169,0.9627,0.9627,72,0,0,72,23,20,14,0.011512,0.009362,0.026687,1,1,1,1885.0
hash_based,4,18,1,15.373,24.704,0.9568,0.9568,73,0,0,73,24,20,14,0.011542,0.008412,0.026166,1,1,1,1885.0
hash_based,4,19,11,15.783,25.211,0.933,0.933,75,0,0,75,30,24,15,0.012318,0.008388,0.026644,1,1,1,1885.0
hash_based,4,20,11,15.606,25.161,0.9465,0.9465,75,0,0,75,33,29,18,0.011813,0.00836,0.026644,1,1,1,1885.0
hash_based,4,21,1,15.566,25.053,0.9455,0.9455,77,0,0,77,33,30,18,0.011813,0.00836,0.026524,1,1,1,1885.0
hash_based,4,22,1,15.659,25.21,0.9417,0.9417,72,0,0,72,34,30,18,0.011839,0.008443,0.026696,1,1,1,1885.0
hash_based,4,23,11,15.232,24.314,0.9652,0.9652,73,0,0,73,37,33,23,0.011511,0.008449,0.025737,1,1,1,1885.0
hash_based,4,24,11,15.657,24.9,0.9813,0.9813,75,0,0,75,39,37,28,0.012278,0.008391,0.026303,1,1,1,1885.0
hash_based,4,25,11,15.331,24.605,0.9904,0.9904,72,0,0,72,41,41,33,0.011521,0.008414,0.026059,1,1,1,1885.0
hash_based,4,26,1,15.405,24.625,0.9893,0.9893,72,0,0,72,41,42,33,0.011718,0.008439,0.026059,1,1,1,1885.0
hash_based,4,27,1,15.532,24.968,0.9879,0.9879,74,0,0,74,41,43,33,0.011718,0.008439,0.02644,1,1,1,1885.0
hash_based,4,28,0,15.775,25.027,0.9879,0.9879,75,0,0,75,41,43,33,0.012474,0.00843,0.026422,1,1,1,1885.0
hash_based,4,29,1,15.341,24.578,0.9871,0.9871,72,0,0,72,42,43,33,0.011559,0.00844,0.026025,1,1,1,1885.0
hash_based,4,30,11,15.484,24.965,0.9932,0.9932,74,0,0,74,45,46,38,0.011532,0.008462,0.026457,1,1,1,1885.0
hash_based,4,31,1,15.369,24.644,0.9921,0.9921,75,0,0,75,45,47,38,0.011589,0.008422,0.026095,1,1,1,1885.0
hash_based,4,32,11,15.438,24.662,0.9916,0.9916,75,0,0,75,49,51,41,0.011763,0.008457,0.026095,1,1,1,1885.0
hash_based,4,33,1,15.437,24.657,0.9911,0.9911,77,0,0,77,50,51,41,0.011763,0.008457,0.02609,1,1,1,1885.0
hash_based,4,34,1,15.49,24.92,0.99,0.99,74,0,0,74,50,52,41,0.011599,0.00847,0.0264,1,1,1,1885.0
hash_based,4,35,1,15.671,25.435,0.9894,0.9894,75,0,0,75,51,52,41,0.011556,0.00848,0.026977,1,1,1,1885.0
hash_based,4,36,11,15.931,25.976,0.994,0.994,77,0,0,77,54,55,46,0.011811,0.008432,0.02755,1,1,1,1885.0
hash_based,4,37,1,15.496,24.962,0.9931,0.9931,72,0,0,72,54,56,46,0.011546,0.008488,0.026453,1,1,1,1885.0
hash_based,4,38,1,15.513,24.967,0.9922,0.9922,72,0,0,72,54,57,46,0.011597,0.008488,0.026453,1,1,1,1885.0
hash_based,4,39,11,15.47,24.927,0.9847,0.9847,73,0,0,73,55,65,48,0.011597,0.008404,0.026408,1,1,1,1885.0
hash_based,4,40,1,15.381,24.651,0.985,0.985,75,0,0,75,56,65,48,0.011577,0.008461,0.026104,1,1,1,1885.0
hash_based,4,41,1,15.494,24.982,0.9834,0.9834,76,0,0,76,56,66,48,0.011567,0.008443,0.026473,1,1,1,1885.0
hash_based,4,42,1,15.449,24.914,0.9837,0.9837,73,0,0,73,57,66,48,0.011513,0.008432,0.026403,1,1,1,1885.0
hash_based,4,43,1,15.316,24.545,0.9838,0.9838,74,0,0,74,58,66,48,0.011541,0.008418,0.02599,1,1,1,1885.0
hash_based,4,44,11,15.286,24.536,0.9824,0.9824,74,0,0,74,61,71,51,0.01145,0.008418,0.02599,1,1,1,1885.0
hash_based,4,45,1,15.627,24.882,0.9825,0.9825,76,0,0,76,62,71,51,0.01145,0.009057,0.026375,1,1,1,1885.0
hash_based,4,46,11,15.633,25.064,0.9877,0.9877,70,0,0,70,68,72,55,0.01185,0.008516,0.026532,1,1,1,1885.0
hash_based,4,47,1,15.959,25.052,0.9873,0.9873,72,0,0,72,69,72,55,0.012838,0.008631,0.026409,1,1,1,1885.0
hash_based,4,48,1,15.499,24.779,0.9864,0.9864,73,0,0,73,69,73,55,0.011796,0.00848,0.026222,1,1,1,1885.0
hash_based,4,49,11,15.317,24.463,0.9887,0.9887,70,0,0,70,73,76,59,0.011601,0.008458,0.025892,1,1,1,1885.0
hash_based,4,50,1,15.283,24.453,0.9879,0.9879,70,0,0,70,73,77,59,0.0115,0.008458,0.025892,1,1,1,1885.0
hash_based,4,51,1,15.253,24.425,0.9875,0.9875,71,0,0,71,74,77,59,0.0115,0.008398,0.025861,1,1,1,1885.0
hash_based,4,52,1,15.324,24.509,0.9871,0.9871,72,0,0,72,75,77,59,0.011596,0.008431,0.025944,1,1,1,1885.0
hash_based,4,53,1,15.841,25.455,0.9863,0.9863,73,0,0,73,75,78,59,0.011964,0.008606,0.026954,1,1,1,1885.0
hash_based,4,54,1,15.506,25.0,0.9858,0.9858,69,0,0,69,76,78,59,0.011588,0.008441,0.02649,1,1,1,1885.0
hash_based,4,55,1,15.53,25.166,0.9852,0.9852,70,0,0,70,77,78,59,0.011531,0.008378,0.026681,1,1,1,1885.0
hash_based,4,56,1,15.548,25.171,0.9845,0.9845,70,0,0,70,77,79,59,0.011585,0.008378,0.026681,1,1,1,1885.0
hash_based,4,57,11,15.737,24.99,0.9865,0.9865,71,0,0,71,80,83,63,0.011585,0.009147,0.02648,1,1,1,1885.0
hash_based,4,58,0,15.465,24.937,0.9865,0.9865,68,0,0,68,80,83,63,0.01155,0.008421,0.026425,1,1,1,1885.0
hash_based,4,59,11,15.328,24.547,0.9919,0.9919,70,0,0,70,83,85,69,0.011565,0.008429,0.02599,1,1,1,1885.0
hash_based,4,60,1,15.581,25.148,0.9916,0.9916,71,0,0,71,84,85,69,0.01162,0.008471,0.026651,1,1,1,1885.0
hash_based,4,61,1,15.533,24.925,0.991,0.991,72,0,0,72,84,86,69,0.01174,0.008468,0.02639,1,1,1,1885.0
hash_based,4,62,11,15.458,24.903,0.99,0.99,72,0,0,72,86,92,72,0.011516,0.008468,0.02639,1,1,1,1885.0
hash_based,4,63,1,15.292,24.517,0.9892,0.9892,69,0,0,69,86,93,72,0.011516,0.0084,0.025961,1,1,1,1885.0
hash_based,4,64,1,15.531,25.106,0.9891,0.9891,70,0,0,70,87,93,72,0.011583,0.0084,0.026609,1,1,1,1885.0
hash_based,4,65,1,15.522,24.876,0.9888,0.9888,71,0,0,71,88,93,72,0.011842,0.008399,0.026324,1,1,1,1885.0
hash_based,4,66,1,15.453,24.882,0.9881,0.9881,67,0,0,67,88,94,72,0.011563,0.008433,0.026362,1,1,1,1885.0
hash_based,4,67,1,15.41,24.719,0.9873,0.9873,68,0,0,68,88,95,72,0.011597,0.008455,0.026177,1,1,1,1885.0
hash_based,4,68,1,15.401,24.716,0.9871,0.9871,68,0,0,68,89,95,72,0.011572,0.008455,0.026177,1,1,1,1885.0
hash_based,4,69,1,15.464,24.895,0.9869,0.9869,69,0,0,69,90,95,72,0.011572,0.008444,0.026375,1,1,1,1885.0
hash_based,4,70,1,15.599,25.048,0.9866,0.9866,70,0,0,70,91,95,72,0.011532,0.008716,0.02655,1,1,1,1885.0
hash_based,4,71,1,15.335,24.658,0.9862,0.9862,67,0,0,67,92,95,72,0.011409,0.008465,0.02613,1,1,1,1885.0
hash_based,4,72,1,15.505,24.964,0.9855,0.9855,68,0,0,68,92,96,72,0.011664,0.008408,0.026442,1,1,1,1885.0
hash_based,4,73,11,15.469,24.934,0.9898,0.9898,70,0,0,70,93,100,78,0.011558,0.00843,0.02642,1,1,1,1885.0
hash_based,4,74,11,15.457,24.93,0.9917,0.9917,70,0,0,70,95,104,83,0.01152,0.00843,0.02642,1,1,1,1885.0
hash_based,4,75,1,15.432,24.847,0.991,0.991,68,0,0,68,95,105,83,0.01152,0.008449,0.026328,1,1,1,1885.0
hash_based,4,76,1,15.533,25.113,0.9903,0.9903,69,0,0,69,95,106,83,0.011493,0.008479,0.026626,1,1,1,1885.0
hash_based,4,77,1,15.645,24.677,0.9903,0.9903,70,0,0,70,96,106,83,0.012197,0.008674,0.026064,1,1,1,1885.0
hash_based,4,78,11,15.309,24.412,0.9926,0.9926,69,0,0,69,102,107,87,0.011645,0.008453,0.02583,1,1,1,1885.0
hash_based,4,79,1,15.326,24.364,0.9924,0.9924,70,0,0,70,103,107,87,0.011813,0.008407,0.025759,1,1,1,1885.0
hash_based,4,80,1,15.238,24.338,0.9922,0.9922,70,0,0,70,104,107,87,0.011547,0.008407,0.025759,1,1,1,1885.0
hash_based,4,81,1,15.502,24.817,0.9917,0.9917,71,0,0,71,104,108,87,0.011547,0.008668,0.026291,1,1,1,1885.0
hash_based,4,82,1,15.536,24.957,0.9912,0.9912,72,0,0,72,104,109,87,0.011741,0.008441,0.026425,1,1,1,1885.0
hash_based,4,83,11,15.662,25.426,0.9883,0.9883,67,0,0,67,109,114,88,0.011571,0.008449,0.026966,1,1,1,1885.0
hash_based,4,84,1,15.563,25.121,0.9878,0.9878,69,0,0,69,109,115,88,0.011581,0.008481,0.026626,1,1,1,1885.0
hash_based,4,85,1,15.434,24.902,0.9875,0.9875,70,0,0,70,110,115,88,0.011506,0.008404,0.026391,1,1,1,1885.0
hash_based,4,86,1,15.429,24.901,0.9872,0.9872,70,0,0,70,111,115,88,0.011492,0.008404,0.026391,1,1,1,1885.0
hash_based,4,87,11,15.321,24.574,0.9913,0.9913,65,0,0,65,115,116,94,0.011492,0.008442,0.026028,1,1,1,1885.0
hash_based,4,88,1,16.01,25.789,0.9909,0.9909,67,0,0,67,115,117,94,0.012383,0.008369,0.027279,1,1,1,1885.0
hash_based,4,89,1,15.485,24.855,0.9905,0.9905,68,0,0,68,115,118,94,0.011586,0.008541,0.026329,1,1,1,1885.0
hash_based,4,90,1,15.382,24.687,0.9902,0.9902,69,0,0,69,116,118,94,0.011562,0.008438,0.026145,1,1,1,1885.0
hash_based,4,91,0,15.757,25.312,0.9902,0.9902,65,0,0,65,116,118,94,0.011684,0.008762,0.026826,1,1,1,1885.0
hash_based,4,92,1,15.806,25.326,0.9899,0.9899,65,0,0,65,117,118,94,0.01183,0.008762,0.026826,1,1,1,1885.0
hash_based,4,93,11,15.449,24.679,0.9909,0.9909,67,0,0,67,121,121,98,0.01183,0.00841,0.026107,1,1,1,1885.0
hash_based,4,94,1,15.414,24.783,0.9906,0.9906,68,0,0,68,122,121,98,0.011558,0.00843,0.026253,1,1,1,1885.0
hash_based,4,95,1,15.429,24.772,0.9902,0.9902,65,0,0,65,123,121,98,0.011644,0.008412,0.026231,1,1,1,1885.0
hash_based,4,96,1,15.755,24.917,0.9898,0.9898,66,0,0,66,124,121,98,0.01247,0.008496,0.0263,1,1,1,1885.0
hash_based,4,97,1,15.332,24.559,0.9893,0.9893,67,0,0,67,125,121,98,0.01153,0.008459,0.026007,1,1,1,1885.0
hash_based,4,98,1,15.453,24.596,0.9889,0.9889,67,0,0,67,126,121,98,0.011894,0.008459,0.026007,1,1,1,1885.0
hash_based,4,99,1,15.51,24.714,0.9884,0.9884,64,0,0,64,127,121,98,0.011894,0.008496,0.026139,1,1,1,1885.0
hash_based,4,100,1,15.378,24.691,0.9882,0.9882,65,0,0,65,127,122,98,0.011551,0.008431,0.026151,1,1,1,1885.0
hash_based,4,101,11,15.497,24.968,0.9906,0.9906,67,0,0,67,129,126,103,0.011634,0.008408,0.026449,1,1,1,1885.0
hash_based,4,102,1,15.363,24.667,0.9903,0.9903,68,0,0,68,129,127,103,0.011532,0.00843,0.026127,1,1,1,1885.0
hash_based,4,103,1,15.672,25.454,0.99,0.99,64,0,0,64,130,127,103,0.011513,0.008499,0.027003,1,1,1,1885.0
hash_based,4,104,1,15.684,25.458,0.9897,0.9897,64,0,0,64,130,128,103,0.011551,0.008499,0.027003,1,1,1,1885.0
hash_based,4,105,1,15.486,24.929,0.9893,0.9893,65,0,0,65,131,128,103,0.011551,0.00849,0.026416,1,1,1,1885.0
hash_based,4,106,1,15.783,24.981,0.9889,0.9889,66,0,0,66,132,128,103,0.01244,0.008533,0.026375,1,1,1,1885.0
hash_based,4,107,11,15.57,24.671,0.9898,0.9898,63,0,0,63,136,131,107,0.012245,0.008413,0.026052,1,1,1,1885.0
hash_based,4,108,1,15.601,24.891,0.9896,0.9896,64,0,0,64,136,132,107,0.012036,0.008449,0.026319,1,1,1,1885.0
hash_based,4,109,1,15.463,24.889,0.9893,0.9893,65,0,0,65,136,133,107,0.011576,0.008446,0.026368,1,1,1,1885.0
hash_based,4,110,1,15.521,24.906,0.989,0.989,65,0,0,65,136,134,107,0.01175,0.008446,0.026368,1,1,1,1885.0
hash_based,4,111,1,15.668,24.657,0.9887,0.9887,66,0,0,66,136,135,107,0.01175,0.009162,0.026091,1,1,1,1885.0
hash_based,4,112,1,15.647,24.74,0.9884,0.9884,62,0,0,62,136,136,107,0.011821,0.008945,0.026175,1,1,1,1885.0
hash_based,4,113,1,15.413,24.6,0.9881,0.9881,63,0,0,63,137,136,107,0.01178,0.008435,0.026025,1,1,1,1885.0
hash_based,4,114,1,15.383,24.655,0.9877,0.9877,64,0,0,64,138,136,107,0.011576,0.008464,0.026108,1,1,1,1885.0
hash_based,4,115,11,15.186,24.157,0.9876,0.9876,63,0,0,63,141,141,110,0.011567,0.008435,0.025556,1,1,1,1885.0
hash_based,4,116,1,15.182,24.156,0.9873,0.9873,63,0,0,63,142,141,110,0.011556,0.008435,0.025556,1,1,1,1885.0
hash_based,4,117,1,15.554,25.152,0.9869,0.9869,64,0,0,64,143,141,110,0.011556,0.008442,0.026663,1,1,1,1885.0
hash_based,4,118,1,15.83,24.873,0.9866,0.9866,65,0,0,65,144,141,110,0.011802,0.009363,0.026325,1,1,1,1885.0
hash_based,4,119,1,15.827,25.557,0.9863,0.9863,61,0,0,61,144,142,110,0.011965,0.00845,0.027067,1,1,1,1885.0
hash_based,5,0,0,15.514,25.037,1.0,1.0,0,0,0,0,0,0,0,0.011523,0.008481,0.026539,1,1,1,2036.8
hash_based,5,1,1,15.759,24.965,0.3333,0.3333,62,0,0,62,1,0,0,0.011539,0.009281,0.026457,1,1,1,2036.8
hash_based,5,2,11,15.46,24.86,0.8571,0.8571,61,0,0,61,2,6,4,0.011604,0.008443,0.026333,1,1,1,2036.8
hash_based,5,3,1,15.597,24.994,0.8164,0.8164,62,0,0,62,2,7,4,0.011598,0.008711,0.026482,1,1,1,2036.8
hash_based,5,4,11,15.54,24.321,0.8807,0.8807,64,0,0,64,5,12,7,0.011551,0.009328,0.02574,1,1,1,2036.8
hash_based,5,5,1,15.54,24.321,0.8573,0.8573,64,0,0,64,5,13,7,0.011551,0.009328,0.02574,1,1,1,2036.8
hash_based,5,6,1,15.502,24.791,0.8871,0.8871,65,0,0,65,6,13,7,0.011844,0.008433,0.02623,1,1,1,2036.8
hash_based,5,7,1,15.297,24.606,0.8648,0.8648,62,0,0,62,6,14,7,0.011389,0.008426,0.026075,1,1,1,2036.8
hash_based,5,8,11,15.593,25.1,0.9627,0.9627,64,0,0,64,10,16,12,0.011781,0.008417,0.02658,1,1,1,2036.8
hash_based,5,9,11,15.387,24.736,0.9516,0.9516,66,0,0,66,12,21,16,0.011585,0.008379,0.026197,1,1,1,2036.8
hash_based,5,10,11,15.267,24.389,0.9662,0.9662,63,0,0,63,15,21,24,0.011505,0.008475,0.025821,1,1,1,2036.8
hash_based,5,11,11,15.267,24.389,0.9607,0.9607,63,0,0,63,17,26,28,0.011505,0.008475,0.025821,1,1,1,2036.8
hash_based,5,12,1,15.719,24.793,0.9686,0.9686,65,0,0,65,18,26,28,0.011499,0.009389,0.02627,1,1,1,2036.8
hash_based,5,13,1,15.384,24.684,0.967,0.967,66,0,0,66,18,27,28,0.011528,0.008477,0.026146,1,1,1,2036.8
hash_based,5,14,1,15.534,24.976,0.974,0.974,62,0,0,62,19,27,28,0.011764,0.008395,0.026444,1,1,1,2036.8
hash_based,5,15,1,15.563,25.111,0.9801,0.9801,63,0,0,63,20,27,28,0.011691,0.008397,0.026602,1,1,1,2036.8
hash_based,5,16,11,15.339,24.618,0.9638,0.9638,65,0,0,65,21,31,34,0.011564,0.008384,0.026069,1,1,1,2036.8
hash_based,5,17,1,15.339,24.618,0.97,0.97,65,0,0,65,22,31,34,0.011564,0.008384,0.026069,1,1,1,2036.8
hash_based,5,18,1,15.417,24.781,0.9756,0.9756,66,0,0,66,23,31,34,0.011541,0.008459,0.026252,1,1,1,2036.8
hash_based,5,19,1,15.481,24.674,0.9804,0.9804,63,0,0,63,24,31,34,0.011922,0.00843,0.026091,1,1,1,2036.8
hash_based,5,20,1,15.466,24.899,0.9847,0.9847,64,0,0,64,25,31,34,0.011568,0.00845,0.02638,1,1,1,2036.8
hash_based,5,21,11,15.127,23.996,0.9757,0.9757,69,0,0,69,27,34,40,0.011577,0.008428,0.025376,1,1,1,2036.8
hash_based,5,22,1,15.441,24.936,0.9758,0.9758,63,0,0,63,27,35,40,0.01149,0.008403,0.02643,1,1,1,2036.8
hash_based,5,23,1,15.441,24.936,0.9755,0.9755,63,0,0,63,27,36,40,0.01149,0.008403,0.02643,1,1,1,2036.8
hash_based,5,24,11,15.442,24.649,0.9904,0.9904,64,0,0,64,33,39,42,0.011516,0.008702,0.026108,1,1,1,2036.8
hash_based,5,25,11,15.908,25.314,0.9904,0.9904,66,0,0,66,37,41,47,0.012597,0.008401,0.026727,1,1,1,2036.8
hash_based,5,26,1,15.391,24.735,0.9921,0.9921,68,0,0,68,38,41,47,0.011541,0.00843,0.026201,1,1,1,2036.8
hash_based,5,27,1,15.31,24.52,0.9903,0.9903,65,0,0,65,38,41,48,0.011514,0.008451,0.025965,1,1,1,2036.8
hash_based,5,28,10,15.464,24.773,0.9835,0.9835,67,0,0,67,41,42,54,0.011731,0.008439,0.026222,1,1,1,2036.8
hash_based,5,29,11,15.464,24.773,0.9795,0.9795,67,0,0,67,42,47,59,0.011731,0.008439,0.026222,1,1,1,2036.8
hash_based,5,30,1,15.399,24.675,0.9803,0.9803,69,0,0,69,42,48,59,0.011563,0.008503,0.026132,1,1,1,2036.8
hash_based,5,31,1,15.752,24.929,0.9809,0.9809,66,0,0,66,42,49,59,0.011551,0.00929,0.026416,1,1,1,2036.8
hash_based,5,32,11,15.39,24.701,0.9791,0.9791,68,0,0,68,45,52,64,0.011559,0.008449,0.026161,1,1,1,2036.8
hash_based,5,33,1,15.461,24.971,0.9812,0.9812,69,0,0,69,46,52,64,0.011562,0.00836,0.026461,1,1,1,2036.8
hash_based,5,34,1,15.371,24.657,0.9831,0.9831,66,0,0,66,47,52,64,0.011578,0.008426,0.02611,1,1,1,2036.8
hash_based,5,35,1,15.371,24.657,0.9837,0.9837,66,0,0,66,47,53,64,0.011578,0.008426,0.02611,1,1,1,2036.8
hash_based,5,36,11,15.38,24.708,0.9841,0.9841,67,0,0,67,50,57,68,0.011539,0.008431,0.026171,1,1,1,2036.8
hash_based,5,37,1,15.186,24.193,0.9858,0.9858,69,0,0,69,51,57,68,0.01156,0.008402,0.025597,1,1,1,2036.8
hash_based,5,38,1,15.322,24.544,0.9862,0.9862,70,0,0,70,51,58,68,0.011526,0.008451,0.02599,1,1,1,2036.8
hash_based,5,39,11,15.47,24.907,0.9884,0.9884,68,0,0,68,56,60,72,0.011564,0.008457,0.02639,1,1,1,2036.8
hash_based,5,40,1,15.558,24.933,0.9895,0.9895,68,0,0,68,57,60,72,0.01182,0.008465,0.02639,1,1,1,2036.8
hash_based,5,41,1,15.649,25.177,0.9901,0.9901,69,0,0,69,57,61,72,0.01182,0.008465,0.026661,1,1,1,2036.8
hash_based,5,42,1,15.381,24.571,0.9911,0.9911,70,0,0,70,58,61,72,0.011676,0.008462,0.026004,1,1,1,2036.8
hash_based,5,43,1,15.46,24.747,0.9916,0.9916,67,0,0,67,58,62,72,0.011783,0.008409,0.026187,1,1,1,2036.8
hash_based,5,44,11,15.419,24.434,0.9924,0.9924,69,0,0,69,64,63,76,0.011785,0.008631,0.02584,1,1,1,2036.8
hash_based,5,45,1,15.554,24.795,0.9931,0.9931,70,0,0,70,64,64,76,0.011833,0.008595,0.026235,1,1,1,2036.8
hash_based,5,46,1,15.405,24.77,0.9937,0.9937,70,0,0,70,64,65,76,0.011583,0.008396,0.026235,1,1,1,2036.8
hash_based,5,47,1,15.392,24.736,0.9943,0.9943,71,0,0,71,65,65,76,0.011583,0.008396,0.026198,1,1,1,2036.8
hash_based,5,48,1,15.711,25.192,0.9948,0.9948,68,0,0,68,66,65,76,0.011838,0.00862,0.026676,1,1,1,2036.8
hash_based,5,49,1,15.471,25.03,0.9954,0.9954,69,0,0,69,66,66,76,0.01141,0.008459,0.026543,1,1,1,2036.8
hash_based,5,50,11,15.264,24.389,0.9951,0.9951,70,0,0,70,71,68,80,0.011559,0.00842,0.025814,1,1,1,2036.8
hash_based,5,51,11,15.967,25.578,0.9954,0.9954,68,0,0,68,73,73,84,0.012318,0.008533,0.027051,1,1,1,2036.8
hash_based,5,52,11,15.682,25.523,0.9942,0.9942,68,0,0,68,76,76,89,0.011772,0.008222,0.027051,1,1,1,2036.8
hash_based,5,53,7,15.314,24.531,0.9936,0.9936,71,0,0,71,79,77,92,0.011772,0.008222,0.025949,1,1,1,2036.8
hash_based,5,54,5,15.508,24.788,0.9933,0.9933,73,0,0,73,81,78,94,0.011913,0.008392,0.026218,1,1,1,2036.8
hash_based,5,55,0,15.629,25.399,0.9933,0.9933,70,0,0,70,81,78,94,0.011571,0.008382,0.026935,1,1,1,2036.8
hash_based,5,56,11,15.697,25.322,0.9948,0.9948,72,0,0,72,83,84,97,0.011825,0.008445,0.026822,1,1,1,2036.8
hash_based,5,57,1,15.374,24.627,0.9952,0.9952,73,0,0,73,84,84,97,0.011584,0.008463,0.026076,1,1,1,2036.8
hash_based,5,58,1,15.503,24.638,0.9956,0.9956,73,0,0,73,85,84,97,0.011698,0.008735,0.026076,1,1,1,2036.8
hash_based,5,59,11,15.597,24.891,0.9971,0.9971,74,0,0,74,91,87,99,0.011698,0.008735,0.026357,1,1,1,2036.8
hash_based,5,60,1,15.495,24.793,0.9972,0.9972,73,0,0,73,92,87,99,0.011794,0.008453,0.026237,1,1,1,2036.8
hash_based,5,61,11,15.854,25.752,0.997,0.997,75,0,0,75,96,90,103,0.011624,0.008615,0.027322,1,1,1,2036.8
hash_based,5,62,11,15.409,24.8,0.9952,0.9952,77,0,0,77,101,91,108,0.011514,0.008437,0.026276,1,1,1,2036.8
hash_based,5,63,1,15.774,25.753,0.9958,0.9958,74,0,0,74,101,92,108,0.011499,0.008487,0.027337,1,1,1,2036.8
hash_based,5,64,1,15.329,24.576,0.9957,0.9957,75,0,0,75,102,92,108,0.011581,0.008386,0.02602,1,1,1,2036.8
hash_based,5,65,11,15.329,24.576,0.9961,0.9961,75,0,0,75,105,96,112,0.011581,0.008386,0.02602,1,1,1,2036.8
hash_based,5,66,11,15.377,24.52,0.9948,0.9948,77,0,0,77,107,99,118,0.011765,0.00843,0.025937,1,1,1,2036.8
hash_based,5,67,1,15.357,24.628,0.9953,0.9953,79,0,0,79,107,100,118,0.011542,0.008446,0.026082,1,1,1,2036.8
hash_based,5,68,1,15.529,25.0,0.9958,0.9958,75,0,0,75,107,101,118,0.011651,0.008452,0.026483,1,1,1,2036.8
hash_based,5,69,1,15.377,24.484,0.9963,0.9963,76,0,0,76,107,102,118,0.01153,0.008678,0.025923,1,1,1,2036.8
hash_based,5,70,11,15.383,24.508,0.9979,0.9979,76,0,0,76,109,109,120,0.011772,0.008455,0.025923,1,1,1,2036.8
hash_based,5,71,1,15.642,25.207,0.9981,0.9981,78,0,0,78,110,109,120,0.011772,0.008455,0.0267,1,1,1,2036.8
hash_based,5,72,11,15.445,24.871,0.998,0.998,72,0,0,72,113,113,124,0.011577,0.008411,0.026348,1,1,1,2036.8
hash_based,5,73,11,15.606,25.347,0.9961,0.9961,74,0,0,74,115,115,131,0.011531,0.008406,0.026882,1,1,1,2036.8
hash_based,5,74,1,15.239,24.327,0.9963,0.9963,76,0,0,76,115,116,131,0.011552,0.00842,0.025746,1,1,1,2036.8
hash_based,5,75,11,15.499,24.999,0.9948,0.9948,77,0,0,77,117,119,137,0.011517,0.008482,0.026497,1,1,1,2036.8
hash_based,5,76,1,15.469,24.999,0.995,0.995,77,0,0,77,117,120,137,0.011513,0.008397,0.026497,1,1,1,2036.8
hash_based,5,77,1,15.396,24.801,0.9954,0.9954,75,0,0,75,118,120,137,0.011513,0.008397,0.026278,1,1,1,2036.8
hash_based,5,78,1,15.432,24.67,0.9949,0.9949,76,0,0,76,118,120,138,0.011505,0.008657,0.026133,1,1,1,2036.8
hash_based,5,79,10,15.647,24.655,0.9961,0.9961,78,0,0,78,122,124,140,0.012483,0.008451,0.026008,1,1,1,2036.8
hash_based,5,80,1,15.464,24.976,0.9964,0.9964,75,0,0,75,123,124,140,0.011561,0.008365,0.026467,1,1,1,2036.8
hash_based,5,81,1,15.653,25.425,0.9966,0.9966,76,0,0,76,124,124,140,0.011561,0.008432,0.026966,1,1,1,2036.8
hash_based,5,82,11,15.651,25.426,0.9937,0.9937,76,0,0,76,126,125,148,0.011562,0.008424,0.026966,1,1,1,2036.8
hash_based,5,83,11,15.455,24.897,0.9952,0.9952,78,0,0,78,129,131,150,0.011562,0.008424,0.026379,1,1,1,2036.8
hash_based,5,84,1,15.295,24.508,0.9955,0.9955,76,0,0,76,130,131,150,0.011509,0.008424,0.025952,1,1,1,2036.8
hash_based,5,85,1,15.43,24.766,0.9958,0.9958,77,0,0,77,131,131,150,0.011641,0.008424,0.026224,1,1,1,2036.8
hash_based,5,86,1,15.449,24.895,0.996,0.996,78,0,0,78,131,132,150,0.011527,0.00844,0.02638,1,1,1,2036.8
hash_based,5,87,1,15.457,24.713,0.9962,0.9962,79,0,0,79,131,133,150,0.011848,0.00838,0.026143,1,1,1,2036.8
hash_based,5,88,11,15.448,24.706,0.9973,0.9973,79,0,0,79,135,138,152,0.011777,0.008423,0.026143,1,1,1,2036.8
hash_based,5,89,11,15.656,25.268,0.9968,0.9968,74,0,0,74,139,140,157,0.011777,0.008423,0.026767,1,1,1,2036.8
hash_based,5,90,1,15.368,24.546,0.997,0.997,76,0,0,76,140,140,157,0.011658,0.008468,0.025978,1,1,1,2036.8
hash_based,5,91,11,15.97,25.548,0.9975,0.9975,77,0,0,77,144,144,160,0.012477,0.008434,0.027,1,1,1,2036.8
hash_based,5,92,1,15.592,25.2,0.9976,0.9976,74,0,0,74,145,144,160,0.011612,0.008455,0.02671,1,1,1,2036.8
hash_based,5,93,1,15.362,24.692,0.9978,0.9978,75,0,0,75,146,144,160,0.011524,0.008406,0.026155,1,1,1,2036.8
hash_based,5,94,1,15.367,24.691,0.9979,0.9979,75,0,0,75,147,144,160,0.011518,0.008427,0.026155,1,1,1,2036.8
hash_based,5,95,1,15.455,24.931,0.998,0.998,76,0,0,76,148,144,160,0.011518,0.008427,0.026421,1,1,1,2036.8
hash_based,5,96,1,15.394,24.755,0.998,0.998,77,0,0,77,149,144,160,0.011536,0.008423,0.026224,1,1,1,2036.8
hash_based,5,97,11,15.592,25.061,0.9969,0.9969,73,0,0,73,153,145,166,0.011501,0.008707,0.026568,1,1,1,2036.8
hash_based,5,98,1,15.351,24.59,0.9972,0.9972,75,0,0,75,153,146,166,0.011588,0.00843,0.026035,1,1,1,2036.8
hash_based,5,99,1,15.345,24.635,0.9972,0.9972,76,0,0,76,154,146,166,0.011561,0.008385,0.026088,1,1,1,2036.8
hash_based,5,100,11,15.382,24.635,0.9973,0.9973,76,0,0,76,157,150,170,0.011563,0.008496,0.026088,1,1,1,2036.8
hash_based,5,101,1,15.665,25.398,0.9973,0.9973,74,0,0,74,158,150,170,0.011563,0.008496,0.026935,1,1,1,2036.8
hash_based,5,102,1,15.682,24.954,0.9974,0.9974,75,0,0,75,159,150,170,0.011995,0.008657,0.026394,1,1,1,2036.8
hash_based,5,103,1,15.463,24.691,0.9974,0.9974,76,0,0,76,160,150,170,0.011568,0.008672,0.026149,1,1,1,2036.8
hash_based,5,104,1,15.486,24.773,0.9974,0.9974,74,0,0,74,161,150,170,0.01174,0.008498,0.026221,1,1,1,2036.8
hash_based,5,105,1,15.46,24.716,0.9977,0.9977,75,0,0,75,161,151,170,0.011536,0.008665,0.02618,1,1,1,2036.8
hash_based,5,106,11,15.355,24.71,0.9977,0.9977,75,0,0,75,166,154,173,0.011481,0.008404,0.02618,1,1,1,2036.8
hash_based,5,107,1,15.541,25.213,0.998,0.998,77,0,0,77,166,155,173,0.011481,0.008404,0.026739,1,1,1,2036.8
hash_based,5,108,0,15.981,25.43,0.998,0.998,78,0,0,78,166,155,173,0.011755,0.009239,0.026949,1,1,1,2036.8
hash_based,5,109,2,15.613,25.408,0.998,0.998,74,0,0,74,166,156,174,0.011488,0.008395,0.026955,1,1,1,2036.8
hash_based,5,110,10,15.669,25.321,0.9977,0.9977,76,0,0,76,168,159,179,0.011762,0.008417,0.026828,1,1,1,2036.8
hash_based,5,111,1,15.835,25.409,0.9979,0.9979,77,0,0,77,168,160,179,0.011717,0.008858,0.02693,1,1,1,2036.8
hash_based,5,112,1,15.793,25.412,0.9979,0.9979,77,0,0,77,169,160,179,0.01175,0.008699,0.02693,1,1,1,2036.8
hash_based,5,113,1,15.725,25.228,0.9979,0.9979,73,0,0,73,170,160,179,0.01175,0.008699,0.026726,1,1,1,2036.8
hash_based,5,114,1,15.267,24.328,0.9981,0.9981,74,0,0,74,170,161,179,0.011545,0.008508,0.025748,1,1,1,2036.8
hash_based,5,115,1,15.476,24.914,0.9981,0.9981,75,0,0,75,171,161,179,0.011562,0.008469,0.026398,1,1,1,2036.8
hash_based,5,116,11,15.528,24.619,0.998,0.998,77,0,0,77,175,164,183,0.011771,0.008766,0.026047,1,1,1,2036.8
hash_based,5,117,11,15.458,24.845,0.9979,0.9979,72,0,0,72,177,168,188,0.011546,0.008504,0.026323,1,1,1,2036.8
hash_based,5,118,1,15.623,24.867,0.9981,0.9981,72,0,0,72,177,169,188,0.011762,0.008785,0.026323,1,1,1,2036.8
hash_based,5,119,1,15.62,24.857,0.9983,0.9983,73,0,0,73,177,170,188,0.011762,0.008785,0.026312,1,1,1,2036.8
hash_based,6,0,0,15.428,24.741,1.0,1.0,0,0,0,0,0,0,0,0.011631,0.008454,0.026198,1,1,1,2392.4
hash_based,6,1,11,15.352,24.536,0.938,0.938,71,0,0,71,3,5,3,0.011631,0.008454,0.02597,1,1,1,2392.4
hash_based,6,2,1,15.478,24.712,0.8889,0.8889,73,0,0,73,3,6,3,0.011876,0.00842,0.026138,1,1,1,2392.4
hash_based,6,3,1,15.555,25.162,0.8408,0.8408,74,0,0,74,3,7,3,0.011558,0.008434,0.026674,1,1,1,2392.4
hash_based,6,4,1,15.494,24.859,0.8829,0.8829,69,0,0,69,4,7,3,0.011714,0.008447,0.02632,1,1,1,2392.4
hash_based,6,5,1,15.474,24.72,0.8427,0.8427,70,0,0,70,4,8,3,0.011538,0.0087,0.026185,1,1,1,2392.4
hash_based,6,6,1,15.466,24.744,0.8707,0.8707,70,0,0,70,5,8,3,0.011778,0.008435,0.026185,1,1,1,2392.4
hash_based,6,7,1,15.454,24.712,0.8838,0.8838,71,0,0,71,6,8,3,0.011778,0.008435,0.026149,1,1,1,2392.4
hash_based,6,8,11,15.495,24.966,0.9825,0.9825,67,0,0,67,9,11,8,0.011597,0.008437,0.026452,1,1,1,2392.4
hash_based,6,9,1,15.453,24.914,0.97,0.97,69,0,0,69,9,12,8,0.01154,0.008418,0.0264,1,1,1,2392.4
hash_based,6,10,1,15.386,24.735,0.974,0.974,70,0,0,70,10,12,8,0.011556,0.008403,0.026199,1,1,1,2392.4
hash_based,6,11,11,15.375,24.499,0.9917,0.9917,72,0,0,72,14,15,12,0.011594,0.008599,0.025933,1,1,1,2392.4
hash_based,6,12,11,15.354,24.494,0.9861,0.9861,72,0,0,72,17,20,15,0.011546,0.008584,0.025933,1,1,1,2392.4
hash_based,6,13,11,15.409,24.642,0.9895,0.9895,68,0,0,68,23,22,18,0.011546,0.008584,0.026097,1,1,1,2392.4
hash_based,6,14,1,15.655,25.406,0.9865,0.9865,70,0,0,70,24,22,18,0.011581,0.008443,0.026942,1,1,1,2392.4
hash_based,6,15,11,15.414,24.49,0.9926,0.9926,71,0,0,71,27,26,22,0.011835,0.008512,0.025896,1,1,1,2392.4
hash_based,6,16,1,15.491,25.014,0.9904,0.9904,69,0,0,69,28,26,22,0.011557,0.008406,0.026509,1,1,1,2392.4
hash_based,6,17,1,15.465,24.941,0.9877,0.9877,70,0,0,70,29,26,22,0.01148,0.008479,0.026437,1,1,1,2392.4
hash_based,6,18,11,15.465,24.941,0.9982,0.9982,70,0,0,70,31,29,28,0.01148,0.008479,0.026437,1,1,1,2392.4
hash_based,6,19,1,15.606,25.283,0.9967,0.9967,72,0,0,72,32,29,28,0.011592,0.008422,0.026804,1,1,1,2392.4
hash_based,6,20,11,15.493,24.903,0.9986,0.9986,67,0,0,67,35,33,32,0.01164,0.008462,0.026377,1,1,1,2392.4
hash_based,6,21,1,15.881,26.11,0.9986,0.9986,69,0,0,69,35,34,32,0.011545,0.008371,0.027728,1,1,1,2392.4
hash_based,6,22,1,15.348,24.656,0.9977,0.9977,70,0,0,70,36,34,32,0.01149,0.008436,0.026119,1,1,1,2392.4
hash_based,6,23,11,15.437,24.685,0.9994,0.9994,70,0,0,70,39,37,37,0.011778,0.008414,0.026119,1,1,1,2392.4
hash_based,6,24,1,15.444,24.703,0.9995,0.9995,72,0,0,72,39,38,37,0.011778,0.008414,0.026139,1,1,1,2392.4
hash_based,6,25,11,15.516,25.058,0.9995,0.9995,68,0,0,68,41,41,43,0.011551,0.008437,0.026559,1,1,1,2392.4
hash_based,6,26,0,15.571,25.027,0.9995,0.9995,70,0,0,70,41,41,43,0.011676,0.008528,0.02651,1,1,1,2392.4
hash_based,6,27,1,15.37,24.752,0.9996,0.9996,71,0,0,71,41,42,43,0.011428,0.008449,0.026232,1,1,1,2392.4
hash_based,6,28,11,15.89,26.14,0.998,0.998,69,0,0,69,43,46,48,0.011456,0.008442,0.027772,1,1,1,2392.4
hash_based,6,29,1,15.938,26.155,0.9987,0.9987,69,0,0,69,44,46,48,0.0116,0.008442,0.027772,1,1,1,2392.4
hash_based,6,30,1,15.384,24.596,0.9993,0.9993,70,0,0,70,45,46,48,0.0116,0.008511,0.02604,1,1,1,2392.4
hash_based,6,31,1,15.335,24.593,0.9996,0.9996,71,0,0,71,46,46,48,0.011555,0.008407,0.026042,1,1,1,2392.4
hash_based,6,32,11,15.451,24.516,0.9973,0.9973,68,0,0,68,49,48,54,0.011567,0.008831,0.025955,1,1,1,2392.4
hash_based,6,33,1,15.525,25.104,0.9978,0.9978,69,0,0,69,49,49,54,0.011543,0.00842,0.026611,1,1,1,2392.4
hash_based,6,34,1,15.713,25.113,0.9982,0.9982,69,0,0,69,49,50,54,0.011634,0.008893,0.026611,1,1,1,2392.4
hash_based,6,35,1,15.591,24.786,0.9987,0.9987,70,0,0,70,50,50,54,0.011634,0.008893,0.026247,1,1,1,2392.4
hash_based,6,36,11,16.337,26.435,0.9998,0.9998,71,0,0,71,55,54,56,0.012287,0.008716,0.028007,1,1,1,2392.4
hash_based,6,37,11,15.257,24.28,0.9999,0.9999,70,0,0,70,58,59,59,0.011602,0.00848,0.025689,1,1,1,2392.4
hash_based,6,38,11,15.438,24.778,0.9998,0.9998,72,0,0,72,61,63,63,0.011626,0.00845,0.026239,1,1,1,2392.4
hash_based,6,39,1,15.464,24.778,0.9996,0.9996,73,0,0,73,61,64,63,0.011694,0.008467,0.026232,1,1,1,2392.4
hash_based,6,40,11,15.464,24.778,0.9993,0.9993,73,0,0,73,64,67,68,0.011694,0.008467,0.026232,1,1,1,2392.4
hash_based,6,41,11,15.566,25.274,0.9996,0.9996,71,0,0,71,68,71,71,0.011455,0.008435,0.026809,1,1,1,2392.4
hash_based,6,42,11,15.84,25.703,0.9992,0.9992,73,0,0,73,71,76,74,0.011905,0.00838,0.027236,1,1,1,2392.4
hash_based,6,43,1,15.403,24.813,0.9995,0.9995,75,0,0,75,72,76,74,0.011461,0.00845,0.026297,1,1,1,2392.4
hash_based,6,44,11,15.278,24.445,0.9989,0.9989,73,0,0,73,74,79,80,0.011558,0.008398,0.025877,1,1,1,2392.4
hash_based,6,45,1,15.894,24.47,0.9987,0.9987,73,0,0,73,74,80,80,0.011808,0.009997,0.025877,1,1,1,2392.4
hash_based,6,46,1,15.892,24.464,0.9984,0.9984,74,0,0,74,74,81,80,0.011808,0.009997,0.02587,1,1,1,2392.4
hash_based,6,47,1,15.401,24.771,0.9981,0.9981,75,0,0,75,74,82,80,0.011525,0.008435,0.026243,1,1,1,2392.4
hash_based,6,48,11,15.506,25.087,0.9979,0.9979,76,0,0,76,77,85,85,0.011535,0.008391,0.026593,1,1,1,2392.4
hash_based,6,49,1,15.357,24.698,0.9984,0.9984,74,0,0,74,78,85,85,0.011432,0.008466,0.026172,1,1,1,2392.4
hash_based,6,50,1,16.686,27.555,0.9988,0.9988,75,0,0,75,79,85,85,0.012367,0.008448,0.029242,1,1,1,2392.4
hash_based,6,51,1,16.415,27.473,0.9992,0.9992,75,0,0,75,80,85,85,0.011554,0.008448,0.029242,1,1,1,2392.4
hash_based,6,52,0,15.449,24.92,0.9992,0.9992,76,0,0,76,80,85,85,0.011554,0.008387,0.026405,1,1,1,2392.4
hash_based,6,53,1,15.664,24.7,0.999,0.999,71,0,0,71,80,86,85,0.011579,0.009255,0.026158,1,1,1,2392.4
hash_based,6,54,11,15.445,24.824,0.9981,0.9981,73,0,0,73,82,91,89,0.011585,0.008456,0.026295,1,1,1,2392.4
hash_based,6,55,11,15.694,25.373,0.999,0.999,75,0,0,75,87,93,93,0.01169,0.008498,0.026893,1,1,1,2392.4
hash_based,6,56,11,15.941,25.452,0.9987,0.9987,75,0,0,75,90,98,96,0.012483,0.008447,0.026893,1,1,1,2392.4
hash_based,6,57,11,16.189,26.121,0.9979,0.9979,73,0,0,73,92,101,102,0.012483,0.008447,0.027636,1,1,1,2392.4
hash_based,6,58,1,15.805,25.36,0.9977,0.9977,75,0,0,75,92,102,102,0.011778,0.008767,0.026869,1,1,1,2392.4
hash_based,6,59,1,15.466,24.697,0.9982,0.9982,76,0,0,76,93,102,102,0.011629,0.008619,0.026149,1,1,1,2392.4
hash_based,6,60,1,15.469,24.807,0.9986,0.9986,77,0,0,77,94,102,102,0.011614,0.008519,0.026273,1,1,1,2392.4
hash_based,6,61,1,15.513,24.82,0.9989,0.9989,77,0,0,77,95,102,102,0.011747,0.008519,0.026273,1,1,1,2392.4
hash_based,6,62,11,15.914,25.689,0.9955,0.9955,73,0,0,73,95,103,112,0.011747,0.008757,0.027238,1,1,1,2392.4
hash_based,6,63,1,15.813,25.863,0.9955,0.9955,75,0,0,75,95,104,112,0.011541,0.008443,0.027454,1,1,1,2392.4
hash_based,6,64,11,15.724,25.412,0.9923,0.9923,82,0,0,82,95,109,118,0.011826,0.008425,0.026922,1,1,1,2392.4
hash_based,6,65,11,15.852,25.647,0.9913,0.9913,76,0,0,76,97,114,122,0.01179,0.00858,0.027187,1,1,1,2392.4
hash_based,6,66,1,15.84,25.629,0.9911,0.9911,76,0,0,76,97,115,122,0.011607,0.008726,0.027187,1,1,1,2392.4
hash_based,6,67,1,15.429,24.518,0.9919,0.9919,77,0,0,77,98,115,122,0.011607,0.008726,0.025953,1,1,1,2392.4
hash_based,6,68,11,15.714,25.435,0.99,0.99,78,0,0,78,100,118,128,0.011607,0.008563,0.026971,1,1,1,2392.4
hash_based,6,69,1,15.578,24.852,0.9899,0.9899,76,0,0,76,100,119,128,0.011566,0.008841,0.026328,1,1,1,2392.4
hash_based,6,70,11,15.599,24.882,0.9874,0.9874,78,0,0,78,101,124,133,0.011746,0.00871,0.026342,1,1,1,2392.4
hash_based,6,71,11,15.599,24.882,0.9887,0.9887,78,0,0,78,105,128,136,0.011746,0.00871,0.026342,1,1,1,2392.4
hash_based,6,72,1,15.489,24.333,0.9895,0.9895,80,0,0,80,106,128,136,0.011415,0.009283,0.025768,1,1,1,2392.4
hash_based,6,73,11,15.439,24.577,0.9894,0.9894,75,0,0,75,109,132,140,0.011615,0.008684,0.026017,1,1,1,2392.4
hash_based,6,74,0,15.423,24.874,0.9894,0.9894,77,0,0,77,109,132,140,0.011471,0.008436,0.026363,1,1,1,2392.4
hash_based,6,75,1,15.453,24.897,0.9902,0.9902,78,0,0,78,110,132,140,0.011591,0.008394,0.026375,1,1,1,2392.4
hash_based,6,76,11,15.453,24.897,0.9879,0.9879,78,0,0,78,111,137,145,0.011591,0.008394,0.026375,1,1,1,2392.4
hash_based,6,77,11,15.749,25.314,0.9884,0.9884,81,0,0,81,115,139,150,0.011814,0.008619,0.026814,1,1,1,2392.4
hash_based,6,78,11,15.442,24.444,0.9881,0.9881,78,0,0,78,119,140,156,0.01182,0.008658,0.025847,1,1,1,2392.4
hash_based,6,79,1,15.585,25.016,0.9881,0.9881,79,0,0,79,119,141,156,0.011699,0.008561,0.026496,1,1,1,2392.4
hash_based,6,80,11,15.579,25.014,0.9864,0.9864,79,0,0,79,122,142,163,0.01168,0.008561,0.026496,1,1,1,2392.4
hash_based,6,81,1,15.752,25.654,0.9871,0.9871,81,0,0,81,123,142,163,0.01168,0.00837,0.027207,1,1,1,2392.4
hash_based,6,82,1,15.715,25.291,0.9877,0.9877,77,0,0,77,124,142,163,0.011904,0.008463,0.026779,1,1,1,2392.4
hash_based,6,83,1,15.392,24.778,0.9884,0.9884,78,0,0,78,125,142,163,0.011482,0.008439,0.026255,1,1,1,2392.4
hash_based,6,84,1,15.305,24.412,0.989,0.989,79,0,0,79,126,142,163,0.011667,0.00842,0.025828,1,1,1,2392.4
hash_based,6,85,1,15.362,24.429,0.9891,0.9891,79,0,0,79,126,143,163,0.011837,0.00842,0.025828,1,1,1,2392.4
hash_based,6,86,11,15.777,25.426,0.9904,0.9904,75,0,0,75,132,144,167,0.011837,0.008557,0.026936,1,1,1,2392.4
hash_based,6,87,1,15.787,24.961,0.9909,0.9909,77,0,0,77,133,144,167,0.012555,0.008466,0.026339,1,1,1,2392.4
hash_based,6,88,1,15.618,25.278,0.9914,0.9914,78,0,0,78,134,144,167,0.011522,0.008525,0.026806,1,1,1,2392.4
hash_based,6,89,1,15.312,24.558,0.9919,0.9919,74,0,0,74,135,144,167,0.011497,0.008429,0.026009,1,1,1,2392.4
hash_based,6,90,11,15.398,24.586,0.9927,0.9927,74,0,0,74,139,148,170,0.011783,0.008403,0.026009,1,1,1,2392.4
hash_based,6,91,1,15.407,24.61,0.9931,0.9931,76,0,0,76,140,148,170,0.011783,0.008403,0.026035,1,1,1,2392.4
hash_based,6,92,1,15.709,25.439,0.9935,0.9935,77,0,0,77,141,148,170,0.011436,0.008695,0.026995,1,1,1,2392.4
hash_based,6,93,1,15.54,24.781,0.9939,0.9939,78,0,0,78,142,148,170,0.011792,0.008604,0.026224,1,1,1,2392.4
hash_based,6,94,1,15.273,24.289,0.994,0.994,74,0,0,74,142,149,170,0.011685,0.008446,0.025689,1,1,1,2392.4
hash_based,6,95,11,15.499,24.356,0.9936,0.9936,74,0,0,74,146,151,175,0.012363,0.008446,0.025689,1,1,1,2392.4
hash_based,6,96,1,15.879,24.821,0.9939,0.9939,76,0,0,76,147,151,175,0.012363,0.00907,0.026205,1,1,1,2392.4
hash_based,6,97,11,15.227,24.244,0.9931,0.9931,77,0,0,77,149,155,180,0.011548,0.008479,0.025655,1,1,1,2392.4
hash_based,6,98,11,15.696,25.07,0.9921,0.9921,74,0,0,74,150,160,185,0.011798,0.008746,0.026545,1,1,1,2392.4
hash_based,6,99,1,15.412,24.863,0.9916,0.9916,76,0,0,76,150,160,186,0.011468,0.008416,0.026351,1,1,1,2392.4
hash_based,6,100,10,15.481,24.886,0.9912,0.9912,76,0,0,76,152,164,190,0.011701,0.008391,0.026351,1,1,1,2392.4
hash_based,6,101,11,15.586,25.17,0.9906,0.9906,79,0,0,79,153,170,194,0.011701,0.008391,0.026667,1,1,1,2392.4
hash_based,6,102,1,16.055,26.249,0.9906,0.9906,74,0,0,74,153,171,194,0.011789,0.008521,0.027856,1,1,1,2392.4
hash_based,6,103,1,15.667,25.45,0.9911,0.9911,75,0,0,75,154,171,194,0.011558,0.008451,0.026993,1,1,1,2392.4
hash_based,6,104,11,15.418,24.773,0.9923,0.9923,77,0,0,77,158,176,196,0.011511,0.008497,0.026247,1,1,1,2392.4
hash_based,6,105,11,15.647,24.842,0.9918,0.9918,77,0,0,77,161,179,201,0.012196,0.008497,0.026247,1,1,1,2392.4
hash_based,6,106,11,15.532,24.543,0.9929,0.9929,73,0,0,73,165,184,203,0.012196,0.008486,0.025915,1,1,1,2392.4
hash_based,6,107,11,15.173,24.229,0.9939,0.9939,75,0,0,75,170,187,206,0.011518,0.008359,0.025641,1,1,1,2392.4
hash_based,6,108,11,15.587,25.163,0.9938,0.9938,78,0,0,78,173,191,210,0.011648,0.008448,0.026665,1,1,1,2392.4
hash_based,6,109,11,16.429,26.883,0.994,0.994,80,0,0,80,177,194,214,0.012022,0.00873,0.028534,1,1,1,2392.4
hash_based,6,110,1,16.291,26.841,0.9941,0.9941,80,0,0,80,177,195,214,0.011608,0.00873,0.028534,1,1,1,2392.4
hash_based,6,111,1,15.367,24.627,0.9944,0.9944,77,0,0,77,178,195,214,0.011608,0.008418,0.026074,1,1,1,2392.4
hash_based,6,112,1,15.611,25.365,0.9944,0.9944,78,0,0,78,178,196,214,0.011536,0.008396,0.026902,1,1,1,2392.4
hash_based,6,113,1,15.394,24.609,0.9944,0.9944,79,0,0,79,178,197,214,0.01167,0.008466,0.026047,1,1,1,2392.4
hash_based,6,114,1,15.892,25.868,0.9947,0.9947,76,0,0,76,179,197,214,0.011764,0.008477,0.027435,1,1,1,2392.4
hash_based,6,115,1,16.26,25.978,0.9951,0.9951,76,0,0,76,180,197,214,0.012867,0.008477,0.027435,1,1,1,2392.4
hash_based,6,116,1,15.759,24.623,0.9951,0.9951,77,0,0,77,180,198,214,0.012867,0.00848,0.025929,1,1,1,2392.4
hash_based,6,117,11,15.599,25.293,0.996,0.996,78,0,0,78,186,200,217,0.011553,0.008423,0.02682,1,1,1,2392.4
hash_based,6,118,11,15.518,24.946,0.9959,0.9959,73,0,0,73,190,202,222,0.011484,0.008627,0.026442,1,1,1,2392.4
hash_based,6,119,1,15.757,25.081,0.9959,0.9959,75,0,0,75,190,203,222,0.011712,0.008993,0.026567,1,1,1,2392.4
hash_based,7,0,0,15.832,25.702,1.0,1.0,0,0,0,0,0,0,0,0.011684,0.008551,0.02726,1,1,1,2449.0
hash_based,7,1,11,15.636,25.19,0.8231,0.8231,73,0,0,73,3,2,6,0.011601,0.008606,0.0267,1,1,1,2449.0
hash_based,7,2,1,15.493,24.978,0.8571,0.8571,74,0,0,74,4,2,6,0.011591,0.008423,0.026465,1,1,1,2449.0
hash_based,7,3,11,15.304,24.577,0.9043,0.9043,76,0,0,76,7,5,11,0.011479,0.008401,0.026032,1,1,1,2449.0
hash_based,7,4,1,15.316,24.579,0.9143,0.9143,76,0,0,76,8,5,11,0.011499,0.008417,0.026032,1,1,1,2449.0
hash_based,7,5,1,15.319,24.588,0.9427,0.9427,73,0,0,73,8,6,11,0.011499,0.008417,0.026042,1,1,1,2449.0
hash_based,7,6,11,15.237,24.179,0.9686,0.9686,75,0,0,75,11,10,15,0.011686,0.008459,0.025567,1,1,1,2449.0
hash_based,7,7,11,16.0,26.249,0.8991,0.8991,77,0,0,77,13,11,23,0.011705,0.008429,0.027865,1,1,1,2449.0
hash_based,7,8,1,15.189,24.337,0.9078,0.9078,71,0,0,71,14,11,23,0.011454,0.008344,0.025768,1,1,1,2449.0
hash_based,7,9,11,15.276,24.358,0.9216,0.9216,71,0,0,71,19,13,27,0.011666,0.008395,0.025768,1,1,1,2449.0
hash_based,7,10,1,15.516,25.005,0.9245,0.9245,73,0,0,73,20,13,27,0.011666,0.008395,0.026487,1,1,1,2449.0
hash_based,7,11,1,15.34,24.578,0.9361,0.9361,74,0,0,74,20,14,27,0.011523,0.008467,0.026029,1,1,1,2449.0
hash_based,7,12,1,15.413,24.707,0.9463,0.9463,75,0,0,75,20,15,27,0.011576,0.008496,0.026166,1,1,1,2449.0
hash_based,7,13,11,15.509,25.089,0.9209,0.9209,71,0,0,71,22,17,34,0.011502,0.008425,0.026599,1,1,1,2449.0
hash_based,7,14,1,15.528,25.096,0.9247,0.9247,71,0,0,71,23,17,34,0.011565,0.008419,0.026599,1,1,1,2449.0
hash_based,7,15,1,15.301,24.484,0.9333,0.9333,72,0,0,72,23,18,34,0.011565,0.008419,0.025919,1,1,1,2449.0
hash_based,7,16,1,15.613,25.189,0.9364,0.9364,73,0,0,73,24,18,34,0.011569,0.008569,0.026702,1,1,1,2449.0
hash_based,7,17,1,15.642,24.809,0.9443,0.9443,70,0,0,70,24,19,34,0.012285,0.008441,0.026201,1,1,1,2449.0
hash_based,7,18,1,15.49,24.939,0.9468,0.9468,71,0,0,71,25,19,34,0.011506,0.008531,0.026432,1,1,1,2449.0
hash_based,7,19,1,15.409,24.93,0.9538,0.9538,71,0,0,71,25,20,34,0.011409,0.008387,0.026432,1,1,1,2449.0
hash_based,7,20,1,15.269,24.55,0.9601,0.9601,72,0,0,72,25,21,34,0.011409,0.008387,0.02601,1,1,1,2449.0
hash_based,7,21,11,15.387,24.683,0.9502,0.9502,69,0,0,69,27,24,40,0.011513,0.008501,0.026146,1,1,1,2449.0
hash_based,7,22,11,15.965,25.136,0.958,0.958,71,0,0,71,30,28,44,0.012883,0.008516,0.026497,1,1,1,2449.0
hash_based,7,23,11,15.407,24.676,0.955,0.955,73,0,0,73,34,30,49,0.011707,0.008398,0.026117,1,1,1,2449.0
hash_based,7,24,1,15.675,25.504,0.9508,0.9508,75,0,0,75,34,30,50,0.011557,0.008415,0.027054,1,1,1,2449.0
hash_based,7,25,10,15.675,25.504,0.9594,0.9594,75,0,0,75,38,33,53,0.011557,0.008415,0.027054,1,1,1,2449.0
hash_based,7,26,1,15.91,26.103,0.9611,0.9611,72,0,0,72,39,33,53,0.011605,0.00841,0.027714,1,1,1,2449.0
hash_based,7,27,1,15.323,24.593,0.9646,0.9646,73,0,0,73,39,34,53,0.011502,0.00842,0.026047,1,1,1,2449.0
hash_based,7,28,1,15.342,24.538,0.9661,0.9661,74,0,0,74,40,34,53,0.01164,0.008416,0.025971,1,1,1,2449.0
hash_based,7,29,1,15.733,24.53,0.9694,0.9694,74,0,0,74,40,35,53,0.011563,0.009664,0.025971,1,1,1,2449.0
hash_based,7,30,1,16.198,25.787,0.9723,0.9723,72,0,0,72,40,36,53,0.011563,0.009664,0.027367,1,1,1,2449.0
hash_based,7,31,11,15.457,24.659,0.9532,0.9532,77,0,0,77,42,37,61,0.011803,0.00848,0.026087,1,1,1,2449.0
hash_based,7,32,1,15.409,24.795,0.9564,0.9564,75,0,0,75,42,38,61,0.0115,0.008454,0.026272,1,1,1,2449.0
hash_based,7,33,1,15.445,24.655,0.9583,0.9583,70,0,0,70,43,38,61,0.011651,0.008585,0.0261,1,1,1,2449.0
hash_based,7,34,11,15.905,25.718,0.9616,0.9616,72,0,0,72,47,41,65,0.011809,0.008643,0.027264,1,1,1,2449.0
hash_based,7,35,1,15.905,25.718,0.9643,0.9643,72,0,0,72,47,42,65,0.011809,0.008643,0.027264,1,1,1,2449.0
hash_based,7,36,1,15.314,24.63,0.9657,0.9657,73,0,0,73,48,42,65,0.011466,0.008384,0.026093,1,1,1,2449.0
hash_based,7,37,11,15.647,25.333,0.9653,0.9653,74,0,0,74,50,46,70,0.011577,0.008502,0.026861,1,1,1,2449.0
hash_based,7,38,1,15.474,24.775,0.9667,0.9667,71,0,0,71,51,46,70,0.011536,0.00864,0.026246,1,1,1,2449.0
hash_based,7,39,11,16.285,25.985,0.9592,0.9592,73,0,0,73,55,47,76,0.012355,0.008999,0.0275,1,1,1,2449.0
hash_based,7,40,1,16.285,25.985,0.9618,0.9618,73,0,0,73,55,48,76,0.012355,0.008999,0.0275,1,1,1,2449.0
hash_based,7,41,1,15.564,25.064,0.9641,0.9641,74,0,0,74,55,49,76,0.011555,0.008571,0.026565,1,1,1,2449.0
hash_based,7,42,1,15.437,24.739,0.9663,0.9663,67,0,0,67,55,50,76,0.011691,0.00843,0.026189,1,1,1,2449.0
hash_based,7,43,1,15.61,25.333,0.9684,0.9684,68,0,0,68,55,51,76,0.011576,0.008391,0.026862,1,1,1,2449.0
hash_based,7,44,1,15.51,24.967,0.9703,0.9703,69,0,0,69,55,52,76,0.011613,0.008467,0.026451,1,1,1,2449.0
hash_based,7,45,1,15.51,24.967,0.9715,0.9715,69,0,0,69,56,52,76,0.011613,0.008467,0.026451,1,1,1,2449.0
hash_based,7,46,11,15.362,24.523,0.9731,0.9731,65,0,0,65,60,55,80,0.011663,0.008472,0.025952,1,1,1,2449.0
hash_based,7,47,11,15.181,24.196,0.964,0.964,67,0,0,67,63,56,87,0.011487,0.008447,0.025608,1,1,1,2449.0
hash_based,7,48,1,15.3,24.559,0.9659,0.9659,69,0,0,69,63,57,87,0.011407,0.008472,0.02602,1,1,1,2449.0
hash_based,7,49,1,15.326,24.314,0.967,0.967,67,0,0,67,64,57,87,0.011644,0.008613,0.025722,1,1,1,2449.0
hash_based,7,50,11,15.269,24.297,0.9761,0.9761,67,0,0,67,67,63,89,0.011473,0.008613,0.025722,1,1,1,2449.0
hash_based,7,51,1,15.209,23.976,0.9774,0.9774,69,0,0,69,67,64,89,0.011473,0.008788,0.025365,1,1,1,2449.0
hash_based,7,52,1,15.474,24.309,0.9787,0.9787,70,0,0,70,67,65,89,0.01148,0.009208,0.025735,1,1,1,2449.0
hash_based,7,53,1,15.404,24.518,0.977,0.977,71,0,0,71,67,65,90,0.011879,0.008411,0.025922,1,1,1,2449.0
hash_based,7,54,10,15.615,24.609,0.9713,0.9713,68,0,0,68,70,66,96,0.012494,0.008397,0.025955,1,1,1,2449.0
hash_based,7,55,1,15.293,24.512,0.9722,0.9722,68,0,0,68,71,66,96,0.011528,0.008397,0.025955,1,1,1,2449.0
hash_based,7,56,11,15.416,24.725,0.9742,0.9742,70,0,0,70,73,71,100,0.011528,0.008528,0.026191,1,1,1,2449.0
hash_based,7,57,1,15.34,24.643,0.9754,0.9754,71,0,0,71,73,72,100,0.011484,0.008432,0.026105,1,1,1,2449.0
hash_based,7,58,11,15.309,24.529,0.9707,0.9707,69,0,0,69,78,72,106,0.011553,0.008404,0.025971,1,1,1,2449.0
hash_based,7,59,11,15.684,24.953,0.9727,0.9727,71,0,0,71,80,77,110,0.011499,0.009105,0.026448,1,1,1,2449.0
hash_based,7,60,1,15.686,24.954,0.9736,0.9736,71,0,0,71,81,77,110,0.011506,0.009105,0.026448,1,1,1,2449.0
hash_based,7,61,1,15.369,24.66,0.9748,0.9748,72,0,0,72,81,78,110,0.011506,0.008479,0.026122,1,1,1,2449.0
hash_based,7,62,1,15.257,24.329,0.9758,0.9758,69,0,0,69,81,79,110,0.011617,0.008414,0.025741,1,1,1,2449.0
hash_based,7,63,1,15.413,24.824,0.9768,0.9768,70,0,0,70,81,80,110,0.011525,0.008412,0.026302,1,1,1,2449.0
hash_based,7,64,1,15.282,24.59,0.9777,0.9777,71,0,0,71,82,80,110,0.011373,0.008413,0.026059,1,1,1,2449.0
hash_based,7,65,1,15.39,24.618,0.9785,0.9785,71,0,0,71,83,80,110,0.011647,0.008465,0.026059,1,1,1,2449.0
hash_based,7,66,1,15.325,24.442,0.9795,0.9795,68,0,0,68,83,81,110,0.011647,0.008465,0.025864,1,1,1,2449.0
hash_based,7,67,1,15.35,24.546,0.9802,0.9802,69,0,0,69,84,81,110,0.011485,0.008569,0.025997,1,1,1,2449.0
hash_based,7,68,1,15.919,26.036,0.9811,0.9811,70,0,0,70,84,82,110,0.011673,0.008453,0.027632,1,1,1,2449.0
hash_based,7,69,11,15.737,24.821,0.9815,0.9815,72,0,0,72,89,84,114,0.012635,0.008401,0.026175,1,1,1,2449.0
hash_based,7,70,1,15.566,24.77,0.9821,0.9821,72,0,0,72,90,84,114,0.012121,0.008401,0.026175,1,1,1,2449.0
hash_based,7,71,11,15.584,24.573,0.9863,0.9863,66,0,0,66,94,89,116,0.012121,0.008675,0.025957,1,1,1,2449.0
hash_based,7,72,11,15.283,24.5,0.9872,0.9872,68,0,0,68,95,95,120,0.011509,0.008397,0.025944,1,1,1,2449.0
hash_based,7,73,1,15.597,24.646,0.9877,0.9877,70,0,0,70,95,96,120,0.011502,0.009184,0.026106,1,1,1,2449.0
hash_based,7,74,1,15.552,25.055,0.9882,0.9882,67,0,0,67,95,97,120,0.011566,0.008536,0.026554,1,1,1,2449.0
hash_based,7,75,1,15.558,25.077,0.9888,0.9888,67,0,0,67,96,97,120,0.011785,0.008334,0.026554,1,1,1,2449.0
hash_based,7,76,1,15.29,24.353,0.9893,0.9893,68,0,0,68,96,98,120,0.011785,0.008334,0.02575,1,1,1,2449.0
hash_based,7,77,1,15.17,24.275,0.9898,0.9898,69,0,0,69,96,99,120,0.011469,0.008342,0.025698,1,1,1,2449.0
hash_based,7,78,11,15.264,24.477,0.9901,0.9901,67,0,0,67,100,102,124,0.011485,0.008387,0.025921,1,1,1,2449.0
hash_based,7,79,1,15.496,24.489,0.9905,0.9905,69,0,0,69,100,103,124,0.011503,0.009052,0.025932,1,1,1,2449.0
hash_based,7,80,11,15.429,24.536,0.9869,0.9869,69,0,0,69,103,104,131,0.011974,0.00838,0.025932,1,1,1,2449.0
hash_based,7,81,1,15.481,24.678,0.9874,0.9874,71,0,0,71,103,105,131,0.011974,0.00838,0.02609,1,1,1,2449.0
hash_based,7,82,0,15.531,24.79,0.9874,0.9874,72,0,0,72,103,105,131,0.011492,0.008833,0.026267,1,1,1,2449.0
hash_based,7,83,1,15.408,24.699,0.9879,0.9879,69,0,0,69,103,106,131,0.011425,0.008624,0.026174,1,1,1,2449.0
hash_based,7,84,1,15.396,24.874,0.9883,0.9883,70,0,0,70,103,107,131,0.011449,0.008373,0.026366,1,1,1,2449.0
hash_based,7,85,1,15.654,24.927,0.9887,0.9887,70,0,0,70,103,108,131,0.011979,0.008616,0.026366,1,1,1,2449.0
hash_based,7,86,1,15.53,24.594,0.9893,0.9893,71,0,0,71,104,108,131,0.011979,0.008616,0.025996,1,1,1,2449.0
hash_based,7,87,11,15.413,24.469,0.9897,0.9897,66,0,0,66,105,115,134,0.011633,0.008711,0.025895,1,1,1,2449.0
hash_based,7,88,11,15.524,24.46,0.9933,0.9933,68,0,0,68,111,119,135,0.011512,0.00916,0.025899,1,1,1,2449.0
hash_based,7,89,11,15.602,24.747,0.9917,0.9917,70,0,0,70,112,124,140,0.011545,0.009047,0.026214,1,1,1,2449.0
hash_based,7,90,1,15.598,25.067,0.9918,0.9918,68,0,0,68,112,125,140,0.011784,0.008468,0.026543,1,1,1,2449.0
hash_based,7,91,1,15.598,25.067,0.9924,0.9924,68,0,0,68,113,125,140,0.011784,0.008468,0.026543,1,1,1,2449.0
hash_based,7,92,1,15.391,24.719,0.9929,0.9929,69,0,0,69,114,125,140,0.01154,0.008449,0.026183,1,1,1,2449.0
hash_based,7,93,11,15.483,24.837,0.9922,0.9922,71,0,0,71,117,128,145,0.011776,0.008386,0.026288,1,1,1,2449.0
hash_based,7,94,1,15.565,24.2,0.9927,0.9927,67,0,0,67,118,128,145,0.011765,0.009348,0.025582,1,1,1,2449.0
hash_based,7,95,11,15.604,25.161,0.993,0.993,69,0,0,69,122,131,149,0.011638,0.008509,0.026664,1,1,1,2449.0
hash_based,7,96,11,15.604,25.161,0.9923,0.9923,69,0,0,69,125,134,154,0.011638,0.008509,0.026664,1,1,1,2449.0
hash_based,7,97,11,15.488,24.63,0.9932,0.9932,71,0,0,71,129,138,157,0.011733,0.008668,0.026063,1,1,1,2449.0
hash_based,7,98,11,15.412,24.838,0.993,0.993,73,0,0,73,134,139,162,0.011481,0.008434,0.026322,1,1,1,2449.0
hash_based,7,99,1,15.83,24.934,0.9933,0.9933,70,0,0,70,135,139,162,0.011729,0.00936,0.026401,1,1,1,2449.0
hash_based,7,100,1,15.492,24.912,0.9936,0.9936,71,0,0,71,135,140,162,0.01163,0.008458,0.026388,1,1,1,2449.0
hash_based,7,101,1,15.507,24.917,0.9939,0.9939,71,0,0,71,136,140,162,0.011676,0.008458,0.026388,1,1,1,2449.0
hash_based,7,102,11,15.42,24.63,0.9932,0.9932,72,0,0,72,139,143,167,0.011676,0.008514,0.026069,1,1,1,2449.0
hash_based,7,103,1,15.326,24.572,0.9934,0.9934,70,0,0,70,139,144,167,0.011564,0.008397,0.026017,1,1,1,2449.0
hash_based,7,104,1,15.497,24.826,0.993,0.993,71,0,0,71,139,144,168,0.0115,0.008683,0.026307,1,1,1,2449.0
hash_based,7,105,10,15.556,25.071,0.9937,0.9937,73,0,0,73,144,146,171,0.011531,0.00856,0.026576,1,1,1,2449.0
hash_based,7,106,11,15.61,25.093,0.9906,0.9906,73,0,0,73,147,146,179,0.011751,0.008502,0.026576,1,1,1,2449.0
hash_based,7,107,1,15.414,24.566,0.9909,0.9909,71,0,0,71,148,146,179,0.011751,0.008502,0.02599,1,1,1,2449.0
hash_based,7,108,1,15.461,24.82,0.9912,0.9912,72,0,0,72,148,147,179,0.011608,0.008486,0.026288,1,1,1,2449.0
hash_based,7,109,1,15.786,24.95,0.9916,0.9916,73,0,0,73,148,148,179,0.012027,0.008945,0.026386,1,1,1,2449.0
hash_based,7,110,1,15.279,24.32,0.9918,0.9918,74,0,0,74,148,149,179,0.011552,0.008547,0.025739,1,1,1,2449.0
hash_based,7,111,1,15.249,24.314,0.9921,0.9921,74,0,0,74,148,150,179,0.011492,0.008517,0.025739,1,1,1,2449.0
hash_based,7,112,11,15.359,24.61,0.9921,0.9921,70,0,0,70,150,155,183,0.011492,0.008517,0.026068,1,1,1,2449.0
hash_based,7,113,1,15.62,25.0,0.9923,0.9923,72,0,0,72,150,156,183,0.011817,0.008579,0.026465,1,1,1,2449.0
hash_based,7,114,11,15.4,24.622,0.9932,0.9932,74,0,0,74,155,159,186,0.011414,0.008697,0.026089,1,1,1,2449.0
hash_based,7,115,1,15.571,25.28,0.9934,0.9934,70,0,0,70,155,160,186,0.011496,0.008405,0.026812,1,1,1,2449.0
hash_based,7,116,11,15.476,24.842,0.9922,0.9922,72,0,0,72,159,161,192,0.011702,0.008425,0.026302,1,1,1,2449.0
hash_based,7,117,1,15.476,24.842,0.9925,0.9925,72,0,0,72,160,161,192,0.011702,0.008425,0.026302,1,1,1,2449.0
hash_based,7,118,11,15.12,24.103,0.9918,0.9918,73,0,0,73,162,165,197,0.011507,0.008349,0.025503,1,1,1,2449.0
hash_based,7,119,11,15.416,24.892,0.9926,0.9926,70,0,0,70,166,169,200,0.011468,0.008396,0.026383,1,1,1,2449.0
hash_based,8,0,0,15.415,24.562,1.0,1.0,0,0,0,0,0,0,0,0.01182,0.008446,0.025978,1,1,1,2273.9
hash_based,8,1,1,15.583,24.968,0.3333,0.3333,74,0,0,74,0,1,0,0.01182,0.008499,0.026429,1,1,1,2273.9
hash_based,8,2,11,15.769,25.401,0.8571,0.8571,72,0,0,72,6,4,2,0.011914,0.008494,0.0269,1,1,1,2273.9
hash_based,8,3,1,15.522,25.218,0.8667,0.8667,73,0,0,73,6,5,2,0.011464,0.008355,0.026746,1,1,1,2273.9
hash_based,8,4,1,15.181,24.242,0.8376,0.8376,74,0,0,74,7,5,2,0.011513,0.008374,0.025656,1,1,1,2273.9
hash_based,8,5,1,15.23,24.249,0.8065,0.8065,74,0,0,74,8,5,2,0.011585,0.008448,0.025656,1,1,1,2273.9
hash_based,8,6,1,15.409,24.732,0.7758,0.7758,71,0,0,71,9,5,2,0.011585,0.008448,0.026193,1,1,1,2273.9
hash_based,8,7,11,15.328,24.635,0.8526,0.8526,73,0,0,73,13,10,4,0.011552,0.008342,0.026089,1,1,1,2273.9
hash_based,8,8,11,15.31,24.582,0.8752,0.8752,75,0,0,75,17,15,6,0.011497,0.008396,0.026036,1,1,1,2273.9
hash_based,8,9,1,15.629,24.978,0.8726,0.8726,71,0,0,71,17,16,6,0.011593,0.008828,0.026465,1,1,1,2273.9
hash_based,8,10,1,15.338,24.581,0.8658,0.8658,72,0,0,72,18,16,6,0.01148,0.008497,0.026037,1,1,1,2273.9
hash_based,8,11,1,15.338,24.581,0.8634,0.8634,72,0,0,72,18,17,6,0.01148,0.008497,0.026037,1,1,1,2273.9
hash_based,8,12,1,15.233,24.353,0.8596,0.8596,73,0,0,73,18,18,6,0.011476,0.00844,0.025784,1,1,1,2273.9
hash_based,8,13,1,16.32,27.07,0.8548,0.8548,74,0,0,74,18,19,6,0.011561,0.008606,0.028793,1,1,1,2273.9
hash_based,8,14,1,15.45,24.709,0.8491,0.8491,71,0,0,71,18,20,6,0.011704,0.008491,0.026154,1,1,1,2273.9
hash_based,8,15,11,15.676,24.776,0.8791,0.8791,71,0,0,71,21,25,9,0.012372,0.008502,0.026154,1,1,1,2273.9
hash_based,8,16,11,16.172,26.116,0.8886,0.8886,73,0,0,73,23,31,12,0.012372,0.008502,0.027643,1,1,1,2273.9
hash_based,8,17,1,15.417,24.76,0.8818,0.8818,75,0,0,75,23,32,12,0.011633,0.008399,0.026219,1,1,1,2273.9
hash_based,8,18,1,15.546,24.703,0.8838,0.8838,71,0,0,71,24,32,12,0.011865,0.008642,0.02613,1,1,1,2273.9
hash_based,8,19,1,15.353,24.66,0.8773,0.8773,72,0,0,72,24,33,12,0.011516,0.008422,0.02612,1,1,1,2273.9
hash_based,8,20,11,15.418,24.686,0.9063,0.9063,72,0,0,72,27,37,16,0.011777,0.008356,0.02612,1,1,1,2273.9
hash_based,8,21,1,15.423,24.699,0.9004,0.9004,74,0,0,74,27,38,16,0.011777,0.008356,0.026135,1,1,1,2273.9
hash_based,8,22,11,15.595,25.193,0.925,0.925,71,0,0,71,33,40,19,0.011634,0.008451,0.0267,1,1,1,2273.9
hash_based,8,23,11,15.767,25.789,0.9504,0.9504,73,0,0,73,36,43,24,0.011579,0.008355,0.027368,1,1,1,2273.9
hash_based,8,24,1,15.334,24.58,0.9468,0.9468,75,0,0,75,36,44,24,0.011411,0.008549,0.026043,1,1,1,2273.9
hash_based,8,25,11,15.326,24.394,0.9598,0.9598,80,0,0,80,40,47,28,0.011586,0.008576,0.025817,1,1,1,2273.9
hash_based,8,26,1,15.326,24.394,0.9596,0.9596,80,0,0,80,41,47,28,0.011586,0.008576,0.025817,1,1,1,2273.9
hash_based,8,27,0,16.04,26.147,0.9596,0.9596,73,0,0,73,41,47,28,0.011612,0.008746,0.027762,1,1,1,2273.9
hash_based,8,28,11,15.686,25.69,0.9788,0.9788,75,0,0,75,44,49,34,0.01139,0.008389,0.027279,1,1,1,2273.9
hash_based,8,29,1,15.436,24.817,0.9784,0.9784,76,0,0,76,45,49,34,0.011488,0.008521,0.026298,1,1,1,2273.9
hash_based,8,30,1,15.504,25.01,0.9778,0.9778,71,0,0,71,46,49,34,0.011666,0.008353,0.026493,1,1,1,2273.9
hash_based,8,31,1,15.504,25.01,0.976,0.976,71,0,0,71,46,50,34,0.011666,0.008353,0.026493,1,1,1,2273.9
hash_based,8,32,1,15.424,24.88,0.974,0.974,72,0,0,72,46,51,34,0.0115,0.008404,0.026367,1,1,1,2273.9
hash_based,8,33,1,15.417,24.751,0.9719,0.9719,73,0,0,73,46,52,34,0.011612,0.008428,0.026211,1,1,1,2273.9
hash_based,8,34,1,15.381,24.185,0.9715,0.9715,68,0,0,68,47,52,34,0.011474,0.009073,0.025597,1,1,1,2273.9
hash_based,8,35,1,15.202,24.306,0.971,0.971,69,0,0,69,48,52,34,0.011479,0.008397,0.025731,1,1,1,2273.9
hash_based,8,36,11,15.202,24.306,0.9954,0.9954,69,0,0,69,49,52,44,0.011479,0.008397,0.025731,1,1,1,2273.9
hash_based,8,37,1,15.896,25.714,0.9943,0.9943,71,0,0,71,49,53,44,0.012023,0.008431,0.027235,1,1,1,2273.9
hash_based,8,38,11,15.368,24.572,0.9948,0.9948,69,0,0,69,55,55,47,0.011536,0.008548,0.02602,1,1,1,2273.9
hash_based,8,39,1,15.393,24.7,0.9942,0.9942,70,0,0,70,55,56,47,0.01159,0.008432,0.026157,1,1,1,2273.9
hash_based,8,40,1,15.37,24.644,0.9936,0.9936,71,0,0,71,56,56,47,0.011553,0.008457,0.026099,1,1,1,2273.9
hash_based,8,41,1,15.37,24.644,0.9929,0.9929,71,0,0,71,56,57,47,0.011553,0.008457,0.026099,1,1,1,2273.9
hash_based,8,42,1,15.843,25.129,0.9921,0.9921,72,0,0,72,56,58,47,0.011522,0.009367,0.026641,1,1,1,2273.9
hash_based,8,43,1,15.557,25.054,0.9912,0.9912,68,0,0,68,56,59,47,0.011714,0.008422,0.026536,1,1,1,2273.9
hash_based,8,44,11,15.45,24.698,0.9975,0.9975,70,0,0,70,58,61,54,0.011694,0.008512,0.026143,1,1,1,2273.9
hash_based,8,45,11,15.312,24.575,0.9989,0.9989,72,0,0,72,61,64,59,0.011528,0.008382,0.026025,1,1,1,2273.9
hash_based,8,46,1,15.335,24.582,0.9984,0.9984,72,0,0,72,61,65,59,0.011599,0.008382,0.026025,1,1,1,2273.9
hash_based,8,47,11,15.471,24.887,0.9984,0.9984,68,0,0,68,64,69,63,0.011599,0.008449,0.026364,1,1,1,2273.9
hash_based,8,48,11,15.592,25.313,0.999,0.999,70,0,0,70,66,71,70,0.01155,0.008385,0.026842,1,1,1,2273.9
hash_based,8,49,1,15.301,24.423,0.9987,0.9987,72,0,0,72,66,72,70,0.011488,0.008556,0.02586,1,1,1,2273.9
hash_based,8,50,11,15.457,24.78,0.9991,0.9991,69,0,0,69,71,76,72,0.011557,0.008565,0.026249,1,1,1,2273.9
hash_based,8,51,11,15.421,24.769,0.9975,0.9975,69,0,0,69,73,82,75,0.011448,0.008565,0.026249,1,1,1,2273.9
hash_based,8,52,1,15.596,25.348,0.9979,0.9979,71,0,0,71,74,82,75,0.011448,0.008447,0.026892,1,1,1,2273.9
hash_based,8,53,1,15.63,24.982,0.9973,0.9973,72,0,0,72,74,83,75,0.011568,0.00885,0.026472,1,1,1,2273.9
hash_based,8,54,0,15.455,24.768,0.9973,0.9973,73,0,0,73,74,83,75,0.011551,0.008576,0.026237,1,1,1,2273.9
hash_based,8,55,1,15.496,24.815,0.9967,0.9967,69,0,0,69,74,84,75,0.011804,0.008424,0.026261,1,1,1,2273.9
hash_based,8,56,1,15.388,24.783,0.9971,0.9971,69,0,0,69,75,84,75,0.011479,0.008424,0.026261,1,1,1,2273.9
hash_based,8,57,1,15.569,25.271,0.9974,0.9974,70,0,0,70,76,84,75,0.011479,0.008423,0.026804,1,1,1,2273.9
hash_based,8,58,1,15.581,24.845,0.9967,0.9967,71,0,0,71,76,85,75,0.011874,0.008583,0.026286,1,1,1,2273.9
hash_based,8,59,1,15.449,24.949,0.997,0.997,67,0,0,67,77,85,75,0.011531,0.008377,0.02644,1,1,1,2273.9
hash_based,8,60,1,15.449,24.843,0.9972,0.9972,68,0,0,68,78,85,75,0.011606,0.008428,0.026314,1,1,1,2273.9
hash_based,8,61,1,15.453,24.833,0.9973,0.9973,68,0,0,68,79,85,75,0.0115,0.008545,0.026314,1,1,1,2273.9
hash_based,8,62,11,15.329,24.497,0.9981,0.9981,69,0,0,69,83,88,79,0.0115,0.008545,0.025941,1,1,1,2273.9
hash_based,8,63,1,15.748,24.752,0.9976,0.9976,67,0,0,67,83,89,79,0.012618,0.008526,0.0261,1,1,1,2273.9
hash_based,8,64,11,15.476,25.033,0.9987,0.9987,69,0,0,69,89,90,83,0.011491,0.0084,0.026538,1,1,1,2273.9
hash_based,8,65,11,15.503,25.022,0.9994,0.9994,71,0,0,71,92,93,88,0.011547,0.008442,0.026519,1,1,1,2273.9
hash_based,8,66,11,15.503,25.027,0.9988,0.9988,71,0,0,71,97,97,90,0.011604,0.008386,0.026519,1,1,1,2273.9
hash_based,8,67,11,15.245,24.332,0.9996,0.9996,70,0,0,70,98,101,96,0.011604,0.008386,0.025746,1,1,1,2273.9
hash_based,8,68,1,15.183,24.185,0.9994,0.9994,72,0,0,72,98,102,96,0.011597,0.008367,0.025584,1,1,1,2273.9
hash_based,8,69,11,15.421,24.794,0.9997,0.9997,73,0,0,73,101,105,101,0.011485,0.008506,0.026273,1,1,1,2273.9
hash_based,8,70,1,15.403,24.693,0.9995,0.9995,75,0,0,75,101,106,101,0.011613,0.008449,0.026146,1,1,1,2273.9
hash_based,8,71,1,15.351,24.432,0.9996,0.9996,70,0,0,70,102,106,101,0.011535,0.008652,0.025865,1,1,1,2273.9
hash_based,8,72,1,15.351,24.432,0.9996,0.9996,70,0,0,70,103,106,101,0.011535,0.008652,0.025865,1,1,1,2273.9
hash_based,8,73,1,15.349,24.682,0.9996,0.9996,71,0,0,71,104,106,101,0.011493,0.008407,0.026147,1,1,1,2273.9
hash_based,8,74,1,15.642,24.794,0.9996,0.9996,72,0,0,72,105,106,101,0.012428,0.008331,0.026168,1,1,1,2273.9
hash_based,8,75,1,15.597,25.095,0.9994,0.9994,70,0,0,70,105,107,101,0.01181,0.008409,0.026571,1,1,1,2273.9
hash_based,8,76,1,15.328,24.561,0.9993,0.9993,71,0,0,71,105,108,101,0.011473,0.008495,0.026015,1,1,1,2273.9
hash_based,8,77,1,15.328,24.561,0.9992,0.9992,71,0,0,71,106,108,101,0.011473,0.008495,0.026015,1,1,1,2273.9
hash_based,8,78,1,15.468,24.716,0.999,0.999,71,0,0,71,106,109,101,0.011586,0.008642,0.026175,1,1,1,2273.9
hash_based,8,79,11,15.3,24.329,0.9976,0.9976,67,0,0,67,108,116,103,0.011532,0.008617,0.025751,1,1,1,2273.9
hash_based,8,80,11,15.88,26.163,0.9984,0.9984,68,0,0,68,113,118,107,0.011389,0.008446,0.027805,1,1,1,2273.9
hash_based,8,81,1,15.402,24.615,0.9984,0.9984,70,0,0,70,114,118,107,0.011489,0.008642,0.026074,1,1,1,2273.9
hash_based,8,82,1,15.402,24.615,0.9981,0.9981,70,0,0,70,114,119,107,0.011489,0.008642,0.026074,1,1,1,2273.9
hash_based,8,83,1,15.391,24.771,0.9978,0.9978,70,0,0,70,114,120,107,0.011528,0.008402,0.026243,1,1,1,2273.9
hash_based,8,84,0,15.402,24.662,0.9978,0.9978,66,0,0,66,114,120,107,0.011665,0.008435,0.026106,1,1,1,2273.9
hash_based,8,85,1,15.76,25.595,0.9978,0.9978,67,0,0,67,115,120,107,0.011541,0.008582,0.027156,1,1,1,2273.9
hash_based,8,86,1,15.397,24.866,0.9977,0.9977,68,0,0,68,116,120,107,0.011436,0.008396,0.026358,1,1,1,2273.9
hash_based,8,87,1,15.475,24.889,0.9977,0.9977,68,0,0,68,117,120,107,0.011671,0.008396,0.026358,1,1,1,2273.9
hash_based,8,88,1,15.53,24.842,0.9974,0.9974,63,0,0,63,117,121,107,0.011671,0.008613,0.026306,1,1,1,2273.9
hash_based,8,89,1,15.313,24.293,0.9973,0.9973,64,0,0,64,118,121,107,0.011923,0.008347,0.025668,1,1,1,2273.9
hash_based,8,90,1,15.386,24.641,0.997,0.997,65,0,0,65,118,122,107,0.011512,0.008546,0.0261,1,1,1,2273.9
hash_based,8,91,11,15.353,24.705,0.9979,0.9979,63,0,0,63,121,125,112,0.011499,0.008389,0.026172,1,1,1,2273.9
hash_based,8,92,1,15.417,24.724,0.9978,0.9978,63,0,0,63,122,125,112,0.011689,0.008389,0.026172,1,1,1,2273.9
hash_based,8,93,1,15.338,24.498,0.9976,0.9976,64,0,0,64,122,126,112,0.011689,0.008404,0.025921,1,1,1,2273.9
hash_based,8,94,1,15.64,25.261,0.9973,0.9973,65,0,0,65,122,127,112,0.011635,0.008509,0.026775,1,1,1,2273.9
hash_based,8,95,1,15.686,25.29,0.997,0.997,63,0,0,63,122,128,112,0.01189,0.00839,0.026779,1,1,1,2273.9
hash_based,8,96,11,15.517,24.841,0.9965,0.9965,65,0,0,65,125,133,115,0.011789,0.008471,0.026291,1,1,1,2273.9
hash_based,8,97,1,15.441,24.818,0.9965,0.9965,65,0,0,65,126,133,115,0.01156,0.008471,0.026291,1,1,1,2273.9
hash_based,8,98,1,15.466,24.966,0.9961,0.9961,66,0,0,66,126,134,115,0.01156,0.008382,0.026456,1,1,1,2273.9
hash_based,8,99,11,15.369,24.634,0.9958,0.9958,67,0,0,67,126,140,120,0.01148,0.008532,0.026096,1,1,1,2273.9
hash_based,8,100,1,15.485,25.064,0.9959,0.9959,63,0,0,63,127,140,120,0.011486,0.008395,0.026573,1,1,1,2273.9
hash_based,8,101,1,15.552,25.187,0.996,0.996,64,0,0,64,128,140,120,0.01147,0.008475,0.026711,1,1,1,2273.9
hash_based,8,102,1,15.59,25.192,0.9956,0.9956,64,0,0,64,128,141,120,0.011523,0.008535,0.026711,1,1,1,2273.9
hash_based,8,103,11,15.343,24.527,0.9962,0.9962,65,0,0,65,132,144,124,0.011523,0.008535,0.025972,1,1,1,2273.9
hash_based,8,104,11,15.751,25.617,0.997,0.997,64,0,0,64,135,147,129,0.011504,0.008564,0.027185,1,1,1,2273.9
hash_based,8,105,1,15.416,24.766,0.9967,0.9967,66,0,0,66,135,148,129,0.011563,0.008452,0.026233,1,1,1,2273.9
hash_based,8,106,11,15.476,24.781,0.9964,0.9964,68,0,0,68,136,153,134,0.011754,0.008447,0.026228,1,1,1,2273.9
hash_based,8,107,1,15.769,24.777,0.9965,0.9965,68,0,0,68,137,153,134,0.011722,0.009358,0.026228,1,1,1,2273.9
hash_based,8,108,1,15.83,24.94,0.9967,0.9967,63,0,0,63,138,153,134,0.011722,0.009358,0.026409,1,1,1,2273.9
hash_based,8,109,11,15.192,24.215,0.9956,0.9956,64,0,0,64,139,159,138,0.011485,0.008463,0.025629,1,1,1,2273.9
hash_based,8,110,11,15.301,24.315,0.9942,0.9942,66,0,0,66,140,165,142,0.011567,0.008605,0.025731,1,1,1,2273.9
hash_based,8,111,1,15.283,24.476,0.9945,0.9945,68,0,0,68,140,165,143,0.011474,0.008453,0.025921,1,1,1,2273.9
hash_based,8,112,10,15.647,24.588,0.9955,0.9955,68,0,0,68,144,167,147,0.012588,0.008432,0.025921,1,1,1,2273.9
hash_based,8,113,1,15.916,25.314,0.9958,0.9958,64,0,0,64,145,167,147,0.012588,0.008432,0.026728,1,1,1,2273.9
hash_based,8,114,11,15.782,25.548,0.9964,0.9964,66,0,0,66,146,169,155,0.011485,0.00875,0.027111,1,1,1,2273.9
hash_based,8,115,1,15.553,25.152,0.9967,0.9967,67,0,0,67,147,169,155,0.0117,0.008312,0.026647,1,1,1,2273.9
hash_based,8,116,11,15.441,24.706,0.9959,0.9959,66,0,0,66,149,174,159,0.011719,0.008454,0.026149,1,1,1,2273.9
hash_based,8,117,1,15.611,25.011,0.9956,0.9956,67,0,0,67,149,175,159,0.011768,0.008581,0.026483,1,1,1,2273.9
hash_based,8,118,1,15.611,25.011,0.9953,0.9953,67,0,0,67,149,176,159,0.011768,0.008581,0.026483,1,1,1,2273.9
hash_based,8,119,1,15.359,24.553,0.9956,0.9956,68,0,0,68,150,176,159,0.01158,0.008503,0.025994,1,1,1,2273.9
hash_based,9,0,0,15.443,24.926,1.0,1.0,0,0,0,0,0,0,0,0.011485,0.008426,0.026419,1,1,1,2642.0
hash_based,9,1,11,15.691,25.449,0.9837,0.9837,70,0,0,70,4,3,4,0.011697,0.0084,0.026977,1,1,1,2642.0
hash_based,9,2,1,15.619,24.941,1.0,1.0,71,0,0,71,4,4,4,0.011949,0.008524,0.026385,1,1,1,2642.0
hash_based,9,3,11,15.447,24.579,0.9742,0.9742,65,0,0,65,8,6,9,0.011775,0.008565,0.026002,1,1,1,2642.0
hash_based,9,4,11,15.33,24.55,0.9585,0.9585,65,0,0,65,13,8,13,0.011478,0.008509,0.026002,1,1,1,2642.0
hash_based,9,5,1,15.31,24.497,0.9518,0.9518,67,0,0,67,14,8,13,0.011478,0.008509,0.025943,1,1,1,2642.0
hash_based,9,6,11,15.224,24.275,0.9742,0.9742,69,0,0,69,18,12,16,0.01155,0.008432,0.025689,1,1,1,2642.0
hash_based,9,7,1,15.796,25.647,0.9676,0.9676,66,0,0,66,19,12,16,0.011891,0.008322,0.027176,1,1,1,2642.0
hash_based,9,8,1,15.669,24.709,0.96,0.96,67,0,0,67,20,12,16,0.012505,0.008437,0.026065,1,1,1,2642.0
hash_based,9,9,1,15.424,24.784,0.9516,0.9516,68,0,0,68,21,12,16,0.011549,0.008467,0.026255,1,1,1,2642.0
hash_based,9,10,1,15.424,24.784,0.9427,0.9427,68,0,0,68,22,12,16,0.011549,0.008467,0.026255,1,1,1,2642.0
hash_based,9,11,1,15.384,24.749,0.9333,0.9333,66,0,0,66,23,12,16,0.011525,0.008408,0.026218,1,1,1,2642.0
hash_based,9,12,1,15.44,24.586,0.9448,0.9448,67,0,0,67,23,13,16,0.011717,0.008586,0.026016,1,1,1,2642.0
hash_based,9,13,11,15.564,25.148,0.9807,0.9807,69,0,0,69,24,17,22,0.011446,0.008577,0.02667,1,1,1,2642.0
hash_based,9,14,1,15.325,24.555,0.9865,0.9865,70,0,0,70,24,18,22,0.011536,0.008436,0.026002,1,1,1,2642.0
hash_based,9,15,11,15.337,24.559,0.9863,0.9863,70,0,0,70,28,21,26,0.011572,0.008436,0.026002,1,1,1,2642.0
hash_based,9,16,1,15.309,24.481,0.9833,0.9833,68,0,0,68,29,21,26,0.011572,0.008439,0.025915,1,1,1,2642.0
hash_based,9,17,1,15.594,25.351,0.9877,0.9877,69,0,0,69,29,22,26,0.011516,0.008378,0.026888,1,1,1,2642.0
hash_based,9,18,11,15.574,24.896,0.9807,0.9807,70,0,0,70,34,24,30,0.012022,0.008374,0.026326,1,1,1,2642.0
hash_based,9,19,1,16.097,25.809,0.9775,0.9775,67,0,0,67,35,24,30,0.011722,0.009194,0.027374,1,1,1,2642.0
hash_based,9,20,1,16.054,25.796,0.974,0.974,67,0,0,67,36,24,30,0.011594,0.009194,0.027374,1,1,1,2642.0
hash_based,9,21,1,15.415,24.561,0.9702,0.9702,68,0,0,68,37,24,30,0.011594,0.008648,0.026002,1,1,1,2642.0
hash_based,9,22,1,15.461,24.822,0.9749,0.9749,69,0,0,69,37,25,30,0.011538,0.008546,0.026298,1,1,1,2642.0
hash_based,9,23,1,15.412,24.895,0.971,0.971,67,0,0,67,38,25,30,0.011442,0.008405,0.02639,1,1,1,2642.0
hash_based,9,24,11,15.526,25.099,0.9771,0.9771,68,0,0,68,41,28,35,0.011526,0.008444,0.026607,1,1,1,2642.0
hash_based,9,25,11,15.524,25.106,0.9838,0.9838,68,0,0,68,44,32,39,0.011595,0.008371,0.026607,1,1,1,2642.0
hash_based,9,26,7,15.602,25.315,0.9778,0.9778,71,0,0,71,48,33,41,0.011595,0.008371,0.02684,1,1,1,2642.0
hash_based,9,27,4,15.71,24.803,0.9818,0.9818,73,0,0,73,49,35,42,0.012538,0.008427,0.026166,1,1,1,2642.0
hash_based,9,28,1,15.526,25.077,0.9795,0.9795,70,0,0,70,50,35,42,0.011578,0.008422,0.026577,1,1,1,2642.0
hash_based,9,29,1,15.192,24.268,0.977,0.977,71,0,0,71,51,35,42,0.011463,0.008422,0.025691,1,1,1,2642.0
hash_based,9,30,1,15.477,24.817,0.9744,0.9744,72,0,0,72,52,35,42,0.011499,0.008636,0.026297,1,1,1,2642.0
hash_based,9,31,1,15.477,24.817,0.9716,0.9716,72,0,0,72,53,35,42,0.011499,0.008636,0.026297,1,1,1,2642.0
hash_based,9,32,1,15.352,24.516,0.9687,0.9687,68,0,0,68,54,35,42,0.011577,0.008525,0.025954,1,1,1,2642.0
hash_based,9,33,1,15.327,24.578,0.9719,0.9719,69,0,0,69,54,36,42,0.011466,0.008481,0.026035,1,1,1,2642.0
hash_based,9,34,1,15.574,25.109,0.9748,0.9748,70,0,0,70,54,37,42,0.011558,0.008549,0.026615,1,1,1,2642.0
hash_based,9,35,1,15.766,25.738,0.972,0.972,67,0,0,67,55,37,42,0.0116,0.008388,0.027309,1,1,1,2642.0
hash_based,9,36,1,15.777,25.741,0.9747,0.9747,67,0,0,67,55,38,42,0.011634,0.008388,0.027309,1,1,1,2642.0
hash_based,9,37,1,15.489,24.948,0.9771,0.9771,68,0,0,68,55,39,42,0.011634,0.008407,0.026427,1,1,1,2642.0
hash_based,9,38,11,16.019,25.139,0.9866,0.9866,70,0,0,70,57,44,46,0.013095,0.008486,0.026477,1,1,1,2642.0
hash_based,9,39,1,15.481,24.828,0.9845,0.9845,71,0,0,71,58,44,46,0.0118,0.008367,0.026275,1,1,1,2642.0
hash_based,9,40,11,15.436,24.912,0.9887,0.9887,68,0,0,68,61,49,49,0.011502,0.008405,0.026402,1,1,1,2642.0
hash_based,9,41,11,15.456,24.913,0.9893,0.9893,68,0,0,68,65,52,53,0.011511,0.008456,0.026402,1,1,1,2642.0
hash_based,9,42,1,15.36,24.653,0.9902,0.9902,70,0,0,70,65,53,53,0.011511,0.008456,0.026113,1,1,1,2642.0
hash_based,9,43,1,15.487,24.794,0.9887,0.9887,71,0,0,71,66,53,53,0.011509,0.008681,0.02627,1,1,1,2642.0
hash_based,9,44,1,15.398,24.604,0.9871,0.9871,68,0,0,68,67,53,53,0.011506,0.00863,0.026059,1,1,1,2642.0
hash_based,9,45,1,15.407,24.741,0.9854,0.9854,69,0,0,69,68,53,53,0.011522,0.008489,0.02621,1,1,1,2642.0
hash_based,9,46,11,15.456,24.985,0.9832,0.9832,71,0,0,71,73,55,57,0.011517,0.00837,0.026482,1,1,1,2642.0
hash_based,9,47,1,15.456,24.985,0.9814,0.9814,71,0,0,71,74,55,57,0.011517,0.00837,0.026482,1,1,1,2642.0
hash_based,9,48,11,16.049,25.467,0.9797,0.9797,65,0,0,65,79,58,60,0.012551,0.008694,0.026902,1,1,1,2642.0
hash_based,9,49,1,15.29,24.404,0.9779,0.9779,67,0,0,67,80,58,60,0.011645,0.008403,0.025822,1,1,1,2642.0
hash_based,9,50,1,16.623,25.238,0.976,0.976,68,0,0,68,81,58,60,0.015093,0.008412,0.026365,1,1,1,2642.0
hash_based,9,51,1,15.446,24.775,0.9741,0.9741,69,0,0,69,82,58,60,0.011548,0.008546,0.026245,1,1,1,2642.0
hash_based,9,52,1,15.433,24.771,0.9721,0.9721,69,0,0,69,83,58,60,0.011508,0.008546,0.026245,1,1,1,2642.0
hash_based,9,53,1,15.702,25.598,0.9736,0.9736,65,0,0,65,83,59,60,0.011508,0.008434,0.027163,1,1,1,2642.0
hash_based,9,54,1,15.568,25.277,0.9717,0.9717,66,0,0,66,84,59,60,0.011536,0.008363,0.026804,1,1,1,2642.0
hash_based,9,55,11,15.627,25.152,0.9658,0.9658,67,0,0,67,90,59,65,0.011744,0.008494,0.026642,1,1,1,2642.0
hash_based,9,56,0,15.448,24.7,0.9658,0.9658,66,0,0,66,90,59,65,0.011753,0.008453,0.026139,1,1,1,2642.0
hash_based,9,57,1,15.416,24.695,0.9638,0.9638,66,0,0,66,91,59,65,0.0117,0.008408,0.026139,1,1,1,2642.0
hash_based,9,58,11,15.85,25.868,0.9648,0.9648,72,0,0,72,95,61,70,0.0117,0.008408,0.027442,1,1,1,2642.0
hash_based,9,59,1,15.386,24.737,0.963,0.963,69,0,0,69,96,61,70,0.011541,0.008414,0.026203,1,1,1,2642.0
hash_based,9,60,11,15.568,24.879,0.9583,0.9583,67,0,0,67,102,63,73,0.01161,0.008742,0.026353,1,1,1,2642.0
hash_based,9,61,1,15.42,24.888,0.9565,0.9565,68,0,0,68,103,63,73,0.011485,0.008398,0.026377,1,1,1,2642.0
hash_based,9,62,11,15.433,24.894,0.9621,0.9621,68,0,0,68,106,67,77,0.01155,0.008373,0.026377,1,1,1,2642.0
hash_based,9,63,1,15.26,24.427,0.9638,0.9638,70,0,0,70,106,68,77,0.01155,0.008373,0.025858,1,1,1,2642.0
hash_based,9,64,11,15.689,25.544,0.9587,0.9587,71,0,0,71,112,69,81,0.011456,0.008503,0.027109,1,1,1,2642.0
hash_based,9,65,1,15.579,25.076,0.9605,0.9605,67,0,0,67,112,70,81,0.011505,0.008649,0.026584,1,1,1,2642.0
hash_based,9,66,1,15.751,25.602,0.9588,0.9588,68,0,0,68,113,70,81,0.011631,0.008469,0.027154,1,1,1,2642.0
hash_based,9,67,1,15.345,24.508,0.9605,0.9605,69,0,0,69,113,71,81,0.011625,0.00847,0.02594,1,1,1,2642.0
hash_based,9,68,1,15.345,24.508,0.9588,0.9588,69,0,0,69,114,71,81,0.011625,0.00847,0.02594,1,1,1,2642.0
hash_based,9,69,11,15.385,24.794,0.9549,0.9549,66,0,0,66,120,73,84,0.011457,0.008423,0.026276,1,1,1,2642.0
hash_based,9,70,11,15.46,24.843,0.9629,0.9629,68,0,0,68,122,78,88,0.011692,0.008385,0.026304,1,1,1,2642.0
hash_based,9,71,1,15.671,24.614,0.9644,0.9644,70,0,0,70,122,79,88,0.011696,0.009267,0.026049,1,1,1,2642.0
hash_based,9,72,11,15.428,24.866,0.9704,0.9704,68,0,0,68,124,83,93,0.011567,0.008374,0.026344,1,1,1,2642.0
hash_based,9,73,11,15.476,24.881,0.967,0.967,68,0,0,68,130,85,96,0.01171,0.008374,0.026344,1,1,1,2642.0
hash_based,9,74,1,15.344,24.485,0.9683,0.9683,70,0,0,70,130,86,96,0.01171,0.008417,0.025904,1,1,1,2642.0
hash_based,9,75,1,15.82,25.564,0.9695,0.9695,71,0,0,71,130,87,96,0.011612,0.008735,0.027114,1,1,1,2642.0
hash_based,9,76,11,15.611,25.228,0.9716,0.9716,72,0,0,72,133,89,102,0.011619,0.008473,0.02674,1,1,1,2642.0
hash_based,9,77,1,15.566,25.22,0.9704,0.9704,69,0,0,69,134,89,102,0.011521,0.008436,0.026742,1,1,1,2642.0
hash_based,9,78,11,15.953,25.224,0.9765,0.9765,69,0,0,69,135,93,108,0.011566,0.00955,0.026742,1,1,1,2642.0
hash_based,9,79,11,16.08,25.569,0.9794,0.9794,71,0,0,71,137,96,114,0.011566,0.00955,0.027125,1,1,1,2642.0
hash_based,9,80,1,15.546,24.334,0.9804,0.9804,73,0,0,73,137,97,114,0.011658,0.009239,0.025742,1,1,1,2642.0
hash_based,9,81,1,15.232,24.471,0.9806,0.9806,70,0,0,70,137,97,115,0.011347,0.008419,0.025929,1,1,1,2642.0
hash_based,9,82,10,15.665,25.478,0.9826,0.9826,72,0,0,72,139,100,120,0.011468,0.008492,0.027035,1,1,1,2642.0
hash_based,9,83,1,15.463,24.84,0.9818,0.9818,73,0,0,73,140,100,120,0.011609,0.008469,0.02631,1,1,1,2642.0
hash_based,9,84,1,15.463,24.84,0.981,0.981,73,0,0,73,141,100,120,0.011609,0.008469,0.02631,1,1,1,2642.0
hash_based,9,85,1,15.624,25.248,0.982,0.982,69,0,0,69,141,101,120,0.011545,0.008555,0.026771,1,1,1,2642.0
hash_based,9,86,1,15.617,24.667,0.9812,0.9812,70,0,0,70,142,101,120,0.012427,0.008397,0.026027,1,1,1,2642.0
hash_based,9,87,11,15.742,25.032,0.9838,0.9838,72,0,0,72,143,104,127,0.011571,0.009126,0.026528,1,1,1,2642.0
hash_based,9,88,11,15.587,24.615,0.9829,0.9829,74,0,0,74,147,106,132,0.012121,0.008638,0.026003,1,1,1,2642.0
hash_based,9,89,1,15.423,24.566,0.9822,0.9822,74,0,0,74,148,106,132,0.011629,0.008638,0.026003,1,1,1,2642.0
hash_based,9,90,11,16.567,27.834,0.9854,0.9854,70,0,0,70,150,111,136,0.011629,0.008436,0.029635,1,1,1,2642.0
hash_based,9,91,1,15.361,24.64,0.9862,0.9862,72,0,0,72,150,112,136,0.011591,0.008402,0.02609,1,1,1,2642.0
hash_based,9,92,11,15.623,24.7,0.9896,0.9896,73,0,0,73,152,118,139,0.01184,0.008901,0.026129,1,1,1,2642.0
hash_based,9,93,1,15.372,24.526,0.9902,0.9902,72,0,0,72,152,119,139,0.0116,0.008553,0.025962,1,1,1,2642.0
hash_based,9,94,1,15.973,24.706,0.9909,0.9909,72,0,0,72,152,120,139,0.013404,0.008553,0.025962,1,1,1,2642.0
hash_based,9,95,11,16.123,25.219,0.9912,0.9912,73,0,0,73,155,123,144,0.013404,0.008433,0.026532,1,1,1,2642.0
hash_based,9,96,1,15.477,24.986,0.9907,0.9907,75,0,0,75,156,123,144,0.011551,0.008402,0.026479,1,1,1,2642.0
hash_based,9,97,11,15.312,24.548,0.9895,0.9895,72,0,0,72,161,125,148,0.011631,0.008321,0.025983,1,1,1,2642.0
hash_based,9,98,1,15.642,24.739,0.9891,0.9891,74,0,0,74,162,125,148,0.012208,0.008586,0.026131,1,1,1,2642.0
hash_based,9,99,1,15.455,24.692,0.9886,0.9886,74,0,0,74,163,125,148,0.011737,0.008496,0.026131,1,1,1,2642.0
hash_based,9,100,1,15.378,24.486,0.9885,0.9885,75,0,0,75,163,125,149,0.011737,0.008496,0.025902,1,1,1,2642.0
hash_based,9,101,10,15.324,24.498,0.9907,0.9907,72,0,0,72,165,130,152,0.011498,0.00853,0.025943,1,1,1,2642.0
hash_based,9,102,11,15.424,24.839,0.9931,0.9931,74,0,0,74,167,136,155,0.011546,0.00841,0.026316,1,1,1,2642.0
hash_based,9,103,11,15.418,24.656,0.9935,0.9935,76,0,0,76,172,141,156,0.011634,0.008518,0.026103,1,1,1,2642.0
hash_based,9,104,11,15.589,25.019,0.9934,0.9934,78,0,0,78,176,144,160,0.011777,0.008501,0.02649,1,1,1,2642.0
hash_based,9,105,1,15.589,25.019,0.9938,0.9938,78,0,0,78,176,145,160,0.011777,0.008501,0.02649,1,1,1,2642.0
hash_based,9,106,1,15.523,25.077,0.9934,0.9934,75,0,0,75,177,145,160,0.011599,0.008394,0.026575,1,1,1,2642.0
hash_based,9,107,1,15.577,25.12,0.993,0.993,76,0,0,76,178,145,160,0.011676,0.008441,0.026614,1,1,1,2642.0
hash_based,9,108,1,15.826,25.54,0.9926,0.9926,77,0,0,77,179,145,160,0.011964,0.008466,0.027048,1,1,1,2642.0
hash_based,9,109,1,15.386,24.577,0.9922,0.9922,73,0,0,73,180,145,160,0.011665,0.008482,0.026012,1,1,1,2642.0
hash_based,9,110,1,15.398,24.581,0.9918,0.9918,73,0,0,73,181,145,160,0.011701,0.008482,0.026012,1,1,1,2642.0
hash_based,9,111,1,15.383,24.503,0.9913,0.9913,74,0,0,74,182,145,160,0.011701,0.008524,0.025925,1,1,1,2642.0
hash_based,9,112,1,15.308,24.259,0.9909,0.9909,75,0,0,75,183,145,160,0.01148,0.008764,0.025679,1,1,1,2642.0
hash_based,9,113,1,15.445,24.934,0.9904,0.9904,72,0,0,72,184,145,160,0.011523,0.008388,0.026424,1,1,1,2642.0
hash_based,9,114,11,15.852,24.694,0.9894,0.9894,74,0,0,74,189,147,164,0.013132,0.008445,0.025979,1,1,1,2642.0
hash_based,9,115,11,15.468,24.579,0.989,0.989,74,0,0,74,193,149,169,0.011983,0.008443,0.025979,1,1,1,2642.0
hash_based,9,116,1,15.551,24.802,0.9885,0.9885,76,0,0,76,194,149,169,0.011983,0.008443,0.026226,1,1,1,2642.0
hash_based,9,117,1,15.238,24.378,0.988,0.988,77,0,0,77,195,149,169,0.011523,0.008385,0.025806,1,1,1,2642.0
hash_based,9,118,1,16.087,25.57,0.9885,0.9885,74,0,0,74,195,150,169,0.012703,0.008559,0.027,1,1,1,2642.0
hash_based,9,119,1,15.447,24.875,0.9881,0.9881,75,0,0,75,196,150,169,0.01147,0.008506,0.026364,1,1,1,2642.0
hash_based,10,0,0,15.735,25.417,1.0,1.0,0,0,0,0,0,0,0,0.011849,0.008432,0.026925,1,1,1,2452.9
hash_based,10,1,1,15.772,25.503,0.3333,0.3333,70,0,0,70,1,0,0,0.011849,0.008446,0.02702,1,1,1,2452.9
hash_based,10,2,11,15.583,25.232,0.8889,0.8889,72,0,0,72,2,5,5,0.011429,0.008553,0.026766,1,1,1,2452.9
hash_based,10,3,11,16.123,25.788,0.8437,0.8437,74,0,0,74,4,7,12,0.011535,0.009461,0.027372,1,1,1,2452.9
hash_based,10,4,11,15.349,24.642,0.9491,0.9491,72,0,0,72,9,10,15,0.011443,0.008495,0.026109,1,1,1,2452.9
hash_based,10,5,1,15.421,24.649,0.9563,0.9563,72,0,0,72,9,11,15,0.011513,0.008641,0.026109,1,1,1,2452.9
hash_based,10,6,1,15.619,25.185,0.96,0.96,73,0,0,73,9,12,15,0.011513,0.008641,0.026704,1,1,1,2452.9
hash_based,10,7,1,15.292,24.47,0.9607,0.9607,74,0,0,74,9,13,15,0.011578,0.008396,0.025903,1,1,1,2452.9
hash_based,10,8,11,15.364,24.676,0.9529,0.9529,70,0,0,70,11,19,18,0.011558,0.008401,0.026134,1,1,1,2452.9
hash_based,10,9,11,15.412,24.639,0.9597,0.9597,72,0,0,72,14,22,23,0.011599,0.008549,0.026088,1,1,1,2452.9
hash_based,10,10,1,15.536,25.063,0.9569,0.9569,73,0,0,73,14,23,23,0.011578,0.008469,0.026561,1,1,1,2452.9
hash_based,10,11,1,15.511,25.055,0.9667,0.9667,73,0,0,73,15,23,23,0.011504,0.008469,0.026561,1,1,1,2452.9
hash_based,10,12,1,15.644,24.469,0.9634,0.9634,69,0,0,69,15,24,23,0.011504,0.009517,0.02591,1,1,1,2452.9
hash_based,10,13,1,15.421,24.924,0.9721,0.9721,70,0,0,70,16,24,23,0.011465,0.008377,0.02642,1,1,1,2452.9
hash_based,10,14,1,15.38,24.634,0.9794,0.9794,71,0,0,71,17,24,23,0.011737,0.008336,0.026067,1,1,1,2452.9
hash_based,10,15,11,15.684,24.673,0.963,0.963,73,0,0,73,19,25,31,0.012463,0.008558,0.02603,1,1,1,2452.9
hash_based,10,16,1,15.338,24.577,0.9636,0.9636,73,0,0,73,19,26,31,0.011497,0.008488,0.02603,1,1,1,2452.9
hash_based,10,17,1,15.385,24.702,0.9702,0.9702,68,0,0,68,20,26,31,0.011497,0.008488,0.026169,1,1,1,2452.9
hash_based,10,18,11,15.535,25.167,0.9719,0.9719,69,0,0,69,24,28,36,0.011512,0.008408,0.026684,1,1,1,2452.9
hash_based,10,19,11,15.345,24.394,0.9873,0.9873,71,0,0,71,29,32,38,0.011822,0.008421,0.025791,1,1,1,2452.9
hash_based,10,20,11,15.585,25.288,0.9876,0.9876,70,0,0,70,32,36,42,0.011524,0.008415,0.026817,1,1,1,2452.9
hash_based,10,21,1,15.673,25.093,0.988,0.988,72,0,0,72,32,37,42,0.011502,0.008914,0.026603,1,1,1,2452.9
hash_based,10,22,11,15.673,25.093,0.9832,0.9832,72,0,0,72,34,41,47,0.011502,0.008914,0.026603,1,1,1,2452.9
hash_based,10,23,1,15.399,24.689,0.9859,0.9859,74,0,0,74,35,41,47,0.011564,0.008485,0.026147,1,1,1,2452.9
hash_based,10,24,11,15.274,24.34,0.988,0.988,68,0,0,68,39,44,51,0.011512,0.008544,0.025765,1,1,1,2452.9
hash_based,10,25,1,15.677,25.321,0.9883,0.9883,70,0,0,70,39,45,51,0.011601,0.008585,0.026845,1,1,1,2452.9
hash_based,10,26,0,15.299,24.512,0.9883,0.9883,71,0,0,71,39,45,51,0.011503,0.008438,0.025957,1,1,1,2452.9
hash_based,10,27,1,15.343,24.531,0.9903,0.9903,71,0,0,71,40,45,51,0.011695,0.008376,0.025957,1,1,1,2452.9
hash_based,10,28,11,15.509,24.981,0.9942,0.9942,75,0,0,75,45,48,54,0.011695,0.008376,0.026457,1,1,1,2452.9
hash_based,10,29,1,15.882,25.948,0.9945,0.9945,70,0,0,70,45,49,54,0.011542,0.008556,0.027549,1,1,1,2452.9
hash_based,10,30,1,16.019,26.35,0.9945,0.9945,71,0,0,71,45,50,54,0.011596,0.008472,0.027989,1,1,1,2452.9
hash_based,10,31,11,15.498,24.844,0.9962,0.9962,73,0,0,73,49,54,57,0.011641,0.008543,0.026311,1,1,1,2452.9
hash_based,10,32,11,15.797,24.856,0.9945,0.9945,73,0,0,73,51,60,60,0.01176,0.009319,0.026311,1,1,1,2452.9
hash_based,10,33,1,15.654,24.471,0.9957,0.9957,70,0,0,70,52,60,60,0.01176,0.009319,0.025883,1,1,1,2452.9
hash_based,10,34,1,15.85,25.918,0.9967,0.9967,71,0,0,71,53,60,60,0.011597,0.008444,0.027509,1,1,1,2452.9
hash_based,10,35,1,15.737,25.617,0.9976,0.9976,72,0,0,72,54,60,60,0.011546,0.008485,0.02718,1,1,1,2452.9
hash_based,10,36,1,15.441,24.293,0.9984,0.9984,67,0,0,67,55,60,60,0.012165,0.008518,0.025641,1,1,1,2452.9
hash_based,10,37,1,15.423,24.531,0.998,0.998,68,0,0,68,55,61,60,0.011538,0.008756,0.025975,1,1,1,2452.9
hash_based,10,38,1,15.423,24.531,0.9975,0.9975,68,0,0,68,55,62,60,0.011538,0.008756,0.025975,1,1,1,2452.9
hash_based,10,39,11,15.289,24.482,0.9986,0.9986,69,0,0,69,61,66,61,0.011503,0.008441,0.025924,1,1,1,2452.9
hash_based,10,40,1,15.377,24.541,0.9988,0.9988,71,0,0,71,62,66,61,0.011706,0.008459,0.025967,1,1,1,2452.9
hash_based,10,41,1,15.499,24.9,0.9983,0.9983,67,0,0,67,62,67,61,0.01176,0.008377,0.02636,1,1,1,2452.9
hash_based,10,42,11,15.484,24.607,0.9982,0.9982,69,0,0,69,65,71,65,0.01179,0.008632,0.026031,1,1,1,2452.9
hash_based,10,43,11,15.647,24.647,0.9997,0.9997,69,0,0,69,71,72,69,0.012193,0.008717,0.026031,1,1,1,2452.9
hash_based,10,44,1,15.597,24.513,0.9996,0.9996,71,0,0,71,72,72,69,0.012193,0.008717,0.025882,1,1,1,2452.9
hash_based,10,45,11,15.619,25.301,0.9995,0.9995,69,0,0,69,73,77,74,0.011627,0.00841,0.02682,1,1,1,2452.9
hash_based,10,46,1,15.428,24.689,0.9992,0.9992,71,0,0,71,73,78,74,0.011732,0.008424,0.026129,1,1,1,2452.9
hash_based,10,47,11,15.615,25.406,0.9993,0.9993,72,0,0,72,76,81,79,0.011482,0.008409,0.026953,1,1,1,2452.9
hash_based,10,48,1,15.708,25.418,0.9996,0.9996,72,0,0,72,77,81,79,0.011605,0.008565,0.026953,1,1,1,2452.9
hash_based,10,49,1,15.414,24.625,0.9998,0.9998,69,0,0,69,78,81,79,0.011605,0.008565,0.026072,1,1,1,2452.9
hash_based,10,50,1,15.791,25.612,0.9999,0.9999,70,0,0,70,79,81,79,0.011631,0.008577,0.027166,1,1,1,2452.9
hash_based,10,51,1,15.251,24.347,0.9999,0.9999,71,0,0,71,80,81,79,0.011534,0.008448,0.025771,1,1,1,2452.9
hash_based,10,52,0,15.334,24.522,0.9999,0.9999,72,0,0,72,80,81,79,0.011473,0.008556,0.025972,1,1,1,2452.9
hash_based,10,53,1,15.824,25.882,0.9999,0.9999,69,0,0,69,81,81,79,0.01161,0.008394,0.027468,1,1,1,2452.9
hash_based,10,54,1,15.831,25.884,0.9998,0.9998,69,0,0,69,82,81,79,0.011632,0.008394,0.027468,1,1,1,2452.9
hash_based,10,55,1,15.339,24.503,0.9996,0.9996,70,0,0,70,83,81,79,0.011632,0.008451,0.025933,1,1,1,2452.9
hash_based,10,56,1,15.527,24.772,0.9994,0.9994,71,0,0,71,84,81,79,0.011811,0.008557,0.026212,1,1,1,2452.9
hash_based,10,57,11,15.34,24.62,0.9996,0.9996,70,0,0,70,87,83,85,0.011521,0.008422,0.026076,1,1,1,2452.9
hash_based,10,58,11,15.293,24.543,0.9991,0.9991,72,0,0,72,90,85,91,0.01148,0.008405,0.025994,1,1,1,2452.9
hash_based,10,59,11,15.336,24.543,0.998,0.998,72,0,0,72,97,87,93,0.011489,0.008524,0.025994,1,1,1,2452.9
hash_based,10,60,11,15.16,24.07,0.9991,0.9991,74,0,0,74,99,92,97,0.011489,0.008524,0.025468,1,1,1,2452.9
hash_based,10,61,11,15.337,24.643,0.9984,0.9984,72,0,0,72,103,94,102,0.01158,0.008337,0.026094,1,1,1,2452.9
hash_based,10,62,1,15.742,25.249,0.9987,0.9987,74,0,0,74,103,95,102,0.012096,0.008421,0.02671,1,1,1,2452.9
hash_based,10,63,11,15.766,25.565,0.9985,0.9985,76,0,0,76,107,98,106,0.011717,0.008478,0.027104,1,1,1,2452.9
hash_based,10,64,1,15.667,25.544,0.9983,0.9983,76,0,0,76,108,98,106,0.011507,0.00839,0.027104,1,1,1,2452.9
hash_based,10,65,11,15.932,26.26,0.998,0.998,77,0,0,77,112,101,110,0.011507,0.00839,0.027899,1,1,1,2452.9
hash_based,10,66,1,15.322,24.513,0.9984,0.9984,73,0,0,73,112,102,110,0.011574,0.00844,0.025951,1,1,1,2452.9
hash_based,10,67,1,15.338,24.623,0.9987,0.9987,74,0,0,74,112,103,110,0.01147,0.008461,0.026084,1,1,1,2452.9
hash_based,10,68,11,15.571,25.096,0.9993,0.9993,76,0,0,76,113,108,115,0.011565,0.008547,0.0266,1,1,1,2452.9
hash_based,10,69,11,15.517,24.988,0.9985,0.9985,74,0,0,74,116,110,121,0.011679,0.008404,0.026467,1,1,1,2452.9
hash_based,10,70,11,15.517,24.988,0.9985,0.9985,74,0,0,74,121,113,124,0.011679,0.008404,0.026467,1,1,1,2452.9
hash_based,10,71,11,15.353,24.54,0.9978,0.9978,76,0,0,76,128,115,126,0.011621,0.008461,0.025976,1,1,1,2452.9
hash_based,10,72,11,16.098,25.754,0.9986,0.9986,78,0,0,78,131,120,129,0.011538,0.009421,0.027334,1,1,1,2452.9
hash_based,10,73,1,15.445,24.677,0.9984,0.9984,75,0,0,75,132,120,129,0.011711,0.008507,0.026118,1,1,1,2452.9
hash_based,10,74,11,15.383,24.582,0.9987,0.9987,76,0,0,76,135,124,133,0.011594,0.00853,0.026025,1,1,1,2452.9
hash_based,10,75,0,15.368,24.577,0.9987,0.9987,76,0,0,76,135,124,133,0.011548,0.00853,0.026025,1,1,1,2452.9
hash_based,10,76,1,15.534,24.839,0.9989,0.9989,78,0,0,78,135,125,133,0.011548,0.008738,0.026316,1,1,1,2452.9
hash_based,10,77,1,15.784,25.356,0.9991,0.9991,79,0,0,79,135,126,133,0.01204,0.008477,0.026836,1,1,1,2452.9
hash_based,10,78,11,16.348,26.325,0.9996,0.9996,77,0,0,77,137,131,137,0.011979,0.009145,0.027919,1,1,1,2452.9
hash_based,10,79,1,15.889,25.219,0.9997,0.9997,78,0,0,78,137,132,137,0.011648,0.009292,0.026727,1,1,1,2452.9
hash_based,10,80,1,15.902,25.223,0.9996,0.9996,78,0,0,78,138,132,137,0.011686,0.009292,0.026727,1,1,1,2452.9
hash_based,10,81,1,15.623,24.407,0.9997,0.9997,79,0,0,79,138,133,137,0.011686,0.009361,0.025821,1,1,1,2452.9
hash_based,10,82,1,15.699,24.601,0.9998,0.9998,74,0,0,74,138,134,137,0.012624,0.00854,0.025932,1,1,1,2452.9
hash_based,10,83,11,16.146,26.631,0.9998,0.9998,76,0,0,76,142,137,141,0.011608,0.008529,0.0283,1,1,1,2452.9
hash_based,10,84,1,15.44,24.555,0.9999,0.9999,77,0,0,77,142,138,141,0.011678,0.008655,0.025986,1,1,1,2452.9
hash_based,10,85,11,15.444,24.556,1.0,1.0,77,0,0,77,144,143,145,0.011691,0.008655,0.025986,1,1,1,2452.9
hash_based,10,86,1,15.657,24.969,1.0,1.0,73,0,0,73,145,143,145,0.011691,0.008836,0.026444,1,1,1,2452.9
hash_based,10,87,1,15.331,24.567,1.0,1.0,74,0,0,74,145,144,145,0.011594,0.00839,0.026008,1,1,1,2452.9
hash_based,10,88,1,15.593,25.025,1.0,1.0,75,0,0,75,145,145,145,0.011653,0.008614,0.026511,1,1,1,2452.9
hash_based,10,89,11,15.523,24.985,1.0,1.0,73,0,0,73,148,150,148,0.011646,0.008456,0.026467,1,1,1,2452.9
hash_based,10,90,1,15.546,24.992,1.0,1.0,73,0,0,73,149,150,148,0.011714,0.008456,0.026467,1,1,1,2452.9
hash_based,10,91,1,15.47,24.641,1.0,1.0,74,0,0,74,150,150,148,0.011714,0.008619,0.026077,1,1,1,2452.9
hash_based,10,92,1,15.474,24.92,0.9999,0.9999,75,0,0,75,150,151,148,0.01169,0.008341,0.02639,1,1,1,2452.9
hash_based,10,93,11,15.471,24.732,0.9998,0.9998,76,0,0,76,151,156,153,0.011716,0.008518,0.026178,1,1,1,2452.9
hash_based,10,94,11,16.458,26.773,0.9998,0.9998,74,0,0,74,154,159,158,0.012534,0.008486,0.028355,1,1,1,2452.9
hash_based,10,95,11,16.119,26.67,0.9999,0.9999,74,0,0,74,158,162,162,0.011501,0.008501,0.028355,1,1,1,2452.9
hash_based,10,96,1,15.301,24.461,0.9998,0.9998,76,0,0,76,158,163,162,0.011501,0.008501,0.025901,1,1,1,2452.9
hash_based,10,97,1,15.352,24.655,0.9998,0.9998,77,0,0,77,158,164,162,0.011576,0.008371,0.026108,1,1,1,2452.9
hash_based,10,98,1,15.513,24.889,0.9997,0.9997,74,0,0,74,158,165,162,0.011639,0.008538,0.026361,1,1,1,2452.9
hash_based,10,99,1,15.32,24.381,0.9996,0.9996,75,0,0,75,158,166,162,0.011516,0.008633,0.02581,1,1,1,2452.9
hash_based,10,100,1,15.279,24.395,0.9997,0.9997,76,0,0,76,159,166,162,0.011483,0.008523,0.02583,1,1,1,2452.9
hash_based,10,101,1,15.279,24.395,0.9997,0.9997,76,0,0,76,159,166,163,0.011483,0.008523,0.02583,1,1,1,2452.9
hash_based,10,102,10,15.946,26.028,0.9998,0.9998,74,0,0,74,163,169,166,0.011714,0.008505,0.027618,1,1,1,2452.9
hash_based,10,103,1,15.707,25.516,0.9998,0.9998,75,0,0,75,164,169,166,0.011457,0.008587,0.027078,1,1,1,2452.9
hash_based,10,104,1,15.341,24.495,0.9999,0.9999,76,0,0,76,165,169,166,0.011535,0.008553,0.025935,1,1,1,2452.9
hash_based,10,105,1,15.724,25.623,0.9999,0.9999,77,0,0,77,166,169,166,0.011644,0.008352,0.027176,1,1,1,2452.9
hash_based,10,106,1,15.736,25.626,0.9999,0.9999,77,0,0,77,166,170,166,0.011681,0.008352,0.027176,1,1,1,2452.9
hash_based,10,107,1,15.706,24.991,0.9999,0.9999,72,0,0,72,167,170,166,0.011681,0.008968,0.02647,1,1,1,2452.9
hash_based,10,108,11,15.273,24.298,1.0,1.0,74,0,0,74,170,172,172,0.011474,0.008622,0.025723,1,1,1,2452.9
hash_based,10,109,1,15.221,24.244,0.9999,0.9999,75,0,0,75,170,173,172,0.01155,0.00846,0.025654,1,1,1,2452.9
hash_based,10,110,1,15.525,24.959,1.0,1.0,71,0,0,71,171,173,172,0.011612,0.00852,0.026442,1,1,1,2452.9
hash_based,10,111,1,15.787,24.971,1.0,1.0,71,0,0,71,172,173,172,0.01173,0.00919,0.026442,1,1,1,2452.9
hash_based,10,112,11,15.758,24.892,0.9999,0.9999,72,0,0,72,178,175,175,0.01173,0.00919,0.026355,1,1,1,2452.9
hash_based,10,113,11,15.635,25.488,0.9999,0.9999,74,0,0,74,180,177,182,0.011425,0.008429,0.027051,1,1,1,2452.9
hash_based,10,114,11,15.236,24.284,0.9998,0.9998,74,0,0,74,183,180,187,0.011553,0.008455,0.025699,1,1,1,2452.9
hash_based,10,115,11,15.422,24.863,0.9993,0.9993,75,0,0,75,187,181,193,0.011517,0.008402,0.026346,1,1,1,2452.9
hash_based,10,116,11,15.459,24.864,0.999,0.999,75,0,0,75,188,185,199,0.011524,0.008508,0.026346,1,1,1,2452.9
hash_based,10,117,1,15.89,26.027,0.9991,0.9991,77,0,0,77,189,185,199,0.011524,0.008508,0.027639,1,1,1,2452.9
hash_based,10,118,11,15.51,24.894,0.9994,0.9994,78,0,0,78,193,190,201,0.011754,0.008421,0.026354,1,1,1,2452.9
hash_based,10,119,1,15.486,25.029,0.9995,0.9995,75,0,0,75,194,190,201,0.0116,0.008337,0.026521,1,1,1,2452.9
ecmp,1,0,0,15.572,25.086,1.0,1.0,0,0,0,0,0,0,0,0.01153,0.008595,0.026592,1,1,1,2668.8
ecmp,1,1,1,15.526,24.961,0.3333,0.3333,70,0,0,70,1,0,0,0.01153,0.008595,0.026453,1,1,1,2668.8
ecmp,1,2,1,15.503,24.79,0.6667,0.6667,71,0,0,71,1,1,0,0.011687,0.008576,0.026246,1,1,1,2668.8
ecmp,1,3,11,15.383,24.63,0.9883,0.9883,73,0,0,73,5,4,4,0.011539,0.008526,0.026085,1,1,1,2668.8
ecmp,1,4,1,15.286,24.544,0.9899,0.9899,69,0,0,69,5,5,4,0.011549,0.008322,0.025988,1,1,1,2668.8
ecmp,1,5,11,15.286,24.541,0.9968,0.9968,69,0,0,69,9,8,8,0.011514,0.008355,0.025988,1,1,1,2668.8
ecmp,1,6,1,15.682,25.611,0.9971,0.9971,71,0,0,71,9,9,8,0.011514,0.008355,0.027177,1,1,1,2668.8
ecmp,1,7,11,15.729,24.763,0.9985,0.9985,72,0,0,72,13,12,12,0.011606,0.009355,0.026225,1,1,1,2668.8
ecmp,1,8,1,16.123,26.294,0.9986,0.9986,74,0,0,74,13,13,12,0.012132,0.008368,0.027868,1,1,1,2668.8
ecmp,1,9,11,15.337,24.717,0.9992,0.9992,71,0,0,71,17,16,16,0.011472,0.00835,0.026189,1,1,1,2668.8
ecmp,1,10,1,15.526,25.133,0.9992,0.9992,72,0,0,72,17,17,16,0.011467,0.00846,0.026652,1,1,1,2668.8
ecmp,1,11,11,15.526,25.133,0.9995,0.9995,72,0,0,72,21,20,20,0.011467,0.00846,0.026652,1,1,1,2668.8
ecmp,1,12,1,15.429,24.967,0.9995,0.9995,74,0,0,74,21,21,20,0.011452,0.008365,0.026469,1,1,1,2668.8
ecmp,1,13,11,15.353,24.624,0.9996,0.9996,69,0,0,69,25,24,24,0.011537,0.008443,0.026078,1,1,1,2668.8
ecmp,1,14,1,15.452,24.738,0.9996,0.9996,71,0,0,71,25,25,24,0.011548,0.008604,0.026203,1,1,1,2668.8
ecmp,1,15,11,15.912,25.078,0.9997,0.9997,73,0,0,73,29,28,28,0.012492,0.008768,0.026476,1,1,1,2668.8
ecmp,1,16,1,15.912,25.078,0.9997,0.9997,73,0,0,73,29,29,28,0.012492,0.008768,0.026476,1,1,1,2668.8
ecmp,1,17,11,15.405,24.469,0.9998,0.9998,71,0,0,71,33,32,32,0.011737,0.008593,0.025884,1,1,1,2668.8
ecmp,1,18,1,15.504,24.968,0.9998,0.9998,73,0,0,73,33,33,32,0.011656,0.00841,0.026447,1,1,1,2668.8
ecmp,1,19,11,15.499,24.86,0.9998,0.9998,74,0,0,74,37,36,36,0.01154,0.008616,0.02634,1,1,1,2668.8
ecmp,1,20,1,15.654,25.254,0.9998,0.9998,76,0,0,76,37,37,36,0.011669,0.008529,0.026763,1,1,1,2668.8
ecmp,1,21,11,15.559,25.225,0.9999,0.9999,76,0,0,76,41,40,40,0.011386,0.008529,0.026763,1,1,1,2668.8
ecmp,1,22,0,15.369,24.771,0.9999,0.9999,73,0,0,73,41,40,40,0.011386,0.008464,0.026258,1,1,1,2668.8
ecmp,1,23,1,15.613,25.214,0.9999,0.9999,74,0,0,74,41,41,40,0.011483,0.008617,0.02674,1,1,1,2668.8
ecmp,1,24,11,15.555,24.662,0.9999,0.9999,76,0,0,76,45,44,44,0.01222,0.0084,0.026045,1,1,1,2668.8
ecmp,1,25,1,15.442,24.107,0.9999,0.9999,72,0,0,72,45,45,44,0.01144,0.009372,0.025514,1,1,1,2668.8
ecmp,1,26,11,15.723,24.191,0.9999,0.9999,72,0,0,72,49,48,48,0.012284,0.009372,0.025514,1,1,1,2668.8
ecmp,1,27,1,16.224,26.12,0.9999,0.9999,74,0,0,74,49,49,48,0.012284,0.008732,0.027657,1,1,1,2668.8
ecmp,1,28,11,15.256,24.535,0.9999,0.9999,76,0,0,76,53,52,52,0.011561,0.008229,0.025977,1,1,1,2668.8
ecmp,1,29,1,15.23,24.209,0.9999,0.9999,72,0,0,72,53,53,52,0.011658,0.008428,0.025603,1,1,1,2668.8
ecmp,1,30,11,15.436,24.883,0.9999,0.9999,74,0,0,74,57,56,56,0.011544,0.008399,0.026365,1,1,1,2668.8
ecmp,1,31,1,15.464,24.88,0.9999,0.9999,74,0,0,74,57,57,56,0.011514,0.008514,0.026365,1,1,1,2668.8
ecmp,1,32,11,15.365,24.613,0.9999,0.9999,75,0,0,75,61,60,60,0.011514,0.008514,0.026068,1,1,1,2668.8
ecmp,1,33,1,15.694,25.454,0.9999,0.9999,73,0,0,73,61,61,60,0.011581,0.008505,0.026995,1,1,1,2668.8
ecmp,1,34,11,15.179,24.134,0.9999,0.9999,76,0,0,76,65,64,64,0.011601,0.008408,0.025527,1,1,1,2668.8
ecmp,1,35,1,15.913,26.054,0.9999,0.9999,76,0,0,76,65,65,64,0.011617,0.008465,0.027658,1,1,1,2668.8
ecmp,1,36,11,16.139,26.112,1.0,1.0,76,0,0,76,69,68,68,0.012203,0.008557,0.027658,1,1,1,2668.8
ecmp,1,37,1,15.535,24.482,1.0,1.0,78,0,0,78,69,69,68,0.012203,0.008557,0.025846,1,1,1,2668.8
ecmp,1,38,11,15.553,24.925,1.0,1.0,74,0,0,74,73,72,72,0.011619,0.008637,0.026403,1,1,1,2668.8
ecmp,1,39,1,15.405,24.867,1.0,1.0,76,0,0,76,73,73,72,0.011479,0.008382,0.026355,1,1,1,2668.8
ecmp,1,40,11,15.366,24.64,1.0,1.0,77,0,0,77,77,76,76,0.01163,0.008381,0.026086,1,1,1,2668.8
ecmp,1,41,1,15.567,24.628,1.0,1.0,77,0,0,77,77,77,76,0.011501,0.009115,0.026086,1,1,1,2668.8
ecmp,1,42,11,15.628,24.79,1.0,1.0,76,0,0,76,81,80,80,0.011501,0.009115,0.026267,1,1,1,2668.8
ecmp,1,43,1,15.623,25.307,1.0,1.0,78,0,0,78,81,81,80,0.011709,0.008341,0.026818,1,1,1,2668.8
ecmp,1,44,11,15.544,25.045,1.0,1.0,79,0,0,79,85,84,84,0.011681,0.00842,0.02653,1,1,1,2668.8
ecmp,1,45,1,15.358,24.365,1.0,1.0,77,0,0,77,85,85,84,0.011648,0.008649,0.025778,1,1,1,2668.8
ecmp,1,46,0,15.838,25.309,1.0,1.0,78,0,0,78,85,85,84,0.012282,0.008474,0.026757,1,1,1,2668.8
ecmp,1,47,11,15.838,25.309,1.0,1.0,78,0,0,78,89,88,88,0.012282,0.008474,0.026757,1,1,1,2668.8
ecmp,1,48,1,15.404,24.731,1.0,1.0,80,0,0,80,89,89,88,0.011427,0.008575,0.026209,1,1,1,2668.8
ecmp,1,49,11,16.023,25.826,1.0,1.0,82,0,0,82,93,92,92,0.011854,0.008837,0.027378,1,1,1,2668.8
ecmp,1,50,1,15.3,24.552,1.0,1.0,76,0,0,76,93,93,92,0.011437,0.008455,0.026009,1,1,1,2668.8
ecmp,1,51,11,15.725,25.511,1.0,1.0,78,0,0,78,97,96,96,0.011809,0.008333,0.027033,1,1,1,2668.8
ecmp,1,52,1,15.725,25.511,1.0,1.0,78,0,0,78,97,97,96,0.011809,0.008333,0.027033,1,1,1,2668.8
ecmp,1,53,11,15.47,24.852,1.0,1.0,79,0,0,79,101,100,100,0.011653,0.008438,0.026319,1,1,1,2668.8
ecmp,1,54,1,15.901,25.848,1.0,1.0,75,0,0,75,101,101,100,0.011774,0.008516,0.027412,1,1,1,2668.8
ecmp,1,55,11,15.343,24.596,1.0,1.0,77,0,0,77,105,104,104,0.011585,0.008402,0.026042,1,1,1,2668.8
ecmp,1,56,1,15.742,24.72,1.0,1.0,77,0,0,77,105,105,104,0.012819,0.008366,0.026042,1,1,1,2668.8
ecmp,1,57,11,15.67,24.523,1.0,1.0,78,0,0,78,109,108,108,0.012819,0.008366,0.025824,1,1,1,2668.8
ecmp,1,58,1,15.335,24.271,1.0,1.0,76,0,0,76,109,109,108,0.011678,0.008658,0.02567,1,1,1,2668.8
ecmp,1,59,11,15.185,24.302,1.0,1.0,77,0,0,77,113,112,112,0.011448,0.008376,0.02573,1,1,1,2668.8
ecmp,1,60,1,15.629,25.028,1.0,1.0,79,0,0,79,113,113,112,0.01182,0.008571,0.026496,1,1,1,2668.8
ecmp,1,61,11,15.448,24.984,1.0,1.0,79,0,0,79,117,116,116,0.011375,0.008474,0.026496,1,1,1,2668.8
ecmp,1,62,1,15.765,25.84,1.0,1.0,78,0,0,78,117,117,116,0.011375,0.008474,0.027447,1,1,1,2668.8
ecmp,1,63,11,15.484,24.945,1.0,1.0,79,0,0,79,121,120,120,0.0116,0.008424,0.026428,1,1,1,2668.8
ecmp,1,64,1,15.305,24.538,1.0,1.0,81,0,0,81,121,121,120,0.011456,0.008469,0.025991,1,1,1,2668.8
ecmp,1,65,11,15.667,25.607,1.0,1.0,82,0,0,82,125,124,124,0.011478,0.008345,0.027177,1,1,1,2668.8
ecmp,1,66,1,15.843,25.345,1.0,1.0,78,0,0,78,125,125,124,0.011556,0.009096,0.026877,1,1,1,2668.8
ecmp,1,67,11,15.843,25.345,1.0,1.0,78,0,0,78,129,128,128,0.011556,0.009096,0.026877,1,1,1,2668.8
ecmp,1,68,0,15.417,24.788,1.0,1.0,80,0,0,80,129,128,128,0.011494,0.008493,0.026265,1,1,1,2668.8
ecmp,1,69,1,15.361,24.566,1.0,1.0,81,0,0,81,129,129,128,0.011647,0.008434,0.026002,1,1,1,2668.8
ecmp,1,70,11,15.873,25.143,1.0,1.0,78,0,0,78,133,132,132,0.012407,0.008653,0.026558,1,1,1,2668.8
ecmp,1,71,1,15.697,25.422,1.0,1.0,79,0,0,79,133,133,132,0.011641,0.008498,0.026953,1,1,1,2668.8
ecmp,1,72,11,15.697,25.422,1.0,1.0,79,0,0,79,137,136,136,0.011641,0.008498,0.026953,1,1,1,2668.8
ecmp,1,73,1,15.425,24.903,1.0,1.0,81,0,0,81,137,137,136,0.01151,0.008373,0.026391,1,1,1,2668.8
ecmp,1,74,11,15.457,25.089,1.0,1.0,78,0,0,78,141,140,140,0.011425,0.00834,0.026607,1,1,1,2668.8
ecmp,1,75,1,16.354,26.786,1.0,1.0,79,0,0,79,141,141,140,0.011962,0.008666,0.028433,1,1,1,2668.8
ecmp,1,76,11,16.163,26.75,1.0,1.0,79,0,0,79,145,144,144,0.011605,0.00845,0.028433,1,1,1,2668.8
ecmp,1,77,1,15.51,24.987,1.0,1.0,81,0,0,81,145,145,144,0.011605,0.00845,0.026474,1,1,1,2668.8
ecmp,1,78,11,15.478,25.056,1.0,1.0,82,0,0,82,149,148,148,0.011512,0.00836,0.026561,1,1,1,2668.8
ecmp,1,79,1,15.886,25.532,1.0,1.0,79,0,0,79,149,149,148,0.011531,0.009038,0.027088,1,1,1,2668.8
ecmp,1,80,11,15.715,24.781,1.0,1.0,81,0,0,81,153,152,152,0.011801,0.009121,0.026223,1,1,1,2668.8
ecmp,1,81,1,15.549,25.113,1.0,1.0,82,0,0,82,153,153,152,0.011574,0.008455,0.026617,1,1,1,2668.8
ecmp,1,82,11,15.549,25.113,1.0,1.0,82,0,0,82,157,156,156,0.011574,0.008455,0.026617,1,1,1,2668.8
ecmp,1,83,1,15.346,24.529,1.0,1.0,78,0,0,78,157,157,156,0.011562,0.008507,0.02597,1,1,1,2668.8
ecmp,1,84,11,15.488,24.841,1.0,1.0,79,0,0,79,161,160,160,0.011519,0.008624,0.026321,1,1,1,2668.8
ecmp,1,85,1,15.545,24.861,1.0,1.0,81,0,0,81,161,161,160,0.011646,0.008661,0.026329,1,1,1,2668.8
ecmp,1,86,11,15.486,24.764,1.0,1.0,78,0,0,78,165,164,164,0.01171,0.008533,0.026215,1,1,1,2668.8
ecmp,1,87,1,15.486,24.764,1.0,1.0,78,0,0,78,165,165,164,0.01171,0.008533,0.026215,1,1,1,2668.8
ecmp,1,88,11,15.928,25.575,1.0,1.0,79,0,0,79,169,168,168,0.012069,0.00864,0.027076,1,1,1,2668.8
ecmp,1,89,1,15.844,25.159,1.0,1.0,81,0,0,81,169,169,168,0.011711,0.009167,0.026653,1,1,1,2668.8
ecmp,1,90,11,15.372,24.339,1.0,1.0,77,0,0,77,173,172,172,0.011533,0.008821,0.025762,1,1,1,2668.8
ecmp,1,91,0,15.712,25.442,1.0,1.0,79,0,0,79,173,172,172,0.011786,0.008392,0.026959,1,1,1,2668.8
ecmp,1,92,1,15.712,25.442,1.0,1.0,79,0,0,79,173,173,172,0.011786,0.008392,0.026959,1,1,1,2668.8
ecmp,1,93,11,15.406,24.748,1.0,1.0,81,0,0,81,177,176,176,0.011604,0.008407,0.026208,1,1,1,2668.8
ecmp,1,94,1,15.428,24.413,1.0,1.0,82,0,0,82,177,177,176,0.011786,0.008682,0.025816,1,1,1,2668.8
ecmp,1,95,11,15.519,24.709,1.0,1.0,78,0,0,78,181,180,180,0.011551,0.008835,0.026171,1,1,1,2668.8
ecmp,1,96,1,15.386,24.651,1.0,1.0,79,0,0,79,181,181,180,0.011576,0.008479,0.026104,1,1,1,2668.8
ecmp,1,97,11,15.386,24.651,1.0,1.0,79,0,0,79,185,184,184,0.011576,0.008479,0.026104,1,1,1,2668.8
ecmp,1,98,1,16.281,25.918,1.0,1.0,81,0,0,81,185,185,184,0.012709,0.008748,0.027386,1,1,1,2668.8
ecmp,1,99,11,15.316,24.375,1.0,1.0,78,0,0,78,189,188,188,0.01169,0.008473,0.025784,1,1,1,2668.8
ecmp,1,100,1,15.445,24.968,1.0,1.0,79,0,0,79,189,189,188,0.011523,0.008349,0.026462,1,1,1,2668.8
ecmp,1,101,11,15.378,24.633,1.0,1.0,81,0,0,81,193,192,192,0.011541,0.008506,0.026088,1,1,1,2668.8
ecmp,1,102,1,15.378,24.633,1.0,1.0,81,0,0,81,193,193,192,0.011541,0.008506,0.026088,1,1,1,2668.8
ecmp,1,103,11,15.585,24.948,1.0,1.0,77,0,0,77,197,196,196,0.011527,0.008788,0.026439,1,1,1,2668.8
ecmp,1,104,1,15.37,24.71,1.0,1.0,79,0,0,79,197,197,196,0.0115,0.008431,0.026178,1,1,1,2668.8
ecmp,1,105,11,15.517,25.088,1.0,1.0,84,0,0,84,201,200,200,0.011557,0.008401,0.026592,1,1,1,2668.8
ecmp,1,106,1,15.7,25.052,1.0,1.0,82,0,0,82,201,201,200,0.011708,0.008857,0.026535,1,1,1,2668.8
ecmp,1,107,11,15.662,25.041,1.0,1.0,82,0,0,82,205,204,204,0.011595,0.008857,0.026535,1,1,1,2668.8
ecmp,1,108,1,15.445,24.681,1.0,1.0,79,0,0,79,205,205,204,0.011595,0.008605,0.026135,1,1,1,2668.8
ecmp,1,109,11,15.758,25.345,1.0,1.0,80,0,0,80,209,208,208,0.011727,0.008688,0.026858,1,1,1,2668.8
ecmp,1,110,1,15.721,25.049,1.0,1.0,82,0,0,82,209,209,208,0.011587,0.009032,0.026545,1,1,1,2668.8
ecmp,1,111,11,15.342,24.589,1.0,1.0,80,0,0,80,213,212,212,0.011615,0.00838,0.026031,1,1,1,2668.8
ecmp,1,112,1,15.397,24.606,1.0,1.0,80,0,0,80,213,213,212,0.011779,0.00838,0.026031,1,1,1,2668.8
ecmp,1,113,11,15.809,25.535,1.0,1.0,80,0,0,80,217,216,216,0.011779,0.008586,0.027063,1,1,1,2668.8
ecmp,1,114,0,15.736,25.0,1.0,1.0,82,0,0,82,217,216,216,0.012111,0.008665,0.026432,1,1,1,2668.8
ecmp,1,115,1,15.753,25.038,1.0,1.0,78,0,0,78,217,217,216,0.011868,0.008889,0.026501,1,1,1,2668.8
ecmp,1,116,11,15.994,24.837,1.0,1.0,80,0,0,80,221,220,220,0.012238,0.009508,0.026237,1,1,1,2668.8
ecmp,1,117,1,15.994,24.837,1.0,1.0,80,0,0,80,221,221,220,0.012238,0.009508,0.026237,1,1,1,2668.8
ecmp,1,118,11,15.36,24.57,1.0,1.0,85,0,0,85,225,224,224,0.011687,0.008392,0.026002,1,1,1,2668.8
ecmp,1,119,1,15.705,25.581,1.0,1.0,78,0,0,78,225,225,224,0.011492,0.008476,0.027147,1,1,1,2668.8
ecmp,2,0,0,15.654,25.426,1.0,1.0,0,0,0,0,0,0,0,0.011588,0.008411,0.026964,1,1,1,2570.4
ecmp,2,1,1,15.935,24.705,0.3333,0.3333,79,0,0,79,1,0,0,0.012009,0.00968,0.026116,1,1,1,2570.4
ecmp,2,2,1,15.408,24.689,0.6667,0.6667,75,0,0,75,1,1,0,0.011561,0.008514,0.026148,1,1,1,2570.4
ecmp,2,3,11,15.628,25.319,0.9883,0.9883,77,0,0,77,5,4,4,0.011512,0.008518,0.026853,1,1,1,2570.4
ecmp,2,4,1,15.282,24.505,0.9899,0.9899,78,0,0,78,5,5,4,0.011518,0.008381,0.025948,1,1,1,2570.4
ecmp,2,5,11,15.282,24.505,0.9968,0.9968,78,0,0,78,9,8,8,0.011518,0.008381,0.025948,1,1,1,2570.4
ecmp,2,6,1,15.476,24.985,0.9971,0.9971,75,0,0,75,9,9,8,0.011567,0.008385,0.026476,1,1,1,2570.4
ecmp,2,7,11,15.381,24.952,0.9985,0.9985,77,0,0,77,13,12,12,0.011318,0.008359,0.026467,1,1,1,2570.4
ecmp,2,8,1,15.435,24.778,0.9986,0.9986,78,0,0,78,13,13,12,0.011627,0.00844,0.026239,1,1,1,2570.4
ecmp,2,9,11,15.639,25.295,0.9992,0.9992,75,0,0,75,17,16,16,0.011629,0.008475,0.026814,1,1,1,2570.4
ecmp,2,10,1,15.639,25.295,0.9992,0.9992,75,0,0,75,17,17,16,0.011629,0.008475,0.026814,1,1,1,2570.4
ecmp,2,11,11,15.736,25.5,0.9995,0.9995,76,0,0,76,21,20,20,0.011722,0.008456,0.027031,1,1,1,2570.4
ecmp,2,12,1,16.046,26.437,0.9995,0.9995,78,0,0,78,21,21,20,0.011673,0.008388,0.028078,1,1,1,2570.4
ecmp,2,13,11,15.608,25.342,0.9996,0.9996,80,0,0,80,25,24,24,0.01153,0.008418,0.026877,1,1,1,2570.4
ecmp,2,14,1,15.363,24.5,0.9996,0.9996,75,0,0,75,25,25,24,0.011719,0.00845,0.02592,1,1,1,2570.4
ecmp,2,15,11,15.363,24.5,0.9997,0.9997,75,0,0,75,29,28,28,0.011719,0.00845,0.02592,1,1,1,2570.4
ecmp,2,16,1,15.617,25.359,0.9997,0.9997,77,0,0,77,29,29,28,0.01154,0.008415,0.026895,1,1,1,2570.4
ecmp,2,17,11,15.358,24.647,0.9998,0.9998,78,0,0,78,33,32,32,0.011485,0.008479,0.026109,1,1,1,2570.4
ecmp,2,18,1,15.359,24.71,0.9998,0.9998,75,0,0,75,33,33,32,0.011523,0.00838,0.026175,1,1,1,2570.4
ecmp,2,19,11,15.394,24.694,0.9998,0.9998,77,0,0,77,37,36,36,0.011624,0.008412,0.026146,1,1,1,2570.4
ecmp,2,20,1,15.775,24.808,0.9998,0.9998,77,0,0,77,37,37,36,0.012768,0.008412,0.026146,1,1,1,2570.4
ecmp,2,21,11,16.23,25.976,0.9999,0.9999,78,0,0,78,41,40,40,0.012768,0.008479,0.027443,1,1,1,2570.4
ecmp,2,22,1,15.686,25.479,0.9999,0.9999,75,0,0,75,41,41,40,0.011547,0.008485,0.027027,1,1,1,2570.4
ecmp,2,23,1,15.523,24.483,1.0,1.0,76,0,0,76,41,41,41,0.012014,0.008688,0.025868,1,1,1,2570.4
ecmp,2,24,10,15.491,25.003,0.9999,0.9999,78,0,0,78,45,44,44,0.011489,0.008479,0.026505,1,1,1,2570.4
ecmp,2,25,1,15.509,25.009,0.9999,0.9999,78,0,0,78,45,45,44,0.011543,0.008479,0.026505,1,1,1,2570.4
ecmp,2,26,11,15.277,24.266,0.9999,0.9999,80,0,0,80,49,48,48,0.011543,0.008608,0.02568,1,1,1,2570.4
ecmp,2,27,1,15.938,25.742,0.9999,0.9999,75,0,0,75,49,49,48,0.011939,0.0086,0.027276,1,1,1,2570.4
ecmp,2,28,11,15.296,24.198,0.9999,0.9999,77,0,0,77,53,52,52,0.011618,0.008673,0.025596,1,1,1,2570.4
ecmp,2,29,1,15.914,25.642,0.9999,0.9999,78,0,0,78,53,53,52,0.011935,0.008642,0.027165,1,1,1,2570.4
ecmp,2,30,11,15.914,25.642,0.9999,0.9999,78,0,0,78,57,56,56,0.011935,0.008642,0.027165,1,1,1,2570.4
ecmp,2,31,1,15.663,25.308,0.9999,0.9999,75,0,0,75,57,57,56,0.011606,0.008551,0.026831,1,1,1,2570.4
ecmp,2,32,11,15.835,25.487,0.9999,0.9999,77,0,0,77,61,60,60,0.011973,0.008544,0.026989,1,1,1,2570.4
ecmp,2,33,1,15.43,24.784,0.9999,0.9999,78,0,0,78,61,61,60,0.011518,0.008514,0.026258,1,1,1,2570.4
ecmp,2,34,11,15.428,24.857,0.9999,0.9999,75,0,0,75,65,64,64,0.011421,0.008512,0.02635,1,1,1,2570.4
ecmp,2,35,1,15.459,24.866,0.9999,0.9999,75,0,0,75,65,65,64,0.011515,0.008512,0.02635,1,1,1,2570.4
ecmp,2,36,11,15.534,25.041,1.0,1.0,76,0,0,76,69,68,68,0.011515,0.008544,0.026544,1,1,1,2570.4
ecmp,2,37,1,16.27,25.69,1.0,1.0,78,0,0,78,69,69,68,0.013112,0.00861,0.027088,1,1,1,2570.4
ecmp,2,38,11,16.138,26.333,1.0,1.0,74,0,0,74,73,72,72,0.0116,0.008843,0.02797,1,1,1,2570.4
ecmp,2,39,1,15.954,26.185,1.0,1.0,76,0,0,76,73,73,72,0.011593,0.008463,0.027806,1,1,1,2570.4
ecmp,2,40,11,15.954,26.185,1.0,1.0,76,0,0,76,77,76,76,0.011593,0.008463,0.027806,1,1,1,2570.4
ecmp,2,41,1,15.756,25.326,1.0,1.0,78,0,0,78,77,77,76,0.012091,0.00838,0.026797,1,1,1,2570.4
ecmp,2,42,11,15.43,24.963,1.0,1.0,79,0,0,79,81,80,80,0.011357,0.008459,0.026475,1,1,1,2570.4
ecmp,2,43,1,15.491,24.83,1.0,1.0,75,0,0,75,81,81,80,0.011569,0.008601,0.026303,1,1,1,2570.4
ecmp,2,44,11,15.917,26.246,1.0,1.0,76,0,0,76,85,84,84,0.011536,0.008336,0.02788,1,1,1,2570.4
ecmp,2,45,0,15.917,26.246,1.0,1.0,76,0,0,76,85,84,84,0.011536,0.008336,0.02788,1,1,1,2570.4
ecmp,2,46,1,15.778,25.142,1.0,1.0,78,0,0,78,85,85,84,0.011956,0.00877,0.026607,1,1,1,2570.4
ecmp,2,47,11,15.627,24.914,1.0,1.0,75,0,0,75,89,88,88,0.011746,0.008758,0.026377,1,1,1,2570.4
ecmp,2,48,1,15.561,24.864,1.0,1.0,76,0,0,76,89,89,88,0.0119,0.008479,0.026304,1,1,1,2570.4
ecmp,2,49,11,16.237,25.069,1.0,1.0,76,0,0,76,93,92,92,0.013955,0.008451,0.026304,1,1,1,2570.4
ecmp,2,50,1,16.794,26.575,1.0,1.0,78,0,0,78,93,93,92,0.013955,0.008451,0.027977,1,1,1,2570.4
ecmp,2,51,11,16.012,24.735,1.0,1.0,78,0,0,78,97,96,96,0.012795,0.00918,0.026062,1,1,1,2570.4
ecmp,2,52,1,15.595,25.217,1.0,1.0,76,0,0,76,97,97,96,0.011621,0.008436,0.026728,1,1,1,2570.4
ecmp,2,53,11,15.353,24.317,1.0,1.0,78,0,0,78,101,100,100,0.011638,0.008696,0.025726,1,1,1,2570.4
ecmp,2,54,1,15.293,24.31,1.0,1.0,78,0,0,78,101,101,100,0.011564,0.008589,0.025726,1,1,1,2570.4
ecmp,2,55,11,15.437,24.7,1.0,1.0,74,0,0,74,105,104,104,0.011564,0.008589,0.026159,1,1,1,2570.4
ecmp,2,56,1,15.325,24.587,1.0,1.0,76,0,0,76,105,105,104,0.011451,0.008476,0.026047,1,1,1,2570.4
ecmp,2,57,11,15.284,24.288,1.0,1.0,77,0,0,77,109,108,108,0.011593,0.008561,0.025699,1,1,1,2570.4
ecmp,2,58,1,15.408,24.631,1.0,1.0,79,0,0,79,109,109,108,0.011691,0.008464,0.026069,1,1,1,2570.4
ecmp,2,59,11,15.503,24.613,1.0,1.0,79,0,0,79,113,112,112,0.011509,0.008932,0.026069,1,1,1,2570.4
ecmp,2,60,1,15.491,24.581,1.0,1.0,77,0,0,77,113,113,112,0.011509,0.008932,0.026033,1,1,1,2570.4
ecmp,2,61,11,15.385,24.636,1.0,1.0,78,0,0,78,117,116,116,0.011482,0.008574,0.026098,1,1,1,2570.4
ecmp,2,62,1,16.133,26.4,1.0,1.0,80,0,0,80,117,117,116,0.011775,0.0086,0.028025,1,1,1,2570.4
ecmp,2,63,11,16.754,28.403,1.0,1.0,77,0,0,77,121,120,120,0.011448,0.008528,0.030287,1,1,1,2570.4
ecmp,2,64,1,16.822,28.421,1.0,1.0,77,0,0,77,121,121,120,0.011629,0.008549,0.030287,1,1,1,2570.4
ecmp,2,65,11,15.353,24.456,1.0,1.0,79,0,0,79,125,124,124,0.011629,0.008549,0.025881,1,1,1,2570.4
ecmp,2,66,1,15.662,25.335,1.0,1.0,81,0,0,81,125,125,124,0.011621,0.008505,0.026859,1,1,1,2570.4
ecmp,2,67,1,15.375,24.302,1.0,1.0,78,0,0,78,125,125,125,0.011877,0.008566,0.025683,1,1,1,2570.4
ecmp,2,68,10,15.512,25.109,1.0,1.0,80,0,0,80,129,128,128,0.011508,0.008408,0.02662,1,1,1,2570.4
ecmp,2,69,1,15.603,25.136,1.0,1.0,80,0,0,80,129,129,128,0.01178,0.008408,0.02662,1,1,1,2570.4
ecmp,2,70,11,15.994,24.488,1.0,1.0,82,0,0,82,133,132,132,0.01178,0.010303,0.0259,1,1,1,2570.4
ecmp,2,71,1,15.421,24.606,1.0,1.0,77,0,0,77,133,133,132,0.011635,0.00858,0.026047,1,1,1,2570.4
ecmp,2,72,11,15.727,25.293,1.0,1.0,79,0,0,79,137,136,136,0.011956,0.00845,0.026775,1,1,1,2570.4
ecmp,2,73,1,15.42,24.751,1.0,1.0,80,0,0,80,137,137,136,0.011536,0.008504,0.026219,1,1,1,2570.4
ecmp,2,74,11,15.386,24.75,1.0,1.0,80,0,0,80,141,140,140,0.011531,0.008409,0.026219,1,1,1,2570.4
ecmp,2,75,1,15.417,24.832,1.0,1.0,82,0,0,82,141,141,140,0.011531,0.008409,0.02631,1,1,1,2570.4
ecmp,2,76,11,15.791,25.151,1.0,1.0,79,0,0,79,145,144,144,0.011988,0.00877,0.026614,1,1,1,2570.4
ecmp,2,77,1,15.389,24.773,1.0,1.0,80,0,0,80,145,145,144,0.011521,0.008401,0.026246,1,1,1,2570.4
ecmp,2,78,11,15.368,24.548,1.0,1.0,82,0,0,82,149,148,148,0.011665,0.008459,0.025979,1,1,1,2570.4
ecmp,2,79,1,16.166,24.787,1.0,1.0,82,0,0,82,149,149,148,0.014061,0.008459,0.025979,1,1,1,2570.4
ecmp,2,80,11,16.354,25.049,1.0,1.0,78,0,0,78,153,152,152,0.014061,0.008731,0.02627,1,1,1,2570.4
ecmp,2,81,1,15.41,24.568,1.0,1.0,80,0,0,80,153,153,152,0.011569,0.008648,0.026012,1,1,1,2570.4
ecmp,2,82,11,15.454,24.865,1.0,1.0,82,0,0,82,157,156,156,0.011557,0.008461,0.026344,1,1,1,2570.4
ecmp,2,83,1,15.418,24.788,1.0,1.0,78,0,0,78,157,157,156,0.011467,0.008518,0.026268,1,1,1,2570.4
ecmp,2,84,11,15.493,24.81,1.0,1.0,78,0,0,78,161,160,160,0.011692,0.008518,0.026268,1,1,1,2570.4
ecmp,2,85,1,15.588,24.756,1.0,1.0,80,0,0,80,161,161,160,0.011692,0.008865,0.026208,1,1,1,2570.4
ecmp,2,86,11,15.61,25.051,1.0,1.0,81,0,0,81,165,164,164,0.011655,0.008635,0.026539,1,1,1,2570.4
ecmp,2,87,1,15.572,25.238,1.0,1.0,83,0,0,83,165,165,164,0.011581,0.008378,0.026756,1,1,1,2570.4
ecmp,2,88,11,15.488,24.754,1.0,1.0,78,0,0,78,169,168,168,0.011656,0.008599,0.026209,1,1,1,2570.4
ecmp,2,89,1,15.669,24.808,1.0,1.0,78,0,0,78,169,169,168,0.012198,0.008599,0.026209,1,1,1,2570.4
ecmp,2,90,1,15.792,24.703,1.0,1.0,79,0,0,79,169,169,169,0.012198,0.009086,0.026093,1,1,1,2570.4
ecmp,2,91,10,15.86,25.798,1.0,1.0,81,0,0,81,173,172,172,0.011603,0.008601,0.027375,1,1,1,2570.4
ecmp,2,92,1,15.743,25.582,1.0,1.0,77,0,0,77,173,173,172,0.011468,0.008612,0.02715,1,1,1,2570.4
ecmp,2,93,11,15.54,25.207,1.0,1.0,79,0,0,79,177,176,176,0.011551,0.008344,0.026724,1,1,1,2570.4
ecmp,2,94,1,15.54,25.207,1.0,1.0,79,0,0,79,177,177,176,0.011551,0.008344,0.026724,1,1,1,2570.4
ecmp,2,95,11,15.274,24.275,1.0,1.0,81,0,0,81,181,180,180,0.011545,0.008586,0.02569,1,1,1,2570.4
ecmp,2,96,1,15.32,24.39,1.0,1.0,77,0,0,77,181,181,180,0.011708,0.008454,0.025799,1,1,1,2570.4
ecmp,2,97,11,16.439,26.289,1.0,1.0,79,0,0,79,185,184,184,0.012987,0.008564,0.027767,1,1,1,2570.4
ecmp,2,98,1,15.417,24.791,1.0,1.0,80,0,0,80,185,185,184,0.011547,0.008441,0.026263,1,1,1,2570.4
ecmp,2,99,11,15.41,24.789,1.0,1.0,80,0,0,80,189,188,188,0.011527,0.008441,0.026263,1,1,1,2570.4
ecmp,2,100,1,15.426,24.473,1.0,1.0,76,0,0,76,189,189,188,0.011527,0.008839,0.025911,1,1,1,2570.4
ecmp,2,101,11,15.801,25.62,1.0,1.0,77,0,0,77,193,192,192,0.011614,0.008612,0.027176,1,1,1,2570.4
ecmp,2,102,1,15.438,24.794,1.0,1.0,79,0,0,79,193,193,192,0.011637,0.008422,0.026256,1,1,1,2570.4
ecmp,2,103,11,15.687,25.284,1.0,1.0,81,0,0,81,197,196,196,0.011692,0.008575,0.026794,1,1,1,2570.4
ecmp,2,104,1,15.646,25.272,1.0,1.0,81,0,0,81,197,197,196,0.01157,0.008575,0.026794,1,1,1,2570.4
ecmp,2,105,11,15.859,25.855,1.0,1.0,77,0,0,77,201,200,200,0.01157,0.008566,0.027442,1,1,1,2570.4
ecmp,2,106,1,15.602,25.378,1.0,1.0,79,0,0,79,201,201,200,0.01149,0.008394,0.026921,1,1,1,2570.4
ecmp,2,107,11,15.157,24.223,1.0,1.0,80,0,0,80,205,204,204,0.011421,0.008403,0.025646,1,1,1,2570.4
ecmp,2,108,1,15.33,24.615,1.0,1.0,77,0,0,77,205,205,204,0.011568,0.008356,0.026065,1,1,1,2570.4
ecmp,2,109,11,15.693,24.604,1.0,1.0,77,0,0,77,209,208,208,0.011452,0.009562,0.026065,1,1,1,2570.4
ecmp,2,110,1,15.829,24.97,1.0,1.0,79,0,0,79,209,209,208,0.011452,0.009562,0.026472,1,1,1,2570.4
ecmp,2,111,11,15.369,24.731,1.0,1.0,80,0,0,80,213,212,212,0.011491,0.008415,0.026202,1,1,1,2570.4
ecmp,2,112,0,15.383,24.762,1.0,1.0,77,0,0,77,213,212,212,0.011537,0.00838,0.026232,1,1,1,2570.4
ecmp,2,113,1,15.549,24.619,1.0,1.0,78,0,0,78,213,213,212,0.011694,0.008898,0.026055,1,1,1,2570.4
ecmp,2,114,11,15.51,24.636,1.0,1.0,78,0,0,78,217,216,216,0.011864,0.00861,0.026055,1,1,1,2570.4
ecmp,2,115,1,15.69,25.123,1.0,1.0,80,0,0,80,217,217,216,0.011864,0.00861,0.026596,1,1,1,2570.4
ecmp,2,116,11,15.372,24.832,1.0,1.0,76,0,0,76,221,220,220,0.011277,0.008502,0.026338,1,1,1,2570.4
ecmp,2,117,1,15.696,25.245,1.0,1.0,77,0,0,77,221,221,220,0.011647,0.008684,0.026756,1,1,1,2570.4
ecmp,2,118,11,15.892,25.932,1.0,1.0,79,0,0,79,225,224,224,0.011648,0.00851,0.027519,1,1,1,2570.4
ecmp,2,119,1,15.852,25.92,1.0,1.0,79,0,0,79,225,225,224,0.011528,0.00851,0.027519,1,1,1,2570.4
ecmp,3,0,0,15.604,25.377,1.0,1.0,0,0,0,0,0,0,0,0.01151,0.008384,0.026918,1,1,1,2899.7
ecmp,3,1,1,15.327,24.561,0.3333,0.3333,77,0,0,77,1,0,0,0.011608,0.008373,0.026,1,1,1,2899.7
ecmp,3,2,1,15.327,24.561,0.6667,0.6667,77,0,0,77,1,1,0,0.011608,0.008373,0.026,1,1,1,2899.7
ecmp,3,3,11,15.297,24.438,0.9883,0.9883,74,0,0,74,5,4,4,0.011448,0.008561,0.025881,1,1,1,2899.7
ecmp,3,4,1,15.542,24.96,0.9899,0.9899,75,0,0,75,5,5,4,0.01158,0.008598,0.026447,1,1,1,2899.7
ecmp,3,5,11,15.574,24.996,0.9968,0.9968,77,0,0,77,9,8,8,0.011725,0.008525,0.026471,1,1,1,2899.7
ecmp,3,6,1,15.397,24.692,0.9971,0.9971,78,0,0,78,9,9,8,0.011559,0.00848,0.026151,1,1,1,2899.7
ecmp,3,7,11,15.397,24.692,0.9985,0.9985,78,0,0,78,13,12,12,0.011559,0.00848,0.026151,1,1,1,2899.7
ecmp,3,8,1,15.555,25.156,0.9986,0.9986,75,0,0,75,13,13,12,0.011444,0.008541,0.02668,1,1,1,2899.7
ecmp,3,9,11,15.581,25.222,0.9992,0.9992,77,0,0,77,17,16,16,0.011522,0.008476,0.026744,1,1,1,2899.7
ecmp,3,10,1,15.515,25.036,0.9992,0.9992,78,0,0,78,17,17,16,0.011603,0.008412,0.026529,1,1,1,2899.7
ecmp,3,11,11,15.928,25.393,0.9995,0.9995,75,0,0,75,21,20,20,0.011535,0.009315,0.026933,1,1,1,2899.7
ecmp,3,12,1,15.928,25.393,0.9995,0.9995,75,0,0,75,21,21,20,0.011535,0.009315,0.026933,1,1,1,2899.7
ecmp,3,13,11,15.34,24.481,0.9996,0.9996,76,0,0,76,25,24,24,0.011746,0.008379,0.025896,1,1,1,2899.7
ecmp,3,14,1,15.963,26.225,0.9996,0.9996,78,0,0,78,25,25,24,0.011645,0.008399,0.027845,1,1,1,2899.7
ecmp,3,15,11,16.275,27.049,0.9997,0.9997,75,0,0,75,29,28,28,0.011526,0.008525,0.028774,1,1,1,2899.7
ecmp,3,16,1,15.327,24.577,0.9997,0.9997,76,0,0,76,29,29,28,0.011467,0.008481,0.026034,1,1,1,2899.7
ecmp,3,17,11,15.327,24.577,0.9998,0.9998,76,0,0,76,33,32,32,0.011467,0.008481,0.026034,1,1,1,2899.7
ecmp,3,18,1,15.486,24.938,0.9998,0.9998,78,0,0,78,33,33,32,0.011555,0.008478,0.026425,1,1,1,2899.7
ecmp,3,19,11,15.409,24.741,0.9998,0.9998,74,0,0,74,37,36,36,0.011547,0.008473,0.026207,1,1,1,2899.7
ecmp,3,20,1,15.372,24.531,0.9998,0.9998,76,0,0,76,37,37,36,0.01154,0.008603,0.025974,1,1,1,2899.7
ecmp,3,21,11,15.483,24.711,0.9999,0.9999,78,0,0,78,41,40,40,0.011665,0.008624,0.026161,1,1,1,2899.7
ecmp,3,22,1,15.483,24.711,0.9999,0.9999,78,0,0,78,41,41,40,0.011665,0.008624,0.026161,1,1,1,2899.7
ecmp,3,23,1,15.443,24.782,1.0,1.0,79,0,0,79,41,41,41,0.011663,0.008426,0.02624,1,1,1,2899.7
ecmp,3,24,10,16.974,27.049,0.9999,0.9999,75,0,0,75,45,44,44,0.011963,0.010234,0.028725,1,1,1,2899.7
ecmp,3,25,1,15.62,25.091,0.9999,0.9999,76,0,0,76,45,45,44,0.011635,0.00864,0.026586,1,1,1,2899.7
ecmp,3,26,11,15.646,25.121,0.9999,0.9999,76,0,0,76,49,48,48,0.011936,0.008415,0.026586,1,1,1,2899.7
ecmp,3,27,1,15.345,24.309,0.9999,0.9999,78,0,0,78,49,49,48,0.011936,0.008415,0.025684,1,1,1,2899.7
ecmp,3,28,11,15.557,24.941,0.9999,0.9999,75,0,0,75,53,52,52,0.011746,0.008517,0.026407,1,1,1,2899.7
ecmp,3,29,1,15.897,25.845,0.9999,0.9999,76,0,0,76,53,53,52,0.011693,0.00858,0.027417,1,1,1,2899.7
ecmp,3,30,11,15.53,25.135,0.9999,0.9999,78,0,0,78,57,56,56,0.01155,0.008396,0.026644,1,1,1,2899.7
ecmp,3,31,1,15.555,25.142,0.9999,0.9999,78,0,0,78,57,57,56,0.011625,0.008396,0.026644,1,1,1,2899.7
ecmp,3,32,11,15.734,25.587,0.9999,0.9999,75,0,0,75,61,60,60,0.011625,0.008439,0.027138,1,1,1,2899.7
ecmp,3,33,1,15.45,24.644,0.9999,0.9999,77,0,0,77,61,61,60,0.011701,0.008568,0.026082,1,1,1,2899.7
ecmp,3,34,11,15.546,25.114,0.9999,0.9999,79,0,0,79,65,64,64,0.01153,0.008484,0.026623,1,1,1,2899.7
ecmp,3,35,1,15.605,24.784,0.9999,0.9999,75,0,0,75,65,65,64,0.012228,0.008409,0.026179,1,1,1,2899.7
ecmp,3,36,11,15.363,24.711,1.0,1.0,75,0,0,75,69,68,68,0.011501,0.008409,0.026179,1,1,1,2899.7
ecmp,3,37,1,15.373,24.725,1.0,1.0,77,0,0,77,69,69,68,0.011501,0.008424,0.026194,1,1,1,2899.7
ecmp,3,38,11,15.389,24.752,1.0,1.0,78,0,0,78,73,72,72,0.011552,0.008396,0.026219,1,1,1,2899.7
ecmp,3,39,1,15.615,24.849,1.0,1.0,80,0,0,80,73,73,72,0.011934,0.008627,0.026284,1,1,1,2899.7
ecmp,3,40,11,15.707,25.423,1.0,1.0,76,0,0,76,77,76,76,0.011844,0.008345,0.026932,1,1,1,2899.7
ecmp,3,41,1,15.999,25.416,1.0,1.0,76,0,0,76,77,77,76,0.011771,0.009293,0.026932,1,1,1,2899.7
ecmp,3,42,11,15.752,24.749,1.0,1.0,77,0,0,77,81,80,80,0.011771,0.009293,0.026191,1,1,1,2899.7
ecmp,3,43,1,15.707,25.252,1.0,1.0,79,0,0,79,81,81,80,0.011788,0.008586,0.026748,1,1,1,2899.7
ecmp,3,44,1,15.761,24.945,1.0,1.0,75,0,0,75,81,81,81,0.012444,0.008506,0.026334,1,1,1,2899.7
ecmp,3,45,10,15.387,24.436,1.0,1.0,77,0,0,77,85,84,84,0.011723,0.008589,0.025849,1,1,1,2899.7
ecmp,3,46,1,15.298,24.422,1.0,1.0,77,0,0,77,85,85,84,0.01158,0.008465,0.025849,1,1,1,2899.7
ecmp,3,47,11,15.408,24.719,1.0,1.0,78,0,0,78,89,88,88,0.01158,0.008465,0.026179,1,1,1,2899.7
ecmp,3,48,1,15.3,24.514,1.0,1.0,75,0,0,75,89,89,88,0.011544,0.008402,0.025955,1,1,1,2899.7
ecmp,3,49,11,15.634,25.41,1.0,1.0,77,0,0,77,93,92,92,0.011533,0.008417,0.026952,1,1,1,2899.7
ecmp,3,50,1,16.198,25.798,1.0,1.0,78,0,0,78,93,93,92,0.011571,0.009644,0.027379,1,1,1,2899.7
ecmp,3,51,13,16.038,25.939,1.0,1.0,80,0,0,80,97,97,97,0.011687,0.008905,0.027523,1,1,1,2899.7
ecmp,3,52,1,16.038,25.939,1.0,1.0,80,0,0,80,98,97,97,0.011687,0.008905,0.027523,1,1,1,2899.7
ecmp,3,53,1,15.693,25.539,1.0,1.0,75,0,0,75,98,98,97,0.01153,0.008453,0.027096,1,1,1,2899.7
ecmp,3,54,11,15.743,24.878,1.0,1.0,77,0,0,77,102,101,101,0.012576,0.008409,0.026245,1,1,1,2899.7
ecmp,3,55,1,15.657,25.374,1.0,1.0,78,0,0,78,102,102,101,0.011627,0.008444,0.026901,1,1,1,2899.7
ecmp,3,56,11,15.455,24.718,1.0,1.0,75,0,0,75,106,105,105,0.011716,0.008487,0.026163,1,1,1,2899.7
ecmp,3,57,1,15.455,24.718,1.0,1.0,75,0,0,75,106,106,105,0.011716,0.008487,0.026163,1,1,1,2899.7
ecmp,3,58,11,15.574,24.438,1.0,1.0,76,0,0,76,110,109,109,0.011503,0.009343,0.025875,1,1,1,2899.7
ecmp,3,59,1,15.667,25.336,1.0,1.0,78,0,0,78,110,110,109,0.011683,0.008466,0.026853,1,1,1,2899.7
ecmp,3,60,11,15.499,24.735,1.0,1.0,77,0,0,77,114,113,113,0.011924,0.008416,0.026158,1,1,1,2899.7
ecmp,3,61,1,15.306,24.499,1.0,1.0,78,0,0,78,114,114,113,0.011567,0.008415,0.025936,1,1,1,2899.7
ecmp,3,62,11,15.294,24.496,1.0,1.0,78,0,0,78,118,117,117,0.011532,0.008415,0.025936,1,1,1,2899.7
ecmp,3,63,1,15.283,24.387,1.0,1.0,80,0,0,80,118,118,117,0.011532,0.008501,0.025815,1,1,1,2899.7
ecmp,3,64,0,15.625,24.81,1.0,1.0,77,0,0,77,118,118,117,0.011518,0.00907,0.026287,1,1,1,2899.7
ecmp,3,65,11,15.842,25.26,1.0,1.0,79,0,0,79,122,121,121,0.012032,0.008765,0.02673,1,1,1,2899.7
ecmp,3,66,1,15.419,24.595,1.0,1.0,80,0,0,80,122,122,121,0.011748,0.008485,0.026023,1,1,1,2899.7
ecmp,3,67,11,15.674,24.672,1.0,1.0,80,0,0,80,126,125,125,0.012515,0.008485,0.026023,1,1,1,2899.7
ecmp,3,68,1,15.907,25.212,1.0,1.0,82,0,0,82,126,126,125,0.012515,0.008584,0.026623,1,1,1,2899.7
ecmp,3,69,11,15.797,25.813,1.0,1.0,78,0,0,78,130,129,129,0.01165,0.008355,0.027387,1,1,1,2899.7
ecmp,3,70,1,15.461,24.715,1.0,1.0,79,0,0,79,130,130,129,0.011574,0.008635,0.026175,1,1,1,2899.7
ecmp,3,71,11,15.694,25.46,1.0,1.0,81,0,0,81,134,133,133,0.011772,0.00833,0.026981,1,1,1,2899.7
ecmp,3,72,1,15.694,25.46,1.0,1.0,81,0,0,81,134,134,133,0.011772,0.00833,0.026981,1,1,1,2899.7
ecmp,3,73,11,15.438,24.839,1.0,1.0,77,0,0,77,138,137,137,0.011527,0.008469,0.026318,1,1,1,2899.7
ecmp,3,74,1,15.846,24.956,1.0,1.0,79,0,0,79,138,138,137,0.012519,0.00868,0.026338,1,1,1,2899.7
ecmp,3,75,11,15.313,24.764,1.0,1.0,81,0,0,81,142,141,141,0.011394,0.008296,0.026249,1,1,1,2899.7
ecmp,3,76,1,15.552,24.934,1.0,1.0,77,0,0,77,142,142,141,0.011581,0.008657,0.026418,1,1,1,2899.7
ecmp,3,77,11,15.606,24.95,1.0,1.0,77,0,0,77,146,145,145,0.011742,0.008657,0.026418,1,1,1,2899.7
ecmp,3,78,1,15.948,25.707,1.0,1.0,79,0,0,79,146,146,145,0.011742,0.008843,0.027259,1,1,1,2899.7
ecmp,3,79,11,15.455,24.947,1.0,1.0,80,0,0,80,150,149,149,0.011508,0.008416,0.02644,1,1,1,2899.7
ecmp,3,80,1,15.798,24.965,1.0,1.0,82,0,0,82,150,150,149,0.011757,0.009204,0.026432,1,1,1,2899.7
ecmp,3,81,11,15.321,24.573,1.0,1.0,78,0,0,78,154,153,153,0.011545,0.008396,0.026021,1,1,1,2899.7
ecmp,3,82,1,15.339,24.577,1.0,1.0,78,0,0,78,154,154,153,0.011577,0.00842,0.026021,1,1,1,2899.7
ecmp,3,83,11,15.399,24.737,1.0,1.0,79,0,0,79,158,157,157,0.011577,0.00842,0.026199,1,1,1,2899.7
ecmp,3,84,1,16.127,26.237,1.0,1.0,81,0,0,81,158,158,157,0.012201,0.008384,0.027797,1,1,1,2899.7
ecmp,3,85,11,15.462,24.893,1.0,1.0,77,0,0,77,162,161,161,0.011462,0.00854,0.026385,1,1,1,2899.7
ecmp,3,86,0,15.509,25.039,1.0,1.0,79,0,0,79,162,161,161,0.011593,0.008402,0.026533,1,1,1,2899.7
ecmp,3,87,1,15.805,25.052,1.0,1.0,79,0,0,79,162,162,161,0.011727,0.009154,0.026533,1,1,1,2899.7
ecmp,3,88,11,15.729,24.849,1.0,1.0,80,0,0,80,166,165,165,0.011727,0.009154,0.026307,1,1,1,2899.7
ecmp,3,89,1,15.507,24.897,1.0,1.0,77,0,0,77,166,166,165,0.011621,0.008529,0.026372,1,1,1,2899.7
ecmp,3,90,11,15.7,25.364,1.0,1.0,79,0,0,79,170,169,169,0.01168,0.008536,0.026885,1,1,1,2899.7
ecmp,3,91,1,15.586,25.286,1.0,1.0,80,0,0,80,170,170,169,0.011452,0.008484,0.026823,1,1,1,2899.7
ecmp,3,92,11,15.615,25.235,1.0,1.0,77,0,0,77,174,173,173,0.011695,0.008409,0.02674,1,1,1,2899.7
ecmp,3,93,1,15.615,25.235,1.0,1.0,77,0,0,77,174,174,173,0.011695,0.008409,0.02674,1,1,1,2899.7
ecmp,3,94,11,16.352,25.69,1.0,1.0,78,0,0,78,178,177,177,0.011877,0.009953,0.027225,1,1,1,2899.7
ecmp,3,95,1,15.934,25.372,1.0,1.0,80,0,0,80,178,178,177,0.01234,0.008643,0.02682,1,1,1,2899.7
ecmp,3,96,13,15.526,24.713,1.0,1.0,82,0,0,82,182,182,182,0.011766,0.00866,0.026152,1,1,1,2899.7
ecmp,3,97,1,15.529,25.046,1.0,1.0,78,0,0,78,183,182,182,0.0116,0.008446,0.02654,1,1,1,2899.7
ecmp,3,98,1,15.458,25.025,1.0,1.0,78,0,0,78,183,183,182,0.011387,0.008446,0.02654,1,1,1,2899.7
ecmp,3,99,11,15.711,25.681,1.0,1.0,79,0,0,79,187,186,186,0.011387,0.008478,0.027269,1,1,1,2899.7
ecmp,3,100,1,15.554,24.969,1.0,1.0,81,0,0,81,187,187,186,0.011865,0.008373,0.026425,1,1,1,2899.7
ecmp,3,101,11,15.705,25.623,1.0,1.0,77,0,0,77,191,190,190,0.011521,0.008403,0.02719,1,1,1,2899.7
ecmp,3,102,1,15.465,24.464,1.0,1.0,78,0,0,78,191,191,190,0.01201,0.008537,0.025848,1,1,1,2899.7
ecmp,3,103,11,15.298,24.42,1.0,1.0,78,0,0,78,195,194,194,0.011564,0.008482,0.025848,1,1,1,2899.7
ecmp,3,104,0,15.699,25.503,1.0,1.0,80,0,0,80,195,194,194,0.011564,0.008482,0.027052,1,1,1,2899.7
ecmp,3,105,1,15.753,25.082,1.0,1.0,76,0,0,76,195,195,194,0.012082,0.00865,0.026527,1,1,1,2899.7
ecmp,3,106,11,15.603,24.585,1.0,1.0,78,0,0,78,199,198,198,0.012399,0.00847,0.025939,1,1,1,2899.7
ecmp,3,107,1,15.331,24.433,1.0,1.0,79,0,0,79,199,199,198,0.01167,0.008472,0.025851,1,1,1,2899.7
ecmp,3,108,11,15.317,24.414,1.0,1.0,79,0,0,79,203,202,202,0.011479,0.00862,0.025851,1,1,1,2899.7
ecmp,3,109,1,15.373,24.567,1.0,1.0,81,0,0,81,203,203,202,0.011479,0.00862,0.026021,1,1,1,2899.7
ecmp,3,110,11,15.312,24.622,1.0,1.0,78,0,0,78,207,206,206,0.011529,0.00833,0.026077,1,1,1,2899.7
ecmp,3,111,1,15.438,24.561,1.0,1.0,79,0,0,79,207,207,206,0.011839,0.008499,0.025975,1,1,1,2899.7
ecmp,3,112,11,15.427,24.827,1.0,1.0,81,0,0,81,211,210,210,0.011557,0.008423,0.026301,1,1,1,2899.7
ecmp,3,113,1,15.424,24.764,1.0,1.0,77,0,0,77,211,211,210,0.01165,0.008401,0.026221,1,1,1,2899.7
ecmp,3,114,11,15.424,24.764,1.0,1.0,77,0,0,77,215,214,214,0.01165,0.008401,0.026221,1,1,1,2899.7
ecmp,3,115,1,15.948,25.745,1.0,1.0,79,0,0,79,215,215,214,0.011669,0.008866,0.027309,1,1,1,2899.7
ecmp,3,116,11,16.008,24.884,1.0,1.0,80,0,0,80,219,218,218,0.011641,0.010028,0.026355,1,1,1,2899.7
ecmp,3,117,1,15.523,25.095,1.0,1.0,77,0,0,77,219,219,218,0.011531,0.008435,0.026602,1,1,1,2899.7
ecmp,3,118,11,15.683,25.238,1.0,1.0,79,0,0,79,223,222,222,0.011801,0.008517,0.026731,1,1,1,2899.7
ecmp,3,119,1,15.672,25.235,1.0,1.0,79,0,0,79,223,223,222,0.011769,0.008517,0.026731,1,1,1,2899.7
ecmp,4,0,0,15.678,25.244,1.0,1.0,0,0,0,0,0,0,0,0.011807,0.00849,0.026737,1,1,1,2503.9
ecmp,4,1,1,15.601,24.967,0.3333,0.3333,76,0,0,76,1,0,0,0.011806,0.008568,0.026429,1,1,1,2503.9
ecmp,4,2,1,15.879,25.961,0.6667,0.6667,77,0,0,77,1,1,0,0.011773,0.008327,0.027538,1,1,1,2503.9
ecmp,4,3,11,15.59,25.357,0.9883,0.9883,74,0,0,74,5,4,4,0.011501,0.008372,0.026897,1,1,1,2503.9
ecmp,4,4,1,15.577,24.972,0.9899,0.9899,75,0,0,75,5,5,4,0.011555,0.008713,0.026463,1,1,1,2503.9
ecmp,4,5,11,15.577,24.972,0.9968,0.9968,75,0,0,75,9,8,8,0.011555,0.008713,0.026463,1,1,1,2503.9
ecmp,4,6,1,15.649,25.297,0.9971,0.9971,77,0,0,77,9,9,8,0.0116,0.008527,0.026819,1,1,1,2503.9
ecmp,4,7,11,15.255,24.47,0.9985,0.9985,79,0,0,79,13,12,12,0.011471,0.008379,0.025914,1,1,1,2503.9
ecmp,4,8,1,15.519,24.34,0.9986,0.9986,75,0,0,75,13,13,12,0.011564,0.009234,0.025759,1,1,1,2503.9
ecmp,4,9,11,15.852,25.161,0.9992,0.9992,77,0,0,77,17,16,16,0.012486,0.0085,0.026569,1,1,1,2503.9
ecmp,4,10,1,15.852,25.161,0.9992,0.9992,77,0,0,77,17,17,16,0.012486,0.0085,0.026569,1,1,1,2503.9
ecmp,4,11,11,15.928,25.67,0.9995,0.9995,78,0,0,78,21,20,20,0.012016,0.00858,0.027187,1,1,1,2503.9
ecmp,4,12,1,15.602,25.17,0.9995,0.9995,75,0,0,75,21,21,20,0.011484,0.008631,0.026691,1,1,1,2503.9
ecmp,4,13,11,15.682,25.302,0.9996,0.9996,77,0,0,77,25,24,24,0.011815,0.00843,0.0268,1,1,1,2503.9
ecmp,4,14,1,15.312,24.63,0.9996,0.9996,78,0,0,78,25,25,24,0.011423,0.008416,0.026098,1,1,1,2503.9
ecmp,4,15,11,15.312,24.63,0.9997,0.9997,78,0,0,78,29,28,28,0.011423,0.008416,0.026098,1,1,1,2503.9
ecmp,4,16,1,15.533,24.654,0.9997,0.9997,74,0,0,74,29,29,28,0.011828,0.008693,0.026079,1,1,1,2503.9
ecmp,4,17,11,16.264,25.553,0.9998,0.9998,75,0,0,75,33,32,32,0.011905,0.009816,0.02707,1,1,1,2503.9
ecmp,4,18,1,15.841,24.824,0.9998,0.9998,77,0,0,77,33,33,32,0.012704,0.008647,0.026171,1,1,1,2503.9
ecmp,4,19,11,15.612,24.762,0.9998,0.9998,74,0,0,74,37,36,36,0.012084,0.008582,0.026171,1,1,1,2503.9
ecmp,4,20,1,15.612,24.762,0.9998,0.9998,74,0,0,74,37,37,36,0.012084,0.008582,0.026171,1,1,1,2503.9
ecmp,4,21,11,15.663,25.295,0.9999,0.9999,75,0,0,75,41,40,40,0.011748,0.008442,0.0268,1,1,1,2503.9
ecmp,4,22,1,15.805,25.574,0.9999,0.9999,77,0,0,77,41,41,40,0.011853,0.008464,0.027099,1,1,1,2503.9
ecmp,4,23,0,15.38,24.527,0.9999,0.9999,78,0,0,78,41,41,40,0.01165,0.008533,0.025958,1,1,1,2503.9
ecmp,4,24,11,16.034,26.289,0.9999,0.9999,75,0,0,75,45,44,44,0.011593,0.008586,0.027922,1,1,1,2503.9
ecmp,4,25,1,16.355,26.386,0.9999,0.9999,75,0,0,75,45,45,44,0.012558,0.008586,0.027922,1,1,1,2503.9
ecmp,4,26,11,15.665,24.485,0.9999,0.9999,78,0,0,78,49,48,48,0.012558,0.008626,0.02581,1,1,1,2503.9
ecmp,4,27,1,15.367,24.764,0.9999,0.9999,78,0,0,78,49,49,48,0.011556,0.008315,0.026231,1,1,1,2503.9
ecmp,4,28,11,15.721,24.92,0.9999,0.9999,74,0,0,74,53,52,52,0.01245,0.008406,0.026306,1,1,1,2503.9
ecmp,4,29,1,15.631,25.276,0.9999,0.9999,75,0,0,75,53,53,52,0.011646,0.008456,0.026791,1,1,1,2503.9
ecmp,4,30,11,15.593,25.265,0.9999,0.9999,75,0,0,75,57,56,56,0.011531,0.008456,0.026791,1,1,1,2503.9
ecmp,4,31,1,15.438,24.671,0.9999,0.9999,77,0,0,77,57,57,56,0.011531,0.008652,0.026131,1,1,1,2503.9
ecmp,4,32,11,15.604,25.133,0.9999,0.9999,74,0,0,74,61,60,60,0.011737,0.008453,0.026621,1,1,1,2503.9
ecmp,4,33,1,15.836,25.796,0.9999,0.9999,76,0,0,76,61,61,60,0.011741,0.008408,0.027358,1,1,1,2503.9
ecmp,4,34,11,15.489,24.995,0.9999,0.9999,78,0,0,78,65,64,64,0.0116,0.008384,0.026483,1,1,1,2503.9
ecmp,4,35,1,15.882,25.085,0.9999,0.9999,78,0,0,78,65,65,64,0.012504,0.008658,0.026483,1,1,1,2503.9
ecmp,4,36,11,15.76,24.757,1.0,1.0,79,0,0,79,69,68,68,0.012504,0.008658,0.026118,1,1,1,2503.9
ecmp,4,37,1,15.45,24.905,1.0,1.0,76,0,0,76,69,69,68,0.0115,0.008454,0.026395,1,1,1,2503.9
ecmp,4,38,11,15.997,25.108,1.0,1.0,77,0,0,77,73,72,72,0.012909,0.008619,0.026464,1,1,1,2503.9
ecmp,4,39,1,15.425,24.75,1.0,1.0,79,0,0,79,73,73,72,0.011634,0.008433,0.026207,1,1,1,2503.9
ecmp,4,40,11,15.356,24.535,1.0,1.0,75,0,0,75,77,76,76,0.011649,0.008451,0.025967,1,1,1,2503.9
ecmp,4,41,1,15.356,24.535,1.0,1.0,75,0,0,75,77,77,76,0.011649,0.008451,0.025967,1,1,1,2503.9
ecmp,4,42,11,15.58,25.268,1.0,1.0,76,0,0,76,81,80,80,0.011415,0.008517,0.026807,1,1,1,2503.9
ecmp,4,43,1,15.399,24.738,1.0,1.0,78,0,0,78,81,81,80,0.011521,0.008469,0.026206,1,1,1,2503.9
ecmp,4,44,11,15.712,24.88,1.0,1.0,74,0,0,74,85,84,84,0.011482,0.009285,0.026369,1,1,1,2503.9
ecmp,4,45,1,15.347,24.37,1.0,1.0,76,0,0,76,85,85,84,0.011714,0.008552,0.025776,1,1,1,2503.9
ecmp,4,46,1,15.334,24.366,1.0,1.0,76,0,0,76,85,85,85,0.011673,0.008552,0.025776,1,1,1,2503.9
ecmp,4,47,10,15.493,24.98,1.0,1.0,78,0,0,78,89,88,88,0.011673,0.008347,0.026459,1,1,1,2503.9
ecmp,4,48,1,15.24,24.296,1.0,1.0,79,0,0,79,89,89,88,0.011479,0.008522,0.02572,1,1,1,2503.9
ecmp,4,49,11,15.587,25.125,1.0,1.0,76,0,0,76,93,92,92,0.011701,0.008443,0.026617,1,1,1,2503.9
ecmp,4,50,1,15.352,24.663,1.0,1.0,77,0,0,77,93,93,92,0.011577,0.008362,0.026117,1,1,1,2503.9
ecmp,4,51,11,15.425,24.663,1.0,1.0,77,0,0,77,97,96,96,0.011577,0.00858,0.026117,1,1,1,2503.9
ecmp,4,52,1,15.403,24.605,1.0,1.0,79,0,0,79,97,97,96,0.011577,0.00858,0.026053,1,1,1,2503.9
ecmp,4,53,11,15.281,24.431,1.0,1.0,74,0,0,74,101,100,100,0.011534,0.008444,0.025864,1,1,1,2503.9
ecmp,4,54,1,15.601,24.726,1.0,1.0,76,0,0,76,101,101,100,0.011775,0.008863,0.026165,1,1,1,2503.9
ecmp,4,55,11,15.148,24.185,1.0,1.0,78,0,0,78,105,104,104,0.011493,0.008356,0.025595,1,1,1,2503.9
ecmp,4,56,1,15.702,25.449,1.0,1.0,75,0,0,75,105,105,104,0.011507,0.008602,0.026998,1,1,1,2503.9
ecmp,4,57,11,15.741,25.461,1.0,1.0,75,0,0,75,109,108,108,0.011624,0.008602,0.026998,1,1,1,2503.9
ecmp,4,58,1,15.707,24.727,1.0,1.0,77,0,0,77,109,109,108,0.011624,0.009313,0.026183,1,1,1,2503.9
ecmp,4,59,11,17.512,29.609,1.0,1.0,78,0,0,78,113,112,112,0.011891,0.009067,0.031578,1,1,1,2503.9
ecmp,4,60,1,15.603,25.151,1.0,1.0,80,0,0,80,113,113,112,0.011771,0.008399,0.026638,1,1,1,2503.9
ecmp,4,61,11,15.493,24.725,1.0,1.0,79,0,0,79,117,116,116,0.011449,0.008831,0.0262,1,1,1,2503.9
ecmp,4,62,1,15.523,24.734,1.0,1.0,79,0,0,79,117,117,116,0.011538,0.008831,0.0262,1,1,1,2503.9
ecmp,4,63,11,15.327,24.582,1.0,1.0,80,0,0,80,121,120,120,0.011538,0.008412,0.026031,1,1,1,2503.9
ecmp,4,64,1,15.385,24.707,1.0,1.0,82,0,0,82,121,121,120,0.011547,0.008439,0.026169,1,1,1,2503.9
ecmp,4,65,7,15.332,24.541,1.0,1.0,79,0,0,79,123,123,123,0.011574,0.008441,0.025982,1,1,1,2503.9
ecmp,4,66,4,15.873,25.204,1.0,1.0,81,0,0,81,125,124,124,0.011656,0.009254,0.026709,1,1,1,2503.9
ecmp,4,67,1,15.701,25.189,1.0,1.0,81,0,0,81,125,125,124,0.011505,0.008888,0.026709,1,1,1,2503.9
ecmp,4,68,11,15.564,24.82,1.0,1.0,82,0,0,82,129,128,128,0.011505,0.008888,0.0263,1,1,1,2503.9
ecmp,4,69,1,15.548,25.065,1.0,1.0,78,0,0,78,129,129,128,0.011616,0.00847,0.026559,1,1,1,2503.9
ecmp,4,70,11,15.26,24.3,1.0,1.0,80,0,0,80,133,132,132,0.011435,0.008617,0.025729,1,1,1,2503.9
ecmp,4,71,1,15.788,24.985,1.0,1.0,81,0,0,81,133,133,132,0.01175,0.009158,0.026456,1,1,1,2503.9
ecmp,4,72,11,15.493,24.971,1.0,1.0,81,0,0,81,137,136,136,0.011602,0.00842,0.026456,1,1,1,2503.9
ecmp,4,73,1,15.445,24.842,1.0,1.0,78,0,0,78,137,137,136,0.011602,0.00842,0.026313,1,1,1,2503.9
ecmp,4,74,11,15.667,25.297,1.0,1.0,79,0,0,79,141,140,140,0.011611,0.008572,0.026818,1,1,1,2503.9
ecmp,4,75,1,15.654,24.96,1.0,1.0,81,0,0,81,141,141,140,0.012176,0.008406,0.026381,1,1,1,2503.9
ecmp,4,76,11,15.233,24.346,1.0,1.0,83,0,0,83,145,144,144,0.011488,0.008436,0.025775,1,1,1,2503.9
ecmp,4,77,1,15.915,24.358,1.0,1.0,83,0,0,83,145,145,144,0.011608,0.010362,0.025775,1,1,1,2503.9
ecmp,4,78,11,16.073,24.786,1.0,1.0,79,0,0,79,149,148,148,0.011608,0.010362,0.02625,1,1,1,2503.9
ecmp,4,79,1,15.509,24.764,1.0,1.0,81,0,0,81,149,149,148,0.011908,0.008425,0.026193,1,1,1,2503.9
ecmp,4,80,11,15.384,24.696,1.0,1.0,82,0,0,82,153,152,152,0.011573,0.008425,0.026154,1,1,1,2503.9
ecmp,4,81,1,15.399,24.684,1.0,1.0,78,0,0,78,153,153,152,0.01166,0.008407,0.026131,1,1,1,2503.9
ecmp,4,82,11,15.392,24.7,1.0,1.0,80,0,0,80,157,156,156,0.011491,0.008517,0.026168,1,1,1,2503.9
ecmp,4,83,1,15.392,24.7,1.0,1.0,80,0,0,80,157,157,156,0.011491,0.008517,0.026168,1,1,1,2503.9
ecmp,4,84,11,15.632,25.006,1.0,1.0,81,0,0,81,161,160,160,0.011643,0.008762,0.026491,1,1,1,2503.9
ecmp,4,85,1,15.501,24.918,1.0,1.0,78,0,0,78,161,161,160,0.011531,0.008566,0.026406,1,1,1,2503.9
ecmp,4,86,11,15.78,25.665,1.0,1.0,79,0,0,79,165,164,164,0.011543,0.008562,0.027234,1,1,1,2503.9
ecmp,4,87,1,15.838,25.753,1.0,1.0,81,0,0,81,165,165,164,0.011566,0.008618,0.027329,1,1,1,2503.9
ecmp,4,88,0,15.83,25.75,1.0,1.0,81,0,0,81,165,165,164,0.011544,0.008618,0.027329,1,1,1,2503.9
ecmp,4,89,11,15.658,25.462,1.0,1.0,83,0,0,83,169,168,168,0.011544,0.008423,0.027008,1,1,1,2503.9
ecmp,4,90,1,15.82,24.748,1.0,1.0,79,0,0,79,169,169,168,0.012979,0.008424,0.026056,1,1,1,2503.9
ecmp,4,91,11,15.664,25.334,1.0,1.0,81,0,0,81,173,172,172,0.011539,0.008586,0.026867,1,1,1,2503.9
ecmp,4,92,1,15.806,25.713,1.0,1.0,82,0,0,82,173,173,172,0.011559,0.008574,0.027286,1,1,1,2503.9
ecmp,4,93,11,15.905,25.743,1.0,1.0,82,0,0,82,177,176,176,0.011855,0.008574,0.027286,1,1,1,2503.9
ecmp,4,94,1,15.607,25.044,1.0,1.0,79,0,0,79,177,177,176,0.011855,0.008458,0.026509,1,1,1,2503.9
ecmp,4,95,11,15.443,24.491,1.0,1.0,81,0,0,81,181,180,180,0.011634,0.008775,0.02592,1,1,1,2503.9
ecmp,4,96,1,15.714,25.246,1.0,1.0,82,0,0,82,181,181,180,0.011891,0.008522,0.02673,1,1,1,2503.9
ecmp,4,97,11,16.19,25.469,1.0,1.0,78,0,0,78,185,184,184,0.013345,0.00841,0.026816,1,1,1,2503.9
ecmp,4,98,1,15.609,25.293,1.0,1.0,78,0,0,78,185,185,184,0.011587,0.008423,0.026816,1,1,1,2503.9
ecmp,4,99,11,15.632,25.357,1.0,1.0,79,0,0,79,189,188,188,0.011587,0.008423,0.026887,1,1,1,2503.9
ecmp,4,100,1,15.655,24.941,1.0,1.0,81,0,0,81,189,189,188,0.01224,0.008373,0.026352,1,1,1,2503.9
ecmp,4,101,11,15.647,25.202,1.0,1.0,83,0,0,83,193,192,192,0.011642,0.008591,0.026709,1,1,1,2503.9
ecmp,4,102,1,15.796,25.475,1.0,1.0,79,0,0,79,193,193,192,0.011489,0.008869,0.027029,1,1,1,2503.9
ecmp,4,103,11,15.799,25.476,1.0,1.0,79,0,0,79,197,196,196,0.011499,0.008869,0.027029,1,1,1,2503.9
ecmp,4,104,1,15.281,24.432,1.0,1.0,81,0,0,81,197,197,196,0.011499,0.008475,0.025869,1,1,1,2503.9
ecmp,4,105,11,15.399,24.756,1.0,1.0,82,0,0,82,201,200,200,0.011602,0.008378,0.026218,1,1,1,2503.9
ecmp,4,106,1,15.553,24.81,1.0,1.0,79,0,0,79,201,201,200,0.011583,0.008796,0.02628,1,1,1,2503.9
ecmp,4,107,11,16.133,26.224,1.0,1.0,80,0,0,80,205,204,204,0.012123,0.008485,0.027791,1,1,1,2503.9
ecmp,4,108,1,16.024,26.175,1.0,1.0,80,0,0,80,205,205,204,0.011633,0.008648,0.027791,1,1,1,2503.9
ecmp,4,109,11,15.791,25.546,1.0,1.0,82,0,0,82,209,208,208,0.011633,0.008648,0.027092,1,1,1,2503.9
ecmp,4,110,0,15.85,25.579,1.0,1.0,78,0,0,78,209,208,208,0.011889,0.008562,0.0271,1,1,1,2503.9
ecmp,4,111,1,15.45,24.909,1.0,1.0,79,0,0,79,209,209,208,0.01148,0.00847,0.026401,1,1,1,2503.9
ecmp,4,112,11,15.793,25.635,1.0,1.0,81,0,0,81,213,212,212,0.011709,0.008488,0.027182,1,1,1,2503.9
ecmp,4,113,1,15.287,24.505,1.0,1.0,77,0,0,77,213,213,212,0.011572,0.008347,0.025942,1,1,1,2503.9
ecmp,4,114,11,15.287,24.505,1.0,1.0,77,0,0,77,217,216,216,0.011572,0.008347,0.025942,1,1,1,2503.9
ecmp,4,115,1,15.695,25.339,1.0,1.0,79,0,0,79,217,217,216,0.011685,0.008544,0.026856,1,1,1,2503.9
ecmp,4,116,11,15.749,25.665,1.0,1.0,81,0,0,81,221,220,220,0.011616,0.008404,0.027226,1,1,1,2503.9
ecmp,4,117,1,15.921,25.024,1.0,1.0,82,0,0,82,221,221,220,0.011529,0.009709,0.026524,1,1,1,2503.9
ecmp,4,118,11,15.638,25.217,1.0,1.0,79,0,0,79,225,224,224,0.011605,0.008579,0.026729,1,1,1,2503.9
ecmp,4,119,1,15.638,25.217,1.0,1.0,79,0,0,79,225,225,224,0.011605,0.008579,0.026729,1,1,1,2503.9
ecmp,5,0,0,15.479,24.893,1.0,1.0,0,0,0,0,0,0,0,0.011553,0.008509,0.026375,1,1,1,2619.6
ecmp,5,1,1,15.374,24.634,0.3333,0.3333,76,0,0,76,1,0,0,0.011585,0.008454,0.026084,1,1,1,2619.6
ecmp,5,2,1,15.374,24.634,0.6667,0.6667,76,0,0,76,1,1,0,0.011585,0.008454,0.026084,1,1,1,2619.6
ecmp,5,3,11,15.411,24.691,0.9883,0.9883,78,0,0,78,5,4,4,0.011633,0.008459,0.026142,1,1,1,2619.6
ecmp,5,4,1,15.407,24.81,0.9899,0.9899,79,0,0,79,5,5,4,0.011562,0.008377,0.026282,1,1,1,2619.6
ecmp,5,5,11,15.232,24.302,0.9968,0.9968,76,0,0,76,9,8,8,0.011455,0.008512,0.025729,1,1,1,2619.6
ecmp,5,6,1,15.532,25.038,0.9971,0.9971,77,0,0,77,9,9,8,0.011615,0.00845,0.02653,1,1,1,2619.6
ecmp,5,7,11,15.516,25.034,0.9985,0.9985,77,0,0,77,13,12,12,0.011569,0.00845,0.02653,1,1,1,2619.6
ecmp,5,8,1,15.539,25.064,0.9986,0.9986,79,0,0,79,13,13,12,0.011569,0.008483,0.026564,1,1,1,2619.6
ecmp,5,9,11,15.402,24.673,0.9992,0.9992,75,0,0,75,17,16,16,0.01166,0.008426,0.026119,1,1,1,2619.6
ecmp,5,10,1,15.83,25.72,0.9992,0.9992,76,0,0,76,17,17,16,0.011523,0.008669,0.027297,1,1,1,2619.6
ecmp,5,11,11,15.243,24.328,0.9995,0.9995,78,0,0,78,21,20,20,0.011477,0.008497,0.025756,1,1,1,2619.6
ecmp,5,12,1,15.291,24.342,0.9995,0.9995,78,0,0,78,21,21,20,0.01162,0.008497,0.025756,1,1,1,2619.6
ecmp,5,13,11,15.67,25.284,0.9996,0.9996,75,0,0,75,25,24,24,0.01162,0.008587,0.026802,1,1,1,2619.6
ecmp,5,14,1,15.471,24.776,0.9996,0.9996,77,0,0,77,25,25,24,0.011512,0.008651,0.02625,1,1,1,2619.6
ecmp,5,15,11,15.646,25.409,0.9997,0.9997,78,0,0,78,29,28,28,0.011581,0.00841,0.026946,1,1,1,2619.6
ecmp,5,16,1,16.364,25.974,0.9997,0.9997,80,0,0,80,29,29,28,0.013364,0.008353,0.027375,1,1,1,2619.6
ecmp,5,17,11,15.818,25.798,0.9998,0.9998,80,0,0,80,33,32,32,0.011609,0.008469,0.027375,1,1,1,2619.6
ecmp,5,18,1,15.619,25.261,0.9998,0.9998,77,0,0,77,33,33,32,0.011609,0.008469,0.026778,1,1,1,2619.6
ecmp,5,19,11,15.395,24.58,0.9998,0.9998,78,0,0,78,37,36,36,0.011763,0.008417,0.026004,1,1,1,2619.6
ecmp,5,20,1,15.381,24.743,0.9998,0.9998,80,0,0,80,37,37,36,0.011477,0.008448,0.026217,1,1,1,2619.6
ecmp,5,21,11,15.507,24.911,0.9999,0.9999,76,0,0,76,41,40,40,0.011585,0.008543,0.026392,1,1,1,2619.6
ecmp,5,22,1,16.054,25.048,0.9999,0.9999,76,0,0,76,41,41,40,0.012952,0.008817,0.026392,1,1,1,2619.6
ecmp,5,23,1,16.881,27.283,1.0,1.0,78,0,0,78,41,41,41,0.012952,0.008817,0.028875,1,1,1,2619.6
ecmp,5,24,10,15.602,25.39,0.9999,0.9999,80,0,0,80,45,44,44,0.011454,0.008413,0.026939,1,1,1,2619.6
ecmp,5,25,1,15.669,25.52,0.9999,0.9999,75,0,0,75,45,45,44,0.011494,0.008434,0.027078,1,1,1,2619.6
ecmp,5,26,11,15.861,25.474,0.9999,0.9999,77,0,0,77,49,48,48,0.012149,0.008479,0.026955,1,1,1,2619.6
ecmp,5,27,1,15.551,24.936,0.9999,0.9999,78,0,0,78,49,49,48,0.011871,0.008395,0.026388,1,1,1,2619.6
ecmp,5,28,11,15.551,24.936,0.9999,0.9999,78,0,0,78,53,52,52,0.011871,0.008395,0.026388,1,1,1,2619.6
ecmp,5,29,1,15.396,24.701,0.9999,0.9999,75,0,0,75,53,53,52,0.011566,0.008462,0.026161,1,1,1,2619.6
ecmp,5,30,11,15.939,25.386,0.9999,0.9999,77,0,0,77,57,56,56,0.011844,0.009082,0.026891,1,1,1,2619.6
ecmp,5,31,1,15.655,25.204,0.9999,0.9999,78,0,0,78,57,57,56,0.011647,0.008608,0.02671,1,1,1,2619.6
ecmp,5,32,11,15.751,25.152,0.9999,0.9999,80,0,0,80,61,60,60,0.011708,0.008899,0.026646,1,1,1,2619.6
ecmp,5,33,1,15.751,25.152,0.9999,0.9999,80,0,0,80,61,61,60,0.011708,0.008899,0.026646,1,1,1,2619.6
ecmp,5,34,11,15.601,25.047,0.9999,0.9999,76,0,0,76,65,64,64,0.011752,0.008527,0.026524,1,1,1,2619.6
ecmp,5,35,1,16.001,25.854,0.9999,0.9999,78,0,0,78,65,65,64,0.011898,0.008701,0.027405,1,1,1,2619.6
ecmp,5,36,11,15.284,24.308,1.0,1.0,80,0,0,80,69,68,68,0.011591,0.008539,0.025721,1,1,1,2619.6
ecmp,5,37,1,15.518,24.993,1.0,1.0,75,0,0,75,69,69,68,0.011552,0.008516,0.026486,1,1,1,2619.6
ecmp,5,38,11,15.494,24.985,1.0,1.0,75,0,0,75,73,72,72,0.01148,0.008516,0.026486,1,1,1,2619.6
ecmp,5,39,1,15.43,24.736,1.0,1.0,77,0,0,77,73,73,72,0.01148,0.008601,0.026209,1,1,1,2619.6
ecmp,5,40,11,15.478,24.967,1.0,1.0,78,0,0,78,77,76,76,0.011581,0.008398,0.026454,1,1,1,2619.6
ecmp,5,41,1,15.341,24.664,1.0,1.0,75,0,0,75,77,77,76,0.011583,0.008322,0.026117,1,1,1,2619.6
ecmp,5,42,11,15.716,25.199,1.0,1.0,77,0,0,77,81,80,80,0.011619,0.008822,0.026708,1,1,1,2619.6
ecmp,5,43,1,15.802,25.225,1.0,1.0,77,0,0,77,81,81,80,0.011875,0.008822,0.026708,1,1,1,2619.6
ecmp,5,44,11,15.548,24.892,1.0,1.0,78,0,0,78,85,84,84,0.011875,0.008431,0.026338,1,1,1,2619.6
ecmp,5,45,1,15.853,25.94,1.0,1.0,80,0,0,80,85,85,84,0.011614,0.008413,0.027532,1,1,1,2619.6
ecmp,5,46,1,15.585,24.86,1.0,1.0,76,0,0,76,85,85,85,0.011799,0.008646,0.026311,1,1,1,2619.6
ecmp,5,47,10,15.505,24.753,1.0,1.0,78,0,0,78,89,88,88,0.011893,0.00844,0.026182,1,1,1,2619.6
ecmp,5,48,1,15.451,24.739,1.0,1.0,78,0,0,78,89,89,88,0.01175,0.008422,0.026182,1,1,1,2619.6
ecmp,5,49,11,15.414,24.639,1.0,1.0,79,0,0,79,93,92,92,0.01175,0.008422,0.026071,1,1,1,2619.6
ecmp,5,50,1,15.61,25.294,1.0,1.0,75,0,0,75,93,93,92,0.011573,0.008437,0.026819,1,1,1,2619.6
ecmp,5,51,11,15.352,24.607,1.0,1.0,77,0,0,77,97,96,96,0.011653,0.008357,0.026046,1,1,1,2619.6
ecmp,5,52,1,16.492,25.623,1.0,1.0,78,0,0,78,97,97,96,0.013884,0.008666,0.026927,1,1,1,2619.6
ecmp,5,53,11,15.615,25.386,1.0,1.0,78,0,0,78,101,100,100,0.011521,0.008398,0.026927,1,1,1,2619.6
ecmp,5,54,1,15.422,24.864,1.0,1.0,75,0,0,75,101,101,100,0.011521,0.008398,0.026346,1,1,1,2619.6
ecmp,5,55,11,15.397,24.618,1.0,1.0,76,0,0,76,105,104,104,0.011651,0.008482,0.026059,1,1,1,2619.6
ecmp,5,56,1,15.264,24.502,1.0,1.0,78,0,0,78,105,105,104,0.011425,0.008411,0.025955,1,1,1,2619.6
ecmp,5,57,11,15.545,24.888,1.0,1.0,76,0,0,76,109,108,108,0.011633,0.008642,0.026361,1,1,1,2619.6
ecmp,5,58,1,15.487,24.891,1.0,1.0,76,0,0,76,109,109,108,0.011664,0.008437,0.026361,1,1,1,2619.6
ecmp,5,59,11,15.529,25.003,1.0,1.0,77,0,0,77,113,112,112,0.011664,0.008437,0.026485,1,1,1,2619.6
ecmp,5,60,1,15.643,25.432,1.0,1.0,79,0,0,79,113,113,112,0.011436,0.008505,0.026987,1,1,1,2619.6
ecmp,5,61,11,15.582,24.852,1.0,1.0,80,0,0,80,117,116,116,0.011695,0.008738,0.026314,1,1,1,2619.6
ecmp,5,62,1,15.649,24.68,1.0,1.0,79,0,0,79,117,117,116,0.011555,0.009253,0.026138,1,1,1,2619.6
ecmp,5,63,11,15.855,25.775,1.0,1.0,81,0,0,81,121,120,120,0.011673,0.008551,0.027342,1,1,1,2619.6
ecmp,5,64,1,15.855,25.775,1.0,1.0,81,0,0,81,121,121,120,0.011673,0.008551,0.027342,1,1,1,2619.6
ecmp,5,65,11,15.642,24.855,1.0,1.0,82,0,0,82,125,124,124,0.012075,0.008575,0.026275,1,1,1,2619.6
ecmp,5,66,1,15.616,25.163,1.0,1.0,78,0,0,78,125,125,124,0.011769,0.008427,0.026651,1,1,1,2619.6
ecmp,5,67,11,15.507,24.719,1.0,1.0,79,0,0,79,129,128,128,0.011763,0.008599,0.026159,1,1,1,2619.6
ecmp,5,68,1,15.502,24.862,1.0,1.0,81,0,0,81,129,129,128,0.011753,0.008434,0.026319,1,1,1,2619.6
ecmp,5,69,0,15.573,24.884,1.0,1.0,81,0,0,81,129,129,128,0.011967,0.008434,0.026319,1,1,1,2619.6
ecmp,5,70,11,15.789,25.116,1.0,1.0,78,0,0,78,133,132,132,0.011967,0.008824,0.026577,1,1,1,2619.6
ecmp,5,71,1,15.59,24.938,1.0,1.0,79,0,0,79,133,133,132,0.011884,0.008497,0.026389,1,1,1,2619.6
ecmp,5,72,11,15.757,24.944,1.0,1.0,81,0,0,81,137,136,136,0.011553,0.009286,0.026432,1,1,1,2619.6
ecmp,5,73,1,15.566,25.061,1.0,1.0,82,0,0,82,137,137,136,0.011751,0.008408,0.02654,1,1,1,2619.6
ecmp,5,74,11,15.548,25.039,1.0,1.0,82,0,0,82,141,140,140,0.011534,0.00857,0.02654,1,1,1,2619.6
ecmp,5,75,1,15.587,25.146,1.0,1.0,79,0,0,79,141,141,140,0.011534,0.00857,0.026658,1,1,1,2619.6
ecmp,5,76,11,15.668,25.075,1.0,1.0,81,0,0,81,145,144,144,0.011715,0.00873,0.026559,1,1,1,2619.6
ecmp,5,77,1,15.72,25.279,1.0,1.0,82,0,0,82,145,145,144,0.011947,0.008452,0.02676,1,1,1,2619.6
ecmp,5,78,11,15.333,24.603,1.0,1.0,78,0,0,78,149,148,148,0.011506,0.008436,0.026058,1,1,1,2619.6
ecmp,5,79,1,15.408,24.603,1.0,1.0,78,0,0,78,149,149,148,0.01151,0.008656,0.026058,1,1,1,2619.6
ecmp,5,80,11,15.415,24.623,1.0,1.0,79,0,0,79,153,152,152,0.01151,0.008656,0.02608,1,1,1,2619.6
ecmp,5,81,1,15.589,24.905,1.0,1.0,81,0,0,81,153,153,152,0.011527,0.008847,0.026392,1,1,1,2619.6
ecmp,5,82,11,16.225,25.822,1.0,1.0,77,0,0,77,157,156,156,0.011921,0.009386,0.027367,1,1,1,2619.6
ecmp,5,83,1,15.5,24.874,1.0,1.0,79,0,0,79,157,157,156,0.011554,0.008592,0.026354,1,1,1,2619.6
ecmp,5,84,11,15.519,25.091,1.0,1.0,81,0,0,81,161,160,160,0.011478,0.008476,0.026603,1,1,1,2619.6
ecmp,5,85,1,15.519,25.091,1.0,1.0,81,0,0,81,161,161,160,0.011478,0.008476,0.026603,1,1,1,2619.6
ecmp,5,86,11,15.394,24.632,1.0,1.0,82,0,0,82,165,164,164,0.011661,0.008447,0.026073,1,1,1,2619.6
ecmp,5,87,1,15.728,25.343,1.0,1.0,79,0,0,79,165,165,164,0.011909,0.008438,0.026836,1,1,1,2619.6
ecmp,5,88,11,15.668,25.414,1.0,1.0,80,0,0,80,169,168,168,0.01163,0.008428,0.026946,1,1,1,2619.6
ecmp,5,89,1,15.714,25.41,1.0,1.0,80,0,0,80,169,169,168,0.01159,0.008607,0.026946,1,1,1,2619.6
ecmp,5,90,11,15.728,25.446,1.0,1.0,82,0,0,82,173,172,172,0.01159,0.008607,0.026986,1,1,1,2619.6
ecmp,5,91,1,15.537,24.929,1.0,1.0,78,0,0,78,173,173,172,0.011819,0.008406,0.026386,1,1,1,2619.6
ecmp,5,92,0,15.694,25.438,1.0,1.0,79,0,0,79,173,173,172,0.011717,0.008402,0.026962,1,1,1,2619.6
ecmp,5,93,11,15.508,24.587,1.0,1.0,81,0,0,81,177,176,176,0.011634,0.008864,0.026026,1,1,1,2619.6
ecmp,5,94,1,15.4,24.635,1.0,1.0,77,0,0,77,177,177,176,0.011726,0.008404,0.026069,1,1,1,2619.6
ecmp,5,95,11,15.4,24.635,1.0,1.0,77,0,0,77,181,180,180,0.011726,0.008404,0.026069,1,1,1,2619.6
ecmp,5,96,1,15.556,25.07,1.0,1.0,79,0,0,79,181,181,180,0.011624,0.00848,0.026564,1,1,1,2619.6
ecmp,5,97,11,15.556,25.064,1.0,1.0,81,0,0,81,185,184,184,0.011421,0.008667,0.02658,1,1,1,2619.6
ecmp,5,98,1,15.421,24.69,1.0,1.0,82,0,0,82,185,185,184,0.011717,0.008414,0.026131,1,1,1,2619.6
ecmp,5,99,11,15.588,25.306,1.0,1.0,79,0,0,79,189,188,188,0.01161,0.008327,0.026828,1,1,1,2619.6
ecmp,5,100,1,15.546,25.294,1.0,1.0,79,0,0,79,189,189,188,0.011483,0.008327,0.026828,1,1,1,2619.6
ecmp,5,101,11,15.704,24.888,1.0,1.0,80,0,0,80,193,192,192,0.011483,0.009251,0.026378,1,1,1,2619.6
ecmp,5,102,1,16.024,25.101,1.0,1.0,82,0,0,82,193,193,192,0.012684,0.008908,0.026481,1,1,1,2619.6
ecmp,5,103,11,15.692,25.547,1.0,1.0,80,0,0,80,197,196,196,0.011529,0.008442,0.027105,1,1,1,2619.6
ecmp,5,104,1,15.481,24.95,1.0,1.0,81,0,0,81,197,197,196,0.011607,0.008402,0.026433,1,1,1,2619.6
ecmp,5,105,11,15.617,24.951,1.0,1.0,81,0,0,81,201,200,200,0.011613,0.008804,0.026433,1,1,1,2619.6
ecmp,5,106,1,15.704,25.187,1.0,1.0,83,0,0,83,201,201,200,0.011613,0.008804,0.026695,1,1,1,2619.6
ecmp,5,107,11,15.489,24.746,1.0,1.0,78,0,0,78,205,204,204,0.011916,0.008379,0.026172,1,1,1,2619.6
ecmp,5,108,1,15.905,25.696,1.0,1.0,80,0,0,80,205,205,204,0.012103,0.008407,0.027206,1,1,1,2619.6
ecmp,5,109,11,15.381,24.464,1.0,1.0,82,0,0,82,209,208,208,0.011848,0.008428,0.025866,1,1,1,2619.6
ecmp,5,110,1,15.401,24.467,1.0,1.0,82,0,0,82,209,209,208,0.011872,0.008466,0.025866,1,1,1,2619.6
ecmp,5,111,11,16.189,26.592,1.0,1.0,78,0,0,78,213,212,212,0.011872,0.008466,0.028228,1,1,1,2619.6
ecmp,5,112,1,16.374,26.196,1.0,1.0,80,0,0,80,213,213,212,0.012546,0.008863,0.027713,1,1,1,2619.6
ecmp,5,113,11,15.391,24.732,1.0,1.0,81,0,0,81,217,216,216,0.011605,0.008377,0.026191,1,1,1,2619.6
ecmp,5,114,0,15.585,24.618,1.0,1.0,83,0,0,83,217,216,216,0.011799,0.008914,0.026042,1,1,1,2619.6
ecmp,5,115,1,15.46,24.593,1.0,1.0,83,0,0,83,217,217,216,0.011556,0.008781,0.026042,1,1,1,2619.6
ecmp,5,116,11,15.892,25.762,1.0,1.0,79,0,0,79,221,220,220,0.011556,0.008781,0.02734,1,1,1,2619.6
ecmp,5,117,1,15.345,24.613,1.0,1.0,81,0,0,81,221,221,220,0.011564,0.008409,0.026063,1,1,1,2619.6
ecmp,5,118,11,15.37,24.714,1.0,1.0,83,0,0,83,225,224,224,0.011496,0.008432,0.026183,1,1,1,2619.6
ecmp,5,119,1,15.25,24.332,1.0,1.0,78,0,0,78,225,225,224,0.011627,0.008378,0.025744,1,1,1,2619.6
ecmp,6,0,0,15.505,24.917,1.0,1.0,0,0,0,0,0,0,0,0.011744,0.00839,0.026381,1,1,1,3042.0
ecmp,6,1,1,15.919,25.938,0.3333,0.3333,80,0,0,80,1,0,0,0.011721,0.008519,0.027518,1,1,1,3042.0
ecmp,6,2,1,15.508,24.723,0.6667,0.6667,76,0,0,76,1,1,0,0.011614,0.008731,0.02618,1,1,1,3042.0
ecmp,6,3,11,15.448,24.705,0.9883,0.9883,76,0,0,76,5,4,4,0.011434,0.008731,0.02618,1,1,1,3042.0
ecmp,6,4,1,15.365,24.74,0.9899,0.9899,78,0,0,78,5,5,4,0.011434,0.008442,0.026219,1,1,1,3042.0
ecmp,6,5,11,15.252,24.475,0.9968,0.9968,80,0,0,80,9,8,8,0.011449,0.008386,0.025922,1,1,1,3042.0
ecmp,6,6,1,15.769,24.873,0.9971,0.9971,75,0,0,75,9,9,8,0.011603,0.009357,0.026347,1,1,1,3042.0
ecmp,6,7,11,15.426,24.844,0.9985,0.9985,77,0,0,77,13,12,12,0.011564,0.008393,0.02632,1,1,1,3042.0
ecmp,6,8,1,15.469,24.847,0.9986,0.9986,77,0,0,77,13,13,12,0.011586,0.0085,0.02632,1,1,1,3042.0
ecmp,6,9,11,15.513,24.966,0.9992,0.9992,78,0,0,78,17,16,16,0.011586,0.0085,0.026453,1,1,1,3042.0
ecmp,6,10,1,15.765,25.513,0.9992,0.9992,75,0,0,75,17,17,16,0.011555,0.008675,0.027064,1,1,1,3042.0
ecmp,6,11,11,15.57,24.925,0.9995,0.9995,77,0,0,77,21,20,20,0.011604,0.0087,0.026405,1,1,1,3042.0
ecmp,6,12,1,15.727,25.411,0.9995,0.9995,78,0,0,78,21,21,20,0.011917,0.008353,0.02691,1,1,1,3042.0
ecmp,6,13,11,15.85,25.392,0.9996,0.9996,78,0,0,78,25,24,24,0.011728,0.008911,0.02691,1,1,1,3042.0
ecmp,6,14,1,15.979,25.742,0.9996,0.9996,75,0,0,75,25,25,24,0.011728,0.008911,0.027299,1,1,1,3042.0
ecmp,6,15,11,15.588,25.002,0.9997,0.9997,76,0,0,76,29,28,28,0.011704,0.00858,0.02648,1,1,1,3042.0
ecmp,6,16,1,16.047,25.57,0.9997,0.9997,78,0,0,78,29,29,28,0.011787,0.009253,0.027102,1,1,1,3042.0
ecmp,6,17,11,15.453,24.732,0.9998,0.9998,80,0,0,80,33,32,32,0.011755,0.00843,0.026174,1,1,1,3042.0
ecmp,6,18,1,15.447,24.73,0.9998,0.9998,80,0,0,80,33,33,32,0.011736,0.00843,0.026174,1,1,1,3042.0
ecmp,6,19,11,15.695,24.986,0.9998,0.9998,76,0,0,76,37,36,36,0.011736,0.008892,0.026458,1,1,1,3042.0
ecmp,6,20,1,15.496,24.628,0.9998,0.9998,78,0,0,78,37,37,36,0.011586,0.008825,0.026077,1,1,1,3042.0
ecmp,6,21,11,15.862,25.186,0.9999,0.9999,79,0,0,79,41,40,40,0.011614,0.009279,0.026694,1,1,1,3042.0
ecmp,6,22,1,15.551,25.027,0.9999,0.9999,75,0,0,75,41,41,40,0.011796,0.00836,0.026497,1,1,1,3042.0
ecmp,6,23,1,15.451,24.997,1.0,1.0,75,0,0,75,41,41,41,0.011496,0.00836,0.026497,1,1,1,3042.0
ecmp,6,24,10,15.492,24.933,0.9999,0.9999,77,0,0,77,45,44,44,0.011496,0.008554,0.026426,1,1,1,3042.0
ecmp,6,25,1,15.78,25.597,0.9999,0.9999,78,0,0,78,45,45,44,0.011635,0.008556,0.027148,1,1,1,3042.0
ecmp,6,26,11,15.509,25.063,0.9999,0.9999,75,0,0,75,49,48,48,0.011541,0.00842,0.026566,1,1,1,3042.0
ecmp,6,27,1,15.716,25.651,0.9999,0.9999,76,0,0,76,49,49,48,0.011529,0.008398,0.02722,1,1,1,3042.0
ecmp,6,28,11,15.772,25.671,0.9999,0.9999,76,0,0,76,53,52,52,0.011731,0.008366,0.02722,1,1,1,3042.0
ecmp,6,29,1,15.546,25.059,0.9999,0.9999,78,0,0,78,53,53,52,0.011731,0.008366,0.02654,1,1,1,3042.0
ecmp,6,30,11,15.729,25.482,0.9999,0.9999,80,0,0,80,57,56,56,0.011501,0.008651,0.027036,1,1,1,3042.0
ecmp,6,31,1,15.663,25.275,0.9999,0.9999,76,0,0,76,57,57,56,0.011677,0.008525,0.026786,1,1,1,3042.0
ecmp,6,32,11,15.422,24.836,0.9999,0.9999,78,0,0,78,61,60,60,0.011524,0.008427,0.026315,1,1,1,3042.0
ecmp,6,33,1,15.435,24.832,0.9999,0.9999,78,0,0,78,61,61,60,0.011482,0.008508,0.026315,1,1,1,3042.0
ecmp,6,34,11,15.707,25.565,0.9999,0.9999,79,0,0,79,65,64,64,0.011482,0.008508,0.02713,1,1,1,3042.0
ecmp,6,35,1,15.608,25.317,0.9999,0.9999,75,0,0,75,65,65,64,0.011626,0.008359,0.026838,1,1,1,3042.0
ecmp,6,36,11,16.266,26.079,1.0,1.0,76,0,0,76,69,68,68,0.011719,0.009404,0.027675,1,1,1,3042.0
ecmp,6,37,1,15.728,24.69,1.0,1.0,78,0,0,78,69,69,68,0.011584,0.009454,0.026146,1,1,1,3042.0
ecmp,6,38,11,15.42,24.705,1.0,1.0,78,0,0,78,73,72,72,0.011733,0.00838,0.026146,1,1,1,3042.0
ecmp,6,39,1,15.445,24.773,1.0,1.0,75,0,0,75,73,73,72,0.011733,0.00838,0.026222,1,1,1,3042.0
ecmp,6,40,11,15.562,24.814,1.0,1.0,76,0,0,76,77,76,76,0.011787,0.008639,0.026261,1,1,1,3042.0
ecmp,6,41,1,15.264,24.174,1.0,1.0,78,0,0,78,77,77,76,0.011568,0.008648,0.025575,1,1,1,3042.0
ecmp,6,42,11,15.529,24.71,1.0,1.0,74,0,0,74,81,80,80,0.011527,0.008886,0.026175,1,1,1,3042.0
ecmp,6,43,1,15.416,24.72,1.0,1.0,74,0,0,74,81,81,80,0.011626,0.008446,0.026175,1,1,1,3042.0
ecmp,6,44,11,15.448,24.807,1.0,1.0,76,0,0,76,85,84,84,0.011626,0.008446,0.026272,1,1,1,3042.0
ecmp,6,45,1,15.477,24.963,1.0,1.0,78,0,0,78,85,85,84,0.011491,0.008479,0.02646,1,1,1,3042.0
ecmp,6,46,0,15.488,24.208,1.0,1.0,79,0,0,79,85,85,84,0.01173,0.009139,0.025594,1,1,1,3042.0
ecmp,6,47,11,15.655,25.361,1.0,1.0,75,0,0,75,89,88,88,0.011487,0.008576,0.026903,1,1,1,3042.0
ecmp,6,48,1,15.682,25.374,1.0,1.0,75,0,0,75,89,89,88,0.011609,0.008533,0.026903,1,1,1,3042.0
ecmp,6,49,11,15.615,25.194,1.0,1.0,76,0,0,76,93,92,92,0.011609,0.008533,0.026703,1,1,1,3042.0
ecmp,6,50,1,15.429,24.713,1.0,1.0,78,0,0,78,93,93,92,0.011621,0.008498,0.026168,1,1,1,3042.0
ecmp,6,51,11,15.917,26.12,1.0,1.0,75,0,0,75,97,96,96,0.011591,0.008425,0.027734,1,1,1,3042.0
ecmp,6,52,1,15.59,25.051,1.0,1.0,76,0,0,76,97,97,96,0.011472,0.008739,0.02656,1,1,1,3042.0
ecmp,6,53,11,15.568,25.066,1.0,1.0,76,0,0,76,101,100,100,0.011624,0.008519,0.02656,1,1,1,3042.0
ecmp,6,54,1,15.615,25.194,1.0,1.0,78,0,0,78,101,101,100,0.011624,0.008519,0.026702,1,1,1,3042.0
ecmp,6,55,11,15.714,25.568,1.0,1.0,74,0,0,74,105,104,104,0.011501,0.008509,0.027131,1,1,1,3042.0
ecmp,6,56,1,16.032,25.322,1.0,1.0,76,0,0,76,105,105,104,0.011817,0.009456,0.026823,1,1,1,3042.0
ecmp,6,57,11,15.778,25.684,1.0,1.0,77,0,0,77,109,108,108,0.011661,0.008432,0.027242,1,1,1,3042.0
ecmp,6,58,1,15.726,25.288,1.0,1.0,79,0,0,79,109,109,108,0.011867,0.008533,0.026779,1,1,1,3042.0
ecmp,6,59,11,15.726,25.288,1.0,1.0,79,0,0,79,113,112,112,0.011867,0.008533,0.026779,1,1,1,3042.0
ecmp,6,60,1,15.641,24.741,1.0,1.0,78,0,0,78,113,113,112,0.011734,0.009003,0.026186,1,1,1,3042.0
ecmp,6,61,11,15.622,24.668,1.0,1.0,79,0,0,79,117,116,116,0.012234,0.008583,0.02605,1,1,1,3042.0
ecmp,6,62,0,15.239,24.39,1.0,1.0,81,0,0,81,117,116,116,0.011497,0.008399,0.025822,1,1,1,3042.0
ecmp,6,63,1,15.371,24.621,1.0,1.0,77,0,0,77,117,117,116,0.011558,0.008482,0.026072,1,1,1,3042.0
ecmp,6,64,11,15.371,24.621,1.0,1.0,77,0,0,77,121,120,120,0.011558,0.008482,0.026072,1,1,1,3042.0
ecmp,6,65,1,16.103,25.266,1.0,1.0,79,0,0,79,121,121,120,0.012516,0.009111,0.026683,1,1,1,3042.0
ecmp,6,66,11,15.427,24.813,1.0,1.0,81,0,0,81,125,124,124,0.011579,0.008419,0.026284,1,1,1,3042.0
ecmp,6,67,1,15.515,24.859,1.0,1.0,78,0,0,78,125,125,124,0.011813,0.008422,0.026309,1,1,1,3042.0
ecmp,6,68,11,15.548,24.996,1.0,1.0,80,0,0,80,129,128,128,0.011673,0.008494,0.026476,1,1,1,3042.0
ecmp,6,69,1,15.542,24.994,1.0,1.0,80,0,0,80,129,129,128,0.011657,0.008494,0.026476,1,1,1,3042.0
ecmp,6,70,11,15.4,24.552,1.0,1.0,81,0,0,81,133,132,132,0.011657,0.008557,0.025985,1,1,1,3042.0
ecmp,6,71,1,15.837,25.171,1.0,1.0,78,0,0,78,133,133,132,0.012243,0.00866,0.026607,1,1,1,3042.0
ecmp,6,72,11,15.953,25.456,1.0,1.0,80,0,0,80,137,136,136,0.011587,0.009275,0.026997,1,1,1,3042.0
ecmp,6,73,1,15.482,24.799,1.0,1.0,81,0,0,81,137,137,136,0.011817,0.008388,0.026241,1,1,1,3042.0
ecmp,6,74,11,15.449,24.789,1.0,1.0,81,0,0,81,141,140,140,0.011719,0.008388,0.026241,1,1,1,3042.0
ecmp,6,75,1,15.771,25.595,1.0,1.0,83,0,0,83,141,141,140,0.011719,0.008457,0.027137,1,1,1,3042.0
ecmp,6,76,11,16.896,25.725,1.0,1.0,78,0,0,78,145,144,144,0.014204,0.009478,0.027005,1,1,1,3042.0
ecmp,6,77,1,15.742,25.035,1.0,1.0,80,0,0,80,145,145,144,0.012401,0.008385,0.026439,1,1,1,3042.0
ecmp,6,78,11,15.658,25.232,1.0,1.0,82,0,0,82,149,148,148,0.011634,0.008597,0.026743,1,1,1,3042.0
ecmp,6,79,1,15.701,25.245,1.0,1.0,82,0,0,82,149,149,148,0.011762,0.008597,0.026743,1,1,1,3042.0
ecmp,6,80,11,15.467,24.76,1.0,1.0,78,0,0,78,153,152,152,0.011762,0.008435,0.026204,1,1,1,3042.0
ecmp,6,81,1,15.575,24.859,1.0,1.0,80,0,0,80,153,153,152,0.011876,0.008546,0.026302,1,1,1,3042.0
ecmp,6,82,11,15.749,25.281,1.0,1.0,81,0,0,81,157,156,156,0.011786,0.00868,0.02678,1,1,1,3042.0
ecmp,6,83,1,15.391,24.781,1.0,1.0,78,0,0,78,157,157,156,0.01153,0.008391,0.026253,1,1,1,3042.0
ecmp,6,84,7,15.403,24.797,1.0,1.0,78,0,0,78,159,159,159,0.011698,0.008257,0.026253,1,1,1,3042.0
ecmp,6,85,4,15.648,24.92,1.0,1.0,80,0,0,80,161,160,160,0.012373,0.008257,0.026314,1,1,1,3042.0
ecmp,6,86,1,16.197,26.148,1.0,1.0,81,0,0,81,161,161,160,0.012373,0.00854,0.027679,1,1,1,3042.0
ecmp,6,87,11,15.908,25.544,1.0,1.0,83,0,0,83,165,164,164,0.011707,0.008936,0.027081,1,1,1,3042.0
ecmp,6,88,1,15.649,25.181,1.0,1.0,79,0,0,79,165,165,164,0.011557,0.008695,0.026695,1,1,1,3042.0
ecmp,6,89,11,15.593,25.164,1.0,1.0,79,0,0,79,169,168,168,0.011388,0.008695,0.026695,1,1,1,3042.0
ecmp,6,90,1,15.232,24.418,1.0,1.0,81,0,0,81,169,169,168,0.011388,0.008443,0.025866,1,1,1,3042.0
ecmp,6,91,11,15.828,25.664,1.0,1.0,82,0,0,82,173,172,172,0.01162,0.008639,0.027224,1,1,1,3042.0
ecmp,6,92,1,15.376,24.495,1.0,1.0,78,0,0,78,173,173,172,0.011647,0.008557,0.025923,1,1,1,3042.0
ecmp,6,93,11,15.141,24.357,1.0,1.0,80,0,0,80,177,176,176,0.011312,0.008306,0.025806,1,1,1,3042.0
ecmp,6,94,1,15.335,24.394,1.0,1.0,80,0,0,80,177,177,176,0.011685,0.008514,0.025806,1,1,1,3042.0
ecmp,6,95,11,15.81,25.677,1.0,1.0,81,0,0,81,181,180,180,0.011685,0.008514,0.027232,1,1,1,3042.0
ecmp,6,96,1,15.486,25.028,1.0,1.0,77,0,0,77,181,181,180,0.01155,0.008382,0.026526,1,1,1,3042.0
ecmp,6,97,11,15.531,25.023,1.0,1.0,78,0,0,78,185,184,184,0.011618,0.008461,0.026513,1,1,1,3042.0
ecmp,6,98,1,15.779,25.601,1.0,1.0,80,0,0,80,185,185,184,0.011566,0.00861,0.027161,1,1,1,3042.0
ecmp,6,99,11,15.953,25.561,1.0,1.0,77,0,0,77,189,188,188,0.011568,0.009174,0.027116,1,1,1,3042.0
ecmp,6,100,1,15.953,25.561,1.0,1.0,77,0,0,77,189,189,188,0.011568,0.009174,0.027116,1,1,1,3042.0
ecmp,6,101,11,15.731,25.795,1.0,1.0,78,0,0,78,193,192,192,0.011499,0.008311,0.027383,1,1,1,3042.0
ecmp,6,102,1,15.873,25.661,1.0,1.0,80,0,0,80,193,193,192,0.011692,0.008713,0.027213,1,1,1,3042.0
ecmp,6,103,1,15.445,24.827,1.0,1.0,81,0,0,81,193,193,193,0.01156,0.008473,0.026301,1,1,1,3042.0
ecmp,6,104,10,15.578,24.943,1.0,1.0,77,0,0,77,197,196,196,0.011697,0.008623,0.026415,1,1,1,3042.0
ecmp,6,105,1,15.578,24.943,1.0,1.0,77,0,0,77,197,197,196,0.011697,0.008623,0.026415,1,1,1,3042.0
ecmp,6,106,11,16.235,26.833,1.0,1.0,79,0,0,79,201,200,200,0.011568,0.008607,0.028529,1,1,1,3042.0
ecmp,6,107,1,15.795,25.038,1.0,1.0,80,0,0,80,201,201,200,0.012281,0.008648,0.026455,1,1,1,3042.0
ecmp,6,108,11,15.216,24.224,1.0,1.0,77,0,0,77,205,204,204,0.011514,0.008498,0.025636,1,1,1,3042.0
ecmp,6,109,1,15.782,25.64,1.0,1.0,78,0,0,78,205,205,204,0.011593,0.008553,0.027201,1,1,1,3042.0
ecmp,6,110,11,15.782,25.64,1.0,1.0,78,0,0,78,209,208,208,0.011593,0.008553,0.027201,1,1,1,3042.0
ecmp,6,111,1,15.639,25.263,1.0,1.0,80,0,0,80,209,209,208,0.011713,0.008435,0.026769,1,1,1,3042.0
ecmp,6,112,11,16.142,26.147,1.0,1.0,77,0,0,77,213,212,212,0.012042,0.008671,0.027714,1,1,1,3042.0
ecmp,6,113,1,15.523,24.991,1.0,1.0,78,0,0,78,213,213,212,0.011559,0.008526,0.026484,1,1,1,3042.0
ecmp,6,114,11,15.39,24.672,1.0,1.0,80,0,0,80,217,216,216,0.011606,0.008441,0.026124,1,1,1,3042.0
ecmp,6,115,1,15.39,24.672,1.0,1.0,80,0,0,80,217,217,216,0.011606,0.008441,0.026124,1,1,1,3042.0
ecmp,6,116,11,15.918,25.97,1.0,1.0,81,0,0,81,221,220,220,0.011582,0.008604,0.027569,1,1,1,3042.0
ecmp,6,117,1,15.818,25.573,1.0,1.0,79,0,0,79,221,221,220,0.011615,0.008714,0.027124,1,1,1,3042.0
ecmp,6,118,11,15.454,24.937,1.0,1.0,81,0,0,81,225,224,224,0.01153,0.008405,0.026427,1,1,1,3042.0
ecmp,6,119,1,15.753,25.429,1.0,1.0,82,0,0,82,225,225,224,0.011556,0.008733,0.02697,1,1,1,3042.0
ecmp,7,0,0,15.88,25.906,1.0,1.0,0,0,0,0,0,0,0,0.011642,0.008506,0.027491,1,1,1,2498.5
ecmp,7,1,1,15.589,25.12,0.3333,0.3333,78,0,0,78,1,0,0,0.011642,0.008506,0.026618,1,1,1,2498.5
ecmp,7,2,1,15.605,25.225,0.6667,0.6667,74,0,0,74,1,1,0,0.011598,0.008478,0.026739,1,1,1,2498.5
ecmp,7,3,11,15.833,25.761,0.9883,0.9883,76,0,0,76,5,4,4,0.011728,0.008452,0.02732,1,1,1,2498.5
ecmp,7,4,1,15.595,25.127,0.9899,0.9899,77,0,0,77,5,5,4,0.011539,0.00861,0.026637,1,1,1,2498.5
ecmp,7,5,11,15.57,25.127,0.9968,0.9968,77,0,0,77,9,8,8,0.011538,0.008535,0.026637,1,1,1,2498.5
ecmp,7,6,1,15.645,25.33,0.9971,0.9971,79,0,0,79,9,9,8,0.011538,0.008535,0.026863,1,1,1,2498.5
ecmp,7,7,11,15.393,24.395,0.9985,0.9985,75,0,0,75,13,12,12,0.011894,0.008501,0.025784,1,1,1,2498.5
ecmp,7,8,1,15.589,24.84,0.9986,0.9986,76,0,0,76,13,13,12,0.011777,0.008697,0.026292,1,1,1,2498.5
ecmp,7,9,11,15.669,25.361,0.9992,0.9992,78,0,0,78,17,16,16,0.011749,0.008385,0.026873,1,1,1,2498.5
ecmp,7,10,1,15.671,25.362,0.9992,0.9992,78,0,0,78,17,17,16,0.011764,0.008376,0.026873,1,1,1,2498.5
ecmp,7,11,11,15.394,24.615,0.9995,0.9995,74,0,0,74,21,20,20,0.011764,0.008376,0.026043,1,1,1,2498.5
ecmp,7,12,1,15.546,25.133,0.9995,0.9995,76,0,0,76,21,21,20,0.011601,0.008401,0.026637,1,1,1,2498.5
ecmp,7,13,11,15.643,25.082,0.9996,0.9996,77,0,0,77,25,24,24,0.011742,0.008623,0.026564,1,1,1,2498.5
ecmp,7,14,1,15.475,24.816,0.9996,0.9996,74,0,0,74,25,25,24,0.011517,0.008614,0.026294,1,1,1,2498.5
ecmp,7,15,11,15.489,24.812,0.9997,0.9997,76,0,0,76,29,28,28,0.011843,0.00837,0.026253,1,1,1,2498.5
ecmp,7,16,1,15.489,24.812,0.9997,0.9997,76,0,0,76,29,29,28,0.011843,0.00837,0.026253,1,1,1,2498.5
ecmp,7,17,11,15.546,25.081,0.9998,0.9998,77,0,0,77,33,32,32,0.011737,0.008338,0.026564,1,1,1,2498.5
ecmp,7,18,1,15.581,25.18,0.9998,0.9998,75,0,0,75,33,33,32,0.011586,0.008466,0.026691,1,1,1,2498.5
ecmp,7,19,11,15.351,24.274,0.9998,0.9998,76,0,0,76,37,36,36,0.011756,0.008633,0.025665,1,1,1,2498.5
ecmp,7,20,1,15.399,24.869,0.9998,0.9998,78,0,0,78,37,37,36,0.011432,0.008402,0.026362,1,1,1,2498.5
ecmp,7,21,11,15.455,24.886,0.9999,0.9999,78,0,0,78,41,40,40,0.011601,0.008402,0.026362,1,1,1,2498.5
ecmp,7,22,1,16.655,26.747,0.9999,0.9999,80,0,0,80,41,41,40,0.011601,0.009933,0.02843,1,1,1,2498.5
ecmp,7,23,1,15.777,25.625,1.0,1.0,75,0,0,75,41,41,41,0.011674,0.008483,0.027175,1,1,1,2498.5
ecmp,7,24,10,15.591,25.252,0.9999,0.9999,77,0,0,77,45,44,44,0.011582,0.008419,0.026771,1,1,1,2498.5
ecmp,7,25,1,15.547,24.618,0.9999,0.9999,78,0,0,78,45,45,44,0.012124,0.00851,0.026006,1,1,1,2498.5
ecmp,7,26,11,15.369,24.564,0.9999,0.9999,78,0,0,78,49,48,48,0.011591,0.00851,0.026006,1,1,1,2498.5
ecmp,7,27,1,15.394,24.766,0.9999,0.9999,75,0,0,75,49,49,48,0.011591,0.00836,0.02623,1,1,1,2498.5
ecmp,7,28,11,15.389,24.756,0.9999,0.9999,77,0,0,77,53,52,52,0.011449,0.008483,0.026234,1,1,1,2498.5
ecmp,7,29,1,16.05,25.279,0.9999,0.9999,78,0,0,78,53,53,52,0.011626,0.009727,0.026796,1,1,1,2498.5
ecmp,7,30,11,16.001,25.033,0.9999,0.9999,75,0,0,75,57,56,56,0.013083,0.008559,0.026361,1,1,1,2498.5
ecmp,7,31,1,15.595,24.911,0.9999,0.9999,75,0,0,75,57,57,56,0.011864,0.008559,0.026361,1,1,1,2498.5
ecmp,7,32,11,15.556,24.923,0.9999,0.9999,76,0,0,76,61,60,60,0.011864,0.008429,0.026374,1,1,1,2498.5
ecmp,7,33,1,15.63,25.49,0.9999,0.9999,78,0,0,78,61,61,60,0.011474,0.008369,0.027047,1,1,1,2498.5
ecmp,7,34,11,15.495,25.071,0.9999,0.9999,80,0,0,80,65,64,64,0.011633,0.008288,0.026564,1,1,1,2498.5
ecmp,7,35,1,15.848,25.037,0.9999,0.9999,75,0,0,75,65,65,64,0.011463,0.009537,0.026545,1,1,1,2498.5
ecmp,7,36,11,15.876,25.045,1.0,1.0,75,0,0,75,69,68,68,0.011546,0.009537,0.026545,1,1,1,2498.5
ecmp,7,37,1,15.431,24.636,1.0,1.0,77,0,0,77,69,69,68,0.011546,0.008656,0.02609,1,1,1,2498.5
ecmp,7,38,11,15.425,24.602,1.0,1.0,78,0,0,78,73,72,72,0.01172,0.008521,0.026033,1,1,1,2498.5
ecmp,7,39,1,15.75,24.957,1.0,1.0,75,0,0,75,73,73,72,0.011576,0.009231,0.026444,1,1,1,2498.5
ecmp,7,40,11,15.976,25.103,1.0,1.0,77,0,0,77,77,76,76,0.012787,0.008669,0.026472,1,1,1,2498.5
ecmp,7,41,1,15.722,25.027,1.0,1.0,77,0,0,77,77,77,76,0.012024,0.008669,0.026472,1,1,1,2498.5
ecmp,7,42,11,15.689,25.051,1.0,1.0,78,0,0,78,81,80,80,0.012024,0.008546,0.026498,1,1,1,2498.5
ecmp,7,43,1,15.663,25.403,1.0,1.0,75,0,0,75,81,81,80,0.011624,0.00843,0.026934,1,1,1,2498.5
ecmp,7,44,11,15.688,25.283,1.0,1.0,76,0,0,76,85,84,84,0.011764,0.008516,0.026785,1,1,1,2498.5
ecmp,7,45,1,15.378,24.721,1.0,1.0,78,0,0,78,85,85,84,0.01149,0.008452,0.026191,1,1,1,2498.5
ecmp,7,46,1,15.499,24.757,1.0,1.0,78,0,0,78,85,85,85,0.011854,0.008452,0.026191,1,1,1,2498.5
ecmp,7,47,10,15.825,25.357,1.0,1.0,75,0,0,75,89,88,88,0.011854,0.008763,0.026857,1,1,1,2498.5
ecmp,7,48,1,15.355,24.532,1.0,1.0,76,0,0,76,89,89,88,0.011622,0.008477,0.025966,1,1,1,2498.5
ecmp,7,49,11,15.828,24.908,1.0,1.0,78,0,0,78,93,92,92,0.012405,0.008781,0.026297,1,1,1,2498.5
ecmp,7,50,1,15.362,24.693,1.0,1.0,79,0,0,79,93,93,92,0.011479,0.008447,0.026161,1,1,1,2498.5
ecmp,7,51,11,15.479,24.728,1.0,1.0,79,0,0,79,97,96,96,0.01183,0.008447,0.026161,1,1,1,2498.5
ecmp,7,52,1,15.512,24.911,1.0,1.0,75,0,0,75,97,97,96,0.01183,0.008342,0.026364,1,1,1,2498.5
ecmp,7,53,11,15.2,24.05,1.0,1.0,80,0,0,80,101,100,100,0.01177,0.008417,0.025414,1,1,1,2498.5
ecmp,7,54,1,15.797,25.889,1.0,1.0,78,0,0,78,101,101,100,0.011546,0.008361,0.027483,1,1,1,2498.5
ecmp,7,55,11,15.639,25.2,1.0,1.0,75,0,0,75,105,104,104,0.011802,0.008427,0.026689,1,1,1,2498.5
ecmp,7,56,1,15.603,25.19,1.0,1.0,75,0,0,75,105,105,104,0.011696,0.008424,0.026689,1,1,1,2498.5
ecmp,7,57,11,15.53,24.993,1.0,1.0,76,0,0,76,109,108,108,0.011696,0.008424,0.02647,1,1,1,2498.5
ecmp,7,58,1,15.931,26.018,1.0,1.0,78,0,0,78,109,109,108,0.011726,0.008462,0.027606,1,1,1,2498.5
ecmp,7,59,11,16.469,25.928,1.0,1.0,76,0,0,76,113,112,112,0.011704,0.010194,0.027509,1,1,1,2498.5
ecmp,7,60,1,15.541,24.953,1.0,1.0,78,0,0,78,113,113,112,0.011559,0.008624,0.026441,1,1,1,2498.5
ecmp,7,61,11,15.501,24.969,1.0,1.0,78,0,0,78,117,116,116,0.011721,0.00834,0.026441,1,1,1,2498.5
ecmp,7,62,1,15.377,24.635,1.0,1.0,80,0,0,80,117,117,116,0.011721,0.00834,0.02607,1,1,1,2498.5
ecmp,7,63,11,15.509,24.981,1.0,1.0,81,0,0,81,121,120,120,0.011625,0.008436,0.026465,1,1,1,2498.5
ecmp,7,64,1,15.594,24.456,1.0,1.0,79,0,0,79,121,121,120,0.011497,0.009388,0.025896,1,1,1,2498.5
ecmp,7,65,11,15.358,24.368,1.0,1.0,80,0,0,80,125,124,124,0.0119,0.008422,0.025753,1,1,1,2498.5
ecmp,7,66,1,15.235,24.334,1.0,1.0,80,0,0,80,125,125,124,0.011562,0.00839,0.025753,1,1,1,2498.5
ecmp,7,67,11,15.923,26.191,1.0,1.0,82,0,0,82,129,128,128,0.011562,0.00839,0.027817,1,1,1,2498.5
ecmp,7,68,1,15.344,24.373,1.0,1.0,78,0,0,78,129,129,128,0.011867,0.008402,0.025763,1,1,1,2498.5
ecmp,7,69,0,16.01,26.141,1.0,1.0,79,0,0,79,129,129,128,0.011713,0.008572,0.027744,1,1,1,2498.5
ecmp,7,70,11,15.461,24.934,1.0,1.0,81,0,0,81,133,132,132,0.011564,0.0084,0.026419,1,1,1,2498.5
ecmp,7,71,1,15.217,24.404,1.0,1.0,77,0,0,77,133,133,132,0.01148,0.00833,0.02584,1,1,1,2498.5
ecmp,7,72,11,15.217,24.404,1.0,1.0,77,0,0,77,137,136,136,0.01148,0.00833,0.02584,1,1,1,2498.5
ecmp,7,73,1,15.55,24.942,1.0,1.0,79,0,0,79,137,137,136,0.011698,0.008539,0.026414,1,1,1,2498.5
ecmp,7,74,11,15.524,24.745,1.0,1.0,81,0,0,81,141,140,140,0.011879,0.008519,0.026175,1,1,1,2498.5
ecmp,7,75,1,15.941,25.998,1.0,1.0,77,0,0,77,141,141,140,0.011704,0.008534,0.027586,1,1,1,2498.5
ecmp,7,76,11,16.315,26.046,1.0,1.0,79,0,0,79,145,144,144,0.012989,0.008459,0.027497,1,1,1,2498.5
ecmp,7,77,1,16.315,26.046,1.0,1.0,79,0,0,79,145,145,144,0.012989,0.008459,0.027497,1,1,1,2498.5
ecmp,7,78,11,15.664,24.724,1.0,1.0,80,0,0,80,149,148,148,0.011641,0.009174,0.026178,1,1,1,2498.5
ecmp,7,79,1,16.534,27.454,1.0,1.0,82,0,0,82,149,149,148,0.011791,0.008617,0.029194,1,1,1,2498.5
ecmp,7,80,11,15.734,25.317,1.0,1.0,79,0,0,79,153,152,152,0.011818,0.008567,0.026817,1,1,1,2498.5
ecmp,7,81,1,15.578,24.813,1.0,1.0,80,0,0,80,153,153,152,0.011576,0.008873,0.026284,1,1,1,2498.5
ecmp,7,82,11,15.578,24.813,1.0,1.0,80,0,0,80,157,156,156,0.011576,0.008873,0.026284,1,1,1,2498.5
ecmp,7,83,1,15.72,25.35,1.0,1.0,82,0,0,82,157,157,156,0.011719,0.008575,0.026865,1,1,1,2498.5
ecmp,7,84,11,15.942,25.387,1.0,1.0,78,0,0,78,161,160,160,0.012361,0.00863,0.026834,1,1,1,2498.5
ecmp,7,85,1,15.605,25.124,1.0,1.0,80,0,0,80,161,161,160,0.011797,0.008412,0.026605,1,1,1,2498.5
ecmp,7,86,11,15.536,24.911,1.0,1.0,82,0,0,82,165,164,164,0.011803,0.008438,0.026368,1,1,1,2498.5
ecmp,7,87,1,15.536,24.911,1.0,1.0,82,0,0,82,165,165,164,0.011803,0.008438,0.026368,1,1,1,2498.5
ecmp,7,88,11,15.501,25.113,1.0,1.0,78,0,0,78,169,168,168,0.011469,0.008404,0.026629,1,1,1,2498.5
ecmp,7,89,1,15.85,25.838,1.0,1.0,80,0,0,80,169,169,168,0.011696,0.008446,0.027409,1,1,1,2498.5
ecmp,7,90,7,15.482,24.567,1.0,1.0,81,0,0,81,171,171,171,0.011846,0.008619,0.025981,1,1,1,2498.5
ecmp,7,91,4,16.285,26.471,1.0,1.0,83,0,0,83,173,172,172,0.01231,0.008499,0.028045,1,1,1,2498.5
ecmp,7,92,1,16.285,26.471,1.0,1.0,83,0,0,83,173,173,172,0.01231,0.008499,0.028045,1,1,1,2498.5
ecmp,7,93,11,15.551,25.026,1.0,1.0,80,0,0,80,177,176,176,0.011777,0.008378,0.026498,1,1,1,2498.5
ecmp,7,94,1,15.215,24.325,1.0,1.0,81,0,0,81,177,177,176,0.011484,0.00841,0.025752,1,1,1,2498.5
ecmp,7,95,11,15.914,25.037,1.0,1.0,83,0,0,83,181,180,180,0.012655,0.008674,0.026413,1,1,1,2498.5
ecmp,7,96,1,15.604,25.247,1.0,1.0,78,0,0,78,181,181,180,0.011563,0.008482,0.026768,1,1,1,2498.5
ecmp,7,97,11,15.604,25.247,1.0,1.0,78,0,0,78,185,184,184,0.011563,0.008482,0.026768,1,1,1,2498.5
ecmp,7,98,1,15.509,24.915,1.0,1.0,80,0,0,80,185,185,184,0.01159,0.008541,0.026396,1,1,1,2498.5
ecmp,7,99,11,15.44,24.89,1.0,1.0,82,0,0,82,189,188,188,0.011608,0.008347,0.026366,1,1,1,2498.5
ecmp,7,100,1,15.778,24.678,1.0,1.0,78,0,0,78,189,189,188,0.012002,0.009244,0.026087,1,1,1,2498.5
ecmp,7,101,11,15.912,25.632,1.0,1.0,80,0,0,80,193,192,192,0.011909,0.008669,0.027157,1,1,1,2498.5
ecmp,7,102,1,15.82,25.605,1.0,1.0,80,0,0,80,193,193,192,0.011635,0.008669,0.027157,1,1,1,2498.5
ecmp,7,103,11,15.472,24.888,1.0,1.0,81,0,0,81,197,196,196,0.011635,0.008421,0.026361,1,1,1,2498.5
ecmp,7,104,1,15.84,26.031,1.0,1.0,78,0,0,78,197,197,196,0.011541,0.008339,0.027641,1,1,1,2498.5
ecmp,7,105,11,16.189,26.194,1.0,1.0,79,0,0,79,201,200,200,0.011601,0.00915,0.027816,1,1,1,2498.5
ecmp,7,106,1,15.568,24.714,1.0,1.0,81,0,0,81,201,201,200,0.011923,0.008646,0.026135,1,1,1,2498.5
ecmp,7,107,11,15.451,24.679,1.0,1.0,81,0,0,81,205,204,204,0.011571,0.008646,0.026135,1,1,1,2498.5
ecmp,7,108,1,15.559,24.979,1.0,1.0,83,0,0,83,205,205,204,0.011571,0.008638,0.026469,1,1,1,2498.5
ecmp,7,109,11,15.256,24.244,1.0,1.0,78,0,0,78,209,208,208,0.011741,0.008395,0.025633,1,1,1,2498.5
ecmp,7,110,1,15.787,25.101,1.0,1.0,80,0,0,80,209,209,208,0.011768,0.00901,0.026582,1,1,1,2498.5
ecmp,7,111,11,15.351,24.603,1.0,1.0,81,0,0,81,213,212,212,0.011563,0.008439,0.026052,1,1,1,2498.5
ecmp,7,112,1,15.383,24.613,1.0,1.0,81,0,0,81,213,213,212,0.011658,0.008439,0.026052,1,1,1,2498.5
ecmp,7,113,0,15.533,24.892,1.0,1.0,78,0,0,78,213,213,212,0.011658,0.00858,0.026362,1,1,1,2498.5
ecmp,7,114,11,15.535,24.975,1.0,1.0,80,0,0,80,217,216,216,0.011659,0.00849,0.026455,1,1,1,2498.5
ecmp,7,115,1,15.339,24.731,1.0,1.0,81,0,0,81,217,217,216,0.01149,0.008324,0.026202,1,1,1,2498.5
ecmp,7,116,11,15.594,25.282,1.0,1.0,78,0,0,78,221,220,220,0.011541,0.008433,0.026809,1,1,1,2498.5
ecmp,7,117,1,15.672,25.304,1.0,1.0,78,0,0,78,221,221,220,0.011762,0.008445,0.026809,1,1,1,2498.5
ecmp,7,118,11,15.338,24.402,1.0,1.0,79,0,0,79,225,224,224,0.011762,0.008445,0.025807,1,1,1,2498.5
ecmp,7,119,1,16.065,26.231,1.0,1.0,81,0,0,81,225,225,224,0.011601,0.008738,0.027857,1,1,1,2498.5
ecmp,8,0,0,15.69,25.572,1.0,1.0,0,0,0,0,0,0,0,0.011481,0.00845,0.027138,1,1,1,1898.0
ecmp,8,1,1,15.748,25.693,0.3333,0.3333,77,0,0,77,1,0,0,0.011518,0.008459,0.027268,1,1,1,1898.0
ecmp,8,2,1,16.075,25.684,0.6667,0.6667,78,0,0,78,1,1,0,0.012569,0.008516,0.027141,1,1,1,1898.0
ecmp,8,3,11,15.804,25.603,0.9883,0.9883,75,0,0,75,5,4,4,0.01164,0.008617,0.027155,1,1,1,1898.0
ecmp,8,4,1,15.298,24.464,0.9899,0.9899,76,0,0,76,5,5,4,0.011549,0.008445,0.025899,1,1,1,1898.0
ecmp,8,5,11,15.298,24.464,0.9968,0.9968,76,0,0,76,9,8,8,0.011549,0.008445,0.025899,1,1,1,1898.0
ecmp,8,6,1,15.533,24.892,0.9971,0.9971,78,0,0,78,9,9,8,0.011663,0.008575,0.026362,1,1,1,1898.0
ecmp,8,7,11,15.387,24.781,0.9985,0.9985,75,0,0,75,13,12,12,0.011516,0.008389,0.026255,1,1,1,1898.0
ecmp,8,8,1,15.447,24.685,0.9986,0.9986,76,0,0,76,13,13,12,0.011649,0.008558,0.026134,1,1,1,1898.0
ecmp,8,9,11,15.574,25.085,0.9992,0.9992,78,0,0,78,17,16,16,0.011634,0.008509,0.02658,1,1,1,1898.0
ecmp,8,10,1,15.594,25.091,0.9992,0.9992,78,0,0,78,17,17,16,0.011693,0.008509,0.02658,1,1,1,1898.0
ecmp,8,11,11,15.477,24.729,0.9995,0.9995,79,0,0,79,21,20,20,0.011693,0.008562,0.026177,1,1,1,1898.0
ecmp,8,12,1,16.849,27.136,0.9995,0.9995,75,0,0,75,21,21,20,0.013123,0.008732,0.028693,1,1,1,1898.0
ecmp,8,13,11,15.492,24.756,0.9996,0.9996,77,0,0,77,25,24,24,0.01171,0.00856,0.026205,1,1,1,1898.0
ecmp,8,14,1,15.602,24.707,0.9996,0.9996,78,0,0,78,25,25,24,0.0117,0.008955,0.026152,1,1,1,1898.0
ecmp,8,15,11,15.565,24.695,0.9997,0.9997,78,0,0,78,29,28,28,0.011587,0.008955,0.026152,1,1,1,1898.0
ecmp,8,16,1,15.438,24.611,0.9997,0.9997,75,0,0,75,29,29,28,0.011587,0.008669,0.026058,1,1,1,1898.0
ecmp,8,17,11,15.517,24.823,0.9998,0.9998,76,0,0,76,33,32,32,0.011565,0.008689,0.026296,1,1,1,1898.0
ecmp,8,18,1,15.657,25.527,0.9998,0.9998,78,0,0,78,33,33,32,0.011447,0.008434,0.027091,1,1,1,1898.0
ecmp,8,19,11,15.36,24.427,0.9998,0.9998,75,0,0,75,37,36,36,0.011823,0.008431,0.025827,1,1,1,1898.0
ecmp,8,20,1,15.302,24.401,0.9998,0.9998,75,0,0,75,37,37,36,0.011567,0.008513,0.025827,1,1,1,1898.0
ecmp,8,21,11,15.529,25.014,0.9999,0.9999,76,0,0,76,41,40,40,0.011567,0.008513,0.026508,1,1,1,1898.0
ecmp,8,22,1,16.426,26.724,0.9999,0.9999,78,0,0,78,41,41,40,0.011719,0.009167,0.028391,1,1,1,1898.0
ecmp,8,23,1,15.357,24.659,1.0,1.0,79,0,0,79,41,41,41,0.011485,0.008463,0.026123,1,1,1,1898.0
ecmp,8,24,10,15.696,25.289,0.9999,0.9999,76,0,0,76,45,44,44,0.012018,0.008305,0.026764,1,1,1,1898.0
ecmp,8,25,1,16.04,25.371,0.9999,0.9999,76,0,0,76,45,45,44,0.012837,0.008519,0.026764,1,1,1,1898.0
ecmp,8,26,11,15.702,24.458,0.9999,0.9999,77,0,0,77,49,48,48,0.012837,0.008519,0.025749,1,1,1,1898.0
ecmp,8,27,1,15.681,25.085,0.9999,0.9999,79,0,0,79,49,49,48,0.01218,0.008345,0.026519,1,1,1,1898.0
ecmp,8,28,11,16.267,26.661,0.9999,0.9999,75,0,0,75,53,52,52,0.011593,0.008874,0.028335,1,1,1,1898.0
ecmp,8,29,1,15.619,25.212,0.9999,0.9999,76,0,0,76,53,53,52,0.011755,0.008394,0.026707,1,1,1,1898.0
ecmp,8,30,11,15.611,25.194,0.9999,0.9999,76,0,0,76,57,56,56,0.011572,0.008554,0.026707,1,1,1,1898.0
ecmp,8,31,1,15.582,25.114,0.9999,0.9999,78,0,0,78,57,57,56,0.011572,0.008554,0.026619,1,1,1,1898.0
ecmp,8,32,11,15.703,25.389,0.9999,0.9999,74,0,0,74,61,60,60,0.01149,0.008687,0.026933,1,1,1,1898.0
ecmp,8,33,1,15.248,24.417,0.9999,0.9999,76,0,0,76,61,61,60,0.01153,0.008366,0.025849,1,1,1,1898.0
ecmp,8,34,11,15.727,24.988,0.9999,0.9999,78,0,0,78,65,64,64,0.01159,0.009113,0.026477,1,1,1,1898.0
ecmp,8,35,1,15.482,24.849,0.9999,0.9999,79,0,0,79,65,65,64,0.011533,0.008583,0.026329,1,1,1,1898.0
ecmp,8,36,11,15.482,24.849,1.0,1.0,79,0,0,79,69,68,68,0.011533,0.008583,0.026329,1,1,1,1898.0
ecmp,8,37,1,15.547,25.148,1.0,1.0,76,0,0,76,69,69,68,0.011527,0.008452,0.026661,1,1,1,1898.0
ecmp,8,38,11,15.773,25.4,1.0,1.0,77,0,0,77,73,72,72,0.011882,0.008536,0.026902,1,1,1,1898.0
ecmp,8,39,1,15.416,24.721,1.0,1.0,79,0,0,79,73,73,72,0.011597,0.008471,0.026179,1,1,1,1898.0
ecmp,8,40,11,15.696,25.487,1.0,1.0,75,0,0,75,77,76,76,0.011562,0.008491,0.027034,1,1,1,1898.0
ecmp,8,41,1,15.696,25.487,1.0,1.0,75,0,0,75,77,77,76,0.011562,0.008491,0.027034,1,1,1,1898.0
ecmp,8,42,11,15.511,24.843,1.0,1.0,76,0,0,76,81,80,80,0.011645,0.00858,0.026309,1,1,1,1898.0
ecmp,8,43,0,15.829,25.651,1.0,1.0,78,0,0,78,81,80,80,0.011798,0.0085,0.02719,1,1,1,1898.0
ecmp,8,44,1,15.784,25.559,1.0,1.0,75,0,0,75,81,81,80,0.011665,0.008583,0.027103,1,1,1,1898.0
ecmp,8,45,11,15.675,25.544,1.0,1.0,75,0,0,75,85,84,84,0.011515,0.008408,0.027103,1,1,1,1898.0
ecmp,8,46,1,15.509,25.096,1.0,1.0,77,0,0,77,85,85,84,0.011515,0.008408,0.026605,1,1,1,1898.0
ecmp,8,47,11,15.319,24.555,1.0,1.0,79,0,0,79,89,88,88,0.011528,0.008425,0.026003,1,1,1,1898.0
ecmp,8,48,1,15.47,24.943,1.0,1.0,75,0,0,75,89,89,88,0.011588,0.008395,0.026427,1,1,1,1898.0
ecmp,8,49,11,15.42,24.789,1.0,1.0,77,0,0,77,93,92,92,0.011596,0.008409,0.026255,1,1,1,1898.0
ecmp,8,50,1,15.496,24.908,1.0,1.0,78,0,0,78,93,93,92,0.01171,0.008403,0.026375,1,1,1,1898.0
ecmp,8,51,11,15.496,24.908,1.0,1.0,78,0,0,78,97,96,96,0.01171,0.008403,0.026375,1,1,1,1898.0
ecmp,8,52,1,16.163,25.615,1.0,1.0,80,0,0,80,97,97,96,0.012851,0.008604,0.027033,1,1,1,1898.0
ecmp,8,53,11,15.312,24.505,1.0,1.0,78,0,0,78,101,100,100,0.011639,0.008364,0.025934,1,1,1,1898.0
ecmp,8,54,1,15.814,25.691,1.0,1.0,78,0,0,78,101,101,100,0.011707,0.00849,0.027245,1,1,1,1898.0
ecmp,8,55,11,15.495,24.918,1.0,1.0,80,0,0,80,105,104,104,0.011747,0.008357,0.026381,1,1,1,1898.0
ecmp,8,56,1,15.495,24.918,1.0,1.0,80,0,0,80,105,105,104,0.011747,0.008357,0.026381,1,1,1,1898.0
ecmp,8,57,11,16.017,26.315,1.0,1.0,75,0,0,75,109,108,108,0.011568,0.00853,0.027954,1,1,1,1898.0
ecmp,8,58,1,15.908,26.047,1.0,1.0,77,0,0,77,109,109,108,0.011554,0.008512,0.027657,1,1,1,1898.0
ecmp,8,59,11,15.729,25.648,1.0,1.0,78,0,0,78,113,112,112,0.011549,0.008422,0.027215,1,1,1,1898.0
ecmp,8,60,1,15.465,24.949,1.0,1.0,77,0,0,77,113,113,112,0.011502,0.008449,0.026443,1,1,1,1898.0
ecmp,8,61,11,15.465,24.949,1.0,1.0,77,0,0,77,117,116,116,0.011502,0.008449,0.026443,1,1,1,1898.0
ecmp,8,62,1,15.486,24.747,1.0,1.0,79,0,0,79,117,117,116,0.01183,0.008445,0.026182,1,1,1,1898.0
ecmp,8,63,11,15.618,24.9,1.0,1.0,80,0,0,80,121,120,120,0.011701,0.008787,0.026367,1,1,1,1898.0
ecmp,8,64,1,15.932,26.005,1.0,1.0,78,0,0,78,121,121,120,0.011691,0.00851,0.027596,1,1,1,1898.0
ecmp,8,65,0,15.693,25.446,1.0,1.0,79,0,0,79,121,121,120,0.011695,0.00841,0.026974,1,1,1,1898.0
ecmp,8,66,11,15.693,25.446,1.0,1.0,79,0,0,79,125,124,124,0.011695,0.00841,0.026974,1,1,1,1898.0
ecmp,8,67,1,15.541,25.111,1.0,1.0,81,0,0,81,125,125,124,0.011687,0.008333,0.026603,1,1,1,1898.0
ecmp,8,68,11,15.752,25.614,1.0,1.0,83,0,0,83,129,128,128,0.011462,0.008608,0.027187,1,1,1,1898.0
ecmp,8,69,1,15.639,24.839,1.0,1.0,78,0,0,78,129,129,128,0.011749,0.008875,0.026293,1,1,1,1898.0
ecmp,8,70,11,15.577,24.811,1.0,1.0,80,0,0,80,133,132,132,0.011941,0.008549,0.026241,1,1,1,1898.0
ecmp,8,71,1,15.468,24.778,1.0,1.0,80,0,0,80,133,133,132,0.011613,0.008549,0.026241,1,1,1,1898.0
ecmp,8,72,11,15.301,24.298,1.0,1.0,81,0,0,81,137,136,136,0.011613,0.008583,0.025707,1,1,1,1898.0
ecmp,8,73,1,15.324,24.52,1.0,1.0,78,0,0,78,137,137,136,0.01157,0.008442,0.025959,1,1,1,1898.0
ecmp,8,74,11,16.037,25.187,1.0,1.0,80,0,0,80,141,140,140,0.01184,0.0096,0.02667,1,1,1,1898.0
ecmp,8,75,1,15.707,25.569,1.0,1.0,81,0,0,81,141,141,140,0.011526,0.008465,0.027129,1,1,1,1898.0
ecmp,8,76,11,15.821,25.603,1.0,1.0,81,0,0,81,145,144,144,0.011869,0.008465,0.027129,1,1,1,1898.0
ecmp,8,77,1,15.663,25.145,1.0,1.0,78,0,0,78,145,145,144,0.011869,0.008499,0.02662,1,1,1,1898.0
ecmp,8,78,11,15.434,24.526,1.0,1.0,79,0,0,79,149,148,148,0.011957,0.008421,0.025923,1,1,1,1898.0
ecmp,8,79,1,15.298,24.323,1.0,1.0,81,0,0,81,149,149,148,0.011598,0.00856,0.025737,1,1,1,1898.0
ecmp,8,80,11,15.509,24.882,1.0,1.0,83,0,0,83,153,152,152,0.011597,0.008571,0.026358,1,1,1,1898.0
ecmp,8,81,1,15.57,24.9,1.0,1.0,83,0,0,83,153,153,152,0.011781,0.008571,0.026358,1,1,1,1898.0
ecmp,8,82,11,15.705,24.994,1.0,1.0,78,0,0,78,157,156,156,0.011781,0.008872,0.026462,1,1,1,1898.0
ecmp,8,83,1,15.435,24.859,1.0,1.0,80,0,0,80,157,157,156,0.011511,0.008452,0.026342,1,1,1,1898.0
ecmp,8,84,11,15.794,24.947,1.0,1.0,81,0,0,81,161,160,160,0.01243,0.008614,0.026338,1,1,1,1898.0
ecmp,8,85,1,15.385,24.765,1.0,1.0,78,0,0,78,161,161,160,0.01156,0.008364,0.026232,1,1,1,1898.0
ecmp,8,86,11,15.51,24.798,1.0,1.0,78,0,0,78,165,164,164,0.011897,0.0084,0.026232,1,1,1,1898.0
ecmp,8,87,1,15.568,24.957,1.0,1.0,80,0,0,80,165,165,164,0.011897,0.0084,0.026408,1,1,1,1898.0
ecmp,8,88,0,15.597,24.987,1.0,1.0,81,0,0,81,165,165,164,0.011694,0.008632,0.026464,1,1,1,1898.0
ecmp,8,89,11,15.705,25.549,1.0,1.0,78,0,0,78,169,168,168,0.011541,0.00847,0.027105,1,1,1,1898.0
ecmp,8,90,1,15.617,25.287,1.0,1.0,79,0,0,79,169,169,168,0.011602,0.008441,0.026808,1,1,1,1898.0
ecmp,8,91,11,15.737,25.321,1.0,1.0,79,0,0,79,173,172,172,0.011943,0.00846,0.026808,1,1,1,1898.0
ecmp,8,92,1,15.375,24.344,1.0,1.0,81,0,0,81,173,173,172,0.011943,0.00846,0.025722,1,1,1,1898.0
ecmp,8,93,11,16.301,26.589,1.0,1.0,78,0,0,78,177,176,176,0.01199,0.008701,0.028211,1,1,1,1898.0
ecmp,8,94,1,16.461,26.489,1.0,1.0,79,0,0,79,177,177,176,0.012797,0.008577,0.02801,1,1,1,1898.0
ecmp,8,95,11,15.498,25.18,1.0,1.0,81,0,0,81,181,180,180,0.011437,0.008351,0.026707,1,1,1,1898.0
ecmp,8,96,1,15.479,24.87,1.0,1.0,82,0,0,82,181,181,180,0.011708,0.008397,0.026333,1,1,1,1898.0
ecmp,8,97,11,15.479,24.87,1.0,1.0,82,0,0,82,185,184,184,0.011708,0.008397,0.026333,1,1,1,1898.0
ecmp,8,98,1,15.3,24.358,1.0,1.0,78,0,0,78,185,185,184,0.011583,0.008538,0.025778,1,1,1,1898.0
ecmp,8,99,11,16.088,26.44,1.0,1.0,80,0,0,80,189,188,188,0.011596,0.008578,0.028089,1,1,1,1898.0
ecmp,8,100,1,15.457,24.851,1.0,1.0,81,0,0,81,189,189,188,0.011603,0.008446,0.026323,1,1,1,1898.0
ecmp,8,101,11,15.385,24.812,1.0,1.0,78,0,0,78,193,192,192,0.011473,0.008389,0.026294,1,1,1,1898.0
ecmp,8,102,1,15.385,24.812,1.0,1.0,78,0,0,78,193,193,192,0.011473,0.008389,0.026294,1,1,1,1898.0
ecmp,8,103,11,15.363,24.684,1.0,1.0,79,0,0,79,197,196,196,0.011539,0.008405,0.026145,1,1,1,1898.0
ecmp,8,104,1,16.095,26.481,1.0,1.0,81,0,0,81,197,197,196,0.011691,0.008469,0.028124,1,1,1,1898.0
ecmp,8,105,11,15.657,25.304,1.0,1.0,77,0,0,77,201,200,200,0.011596,0.008548,0.026827,1,1,1,1898.0
ecmp,8,106,1,15.662,25.36,1.0,1.0,79,0,0,79,201,201,200,0.011621,0.008477,0.026887,1,1,1,1898.0
ecmp,8,107,11,15.662,25.36,1.0,1.0,79,0,0,79,205,204,204,0.011621,0.008477,0.026887,1,1,1,1898.0
ecmp,8,108,1,15.527,24.646,1.0,1.0,81,0,0,81,205,205,204,0.011646,0.008846,0.02609,1,1,1,1898.0
ecmp,8,109,11,15.546,24.946,1.0,1.0,82,0,0,82,209,208,208,0.011607,0.008603,0.026428,1,1,1,1898.0
ecmp,8,110,1,16.17,26.578,1.0,1.0,79,0,0,79,209,209,208,0.011718,0.008563,0.028229,1,1,1,1898.0
ecmp,8,111,0,15.554,24.711,1.0,1.0,80,0,0,80,209,209,208,0.01188,0.008644,0.026137,1,1,1,1898.0
ecmp,8,112,3,15.391,24.663,1.0,1.0,80,0,0,80,210,210,209,0.011393,0.008644,0.026137,1,1,1,1898.0
ecmp,8,113,11,15.427,24.692,1.0,1.0,86,0,0,86,214,213,213,0.011393,0.008717,0.02617,1,1,1,1898.0
ecmp,8,114,1,15.773,25.182,1.0,1.0,78,0,0,78,214,214,213,0.011476,0.009137,0.026705,1,1,1,1898.0
ecmp,8,115,11,15.961,25.556,1.0,1.0,80,0,0,80,218,217,217,0.011457,0.009304,0.027123,1,1,1,1898.0
ecmp,8,116,1,15.506,24.657,1.0,1.0,81,0,0,81,218,218,217,0.011755,0.008671,0.026091,1,1,1,1898.0
ecmp,8,117,11,15.545,24.694,1.0,1.0,81,0,0,81,222,221,221,0.012116,0.008428,0.026091,1,1,1,1898.0
ecmp,8,118,1,15.675,25.044,1.0,1.0,78,0,0,78,222,222,221,0.012116,0.008428,0.026481,1,1,1,1898.0
ecmp,8,119,11,15.424,24.878,1.0,1.0,79,0,0,79,226,225,225,0.011473,0.008431,0.026368,1,1,1,1898.0
ecmp,9,0,0,15.389,24.732,1.0,1.0,0,0,0,0,0,0,0,0.011522,0.008444,0.0262,1,1,1,2575.2
ecmp,9,1,1,15.615,25.087,0.3333,0.3333,75,0,0,75,1,0,0,0.011839,0.008448,0.026559,1,1,1,2575.2
ecmp,9,2,1,15.337,24.534,0.6667,0.6667,75,0,0,75,1,1,0,0.011641,0.008404,0.025967,1,1,1,2575.2
ecmp,9,3,11,15.566,24.604,0.9883,0.9883,75,0,0,75,5,4,4,0.012338,0.008393,0.025967,1,1,1,2575.2
ecmp,9,4,1,15.815,25.277,0.9899,0.9899,77,0,0,77,5,5,4,0.012338,0.008393,0.026715,1,1,1,2575.2
ecmp,9,5,11,15.78,25.479,0.9968,0.9968,75,0,0,75,9,8,8,0.011687,0.008642,0.027011,1,1,1,2575.2
ecmp,9,6,1,15.599,25.198,0.9971,0.9971,76,0,0,76,9,9,8,0.011715,0.008385,0.026696,1,1,1,2575.2
ecmp,9,7,11,15.424,24.729,0.9985,0.9985,78,0,0,78,13,12,12,0.011666,0.008426,0.026181,1,1,1,2575.2
ecmp,9,8,1,16.109,24.935,0.9986,0.9986,78,0,0,78,13,13,12,0.01372,0.008426,0.026181,1,1,1,2575.2
ecmp,9,9,11,16.377,25.522,0.9992,0.9992,79,0,0,79,17,16,16,0.01372,0.008577,0.026833,1,1,1,2575.2
ecmp,9,10,1,16.025,25.324,0.9992,0.9992,76,0,0,76,17,17,16,0.012846,0.008518,0.02671,1,1,1,2575.2
ecmp,9,11,11,15.577,25.261,0.9995,0.9995,78,0,0,78,21,20,20,0.011526,0.008419,0.026787,1,1,1,2575.2
ecmp,9,12,1,15.434,24.837,0.9995,0.9995,79,0,0,79,21,21,20,0.011504,0.008479,0.026319,1,1,1,2575.2
ecmp,9,13,11,15.396,24.831,0.9996,0.9996,79,0,0,79,25,24,24,0.01144,0.008429,0.026319,1,1,1,2575.2
ecmp,9,14,1,15.381,24.791,0.9996,0.9996,76,0,0,76,25,25,24,0.01144,0.008429,0.026275,1,1,1,2575.2
ecmp,9,15,11,15.455,24.831,0.9997,0.9997,77,0,0,77,29,28,28,0.011595,0.008468,0.026302,1,1,1,2575.2
ecmp,9,16,1,15.244,24.36,0.9997,0.9997,79,0,0,79,29,29,28,0.011513,0.008431,0.025788,1,1,1,2575.2
ecmp,9,17,11,15.405,24.617,0.9998,0.9998,75,0,0,75,33,32,32,0.011785,0.008387,0.026043,1,1,1,2575.2
ecmp,9,18,1,15.663,24.668,0.9998,0.9998,75,0,0,75,33,33,32,0.012293,0.008654,0.026043,1,1,1,2575.2
ecmp,9,19,11,15.62,24.551,0.9998,0.9998,76,0,0,76,37,36,36,0.012293,0.008654,0.025913,1,1,1,2575.2
ecmp,9,20,1,15.368,24.549,0.9998,0.9998,78,0,0,78,37,37,36,0.011655,0.008467,0.025982,1,1,1,2575.2
ecmp,9,21,11,15.443,24.662,0.9999,0.9999,74,0,0,74,41,40,40,0.011768,0.008466,0.026095,1,1,1,2575.2
ecmp,9,22,1,15.373,24.547,0.9999,0.9999,76,0,0,76,41,41,40,0.011747,0.008402,0.025969,1,1,1,2575.2
ecmp,9,23,7,15.288,24.505,1.0,1.0,77,0,0,77,43,43,43,0.01157,0.008351,0.025942,1,1,1,2575.2
ecmp,9,24,4,15.288,24.505,0.9999,0.9999,77,0,0,77,45,44,44,0.01157,0.008351,0.025942,1,1,1,2575.2
ecmp,9,25,1,15.64,25.348,0.9999,0.9999,79,0,0,79,45,45,44,0.011612,0.008434,0.026874,1,1,1,2575.2
ecmp,9,26,11,15.529,24.791,0.9999,0.9999,76,0,0,76,49,48,48,0.011791,0.00856,0.026235,1,1,1,2575.2
ecmp,9,27,1,15.478,24.608,0.9999,0.9999,77,0,0,77,49,49,48,0.011798,0.008605,0.026031,1,1,1,2575.2
ecmp,9,28,11,15.889,25.685,0.9999,0.9999,79,0,0,79,53,52,52,0.011582,0.008833,0.027252,1,1,1,2575.2
ecmp,9,29,1,15.86,25.676,0.9999,0.9999,79,0,0,79,53,53,52,0.011496,0.008833,0.027252,1,1,1,2575.2
ecmp,9,30,11,15.429,24.816,0.9999,0.9999,74,0,0,74,57,56,56,0.011496,0.008495,0.026296,1,1,1,2575.2
ecmp,9,31,1,15.297,24.3,0.9999,0.9999,76,0,0,76,57,57,56,0.011705,0.008486,0.0257,1,1,1,2575.2
ecmp,9,32,11,15.662,24.642,0.9999,0.9999,78,0,0,78,61,60,60,0.011579,0.009314,0.026094,1,1,1,2575.2
ecmp,9,33,1,15.297,24.506,0.9999,0.9999,74,0,0,74,61,61,60,0.011485,0.008454,0.025953,1,1,1,2575.2
ecmp,9,34,11,15.418,24.779,0.9999,0.9999,76,0,0,76,65,64,64,0.011571,0.008436,0.026247,1,1,1,2575.2
ecmp,9,35,1,15.418,24.779,0.9999,0.9999,76,0,0,76,65,65,64,0.011571,0.008436,0.026247,1,1,1,2575.2
ecmp,9,36,11,15.559,25.161,1.0,1.0,77,0,0,77,69,68,68,0.011532,0.008471,0.026675,1,1,1,2575.2
ecmp,9,37,1,15.601,25.187,1.0,1.0,79,0,0,79,69,69,68,0.011639,0.008471,0.026692,1,1,1,2575.2
ecmp,9,38,11,15.742,25.333,1.0,1.0,76,0,0,76,73,72,72,0.011653,0.008721,0.026853,1,1,1,2575.2
ecmp,9,39,1,15.728,25.496,1.0,1.0,77,0,0,77,73,73,72,0.011619,0.008528,0.027038,1,1,1,2575.2
ecmp,9,40,11,15.67,25.478,1.0,1.0,77,0,0,77,77,76,76,0.011443,0.008528,0.027038,1,1,1,2575.2
ecmp,9,41,1,15.477,24.964,1.0,1.0,79,0,0,79,77,77,76,0.011443,0.008522,0.026466,1,1,1,2575.2
ecmp,9,42,11,15.638,25.243,1.0,1.0,74,0,0,74,81,80,80,0.011549,0.008601,0.026765,1,1,1,2575.2
ecmp,9,43,1,15.411,24.596,1.0,1.0,76,0,0,76,81,81,80,0.011522,0.008662,0.026049,1,1,1,2575.2
ecmp,9,44,11,15.891,25.882,1.0,1.0,77,0,0,77,85,84,84,0.011633,0.008574,0.027465,1,1,1,2575.2
ecmp,9,45,1,15.836,25.877,1.0,1.0,77,0,0,77,85,85,84,0.011582,0.008462,0.027465,1,1,1,2575.2
ecmp,9,46,11,15.599,25.235,1.0,1.0,74,0,0,74,89,88,88,0.011582,0.008462,0.026752,1,1,1,2575.2
ecmp,9,47,1,15.457,24.834,1.0,1.0,76,0,0,76,89,89,88,0.01167,0.008405,0.026297,1,1,1,2575.2
ecmp,9,48,0,15.622,25.028,1.0,1.0,77,0,0,77,89,89,88,0.011903,0.008476,0.026486,1,1,1,2575.2
ecmp,9,49,11,15.677,24.791,1.0,1.0,79,0,0,79,93,92,92,0.011549,0.00922,0.026262,1,1,1,2575.2
ecmp,9,50,1,15.389,24.787,1.0,1.0,79,0,0,79,93,93,92,0.011509,0.008397,0.026262,1,1,1,2575.2
ecmp,9,51,11,15.707,25.644,1.0,1.0,75,0,0,75,97,96,96,0.011509,0.008397,0.027215,1,1,1,2575.2
ecmp,9,52,1,15.441,24.76,1.0,1.0,77,0,0,77,97,97,96,0.011625,0.008479,0.026219,1,1,1,2575.2
ecmp,9,53,11,15.558,25.069,1.0,1.0,79,0,0,79,101,100,100,0.011645,0.008469,0.026561,1,1,1,2575.2
ecmp,9,54,1,15.802,25.497,1.0,1.0,76,0,0,76,101,101,100,0.011602,0.008762,0.027041,1,1,1,2575.2
ecmp,9,55,11,15.145,24.141,1.0,1.0,78,0,0,78,105,104,104,0.011515,0.008377,0.025544,1,1,1,2575.2
ecmp,9,56,1,15.145,24.141,1.0,1.0,78,0,0,78,105,105,104,0.011515,0.008377,0.025544,1,1,1,2575.2
ecmp,9,57,11,15.513,25.052,1.0,1.0,79,0,0,79,109,108,108,0.011543,0.008444,0.026553,1,1,1,2575.2
ecmp,9,58,1,15.456,24.675,1.0,1.0,76,0,0,76,109,109,108,0.01176,0.008498,0.02611,1,1,1,2575.2
ecmp,9,59,11,15.909,25.194,1.0,1.0,78,0,0,78,113,112,112,0.011643,0.009383,0.0267,1,1,1,2575.2
ecmp,9,60,1,15.517,24.738,1.0,1.0,79,0,0,79,113,113,112,0.011536,0.008811,0.026205,1,1,1,2575.2
ecmp,9,61,11,15.517,24.738,1.0,1.0,79,0,0,79,117,116,116,0.011536,0.008811,0.026205,1,1,1,2575.2
ecmp,9,62,1,15.462,24.936,1.0,1.0,81,0,0,81,117,117,116,0.01157,0.008394,0.026421,1,1,1,2575.2
ecmp,9,63,11,15.708,24.916,1.0,1.0,79,0,0,79,121,120,120,0.011798,0.008954,0.026373,1,1,1,2575.2
ecmp,9,64,1,15.472,24.959,1.0,1.0,81,0,0,81,121,121,120,0.011544,0.008423,0.02645,1,1,1,2575.2
ecmp,9,65,11,15.467,25.065,1.0,1.0,83,0,0,83,125,124,124,0.011452,0.00837,0.026578,1,1,1,2575.2
ecmp,9,66,1,15.467,25.065,1.0,1.0,83,0,0,83,125,125,124,0.011452,0.00837,0.026578,1,1,1,2575.2
ecmp,9,67,11,15.516,25.065,1.0,1.0,79,0,0,79,129,128,128,0.011521,0.008457,0.02657,1,1,1,2575.2
ecmp,9,68,1,15.548,24.767,1.0,1.0,81,0,0,81,129,129,128,0.011575,0.008835,0.026233,1,1,1,2575.2
ecmp,9,69,11,16.355,25.997,1.0,1.0,82,0,0,82,133,132,132,0.011774,0.009714,0.027577,1,1,1,2575.2
ecmp,9,70,1,15.397,24.674,1.0,1.0,78,0,0,78,133,133,132,0.011576,0.008485,0.026129,1,1,1,2575.2
ecmp,9,71,0,15.382,24.669,1.0,1.0,78,0,0,78,133,133,132,0.011531,0.008485,0.026129,1,1,1,2575.2
ecmp,9,72,11,15.68,25.446,1.0,1.0,80,0,0,80,137,136,136,0.011531,0.008516,0.026992,1,1,1,2575.2
ecmp,9,73,1,15.607,25.009,1.0,1.0,81,0,0,81,137,137,136,0.011848,0.008502,0.026471,1,1,1,2575.2
ecmp,9,74,11,15.481,24.865,1.0,1.0,83,0,0,83,141,140,140,0.011535,0.008562,0.026346,1,1,1,2575.2
ecmp,9,75,1,15.318,24.506,1.0,1.0,79,0,0,79,141,141,140,0.011533,0.008473,0.025947,1,1,1,2575.2
ecmp,9,76,11,15.357,24.505,1.0,1.0,79,0,0,79,145,144,144,0.011525,0.008598,0.025947,1,1,1,2575.2
ecmp,9,77,1,15.465,24.798,1.0,1.0,81,0,0,81,145,145,144,0.011525,0.008598,0.026273,1,1,1,2575.2
ecmp,9,78,11,15.253,24.284,1.0,1.0,83,0,0,83,149,148,148,0.011523,0.008533,0.025702,1,1,1,2575.2
ecmp,9,79,1,15.51,24.586,1.0,1.0,79,0,0,79,149,149,148,0.011551,0.008945,0.026034,1,1,1,2575.2
ecmp,9,80,11,15.469,24.954,1.0,1.0,81,0,0,81,153,152,152,0.011549,0.008416,0.026443,1,1,1,2575.2
ecmp,9,81,1,15.502,24.955,1.0,1.0,81,0,0,81,153,153,152,0.011568,0.008495,0.026443,1,1,1,2575.2
ecmp,9,82,11,15.552,25.091,1.0,1.0,82,0,0,82,157,156,156,0.011568,0.008495,0.026594,1,1,1,2575.2
ecmp,9,83,1,15.574,24.942,1.0,1.0,78,0,0,78,157,157,156,0.011791,0.008527,0.026403,1,1,1,2575.2
ecmp,9,84,11,15.487,24.594,1.0,1.0,79,0,0,79,161,160,160,0.011841,0.00861,0.026011,1,1,1,2575.2
ecmp,9,85,1,15.35,24.533,1.0,1.0,81,0,0,81,161,161,160,0.011589,0.008489,0.025971,1,1,1,2575.2
ecmp,9,86,11,15.335,24.525,1.0,1.0,81,0,0,81,165,164,164,0.011515,0.008519,0.025971,1,1,1,2575.2
ecmp,9,87,1,16.297,27.122,1.0,1.0,78,0,0,78,165,165,164,0.011515,0.008519,0.028856,1,1,1,2575.2
ecmp,9,88,11,15.434,24.657,1.0,1.0,79,0,0,79,169,168,168,0.011613,0.008584,0.026106,1,1,1,2575.2
ecmp,9,89,1,15.549,24.506,1.0,1.0,81,0,0,81,169,169,168,0.011641,0.00907,0.025935,1,1,1,2575.2
ecmp,9,90,11,15.521,25.064,1.0,1.0,82,0,0,82,173,172,172,0.011537,0.008458,0.026567,1,1,1,2575.2
ecmp,9,91,1,15.419,24.751,1.0,1.0,79,0,0,79,173,173,172,0.011517,0.008518,0.026221,1,1,1,2575.2
ecmp,9,92,11,15.419,24.751,1.0,1.0,79,0,0,79,177,176,176,0.011517,0.008518,0.026221,1,1,1,2575.2
ecmp,9,93,1,15.638,24.932,1.0,1.0,81,0,0,81,177,177,176,0.011817,0.008707,0.026389,1,1,1,2575.2
ecmp,9,94,0,15.632,25.104,1.0,1.0,82,0,0,82,177,177,176,0.011726,0.008578,0.026591,1,1,1,2575.2
ecmp,9,95,11,15.561,24.994,1.0,1.0,78,0,0,78,181,180,180,0.011525,0.008666,0.026491,1,1,1,2575.2
ecmp,9,96,1,15.529,25.008,1.0,1.0,78,0,0,78,181,181,180,0.011666,0.008429,0.026491,1,1,1,2575.2
ecmp,9,97,11,15.448,24.792,1.0,1.0,79,0,0,79,185,184,184,0.011666,0.008429,0.02625,1,1,1,2575.2
ecmp,9,98,1,15.637,25.336,1.0,1.0,81,0,0,81,185,185,184,0.011433,0.008596,0.026881,1,1,1,2575.2
ecmp,9,99,11,15.491,24.859,1.0,1.0,78,0,0,78,189,188,188,0.011789,0.008374,0.026311,1,1,1,2575.2
ecmp,9,100,1,15.316,24.584,1.0,1.0,79,0,0,79,189,189,188,0.011541,0.008374,0.026033,1,1,1,2575.2
ecmp,9,101,11,15.329,24.568,1.0,1.0,81,0,0,81,193,192,192,0.011508,0.00846,0.026019,1,1,1,2575.2
ecmp,9,102,1,15.329,24.568,1.0,1.0,81,0,0,81,193,193,192,0.011508,0.00846,0.026019,1,1,1,2575.2
ecmp,9,103,11,15.308,24.498,1.0,1.0,82,0,0,82,197,196,196,0.011524,0.008459,0.02594,1,1,1,2575.2
ecmp,9,104,1,16.559,27.652,1.0,1.0,79,0,0,79,197,197,196,0.011929,0.008348,0.029399,1,1,1,2575.2
ecmp,9,105,11,15.462,24.723,1.0,1.0,81,0,0,81,201,200,200,0.0117,0.008515,0.02617,1,1,1,2575.2
ecmp,9,106,1,15.651,24.363,1.0,1.0,82,0,0,82,201,201,200,0.011524,0.009639,0.02579,1,1,1,2575.2
ecmp,9,107,11,15.651,24.363,1.0,1.0,82,0,0,82,205,204,204,0.011524,0.009639,0.02579,1,1,1,2575.2
ecmp,9,108,1,15.669,25.186,1.0,1.0,77,0,0,77,205,205,204,0.011674,0.008647,0.026687,1,1,1,2575.2
ecmp,9,109,11,15.549,24.893,1.0,1.0,78,0,0,78,209,208,208,0.011717,0.008572,0.026357,1,1,1,2575.2
ecmp,9,110,1,15.498,24.725,1.0,1.0,78,0,0,78,209,209,208,0.01161,0.008703,0.026182,1,1,1,2575.2
ecmp,9,111,11,15.502,24.74,1.0,1.0,78,0,0,78,213,212,212,0.011758,0.008566,0.026182,1,1,1,2575.2
ecmp,9,112,1,15.413,24.5,1.0,1.0,75,0,0,75,213,213,212,0.011758,0.008566,0.025916,1,1,1,2575.2
ecmp,9,113,11,15.503,24.938,1.0,1.0,76,0,0,76,217,216,216,0.011641,0.008453,0.026416,1,1,1,2575.2
ecmp,9,114,1,15.378,24.68,1.0,1.0,78,0,0,78,217,217,216,0.011618,0.008386,0.026131,1,1,1,2575.2
ecmp,9,115,1,15.423,24.558,1.0,1.0,74,0,0,74,217,217,217,0.011605,0.008667,0.025997,1,1,1,2575.2
ecmp,9,116,10,15.349,24.555,1.0,1.0,74,0,0,74,221,220,220,0.011581,0.008468,0.025997,1,1,1,2575.2
ecmp,9,117,1,15.45,24.829,1.0,1.0,76,0,0,76,221,221,220,0.011581,0.008468,0.026301,1,1,1,2575.2
ecmp,9,118,11,15.464,24.87,1.0,1.0,78,0,0,78,225,224,224,0.011475,0.008558,0.026358,1,1,1,2575.2
ecmp,9,119,1,15.883,25.115,1.0,1.0,79,0,0,79,225,225,224,0.011636,0.009399,0.026613,1,1,1,2575.2
ecmp,10,0,0,15.681,25.591,1.0,1.0,0,0,0,0,0,0,0,0.011403,0.008472,0.027167,1,1,1,2296.9
ecmp,10,1,1,15.302,24.398,0.3333,0.3333,75,0,0,75,1,0,0,0.011484,0.008589,0.025833,1,1,1,2296.9
ecmp,10,2,1,15.301,24.485,0.6667,0.6667,71,0,0,71,1,1,0,0.01158,0.008405,0.025919,1,1,1,2296.9
ecmp,10,3,11,15.566,24.475,0.9883,0.9883,71,0,0,71,5,4,4,0.011476,0.009304,0.025919,1,1,1,2296.9
ecmp,10,4,1,15.696,24.826,0.9899,0.9899,73,0,0,73,5,5,4,0.011476,0.009304,0.026309,1,1,1,2296.9
ecmp,10,5,11,15.365,24.771,0.9968,0.9968,75,0,0,75,9,8,8,0.011482,0.008365,0.026248,1,1,1,2296.9
ecmp,10,6,1,15.697,25.479,0.9971,0.9971,72,0,0,72,9,9,8,0.011565,0.008501,0.027025,1,1,1,2296.9
ecmp,10,7,11,15.294,24.41,0.9985,0.9985,74,0,0,74,13,12,12,0.011653,0.008402,0.025828,1,1,1,2296.9
ecmp,10,8,1,15.279,24.397,0.9986,0.9986,74,0,0,74,13,13,12,0.011516,0.008494,0.025828,1,1,1,2296.9
ecmp,10,9,11,15.32,24.507,0.9992,0.9992,75,0,0,75,17,16,16,0.011516,0.008494,0.025951,1,1,1,2296.9
ecmp,10,10,1,15.391,24.752,0.9992,0.9992,77,0,0,77,17,17,16,0.011541,0.008412,0.02622,1,1,1,2296.9
ecmp,10,11,11,15.308,24.301,0.9995,0.9995,73,0,0,73,21,20,20,0.011745,0.008483,0.025696,1,1,1,2296.9
ecmp,10,12,1,15.455,25.04,0.9995,0.9995,74,0,0,74,21,21,20,0.011497,0.008324,0.026545,1,1,1,2296.9
ecmp,10,13,11,15.725,25.048,0.9996,0.9996,74,0,0,74,25,24,24,0.011572,0.009058,0.026545,1,1,1,2296.9
ecmp,10,14,1,15.602,24.716,0.9996,0.9996,76,0,0,76,25,25,24,0.011572,0.009058,0.026176,1,1,1,2296.9
ecmp,10,15,11,15.463,24.636,0.9997,0.9997,72,0,0,72,29,28,28,0.011827,0.008502,0.026059,1,1,1,2296.9
ecmp,10,16,1,15.473,24.848,0.9997,0.9997,74,0,0,74,29,29,28,0.011584,0.008513,0.026322,1,1,1,2296.9
ecmp,10,17,11,15.25,24.372,0.9998,0.9998,76,0,0,76,33,32,32,0.011554,0.008399,0.025796,1,1,1,2296.9
ecmp,10,18,1,15.45,24.94,0.9998,0.9998,73,0,0,73,33,33,32,0.01149,0.008424,0.026435,1,1,1,2296.9
ecmp,10,19,11,15.45,24.94,0.9998,0.9998,73,0,0,73,37,36,36,0.01149,0.008424,0.026435,1,1,1,2296.9
ecmp,10,20,1,15.871,25.351,0.9998,0.9998,75,0,0,75,37,37,36,0.012353,0.008465,0.026795,1,1,1,2296.9
ecmp,10,21,11,15.385,24.482,0.9999,0.9999,76,0,0,76,41,40,40,0.011552,0.008683,0.025919,1,1,1,2296.9
ecmp,10,22,1,15.355,24.479,0.9999,0.9999,78,0,0,78,41,41,40,0.011741,0.00843,0.025894,1,1,1,2296.9
ecmp,10,23,7,15.653,24.811,1.0,1.0,73,0,0,73,43,43,43,0.012314,0.008444,0.0262,1,1,1,2296.9
ecmp,10,24,4,15.466,24.756,0.9999,0.9999,73,0,0,73,45,44,44,0.011755,0.008444,0.0262,1,1,1,2296.9
ecmp,10,25,1,15.54,24.938,0.9999,0.9999,75,0,0,75,45,45,44,0.011755,0.008462,0.026403,1,1,1,2296.9
ecmp,10,26,11,15.397,24.715,0.9999,0.9999,77,0,0,77,49,48,48,0.011586,0.008432,0.026174,1,1,1,2296.9
ecmp,10,27,1,15.324,24.375,0.9999,0.9999,74,0,0,74,49,49,48,0.011752,0.008442,0.025778,1,1,1,2296.9
ecmp,10,28,11,15.386,24.74,0.9999,0.9999,76,0,0,76,53,52,52,0.01147,0.008474,0.026215,1,1,1,2296.9
ecmp,10,29,1,15.418,24.75,0.9999,0.9999,76,0,0,76,53,53,52,0.011565,0.008474,0.026215,1,1,1,2296.9
ecmp,10,30,11,15.472,24.933,0.9999,0.9999,77,0,0,77,57,56,56,0.011565,0.008433,0.026418,1,1,1,2296.9
ecmp,10,31,1,15.319,24.656,0.9999,0.9999,75,0,0,75,57,57,56,0.011497,0.008341,0.026118,1,1,1,2296.9
ecmp,10,32,11,15.249,24.421,0.9999,0.9999,77,0,0,77,61,60,60,0.011423,0.008459,0.025865,1,1,1,2296.9
ecmp,10,33,1,15.649,24.738,0.9999,0.9999,78,0,0,78,61,61,60,0.012418,0.008423,0.026107,1,1,1,2296.9
ecmp,10,34,11,15.351,24.647,0.9999,0.9999,78,0,0,78,65,64,64,0.011507,0.008439,0.026107,1,1,1,2296.9
ecmp,10,35,1,15.338,24.611,0.9999,0.9999,80,0,0,80,65,65,64,0.011507,0.008439,0.026067,1,1,1,2296.9
ecmp,10,36,11,15.798,25.202,1.0,1.0,76,0,0,76,69,68,68,0.012359,0.008406,0.026629,1,1,1,2296.9
ecmp,10,37,1,15.681,24.684,1.0,1.0,78,0,0,78,69,69,68,0.01145,0.009439,0.026154,1,1,1,2296.9
ecmp,10,38,11,15.318,24.546,1.0,1.0,80,0,0,80,73,72,72,0.011496,0.008462,0.025996,1,1,1,2296.9
ecmp,10,39,1,15.302,24.543,1.0,1.0,80,0,0,80,73,73,72,0.011467,0.008442,0.025996,1,1,1,2296.9
ecmp,10,40,11,15.301,24.54,1.0,1.0,75,0,0,75,77,76,76,0.011467,0.008442,0.025993,1,1,1,2296.9
ecmp,10,41,1,15.321,24.601,1.0,1.0,77,0,0,77,77,77,76,0.011486,0.00842,0.026058,1,1,1,2296.9
ecmp,10,42,11,15.524,24.873,1.0,1.0,78,0,0,78,81,80,80,0.011738,0.008501,0.026333,1,1,1,2296.9
ecmp,10,43,1,16.195,25.497,1.0,1.0,75,0,0,75,81,81,80,0.013181,0.008538,0.026866,1,1,1,2296.9
ecmp,10,44,11,15.97,26.141,1.0,1.0,77,0,0,77,85,84,84,0.011724,0.008443,0.027743,1,1,1,2296.9
ecmp,10,45,1,15.97,26.141,1.0,1.0,77,0,0,77,85,85,84,0.011724,0.008443,0.027743,1,1,1,2296.9
ecmp,10,46,11,15.847,24.995,1.0,1.0,78,0,0,78,89,88,88,0.012723,0.008458,0.026359,1,1,1,2296.9
ecmp,10,47,1,15.351,24.613,1.0,1.0,75,0,0,75,89,89,88,0.011438,0.008538,0.026077,1,1,1,2296.9
ecmp,10,48,0,15.469,24.956,1.0,1.0,76,0,0,76,89,89,88,0.011507,0.008451,0.02645,1,1,1,2296.9
ecmp,10,49,11,15.276,24.237,1.0,1.0,78,0,0,78,93,92,92,0.011555,0.008628,0.025646,1,1,1,2296.9
ecmp,10,50,1,15.347,24.258,1.0,1.0,78,0,0,78,93,93,92,0.011768,0.008628,0.025646,1,1,1,2296.9
ecmp,10,51,11,15.469,24.804,1.0,1.0,80,0,0,80,97,96,96,0.011768,0.008387,0.026253,1,1,1,2296.9
ecmp,10,52,1,15.331,24.587,1.0,1.0,75,0,0,75,97,97,96,0.011527,0.008429,0.026038,1,1,1,2296.9
ecmp,10,53,11,16.225,25.761,1.0,1.0,77,0,0,77,101,100,100,0.013073,0.008431,0.027171,1,1,1,2296.9
ecmp,10,54,1,15.67,24.957,1.0,1.0,78,0,0,78,101,101,100,0.012273,0.008372,0.026366,1,1,1,2296.9
ecmp,10,55,11,15.452,24.885,1.0,1.0,78,0,0,78,105,104,104,0.011557,0.008433,0.026366,1,1,1,2296.9
ecmp,10,56,1,15.583,25.24,1.0,1.0,75,0,0,75,105,105,104,0.011557,0.008433,0.02676,1,1,1,2296.9
ecmp,10,57,11,15.538,25.083,1.0,1.0,76,0,0,76,109,108,108,0.011598,0.008434,0.026581,1,1,1,2296.9
ecmp,10,58,1,15.771,25.836,1.0,1.0,78,0,0,78,109,109,108,0.011438,0.008439,0.027436,1,1,1,2296.9
ecmp,10,59,11,15.481,25.062,1.0,1.0,77,0,0,77,113,112,112,0.011507,0.008369,0.026568,1,1,1,2296.9
ecmp,10,60,1,15.48,25.054,1.0,1.0,77,0,0,77,113,113,112,0.011424,0.008449,0.026568,1,1,1,2296.9
ecmp,10,61,11,15.316,24.61,1.0,1.0,78,0,0,78,117,116,116,0.011424,0.008449,0.026075,1,1,1,2296.9
ecmp,10,62,1,15.391,24.793,1.0,1.0,80,0,0,80,117,117,116,0.011529,0.008376,0.026267,1,1,1,2296.9
ecmp,10,63,11,15.428,24.778,1.0,1.0,81,0,0,81,121,120,120,0.011545,0.008492,0.026248,1,1,1,2296.9
ecmp,10,64,1,15.495,24.802,1.0,1.0,79,0,0,79,121,121,120,0.011597,0.008619,0.026269,1,1,1,2296.9
ecmp,10,65,11,15.93,24.942,1.0,1.0,81,0,0,81,125,124,124,0.011548,0.009813,0.02643,1,1,1,2296.9
ecmp,10,66,1,15.93,24.942,1.0,1.0,81,0,0,81,125,125,124,0.011548,0.009813,0.02643,1,1,1,2296.9
ecmp,10,67,11,15.473,25.062,1.0,1.0,82,0,0,82,129,128,128,0.011519,0.008334,0.026567,1,1,1,2296.9
ecmp,10,68,1,15.286,24.512,1.0,1.0,78,0,0,78,129,129,128,0.011525,0.008378,0.025955,1,1,1,2296.9
ecmp,10,69,11,15.353,24.717,1.0,1.0,79,0,0,79,133,132,132,0.011552,0.008328,0.02618,1,1,1,2296.9
ecmp,10,70,1,15.789,25.692,1.0,1.0,81,0,0,81,133,133,132,0.011687,0.008431,0.027248,1,1,1,2296.9
ecmp,10,71,1,15.789,25.692,1.0,1.0,81,0,0,81,133,133,133,0.011687,0.008431,0.027248,1,1,1,2296.9
ecmp,10,72,10,15.428,24.708,1.0,1.0,78,0,0,78,137,136,136,0.011569,0.008548,0.026168,1,1,1,2296.9
ecmp,10,73,1,15.718,25.584,1.0,1.0,79,0,0,79,137,137,136,0.011585,0.008429,0.027139,1,1,1,2296.9
ecmp,10,74,11,15.575,25.271,1.0,1.0,81,0,0,81,141,140,140,0.011497,0.008427,0.026801,1,1,1,2296.9
ecmp,10,75,1,15.443,24.927,1.0,1.0,82,0,0,82,141,141,140,0.011522,0.008391,0.026416,1,1,1,2296.9
ecmp,10,76,11,15.447,24.928,1.0,1.0,82,0,0,82,145,144,144,0.011535,0.008391,0.026416,1,1,1,2296.9
ecmp,10,77,1,15.505,24.741,1.0,1.0,79,0,0,79,145,145,144,0.011535,0.008773,0.026208,1,1,1,2296.9
ecmp,10,78,11,15.495,24.993,1.0,1.0,81,0,0,81,149,148,148,0.011523,0.008471,0.02649,1,1,1,2296.9
ecmp,10,79,1,15.516,24.899,1.0,1.0,82,0,0,82,149,149,148,0.011517,0.008645,0.026386,1,1,1,2296.9
ecmp,10,80,11,15.661,25.229,1.0,1.0,79,0,0,79,153,152,152,0.011862,0.008408,0.026714,1,1,1,2296.9
ecmp,10,81,1,15.544,25.191,1.0,1.0,79,0,0,79,153,153,152,0.011484,0.008435,0.026714,1,1,1,2296.9
ecmp,10,82,11,15.204,24.272,1.0,1.0,80,0,0,80,157,156,156,0.011484,0.008435,0.025693,1,1,1,2296.9
ecmp,10,83,1,15.924,25.103,1.0,1.0,82,0,0,82,157,157,156,0.011431,0.009718,0.026622,1,1,1,2296.9
ecmp,10,84,11,15.43,24.093,1.0,1.0,77,0,0,77,161,160,160,0.011596,0.009212,0.025482,1,1,1,2296.9
ecmp,10,85,1,15.487,24.855,1.0,1.0,79,0,0,79,161,161,160,0.01163,0.008507,0.026324,1,1,1,2296.9
ecmp,10,86,11,15.408,24.839,1.0,1.0,79,0,0,79,165,164,164,0.011473,0.008426,0.026324,1,1,1,2296.9
ecmp,10,87,1,15.33,24.63,1.0,1.0,81,0,0,81,165,165,164,0.011473,0.008426,0.026092,1,1,1,2296.9
ecmp,10,88,11,15.329,24.589,1.0,1.0,82,0,0,82,169,168,168,0.011579,0.008373,0.026035,1,1,1,2296.9
ecmp,10,89,1,15.656,25.343,1.0,1.0,79,0,0,79,169,169,168,0.011641,0.008461,0.026866,1,1,1,2296.9
ecmp,10,90,11,15.401,24.773,1.0,1.0,80,0,0,80,173,172,172,0.011536,0.008424,0.026244,1,1,1,2296.9
ecmp,10,91,1,15.349,24.616,1.0,1.0,82,0,0,82,173,173,172,0.011644,0.008346,0.026057,1,1,1,2296.9
ecmp,10,92,11,15.349,24.616,1.0,1.0,82,0,0,82,177,176,176,0.011644,0.008346,0.026057,1,1,1,2296.9
ecmp,10,93,1,15.988,25.506,1.0,1.0,79,0,0,79,177,177,176,0.012629,0.008397,0.026937,1,1,1,2296.9
ecmp,10,94,11,15.562,25.147,1.0,1.0,80,0,0,80,181,180,180,0.011619,0.008416,0.02665,1,1,1,2296.9
ecmp,10,95,0,15.388,24.772,1.0,1.0,82,0,0,82,181,180,180,0.011533,0.008387,0.026243,1,1,1,2296.9
ecmp,10,96,1,15.705,25.368,1.0,1.0,77,0,0,77,181,181,180,0.011767,0.008469,0.026879,1,1,1,2296.9
ecmp,10,97,11,15.66,25.354,1.0,1.0,77,0,0,77,185,184,184,0.011633,0.008469,0.026879,1,1,1,2296.9
ecmp,10,98,1,15.317,24.494,1.0,1.0,79,0,0,79,185,185,184,0.011633,0.008396,0.025923,1,1,1,2296.9
ecmp,10,99,11,15.303,24.61,1.0,1.0,81,0,0,81,189,188,188,0.011447,0.008388,0.026073,1,1,1,2296.9
ecmp,10,100,1,15.383,24.738,1.0,1.0,78,0,0,78,189,189,188,0.011575,0.008374,0.026201,1,1,1,2296.9
ecmp,10,101,11,15.762,25.636,1.0,1.0,80,0,0,80,193,192,192,0.011533,0.008551,0.027203,1,1,1,2296.9
ecmp,10,102,1,16.22,25.765,1.0,1.0,80,0,0,80,193,193,192,0.012823,0.008633,0.027203,1,1,1,2296.9
ecmp,10,103,11,16.031,25.256,1.0,1.0,81,0,0,81,197,196,196,0.012823,0.008633,0.026638,1,1,1,2296.9
ecmp,10,104,1,15.522,25.157,1.0,1.0,83,0,0,83,197,197,196,0.011464,0.008425,0.026678,1,1,1,2296.9
ecmp,10,105,11,15.353,24.787,1.0,1.0,80,0,0,80,201,200,200,0.011522,0.008276,0.026261,1,1,1,2296.9
ecmp,10,106,1,15.99,25.317,1.0,1.0,81,0,0,81,201,201,200,0.011552,0.00957,0.026847,1,1,1,2296.9
ecmp,10,107,11,15.628,25.323,1.0,1.0,81,0,0,81,205,204,204,0.011609,0.008427,0.026847,1,1,1,2296.9
ecmp,10,108,1,15.363,24.608,1.0,1.0,83,0,0,83,205,205,204,0.011609,0.008427,0.026052,1,1,1,2296.9
ecmp,10,109,11,15.225,24.387,1.0,1.0,78,0,0,78,209,208,208,0.011518,0.00834,0.025817,1,1,1,2296.9
ecmp,10,110,1,15.28,24.231,1.0,1.0,80,0,0,80,209,209,208,0.011753,0.008468,0.025618,1,1,1,2296.9
ecmp,10,111,11,15.33,24.614,1.0,1.0,82,0,0,82,213,212,212,0.011477,0.00844,0.026074,1,1,1,2296.9
ecmp,10,112,1,16.154,26.473,1.0,1.0,78,0,0,78,213,213,212,0.011528,0.008801,0.028134,1,1,1,2296.9
ecmp,10,113,11,16.154,26.473,1.0,1.0,78,0,0,78,217,216,216,0.011528,0.008801,0.028134,1,1,1,2296.9
ecmp,10,114,1,15.449,24.518,1.0,1.0,80,0,0,80,217,217,216,0.011501,0.008882,0.025964,1,1,1,2296.9
ecmp,10,115,11,15.509,24.872,1.0,1.0,81,0,0,81,221,220,220,0.011545,0.008629,0.026353,1,1,1,2296.9
ecmp,10,116,1,15.443,24.772,1.0,1.0,83,0,0,83,221,221,220,0.011734,0.008375,0.026221,1,1,1,2296.9
ecmp,10,117,11,15.47,25.061,1.0,1.0,80,0,0,80,225,224,224,0.011477,0.008362,0.02657,1,1,1,2296.9
ecmp,10,118,1,15.47,25.061,1.0,1.0,80,0,0,80,225,225,224,0.011477,0.008362,0.02657,1,1,1,2296.9
ecmp,10,119,1,15.589,25.242,1.0,1.0,81,0,0,81,225,225,225,0.011544,0.008459,0.026764,1,1,1,2296.9
drl,1,0,0,15.529,25.149,1.0,1.0,0,0,0,0,0,0,0,0.011521,0.008402,0.026663,1,1,1,2237.9
drl,1,1,1,15.563,24.439,0.3333,0.3333,77,0,0,77,1,0,0,0.012446,0.008472,0.025772,1,1,1,2237.9
drl,1,2,1,15.742,24.681,0.6667,0.6667,78,0,0,78,1,1,0,0.011583,0.009506,0.026136,1,1,1,2237.9
drl,1,3,1,15.375,24.674,0.6,0.6,78,0,0,78,1,2,0,0.01152,0.008468,0.026136,1,1,1,2237.9
drl,1,4,1,15.41,24.769,0.5333,0.5333,78,0,0,78,1,3,0,0.01152,0.008468,0.026241,1,1,1,2237.9
drl,1,5,1,15.536,25.266,0.4902,0.4902,74,0,0,74,1,4,0,0.011393,0.008407,0.026807,1,1,1,2237.9
drl,1,6,1,15.38,24.634,0.4615,0.4615,75,0,0,75,1,5,0,0.011584,0.008472,0.026084,1,1,1,2237.9
drl,1,7,1,15.263,24.402,0.4414,0.4414,76,0,0,76,1,6,0,0.011534,0.008422,0.025832,1,1,1,2237.9
drl,1,8,1,16.18,26.033,0.4267,0.4267,72,0,0,72,1,7,0,0.012338,0.008647,0.027555,1,1,1,2237.9
drl,1,9,1,16.18,26.033,0.4154,0.4154,72,0,0,72,1,8,0,0.012338,0.008647,0.027555,1,1,1,2237.9
drl,1,10,1,15.441,24.885,0.4065,0.4065,73,0,0,73,1,9,0,0.011467,0.00848,0.026376,1,1,1,2237.9
drl,1,11,1,15.302,24.518,0.3993,0.3993,74,0,0,74,1,10,0,0.011506,0.008435,0.025964,1,1,1,2237.9
drl,1,12,1,15.302,24.233,0.3934,0.3934,69,0,0,69,1,11,0,0.011502,0.008757,0.025648,1,1,1,2237.9
drl,1,13,1,15.357,24.646,0.3885,0.3885,70,0,0,70,1,12,0,0.011523,0.008445,0.026104,1,1,1,2237.9
drl,1,14,1,15.379,24.652,0.3843,0.3843,70,0,0,70,1,13,0,0.011587,0.008445,0.026104,1,1,1,2237.9
drl,1,15,1,15.566,25.14,0.3807,0.3807,71,0,0,71,1,14,0,0.011587,0.008464,0.026646,1,1,1,2237.9
drl,1,16,1,15.289,24.469,0.3776,0.3776,72,0,0,72,1,15,0,0.01157,0.008394,0.025902,1,1,1,2237.9
drl,1,17,1,15.711,25.502,0.3748,0.3748,68,0,0,68,1,16,0,0.011629,0.008462,0.027043,1,1,1,2237.9
drl,1,18,1,15.499,24.399,0.3724,0.3724,69,0,0,69,1,17,0,0.012398,0.008366,0.025732,1,1,1,2237.9
drl,1,19,1,15.182,24.304,0.3703,0.3703,69,0,0,69,1,18,0,0.011448,0.008366,0.025732,1,1,1,2237.9
drl,1,20,1,15.614,25.436,0.3683,0.3683,70,0,0,70,1,19,0,0.011448,0.008405,0.02699,1,1,1,2237.9
drl,1,21,1,15.612,25.097,0.3666,0.3666,66,0,0,66,1,20,0,0.011864,0.008405,0.026567,1,1,1,2237.9
drl,1,22,1,15.409,24.771,0.365,0.365,67,0,0,67,1,21,0,0.011542,0.008443,0.026241,1,1,1,2237.9
drl,1,23,1,15.569,25.154,0.3636,0.3636,68,0,0,68,1,22,0,0.011504,0.008532,0.026671,1,1,1,2237.9
drl,1,24,1,15.577,25.157,0.3623,0.3623,68,0,0,68,1,23,0,0.011529,0.008531,0.026671,1,1,1,2237.9
drl,1,25,1,15.394,24.663,0.3611,0.3611,63,0,0,63,1,24,0,0.011529,0.008531,0.026122,1,1,1,2237.9
drl,1,26,1,15.416,24.716,0.36,0.36,64,0,0,64,1,25,0,0.011647,0.008432,0.026168,1,1,1,2237.9
drl,1,27,1,15.396,24.729,0.3589,0.3589,65,0,0,65,1,26,0,0.011611,0.008392,0.026186,1,1,1,2237.9
drl,1,28,1,15.561,24.846,0.358,0.358,61,0,0,61,1,27,0,0.01161,0.008755,0.026317,1,1,1,2237.9
drl,1,29,1,15.443,24.873,0.3571,0.3571,62,0,0,62,1,28,0,0.011561,0.008417,0.026352,1,1,1,2237.9
drl,1,30,1,15.443,24.873,0.3563,0.3563,62,0,0,62,1,29,0,0.011561,0.008417,0.026352,1,1,1,2237.9
drl,1,31,1,15.498,24.906,0.3555,0.3555,63,0,0,63,1,30,0,0.011624,0.008489,0.026382,1,1,1,2237.9
drl,1,32,1,15.42,24.802,0.3548,0.3548,64,0,0,64,1,31,0,0.011597,0.008393,0.026269,1,1,1,2237.9
drl,1,33,1,15.212,24.272,0.3541,0.3541,60,0,0,60,1,32,0,0.011512,0.008433,0.02569,1,1,1,2237.9
drl,1,34,1,15.533,24.979,0.3535,0.3535,61,0,0,61,1,33,0,0.011576,0.008555,0.026468,1,1,1,2237.9
drl,1,35,1,15.533,24.979,0.3529,0.3529,61,0,0,61,1,34,0,0.011576,0.008555,0.026468,1,1,1,2237.9
drl,1,36,1,15.526,25.141,0.3524,0.3524,62,0,0,62,1,35,0,0.01144,0.008475,0.026663,1,1,1,2237.9
drl,1,37,1,15.475,24.899,0.3518,0.3518,57,0,0,57,1,36,0,0.011615,0.008436,0.026375,1,1,1,2237.9
drl,1,38,1,15.793,24.82,0.3513,0.3513,58,0,0,58,1,37,0,0.011802,0.009311,0.026266,1,1,1,2237.9
drl,1,39,1,15.287,24.478,0.3509,0.3509,59,0,0,59,1,38,0,0.011535,0.00841,0.025916,1,1,1,2237.9
drl,1,40,1,15.262,24.47,0.3504,0.3504,59,0,0,59,1,39,0,0.011461,0.00841,0.025916,1,1,1,2237.9
drl,1,41,1,15.34,24.579,0.35,0.35,55,0,0,55,1,40,0,0.011461,0.008521,0.026037,1,1,1,2237.9
drl,1,42,0,15.983,26.201,0.35,0.35,56,0,0,56,1,40,0,0.011642,0.008487,0.027819,1,1,1,2237.9
drl,1,43,1,15.413,24.725,0.3496,0.3496,57,0,0,57,1,41,0,0.011673,0.008392,0.026175,1,1,1,2237.9
drl,1,44,1,15.421,24.795,0.3492,0.3492,58,0,0,58,1,42,0,0.01151,0.008481,0.026271,1,1,1,2237.9
drl,1,45,1,15.397,24.798,0.3488,0.3488,58,0,0,58,1,43,0,0.011546,0.008374,0.026271,1,1,1,2237.9
drl,1,46,1,15.311,24.565,0.3485,0.3485,54,0,0,54,1,44,0,0.011546,0.008374,0.026012,1,1,1,2237.9
drl,1,47,1,15.298,24.375,0.3481,0.3481,55,0,0,55,1,45,0,0.011471,0.008614,0.025809,1,1,1,2237.9
drl,1,48,1,15.292,24.587,0.3478,0.3478,56,0,0,56,1,46,0,0.011463,0.008369,0.026045,1,1,1,2237.9
drl,1,49,1,15.412,24.756,0.3475,0.3475,52,0,0,52,1,47,0,0.011575,0.00844,0.026221,1,1,1,2237.9
drl,1,50,1,15.382,24.763,0.3472,0.3472,53,0,0,53,1,48,0,0.011494,0.008415,0.026237,1,1,1,2237.9
drl,1,51,1,15.382,24.763,0.3469,0.3469,53,0,0,53,1,49,0,0.011494,0.008415,0.026237,1,1,1,2237.9
drl,1,52,1,15.375,24.526,0.3467,0.3467,54,0,0,54,1,50,0,0.011518,0.008636,0.025971,1,1,1,2237.9
drl,1,53,1,15.688,25.384,0.3464,0.3464,50,0,0,50,1,51,0,0.011693,0.008465,0.026905,1,1,1,2237.9
drl,1,54,1,15.282,24.434,0.3461,0.3461,51,0,0,51,1,52,0,0.011601,0.008385,0.02586,1,1,1,2237.9
drl,1,55,1,15.443,24.931,0.3459,0.3459,52,0,0,52,1,53,0,0.011534,0.008376,0.026419,1,1,1,2237.9
drl,1,56,1,15.443,24.931,0.3457,0.3457,52,0,0,52,1,54,0,0.011534,0.008376,0.026419,1,1,1,2237.9
drl,1,57,1,15.303,24.53,0.3455,0.3455,53,0,0,53,1,55,0,0.011448,0.008477,0.025984,1,1,1,2237.9
drl,1,58,1,15.681,24.447,0.3452,0.3452,50,0,0,50,1,56,0,0.011496,0.009661,0.025886,1,1,1,2237.9
drl,1,59,1,15.669,25.242,0.345,0.345,51,0,0,51,1,57,0,0.011765,0.008503,0.026739,1,1,1,2237.9
drl,1,60,1,15.548,24.84,0.3448,0.3448,52,0,0,52,1,58,0,0.011949,0.008423,0.026272,1,1,1,2237.9
drl,1,61,1,15.558,24.843,0.3446,0.3446,52,0,0,52,1,59,0,0.011979,0.008423,0.026272,1,1,1,2237.9
drl,1,62,1,15.576,24.923,0.3444,0.3444,50,0,0,50,1,60,0,0.011979,0.008388,0.026361,1,1,1,2237.9
drl,1,63,1,15.29,24.587,0.3443,0.3443,51,0,0,51,1,61,0,0.011473,0.008353,0.026044,1,1,1,2237.9
drl,1,64,1,15.534,24.975,0.3441,0.3441,52,0,0,52,1,62,0,0.011707,0.008445,0.026449,1,1,1,2237.9
drl,1,65,1,15.438,24.897,0.3439,0.3439,49,0,0,49,1,63,0,0.011555,0.008381,0.026379,1,1,1,2237.9
drl,1,66,1,15.503,24.9,0.3437,0.3437,49,0,0,49,1,64,0,0.011587,0.008544,0.026379,1,1,1,2237.9
drl,1,67,1,15.353,24.495,0.3436,0.3436,50,0,0,50,1,65,0,0.011587,0.008544,0.025929,1,1,1,2237.9
drl,1,68,1,15.519,24.861,0.3434,0.3434,51,0,0,51,1,66,0,0.011619,0.008606,0.026332,1,1,1,2237.9
drl,1,69,1,15.388,24.591,0.3433,0.3433,52,0,0,52,1,67,0,0.011778,0.008371,0.026015,1,1,1,2237.9
drl,1,70,1,15.307,24.612,0.3431,0.3431,50,0,0,50,1,68,0,0.011524,0.008332,0.026066,1,1,1,2237.9
drl,1,71,1,15.503,24.831,0.343,0.343,51,0,0,51,1,69,0,0.011804,0.008426,0.026279,1,1,1,2237.9
drl,1,72,1,15.464,24.812,0.3429,0.3429,51,0,0,51,1,70,0,0.011614,0.008498,0.026279,1,1,1,2237.9
drl,1,73,1,15.671,25.371,0.3427,0.3427,52,0,0,52,1,71,0,0.011614,0.008498,0.0269,1,1,1,2237.9
drl,1,74,1,15.517,25.141,0.3426,0.3426,50,0,0,50,1,72,0,0.011471,0.008419,0.02666,1,1,1,2237.9
drl,1,75,1,15.195,24.291,0.3425,0.3425,51,0,0,51,1,73,0,0.011466,0.008403,0.025716,1,1,1,2237.9
drl,1,76,1,15.465,24.907,0.3423,0.3423,52,0,0,52,1,74,0,0.011604,0.008407,0.026385,1,1,1,2237.9
drl,1,77,1,15.465,24.907,0.3422,0.3422,52,0,0,52,1,75,0,0.011604,0.008407,0.026385,1,1,1,2237.9
drl,1,78,1,15.686,24.723,0.3421,0.3421,49,0,0,49,1,76,0,0.011517,0.009352,0.02619,1,1,1,2237.9
drl,1,79,1,15.267,24.33,0.342,0.342,50,0,0,50,1,77,0,0.011635,0.008424,0.025741,1,1,1,2237.9
drl,1,80,1,15.362,24.648,0.3419,0.3419,51,0,0,51,1,78,0,0.011554,0.008429,0.026103,1,1,1,2237.9
drl,1,81,1,15.355,24.584,0.3418,0.3418,49,0,0,49,1,79,0,0.011615,0.008424,0.026025,1,1,1,2237.9
drl,1,82,1,15.306,24.569,0.3417,0.3417,49,0,0,49,1,80,0,0.01147,0.008424,0.026025,1,1,1,2237.9
drl,1,83,0,15.185,24.328,0.3417,0.3417,50,0,0,50,1,80,0,0.01147,0.008327,0.025757,1,1,1,2237.9
drl,1,84,1,15.349,24.602,0.3416,0.3416,51,0,0,51,1,81,0,0.011574,0.008424,0.02605,1,1,1,2237.9
drl,1,85,1,15.391,24.741,0.3415,0.3415,52,0,0,52,1,82,0,0.011603,0.00837,0.026201,1,1,1,2237.9
drl,1,86,1,15.365,24.787,0.3414,0.3414,50,0,0,50,1,83,0,0.011526,0.008309,0.026261,1,1,1,2237.9
drl,1,87,1,15.638,24.785,0.3413,0.3413,50,0,0,50,1,84,0,0.011498,0.009155,0.026261,1,1,1,2237.9
drl,1,88,1,15.616,24.725,0.3412,0.3412,51,0,0,51,1,85,0,0.011498,0.009155,0.026195,1,1,1,2237.9
drl,1,89,1,15.31,24.66,0.3411,0.3411,52,0,0,52,1,86,0,0.011475,0.008331,0.026125,1,1,1,2237.9
drl,1,90,1,15.534,25.147,0.341,0.341,49,0,0,49,1,87,0,0.011521,0.008419,0.026661,1,1,1,2237.9
drl,1,91,1,15.524,24.879,0.3409,0.3409,50,0,0,50,1,88,0,0.011741,0.008491,0.026339,1,1,1,2237.9
drl,1,92,1,15.483,24.909,0.3408,0.3408,51,0,0,51,1,89,0,0.011585,0.008476,0.026389,1,1,1,2237.9
drl,1,93,1,15.483,24.909,0.3407,0.3407,51,0,0,51,1,90,0,0.011585,0.008476,0.026389,1,1,1,2237.9
drl,1,94,1,15.531,25.147,0.3407,0.3407,49,0,0,49,1,91,0,0.011533,0.0084,0.02666,1,1,1,2237.9
drl,1,95,1,15.414,24.932,0.3406,0.3406,50,0,0,50,1,92,0,0.011487,0.008328,0.026426,1,1,1,2237.9
drl,1,96,1,15.723,25.534,0.3405,0.3405,51,0,0,51,1,93,0,0.011627,0.008463,0.027079,1,1,1,2237.9
drl,1,97,1,15.992,25.069,0.3404,0.3404,52,0,0,52,1,94,0,0.011975,0.009477,0.026524,1,1,1,2237.9
drl,1,98,1,15.849,25.026,0.3404,0.3404,52,0,0,52,1,95,0,0.011545,0.009477,0.026524,1,1,1,2237.9
drl,1,99,1,15.661,24.819,0.3403,0.3403,50,0,0,50,1,96,0,0.011545,0.009144,0.026294,1,1,1,2237.9
drl,1,100,1,15.419,24.648,0.3402,0.3402,51,0,0,51,1,97,0,0.011507,0.008642,0.026108,1,1,1,2237.9
drl,1,101,1,15.313,24.455,0.3401,0.3401,52,0,0,52,1,98,0,0.011602,0.008453,0.025883,1,1,1,2237.9
drl,1,102,1,15.351,24.779,0.3401,0.3401,49,0,0,49,1,99,0,0.011487,0.008311,0.026256,1,1,1,2237.9
drl,1,103,1,15.38,24.783,0.34,0.34,49,0,0,49,1,100,0,0.011526,0.008357,0.026256,1,1,1,2237.9
drl,1,104,1,15.373,24.766,0.3399,0.3399,50,0,0,50,1,101,0,0.011526,0.008357,0.026237,1,1,1,2237.9
drl,1,105,1,15.293,24.558,0.3399,0.3399,51,0,0,51,1,102,0,0.011462,0.008403,0.026013,1,1,1,2237.9
drl,1,106,1,15.443,24.875,0.3398,0.3398,49,0,0,49,1,103,0,0.011512,0.008456,0.02636,1,1,1,2237.9
drl,1,107,1,15.464,24.979,0.3397,0.3397,50,0,0,50,1,104,0,0.011508,0.008409,0.026476,1,1,1,2237.9
drl,1,108,1,15.361,24.752,0.3397,0.3397,51,0,0,51,1,105,0,0.011522,0.00834,0.026222,1,1,1,2237.9
drl,1,109,1,15.361,24.752,0.3396,0.3396,51,0,0,51,1,106,0,0.011522,0.00834,0.026222,1,1,1,2237.9
drl,1,110,1,15.362,24.704,0.3396,0.3396,52,0,0,52,1,107,0,0.011522,0.008394,0.026169,1,1,1,2237.9
drl,1,111,1,15.407,24.775,0.3395,0.3395,50,0,0,50,1,108,0,0.011516,0.008456,0.026248,1,1,1,2237.9
drl,1,112,1,15.445,24.968,0.3394,0.3394,51,0,0,51,1,109,0,0.011536,0.008337,0.026461,1,1,1,2237.9
drl,1,113,1,15.308,24.694,0.3394,0.3394,52,0,0,52,1,110,0,0.011314,0.008428,0.026181,1,1,1,2237.9
drl,1,114,1,15.391,24.719,0.3393,0.3393,52,0,0,52,1,111,0,0.011565,0.008428,0.026181,1,1,1,2237.9
drl,1,115,1,15.49,24.806,0.3393,0.3393,50,0,0,50,1,112,0,0.011565,0.008627,0.026277,1,1,1,2237.9
drl,1,116,1,15.262,24.383,0.3392,0.3392,51,0,0,51,1,113,0,0.011501,0.008472,0.025814,1,1,1,2237.9
drl,1,117,1,15.391,24.684,0.3392,0.3392,52,0,0,52,1,114,0,0.011503,0.008523,0.026148,1,1,1,2237.9
drl,1,118,1,15.667,25.143,0.3391,0.3391,49,0,0,49,1,115,0,0.011461,0.008877,0.026663,1,1,1,2237.9
drl,1,119,1,15.555,25.153,0.3391,0.3391,49,0,0,49,1,116,0,0.011568,0.008435,0.026663,1,1,1,2237.9
drl,2,0,0,15.434,24.837,1.0,1.0,0,0,0,0,0,0,0,0.011429,0.008545,0.026327,1,1,1,2515.4
drl,2,1,1,15.517,25.124,0.3333,0.3333,50,0,0,50,1,0,0,0.011494,0.008418,0.026639,1,1,1,2515.4
drl,2,2,1,15.583,24.576,0.6667,0.6667,51,0,0,51,1,1,0,0.011538,0.009187,0.026025,1,1,1,2515.4
drl,2,3,1,15.316,24.572,0.6,0.6,51,0,0,51,1,2,0,0.0115,0.008422,0.026025,1,1,1,2515.4
drl,2,4,1,15.435,24.896,0.5333,0.5333,52,0,0,52,1,3,0,0.0115,0.008422,0.026384,1,1,1,2515.4
drl,2,5,1,15.51,24.719,0.4902,0.4902,49,0,0,49,1,4,0,0.011532,0.008813,0.026184,1,1,1,2515.4
drl,2,6,1,15.542,25.119,0.4615,0.4615,50,0,0,50,1,5,0,0.011514,0.008482,0.026631,1,1,1,2515.4
drl,2,7,1,15.502,24.834,0.4414,0.4414,51,0,0,51,1,6,0,0.011503,0.008689,0.026315,1,1,1,2515.4
drl,2,8,1,15.613,25.322,0.4267,0.4267,52,0,0,52,1,7,0,0.011625,0.00837,0.026844,1,1,1,2515.4
drl,2,9,1,15.613,25.322,0.4154,0.4154,52,0,0,52,1,8,0,0.011625,0.00837,0.026844,1,1,1,2515.4
drl,2,10,1,15.388,24.718,0.4065,0.4065,50,0,0,50,1,9,0,0.011557,0.008427,0.02618,1,1,1,2515.4
drl,2,11,1,15.42,24.841,0.3993,0.3993,51,0,0,51,1,10,0,0.011551,0.00839,0.026318,1,1,1,2515.4
drl,2,12,1,15.621,24.924,0.3934,0.3934,52,0,0,52,1,11,0,0.011501,0.008947,0.026416,1,1,1,2515.4
drl,2,13,1,15.475,24.922,0.3885,0.3885,50,0,0,50,1,12,0,0.011547,0.008469,0.026408,1,1,1,2515.4
drl,2,14,1,15.504,24.931,0.3843,0.3843,50,0,0,50,1,13,0,0.011634,0.008469,0.026408,1,1,1,2515.4
drl,2,15,1,15.483,24.874,0.3807,0.3807,51,0,0,51,1,14,0,0.011634,0.008469,0.026345,1,1,1,2515.4
drl,2,16,1,15.525,24.896,0.3776,0.3776,52,0,0,52,1,15,0,0.011556,0.00864,0.026378,1,1,1,2515.4
drl,2,17,1,15.55,24.968,0.3748,0.3748,49,0,0,49,1,16,0,0.011562,0.008631,0.026457,1,1,1,2515.4
drl,2,18,1,15.52,25.099,0.3724,0.3724,50,0,0,50,1,17,0,0.011476,0.008471,0.026613,1,1,1,2515.4
drl,2,19,1,15.43,24.607,0.3703,0.3703,51,0,0,51,1,18,0,0.011883,0.008387,0.026021,1,1,1,2515.4
drl,2,20,1,15.43,24.607,0.3683,0.3683,51,0,0,51,1,19,0,0.011883,0.008387,0.026021,1,1,1,2515.4
drl,2,21,1,15.42,24.754,0.3666,0.3666,52,0,0,52,1,20,0,0.011547,0.008493,0.026221,1,1,1,2515.4
drl,2,22,1,15.677,25.525,0.365,0.365,50,0,0,50,1,21,0,0.011531,0.008419,0.02708,1,1,1,2515.4
drl,2,23,1,15.298,24.588,0.3636,0.3636,51,0,0,51,1,22,0,0.011487,0.008364,0.026044,1,1,1,2515.4
drl,2,24,1,15.373,24.667,0.3623,0.3623,52,0,0,52,1,23,0,0.01155,0.008445,0.026125,1,1,1,2515.4
drl,2,25,1,15.37,24.667,0.3611,0.3611,52,0,0,52,1,24,0,0.011541,0.008445,0.026125,1,1,1,2515.4
drl,2,26,1,15.339,24.608,0.36,0.36,50,0,0,50,1,25,0,0.011541,0.008417,0.02606,1,1,1,2515.4
drl,2,27,1,15.568,24.924,0.3589,0.3589,51,0,0,51,1,26,0,0.0115,0.008789,0.026416,1,1,1,2515.4
drl,2,28,1,15.481,24.994,0.358,0.358,52,0,0,52,1,27,0,0.011497,0.008451,0.026494,1,1,1,2515.4
drl,2,29,1,15.391,24.702,0.3571,0.3571,49,0,0,49,1,28,0,0.011598,0.008418,0.026158,1,1,1,2515.4
drl,2,30,1,15.4,24.689,0.3563,0.3563,49,0,0,49,1,29,0,0.011468,0.008574,0.026158,1,1,1,2515.4
drl,2,31,1,15.422,24.749,0.3555,0.3555,50,0,0,50,1,30,0,0.011468,0.008574,0.026225,1,1,1,2515.4
drl,2,32,1,15.739,24.95,0.3548,0.3548,51,0,0,51,1,31,0,0.011516,0.009257,0.026443,1,1,1,2515.4
drl,2,33,1,15.529,25.014,0.3541,0.3541,52,0,0,52,1,32,0,0.011646,0.008443,0.026499,1,1,1,2515.4
drl,2,34,1,15.469,24.821,0.3535,0.3535,50,0,0,50,1,33,0,0.011472,0.00863,0.026304,1,1,1,2515.4
drl,2,35,1,15.536,25.184,0.3529,0.3529,51,0,0,51,1,34,0,0.011471,0.00843,0.026708,1,1,1,2515.4
drl,2,36,1,15.536,25.184,0.3524,0.3524,51,0,0,51,1,35,0,0.011471,0.00843,0.026708,1,1,1,2515.4
drl,2,37,1,15.465,24.865,0.3518,0.3518,52,0,0,52,1,36,0,0.011711,0.008357,0.026327,1,1,1,2515.4
drl,2,38,1,15.599,25.121,0.3513,0.3513,50,0,0,50,1,37,0,0.011727,0.008461,0.026609,1,1,1,2515.4
drl,2,39,1,15.562,25.153,0.3509,0.3509,51,0,0,51,1,38,0,0.011553,0.008468,0.026664,1,1,1,2515.4
drl,2,40,1,15.448,24.915,0.3504,0.3504,52,0,0,52,1,39,0,0.011554,0.00839,0.026399,1,1,1,2515.4
drl,2,41,0,15.49,24.909,0.3504,0.3504,52,0,0,52,1,39,0,0.011495,0.008575,0.026399,1,1,1,2515.4
drl,2,42,1,15.226,24.197,0.35,0.35,49,0,0,49,1,40,0,0.011495,0.008575,0.025608,1,1,1,2515.4
drl,2,43,1,15.507,24.991,0.3496,0.3496,50,0,0,50,1,41,0,0.011564,0.008473,0.026483,1,1,1,2515.4
drl,2,44,1,15.28,24.267,0.3492,0.3492,51,0,0,51,1,42,0,0.011481,0.008672,0.025688,1,1,1,2515.4
drl,2,45,1,15.402,24.829,0.3488,0.3488,52,0,0,52,1,43,0,0.011541,0.00836,0.026305,1,1,1,2515.4
drl,2,46,1,15.427,24.809,0.3485,0.3485,50,0,0,50,1,44,0,0.011584,0.008417,0.026279,1,1,1,2515.4
drl,2,47,1,15.437,24.813,0.3481,0.3481,50,0,0,50,1,45,0,0.011616,0.008417,0.026279,1,1,1,2515.4
drl,2,48,1,15.643,25.308,0.3478,0.3478,51,0,0,51,1,46,0,0.011616,0.008483,0.026829,1,1,1,2515.4
drl,2,49,1,15.538,24.861,0.3475,0.3475,52,0,0,52,1,47,0,0.01174,0.008555,0.026319,1,1,1,2515.4
drl,2,50,1,15.419,24.868,0.3472,0.3472,50,0,0,50,1,48,0,0.011512,0.008393,0.026352,1,1,1,2515.4
drl,2,51,1,15.416,24.695,0.3469,0.3469,51,0,0,51,1,49,0,0.011763,0.008353,0.026132,1,1,1,2515.4
drl,2,52,1,15.442,24.678,0.3467,0.3467,51,0,0,51,1,50,0,0.011596,0.008598,0.026132,1,1,1,2515.4
drl,2,53,1,15.466,24.742,0.3464,0.3464,52,0,0,52,1,51,0,0.011596,0.008598,0.026203,1,1,1,2515.4
drl,2,54,1,15.436,24.74,0.3461,0.3461,49,0,0,49,1,52,0,0.011789,0.00834,0.026179,1,1,1,2515.4
drl,2,55,1,15.496,25.025,0.3459,0.3459,50,0,0,50,1,53,0,0.011629,0.008346,0.026514,1,1,1,2515.4
drl,2,56,1,15.467,25.012,0.3457,0.3457,51,0,0,51,1,54,0,0.011562,0.008332,0.026507,1,1,1,2515.4
drl,2,57,1,15.283,24.518,0.3455,0.3455,52,0,0,52,1,55,0,0.011475,0.008407,0.025967,1,1,1,2515.4
drl,2,58,1,15.307,24.521,0.3452,0.3452,52,0,0,52,1,56,0,0.011504,0.00845,0.025967,1,1,1,2515.4
drl,2,59,1,15.461,24.936,0.345,0.345,50,0,0,50,1,57,0,0.011504,0.00845,0.026428,1,1,1,2515.4
drl,2,60,1,15.573,24.873,0.3448,0.3448,51,0,0,51,1,58,0,0.011932,0.008475,0.026311,1,1,1,2515.4
drl,2,61,1,15.66,25.338,0.3446,0.3446,52,0,0,52,1,59,0,0.01158,0.008532,0.026867,1,1,1,2515.4
drl,2,62,1,15.381,24.673,0.3444,0.3444,50,0,0,50,1,60,0,0.01148,0.008523,0.026139,1,1,1,2515.4
drl,2,63,1,15.32,24.586,0.3443,0.3443,51,0,0,51,1,61,0,0.011529,0.008393,0.026037,1,1,1,2515.4
drl,2,64,1,15.315,24.585,0.3441,0.3441,51,0,0,51,1,62,0,0.011514,0.008393,0.026037,1,1,1,2515.4
drl,2,65,1,15.462,24.972,0.3439,0.3439,52,0,0,52,1,63,0,0.011514,0.008405,0.026467,1,1,1,2515.4
drl,2,66,1,15.258,24.356,0.3437,0.3437,53,0,0,53,1,64,0,0.011558,0.008437,0.025778,1,1,1,2515.4
drl,2,67,1,15.357,24.704,0.3436,0.3436,50,0,0,50,1,65,0,0.011483,0.008415,0.026173,1,1,1,2515.4
drl,2,68,1,15.286,24.482,0.3434,0.3434,51,0,0,51,1,66,0,0.0115,0.008435,0.025924,1,1,1,2515.4
drl,2,69,1,15.342,24.491,0.3433,0.3433,51,0,0,51,1,67,0,0.011595,0.008506,0.025924,1,1,1,2515.4
drl,2,70,1,15.434,24.74,0.3431,0.3431,52,0,0,52,1,68,0,0.011595,0.008506,0.026201,1,1,1,2515.4
drl,2,71,1,15.489,24.823,0.343,0.343,50,0,0,50,1,69,0,0.01151,0.008655,0.026302,1,1,1,2515.4
drl,2,72,1,15.304,24.598,0.3429,0.3429,51,0,0,51,1,70,0,0.011456,0.008397,0.026058,1,1,1,2515.4
drl,2,73,1,15.418,24.848,0.3427,0.3427,52,0,0,52,1,71,0,0.011505,0.008417,0.026331,1,1,1,2515.4
drl,2,74,1,15.332,24.447,0.3426,0.3426,50,0,0,50,1,72,0,0.011715,0.008419,0.025862,1,1,1,2515.4
drl,2,75,1,15.389,24.436,0.3425,0.3425,50,0,0,50,1,73,0,0.011607,0.008698,0.025862,1,1,1,2515.4
drl,2,76,1,15.515,24.777,0.3423,0.3423,51,0,0,51,1,74,0,0.011607,0.008698,0.02624,1,1,1,2515.4
drl,2,77,1,15.363,24.607,0.3422,0.3422,52,0,0,52,1,75,0,0.011561,0.00847,0.026057,1,1,1,2515.4
drl,2,78,1,15.247,24.48,0.3421,0.3421,53,0,0,53,1,76,0,0.0115,0.008318,0.025922,1,1,1,2515.4
drl,2,79,1,15.346,24.628,0.342,0.342,50,0,0,50,1,77,0,0.011507,0.008444,0.026086,1,1,1,2515.4
drl,2,80,1,15.438,24.841,0.3419,0.3419,51,0,0,51,1,78,0,0.011613,0.008389,0.026311,1,1,1,2515.4
drl,2,81,0,15.428,24.838,0.3419,0.3419,51,0,0,51,1,78,0,0.011585,0.008389,0.026311,1,1,1,2515.4
drl,2,82,1,15.397,24.665,0.3418,0.3418,52,0,0,52,1,79,0,0.011585,0.008489,0.026118,1,1,1,2515.4
drl,2,83,1,15.434,24.586,0.3417,0.3417,50,0,0,50,1,80,0,0.011845,0.008454,0.026002,1,1,1,2515.4
drl,2,84,1,15.543,24.996,0.3416,0.3416,51,0,0,51,1,81,0,0.011534,0.008602,0.026492,1,1,1,2515.4
drl,2,85,1,15.579,25.23,0.3415,0.3415,52,0,0,52,1,82,0,0.011578,0.008413,0.026747,1,1,1,2515.4
drl,2,86,1,15.566,25.03,0.3414,0.3414,50,0,0,50,1,83,0,0.011531,0.008637,0.02653,1,1,1,2515.4
drl,2,87,1,15.566,25.03,0.3413,0.3413,50,0,0,50,1,84,0,0.011531,0.008637,0.02653,1,1,1,2515.4
drl,2,88,1,15.318,24.544,0.3412,0.3412,51,0,0,51,1,85,0,0.011566,0.008402,0.025986,1,1,1,2515.4
drl,2,89,1,15.521,24.958,0.3411,0.3411,52,0,0,52,1,86,0,0.011531,0.008583,0.02645,1,1,1,2515.4
drl,2,90,1,15.667,25.23,0.341,0.341,53,0,0,53,1,87,0,0.011832,0.008451,0.026719,1,1,1,2515.4
drl,2,91,1,15.622,24.605,0.3409,0.3409,50,0,0,50,1,88,0,0.011565,0.009247,0.026054,1,1,1,2515.4
drl,2,92,1,15.335,24.607,0.3408,0.3408,50,0,0,50,1,89,0,0.011582,0.00837,0.026054,1,1,1,2515.4
drl,2,93,1,15.331,24.595,0.3407,0.3407,51,0,0,51,1,90,0,0.011582,0.00837,0.026041,1,1,1,2515.4
drl,2,94,1,15.754,24.991,0.3407,0.3407,52,0,0,52,1,91,0,0.011622,0.009162,0.026477,1,1,1,2515.4
drl,2,95,1,15.478,24.688,0.3406,0.3406,50,0,0,50,1,92,0,0.011592,0.008699,0.026143,1,1,1,2515.4
drl,2,96,1,15.452,24.745,0.3405,0.3405,51,0,0,51,1,93,0,0.011511,0.00863,0.026216,1,1,1,2515.4
drl,2,97,1,15.473,24.891,0.3404,0.3404,52,0,0,52,1,94,0,0.011621,0.008433,0.026365,1,1,1,2515.4
drl,2,98,1,15.451,24.882,0.3404,0.3404,52,0,0,52,1,95,0,0.011536,0.008452,0.026365,1,1,1,2515.4
drl,2,99,1,15.43,24.825,0.3403,0.3403,53,0,0,53,1,96,0,0.011536,0.008452,0.026302,1,1,1,2515.4
drl,2,100,1,15.369,24.738,0.3402,0.3402,51,0,0,51,1,97,0,0.011526,0.008374,0.026206,1,1,1,2515.4
drl,2,101,1,15.269,24.501,0.3401,0.3401,52,0,0,52,1,98,0,0.011484,0.008375,0.025947,1,1,1,2515.4
drl,2,102,1,15.596,24.534,0.3401,0.3401,53,0,0,53,1,99,0,0.011463,0.009339,0.025986,1,1,1,2515.4
drl,2,103,1,15.543,24.905,0.34,0.34,50,0,0,50,1,100,0,0.011913,0.008368,0.026349,1,1,1,2515.4
drl,2,104,1,15.409,24.865,0.3399,0.3399,50,0,0,50,1,101,0,0.011511,0.008368,0.026349,1,1,1,2515.4
drl,2,105,1,15.745,24.943,0.3399,0.3399,51,0,0,51,1,102,0,0.011511,0.009289,0.026435,1,1,1,2515.4
drl,2,106,1,15.73,25.584,0.3398,0.3398,52,0,0,52,1,103,0,0.011554,0.008494,0.027143,1,1,1,2515.4
drl,2,107,1,15.491,24.602,0.3397,0.3397,50,0,0,50,1,104,0,0.011744,0.008698,0.026031,1,1,1,2515.4
drl,2,108,1,15.361,24.602,0.3397,0.3397,51,0,0,51,1,105,0,0.011564,0.008467,0.026051,1,1,1,2515.4
drl,2,109,1,15.447,24.858,0.3396,0.3396,52,0,0,52,1,106,0,0.011602,0.008407,0.026331,1,1,1,2515.4
drl,2,110,1,15.447,24.858,0.3396,0.3396,52,0,0,52,1,107,0,0.011602,0.008407,0.026331,1,1,1,2515.4
drl,2,111,1,15.399,24.79,0.3395,0.3395,53,0,0,53,1,108,0,0.011529,0.008404,0.026263,1,1,1,2515.4
drl,2,112,1,15.375,24.582,0.3394,0.3394,51,0,0,51,1,109,0,0.011547,0.008549,0.02603,1,1,1,2515.4
drl,2,113,1,15.464,24.982,0.3394,0.3394,52,0,0,52,1,110,0,0.011453,0.008454,0.026485,1,1,1,2515.4
drl,2,114,1,15.334,24.575,0.3393,0.3393,53,0,0,53,1,111,0,0.011583,0.008401,0.026019,1,1,1,2515.4
drl,2,115,1,15.439,24.57,0.3393,0.3393,53,0,0,53,1,112,0,0.011531,0.008766,0.026019,1,1,1,2515.4
drl,2,116,1,15.477,24.675,0.3392,0.3392,50,0,0,50,1,113,0,0.011531,0.008766,0.026135,1,1,1,2515.4
drl,2,117,1,15.735,25.725,0.3392,0.3392,51,0,0,51,1,114,0,0.011524,0.008379,0.027303,1,1,1,2515.4
drl,2,118,1,15.251,24.379,0.3391,0.3391,52,0,0,52,1,115,0,0.011447,0.00849,0.025816,1,1,1,2515.4
drl,2,119,1,15.782,25.526,0.3391,0.3391,50,0,0,50,1,116,0,0.011562,0.008706,0.027077,1,1,1,2515.4
drl,3,0,0,15.497,25.002,1.0,1.0,0,0,0,0,0,0,0,0.011538,0.008455,0.026498,1,1,1,2110.5
drl,3,1,1,15.429,24.839,0.3333,0.3333,50,0,0,50,1,0,0,0.011513,0.008455,0.02632,1,1,1,2110.5
drl,3,2,1,15.429,24.839,0.6667,0.6667,50,0,0,50,1,1,0,0.011513,0.008455,0.02632,1,1,1,2110.5
drl,3,3,1,15.457,24.892,0.6,0.6,51,0,0,51,1,2,0,0.011586,0.008414,0.02637,1,1,1,2110.5
drl,3,4,1,15.543,24.776,0.5333,0.5333,52,0,0,52,1,3,0,0.01182,0.008594,0.026216,1,1,1,2110.5
drl,3,5,1,15.79,24.775,0.4902,0.4902,53,0,0,53,1,4,0,0.011807,0.009346,0.026216,1,1,1,2110.5
drl,3,6,1,15.254,24.418,0.4615,0.4615,51,0,0,51,1,5,0,0.011561,0.008354,0.025847,1,1,1,2110.5
drl,3,7,1,15.247,24.416,0.4414,0.4414,51,0,0,51,1,6,0,0.011536,0.008357,0.025847,1,1,1,2110.5
drl,3,8,1,15.311,24.591,0.4267,0.4267,52,0,0,52,1,7,0,0.011536,0.008357,0.026041,1,1,1,2110.5
drl,3,9,1,15.37,24.795,0.4154,0.4154,53,0,0,53,1,8,0,0.011477,0.008357,0.026275,1,1,1,2110.5
drl,3,10,1,15.462,24.724,0.4065,0.4065,50,0,0,50,1,9,0,0.011681,0.008533,0.026173,1,1,1,2110.5
drl,3,11,1,15.409,24.772,0.3993,0.3993,51,0,0,51,1,10,0,0.01155,0.008436,0.026241,1,1,1,2110.5
drl,3,12,1,15.42,24.674,0.3934,0.3934,52,0,0,52,1,11,0,0.011657,0.008482,0.02612,1,1,1,2110.5
drl,3,13,1,15.379,24.662,0.3885,0.3885,52,0,0,52,1,12,0,0.011536,0.008482,0.02612,1,1,1,2110.5
drl,3,14,1,15.378,24.698,0.3843,0.3843,50,0,0,50,1,13,0,0.011536,0.008438,0.026161,1,1,1,2110.5
drl,3,15,1,15.502,25.028,0.3807,0.3807,51,0,0,51,1,14,0,0.011572,0.008412,0.026523,1,1,1,2110.5
drl,3,16,1,15.42,24.648,0.3776,0.3776,52,0,0,52,1,15,0,0.011418,0.008723,0.026118,1,1,1,2110.5
drl,3,17,1,15.472,24.974,0.3748,0.3748,53,0,0,53,1,16,0,0.01161,0.008348,0.026459,1,1,1,2110.5
drl,3,18,1,15.577,25.173,0.3724,0.3724,51,0,0,51,1,17,0,0.011634,0.008419,0.026677,1,1,1,2110.5
drl,3,19,1,15.623,25.187,0.3703,0.3703,51,0,0,51,1,18,0,0.011773,0.008419,0.026677,1,1,1,2110.5
drl,3,20,1,15.386,24.505,0.3683,0.3683,52,0,0,52,1,19,0,0.011773,0.008465,0.02592,1,1,1,2110.5
drl,3,21,1,15.345,24.669,0.3666,0.3666,53,0,0,53,1,20,0,0.011505,0.008399,0.026132,1,1,1,2110.5
drl,3,22,1,15.484,24.864,0.365,0.365,50,0,0,50,1,21,0,0.011784,0.00835,0.026317,1,1,1,2110.5
drl,3,23,1,15.304,24.468,0.3636,0.3636,51,0,0,51,1,22,0,0.011522,0.008485,0.025906,1,1,1,2110.5
drl,3,24,1,15.454,24.895,0.3623,0.3623,52,0,0,52,1,23,0,0.011479,0.008498,0.026386,1,1,1,2110.5
drl,3,25,1,15.454,24.895,0.3611,0.3611,52,0,0,52,1,24,0,0.011479,0.008498,0.026386,1,1,1,2110.5
drl,3,26,1,15.509,24.935,0.36,0.36,53,0,0,53,1,25,0,0.011586,0.008523,0.026418,1,1,1,2110.5
drl,3,27,1,15.328,24.491,0.3589,0.3589,51,0,0,51,1,26,0,0.011556,0.008501,0.025928,1,1,1,2110.5
drl,3,28,1,15.401,24.798,0.358,0.358,52,0,0,52,1,27,0,0.011483,0.008442,0.026277,1,1,1,2110.5
drl,3,29,1,15.371,24.508,0.3571,0.3571,53,0,0,53,1,28,0,0.011673,0.008505,0.025934,1,1,1,2110.5
drl,3,30,1,15.342,24.506,0.3563,0.3563,53,0,0,53,1,29,0,0.011654,0.008439,0.025934,1,1,1,2110.5
drl,3,31,1,15.407,24.681,0.3555,0.3555,51,0,0,51,1,30,0,0.011654,0.008439,0.026128,1,1,1,2110.5
drl,3,32,1,15.444,24.704,0.3548,0.3548,52,0,0,52,1,31,0,0.011488,0.008672,0.026172,1,1,1,2110.5
drl,3,33,1,15.535,25.009,0.3541,0.3541,53,0,0,53,1,32,0,0.011731,0.008391,0.026484,1,1,1,2110.5
drl,3,34,1,15.618,24.504,0.3535,0.3535,50,0,0,50,1,33,0,0.011609,0.009309,0.025937,1,1,1,2110.5
drl,3,35,1,15.493,24.686,0.3529,0.3529,51,0,0,51,1,34,0,0.011691,0.008659,0.02613,1,1,1,2110.5
drl,3,36,1,15.435,24.669,0.3524,0.3524,51,0,0,51,1,35,0,0.011516,0.008659,0.02613,1,1,1,2110.5
drl,3,37,1,15.292,24.476,0.3518,0.3518,52,0,0,52,1,36,0,0.011516,0.008444,0.025916,1,1,1,2110.5
drl,3,38,1,15.81,25.195,0.3513,0.3513,53,0,0,53,1,37,0,0.012157,0.008628,0.026644,1,1,1,2110.5
drl,3,39,1,15.269,24.447,0.3509,0.3509,51,0,0,51,1,38,0,0.011526,0.008397,0.025883,1,1,1,2110.5
drl,3,40,1,15.444,24.789,0.3504,0.3504,52,0,0,52,1,39,0,0.011518,0.008549,0.026264,1,1,1,2110.5
drl,3,41,0,15.671,24.929,0.3504,0.3504,53,0,0,53,1,39,0,0.012241,0.008432,0.026339,1,1,1,2110.5
drl,3,42,1,15.671,24.929,0.35,0.35,53,0,0,53,1,40,0,0.012241,0.008432,0.026339,1,1,1,2110.5
drl,3,43,1,15.265,24.454,0.3496,0.3496,50,0,0,50,1,41,0,0.011542,0.008364,0.025889,1,1,1,2110.5
drl,3,44,1,15.35,24.674,0.3492,0.3492,51,0,0,51,1,42,0,0.011546,0.008371,0.026133,1,1,1,2110.5
drl,3,45,1,15.635,24.538,0.3488,0.3488,52,0,0,52,1,43,0,0.011595,0.009334,0.025976,1,1,1,2110.5
drl,3,46,1,15.461,24.932,0.3485,0.3485,50,0,0,50,1,44,0,0.011524,0.008438,0.026422,1,1,1,2110.5
drl,3,47,1,15.434,24.709,0.3481,0.3481,51,0,0,51,1,45,0,0.011733,0.008418,0.026151,1,1,1,2110.5
drl,3,48,1,15.434,24.709,0.3478,0.3478,51,0,0,51,1,46,0,0.011733,0.008418,0.026151,1,1,1,2110.5
drl,3,49,1,15.293,24.516,0.3475,0.3475,52,0,0,52,1,47,0,0.011534,0.008387,0.025959,1,1,1,2110.5
drl,3,50,1,15.277,24.518,0.3472,0.3472,53,0,0,53,1,48,0,0.011488,0.008378,0.025966,1,1,1,2110.5
drl,3,51,1,15.259,24.427,0.3469,0.3469,51,0,0,51,1,49,0,0.011523,0.008394,0.025861,1,1,1,2110.5
drl,3,52,1,15.418,24.743,0.3467,0.3467,52,0,0,52,1,50,0,0.011535,0.008508,0.026211,1,1,1,2110.5
drl,3,53,1,15.225,24.278,0.3464,0.3464,53,0,0,53,1,51,0,0.011579,0.008408,0.025689,1,1,1,2110.5
drl,3,54,1,15.225,24.278,0.3461,0.3461,53,0,0,53,1,52,0,0.011579,0.008408,0.025689,1,1,1,2110.5
drl,3,55,1,15.346,24.638,0.3459,0.3459,50,0,0,50,1,53,0,0.011529,0.008414,0.026095,1,1,1,2110.5
drl,3,56,1,15.36,24.637,0.3457,0.3457,51,0,0,51,1,54,0,0.011665,0.008338,0.026078,1,1,1,2110.5
drl,3,57,1,15.35,24.721,0.3455,0.3455,52,0,0,52,1,55,0,0.011439,0.008414,0.026197,1,1,1,2110.5
drl,3,58,1,15.416,24.752,0.3452,0.3452,53,0,0,53,1,56,0,0.011638,0.008402,0.026209,1,1,1,2110.5
drl,3,59,1,15.437,24.757,0.345,0.345,53,0,0,53,1,57,0,0.011689,0.008414,0.026209,1,1,1,2110.5
drl,3,60,1,15.525,24.994,0.3448,0.3448,51,0,0,51,1,58,0,0.011689,0.008414,0.026472,1,1,1,2110.5
drl,3,61,1,15.489,24.941,0.3446,0.3446,52,0,0,52,1,59,0,0.01161,0.008436,0.026422,1,1,1,2110.5
drl,3,62,1,15.71,24.88,0.3444,0.3444,53,0,0,53,1,60,0,0.012164,0.008673,0.026293,1,1,1,2110.5
drl,3,63,1,15.821,25.597,0.3443,0.3443,51,0,0,51,1,61,0,0.01178,0.00855,0.027132,1,1,1,2110.5
drl,3,64,1,15.481,24.764,0.3441,0.3441,52,0,0,52,1,62,0,0.011787,0.00845,0.026206,1,1,1,2110.5
drl,3,65,1,15.401,24.74,0.3439,0.3439,52,0,0,52,1,63,0,0.011547,0.00845,0.026206,1,1,1,2110.5
drl,3,66,1,15.41,24.792,0.3437,0.3437,53,0,0,53,1,64,0,0.011547,0.008419,0.026264,1,1,1,2110.5
drl,3,67,1,15.437,24.899,0.3436,0.3436,50,0,0,50,1,65,0,0.011523,0.008402,0.026385,1,1,1,2110.5
drl,3,68,1,15.363,24.801,0.3434,0.3434,51,0,0,51,1,66,0,0.011449,0.008355,0.026285,1,1,1,2110.5
drl,3,69,1,15.335,24.719,0.3433,0.3433,52,0,0,52,1,67,0,0.011437,0.008373,0.026195,1,1,1,2110.5
drl,3,70,1,15.361,24.723,0.3431,0.3431,52,0,0,52,1,68,0,0.011475,0.008412,0.026195,1,1,1,2110.5
drl,3,71,1,15.336,24.657,0.343,0.343,53,0,0,53,1,69,0,0.011475,0.008412,0.026122,1,1,1,2110.5
drl,3,72,1,15.488,24.917,0.3429,0.3429,51,0,0,51,1,70,0,0.011652,0.008422,0.026391,1,1,1,2110.5
drl,3,73,1,15.342,24.673,0.3427,0.3427,52,0,0,52,1,71,0,0.011497,0.008393,0.026137,1,1,1,2110.5
drl,3,74,1,15.41,24.89,0.3426,0.3426,53,0,0,53,1,72,0,0.011475,0.008374,0.026381,1,1,1,2110.5
drl,3,75,1,15.347,24.581,0.3425,0.3425,50,0,0,50,1,73,0,0.011535,0.008475,0.026031,1,1,1,2110.5
drl,3,76,1,15.524,24.586,0.3423,0.3423,50,0,0,50,1,74,0,0.011577,0.008963,0.026031,1,1,1,2110.5
drl,3,77,1,15.456,24.404,0.3422,0.3422,51,0,0,51,1,75,0,0.011577,0.008963,0.025829,1,1,1,2110.5
drl,3,78,1,15.504,25.046,0.3421,0.3421,52,0,0,52,1,76,0,0.01156,0.008407,0.026545,1,1,1,2110.5
drl,3,79,1,15.433,24.77,0.342,0.342,50,0,0,50,1,77,0,0.011618,0.008449,0.026231,1,1,1,2110.5
drl,3,80,1,15.541,25.049,0.3419,0.3419,51,0,0,51,1,78,0,0.011683,0.008405,0.026534,1,1,1,2110.5
drl,3,81,1,15.447,24.897,0.3418,0.3418,52,0,0,52,1,79,0,0.011551,0.008409,0.02638,1,1,1,2110.5
drl,3,82,0,15.447,24.897,0.3418,0.3418,52,0,0,52,1,79,0,0.011551,0.008409,0.02638,1,1,1,2110.5
drl,3,83,1,15.308,24.639,0.3417,0.3417,53,0,0,53,1,80,0,0.011345,0.008463,0.026116,1,1,1,2110.5
drl,3,84,1,15.229,24.305,0.3416,0.3416,51,0,0,51,1,81,0,0.011536,0.008427,0.025724,1,1,1,2110.5
drl,3,85,1,15.303,24.467,0.3415,0.3415,52,0,0,52,1,82,0,0.011577,0.008432,0.025899,1,1,1,2110.5
drl,3,86,1,15.435,24.669,0.3414,0.3414,53,0,0,53,1,83,0,0.011855,0.008357,0.026093,1,1,1,2110.5
drl,3,87,1,15.5,24.657,0.3413,0.3413,53,0,0,53,1,84,0,0.011729,0.008677,0.026093,1,1,1,2110.5
drl,3,88,1,15.462,24.554,0.3412,0.3412,50,0,0,50,1,85,0,0.011729,0.008677,0.025979,1,1,1,2110.5
drl,3,89,1,15.44,24.899,0.3411,0.3411,51,0,0,51,1,86,0,0.011552,0.008386,0.026382,1,1,1,2110.5
drl,3,90,1,15.749,24.747,0.341,0.341,52,0,0,52,1,87,0,0.011645,0.009398,0.026203,1,1,1,2110.5
drl,3,91,1,15.555,25.016,0.3409,0.3409,53,0,0,53,1,88,0,0.011777,0.008402,0.026487,1,1,1,2110.5
drl,3,92,1,15.452,24.925,0.3408,0.3408,51,0,0,51,1,89,0,0.011628,0.008326,0.026403,1,1,1,2110.5
drl,3,93,1,15.547,24.954,0.3407,0.3407,51,0,0,51,1,90,0,0.011912,0.008326,0.026403,1,1,1,2110.5
drl,3,94,1,15.363,24.395,0.3407,0.3407,52,0,0,52,1,91,0,0.011912,0.008395,0.025782,1,1,1,2110.5
drl,3,95,1,15.444,24.955,0.3406,0.3406,53,0,0,53,1,92,0,0.011525,0.00836,0.026447,1,1,1,2110.5
drl,3,96,1,15.671,24.58,0.3405,0.3405,51,0,0,51,1,93,0,0.01148,0.009496,0.026036,1,1,1,2110.5
drl,3,97,1,15.473,25.018,0.3404,0.3404,52,0,0,52,1,94,0,0.011483,0.008414,0.026522,1,1,1,2110.5
drl,3,98,1,15.632,25.379,0.3404,0.3404,53,0,0,53,1,95,0,0.01155,0.00843,0.026916,1,1,1,2110.5
drl,3,99,1,15.649,25.384,0.3403,0.3403,53,0,0,53,1,96,0,0.011601,0.00843,0.026916,1,1,1,2110.5
drl,3,100,1,15.618,25.092,0.3402,0.3402,50,0,0,50,1,97,0,0.011601,0.008662,0.026591,1,1,1,2110.5
drl,3,101,1,15.483,24.723,0.3401,0.3401,51,0,0,51,1,98,0,0.011509,0.00875,0.026191,1,1,1,2110.5
drl,3,102,1,15.339,24.616,0.3401,0.3401,52,0,0,52,1,99,0,0.011539,0.008408,0.026069,1,1,1,2110.5
drl,3,103,1,15.298,24.507,0.34,0.34,53,0,0,53,1,100,0,0.011547,0.008401,0.025947,1,1,1,2110.5
drl,3,104,1,15.603,25.141,0.3399,0.3399,51,0,0,51,1,101,0,0.011729,0.00845,0.026631,1,1,1,2110.5
drl,3,105,1,15.603,25.141,0.3399,0.3399,51,0,0,51,1,102,0,0.011729,0.00845,0.026631,1,1,1,2110.5
drl,3,106,1,15.545,24.875,0.3398,0.3398,52,0,0,52,1,103,0,0.011487,0.008785,0.026363,1,1,1,2110.5
drl,3,107,1,15.501,25.058,0.3397,0.3397,53,0,0,53,1,104,0,0.011504,0.008436,0.026564,1,1,1,2110.5
drl,3,108,1,15.179,24.247,0.3397,0.3397,50,0,0,50,1,105,0,0.011517,0.008359,0.025661,1,1,1,2110.5
drl,3,109,1,15.372,24.714,0.3396,0.3396,51,0,0,51,1,106,0,0.011512,0.008423,0.026181,1,1,1,2110.5
drl,3,110,1,15.381,24.719,0.3396,0.3396,51,0,0,51,1,107,0,0.011559,0.008404,0.026181,1,1,1,2110.5
drl,3,111,1,15.372,24.693,0.3395,0.3395,52,0,0,52,1,108,0,0.011559,0.008404,0.026152,1,1,1,2110.5
drl,3,112,1,15.38,24.792,0.3394,0.3394,50,0,0,50,1,109,0,0.01152,0.008354,0.026267,1,1,1,2110.5
drl,3,113,1,15.404,24.604,0.3394,0.3394,51,0,0,51,1,110,0,0.011704,0.008471,0.026037,1,1,1,2110.5
drl,3,114,1,15.374,24.758,0.3393,0.3393,52,0,0,52,1,111,0,0.011475,0.008413,0.026234,1,1,1,2110.5
drl,3,115,1,15.588,24.918,0.3393,0.3393,53,0,0,53,1,112,0,0.011632,0.008738,0.026394,1,1,1,2110.5
drl,3,116,1,15.588,24.918,0.3392,0.3392,53,0,0,53,1,113,0,0.011632,0.008738,0.026394,1,1,1,2110.5
drl,3,117,1,15.481,24.793,0.3392,0.3392,51,0,0,51,1,114,0,0.011778,0.008427,0.026239,1,1,1,2110.5
drl,3,118,1,15.41,24.793,0.3391,0.3391,52,0,0,52,1,115,0,0.011497,0.008464,0.02627,1,1,1,2110.5
drl,3,119,1,15.366,24.654,0.3391,0.3391,53,0,0,53,1,116,0,0.011538,0.008449,0.026111,1,1,1,2110.5
drl,4,0,0,15.481,24.962,1.0,1.0,0,0,0,0,0,0,0,0.011574,0.008419,0.02645,1,1,1,2235.2
drl,4,1,1,15.37,24.662,0.3333,0.3333,52,0,0,52,1,0,0,0.011574,0.008419,0.026116,1,1,1,2235.2
drl,4,2,1,15.362,24.703,0.6667,0.6667,53,0,0,53,1,1,0,0.011445,0.008465,0.026176,1,1,1,2235.2
drl,4,3,1,15.404,24.688,0.6,0.6,51,0,0,51,1,2,0,0.011654,0.008423,0.026136,1,1,1,2235.2
drl,4,4,1,15.394,24.781,0.5333,0.5333,52,0,0,52,1,3,0,0.011495,0.00843,0.026257,1,1,1,2235.2
drl,4,5,1,15.403,24.807,0.4902,0.4902,53,0,0,53,1,4,0,0.011493,0.00843,0.026286,1,1,1,2235.2
drl,4,6,1,15.403,24.807,0.4615,0.4615,53,0,0,53,1,5,0,0.011493,0.00843,0.026286,1,1,1,2235.2
drl,4,7,1,15.351,24.63,0.4414,0.4414,50,0,0,50,1,6,0,0.01154,0.00843,0.026084,1,1,1,2235.2
drl,4,8,1,15.568,25.204,0.4267,0.4267,51,0,0,51,1,7,0,0.011461,0.008511,0.026731,1,1,1,2235.2
drl,4,9,1,15.356,24.665,0.4154,0.4154,52,0,0,52,1,8,0,0.011516,0.008427,0.026126,1,1,1,2235.2
drl,4,10,1,15.59,25.031,0.4065,0.4065,53,0,0,53,1,9,0,0.011889,0.008391,0.026491,1,1,1,2235.2
drl,4,11,1,15.552,24.986,0.3993,0.3993,53,0,0,53,1,10,0,0.011441,0.008725,0.026491,1,1,1,2235.2
drl,4,12,1,15.373,24.503,0.3934,0.3934,51,0,0,51,1,11,0,0.011441,0.008725,0.025954,1,1,1,2235.2
drl,4,13,1,15.361,24.58,0.3885,0.3885,52,0,0,52,1,12,0,0.011613,0.008449,0.026021,1,1,1,2235.2
drl,4,14,1,15.264,24.534,0.3843,0.3843,53,0,0,53,1,13,0,0.01143,0.008372,0.02599,1,1,1,2235.2
drl,4,15,1,15.493,24.734,0.3807,0.3807,50,0,0,50,1,14,0,0.011727,0.008573,0.026179,1,1,1,2235.2
drl,4,16,1,15.369,24.703,0.3776,0.3776,51,0,0,51,1,15,0,0.011523,0.008418,0.026167,1,1,1,2235.2
drl,4,17,1,15.369,24.702,0.3748,0.3748,51,0,0,51,1,16,0,0.011522,0.008418,0.026167,1,1,1,2235.2
drl,4,18,1,15.335,24.633,0.3724,0.3724,52,0,0,52,1,17,0,0.011522,0.008394,0.02609,1,1,1,2235.2
drl,4,19,1,15.44,24.663,0.3703,0.3703,50,0,0,50,1,18,0,0.011522,0.008676,0.026123,1,1,1,2235.2
drl,4,20,1,15.354,24.498,0.3683,0.3683,51,0,0,51,1,19,0,0.011769,0.008381,0.025912,1,1,1,2235.2
drl,4,21,1,15.363,24.776,0.3666,0.3666,52,0,0,52,1,20,0,0.01151,0.00833,0.02625,1,1,1,2235.2
drl,4,22,1,15.391,24.727,0.365,0.365,53,0,0,53,1,21,0,0.011492,0.008484,0.026198,1,1,1,2235.2
drl,4,23,1,15.391,24.727,0.3636,0.3636,53,0,0,53,1,22,0,0.011492,0.008484,0.026198,1,1,1,2235.2
drl,4,24,1,15.42,24.834,0.3623,0.3623,51,0,0,51,1,23,0,0.011577,0.008377,0.026307,1,1,1,2235.2
drl,4,25,1,15.386,24.719,0.3611,0.3611,52,0,0,52,1,24,0,0.011581,0.008399,0.026179,1,1,1,2235.2
drl,4,26,1,15.302,24.46,0.36,0.36,53,0,0,53,1,25,0,0.011551,0.00846,0.025894,1,1,1,2235.2
drl,4,27,1,15.328,24.546,0.3589,0.3589,50,0,0,50,1,26,0,0.011515,0.008474,0.025994,1,1,1,2235.2
drl,4,28,1,15.677,24.565,0.358,0.358,50,0,0,50,1,27,0,0.011703,0.009335,0.025994,1,1,1,2235.2
drl,4,29,1,15.851,25.034,0.3571,0.3571,51,0,0,51,1,28,0,0.011703,0.009335,0.026515,1,1,1,2235.2
drl,4,30,1,15.504,24.708,0.3563,0.3563,52,0,0,52,1,29,0,0.011546,0.008795,0.026171,1,1,1,2235.2
drl,4,31,1,15.262,24.377,0.3555,0.3555,50,0,0,50,1,30,0,0.011566,0.008421,0.0258,1,1,1,2235.2
drl,4,32,1,15.467,24.655,0.3548,0.3548,51,0,0,51,1,31,0,0.011908,0.008423,0.026071,1,1,1,2235.2
drl,4,33,1,15.331,24.639,0.3541,0.3541,52,0,0,52,1,32,0,0.011488,0.008406,0.0261,1,1,1,2235.2
drl,4,34,1,15.331,24.639,0.3535,0.3535,52,0,0,52,1,33,0,0.011488,0.008406,0.0261,1,1,1,2235.2
drl,4,35,1,15.375,24.612,0.3529,0.3529,53,0,0,53,1,34,0,0.011593,0.008474,0.026059,1,1,1,2235.2
drl,4,36,1,15.348,24.73,0.3524,0.3524,51,0,0,51,1,35,0,0.011499,0.008345,0.0262,1,1,1,2235.2
drl,4,37,1,15.342,24.598,0.3518,0.3518,52,0,0,52,1,36,0,0.011543,0.008434,0.026049,1,1,1,2235.2
drl,4,38,1,15.283,24.526,0.3513,0.3513,53,0,0,53,1,37,0,0.011523,0.008354,0.025971,1,1,1,2235.2
drl,4,39,1,15.318,24.52,0.3509,0.3509,53,0,0,53,1,38,0,0.011464,0.008519,0.025971,1,1,1,2235.2
drl,4,40,1,15.462,24.909,0.3504,0.3504,50,0,0,50,1,39,0,0.011464,0.008519,0.026403,1,1,1,2235.2
drl,4,41,1,15.428,24.804,0.35,0.35,51,0,0,51,1,40,0,0.011547,0.008461,0.026277,1,1,1,2235.2
drl,4,42,0,15.438,24.857,0.35,0.35,52,0,0,52,1,40,0,0.011535,0.008442,0.026337,1,1,1,2235.2
drl,4,43,1,15.385,24.723,0.3496,0.3496,50,0,0,50,1,41,0,0.011633,0.008346,0.026177,1,1,1,2235.2
drl,4,44,1,15.368,24.749,0.3492,0.3492,51,0,0,51,1,42,0,0.011497,0.008387,0.026221,1,1,1,2235.2
drl,4,45,1,15.355,24.745,0.3488,0.3488,51,0,0,51,1,43,0,0.011458,0.008387,0.026221,1,1,1,2235.2
drl,4,46,1,15.419,24.809,0.3485,0.3485,52,0,0,52,1,44,0,0.011458,0.008507,0.026293,1,1,1,2235.2
drl,4,47,1,15.373,24.677,0.3481,0.3481,53,0,0,53,1,45,0,0.011532,0.00845,0.026137,1,1,1,2235.2
drl,4,48,1,15.307,24.591,0.3478,0.3478,50,0,0,50,1,46,0,0.011473,0.0084,0.026048,1,1,1,2235.2
drl,4,49,1,15.353,24.725,0.3475,0.3475,51,0,0,51,1,47,0,0.011441,0.008418,0.026201,1,1,1,2235.2
drl,4,50,1,15.406,24.735,0.3472,0.3472,51,0,0,51,1,48,0,0.011537,0.008479,0.026201,1,1,1,2235.2
drl,4,51,1,15.21,24.206,0.3469,0.3469,52,0,0,52,1,49,0,0.011537,0.008479,0.025614,1,1,1,2235.2
drl,4,52,1,15.303,24.423,0.3467,0.3467,50,0,0,50,1,50,0,0.011759,0.008321,0.02583,1,1,1,2235.2
drl,4,53,1,15.454,24.94,0.3464,0.3464,51,0,0,51,1,51,0,0.011505,0.008423,0.026433,1,1,1,2235.2
drl,4,54,1,15.299,24.446,0.3461,0.3461,52,0,0,52,1,52,0,0.011566,0.008454,0.025877,1,1,1,2235.2
drl,4,55,1,15.47,24.492,0.3459,0.3459,50,0,0,50,1,53,0,0.011536,0.008941,0.025932,1,1,1,2235.2
drl,4,56,1,15.46,24.489,0.3457,0.3457,50,0,0,50,1,54,0,0.011507,0.008941,0.025932,1,1,1,2235.2
drl,4,57,1,15.325,24.574,0.3455,0.3455,51,0,0,51,1,55,0,0.011507,0.008442,0.026026,1,1,1,2235.2
drl,4,58,1,15.356,24.416,0.3452,0.3452,52,0,0,52,1,56,0,0.011679,0.008559,0.025831,1,1,1,2235.2
drl,4,59,1,15.517,24.583,0.345,0.345,53,0,0,53,1,57,0,0.011613,0.008915,0.026024,1,1,1,2235.2
drl,4,60,1,15.433,24.81,0.3448,0.3448,50,0,0,50,1,58,0,0.011529,0.008483,0.026286,1,1,1,2235.2
drl,4,61,1,15.494,24.831,0.3446,0.3446,50,0,0,50,1,59,0,0.011735,0.00846,0.026286,1,1,1,2235.2
drl,4,62,1,15.558,25.006,0.3444,0.3444,51,0,0,51,1,60,0,0.011735,0.00846,0.02648,1,1,1,2235.2
drl,4,63,1,15.484,24.823,0.3443,0.3443,52,0,0,52,1,61,0,0.011584,0.008573,0.026294,1,1,1,2235.2
drl,4,64,1,15.673,25.305,0.3441,0.3441,50,0,0,50,1,62,0,0.011701,0.008501,0.026817,1,1,1,2235.2
drl,4,65,1,15.465,24.781,0.3439,0.3439,51,0,0,51,1,63,0,0.011763,0.008404,0.026227,1,1,1,2235.2
drl,4,66,1,15.595,25.117,0.3437,0.3437,52,0,0,52,1,64,0,0.011802,0.008386,0.026597,1,1,1,2235.2
drl,4,67,1,15.501,25.089,0.3436,0.3436,52,0,0,52,1,65,0,0.011521,0.008386,0.026597,1,1,1,2235.2
drl,4,68,1,15.859,25.319,0.3434,0.3434,53,0,0,53,1,66,0,0.011521,0.009203,0.026852,1,1,1,2235.2
drl,4,69,1,15.661,25.203,0.3433,0.3433,51,0,0,51,1,67,0,0.011827,0.008467,0.026689,1,1,1,2235.2
drl,4,70,1,15.42,24.629,0.3431,0.3431,52,0,0,52,1,68,0,0.011533,0.008642,0.026084,1,1,1,2235.2
drl,4,71,1,15.363,24.558,0.343,0.343,53,0,0,53,1,69,0,0.011596,0.008495,0.025998,1,1,1,2235.2
drl,4,72,1,15.245,24.476,0.3429,0.3429,50,0,0,50,1,70,0,0.011439,0.008372,0.025925,1,1,1,2235.2
drl,4,73,1,15.245,24.476,0.3427,0.3427,50,0,0,50,1,71,0,0.011439,0.008372,0.025925,1,1,1,2235.2
drl,4,74,1,15.376,24.625,0.3426,0.3426,51,0,0,51,1,72,0,0.011562,0.008489,0.026076,1,1,1,2235.2
drl,4,75,1,15.525,25.039,0.3425,0.3425,52,0,0,52,1,73,0,0.011543,0.008492,0.026539,1,1,1,2235.2
drl,4,76,1,15.479,24.909,0.3423,0.3423,50,0,0,50,1,74,0,0.011561,0.008485,0.026392,1,1,1,2235.2
drl,4,77,1,15.263,24.563,0.3422,0.3422,51,0,0,51,1,75,0,0.011386,0.008377,0.026027,1,1,1,2235.2
drl,4,78,1,15.293,24.572,0.3421,0.3421,51,0,0,51,1,76,0,0.011475,0.008377,0.026027,1,1,1,2235.2
drl,4,79,1,15.395,24.712,0.342,0.342,52,0,0,52,1,77,0,0.011475,0.008527,0.026183,1,1,1,2235.2
drl,4,80,1,15.449,24.547,0.3419,0.3419,53,0,0,53,1,78,0,0.011868,0.008523,0.025956,1,1,1,2235.2
drl,4,81,1,15.386,24.649,0.3418,0.3418,51,0,0,51,1,79,0,0.011658,0.008406,0.026093,1,1,1,2235.2
drl,4,82,1,15.587,24.709,0.3417,0.3417,52,0,0,52,1,80,0,0.011538,0.009051,0.026173,1,1,1,2235.2
drl,4,83,0,15.418,24.877,0.3417,0.3417,53,0,0,53,1,80,0,0.011484,0.008406,0.026365,1,1,1,2235.2
drl,4,84,1,15.418,24.877,0.3416,0.3416,53,0,0,53,1,81,0,0.011484,0.008406,0.026365,1,1,1,2235.2
drl,4,85,1,15.126,24.203,0.3415,0.3415,50,0,0,50,1,82,0,0.011349,0.008397,0.025631,1,1,1,2235.2
drl,4,86,1,15.36,24.672,0.3414,0.3414,51,0,0,51,1,83,0,0.011522,0.008426,0.026133,1,1,1,2235.2
drl,4,87,1,15.636,25.423,0.3413,0.3413,52,0,0,52,1,84,0,0.011525,0.008417,0.026967,1,1,1,2235.2
drl,4,88,1,15.343,24.316,0.3412,0.3412,49,0,0,49,1,85,0,0.011894,0.008439,0.025696,1,1,1,2235.2
drl,4,89,1,15.544,24.288,0.3411,0.3411,49,0,0,49,1,86,0,0.011621,0.009315,0.025696,1,1,1,2235.2
drl,4,90,1,15.557,24.323,0.341,0.341,50,0,0,50,1,87,0,0.011621,0.009315,0.025734,1,1,1,2235.2
drl,4,91,1,15.449,24.996,0.3409,0.3409,51,0,0,51,1,88,0,0.011505,0.008348,0.026495,1,1,1,2235.2
drl,4,92,1,15.358,24.611,0.3408,0.3408,52,0,0,52,1,89,0,0.011609,0.008408,0.026056,1,1,1,2235.2
drl,4,93,1,15.354,24.69,0.3407,0.3407,49,0,0,49,1,90,0,0.011582,0.008334,0.026147,1,1,1,2235.2
drl,4,94,1,15.432,24.81,0.3407,0.3407,50,0,0,50,1,91,0,0.011557,0.008455,0.026283,1,1,1,2235.2
drl,4,95,1,15.432,24.81,0.3406,0.3406,50,0,0,50,1,92,0,0.011557,0.008455,0.026283,1,1,1,2235.2
drl,4,96,1,15.591,24.6,0.3405,0.3405,51,0,0,51,1,93,0,0.01174,0.009004,0.026029,1,1,1,2235.2
drl,4,97,1,15.424,24.725,0.3404,0.3404,49,0,0,49,1,94,0,0.011539,0.008543,0.02619,1,1,1,2235.2
drl,4,98,1,15.276,24.443,0.3404,0.3404,50,0,0,50,1,95,0,0.011594,0.008362,0.025871,1,1,1,2235.2
drl,4,99,1,15.644,24.792,0.3403,0.3403,51,0,0,51,1,96,0,0.011526,0.00914,0.026266,1,1,1,2235.2
drl,4,100,1,15.408,24.792,0.3402,0.3402,51,0,0,51,1,97,0,0.011528,0.008431,0.026266,1,1,1,2235.2
drl,4,101,1,15.41,24.798,0.3401,0.3401,50,0,0,50,1,98,0,0.011528,0.008431,0.026272,1,1,1,2235.2
drl,4,102,1,15.423,24.814,0.3401,0.3401,51,0,0,51,1,99,0,0.011489,0.008484,0.026295,1,1,1,2235.2
drl,4,103,1,15.336,24.556,0.34,0.34,52,0,0,52,1,100,0,0.011524,0.008481,0.026004,1,1,1,2235.2
drl,4,104,1,15.374,24.651,0.3399,0.3399,53,0,0,53,1,101,0,0.011612,0.00841,0.0261,1,1,1,2235.2
drl,4,105,1,15.578,25.078,0.3399,0.3399,50,0,0,50,1,102,0,0.011639,0.008523,0.026571,1,1,1,2235.2
drl,4,106,1,15.526,25.062,0.3398,0.3398,50,0,0,50,1,103,0,0.011485,0.008523,0.026571,1,1,1,2235.2
drl,4,107,1,15.401,24.912,0.3397,0.3397,51,0,0,51,1,104,0,0.011485,0.008314,0.026404,1,1,1,2235.2
drl,4,108,1,15.307,24.59,0.3397,0.3397,52,0,0,52,1,105,0,0.011527,0.008354,0.026041,1,1,1,2235.2
drl,4,109,1,15.721,24.81,0.3396,0.3396,50,0,0,50,1,106,0,0.011558,0.009323,0.026283,1,1,1,2235.2
drl,4,110,1,15.453,24.355,0.3396,0.3396,51,0,0,51,1,107,0,0.011739,0.008864,0.025757,1,1,1,2235.2
drl,4,111,1,15.498,24.889,0.3395,0.3395,52,0,0,52,1,108,0,0.011735,0.008409,0.026351,1,1,1,2235.2
drl,4,112,1,15.498,24.889,0.3394,0.3394,52,0,0,52,1,109,0,0.011735,0.008409,0.026351,1,1,1,2235.2
drl,4,113,1,15.42,24.852,0.3394,0.3394,50,0,0,50,1,110,0,0.011513,0.008413,0.026334,1,1,1,2235.2
drl,4,114,1,15.293,24.513,0.3393,0.3393,51,0,0,51,1,111,0,0.011507,0.008415,0.025958,1,1,1,2235.2
drl,4,115,1,15.223,24.288,0.3393,0.3393,52,0,0,52,1,112,0,0.01154,0.008426,0.025704,1,1,1,2235.2
drl,4,116,1,15.489,24.923,0.3392,0.3392,53,0,0,53,1,113,0,0.011498,0.008554,0.026415,1,1,1,2235.2
drl,4,117,1,15.525,24.952,0.3392,0.3392,53,0,0,53,1,114,0,0.011782,0.008378,0.026415,1,1,1,2235.2
drl,4,118,1,15.41,24.642,0.3391,0.3391,50,0,0,50,1,115,0,0.011782,0.008378,0.026071,1,1,1,2235.2
drl,4,119,1,15.407,24.845,0.3391,0.3391,51,0,0,51,1,116,0,0.011554,0.008344,0.026322,1,1,1,2235.2
drl,5,0,0,15.454,24.891,1.0,1.0,0,0,0,0,0,0,0,0.011479,0.008503,0.026381,1,1,1,2205.5
drl,5,1,1,15.455,24.901,0.3333,0.3333,0,0,0,0,1,0,0,0.011583,0.008402,0.026381,1,1,1,2205.5
drl,5,2,1,15.35,24.618,0.3333,0.3333,52,0,0,52,2,0,0,0.011583,0.008402,0.026066,1,1,1,2205.5
drl,5,3,1,15.383,24.628,0.6,0.6,53,0,0,53,2,1,0,0.011601,0.008471,0.026076,1,1,1,2205.5
drl,5,4,1,15.596,25.123,0.6667,0.6667,50,0,0,50,2,2,0,0.01175,0.00843,0.026609,1,1,1,2205.5
drl,5,5,1,15.479,24.988,0.641,0.641,51,0,0,51,2,3,0,0.011529,0.008426,0.026483,1,1,1,2205.5
drl,5,6,1,15.341,24.639,0.6,0.6,52,0,0,52,2,4,0,0.011525,0.008402,0.026096,1,1,1,2205.5
drl,5,7,1,15.353,24.643,0.5632,0.5632,52,0,0,52,2,5,0,0.011561,0.008402,0.026096,1,1,1,2205.5
drl,5,8,1,15.671,24.896,0.5333,0.5333,50,0,0,50,2,6,0,0.011561,0.009074,0.026378,1,1,1,2205.5
drl,5,9,1,15.517,24.95,0.5094,0.5094,51,0,0,51,2,7,0,0.011721,0.00841,0.02642,1,1,1,2205.5
drl,5,10,1,15.435,24.725,0.4902,0.4902,52,0,0,52,2,8,0,0.011527,0.008586,0.026191,1,1,1,2205.5
drl,5,11,1,15.347,24.658,0.4745,0.4745,53,0,0,53,2,9,0,0.011533,0.008393,0.026116,1,1,1,2205.5
drl,5,12,1,15.386,24.665,0.4615,0.4615,51,0,0,51,2,10,0,0.011589,0.00845,0.026118,1,1,1,2205.5
drl,5,13,1,15.386,24.665,0.4507,0.4507,51,0,0,51,2,11,0,0.011589,0.00845,0.026118,1,1,1,2205.5
drl,5,14,1,15.367,24.687,0.4414,0.4414,52,0,0,52,2,12,0,0.011533,0.008418,0.026149,1,1,1,2205.5
drl,5,15,1,15.336,24.718,0.4335,0.4335,53,0,0,53,2,13,0,0.011446,0.00837,0.026193,1,1,1,2205.5
drl,5,16,1,15.407,24.796,0.4267,0.4267,50,0,0,50,2,14,0,0.011591,0.008368,0.026263,1,1,1,2205.5
drl,5,17,1,15.392,24.779,0.4207,0.4207,51,0,0,51,2,15,0,0.011509,0.008414,0.026253,1,1,1,2205.5
drl,5,18,1,15.402,24.78,0.4154,0.4154,51,0,0,51,2,16,0,0.011528,0.008425,0.026253,1,1,1,2205.5
drl,5,19,1,15.244,24.354,0.4107,0.4107,52,0,0,52,2,17,0,0.011528,0.008425,0.025779,1,1,1,2205.5
drl,5,20,1,15.317,24.689,0.4065,0.4065,50,0,0,50,2,18,0,0.011411,0.008377,0.026164,1,1,1,2205.5
drl,5,21,1,15.331,24.687,0.4027,0.4027,51,0,0,51,2,19,0,0.011512,0.00833,0.026151,1,1,1,2205.5
drl,5,22,1,15.3,24.541,0.3993,0.3993,52,0,0,52,2,20,0,0.011576,0.008343,0.025982,1,1,1,2205.5
drl,5,23,1,15.706,24.828,0.3963,0.3963,53,0,0,53,2,21,0,0.011474,0.009332,0.026312,1,1,1,2205.5
drl,5,24,1,15.706,24.828,0.3934,0.3934,53,0,0,53,2,22,0,0.011474,0.009332,0.026312,1,1,1,2205.5
drl,5,25,1,15.371,24.738,0.3909,0.3909,51,0,0,51,2,23,0,0.01152,0.008386,0.026207,1,1,1,2205.5
drl,5,26,1,15.388,24.672,0.3885,0.3885,52,0,0,52,2,24,0,0.011489,0.008539,0.026137,1,1,1,2205.5
drl,5,27,1,15.374,24.732,0.3863,0.3863,53,0,0,53,2,25,0,0.011504,0.008416,0.026202,1,1,1,2205.5
drl,5,28,1,15.68,25.375,0.3843,0.3843,50,0,0,50,2,26,0,0.011495,0.008627,0.026917,1,1,1,2205.5
drl,5,29,1,15.675,25.394,0.3824,0.3824,50,0,0,50,2,27,0,0.011683,0.008426,0.026917,1,1,1,2205.5
drl,5,30,1,15.31,24.408,0.3807,0.3807,51,0,0,51,2,28,0,0.011683,0.008426,0.025822,1,1,1,2205.5
drl,5,31,1,15.434,24.844,0.3791,0.3791,52,0,0,52,2,29,0,0.011534,0.008445,0.026323,1,1,1,2205.5
drl,5,32,1,15.574,25.172,0.3776,0.3776,50,0,0,50,2,30,0,0.011569,0.008471,0.026683,1,1,1,2205.5
drl,5,33,1,15.406,24.667,0.3762,0.3762,51,0,0,51,2,31,0,0.011554,0.00854,0.026124,1,1,1,2205.5
drl,5,34,1,15.433,24.864,0.3748,0.3748,52,0,0,52,2,32,0,0.011484,0.008464,0.026351,1,1,1,2205.5
drl,5,35,1,15.433,24.864,0.3736,0.3736,52,0,0,52,2,33,0,0.011484,0.008464,0.026351,1,1,1,2205.5
drl,5,36,1,15.623,24.995,0.3724,0.3724,53,0,0,53,2,34,0,0.012034,0.008401,0.026435,1,1,1,2205.5
drl,5,37,1,15.278,24.523,0.3713,0.3713,50,0,0,50,2,35,0,0.011505,0.00836,0.02597,1,1,1,2205.5
drl,5,38,1,15.434,24.681,0.3703,0.3703,51,0,0,51,2,36,0,0.01151,0.008647,0.026145,1,1,1,2205.5
drl,5,39,1,15.51,25.075,0.3693,0.3693,52,0,0,52,2,37,0,0.011524,0.008426,0.026581,1,1,1,2205.5
drl,5,40,0,15.497,25.071,0.3693,0.3693,52,0,0,52,2,37,0,0.011481,0.008429,0.026581,1,1,1,2205.5
drl,5,41,1,15.426,24.879,0.3683,0.3683,50,0,0,50,2,38,0,0.011481,0.008429,0.026368,1,1,1,2205.5
drl,5,42,1,15.427,24.641,0.3674,0.3674,51,0,0,51,2,39,0,0.011743,0.008465,0.026074,1,1,1,2205.5
drl,5,43,1,15.447,24.776,0.3666,0.3666,52,0,0,52,2,40,0,0.011649,0.008457,0.026235,1,1,1,2205.5
drl,5,44,1,15.342,24.664,0.3658,0.3658,50,0,0,50,2,41,0,0.011448,0.008447,0.026132,1,1,1,2205.5
drl,5,45,1,15.477,24.998,0.365,0.365,51,0,0,51,2,42,0,0.011497,0.008435,0.026498,1,1,1,2205.5
drl,5,46,1,15.477,24.998,0.3643,0.3643,51,0,0,51,2,43,0,0.011497,0.008435,0.026498,1,1,1,2205.5
drl,5,47,1,15.374,24.725,0.3636,0.3636,52,0,0,52,2,44,0,0.011522,0.008407,0.026192,1,1,1,2205.5
drl,5,48,1,15.39,24.621,0.3629,0.3629,53,0,0,53,2,45,0,0.011714,0.008402,0.026055,1,1,1,2205.5
drl,5,49,1,15.22,24.273,0.3623,0.3623,50,0,0,50,2,46,0,0.011561,0.008412,0.025686,1,1,1,2205.5
drl,5,50,1,15.435,24.846,0.3617,0.3617,51,0,0,51,2,47,0,0.011554,0.008429,0.026323,1,1,1,2205.5
drl,5,51,1,15.43,24.849,0.3611,0.3611,51,0,0,51,2,48,0,0.011584,0.008383,0.026323,1,1,1,2205.5
drl,5,52,1,15.359,24.658,0.3605,0.3605,52,0,0,52,2,49,0,0.011584,0.008383,0.026111,1,1,1,2205.5
drl,5,53,1,15.36,24.602,0.36,0.36,50,0,0,50,2,50,0,0.01154,0.008487,0.026053,1,1,1,2205.5
drl,5,54,1,15.364,24.608,0.3594,0.3594,51,0,0,51,2,51,0,0.011635,0.008407,0.026049,1,1,1,2205.5
drl,5,55,1,15.616,25.375,0.3589,0.3589,52,0,0,52,2,52,0,0.011465,0.008463,0.026921,1,1,1,2205.5
drl,5,56,1,15.407,24.799,0.3585,0.3585,50,0,0,50,2,53,0,0.011528,0.008419,0.026273,1,1,1,2205.5
drl,5,57,1,15.407,24.799,0.358,0.358,50,0,0,50,2,54,0,0.011528,0.008419,0.026273,1,1,1,2205.5
drl,5,58,1,15.24,24.236,0.3575,0.3575,51,0,0,51,2,55,0,0.011658,0.008429,0.025634,1,1,1,2205.5
drl,5,59,1,15.363,24.656,0.3571,0.3571,52,0,0,52,2,56,0,0.011574,0.008406,0.02611,1,1,1,2205.5
drl,5,60,1,15.345,24.627,0.3567,0.3567,53,0,0,53,2,57,0,0.011555,0.008401,0.026079,1,1,1,2205.5
drl,5,61,1,15.227,24.363,0.3563,0.3563,50,0,0,50,2,58,0,0.011498,0.00839,0.025793,1,1,1,2205.5
drl,5,62,1,15.286,24.376,0.3559,0.3559,50,0,0,50,2,59,0,0.01162,0.008445,0.025793,1,1,1,2205.5
drl,5,63,1,15.44,24.792,0.3555,0.3555,51,0,0,51,2,60,0,0.01162,0.008445,0.026256,1,1,1,2205.5
drl,5,64,1,15.809,24.586,0.3552,0.3552,52,0,0,52,2,61,0,0.011697,0.009712,0.026018,1,1,1,2205.5
drl,5,65,1,15.507,25.089,0.3548,0.3548,50,0,0,50,2,62,0,0.011461,0.008457,0.026603,1,1,1,2205.5
drl,5,66,1,15.447,24.888,0.3545,0.3545,51,0,0,51,2,63,0,0.011523,0.008445,0.026373,1,1,1,2205.5
drl,5,67,1,15.598,24.866,0.3541,0.3541,52,0,0,52,2,64,0,0.011533,0.008913,0.026348,1,1,1,2205.5
drl,5,68,1,15.612,24.871,0.3538,0.3538,52,0,0,52,2,65,0,0.011576,0.008913,0.026348,1,1,1,2205.5
drl,5,69,1,15.546,25.09,0.3535,0.3535,50,0,0,50,2,66,0,0.011576,0.008471,0.026592,1,1,1,2205.5
drl,5,70,1,15.423,24.839,0.3532,0.3532,51,0,0,51,2,67,0,0.011557,0.008397,0.026315,1,1,1,2205.5
drl,5,71,1,15.397,24.812,0.3529,0.3529,52,0,0,52,2,68,0,0.011488,0.008411,0.026292,1,1,1,2205.5
drl,5,72,1,15.426,24.72,0.3526,0.3526,53,0,0,53,2,69,0,0.01171,0.008402,0.026166,1,1,1,2205.5
drl,5,73,1,15.689,24.707,0.3524,0.3524,53,0,0,53,2,70,0,0.011572,0.009329,0.026166,1,1,1,2205.5
drl,5,74,0,15.594,24.451,0.3524,0.3524,50,0,0,50,2,70,0,0.011572,0.009329,0.025882,1,1,1,2205.5
drl,5,75,1,15.818,24.663,0.3521,0.3521,51,0,0,51,2,71,0,0.011493,0.009836,0.026126,1,1,1,2205.5
drl,5,76,1,15.326,24.676,0.3518,0.3518,52,0,0,52,2,72,0,0.011436,0.008394,0.026147,1,1,1,2205.5
drl,5,77,1,15.299,24.524,0.3516,0.3516,50,0,0,50,2,73,0,0.011514,0.008412,0.02597,1,1,1,2205.5
drl,5,78,1,15.415,24.73,0.3513,0.3513,51,0,0,51,2,74,0,0.011613,0.008444,0.026187,1,1,1,2205.5
drl,5,79,1,15.392,24.723,0.3511,0.3511,51,0,0,51,2,75,0,0.011546,0.008444,0.026187,1,1,1,2205.5
drl,5,80,1,15.391,24.604,0.3509,0.3509,52,0,0,52,2,76,0,0.011546,0.008573,0.026055,1,1,1,2205.5
drl,5,81,1,15.393,24.499,0.3506,0.3506,53,0,0,53,2,77,0,0.011589,0.008657,0.025933,1,1,1,2205.5
drl,5,82,1,15.366,24.687,0.3504,0.3504,51,0,0,51,2,78,0,0.011566,0.008388,0.026145,1,1,1,2205.5
drl,5,83,1,15.566,24.42,0.3502,0.3502,52,0,0,52,2,79,0,0.011475,0.009364,0.025858,1,1,1,2205.5
drl,5,84,1,15.336,24.646,0.35,0.35,53,0,0,53,2,80,0,0.011479,0.00842,0.026109,1,1,1,2205.5
drl,5,85,1,15.336,24.646,0.3498,0.3498,53,0,0,53,2,81,0,0.011479,0.00842,0.026109,1,1,1,2205.5
drl,5,86,1,15.229,24.37,0.3496,0.3496,50,0,0,50,2,82,0,0.011494,0.008393,0.025801,1,1,1,2205.5
drl,5,87,1,15.257,24.416,0.3494,0.3494,51,0,0,51,2,83,0,0.011536,0.008388,0.025847,1,1,1,2205.5
drl,5,88,1,15.322,24.53,0.3492,0.3492,52,0,0,52,2,84,0,0.011602,0.008398,0.025966,1,1,1,2205.5
drl,5,89,1,15.287,24.513,0.349,0.349,50,0,0,50,2,85,0,0.011595,0.008318,0.025948,1,1,1,2205.5
drl,5,90,1,15.27,24.498,0.3488,0.3488,50,0,0,50,2,86,0,0.011447,0.008416,0.025948,1,1,1,2205.5
drl,5,91,1,15.318,24.626,0.3487,0.3487,51,0,0,51,2,87,0,0.011447,0.008416,0.02609,1,1,1,2205.5
drl,5,92,1,15.369,24.809,0.3485,0.3485,52,0,0,52,2,88,0,0.011447,0.008366,0.026294,1,1,1,2205.5
drl,5,93,1,15.426,24.58,0.3483,0.3483,53,0,0,53,2,89,0,0.011738,0.008534,0.026007,1,1,1,2205.5
drl,5,94,1,15.627,24.665,0.3481,0.3481,51,0,0,51,2,90,0,0.01147,0.00928,0.026131,1,1,1,2205.5
drl,5,95,1,15.677,24.951,0.348,0.348,52,0,0,52,2,91,0,0.011547,0.009043,0.02644,1,1,1,2205.5
drl,5,96,1,15.677,24.951,0.3478,0.3478,52,0,0,52,2,92,0,0.011547,0.009043,0.02644,1,1,1,2205.5
drl,5,97,1,15.384,24.873,0.3477,0.3477,53,0,0,53,2,93,0,0.011458,0.00833,0.026364,1,1,1,2205.5
drl,5,98,1,15.359,24.683,0.3475,0.3475,50,0,0,50,2,94,0,0.011522,0.008409,0.026145,1,1,1,2205.5
drl,5,99,1,15.353,24.733,0.3474,0.3474,51,0,0,51,2,95,0,0.011466,0.008386,0.026207,1,1,1,2205.5
drl,5,100,1,15.278,24.445,0.3472,0.3472,52,0,0,52,2,96,0,0.011431,0.008512,0.025891,1,1,1,2205.5
drl,5,101,1,15.331,24.463,0.3471,0.3471,52,0,0,52,2,97,0,0.011609,0.008492,0.025891,1,1,1,2205.5
drl,5,102,1,15.576,25.125,0.3469,0.3469,50,0,0,50,2,98,0,0.011609,0.008492,0.026627,1,1,1,2205.5
drl,5,103,1,15.661,25.32,0.3468,0.3468,51,0,0,51,2,99,0,0.011757,0.0084,0.026827,1,1,1,2205.5
drl,5,104,1,15.424,24.59,0.3467,0.3467,52,0,0,52,2,100,0,0.011805,0.008456,0.026011,1,1,1,2205.5
drl,5,105,1,15.441,24.825,0.3465,0.3465,53,0,0,53,2,101,0,0.011684,0.008354,0.026285,1,1,1,2205.5
drl,5,106,1,15.402,24.641,0.3464,0.3464,50,0,0,50,2,102,0,0.011606,0.008511,0.026089,1,1,1,2205.5
drl,5,107,1,15.39,24.637,0.3463,0.3463,50,0,0,50,2,103,0,0.01157,0.008511,0.026089,1,1,1,2205.5
drl,5,108,1,15.362,24.658,0.3461,0.3461,51,0,0,51,2,104,0,0.01157,0.008404,0.026112,1,1,1,2205.5
drl,5,109,1,15.268,24.371,0.346,0.346,52,0,0,52,2,105,0,0.011559,0.008451,0.025795,1,1,1,2205.5
drl,5,110,1,15.418,24.489,0.3459,0.3459,50,0,0,50,2,106,0,0.011525,0.0088,0.025929,1,1,1,2205.5
drl,5,111,1,15.353,24.685,0.3458,0.3458,51,0,0,51,2,107,0,0.011501,0.008408,0.02615,1,1,1,2205.5
drl,5,112,1,15.364,24.627,0.3457,0.3457,52,0,0,52,2,108,0,0.011582,0.008434,0.026077,1,1,1,2205.5
drl,5,113,1,15.364,24.627,0.3456,0.3456,52,0,0,52,2,109,0,0.011582,0.008434,0.026077,1,1,1,2205.5
drl,5,114,1,15.437,24.862,0.3455,0.3455,50,0,0,50,2,110,0,0.011542,0.008428,0.026342,1,1,1,2205.5
drl,5,115,0,15.388,24.694,0.3455,0.3455,51,0,0,51,2,110,0,0.011559,0.00845,0.026154,1,1,1,2205.5
drl,5,116,1,15.302,24.501,0.3453,0.3453,52,0,0,52,2,111,0,0.011554,0.008411,0.02594,1,1,1,2205.5
drl,5,117,1,15.414,24.806,0.3452,0.3452,53,0,0,53,2,112,0,0.011518,0.008441,0.026283,1,1,1,2205.5
drl,5,118,1,15.387,24.801,0.3451,0.3451,53,0,0,53,2,113,0,0.011465,0.008412,0.026283,1,1,1,2205.5
drl,5,119,1,15.159,24.186,0.345,0.345,50,0,0,50,2,114,0,0.011465,0.008412,0.025599,1,1,1,2205.5
drl,6,0,0,15.499,24.961,1.0,1.0,0,0,0,0,0,0,0,0.011508,0.008532,0.026456,1,1,1,2441.4
drl,6,1,1,15.598,25.206,0.3333,0.3333,53,0,0,53,1,0,0,0.011566,0.008506,0.026722,1,1,1,2441.4
drl,6,2,1,15.491,24.948,0.6667,0.6667,51,0,0,51,1,1,0,0.011628,0.008416,0.026428,1,1,1,2441.4
drl,6,3,1,15.423,24.732,0.6,0.6,52,0,0,52,1,2,0,0.01156,0.008514,0.026196,1,1,1,2441.4
drl,6,4,1,15.421,24.74,0.5333,0.5333,52,0,0,52,1,3,0,0.011638,0.00843,0.026196,1,1,1,2441.4
drl,6,5,1,15.373,24.609,0.4902,0.4902,53,0,0,53,1,4,0,0.011638,0.00843,0.02605,1,1,1,2441.4
drl,6,6,1,15.477,24.771,0.4615,0.4615,50,0,0,50,1,5,0,0.011473,0.008711,0.026248,1,1,1,2441.4
drl,6,7,1,15.391,24.697,0.4414,0.4414,51,0,0,51,1,6,0,0.01157,0.008449,0.026155,1,1,1,2441.4
drl,6,8,1,15.835,25.039,0.4267,0.4267,52,0,0,52,1,7,0,0.011646,0.009333,0.026527,1,1,1,2441.4
drl,6,9,1,15.429,24.765,0.4154,0.4154,50,0,0,50,1,8,0,0.011537,0.008515,0.026235,1,1,1,2441.4
drl,6,10,1,15.462,24.775,0.4065,0.4065,50,0,0,50,1,9,0,0.011636,0.008515,0.026235,1,1,1,2441.4
drl,6,11,1,15.535,24.614,0.3993,0.3993,51,0,0,51,1,10,0,0.011636,0.008912,0.026056,1,1,1,2441.4
drl,6,12,1,15.675,24.303,0.3934,0.3934,52,0,0,52,1,11,0,0.011927,0.00942,0.025678,1,1,1,2441.4
drl,6,13,1,15.386,24.521,0.3885,0.3885,53,0,0,53,1,12,0,0.011749,0.008469,0.02594,1,1,1,2441.4
drl,6,14,1,15.346,24.668,0.3843,0.3843,51,0,0,51,1,13,0,0.011511,0.008397,0.02613,1,1,1,2441.4
drl,6,15,1,15.406,24.758,0.3807,0.3807,52,0,0,52,1,14,0,0.011545,0.008446,0.026226,1,1,1,2441.4
drl,6,16,1,15.406,24.758,0.3776,0.3776,52,0,0,52,1,15,0,0.011545,0.008446,0.026226,1,1,1,2441.4
drl,6,17,1,15.512,25.056,0.3748,0.3748,53,0,0,53,1,16,0,0.011502,0.008471,0.026562,1,1,1,2441.4
drl,6,18,1,15.432,24.831,0.3724,0.3724,50,0,0,50,1,17,0,0.011571,0.00842,0.026304,1,1,1,2441.4
drl,6,19,1,15.457,24.528,0.3703,0.3703,51,0,0,51,1,18,0,0.011491,0.008903,0.025977,1,1,1,2441.4
drl,6,20,1,15.542,25.099,0.3683,0.3683,52,0,0,52,1,19,0,0.011575,0.00845,0.026602,1,1,1,2441.4
drl,6,21,1,15.6,25.124,0.3666,0.3666,52,0,0,52,1,20,0,0.011819,0.008379,0.026602,1,1,1,2441.4
drl,6,22,1,15.358,24.471,0.365,0.365,50,0,0,50,1,21,0,0.011819,0.008379,0.025877,1,1,1,2441.4
drl,6,23,1,15.397,24.735,0.3636,0.3636,51,0,0,51,1,22,0,0.011635,0.008365,0.02619,1,1,1,2441.4
drl,6,24,1,15.4,24.671,0.3623,0.3623,52,0,0,52,1,23,0,0.011653,0.00843,0.026117,1,1,1,2441.4
drl,6,25,1,15.448,24.765,0.3611,0.3611,53,0,0,53,1,24,0,0.011742,0.00839,0.026212,1,1,1,2441.4
drl,6,26,1,15.348,24.653,0.36,0.36,50,0,0,50,1,25,0,0.011522,0.008409,0.026112,1,1,1,2441.4
drl,6,27,1,15.331,24.648,0.3589,0.3589,50,0,0,50,1,26,0,0.011471,0.008409,0.026112,1,1,1,2441.4
drl,6,28,1,15.407,24.707,0.358,0.358,50,0,0,50,1,27,0,0.011471,0.008572,0.026178,1,1,1,2441.4
drl,6,29,1,15.384,24.612,0.3571,0.3571,51,0,0,51,1,28,0,0.011613,0.008484,0.026056,1,1,1,2441.4
drl,6,30,1,15.369,24.643,0.3563,0.3563,48,0,0,48,1,29,0,0.011554,0.008455,0.026097,1,1,1,2441.4
drl,6,31,1,15.329,24.58,0.3555,0.3555,49,0,0,49,1,30,0,0.011576,0.008386,0.026025,1,1,1,2441.4
drl,6,32,1,15.432,24.803,0.3548,0.3548,50,0,0,50,1,31,0,0.011525,0.008494,0.026278,1,1,1,2441.4
drl,6,33,1,15.432,24.803,0.3541,0.3541,50,0,0,50,1,32,0,0.011525,0.008494,0.026278,1,1,1,2441.4
drl,6,34,1,15.268,24.462,0.3535,0.3535,49,0,0,49,1,33,0,0.011588,0.008322,0.025893,1,1,1,2441.4
drl,6,35,1,15.389,24.795,0.3529,0.3529,50,0,0,50,1,34,0,0.011529,0.00837,0.026269,1,1,1,2441.4
drl,6,36,1,15.572,24.953,0.3524,0.3524,51,0,0,51,1,35,0,0.011724,0.008568,0.026423,1,1,1,2441.4
drl,6,37,1,15.667,25.383,0.3518,0.3518,52,0,0,52,1,36,0,0.011553,0.008527,0.02692,1,1,1,2441.4
drl,6,38,1,15.73,25.397,0.3513,0.3513,52,0,0,52,1,37,0,0.011686,0.008583,0.02692,1,1,1,2441.4
drl,6,39,1,15.614,25.084,0.3509,0.3509,50,0,0,50,1,38,0,0.011686,0.008583,0.026573,1,1,1,2441.4
drl,6,40,1,15.315,24.664,0.3504,0.3504,51,0,0,51,1,39,0,0.011469,0.008345,0.02613,1,1,1,2441.4
drl,6,41,1,15.423,24.738,0.35,0.35,52,0,0,52,1,40,0,0.011495,0.008565,0.02621,1,1,1,2441.4
drl,6,42,0,15.525,24.797,0.35,0.35,50,0,0,50,1,40,0,0.011509,0.008792,0.026274,1,1,1,2441.4
drl,6,43,1,15.32,24.534,0.3496,0.3496,51,0,0,51,1,41,0,0.011623,0.008369,0.025969,1,1,1,2441.4
drl,6,44,1,15.32,24.534,0.3492,0.3492,51,0,0,51,1,42,0,0.011623,0.008369,0.025969,1,1,1,2441.4
drl,6,45,1,15.499,24.805,0.3488,0.3488,52,0,0,52,1,43,0,0.011486,0.008726,0.026285,1,1,1,2441.4
drl,6,46,1,15.351,24.618,0.3485,0.3485,53,0,0,53,1,44,0,0.011566,0.008419,0.026068,1,1,1,2441.4
drl,6,47,1,15.313,24.637,0.3481,0.3481,51,0,0,51,1,45,0,0.011504,0.00834,0.026096,1,1,1,2441.4
drl,6,48,1,15.545,25.183,0.3478,0.3478,52,0,0,52,1,46,0,0.011608,0.008336,0.026691,1,1,1,2441.4
drl,6,49,1,15.589,25.186,0.3475,0.3475,52,0,0,52,1,47,0,0.011645,0.00843,0.026691,1,1,1,2441.4
drl,6,50,1,15.357,24.562,0.3472,0.3472,53,0,0,53,1,48,0,0.011645,0.00843,0.025997,1,1,1,2441.4
drl,6,51,1,15.211,24.168,0.3469,0.3469,50,0,0,50,1,49,0,0.011492,0.008564,0.025576,1,1,1,2441.4
drl,6,52,1,15.311,24.592,0.3467,0.3467,51,0,0,51,1,50,0,0.011469,0.008414,0.02605,1,1,1,2441.4
drl,6,53,1,15.152,24.221,0.3464,0.3464,52,0,0,52,1,51,0,0.011445,0.008369,0.025641,1,1,1,2441.4
drl,6,54,1,15.314,24.482,0.3461,0.3461,50,0,0,50,1,52,0,0.011537,0.008486,0.02592,1,1,1,2441.4
drl,6,55,1,15.335,24.488,0.3459,0.3459,50,0,0,50,1,53,0,0.011599,0.008486,0.02592,1,1,1,2441.4
drl,6,56,1,15.358,24.589,0.3457,0.3457,51,0,0,51,1,54,0,0.011599,0.008442,0.026032,1,1,1,2441.4
drl,6,57,1,15.289,24.653,0.3455,0.3455,52,0,0,52,1,55,0,0.011491,0.008261,0.026116,1,1,1,2441.4
drl,6,58,1,15.468,24.661,0.3452,0.3452,53,0,0,53,1,56,0,0.011651,0.008645,0.026107,1,1,1,2441.4
drl,6,59,1,15.358,24.683,0.345,0.345,51,0,0,51,1,57,0,0.011528,0.0084,0.026145,1,1,1,2441.4
drl,6,60,1,15.295,24.499,0.3448,0.3448,52,0,0,52,1,58,0,0.011545,0.008403,0.025938,1,1,1,2441.4
drl,6,61,1,15.295,24.499,0.3446,0.3446,52,0,0,52,1,59,0,0.011545,0.008403,0.025938,1,1,1,2441.4
drl,6,62,1,15.307,24.516,0.3444,0.3444,53,0,0,53,1,60,0,0.011507,0.008452,0.025961,1,1,1,2441.4
drl,6,63,1,15.386,24.71,0.3443,0.3443,50,0,0,50,1,61,0,0.011613,0.00838,0.026165,1,1,1,2441.4
drl,6,64,1,15.389,24.787,0.3441,0.3441,51,0,0,51,1,62,0,0.011484,0.008417,0.026265,1,1,1,2441.4
drl,6,65,1,15.123,24.057,0.3439,0.3439,52,0,0,52,1,63,0,0.011515,0.008404,0.025451,1,1,1,2441.4
drl,6,66,1,15.115,24.058,0.3437,0.3437,52,0,0,52,1,64,0,0.011524,0.00837,0.025451,1,1,1,2441.4
drl,6,67,1,15.356,24.709,0.3436,0.3436,50,0,0,50,1,65,0,0.011524,0.00837,0.026174,1,1,1,2441.4
drl,6,68,1,15.532,24.907,0.3434,0.3434,51,0,0,51,1,66,0,0.011721,0.008502,0.026372,1,1,1,2441.4
drl,6,69,1,15.392,24.537,0.3433,0.3433,52,0,0,52,1,67,0,0.011757,0.008463,0.025957,1,1,1,2441.4
drl,6,70,1,15.267,24.456,0.3431,0.3431,53,0,0,53,1,68,0,0.011554,0.008357,0.02589,1,1,1,2441.4
drl,6,71,1,15.829,24.626,0.343,0.343,51,0,0,51,1,69,0,0.011469,0.00993,0.026088,1,1,1,2441.4
drl,6,72,1,15.839,24.629,0.3429,0.3429,51,0,0,51,1,70,0,0.011499,0.00993,0.026088,1,1,1,2441.4
drl,6,73,1,15.253,24.396,0.3427,0.3427,52,0,0,52,1,71,0,0.011499,0.00843,0.025829,1,1,1,2441.4
drl,6,74,1,15.364,24.673,0.3426,0.3426,53,0,0,53,1,72,0,0.011529,0.00843,0.026133,1,1,1,2441.4
drl,6,75,1,15.199,24.228,0.3425,0.3425,50,0,0,50,1,73,0,0.011512,0.008443,0.025641,1,1,1,2441.4
drl,6,76,1,15.457,24.738,0.3423,0.3423,51,0,0,51,1,74,0,0.011655,0.008525,0.026192,1,1,1,2441.4
drl,6,77,1,15.409,24.717,0.3422,0.3422,52,0,0,52,1,75,0,0.011606,0.008446,0.026174,1,1,1,2441.4
drl,6,78,1,15.409,24.717,0.3421,0.3421,52,0,0,52,1,76,0,0.011606,0.008446,0.026174,1,1,1,2441.4
drl,6,79,1,15.564,24.405,0.342,0.342,50,0,0,50,1,77,0,0.011558,0.009301,0.025833,1,1,1,2441.4
drl,6,80,1,15.555,24.991,0.3419,0.3419,51,0,0,51,1,78,0,0.011558,0.008622,0.026484,1,1,1,2441.4
drl,6,81,1,15.586,25.068,0.3418,0.3418,52,0,0,52,1,79,0,0.011835,0.008386,0.026538,1,1,1,2441.4
drl,6,82,1,15.747,25.338,0.3417,0.3417,53,0,0,53,1,80,0,0.011789,0.008609,0.026843,1,1,1,2441.4
drl,6,83,0,15.569,25.308,0.3417,0.3417,53,0,0,53,1,80,0,0.011495,0.008369,0.026843,1,1,1,2441.4
drl,6,84,1,15.325,24.648,0.3416,0.3416,50,0,0,50,1,81,0,0.011495,0.008369,0.02611,1,1,1,2441.4
drl,6,85,1,15.701,25.314,0.3415,0.3415,51,0,0,51,1,82,0,0.011858,0.008437,0.026809,1,1,1,2441.4
drl,6,86,1,15.42,24.753,0.3414,0.3414,52,0,0,52,1,83,0,0.011573,0.00847,0.026217,1,1,1,2441.4
drl,6,87,1,15.413,24.648,0.3413,0.3413,50,0,0,50,1,84,0,0.011536,0.008597,0.026105,1,1,1,2441.4
drl,6,88,2,15.458,24.975,0.3411,0.3411,51,0,0,51,1,86,0,0.011507,0.008394,0.026472,1,1,1,2441.4
drl,6,89,0,15.485,24.984,0.3411,0.3411,51,0,0,51,1,86,0,0.01159,0.008394,0.026472,1,1,1,2441.4
drl,6,90,1,15.334,24.437,0.341,0.341,52,0,0,52,1,87,0,0.01159,0.008547,0.025865,1,1,1,2441.4
drl,6,91,1,15.364,24.499,0.3409,0.3409,53,0,0,53,1,88,0,0.011771,0.008409,0.025913,1,1,1,2441.4
drl,6,92,1,15.451,24.735,0.3408,0.3408,51,0,0,51,1,89,0,0.011742,0.008433,0.026179,1,1,1,2441.4
drl,6,93,1,15.425,24.717,0.3407,0.3407,52,0,0,52,1,90,0,0.011523,0.00857,0.026183,1,1,1,2441.4
drl,6,94,1,15.425,24.83,0.3407,0.3407,53,0,0,53,1,91,0,0.01162,0.008356,0.026298,1,1,1,2441.4
drl,6,95,1,15.418,24.828,0.3406,0.3406,53,0,0,53,1,92,0,0.011599,0.008356,0.026298,1,1,1,2441.4
drl,6,96,1,15.514,24.783,0.3405,0.3405,50,0,0,50,1,93,0,0.011599,0.008694,0.026248,1,1,1,2441.4
drl,6,97,1,15.532,25.031,0.3404,0.3404,51,0,0,51,1,94,0,0.011449,0.008606,0.02654,1,1,1,2441.4
drl,6,98,1,15.389,24.728,0.3404,0.3404,52,0,0,52,1,95,0,0.011575,0.008404,0.026189,1,1,1,2441.4
drl,6,99,1,15.273,24.463,0.3403,0.3403,50,0,0,50,1,96,0,0.011508,0.00841,0.025902,1,1,1,2441.4
drl,6,100,1,15.353,24.666,0.3402,0.3402,51,0,0,51,1,97,0,0.011518,0.008414,0.026127,1,1,1,2441.4
drl,6,101,1,15.353,24.666,0.3401,0.3401,51,0,0,51,1,98,0,0.011518,0.008414,0.026127,1,1,1,2441.4
drl,6,102,1,15.932,25.407,0.3401,0.3401,52,0,0,52,1,99,0,0.011656,0.009204,0.026935,1,1,1,2441.4
drl,6,103,1,15.64,25.193,0.34,0.34,53,0,0,53,1,100,0,0.011623,0.008595,0.026701,1,1,1,2441.4
drl,6,104,1,15.295,24.462,0.3399,0.3399,51,0,0,51,1,101,0,0.011532,0.008455,0.025899,1,1,1,2441.4
drl,6,105,1,15.526,25.157,0.3399,0.3399,52,0,0,52,1,102,0,0.011499,0.008405,0.026675,1,1,1,2441.4
drl,6,106,1,15.535,25.158,0.3398,0.3398,52,0,0,52,1,103,0,0.011508,0.008421,0.026675,1,1,1,2441.4
drl,6,107,1,15.337,24.625,0.3397,0.3397,53,0,0,53,1,104,0,0.011508,0.008421,0.026083,1,1,1,2441.4
drl,6,108,1,15.567,25.217,0.3397,0.3397,50,0,0,50,1,105,0,0.011557,0.00841,0.026735,1,1,1,2441.4
drl,6,109,1,15.677,24.711,0.3396,0.3396,51,0,0,51,1,106,0,0.011526,0.009328,0.026176,1,1,1,2441.4
drl,6,110,1,15.494,24.754,0.3396,0.3396,52,0,0,52,1,107,0,0.0118,0.008488,0.026193,1,1,1,2441.4
drl,6,111,1,15.307,24.537,0.3395,0.3395,50,0,0,50,1,108,0,0.011555,0.008385,0.02598,1,1,1,2441.4
drl,6,112,1,15.399,24.565,0.3394,0.3394,50,0,0,50,1,109,0,0.011832,0.008385,0.02598,1,1,1,2441.4
drl,6,113,1,15.531,24.881,0.3394,0.3394,51,0,0,51,1,110,0,0.011832,0.00843,0.026331,1,1,1,2441.4
drl,6,114,1,15.36,24.654,0.3393,0.3393,52,0,0,52,1,111,0,0.011615,0.008363,0.026103,1,1,1,2441.4
drl,6,115,1,15.321,24.696,0.3393,0.3393,53,0,0,53,1,112,0,0.011461,0.008334,0.026167,1,1,1,2441.4
drl,6,116,1,15.58,24.921,0.3392,0.3392,51,0,0,51,1,113,0,0.011964,0.008415,0.026361,1,1,1,2441.4
drl,6,117,1,15.297,24.295,0.3392,0.3392,52,0,0,52,1,114,0,0.011713,0.008485,0.025693,1,1,1,2441.4
drl,6,118,1,15.297,24.295,0.3391,0.3391,52,0,0,52,1,115,0,0.011713,0.008485,0.025693,1,1,1,2441.4
drl,6,119,1,15.42,24.854,0.3391,0.3391,53,0,0,53,1,116,0,0.011479,0.00844,0.02634,1,1,1,2441.4
drl,7,0,0,15.468,24.822,1.0,1.0,0,0,0,0,0,0,0,0.011491,0.00861,0.026303,1,1,1,2402.5
drl,7,1,1,15.759,24.988,0.3333,0.3333,53,0,0,53,1,0,0,0.012502,0.0084,0.026375,1,1,1,2402.5
drl,7,2,1,15.692,25.286,0.6667,0.6667,50,0,0,50,1,1,0,0.011717,0.008564,0.026794,1,1,1,2402.5
drl,7,3,1,15.576,25.272,0.6,0.6,50,0,0,50,1,2,0,0.011576,0.008357,0.026794,1,1,1,2402.5
drl,7,4,1,15.385,24.756,0.5333,0.5333,51,0,0,51,1,3,0,0.011576,0.008357,0.026221,1,1,1,2402.5
drl,7,5,1,15.518,24.966,0.4902,0.4902,52,0,0,52,1,4,0,0.011688,0.008426,0.026441,1,1,1,2402.5
drl,7,6,1,15.414,24.689,0.4615,0.4615,50,0,0,50,1,5,0,0.011653,0.008451,0.026138,1,1,1,2402.5
drl,7,7,1,15.409,24.903,0.4414,0.4414,51,0,0,51,1,6,0,0.01147,0.008361,0.026396,1,1,1,2402.5
drl,7,8,1,15.56,25.018,0.4267,0.4267,52,0,0,52,1,7,0,0.011781,0.008409,0.026489,1,1,1,2402.5
drl,7,9,1,15.487,24.996,0.4154,0.4154,52,0,0,52,1,8,0,0.01156,0.008413,0.026489,1,1,1,2402.5
drl,7,10,1,15.348,24.619,0.4065,0.4065,53,0,0,53,1,9,0,0.01156,0.008413,0.02607,1,1,1,2402.5
drl,7,11,1,15.525,25.049,0.3993,0.3993,51,0,0,51,1,10,0,0.011642,0.008395,0.026539,1,1,1,2402.5
drl,7,12,1,15.758,24.937,0.3934,0.3934,52,0,0,52,1,11,0,0.011636,0.009222,0.026415,1,1,1,2402.5
drl,7,13,1,15.399,24.768,0.3885,0.3885,53,0,0,53,1,12,0,0.011519,0.008438,0.02624,1,1,1,2402.5
drl,7,14,1,15.552,24.988,0.3843,0.3843,50,0,0,50,1,13,0,0.011771,0.00843,0.026456,1,1,1,2402.5
drl,7,15,1,15.474,24.964,0.3807,0.3807,50,0,0,50,1,14,0,0.011536,0.00843,0.026456,1,1,1,2402.5
drl,7,16,1,15.342,24.403,0.3776,0.3776,51,0,0,51,1,15,0,0.011536,0.008656,0.025833,1,1,1,2402.5
drl,7,17,1,15.186,24.223,0.3748,0.3748,52,0,0,52,1,16,0,0.011543,0.008382,0.025632,1,1,1,2402.5
drl,7,18,1,15.601,25.256,0.3724,0.3724,50,0,0,50,1,17,0,0.01163,0.008402,0.02677,1,1,1,2402.5
drl,7,19,1,15.376,24.769,0.3703,0.3703,51,0,0,51,1,18,0,0.011539,0.008351,0.026239,1,1,1,2402.5
drl,7,20,1,15.314,24.564,0.3683,0.3683,52,0,0,52,1,19,0,0.011511,0.008416,0.026014,1,1,1,2402.5
drl,7,21,1,15.314,24.564,0.3666,0.3666,52,0,0,52,1,20,0,0.011511,0.008416,0.026014,1,1,1,2402.5
drl,7,22,1,15.554,25.107,0.365,0.365,53,0,0,53,1,21,0,0.011469,0.008572,0.026622,1,1,1,2402.5
drl,7,23,1,15.367,24.64,0.3636,0.3636,51,0,0,51,1,22,0,0.011552,0.008456,0.026094,1,1,1,2402.5
drl,7,24,1,15.299,24.577,0.3623,0.3623,52,0,0,52,1,23,0,0.011502,0.008365,0.02603,1,1,1,2402.5
drl,7,25,1,15.507,24.957,0.3611,0.3611,53,0,0,53,1,24,0,0.011647,0.008438,0.026436,1,1,1,2402.5
drl,7,26,1,15.488,24.949,0.36,0.36,53,0,0,53,1,25,0,0.011565,0.008463,0.026436,1,1,1,2402.5
drl,7,27,1,15.399,24.708,0.3589,0.3589,50,0,0,50,1,26,0,0.011565,0.008463,0.026168,1,1,1,2402.5
drl,7,28,1,15.423,24.775,0.358,0.358,51,0,0,51,1,27,0,0.011636,0.008399,0.026235,1,1,1,2402.5
drl,7,29,1,15.471,24.573,0.3571,0.3571,52,0,0,52,1,28,0,0.011776,0.008641,0.025995,1,1,1,2402.5
drl,7,30,1,15.227,24.294,0.3563,0.3563,53,0,0,53,1,29,0,0.011519,0.008449,0.025714,1,1,1,2402.5
drl,7,31,1,15.545,25.172,0.3555,0.3555,51,0,0,51,1,30,0,0.011354,0.008574,0.026707,1,1,1,2402.5
drl,7,32,1,15.618,25.194,0.3548,0.3548,51,0,0,51,1,31,0,0.011573,0.008574,0.026707,1,1,1,2402.5
drl,7,33,1,15.637,24.654,0.3541,0.3541,52,0,0,52,1,32,0,0.011573,0.009231,0.026107,1,1,1,2402.5
drl,7,34,1,15.561,24.823,0.3535,0.3535,53,0,0,53,1,33,0,0.012006,0.008429,0.026247,1,1,1,2402.5
drl,7,35,1,15.578,24.892,0.3529,0.3529,50,0,0,50,1,34,0,0.011967,0.008439,0.026328,1,1,1,2402.5
drl,7,36,1,15.649,24.939,0.3524,0.3524,51,0,0,51,1,35,0,0.011515,0.009001,0.026431,1,1,1,2402.5
drl,7,37,1,15.417,24.906,0.3518,0.3518,52,0,0,52,1,36,0,0.011532,0.008327,0.026392,1,1,1,2402.5
drl,7,38,1,15.417,24.906,0.3513,0.3513,52,0,0,52,1,37,0,0.011532,0.008327,0.026392,1,1,1,2402.5
drl,7,39,1,15.521,25.11,0.3509,0.3509,50,0,0,50,1,38,0,0.011599,0.008352,0.026611,1,1,1,2402.5
drl,7,40,1,15.471,24.889,0.3504,0.3504,51,0,0,51,1,39,0,0.011644,0.008408,0.026361,1,1,1,2402.5
drl,7,41,0,15.437,24.961,0.3504,0.3504,52,0,0,52,1,39,0,0.011485,0.008368,0.026458,1,1,1,2402.5
drl,7,42,1,15.546,24.787,0.35,0.35,53,0,0,53,1,40,0,0.011678,0.008717,0.026244,1,1,1,2402.5
drl,7,43,1,15.418,24.77,0.3496,0.3496,53,0,0,53,1,41,0,0.011508,0.008501,0.026244,1,1,1,2402.5
drl,7,44,1,15.234,24.275,0.3492,0.3492,51,0,0,51,1,42,0,0.011508,0.008501,0.025694,1,1,1,2402.5
drl,7,45,1,15.441,24.933,0.3488,0.3488,52,0,0,52,1,43,0,0.011528,0.008373,0.026423,1,1,1,2402.5
drl,7,46,1,15.438,24.941,0.3485,0.3485,53,0,0,53,1,44,0,0.01148,0.008398,0.026437,1,1,1,2402.5
drl,7,47,1,15.32,24.555,0.3481,0.3481,50,0,0,50,1,45,0,0.011561,0.0084,0.025999,1,1,1,2402.5
drl,7,48,1,15.476,25.046,0.3478,0.3478,51,0,0,51,1,46,0,0.011467,0.008405,0.026555,1,1,1,2402.5
drl,7,49,1,15.483,25.048,0.3475,0.3475,51,0,0,51,1,47,0,0.01149,0.008405,0.026555,1,1,1,2402.5
drl,7,50,1,15.251,24.437,0.3472,0.3472,52,0,0,52,1,48,0,0.01149,0.008387,0.025876,1,1,1,2402.5
drl,7,51,1,15.373,24.605,0.3469,0.3469,50,0,0,50,1,49,0,0.011512,0.008548,0.02606,1,1,1,2402.5
drl,7,52,1,15.407,24.854,0.3467,0.3467,51,0,0,51,1,50,0,0.011461,0.008417,0.026342,1,1,1,2402.5
drl,7,53,1,15.339,24.742,0.3464,0.3464,52,0,0,52,1,51,0,0.01148,0.008322,0.026216,1,1,1,2402.5
drl,7,54,1,15.465,24.772,0.3461,0.3461,52,0,0,52,1,52,0,0.011777,0.008402,0.026216,1,1,1,2402.5
drl,7,55,1,15.627,25.21,0.3459,0.3459,53,0,0,53,1,53,0,0.011777,0.008402,0.026703,1,1,1,2402.5
drl,7,56,1,15.385,24.69,0.3457,0.3457,51,0,0,51,1,54,0,0.011467,0.008529,0.026159,1,1,1,2402.5
drl,7,57,1,15.372,24.698,0.3455,0.3455,52,0,0,52,1,55,0,0.011557,0.008402,0.026158,1,1,1,2402.5
drl,7,58,1,15.506,25.107,0.3452,0.3452,53,0,0,53,1,56,0,0.011527,0.008376,0.026616,1,1,1,2402.5
drl,7,59,1,15.294,24.549,0.345,0.345,50,0,0,50,1,57,0,0.011483,0.008398,0.026001,1,1,1,2402.5
drl,7,60,1,15.322,24.557,0.3448,0.3448,50,0,0,50,1,58,0,0.011565,0.008399,0.026001,1,1,1,2402.5
drl,7,61,1,15.371,24.69,0.3446,0.3446,51,0,0,51,1,59,0,0.011565,0.008399,0.026148,1,1,1,2402.5
drl,7,62,1,15.322,24.548,0.3444,0.3444,52,0,0,52,1,60,0,0.011597,0.008382,0.025987,1,1,1,2402.5
drl,7,63,1,15.389,24.63,0.3443,0.3443,53,0,0,53,1,61,0,0.011659,0.008436,0.026071,1,1,1,2402.5
drl,7,64,1,15.576,25.212,0.3441,0.3441,51,0,0,51,1,62,0,0.011593,0.008411,0.026725,1,1,1,2402.5
drl,7,65,1,15.509,24.745,0.3439,0.3439,52,0,0,52,1,63,0,0.011646,0.00868,0.026201,1,1,1,2402.5
drl,7,66,1,15.509,24.745,0.3437,0.3437,52,0,0,52,1,64,0,0.011646,0.00868,0.026201,1,1,1,2402.5
drl,7,67,1,15.452,24.959,0.3436,0.3436,53,0,0,53,1,65,0,0.011471,0.008427,0.026458,1,1,1,2402.5
drl,7,68,1,15.382,24.694,0.3434,0.3434,50,0,0,50,1,66,0,0.011558,0.008434,0.026154,1,1,1,2402.5
drl,7,69,1,15.518,25.06,0.3433,0.3433,51,0,0,51,1,67,0,0.011561,0.008432,0.02656,1,1,1,2402.5
drl,7,70,1,15.52,24.738,0.3431,0.3431,52,0,0,52,1,68,0,0.011862,0.00853,0.026169,1,1,1,2402.5
drl,7,71,1,15.352,24.704,0.343,0.343,52,0,0,52,1,69,0,0.011522,0.008366,0.026169,1,1,1,2402.5
drl,7,72,1,15.462,25.0,0.3429,0.3429,50,0,0,50,1,70,0,0.011522,0.008366,0.026498,1,1,1,2402.5
drl,7,73,1,15.317,24.547,0.3427,0.3427,51,0,0,51,1,71,0,0.011541,0.008417,0.025992,1,1,1,2402.5
drl,7,74,1,15.382,24.568,0.3426,0.3426,52,0,0,52,1,72,0,0.011548,0.008582,0.026015,1,1,1,2402.5
drl,7,75,1,15.3,24.533,0.3425,0.3425,53,0,0,53,1,73,0,0.011523,0.008398,0.025979,1,1,1,2402.5
drl,7,76,1,15.387,24.666,0.3423,0.3423,51,0,0,51,1,74,0,0.01164,0.008407,0.026113,1,1,1,2402.5
drl,7,77,1,15.447,24.684,0.3422,0.3422,51,0,0,51,1,75,0,0.01182,0.008407,0.026113,1,1,1,2402.5
drl,7,78,1,15.407,24.63,0.3421,0.3421,52,0,0,52,1,76,0,0.01182,0.008348,0.026053,1,1,1,2402.5
drl,7,79,1,15.326,24.702,0.342,0.342,53,0,0,53,1,77,0,0.011487,0.00832,0.02617,1,1,1,2402.5
drl,7,80,1,15.47,24.77,0.3419,0.3419,50,0,0,50,1,78,0,0.01158,0.008595,0.026236,1,1,1,2402.5
drl,7,81,1,15.486,24.915,0.3418,0.3418,51,0,0,51,1,79,0,0.011664,0.008407,0.026387,1,1,1,2402.5
drl,7,82,1,16.143,25.69,0.3417,0.3417,52,0,0,52,1,80,0,0.011697,0.009486,0.027245,1,1,1,2402.5
drl,7,83,0,16.143,25.69,0.3417,0.3417,52,0,0,52,1,80,0,0.011697,0.009486,0.027245,1,1,1,2402.5
drl,7,84,1,15.295,24.583,0.3416,0.3416,50,0,0,50,1,81,0,0.011579,0.008278,0.026028,1,1,1,2402.5
drl,7,85,1,15.341,24.651,0.3415,0.3415,51,0,0,51,1,82,0,0.011534,0.008379,0.026109,1,1,1,2402.5
drl,7,86,1,15.544,24.973,0.3414,0.3414,52,0,0,52,1,83,0,0.011768,0.008425,0.02644,1,1,1,2402.5
drl,7,87,1,15.404,24.699,0.3413,0.3413,53,0,0,53,1,84,0,0.011555,0.008497,0.026159,1,1,1,2402.5
drl,7,88,1,15.376,24.696,0.3412,0.3412,53,0,0,53,1,85,0,0.011533,0.008435,0.026159,1,1,1,2402.5
drl,7,89,1,15.293,24.474,0.3411,0.3411,51,0,0,51,1,86,0,0.011533,0.008435,0.025912,1,1,1,2402.5
drl,7,90,1,15.266,24.417,0.341,0.341,52,0,0,52,1,87,0,0.011504,0.008443,0.025852,1,1,1,2402.5
drl,7,91,1,15.487,24.919,0.3409,0.3409,53,0,0,53,1,88,0,0.011636,0.008429,0.026395,1,1,1,2402.5
drl,7,92,1,15.679,24.738,0.3408,0.3408,50,0,0,50,1,89,0,0.011594,0.009243,0.026199,1,1,1,2402.5
drl,7,93,1,15.449,24.886,0.3407,0.3407,51,0,0,51,1,90,0,0.011526,0.008452,0.02637,1,1,1,2402.5
drl,7,94,1,15.546,24.915,0.3407,0.3407,51,0,0,51,1,91,0,0.011815,0.008452,0.02637,1,1,1,2402.5
drl,7,95,1,15.39,24.518,0.3406,0.3406,52,0,0,52,1,92,0,0.011815,0.008427,0.025929,1,1,1,2402.5
drl,7,96,1,15.382,24.747,0.3405,0.3405,50,0,0,50,1,93,0,0.011576,0.00836,0.026211,1,1,1,2402.5
drl,7,97,1,15.432,24.791,0.3404,0.3404,51,0,0,51,1,94,0,0.011662,0.008383,0.02625,1,1,1,2402.5
drl,7,98,1,15.491,24.995,0.3404,0.3404,52,0,0,52,1,95,0,0.011623,0.008368,0.026481,1,1,1,2402.5
drl,7,99,1,15.567,25.005,0.3403,0.3403,52,0,0,52,1,96,0,0.011724,0.008496,0.026481,1,1,1,2402.5
drl,7,100,1,15.455,24.703,0.3402,0.3402,53,0,0,53,1,97,0,0.011724,0.008496,0.026145,1,1,1,2402.5
drl,7,101,1,15.466,24.892,0.3401,0.3401,51,0,0,51,1,98,0,0.01161,0.008419,0.026368,1,1,1,2402.5
drl,7,102,1,15.744,24.819,0.3401,0.3401,52,0,0,52,1,99,0,0.011531,0.009406,0.026295,1,1,1,2402.5
drl,7,103,1,15.339,24.63,0.34,0.34,53,0,0,53,1,100,0,0.011539,0.008393,0.026085,1,1,1,2402.5
drl,7,104,1,15.677,25.602,0.3399,0.3399,50,0,0,50,1,101,0,0.01151,0.008354,0.027168,1,1,1,2402.5
drl,7,105,1,15.725,25.604,0.3399,0.3399,50,0,0,50,1,102,0,0.011531,0.008477,0.027168,1,1,1,2402.5
drl,7,106,1,15.408,24.748,0.3398,0.3398,51,0,0,51,1,103,0,0.011531,0.008477,0.026217,1,1,1,2402.5
drl,7,107,1,15.391,24.758,0.3397,0.3397,52,0,0,52,1,104,0,0.011513,0.008429,0.02623,1,1,1,2402.5
drl,7,108,1,15.47,24.844,0.3397,0.3397,53,0,0,53,1,105,0,0.01167,0.008432,0.026308,1,1,1,2402.5
drl,7,109,1,15.333,24.57,0.3396,0.3396,51,0,0,51,1,106,0,0.011552,0.008431,0.026017,1,1,1,2402.5
drl,7,110,1,15.758,25.163,0.3396,0.3396,52,0,0,52,1,107,0,0.011807,0.00882,0.026647,1,1,1,2402.5
drl,7,111,1,15.758,25.163,0.3395,0.3395,52,0,0,52,1,108,0,0.011807,0.00882,0.026647,1,1,1,2402.5
drl,7,112,1,15.433,24.793,0.3394,0.3394,53,0,0,53,1,109,0,0.011658,0.008388,0.026252,1,1,1,2402.5
drl,7,113,1,15.589,25.106,0.3394,0.3394,50,0,0,50,1,110,0,0.011776,0.008404,0.026587,1,1,1,2402.5
drl,7,114,1,15.45,24.771,0.3393,0.3393,51,0,0,51,1,111,0,0.011709,0.008418,0.026222,1,1,1,2402.5
drl,7,115,1,15.384,24.624,0.3393,0.3393,52,0,0,52,1,112,0,0.011665,0.008422,0.026064,1,1,1,2402.5
drl,7,116,1,15.416,24.624,0.3392,0.3392,52,0,0,52,1,113,0,0.011662,0.008523,0.026064,1,1,1,2402.5
drl,7,117,1,15.516,24.892,0.3392,0.3392,50,0,0,50,1,114,0,0.011662,0.008523,0.026362,1,1,1,2402.5
drl,7,118,1,15.37,24.705,0.3391,0.3391,51,0,0,51,1,115,0,0.011537,0.008406,0.026168,1,1,1,2402.5
drl,7,119,1,15.283,24.531,0.3391,0.3391,52,0,0,52,1,116,0,0.011514,0.008357,0.025977,1,1,1,2402.5
drl,8,0,0,15.552,25.017,1.0,1.0,0,0,0,0,0,0,0,0.011765,0.008401,0.02649,1,1,1,2392.0
drl,8,1,1,15.313,24.54,0.3333,0.3333,52,0,0,52,1,0,0,0.01144,0.008503,0.025995,1,1,1,2392.0
drl,8,2,1,15.311,24.539,0.6667,0.6667,52,0,0,52,1,1,0,0.011436,0.008503,0.025995,1,1,1,2392.0
drl,8,3,1,15.524,25.021,0.6,0.6,50,0,0,50,1,2,0,0.011436,0.008607,0.02653,1,1,1,2392.0
drl,8,4,1,15.623,25.121,0.5333,0.5333,51,0,0,51,1,3,0,0.011632,0.008616,0.02662,1,1,1,2392.0
drl,8,5,1,15.434,24.587,0.4902,0.4902,52,0,0,52,1,4,0,0.01182,0.008476,0.026005,1,1,1,2392.0
drl,8,6,1,15.403,24.907,0.4615,0.4615,53,0,0,53,1,5,0,0.01147,0.00834,0.0264,1,1,1,2392.0
drl,8,7,1,15.483,24.961,0.4414,0.4414,51,0,0,51,1,6,0,0.011512,0.008482,0.026455,1,1,1,2392.0
drl,8,8,1,15.483,24.961,0.4267,0.4267,51,0,0,51,1,7,0,0.011512,0.008482,0.026455,1,1,1,2392.0
drl,8,9,1,15.289,24.437,0.4154,0.4154,52,0,0,52,1,8,0,0.01166,0.008351,0.025857,1,1,1,2392.0
drl,8,10,1,15.21,24.319,0.4065,0.4065,53,0,0,53,1,9,0,0.01154,0.008352,0.025739,1,1,1,2392.0
drl,8,11,1,15.465,24.348,0.3993,0.3993,50,0,0,50,1,10,0,0.011522,0.009101,0.025773,1,1,1,2392.0
drl,8,12,1,15.279,24.529,0.3934,0.3934,51,0,0,51,1,11,0,0.011516,0.008345,0.025975,1,1,1,2392.0
drl,8,13,1,15.284,24.524,0.3885,0.3885,51,0,0,51,1,12,0,0.011469,0.008409,0.025975,1,1,1,2392.0
drl,8,14,1,15.329,24.644,0.3843,0.3843,52,0,0,52,1,13,0,0.011469,0.008409,0.026108,1,1,1,2392.0
drl,8,15,1,15.285,24.513,0.3807,0.3807,50,0,0,50,1,14,0,0.011512,0.008386,0.025958,1,1,1,2392.0
drl,8,16,1,15.343,24.448,0.3776,0.3776,51,0,0,51,1,15,0,0.0117,0.008464,0.025865,1,1,1,2392.0
drl,8,17,1,15.299,24.448,0.3748,0.3748,52,0,0,52,1,16,0,0.011485,0.008525,0.025888,1,1,1,2392.0
drl,8,18,1,15.392,24.818,0.3724,0.3724,53,0,0,53,1,17,0,0.01143,0.008439,0.026306,1,1,1,2392.0
drl,8,19,1,15.414,24.825,0.3703,0.3703,53,0,0,53,1,18,0,0.011497,0.008439,0.026306,1,1,1,2392.0
drl,8,20,1,15.336,24.658,0.3683,0.3683,50,0,0,50,1,19,0,0.011497,0.00839,0.02612,1,1,1,2392.0
drl,8,21,1,15.316,24.522,0.3666,0.3666,51,0,0,51,1,20,0,0.011554,0.008431,0.025963,1,1,1,2392.0
drl,8,22,1,15.498,25.095,0.365,0.365,52,0,0,52,1,21,0,0.011508,0.00838,0.026605,1,1,1,2392.0
drl,8,23,1,15.364,24.739,0.3636,0.3636,50,0,0,50,1,22,0,0.011482,0.008397,0.026212,1,1,1,2392.0
drl,8,24,1,15.467,24.766,0.3623,0.3623,50,0,0,50,1,23,0,0.01175,0.008439,0.026212,1,1,1,2392.0
drl,8,25,1,15.34,24.424,0.3611,0.3611,51,0,0,51,1,24,0,0.01175,0.008439,0.025832,1,1,1,2392.0
drl,8,26,1,15.379,24.541,0.36,0.36,52,0,0,52,1,25,0,0.011483,0.008663,0.025992,1,1,1,2392.0
drl,8,27,1,15.355,24.717,0.3589,0.3589,50,0,0,50,1,26,0,0.011522,0.008361,0.026183,1,1,1,2392.0
drl,8,28,1,15.523,24.966,0.358,0.358,51,0,0,51,1,27,0,0.01158,0.008536,0.026453,1,1,1,2392.0
drl,8,29,1,15.412,24.628,0.3571,0.3571,52,0,0,52,1,28,0,0.011668,0.008499,0.026068,1,1,1,2392.0
drl,8,30,1,15.338,24.612,0.3563,0.3563,52,0,0,52,1,29,0,0.011508,0.008439,0.026068,1,1,1,2392.0
drl,8,31,1,15.4,24.778,0.3555,0.3555,53,0,0,53,1,30,0,0.011508,0.008439,0.026253,1,1,1,2392.0
drl,8,32,1,15.428,24.866,0.3548,0.3548,50,0,0,50,1,31,0,0.011605,0.008338,0.02634,1,1,1,2392.0
drl,8,33,1,15.484,25.031,0.3541,0.3541,51,0,0,51,1,32,0,0.011581,0.008346,0.026526,1,1,1,2392.0
drl,8,34,1,15.437,24.84,0.3535,0.3535,52,0,0,52,1,33,0,0.0115,0.008489,0.026322,1,1,1,2392.0
drl,8,35,1,15.678,25.354,0.3529,0.3529,50,0,0,50,1,34,0,0.011535,0.008609,0.02689,1,1,1,2392.0
drl,8,36,1,15.678,25.354,0.3524,0.3524,50,0,0,50,1,35,0,0.011535,0.008609,0.02689,1,1,1,2392.0
drl,8,37,1,15.504,24.853,0.3518,0.3518,51,0,0,51,1,36,0,0.011554,0.008627,0.026331,1,1,1,2392.0
drl,8,38,1,15.432,24.719,0.3513,0.3513,52,0,0,52,1,37,0,0.011548,0.008565,0.026182,1,1,1,2392.0
drl,8,39,1,15.451,24.903,0.3509,0.3509,53,0,0,53,1,38,0,0.011452,0.008502,0.026398,1,1,1,2392.0
drl,8,40,1,15.363,24.701,0.3504,0.3504,51,0,0,51,1,39,0,0.011547,0.008379,0.026163,1,1,1,2392.0
drl,8,41,1,15.405,24.699,0.35,0.35,51,0,0,51,1,40,0,0.011527,0.008524,0.026163,1,1,1,2392.0
drl,8,42,0,15.471,24.878,0.35,0.35,52,0,0,52,1,40,0,0.011527,0.008524,0.026362,1,1,1,2392.0
drl,8,43,1,15.427,24.652,0.3496,0.3496,53,0,0,53,1,41,0,0.011501,0.008667,0.026113,1,1,1,2392.0
drl,8,44,1,15.424,24.93,0.3492,0.3492,50,0,0,50,1,42,0,0.011474,0.008372,0.026425,1,1,1,2392.0
drl,8,45,1,15.363,24.722,0.3488,0.3488,51,0,0,51,1,43,0,0.011496,0.008401,0.026192,1,1,1,2392.0
drl,8,46,1,15.46,24.978,0.3485,0.3485,52,0,0,52,1,44,0,0.011495,0.008409,0.026476,1,1,1,2392.0
drl,8,47,1,15.464,24.979,0.3481,0.3481,52,0,0,52,1,45,0,0.011507,0.008409,0.026476,1,1,1,2392.0
drl,8,48,1,15.465,24.866,0.3478,0.3478,50,0,0,50,1,46,0,0.011507,0.008539,0.02635,1,1,1,2392.0
drl,8,49,1,15.475,24.981,0.3475,0.3475,51,0,0,51,1,47,0,0.011532,0.008418,0.026475,1,1,1,2392.0
drl,8,50,1,15.441,24.723,0.3472,0.3472,52,0,0,52,1,48,0,0.011767,0.008393,0.026163,1,1,1,2392.0
drl,8,51,1,15.466,24.858,0.3469,0.3469,53,0,0,53,1,49,0,0.011649,0.008423,0.026326,1,1,1,2392.0
drl,8,52,1,15.32,24.639,0.3467,0.3467,51,0,0,51,1,50,0,0.011463,0.008393,0.026103,1,1,1,2392.0
drl,8,53,1,15.32,24.639,0.3464,0.3464,51,0,0,51,1,51,0,0.011463,0.008393,0.026103,1,1,1,2392.0
drl,8,54,1,15.33,24.548,0.3461,0.3461,52,0,0,52,1,52,0,0.011572,0.008429,0.02599,1,1,1,2392.0
drl,8,55,1,15.29,24.511,0.3459,0.3459,53,0,0,53,1,53,0,0.011469,0.008442,0.02596,1,1,1,2392.0
drl,8,56,1,15.5,24.468,0.3457,0.3457,50,0,0,50,1,54,0,0.011515,0.009077,0.025907,1,1,1,2392.0
drl,8,57,1,15.715,25.008,0.3455,0.3455,51,0,0,51,1,55,0,0.011572,0.009072,0.026501,1,1,1,2392.0
drl,8,58,1,15.549,25.014,0.3452,0.3452,51,0,0,51,1,56,0,0.011628,0.008518,0.026501,1,1,1,2392.0
drl,8,59,1,15.457,24.765,0.345,0.345,52,0,0,52,1,57,0,0.011628,0.008518,0.026225,1,1,1,2392.0
drl,8,60,1,15.287,24.526,0.3448,0.3448,50,0,0,50,1,58,0,0.011481,0.008403,0.025976,1,1,1,2392.0
drl,8,61,1,15.453,24.849,0.3446,0.3446,51,0,0,51,1,59,0,0.011709,0.008342,0.026309,1,1,1,2392.0
drl,8,62,1,15.397,24.789,0.3444,0.3444,52,0,0,52,1,60,0,0.01148,0.008444,0.026268,1,1,1,2392.0
drl,8,63,1,15.439,24.778,0.3443,0.3443,53,0,0,53,1,61,0,0.011571,0.0085,0.026246,1,1,1,2392.0
drl,8,64,1,15.433,24.777,0.3441,0.3441,53,0,0,53,1,62,0,0.011552,0.0085,0.026246,1,1,1,2392.0
drl,8,65,1,15.264,24.403,0.3439,0.3439,51,0,0,51,1,63,0,0.011552,0.00841,0.025831,1,1,1,2392.0
drl,8,66,1,15.547,24.648,0.3437,0.3437,52,0,0,52,1,64,0,0.011641,0.008908,0.026093,1,1,1,2392.0
drl,8,67,1,15.411,24.642,0.3436,0.3436,53,0,0,53,1,65,0,0.011743,0.008414,0.026075,1,1,1,2392.0
drl,8,68,1,15.435,24.888,0.3434,0.3434,50,0,0,50,1,66,0,0.011513,0.008417,0.026374,1,1,1,2392.0
drl,8,69,1,15.498,24.895,0.3433,0.3433,50,0,0,50,1,67,0,0.011585,0.008534,0.026374,1,1,1,2392.0
drl,8,70,1,15.584,25.129,0.3431,0.3431,51,0,0,51,1,68,0,0.011585,0.008534,0.026634,1,1,1,2392.0
drl,8,71,1,15.508,24.906,0.343,0.343,52,0,0,52,1,69,0,0.011617,0.008525,0.026383,1,1,1,2392.0
drl,8,72,1,15.428,24.927,0.3429,0.3429,50,0,0,50,1,70,0,0.011514,0.008354,0.026417,1,1,1,2392.0
drl,8,73,1,15.403,24.554,0.3427,0.3427,51,0,0,51,1,71,0,0.011559,0.008652,0.025998,1,1,1,2392.0
drl,8,74,1,15.413,24.725,0.3426,0.3426,52,0,0,52,1,72,0,0.011691,0.008376,0.026173,1,1,1,2392.0
drl,8,75,1,15.398,24.72,0.3425,0.3425,52,0,0,52,1,73,0,0.011644,0.008376,0.026173,1,1,1,2392.0
drl,8,76,1,15.472,24.494,0.3423,0.3423,53,0,0,53,1,74,0,0.011644,0.00885,0.025922,1,1,1,2392.0
drl,8,77,1,15.413,24.548,0.3422,0.3422,50,0,0,50,1,75,0,0.011591,0.008659,0.025988,1,1,1,2392.0
drl,8,78,1,15.445,24.926,0.3421,0.3421,51,0,0,51,1,76,0,0.011641,0.008291,0.026402,1,1,1,2392.0
drl,8,79,1,15.535,24.93,0.342,0.342,52,0,0,52,1,77,0,0.011813,0.008405,0.026387,1,1,1,2392.0
drl,8,80,0,15.383,24.582,0.342,0.342,50,0,0,50,1,77,0,0.011764,0.008378,0.026006,1,1,1,2392.0
drl,8,81,1,15.383,24.582,0.3419,0.3419,50,0,0,50,1,78,0,0.011764,0.008378,0.026006,1,1,1,2392.0
drl,8,82,1,15.203,24.269,0.3418,0.3418,51,0,0,51,1,79,0,0.011452,0.008463,0.025693,1,1,1,2392.0
drl,8,83,1,15.439,24.705,0.3417,0.3417,52,0,0,52,1,80,0,0.01178,0.008395,0.026141,1,1,1,2392.0
drl,8,84,1,15.241,24.395,0.3416,0.3416,53,0,0,53,1,81,0,0.011475,0.008416,0.025831,1,1,1,2392.0
drl,8,85,1,15.506,25.092,0.3415,0.3415,51,0,0,51,1,82,0,0.011534,0.008386,0.026598,1,1,1,2392.0
drl,8,86,1,15.609,25.112,0.3414,0.3414,51,0,0,51,1,83,0,0.011735,0.008495,0.026598,1,1,1,2392.0
drl,8,87,1,15.383,24.5,0.3413,0.3413,52,0,0,52,1,84,0,0.011735,0.008495,0.025918,1,1,1,2392.0
drl,8,88,1,15.4,24.843,0.3412,0.3412,53,0,0,53,1,85,0,0.011485,0.008388,0.026327,1,1,1,2392.0
drl,8,89,1,15.431,24.768,0.3411,0.3411,50,0,0,50,1,86,0,0.011561,0.008495,0.026236,1,1,1,2392.0
drl,8,90,1,15.329,24.558,0.341,0.341,51,0,0,51,1,87,0,0.011521,0.008459,0.026006,1,1,1,2392.0
drl,8,91,1,15.241,24.335,0.3409,0.3409,52,0,0,52,1,88,0,0.011462,0.008496,0.025765,1,1,1,2392.0
drl,8,92,1,15.284,24.348,0.3408,0.3408,52,0,0,52,1,89,0,0.011591,0.008496,0.025765,1,1,1,2392.0
drl,8,93,1,15.47,24.911,0.3407,0.3407,50,0,0,50,1,90,0,0.011591,0.008427,0.026391,1,1,1,2392.0
drl,8,94,1,15.469,24.768,0.3407,0.3407,51,0,0,51,1,91,0,0.011755,0.008439,0.026214,1,1,1,2392.0
drl,8,95,1,15.348,24.685,0.3406,0.3406,52,0,0,52,1,92,0,0.011498,0.008396,0.02615,1,1,1,2392.0
drl,8,96,1,15.598,24.714,0.3405,0.3405,53,0,0,53,1,93,0,0.011535,0.00908,0.026178,1,1,1,2392.0
drl,8,97,1,15.383,24.743,0.3404,0.3404,51,0,0,51,1,94,0,0.011509,0.008428,0.026213,1,1,1,2392.0
drl,8,98,1,15.383,24.743,0.3404,0.3404,51,0,0,51,1,95,0,0.011509,0.008428,0.026213,1,1,1,2392.0
drl,8,99,1,15.404,24.689,0.3403,0.3403,52,0,0,52,1,96,0,0.011572,0.008494,0.026147,1,1,1,2392.0
drl,8,100,1,15.483,25.01,0.3402,0.3402,53,0,0,53,1,97,0,0.011524,0.008416,0.026508,1,1,1,2392.0
drl,8,101,1,15.348,24.582,0.3401,0.3401,50,0,0,50,1,98,0,0.01175,0.008286,0.026008,1,1,1,2392.0
drl,8,102,1,15.39,24.68,0.3401,0.3401,51,0,0,51,1,99,0,0.01161,0.008428,0.026132,1,1,1,2392.0
drl,8,103,1,15.35,24.67,0.34,0.34,51,0,0,51,1,100,0,0.011516,0.008402,0.026132,1,1,1,2392.0
drl,8,104,1,15.307,24.553,0.3399,0.3399,52,0,0,52,1,101,0,0.011516,0.008402,0.026002,1,1,1,2392.0
drl,8,105,1,15.377,24.684,0.3399,0.3399,50,0,0,50,1,102,0,0.011569,0.008421,0.026141,1,1,1,2392.0
drl,8,106,1,15.673,25.151,0.3398,0.3398,51,0,0,51,1,103,0,0.011958,0.008443,0.026617,1,1,1,2392.0
drl,8,107,1,15.363,24.53,0.3397,0.3397,52,0,0,52,1,104,0,0.011737,0.008401,0.025951,1,1,1,2392.0
drl,8,108,1,15.302,24.468,0.3397,0.3397,53,0,0,53,1,105,0,0.011558,0.008445,0.025902,1,1,1,2392.0
drl,8,109,1,15.307,24.469,0.3396,0.3396,53,0,0,53,1,106,0,0.011573,0.008445,0.025902,1,1,1,2392.0
drl,8,110,1,15.415,24.762,0.3396,0.3396,51,0,0,51,1,107,0,0.011573,0.008446,0.026227,1,1,1,2392.0
drl,8,111,1,15.395,24.631,0.3395,0.3395,52,0,0,52,1,108,0,0.011778,0.008347,0.026059,1,1,1,2392.0
drl,8,112,1,15.404,24.728,0.3394,0.3394,53,0,0,53,1,109,0,0.011538,0.008481,0.026194,1,1,1,2392.0
drl,8,113,1,15.407,24.823,0.3394,0.3394,50,0,0,50,1,110,0,0.011567,0.008358,0.026296,1,1,1,2392.0
drl,8,114,1,15.399,24.641,0.3393,0.3393,51,0,0,51,1,111,0,0.011489,0.008607,0.026102,1,1,1,2392.0
drl,8,115,1,15.399,24.641,0.3393,0.3393,51,0,0,51,1,112,0,0.011489,0.008607,0.026102,1,1,1,2392.0
drl,8,116,1,15.563,24.964,0.3392,0.3392,52,0,0,52,1,113,0,0.01164,0.008605,0.026445,1,1,1,2392.0
drl,8,117,1,15.353,24.667,0.3392,0.3392,53,0,0,53,1,114,0,0.01152,0.008412,0.026128,1,1,1,2392.0
drl,8,118,1,15.597,24.94,0.3391,0.3391,51,0,0,51,1,115,0,0.011792,0.008597,0.026401,1,1,1,2392.0
drl,8,119,1,15.245,24.39,0.3391,0.3391,52,0,0,52,1,116,0,0.011491,0.008421,0.025823,1,1,1,2392.0
drl,9,0,0,15.691,25.179,1.0,1.0,0,0,0,0,0,0,0,0.011456,0.008913,0.026704,1,1,1,2325.0
drl,9,1,1,15.326,24.688,0.3333,0.3333,51,0,0,51,1,0,0,0.011456,0.008365,0.026158,1,1,1,2325.0
drl,9,2,1,15.538,24.977,0.6667,0.6667,52,0,0,52,1,1,0,0.01177,0.0084,0.026444,1,1,1,2325.0
drl,9,3,1,15.649,24.627,0.6,0.6,53,0,0,53,1,2,0,0.011491,0.009371,0.026086,1,1,1,2325.0
drl,9,4,1,15.487,24.804,0.5333,0.5333,51,0,0,51,1,3,0,0.011518,0.008664,0.02628,1,1,1,2325.0
drl,9,5,1,15.355,24.663,0.4902,0.4902,52,0,0,52,1,4,0,0.011483,0.008453,0.026128,1,1,1,2325.0
drl,9,6,1,15.355,24.663,0.4615,0.4615,52,0,0,52,1,5,0,0.011483,0.008453,0.026128,1,1,1,2325.0
drl,9,7,1,15.4,24.802,0.4414,0.4414,53,0,0,53,1,6,0,0.011529,0.008394,0.026277,1,1,1,2325.0
drl,9,8,1,15.726,25.541,0.4267,0.4267,50,0,0,50,1,7,0,0.011617,0.008472,0.027088,1,1,1,2325.0
drl,9,9,1,15.601,25.069,0.4154,0.4154,51,0,0,51,1,8,0,0.011789,0.008469,0.026544,1,1,1,2325.0
drl,9,10,1,15.396,24.557,0.4065,0.4065,52,0,0,52,1,9,0,0.011602,0.008591,0.025996,1,1,1,2325.0
drl,9,11,1,15.331,24.538,0.3993,0.3993,52,0,0,52,1,10,0,0.011412,0.008585,0.025996,1,1,1,2325.0
drl,9,12,1,15.386,24.687,0.3934,0.3934,50,0,0,50,1,11,0,0.011412,0.008585,0.026162,1,1,1,2325.0
drl,9,13,1,15.368,24.728,0.3885,0.3885,51,0,0,51,1,12,0,0.011492,0.008412,0.026199,1,1,1,2325.0
drl,9,14,1,15.655,24.688,0.3843,0.3843,52,0,0,52,1,13,0,0.011499,0.009313,0.026153,1,1,1,2325.0
drl,9,15,1,15.456,24.748,0.3807,0.3807,53,0,0,53,1,14,0,0.011675,0.008491,0.026201,1,1,1,2325.0
drl,9,16,1,15.448,24.625,0.3776,0.3776,51,0,0,51,1,15,0,0.011883,0.008419,0.026041,1,1,1,2325.0
drl,9,17,1,15.448,24.625,0.3748,0.3748,51,0,0,51,1,16,0,0.011883,0.008419,0.026041,1,1,1,2325.0
drl,9,18,1,15.433,24.636,0.3724,0.3724,52,0,0,52,1,17,0,0.011805,0.008431,0.026062,1,1,1,2325.0
drl,9,19,1,15.552,24.7,0.3703,0.3703,53,0,0,53,1,18,0,0.012089,0.008467,0.026101,1,1,1,2325.0
drl,9,20,1,15.27,24.385,0.3683,0.3683,50,0,0,50,1,19,0,0.011435,0.008552,0.025824,1,1,1,2325.0
drl,9,21,1,15.69,25.476,0.3666,0.3666,51,0,0,51,1,20,0,0.011626,0.00843,0.027015,1,1,1,2325.0
drl,9,22,1,15.695,25.474,0.365,0.365,51,0,0,51,1,21,0,0.0116,0.008471,0.027015,1,1,1,2325.0
drl,9,23,1,15.677,25.423,0.3636,0.3636,52,0,0,52,1,22,0,0.0116,0.008471,0.026959,1,1,1,2325.0
drl,9,24,1,15.306,24.461,0.3623,0.3623,50,0,0,50,1,23,0,0.011658,0.008377,0.025884,1,1,1,2325.0
drl,9,25,1,15.612,25.11,0.3611,0.3611,51,0,0,51,1,24,0,0.011578,0.008643,0.026614,1,1,1,2325.0
drl,9,26,1,15.417,24.894,0.36,0.36,52,0,0,52,1,25,0,0.011551,0.008323,0.026377,1,1,1,2325.0
drl,9,27,1,15.36,24.597,0.3589,0.3589,53,0,0,53,1,26,0,0.011538,0.008494,0.026048,1,1,1,2325.0
drl,9,28,1,15.492,24.636,0.358,0.358,53,0,0,53,1,27,0,0.011933,0.008494,0.026048,1,1,1,2325.0
drl,9,29,1,15.509,24.78,0.3571,0.3571,51,0,0,51,1,28,0,0.011933,0.008388,0.026207,1,1,1,2325.0
drl,9,30,1,15.434,24.704,0.3563,0.3563,52,0,0,52,1,29,0,0.011515,0.008618,0.02617,1,1,1,2325.0
drl,9,31,1,15.699,24.729,0.3555,0.3555,53,0,0,53,1,30,0,0.011753,0.009172,0.026171,1,1,1,2325.0
drl,9,32,1,15.358,24.592,0.3548,0.3548,50,0,0,50,1,31,0,0.011569,0.008467,0.026039,1,1,1,2325.0
drl,9,33,1,15.337,24.592,0.3541,0.3541,50,0,0,50,1,32,0,0.01157,0.008403,0.026039,1,1,1,2325.0
drl,9,34,1,15.449,24.894,0.3535,0.3535,51,0,0,51,1,33,0,0.01157,0.008403,0.026374,1,1,1,2325.0
drl,9,35,1,15.355,24.536,0.3529,0.3529,52,0,0,52,1,34,0,0.011544,0.008541,0.02598,1,1,1,2325.0
drl,9,36,1,15.322,24.57,0.3524,0.3524,50,0,0,50,1,35,0,0.011494,0.008449,0.026023,1,1,1,2325.0
drl,9,37,1,15.578,24.436,0.3518,0.3518,51,0,0,51,1,36,0,0.011531,0.009333,0.02587,1,1,1,2325.0
drl,9,38,1,15.304,24.517,0.3513,0.3513,52,0,0,52,1,37,0,0.011513,0.008436,0.025962,1,1,1,2325.0
drl,9,39,1,15.258,24.503,0.3509,0.3509,52,0,0,52,1,38,0,0.011377,0.008436,0.025962,1,1,1,2325.0
drl,9,40,1,15.38,24.67,0.3504,0.3504,53,0,0,53,1,39,0,0.011377,0.008615,0.026147,1,1,1,2325.0
drl,9,41,0,15.473,24.935,0.3504,0.3504,50,0,0,50,1,39,0,0.011487,0.008502,0.026429,1,1,1,2325.0
drl,9,42,1,15.391,24.723,0.35,0.35,51,0,0,51,1,40,0,0.011579,0.00841,0.026184,1,1,1,2325.0
drl,9,43,1,15.332,24.654,0.3496,0.3496,52,0,0,52,1,41,0,0.011467,0.00841,0.026119,1,1,1,2325.0
drl,9,44,1,15.382,24.638,0.3492,0.3492,50,0,0,50,1,42,0,0.011608,0.008453,0.026086,1,1,1,2325.0
drl,9,45,1,15.382,24.638,0.3488,0.3488,50,0,0,50,1,43,0,0.011608,0.008453,0.026086,1,1,1,2325.0
drl,9,46,1,15.422,24.772,0.3485,0.3485,51,0,0,51,1,44,0,0.0116,0.008429,0.026236,1,1,1,2325.0
drl,9,47,1,15.486,25.038,0.3481,0.3481,52,0,0,52,1,45,0,0.011499,0.008418,0.026542,1,1,1,2325.0
drl,9,48,1,15.443,24.869,0.3478,0.3478,53,0,0,53,1,46,0,0.011554,0.008427,0.026349,1,1,1,2325.0
drl,9,49,1,15.443,24.795,0.3475,0.3475,51,0,0,51,1,47,0,0.011521,0.008539,0.02627,1,1,1,2325.0
drl,9,50,1,15.401,24.799,0.3472,0.3472,51,0,0,51,1,48,0,0.011557,0.008376,0.02627,1,1,1,2325.0
drl,9,51,1,15.339,24.631,0.3469,0.3469,52,0,0,52,1,49,0,0.011557,0.008376,0.026084,1,1,1,2325.0
drl,9,52,1,15.708,24.864,0.3467,0.3467,53,0,0,53,1,50,0,0.011549,0.009233,0.026343,1,1,1,2325.0
drl,9,53,1,15.304,24.575,0.3464,0.3464,50,0,0,50,1,51,0,0.011476,0.008405,0.026031,1,1,1,2325.0
drl,9,54,1,15.284,24.523,0.3461,0.3461,51,0,0,51,1,52,0,0.011521,0.008364,0.025968,1,1,1,2325.0
drl,9,55,1,15.546,25.148,0.3459,0.3459,52,0,0,52,1,53,0,0.01163,0.008357,0.02665,1,1,1,2325.0
drl,9,56,1,15.513,25.138,0.3457,0.3457,52,0,0,52,1,54,0,0.011533,0.008357,0.02665,1,1,1,2325.0
drl,9,57,1,15.426,24.885,0.3455,0.3455,50,0,0,50,1,55,0,0.011533,0.008377,0.026369,1,1,1,2325.0
drl,9,58,1,15.634,25.362,0.3452,0.3452,51,0,0,51,1,56,0,0.011579,0.008429,0.026893,1,1,1,2325.0
drl,9,59,1,15.427,24.707,0.345,0.345,52,0,0,52,1,57,0,0.011775,0.008363,0.026144,1,1,1,2325.0
drl,9,60,1,15.707,24.595,0.3448,0.3448,53,0,0,53,1,58,0,0.011596,0.009485,0.026039,1,1,1,2325.0
drl,9,61,1,15.432,24.347,0.3446,0.3446,51,0,0,51,1,59,0,0.011617,0.008917,0.025762,1,1,1,2325.0
drl,9,62,1,15.432,24.347,0.3444,0.3444,51,0,0,51,1,60,0,0.011617,0.008917,0.025762,1,1,1,2325.0
drl,9,63,1,15.423,24.837,0.3443,0.3443,52,0,0,52,1,61,0,0.011545,0.00841,0.026314,1,1,1,2325.0
drl,9,64,1,15.475,24.802,0.3441,0.3441,53,0,0,53,1,62,0,0.011719,0.008449,0.026256,1,1,1,2325.0
drl,9,65,1,15.544,25.032,0.3439,0.3439,50,0,0,50,1,63,0,0.01166,0.008453,0.026518,1,1,1,2325.0
drl,9,66,1,15.359,24.752,0.3437,0.3437,51,0,0,51,1,64,0,0.011414,0.008429,0.026234,1,1,1,2325.0
drl,9,67,1,15.398,24.756,0.3436,0.3436,51,0,0,51,1,65,0,0.011457,0.008504,0.026234,1,1,1,2325.0
drl,9,68,1,15.207,24.24,0.3434,0.3434,52,0,0,52,1,66,0,0.011457,0.008504,0.02566,1,1,1,2325.0
drl,9,69,1,15.329,24.529,0.3433,0.3433,50,0,0,50,1,67,0,0.011526,0.008488,0.025974,1,1,1,2325.0
drl,9,70,1,15.626,24.613,0.3431,0.3431,51,0,0,51,1,68,0,0.011576,0.009241,0.026062,1,1,1,2325.0
drl,9,71,1,15.659,25.37,0.343,0.343,52,0,0,52,1,69,0,0.011665,0.008419,0.026893,1,1,1,2325.0
drl,9,72,1,15.785,25.715,0.3429,0.3429,53,0,0,53,1,70,0,0.01163,0.008444,0.02728,1,1,1,2325.0
drl,9,73,1,15.785,25.715,0.3427,0.3427,53,0,0,53,1,71,0,0.01163,0.008444,0.02728,1,1,1,2325.0
drl,9,74,1,15.484,24.685,0.3426,0.3426,51,0,0,51,1,72,0,0.011618,0.008698,0.026137,1,1,1,2325.0
drl,9,75,1,15.584,25.135,0.3425,0.3425,52,0,0,52,1,73,0,0.01157,0.008539,0.026642,1,1,1,2325.0
drl,9,76,1,15.657,25.277,0.3423,0.3423,53,0,0,53,1,74,0,0.011603,0.008571,0.026796,1,1,1,2325.0
drl,9,77,1,15.363,24.735,0.3422,0.3422,50,0,0,50,1,75,0,0.011497,0.008385,0.026206,1,1,1,2325.0
drl,9,78,1,15.467,24.752,0.3421,0.3421,50,0,0,50,1,76,0,0.011661,0.008533,0.026206,1,1,1,2325.0
drl,9,79,0,15.459,24.732,0.3421,0.3421,51,0,0,51,1,76,0,0.011661,0.008533,0.026184,1,1,1,2325.0
drl,9,80,1,15.561,24.865,0.342,0.342,52,0,0,52,1,77,0,0.011555,0.008785,0.026344,1,1,1,2325.0
drl,9,81,1,15.604,25.002,0.3419,0.3419,50,0,0,50,1,78,0,0.011892,0.008461,0.026459,1,1,1,2325.0
drl,9,82,1,15.608,25.185,0.3418,0.3418,51,0,0,51,1,79,0,0.011787,0.008363,0.026674,1,1,1,2325.0
drl,9,83,1,15.435,24.847,0.3417,0.3417,52,0,0,52,1,80,0,0.011572,0.008411,0.026322,1,1,1,2325.0
drl,9,84,1,15.42,24.842,0.3416,0.3416,52,0,0,52,1,81,0,0.011526,0.008411,0.026322,1,1,1,2325.0
drl,9,85,1,15.403,24.779,0.3415,0.3415,53,0,0,53,1,82,0,0.011526,0.008431,0.026252,1,1,1,2325.0
drl,9,86,1,15.351,24.646,0.3414,0.3414,50,0,0,50,1,83,0,0.01149,0.008454,0.026108,1,1,1,2325.0
drl,9,87,1,15.308,24.648,0.3413,0.3413,51,0,0,51,1,84,0,0.011431,0.008376,0.026117,1,1,1,2325.0
drl,9,88,1,15.383,24.699,0.3412,0.3412,52,0,0,52,1,85,0,0.011622,0.008376,0.026152,1,1,1,2325.0
drl,9,89,1,15.724,24.895,0.3411,0.3411,50,0,0,50,1,86,0,0.011491,0.009296,0.026384,1,1,1,2325.0
drl,9,90,1,15.724,24.895,0.341,0.341,50,0,0,50,1,87,0,0.011491,0.009296,0.026384,1,1,1,2325.0
drl,9,91,1,15.451,24.992,0.3409,0.3409,51,0,0,51,1,88,0,0.011452,0.008405,0.026496,1,1,1,2325.0
drl,9,92,1,15.279,24.419,0.3408,0.3408,52,0,0,52,1,89,0,0.011594,0.0084,0.025844,1,1,1,2325.0
drl,9,93,1,15.36,24.624,0.3407,0.3407,53,0,0,53,1,90,0,0.011591,0.008416,0.026072,1,1,1,2325.0
drl,9,94,1,15.472,25.043,0.3407,0.3407,51,0,0,51,1,91,0,0.011529,0.008343,0.026545,1,1,1,2325.0
drl,9,95,1,15.526,25.043,0.3406,0.3406,51,0,0,51,1,92,0,0.011522,0.008512,0.026545,1,1,1,2325.0
drl,9,96,1,15.309,24.456,0.3405,0.3405,52,0,0,52,1,93,0,0.011522,0.008512,0.025893,1,1,1,2325.0
drl,9,97,1,15.316,24.515,0.3404,0.3404,53,0,0,53,1,94,0,0.011579,0.008416,0.025952,1,1,1,2325.0
drl,9,98,1,15.497,24.68,0.3404,0.3404,50,0,0,50,1,95,0,0.011967,0.008431,0.026092,1,1,1,2325.0
drl,9,99,1,15.48,24.882,0.3403,0.3403,51,0,0,51,1,96,0,0.011668,0.008421,0.02635,1,1,1,2325.0
drl,9,100,1,15.411,24.627,0.3402,0.3402,52,0,0,52,1,97,0,0.011454,0.008689,0.026091,1,1,1,2325.0
drl,9,101,1,15.46,24.642,0.3401,0.3401,52,0,0,52,1,98,0,0.0116,0.008689,0.026091,1,1,1,2325.0
drl,9,102,1,15.334,24.591,0.3401,0.3401,50,0,0,50,1,99,0,0.0116,0.008369,0.026034,1,1,1,2325.0
drl,9,103,1,15.633,25.191,0.34,0.34,51,0,0,51,1,100,0,0.01179,0.008428,0.02668,1,1,1,2325.0
drl,9,104,1,15.468,24.919,0.3399,0.3399,52,0,0,52,1,101,0,0.011504,0.008489,0.02641,1,1,1,2325.0
drl,9,105,1,15.267,24.41,0.3399,0.3399,53,0,0,53,1,102,0,0.011534,0.008425,0.025841,1,1,1,2325.0
drl,9,106,1,15.705,25.439,0.3398,0.3398,51,0,0,51,1,103,0,0.011509,0.008618,0.026987,1,1,1,2325.0
drl,9,107,1,15.705,25.439,0.3397,0.3397,51,0,0,51,1,104,0,0.011509,0.008618,0.026987,1,1,1,2325.0
drl,9,108,1,15.348,24.57,0.3397,0.3397,52,0,0,52,1,105,0,0.011535,0.008491,0.026018,1,1,1,2325.0
drl,9,109,1,15.272,24.423,0.3396,0.3396,53,0,0,53,1,106,0,0.011587,0.008379,0.025849,1,1,1,2325.0
drl,9,110,1,15.663,24.679,0.3396,0.3396,50,0,0,50,1,107,0,0.011533,0.009316,0.02614,1,1,1,2325.0
drl,9,111,1,15.277,24.546,0.3395,0.3395,51,0,0,51,1,108,0,0.011437,0.00839,0.026003,1,1,1,2325.0
drl,9,112,1,15.47,24.586,0.3394,0.3394,51,0,0,51,1,109,0,0.011835,0.008571,0.026003,1,1,1,2325.0
drl,9,113,1,15.597,24.931,0.3394,0.3394,52,0,0,52,1,110,0,0.011835,0.008571,0.026386,1,1,1,2325.0
drl,9,114,1,15.21,24.213,0.3393,0.3393,50,0,0,50,1,111,0,0.011511,0.008494,0.025624,1,1,1,2325.0
drl,9,115,1,15.585,24.753,0.3393,0.3393,51,0,0,51,1,112,0,0.0116,0.008942,0.026214,1,1,1,2325.0
drl,9,116,1,15.52,24.699,0.3392,0.3392,52,0,0,52,1,113,0,0.01208,0.008379,0.026101,1,1,1,2325.0
drl,9,117,1,15.323,24.488,0.3392,0.3392,53,0,0,53,1,114,0,0.011534,0.008509,0.025927,1,1,1,2325.0
drl,9,118,1,15.306,24.491,0.3391,0.3391,53,0,0,53,1,115,0,0.011569,0.008422,0.025927,1,1,1,2325.0
drl,9,119,1,15.432,24.831,0.3391,0.3391,51,0,0,51,1,116,0,0.011569,0.008422,0.026305,1,1,1,2325.0
drl,10,0,0,15.797,24.959,1.0,1.0,0,0,0,0,0,0,0,0.011689,0.009267,0.026434,1,1,1,2314.5
drl,10,1,1,15.745,24.769,0.3333,0.3333,51,0,0,51,1,0,0,0.011692,0.00932,0.026222,1,1,1,2314.5
drl,10,2,1,15.587,25.214,0.6667,0.6667,52,0,0,52,1,1,0,0.011584,0.008449,0.026728,1,1,1,2314.5
drl,10,3,1,15.483,24.881,0.6,0.6,53,0,0,53,1,2,0,0.011666,0.008435,0.026349,1,1,1,2314.5
drl,10,4,1,15.483,24.881,0.5333,0.5333,53,0,0,53,1,3,0,0.011666,0.008435,0.026349,1,1,1,2314.5
drl,10,5,1,15.388,24.893,0.4902,0.4902,50,0,0,50,1,4,0,0.011439,0.008338,0.026388,1,1,1,2314.5
drl,10,6,1,15.413,24.726,0.4615,0.4615,51,0,0,51,1,5,0,0.011655,0.008406,0.026178,1,1,1,2314.5
drl,10,7,1,15.434,24.819,0.4414,0.4414,52,0,0,52,1,6,0,0.011675,0.008347,0.026279,1,1,1,2314.5
drl,10,8,1,15.5,24.755,0.4267,0.4267,50,0,0,50,1,7,0,0.011576,0.008704,0.026219,1,1,1,2314.5
drl,10,9,1,15.467,24.777,0.4154,0.4154,50,0,0,50,1,8,0,0.011801,0.008381,0.026219,1,1,1,2314.5
drl,10,10,1,15.48,24.811,0.4065,0.4065,51,0,0,51,1,9,0,0.011801,0.008381,0.026257,1,1,1,2314.5
drl,10,11,1,15.303,24.323,0.3993,0.3993,52,0,0,52,1,10,0,0.011642,0.008535,0.025732,1,1,1,2314.5
drl,10,12,1,15.365,24.529,0.3934,0.3934,53,0,0,53,1,11,0,0.011781,0.008369,0.025945,1,1,1,2314.5
drl,10,13,1,15.47,24.51,0.3885,0.3885,51,0,0,51,1,12,0,0.01154,0.008918,0.025951,1,1,1,2314.5
drl,10,14,1,15.399,24.723,0.3843,0.3843,52,0,0,52,1,13,0,0.011558,0.008452,0.026186,1,1,1,2314.5
drl,10,15,1,15.422,24.73,0.3807,0.3807,52,0,0,52,1,14,0,0.011627,0.008452,0.026186,1,1,1,2314.5
drl,10,16,1,15.366,24.592,0.3776,0.3776,53,0,0,53,1,15,0,0.011627,0.008437,0.026033,1,1,1,2314.5
drl,10,17,1,15.782,25.269,0.3748,0.3748,50,0,0,50,1,16,0,0.012199,0.008425,0.026721,1,1,1,2314.5
drl,10,18,1,15.412,24.64,0.3724,0.3724,51,0,0,51,1,17,0,0.011558,0.008584,0.026094,1,1,1,2314.5
drl,10,19,1,15.414,24.78,0.3703,0.3703,52,0,0,52,1,18,0,0.01153,0.008459,0.026252,1,1,1,2314.5
drl,10,20,1,15.448,24.882,0.3683,0.3683,50,0,0,50,1,19,0,0.011593,0.008393,0.026359,1,1,1,2314.5
drl,10,21,1,15.448,24.882,0.3666,0.3666,50,0,0,50,1,20,0,0.011593,0.008393,0.026359,1,1,1,2314.5
drl,10,22,1,15.463,24.914,0.365,0.365,51,0,0,51,1,21,0,0.011569,0.008424,0.026397,1,1,1,2314.5
drl,10,23,1,15.605,25.145,0.3636,0.3636,52,0,0,52,1,22,0,0.011751,0.00843,0.026633,1,1,1,2314.5
drl,10,24,1,16.533,24.391,0.3623,0.3623,53,0,0,53,1,23,0,0.011436,0.012443,0.025719,1,1,1,2314.5
drl,10,25,1,15.35,24.719,0.3611,0.3611,51,0,0,51,1,24,0,0.011413,0.00844,0.026197,1,1,1,2314.5
drl,10,26,1,15.37,24.731,0.36,0.36,51,0,0,51,1,25,0,0.011536,0.008378,0.026197,1,1,1,2314.5
drl,10,27,1,15.469,24.997,0.3589,0.3589,52,0,0,52,1,26,0,0.011536,0.008378,0.026493,1,1,1,2314.5
drl,10,28,1,15.454,24.783,0.358,0.358,53,0,0,53,1,27,0,0.011652,0.008469,0.026242,1,1,1,2314.5
drl,10,29,1,15.46,24.888,0.3571,0.3571,50,0,0,50,1,28,0,0.011598,0.008416,0.026365,1,1,1,2314.5
drl,10,30,1,15.299,24.43,0.3563,0.3563,51,0,0,51,1,29,0,0.011529,0.008504,0.025863,1,1,1,2314.5
drl,10,31,1,15.546,24.751,0.3555,0.3555,52,0,0,52,1,30,0,0.0118,0.008649,0.02619,1,1,1,2314.5
drl,10,32,1,15.481,24.732,0.3548,0.3548,52,0,0,52,1,31,0,0.011605,0.008649,0.02619,1,1,1,2314.5
drl,10,33,1,15.332,24.538,0.3541,0.3541,53,0,0,53,1,32,0,0.011605,0.008415,0.025975,1,1,1,2314.5
drl,10,34,1,15.364,24.551,0.3535,0.3535,51,0,0,51,1,33,0,0.0117,0.008414,0.025979,1,1,1,2314.5
drl,10,35,1,15.321,24.583,0.3529,0.3529,52,0,0,52,1,34,0,0.011551,0.008382,0.026031,1,1,1,2314.5
drl,10,36,1,15.578,24.987,0.3524,0.3524,53,0,0,53,1,35,0,0.011849,0.008438,0.026447,1,1,1,2314.5
drl,10,37,1,15.207,24.286,0.3518,0.3518,51,0,0,51,1,36,0,0.011538,0.008382,0.025702,1,1,1,2314.5
drl,10,38,1,15.221,24.29,0.3513,0.3513,51,0,0,51,1,37,0,0.011578,0.008382,0.025702,1,1,1,2314.5
drl,10,39,1,15.372,24.645,0.3509,0.3509,52,0,0,52,1,38,0,0.011578,0.008441,0.026097,1,1,1,2314.5
drl,10,40,1,15.373,24.708,0.3504,0.3504,53,0,0,53,1,39,0,0.011532,0.008415,0.026172,1,1,1,2314.5
drl,10,41,1,15.467,25.063,0.35,0.35,50,0,0,50,1,40,0,0.011483,0.008345,0.026572,1,1,1,2314.5
drl,10,42,0,15.656,24.747,0.35,0.35,51,0,0,51,1,40,0,0.011477,0.00927,0.026221,1,1,1,2314.5
drl,10,43,1,15.544,24.45,0.3496,0.3496,52,0,0,52,1,41,0,0.011513,0.009231,0.025887,1,1,1,2314.5
drl,10,44,1,15.544,24.45,0.3492,0.3492,52,0,0,52,1,42,0,0.011513,0.009231,0.025887,1,1,1,2314.5
drl,10,45,1,15.286,24.453,0.3488,0.3488,53,0,0,53,1,43,0,0.011572,0.008401,0.025884,1,1,1,2314.5
drl,10,46,1,15.517,25.142,0.3485,0.3485,51,0,0,51,1,44,0,0.011527,0.00837,0.026655,1,1,1,2314.5
drl,10,47,1,15.548,24.84,0.3481,0.3481,52,0,0,52,1,45,0,0.0119,0.008467,0.026278,1,1,1,2314.5
drl,10,48,1,15.397,24.794,0.3478,0.3478,53,0,0,53,1,46,0,0.011494,0.008425,0.026272,1,1,1,2314.5
drl,10,49,1,15.386,24.792,0.3475,0.3475,53,0,0,53,1,47,0,0.011473,0.008414,0.026272,1,1,1,2314.5
drl,10,50,1,15.292,24.537,0.3472,0.3472,50,0,0,50,1,48,0,0.011473,0.008414,0.025989,1,1,1,2314.5
drl,10,51,1,15.439,24.489,0.3469,0.3469,51,0,0,51,1,49,0,0.011769,0.008647,0.025902,1,1,1,2314.5
drl,10,52,1,15.478,24.962,0.3467,0.3467,52,0,0,52,1,50,0,0.011559,0.008423,0.026451,1,1,1,2314.5
drl,10,53,1,15.795,24.899,0.3464,0.3464,50,0,0,50,1,51,0,0.011791,0.009238,0.026356,1,1,1,2314.5
drl,10,54,1,15.353,24.739,0.3461,0.3461,51,0,0,51,1,52,0,0.011509,0.00834,0.026209,1,1,1,2314.5
drl,10,55,1,15.369,24.744,0.3459,0.3459,51,0,0,51,1,53,0,0.011558,0.00834,0.026209,1,1,1,2314.5
drl,10,56,1,15.341,24.6,0.3457,0.3457,52,0,0,52,1,54,0,0.011558,0.008416,0.026049,1,1,1,2314.5
drl,10,57,1,15.488,24.188,0.3455,0.3455,53,0,0,53,1,55,0,0.011419,0.009438,0.025607,1,1,1,2314.5
drl,10,58,1,15.449,24.86,0.3452,0.3452,51,0,0,51,1,56,0,0.011636,0.008382,0.026329,1,1,1,2314.5
drl,10,59,1,15.422,24.573,0.345,0.345,52,0,0,52,1,57,0,0.011491,0.008749,0.026026,1,1,1,2314.5
drl,10,60,1,15.503,24.923,0.3448,0.3448,53,0,0,53,1,58,0,0.011607,0.008499,0.026403,1,1,1,2314.5
drl,10,61,1,15.503,24.923,0.3446,0.3446,53,0,0,53,1,59,0,0.011607,0.008499,0.026403,1,1,1,2314.5
drl,10,62,1,15.285,24.487,0.3444,0.3444,50,0,0,50,1,60,0,0.011479,0.008443,0.025932,1,1,1,2314.5
drl,10,63,1,15.347,24.705,0.3443,0.3443,51,0,0,51,1,61,0,0.011466,0.0084,0.026176,1,1,1,2314.5
drl,10,64,1,15.415,24.565,0.3441,0.3441,52,0,0,52,1,62,0,0.011498,0.008731,0.026017,1,1,1,2314.5
drl,10,65,1,15.445,24.813,0.3439,0.3439,53,0,0,53,1,63,0,0.011618,0.008437,0.026279,1,1,1,2314.5
drl,10,66,1,15.422,24.804,0.3437,0.3437,53,0,0,53,1,64,0,0.011526,0.008461,0.026279,1,1,1,2314.5
drl,10,67,1,15.641,25.395,0.3436,0.3436,51,0,0,51,1,65,0,0.011526,0.008461,0.026936,1,1,1,2314.5
drl,10,68,1,15.352,24.73,0.3434,0.3434,52,0,0,52,1,66,0,0.01151,0.008347,0.026199,1,1,1,2314.5
drl,10,69,1,15.422,24.804,0.3433,0.3433,53,0,0,53,1,67,0,0.011523,0.008463,0.02628,1,1,1,2314.5
drl,10,70,1,15.461,24.93,0.3431,0.3431,51,0,0,51,1,68,0,0.011537,0.008427,0.026418,1,1,1,2314.5
drl,10,71,1,15.163,24.17,0.343,0.343,52,0,0,52,1,69,0,0.011556,0.00836,0.025572,1,1,1,2314.5
drl,10,72,1,15.171,24.17,0.3429,0.3429,52,0,0,52,1,70,0,0.011548,0.008392,0.025572,1,1,1,2314.5
drl,10,73,1,15.317,24.565,0.3427,0.3427,53,0,0,53,1,71,0,0.011548,0.008392,0.026011,1,1,1,2314.5
drl,10,74,1,15.486,24.987,0.3426,0.3426,50,0,0,50,1,72,0,0.011539,0.008438,0.026481,1,1,1,2314.5
drl,10,75,1,15.193,24.2,0.3425,0.3425,51,0,0,51,1,73,0,0.011532,0.008439,0.025607,1,1,1,2314.5
drl,10,76,1,15.485,25.071,0.3423,0.3423,52,0,0,52,1,74,0,0.01145,0.008421,0.026584,1,1,1,2314.5
drl,10,77,1,15.518,24.571,0.3422,0.3422,53,0,0,53,1,75,0,0.011837,0.008732,0.025986,1,1,1,2314.5
drl,10,78,1,15.426,24.543,0.3421,0.3421,53,0,0,53,1,76,0,0.01156,0.008732,0.025986,1,1,1,2314.5
drl,10,79,1,15.321,24.48,0.342,0.342,51,0,0,51,1,77,0,0.01156,0.008486,0.025916,1,1,1,2314.5
drl,10,80,1,15.551,25.045,0.3419,0.3419,52,0,0,52,1,78,0,0.011539,0.008569,0.026546,1,1,1,2314.5
drl,10,81,1,15.536,25.003,0.3418,0.3418,53,0,0,53,1,79,0,0.011674,0.008451,0.026484,1,1,1,2314.5
drl,10,82,1,15.286,24.387,0.3417,0.3417,50,0,0,50,1,80,0,0.011608,0.008444,0.025807,1,1,1,2314.5
drl,10,83,0,15.562,24.666,0.3417,0.3417,51,0,0,51,1,80,0,0.011531,0.00903,0.026126,1,1,1,2314.5
drl,10,84,1,15.562,24.666,0.3416,0.3416,51,0,0,51,1,81,0,0.011531,0.00903,0.026126,1,1,1,2314.5
drl,10,85,1,15.42,24.846,0.3415,0.3415,52,0,0,52,1,82,0,0.011504,0.008426,0.026329,1,1,1,2314.5
drl,10,86,1,15.39,24.566,0.3414,0.3414,50,0,0,50,1,83,0,0.011756,0.008426,0.025989,1,1,1,2314.5
drl,10,87,1,15.382,24.583,0.3413,0.3413,51,0,0,51,1,84,0,0.011682,0.008448,0.026016,1,1,1,2314.5
drl,10,88,1,15.253,24.49,0.3412,0.3412,52,0,0,52,1,85,0,0.01152,0.008309,0.025931,1,1,1,2314.5
drl,10,89,1,15.29,24.488,0.3411,0.3411,52,0,0,52,1,86,0,0.011504,0.008434,0.025931,1,1,1,2314.5
drl,10,90,1,15.32,24.57,0.341,0.341,53,0,0,53,1,87,0,0.011504,0.008434,0.026022,1,1,1,2314.5
drl,10,91,1,15.282,24.349,0.3409,0.3409,51,0,0,51,1,88,0,0.011645,0.008439,0.025761,1,1,1,2314.5
drl,10,92,1,15.394,24.741,0.3408,0.3408,52,0,0,52,1,89,0,0.011564,0.008414,0.026205,1,1,1,2314.5
drl,10,93,1,15.889,24.894,0.3407,0.3407,53,0,0,53,1,90,0,0.011468,0.009813,0.026386,1,1,1,2314.5
drl,10,94,1,15.253,24.265,0.3407,0.3407,50,0,0,50,1,91,0,0.011657,0.008435,0.025666,1,1,1,2314.5
drl,10,95,1,15.232,24.259,0.3406,0.3406,50,0,0,50,1,92,0,0.011594,0.008435,0.025666,1,1,1,2314.5
drl,10,96,1,15.351,24.6,0.3405,0.3405,51,0,0,51,1,93,0,0.011594,0.008413,0.026045,1,1,1,2314.5
drl,10,97,1,15.793,25.324,0.3404,0.3404,52,0,0,52,1,94,0,0.01196,0.00861,0.026809,1,1,1,2314.5
drl,10,98,1,15.417,24.801,0.3404,0.3404,53,0,0,53,1,95,0,0.011576,0.008404,0.02627,1,1,1,2314.5
drl,10,99,1,15.463,24.763,0.3403,0.3403,51,0,0,51,1,96,0,0.011727,0.008451,0.026211,1,1,1,2314.5
drl,10,100,1,15.371,24.636,0.3402,0.3402,52,0,0,52,1,97,0,0.011539,0.008483,0.026091,1,1,1,2314.5
drl,10,101,1,15.371,24.636,0.3401,0.3401,52,0,0,52,1,98,0,0.011539,0.008483,0.026091,1,1,1,2314.5
drl,10,102,1,15.477,24.948,0.3401,0.3401,53,0,0,53,1,99,0,0.011516,0.008476,0.02644,1,1,1,2314.5
drl,10,103,1,15.394,24.718,0.34,0.34,51,0,0,51,1,100,0,0.011604,0.008402,0.026175,1,1,1,2314.5
drl,10,104,1,15.435,24.669,0.3399,0.3399,52,0,0,52,1,101,0,0.011539,0.008638,0.026128,1,1,1,2314.5
drl,10,105,1,15.492,24.998,0.3399,0.3399,53,0,0,53,1,102,0,0.011638,0.008354,0.026483,1,1,1,2314.5
drl,10,106,1,15.46,24.986,0.3398,0.3398,53,0,0,53,1,103,0,0.011514,0.008384,0.026483,1,1,1,2314.5
drl,10,107,1,15.364,24.725,0.3397,0.3397,50,0,0,50,1,104,0,0.011514,0.008384,0.026193,1,1,1,2314.5
drl,10,108,1,15.428,24.929,0.3397,0.3397,51,0,0,51,1,105,0,0.01149,0.008372,0.026422,1,1,1,2314.5
drl,10,109,1,15.542,25.096,0.3396,0.3396,52,0,0,52,1,106,0,0.011486,0.008531,0.026608,1,1,1,2314.5
drl,10,110,1,15.465,24.166,0.3396,0.3396,53,0,0,53,1,107,0,0.011472,0.009347,0.025577,1,1,1,2314.5
drl,10,111,1,15.358,24.543,0.3395,0.3395,51,0,0,51,1,108,0,0.011622,0.008472,0.025979,1,1,1,2314.5
drl,10,112,1,15.322,24.533,0.3394,0.3394,51,0,0,51,1,109,0,0.011516,0.008472,0.025979,1,1,1,2314.5
drl,10,113,1,15.415,24.789,0.3394,0.3394,52,0,0,52,1,110,0,0.011516,0.008465,0.026264,1,1,1,2314.5
drl,10,114,1,15.344,24.769,0.3393,0.3393,53,0,0,53,1,111,0,0.011382,0.008395,0.026256,1,1,1,2314.5
drl,10,115,1,15.302,24.593,0.3393,0.3393,50,0,0,50,1,112,0,0.011494,0.008364,0.026049,1,1,1,2314.5
drl,10,116,1,15.642,24.628,0.3392,0.3392,51,0,0,51,1,113,0,0.01161,0.009242,0.026074,1,1,1,2314.5
drl,10,117,1,15.419,24.862,0.3392,0.3392,52,0,0,52,1,114,0,0.011493,0.008418,0.026347,1,1,1,2314.5
drl,10,118,1,15.419,24.862,0.3391,0.3391,52,0,0,52,1,115,0,0.011493,0.008418,0.026347,1,1,1,2314.5
drl,10,119,1,15.566,25.233,0.3391,0.3391,50,0,0,50,1,116,0,0.011383,0.008544,0.026772,1,1,1,2314.5
