algorithm,trial,second,throughput,avg_rtt,p95_rtt,fairness_index,fairness_alive,max_imbalance,h1_conns,h2_conns,h3_conns,h1_sels,h2_sels,h3_sels,h1_rtt,h2_rtt,h3_rtt,h1_alive,h2_alive,h3_alive,decision_latency_us
round_robin,1,0,0,15.44,24.926,1.0,1.0,0,0,0,0,0,0,0,0.007477,0.01254,0.026302,1,1,1,2209.1
round_robin,1,1,1,15.987,25.962,0.3333,0.3333,51,0,0,51,1,0,0,0.007465,0.013107,0.02739,1,1,1,2209.1
round_robin,1,2,1,15.563,25.329,0.6667,0.6667,52,0,0,52,1,1,0,0.007394,0.012546,0.026749,1,1,1,2209.1
round_robin,1,3,11,15.72,25.179,0.9883,0.9883,54,0,0,54,5,4,4,0.00767,0.012954,0.026537,1,1,1,2209.1
round_robin,1,4,1,15.72,25.179,0.9899,0.9899,54,0,0,54,5,5,4,0.00767,0.012954,0.026537,1,1,1,2209.1
round_robin,1,5,11,15.465,25.026,0.9968,0.9968,55,0,0,55,9,8,8,0.007414,0.012571,0.02641,1,1,1,2209.1
round_robin,1,6,1,15.982,25.139,0.9971,0.9971,53,0,0,53,9,9,8,0.008227,0.01326,0.026459,1,1,1,2209.1
round_robin,1,7,11,15.837,25.968,0.9985,0.9985,55,0,0,55,13,12,12,0.007504,0.012549,0.027459,1,1,1,2209.1
round_robin,1,8,1,15.796,25.156,0.9986,0.9986,56,0,0,56,13,13,12,0.007472,0.013459,0.026456,1,1,1,2209.1
round_robin,1,9,11,15.464,25.021,0.9992,0.9992,55,0,0,55,17,16,16,0.007413,0.012576,0.026404,1,1,1,2209.1
round_robin,1,10,1,15.462,25.021,0.9992,0.9992,55,0,0,55,17,17,16,0.007406,0.012576,0.026404,1,1,1,2209.1
round_robin,1,11,11,15.451,24.993,0.9995,0.9995,56,0,0,56,21,20,20,0.007406,0.012575,0.026373,1,1,1,2209.1
round_robin,1,12,1,15.374,24.848,0.9995,0.9995,58,0,0,58,21,21,20,0.007332,0.012577,0.026212,1,1,1,2209.1
round_robin,1,13,11,15.499,24.921,0.9996,0.9996,56,0,0,56,25,24,24,0.007414,0.012817,0.026266,1,1,1,2209.1
round_robin,1,14,1,15.349,24.788,0.9996,0.9996,58,0,0,58,25,25,24,0.007381,0.012514,0.026152,1,1,1,2209.1
round_robin,1,15,11,15.812,25.886,0.9997,0.9997,60,0,0,60,29,28,28,0.007484,0.012587,0.027364,1,1,1,2209.1
round_robin,1,16,1,15.786,25.886,0.9997,0.9997,60,0,0,60,29,29,28,0.007407,0.012587,0.027364,1,1,1,2209.1
round_robin,1,17,11,15.719,25.528,0.9998,0.9998,61,0,0,61,33,32,32,0.007407,0.012807,0.026942,1,1,1,2209.1
round_robin,1,18,1,15.732,24.829,0.9998,0.9998,59,0,0,59,33,33,32,0.007437,0.013691,0.026067,1,1,1,2209.1
round_robin,1,19,11,15.616,25.385,0.9998,0.9998,60,0,0,60,37,36,36,0.007481,0.012556,0.026811,1,1,1,2209.1
round_robin,1,20,1,15.521,25.126,0.9998,0.9998,62,0,0,62,37,37,36,0.007441,0.012606,0.026517,1,1,1,2209.1
round_robin,1,21,11,15.525,25.007,0.9999,0.9999,62,0,0,62,41,40,40,0.007405,0.012807,0.026363,1,1,1,2209.1
round_robin,1,22,1,15.539,25.007,0.9999,0.9999,62,0,0,62,41,41,40,0.007446,0.012807,0.026363,1,1,1,2209.1
round_robin,1,23,7,15.782,25.713,1.0,1.0,62,0,0,62,43,43,43,0.007446,0.012745,0.027154,1,1,1,2209.1
round_robin,1,24,4,15.786,25.428,0.9999,0.9999,64,0,0,64,45,44,44,0.007861,0.01265,0.026848,1,1,1,2209.1
round_robin,1,25,1,15.531,25.043,0.9999,0.9999,65,0,0,65,45,45,44,0.007295,0.012907,0.026392,1,1,1,2209.1
round_robin,1,26,11,15.395,24.85,0.9999,0.9999,63,0,0,63,49,48,48,0.007447,0.012518,0.02622,1,1,1,2209.1
round_robin,1,27,1,15.531,24.951,0.9999,0.9999,64,0,0,64,49,49,48,0.007688,0.012581,0.026325,1,1,1,2209.1
round_robin,1,28,11,15.531,24.951,0.9999,0.9999,64,0,0,64,53,52,52,0.007688,0.012581,0.026325,1,1,1,2209.1
round_robin,1,29,1,16.21,25.938,0.9999,0.9999,66,0,0,66,53,53,52,0.008432,0.012799,0.027398,1,1,1,2209.1
round_robin,1,30,11,15.549,25.182,0.9999,0.9999,65,0,0,65,57,56,56,0.007412,0.012663,0.026573,1,1,1,2209.1
round_robin,1,31,1,15.549,25.243,0.9999,0.9999,66,0,0,66,57,57,56,0.007395,0.012606,0.026647,1,1,1,2209.1
round_robin,1,32,11,15.534,25.067,0.9999,0.9999,69,0,0,69,61,60,60,0.00739,0.012778,0.026433,1,1,1,2209.1
round_robin,1,33,1,15.486,25.028,0.9999,0.9999,66,0,0,66,61,61,60,0.007454,0.012595,0.026409,1,1,1,2209.1
round_robin,1,34,11,15.48,25.028,0.9999,0.9999,66,0,0,66,65,64,64,0.007435,0.012595,0.026409,1,1,1,2209.1
round_robin,1,35,1,15.445,24.924,0.9999,0.9999,68,0,0,68,65,65,64,0.007435,0.012608,0.026293,1,1,1,2209.1
round_robin,1,36,11,15.335,24.76,1.0,1.0,69,0,0,69,69,68,68,0.007349,0.012537,0.026118,1,1,1,2209.1
round_robin,1,37,1,15.574,25.286,1.0,1.0,71,0,0,71,69,69,68,0.007399,0.012632,0.026692,1,1,1,2209.1
round_robin,1,38,11,15.527,24.979,1.0,1.0,69,0,0,69,73,72,72,0.00741,0.012843,0.026327,1,1,1,2209.1
round_robin,1,39,1,15.361,24.785,1.0,1.0,70,0,0,70,73,73,72,0.007364,0.012577,0.026141,1,1,1,2209.1
round_robin,1,40,11,15.362,24.785,1.0,1.0,70,0,0,70,77,76,76,0.007369,0.012577,0.026141,1,1,1,2209.1
round_robin,1,41,1,15.35,24.709,1.0,1.0,72,0,0,72,77,77,76,0.007369,0.01263,0.026051,1,1,1,2209.1
round_robin,1,42,11,15.697,25.443,1.0,1.0,70,0,0,70,81,80,80,0.007691,0.012522,0.026879,1,1,1,2209.1
round_robin,1,43,1,15.529,25.186,1.0,1.0,72,0,0,72,81,81,80,0.007388,0.012617,0.026582,1,1,1,2209.1
round_robin,1,44,11,15.514,25.143,1.0,1.0,73,0,0,73,85,84,84,0.007404,0.012601,0.026537,1,1,1,2209.1
round_robin,1,45,1,15.419,24.713,1.0,1.0,75,0,0,75,85,85,84,0.007403,0.012821,0.026034,1,1,1,2209.1
round_robin,1,46,11,15.388,24.713,1.0,1.0,75,0,0,75,89,88,88,0.00731,0.012821,0.026034,1,1,1,2209.1
round_robin,1,47,0,15.303,24.798,1.0,1.0,73,0,0,73,89,88,88,0.00731,0.012426,0.026173,1,1,1,2209.1
round_robin,1,48,1,15.634,25.373,1.0,1.0,74,0,0,74,89,89,88,0.007439,0.012679,0.026784,1,1,1,2209.1
round_robin,1,49,11,15.404,24.847,1.0,1.0,76,0,0,76,93,92,92,0.007442,0.012558,0.026212,1,1,1,2209.1
round_robin,1,50,1,15.539,25.209,1.0,1.0,74,0,0,74,93,93,92,0.007458,0.012541,0.026617,1,1,1,2209.1
round_robin,1,51,11,15.643,25.52,1.0,1.0,76,0,0,76,97,96,96,0.007407,0.012563,0.02696,1,1,1,2209.1
round_robin,1,52,1,15.65,25.521,1.0,1.0,76,0,0,76,97,97,96,0.007422,0.012567,0.02696,1,1,1,2209.1
round_robin,1,53,11,15.568,25.3,1.0,1.0,77,0,0,77,101,100,100,0.007422,0.012567,0.026715,1,1,1,2209.1
round_robin,1,54,1,15.66,24.772,1.0,1.0,79,0,0,79,101,101,100,0.008308,0.012542,0.026131,1,1,1,2209.1
round_robin,1,55,11,15.348,24.812,1.0,1.0,77,0,0,77,105,104,104,0.007296,0.012577,0.026172,1,1,1,2209.1
round_robin,1,56,1,15.434,24.957,1.0,1.0,78,0,0,78,105,105,104,0.007456,0.012505,0.026341,1,1,1,2209.1
round_robin,1,57,11,15.465,25.071,1.0,1.0,80,0,0,80,109,108,108,0.007382,0.01255,0.026462,1,1,1,2209.1
round_robin,1,58,1,15.575,25.075,1.0,1.0,80,0,0,80,109,109,108,0.007674,0.012589,0.026462,1,1,1,2209.1
round_robin,1,59,11,15.531,24.956,1.0,1.0,78,0,0,78,113,112,112,0.007674,0.012589,0.02633,1,1,1,2209.1
round_robin,1,60,1,15.391,24.839,1.0,1.0,80,0,0,80,113,113,112,0.007362,0.012612,0.026198,1,0,1,2209.1
round_robin,1,61,1,10.977,12.883,1.0,1.0,80,0,0,80,113,113,113,0.007419,0.012915,0.012597,1,0,1,2209.1
round_robin,1,62,1,10.844,12.554,1.0,1.0,77,0,0,77,114,113,113,0.007432,0.012545,0.012555,1,0,1,2209.1
round_robin,1,63,1,10.882,12.635,1.0,1.0,77,0,0,77,114,114,113,0.007403,0.012638,0.012606,1,0,1,2209.1
round_robin,1,64,1,10.932,12.756,1.0,1.0,77,0,0,77,114,114,114,0.007395,0.012631,0.01277,1,0,1,2209.1
round_robin,1,65,1,10.932,12.756,1.0,1.0,77,0,0,77,115,114,114,0.007395,0.012631,0.01277,1,0,1,2209.1
round_robin,1,66,1,10.85,12.585,1.0,1.0,77,0,0,77,115,115,114,0.007424,0.012591,0.012535,1,0,1,2209.1
round_robin,1,67,1,11.017,12.967,1.0,1.0,71,0,0,71,115,115,115,0.007474,0.013012,0.012565,1,0,1,2209.1
round_robin,1,68,1,11.192,12.735,1.0,1.0,71,0,0,71,116,115,115,0.008295,0.012758,0.012524,1,0,1,2209.1
round_robin,1,69,1,10.88,12.633,1.0,1.0,71,0,0,71,116,116,115,0.007411,0.012593,0.012637,1,0,1,2209.1
round_robin,1,70,1,11.241,13.38,1.0,1.0,66,0,0,66,116,116,116,0.007447,0.01344,0.012837,1,0,1,2209.1
round_robin,1,71,1,11.23,13.38,1.0,1.0,66,0,0,66,117,116,116,0.007412,0.01344,0.012837,1,0,1,2209.1
round_robin,1,72,1,10.87,12.632,1.0,1.0,66,0,0,66,117,117,116,0.007412,0.01264,0.012558,1,0,1,2209.1
round_robin,1,73,1,10.956,12.825,1.0,1.0,66,0,0,66,117,117,117,0.007436,0.012852,0.01258,1,0,1,2209.1
round_robin,1,74,1,10.965,12.749,1.0,1.0,66,0,0,66,118,117,117,0.007435,0.012754,0.012705,1,0,1,2209.1
round_robin,1,75,1,10.938,12.684,1.0,1.0,60,0,0,60,118,118,117,0.007531,0.012589,0.012694,1,0,1,2209.1
round_robin,1,76,1,10.944,12.787,1.0,1.0,60,0,0,60,118,118,118,0.00739,0.012803,0.01264,1,0,1,2209.1
round_robin,1,77,1,10.857,12.587,1.0,1.0,60,0,0,60,119,118,118,0.007413,0.012589,0.012568,1,0,1,2209.1
round_robin,1,78,1,10.857,12.587,1.0,1.0,60,0,0,60,119,119,118,0.007413,0.012589,0.012568,1,0,1,2209.1
round_robin,1,79,0,11.337,12.669,1.0,1.0,55,0,0,55,119,119,118,0.00876,0.01268,0.01257,1,0,1,2209.1
round_robin,1,80,1,10.855,12.582,1.0,1.0,55,0,0,55,119,119,119,0.007432,0.012586,0.012546,1,0,1,2209.1
round_robin,1,81,1,10.928,12.756,1.0,1.0,55,0,0,55,120,119,119,0.007395,0.012617,0.012771,1,0,1,2209.1
round_robin,1,82,1,11.017,12.77,1.0,1.0,55,0,0,55,120,120,119,0.007674,0.012588,0.01279,1,0,1,2209.1
round_robin,1,83,1,10.844,12.559,1.0,1.0,50,0,0,50,120,120,120,0.007442,0.012563,0.012527,1,0,1,2209.1
round_robin,1,84,1,10.844,12.559,1.0,1.0,50,0,0,50,121,120,120,0.007441,0.012563,0.012527,1,0,1,2209.1
round_robin,1,85,1,10.825,12.543,1.0,1.0,50,0,0,50,121,121,120,0.007441,0.012484,0.01255,1,0,1,2209.1
round_robin,1,86,1,10.873,12.628,1.0,1.0,50,0,0,50,121,121,121,0.0074,0.012585,0.012633,1,0,1,2209.1
round_robin,1,87,1,10.899,12.708,1.0,1.0,44,0,0,44,122,121,121,0.007388,0.012589,0.012721,1,0,1,2209.1
round_robin,1,88,1,11.188,13.361,1.0,1.0,44,0,0,44,122,122,121,0.007457,0.012669,0.013438,1,0,1,2209.1
round_robin,1,89,1,11.001,12.795,1.0,1.0,44,0,0,44,122,122,122,0.007563,0.012625,0.012814,1,0,1,2209.1
round_robin,1,90,1,10.985,12.941,1.0,1.0,44,0,0,44,123,122,122,0.007447,0.01252,0.012988,1,1,1,2209.1
round_robin,1,91,11,10.985,12.941,1.0,1.0,44,0,0,44,126,126,126,0.007447,0.01252,0.012988,1,1,1,2209.1
round_robin,1,92,1,15.671,25.102,1.0,1.0,39,0,2,39,127,126,126,0.007676,0.02646,0.012878,1,1,1,2209.1
round_robin,1,93,11,15.383,24.867,1.0,1.0,39,0,3,39,130,130,130,0.007411,0.026241,0.012498,1,1,1,2209.1
round_robin,1,94,1,15.309,24.592,1.0,1.0,39,0,5,39,131,130,130,0.007392,0.025923,0.012612,1,1,1,2209.1
round_robin,1,95,11,15.52,25.148,1.0,1.0,33,0,7,33,134,134,134,0.007409,0.026541,0.012609,1,1,1,2209.1
round_robin,1,96,1,15.494,25.037,1.0,1.0,33,0,8,33,135,134,134,0.007431,0.026415,0.012637,1,1,1,2209.1
round_robin,1,97,11,15.494,25.037,1.0,1.0,33,0,8,33,138,138,138,0.007431,0.026415,0.012637,1,1,1,2209.1
round_robin,1,98,1,15.625,24.924,1.0,1.0,33,0,10,33,139,138,138,0.00747,0.026229,0.013175,1,1,1,2209.1
round_robin,1,99,11,15.5,25.12,1.0,1.0,33,0,11,33,142,142,142,0.007411,0.026514,0.012576,1,1,1,2209.1
round_robin,1,100,1,15.487,24.845,1.0,1.0,28,0,13,28,143,142,142,0.007403,0.026174,0.012884,1,1,1,2209.1
round_robin,1,101,11,15.423,24.896,1.0,1.0,28,0,14,28,146,146,146,0.007433,0.026266,0.01257,1,1,1,2209.1
round_robin,1,102,1,15.617,25.265,1.0,1.0,28,0,16,28,147,146,146,0.007377,0.026647,0.012827,1,1,1,2209.1
round_robin,1,103,11,15.617,25.265,1.0,1.0,28,0,16,28,150,150,150,0.007377,0.026647,0.012827,1,1,1,2209.1
round_robin,1,104,1,15.422,24.981,1.0,1.0,22,0,18,22,151,150,150,0.007365,0.026364,0.012537,1,1,1,2209.1
round_robin,1,105,11,15.788,25.539,1.0,1.0,22,0,19,22,154,154,154,0.007568,0.026949,0.012846,1,1,1,2209.1
round_robin,1,106,1,15.57,25.276,1.0,1.0,22,0,21,22,155,154,154,0.007407,0.026682,0.01262,1,1,1,2209.1
round_robin,1,107,0,15.515,24.922,1.0,1.0,22,0,22,17,155,154,154,0.007662,0.026292,0.012592,1,1,1,2209.1
round_robin,1,108,11,15.833,25.239,1.0,1.0,24,0,24,17,158,158,158,0.007468,0.026545,0.013487,1,1,1,2209.1
round_robin,1,109,1,15.833,25.239,1.0,1.0,24,0,24,17,159,158,158,0.007468,0.026545,0.013487,1,1,1,2209.1
round_robin,1,110,11,15.503,25.115,1.0,1.0,25,0,25,17,162,162,162,0.007375,0.026502,0.012632,1,1,1,2209.1
round_robin,1,111,1,15.421,24.979,1.0,1.0,27,0,27,17,163,162,162,0.007386,0.026364,0.012512,1,1,1,2209.1
round_robin,1,112,11,15.536,25.097,1.0,1.0,29,0,29,12,166,166,166,0.007442,0.026476,0.012689,1,1,1,2209.1
round_robin,1,113,1,15.465,24.905,1.0,1.0,30,0,30,12,167,166,166,0.007428,0.02626,0.012708,1,1,1,2209.1
round_robin,1,114,11,15.716,25.32,1.0,1.0,32,0,32,12,170,170,170,0.007688,0.026717,0.012743,1,1,1,2209.1
round_robin,1,115,1,15.625,25.32,1.0,1.0,32,0,32,12,171,170,170,0.007415,0.026717,0.012743,1,1,1,2209.1
round_robin,1,116,11,15.504,24.941,1.0,1.0,33,0,33,6,174,174,174,0.007415,0.026289,0.012808,1,1,1,2209.1
round_robin,1,117,1,15.479,24.753,1.0,1.0,35,0,35,6,175,174,174,0.007357,0.026056,0.013024,1,1,1,2209.1
round_robin,1,118,11,15.506,25.231,1.0,1.0,36,0,36,6,178,178,178,0.007445,0.026654,0.01242,1,1,1,2209.1
round_robin,1,119,1,15.337,24.632,1.0,1.0,38,0,38,6,179,178,178,0.00747,0.025973,0.012567,1,1,1,2209.1
round_robin,1,120,11,15.662,25.541,1.0,1.0,40,0,40,1,182,182,182,0.007527,0.026994,0.012464,0,1,1,2209.1
round_robin,1,121,1,15.616,25.541,1.0,1.0,40,0,40,1,183,182,182,0.00739,0.026994,0.012464,0,1,1,2209.1
round_robin,1,122,1,10.846,12.592,1.0,1.0,40,0,40,1,183,183,182,0.00739,0.012597,0.012551,0,1,1,2209.1
round_robin,1,123,1,10.952,12.946,1.0,1.0,40,0,40,1,183,183,183,0.007385,0.012999,0.012471,0,1,1,2209.1
round_robin,1,124,1,11.13,13.4,1.0,1.0,40,0,40,0,184,183,183,0.007334,0.013493,0.012564,0,1,1,2209.1
round_robin,1,125,1,10.999,12.987,1.0,1.0,40,0,40,0,184,184,183,0.007392,0.013033,0.012572,0,1,1,2209.1
round_robin,1,126,1,11.02,12.934,1.0,1.0,40,0,40,0,184,184,184,0.007405,0.012693,0.012961,0,1,1,2209.1
round_robin,1,127,1,10.985,12.917,1.0,1.0,40,0,40,0,185,184,184,0.007469,0.012524,0.012961,0,1,1,2209.1
round_robin,1,128,1,10.852,12.559,1.0,1.0,40,0,40,0,185,185,184,0.007469,0.012524,0.012563,0,1,1,2209.1
round_robin,1,129,1,11.244,13.604,1.0,1.0,40,0,40,0,185,185,185,0.007482,0.013723,0.012528,0,1,1,2209.1
round_robin,1,130,1,10.854,12.57,1.0,1.0,40,0,40,0,186,185,185,0.007429,0.012571,0.012561,0,1,1,2209.1
round_robin,1,131,1,10.862,12.592,1.0,1.0,40,0,40,0,186,186,185,0.00746,0.012525,0.0126,0,1,1,2209.1
round_robin,1,132,1,10.984,12.849,1.0,1.0,40,0,40,0,186,186,186,0.00748,0.012596,0.012877,0,1,1,2209.1
round_robin,1,133,1,10.833,12.535,1.0,1.0,40,0,40,0,187,186,186,0.007449,0.012538,0.012512,0,1,1,2209.1
round_robin,1,134,1,10.836,12.535,1.0,1.0,40,0,40,0,187,187,186,0.007459,0.012538,0.012512,0,1,1,2209.1
round_robin,1,135,1,11.21,13.307,1.0,1.0,40,0,40,0,187,187,187,0.007459,0.013362,0.012809,0,1,1,2209.1
round_robin,1,136,1,11.017,12.83,1.0,1.0,40,0,40,0,188,187,187,0.007405,0.012814,0.012832,0,1,1,2209.1
round_robin,1,137,0,10.939,12.787,1.0,1.0,40,0,40,0,188,187,187,0.007446,0.012812,0.012558,0,1,1,2209.1
round_robin,1,138,1,11.182,13.086,1.0,1.0,40,0,40,0,188,188,187,0.007413,0.013091,0.013043,0,1,1,2209.1
round_robin,1,139,1,10.914,12.657,1.0,1.0,40,0,40,0,188,188,188,0.007457,0.01266,0.012626,0,1,1,2209.1
round_robin,1,140,1,10.849,12.615,1.0,1.0,40,0,40,0,189,188,188,0.007407,0.012514,0.012626,0,1,1,2209.1
round_robin,1,141,1,10.842,12.595,1.0,1.0,40,0,40,0,189,189,188,0.007407,0.012514,0.012604,0,1,1,2209.1
round_robin,1,142,1,10.853,12.633,1.0,1.0,40,0,40,0,189,189,189,0.007359,0.012641,0.012559,0,1,1,2209.1
round_robin,1,143,1,10.856,12.626,1.0,1.0,40,0,40,0,190,189,189,0.007401,0.012532,0.012636,0,1,1,2209.1
round_robin,1,144,1,11.054,12.82,1.0,1.0,40,0,40,0,190,190,189,0.007702,0.012843,0.012617,0,1,1,2209.1
round_robin,1,145,1,11.017,12.985,1.0,1.0,40,0,40,0,190,190,190,0.00743,0.012592,0.013029,0,1,1,2209.1
round_robin,1,146,1,10.849,12.568,1.0,1.0,40,0,40,0,191,190,190,0.007423,0.012554,0.012569,0,1,1,2209.1
round_robin,1,147,1,10.849,12.568,1.0,1.0,40,0,40,0,191,191,190,0.007423,0.012554,0.012569,0,1,1,2209.1
round_robin,1,148,1,11.197,13.35,1.0,1.0,40,0,40,0,191,191,191,0.007394,0.013413,0.012784,0,1,1,2209.1
round_robin,1,149,1,10.961,12.902,1.0,1.0,40,0,40,0,192,191,191,0.007447,0.012489,0.012948,0,1,1,2209.1
round_robin,1,150,1,10.985,12.801,1.0,1.0,40,0,40,0,192,192,191,0.007551,0.012826,0.012579,1,1,1,2209.1
round_robin,1,151,1,15.06,19.254,1.0,1.0,40,1,40,0,192,192,192,0.019994,0.01259,0.012597,1,1,1,2209.1
round_robin,1,152,11,13.67,15.513,1.0,1.0,38,3,38,0,196,196,195,0.015838,0.012583,0.012589,1,1,1,2209.1
round_robin,1,153,1,13.682,15.546,1.0,1.0,38,4,38,0,196,196,196,0.015875,0.012583,0.012589,1,1,1,2209.1
round_robin,1,154,11,13.684,15.55,1.0,1.0,38,4,38,0,200,200,199,0.015875,0.012625,0.012553,1,1,1,2209.1
round_robin,1,155,1,14.023,15.541,1.0,1.0,38,6,38,0,200,200,200,0.015776,0.013431,0.012861,1,1,1,2209.1
round_robin,1,156,11,13.715,15.633,1.0,1.0,38,7,38,0,204,204,203,0.015967,0.012555,0.012624,1,1,1,2209.1
round_robin,1,157,1,13.618,15.38,1.0,1.0,33,9,33,0,204,204,204,0.01569,0.012574,0.01259,1,1,1,2209.1
round_robin,1,158,11,14.206,15.931,1.0,1.0,33,11,33,0,208,208,207,0.016191,0.01359,0.012837,1,1,1,2209.1
round_robin,1,159,1,14.066,15.553,1.0,1.0,33,12,33,0,208,208,208,0.015771,0.01359,0.012837,1,1,1,2209.1
round_robin,1,160,11,13.697,15.47,1.0,1.0,33,12,33,0,212,212,211,0.015771,0.012562,0.012759,1,1,1,2209.1
round_robin,1,161,1,13.719,15.364,1.0,1.0,27,14,27,0,212,212,212,0.015632,0.012571,0.012955,1,1,1,2209.1
round_robin,1,162,11,13.789,15.459,1.0,1.0,27,15,27,0,216,216,215,0.01575,0.012775,0.012842,1,1,1,2209.1
round_robin,1,163,1,13.807,15.853,1.0,1.0,27,17,27,0,216,216,216,0.016212,0.012589,0.01262,1,1,1,2209.1
round_robin,1,164,11,13.806,15.475,1.0,1.0,27,18,27,0,220,220,219,0.015766,0.012852,0.012801,1,1,1,2209.1
round_robin,1,165,1,13.665,15.507,1.0,1.0,22,20,22,0,220,220,220,0.015808,0.012386,0.012801,1,1,1,2209.1
round_robin,1,166,1,13.599,15.487,1.0,1.0,22,20,22,0,221,220,220,0.015808,0.012386,0.012602,1,1,1,2209.1
round_robin,1,167,10,13.86,15.903,1.0,1.0,22,22,22,0,224,224,223,0.016241,0.012472,0.012866,1,1,1,2209.1
round_robin,1,168,1,14.095,15.751,1.0,1.0,23,23,22,0,224,224,224,0.015981,0.012624,0.013679,1,1,1,2209.1
round_robin,1,169,11,13.956,15.469,1.0,1.0,25,25,16,0,228,228,227,0.015697,0.013416,0.012754,1,1,1,2209.1
round_robin,1,170,1,13.888,15.678,1.0,1.0,26,26,16,0,228,228,228,0.015992,0.012856,0.012816,1,1,1,2209.1
round_robin,1,171,11,13.947,15.614,1.0,1.0,28,28,16,0,232,232,231,0.01586,0.012581,0.0134,1,1,1,2209.1
round_robin,1,172,1,13.947,15.614,1.0,1.0,28,28,16,0,232,232,232,0.01586,0.012581,0.0134,1,1,1,2209.1
round_robin,1,173,11,13.675,15.543,1.0,1.0,29,29,11,0,236,236,235,0.015869,0.012607,0.012548,1,1,1,2209.1
round_robin,1,174,1,13.627,15.475,1.0,1.0,31,31,11,0,236,236,236,0.015797,0.01251,0.012574,1,1,1,2209.1
round_robin,1,175,11,13.84,15.736,1.0,1.0,34,34,11,0,240,240,239,0.016057,0.012847,0.012616,1,1,1,2209.1
round_robin,1,176,1,13.835,15.755,1.0,1.0,34,34,11,0,240,240,240,0.016078,0.012576,0.012852,1,1,1,2209.1
round_robin,1,177,11,13.931,15.559,1.0,1.0,36,36,6,0,244,244,243,0.015798,0.012583,0.013413,1,1,1,2209.1
round_robin,1,178,1,13.931,15.559,1.0,1.0,36,36,6,0,244,244,244,0.015798,0.012583,0.013413,1,1,1,2209.1
round_robin,1,179,11,13.991,15.84,1.0,1.0,37,37,6,0,248,248,247,0.016166,0.012901,0.012905,1,1,1,2209.1
round_robin,2,0,0,15.718,25.46,1.0,1.0,0,0,0,0,0,0,0,0.007691,0.012571,0.026892,1,1,1,2210.5
round_robin,2,1,1,15.983,25.463,0.3333,0.3333,42,42,0,0,1,0,0,0.008453,0.012603,0.026892,1,1,1,2210.5
round_robin,2,2,1,16.259,26.21,0.6667,0.6667,42,42,0,3,1,1,0,0.008453,0.012603,0.027722,1,1,1,2210.5
round_robin,2,3,11,15.918,25.84,0.9883,0.9883,42,42,0,5,5,4,4,0.007429,0.013066,0.027259,1,1,1,2210.5
round_robin,2,4,1,15.678,25.368,0.9899,0.9899,42,42,0,6,5,5,4,0.007689,0.012553,0.026792,1,1,1,2210.5
round_robin,2,5,11,15.397,24.646,0.9968,0.9968,42,42,0,8,9,8,8,0.007429,0.0128,0.025962,1,1,1,2210.5
round_robin,2,6,1,15.606,25.168,0.9971,0.9971,42,42,0,9,9,9,8,0.007421,0.012863,0.026535,1,1,1,2210.5
round_robin,2,7,11,15.709,24.922,0.9985,0.9985,42,42,0,11,13,12,12,0.007481,0.013449,0.026197,1,1,1,2210.5
round_robin,2,8,1,15.709,24.922,0.9986,0.9986,42,42,0,11,13,13,12,0.007481,0.013449,0.026197,1,1,1,2210.5
round_robin,2,9,11,16.01,25.541,0.9992,0.9992,42,42,0,12,17,16,16,0.007793,0.013341,0.026897,1,1,1,2210.5
round_robin,2,10,1,15.6,25.338,0.9992,0.9992,42,42,0,14,17,17,16,0.007428,0.012622,0.026751,1,1,1,2210.5
round_robin,2,11,11,15.51,25.165,0.9995,0.9995,42,42,0,16,21,20,20,0.007399,0.012566,0.026565,1,1,1,2210.5
round_robin,2,12,1,15.731,25.544,0.9995,0.9995,42,42,0,17,21,21,20,0.007384,0.012856,0.026954,1,1,1,2210.5
round_robin,2,13,11,15.64,25.514,0.9996,0.9996,42,42,0,17,25,24,24,0.007414,0.012553,0.026954,1,1,1,2210.5
round_robin,2,14,1,15.503,25.143,0.9996,0.9996,42,42,0,19,25,25,24,0.007414,0.012553,0.026542,1,1,1,2210.5
round_robin,2,15,11,15.456,24.707,0.9997,0.9997,42,42,0,20,29,28,28,0.007402,0.012952,0.026013,1,1,1,2210.5
round_robin,2,16,1,15.681,25.214,0.9997,0.9997,42,42,0,22,29,29,28,0.007471,0.013,0.026571,1,1,1,2210.5
round_robin,2,17,11,15.497,25.134,0.9998,0.9998,42,42,0,23,33,32,32,0.007411,0.012548,0.026533,1,1,1,2210.5
round_robin,2,18,1,15.412,24.803,0.9998,0.9998,42,42,0,25,33,33,32,0.007496,0.012579,0.026161,1,1,1,2210.5
round_robin,2,19,11,15.607,25.393,0.9998,0.9998,42,42,0,27,37,36,36,0.007429,0.012573,0.026818,1,1,1,2210.5
round_robin,2,20,1,15.607,25.393,0.9998,0.9998,42,42,0,27,37,37,36,0.007429,0.012573,0.026818,1,1,1,2210.5
round_robin,2,21,11,15.383,24.67,0.9999,0.9999,42,42,0,28,41,40,40,0.007525,0.012613,0.02601,1,1,1,2210.5
round_robin,2,22,1,15.907,25.88,0.9999,0.9999,42,42,0,30,41,41,40,0.007802,0.01256,0.02736,1,1,1,2210.5
round_robin,2,23,1,15.794,24.743,1.0,1.0,42,42,0,31,41,41,41,0.00844,0.012881,0.026061,1,1,1,2210.5
round_robin,2,24,10,15.6,25.219,0.9999,0.9999,42,42,0,33,45,44,44,0.007583,0.012596,0.026622,1,1,1,2210.5
round_robin,2,25,1,15.778,25.214,0.9999,0.9999,42,42,0,34,45,45,44,0.007399,0.01341,0.026526,1,1,1,2210.5
round_robin,2,26,11,15.778,25.214,0.9999,0.9999,42,42,0,34,49,48,48,0.007399,0.01341,0.026526,1,1,1,2210.5
round_robin,2,27,1,15.425,24.852,0.9999,0.9999,42,42,0,36,49,49,48,0.007469,0.012591,0.026214,1,1,1,2210.5
round_robin,2,28,11,15.519,25.172,0.9999,0.9999,42,42,0,38,53,52,52,0.007384,0.012604,0.026568,1,1,1,2210.5
round_robin,2,29,1,15.509,25.233,0.9999,0.9999,39,38,0,39,53,53,52,0.007405,0.01247,0.026651,1,1,1,2210.5
round_robin,2,30,11,15.338,24.7,0.9999,0.9999,41,38,0,41,57,56,56,0.00739,0.012576,0.026047,1,1,1,2210.5
round_robin,2,31,1,15.459,24.982,0.9999,0.9999,42,38,0,42,57,57,56,0.007418,0.012603,0.026357,1,1,1,2210.5
round_robin,2,32,11,15.459,24.982,0.9999,0.9999,42,38,0,42,61,60,60,0.007418,0.012603,0.026357,1,1,1,2210.5
round_robin,2,33,1,16.41,26.104,0.9999,0.9999,44,33,0,44,61,61,60,0.008807,0.012846,0.027577,1,1,1,2210.5
round_robin,2,34,11,15.643,24.872,0.9999,0.9999,45,33,0,45,65,64,64,0.007888,0.01283,0.02621,1,1,1,2210.5
round_robin,2,35,1,15.385,24.779,0.9999,0.9999,47,33,0,47,65,65,64,0.007439,0.01258,0.026135,1,1,1,2210.5
round_robin,2,36,11,15.662,24.999,1.0,1.0,49,28,0,49,69,68,68,0.007689,0.012961,0.026337,1,1,1,2210.5
round_robin,2,37,1,15.54,24.992,1.0,1.0,49,28,0,49,69,69,68,0.007399,0.012885,0.026337,1,1,1,2210.5
round_robin,2,38,11,15.498,24.878,1.0,1.0,50,28,0,50,73,72,72,0.007399,0.012885,0.026211,1,1,1,2210.5
round_robin,2,39,1,15.452,25.033,1.0,1.0,52,28,0,52,73,73,72,0.007374,0.012563,0.026419,1,1,1,2210.5
round_robin,2,40,11,15.725,25.47,1.0,1.0,53,28,0,53,77,76,76,0.007651,0.012628,0.026897,1,1,1,2210.5
round_robin,2,41,1,15.487,25.116,1.0,1.0,55,22,0,55,77,77,76,0.007371,0.012581,0.026509,1,1,1,2210.5
round_robin,2,42,11,16.183,25.58,1.0,1.0,56,22,0,56,81,80,80,0.008676,0.012882,0.026991,1,1,1,2210.5
round_robin,2,43,1,15.526,25.19,1.0,1.0,58,22,0,58,81,81,80,0.007369,0.012621,0.026587,1,1,1,2210.5
round_robin,2,44,11,15.526,25.19,1.0,1.0,58,22,0,58,85,84,84,0.007369,0.012621,0.026587,1,1,1,2210.5
round_robin,2,45,1,15.343,24.824,1.0,1.0,60,17,0,60,85,85,84,0.007344,0.012489,0.026195,1,1,1,2210.5
round_robin,2,46,1,15.257,24.511,1.0,1.0,61,17,0,61,85,85,85,0.007362,0.01257,0.025838,1,1,1,2210.5
round_robin,2,47,10,15.557,25.295,1.0,1.0,63,17,0,63,89,88,88,0.007428,0.01253,0.026713,1,1,1,2210.5
round_robin,2,48,1,15.516,25.18,1.0,1.0,64,17,0,64,89,89,88,0.007387,0.01258,0.02658,1,1,1,2210.5
round_robin,2,49,11,15.431,24.842,1.0,1.0,66,11,0,66,93,92,92,0.007429,0.012669,0.026195,1,1,1,2210.5
round_robin,2,50,1,15.431,24.842,1.0,1.0,66,11,0,66,93,93,92,0.007429,0.012669,0.026195,1,1,1,2210.5
round_robin,2,51,11,15.563,25.309,1.0,1.0,67,11,0,67,97,96,96,0.00742,0.012543,0.026727,1,1,1,2210.5
round_robin,2,52,1,15.41,24.858,1.0,1.0,69,11,0,69,97,97,96,0.007429,0.012579,0.026222,1,1,1,2210.5
round_robin,2,53,11,15.78,25.294,1.0,1.0,71,6,0,71,101,100,100,0.007427,0.013285,0.026628,1,1,1,2210.5
round_robin,2,54,1,15.373,24.679,1.0,1.0,72,6,0,72,101,101,100,0.007398,0.012714,0.026008,1,1,1,2210.5
round_robin,2,55,11,15.715,24.993,1.0,1.0,74,6,0,74,105,104,104,0.00739,0.013484,0.026272,1,1,1,2210.5
round_robin,2,56,1,15.715,24.993,1.0,1.0,74,6,0,74,105,105,104,0.00739,0.013484,0.026272,1,1,1,2210.5
round_robin,2,57,11,15.984,26.426,1.0,1.0,75,6,0,75,109,108,108,0.007399,0.012588,0.027964,1,1,1,2210.5
round_robin,2,58,1,15.4,24.811,1.0,1.0,77,1,0,77,109,109,108,0.007453,0.012576,0.026171,1,1,1,2210.5
round_robin,2,59,11,15.616,25.06,1.0,1.0,78,1,0,78,113,112,112,0.007468,0.012976,0.026403,1,1,1,2210.5
round_robin,2,60,1,15.62,25.119,1.0,1.0,80,1,0,80,113,113,112,0.007429,0.01296,0.02647,1,0,1,2210.5
round_robin,2,61,1,11.022,12.729,1.0,1.0,78,0,0,78,113,113,113,0.007688,0.012739,0.01264,1,0,1,2210.5
round_robin,2,62,1,11.022,12.729,1.0,1.0,78,0,0,78,114,113,113,0.007688,0.012739,0.01264,1,0,1,2210.5
round_robin,2,63,1,11.439,13.56,1.0,1.0,78,0,0,78,114,114,113,0.007514,0.013599,0.013205,1,0,1,2210.5
round_robin,2,64,1,11.019,12.896,1.0,1.0,78,0,0,78,114,114,114,0.007364,0.012785,0.012908,1,0,1,2210.5
round_robin,2,65,1,11.014,12.957,1.0,1.0,73,0,0,73,115,114,114,0.007427,0.012995,0.012619,1,0,1,2210.5
round_robin,2,66,1,10.897,12.762,1.0,1.0,73,0,0,73,115,115,114,0.007355,0.012786,0.012549,1,0,1,2210.5
round_robin,2,67,1,10.971,12.62,1.0,1.0,73,0,0,73,115,115,115,0.007703,0.012588,0.012623,1,0,1,2210.5
round_robin,2,68,1,10.864,12.62,1.0,1.0,73,0,0,73,116,115,115,0.00738,0.012588,0.012623,1,0,1,2210.5
round_robin,2,69,1,10.835,12.585,1.0,1.0,73,0,0,73,116,116,115,0.00738,0.01259,0.012535,1,0,1,2210.5
round_robin,2,70,1,10.971,12.845,1.0,1.0,67,0,0,67,116,116,116,0.007491,0.012544,0.012879,1,0,1,2210.5
round_robin,2,71,1,10.873,12.603,1.0,1.0,67,0,0,67,117,116,116,0.00747,0.01261,0.012539,1,0,1,2210.5
round_robin,2,72,1,11.211,13.418,1.0,1.0,67,0,0,67,117,117,116,0.007492,0.012635,0.013505,1,0,1,2210.5
round_robin,2,73,1,10.921,12.664,1.0,1.0,63,0,0,63,117,117,117,0.007463,0.012634,0.012667,1,0,1,2210.5
round_robin,2,74,0,10.918,12.664,1.0,1.0,63,0,0,63,117,117,117,0.007453,0.012634,0.012667,1,0,1,2210.5
round_robin,2,75,1,11.199,13.446,1.0,1.0,63,0,0,63,118,117,117,0.007453,0.012605,0.013539,1,0,1,2210.5
round_robin,2,76,1,11.154,12.651,1.0,1.0,63,0,0,63,118,118,117,0.00818,0.012654,0.012627,1,0,1,2210.5
round_robin,2,77,1,11.101,12.886,1.0,1.0,58,0,0,58,118,118,118,0.007771,0.012617,0.012916,1,0,1,2210.5
round_robin,2,78,1,11.041,12.905,1.0,1.0,58,0,0,58,119,118,118,0.007481,0.012926,0.012715,1,0,1,2210.5
round_robin,2,79,1,11.342,13.55,1.0,1.0,58,0,0,58,119,119,118,0.007453,0.012956,0.013616,1,0,1,2210.5
round_robin,2,80,1,11.338,13.55,1.0,1.0,58,0,0,58,119,119,119,0.007441,0.012956,0.013616,1,0,1,2210.5
round_robin,2,81,1,10.879,12.615,1.0,1.0,58,0,0,58,120,119,119,0.007441,0.012577,0.012619,1,0,1,2210.5
round_robin,2,82,1,11.213,13.236,1.0,1.0,52,0,0,52,120,120,119,0.007706,0.01263,0.013303,1,0,1,2210.5
round_robin,2,83,1,11.346,13.807,1.0,1.0,52,0,0,52,120,120,120,0.007487,0.01261,0.01394,1,0,1,2210.5
round_robin,2,84,1,11.013,12.896,1.0,1.0,52,0,0,52,121,120,120,0.007456,0.012922,0.01266,1,0,1,2210.5
round_robin,2,85,1,11.097,12.822,1.0,1.0,47,0,0,47,121,121,120,0.007803,0.012842,0.012646,1,0,1,2210.5
round_robin,2,86,1,10.986,12.822,1.0,1.0,47,0,0,47,121,121,121,0.007471,0.012842,0.012646,1,0,1,2210.5
round_robin,2,87,1,10.943,12.692,1.0,1.0,47,0,0,47,122,121,121,0.007471,0.012695,0.012664,1,0,1,2210.5
round_robin,2,88,1,11.027,12.901,1.0,1.0,47,0,0,47,122,122,121,0.007481,0.012926,0.012673,1,0,1,2210.5
round_robin,2,89,1,10.966,12.801,1.0,1.0,47,0,0,47,122,122,122,0.007466,0.012823,0.012608,1,0,1,2210.5
round_robin,2,90,1,10.866,12.69,1.0,1.0,41,0,0,41,123,122,122,0.007342,0.012705,0.012551,1,1,1,2210.5
round_robin,2,91,11,15.61,25.307,1.0,1.0,41,0,2,41,126,126,126,0.007513,0.026719,0.012598,1,1,1,2210.5
round_robin,2,92,1,15.586,25.307,1.0,1.0,41,0,2,41,127,126,126,0.007442,0.026719,0.012598,1,1,1,2210.5
round_robin,2,93,11,15.368,24.737,1.0,1.0,41,0,3,41,130,130,130,0.007442,0.026089,0.012573,1,1,1,2210.5
round_robin,2,94,1,15.359,24.733,1.0,1.0,36,0,5,36,131,130,130,0.007411,0.026083,0.012583,1,1,1,2210.5
round_robin,2,95,11,15.523,25.067,1.0,1.0,36,0,6,36,134,134,134,0.007509,0.026451,0.01261,1,1,1,2210.5
round_robin,2,96,1,15.516,25.129,1.0,1.0,36,0,8,36,135,134,134,0.00738,0.026515,0.012654,1,1,1,2210.5
round_robin,2,97,11,15.503,25.045,1.0,1.0,36,0,10,36,138,138,138,0.007432,0.026422,0.012655,1,1,1,2210.5
round_robin,2,98,1,15.508,25.045,1.0,1.0,36,0,10,36,139,138,138,0.007448,0.026422,0.012655,1,1,1,2210.5
round_robin,2,99,11,15.7,25.573,1.0,1.0,30,0,11,30,142,142,142,0.007448,0.02701,0.012641,1,1,1,2210.5
round_robin,2,100,1,15.732,25.047,1.0,1.0,30,0,13,30,143,142,142,0.007841,0.026389,0.012965,1,1,1,2210.5
round_robin,2,101,11,15.751,25.686,1.0,1.0,30,0,14,30,146,146,146,0.007436,0.02713,0.012688,1,1,1,2210.5
round_robin,2,102,1,15.653,25.502,1.0,1.0,25,0,16,25,147,146,146,0.007431,0.026937,0.012592,1,1,1,2210.5
round_robin,2,103,0,15.462,24.74,1.0,1.0,25,0,17,25,147,146,146,0.007469,0.026061,0.012856,1,1,1,2210.5
round_robin,2,104,11,15.462,24.74,1.0,1.0,25,0,17,25,150,150,150,0.007469,0.026061,0.012856,1,1,1,2210.5
round_robin,2,105,1,15.665,25.112,1.0,1.0,25,0,19,25,151,150,150,0.007524,0.026456,0.013016,1,1,1,2210.5
round_robin,2,106,11,15.548,25.127,1.0,1.0,21,0,21,20,154,154,154,0.007489,0.026514,0.012641,1,1,1,2210.5
round_robin,2,107,1,15.728,25.654,1.0,1.0,22,0,22,20,155,154,154,0.007449,0.027101,0.012634,1,1,1,2210.5
round_robin,2,108,11,15.836,25.636,1.0,1.0,24,0,24,20,158,158,158,0.007775,0.027079,0.012653,1,1,1,2210.5
round_robin,2,109,1,15.499,25.04,1.0,1.0,25,0,25,20,159,158,158,0.007428,0.026416,0.012653,1,1,1,2210.5
round_robin,2,110,11,15.528,25.048,1.0,1.0,25,0,25,20,162,162,162,0.007428,0.026416,0.01274,1,1,1,2210.5
round_robin,2,111,1,15.575,25.293,1.0,1.0,27,0,27,14,163,162,162,0.007456,0.026708,0.012561,1,1,1,2210.5
round_robin,2,112,11,15.471,24.751,1.0,1.0,29,0,29,14,166,166,166,0.00749,0.026073,0.01285,1,1,1,2210.5
round_robin,2,113,1,15.744,24.805,1.0,1.0,30,0,30,14,167,166,166,0.008531,0.026169,0.012531,1,1,1,2210.5
round_robin,2,114,11,15.53,25.155,1.0,1.0,32,0,32,9,170,170,170,0.007458,0.026552,0.012581,1,1,1,2210.5
round_robin,2,115,1,15.537,25.155,1.0,1.0,32,0,32,9,171,170,170,0.007477,0.026552,0.012581,1,1,1,2210.5
round_robin,2,116,11,15.608,25.159,1.0,1.0,33,0,33,9,174,174,174,0.007477,0.026531,0.012815,1,1,1,2210.5
round_robin,2,117,1,15.364,24.69,1.0,1.0,35,0,35,9,175,174,174,0.007444,0.026032,0.012615,1,1,1,2210.5
round_robin,2,118,11,15.391,24.828,1.0,1.0,36,0,36,3,178,178,178,0.007418,0.02619,0.012566,1,1,1,2210.5
round_robin,2,119,1,15.486,25.11,1.0,1.0,38,0,38,3,179,178,178,0.007412,0.026507,0.01254,1,1,1,2210.5
round_robin,2,120,11,15.571,25.379,1.0,1.0,40,0,40,3,182,182,182,0.007411,0.026811,0.01249,0,1,1,2210.5
round_robin,2,121,1,15.571,25.379,1.0,1.0,40,0,40,3,183,182,182,0.007411,0.026811,0.01249,0,1,1,2210.5
round_robin,2,122,1,10.907,12.649,1.0,1.0,40,0,40,3,183,183,182,0.007428,0.012649,0.012644,0,1,1,2210.5
round_robin,2,123,1,11.25,12.696,1.0,1.0,40,0,40,0,183,183,183,0.008427,0.012704,0.012619,0,1,1,2210.5
round_robin,2,124,1,10.884,12.643,1.0,1.0,40,0,40,0,184,183,183,0.007443,0.012557,0.012653,0,1,1,2210.5
round_robin,2,125,1,10.93,12.683,1.0,1.0,40,0,40,0,184,184,183,0.007471,0.012631,0.012689,0,1,1,2210.5
round_robin,2,126,0,10.934,12.682,1.0,1.0,40,0,40,0,184,184,183,0.00749,0.012622,0.012689,0,1,1,2210.5
round_robin,2,127,1,10.89,12.616,1.0,1.0,40,0,40,0,184,184,184,0.00749,0.012622,0.012559,0,1,1,2210.5
round_robin,2,128,1,10.939,12.678,1.0,1.0,40,0,40,0,185,184,184,0.007486,0.012651,0.012681,0,1,1,2210.5
round_robin,2,129,1,10.928,12.688,1.0,1.0,40,0,40,0,185,185,184,0.007468,0.012696,0.012621,0,1,1,2210.5
round_robin,2,130,1,10.895,12.645,1.0,1.0,40,0,40,0,185,185,185,0.007458,0.012653,0.012574,0,1,1,2210.5
round_robin,2,131,1,10.916,12.646,1.0,1.0,40,0,40,0,186,185,185,0.007466,0.012633,0.012648,0,1,1,2210.5
round_robin,2,132,1,11.243,12.647,1.0,1.0,40,0,40,0,186,186,185,0.008439,0.012641,0.012648,0,1,1,2210.5
round_robin,2,133,1,11.243,12.647,1.0,1.0,40,0,40,0,186,186,186,0.008439,0.012641,0.012648,0,1,1,2210.5
round_robin,2,134,1,11.244,13.352,1.0,1.0,40,0,40,0,187,186,186,0.007494,0.01341,0.012827,0,1,1,2210.5
round_robin,2,135,1,11.187,13.397,1.0,1.0,40,0,40,0,187,187,186,0.007406,0.013477,0.012679,0,1,1,2210.5
round_robin,2,136,1,10.912,12.65,1.0,1.0,40,0,40,0,187,187,187,0.007449,0.012636,0.012652,0,1,1,2210.5
round_robin,2,137,1,10.918,12.643,1.0,1.0,40,0,40,0,188,187,187,0.007485,0.012625,0.012645,0,1,1,2210.5
round_robin,2,138,1,10.941,12.707,1.0,1.0,40,0,40,0,188,188,187,0.007456,0.012713,0.012654,0,1,1,2210.5
round_robin,2,139,1,10.941,12.707,1.0,1.0,40,0,40,0,188,188,188,0.007456,0.012713,0.012654,0,1,1,2210.5
round_robin,2,140,1,11.22,13.476,1.0,1.0,40,0,40,0,189,188,188,0.007487,0.012599,0.013573,0,1,1,2210.5
round_robin,2,141,1,10.916,12.654,1.0,1.0,40,0,40,0,189,189,188,0.007462,0.012657,0.012628,0,1,1,2210.5
round_robin,2,142,1,11.256,13.341,1.0,1.0,40,0,40,0,189,189,189,0.007491,0.013392,0.012886,0,1,1,2210.5
round_robin,2,143,1,10.904,12.641,1.0,1.0,40,0,40,0,190,189,189,0.007448,0.012622,0.012643,0,1,1,2210.5
round_robin,2,144,1,11.112,13.049,1.0,1.0,40,0,40,0,190,190,189,0.007469,0.013078,0.01279,0,1,1,2210.5
round_robin,2,145,1,11.112,13.049,1.0,1.0,40,0,40,0,190,190,190,0.007469,0.013078,0.01279,0,1,1,2210.5
round_robin,2,146,1,10.915,12.684,1.0,1.0,40,0,40,0,191,190,190,0.007468,0.012695,0.012582,0,1,1,2210.5
round_robin,2,147,1,10.91,12.635,1.0,1.0,40,0,40,0,191,191,190,0.00746,0.012634,0.012635,0,1,1,2210.5
round_robin,2,148,1,10.937,12.671,1.0,1.0,40,0,40,0,191,191,191,0.00747,0.012671,0.01267,0,1,1,2210.5
round_robin,2,149,1,10.919,12.672,1.0,1.0,40,0,40,0,192,191,191,0.007498,0.012683,0.012577,0,1,1,2210.5
round_robin,2,150,1,11.074,13.136,1.0,1.0,40,0,40,0,192,192,191,0.007431,0.013196,0.012594,1,1,1,2210.5
round_robin,2,151,1,11.074,13.136,1.0,1.0,40,0,40,0,192,192,192,0.007431,0.013196,0.012594,1,1,1,2210.5
round_robin,2,152,11,15.077,19.223,1.0,1.0,40,1,40,0,196,196,195,0.019951,0.01267,0.012611,1,1,1,2210.5
round_robin,2,153,1,14.191,15.784,1.0,1.0,40,3,40,0,196,196,196,0.016023,0.012913,0.013636,1,1,1,2210.5
round_robin,2,154,11,13.803,15.721,1.0,1.0,40,4,40,0,200,200,199,0.016058,0.012684,0.012668,1,1,1,2210.5
round_robin,2,155,1,13.722,15.518,1.0,1.0,35,6,35,0,200,200,200,0.015833,0.012651,0.012681,1,1,1,2210.5
round_robin,2,156,11,13.752,15.754,1.0,1.0,35,7,35,0,204,204,203,0.016104,0.012551,0.012601,1,1,1,2210.5
round_robin,2,157,1,13.752,15.754,1.0,1.0,35,7,35,0,204,204,204,0.016104,0.012551,0.012601,1,1,1,2210.5
round_robin,2,158,11,13.72,15.681,1.0,1.0,35,9,35,0,208,208,207,0.016021,0.012621,0.012518,1,1,1,2210.5
round_robin,2,159,0,13.861,15.904,1.0,1.0,35,11,35,0,208,208,207,0.016264,0.012662,0.012657,1,1,1,2210.5
round_robin,2,160,1,13.825,15.881,1.0,1.0,29,12,29,0,208,208,208,0.016239,0.01266,0.012575,1,1,1,2210.5
round_robin,2,161,11,13.781,15.732,1.0,1.0,29,14,29,0,212,212,211,0.016075,0.012643,0.012624,1,1,1,2210.5
round_robin,2,162,1,13.774,15.737,1.0,1.0,29,15,29,0,212,212,212,0.016082,0.01263,0.012611,1,1,1,2210.5
round_robin,2,163,11,13.774,15.737,1.0,1.0,29,15,29,0,216,216,215,0.016082,0.01263,0.012611,1,1,1,2210.5
round_robin,2,164,1,13.702,15.678,1.0,1.0,24,17,24,0,216,216,216,0.016021,0.012592,0.012492,1,1,1,2210.5
round_robin,2,165,11,13.704,15.462,1.0,1.0,24,20,24,0,220,220,219,0.015766,0.012722,0.012625,1,1,1,2210.5
round_robin,2,166,1,14.077,16.553,1.0,1.0,24,20,24,0,220,220,220,0.016989,0.012618,0.012624,1,1,1,2210.5
round_robin,2,167,11,13.769,15.727,1.0,1.0,22,22,18,0,224,224,223,0.016069,0.012654,0.012584,1,1,1,2210.5
round_robin,2,168,1,13.707,15.614,1.0,1.0,23,23,18,0,224,224,224,0.01595,0.012588,0.012584,1,1,1,2210.5
round_robin,2,169,11,13.682,15.614,1.0,1.0,23,23,18,0,228,228,227,0.01595,0.012588,0.012508,1,1,1,2210.5
round_robin,2,170,1,13.759,15.658,1.0,1.0,25,25,18,0,228,228,228,0.015991,0.01266,0.012626,1,1,1,2210.5
round_robin,2,171,11,13.723,15.639,1.0,1.0,26,26,18,0,232,232,231,0.015972,0.012643,0.012555,1,1,1,2210.5
round_robin,2,172,1,13.748,15.789,1.0,1.0,28,28,13,0,232,232,232,0.016142,0.012607,0.012495,1,1,1,2210.5
round_robin,2,173,11,13.934,15.807,1.0,1.0,30,30,13,0,236,236,235,0.016104,0.012565,0.013134,1,1,1,2210.5
round_robin,2,174,1,13.91,15.693,1.0,1.0,31,31,13,0,236,236,236,0.015977,0.012619,0.013134,1,1,1,2210.5
round_robin,2,175,11,13.745,15.643,1.0,1.0,31,31,13,0,240,240,239,0.015977,0.012619,0.012638,1,1,1,2210.5
round_robin,2,176,1,13.842,15.881,1.0,1.0,33,33,8,0,240,240,240,0.016238,0.012671,0.012618,1,1,1,2210.5
round_robin,2,177,11,13.778,15.672,1.0,1.0,34,34,8,0,244,244,243,0.016006,0.01267,0.012657,1,1,1,2210.5
round_robin,2,178,1,14.087,16.55,1.0,1.0,36,36,8,0,244,244,244,0.016984,0.012636,0.012641,1,1,1,2210.5
round_robin,2,179,11,14.085,15.532,1.0,1.0,37,37,8,0,248,248,247,0.015741,0.01365,0.012865,1,1,1,2210.5
round_robin,3,0,0,15.464,24.999,1.0,1.0,0,0,0,0,0,0,0,0.00739,0.01263,0.026373,1,1,1,1866.7
round_robin,3,1,1,15.816,25.212,0.3333,0.3333,41,41,0,3,1,0,0,0.007878,0.013,0.026569,1,1,1,1866.7
round_robin,3,2,1,15.352,24.778,0.6667,0.6667,41,41,0,4,1,1,0,0.00731,0.012615,0.02613,1,1,1,1866.7
round_robin,3,3,11,15.273,24.458,0.9883,0.9883,41,41,0,6,5,4,4,0.00748,0.012559,0.02578,1,1,1,1866.7
round_robin,3,4,1,15.393,24.82,0.9899,0.9899,41,41,0,7,5,5,4,0.007486,0.012506,0.026188,1,1,1,1866.7
round_robin,3,5,11,15.402,24.82,0.9968,0.9968,41,41,0,7,9,8,8,0.007512,0.012506,0.026188,1,1,1,1866.7
round_robin,3,6,1,15.441,24.866,0.9971,0.9971,41,41,0,9,9,9,8,0.007512,0.012581,0.026231,1,1,1,1866.7
round_robin,3,7,11,15.72,24.785,0.9985,0.9985,41,41,0,14,13,12,12,0.00843,0.012589,0.02614,1,1,1,1866.7
round_robin,3,8,1,15.9,25.302,0.9986,0.9986,41,41,0,12,13,13,12,0.00747,0.013632,0.026599,1,1,1,1866.7
round_robin,3,9,11,15.669,25.506,0.9992,0.9992,41,41,0,14,17,16,16,0.007448,0.012623,0.026937,1,1,1,1866.7
round_robin,3,10,1,15.508,25.008,0.9992,0.9992,41,41,0,15,17,17,16,0.007494,0.01265,0.026381,1,1,1,1866.7
round_robin,3,11,11,15.508,25.008,0.9995,0.9995,41,41,0,15,21,20,20,0.007494,0.01265,0.026381,1,1,1,1866.7
round_robin,3,12,1,15.609,24.976,0.9995,0.9995,41,41,0,17,21,21,20,0.007437,0.013093,0.026296,1,1,1,1866.7
round_robin,3,13,11,15.681,25.55,0.9996,0.9996,41,41,0,18,25,24,24,0.007482,0.01257,0.026992,1,1,1,1866.7
round_robin,3,14,1,15.622,25.136,0.9996,0.9996,41,41,0,20,25,25,24,0.007457,0.012915,0.026494,1,1,1,1866.7
round_robin,3,15,11,15.386,24.805,0.9997,0.9997,41,41,0,22,29,28,28,0.007431,0.012563,0.026165,1,1,1,1866.7
round_robin,3,16,1,15.871,24.909,0.9997,0.9997,41,41,0,22,29,29,28,0.00784,0.013609,0.026165,1,1,1,1866.7
round_robin,3,17,11,15.887,24.951,0.9998,0.9998,41,41,0,23,33,32,32,0.00784,0.013609,0.026211,1,1,1,1866.7
round_robin,3,18,1,15.771,24.95,0.9998,0.9998,41,41,0,25,33,33,32,0.008389,0.012602,0.026322,1,1,1,1866.7
round_robin,3,19,11,15.372,24.63,0.9998,0.9998,41,41,0,26,37,36,36,0.007512,0.012641,0.025962,1,1,1,1866.7
round_robin,3,20,1,15.409,24.763,0.9998,0.9998,41,41,0,28,37,37,36,0.007467,0.01265,0.026109,1,1,1,1866.7
round_robin,3,21,11,15.433,24.854,0.9999,0.9999,41,41,0,29,41,40,40,0.007473,0.012612,0.026214,1,1,1,1866.7
round_robin,3,22,1,15.448,24.857,0.9999,0.9999,41,41,0,29,41,41,40,0.007488,0.012643,0.026214,1,1,1,1866.7
round_robin,3,23,1,15.578,25.207,1.0,1.0,41,41,0,31,41,41,41,0.007488,0.012643,0.026603,1,1,1,1866.7
round_robin,3,24,10,15.56,25.151,0.9999,0.9999,41,41,0,33,45,44,44,0.007487,0.012653,0.02654,1,1,1,1866.7
round_robin,3,25,1,15.896,25.762,0.9999,0.9999,41,41,0,34,45,45,44,0.00782,0.012649,0.027219,1,1,1,1866.7
round_robin,3,26,11,15.93,25.068,0.9999,0.9999,41,41,0,36,49,48,48,0.008476,0.012893,0.026421,1,1,1,1866.7
round_robin,3,27,1,15.459,24.884,0.9999,0.9999,40,40,0,37,49,49,48,0.007495,0.012637,0.026245,1,1,1,1866.7
round_robin,3,28,11,15.442,24.884,0.9999,0.9999,40,40,0,37,53,52,52,0.007444,0.012637,0.026245,1,1,1,1866.7
round_robin,3,29,1,15.429,24.824,0.9999,0.9999,40,40,0,39,53,53,52,0.007444,0.012669,0.026175,1,1,1,1866.7
round_robin,3,30,11,15.441,24.806,0.9999,0.9999,41,40,0,41,57,56,56,0.007499,0.01267,0.026154,1,1,1,1866.7
round_robin,3,31,1,18.672,25.552,0.9999,0.9999,42,34,0,42,57,57,56,0.01688,0.012619,0.026516,1,1,1,1866.7
round_robin,3,32,11,15.447,24.882,0.9999,0.9999,44,34,0,44,61,60,60,0.007468,0.012629,0.026243,1,1,1,1866.7
round_robin,3,33,1,15.447,24.96,0.9999,0.9999,45,34,0,45,61,61,60,0.007384,0.012626,0.026331,1,1,1,1866.7
round_robin,3,34,11,15.447,24.96,0.9999,0.9999,45,34,0,45,65,64,64,0.007384,0.012626,0.026331,1,1,1,1866.7
round_robin,3,35,1,15.589,25.209,0.9999,0.9999,47,29,0,47,65,65,64,0.007484,0.012682,0.026601,1,1,1,1866.7
round_robin,3,36,11,15.613,25.018,1.0,1.0,48,29,0,48,69,68,68,0.007475,0.013011,0.026352,1,1,1,1866.7
round_robin,3,37,1,15.864,25.674,1.0,1.0,50,29,0,50,69,69,68,0.007461,0.013054,0.027076,1,1,1,1866.7
round_robin,3,38,11,15.715,25.58,1.0,1.0,52,29,0,52,73,72,72,0.007448,0.012685,0.027013,1,1,1,1866.7
round_robin,3,39,1,15.693,25.57,1.0,1.0,52,24,0,52,73,73,72,0.007481,0.012586,0.027013,1,1,1,1866.7
round_robin,3,40,11,15.472,24.973,1.0,1.0,53,24,0,53,77,76,76,0.007481,0.012586,0.026349,1,1,1,1866.7
round_robin,3,41,1,15.566,25.191,1.0,1.0,55,24,0,55,77,77,76,0.007471,0.012642,0.026585,1,1,1,1866.7
round_robin,3,42,11,15.69,25.531,1.0,1.0,56,24,0,56,81,80,80,0.007486,0.012618,0.026966,1,1,1,1866.7
round_robin,3,43,1,15.509,25.022,1.0,1.0,58,18,0,58,81,81,80,0.007493,0.012635,0.026398,1,1,1,1866.7
round_robin,3,44,11,15.454,24.914,1.0,1.0,59,18,0,59,85,84,84,0.007486,0.012592,0.026283,1,1,1,1866.7
round_robin,3,45,1,15.426,24.914,1.0,1.0,59,18,0,59,85,85,84,0.007402,0.012592,0.026283,1,1,1,1866.7
round_robin,3,46,1,15.516,24.951,1.0,1.0,61,18,0,61,85,85,85,0.007402,0.012849,0.026296,1,1,1,1866.7
round_robin,3,47,10,16.338,25.955,1.0,1.0,63,18,0,63,89,88,88,0.008365,0.013287,0.027363,1,1,1,1866.7
round_robin,3,48,1,15.549,25.098,1.0,1.0,64,13,0,64,89,89,88,0.007486,0.012684,0.026477,1,1,1,1866.7
round_robin,3,49,11,15.574,25.128,1.0,1.0,66,13,0,66,93,92,92,0.007559,0.01265,0.026514,1,1,1,1866.7
round_robin,3,50,1,15.528,25.095,1.0,1.0,67,13,0,67,93,93,92,0.007453,0.012654,0.026477,1,1,1,1866.7
round_robin,3,51,11,15.528,25.095,1.0,1.0,67,13,0,67,97,96,96,0.007453,0.012654,0.026477,1,1,1,1866.7
round_robin,3,52,1,15.745,25.621,1.0,1.0,69,8,0,69,97,97,96,0.007525,0.012649,0.027062,1,1,1,1866.7
round_robin,3,53,11,15.879,25.858,1.0,1.0,71,8,0,71,101,100,100,0.007435,0.012903,0.027298,1,1,1,1866.7
round_robin,3,54,1,15.505,25.011,1.0,1.0,72,8,0,72,101,101,100,0.007489,0.01264,0.026386,1,1,1,1866.7
round_robin,3,55,11,15.56,25.18,1.0,1.0,74,2,0,74,105,104,104,0.007462,0.012645,0.026573,1,1,1,1866.7
round_robin,3,56,1,16.151,25.856,1.0,1.0,75,2,0,75,105,105,104,0.008395,0.012746,0.027313,1,1,1,1866.7
round_robin,3,57,11,16.151,25.856,1.0,1.0,75,2,0,75,109,108,108,0.008395,0.012746,0.027313,1,1,1,1866.7
round_robin,3,58,1,15.798,25.563,1.0,1.0,77,2,0,77,109,109,108,0.007462,0.012968,0.026963,1,1,1,1866.7
round_robin,3,59,11,15.512,24.995,1.0,1.0,78,2,0,78,113,112,112,0.007493,0.012679,0.026363,1,1,1,1866.7
round_robin,3,60,1,15.492,24.995,1.0,1.0,79,0,0,79,113,113,112,0.007478,0.01263,0.026369,1,0,1,1866.7
round_robin,3,61,1,10.899,12.627,1.0,1.0,79,0,0,79,113,113,113,0.007452,0.012616,0.012628,1,0,1,1866.7
round_robin,3,62,1,10.905,12.628,1.0,1.0,79,0,0,79,114,113,113,0.007462,0.012624,0.012628,1,0,1,1866.7
round_robin,3,63,1,10.87,12.614,1.0,1.0,79,0,0,79,114,114,113,0.007462,0.012624,0.012525,1,0,1,1866.7
round_robin,3,64,1,10.918,12.648,1.0,1.0,75,0,0,75,114,114,114,0.007467,0.012639,0.012649,1,0,1,1866.7
round_robin,3,65,1,10.882,12.654,1.0,1.0,75,0,0,75,115,114,114,0.007465,0.012511,0.01267,1,0,1,1866.7
round_robin,3,66,1,11.339,13.527,1.0,1.0,75,0,0,75,115,115,114,0.007482,0.013592,0.012942,1,0,1,1866.7
round_robin,3,67,1,10.848,12.611,1.0,1.0,69,0,0,69,115,115,115,0.007479,0.012631,0.012433,1,0,1,1866.7
round_robin,3,68,1,11.373,13.627,1.0,1.0,69,0,0,69,116,115,115,0.007519,0.013709,0.012892,1,0,1,1866.7
round_robin,3,69,1,11.373,13.627,1.0,1.0,69,0,0,69,116,116,115,0.007519,0.013709,0.012892,1,0,1,1866.7
round_robin,3,70,1,11.055,13.008,1.0,1.0,69,0,0,69,116,116,116,0.007492,0.012622,0.013051,1,0,1,1866.7
round_robin,3,71,1,10.933,12.663,1.0,1.0,69,0,0,69,117,116,116,0.007476,0.012663,0.012661,1,0,1,1866.7
round_robin,3,72,1,10.93,12.673,1.0,1.0,64,0,0,64,117,117,116,0.007484,0.012678,0.012627,1,0,1,1866.7
round_robin,3,73,1,10.962,12.75,1.0,1.0,64,0,0,64,117,117,117,0.007476,0.01265,0.012761,1,0,1,1866.7
round_robin,3,74,1,10.891,12.658,1.0,1.0,64,0,0,64,118,117,117,0.007436,0.012668,0.012568,1,0,1,1866.7
round_robin,3,75,1,10.891,12.658,1.0,1.0,64,0,0,64,118,118,117,0.007436,0.012668,0.012568,1,0,1,1866.7
round_robin,3,76,0,10.936,12.667,1.0,1.0,58,0,0,58,118,118,117,0.007492,0.012669,0.012646,1,0,1,1866.7
round_robin,3,77,1,10.899,12.633,1.0,1.0,58,0,0,58,118,118,118,0.00745,0.012612,0.012635,1,0,1,1866.7
round_robin,3,78,1,10.906,12.653,1.0,1.0,58,0,0,58,119,118,118,0.007418,0.012654,0.012645,1,0,1,1866.7
round_robin,3,79,1,10.886,12.635,1.0,1.0,58,0,0,58,119,119,118,0.007441,0.012642,0.012575,1,0,1,1866.7
round_robin,3,80,1,10.847,12.582,1.0,1.0,53,0,0,53,119,119,119,0.007421,0.012588,0.012532,1,0,1,1866.7
round_robin,3,81,1,10.831,12.582,1.0,1.0,53,0,0,53,120,119,119,0.007373,0.012588,0.012532,1,0,1,1866.7
round_robin,3,82,1,10.833,12.572,1.0,1.0,53,0,0,53,120,120,119,0.007373,0.01255,0.012575,1,0,1,1866.7
round_robin,3,83,1,11.322,13.539,1.0,1.0,53,0,0,53,120,120,120,0.007461,0.012895,0.013611,1,0,1,1866.7
round_robin,3,84,1,10.91,12.63,1.0,1.0,48,0,0,48,121,120,120,0.007483,0.012632,0.012616,1,0,1,1866.7
round_robin,3,85,1,11.011,12.895,1.0,1.0,48,0,0,48,121,121,120,0.007474,0.012924,0.012634,1,0,1,1866.7
round_robin,3,86,1,10.903,12.64,1.0,1.0,48,0,0,48,121,121,121,0.007485,0.012647,0.012577,1,0,1,1866.7
round_robin,3,87,1,10.896,12.62,1.0,1.0,48,0,0,48,122,121,121,0.007486,0.012625,0.012577,1,0,1,1866.7
round_robin,3,88,1,11.024,12.927,1.0,1.0,48,0,0,48,122,122,121,0.007486,0.012625,0.012961,1,0,1,1866.7
round_robin,3,89,1,11.038,12.977,1.0,1.0,43,0,0,43,122,122,122,0.007463,0.012637,0.013015,1,0,1,1866.7
round_robin,3,90,1,10.936,12.666,1.0,1.0,43,0,0,43,123,122,122,0.007487,0.012667,0.012655,1,1,1,1866.7
round_robin,3,91,11,15.921,25.357,1.0,1.0,43,0,2,43,126,126,126,0.00748,0.026661,0.013623,1,1,1,1866.7
round_robin,3,92,1,15.689,25.5,1.0,1.0,38,0,3,38,127,126,126,0.007492,0.026928,0.012647,1,1,1,1866.7
round_robin,3,93,11,15.688,25.5,1.0,1.0,38,0,3,38,130,130,130,0.007488,0.026928,0.012647,1,1,1,1866.7
round_robin,3,94,1,15.539,25.126,1.0,1.0,38,0,5,38,131,130,130,0.007488,0.026516,0.012614,1,1,1,1866.7
round_robin,3,95,11,16.091,25.735,1.0,1.0,38,0,6,38,134,134,134,0.007649,0.027091,0.013534,1,1,1,1866.7
round_robin,3,96,1,16.629,26.478,1.0,1.0,33,0,8,33,135,134,134,0.008366,0.027908,0.013612,1,1,1,1866.7
round_robin,3,97,11,15.506,24.991,1.0,1.0,33,0,9,33,138,138,138,0.007554,0.026368,0.012596,1,1,1,1866.7
round_robin,3,98,1,15.59,25.191,1.0,1.0,33,0,11,33,139,138,138,0.007472,0.026577,0.01272,1,1,1,1866.7
round_robin,3,99,11,15.912,25.191,1.0,1.0,33,0,11,33,142,142,142,0.00844,0.026577,0.01272,1,1,1,1866.7
round_robin,3,100,1,15.805,25.013,1.0,1.0,33,0,13,33,143,142,142,0.00844,0.026394,0.012582,1,1,1,1866.7
round_robin,3,101,11,15.693,25.603,1.0,1.0,27,0,14,27,146,146,146,0.007465,0.027052,0.012561,1,1,1,1866.7
round_robin,3,102,1,15.491,24.919,1.0,1.0,27,0,16,27,147,146,146,0.007523,0.02628,0.01267,1,1,1,1866.7
round_robin,3,103,7,15.591,24.908,1.0,1.0,27,0,17,27,149,149,148,0.00787,0.026272,0.012631,1,1,1,1866.7
round_robin,3,104,4,15.33,24.66,1.0,1.0,22,0,19,22,150,150,150,0.007425,0.026005,0.01256,1,1,1,1866.7
round_robin,3,105,1,15.33,24.66,1.0,1.0,22,0,19,22,151,150,150,0.007425,0.026005,0.01256,1,1,1,1866.7
round_robin,3,106,11,15.435,24.796,1.0,1.0,24,0,24,22,154,154,154,0.007485,0.026143,0.012678,1,1,1,1866.7
round_robin,3,107,1,15.829,24.971,1.0,1.0,22,0,22,22,155,154,154,0.008447,0.026334,0.012706,1,1,1,1866.7
round_robin,3,108,11,15.519,25.068,1.0,1.0,24,0,24,16,158,158,158,0.007493,0.026452,0.012612,1,1,1,1866.7
round_robin,3,109,1,15.437,24.907,1.0,1.0,25,0,25,16,159,158,158,0.007459,0.026277,0.012576,1,1,1,1866.7
round_robin,3,110,11,15.602,25.313,1.0,1.0,27,0,27,16,162,162,162,0.007503,0.026728,0.012576,1,1,1,1866.7
round_robin,3,111,1,15.572,25.304,1.0,1.0,27,0,27,16,163,162,162,0.007503,0.026728,0.012486,1,1,1,1866.7
round_robin,3,112,11,15.497,25.033,1.0,1.0,28,0,28,16,166,166,166,0.007475,0.026414,0.012603,1,1,1,1866.7
round_robin,3,113,1,15.489,25.004,1.0,1.0,30,0,30,11,167,166,166,0.00746,0.026379,0.012627,1,1,1,1866.7
round_robin,3,114,11,15.697,25.507,1.0,1.0,32,0,32,11,170,170,170,0.007478,0.026932,0.01268,1,1,1,1866.7
round_robin,3,115,1,15.623,25.304,1.0,1.0,33,0,33,11,171,170,170,0.00748,0.026707,0.012681,1,1,1,1866.7
round_robin,3,116,11,15.829,24.949,1.0,1.0,35,0,35,11,174,174,174,0.008494,0.026312,0.012681,1,1,1,1866.7
round_robin,3,117,1,15.883,24.965,1.0,1.0,35,0,35,6,175,174,174,0.008494,0.026312,0.012844,1,1,1,1866.7
round_robin,3,118,11,15.618,25.013,1.0,1.0,36,0,36,6,178,178,178,0.00747,0.026344,0.013039,1,1,1,1866.7
round_robin,3,119,1,15.905,25.973,1.0,1.0,38,0,38,6,179,178,178,0.007453,0.027433,0.012829,1,1,1,1866.7
round_robin,3,120,11,15.52,25.146,1.0,1.0,39,0,39,6,182,182,182,0.007464,0.026545,0.012552,0,1,1,1866.7
round_robin,3,121,1,10.91,12.655,1.0,1.0,40,0,40,0,183,182,182,0.00742,0.012655,0.012655,0,1,1,1866.7
round_robin,3,122,1,10.923,12.655,1.0,1.0,40,0,40,0,183,183,182,0.007459,0.012655,0.012655,0,1,1,1866.7
round_robin,3,123,1,10.927,12.672,1.0,1.0,40,0,40,0,183,183,183,0.007459,0.012647,0.012675,0,1,1,1866.7
round_robin,3,124,1,10.909,12.616,1.0,1.0,40,0,40,0,184,183,183,0.007512,0.012596,0.012618,0,1,1,1866.7
round_robin,3,125,1,10.948,12.678,1.0,1.0,40,0,40,0,184,184,183,0.007495,0.012671,0.012679,0,1,1,1866.7
round_robin,3,126,1,11.076,13.042,1.0,1.0,40,0,40,0,184,184,184,0.007499,0.012642,0.013086,0,1,1,1866.7
round_robin,3,127,1,10.91,12.637,1.0,1.0,40,0,40,0,185,184,184,0.007465,0.012638,0.012627,0,1,1,1866.7
round_robin,3,128,1,10.93,12.637,1.0,1.0,40,0,40,0,185,185,184,0.007525,0.012638,0.012627,0,1,1,1866.7
round_robin,3,129,1,10.949,12.68,1.0,1.0,40,0,40,0,185,185,185,0.007525,0.012636,0.012685,0,1,1,1866.7
round_robin,3,130,1,10.899,12.639,1.0,1.0,40,0,40,0,186,185,185,0.007457,0.012643,0.012598,0,1,1,1866.7
round_robin,3,131,0,11.581,13.443,1.0,1.0,40,0,40,0,186,185,185,0.008438,0.012791,0.013515,0,1,1,1866.7
round_robin,3,132,1,10.965,12.642,1.0,1.0,40,0,40,0,186,186,185,0.007652,0.012597,0.012647,0,1,1,1866.7
round_robin,3,133,1,10.88,12.62,1.0,1.0,40,0,40,0,186,186,186,0.007426,0.012592,0.012623,0,1,1,1866.7
round_robin,3,134,1,10.924,12.647,1.0,1.0,40,0,40,0,187,186,186,0.007499,0.01265,0.012623,0,1,1,1866.7
round_robin,3,135,1,10.916,12.645,1.0,1.0,40,0,40,0,187,187,186,0.007499,0.01265,0.0126,0,1,1,1866.7
round_robin,3,136,1,11.011,13.024,1.0,1.0,40,0,40,0,187,187,187,0.007384,0.012575,0.013074,0,1,1,1866.7
round_robin,3,137,1,11.337,12.961,1.0,1.0,40,0,40,0,188,187,187,0.008339,0.012992,0.012681,0,1,1,1866.7
round_robin,3,138,1,10.915,12.661,1.0,1.0,40,0,40,0,188,188,187,0.007444,0.012663,0.012638,0,1,1,1866.7
round_robin,3,139,1,10.885,12.638,1.0,1.0,40,0,40,0,188,188,188,0.00748,0.012526,0.01265,0,1,1,1866.7
round_robin,3,140,1,11.042,12.975,1.0,1.0,40,0,40,0,189,188,188,0.007464,0.013011,0.01265,0,1,1,1866.7
round_robin,3,141,1,11.038,12.974,1.0,1.0,40,0,40,0,189,189,188,0.007464,0.013011,0.01264,0,1,1,1866.7
round_robin,3,142,1,10.923,12.697,1.0,1.0,40,0,40,0,189,189,189,0.007434,0.01263,0.012705,0,1,1,1866.7
round_robin,3,143,1,10.893,12.661,1.0,1.0,40,0,40,0,190,189,189,0.007432,0.012578,0.01267,0,1,1,1866.7
round_robin,3,144,1,10.891,12.604,1.0,1.0,40,0,40,0,190,190,189,0.007489,0.012577,0.012607,0,1,1,1866.7
round_robin,3,145,1,10.923,12.718,1.0,1.0,40,0,40,0,190,190,190,0.007427,0.012611,0.01273,0,1,1,1866.7
round_robin,3,146,1,10.996,12.715,1.0,1.0,40,0,40,0,191,190,190,0.007683,0.012576,0.01273,0,1,1,1866.7
round_robin,3,147,1,10.95,12.589,1.0,1.0,40,0,40,0,191,191,190,0.007683,0.012576,0.01259,0,1,1,1866.7
round_robin,3,148,1,10.921,12.671,1.0,1.0,40,0,40,0,191,191,191,0.007451,0.012636,0.012675,0,1,1,1866.7
round_robin,3,149,1,11.323,12.648,1.0,1.0,40,0,40,0,192,191,191,0.008713,0.012603,0.012653,0,1,1,1866.7
round_robin,3,150,1,10.991,12.803,1.0,1.0,40,0,40,0,192,192,191,0.007495,0.012819,0.012658,1,1,1,1866.7
round_robin,3,151,1,15.115,19.441,1.0,1.0,40,1,40,0,192,192,192,0.020196,0.012503,0.012645,1,1,1,1866.7
round_robin,3,152,11,13.781,15.748,1.0,1.0,40,3,40,0,196,196,195,0.016093,0.012606,0.012645,1,1,1,1866.7
round_robin,3,153,1,13.756,15.744,1.0,1.0,40,3,40,0,196,196,196,0.016093,0.012606,0.012568,1,1,1,1866.7
round_robin,3,154,11,13.72,15.59,1.0,1.0,36,4,36,0,200,200,199,0.015918,0.012601,0.012641,1,1,1,1866.7
round_robin,3,155,1,14.108,16.604,1.0,1.0,36,6,36,0,200,200,200,0.017043,0.01265,0.01263,1,1,1,1866.7
round_robin,3,156,11,14.212,16.869,1.0,1.0,36,7,36,0,204,204,203,0.017335,0.012624,0.012678,1,1,1,1866.7
round_robin,3,157,1,13.826,15.815,1.0,1.0,30,9,30,0,204,204,204,0.016166,0.012659,0.012654,1,1,1,1866.7
round_robin,3,158,11,13.834,15.823,1.0,1.0,30,11,30,0,208,208,207,0.016173,0.012674,0.012654,1,1,1,1866.7
round_robin,3,159,1,13.826,15.823,1.0,1.0,30,11,30,0,208,208,208,0.016173,0.012674,0.012631,1,1,1,1866.7
round_robin,3,160,11,13.998,16.241,1.0,1.0,30,12,30,0,212,212,211,0.016633,0.01265,0.012711,1,1,1,1866.7
round_robin,3,161,1,13.838,15.742,1.0,1.0,30,14,30,0,212,212,212,0.016057,0.012546,0.01291,1,1,1,1866.7
round_robin,3,162,11,13.786,15.705,1.0,1.0,26,15,26,0,216,216,215,0.016043,0.012665,0.01265,1,1,1,1866.7
round_robin,3,163,0,13.84,15.799,1.0,1.0,26,17,26,0,216,216,215,0.016144,0.012683,0.012693,1,1,1,1866.7
round_robin,3,164,1,13.804,15.701,1.0,1.0,26,18,26,0,216,216,216,0.016035,0.012683,0.012693,1,1,1,1866.7
round_robin,3,165,11,13.772,15.708,1.0,1.0,26,18,26,0,220,220,219,0.016035,0.012763,0.012519,1,1,1,1866.7
round_robin,3,166,1,14.071,15.769,1.0,1.0,21,20,21,0,220,220,220,0.016013,0.01263,0.013571,1,1,1,1866.7
round_robin,3,167,11,14.075,16.492,1.0,1.0,22,22,21,0,224,224,223,0.016912,0.012708,0.012605,1,1,1,1866.7
round_robin,3,168,1,14.083,16.513,1.0,1.0,23,23,21,0,224,224,224,0.016942,0.012657,0.01265,1,1,1,1866.7
round_robin,3,169,11,13.776,15.665,1.0,1.0,25,25,21,0,228,228,227,0.015996,0.012687,0.012646,1,1,1,1866.7
round_robin,3,170,1,13.781,15.679,1.0,1.0,26,26,21,0,228,228,228,0.016011,0.012687,0.012646,1,1,1,1866.7
round_robin,3,171,11,13.782,15.677,1.0,1.0,26,26,15,0,232,232,231,0.016011,0.012669,0.012666,1,1,1,1866.7
round_robin,3,172,1,13.783,15.732,1.0,1.0,28,28,15,0,232,232,232,0.01607,0.012688,0.012592,1,1,1,1866.7
round_robin,3,173,11,13.697,15.617,1.0,1.0,29,29,15,0,236,236,235,0.015951,0.012527,0.012612,1,1,1,1866.7
round_robin,3,174,1,13.914,15.819,1.0,1.0,31,31,10,0,236,236,236,0.016128,0.013039,0.012576,1,1,1,1866.7
round_robin,3,175,11,13.827,15.717,1.0,1.0,33,33,10,0,240,240,239,0.016042,0.012644,0.012795,1,1,1,1866.7
round_robin,3,176,1,13.827,15.717,1.0,1.0,33,33,10,0,240,240,240,0.016042,0.012644,0.012795,1,1,1,1866.7
round_robin,3,177,11,14.413,16.677,1.0,1.0,34,34,10,0,244,244,243,0.017016,0.012598,0.013624,1,1,1,1866.7
round_robin,3,178,1,13.724,15.637,1.0,1.0,36,36,5,0,244,244,244,0.01597,0.012636,0.012567,1,1,1,1866.7
round_robin,3,179,11,13.859,15.916,1.0,1.0,37,37,5,0,248,248,247,0.016279,0.012651,0.012648,1,1,1,1866.7
weighted_round_robin,1,0,0,15.452,24.901,1.0,1.0,0,0,0,0,0,0,0,0.007511,0.012575,0.026271,1,1,1,2208.3
weighted_round_robin,1,1,1,15.764,25.63,0.3333,0.3333,41,41,0,3,1,0,0,0.00745,0.012786,0.027057,1,1,1,2208.3
weighted_round_robin,1,2,1,15.663,25.468,0.6667,0.6667,41,41,0,4,1,1,0,0.007447,0.012649,0.026892,1,1,1,2208.3
weighted_round_robin,1,3,11,15.493,24.994,0.9883,0.9883,41,41,0,6,5,4,4,0.007442,0.012673,0.026363,1,1,1,2208.3
weighted_round_robin,1,4,1,15.483,24.994,0.9899,0.9899,41,41,0,6,5,5,4,0.007414,0.012673,0.026363,1,1,1,2208.3
weighted_round_robin,1,5,11,15.468,24.986,0.9968,0.9968,41,41,0,7,9,8,8,0.007414,0.01263,0.026359,1,1,1,2208.3
weighted_round_robin,1,6,1,15.524,25.103,0.9971,0.9971,41,41,0,9,9,9,8,0.00744,0.012644,0.026487,1,1,1,2208.3
weighted_round_robin,1,7,11,15.519,25.118,0.9985,0.9985,41,41,0,11,13,12,12,0.007438,0.012611,0.026508,1,1,1,2208.3
weighted_round_robin,1,8,1,15.525,25.112,0.9986,0.9986,41,41,0,12,13,13,12,0.007458,0.012618,0.0265,1,1,1,2208.3
weighted_round_robin,1,9,11,15.515,25.088,0.9992,0.9992,41,41,0,14,17,16,16,0.007425,0.012649,0.02647,1,1,1,2208.3
weighted_round_robin,1,10,1,15.515,25.088,0.9992,0.9992,41,41,0,14,17,17,16,0.007425,0.012649,0.02647,1,1,1,2208.3
weighted_round_robin,1,11,11,15.89,25.883,0.9995,0.9995,41,41,0,15,21,20,20,0.007453,0.01289,0.027327,1,1,1,2208.3
weighted_round_robin,1,12,1,16.117,25.587,0.9995,0.9995,41,41,0,17,21,21,20,0.008397,0.012963,0.02699,1,1,1,2208.3
weighted_round_robin,1,13,11,15.498,25.077,0.9996,0.9996,41,41,0,18,25,24,24,0.007427,0.012604,0.026463,1,1,1,2208.3
weighted_round_robin,1,14,1,15.937,25.922,0.9996,0.9996,41,41,0,20,25,25,24,0.00747,0.012982,0.02736,1,1,1,2208.3
weighted_round_robin,1,15,11,15.848,25.887,0.9997,0.9997,41,41,0,20,29,28,28,0.007558,0.012627,0.02736,1,1,1,2208.3
weighted_round_robin,1,16,1,15.672,25.412,0.9997,0.9997,41,41,0,22,29,29,28,0.007558,0.012627,0.026832,1,1,1,2208.3
weighted_round_robin,1,17,11,15.493,24.998,0.9998,0.9998,41,41,0,23,33,32,32,0.007483,0.012623,0.026373,1,1,1,2208.3
weighted_round_robin,1,18,1,15.509,25.041,0.9998,0.9998,41,41,0,25,33,33,32,0.007465,0.012644,0.026418,1,1,1,2208.3
weighted_round_robin,1,19,11,15.498,25.049,0.9998,0.9998,41,41,0,26,37,36,36,0.007439,0.012626,0.026429,1,1,1,2208.3
weighted_round_robin,1,20,1,15.841,26.009,0.9998,0.9998,41,41,0,28,37,37,36,0.007425,0.012599,0.027499,1,1,1,2208.3
weighted_round_robin,1,21,1,15.929,26.029,1.0,1.0,41,41,0,28,37,37,37,0.007485,0.012804,0.027499,1,1,1,2208.3
weighted_round_robin,1,22,10,15.425,24.667,0.9999,0.9999,41,41,0,30,41,40,40,0.007485,0.012804,0.025985,1,1,1,2208.3
weighted_round_robin,1,23,1,15.482,24.967,0.9999,0.9999,41,41,0,31,41,41,40,0.007485,0.012624,0.026338,1,1,1,2208.3
weighted_round_robin,1,24,11,15.442,24.897,0.9999,0.9999,41,41,0,33,45,44,44,0.007477,0.012583,0.026265,1,1,1,2208.3
weighted_round_robin,1,25,1,15.522,25.103,0.9999,0.9999,41,41,0,34,45,45,44,0.007447,0.012629,0.026489,1,1,1,2208.3
weighted_round_robin,1,26,11,15.527,25.1,0.9999,0.9999,41,41,0,36,49,48,48,0.00742,0.012681,0.02648,1,1,1,2208.3
weighted_round_robin,1,27,1,15.505,25.1,0.9999,0.9999,41,41,0,36,49,49,48,0.007355,0.012681,0.02648,1,1,1,2208.3
weighted_round_robin,1,28,11,15.413,24.943,0.9999,0.9999,41,41,0,37,53,52,52,0.007355,0.012566,0.026318,1,1,1,2208.3
weighted_round_robin,1,29,1,15.452,24.892,0.9999,0.9999,41,41,0,39,53,53,52,0.007486,0.012612,0.026257,1,1,1,2208.3
weighted_round_robin,1,30,11,15.45,24.959,0.9999,0.9999,41,36,0,41,57,56,56,0.007402,0.012619,0.02633,1,1,1,2208.3
weighted_round_robin,1,31,1,15.677,25.301,0.9999,0.9999,42,36,0,42,57,57,56,0.007447,0.012906,0.026678,1,1,1,2208.3
weighted_round_robin,1,32,11,15.775,25.395,0.9999,0.9999,44,36,0,44,61,60,60,0.007367,0.013208,0.026749,1,1,1,2208.3
weighted_round_robin,1,33,1,15.775,25.395,0.9999,0.9999,44,36,0,44,61,61,60,0.007367,0.013208,0.026749,1,1,1,2208.3
weighted_round_robin,1,34,11,15.5,25.078,0.9999,0.9999,45,30,0,45,65,64,64,0.007412,0.012627,0.026462,1,1,1,2208.3
weighted_round_robin,1,35,1,15.849,25.922,0.9999,0.9999,47,30,0,47,65,65,64,0.007477,0.012677,0.027394,1,1,1,2208.3
weighted_round_robin,1,36,11,15.442,24.927,1.0,1.0,48,30,0,48,69,68,68,0.007449,0.012578,0.026299,1,1,1,2208.3
weighted_round_robin,1,37,1,15.562,24.978,1.0,1.0,50,30,0,50,69,69,68,0.007447,0.012922,0.026318,1,1,1,2208.3
weighted_round_robin,1,38,11,15.468,24.948,1.0,1.0,50,25,0,50,73,72,72,0.007469,0.012616,0.026318,1,1,1,2208.3
weighted_round_robin,1,39,1,15.527,25.109,1.0,1.0,52,25,0,52,73,73,72,0.007469,0.012616,0.026497,1,1,1,2208.3
weighted_round_robin,1,40,11,15.592,25.34,1.0,1.0,53,25,0,53,77,76,76,0.007379,0.012648,0.02675,1,1,1,2208.3
weighted_round_robin,1,41,1,15.859,25.335,1.0,1.0,55,25,0,55,77,77,76,0.007384,0.013549,0.026645,1,1,1,2208.3
weighted_round_robin,1,42,11,15.731,25.182,1.0,1.0,56,20,0,56,81,80,80,0.007969,0.012651,0.026574,1,1,1,2208.3
weighted_round_robin,1,43,1,15.526,25.053,1.0,1.0,58,20,0,58,81,81,80,0.00749,0.012659,0.02643,1,1,1,2208.3
weighted_round_robin,1,44,0,15.512,25.053,1.0,1.0,58,20,0,58,81,81,80,0.007446,0.012659,0.02643,1,1,1,2208.3
weighted_round_robin,1,45,11,15.498,25.01,1.0,1.0,60,20,0,60,85,84,84,0.007446,0.012667,0.026382,1,1,1,2208.3
weighted_round_robin,1,46,1,15.517,25.091,1.0,1.0,61,14,0,61,85,85,84,0.007447,0.012627,0.026476,1,1,1,2208.3
weighted_round_robin,1,47,11,15.761,25.308,1.0,1.0,63,14,0,63,89,88,88,0.007902,0.012668,0.026713,1,1,1,2208.3
weighted_round_robin,1,48,1,15.599,25.321,1.0,1.0,64,14,0,64,89,89,88,0.007455,0.012607,0.026734,1,1,1,2208.3
weighted_round_robin,1,49,11,15.484,24.964,1.0,1.0,66,14,0,66,93,92,92,0.00748,0.01264,0.026333,1,1,1,2208.3
weighted_round_robin,1,50,1,15.484,24.964,1.0,1.0,66,14,0,66,93,93,92,0.00748,0.01264,0.026333,1,1,1,2208.3
weighted_round_robin,1,51,11,15.977,25.478,1.0,1.0,67,10,0,67,97,96,96,0.00751,0.013625,0.026795,1,1,1,2208.3
weighted_round_robin,1,52,1,15.495,25.006,1.0,1.0,69,10,0,69,97,97,96,0.00747,0.012635,0.02638,1,1,1,2208.3
weighted_round_robin,1,53,11,15.446,24.92,1.0,1.0,71,10,0,71,101,100,100,0.007462,0.012586,0.026291,1,1,1,2208.3
weighted_round_robin,1,54,1,15.521,25.043,1.0,1.0,72,4,0,72,101,101,100,0.007466,0.012681,0.026417,1,1,1,2208.3
weighted_round_robin,1,55,11,15.499,25.036,1.0,1.0,72,4,0,72,105,104,104,0.007475,0.012606,0.026417,1,1,1,2208.3
weighted_round_robin,1,56,1,15.477,24.976,1.0,1.0,74,4,0,74,105,105,104,0.007475,0.012606,0.02635,1,1,1,2208.3
weighted_round_robin,1,57,11,15.473,24.941,1.0,1.0,75,4,0,75,109,108,108,0.007468,0.012643,0.026307,1,1,1,2208.3
weighted_round_robin,1,58,1,15.538,24.869,1.0,1.0,77,0,0,77,109,109,108,0.007764,0.01262,0.02623,1,1,1,2208.3
weighted_round_robin,1,59,11,15.492,25.092,1.0,1.0,78,0,0,78,113,112,112,0.007421,0.012571,0.026483,1,1,1,2208.3
weighted_round_robin,1,60,1,15.58,25.135,1.0,1.0,80,0,0,80,113,113,112,0.007474,0.012756,0.026511,1,0,1,2208.3
weighted_round_robin,1,61,1,15.842,25.126,1.0,1.0,80,0,0,80,113,113,113,0.008351,0.012664,0.026511,1,0,1,2208.3
weighted_round_robin,1,62,1,11.216,12.661,1.0,1.0,80,0,0,80,114,113,113,0.008351,0.012664,0.012634,1,0,1,2208.3
weighted_round_robin,1,63,1,10.93,12.664,1.0,1.0,77,0,0,77,114,114,113,0.007463,0.012664,0.012663,1,0,1,2208.3
weighted_round_robin,1,64,1,10.996,12.829,1.0,1.0,77,0,0,77,114,114,114,0.007501,0.01285,0.012638,1,0,1,2208.3
weighted_round_robin,1,65,1,10.896,12.645,1.0,1.0,77,0,0,77,115,114,114,0.007442,0.012651,0.012595,1,0,1,2208.3
weighted_round_robin,1,66,1,10.895,12.629,1.0,1.0,71,0,0,71,115,115,114,0.007439,0.012616,0.01263,1,0,1,2208.3
weighted_round_robin,1,67,1,10.895,12.662,1.0,1.0,71,0,0,71,115,115,115,0.00739,0.012666,0.01263,1,0,1,2208.3
weighted_round_robin,1,68,1,10.865,12.653,1.0,1.0,71,0,0,71,116,115,115,0.00739,0.012666,0.012538,1,0,1,2208.3
weighted_round_robin,1,69,1,10.897,12.635,1.0,1.0,71,0,0,71,116,116,115,0.007457,0.012595,0.012639,1,0,1,2208.3
weighted_round_robin,1,70,1,10.954,12.729,1.0,1.0,71,0,0,71,116,116,116,0.007461,0.012736,0.012664,1,0,1,2208.3
weighted_round_robin,1,71,1,11.283,13.408,1.0,1.0,66,0,0,66,117,116,116,0.007705,0.013492,0.012653,1,0,1,2208.3
weighted_round_robin,1,72,0,10.901,12.654,1.0,1.0,66,0,0,66,117,116,116,0.007469,0.012663,0.01257,1,0,1,2208.3
weighted_round_robin,1,73,1,11.024,12.654,1.0,1.0,66,0,0,66,117,117,116,0.00784,0.012663,0.01257,1,0,1,2208.3
weighted_round_robin,1,74,1,11.269,13.117,1.0,1.0,66,0,0,66,117,117,117,0.00784,0.012816,0.01315,1,0,1,2208.3
weighted_round_robin,1,75,1,10.912,12.651,1.0,1.0,61,0,0,61,118,117,117,0.007444,0.012652,0.012639,1,0,1,2208.3
weighted_round_robin,1,76,1,10.93,12.685,1.0,1.0,61,0,0,61,118,118,117,0.007489,0.012606,0.012694,1,0,1,2208.3
weighted_round_robin,1,77,1,10.898,12.631,1.0,1.0,61,0,0,61,118,118,118,0.007444,0.012617,0.012633,1,0,1,2208.3
weighted_round_robin,1,78,1,10.918,12.68,1.0,1.0,55,0,0,55,119,118,118,0.007447,0.012687,0.012621,1,0,1,2208.3
weighted_round_robin,1,79,1,10.894,12.629,1.0,1.0,55,0,0,55,119,119,118,0.007431,0.01263,0.012621,1,0,1,2208.3
weighted_round_robin,1,80,1,10.898,12.634,1.0,1.0,55,0,0,55,119,119,119,0.007431,0.01263,0.012634,1,0,1,2208.3
weighted_round_robin,1,81,1,11.46,13.224,1.0,1.0,55,0,0,55,120,119,119,0.00847,0.013291,0.012618,1,0,1,2208.3
weighted_round_robin,1,82,1,10.914,12.671,1.0,1.0,55,0,0,55,120,120,119,0.007462,0.0126,0.012679,1,0,1,2208.3
weighted_round_robin,1,83,1,11.23,13.476,1.0,1.0,50,0,0,50,120,120,120,0.007487,0.012633,0.01357,1,0,1,2208.3
weighted_round_robin,1,84,1,11.074,13.037,1.0,1.0,50,0,0,50,121,120,120,0.007485,0.012659,0.013079,1,0,1,2208.3
weighted_round_robin,1,85,1,11.054,13.037,1.0,1.0,50,0,0,50,121,121,120,0.007424,0.012659,0.013079,1,0,1,2208.3
weighted_round_robin,1,86,1,10.882,12.613,1.0,1.0,50,0,0,50,121,121,121,0.007424,0.012613,0.012609,1,0,1,2208.3
weighted_round_robin,1,87,1,11.249,13.53,1.0,1.0,44,0,0,44,122,121,121,0.007468,0.013627,0.012652,1,0,1,2208.3
weighted_round_robin,1,88,1,10.922,12.662,1.0,1.0,44,0,0,44,122,122,121,0.007456,0.012648,0.012663,1,0,1,2208.3
weighted_round_robin,1,89,1,10.972,12.836,1.0,1.0,44,0,0,44,122,122,122,0.007457,0.012598,0.012862,1,0,1,2208.3
weighted_round_robin,1,90,1,10.898,12.653,1.0,1.0,44,0,0,44,123,122,122,0.00744,0.012595,0.012659,1,1,1,2208.3
weighted_round_robin,1,91,11,10.885,12.653,1.0,1.0,44,0,0,44,126,126,126,0.007401,0.012595,0.012659,1,1,1,2208.3
weighted_round_robin,1,92,1,15.393,24.815,1.0,1.0,39,0,2,39,127,126,126,0.007401,0.026172,0.012605,1,1,1,2208.3
weighted_round_robin,1,93,11,15.542,25.156,1.0,1.0,39,0,3,39,130,130,130,0.007493,0.026553,0.01258,1,1,1,2208.3
weighted_round_robin,1,94,1,15.513,24.997,1.0,1.0,39,0,5,39,131,130,130,0.007483,0.026364,0.012693,1,1,1,2208.3
weighted_round_robin,1,95,11,15.417,24.781,1.0,1.0,34,0,6,34,134,134,134,0.007447,0.026126,0.012679,1,1,1,2208.3
weighted_round_robin,1,96,1,15.468,25.116,1.0,1.0,34,0,8,34,135,134,134,0.007384,0.026518,0.012501,1,1,1,2208.3
weighted_round_robin,1,97,11,15.468,25.116,1.0,1.0,34,0,8,34,138,138,138,0.007384,0.026518,0.012501,1,1,1,2208.3
weighted_round_robin,1,98,1,16.143,25.183,1.0,1.0,34,0,10,34,139,138,138,0.008363,0.02647,0.013597,1,1,1,2208.3
weighted_round_robin,1,99,11,15.521,25.06,1.0,1.0,28,0,11,28,142,142,142,0.007511,0.026443,0.012609,1,1,1,2208.3
weighted_round_robin,1,100,1,15.641,25.432,1.0,1.0,28,0,13,28,143,142,142,0.007418,0.026852,0.012652,1,1,1,2208.3
weighted_round_robin,1,101,11,15.791,24.955,1.0,1.0,28,0,14,28,146,146,146,0.008371,0.026318,0.012685,1,1,1,2208.3
weighted_round_robin,1,102,1,15.401,24.722,1.0,1.0,28,0,16,28,147,146,146,0.007458,0.02606,0.012685,1,1,1,2208.3
weighted_round_robin,1,103,1,15.381,24.717,1.0,1.0,28,0,16,28,147,147,146,0.007458,0.02606,0.012626,1,1,1,2208.3
weighted_round_robin,1,104,10,15.532,25.075,1.0,1.0,23,0,18,23,150,150,150,0.007497,0.026456,0.012642,1,1,1,2208.3
weighted_round_robin,1,105,1,15.628,25.335,1.0,1.0,23,0,19,23,151,150,150,0.007478,0.026743,0.012662,1,1,1,2208.3
weighted_round_robin,1,106,11,15.951,25.842,1.0,1.0,23,0,21,23,154,154,154,0.007425,0.027249,0.01318,1,1,1,2208.3
weighted_round_robin,1,107,1,15.452,24.957,1.0,1.0,22,0,22,18,155,154,154,0.007448,0.026333,0.012575,1,1,1,2208.3
weighted_round_robin,1,108,11,15.455,24.957,1.0,1.0,22,0,22,18,158,158,158,0.007457,0.026333,0.012575,1,1,1,2208.3
weighted_round_robin,1,109,1,15.46,24.911,1.0,1.0,24,0,24,18,159,158,158,0.007457,0.026273,0.01265,1,1,1,2208.3
weighted_round_robin,1,110,11,15.691,25.625,1.0,1.0,25,0,25,18,162,162,162,0.007425,0.027076,0.012571,1,1,1,2208.3
weighted_round_robin,1,111,1,15.577,25.206,1.0,1.0,27,0,27,12,163,162,162,0.007579,0.026614,0.012537,1,1,1,2208.3
weighted_round_robin,1,112,11,15.58,25.225,1.0,1.0,29,0,29,12,166,166,166,0.007492,0.026626,0.012621,1,1,1,2208.3
weighted_round_robin,1,113,1,15.451,24.922,1.0,1.0,30,0,30,12,167,166,166,0.007484,0.026294,0.012575,1,1,1,2208.3
weighted_round_robin,1,114,11,15.424,24.922,1.0,1.0,30,0,30,12,170,170,170,0.007404,0.026294,0.012575,1,1,1,2208.3
weighted_round_robin,1,115,1,15.79,25.048,1.0,1.0,32,0,32,12,171,170,170,0.007404,0.026314,0.013652,1,1,1,2208.3
weighted_round_robin,1,116,11,15.633,25.049,1.0,1.0,33,0,33,7,174,174,174,0.007498,0.026386,0.013015,1,1,1,2208.3
weighted_round_robin,1,117,1,15.721,25.612,1.0,1.0,35,0,35,7,175,174,174,0.00748,0.027055,0.012628,1,1,1,2208.3
weighted_round_robin,1,118,11,15.46,24.961,1.0,1.0,37,0,37,7,178,178,178,0.007441,0.026334,0.012605,1,1,1,2208.3
weighted_round_robin,1,119,1,15.584,25.37,1.0,1.0,38,0,38,2,179,178,178,0.007404,0.026794,0.012554,1,1,1,2208.3
weighted_round_robin,1,120,11,15.903,25.37,1.0,1.0,38,0,38,2,182,182,182,0.00836,0.026794,0.012554,0,1,1,2208.3
weighted_round_robin,1,121,1,11.499,13.334,1.0,1.0,39,0,39,2,183,182,182,0.00836,0.0134,0.012738,0,1,1,2208.3
weighted_round_robin,1,122,1,10.898,12.639,1.0,1.0,39,0,39,2,183,183,182,0.007435,0.012617,0.012641,0,1,1,2208.3
weighted_round_robin,1,123,1,10.9,12.651,1.0,1.0,39,0,39,2,183,183,183,0.007432,0.012612,0.012655,0,1,1,2208.3
weighted_round_robin,1,124,1,11.091,12.873,1.0,1.0,39,0,39,0,184,183,183,0.00776,0.012612,0.012902,0,1,1,2208.3
weighted_round_robin,1,125,1,11.005,12.877,1.0,1.0,39,0,39,0,184,184,183,0.007457,0.012656,0.012902,0,1,1,2208.3
weighted_round_robin,1,126,1,10.928,12.669,1.0,1.0,39,0,39,0,184,184,184,0.007457,0.012656,0.01267,0,1,1,2208.3
weighted_round_robin,1,127,1,10.851,12.631,1.0,1.0,39,0,39,0,185,184,184,0.007414,0.012492,0.012646,0,1,1,2208.3
weighted_round_robin,1,128,1,10.919,12.64,1.0,1.0,39,0,39,0,185,185,184,0.00753,0.012647,0.012581,0,1,1,2208.3
weighted_round_robin,1,129,1,10.908,12.668,1.0,1.0,39,0,39,0,185,185,185,0.00745,0.012675,0.0126,0,1,1,2208.3
weighted_round_robin,1,130,1,11.187,13.474,1.0,1.0,39,0,39,0,186,185,185,0.007449,0.012532,0.013579,0,1,1,2208.3
weighted_round_robin,1,131,0,11.202,13.48,1.0,1.0,39,0,39,0,186,185,185,0.007437,0.012589,0.013579,0,1,1,2208.3
weighted_round_robin,1,132,1,10.883,12.62,1.0,1.0,39,0,39,0,186,186,185,0.007437,0.012589,0.012623,0,1,1,2208.3
weighted_round_robin,1,133,1,11.359,13.847,1.0,1.0,39,0,39,0,186,186,186,0.007483,0.01261,0.013985,0,1,1,2208.3
weighted_round_robin,1,134,1,10.942,12.685,1.0,1.0,39,0,39,0,187,186,186,0.007491,0.012645,0.012689,0,1,1,2208.3
weighted_round_robin,1,135,1,10.872,12.59,1.0,1.0,39,0,39,0,187,187,186,0.007459,0.012593,0.012565,0,1,1,2208.3
weighted_round_robin,1,136,1,11.011,12.937,1.0,1.0,39,0,39,0,187,187,187,0.007437,0.012626,0.012971,0,1,1,2208.3
weighted_round_robin,1,137,1,11.015,12.936,1.0,1.0,39,0,39,0,188,187,187,0.00745,0.012625,0.012971,0,1,1,2208.3
weighted_round_robin,1,138,1,10.901,12.628,1.0,1.0,39,0,39,0,188,188,187,0.00745,0.012625,0.012628,0,1,1,2208.3
weighted_round_robin,1,139,1,10.866,12.575,1.0,1.0,39,0,39,0,188,188,188,0.00745,0.012574,0.012575,0,1,1,2208.3
weighted_round_robin,1,140,1,10.918,12.663,1.0,1.0,39,0,39,0,189,188,188,0.00745,0.012666,0.012639,0,1,1,2208.3
weighted_round_robin,1,141,1,11.058,13.02,1.0,1.0,39,0,39,0,189,189,188,0.007473,0.012638,0.013062,0,1,1,2208.3
weighted_round_robin,1,142,1,11.064,12.615,1.0,1.0,39,0,39,0,189,189,189,0.008009,0.012621,0.012561,0,1,1,2208.3
weighted_round_robin,1,143,1,10.875,12.61,1.0,1.0,39,0,39,0,190,189,189,0.007448,0.012615,0.012561,0,1,1,2208.3
weighted_round_robin,1,144,1,10.902,12.639,1.0,1.0,39,0,39,0,190,190,189,0.007448,0.012615,0.012642,0,1,1,2208.3
weighted_round_robin,1,145,1,10.933,12.726,1.0,1.0,39,0,39,0,190,190,190,0.007442,0.012738,0.012618,0,1,1,2208.3
weighted_round_robin,1,146,1,10.882,12.589,1.0,1.0,39,0,39,0,191,190,190,0.007473,0.01259,0.012583,0,1,1,2208.3
weighted_round_robin,1,147,1,10.889,12.628,1.0,1.0,39,0,39,0,191,191,190,0.007423,0.012629,0.012615,0,1,1,2208.3
weighted_round_robin,1,148,1,10.919,12.67,1.0,1.0,39,0,39,0,191,191,191,0.007466,0.012615,0.012676,0,1,1,2208.3
weighted_round_robin,1,149,1,10.921,12.67,1.0,1.0,39,0,39,0,192,191,191,0.007466,0.01262,0.012676,0,1,1,2208.3
weighted_round_robin,1,150,1,10.915,12.656,1.0,1.0,39,0,39,0,192,192,191,0.007466,0.01262,0.01266,1,1,1,2208.3
weighted_round_robin,1,151,1,15.393,19.876,1.0,1.0,39,1,39,0,192,192,192,0.02064,0.01254,0.012998,1,1,1,2208.3
weighted_round_robin,1,152,11,14.306,16.291,1.0,1.0,37,2,37,0,196,196,195,0.016579,0.012638,0.0137,1,1,1,2208.3
weighted_round_robin,1,153,1,13.773,15.81,1.0,1.0,37,4,37,0,196,196,196,0.016169,0.012568,0.012583,1,1,1,2208.3
weighted_round_robin,1,154,11,13.752,15.782,1.0,1.0,37,5,37,0,200,200,199,0.016137,0.01253,0.012589,1,1,1,2208.3
weighted_round_robin,1,155,1,13.554,15.248,1.0,1.0,37,7,37,0,200,200,200,0.015543,0.01253,0.012589,1,1,1,2208.3
weighted_round_robin,1,156,11,13.63,15.258,1.0,1.0,37,7,37,0,204,204,203,0.015543,0.012693,0.012654,1,1,1,2208.3
weighted_round_robin,1,157,1,13.794,15.74,1.0,1.0,32,9,32,0,204,204,204,0.016081,0.012671,0.012631,1,1,1,2208.3
weighted_round_robin,1,158,11,13.817,15.532,1.0,1.0,32,10,32,0,208,208,207,0.015801,0.013111,0.012539,1,1,1,2208.3
weighted_round_robin,1,159,1,13.782,15.749,1.0,1.0,32,12,32,0,208,208,208,0.016091,0.012674,0.01258,1,1,1,2208.3
weighted_round_robin,1,160,0,14.214,15.911,1.0,1.0,26,13,26,0,208,208,208,0.016133,0.0126,0.01391,1,1,1,2208.3
weighted_round_robin,1,161,11,14.239,15.978,1.0,1.0,26,15,26,0,212,212,211,0.016208,0.0126,0.01391,1,1,1,2208.3
weighted_round_robin,1,162,1,13.781,15.845,1.0,1.0,26,15,26,0,212,212,212,0.016208,0.012563,0.012573,1,1,1,2208.3
weighted_round_robin,1,163,11,13.767,15.65,1.0,1.0,26,17,26,0,216,216,215,0.015982,0.012661,0.012657,1,1,1,2208.3
weighted_round_robin,1,164,1,13.635,15.393,1.0,1.0,26,18,26,0,216,216,216,0.015701,0.012623,0.012581,1,1,1,2208.3
weighted_round_robin,1,165,11,14.03,15.859,1.0,1.0,21,20,21,0,220,220,219,0.016164,0.012815,0.013111,1,1,1,2208.3
weighted_round_robin,1,166,1,13.724,15.679,1.0,1.0,21,21,21,0,220,220,220,0.01602,0.012544,0.012607,1,1,1,2208.3
weighted_round_robin,1,167,11,13.724,15.679,1.0,1.0,21,21,21,0,224,224,223,0.01602,0.012544,0.012607,1,1,1,2208.3
weighted_round_robin,1,168,1,13.939,15.843,1.0,1.0,23,23,21,0,224,224,224,0.016157,0.012642,0.013017,1,1,1,2208.3
weighted_round_robin,1,169,11,13.888,15.782,1.0,1.0,24,24,16,0,228,228,227,0.016102,0.012659,0.012903,1,1,1,2208.3
weighted_round_robin,1,170,1,13.835,15.84,1.0,1.0,26,26,16,0,228,228,228,0.01619,0.012687,0.012627,1,1,1,2208.3
weighted_round_robin,1,171,11,14.082,15.723,1.0,1.0,28,28,16,0,232,232,231,0.015951,0.012622,0.013673,1,1,1,2208.3
weighted_round_robin,1,172,1,14.105,15.786,1.0,1.0,29,29,16,0,232,232,232,0.016021,0.012622,0.013673,1,1,1,2208.3
weighted_round_robin,1,173,11,13.738,15.679,1.0,1.0,29,29,10,0,236,236,235,0.016021,0.012602,0.012592,1,1,1,2208.3
weighted_round_robin,1,174,1,14.05,16.199,1.0,1.0,31,31,10,0,236,236,236,0.01655,0.012556,0.013045,1,1,1,2208.3
weighted_round_robin,1,175,11,13.879,15.818,1.0,1.0,32,32,10,0,240,240,239,0.01613,0.013008,0.012499,1,1,1,2208.3
weighted_round_robin,1,176,1,13.656,15.476,1.0,1.0,34,34,10,0,240,240,240,0.015795,0.012564,0.012609,1,1,1,2208.3
weighted_round_robin,1,177,11,13.701,15.61,1.0,1.0,36,36,5,0,244,244,243,0.015941,0.012629,0.012534,1,1,1,2208.3
weighted_round_robin,1,178,1,13.742,15.719,1.0,1.0,37,37,5,0,244,244,244,0.016062,0.012629,0.012534,1,1,1,2208.3
weighted_round_robin,1,179,11,13.752,15.718,1.0,1.0,37,37,5,0,248,248,247,0.016062,0.012621,0.012573,1,1,1,2208.3
weighted_round_robin,2,0,0,15.412,24.897,1.0,1.0,0,0,0,0,0,0,0,0.007431,0.012535,0.026271,1,1,1,2285.4
weighted_round_robin,2,1,1,15.416,24.808,0.3333,0.3333,42,42,0,3,1,0,0,0.007446,0.012644,0.026159,1,1,1,2285.4
weighted_round_robin,2,2,1,15.38,24.715,0.6667,0.6667,42,42,0,4,1,1,0,0.007445,0.012637,0.026057,1,1,1,2285.4
weighted_round_robin,2,3,11,15.38,24.715,0.9883,0.9883,42,42,0,4,5,4,4,0.007445,0.012637,0.026057,1,1,1,2285.4
weighted_round_robin,2,4,1,15.445,24.877,0.9899,0.9899,42,42,0,6,5,5,4,0.00746,0.012639,0.026237,1,1,1,2285.4
weighted_round_robin,2,5,11,15.755,25.772,0.9968,0.9968,42,42,0,8,9,8,8,0.007491,0.012531,0.027243,1,1,1,2285.4
weighted_round_robin,2,6,1,15.425,24.869,0.9971,0.9971,42,42,0,9,9,9,8,0.007473,0.012566,0.026236,1,1,1,2285.4
weighted_round_robin,2,7,11,15.459,24.892,0.9985,0.9985,42,42,0,11,13,12,12,0.007454,0.012673,0.02625,1,1,1,2285.4
weighted_round_robin,2,8,1,15.459,24.891,0.9986,0.9986,42,42,0,11,13,13,12,0.007462,0.012664,0.02625,1,1,1,2285.4
weighted_round_robin,2,9,11,15.688,25.511,0.9992,0.9992,42,42,0,12,17,16,16,0.007462,0.012664,0.026939,1,1,1,2285.4
weighted_round_robin,2,10,1,15.673,25.476,0.9992,0.9992,42,42,0,14,17,17,16,0.007465,0.012652,0.026901,1,1,1,2285.4
weighted_round_robin,2,11,11,15.456,24.898,0.9995,0.9995,42,42,0,16,21,20,20,0.007456,0.012653,0.026258,1,1,1,2285.4
weighted_round_robin,2,12,1,15.523,24.693,0.9995,0.9995,42,42,0,17,21,21,20,0.007461,0.013129,0.025978,1,1,1,2285.4
weighted_round_robin,2,13,11,15.298,24.453,0.9996,0.9996,42,42,0,19,25,24,24,0.007482,0.012648,0.025765,1,1,1,2285.4
weighted_round_robin,2,14,1,15.285,24.453,0.9996,0.9996,42,42,0,19,25,25,24,0.007441,0.012648,0.025765,1,1,1,2285.4
weighted_round_robin,2,15,11,15.365,24.695,0.9997,0.9997,42,42,0,20,29,28,28,0.007441,0.012618,0.026037,1,1,1,2285.4
weighted_round_robin,2,16,1,15.428,24.865,0.9997,0.9997,42,42,0,22,29,29,28,0.007415,0.012648,0.026222,1,1,1,2285.4
weighted_round_robin,2,17,11,15.468,24.988,0.9998,0.9998,42,42,0,23,33,32,32,0.007459,0.012578,0.026367,1,1,1,2285.4
weighted_round_robin,2,18,1,15.651,25.041,0.9998,0.9998,42,42,0,25,33,33,32,0.007888,0.012646,0.026418,1,1,1,2285.4
weighted_round_robin,2,19,11,15.659,25.531,0.9998,0.9998,42,42,0,27,37,36,36,0.007368,0.012648,0.026962,1,1,1,2285.4
weighted_round_robin,2,20,1,15.659,25.531,0.9998,0.9998,42,42,0,27,37,37,36,0.007368,0.012648,0.026962,1,1,1,2285.4
weighted_round_robin,2,21,11,15.527,25.103,0.9999,0.9999,42,42,0,28,41,40,40,0.007457,0.012636,0.026488,1,1,1,2285.4
weighted_round_robin,2,22,1,15.919,25.351,0.9999,0.9999,42,42,0,30,41,41,40,0.007502,0.013599,0.026657,1,1,1,2285.4
weighted_round_robin,2,23,0,15.659,25.435,0.9999,0.9999,42,42,0,31,41,41,40,0.007468,0.012654,0.026855,1,1,1,2285.4
weighted_round_robin,2,24,11,15.542,25.134,0.9999,0.9999,42,42,0,33,45,44,44,0.007459,0.012647,0.026521,1,1,1,2285.4
weighted_round_robin,2,25,1,15.891,25.237,0.9999,0.9999,42,42,0,33,45,45,44,0.007474,0.013677,0.026521,1,1,1,2285.4
weighted_round_robin,2,26,11,15.809,25.015,0.9999,0.9999,42,42,0,34,49,48,48,0.007474,0.013677,0.026275,1,1,1,2285.4
weighted_round_robin,2,27,1,15.642,25.156,0.9999,0.9999,42,42,0,36,49,49,48,0.007493,0.012918,0.026516,1,1,1,2285.4
weighted_round_robin,2,28,11,15.461,24.95,0.9999,0.9999,38,38,0,38,53,52,52,0.007444,0.012619,0.02632,1,1,1,2285.4
weighted_round_robin,2,29,1,15.492,25.01,0.9999,0.9999,39,38,0,39,53,53,52,0.007485,0.012601,0.026389,1,1,1,2285.4
weighted_round_robin,2,30,11,15.454,24.938,0.9999,0.9999,41,38,0,41,57,56,56,0.007444,0.012609,0.026308,1,1,1,2285.4
weighted_round_robin,2,31,1,15.466,24.938,0.9999,0.9999,41,38,0,41,57,57,56,0.007482,0.012609,0.026308,1,1,1,2285.4
weighted_round_robin,2,32,11,15.769,25.148,0.9999,0.9999,42,38,0,42,61,60,60,0.007482,0.013369,0.026457,1,1,1,2285.4
weighted_round_robin,2,33,1,15.9,25.277,0.9999,0.9999,44,33,0,44,61,61,60,0.007468,0.013665,0.026567,1,1,1,2285.4
weighted_round_robin,2,34,11,15.498,24.981,0.9999,0.9999,46,33,0,46,65,64,64,0.00746,0.012687,0.026347,1,1,1,2285.4
weighted_round_robin,2,35,1,15.636,24.751,0.9999,0.9999,47,33,0,47,65,65,64,0.007387,0.013522,0.025999,1,1,1,2285.4
weighted_round_robin,2,36,11,15.348,24.659,1.0,1.0,47,28,0,47,69,68,68,0.007447,0.012597,0.025999,1,1,1,2285.4
weighted_round_robin,2,37,1,15.491,25.047,1.0,1.0,49,28,0,49,69,69,68,0.007447,0.012597,0.02643,1,1,1,2285.4
weighted_round_robin,2,38,11,15.32,24.607,1.0,1.0,50,28,0,50,73,72,72,0.007476,0.012534,0.025949,1,1,1,2285.4
weighted_round_robin,2,39,1,15.651,25.414,1.0,1.0,52,28,0,52,73,73,72,0.007463,0.012658,0.026831,1,1,1,2285.4
weighted_round_robin,2,40,11,15.461,24.987,1.0,1.0,53,22,0,53,77,76,76,0.007434,0.012585,0.026365,1,1,1,2285.4
weighted_round_robin,2,41,1,15.435,24.906,1.0,1.0,55,22,0,55,77,77,76,0.007455,0.012573,0.026276,1,1,1,2285.4
weighted_round_robin,2,42,11,15.428,24.906,1.0,1.0,55,22,0,55,81,80,80,0.007436,0.012573,0.026276,1,1,1,2285.4
weighted_round_robin,2,43,1,15.4,24.796,1.0,1.0,57,22,0,57,81,81,80,0.007436,0.012615,0.02615,1,1,1,2285.4
weighted_round_robin,2,44,1,15.344,24.617,1.0,1.0,58,22,0,58,81,81,81,0.007484,0.012595,0.025953,1,1,1,2285.4
weighted_round_robin,2,45,10,15.383,24.735,1.0,1.0,60,17,0,60,85,84,84,0.007442,0.012627,0.02608,1,1,1,2285.4
weighted_round_robin,2,46,1,15.489,25.092,1.0,1.0,61,17,0,61,85,85,84,0.00737,0.01262,0.026478,1,1,1,2285.4
weighted_round_robin,2,47,11,15.529,25.105,1.0,1.0,63,17,0,63,89,88,88,0.007446,0.012654,0.026488,1,1,1,2285.4
weighted_round_robin,2,48,1,15.529,25.105,1.0,1.0,63,17,0,63,89,89,88,0.007446,0.012654,0.026488,1,1,1,2285.4
weighted_round_robin,2,49,11,15.43,24.873,1.0,1.0,64,11,0,64,93,92,92,0.007438,0.012618,0.026235,1,1,1,2285.4
weighted_round_robin,2,50,1,15.688,25.561,1.0,1.0,66,11,0,66,93,93,92,0.007438,0.012628,0.026998,1,1,1,2285.4
weighted_round_robin,2,51,11,15.872,25.486,1.0,1.0,68,11,0,68,97,96,96,0.008038,0.012668,0.02691,1,1,1,2285.4
weighted_round_robin,2,52,1,15.47,24.965,1.0,1.0,69,6,0,69,97,97,96,0.007443,0.012631,0.026335,1,1,1,2285.4
weighted_round_robin,2,53,11,15.471,24.962,1.0,1.0,69,6,0,69,101,100,100,0.007474,0.012604,0.026335,1,1,1,2285.4
weighted_round_robin,2,54,1,15.519,25.092,1.0,1.0,71,6,0,71,101,101,100,0.007474,0.012604,0.02648,1,1,1,2285.4
weighted_round_robin,2,55,11,15.899,25.331,1.0,1.0,72,6,0,72,105,104,104,0.007446,0.013618,0.026633,1,1,1,2285.4
weighted_round_robin,2,56,1,15.519,25.125,1.0,1.0,74,6,0,74,105,105,104,0.007438,0.012602,0.026517,1,1,1,2285.4
weighted_round_robin,2,57,11,15.559,25.063,1.0,1.0,76,2,0,76,109,108,108,0.00758,0.012657,0.026441,1,1,1,2285.4
weighted_round_robin,2,58,1,15.471,24.968,1.0,1.0,77,2,0,77,109,109,108,0.007422,0.012655,0.026336,1,1,1,2285.4
weighted_round_robin,2,59,11,15.485,24.968,1.0,1.0,77,2,0,77,113,112,112,0.007463,0.012655,0.026336,1,1,1,2285.4
weighted_round_robin,2,60,1,15.411,24.751,1.0,1.0,79,2,0,79,113,113,112,0.007463,0.012678,0.026092,1,0,1,2285.4
weighted_round_robin,2,61,1,10.929,12.676,1.0,1.0,77,0,0,77,113,113,113,0.007457,0.012679,0.012652,1,0,1,2285.4
weighted_round_robin,2,62,1,10.957,12.729,1.0,1.0,77,0,0,77,114,113,113,0.007459,0.012676,0.012735,1,0,1,2285.4
weighted_round_robin,2,63,1,10.955,12.694,1.0,1.0,77,0,0,77,114,114,113,0.007487,0.012682,0.012695,1,0,1,2285.4
weighted_round_robin,2,64,1,11.331,13.552,1.0,1.0,73,0,0,73,114,114,114,0.007739,0.013658,0.012596,1,0,1,2285.4
weighted_round_robin,2,65,1,11.331,13.552,1.0,1.0,73,0,0,73,115,114,114,0.007739,0.013658,0.012596,1,0,1,2285.4
weighted_round_robin,2,66,1,11.255,12.671,1.0,1.0,73,0,0,73,115,115,114,0.008429,0.012664,0.012672,1,0,1,2285.4
weighted_round_robin,2,67,1,10.912,12.615,1.0,1.0,73,0,0,73,115,115,115,0.00752,0.012598,0.012617,1,0,1,2285.4
weighted_round_robin,2,68,1,10.884,12.611,1.0,1.0,73,0,0,73,116,115,115,0.007442,0.012613,0.012596,1,0,1,2285.4
weighted_round_robin,2,69,1,10.899,12.666,1.0,1.0,68,0,0,68,116,116,115,0.007441,0.012676,0.012579,1,0,1,2285.4
weighted_round_robin,2,70,1,10.901,12.642,1.0,1.0,68,0,0,68,116,116,116,0.007438,0.01262,0.012644,1,0,1,2285.4
weighted_round_robin,2,71,1,10.901,12.642,1.0,1.0,68,0,0,68,117,116,116,0.007438,0.01262,0.012644,1,0,1,2285.4
weighted_round_robin,2,72,1,10.929,12.683,1.0,1.0,68,0,0,68,117,117,116,0.007447,0.012654,0.012686,1,0,1,2285.4
weighted_round_robin,2,73,1,10.916,12.66,1.0,1.0,62,0,0,62,117,117,117,0.007466,0.012665,0.012618,1,0,1,2285.4
weighted_round_robin,2,74,0,10.881,12.613,1.0,1.0,62,0,0,62,117,117,117,0.007436,0.012615,0.012592,1,0,1,2285.4
weighted_round_robin,2,75,1,11.324,12.904,1.0,1.0,62,0,0,62,118,117,117,0.008481,0.012944,0.012547,1,0,1,2285.4
weighted_round_robin,2,76,1,10.891,12.653,1.0,1.0,62,0,0,62,118,118,117,0.007405,0.012658,0.012609,1,0,1,2285.4
weighted_round_robin,2,77,1,10.891,12.653,1.0,1.0,62,0,0,62,118,118,118,0.007405,0.012658,0.012609,1,0,1,2285.4
weighted_round_robin,2,78,1,11.007,12.876,1.0,1.0,57,0,0,57,119,118,118,0.007451,0.012671,0.012899,1,0,1,2285.4
weighted_round_robin,2,79,1,10.924,12.664,1.0,1.0,57,0,0,57,119,119,118,0.00749,0.01267,0.012612,1,0,1,2285.4
weighted_round_robin,2,80,1,10.926,12.669,1.0,1.0,57,0,0,57,119,119,119,0.007456,0.012671,0.01265,1,0,1,2285.4
weighted_round_robin,2,81,1,10.915,12.649,1.0,1.0,51,0,0,51,120,119,119,0.007486,0.012654,0.012605,1,0,1,2285.4
weighted_round_robin,2,82,1,10.902,12.653,1.0,1.0,51,0,0,51,120,120,119,0.007421,0.012656,0.012628,1,0,1,2285.4
weighted_round_robin,2,83,1,10.902,12.653,1.0,1.0,51,0,0,51,120,120,120,0.007421,0.012656,0.012628,1,0,1,2285.4
weighted_round_robin,2,84,1,10.917,12.671,1.0,1.0,51,0,0,51,121,120,120,0.007419,0.012673,0.012658,1,0,1,2285.4
weighted_round_robin,2,85,1,11.26,12.869,1.0,1.0,46,0,0,46,121,121,120,0.008337,0.012906,0.012537,1,0,1,2285.4
weighted_round_robin,2,86,1,10.903,12.658,1.0,1.0,46,0,0,46,121,121,121,0.007395,0.012658,0.012655,1,0,1,2285.4
weighted_round_robin,2,87,1,10.935,12.682,1.0,1.0,46,0,0,46,122,121,121,0.00746,0.01266,0.012684,1,0,1,2285.4
weighted_round_robin,2,88,1,10.898,12.663,1.0,1.0,46,0,0,46,122,122,121,0.00746,0.012674,0.012561,1,0,1,2285.4
weighted_round_robin,2,89,1,10.898,12.663,1.0,1.0,46,0,0,46,122,122,122,0.00746,0.012674,0.012561,1,0,1,2285.4
weighted_round_robin,2,90,1,11.103,13.13,1.0,1.0,41,0,0,41,123,122,122,0.007469,0.013183,0.012658,1,1,1,2285.4
weighted_round_robin,2,91,11,16.916,28.925,1.0,1.0,41,0,1,41,126,126,126,0.007487,0.030749,0.012513,1,1,1,2285.4
weighted_round_robin,2,92,1,15.545,25.211,1.0,1.0,41,0,3,41,127,126,126,0.007434,0.026614,0.012587,1,1,1,2285.4
weighted_round_robin,2,93,11,15.427,24.943,1.0,1.0,35,0,5,35,130,130,130,0.007445,0.026324,0.012512,1,1,1,2285.4
weighted_round_robin,2,94,1,15.597,25.427,1.0,1.0,35,0,6,35,131,130,130,0.007418,0.026862,0.012512,1,1,1,2285.4
weighted_round_robin,2,95,11,15.612,25.431,1.0,1.0,35,0,6,35,134,134,134,0.007418,0.026862,0.012557,1,1,1,2285.4
weighted_round_robin,2,96,1,15.53,24.834,1.0,1.0,35,0,8,35,135,134,134,0.007803,0.026194,0.012593,1,1,1,2285.4
weighted_round_robin,2,97,11,15.519,25.069,1.0,1.0,35,0,9,35,138,138,138,0.007466,0.02645,0.012641,1,1,1,2285.4
weighted_round_robin,2,98,1,15.503,25.021,1.0,1.0,30,0,11,30,139,138,138,0.007504,0.0264,0.012606,1,1,1,2285.4
weighted_round_robin,2,99,11,15.363,24.677,1.0,1.0,30,0,13,30,142,142,142,0.007397,0.026009,0.012684,1,1,1,2285.4
weighted_round_robin,2,100,1,15.365,24.677,1.0,1.0,30,0,13,30,143,142,142,0.007403,0.026009,0.012684,1,1,1,2285.4
weighted_round_robin,2,101,11,15.576,25.285,1.0,1.0,30,0,14,30,146,146,146,0.007403,0.026691,0.012633,1,1,1,2285.4
weighted_round_robin,2,102,1,15.465,24.982,1.0,1.0,25,0,16,25,147,146,146,0.007435,0.026358,0.012602,1,1,1,2285.4
weighted_round_robin,2,103,1,15.318,24.571,1.0,1.0,25,0,17,25,147,147,146,0.007414,0.025896,0.012643,1,1,1,2285.4
weighted_round_robin,2,104,10,15.3,24.616,1.0,1.0,25,0,19,25,150,150,150,0.007384,0.025955,0.012562,1,1,1,2285.4
weighted_round_robin,2,105,1,15.435,24.968,1.0,1.0,20,0,20,19,151,150,150,0.007427,0.02635,0.012527,1,1,1,2285.4
weighted_round_robin,2,106,11,15.435,24.968,1.0,1.0,20,0,20,19,154,154,154,0.007427,0.02635,0.012527,1,1,1,2285.4
weighted_round_robin,2,107,1,15.472,24.992,1.0,1.0,22,0,22,19,155,154,154,0.00742,0.026365,0.012632,1,1,1,2285.4
weighted_round_robin,2,108,11,15.42,24.796,1.0,1.0,24,0,24,19,158,158,158,0.007449,0.026144,0.012668,1,1,1,2285.4
weighted_round_robin,2,109,1,15.732,25.59,1.0,1.0,25,0,25,19,159,158,158,0.007532,0.027029,0.012634,1,1,1,2285.4
weighted_round_robin,2,110,11,15.464,24.948,1.0,1.0,27,0,27,14,162,162,162,0.007468,0.02632,0.012603,1,1,1,2285.4
weighted_round_robin,2,111,1,15.431,24.893,1.0,1.0,28,0,28,14,163,162,162,0.007432,0.026259,0.012603,1,1,1,2285.4
weighted_round_robin,2,112,11,15.429,24.893,1.0,1.0,28,0,28,14,166,166,166,0.007432,0.026259,0.012595,1,1,1,2285.4
weighted_round_robin,2,113,1,16.005,25.951,1.0,1.0,30,0,30,14,167,166,166,0.007955,0.027431,0.012629,1,1,1,2285.4
weighted_round_robin,2,114,11,15.45,25.069,1.0,1.0,31,0,31,9,170,170,170,0.007465,0.026476,0.012409,1,1,1,2285.4
weighted_round_robin,2,115,1,15.801,25.837,1.0,1.0,33,0,33,9,171,170,170,0.007421,0.027299,0.012682,1,1,1,2285.4
weighted_round_robin,2,116,11,15.497,25.096,1.0,1.0,35,0,35,9,174,174,174,0.007437,0.026488,0.012565,1,1,1,2285.4
weighted_round_robin,2,117,1,15.502,25.096,1.0,1.0,35,0,35,9,175,174,174,0.007454,0.026488,0.012565,1,1,1,2285.4
weighted_round_robin,2,118,11,15.546,25.17,1.0,1.0,36,0,36,3,178,178,178,0.007454,0.026564,0.01262,1,1,1,2285.4
weighted_round_robin,2,119,1,15.817,25.161,1.0,1.0,38,0,38,3,179,178,178,0.00741,0.026446,0.013594,1,1,1,2285.4
weighted_round_robin,2,120,11,15.53,25.125,1.0,1.0,39,0,39,3,182,182,182,0.007486,0.026518,0.012585,0,1,1,2285.4
weighted_round_robin,2,121,1,11.278,13.678,1.0,1.0,40,0,40,3,183,182,182,0.00745,0.013799,0.012586,0,1,1,2285.4
weighted_round_robin,2,122,1,10.855,12.608,1.0,1.0,40,0,40,0,183,183,182,0.007417,0.012616,0.012532,0,1,1,2285.4
weighted_round_robin,2,123,1,10.855,12.608,1.0,1.0,40,0,40,0,183,183,183,0.007417,0.012616,0.012532,0,1,1,2285.4
weighted_round_robin,2,124,1,10.862,12.641,1.0,1.0,40,0,40,0,184,183,183,0.007373,0.012649,0.012565,0,1,1,2285.4
weighted_round_robin,2,125,1,11.357,13.502,1.0,1.0,40,0,40,0,184,184,183,0.007465,0.013551,0.013056,0,1,1,2285.4
weighted_round_robin,2,126,1,10.932,12.684,1.0,1.0,40,0,40,0,184,184,184,0.007438,0.012673,0.012685,0,1,1,2285.4
weighted_round_robin,2,127,1,11.182,13.358,1.0,1.0,40,0,40,0,185,184,184,0.007458,0.012652,0.013436,0,1,1,2285.4
weighted_round_robin,2,128,1,10.898,12.644,1.0,1.0,40,0,40,0,185,185,184,0.007444,0.012649,0.0126,0,1,1,2285.4
weighted_round_robin,2,129,1,10.898,12.644,1.0,1.0,40,0,40,0,185,185,185,0.007444,0.012649,0.0126,0,1,1,2285.4
weighted_round_robin,2,130,1,10.919,12.659,1.0,1.0,40,0,40,0,186,185,185,0.00744,0.012659,0.012659,0,1,1,2285.4
weighted_round_robin,2,131,0,11.022,12.652,1.0,1.0,40,0,40,0,186,185,185,0.007769,0.012644,0.012653,0,1,1,2285.4
weighted_round_robin,2,132,1,10.928,12.659,1.0,1.0,40,0,40,0,186,186,185,0.007476,0.01266,0.012649,0,1,1,2285.4
weighted_round_robin,2,133,1,10.897,12.638,1.0,1.0,40,0,40,0,186,186,186,0.007442,0.012607,0.012641,0,1,1,2285.4
weighted_round_robin,2,134,1,10.899,12.633,1.0,1.0,40,0,40,0,187,186,186,0.007447,0.012615,0.012635,0,1,1,2285.4
weighted_round_robin,2,135,1,10.899,12.633,1.0,1.0,40,0,40,0,187,187,186,0.007447,0.012615,0.012635,0,1,1,2285.4
weighted_round_robin,2,136,1,10.896,12.631,1.0,1.0,40,0,40,0,187,187,187,0.007445,0.012633,0.01261,0,1,1,2285.4
weighted_round_robin,2,137,1,10.931,12.674,1.0,1.0,40,0,40,0,188,187,187,0.007449,0.012669,0.012675,0,1,1,2285.4
weighted_round_robin,2,138,1,10.927,12.687,1.0,1.0,40,0,40,0,188,188,187,0.007426,0.012664,0.01269,0,1,1,2285.4
weighted_round_robin,2,139,1,10.973,12.832,1.0,1.0,40,0,40,0,188,188,188,0.007425,0.01264,0.012853,0,1,1,2285.4
weighted_round_robin,2,140,1,10.933,12.663,1.0,1.0,40,0,40,0,189,188,188,0.007475,0.012661,0.012663,0,1,1,2285.4
weighted_round_robin,2,141,1,10.933,12.663,1.0,1.0,40,0,40,0,189,189,188,0.007475,0.012661,0.012663,0,1,1,2285.4
weighted_round_robin,2,142,1,11.049,12.648,1.0,1.0,40,0,40,0,189,189,189,0.007866,0.01263,0.01265,0,1,1,2285.4
weighted_round_robin,2,143,1,10.994,12.901,1.0,1.0,40,0,40,0,190,189,189,0.007424,0.012626,0.012932,0,1,1,2285.4
weighted_round_robin,2,144,1,10.909,12.648,1.0,1.0,40,0,40,0,190,190,189,0.00746,0.012652,0.012616,0,1,1,2285.4
weighted_round_robin,2,145,1,11.177,13.33,1.0,1.0,40,0,40,0,190,190,190,0.007481,0.012645,0.013406,0,1,1,2285.4
weighted_round_robin,2,146,1,10.899,12.637,1.0,1.0,40,0,40,0,191,190,190,0.007452,0.012641,0.012604,0,1,1,2285.4
weighted_round_robin,2,147,1,10.899,12.637,1.0,1.0,40,0,40,0,191,191,190,0.007452,0.012641,0.012604,0,1,1,2285.4
weighted_round_robin,2,148,1,10.884,12.662,1.0,1.0,40,0,40,0,191,191,191,0.007429,0.012675,0.012547,0,1,1,2285.4
weighted_round_robin,2,149,1,10.869,12.611,1.0,1.0,40,0,40,0,192,191,191,0.007464,0.012621,0.012523,0,1,1,2285.4
weighted_round_robin,2,150,1,10.905,12.677,1.0,1.0,40,0,40,0,192,192,191,0.007378,0.012679,0.012659,1,1,1,2285.4
weighted_round_robin,2,151,1,15.394,20.15,1.0,1.0,40,1,40,0,192,192,192,0.020983,0.012657,0.012542,1,1,1,2285.4
weighted_round_robin,2,152,11,13.886,16.074,1.0,1.0,40,3,40,0,196,196,195,0.016456,0.012635,0.012568,1,1,1,2285.4
weighted_round_robin,2,153,1,13.886,16.074,1.0,1.0,40,3,40,0,196,196,196,0.016456,0.012635,0.012568,1,1,1,2285.4
weighted_round_robin,2,154,11,13.798,15.815,1.0,1.0,40,4,40,0,200,200,199,0.016168,0.012591,0.012636,1,1,1,2285.4
weighted_round_robin,2,155,1,14.228,15.815,1.0,1.0,35,6,35,0,200,200,200,0.016062,0.013029,0.013593,1,1,1,2285.4
weighted_round_robin,2,156,11,13.778,15.732,1.0,1.0,35,7,35,0,204,204,203,0.016074,0.012658,0.012603,1,1,1,2285.4
weighted_round_robin,2,157,1,13.808,15.701,1.0,1.0,35,9,35,0,204,204,204,0.01603,0.012648,0.012745,1,1,1,2285.4
weighted_round_robin,2,158,11,13.802,15.56,1.0,1.0,29,11,29,0,208,208,207,0.015867,0.012795,0.012745,1,1,1,2285.4
weighted_round_robin,2,159,1,14.091,15.641,1.0,1.0,29,11,29,0,208,208,208,0.015867,0.012795,0.013611,1,1,1,2285.4
weighted_round_robin,2,160,11,13.783,15.742,1.0,1.0,29,12,29,0,212,212,211,0.016087,0.01264,0.012622,1,1,1,2285.4
weighted_round_robin,2,161,1,14.13,15.852,1.0,1.0,29,14,29,0,212,212,212,0.016097,0.012642,0.01365,1,1,1,2285.4
weighted_round_robin,2,162,1,13.809,15.783,1.0,1.0,29,15,29,0,213,212,212,0.016131,0.012646,0.012649,1,1,1,2285.4
weighted_round_robin,2,163,10,13.648,15.387,1.0,1.0,24,17,24,0,216,216,215,0.015691,0.012647,0.012605,1,1,1,2285.4
weighted_round_robin,2,164,1,13.718,15.577,1.0,1.0,24,18,24,0,216,216,216,0.015903,0.012647,0.012605,1,1,1,2285.4
weighted_round_robin,2,165,11,14.065,15.665,1.0,1.0,24,18,24,0,220,220,219,0.015903,0.013525,0.012768,1,1,1,2285.4
weighted_round_robin,2,166,1,13.591,15.341,1.0,1.0,24,20,24,0,220,220,220,0.015641,0.012643,0.01249,1,1,1,2285.4
weighted_round_robin,2,167,11,13.719,15.565,1.0,1.0,22,22,18,0,224,224,223,0.015887,0.01267,0.0126,1,1,1,2285.4
weighted_round_robin,2,168,1,13.757,15.672,1.0,1.0,23,23,18,0,224,224,224,0.016007,0.012658,0.012607,1,1,1,2285.4
weighted_round_robin,2,169,11,13.755,15.671,1.0,1.0,25,25,18,0,228,228,227,0.016006,0.012658,0.012602,1,1,1,2285.4
weighted_round_robin,2,170,1,13.852,15.933,1.0,1.0,26,26,18,0,228,228,228,0.016297,0.012658,0.012602,1,1,1,2285.4
weighted_round_robin,2,171,11,13.844,15.933,1.0,1.0,26,26,18,0,232,232,231,0.016297,0.012661,0.012574,1,1,1,2285.4
weighted_round_robin,2,172,1,13.811,15.663,1.0,1.0,28,28,13,0,232,232,232,0.015977,0.012618,0.012837,1,1,1,2285.4
weighted_round_robin,2,173,11,13.912,16.134,1.0,1.0,29,29,13,0,236,236,235,0.016525,0.012597,0.012615,1,1,1,2285.4
weighted_round_robin,2,174,1,14.149,15.831,1.0,1.0,31,31,13,0,236,236,236,0.016077,0.012754,0.013616,1,1,1,2285.4
weighted_round_robin,2,175,11,13.978,15.762,1.0,1.0,33,33,8,0,240,240,239,0.016028,0.013365,0.012541,1,1,1,2285.4
weighted_round_robin,2,176,1,13.978,15.762,1.0,1.0,33,33,8,0,240,240,240,0.016028,0.013365,0.012541,1,1,1,2285.4
weighted_round_robin,2,177,11,13.741,15.671,1.0,1.0,34,34,8,0,244,244,243,0.016011,0.012615,0.012597,1,1,1,2285.4
weighted_round_robin,2,178,1,13.751,15.744,1.0,1.0,36,36,8,0,244,244,244,0.016095,0.012589,0.012569,1,1,1,2285.4
weighted_round_robin,2,179,11,13.788,15.732,1.0,1.0,37,37,2,0,248,248,247,0.016074,0.01265,0.012641,1,1,1,2285.4
weighted_round_robin,3,0,0,15.835,25.679,1.0,1.0,0,0,0,0,0,0,0,0.007649,0.012739,0.027117,1,1,1,2343.7
weighted_round_robin,3,1,1,15.575,24.976,0.3333,0.3333,3,0,0,3,1,0,0,0.007649,0.012739,0.026336,1,1,1,2343.7
weighted_round_robin,3,2,1,15.568,25.199,0.6667,0.6667,41,41,0,4,1,1,0,0.007469,0.012639,0.026595,1,1,1,2343.7
weighted_round_robin,3,3,11,15.449,24.927,0.9883,0.9883,41,41,0,6,5,4,4,0.007433,0.01262,0.026295,1,1,1,2343.7
weighted_round_robin,3,4,1,15.481,24.972,0.9899,0.9899,41,41,0,7,5,5,4,0.007452,0.01265,0.026341,1,1,1,2343.7
weighted_round_robin,3,5,11,15.535,25.097,0.9968,0.9968,41,41,0,9,9,8,8,0.007502,0.012619,0.026484,1,1,1,2343.7
weighted_round_robin,3,6,1,15.532,25.097,0.9971,0.9971,41,41,0,9,9,9,8,0.007494,0.012619,0.026484,1,1,1,2343.7
weighted_round_robin,3,7,11,15.825,25.893,0.9985,0.9985,41,41,0,10,13,12,12,0.007494,0.012612,0.027369,1,1,1,2343.7
weighted_round_robin,3,8,1,15.559,25.155,0.9986,0.9986,41,41,0,12,13,13,12,0.007473,0.012661,0.026543,1,1,1,2343.7
weighted_round_robin,3,9,11,15.468,25.049,0.9992,0.9992,41,41,0,14,17,16,16,0.007371,0.012602,0.026432,1,1,1,2343.7
weighted_round_robin,3,10,1,15.441,24.856,0.9992,0.9992,41,41,0,15,17,17,16,0.007463,0.012648,0.026212,1,1,1,2343.7
weighted_round_robin,3,11,11,15.496,24.988,0.9995,0.9995,41,41,0,17,21,20,20,0.00747,0.012659,0.026358,1,1,1,2343.7
weighted_round_robin,3,12,1,15.496,24.988,0.9995,0.9995,41,41,0,17,21,21,20,0.00747,0.012659,0.026358,1,1,1,2343.7
weighted_round_robin,3,13,11,15.48,25.017,0.9996,0.9996,41,41,0,18,25,24,24,0.007392,0.012659,0.02639,1,1,1,2343.7
weighted_round_robin,3,14,1,15.844,25.945,0.9996,0.9996,41,41,0,20,25,25,24,0.007473,0.012635,0.027424,1,1,1,2343.7
weighted_round_robin,3,15,11,15.794,25.101,0.9997,0.9997,41,41,0,21,29,28,28,0.00746,0.013537,0.026386,1,1,1,2343.7
weighted_round_robin,3,16,1,15.802,25.541,0.9997,0.9997,41,41,0,23,29,29,28,0.007479,0.012993,0.026935,1,1,1,2343.7
weighted_round_robin,3,17,11,15.685,25.506,0.9998,0.9998,41,41,0,23,33,32,32,0.007473,0.012646,0.026935,1,1,1,2343.7
weighted_round_robin,3,18,1,15.485,24.966,0.9998,0.9998,41,41,0,25,33,33,32,0.007473,0.012646,0.026335,1,1,1,2343.7
weighted_round_robin,3,19,11,15.971,26.313,0.9998,0.9998,41,41,0,26,37,36,36,0.007435,0.012645,0.027832,1,1,1,2343.7
weighted_round_robin,3,20,1,15.432,24.847,0.9998,0.9998,41,41,0,28,37,37,36,0.007464,0.012626,0.026205,1,1,1,2343.7
weighted_round_robin,3,21,7,15.508,25.07,1.0,1.0,41,41,0,29,39,39,39,0.007448,0.012622,0.026453,1,1,1,2343.7
weighted_round_robin,3,22,4,15.675,25.435,0.9999,0.9999,41,41,0,31,41,40,40,0.007449,0.012729,0.026847,1,1,1,2343.7
weighted_round_robin,3,23,1,15.674,25.435,0.9999,0.9999,41,41,0,31,41,41,40,0.007445,0.012729,0.026847,1,1,1,2343.7
weighted_round_robin,3,24,11,15.404,24.789,0.9999,0.9999,41,41,0,33,45,44,44,0.007445,0.012625,0.026141,1,1,1,2343.7
weighted_round_robin,3,25,1,15.512,25.075,0.9999,0.9999,41,41,0,34,45,45,44,0.007473,0.012602,0.026461,1,1,1,2343.7
weighted_round_robin,3,26,11,15.547,24.674,0.9999,0.9999,40,40,0,36,49,48,48,0.007957,0.012677,0.026007,1,1,1,2343.7
weighted_round_robin,3,27,1,15.504,25.024,0.9999,0.9999,40,40,0,37,49,49,48,0.007445,0.01267,0.026397,1,1,1,2343.7
weighted_round_robin,3,28,11,15.835,25.121,0.9999,0.9999,40,40,0,37,53,52,52,0.007469,0.013639,0.026397,1,1,1,2343.7
weighted_round_robin,3,29,1,15.929,25.375,0.9999,0.9999,40,40,0,39,53,53,52,0.007469,0.013639,0.026679,1,1,1,2343.7
weighted_round_robin,3,30,11,15.476,24.956,0.9999,0.9999,40,40,0,40,57,56,56,0.007456,0.012648,0.026324,1,1,1,2343.7
weighted_round_robin,3,31,1,15.702,25.195,0.9999,0.9999,42,35,0,42,57,57,56,0.007486,0.013077,0.026542,1,1,1,2343.7
weighted_round_robin,3,32,11,15.541,25.11,0.9999,0.9999,44,35,0,44,61,60,60,0.007463,0.012668,0.026493,1,1,1,2343.7
weighted_round_robin,3,33,1,15.527,25.059,0.9999,0.9999,45,35,0,45,61,61,60,0.007482,0.012663,0.026436,1,1,1,2343.7
weighted_round_robin,3,34,11,15.502,25.056,0.9999,0.9999,45,29,0,45,65,64,64,0.007433,0.012638,0.026436,1,1,1,2343.7
weighted_round_robin,3,35,1,15.798,25.854,0.9999,0.9999,47,29,0,47,65,65,64,0.007433,0.012638,0.027323,1,1,1,2343.7
weighted_round_robin,3,36,11,15.511,25.073,1.0,1.0,48,29,0,48,69,68,68,0.007473,0.012601,0.026459,1,1,1,2343.7
weighted_round_robin,3,37,1,15.402,24.767,1.0,1.0,50,29,0,50,69,69,68,0.007429,0.012667,0.026111,1,1,1,2343.7
weighted_round_robin,3,38,11,15.589,25.189,1.0,1.0,51,29,0,51,73,72,72,0.007522,0.012666,0.02658,1,1,1,2343.7
weighted_round_robin,3,39,1,15.594,24.995,1.0,1.0,53,24,0,53,73,73,72,0.00751,0.012936,0.026335,1,1,1,2343.7
weighted_round_robin,3,40,11,15.594,24.995,1.0,1.0,53,24,0,53,77,76,76,0.00751,0.012936,0.026335,1,1,1,2343.7
weighted_round_robin,3,41,1,15.476,24.923,1.0,1.0,55,24,0,55,77,77,76,0.007465,0.012678,0.026284,1,1,1,2343.7
weighted_round_robin,3,42,11,15.658,25.411,1.0,1.0,56,24,0,56,81,80,80,0.007485,0.012662,0.026828,1,1,1,2343.7
weighted_round_robin,3,43,1,15.627,24.996,1.0,1.0,58,19,0,58,81,81,80,0.00786,0.012654,0.026367,1,1,1,2343.7
weighted_round_robin,3,44,7,15.362,24.659,1.0,1.0,59,19,0,59,83,83,83,0.00746,0.012632,0.025995,1,1,1,2343.7
weighted_round_robin,3,45,4,15.372,24.659,1.0,1.0,59,19,0,59,85,84,84,0.007492,0.01263,0.025995,1,1,1,2343.7
weighted_round_robin,3,46,1,15.457,24.886,1.0,1.0,61,19,0,61,85,85,84,0.007492,0.01263,0.026248,1,1,1,2343.7
weighted_round_robin,3,47,11,15.72,25.543,1.0,1.0,63,13,0,63,89,88,88,0.007545,0.012639,0.026977,1,1,1,2343.7
weighted_round_robin,3,48,1,15.669,25.029,1.0,1.0,64,13,0,64,89,89,88,0.007469,0.013195,0.026344,1,1,1,2343.7
weighted_round_robin,3,49,11,15.585,25.062,1.0,1.0,66,13,0,66,93,92,92,0.007433,0.01291,0.026412,1,1,1,2343.7
weighted_round_robin,3,50,1,15.525,25.053,1.0,1.0,67,13,0,67,93,93,92,0.007495,0.012648,0.026431,1,1,1,2343.7
weighted_round_robin,3,51,11,15.524,25.053,1.0,1.0,67,8,0,67,97,96,96,0.007492,0.012648,0.026431,1,1,1,2343.7
weighted_round_robin,3,52,1,15.734,25.736,1.0,1.0,69,8,0,69,97,97,96,0.007492,0.012503,0.027206,1,1,1,2343.7
weighted_round_robin,3,53,11,15.472,24.987,1.0,1.0,70,8,0,70,101,100,100,0.007434,0.012621,0.026361,1,1,1,2343.7
weighted_round_robin,3,54,1,15.495,25.074,1.0,1.0,72,8,0,72,101,101,100,0.007469,0.012552,0.026465,1,1,1,2343.7
weighted_round_robin,3,55,11,15.495,25.017,1.0,1.0,74,2,0,74,105,104,104,0.007409,0.01269,0.026387,1,1,1,2343.7
weighted_round_robin,3,56,1,16.12,25.934,1.0,1.0,75,2,0,75,105,105,104,0.007417,0.013645,0.027299,1,1,1,2343.7
weighted_round_robin,3,57,11,16.12,25.934,1.0,1.0,75,2,0,75,109,108,108,0.007417,0.013645,0.027299,1,1,1,2343.7
weighted_round_robin,3,58,1,15.557,25.155,1.0,1.0,77,2,0,77,109,109,108,0.0075,0.012623,0.026547,1,1,1,2343.7
weighted_round_robin,3,59,11,16.219,25.893,1.0,1.0,77,0,0,77,113,112,112,0.008446,0.01287,0.02734,1,1,1,2343.7
weighted_round_robin,3,60,1,16.093,25.786,1.0,1.0,79,0,0,79,113,113,112,0.007496,0.013647,0.027135,1,0,1,2343.7
weighted_round_robin,3,61,1,11.099,13.155,1.0,1.0,79,0,0,79,113,113,113,0.00743,0.012657,0.01321,1,0,1,2343.7
weighted_round_robin,3,62,1,10.909,12.634,1.0,1.0,79,0,0,79,114,113,113,0.007485,0.012638,0.012603,1,0,1,2343.7
weighted_round_robin,3,63,1,10.909,12.634,1.0,1.0,79,0,0,79,114,114,113,0.007485,0.012638,0.012603,1,0,1,2343.7
weighted_round_robin,3,64,1,10.911,12.653,1.0,1.0,75,0,0,75,114,114,114,0.007429,0.012652,0.012653,1,0,1,2343.7
weighted_round_robin,3,65,1,10.966,12.855,1.0,1.0,75,0,0,75,115,114,114,0.00748,0.012525,0.012892,1,0,1,2343.7
weighted_round_robin,3,66,1,10.942,12.705,1.0,1.0,75,0,0,75,115,115,114,0.007443,0.012673,0.012709,1,0,1,2343.7
weighted_round_robin,3,67,1,10.939,12.727,1.0,1.0,69,0,0,69,115,115,115,0.007463,0.012614,0.01274,1,0,1,2343.7
weighted_round_robin,3,68,1,11.379,12.928,1.0,1.0,69,0,0,69,116,115,115,0.008448,0.012949,0.01274,1,0,1,2343.7
weighted_round_robin,3,69,1,11.653,13.5,1.0,1.0,69,0,0,69,116,116,115,0.008448,0.012949,0.013561,1,0,1,2343.7
weighted_round_robin,3,70,1,11.251,13.065,1.0,1.0,69,0,0,69,116,116,116,0.007984,0.01311,0.012659,1,0,1,2343.7
weighted_round_robin,3,71,1,10.885,12.622,1.0,1.0,65,0,0,65,117,116,116,0.007413,0.012622,0.012621,1,0,1,2343.7
weighted_round_robin,3,72,0,10.903,12.632,1.0,1.0,65,0,0,65,117,116,116,0.007475,0.012635,0.0126,1,0,1,2343.7
weighted_round_robin,3,73,1,10.979,12.761,1.0,1.0,65,0,0,65,117,117,116,0.007477,0.012769,0.012692,1,0,1,2343.7
weighted_round_robin,3,74,1,10.964,12.734,1.0,1.0,65,0,0,65,117,117,117,0.007461,0.012739,0.012692,1,0,1,2343.7
weighted_round_robin,3,75,1,11.253,13.476,1.0,1.0,65,0,0,65,118,117,117,0.007461,0.012739,0.013558,1,0,1,2343.7
weighted_round_robin,3,76,1,10.924,12.659,1.0,1.0,60,0,0,60,118,118,117,0.007464,0.01266,0.012649,1,0,1,2343.7
weighted_round_robin,3,77,1,11.242,13.489,1.0,1.0,60,0,0,60,118,118,118,0.00747,0.012677,0.013579,1,0,1,2343.7
weighted_round_robin,3,78,1,10.928,12.699,1.0,1.0,60,0,0,60,119,118,118,0.007454,0.012621,0.012708,1,0,1,2343.7
weighted_round_robin,3,79,1,11.145,13.087,1.0,1.0,54,0,0,54,119,119,118,0.007426,0.012902,0.013108,1,0,1,2343.7
weighted_round_robin,3,80,1,11.111,13.062,1.0,1.0,54,0,0,54,119,119,119,0.007577,0.012647,0.013108,1,0,1,2343.7
weighted_round_robin,3,81,1,10.964,12.665,1.0,1.0,54,0,0,54,120,119,119,0.007577,0.012647,0.012667,1,0,1,2343.7
weighted_round_robin,3,82,1,11.215,12.662,1.0,1.0,54,0,0,54,120,120,119,0.008381,0.012595,0.012669,1,0,1,2343.7
weighted_round_robin,3,83,1,10.929,12.697,1.0,1.0,54,0,0,54,120,120,120,0.007441,0.012642,0.012703,1,0,1,2343.7
weighted_round_robin,3,84,1,10.92,12.653,1.0,1.0,49,0,0,49,121,120,120,0.007479,0.012656,0.012626,1,0,1,2343.7
weighted_round_robin,3,85,1,11.081,13.002,1.0,1.0,49,0,0,49,121,121,120,0.007555,0.013042,0.012645,1,0,1,2343.7
weighted_round_robin,3,86,1,10.945,12.708,1.0,1.0,49,0,0,49,121,121,121,0.007476,0.012715,0.012645,1,0,1,2343.7
weighted_round_robin,3,87,1,10.901,12.695,1.0,1.0,49,0,0,49,122,121,121,0.007476,0.012715,0.012511,1,0,1,2343.7
weighted_round_robin,3,88,1,10.859,12.56,1.0,1.0,44,0,0,44,122,122,121,0.007477,0.012563,0.012538,1,0,1,2343.7
weighted_round_robin,3,89,1,11.303,13.524,1.0,1.0,44,0,0,44,122,122,122,0.007471,0.0136,0.012837,1,0,1,2343.7
weighted_round_robin,3,90,1,11.047,12.973,1.0,1.0,44,0,0,44,123,122,122,0.007464,0.01267,0.013007,1,1,1,2343.7
weighted_round_robin,3,91,11,15.54,25.106,1.0,1.0,38,0,2,38,126,126,126,0.007474,0.02649,0.012655,1,1,1,2343.7
weighted_round_robin,3,92,1,15.557,25.173,1.0,1.0,38,0,3,38,127,126,126,0.007451,0.026564,0.012655,1,1,1,2343.7
weighted_round_robin,3,93,11,15.545,25.17,1.0,1.0,38,0,3,38,130,130,130,0.007451,0.026564,0.012621,1,1,1,2343.7
weighted_round_robin,3,94,1,15.635,25.001,1.0,1.0,38,0,5,38,131,130,130,0.007873,0.026372,0.012659,1,1,1,2343.7
weighted_round_robin,3,95,11,15.647,25.405,1.0,1.0,38,0,6,38,134,134,134,0.007475,0.026823,0.012643,1,1,1,2343.7
weighted_round_robin,3,96,1,15.761,25.729,1.0,1.0,33,0,8,33,135,134,134,0.007445,0.027181,0.012658,1,1,1,2343.7
weighted_round_robin,3,97,11,15.464,25.018,1.0,1.0,33,0,10,33,138,138,138,0.007408,0.026399,0.012586,1,1,1,2343.7
weighted_round_robin,3,98,1,15.572,25.018,1.0,1.0,33,0,10,33,139,138,138,0.007732,0.026399,0.012586,1,1,1,2343.7
weighted_round_robin,3,99,11,15.883,25.81,1.0,1.0,33,0,11,33,142,142,142,0.007732,0.027273,0.012644,1,1,1,2343.7
weighted_round_robin,3,100,1,15.465,24.912,1.0,1.0,27,0,13,27,143,142,142,0.007447,0.026271,0.012676,1,1,1,2343.7
weighted_round_robin,3,101,11,15.521,25.078,1.0,1.0,27,0,14,27,146,146,146,0.007453,0.026459,0.012651,1,1,1,2343.7
weighted_round_robin,3,102,1,15.518,25.024,1.0,1.0,27,0,16,27,147,146,146,0.007503,0.026398,0.012653,1,1,1,2343.7
weighted_round_robin,3,103,0,15.774,24.891,1.0,1.0,27,0,17,27,147,146,146,0.008419,0.026251,0.012653,1,1,1,2343.7
weighted_round_robin,3,104,11,15.717,24.874,1.0,1.0,27,0,17,27,150,150,150,0.008419,0.026251,0.012482,1,1,1,2343.7
weighted_round_robin,3,105,1,15.492,24.933,1.0,1.0,22,0,19,22,151,150,150,0.007471,0.026291,0.012715,1,1,1,2343.7
weighted_round_robin,3,106,11,15.652,25.407,1.0,1.0,22,0,21,22,154,154,154,0.007485,0.026825,0.012645,1,1,1,2343.7
weighted_round_robin,3,107,1,15.84,25.877,1.0,1.0,22,0,22,22,155,154,154,0.007491,0.027342,0.012687,1,1,1,2343.7
weighted_round_robin,3,108,11,15.916,25.293,1.0,1.0,24,0,24,17,158,158,158,0.00747,0.026581,0.013696,1,1,1,2343.7
weighted_round_robin,3,109,1,15.911,25.293,1.0,1.0,24,0,24,17,159,158,158,0.007456,0.026581,0.013696,1,1,1,2343.7
weighted_round_robin,3,110,11,15.634,25.369,1.0,1.0,25,0,25,17,162,162,162,0.007456,0.026781,0.012665,1,1,1,2343.7
weighted_round_robin,3,111,1,15.517,25.115,1.0,1.0,27,0,27,17,163,162,162,0.007405,0.026501,0.012645,1,1,1,2343.7
weighted_round_robin,3,112,11,15.372,24.71,1.0,1.0,29,0,29,11,166,166,166,0.007464,0.026056,0.012596,1,1,1,2343.7
weighted_round_robin,3,113,1,15.522,25.024,1.0,1.0,30,0,30,11,167,166,166,0.007496,0.026396,0.012673,1,1,1,2343.7
weighted_round_robin,3,114,11,15.473,24.94,1.0,1.0,32,0,32,11,170,170,170,0.007451,0.026304,0.012665,1,1,1,2343.7
weighted_round_robin,3,115,1,15.473,24.94,1.0,1.0,32,0,32,11,171,170,170,0.007451,0.026304,0.012665,1,1,1,2343.7
weighted_round_robin,3,116,11,15.661,25.534,1.0,1.0,33,0,33,11,174,174,174,0.007407,0.02697,0.012605,1,1,1,2343.7
weighted_round_robin,3,117,1,15.503,25.057,1.0,1.0,35,0,35,6,175,174,174,0.007468,0.026441,0.012601,1,1,1,2343.7
weighted_round_robin,3,118,11,15.623,25.387,1.0,1.0,36,0,36,6,178,178,178,0.007497,0.026812,0.012559,1,1,1,2343.7
weighted_round_robin,3,119,1,15.661,24.81,1.0,1.0,38,0,38,6,179,178,178,0.008292,0.026176,0.012516,1,1,1,2343.7
weighted_round_robin,3,120,11,15.684,25.55,1.0,1.0,40,0,40,1,182,182,182,0.007477,0.026991,0.012583,0,1,1,2343.7
weighted_round_robin,3,121,1,15.684,25.55,1.0,1.0,40,0,40,1,183,182,182,0.007477,0.026991,0.012583,0,1,1,2343.7
weighted_round_robin,3,122,1,10.922,12.653,1.0,1.0,40,0,40,1,183,183,182,0.007489,0.012619,0.012657,0,1,1,2343.7
weighted_round_robin,3,123,1,10.964,12.791,1.0,1.0,40,0,40,1,183,183,183,0.007451,0.012809,0.012632,0,1,1,2343.7
weighted_round_robin,3,124,1,11.046,13.008,1.0,1.0,40,0,40,0,184,183,183,0.007494,0.012588,0.013055,0,1,1,2343.7
weighted_round_robin,3,125,1,11.065,12.615,1.0,1.0,40,0,40,0,184,184,183,0.008032,0.01254,0.012623,0,1,1,2343.7
weighted_round_robin,3,126,1,10.896,12.621,1.0,1.0,40,0,40,0,184,184,184,0.00746,0.012605,0.012623,0,1,1,2343.7
weighted_round_robin,3,127,1,10.882,12.602,1.0,1.0,40,0,40,0,185,184,184,0.00746,0.012605,0.01258,0,1,1,2343.7
weighted_round_robin,3,128,1,10.925,12.646,1.0,1.0,40,0,40,0,185,185,184,0.007506,0.012621,0.012649,0,1,1,2343.7
weighted_round_robin,3,129,0,11.223,12.654,1.0,1.0,40,0,40,0,185,185,184,0.008393,0.012658,0.012619,0,1,1,2343.7
weighted_round_robin,3,130,1,10.96,12.7,1.0,1.0,40,0,40,0,185,185,185,0.007508,0.012669,0.012703,0,1,1,2343.7
weighted_round_robin,3,131,1,11.183,12.688,1.0,1.0,40,0,40,0,186,185,185,0.008228,0.012695,0.012626,0,1,1,2343.7
weighted_round_robin,3,132,1,10.982,12.847,1.0,1.0,40,0,40,0,186,186,185,0.00745,0.012871,0.012626,0,1,1,2343.7
weighted_round_robin,3,133,1,10.994,12.85,1.0,1.0,40,0,40,0,186,186,186,0.00745,0.012871,0.012662,0,1,1,2343.7
weighted_round_robin,3,134,1,11.05,12.599,1.0,1.0,40,0,40,0,187,186,186,0.008007,0.012606,0.012537,0,1,1,2343.7
weighted_round_robin,3,135,1,10.891,12.589,1.0,1.0,40,0,40,0,187,187,186,0.007507,0.012575,0.01259,0,1,1,2343.7
weighted_round_robin,3,136,1,10.925,12.642,1.0,1.0,40,0,40,0,187,187,187,0.007516,0.012645,0.012615,0,1,1,2343.7
weighted_round_robin,3,137,1,10.871,12.615,1.0,1.0,40,0,40,0,188,187,187,0.007464,0.012625,0.012523,0,1,1,2343.7
weighted_round_robin,3,138,1,11.184,12.594,1.0,1.0,40,0,40,0,188,188,187,0.008428,0.012602,0.012523,0,1,1,2343.7
weighted_round_robin,3,139,1,11.224,12.637,1.0,1.0,40,0,40,0,188,188,188,0.008428,0.012602,0.012641,0,1,1,2343.7
weighted_round_robin,3,140,1,10.923,12.66,1.0,1.0,40,0,40,0,189,188,188,0.007472,0.012634,0.012663,0,1,1,2343.7
weighted_round_robin,3,141,1,10.88,12.605,1.0,1.0,40,0,40,0,189,189,188,0.007452,0.012608,0.012579,0,1,1,2343.7
weighted_round_robin,3,142,1,10.874,12.648,1.0,1.0,40,0,40,0,189,189,189,0.007464,0.012665,0.012494,0,1,1,2343.7
weighted_round_robin,3,143,1,10.907,12.617,1.0,1.0,40,0,40,0,190,189,189,0.007489,0.012614,0.012617,0,1,1,2343.7
weighted_round_robin,3,144,1,11.048,12.982,1.0,1.0,40,0,40,0,190,190,189,0.007505,0.013022,0.012617,0,1,1,2343.7
weighted_round_robin,3,145,1,11.048,12.982,1.0,1.0,40,0,40,0,190,190,190,0.007505,0.013022,0.012617,0,1,1,2343.7
weighted_round_robin,3,146,1,10.919,12.664,1.0,1.0,40,0,40,0,191,190,190,0.007433,0.012659,0.012665,0,1,1,2343.7
weighted_round_robin,3,147,1,10.939,12.69,1.0,1.0,40,0,40,0,191,191,190,0.007484,0.012696,0.012637,0,1,1,2343.7
weighted_round_robin,3,148,1,10.921,12.657,1.0,1.0,40,0,40,0,191,191,191,0.007461,0.012643,0.012658,0,1,1,2343.7
weighted_round_robin,3,149,1,11.239,12.669,1.0,1.0,40,0,40,0,192,191,191,0.008415,0.012628,0.012674,0,1,1,2343.7
weighted_round_robin,3,150,1,10.922,12.636,1.0,1.0,40,0,40,0,192,192,191,0.007535,0.012641,0.012591,1,1,1,2343.7
weighted_round_robin,3,151,1,10.922,12.636,1.0,1.0,40,0,40,0,192,192,192,0.007535,0.012641,0.012591,1,1,1,2343.7
weighted_round_robin,3,152,11,15.371,19.435,1.0,1.0,40,1,40,0,196,196,195,0.02015,0.012965,0.012997,1,1,1,2343.7
weighted_round_robin,3,153,1,13.831,15.827,1.0,1.0,37,3,37,0,196,196,196,0.016178,0.01265,0.012664,1,1,1,2343.7
weighted_round_robin,3,154,11,13.753,15.712,1.0,1.0,37,4,37,0,200,200,199,0.016051,0.012663,0.012544,1,1,1,2343.7
weighted_round_robin,3,155,1,13.791,15.718,1.0,1.0,37,6,37,0,200,200,200,0.016057,0.012648,0.012668,1,1,1,2343.7
weighted_round_robin,3,156,11,13.778,15.682,1.0,1.0,37,8,37,0,204,204,203,0.016017,0.012648,0.012668,1,1,1,2343.7
weighted_round_robin,3,157,1,13.773,15.682,1.0,1.0,37,8,37,0,204,204,204,0.016017,0.012633,0.01267,1,1,1,2343.7
weighted_round_robin,3,158,11,14.129,15.891,1.0,1.0,32,9,32,0,208,208,207,0.016145,0.012642,0.013601,1,1,1,2343.7
weighted_round_robin,3,159,1,14.409,16.787,1.0,1.0,32,11,32,0,208,208,208,0.017161,0.012648,0.013419,1,1,1,2343.7
weighted_round_robin,3,160,11,14.079,16.081,1.0,1.0,32,12,32,0,212,212,211,0.016402,0.013193,0.012641,1,1,1,2343.7
weighted_round_robin,3,161,1,13.757,15.654,1.0,1.0,27,14,27,0,212,212,212,0.015988,0.012639,0.012644,1,1,1,2343.7
weighted_round_robin,3,162,0,13.899,16.036,1.0,1.0,27,15,27,0,212,212,212,0.016413,0.012639,0.012644,1,1,1,2343.7
weighted_round_robin,3,163,11,13.882,16.035,1.0,1.0,27,15,27,0,216,216,215,0.016413,0.01263,0.012603,1,1,1,2343.7
weighted_round_robin,3,164,1,13.753,15.671,1.0,1.0,27,17,27,0,216,216,216,0.016009,0.012632,0.012619,1,1,1,2343.7
weighted_round_robin,3,165,11,13.712,15.662,1.0,1.0,21,19,21,0,220,220,219,0.016001,0.012606,0.012529,1,1,1,2343.7
weighted_round_robin,3,166,1,13.773,15.63,1.0,1.0,21,20,21,0,220,220,220,0.015955,0.012708,0.012655,1,1,1,2343.7
weighted_round_robin,3,167,11,13.891,15.757,1.0,1.0,22,22,21,0,224,224,223,0.016058,0.013051,0.012565,1,1,1,2343.7
weighted_round_robin,3,168,1,13.891,15.757,1.0,1.0,22,22,21,0,224,224,224,0.016058,0.013051,0.012565,1,1,1,2343.7
weighted_round_robin,3,169,11,14.297,16.641,1.0,1.0,23,23,21,0,228,228,227,0.017018,0.012625,0.013249,1,1,1,2343.7
weighted_round_robin,3,170,1,13.811,15.647,1.0,1.0,25,25,16,0,228,228,228,0.015962,0.012658,0.012812,1,1,1,2343.7
weighted_round_robin,3,171,11,13.8,15.632,1.0,1.0,27,27,16,0,232,232,231,0.015925,0.012996,0.01248,1,1,1,2343.7
weighted_round_robin,3,172,1,13.843,15.67,1.0,1.0,28,28,16,0,232,232,232,0.015965,0.013019,0.012545,1,1,1,2343.7
weighted_round_robin,3,173,11,13.679,15.52,1.0,1.0,30,30,10,0,236,236,235,0.015839,0.012653,0.012545,1,1,1,2343.7
weighted_round_robin,3,174,1,13.714,15.52,1.0,1.0,30,30,10,0,236,236,236,0.015839,0.012653,0.012651,1,1,1,2343.7
weighted_round_robin,3,175,11,13.713,15.558,1.0,1.0,31,31,10,0,240,240,239,0.015873,0.012724,0.012542,1,1,1,2343.7
weighted_round_robin,3,176,1,14.017,15.734,1.0,1.0,33,33,10,0,240,240,240,0.016037,0.013006,0.013009,1,1,1,2343.7
weighted_round_robin,3,177,11,13.763,15.714,1.0,1.0,34,34,10,0,244,244,243,0.016049,0.012696,0.012543,1,1,1,2343.7
weighted_round_robin,3,178,1,14.163,16.475,1.0,1.0,36,36,5,0,244,244,244,0.016862,0.012992,0.012636,1,1,1,2343.7
weighted_round_robin,3,179,11,13.876,15.698,1.0,1.0,38,38,5,0,248,248,247,0.015999,0.012992,0.012636,1,1,1,2343.7
random,1,0,0,15.433,24.962,1.0,1.0,0,0,0,0,0,0,0,0.007418,0.012537,0.026343,1,1,1,2092.6
random,1,1,11,15.49,24.999,0.938,0.938,41,41,0,4,3,5,3,0.00747,0.012625,0.026374,1,1,1,2092.6
random,1,2,1,15.656,25.17,0.96,0.96,41,41,0,5,4,5,3,0.007486,0.012955,0.026527,1,1,1,2092.6
random,1,3,11,15.434,24.904,0.9962,0.9962,41,41,0,7,8,8,7,0.007384,0.012652,0.026265,1,1,1,2092.6
random,1,4,11,15.45,24.904,0.978,0.978,41,41,0,7,9,13,12,0.007432,0.012652,0.026265,1,1,1,2092.6
random,1,5,1,15.564,25.206,0.9699,0.9699,41,41,0,9,9,14,12,0.007432,0.01266,0.0266,1,1,1,2092.6
random,1,6,11,15.658,24.744,0.9991,0.9991,41,41,0,13,16,15,15,0.007474,0.013507,0.025993,1,1,1,2092.6
random,1,7,1,15.554,25.165,0.9964,0.9964,41,41,0,12,17,15,15,0.007487,0.012614,0.02656,1,1,1,2092.6
random,1,8,1,15.976,25.664,0.9922,0.9922,41,41,0,13,18,15,15,0.007488,0.013416,0.027025,1,1,1,2092.6
random,1,9,1,15.458,24.881,0.9868,0.9868,41,41,0,14,19,15,15,0.007515,0.012616,0.026244,1,1,1,2092.6
random,1,10,1,15.458,24.881,0.9897,0.9897,41,41,0,14,19,16,15,0.007515,0.012616,0.026244,1,1,1,2092.6
random,1,11,1,15.498,24.727,0.9841,0.9841,41,41,0,15,20,16,15,0.007475,0.012987,0.026032,1,1,1,2092.6
random,1,12,1,15.514,25.051,0.9861,0.9861,41,41,0,16,20,17,15,0.007454,0.012659,0.026428,1,1,1,2092.6
random,1,13,1,15.794,25.636,0.9805,0.9805,41,41,0,17,21,17,15,0.00745,0.012878,0.027054,1,1,1,2092.6
random,1,14,11,15.568,25.191,0.9865,0.9865,41,41,0,19,24,22,18,0.007476,0.012644,0.026585,1,1,1,2092.6
random,1,15,1,15.558,25.192,0.9828,0.9828,41,41,0,19,25,22,18,0.007437,0.012653,0.026585,1,1,1,2092.6
random,1,16,1,15.487,24.999,0.9784,0.9784,41,41,0,20,26,22,18,0.007437,0.012653,0.026371,1,1,1,2092.6
random,1,17,1,15.539,25.127,0.9735,0.9735,41,41,0,21,27,22,18,0.007461,0.012641,0.026514,1,1,1,2092.6
random,1,18,11,15.662,25.07,0.9845,0.9845,41,41,0,22,30,26,22,0.007482,0.013103,0.0264,1,1,1,2092.6
random,1,19,11,15.667,25.536,0.9893,0.9893,41,41,0,24,34,28,27,0.007483,0.012537,0.02698,1,1,1,2092.6
random,1,20,1,15.538,25.128,0.9905,0.9905,41,41,0,26,34,29,27,0.007491,0.012605,0.026519,1,1,1,2092.6
random,1,21,1,15.522,25.128,0.9876,0.9876,41,41,0,26,35,29,27,0.007441,0.012605,0.026519,1,1,1,2092.6
random,1,22,1,15.489,25.053,0.9844,0.9844,41,41,0,27,36,29,27,0.007441,0.012588,0.026438,1,1,1,2092.6
random,1,23,1,15.848,25.281,0.9809,0.9809,41,41,0,28,37,29,27,0.007443,0.013511,0.026589,1,1,1,2092.6
random,1,24,1,15.713,25.616,0.9824,0.9824,41,41,0,29,37,30,27,0.007438,0.012642,0.027058,1,1,1,2092.6
random,1,25,1,15.623,25.36,0.9834,0.9834,41,41,0,30,37,31,27,0.007459,0.012635,0.026774,1,1,1,2092.6
random,1,26,11,15.353,24.604,0.9872,0.9872,41,41,0,34,41,32,33,0.00748,0.012646,0.025933,1,1,1,2092.6
random,1,27,1,15.353,24.604,0.9889,0.9889,41,41,0,34,41,33,33,0.00748,0.012646,0.025933,1,1,1,2092.6
random,1,28,0,15.576,25.085,0.9889,0.9889,41,41,0,33,41,33,33,0.007658,0.012598,0.026472,1,1,1,2092.6
random,1,29,1,15.465,24.657,0.9863,0.9863,37,37,0,34,42,33,33,0.00748,0.012959,0.025957,1,1,1,2092.6
random,1,30,1,15.46,25.088,0.9879,0.9879,37,37,0,35,42,34,33,0.007385,0.012509,0.026486,1,1,1,2092.6
random,1,31,1,15.87,25.282,0.989,0.989,37,37,0,36,42,35,33,0.007524,0.013494,0.026592,1,1,1,2092.6
random,1,32,1,15.89,25.186,0.9899,0.9899,36,32,0,36,42,36,33,0.008549,0.012528,0.026592,1,1,1,2092.6
random,1,33,11,16.005,25.497,0.9935,0.9935,37,32,0,37,45,37,40,0.008549,0.012528,0.026938,1,1,1,2092.6
random,1,34,1,15.657,25.307,0.9917,0.9917,39,32,0,39,46,37,40,0.00745,0.012828,0.026694,1,1,1,2092.6
random,1,35,1,15.612,25.037,0.9898,0.9898,40,32,0,40,47,37,40,0.007453,0.013008,0.026374,1,1,1,2092.6
random,1,36,11,15.483,24.971,0.9841,0.9841,42,32,0,42,52,38,45,0.007466,0.012642,0.026341,1,1,1,2092.6
random,1,37,1,15.524,25.067,0.9865,0.9865,43,27,0,43,52,39,45,0.007525,0.012595,0.026453,1,1,1,2092.6
random,1,38,11,15.483,25.067,0.9817,0.9817,43,27,0,43,56,40,51,0.0074,0.012595,0.026453,1,1,1,2092.6
random,1,39,1,15.795,25.883,0.9843,0.9843,46,27,0,46,56,41,51,0.0074,0.012628,0.027356,1,1,1,2092.6
random,1,40,11,15.487,24.96,0.9913,0.9913,46,27,0,46,57,46,56,0.007474,0.012661,0.026327,1,1,1,2092.6
random,1,41,1,15.491,24.999,0.9929,0.9929,48,21,0,48,57,47,56,0.007494,0.012601,0.026377,1,1,1,2092.6
random,1,42,11,15.889,25.735,0.9943,0.9943,50,21,0,50,61,51,59,0.007487,0.013034,0.027146,1,1,1,2092.6
random,1,43,1,16.169,25.728,0.9955,0.9955,50,21,0,50,61,52,59,0.008398,0.012963,0.027146,1,1,1,2092.6
random,1,44,1,15.904,25.012,0.9947,0.9947,51,21,0,51,62,52,59,0.008398,0.012963,0.026351,1,1,1,2092.6
random,1,45,1,15.421,24.866,0.9939,0.9939,52,16,0,52,63,52,59,0.007459,0.012572,0.026232,1,1,1,2092.6
random,1,46,1,15.518,24.638,0.9951,0.9951,53,16,0,53,63,53,59,0.007421,0.013228,0.025906,1,1,1,2092.6
random,1,47,11,15.516,25.101,0.9917,0.9917,54,16,0,54,66,54,66,0.007429,0.012634,0.026486,1,1,1,2092.6
random,1,48,11,15.734,25.678,0.9949,0.9949,57,16,0,57,69,59,69,0.007447,0.012628,0.027128,1,1,1,2092.6
random,1,49,11,15.711,25.673,0.9955,0.9955,57,11,0,57,71,63,74,0.007424,0.012582,0.027128,1,1,1,2092.6
random,1,50,1,15.665,25.547,0.9964,0.9964,59,11,0,59,71,64,74,0.007424,0.012582,0.026988,1,1,1,2092.6
random,1,51,1,15.445,24.919,0.9962,0.9962,60,11,0,60,72,64,74,0.007419,0.012632,0.026284,1,1,1,2092.6
random,1,52,1,15.497,25.123,0.997,0.997,61,11,0,61,72,65,74,0.007448,0.01252,0.026523,1,1,1,2092.6
random,1,53,1,16.092,25.895,0.9968,0.9968,62,5,0,62,73,65,74,0.008295,0.012609,0.027371,1,1,1,2092.6
random,1,54,1,15.478,25.062,0.9964,0.9964,63,5,0,63,74,65,74,0.007414,0.012569,0.02645,1,1,1,2092.6
random,1,55,1,15.478,25.062,0.996,0.996,63,5,0,63,75,65,74,0.007414,0.012569,0.02645,1,1,1,2092.6
random,1,56,0,15.796,25.898,0.996,0.996,64,5,0,64,75,65,74,0.007379,0.012639,0.027371,1,1,1,2092.6
random,1,57,1,15.481,25.06,0.9969,0.9969,65,5,0,65,75,66,74,0.00744,0.012552,0.02645,1,1,1,2092.6
random,1,58,1,15.973,25.222,0.9976,0.9976,66,1,0,66,75,67,74,0.007423,0.01403,0.026466,1,1,1,2092.6
random,1,59,11,15.922,25.951,0.9961,0.9961,68,1,0,68,79,69,79,0.007668,0.012672,0.027427,1,1,1,2092.6
random,1,60,11,15.78,25.777,0.9922,0.9987,70,1,0,70,87,70,81,0.007455,0.012648,0.027236,1,0,1,2092.6
random,1,61,1,15.78,25.777,0.992,0.9991,70,1,0,70,87,70,82,0.007455,0.012648,0.027236,1,0,1,2092.6
random,1,62,1,10.892,12.659,0.9918,0.9994,66,0,0,66,87,70,83,0.00742,0.012588,0.012667,1,0,1,2092.6
random,1,63,1,11.201,13.444,0.9912,0.9991,66,0,0,66,88,70,83,0.00745,0.013536,0.012618,1,0,1,2092.6
random,1,64,1,10.927,12.694,0.9922,0.9991,66,0,0,66,88,71,83,0.007455,0.012702,0.012625,1,0,1,2092.6
random,1,65,1,10.905,12.641,0.992,0.9995,61,0,0,61,88,71,84,0.007463,0.012606,0.012645,1,0,1,2092.6
random,1,66,1,11.331,13.76,0.9931,0.9995,61,0,0,61,88,72,84,0.007463,0.013884,0.012645,1,0,1,2092.6
random,1,67,1,11.321,13.757,0.9928,0.9997,61,0,0,61,88,72,85,0.007463,0.013884,0.012615,1,0,1,2092.6
random,1,68,1,10.923,12.659,0.9922,0.9995,61,0,0,61,89,72,85,0.007457,0.012652,0.01266,1,0,1,2092.6
random,1,69,1,10.931,12.698,0.9932,0.9995,61,0,0,61,89,73,85,0.007479,0.012604,0.012709,1,0,1,2092.6
random,1,70,1,10.899,12.647,0.9926,0.9992,57,0,0,57,90,73,85,0.007457,0.012654,0.012587,1,0,1,2092.6
random,1,71,1,10.903,12.607,0.9936,0.9992,57,0,0,57,90,74,85,0.007551,0.012614,0.012545,1,0,1,2092.6
random,1,72,1,11.326,13.162,0.9929,0.9988,57,0,0,57,91,74,85,0.008203,0.013231,0.012545,1,0,1,2092.6
random,1,73,1,11.356,13.171,0.9938,0.9988,57,0,0,57,91,75,85,0.008203,0.013231,0.012633,1,0,1,2092.6
random,1,74,1,10.9,12.634,0.9946,0.9988,53,0,0,53,91,76,85,0.00746,0.012602,0.012638,1,0,1,2092.6
random,1,75,1,10.975,12.831,0.994,0.9984,53,0,0,53,92,76,85,0.007457,0.012856,0.012611,1,0,1,2092.6
random,1,76,1,10.881,12.612,0.994,0.9989,53,0,0,53,92,76,86,0.007449,0.012579,0.012616,1,0,1,2092.6
random,1,77,1,10.917,12.656,0.9939,0.9992,49,0,0,49,92,76,87,0.007458,0.012659,0.012634,1,0,1,2092.6
random,1,78,1,10.92,12.656,0.9932,0.9989,49,0,0,49,93,76,87,0.007468,0.012659,0.012634,1,0,1,2092.6
random,1,79,1,10.92,12.663,0.9926,0.9985,49,0,0,49,94,76,87,0.007468,0.012667,0.012624,1,0,1,2092.6
random,1,80,1,10.898,12.636,0.9935,0.9985,49,0,0,49,94,77,87,0.00745,0.01264,0.012605,1,0,1,2092.6
random,1,81,1,11.047,12.608,0.9928,0.9981,49,0,0,49,95,77,87,0.008016,0.012505,0.012619,1,0,1,2092.6
random,1,82,1,10.89,12.614,0.9927,0.9985,44,0,0,44,95,77,88,0.007446,0.012615,0.01261,1,0,1,2092.6
random,1,83,1,11.203,13.442,0.9927,0.9989,44,0,0,44,95,77,89,0.007439,0.01264,0.013531,1,0,1,2092.6
random,1,84,1,11.21,13.442,0.9935,0.9989,44,0,0,44,95,78,89,0.007459,0.01264,0.013531,1,0,1,2092.6
random,1,85,1,11.021,12.954,0.9934,0.9993,44,0,0,44,95,78,90,0.007459,0.012992,0.012613,1,0,1,2092.6
random,1,86,1,10.9,12.647,0.9943,0.9993,40,0,0,40,95,79,90,0.007443,0.012651,0.012607,1,0,1,2092.6
random,1,87,1,11.218,13.453,0.9941,0.9995,40,0,0,40,95,79,91,0.007448,0.012666,0.01354,1,0,1,2092.6
random,1,88,1,11.084,12.633,0.9936,0.9993,40,0,0,40,96,79,91,0.007991,0.012628,0.012634,1,0,1,2092.6
random,1,89,1,10.899,12.65,0.9934,0.9995,40,0,0,40,96,79,92,0.007453,0.012657,0.012586,1,0,1,2092.6
random,1,90,1,10.855,12.578,0.9928,0.9928,40,0,0,40,97,79,92,0.00747,0.01251,0.012586,1,1,1,2092.6
random,1,91,1,10.882,12.65,0.9937,0.9937,36,0,0,36,97,80,92,0.00747,0.01251,0.012666,1,1,1,2092.6
random,1,92,10,15.554,25.206,0.993,0.993,36,0,2,36,99,82,98,0.007436,0.026604,0.012622,1,1,1,2092.6
random,1,93,1,15.875,25.837,0.9926,0.9926,36,0,3,36,100,82,98,0.007471,0.027277,0.012877,1,1,1,2092.6
random,1,94,11,15.585,25.028,0.9936,0.9936,32,0,5,32,102,86,103,0.007414,0.026367,0.012974,1,1,1,2092.6
random,1,95,1,15.556,25.188,0.9933,0.9933,32,0,6,32,103,86,103,0.007407,0.026577,0.012685,1,1,1,2092.6
random,1,96,11,15.556,25.188,0.9951,0.9951,32,0,6,32,106,91,106,0.007407,0.026577,0.012685,1,1,1,2092.6
random,1,97,1,16.029,25.459,0.9948,0.9948,32,0,8,32,106,91,107,0.008598,0.026887,0.012603,1,1,1,2092.6
random,1,98,11,15.287,24.433,0.9978,0.9978,27,0,10,27,108,98,109,0.007486,0.025744,0.012631,1,1,1,2092.6
random,1,99,1,15.516,25.104,0.9976,0.9976,27,0,11,27,109,98,109,0.007477,0.026496,0.012576,1,1,1,2092.6
random,1,100,1,15.796,25.104,0.9974,0.9974,27,0,12,27,109,98,110,0.007463,0.02639,0.013535,1,1,1,2092.6
random,1,101,1,15.935,25.104,0.9972,0.9972,27,0,12,27,110,98,110,0.00788,0.02639,0.013535,1,1,1,2092.6
random,1,102,1,15.662,25.118,0.9969,0.9969,27,0,13,27,111,98,110,0.00788,0.02651,0.012595,1,1,1,2092.6
random,1,103,1,15.621,24.858,0.9967,0.9967,22,0,14,22,111,98,111,0.008071,0.026224,0.012567,1,1,1,2092.6
random,1,104,11,15.62,25.475,0.9964,0.9964,22,0,15,22,115,101,115,0.007464,0.026919,0.012478,1,1,1,2092.6
random,1,105,1,15.453,24.981,0.9962,0.9962,22,0,17,22,115,101,116,0.007385,0.026354,0.012621,1,1,1,2092.6
random,1,106,1,15.834,25.833,0.9959,0.9959,18,0,18,17,115,101,117,0.007406,0.027279,0.012816,1,1,1,2092.6
random,1,107,1,15.834,25.833,0.9957,0.9957,18,0,18,17,116,101,117,0.007406,0.027279,0.012816,1,1,1,2092.6
random,1,108,11,15.503,25.122,0.9978,0.9978,19,0,19,17,116,108,121,0.007403,0.026514,0.012592,1,1,1,2092.6
random,1,109,1,15.732,25.646,0.9975,0.9975,21,0,21,17,116,108,122,0.007449,0.027089,0.012657,1,1,1,2092.6
random,1,110,1,15.405,24.839,0.9975,0.9975,22,0,22,11,117,108,122,0.007371,0.026193,0.01265,1,1,1,2092.6
random,1,111,1,15.499,25.06,0.9974,0.9974,23,0,23,11,118,108,122,0.007415,0.02644,0.012641,1,1,1,2092.6
random,1,112,1,15.863,25.122,0.9973,0.9973,24,0,24,11,119,108,122,0.008439,0.026509,0.012641,1,1,1,2092.6
random,1,113,11,15.849,25.118,0.9986,0.9986,24,0,24,11,121,114,125,0.008439,0.026509,0.012599,1,1,1,2092.6
random,1,114,11,15.513,25.085,0.9978,0.9978,26,0,26,11,125,116,130,0.007452,0.026471,0.012615,1,1,1,2092.6
random,1,115,1,15.504,25.102,0.9978,0.9978,28,0,28,8,126,116,130,0.007461,0.026496,0.012554,1,1,1,2092.6
random,1,116,1,15.443,24.95,0.9977,0.9977,29,0,29,8,127,116,130,0.007438,0.026326,0.012564,1,1,1,2092.6
random,1,117,1,15.55,25.178,0.9974,0.9974,30,0,30,8,127,116,131,0.007451,0.026573,0.012625,1,1,1,2092.6
random,1,118,1,15.543,25.178,0.9973,0.9973,30,0,30,8,128,116,131,0.007432,0.026573,0.012625,1,1,1,2092.6
random,1,119,0,15.521,25.102,0.9973,0.9973,31,0,31,4,128,116,131,0.007432,0.026486,0.012646,1,1,1,2092.6
random,1,120,11,15.404,24.878,0.9954,0.9933,33,0,33,4,131,117,138,0.007417,0.026248,0.012548,0,1,1,2092.6
random,1,121,1,10.859,12.601,0.9951,0.9927,33,0,33,4,131,117,139,0.007429,0.01254,0.012608,0,1,1,2092.6
random,1,122,1,10.9,12.693,0.9955,0.9934,33,0,33,4,131,118,139,0.007426,0.012707,0.012567,0,1,1,2092.6
random,1,123,1,11.294,12.813,0.996,0.994,33,0,33,0,131,119,139,0.008431,0.012835,0.012617,0,1,1,2092.6
random,1,124,1,10.958,12.813,0.9964,0.9946,33,0,33,0,131,120,139,0.007422,0.012835,0.012617,0,1,1,2092.6
random,1,125,1,10.864,12.631,0.9964,0.9946,33,0,33,0,132,120,139,0.007422,0.012642,0.012528,0,1,1,2092.6
random,1,126,1,11.015,12.953,0.9963,0.9946,33,0,33,0,133,120,139,0.007453,0.012599,0.012992,0,1,1,2092.6
random,1,127,1,11.034,12.98,0.9962,0.9946,33,0,33,0,134,120,139,0.007437,0.013017,0.012647,0,1,1,2092.6
random,1,128,1,11.014,12.997,0.9967,0.9952,33,0,33,0,134,121,139,0.00742,0.013044,0.012578,0,1,1,2092.6
random,1,129,1,11.038,12.955,0.9964,0.9947,33,0,33,0,134,121,140,0.0075,0.012992,0.012621,0,1,1,2092.6
random,1,130,1,11.044,12.955,0.9961,0.9942,33,0,33,0,134,121,141,0.007518,0.012992,0.012621,0,1,1,2092.6
random,1,131,1,10.882,12.594,0.9965,0.9948,33,0,33,0,134,122,141,0.007518,0.012525,0.012602,0,1,1,2092.6
random,1,132,1,11.049,13.062,0.9969,0.9954,33,0,33,0,134,123,141,0.007434,0.013113,0.012599,0,1,1,2092.6
random,1,133,1,10.911,12.675,0.9973,0.9959,33,0,33,0,134,124,141,0.007427,0.012627,0.01268,0,1,1,2092.6
random,1,134,1,10.916,12.651,0.9972,0.9959,33,0,33,0,135,124,141,0.007449,0.012652,0.012646,0,1,1,2092.6
random,1,135,1,10.9,12.626,0.9969,0.9954,33,0,33,0,135,124,142,0.007461,0.012613,0.012627,0,1,1,2092.6
random,1,136,1,10.904,12.626,0.9966,0.995,33,0,33,0,135,124,143,0.007473,0.012613,0.012627,0,1,1,2092.6
random,1,137,1,11.022,12.949,0.9966,0.995,33,0,33,0,136,124,143,0.007473,0.012987,0.012606,0,1,1,2092.6
random,1,138,1,10.909,12.644,0.9965,0.995,33,0,33,0,137,124,143,0.00747,0.012648,0.012609,0,1,1,2092.6
random,1,139,1,10.884,12.633,0.9969,0.9955,33,0,33,0,137,125,143,0.007445,0.012641,0.012565,0,1,1,2092.6
random,1,140,1,10.917,12.657,0.9967,0.995,33,0,33,0,137,125,144,0.007491,0.012598,0.012663,0,1,1,2092.6
random,1,141,1,10.888,12.624,0.9966,0.995,33,0,33,0,138,125,144,0.007445,0.012628,0.012592,0,1,1,2092.6
random,1,142,1,10.888,12.624,0.9965,0.995,33,0,33,0,139,125,144,0.007445,0.012628,0.012592,0,1,1,2092.6
random,1,143,1,11.382,12.99,0.9969,0.9956,33,0,33,0,139,126,144,0.008519,0.013034,0.012593,0,1,1,2092.6
random,1,144,1,10.886,12.614,0.9966,0.9951,33,0,33,0,139,126,145,0.007447,0.012595,0.012616,0,1,1,2092.6
random,1,145,1,10.915,12.649,0.9964,0.9946,33,0,33,0,139,126,146,0.007455,0.01264,0.01265,0,1,1,2092.6
random,1,146,1,10.896,12.633,0.9967,0.9952,33,0,33,0,139,127,146,0.007473,0.012639,0.012577,0,1,1,2092.6
random,1,147,1,11.234,13.479,0.9971,0.9957,33,0,33,0,139,128,146,0.007485,0.013571,0.012647,0,1,1,2092.6
random,1,148,1,11.234,13.479,0.9975,0.9962,33,0,33,0,139,129,146,0.007485,0.013571,0.012647,0,1,1,2092.6
random,1,149,1,10.915,12.626,0.9972,0.9958,33,0,33,0,139,129,147,0.007501,0.012617,0.012627,0,1,1,2092.6
random,1,150,1,10.946,12.736,0.9972,0.9972,33,0,33,0,140,129,147,0.007486,0.012601,0.012751,1,1,1,2092.6
random,1,151,1,14.897,18.715,0.9975,0.9975,33,1,33,0,140,130,147,0.019386,0.012632,0.012672,1,1,1,2092.6
random,1,152,1,14.085,15.896,0.9978,0.9978,33,2,33,0,140,131,147,0.016165,0.012613,0.013478,1,1,1,2092.6
random,1,153,11,13.65,15.545,0.9981,0.9981,33,3,33,0,142,136,151,0.015873,0.012597,0.01248,1,1,1,2092.6
random,1,154,7,13.65,15.545,0.9987,0.9987,33,3,33,0,145,139,152,0.015873,0.012597,0.01248,1,1,1,2092.6
random,1,155,4,13.87,15.627,0.9985,0.9985,33,6,33,0,146,140,154,0.015916,0.012668,0.013025,1,1,1,2092.6
random,1,156,1,13.662,15.616,0.9982,0.9982,28,7,28,0,146,140,155,0.015958,0.012534,0.012495,1,1,1,2092.6
random,1,157,11,13.698,15.453,0.9979,0.9979,28,9,28,0,151,142,159,0.015761,0.012656,0.012677,1,1,1,2092.6
random,1,158,1,13.84,15.924,0.9981,0.9981,28,10,28,0,151,143,159,0.016283,0.012548,0.012689,1,1,1,2092.6
random,1,159,1,13.809,15.72,0.9984,0.9984,22,11,22,0,151,144,159,0.016057,0.012681,0.012689,1,1,1,2092.6
random,1,160,1,13.793,15.719,0.9986,0.9986,22,11,22,0,151,145,159,0.016057,0.012681,0.012641,1,1,1,2092.6
random,1,161,1,13.938,15.846,0.9988,0.9988,22,12,22,0,151,146,159,0.016156,0.012603,0.013056,1,1,1,2092.6
random,1,162,1,14.108,15.856,0.9986,0.9986,22,13,22,0,151,146,160,0.016106,0.013603,0.012615,1,1,1,2092.6
random,1,163,1,14.023,15.661,0.9987,0.9987,22,14,22,0,151,147,160,0.015897,0.012633,0.013538,1,1,1,2092.6
random,1,164,1,13.759,15.764,0.9989,0.9989,19,15,19,0,151,148,160,0.016117,0.01257,0.01259,1,1,1,2092.6
random,1,165,1,13.732,15.691,0.9987,0.9987,19,16,19,0,151,148,161,0.016035,0.01257,0.01259,1,1,1,2092.6
random,1,166,11,13.73,15.691,0.9988,0.9988,19,16,19,0,158,150,163,0.016035,0.012597,0.012559,1,1,1,2092.6
random,1,167,1,14.236,16.231,0.9987,0.9987,19,18,19,0,158,150,164,0.01653,0.012635,0.013544,1,1,1,2092.6
random,1,168,11,13.736,15.754,0.9987,0.9987,19,19,15,0,163,153,167,0.016102,0.012621,0.012486,1,1,1,2092.6
random,1,169,1,13.796,15.8,0.9985,0.9985,21,21,15,0,163,153,168,0.016152,0.0126,0.012637,1,1,1,2092.6
random,1,170,11,14.119,15.921,0.9987,0.9987,23,23,15,0,167,157,171,0.016186,0.013535,0.012637,1,1,1,2092.6
random,1,171,1,14.083,15.822,0.9986,0.9986,24,24,15,0,167,157,172,0.016076,0.013535,0.012637,1,1,1,2092.6
random,1,172,1,13.783,15.734,0.9984,0.9984,24,24,10,0,167,157,173,0.016076,0.012612,0.012661,1,1,1,2092.6
random,1,173,11,13.999,15.926,0.999,0.999,25,25,10,0,171,162,175,0.016231,0.013184,0.012583,1,1,1,2092.6
random,1,174,1,13.889,15.732,0.9988,0.9988,27,27,10,0,171,162,176,0.016033,0.013021,0.012613,1,1,1,2092.6
random,1,175,1,13.904,15.772,0.999,0.999,28,28,10,0,171,163,176,0.016078,0.013021,0.012614,1,1,1,2092.6
random,1,176,1,14.002,16.311,0.9989,0.9989,29,29,5,0,171,163,177,0.016715,0.01262,0.012672,1,1,1,2092.6
random,1,177,1,14.002,16.311,0.999,0.999,29,29,5,0,171,164,177,0.016715,0.01262,0.012672,1,1,1,2092.6
random,1,178,1,14.232,15.76,0.9989,0.9989,30,30,5,0,171,164,178,0.015998,0.013614,0.013083,1,1,1,2092.6
random,1,179,1,13.776,15.893,0.999,0.999,31,31,5,0,171,165,178,0.016265,0.012517,0.012547,1,1,1,2092.6
random,2,0,0,15.381,24.836,1.0,1.0,0,0,0,0,0,0,0,0.007374,0.012569,0.026199,1,1,1,2151.2
random,2,1,1,15.381,24.836,0.3333,0.3333,0,0,0,0,1,0,0,0.007374,0.012569,0.026199,1,1,1,2151.2
random,2,2,1,15.455,24.854,0.6667,0.6667,35,35,0,4,1,1,0,0.007351,0.012823,0.026191,1,1,1,2151.2
random,2,3,11,15.387,24.68,0.9548,0.9548,35,35,0,6,3,5,5,0.007444,0.012705,0.026011,1,1,1,2151.2
random,2,4,1,15.953,25.965,0.9333,0.9333,35,35,0,7,3,6,5,0.007453,0.012999,0.027406,1,1,1,2151.2
random,2,5,2,15.528,25.109,0.9481,0.9481,35,35,0,8,4,7,5,0.007429,0.012664,0.026492,1,1,1,2151.2
random,2,6,0,15.859,25.205,0.9481,0.9481,35,35,0,8,4,7,5,0.007463,0.013622,0.026492,1,1,1,2151.2
random,2,7,1,15.902,25.321,0.9175,0.9175,35,35,0,9,4,8,5,0.007463,0.013622,0.026621,1,1,1,2151.2
random,2,8,11,15.494,25.016,0.9538,0.9538,35,35,0,10,7,12,9,0.007453,0.012637,0.026392,1,1,1,2151.2
random,2,9,11,15.625,25.385,0.9883,0.9883,35,35,0,13,11,14,14,0.00746,0.012612,0.026804,1,1,1,2151.2
random,2,10,11,15.847,25.091,0.9897,0.9897,35,35,0,15,15,16,19,0.008433,0.012632,0.026475,1,1,1,2151.2
random,2,11,1,15.629,25.436,0.9931,0.9931,35,35,0,16,16,16,19,0.007481,0.012536,0.026869,1,1,1,2151.2
random,2,12,1,15.61,25.436,0.9948,0.9948,35,35,0,16,17,16,19,0.007426,0.012536,0.026869,1,1,1,2151.2
random,2,13,1,15.45,24.991,0.995,0.995,35,35,0,17,18,16,19,0.007426,0.012549,0.026374,1,1,1,2151.2
random,2,14,1,15.479,25.032,0.9939,0.9939,35,35,0,18,19,16,19,0.007384,0.012643,0.026409,1,1,1,2151.2
random,2,15,1,15.538,25.11,0.9974,0.9974,35,35,0,19,19,17,19,0.007473,0.012645,0.026495,1,1,1,2151.2
random,2,16,11,15.706,25.112,0.9824,0.9824,35,35,0,21,21,19,26,0.007353,0.013346,0.026419,1,1,1,2151.2
random,2,17,11,15.967,25.344,0.9837,0.9837,35,35,0,23,25,22,30,0.007483,0.01379,0.026628,1,1,1,2151.2
random,2,18,1,15.967,25.344,0.9845,0.9845,35,35,0,23,26,22,30,0.007483,0.01379,0.026628,1,1,1,2151.2
random,2,19,11,15.467,24.953,0.9675,0.9675,35,35,0,24,28,24,37,0.007455,0.012624,0.026323,1,1,1,2151.2
random,2,20,11,15.517,25.131,0.9707,0.9707,35,35,0,26,32,27,41,0.007431,0.012596,0.026524,1,1,1,2151.2
random,2,21,1,15.697,25.518,0.9718,0.9718,35,35,0,28,33,27,41,0.007474,0.01267,0.026946,1,1,1,2151.2
random,2,22,11,15.556,24.991,0.972,0.972,35,35,0,29,35,31,46,0.007633,0.012677,0.026359,1,1,1,2151.2
random,2,23,11,15.451,24.976,0.9619,0.9619,35,35,0,29,41,31,51,0.00746,0.012533,0.026359,1,1,1,2151.2
random,2,24,1,15.399,24.837,0.9587,0.9587,35,35,0,32,41,31,52,0.00746,0.012533,0.026204,1,1,1,2151.2
random,2,25,10,15.69,25.52,0.9595,0.9595,35,35,0,34,42,35,57,0.007461,0.01266,0.026949,1,1,1,2151.2
random,2,26,1,15.76,25.741,0.9629,0.9629,35,35,0,35,42,36,57,0.007495,0.012581,0.027203,1,1,1,2151.2
random,2,27,11,16.033,25.728,0.9683,0.9683,37,33,0,37,44,41,61,0.007473,0.013545,0.027082,1,1,1,2151.2
random,2,28,1,15.525,25.086,0.9706,0.9706,38,33,0,38,44,42,61,0.007512,0.01259,0.026474,1,1,1,2151.2
random,2,29,11,15.497,25.086,0.9733,0.9733,38,33,0,38,46,47,65,0.007427,0.01259,0.026474,1,1,1,2151.2
random,2,30,1,15.5,25.091,0.975,0.975,40,33,0,40,47,47,65,0.007427,0.012594,0.02648,1,1,1,2151.2
random,2,31,1,15.744,25.782,0.9766,0.9766,41,28,0,41,47,48,65,0.007345,0.012645,0.027242,1,1,1,2151.2
random,2,32,1,16.03,25.739,0.9782,0.9782,42,28,0,42,48,48,65,0.007385,0.01362,0.027086,1,1,1,2151.2
random,2,33,1,15.434,24.976,0.9796,0.9796,43,28,0,43,48,49,65,0.00737,0.012578,0.026354,1,1,1,2151.2
random,2,34,1,15.41,24.851,0.9811,0.9811,44,28,0,44,49,49,65,0.007428,0.012589,0.026214,1,1,1,2151.2
random,2,35,11,15.41,24.851,0.9823,0.9823,44,28,0,44,52,53,69,0.007428,0.012589,0.026214,1,1,1,2151.2
random,2,36,11,15.537,25.091,0.9733,0.9733,46,24,0,46,53,56,76,0.007469,0.01267,0.026471,1,1,1,2151.2
random,2,37,1,15.434,24.913,0.975,0.975,48,24,0,48,54,56,76,0.0074,0.012625,0.026278,1,1,1,2151.2
random,2,38,1,15.479,24.974,0.9762,0.9762,49,24,0,49,54,57,76,0.007442,0.012652,0.026343,1,1,1,2151.2
random,2,39,1,15.469,25.04,0.9777,0.9777,50,20,0,50,55,57,76,0.007431,0.012548,0.026428,1,1,1,2151.2
random,2,40,1,15.502,25.047,0.9788,0.9788,50,20,0,50,55,58,76,0.007462,0.012615,0.026428,1,1,1,2151.2
random,2,41,1,15.645,25.434,0.9802,0.9802,51,20,0,51,56,58,76,0.007462,0.012615,0.026858,1,1,1,2151.2
random,2,42,11,15.433,24.937,0.9829,0.9829,52,20,0,52,58,64,79,0.007449,0.012536,0.026315,1,1,1,2151.2
random,2,43,1,15.637,25.447,0.9843,0.9843,54,20,0,54,59,64,79,0.007461,0.012573,0.026877,1,1,1,2151.2
random,2,44,1,15.522,25.081,0.9856,0.9856,55,15,0,55,60,64,79,0.007439,0.012665,0.026461,1,1,1,2151.2
random,2,45,1,15.534,25.127,0.9862,0.9862,56,15,0,56,60,65,79,0.007479,0.012606,0.026518,1,1,1,2151.2
random,2,46,1,15.521,25.127,0.9867,0.9867,56,15,0,56,60,66,79,0.00744,0.012606,0.026518,1,1,1,2151.2
random,2,47,1,15.532,25.131,0.9871,0.9871,57,15,0,57,60,67,79,0.00744,0.012637,0.026519,1,1,1,2151.2
random,2,48,1,15.666,25.463,0.9874,0.9874,58,10,0,58,60,68,79,0.007484,0.012624,0.02689,1,1,1,2151.2
random,2,49,1,15.787,25.244,0.9887,0.9887,59,10,0,59,61,68,79,0.007461,0.013333,0.026567,1,1,1,2151.2
random,2,50,11,15.477,25.081,0.9922,0.9922,60,10,0,60,67,70,82,0.007369,0.012595,0.026468,1,1,1,2151.2
random,2,51,11,15.465,24.959,0.9941,0.9941,63,6,0,63,72,73,85,0.007444,0.012622,0.02633,1,1,1,2151.2
random,2,52,1,15.465,24.959,0.9932,0.9932,63,6,0,63,72,73,86,0.007444,0.012622,0.02633,1,1,1,2151.2
random,2,53,10,15.751,25.172,0.9928,0.9928,65,6,0,65,76,75,90,0.007592,0.013153,0.026507,1,1,1,2151.2
random,2,54,1,15.498,25.058,0.9932,0.9932,66,6,0,66,77,75,90,0.007484,0.012563,0.026446,1,1,1,2151.2
random,2,55,1,15.479,24.933,0.9938,0.9938,67,6,0,67,77,76,90,0.007487,0.012651,0.026298,1,1,1,2151.2
random,2,56,11,16.511,25.754,0.9939,0.9939,69,3,0,69,79,81,94,0.008716,0.013726,0.02709,1,1,1,2151.2
random,2,57,11,16.511,25.754,0.9912,0.9912,69,3,0,69,81,84,100,0.008716,0.013726,0.02709,1,1,1,2151.2
random,2,58,1,16.202,26.432,0.9918,0.9918,70,3,0,70,82,84,100,0.007788,0.012879,0.027938,1,1,1,2151.2
random,2,59,11,15.535,24.849,0.9945,0.9945,72,3,0,72,87,88,102,0.007502,0.01293,0.026173,1,1,1,2151.2
random,2,60,1,15.682,25.104,0.9949,0.9937,71,0,0,71,87,89,102,0.007707,0.012877,0.026463,1,0,1,2151.2
random,2,61,1,10.924,12.858,0.9942,0.993,71,0,0,71,87,89,103,0.007367,0.012897,0.012508,1,0,1,2151.2
random,2,62,1,10.947,12.858,0.9945,0.993,71,0,0,71,87,90,103,0.007437,0.012897,0.012508,1,0,1,2151.2
random,2,63,1,10.866,12.612,0.995,0.9939,71,0,0,71,88,90,103,0.007437,0.01254,0.01262,1,0,1,2151.2
random,2,64,1,11.14,12.926,0.9954,0.9947,67,0,0,67,89,90,103,0.00781,0.012956,0.012654,1,0,1,2151.2
random,2,65,1,11.234,13.197,0.9958,0.9955,67,0,0,67,90,90,103,0.007512,0.012967,0.013223,1,0,1,2151.2
random,2,66,1,11.351,13.391,0.9961,0.9955,67,0,0,67,90,91,103,0.007502,0.01313,0.01342,1,0,1,2151.2
random,2,67,1,11.466,12.94,0.9955,0.9948,64,0,0,64,90,91,104,0.008529,0.012928,0.012941,1,0,1,2151.2
random,2,68,1,11.466,12.94,0.9958,0.9948,64,0,0,64,90,92,104,0.008529,0.012928,0.012941,1,0,1,2151.2
random,2,69,1,11.214,13.262,0.9961,0.9948,64,0,0,64,90,93,104,0.007451,0.012887,0.013304,1,0,1,2151.2
random,2,70,1,10.899,12.632,0.9963,0.9948,64,0,0,64,90,94,104,0.007485,0.012639,0.012572,1,0,1,2151.2
random,2,71,1,10.984,12.911,0.9957,0.9941,64,0,0,64,90,94,105,0.007393,0.012944,0.012616,1,0,1,2151.2
random,2,72,1,10.993,13.056,0.9951,0.9934,58,0,0,58,90,94,106,0.007427,0.012425,0.013126,1,0,1,2151.2
random,2,73,1,11.074,13.081,0.9956,0.9942,58,0,0,58,91,94,106,0.00742,0.012676,0.013126,1,0,1,2151.2
random,2,74,1,10.89,12.666,0.9949,0.9935,58,0,0,58,91,94,107,0.00742,0.012676,0.012575,1,0,1,2151.2
random,2,75,1,10.875,12.584,0.9954,0.9944,58,0,0,58,92,94,107,0.007511,0.01259,0.012525,1,0,1,2151.2
random,2,76,1,10.963,12.82,0.9958,0.9951,55,0,0,55,93,94,107,0.007437,0.012609,0.012843,1,0,1,2151.2
random,2,77,1,11.182,13.349,0.9952,0.9945,55,0,0,55,93,94,108,0.007557,0.012553,0.013437,1,0,1,2151.2
random,2,78,1,11.233,12.949,0.9955,0.9952,55,0,0,55,94,94,108,0.008022,0.012977,0.0127,1,0,1,2151.2
random,2,79,1,11.072,12.798,0.9959,0.9952,55,0,0,55,94,95,108,0.007706,0.012809,0.0127,1,0,1,2151.2
random,2,80,1,11.057,12.794,0.9962,0.9959,55,0,0,55,95,95,108,0.007706,0.012809,0.012657,1,0,1,2151.2
random,2,81,1,11.155,12.908,0.9956,0.9953,49,0,0,49,95,95,109,0.007838,0.012694,0.012932,1,0,1,2151.2
random,2,82,1,10.932,12.667,0.9959,0.996,49,0,0,49,96,95,109,0.007471,0.012657,0.012668,1,0,1,2151.2
random,2,83,1,10.895,12.646,0.9954,0.9954,49,0,0,49,96,95,110,0.007412,0.012648,0.012624,1,0,1,2151.2
random,2,84,1,10.951,12.735,0.9947,0.9948,42,0,0,42,96,95,111,0.007476,0.01263,0.012747,1,0,1,2151.2
random,2,85,1,10.997,12.735,0.9951,0.9948,42,0,0,42,96,96,111,0.007613,0.01263,0.012747,1,0,1,2151.2
random,2,86,0,11.0,12.744,0.9951,0.9948,42,0,0,42,96,96,111,0.007613,0.012757,0.01263,1,0,1,2151.2
random,2,87,1,11.339,13.621,0.9955,0.9948,42,0,0,42,96,97,111,0.007597,0.013724,0.012697,1,0,1,2151.2
random,2,88,1,11.026,12.957,0.9957,0.9948,37,0,0,37,96,98,111,0.007458,0.012993,0.012628,1,0,1,2151.2
random,2,89,1,11.325,13.55,0.9952,0.9941,37,0,0,37,96,98,112,0.007438,0.013621,0.012915,1,0,1,2151.2
random,2,90,1,11.08,12.856,0.9955,0.9955,37,0,0,37,97,98,112,0.007558,0.012821,0.01286,1,1,1,2151.2
random,2,91,1,11.08,12.856,0.9959,0.9959,37,0,0,37,98,98,112,0.007558,0.012821,0.01286,1,1,1,2151.2
random,2,92,11,17.048,29.145,0.9966,0.9966,37,0,2,37,101,103,115,0.007465,0.030971,0.012707,1,1,1,2151.2
random,2,93,1,16.012,25.617,0.9961,0.9961,32,0,3,32,101,103,116,0.007496,0.026954,0.013585,1,1,1,2151.2
random,2,94,1,15.541,25.138,0.9965,0.9965,32,0,4,32,102,103,116,0.007435,0.026524,0.012663,1,1,1,2151.2
random,2,95,1,15.744,25.649,0.9959,0.9959,32,0,5,32,102,103,117,0.007496,0.027094,0.012643,1,1,1,2151.2
random,2,96,11,15.744,25.649,0.9959,0.9959,32,0,5,32,105,107,121,0.007496,0.027094,0.012643,1,1,1,2151.2
random,2,97,1,16.014,25.266,0.9962,0.9962,27,0,7,27,106,107,121,0.007561,0.026522,0.01396,1,1,1,2151.2
random,2,98,11,15.692,25.421,0.9935,0.9935,27,0,8,27,107,110,128,0.007547,0.026835,0.012695,1,1,1,2151.2
random,2,99,1,15.96,25.673,0.9929,0.9929,27,0,10,27,107,110,129,0.008082,0.027117,0.01268,1,1,1,2151.2
random,2,100,11,15.483,24.842,0.9935,0.9935,24,0,12,24,109,116,132,0.007606,0.026197,0.012646,1,1,1,2151.2
random,2,101,1,15.45,24.842,0.994,0.994,24,0,12,24,110,116,132,0.007508,0.026197,0.012646,1,1,1,2151.2
random,2,102,1,16.04,26.098,0.9934,0.9934,24,0,13,24,110,116,133,0.007508,0.027546,0.013067,1,1,1,2151.2
random,2,103,1,15.786,25.447,0.9939,0.9939,24,0,14,24,111,116,133,0.007907,0.026877,0.012573,1,1,1,2151.2
random,2,104,1,15.751,25.623,0.9933,0.9933,24,0,15,24,111,116,134,0.007551,0.027066,0.012636,1,1,1,2151.2
random,2,105,1,15.568,25.3,0.9938,0.9938,19,0,16,19,112,116,134,0.007396,0.026712,0.012597,1,1,1,2151.2
random,2,106,11,15.68,25.28,0.9948,0.9948,19,0,18,19,118,118,137,0.007691,0.026682,0.012667,1,1,1,2151.2
random,2,107,1,15.68,25.28,0.9943,0.9943,19,0,18,19,118,118,138,0.007691,0.026682,0.012667,1,1,1,2151.2
random,2,108,1,15.639,25.396,0.9946,0.9946,19,0,19,19,119,118,138,0.007449,0.026812,0.012656,1,1,1,2151.2
random,2,109,1,15.692,25.447,0.9949,0.9949,20,0,20,16,120,118,138,0.007519,0.026864,0.012692,1,1,1,2151.2
random,2,110,1,15.505,25.118,0.9951,0.9951,21,0,21,16,121,118,138,0.007483,0.026519,0.012513,1,1,1,2151.2
random,2,111,0,16.042,25.573,0.9951,0.9951,22,0,22,16,121,118,138,0.008453,0.027007,0.012666,1,1,1,2151.2
random,2,112,11,15.729,25.573,0.9936,0.9936,22,0,22,16,123,121,144,0.007514,0.027007,0.012666,1,1,1,2151.2
random,2,113,1,15.526,24.891,0.993,0.993,24,0,24,10,123,121,145,0.007514,0.026231,0.012834,1,1,1,2151.2
random,2,114,1,15.405,24.816,0.9933,0.9933,25,0,25,10,124,121,145,0.007442,0.026174,0.012598,1,1,1,2151.2
random,2,115,1,15.416,24.882,0.9936,0.9936,26,0,26,10,125,121,145,0.007399,0.026246,0.012603,1,1,1,2151.2
random,2,116,1,15.852,25.129,0.993,0.993,27,0,27,10,125,121,146,0.007424,0.026395,0.013738,1,1,1,2151.2
random,2,117,1,16.009,25.469,0.9924,0.9924,28,0,28,5,125,121,147,0.00845,0.026889,0.012689,1,1,1,2151.2
random,2,118,1,16.009,25.469,0.9919,0.9919,28,0,28,5,125,121,148,0.00845,0.026889,0.012689,1,1,1,2151.2
random,2,119,1,15.623,25.454,0.9921,0.9921,29,0,29,5,126,121,148,0.007383,0.026882,0.012605,1,1,1,2151.2
random,2,120,1,15.543,25.081,0.9915,0.9894,30,0,30,5,126,121,149,0.0075,0.02646,0.012668,0,1,1,2151.2
random,2,121,1,10.893,12.629,0.9918,0.9894,30,0,30,0,127,121,149,0.00752,0.012642,0.012516,0,1,1,2151.2
random,2,122,1,11.118,12.84,0.9922,0.9902,30,0,30,0,127,122,149,0.00784,0.012861,0.012654,0,1,1,2151.2
random,2,123,1,11.068,12.84,0.9917,0.9895,30,0,30,0,127,122,150,0.007689,0.012861,0.012654,0,1,1,2151.2
random,2,124,1,11.075,12.816,0.9911,0.9888,30,0,30,0,127,122,151,0.007689,0.012828,0.012708,0,1,1,2151.2
random,2,125,1,11.331,13.72,0.9913,0.9888,30,0,30,0,128,122,151,0.007484,0.012671,0.013837,0,1,1,2151.2
random,2,126,1,10.881,12.602,0.9916,0.9888,30,0,30,0,129,122,151,0.007484,0.012608,0.01255,0,1,1,2151.2
random,2,127,1,11.054,13.091,0.991,0.9882,30,0,30,0,129,122,152,0.007472,0.013153,0.012538,0,1,1,2151.2
random,2,128,1,11.04,12.903,0.9904,0.9875,30,0,30,0,129,122,153,0.007539,0.012651,0.012931,0,1,1,2151.2
random,2,129,1,11.109,12.903,0.9906,0.9875,30,0,30,0,130,122,153,0.007746,0.012651,0.012931,0,1,1,2151.2
random,2,130,1,11.085,12.854,0.9911,0.9883,30,0,30,0,130,123,153,0.007746,0.012879,0.012629,0,1,1,2151.2
random,2,131,1,11.01,12.64,0.9916,0.9892,30,0,30,0,130,124,153,0.007768,0.012642,0.012621,0,1,1,2151.2
random,2,132,1,10.913,12.647,0.991,0.9885,30,0,30,0,130,124,154,0.007484,0.012604,0.012652,0,1,1,2151.2
random,2,133,1,11.097,12.999,0.9912,0.9885,30,0,30,0,131,124,154,0.007433,0.012843,0.013016,0,1,1,2151.2
random,2,134,1,10.989,12.765,0.9907,0.9878,30,0,30,0,131,124,155,0.007585,0.012783,0.0126,0,1,1,2151.2
random,2,135,1,10.989,12.765,0.9909,0.9878,30,0,30,0,132,124,155,0.007585,0.012783,0.0126,0,1,1,2151.2
random,2,136,1,11.194,12.876,0.9903,0.9871,30,0,30,0,132,124,156,0.008003,0.012682,0.012898,0,1,1,2151.2
random,2,137,1,11.501,13.707,0.9908,0.988,30,0,30,0,132,125,156,0.007758,0.013791,0.012953,0,1,1,2151.2
random,2,138,1,11.593,13.997,0.991,0.988,30,0,30,0,133,125,156,0.007469,0.014083,0.013227,0,1,1,2151.2
random,2,139,1,10.959,12.844,0.9915,0.9888,30,0,30,0,133,126,156,0.00745,0.012549,0.012877,0,1,1,2151.2
random,2,140,1,10.948,12.844,0.9909,0.9881,30,0,30,0,133,126,157,0.007419,0.012549,0.012877,0,1,1,2151.2
random,2,141,1,10.85,12.578,0.9914,0.989,30,0,30,0,133,127,157,0.007419,0.012549,0.012581,0,1,1,2151.2
random,2,142,1,10.836,12.545,0.9916,0.989,30,0,30,0,134,127,157,0.007429,0.012546,0.012533,0,1,1,2151.2
random,2,143,1,11.03,12.803,0.9918,0.989,30,0,30,0,135,127,157,0.007694,0.012829,0.012566,0,1,1,2151.2
random,2,144,1,10.986,12.847,0.992,0.989,30,0,30,0,136,127,157,0.007443,0.012645,0.012869,0,1,1,2151.2
random,2,145,1,10.925,12.561,0.9925,0.9898,30,0,30,0,136,128,157,0.007689,0.012566,0.012519,0,1,1,2151.2
random,2,146,1,11.525,13.61,0.9926,0.9898,30,0,30,0,137,128,157,0.008271,0.012579,0.013724,0,1,1,2151.2
random,2,147,1,11.525,13.61,0.9931,0.9905,30,0,30,0,137,129,157,0.008271,0.012579,0.013724,0,1,1,2151.2
random,2,148,1,11.151,12.596,0.9935,0.9912,30,0,30,0,137,130,157,0.008282,0.012599,0.012572,0,1,1,2151.2
random,2,149,1,11.087,13.074,0.993,0.9906,30,0,30,0,137,130,158,0.007492,0.013122,0.012647,0,1,1,2151.2
random,2,150,1,11.267,13.22,0.9934,0.9934,30,0,30,0,137,131,158,0.007606,0.012943,0.013251,1,1,1,2151.2
random,2,151,0,15.39,19.69,0.9934,0.9934,30,1,30,0,137,131,158,0.020442,0.012919,0.01281,1,1,1,2151.2
random,2,152,1,13.996,15.926,0.9929,0.9929,30,2,30,0,137,131,159,0.01626,0.012919,0.01281,1,1,1,2151.2
random,2,153,1,13.933,15.922,0.9924,0.9924,30,2,30,0,137,131,160,0.01626,0.012883,0.012655,1,1,1,2151.2
random,2,154,11,13.887,16.023,0.9907,0.9907,27,4,27,0,140,133,166,0.016393,0.012572,0.012695,1,1,1,2151.2
random,2,155,11,13.646,15.378,0.9911,0.9911,27,6,27,0,142,138,170,0.015678,0.012584,0.012676,1,1,1,2151.2
random,2,156,1,13.857,15.975,0.9905,0.9905,27,7,27,0,142,138,171,0.016343,0.012563,0.012665,1,1,1,2151.2
random,2,157,11,13.939,16.055,0.9914,0.9914,27,9,27,0,147,141,174,0.016417,0.012797,0.012602,1,1,1,2151.2
random,2,158,1,13.758,15.566,0.9918,0.9918,27,10,27,0,147,142,174,0.015874,0.012797,0.012602,1,1,1,2151.2
random,2,159,1,13.695,15.549,0.9913,0.9913,23,10,23,0,147,142,175,0.015874,0.012627,0.012584,1,1,1,2151.2
random,2,160,11,14.021,15.724,0.9907,0.9907,23,11,23,0,149,146,180,0.015961,0.012511,0.013591,1,1,1,2151.2
random,2,161,11,13.599,15.433,0.9924,0.9924,23,13,23,0,153,151,182,0.015752,0.012477,0.012567,1,1,1,2151.2
random,2,162,11,13.99,16.282,0.9918,0.9918,17,16,17,0,156,154,187,0.016679,0.012582,0.012709,1,1,1,2151.2
random,2,163,1,13.954,15.536,0.9921,0.9921,17,17,17,0,156,155,187,0.01581,0.01298,0.013073,1,1,1,2151.2
random,2,164,1,13.962,15.558,0.9923,0.9923,18,18,17,0,156,156,187,0.015834,0.01298,0.013073,1,1,1,2151.2
random,2,165,1,13.898,15.549,0.9919,0.9919,18,18,17,0,156,156,188,0.015834,0.01288,0.012981,1,1,1,2151.2
random,2,166,11,13.646,15.507,0.992,0.992,19,19,14,0,160,159,192,0.015834,0.012536,0.012568,1,1,1,2151.2
random,2,167,1,14.197,16.791,0.9915,0.9915,21,21,14,0,160,159,193,0.017236,0.012787,0.012568,1,1,1,2151.2
random,2,168,11,13.79,15.599,0.9916,0.9916,22,22,14,0,163,163,197,0.015902,0.012868,0.012601,1,1,1,2151.2
random,2,169,11,13.635,15.355,0.993,0.993,25,25,14,0,169,166,199,0.015657,0.012638,0.012609,1,1,1,2151.2
random,2,170,11,13.635,15.355,0.9931,0.9931,25,25,14,0,173,169,203,0.015657,0.012638,0.012609,1,1,1,2151.2
random,2,171,1,13.934,15.791,0.9927,0.9927,27,27,10,0,173,169,204,0.016088,0.013117,0.012598,1,1,1,2151.2
random,2,172,1,13.96,15.997,0.9929,0.9929,28,28,10,0,173,170,204,0.016346,0.012855,0.012679,1,1,1,2151.2
random,2,173,1,13.893,15.619,0.9925,0.9925,29,29,10,0,173,170,205,0.015898,0.012677,0.013105,1,1,1,2151.2
random,2,174,7,13.834,15.935,0.9929,0.9929,30,30,5,0,176,172,207,0.016305,0.012605,0.012592,1,1,1,2151.2
random,2,175,4,13.706,15.587,0.9932,0.9932,32,32,5,0,178,173,208,0.015918,0.012595,0.012606,1,1,1,2151.2
random,2,176,11,13.706,15.587,0.9936,0.9936,32,32,5,0,184,175,211,0.015918,0.012595,0.012606,1,1,1,2151.2
random,2,177,1,14.06,16.549,0.9932,0.9932,34,34,5,0,184,175,212,0.016984,0.012632,0.012563,1,1,1,2151.2
random,2,178,1,14.158,15.848,0.9935,0.9935,35,35,5,0,184,176,212,0.016084,0.013719,0.01267,1,1,1,2151.2
random,2,179,1,14.107,16.3,0.9938,0.9938,36,36,2,0,184,177,212,0.016661,0.013053,0.012607,1,1,1,2151.2
random,3,0,0,15.541,25.205,1.0,1.0,0,0,0,0,0,0,0,0.007425,0.012592,0.026606,1,1,1,2307.9
random,3,1,11,16.009,25.251,0.938,0.938,39,39,0,4,5,3,3,0.008368,0.013053,0.026606,1,1,1,2307.9
random,3,2,11,15.517,25.198,0.9837,0.9837,39,39,0,4,8,6,8,0.007416,0.01253,0.026606,1,1,1,2307.9
random,3,3,11,15.451,25.019,0.9528,0.9528,39,39,0,6,11,8,14,0.007416,0.01253,0.026407,1,1,1,2307.9
random,3,4,11,15.575,24.408,0.949,0.949,39,39,0,10,16,10,18,0.008298,0.012719,0.025707,1,1,1,2307.9
random,3,5,1,15.443,24.878,0.9629,0.9629,39,39,0,10,16,11,18,0.007441,0.01265,0.026237,1,1,1,2307.9
random,3,6,11,15.49,24.834,0.9697,0.9697,39,39,0,12,18,15,23,0.007718,0.012552,0.026199,1,1,1,2307.9
random,3,7,1,15.773,25.343,0.9766,0.9766,39,39,0,13,18,16,23,0.007572,0.013035,0.026711,1,1,1,2307.9
random,3,8,1,15.757,25.343,0.9785,0.9785,39,39,0,13,19,16,23,0.007526,0.013035,0.026711,1,1,1,2307.9
random,3,9,1,15.48,24.806,0.9792,0.9792,39,39,0,14,20,16,23,0.007526,0.01277,0.026143,1,1,1,2307.9
random,3,10,1,15.433,24.911,0.9788,0.9788,39,39,0,15,21,16,23,0.007438,0.012579,0.026281,1,1,1,2307.9
random,3,11,1,15.39,24.841,0.9774,0.9774,39,39,0,16,22,16,23,0.007416,0.012546,0.026207,1,1,1,2307.9
random,3,12,11,15.669,24.796,0.9763,0.9763,39,39,0,18,25,19,28,0.008304,0.012545,0.026157,1,1,1,2307.9
random,3,13,1,15.768,24.991,0.9819,0.9819,39,39,0,19,25,20,28,0.007425,0.013625,0.026254,1,1,1,2307.9
random,3,14,1,15.768,24.991,0.9867,0.9867,39,39,0,19,25,21,28,0.007425,0.013625,0.026254,1,1,1,2307.9
random,3,15,1,15.417,24.919,0.9905,0.9905,39,39,0,20,25,22,28,0.007389,0.012572,0.026291,1,1,1,2307.9
random,3,16,1,15.408,24.815,0.9935,0.9935,39,39,0,21,25,23,28,0.007442,0.01261,0.026171,1,1,1,2307.9
random,3,17,1,15.405,24.847,0.9936,0.9936,39,39,0,22,26,23,28,0.007404,0.012602,0.026208,1,1,1,2307.9
random,3,18,1,15.341,24.717,0.9961,0.9961,39,39,0,23,26,24,28,0.007397,0.012557,0.026068,1,1,1,2307.9
random,3,19,1,15.413,24.87,0.9978,0.9978,39,39,0,24,26,25,28,0.007419,0.012586,0.026235,1,1,1,2307.9
random,3,20,1,15.413,24.87,0.9988,0.9988,39,39,0,24,26,26,28,0.007419,0.012586,0.026235,1,1,1,2307.9
random,3,21,1,15.579,25.157,0.9991,0.9991,39,39,0,25,26,27,28,0.007417,0.012788,0.026531,1,1,1,2307.9
random,3,22,1,15.638,24.946,0.9997,0.9997,39,39,0,26,27,27,28,0.007762,0.012862,0.026289,1,1,1,2307.9
random,3,23,11,15.565,25.142,0.9993,0.9993,39,39,0,27,31,32,30,0.007496,0.012673,0.026527,1,1,1,2307.9
random,3,24,1,15.825,25.899,0.9991,0.9991,39,39,0,29,32,32,30,0.007489,0.012612,0.027375,1,1,1,2307.9
random,3,25,1,15.818,25.899,0.9985,0.9985,39,39,0,29,32,33,30,0.007468,0.012612,0.027375,1,1,1,2307.9
random,3,26,1,15.682,25.331,0.9974,0.9974,39,39,0,30,32,34,30,0.007468,0.012861,0.026717,1,1,1,2307.9
random,3,27,1,15.789,25.422,0.9972,0.9972,39,39,0,31,33,34,30,0.007859,0.012668,0.026839,1,1,1,2307.9
random,3,28,1,15.495,25.037,0.9961,0.9961,39,39,0,32,33,35,30,0.007479,0.012586,0.02642,1,1,1,2307.9
random,3,29,1,15.371,24.772,0.9957,0.9957,39,39,0,33,34,35,30,0.007408,0.012578,0.026127,1,1,1,2307.9
random,3,30,0,15.513,24.805,0.9957,0.9957,34,34,0,33,34,35,30,0.007502,0.01291,0.026127,1,1,1,2307.9
random,3,31,1,15.638,25.143,0.9944,0.9944,34,34,0,34,34,36,30,0.007502,0.01291,0.026502,1,1,1,2307.9
random,3,32,11,16.481,26.458,0.9966,0.9966,36,34,0,36,39,38,34,0.007453,0.014165,0.027824,1,1,1,2307.9
random,3,33,11,15.785,25.767,0.9975,0.9975,38,34,0,38,43,41,38,0.007486,0.012645,0.027225,1,1,1,2307.9
random,3,34,1,15.576,25.144,0.9972,0.9972,39,29,0,39,43,42,38,0.0075,0.012701,0.026527,1,1,1,2307.9
random,3,35,1,16.119,26.269,0.9968,0.9968,40,29,0,40,43,43,38,0.007897,0.012681,0.027779,1,1,1,2307.9
random,3,36,1,16.119,26.269,0.996,0.996,40,29,0,40,43,44,38,0.007897,0.012681,0.027779,1,1,1,2307.9
random,3,37,1,15.575,25.14,0.9951,0.9951,41,29,0,41,43,45,38,0.007542,0.012655,0.026527,1,1,1,2307.9
random,3,38,1,15.536,25.109,0.994,0.994,42,29,0,42,43,46,38,0.007471,0.012644,0.026494,1,1,1,2307.9
random,3,39,11,15.726,25.591,0.9972,0.9972,44,23,0,44,46,49,43,0.007506,0.012642,0.02703,1,1,1,2307.9
random,3,40,1,15.462,24.756,0.9962,0.9962,45,23,0,45,46,50,43,0.007677,0.012601,0.026107,1,1,1,2307.9
random,3,41,11,15.37,24.751,0.9976,0.9976,45,23,0,45,50,53,47,0.007453,0.012551,0.026107,1,1,1,2307.9
random,3,42,1,15.41,24.858,0.9975,0.9975,47,23,0,47,51,53,47,0.007453,0.012551,0.026226,1,1,1,2307.9
random,3,43,11,15.504,25.116,0.9998,0.9998,48,18,0,48,53,54,55,0.007409,0.012595,0.026507,1,1,1,2307.9
random,3,44,11,15.866,25.061,0.9995,0.9995,50,18,0,50,56,58,59,0.00856,0.01259,0.026447,1,1,1,2307.9
random,3,45,11,15.692,25.453,0.9978,0.9978,53,18,0,53,58,61,65,0.007443,0.012771,0.026862,1,1,1,2307.9
random,3,46,1,15.882,25.599,0.9984,0.9984,54,12,0,54,59,61,65,0.007497,0.013168,0.02698,1,1,1,2307.9
random,3,47,1,15.882,25.599,0.9988,0.9988,54,12,0,54,60,61,65,0.007497,0.013168,0.02698,1,1,1,2307.9
random,3,48,1,15.677,25.145,0.9989,0.9989,55,12,0,55,60,62,65,0.007408,0.013145,0.026478,1,1,1,2307.9
random,3,49,1,15.87,25.61,0.9993,0.9993,56,12,0,56,61,62,65,0.007507,0.013102,0.027,1,1,1,2307.9
random,3,50,1,15.784,25.817,0.9995,0.9995,57,12,0,57,62,62,65,0.007462,0.012605,0.027285,1,1,1,2307.9
random,3,51,1,16.307,25.804,0.9996,0.9996,58,8,0,58,62,63,65,0.008474,0.013249,0.027199,1,1,1,2307.9
random,3,52,1,15.979,25.804,0.9996,0.9996,58,8,0,58,62,64,65,0.00749,0.013249,0.027199,1,1,1,2307.9
random,3,53,1,15.519,25.053,0.9995,0.9995,59,8,0,59,62,65,65,0.00749,0.012634,0.026433,1,1,1,2307.9
random,3,54,1,15.579,25.044,0.9998,0.9998,60,8,0,60,63,65,65,0.007524,0.01281,0.026403,1,1,1,2307.9
random,3,55,11,15.562,25.13,0.999,0.999,61,3,0,61,65,70,69,0.00748,0.012693,0.026512,1,1,1,2307.9
random,3,56,1,15.791,25.389,0.9994,0.9994,63,3,0,63,66,70,69,0.007505,0.013117,0.026752,1,1,1,2307.9
random,3,57,1,15.722,25.372,0.9992,0.9992,63,3,0,63,66,70,70,0.007458,0.012956,0.026752,1,1,1,2307.9
random,3,58,10,15.725,25.381,0.9991,0.9991,65,3,0,65,69,74,73,0.007458,0.012956,0.026762,1,1,1,2307.9
random,3,59,1,15.692,25.132,0.9994,0.9994,66,0,0,66,70,74,73,0.00765,0.012938,0.026487,1,1,1,2307.9
random,3,60,11,15.864,25.608,0.9997,0.9996,68,0,0,68,74,77,77,0.007476,0.013119,0.026996,1,0,1,2307.9
random,3,61,1,11.33,12.981,0.9998,0.9998,68,0,0,68,75,77,77,0.008082,0.012921,0.012988,1,0,1,2307.9
random,3,62,1,10.996,12.704,0.9997,0.9996,63,0,0,63,75,77,78,0.007615,0.012665,0.012708,1,0,1,2307.9
random,3,63,1,10.996,12.704,0.9999,0.9998,63,0,0,63,76,77,78,0.007615,0.012665,0.012708,1,0,1,2307.9
random,3,64,1,11.011,12.88,0.9997,0.9996,63,0,0,63,76,77,79,0.00747,0.012657,0.012905,1,0,1,2307.9
random,3,65,1,10.936,12.69,0.9999,0.9998,63,0,0,63,77,77,79,0.007477,0.012636,0.012696,1,0,1,2307.9
random,3,66,1,11.404,13.54,0.9997,0.9996,63,0,0,63,77,77,80,0.007738,0.012858,0.013616,1,0,1,2307.9
random,3,67,1,10.958,12.729,0.9997,0.9996,56,0,0,56,77,78,80,0.007485,0.012652,0.012738,1,0,1,2307.9
random,3,68,1,11.072,12.974,0.9995,0.9994,56,0,0,56,77,78,81,0.007478,0.013,0.012738,1,0,1,2307.9
random,3,69,1,11.046,12.966,0.9996,0.9994,56,0,0,56,77,79,81,0.007478,0.013,0.012659,1,0,1,2307.9
random,3,70,1,11.107,12.893,0.9993,0.999,56,0,0,56,77,79,82,0.007771,0.012629,0.012922,1,0,1,2307.9
random,3,71,1,10.844,12.589,0.9995,0.9994,53,0,0,53,78,79,82,0.007356,0.012586,0.012589,1,0,1,2307.9
random,3,72,1,11.111,13.297,0.9997,0.9997,53,0,0,53,79,79,82,0.007432,0.012516,0.013384,1,0,1,2307.9
random,3,73,1,10.85,12.568,0.9998,0.9997,53,0,0,53,79,80,82,0.007467,0.012575,0.012507,1,0,1,2307.9
random,3,74,1,10.861,12.568,0.9996,0.9994,53,0,0,53,79,80,83,0.007502,0.012575,0.012507,1,0,1,2307.9
random,3,75,1,11.036,12.868,0.9996,0.9994,53,0,0,53,79,81,83,0.007502,0.012884,0.012723,1,0,1,2307.9
random,3,76,1,10.943,12.712,0.9998,0.9997,48,0,0,48,80,81,83,0.007492,0.012723,0.012615,1,0,1,2307.9
random,3,77,1,10.938,12.655,0.9996,0.9994,48,0,0,48,80,81,84,0.007505,0.012654,0.012655,1,0,1,2307.9
random,3,78,1,10.976,12.823,0.9997,0.9997,48,0,0,48,81,81,84,0.007424,0.012664,0.012841,1,0,1,2307.9
random,3,79,1,11.042,12.942,0.9998,0.9997,45,0,0,45,81,82,84,0.007476,0.01268,0.012971,1,0,1,2307.9
random,3,80,1,11.06,12.942,0.9996,0.9994,45,0,0,45,81,82,85,0.007528,0.01268,0.012971,1,0,1,2307.9
random,3,81,1,11.066,12.948,0.9996,0.9994,45,0,0,45,81,83,85,0.007528,0.012976,0.012695,1,0,1,2307.9
random,3,82,1,11.292,13.649,0.9996,0.9994,45,0,0,45,81,84,85,0.007487,0.012626,0.013763,1,0,1,2307.9
random,3,83,1,11.078,12.913,0.9998,0.9997,42,0,0,42,82,84,85,0.007506,0.012925,0.012803,1,0,1,2307.9
random,3,84,1,10.851,12.569,0.9999,0.9999,42,0,0,42,83,84,85,0.00743,0.012553,0.012571,1,0,1,2307.9
random,3,85,1,10.891,12.642,0.9999,0.9999,42,0,0,42,83,85,85,0.007453,0.01265,0.012571,1,0,1,2307.9
random,3,86,1,10.914,12.649,0.9998,0.9999,42,0,0,42,83,86,85,0.007453,0.01265,0.01264,1,0,1,2307.9
random,3,87,1,11.119,12.909,0.9999,1.0,42,0,0,42,84,86,85,0.007544,0.012904,0.012909,1,0,1,2307.9
random,3,88,1,11.325,12.693,0.9998,1.0,37,0,0,37,84,87,85,0.008642,0.012632,0.0127,1,0,1,2307.9
random,3,89,1,10.977,12.616,0.9999,1.0,37,0,0,37,85,87,85,0.007721,0.012618,0.012593,1,0,1,2307.9
random,3,90,1,10.946,12.773,0.9997,0.9997,37,0,0,37,85,88,85,0.007485,0.012557,0.012797,1,1,1,2307.9
random,3,91,1,16.829,28.508,0.9998,0.9998,37,0,1,37,85,88,86,0.007435,0.030254,0.012797,1,1,1,2307.9
random,3,92,11,17.257,28.637,0.9993,0.9993,34,0,1,34,90,93,87,0.007435,0.030254,0.014081,1,1,1,2307.9
random,3,93,0,15.414,24.879,0.9993,0.9993,34,0,3,34,90,93,87,0.00741,0.026245,0.012586,1,1,1,2307.9
random,3,94,11,15.623,25.396,0.9998,0.9998,34,0,5,34,94,95,92,0.007378,0.026808,0.012684,1,1,1,2307.9
random,3,95,1,15.627,25.208,0.9998,0.9998,29,0,6,29,95,95,92,0.007546,0.026593,0.012741,1,1,1,2307.9
random,3,96,1,15.726,25.61,0.9997,0.9997,29,0,7,29,96,95,92,0.007429,0.027044,0.012705,1,1,1,2307.9
random,3,97,1,15.726,25.61,0.9995,0.9995,29,0,7,29,97,95,92,0.007429,0.027044,0.012705,1,1,1,2307.9
random,3,98,1,15.73,25.617,0.9993,0.9993,29,0,8,29,98,95,92,0.007586,0.027071,0.012532,1,1,1,2307.9
random,3,99,11,16.264,26.038,0.9997,0.9997,29,0,10,29,101,98,97,0.007341,0.027366,0.014085,1,1,1,2307.9
random,3,100,1,15.673,25.142,0.9995,0.9995,24,0,11,24,102,98,97,0.007586,0.026498,0.012934,1,1,1,2307.9
random,3,101,1,16.462,25.786,0.9996,0.9996,24,0,12,24,102,98,98,0.00848,0.027119,0.013788,1,1,1,2307.9
random,3,102,1,16.473,25.786,0.9994,0.9994,24,0,12,24,103,98,98,0.008512,0.027119,0.013788,1,1,1,2307.9
random,3,103,11,15.952,25.214,0.9999,0.9999,24,0,13,24,104,102,104,0.008512,0.0266,0.012745,1,1,1,2307.9
random,3,104,11,15.588,25.305,0.9999,0.9999,19,0,15,19,108,107,106,0.007463,0.026719,0.012582,1,1,1,2307.9
random,3,105,1,15.512,25.216,0.9999,0.9999,19,0,17,19,109,107,106,0.007337,0.02662,0.01258,1,1,1,2307.9
random,3,106,1,15.514,25.084,0.9999,0.9999,19,0,18,19,109,107,107,0.007479,0.026472,0.012592,1,1,1,2307.9
random,3,107,1,15.496,25.094,0.9999,0.9999,19,0,19,14,109,107,108,0.007356,0.026476,0.012656,1,1,1,2307.9
random,3,108,1,15.496,25.094,0.9999,0.9999,19,0,19,14,110,107,108,0.007356,0.026476,0.012656,1,1,1,2307.9
random,3,109,11,15.537,25.083,0.9998,0.9998,20,0,20,14,114,110,112,0.007337,0.026444,0.01283,1,1,1,2307.9
random,3,110,1,15.39,24.86,0.9997,0.9997,22,0,22,14,115,110,112,0.007374,0.026226,0.01257,1,1,1,2307.9
random,3,111,1,15.653,24.868,0.9997,0.9997,23,0,23,14,115,110,113,0.007417,0.026142,0.0134,1,1,1,2307.9
random,3,112,1,15.393,24.892,0.9996,0.9996,24,0,24,10,115,110,114,0.007361,0.026263,0.012555,1,1,1,2307.9
random,3,113,1,15.431,24.733,0.9995,0.9995,25,0,25,10,116,110,114,0.007687,0.02609,0.012517,1,1,1,2307.9
random,3,114,1,15.431,24.733,0.9995,0.9995,25,0,25,10,116,110,115,0.007687,0.02609,0.012517,1,1,1,2307.9
random,3,115,1,15.676,25.185,0.9993,0.9993,26,0,26,10,117,110,115,0.007593,0.026552,0.012882,1,1,1,2307.9
random,3,116,1,15.514,25.114,0.9992,0.9992,27,0,27,6,118,110,115,0.007424,0.026502,0.012617,1,1,1,2307.9
random,3,117,11,15.439,24.567,1.0,1.0,28,0,28,6,118,117,119,0.007673,0.025879,0.012764,1,1,1,2307.9
random,3,118,1,15.389,24.898,0.9999,0.9999,30,0,30,6,119,117,119,0.007325,0.026267,0.012576,1,1,1,2307.9
random,3,119,1,15.367,24.732,0.9999,0.9999,31,0,31,6,120,117,119,0.007442,0.026083,0.012576,1,1,1,2307.9
random,3,120,1,15.421,24.748,0.9998,0.9999,31,0,31,6,121,117,119,0.007442,0.026083,0.012738,0,1,1,2307.9
random,3,121,0,11.308,13.267,0.9998,0.9999,31,0,31,1,121,117,119,0.007458,0.013276,0.013189,0,1,1,2307.9
random,3,122,1,10.97,12.798,0.9999,1.0,31,0,31,1,121,118,119,0.007394,0.012707,0.012808,0,1,1,2307.9
random,3,123,1,10.894,12.814,0.9999,1.0,31,0,31,1,121,119,119,0.007305,0.012846,0.012531,0,1,1,2307.9
random,3,124,1,10.939,12.791,0.9999,1.0,31,0,31,0,122,119,119,0.007392,0.012614,0.012811,0,1,1,2307.9
random,3,125,1,10.917,12.782,0.9998,1.0,31,0,31,0,123,119,119,0.007423,0.012517,0.012811,0,1,1,2307.9
random,3,126,1,10.849,12.597,0.9996,1.0,31,0,31,0,124,119,119,0.007423,0.012517,0.012606,0,1,1,2307.9
random,3,127,1,11.26,12.944,0.9997,1.0,31,0,31,0,124,120,119,0.008229,0.012565,0.012986,0,1,1,2307.9
random,3,128,1,10.843,12.575,0.9995,1.0,31,0,31,0,125,120,119,0.007424,0.012581,0.012523,0,1,1,2307.9
random,3,129,1,10.971,12.845,0.9994,1.0,31,0,31,0,126,120,119,0.007457,0.01258,0.012875,0,1,1,2307.9
random,3,130,1,10.838,12.571,0.9995,1.0,31,0,31,0,126,120,120,0.007377,0.012564,0.012572,0,1,1,2307.9
random,3,131,1,11.099,12.565,0.9993,1.0,31,0,31,0,127,120,120,0.008205,0.012524,0.012569,0,1,1,2307.9
random,3,132,1,11.099,12.565,0.9994,1.0,31,0,31,0,127,121,120,0.008205,0.012524,0.012569,0,1,1,2307.9
random,3,133,1,10.875,12.637,0.9995,1.0,31,0,31,0,127,121,121,0.007386,0.012641,0.012597,0,1,1,2307.9
random,3,134,1,10.964,12.685,0.9993,1.0,31,0,31,0,128,121,121,0.007638,0.012555,0.0127,0,1,1,2307.9
random,3,135,1,11.007,12.931,0.9994,1.0,31,0,31,0,128,121,122,0.007452,0.012603,0.012967,0,1,1,2307.9
random,3,136,1,10.921,12.726,0.9995,1.0,31,0,31,0,128,122,122,0.007443,0.012579,0.012742,0,1,1,2307.9
random,3,137,1,10.928,12.787,0.9993,1.0,31,0,31,0,129,122,122,0.007422,0.012813,0.01255,0,1,1,2307.9
random,3,138,1,10.921,12.787,0.9991,1.0,31,0,31,0,130,122,122,0.007399,0.012813,0.01255,0,1,1,2307.9
random,3,139,1,10.961,12.803,0.9988,1.0,31,0,31,0,131,122,122,0.007399,0.012818,0.012665,0,1,1,2307.9
random,3,140,1,10.851,12.595,0.9986,1.0,31,0,31,0,132,122,122,0.007423,0.012602,0.012529,0,1,1,2307.9
random,3,141,1,10.861,12.641,0.9983,1.0,31,0,31,0,133,122,122,0.007425,0.012501,0.012657,0,1,1,2307.9
random,3,142,1,11.204,12.83,0.9984,1.0,31,0,31,0,133,122,123,0.008242,0.012866,0.012503,0,1,1,2307.9
random,3,143,1,10.875,12.616,0.9982,1.0,31,0,31,0,134,122,123,0.007422,0.012584,0.01262,0,1,1,2307.9
random,3,144,1,11.216,12.616,0.9978,1.0,31,0,31,0,135,122,123,0.008445,0.012584,0.01262,0,1,1,2307.9
random,3,145,1,11.178,12.596,0.998,0.9999,31,0,31,0,135,122,124,0.008445,0.012609,0.012479,0,1,1,2307.9
random,3,146,1,10.935,12.826,0.9981,0.9999,31,0,31,0,135,122,125,0.007411,0.012858,0.012536,0,1,1,2307.9
random,3,147,1,10.973,12.711,0.9982,0.9997,31,0,31,0,135,122,126,0.007664,0.012732,0.012523,0,1,1,2307.9
random,3,148,1,10.898,12.733,0.9983,0.9996,31,0,31,0,135,122,127,0.007387,0.012553,0.012753,0,1,1,2307.9
random,3,149,1,11.505,13.903,0.998,0.9996,31,0,31,0,136,122,127,0.007503,0.014002,0.01301,0,1,1,2307.9
random,3,150,1,11.065,12.97,0.998,0.998,31,0,31,0,136,122,128,0.00757,0.012614,0.01301,1,1,1,2307.9
random,3,151,1,10.957,12.679,0.9983,0.9983,31,0,31,0,136,123,128,0.00757,0.012614,0.012686,1,1,1,2307.9
random,3,152,11,15.824,20.886,0.9973,0.9973,31,1,31,0,141,124,133,0.021753,0.013082,0.012636,1,1,1,2307.9
random,3,153,1,13.931,16.093,0.9973,0.9973,29,3,29,0,141,124,134,0.01647,0.012628,0.012696,1,1,1,2307.9
random,3,154,1,14.234,15.909,0.9972,0.9972,29,4,29,0,141,124,135,0.016166,0.012941,0.013595,1,1,1,2307.9
random,3,155,1,13.976,15.515,0.9976,0.9976,29,5,29,0,141,125,135,0.015755,0.013351,0.012821,1,1,1,2307.9
random,3,156,1,13.976,15.515,0.9979,0.9979,29,5,29,0,141,126,135,0.015755,0.013351,0.012821,1,1,1,2307.9
random,3,157,1,13.882,15.638,0.9982,0.9982,24,6,24,0,141,127,135,0.015947,0.012844,0.012856,1,1,1,2307.9
random,3,158,1,13.851,15.838,0.9984,0.9984,24,7,24,0,141,128,135,0.016177,0.012786,0.012591,1,1,1,2307.9
random,3,159,1,13.652,15.401,0.9987,0.9987,24,8,24,0,141,129,135,0.015707,0.012607,0.012643,1,1,1,2307.9
random,3,160,1,13.732,15.695,0.9987,0.9987,24,9,24,0,141,129,136,0.01604,0.012591,0.012565,1,1,1,2307.9
random,3,161,1,14.08,16.252,0.9986,0.9986,20,10,20,0,141,129,137,0.016627,0.012876,0.012736,1,1,1,2307.9
random,3,162,0,14.08,16.252,0.9986,0.9986,20,10,20,0,141,129,137,0.016627,0.012876,0.012736,1,1,1,2307.9
random,3,163,1,13.922,15.887,0.9986,0.9986,20,11,20,0,141,129,138,0.016224,0.012854,0.012689,1,1,1,2307.9
random,3,164,1,13.625,15.457,0.9985,0.9985,20,12,20,0,141,129,139,0.015778,0.012563,0.012534,1,1,1,2307.9
random,3,165,11,13.674,15.494,0.9992,0.9992,15,14,15,0,145,135,140,0.015809,0.012655,0.012559,1,1,1,2307.9
random,3,166,1,13.695,15.569,0.9993,0.9993,15,15,15,0,145,136,140,0.015897,0.012619,0.012568,1,1,1,2307.9
random,3,167,11,13.638,15.476,0.9991,0.9991,17,17,15,0,150,140,142,0.015798,0.01258,0.012535,1,1,1,2307.9
random,3,168,1,13.638,15.476,0.9992,0.9992,17,17,15,0,150,141,142,0.015798,0.01258,0.012535,1,1,1,2307.9
random,3,169,1,13.685,15.477,0.9993,0.9993,18,18,15,0,150,142,142,0.015787,0.012576,0.012691,1,1,1,2307.9
random,3,170,11,13.761,15.711,0.9987,0.9987,19,19,11,0,156,144,145,0.016052,0.012593,0.012639,1,1,1,2307.9
random,3,171,11,14.247,15.768,0.9986,0.9986,22,22,11,0,160,148,148,0.01601,0.013586,0.013144,1,1,1,2307.9
random,3,172,11,13.857,15.94,0.9982,0.9982,24,24,11,0,165,152,150,0.016307,0.012627,0.012638,1,1,1,2307.9
random,3,173,1,13.688,15.483,0.9983,0.9983,25,25,7,0,165,153,150,0.015797,0.012662,0.012605,1,1,1,2307.9
random,3,174,1,13.688,15.483,0.9984,0.9984,25,25,7,0,165,154,150,0.015797,0.012662,0.012605,1,1,1,2307.9
random,3,175,1,13.664,15.464,0.9985,0.9985,26,26,7,0,165,154,151,0.015781,0.012616,0.012594,1,1,1,2307.9
random,3,176,1,13.763,15.45,0.9986,0.9986,27,27,7,0,165,155,151,0.015728,0.012944,0.012616,1,1,1,2307.9
random,3,177,1,13.8,15.649,0.9986,0.9986,28,28,3,0,165,156,151,0.015963,0.012824,0.012613,1,1,1,2307.9
random,3,178,11,14.139,16.668,0.9985,0.9985,33,33,3,0,169,160,154,0.017109,0.01261,0.012699,1,1,1,2307.9
random,3,179,11,13.865,15.861,0.9979,0.9979,32,32,3,0,175,162,157,0.016212,0.012683,0.012699,1,1,1,2307.9
least_connections,1,0,0,15.737,25.571,1.0,1.0,0,0,0,0,0,0,0,0.007599,0.012601,0.027012,1,1,1,2223.9
least_connections,1,1,1,15.372,24.745,0.3333,0.3333,35,35,0,3,0,1,0,0.007446,0.012573,0.026097,1,1,1,2223.9
least_connections,1,2,1,15.333,24.661,0.3333,0.3333,35,35,0,4,0,2,0,0.007418,0.012577,0.026004,1,1,1,2223.9
least_connections,1,3,1,15.584,25.214,0.6,0.6,35,35,0,5,1,2,0,0.007494,0.012647,0.02661,1,1,1,2223.9
least_connections,1,4,1,15.7,25.214,0.6667,0.6667,35,35,0,5,2,2,0,0.007842,0.012647,0.02661,1,1,1,2223.9
least_connections,1,5,1,15.923,25.785,0.641,0.641,35,35,0,6,3,2,0,0.007842,0.012686,0.02724,1,1,1,2223.9
least_connections,1,6,1,15.506,24.833,0.6,0.6,35,35,0,7,4,2,0,0.007686,0.012646,0.026187,1,1,1,2223.9
least_connections,1,7,11,15.63,25.144,0.9003,0.9003,35,35,0,9,7,7,3,0.007468,0.012921,0.026502,1,1,1,2223.9
least_connections,1,8,1,15.534,25.038,0.8852,0.8852,35,35,0,10,7,8,3,0.007552,0.012635,0.026416,1,1,1,2223.9
least_connections,1,9,1,15.676,25.04,0.8657,0.8657,35,35,0,10,7,9,3,0.007955,0.012658,0.026416,1,1,1,2223.9
least_connections,1,10,1,15.819,25.425,0.8658,0.8658,35,35,0,11,8,9,3,0.007955,0.012658,0.026844,1,1,1,2223.9
least_connections,1,11,1,15.973,25.164,0.8596,0.8596,35,35,0,12,9,9,3,0.008416,0.012987,0.026517,1,1,1,2223.9
least_connections,1,12,1,15.39,24.761,0.8491,0.8491,35,35,0,13,10,9,3,0.007428,0.012634,0.026109,1,1,1,2223.9
least_connections,1,13,1,15.863,25.863,0.8437,0.8437,35,35,0,14,10,10,3,0.007667,0.012584,0.027338,1,1,1,2223.9
least_connections,1,14,1,15.635,25.188,0.8348,0.8348,35,35,0,15,10,11,3,0.007462,0.012889,0.026555,1,1,1,2223.9
least_connections,1,15,1,15.678,25.192,0.8235,0.8235,35,35,0,15,10,12,3,0.007549,0.012929,0.026555,1,1,1,2223.9
least_connections,1,16,11,15.666,25.162,0.8745,0.8745,35,35,0,16,13,17,6,0.007549,0.012929,0.026521,1,1,1,2223.9
least_connections,1,17,1,15.559,25.308,0.8759,0.8759,35,35,0,18,14,17,6,0.007361,0.012597,0.02672,1,1,1,2223.9
least_connections,1,18,1,15.489,24.854,0.8752,0.8752,35,35,0,19,15,17,6,0.007417,0.012862,0.026187,1,1,1,2223.9
least_connections,1,19,1,15.48,24.893,0.8726,0.8726,35,35,0,20,16,17,6,0.007409,0.012795,0.026237,1,1,1,2223.9
least_connections,1,20,1,15.447,24.744,0.8686,0.8686,35,35,0,21,17,17,6,0.007686,0.012557,0.026098,1,1,1,2223.9
least_connections,1,21,11,15.361,24.747,0.9538,0.9538,35,35,0,21,21,18,12,0.007395,0.012589,0.026098,1,1,1,2223.9
least_connections,1,22,1,15.289,24.553,0.9528,0.9528,35,35,0,23,21,19,12,0.007395,0.012589,0.025882,1,1,1,2223.9
least_connections,1,23,11,15.467,25.014,0.9608,0.9608,35,35,0,24,24,24,15,0.007394,0.012616,0.026391,1,1,1,2223.9
least_connections,1,24,1,15.567,24.971,0.9575,0.9575,35,35,0,26,24,25,15,0.007667,0.012699,0.026334,1,1,1,2223.9
least_connections,1,25,1,15.635,25.18,0.9535,0.9535,35,35,0,27,24,26,15,0.007481,0.012876,0.026547,1,1,1,2223.9
least_connections,1,26,11,16.471,26.538,0.9914,0.9914,35,35,0,29,27,27,22,0.008347,0.013027,0.028039,1,1,1,2223.9
least_connections,1,27,1,16.175,26.538,0.9897,0.9897,35,35,0,29,27,28,22,0.007459,0.013027,0.028039,1,1,1,2223.9
least_connections,1,28,1,15.41,24.795,0.9883,0.9883,35,35,0,30,28,28,22,0.007459,0.012623,0.026147,1,1,1,2223.9
least_connections,1,29,1,15.663,25.266,0.9864,0.9864,32,32,0,31,29,28,22,0.007448,0.0129,0.02664,1,1,1,2223.9
least_connections,1,30,11,15.464,25.004,0.9905,0.9905,32,32,0,32,31,33,26,0.007392,0.012621,0.02638,1,1,1,2223.9
least_connections,1,31,0,15.392,24.743,0.9905,0.9905,34,32,0,34,31,33,26,0.007411,0.012681,0.026083,1,1,1,2223.9
least_connections,1,32,1,15.437,24.989,0.9897,0.9897,35,28,0,35,32,33,26,0.007402,0.012537,0.026373,1,1,1,2223.9
least_connections,1,33,1,15.464,24.989,0.9879,0.9879,35,28,0,35,32,34,26,0.007481,0.012537,0.026373,1,1,1,2223.9
least_connections,1,34,1,15.704,24.941,0.987,0.987,36,28,0,36,33,34,26,0.007481,0.013409,0.026222,1,1,1,2223.9
least_connections,1,35,1,15.475,24.68,0.9857,0.9857,37,28,0,37,34,34,26,0.007835,0.012565,0.026026,1,1,1,2223.9
least_connections,1,36,1,15.781,25.053,0.9841,0.9841,38,28,0,38,35,34,26,0.007562,0.013436,0.026344,1,1,1,2223.9
least_connections,1,37,1,15.584,25.116,0.9827,0.9827,39,25,0,39,35,35,26,0.007397,0.012878,0.026476,1,1,1,2223.9
least_connections,1,38,11,15.557,24.91,0.9915,0.9915,41,25,0,41,38,38,31,0.007429,0.013011,0.026232,1,1,1,2223.9
least_connections,1,39,11,15.545,24.91,0.996,0.996,41,25,0,41,40,42,36,0.007392,0.013011,0.026232,1,1,1,2223.9
least_connections,1,40,1,15.742,25.119,0.9948,0.9948,43,25,0,43,40,43,36,0.007392,0.013414,0.02642,1,1,1,2223.9
least_connections,1,41,11,15.859,25.666,0.9956,0.9956,44,21,0,44,43,47,40,0.007813,0.012652,0.027112,1,1,1,2223.9
least_connections,1,42,11,15.98,24.84,0.9919,0.9919,47,21,0,47,44,53,44,0.009035,0.012719,0.026187,1,1,1,2223.9
least_connections,1,43,1,15.652,25.406,0.9902,0.9902,48,21,0,48,44,54,44,0.007476,0.012658,0.026823,1,1,1,2223.9
least_connections,1,44,1,15.864,25.646,0.9912,0.9912,49,21,0,49,45,54,44,0.007835,0.01267,0.027088,1,1,1,2223.9
least_connections,1,45,1,15.864,25.646,0.9894,0.9894,49,21,0,49,45,55,44,0.007835,0.01267,0.027088,1,1,1,2223.9
least_connections,1,46,1,16.282,26.459,0.9903,0.9903,50,15,0,50,46,55,44,0.007975,0.012907,0.027965,1,1,1,2223.9
least_connections,1,47,1,16.009,25.877,0.991,0.991,51,15,0,51,47,55,44,0.007692,0.01303,0.027305,1,1,1,2223.9
least_connections,1,48,1,15.575,25.043,0.9893,0.9893,52,15,0,52,47,56,44,0.007466,0.012864,0.026396,1,1,1,2223.9
least_connections,1,49,1,15.61,25.288,0.9899,0.9899,53,10,0,53,48,56,44,0.007438,0.012706,0.026686,1,1,1,2223.9
least_connections,1,50,11,15.603,25.283,0.9955,0.9955,53,10,0,53,51,58,50,0.007464,0.01266,0.026686,1,1,1,2223.9
least_connections,1,51,11,15.51,25.03,0.9991,0.9991,55,10,0,55,56,59,55,0.007464,0.01266,0.026405,1,1,1,2223.9
least_connections,1,52,11,15.755,25.028,0.9996,0.9996,57,10,0,57,59,62,60,0.008259,0.012596,0.026409,1,1,1,2223.9
least_connections,1,53,11,15.457,25.017,0.9981,0.9981,59,5,0,59,62,68,62,0.007356,0.012619,0.026395,1,1,1,2223.9
least_connections,1,54,1,15.488,25.045,0.9974,0.9974,61,5,0,61,62,69,62,0.007423,0.012616,0.026426,1,1,1,2223.9
least_connections,1,55,11,15.725,25.511,0.9981,0.9981,62,5,0,62,67,72,65,0.007615,0.012615,0.026944,1,1,1,2223.9
least_connections,1,56,1,15.658,25.51,0.9982,0.9982,62,5,0,62,68,72,65,0.007427,0.012602,0.026944,1,1,1,2223.9
least_connections,1,57,7,15.418,24.862,0.9984,0.9984,64,5,0,64,71,74,67,0.007427,0.012602,0.026224,1,1,1,2223.9
least_connections,1,58,4,15.393,24.817,0.9976,0.9976,66,1,0,66,74,75,67,0.007442,0.012558,0.026179,1,1,1,2223.9
least_connections,1,59,1,15.482,25.116,0.9972,0.9972,67,1,0,67,74,76,67,0.007389,0.012543,0.026513,1,1,1,2223.9
least_connections,1,60,1,15.515,24.893,0.9969,0.9968,68,1,0,68,75,76,67,0.007674,0.012615,0.026257,1,0,1,2223.9
least_connections,1,61,1,10.927,12.745,0.9976,0.9976,66,0,0,66,75,76,68,0.007426,0.012762,0.012592,1,0,1,2223.9
least_connections,1,62,1,10.932,12.782,0.9974,0.9969,66,0,0,66,76,76,68,0.00744,0.012548,0.012808,1,0,1,2223.9
least_connections,1,63,1,10.932,12.782,0.998,0.9977,66,0,0,66,76,76,69,0.00744,0.012548,0.012808,1,0,1,2223.9
least_connections,1,64,1,10.863,12.631,0.9977,0.9977,66,0,0,66,76,77,69,0.007395,0.012554,0.01264,1,0,1,2223.9
least_connections,1,65,1,11.018,13.049,0.9974,0.997,66,0,0,66,77,77,69,0.00739,0.013103,0.012562,1,0,1,2223.9
least_connections,1,66,1,11.495,13.551,0.9971,0.997,62,0,0,62,77,78,69,0.008166,0.01267,0.013649,1,0,1,2223.9
least_connections,1,67,1,16.346,26.915,0.9978,0.9977,61,0,0,61,77,78,70,0.007882,0.012658,0.028499,1,0,1,2223.9
least_connections,1,68,1,10.854,12.684,0.9974,0.9977,61,0,0,61,77,79,70,0.00738,0.012707,0.012476,1,0,1,2223.9
least_connections,1,69,1,10.854,12.684,0.998,0.9984,61,0,0,61,77,79,71,0.00738,0.012707,0.012476,1,0,1,2223.9
least_connections,1,70,1,10.961,12.708,0.9976,0.9984,57,0,0,57,77,80,71,0.007543,0.012717,0.012623,1,0,1,2223.9
least_connections,1,71,1,11.264,13.571,0.9981,0.9989,57,0,0,57,77,80,72,0.007402,0.012724,0.013665,1,0,1,2223.9
least_connections,1,72,1,11.021,12.76,0.998,0.9984,57,0,0,57,78,80,72,0.007649,0.012642,0.012773,1,0,1,2223.9
least_connections,1,73,1,10.963,12.753,0.9976,0.9984,54,0,0,54,78,81,72,0.007479,0.012765,0.012645,1,0,1,2223.9
least_connections,1,74,1,10.868,12.605,0.9982,0.9989,54,0,0,54,78,81,73,0.007431,0.012563,0.01261,1,0,1,2223.9
least_connections,1,75,1,10.868,12.605,0.9986,0.9993,54,0,0,54,78,81,74,0.007431,0.012563,0.01261,1,0,1,2223.9
least_connections,1,76,1,10.91,12.721,0.9982,0.9993,54,0,0,54,78,82,74,0.007467,0.012744,0.012518,1,0,1,2223.9
least_connections,1,77,1,10.929,12.691,0.9978,0.9993,54,0,0,54,78,83,74,0.007455,0.012636,0.012697,1,0,1,2223.9
least_connections,1,78,1,10.874,12.648,0.9978,0.9989,49,0,0,49,79,83,74,0.007392,0.012575,0.012656,1,0,1,2223.9
least_connections,1,79,1,10.897,12.662,0.9973,0.9989,49,0,0,49,79,84,74,0.007424,0.012669,0.012599,1,0,1,2223.9
least_connections,1,80,1,10.89,12.644,0.9979,0.9993,49,0,0,49,79,84,75,0.007442,0.012577,0.012651,1,0,1,2223.9
least_connections,1,81,1,10.889,12.644,0.9979,0.999,49,0,0,49,80,84,75,0.00744,0.012577,0.012651,1,0,1,2223.9
least_connections,1,82,1,10.772,12.497,0.9978,0.9985,45,0,0,45,81,84,75,0.00744,0.012364,0.012512,1,0,1,2223.9
least_connections,1,83,1,10.879,12.634,0.9983,0.999,45,0,0,45,81,84,76,0.007437,0.012643,0.012558,1,0,1,2223.9
least_connections,1,84,1,10.933,12.746,0.9979,0.999,45,0,0,45,81,85,76,0.007411,0.012629,0.012759,1,0,1,2223.9
least_connections,1,85,1,10.911,12.665,0.9984,0.9994,45,0,0,45,81,85,77,0.007443,0.01267,0.01262,1,0,1,2223.9
least_connections,1,86,1,11.126,13.016,0.998,0.9994,40,0,0,40,81,86,77,0.007687,0.012634,0.013058,1,0,1,2223.9
least_connections,1,87,1,11.143,13.017,0.9975,0.9994,40,0,0,40,81,87,77,0.007727,0.012645,0.013058,1,0,1,2223.9
least_connections,1,88,1,10.991,12.641,0.9969,0.9994,40,0,0,40,81,88,77,0.007727,0.012645,0.012601,1,0,1,2223.9
least_connections,1,89,1,11.0,12.955,0.9963,0.9994,40,0,0,40,81,89,77,0.007406,0.012601,0.012994,1,0,1,2223.9
least_connections,1,90,1,10.875,12.676,0.9957,0.9957,36,0,0,36,81,90,77,0.007426,0.012695,0.012503,1,1,1,2223.9
least_connections,1,91,11,17.099,29.399,0.9968,0.9968,36,0,1,36,87,92,80,0.007436,0.031266,0.012594,1,1,1,2223.9
least_connections,1,92,1,15.583,25.349,0.9973,0.9973,36,0,3,36,87,92,81,0.007404,0.026768,0.012577,1,1,1,2223.9
least_connections,1,93,0,15.352,24.718,0.9973,0.9973,36,0,4,36,87,92,81,0.007423,0.026069,0.012564,1,1,1,2223.9
least_connections,1,94,1,15.352,24.718,0.9978,0.9978,36,0,4,36,87,92,82,0.007423,0.026069,0.012564,1,1,1,2223.9
least_connections,1,95,11,15.348,24.644,0.9953,0.9953,33,0,6,33,89,99,84,0.007483,0.025985,0.012575,1,1,1,2223.9
least_connections,1,96,1,15.677,25.348,0.9954,0.9954,33,0,7,33,90,99,84,0.007421,0.026734,0.012876,1,1,1,2223.9
least_connections,1,97,11,15.412,24.866,0.9945,0.9945,33,0,9,33,93,104,87,0.007389,0.026227,0.012621,1,1,1,2223.9
least_connections,1,98,11,15.445,24.971,0.995,0.995,29,0,11,29,98,107,90,0.007437,0.026351,0.012546,1,1,1,2223.9
least_connections,1,99,11,15.399,25.011,0.9959,0.9959,29,0,13,29,102,110,94,0.007387,0.026413,0.012397,1,1,1,2223.9
least_connections,1,100,1,15.399,25.011,0.9959,0.9959,29,0,13,29,103,110,94,0.007387,0.026413,0.012397,1,1,1,2223.9
least_connections,1,101,1,15.458,24.789,0.9964,0.9964,29,0,14,29,103,110,95,0.00744,0.02612,0.012814,1,1,1,2223.9
least_connections,1,102,1,15.56,25.143,0.9964,0.9964,23,0,15,23,104,110,95,0.007509,0.026533,0.012638,1,1,1,2223.9
least_connections,1,103,1,15.547,25.086,0.9964,0.9964,23,0,16,23,105,110,95,0.007502,0.026465,0.012673,1,1,1,2223.9
least_connections,1,104,11,15.839,25.64,0.9932,0.9932,23,0,18,23,110,116,95,0.007528,0.027051,0.012937,1,1,1,2223.9
least_connections,1,105,11,15.844,25.658,0.99,0.99,23,0,20,23,113,123,96,0.007523,0.027072,0.012937,1,1,1,2223.9
least_connections,1,106,11,15.761,25.634,0.9898,0.9898,23,0,20,23,117,127,99,0.007523,0.027072,0.012689,1,1,1,2223.9
least_connections,1,107,11,15.5,25.032,0.9888,0.9888,22,0,22,18,122,131,101,0.007448,0.026409,0.012642,1,1,1,2223.9
least_connections,1,108,11,15.591,25.224,0.9921,0.9921,24,0,24,18,125,133,107,0.007564,0.026629,0.012581,1,1,1,2223.9
least_connections,1,109,1,15.611,25.19,0.9928,0.9928,26,0,26,18,125,133,108,0.007669,0.026592,0.012572,1,1,1,2223.9
least_connections,1,110,1,15.311,24.552,0.9926,0.9926,27,0,27,15,126,133,108,0.007513,0.025888,0.012532,1,1,1,2223.9
least_connections,1,111,1,15.262,24.552,0.9933,0.9933,27,0,27,15,126,133,109,0.007365,0.025888,0.012532,1,1,1,2223.9
least_connections,1,112,1,15.401,24.896,0.9932,0.9932,28,0,28,15,127,133,109,0.007365,0.026265,0.012574,1,1,1,2223.9
least_connections,1,113,11,16.13,26.465,0.9923,0.9923,29,0,29,15,129,139,112,0.007719,0.027997,0.012675,1,1,1,2223.9
least_connections,1,114,1,15.595,25.234,0.9929,0.9929,31,0,31,8,129,139,113,0.007484,0.02663,0.012671,1,1,1,2223.9
least_connections,1,115,1,15.511,24.904,0.9925,0.9925,32,0,32,8,129,140,113,0.007443,0.026244,0.012845,1,1,1,2223.9
least_connections,1,116,10,15.846,25.847,0.9919,0.9919,34,0,34,8,131,145,116,0.007376,0.027289,0.012872,1,1,1,2223.9
least_connections,1,117,1,15.931,25.847,0.9924,0.9924,34,0,34,8,131,145,117,0.007631,0.027289,0.012872,1,1,1,2223.9
least_connections,1,118,1,15.873,25.896,0.9925,0.9925,35,0,35,8,132,145,117,0.007631,0.027372,0.012617,1,1,1,2223.9
least_connections,1,119,1,15.524,25.034,0.9925,0.9925,36,0,36,2,133,145,117,0.007388,0.026395,0.01279,1,1,1,2223.9
least_connections,1,120,11,15.869,25.914,0.9918,0.988,38,0,38,2,134,151,121,0.007735,0.027408,0.012464,0,1,1,2223.9
least_connections,1,121,1,11.03,12.833,0.9924,0.9888,38,0,38,2,134,151,122,0.007644,0.012587,0.01286,0,1,1,2223.9
least_connections,1,122,1,11.091,12.834,0.9925,0.9888,38,0,38,0,135,151,122,0.007713,0.012712,0.012847,0,1,1,2223.9
least_connections,1,123,1,11.091,12.834,0.9919,0.9882,38,0,38,0,135,152,122,0.007713,0.012712,0.012847,0,1,1,2223.9
least_connections,1,124,1,10.936,12.634,0.9925,0.989,38,0,38,0,135,152,123,0.007567,0.012637,0.012604,0,1,1,2223.9
least_connections,1,125,1,11.001,12.865,0.992,0.9883,38,0,38,0,135,153,123,0.007452,0.012887,0.012664,0,1,1,2223.9
least_connections,1,126,1,11.337,13.408,0.9925,0.9892,38,0,38,0,135,153,124,0.007684,0.012858,0.013469,0,1,1,2223.9
least_connections,1,127,1,10.958,12.856,0.993,0.99,38,0,38,0,135,153,125,0.007456,0.012893,0.012525,0,1,1,2223.9
least_connections,1,128,1,10.914,12.711,0.9931,0.99,38,0,38,0,136,153,125,0.007439,0.012577,0.012726,0,1,1,2223.9
least_connections,1,129,1,10.928,12.711,0.9936,0.9907,38,0,38,0,136,153,126,0.007482,0.012577,0.012726,0,1,1,2223.9
least_connections,1,130,1,10.93,12.782,0.9931,0.9901,38,0,38,0,136,154,126,0.007482,0.012493,0.012814,0,1,1,2223.9
least_connections,1,131,1,10.879,12.619,0.9932,0.9901,38,0,38,0,137,154,126,0.007415,0.012602,0.012621,0,1,1,2223.9
least_connections,1,132,1,10.873,12.581,0.9927,0.9895,38,0,38,0,137,155,126,0.007505,0.012587,0.012528,0,1,1,2223.9
least_connections,1,133,1,10.858,12.615,0.9922,0.9888,38,0,38,0,137,156,126,0.007391,0.012621,0.012562,0,1,1,2223.9
least_connections,1,134,1,11.056,12.944,0.9917,0.9881,38,0,38,0,137,157,126,0.007447,0.012965,0.012757,0,1,1,2223.9
least_connections,1,135,1,10.931,12.738,0.9918,0.9881,38,0,38,0,138,157,126,0.007471,0.012565,0.012757,0,1,1,2223.9
least_connections,1,136,1,10.872,12.579,0.9919,0.9881,38,0,38,0,139,157,126,0.007471,0.012565,0.012581,0,1,1,2223.9
least_connections,1,137,1,10.982,12.933,0.9914,0.9875,38,0,38,0,139,158,126,0.007498,0.012986,0.012461,0,1,1,2223.9
least_connections,1,138,1,11.057,12.888,0.9915,0.9875,38,0,38,0,140,158,126,0.007696,0.012551,0.012925,0,1,1,2223.9
least_connections,1,139,1,10.981,12.887,0.991,0.9868,38,0,38,0,140,159,126,0.007406,0.01262,0.012917,0,1,1,2223.9
least_connections,1,140,1,11.022,12.829,0.9904,0.9861,38,0,38,0,140,160,126,0.0075,0.012727,0.01284,0,1,1,2223.9
least_connections,1,141,1,10.934,12.669,0.9905,0.9861,38,0,38,0,141,160,126,0.007472,0.01267,0.012659,0,1,1,2223.9
least_connections,1,142,1,10.934,12.669,0.99,0.9853,38,0,38,0,141,161,126,0.007472,0.01267,0.012659,0,1,1,2223.9
least_connections,1,143,1,10.995,12.909,0.9906,0.9863,38,0,38,0,141,161,127,0.007442,0.012601,0.012943,0,1,1,2223.9
least_connections,1,144,1,11.023,12.886,0.9911,0.9871,38,0,38,0,141,161,128,0.007478,0.012683,0.012909,0,1,1,2223.9
least_connections,1,145,1,11.104,13.076,0.9912,0.9871,38,0,38,0,142,161,128,0.007493,0.013118,0.012702,0,1,1,2223.9
least_connections,1,146,1,11.126,12.83,0.9907,0.9864,38,0,38,0,142,162,128,0.007738,0.012833,0.012806,0,1,1,2223.9
least_connections,1,147,1,10.915,12.699,0.9912,0.9873,38,0,38,0,142,162,129,0.00744,0.01271,0.012596,0,1,1,2223.9
least_connections,1,148,1,10.915,12.699,0.9907,0.9866,38,0,38,0,142,163,129,0.00744,0.01271,0.012596,0,1,1,2223.9
least_connections,1,149,1,11.062,12.907,0.9908,0.9866,38,0,38,0,143,163,129,0.007574,0.012681,0.012932,0,1,1,2223.9
least_connections,1,150,1,10.925,12.671,0.9903,0.9903,38,0,38,0,143,164,129,0.007441,0.012662,0.012672,1,1,1,2223.9
least_connections,1,151,1,15.323,19.824,0.9898,0.9898,38,1,38,0,143,165,129,0.020615,0.012648,0.012707,1,1,1,2223.9
least_connections,1,152,1,14.002,15.731,0.9903,0.9903,38,2,38,0,143,165,130,0.016035,0.012974,0.012996,1,1,1,2223.9
least_connections,1,153,1,13.821,15.57,0.9908,0.9908,38,3,38,0,143,165,131,0.015856,0.012612,0.012996,1,1,1,2223.9
least_connections,1,154,0,13.677,15.532,0.9908,0.9908,38,3,38,0,143,165,131,0.015856,0.012612,0.012563,1,1,1,2223.9
least_connections,1,155,1,13.81,15.679,0.9913,0.9913,38,4,38,0,143,165,132,0.015996,0.012828,0.012607,1,1,1,2223.9
least_connections,1,156,11,14.235,15.914,0.9892,0.9892,32,6,32,0,147,171,133,0.016133,0.013945,0.012627,1,1,1,2223.9
least_connections,1,157,1,14.231,16.465,0.9898,0.9898,32,7,32,0,147,171,134,0.016859,0.012923,0.01291,1,1,1,2223.9
least_connections,1,158,11,13.873,15.962,0.9908,0.9908,32,9,32,0,151,174,138,0.016328,0.012669,0.012621,1,1,1,2223.9
least_connections,1,159,1,13.941,16.092,0.9903,0.9903,26,10,26,0,151,175,138,0.016465,0.012738,0.012621,1,1,1,2223.9
least_connections,1,160,11,13.957,16.092,0.9912,0.9912,26,10,26,0,155,178,142,0.016465,0.012738,0.012667,1,1,1,2223.9
least_connections,1,161,11,13.957,16.182,0.9923,0.9923,26,12,26,0,161,180,145,0.016573,0.012638,0.012659,1,1,1,2223.9
least_connections,1,162,1,14.287,16.969,0.9918,0.9918,26,14,26,0,161,181,145,0.017438,0.012752,0.012671,1,1,1,2223.9
least_connections,1,163,1,13.868,15.863,0.9914,0.9914,22,15,22,0,161,182,145,0.016209,0.012747,0.012648,1,1,1,2223.9
least_connections,1,164,11,14.095,16.226,0.9904,0.9904,22,17,22,0,165,187,147,0.016575,0.01308,0.01263,1,1,1,2223.9
least_connections,1,165,1,14.298,16.774,0.99,0.99,22,18,22,0,165,188,147,0.017184,0.01308,0.01263,1,1,1,2223.9
least_connections,1,166,1,14.196,16.736,0.9895,0.9895,22,18,22,0,165,189,147,0.017184,0.012708,0.012696,1,1,1,2223.9
least_connections,1,167,1,13.948,15.813,0.989,0.989,22,19,22,0,165,190,147,0.016129,0.012744,0.012971,1,1,1,2223.9
least_connections,1,168,1,14.043,16.006,0.9885,0.9885,20,20,15,0,165,191,147,0.016322,0.013159,0.012647,1,1,1,2223.9
least_connections,1,169,1,13.771,15.527,0.988,0.988,21,21,15,0,165,192,147,0.015819,0.012896,0.012599,1,1,1,2223.9
least_connections,1,170,1,13.884,15.543,0.9885,0.9885,22,22,15,0,165,192,148,0.015828,0.012847,0.012977,1,1,1,2223.9
least_connections,1,171,11,13.884,15.543,0.9877,0.9877,22,22,15,0,171,196,149,0.015828,0.012847,0.012977,1,1,1,2223.9
least_connections,1,172,11,14.165,15.537,0.9896,0.9896,24,24,11,0,175,198,154,0.015761,0.013523,0.013212,1,1,1,2223.9
least_connections,1,173,1,13.873,15.826,0.9892,0.9892,26,26,11,0,175,199,154,0.016155,0.012866,0.012598,1,1,1,2223.9
least_connections,1,174,1,13.782,15.739,0.9888,0.9888,27,27,11,0,175,200,154,0.016082,0.012608,0.012655,1,1,1,2223.9
least_connections,1,175,1,14.065,15.672,0.9883,0.9883,28,28,11,0,175,201,154,0.015887,0.012568,0.013741,1,1,1,2223.9
least_connections,1,176,1,13.86,16.031,0.9888,0.9888,29,29,6,0,175,201,155,0.016412,0.012606,0.012563,1,1,1,2223.9
least_connections,1,177,1,13.86,16.031,0.9893,0.9893,29,29,6,0,175,201,156,0.016412,0.012606,0.012563,1,1,1,2223.9
least_connections,1,178,1,13.784,15.639,0.9888,0.9888,30,30,6,0,175,202,156,0.015954,0.012599,0.0128,1,1,1,2223.9
least_connections,1,179,1,13.677,15.558,0.9884,0.9884,31,31,6,0,175,203,156,0.015886,0.012609,0.012535,1,1,1,2223.9
least_connections,2,0,0,15.832,25.643,1.0,1.0,0,0,0,0,0,0,0,0.007405,0.013047,0.027043,1,1,1,2340.1
least_connections,2,1,1,15.723,25.163,0.3333,0.3333,35,35,0,3,0,1,0,0.007494,0.013179,0.026495,1,1,1,2340.1
least_connections,2,2,1,15.646,25.436,0.3333,0.3333,35,35,0,4,0,2,0,0.007485,0.012589,0.026863,1,1,1,2340.1
least_connections,2,3,11,15.646,25.436,0.9235,0.9235,35,35,0,4,3,4,6,0.007485,0.012589,0.026863,1,1,1,2340.1
least_connections,2,4,1,15.38,24.811,0.9333,0.9333,35,35,0,6,3,5,6,0.007383,0.012587,0.026169,1,1,1,2340.1
least_connections,2,5,1,15.744,25.054,0.9259,0.9259,35,35,0,7,3,6,6,0.007419,0.013471,0.026341,1,1,1,2340.1
least_connections,2,6,1,15.51,25.138,0.9078,0.9078,35,35,0,8,3,7,6,0.007425,0.012569,0.026535,1,1,1,2340.1
least_connections,2,7,1,15.414,24.922,0.8838,0.8838,35,35,0,9,3,8,6,0.007326,0.012627,0.026288,1,1,1,2340.1
least_connections,2,8,1,15.608,25.137,0.8571,0.8571,35,35,0,10,3,9,6,0.007583,0.012726,0.026516,1,1,1,2340.1
least_connections,2,9,1,15.608,25.137,0.9048,0.9048,35,35,0,10,4,9,6,0.007583,0.012726,0.026516,1,1,1,2340.1
least_connections,2,10,11,15.814,24.986,0.9554,0.9554,35,35,0,11,9,13,8,0.008253,0.012854,0.026334,1,1,1,2340.1
least_connections,2,11,1,15.682,25.124,0.9394,0.9394,35,35,0,13,9,14,8,0.00753,0.01305,0.026466,1,1,1,2340.1
least_connections,2,12,1,15.728,25.307,0.9481,0.9481,35,35,0,14,10,14,8,0.007516,0.012994,0.026675,1,1,1,2340.1
least_connections,2,13,1,16.083,26.465,0.9332,0.9332,35,35,0,15,10,15,8,0.007548,0.012707,0.027994,1,1,1,2340.1
least_connections,2,14,1,16.057,26.467,0.9175,0.9175,35,35,0,15,10,16,8,0.007457,0.01272,0.027994,1,1,1,2340.1
least_connections,2,15,11,15.65,25.368,0.9657,0.9657,35,35,0,16,13,19,13,0.007457,0.01272,0.026773,1,1,1,2340.1
least_connections,2,16,1,15.475,24.975,0.9715,0.9715,35,35,0,18,14,19,13,0.007524,0.012544,0.026356,1,1,1,2340.1
least_connections,2,17,1,15.881,25.592,0.9625,0.9625,35,35,0,19,14,20,13,0.007542,0.013125,0.026977,1,1,1,2340.1
least_connections,2,18,11,15.55,25.098,0.9717,0.9717,35,35,0,21,20,23,15,0.0074,0.012782,0.026467,1,1,1,2340.1
least_connections,2,19,11,16.131,25.356,0.995,0.995,35,35,0,23,23,25,21,0.007852,0.013914,0.026627,1,1,1,2340.1
least_connections,2,20,11,16.073,25.356,0.9941,0.9941,35,35,0,23,27,29,24,0.007679,0.013914,0.026627,1,1,1,2340.1
least_connections,2,21,1,15.69,25.483,0.9936,0.9936,35,35,0,25,28,29,24,0.007679,0.012462,0.02693,1,1,1,2340.1
least_connections,2,22,1,15.825,25.598,0.9917,0.9917,35,35,0,26,28,30,24,0.007829,0.012606,0.027041,1,1,1,2340.1
least_connections,2,23,1,15.961,25.373,0.9911,0.9911,35,35,0,27,29,30,24,0.007555,0.013651,0.026676,1,1,1,2340.1
least_connections,2,24,11,15.715,25.309,0.9831,0.9831,35,35,0,28,32,36,26,0.007539,0.012921,0.026686,1,1,1,2340.1
least_connections,2,25,1,15.885,25.557,0.9802,0.9802,35,35,0,30,32,37,26,0.00796,0.012709,0.026985,1,1,1,2340.1
least_connections,2,26,1,15.885,25.557,0.9771,0.9771,35,35,0,30,32,38,26,0.00796,0.012709,0.026985,1,1,1,2340.1
least_connections,2,27,1,15.549,25.063,0.981,0.981,33,33,0,31,32,38,27,0.00764,0.012555,0.026453,1,1,1,2340.1
least_connections,2,28,10,15.635,25.346,0.9743,0.9743,33,33,0,33,37,42,28,0.007471,0.012682,0.026753,1,1,1,2340.1
least_connections,2,29,1,15.831,25.479,0.9715,0.9715,34,33,0,34,37,43,28,0.007456,0.013192,0.026844,1,1,1,2340.1
least_connections,2,30,11,15.636,25.025,0.9807,0.9807,36,33,0,36,42,45,32,0.007505,0.013046,0.026356,1,1,1,2340.1
least_connections,2,31,11,15.587,25.013,0.9828,0.9828,36,29,0,36,44,50,36,0.00748,0.012925,0.026356,1,1,1,2340.1
least_connections,2,32,1,16.178,26.608,0.9827,0.9827,38,29,0,38,45,50,36,0.00748,0.012925,0.028128,1,1,1,2340.1
least_connections,2,33,11,15.518,24.989,0.9925,0.9925,43,29,0,43,48,52,42,0.00746,0.012744,0.026349,1,1,1,2340.1
least_connections,2,34,1,15.403,24.82,0.9923,0.9923,41,29,0,41,49,52,42,0.007456,0.012572,0.026181,1,1,1,2340.1
least_connections,2,35,1,15.579,24.926,0.992,0.992,42,24,0,42,50,52,42,0.007901,0.012532,0.026303,1,1,1,2340.1
least_connections,2,36,1,15.765,25.667,0.9914,0.9914,43,24,0,43,51,52,42,0.007551,0.012628,0.027116,1,1,1,2340.1
least_connections,2,37,11,15.709,25.667,0.9934,0.9934,43,24,0,43,55,55,46,0.007384,0.012628,0.027116,1,1,1,2340.1
least_connections,2,38,1,15.486,25.043,0.9927,0.9927,45,24,0,45,56,55,46,0.007384,0.012654,0.026419,1,1,1,2340.1
least_connections,2,39,1,15.576,25.191,0.9918,0.9918,46,18,0,46,57,55,46,0.007515,0.012626,0.026587,1,1,1,2340.1
least_connections,2,40,1,15.858,25.587,0.9908,0.9908,47,18,0,47,58,55,46,0.00747,0.013133,0.026971,1,1,1,2340.1
least_connections,2,41,1,16.155,25.983,0.9897,0.9897,48,18,0,48,59,55,46,0.007796,0.013275,0.027395,1,1,1,2340.1
least_connections,2,42,11,16.012,25.513,0.9913,0.9913,50,18,0,50,63,58,50,0.008437,0.012658,0.026941,1,1,1,2340.1
least_connections,2,43,1,16.012,25.513,0.9911,0.9911,50,18,0,50,63,59,50,0.008437,0.012658,0.026941,1,1,1,2340.1
least_connections,2,44,1,15.401,24.891,0.99,0.99,51,15,0,51,64,59,50,0.007373,0.012571,0.02626,1,1,1,2340.1
least_connections,2,45,1,15.484,25.025,0.9898,0.9898,52,15,0,52,64,60,50,0.007422,0.012628,0.026403,1,1,1,2340.1
least_connections,2,46,11,15.49,25.005,0.9875,0.9875,53,15,0,53,68,65,52,0.00743,0.012663,0.026376,1,1,1,2340.1
least_connections,2,47,11,15.474,24.552,0.9897,0.9897,56,10,0,56,71,69,56,0.007708,0.012864,0.025851,1,1,1,2340.1
least_connections,2,48,1,15.783,25.729,0.9889,0.9889,57,10,0,57,72,69,56,0.007543,0.01262,0.027186,1,1,1,2340.1
least_connections,2,49,1,15.783,25.729,0.9881,0.9881,57,10,0,57,73,69,56,0.007543,0.01262,0.027186,1,1,1,2340.1
least_connections,2,50,1,15.76,25.57,0.9877,0.9877,58,10,0,58,73,70,56,0.007646,0.012625,0.027008,1,1,1,2340.1
least_connections,2,51,1,15.762,25.421,0.9868,0.9868,59,10,0,59,74,70,56,0.007801,0.012643,0.026841,1,1,1,2340.1
least_connections,2,52,1,15.978,26.289,0.9858,0.9858,60,6,0,60,75,70,56,0.007487,0.01264,0.027806,1,1,1,2340.1
least_connections,2,53,1,15.693,25.513,0.9847,0.9847,61,6,0,61,76,70,56,0.007481,0.012658,0.026941,1,1,1,2340.1
least_connections,2,54,1,15.727,25.513,0.9845,0.9845,61,6,0,61,76,71,56,0.007583,0.012658,0.026941,1,1,1,2340.1
least_connections,2,55,1,15.756,25.62,0.9841,0.9841,62,6,0,62,76,72,56,0.007583,0.012622,0.027064,1,1,1,2340.1
least_connections,2,56,1,15.861,25.673,0.9859,0.9859,63,3,0,63,76,72,57,0.007518,0.012983,0.027083,1,1,1,2340.1
least_connections,2,57,10,15.449,24.982,0.9854,0.9854,65,3,0,65,81,74,60,0.007359,0.012633,0.026354,1,1,1,2340.1
least_connections,2,58,1,15.387,24.792,0.9843,0.9843,66,3,0,66,82,74,60,0.007394,0.012622,0.026144,1,1,1,2340.1
least_connections,2,59,1,15.605,24.989,0.9842,0.9842,66,0,0,66,82,75,60,0.007684,0.012787,0.026345,1,1,1,2340.1
least_connections,2,60,11,15.418,24.961,0.9896,0.9844,66,0,0,66,85,77,66,0.007401,0.012509,0.026345,1,0,1,2340.1
least_connections,2,61,1,10.845,12.614,0.9895,0.9844,67,0,0,67,85,78,66,0.007401,0.012509,0.012626,1,0,1,2340.1
least_connections,2,62,1,10.873,12.536,0.9886,0.983,67,0,0,67,86,78,66,0.007654,0.012417,0.012549,1,0,1,2340.1
least_connections,2,63,1,10.844,12.575,0.9877,0.9815,67,0,0,67,87,78,66,0.007418,0.01258,0.012533,1,0,1,2340.1
least_connections,2,64,1,10.929,12.784,0.9889,0.9834,63,0,0,63,87,78,67,0.00742,0.012809,0.012557,1,0,1,2340.1
least_connections,2,65,1,10.838,12.55,0.9889,0.9834,63,0,0,63,87,79,67,0.007434,0.012552,0.012529,1,0,1,2340.1
least_connections,2,66,1,11.024,13.095,0.9901,0.9852,63,0,0,63,87,79,68,0.007386,0.013158,0.012529,1,0,1,2340.1
least_connections,2,67,1,11.028,13.096,0.9912,0.9869,63,0,0,63,87,79,69,0.007386,0.013158,0.01254,1,0,1,2340.1
least_connections,2,68,1,11.021,12.808,0.9904,0.9856,60,0,0,60,88,79,69,0.00768,0.012547,0.012837,1,0,1,2340.1
least_connections,2,69,1,11.049,13.05,0.9904,0.9856,60,0,0,60,88,80,69,0.007425,0.012623,0.013098,1,0,1,2340.1
least_connections,2,70,1,11.154,13.379,0.9895,0.9842,60,0,0,60,89,80,69,0.007422,0.012572,0.013469,1,0,1,2340.1
least_connections,2,71,1,11.328,13.651,0.9906,0.9859,60,0,0,60,89,80,70,0.007388,0.012856,0.013739,1,0,1,2340.1
least_connections,2,72,1,10.994,12.75,0.9906,0.9859,55,0,0,55,89,81,70,0.007557,0.012665,0.012759,1,0,1,2340.1
least_connections,2,73,1,10.994,12.75,0.9897,0.9846,55,0,0,55,90,81,70,0.007557,0.012665,0.012759,1,0,1,2340.1
least_connections,2,74,1,11.0,12.787,0.9888,0.9833,55,0,0,55,91,81,70,0.007518,0.012685,0.012798,1,0,1,2340.1
least_connections,2,75,1,10.939,12.688,0.9899,0.985,55,0,0,55,91,81,71,0.007469,0.012692,0.012655,1,0,1,2340.1
least_connections,2,76,1,10.872,12.612,0.99,0.985,51,0,0,51,91,82,71,0.007408,0.012593,0.012614,1,0,1,2340.1
least_connections,2,77,1,10.934,12.693,0.9911,0.9866,51,0,0,51,91,82,72,0.007473,0.012629,0.0127,1,0,1,2340.1
least_connections,2,78,1,10.948,12.743,0.9911,0.9866,51,0,0,51,91,83,72,0.007451,0.012755,0.012638,1,0,1,2340.1
least_connections,2,79,1,10.948,12.743,0.991,0.9866,51,0,0,51,91,84,72,0.007451,0.012755,0.012638,1,0,1,2340.1
least_connections,2,80,1,11.165,12.646,0.9909,0.9866,45,0,0,45,91,85,72,0.008215,0.012633,0.012648,1,0,1,2340.1
least_connections,2,81,1,10.914,12.706,0.9919,0.9881,45,0,0,45,91,85,73,0.007428,0.012718,0.012596,1,0,1,2340.1
least_connections,2,82,1,11.198,13.051,0.9912,0.9869,45,0,0,45,92,85,73,0.007507,0.013035,0.013053,1,0,1,2340.1
least_connections,2,83,1,11.008,12.95,0.9904,0.9857,45,0,0,45,93,85,73,0.007428,0.012988,0.012608,1,0,1,2340.1
least_connections,2,84,1,11.444,13.6,0.9904,0.9857,41,0,0,41,93,86,73,0.007425,0.013637,0.01327,1,0,1,2340.1
least_connections,2,85,1,11.444,13.6,0.9902,0.9857,41,0,0,41,93,87,73,0.007425,0.013637,0.01327,1,0,1,2340.1
least_connections,2,86,1,11.112,13.127,0.9895,0.9844,41,0,0,41,94,87,73,0.007469,0.013175,0.012693,1,0,1,2340.1
least_connections,2,87,1,10.916,12.623,0.9906,0.986,41,0,0,41,94,87,74,0.00751,0.012614,0.012624,1,0,1,2340.1
least_connections,2,88,1,11.015,12.865,0.9916,0.9875,36,0,0,36,94,87,75,0.007497,0.012888,0.01266,1,0,1,2340.1
least_connections,2,89,1,10.991,12.757,0.9909,0.9863,36,0,0,36,95,87,75,0.00748,0.01276,0.012733,1,0,1,2340.1
least_connections,2,90,1,11.124,12.833,0.9908,0.9908,36,0,0,36,95,88,75,0.007775,0.012754,0.012842,1,1,1,2340.1
least_connections,2,91,1,11.124,12.833,0.9918,0.9918,36,0,0,36,95,88,76,0.007775,0.012754,0.012842,1,1,1,2340.1
least_connections,2,92,1,17.065,29.261,0.9927,0.9927,36,0,1,36,95,88,77,0.007492,0.031113,0.012591,1,1,1,2340.1
least_connections,2,93,0,15.744,25.018,0.9927,0.9927,30,0,2,30,95,88,77,0.007427,0.026297,0.013509,1,1,1,2340.1
least_connections,2,94,1,15.41,24.832,0.992,0.992,30,0,3,30,96,88,77,0.007432,0.026191,0.012606,1,1,1,2340.1
least_connections,2,95,11,15.66,25.431,0.9918,0.9918,30,0,5,30,100,92,80,0.007467,0.02685,0.012662,1,1,1,2340.1
least_connections,2,96,1,15.709,25.612,0.9927,0.9927,30,0,6,30,100,92,81,0.007413,0.027051,0.012662,1,1,1,2340.1
least_connections,2,97,1,16.241,25.772,0.9935,0.9935,26,0,6,26,100,92,82,0.007413,0.027051,0.014259,1,1,1,2340.1
least_connections,2,98,1,15.576,25.324,0.9929,0.9929,26,0,7,26,101,92,82,0.007387,0.026737,0.012604,1,1,1,2340.1
least_connections,2,99,1,15.722,25.438,0.9937,0.9937,26,0,8,26,101,92,83,0.007457,0.026834,0.012876,1,1,1,2340.1
least_connections,2,100,1,16.209,26.33,0.993,0.993,22,0,9,22,102,92,83,0.007755,0.027803,0.01307,1,1,1,2340.1
least_connections,2,101,1,15.672,25.477,0.9923,0.9923,22,0,10,22,103,92,83,0.007448,0.0269,0.012668,1,1,1,2340.1
least_connections,2,102,11,15.672,25.477,0.991,0.991,22,0,10,22,106,99,84,0.007448,0.0269,0.012668,1,1,1,2340.1
least_connections,2,103,11,15.52,25.2,0.9926,0.9926,22,0,12,22,108,104,88,0.007406,0.026606,0.012549,1,1,1,2340.1
least_connections,2,104,1,15.955,25.859,0.9921,0.9921,22,0,14,22,109,104,88,0.00755,0.027284,0.013031,1,1,1,2340.1
least_connections,2,105,1,15.777,25.423,0.9929,0.9929,17,0,15,17,109,104,89,0.007689,0.026823,0.012819,1,1,1,2340.1
least_connections,2,106,1,15.606,25.292,0.9924,0.9924,17,0,16,17,110,104,89,0.007514,0.026702,0.012602,1,1,1,2340.1
least_connections,2,107,11,15.599,25.367,0.9912,0.9912,18,0,18,17,114,109,91,0.007414,0.026786,0.012596,1,1,1,2340.1
least_connections,2,108,11,15.599,25.367,0.9923,0.9923,18,0,18,17,117,113,95,0.007414,0.026786,0.012596,1,1,1,2340.1
least_connections,2,109,1,15.54,25.105,0.993,0.993,20,0,20,12,117,113,96,0.007549,0.026497,0.012573,1,1,1,2340.1
least_connections,2,110,1,15.751,25.155,0.9938,0.9938,21,0,21,12,117,113,97,0.007402,0.026463,0.013388,1,1,1,2340.1
least_connections,2,111,1,15.61,25.241,0.9944,0.9944,22,0,22,12,117,113,98,0.007529,0.026638,0.012664,1,1,1,2340.1
least_connections,2,112,1,15.611,25.312,0.9951,0.9951,23,0,23,8,117,113,99,0.007365,0.026706,0.012761,1,1,1,2340.1
least_connections,2,113,1,15.867,25.594,0.9947,0.9947,24,0,24,8,118,113,99,0.007821,0.02702,0.012761,1,1,1,2340.1
least_connections,2,114,1,16.274,25.716,0.9953,0.9953,24,0,24,8,118,113,100,0.007821,0.02702,0.013982,1,1,1,2340.1
least_connections,2,115,11,15.91,25.613,0.998,0.998,25,0,25,8,119,116,107,0.00747,0.026983,0.013278,1,1,1,2340.1
least_connections,2,116,1,15.75,25.695,0.9977,0.9977,27,0,27,8,120,116,107,0.00748,0.027147,0.012623,1,1,1,2340.1
least_connections,2,117,1,15.448,25.016,0.9975,0.9975,28,0,28,5,121,116,107,0.007379,0.0264,0.012565,1,1,1,2340.1
least_connections,2,118,1,15.574,25.4,0.9971,0.9971,29,0,29,5,122,116,107,0.007413,0.026836,0.012474,1,1,1,2340.1
least_connections,2,119,1,15.566,25.4,0.9968,0.9968,29,0,29,5,123,116,107,0.007389,0.026836,0.012474,1,1,1,2340.1
least_connections,2,120,1,15.813,25.309,0.9972,0.9987,30,0,30,5,123,116,108,0.007389,0.02663,0.01342,0,1,1,2340.1
least_connections,2,121,1,11.078,12.972,0.9976,0.999,30,0,30,0,123,116,109,0.00743,0.01299,0.012814,0,1,1,2340.1
least_connections,2,122,1,10.96,12.766,0.9979,0.9993,30,0,30,0,123,116,110,0.007487,0.012784,0.012608,0,1,1,2340.1
least_connections,2,123,0,10.816,12.569,0.9979,0.9993,30,0,30,0,123,116,110,0.007366,0.012505,0.012576,0,1,1,2340.1
least_connections,2,124,1,10.955,12.867,0.9976,0.9993,30,0,30,0,124,116,110,0.007447,0.012512,0.012906,0,1,1,2340.1
least_connections,2,125,1,10.938,12.873,0.9972,0.9993,30,0,30,0,125,116,110,0.007334,0.012573,0.012906,0,1,1,2340.1
least_connections,2,126,1,10.836,12.597,0.9968,0.9993,30,0,30,0,126,116,110,0.007334,0.012573,0.0126,0,1,1,2340.1
least_connections,2,127,1,10.92,12.763,0.9964,0.9993,30,0,30,0,127,116,110,0.007424,0.01255,0.012787,0,1,1,2340.1
least_connections,2,128,1,10.871,12.619,0.9965,0.999,30,0,30,0,127,117,110,0.007456,0.012527,0.012629,0,1,1,2340.1
least_connections,2,129,1,11.161,13.368,0.9961,0.999,30,0,30,0,128,117,110,0.007436,0.012592,0.013454,0,1,1,2340.1
least_connections,2,130,1,11.0,12.632,0.9956,0.999,30,0,30,0,129,117,110,0.007822,0.012535,0.012643,0,1,1,2340.1
least_connections,2,131,1,11.132,13.364,0.9961,0.9993,30,0,30,0,129,117,111,0.00742,0.012519,0.013458,0,1,1,2340.1
least_connections,2,132,1,11.132,13.364,0.9962,0.9991,30,0,30,0,129,118,111,0.00742,0.012519,0.013458,0,1,1,2340.1
least_connections,2,133,1,11.202,13.346,0.9966,0.9993,30,0,30,0,129,118,112,0.007409,0.013408,0.012788,0,1,1,2340.1
least_connections,2,134,1,11.02,12.76,0.9966,0.9991,30,0,30,0,129,119,112,0.007649,0.012638,0.012774,0,1,1,2340.1
least_connections,2,135,1,11.085,13.028,0.9962,0.9991,30,0,30,0,130,119,112,0.007505,0.013066,0.012685,0,1,1,2340.1
least_connections,2,136,1,10.952,12.74,0.9963,0.9988,30,0,30,0,130,120,112,0.007456,0.01275,0.012649,0,1,1,2340.1
least_connections,2,137,1,11.105,12.848,0.9959,0.9988,30,0,30,0,131,120,112,0.007754,0.012696,0.012865,0,1,1,2340.1
least_connections,2,138,1,10.994,12.848,0.9959,0.9985,30,0,30,0,131,121,112,0.007422,0.012696,0.012865,0,1,1,2340.1
least_connections,2,139,1,10.87,12.599,0.9955,0.9985,30,0,30,0,132,121,112,0.007422,0.012588,0.0126,0,1,1,2340.1
least_connections,2,140,1,11.226,13.414,0.9955,0.9982,30,0,30,0,132,122,112,0.007404,0.012791,0.013483,0,1,1,2340.1
least_connections,2,141,1,10.937,12.743,0.9956,0.9978,30,0,30,0,132,123,112,0.007387,0.012751,0.012673,0,1,1,2340.1
least_connections,2,142,1,10.973,12.714,0.9955,0.9974,30,0,30,0,132,124,112,0.007583,0.01261,0.012726,0,1,1,2340.1
least_connections,2,143,1,11.041,12.971,0.9951,0.9974,30,0,30,0,133,124,112,0.007414,0.013,0.012709,0,1,1,2340.1
least_connections,2,144,1,11.076,12.971,0.9951,0.997,30,0,30,0,133,125,112,0.007518,0.013,0.012709,0,1,1,2340.1
least_connections,2,145,1,10.962,12.763,0.9947,0.997,30,0,30,0,134,125,112,0.007518,0.012585,0.012783,0,1,1,2340.1
least_connections,2,146,1,11.065,12.925,0.9952,0.9975,30,0,30,0,134,125,113,0.007515,0.012732,0.012947,0,1,1,2340.1
least_connections,2,147,1,11.001,12.822,0.9952,0.9971,30,0,30,0,134,126,113,0.007431,0.012831,0.012742,0,1,1,2340.1
least_connections,2,148,1,11.128,13.093,0.9951,0.9966,30,0,30,0,134,127,113,0.00756,0.012687,0.013138,0,1,1,2340.1
least_connections,2,149,1,11.254,13.564,0.9956,0.9971,30,0,30,0,134,127,114,0.007433,0.012664,0.013664,0,1,1,2340.1
least_connections,2,150,1,11.281,13.574,0.9955,0.9955,30,0,30,0,134,128,114,0.007417,0.012762,0.013664,1,1,1,2340.1
least_connections,2,151,1,11.018,12.864,0.9954,0.9954,30,0,30,0,134,129,114,0.007417,0.012762,0.012875,1,1,1,2340.1
least_connections,2,152,11,15.574,20.518,0.9947,0.9947,30,1,30,0,140,131,117,0.021389,0.012675,0.012658,1,1,1,2340.1
least_connections,2,153,11,14.376,17.079,0.9946,0.9946,30,3,30,0,145,133,121,0.017542,0.012917,0.012668,1,1,1,2340.1
least_connections,2,154,1,14.107,16.319,0.9951,0.9951,28,5,28,0,145,133,122,0.016693,0.012676,0.012953,1,1,1,2340.1
least_connections,2,155,1,14.183,16.192,0.9955,0.9955,28,6,28,0,145,133,123,0.016535,0.013103,0.012912,1,1,1,2340.1
least_connections,2,156,11,14.183,16.192,0.9945,0.9945,28,6,28,0,150,137,125,0.016535,0.013103,0.012912,1,1,1,2340.1
least_connections,2,157,1,14.032,16.33,0.9941,0.9941,28,8,28,0,151,137,125,0.016729,0.01263,0.012736,1,1,1,2340.1
least_connections,2,158,10,13.94,15.953,0.9956,0.9956,24,10,24,0,153,140,130,0.016284,0.012979,0.012557,1,1,1,2340.1
least_connections,2,159,11,14.548,16.916,0.9961,0.9961,24,12,24,0,156,144,134,0.017274,0.01268,0.013689,1,1,1,2340.1
least_connections,2,160,1,14.098,15.899,0.9962,0.9962,24,13,24,0,156,145,134,0.016162,0.01353,0.012603,1,1,1,2340.1
least_connections,2,161,1,13.783,15.768,0.9962,0.9962,21,14,21,0,156,146,134,0.016117,0.01263,0.012603,1,1,1,2340.1
least_connections,2,162,11,13.858,15.788,0.9963,0.9963,21,14,21,0,159,151,137,0.016117,0.01263,0.012827,1,1,1,2340.1
least_connections,2,163,11,13.849,15.859,0.9958,0.9958,21,16,21,0,162,157,139,0.01621,0.012638,0.0127,1,1,1,2340.1
least_connections,2,164,1,13.835,15.591,0.9962,0.9962,21,18,21,0,162,157,140,0.015883,0.012659,0.012963,1,1,1,2340.1
least_connections,2,165,1,13.936,15.812,0.9966,0.9966,21,19,21,0,162,157,141,0.016132,0.012742,0.012935,1,1,1,2340.1
least_connections,2,166,1,13.683,15.532,0.997,0.997,20,20,15,0,162,157,142,0.015856,0.012572,0.012621,1,1,1,2340.1
least_connections,2,167,1,13.772,15.772,0.9973,0.9973,21,21,15,0,162,157,143,0.016122,0.012572,0.012621,1,1,1,2340.1
least_connections,2,168,1,13.818,15.778,0.9972,0.9972,21,21,15,0,162,158,143,0.016122,0.012678,0.012654,1,1,1,2340.1
least_connections,2,169,1,13.616,15.391,0.9971,0.9971,22,22,15,0,162,159,143,0.015704,0.012578,0.012566,1,1,1,2340.1
least_connections,2,170,11,14.281,16.281,0.9973,0.9973,23,23,10,0,166,162,147,0.016603,0.012854,0.013385,1,1,1,2340.1
least_connections,2,171,1,14.029,16.321,0.9972,0.9972,25,25,10,0,166,163,147,0.016715,0.012774,0.012598,1,1,1,2340.1
least_connections,2,172,1,13.855,15.856,0.9976,0.9976,26,26,10,0,166,163,148,0.016209,0.012675,0.012681,1,1,1,2340.1
least_connections,2,173,1,14.04,16.356,0.9978,0.9978,27,27,10,0,166,163,149,0.016764,0.012675,0.012681,1,1,1,2340.1
least_connections,2,174,1,14.007,16.355,0.9977,0.9977,27,27,10,0,166,164,149,0.016764,0.012585,0.012671,1,1,1,2340.1
least_connections,2,175,11,13.633,15.486,0.9977,0.9977,28,28,6,0,172,165,153,0.015811,0.012562,0.012525,1,1,1,2340.1
least_connections,2,176,1,13.689,15.614,0.9977,0.9977,30,30,6,0,172,166,153,0.015954,0.012558,0.012556,1,1,1,2340.1
least_connections,2,177,1,13.682,15.555,0.9979,0.9979,31,31,6,0,172,166,154,0.015882,0.012548,0.012615,1,1,1,2340.1
least_connections,2,178,1,13.776,15.473,0.9982,0.9982,32,32,2,0,172,166,155,0.015743,0.012542,0.013044,1,1,1,2340.1
least_connections,2,179,1,13.825,15.53,0.9984,0.9984,33,33,2,0,172,166,156,0.015806,0.012626,0.013044,1,1,1,2340.1
least_connections,3,0,0,15.348,24.732,1.0,1.0,0,0,0,0,0,0,0,0.007434,0.012523,0.026088,1,1,1,2334.5
least_connections,3,1,1,15.58,25.331,0.3333,0.3333,37,37,0,3,1,0,0,0.007424,0.012565,0.02675,1,1,1,2334.5
least_connections,3,2,11,15.568,25.309,0.96,0.96,37,37,0,5,5,3,4,0.007417,0.012563,0.026725,1,1,1,2334.5
least_connections,3,3,1,15.662,25.206,0.9883,0.9883,37,37,0,6,5,4,4,0.007441,0.012982,0.026564,1,1,1,2334.5
least_connections,3,4,1,15.564,25.302,0.9608,0.9608,37,37,0,7,6,4,4,0.007403,0.012572,0.026716,1,1,1,2334.5
least_connections,3,5,1,15.654,25.32,0.974,0.974,37,37,0,7,6,5,4,0.007493,0.012754,0.026716,1,1,1,2334.5
least_connections,3,6,1,15.478,24.843,0.9481,0.9481,37,37,0,8,7,5,4,0.007493,0.012754,0.026186,1,1,1,2334.5
least_connections,3,7,1,15.414,24.834,0.9175,0.9175,37,37,0,9,8,5,4,0.007497,0.012545,0.026199,1,1,1,2334.5
least_connections,3,8,1,15.681,25.095,0.931,0.931,37,37,0,10,8,6,4,0.007673,0.012922,0.026448,1,1,1,2334.5
least_connections,3,9,11,15.391,24.755,0.9633,0.9633,37,37,0,12,11,11,7,0.007457,0.012612,0.026104,1,1,1,2334.5
least_connections,3,10,1,15.569,24.766,0.9554,0.9554,37,37,0,13,11,12,7,0.007787,0.012829,0.026092,1,1,1,2334.5
least_connections,3,11,1,15.367,24.741,0.9449,0.9449,37,37,0,13,11,13,7,0.007422,0.012586,0.026092,1,1,1,2334.5
least_connections,3,12,11,15.408,24.852,0.9484,0.9484,37,37,0,14,14,18,10,0.007422,0.012586,0.026215,1,1,1,2334.5
least_connections,3,13,1,15.464,24.82,0.9497,0.9497,37,37,0,16,15,18,10,0.007388,0.012853,0.02615,1,1,1,2334.5
least_connections,3,14,11,15.97,25.285,0.9858,0.9858,37,37,0,17,17,21,16,0.007472,0.013887,0.026551,1,1,1,2334.5
least_connections,3,15,1,15.67,25.396,0.9876,0.9876,37,37,0,19,18,21,16,0.007455,0.012755,0.026801,1,1,1,2334.5
least_connections,3,16,11,15.642,25.462,0.9986,0.9986,37,37,0,21,22,23,21,0.007445,0.012589,0.026892,1,1,1,2334.5
least_connections,3,17,1,15.673,25.462,0.9969,0.9969,37,37,0,21,22,24,21,0.007539,0.012589,0.026892,1,1,1,2334.5
least_connections,3,18,11,15.756,25.123,0.999,0.999,37,37,0,22,25,27,26,0.007539,0.013292,0.026438,1,1,1,2334.5
least_connections,3,19,1,15.59,25.188,0.9978,0.9978,37,37,0,24,25,28,26,0.00748,0.012717,0.026574,1,1,1,2334.5
least_connections,3,20,11,16.028,25.323,0.9912,0.9912,37,37,0,25,26,32,32,0.007469,0.014038,0.026577,1,1,1,2334.5
least_connections,3,21,1,15.465,24.972,0.994,0.994,37,37,0,27,27,32,32,0.007434,0.012616,0.026345,1,1,1,2334.5
least_connections,3,22,11,15.753,25.246,0.996,0.996,37,37,0,29,32,33,37,0.007642,0.013013,0.026605,1,1,1,2334.5
least_connections,3,23,11,15.753,25.246,0.9952,0.9952,37,37,0,29,34,39,40,0.007642,0.013013,0.026605,1,1,1,2334.5
least_connections,3,24,0,15.714,25.071,0.9952,0.9952,37,37,0,31,34,39,40,0.007372,0.013402,0.026368,1,1,1,2334.5
least_connections,3,25,1,15.451,24.732,0.9945,0.9945,37,37,0,32,34,40,40,0.007408,0.012898,0.026047,1,1,1,2334.5
least_connections,3,26,1,15.445,24.852,0.9962,0.9962,37,37,0,33,35,40,40,0.007409,0.012727,0.026199,1,1,1,2334.5
least_connections,3,27,11,15.57,25.188,0.9974,0.9974,37,37,0,35,40,41,45,0.007475,0.012656,0.02658,1,1,1,2334.5
least_connections,3,28,1,15.401,24.839,0.9976,0.9976,37,37,0,36,40,42,45,0.007391,0.012613,0.026198,1,1,1,2334.5
least_connections,3,29,11,15.433,24.839,0.9978,0.9978,36,32,0,36,44,45,49,0.007488,0.012613,0.026198,1,1,1,2334.5
least_connections,3,30,11,15.378,24.688,0.9913,0.9913,38,32,0,38,48,45,56,0.007488,0.012617,0.026029,1,1,1,2334.5
least_connections,3,31,11,15.527,25.186,0.9849,0.9849,40,32,0,40,52,46,62,0.00735,0.012653,0.026579,1,1,1,2334.5
least_connections,3,32,1,15.563,25.105,0.9853,0.9853,42,32,0,42,53,46,62,0.007417,0.0128,0.026472,1,1,1,2334.5
least_connections,3,33,1,16.261,26.08,0.9856,0.9856,43,26,0,43,54,46,62,0.008417,0.012811,0.027554,1,1,1,2334.5
least_connections,3,34,11,15.479,24.792,0.9763,0.9763,45,26,0,45,57,47,69,0.007357,0.012976,0.026105,1,1,1,2334.5
least_connections,3,35,11,15.504,24.792,0.9709,0.9709,45,26,0,45,62,48,74,0.007432,0.012976,0.026105,1,1,1,2334.5
least_connections,3,36,11,15.415,24.863,0.97,0.97,47,26,0,47,65,51,79,0.007432,0.012585,0.026227,1,1,1,2334.5
least_connections,3,37,11,15.758,25.592,0.969,0.969,49,26,0,49,70,53,83,0.007629,0.012612,0.027034,1,1,1,2334.5
least_connections,3,38,1,15.692,25.377,0.9713,0.9713,51,21,0,51,70,54,83,0.007494,0.012808,0.026774,1,1,1,2334.5
least_connections,3,39,1,15.624,25.461,0.9735,0.9735,52,21,0,52,70,55,83,0.007403,0.012577,0.026893,1,1,1,2334.5
least_connections,3,40,1,15.736,25.093,0.9756,0.9756,53,21,0,53,70,56,83,0.007759,0.013014,0.026435,1,1,1,2334.5
least_connections,3,41,1,15.81,25.15,0.9757,0.9757,53,17,0,53,71,56,83,0.007411,0.013585,0.026435,1,1,1,2334.5
least_connections,3,42,11,15.897,25.385,0.9763,0.9763,54,17,0,54,75,59,87,0.007411,0.013585,0.026696,1,1,1,2334.5
least_connections,3,43,11,15.537,25.246,0.975,0.975,56,17,0,56,80,61,91,0.007375,0.012584,0.026653,1,1,1,2334.5
least_connections,3,44,1,16.019,25.492,0.9749,0.9749,58,17,0,58,81,61,91,0.008483,0.012657,0.026918,1,1,1,2334.5
least_connections,3,45,0,15.435,24.851,0.9749,0.9749,59,13,0,59,81,61,91,0.007499,0.012592,0.026213,1,1,1,2334.5
least_connections,3,46,1,15.561,25.228,0.9768,0.9768,60,13,0,60,81,62,91,0.007446,0.012606,0.02663,1,1,1,2334.5
least_connections,3,47,1,15.517,25.219,0.9786,0.9786,60,13,0,60,81,63,91,0.007401,0.012521,0.02663,1,1,1,2334.5
least_connections,3,48,1,15.305,24.646,0.9803,0.9803,61,13,0,61,81,64,91,0.007401,0.012521,0.025993,1,1,1,2334.5
least_connections,3,49,1,15.594,25.319,0.9802,0.9802,62,13,0,62,82,64,91,0.007411,0.012642,0.026728,1,1,1,2334.5
least_connections,3,50,11,15.535,25.183,0.9837,0.9837,64,9,0,64,87,68,93,0.007427,0.012596,0.026582,1,1,1,2334.5
least_connections,3,51,1,15.442,24.918,0.9851,0.9851,65,9,0,65,87,69,93,0.007362,0.012688,0.026277,1,1,1,2334.5
least_connections,3,52,11,15.466,24.857,0.9837,0.9837,67,9,0,67,89,72,99,0.007403,0.012799,0.026197,1,1,1,2334.5
least_connections,3,53,1,15.951,25.444,0.9851,0.9851,68,5,0,68,89,73,99,0.007657,0.013415,0.02678,1,1,1,2334.5
least_connections,3,54,11,15.951,25.444,0.9864,0.9864,68,5,0,68,92,77,103,0.007657,0.013415,0.02678,1,1,1,2334.5
least_connections,3,55,11,15.451,24.865,0.9875,0.9875,70,5,0,70,95,81,107,0.007476,0.012654,0.026222,1,1,1,2334.5
least_connections,3,56,11,15.74,24.842,0.9875,0.9875,72,5,0,72,99,84,111,0.007745,0.013358,0.026118,1,1,1,2334.5
least_connections,3,57,1,15.561,24.882,0.9885,0.9885,74,5,0,74,99,85,111,0.007783,0.012661,0.02624,1,1,1,2334.5
least_connections,3,58,1,15.479,24.943,0.9885,0.9885,75,0,0,75,100,85,111,0.007553,0.012565,0.026318,1,1,1,2334.5
least_connections,3,59,11,15.419,24.811,0.99,0.99,77,0,0,77,104,89,114,0.007549,0.012531,0.026176,1,1,1,2334.5
least_connections,3,60,1,15.386,24.811,0.9909,0.9979,77,0,0,77,104,90,114,0.00745,0.012531,0.026176,1,0,1,2334.5
least_connections,3,61,1,10.865,12.608,0.9917,0.9979,77,0,0,77,104,91,114,0.00745,0.012617,0.012529,1,0,1,2334.5
least_connections,3,62,1,11.087,13.083,0.9917,0.9983,74,0,0,74,105,91,114,0.007474,0.013131,0.012655,1,0,1,2334.5
least_connections,3,63,1,11.421,13.795,0.9911,0.9979,74,0,0,74,105,91,115,0.007486,0.013897,0.012881,1,0,1,2334.5
least_connections,3,64,1,11.27,13.228,0.9919,0.9979,74,0,0,74,105,92,115,0.00751,0.013054,0.013247,1,0,1,2334.5
least_connections,3,65,1,10.961,12.723,0.9926,0.9979,70,0,0,70,105,93,115,0.007473,0.012682,0.012728,1,0,1,2334.5
least_connections,3,66,1,10.961,12.723,0.992,0.9975,70,0,0,70,105,93,116,0.007473,0.012682,0.012728,1,0,1,2334.5
least_connections,3,67,1,11.313,13.232,0.9927,0.9975,70,0,0,70,105,94,116,0.007711,0.013262,0.012967,1,0,1,2334.5
least_connections,3,68,1,10.951,12.682,0.9928,0.998,70,0,0,70,106,94,116,0.007526,0.012686,0.012642,1,0,1,2334.5
least_connections,3,69,1,10.947,12.704,0.9935,0.998,70,0,0,70,106,95,116,0.007494,0.012634,0.012712,1,0,1,2334.5
least_connections,3,70,1,11.123,13.122,0.9929,0.9976,65,0,0,65,106,95,117,0.007483,0.013167,0.01272,1,0,1,2334.5
least_connections,3,71,1,11.029,12.699,0.9923,0.9971,65,0,0,65,106,95,118,0.007853,0.012514,0.01272,1,0,1,2334.5
least_connections,3,72,1,11.24,13.269,0.9923,0.9976,65,0,0,65,107,95,118,0.007853,0.012514,0.013353,1,0,1,2334.5
least_connections,3,73,1,11.201,13.042,0.9917,0.9972,65,0,0,65,107,95,119,0.007568,0.013048,0.012988,1,0,1,2334.5
least_connections,3,74,0,11.474,13.733,0.9917,0.9972,61,0,0,61,107,95,119,0.007779,0.013836,0.012807,1,0,1,2334.5
least_connections,3,75,1,10.891,12.621,0.991,0.9967,61,0,0,61,107,95,120,0.00749,0.012629,0.012554,1,0,1,2334.5
least_connections,3,76,1,11.015,12.883,0.9904,0.9962,61,0,0,61,107,95,121,0.007456,0.012905,0.012685,1,0,1,2334.5
least_connections,3,77,1,11.332,13.725,0.9896,0.9957,61,0,0,61,107,95,122,0.007471,0.013841,0.012685,1,0,1,2334.5
least_connections,3,78,1,11.31,13.719,0.9889,0.9952,61,0,0,61,107,95,123,0.007471,0.013841,0.012619,1,0,1,2334.5
least_connections,3,79,1,10.982,12.75,0.9882,0.9946,55,0,0,55,107,95,124,0.007495,0.012696,0.012756,1,0,1,2334.5
least_connections,3,80,1,10.939,12.685,0.9883,0.9953,55,0,0,55,108,95,124,0.00746,0.012687,0.012671,1,0,1,2334.5
least_connections,3,81,1,11.031,12.886,0.9884,0.9959,55,0,0,55,109,95,124,0.007532,0.012912,0.01265,1,0,1,2334.5
least_connections,3,82,1,10.872,12.564,0.9885,0.9964,50,0,0,50,110,95,124,0.007492,0.012564,0.01256,1,0,1,2334.5
least_connections,3,83,1,10.861,12.615,0.9878,0.9959,50,0,0,50,110,95,125,0.007402,0.012621,0.01256,1,0,1,2334.5
least_connections,3,84,1,10.834,12.607,0.9878,0.9965,50,0,0,50,111,95,125,0.007402,0.012621,0.012479,1,0,1,2334.5
least_connections,3,85,1,10.941,12.634,0.9887,0.9965,50,0,0,50,111,96,125,0.007566,0.012636,0.01262,1,0,1,2334.5
least_connections,3,86,1,10.997,12.769,0.9895,0.9965,45,0,0,45,111,97,125,0.007633,0.012791,0.012567,1,0,1,2334.5
least_connections,3,87,1,10.994,12.645,0.9903,0.9965,45,0,0,45,111,98,125,0.007727,0.012649,0.012606,1,0,1,2334.5
least_connections,3,88,1,10.855,12.617,0.9896,0.996,45,0,0,45,111,98,126,0.00742,0.012517,0.012628,1,0,1,2334.5
least_connections,3,89,1,11.084,12.796,0.9904,0.996,45,0,0,45,111,99,126,0.007792,0.012812,0.012648,1,0,1,2334.5
least_connections,3,90,1,10.983,12.796,0.9911,0.9911,45,0,0,45,111,100,126,0.00749,0.012812,0.012648,1,1,1,2334.5
least_connections,3,91,1,11.313,13.632,0.9912,0.9912,38,0,0,38,112,100,126,0.00749,0.013734,0.012716,1,1,1,2334.5
least_connections,3,92,1,16.945,28.964,0.9905,0.9905,38,0,1,38,112,100,127,0.007467,0.030784,0.012583,1,1,1,2334.5
least_connections,3,93,1,15.95,25.553,0.9899,0.9899,38,0,2,38,112,100,128,0.007407,0.026886,0.013556,1,1,1,2334.5
least_connections,3,94,1,15.523,25.089,0.9892,0.9892,33,0,3,33,112,100,129,0.007486,0.026476,0.012606,1,1,1,2334.5
least_connections,3,95,1,15.583,25.051,0.9884,0.9884,33,0,4,33,112,100,130,0.007439,0.0264,0.01291,1,1,1,2334.5
least_connections,3,96,1,15.583,25.051,0.9886,0.9886,33,0,4,33,113,100,130,0.007439,0.0264,0.01291,1,1,1,2334.5
least_connections,3,97,1,15.418,24.865,0.9879,0.9879,33,0,5,33,113,100,131,0.007426,0.026228,0.012599,1,1,1,2334.5
least_connections,3,98,1,15.5,25.017,0.988,0.988,33,0,6,33,114,100,131,0.007429,0.026387,0.012683,1,1,1,2334.5
least_connections,3,99,1,15.688,25.378,0.9873,0.9873,26,0,7,26,114,100,132,0.007685,0.0268,0.012579,1,1,1,2334.5
least_connections,3,100,1,15.466,25.009,0.9874,0.9874,26,0,8,26,115,100,132,0.007424,0.02639,0.012583,1,1,1,2334.5
least_connections,3,101,11,15.391,24.878,0.9866,0.9866,26,0,10,26,118,103,137,0.007334,0.026243,0.012595,1,1,1,2334.5
least_connections,3,102,1,15.431,24.878,0.9867,0.9867,26,0,10,26,119,103,137,0.007455,0.026243,0.012595,1,1,1,2334.5
least_connections,3,103,11,15.538,25.211,0.9852,0.9852,23,0,11,23,123,105,142,0.007455,0.026619,0.01254,1,1,1,2334.5
least_connections,3,104,11,15.782,25.503,0.9875,0.9875,23,0,13,23,126,110,145,0.00742,0.026888,0.013038,1,1,1,2334.5
least_connections,3,105,1,15.685,25.441,0.9876,0.9876,23,0,15,23,127,110,145,0.007407,0.026845,0.012802,1,1,1,2334.5
least_connections,3,106,1,15.537,25.187,0.9876,0.9876,23,0,16,23,128,110,145,0.007443,0.026588,0.01258,1,1,1,2334.5
least_connections,3,107,1,15.941,24.817,0.9877,0.9877,17,0,17,17,129,110,145,0.008222,0.026071,0.01353,1,1,1,2334.5
least_connections,3,108,1,15.658,24.817,0.9877,0.9877,17,0,17,17,130,110,145,0.007374,0.026071,0.01353,1,1,1,2334.5
least_connections,3,109,1,15.353,24.736,0.9877,0.9877,18,0,18,17,131,110,145,0.007374,0.026085,0.012599,1,1,1,2334.5
least_connections,3,110,0,15.377,24.841,0.9877,0.9877,19,0,19,17,131,110,145,0.007435,0.026214,0.012481,1,1,1,2334.5
least_connections,3,111,1,15.537,24.929,0.9871,0.9871,20,0,20,13,131,110,146,0.007691,0.026296,0.012624,1,1,1,2334.5
least_connections,3,112,11,15.62,25.073,0.9878,0.9878,22,0,22,13,134,114,150,0.007656,0.026441,0.012762,1,1,1,2334.5
least_connections,3,113,1,15.672,25.193,0.9872,0.9872,23,0,23,13,134,114,151,0.007407,0.02654,0.013068,1,1,1,2334.5
least_connections,3,114,1,15.776,25.193,0.9873,0.9873,23,0,23,13,135,114,151,0.00772,0.02654,0.013068,1,1,1,2334.5
least_connections,3,115,1,15.627,25.191,0.9872,0.9872,24,0,24,8,136,114,151,0.00772,0.026594,0.012568,1,1,1,2334.5
least_connections,3,116,1,15.558,24.872,0.9867,0.9867,25,0,25,8,136,114,152,0.007419,0.026183,0.013071,1,1,1,2334.5
least_connections,3,117,1,15.5,25.034,0.9861,0.9861,26,0,26,8,136,114,153,0.00745,0.026411,0.012639,1,1,1,2334.5
least_connections,3,118,11,15.517,25.128,0.9874,0.9874,28,0,28,8,140,118,156,0.007429,0.02652,0.012603,1,1,1,2334.5
least_connections,3,119,1,15.385,24.813,0.9869,0.9869,29,0,29,2,140,118,157,0.007411,0.026174,0.012569,1,1,1,2334.5
least_connections,3,120,1,15.441,24.849,0.9869,0.9803,30,0,30,2,141,118,157,0.007436,0.0262,0.012687,0,1,1,2334.5
least_connections,3,121,1,15.441,24.849,0.9876,0.9814,30,0,30,2,141,119,157,0.007436,0.0262,0.012687,0,1,1,2334.5
least_connections,3,122,1,10.893,12.679,0.9883,0.9825,30,0,30,2,141,120,157,0.007422,0.012692,0.012564,0,1,1,2334.5
least_connections,3,123,1,11.266,13.518,0.9878,0.9817,30,0,30,0,141,120,158,0.007677,0.013632,0.012489,0,1,1,2334.5
least_connections,3,124,1,10.916,12.604,0.9885,0.9827,30,0,30,0,141,121,158,0.00762,0.012614,0.012513,0,1,1,2334.5
least_connections,3,125,1,10.875,12.611,0.9879,0.9819,30,0,30,0,141,121,159,0.007417,0.012613,0.012596,0,1,1,2334.5
least_connections,3,126,1,10.881,12.623,0.9873,0.9811,30,0,30,0,141,121,160,0.007426,0.012626,0.012592,0,1,1,2334.5
least_connections,3,127,1,10.871,12.623,0.9874,0.9811,30,0,30,0,142,121,160,0.007396,0.012626,0.012592,0,1,1,2334.5
least_connections,3,128,1,10.898,12.688,0.9868,0.9803,30,0,30,0,142,121,161,0.007396,0.012697,0.012602,0,1,1,2334.5
least_connections,3,129,1,10.861,12.603,0.9875,0.9814,30,0,30,0,142,122,161,0.007408,0.012567,0.012607,0,1,1,2334.5
least_connections,3,130,1,10.9,12.65,0.9876,0.9814,30,0,30,0,143,122,161,0.007419,0.012628,0.012653,0,1,1,2334.5
least_connections,3,131,1,10.901,12.63,0.9882,0.9824,30,0,30,0,143,123,161,0.007539,0.012642,0.012522,0,1,1,2334.5
least_connections,3,132,1,10.968,12.831,0.9883,0.9824,30,0,30,0,144,123,161,0.007431,0.012855,0.012617,0,1,1,2334.5
least_connections,3,133,1,10.849,12.613,0.9883,0.9824,30,0,30,0,145,123,161,0.007353,0.012578,0.012617,0,1,1,2334.5
least_connections,3,134,1,10.805,12.569,0.9883,0.9824,30,0,30,0,146,123,161,0.007353,0.012578,0.012485,0,1,1,2334.5
least_connections,3,135,1,10.847,12.581,0.9877,0.9816,30,0,30,0,146,123,162,0.007414,0.012586,0.01254,0,1,1,2334.5
least_connections,3,136,1,10.854,12.599,0.9877,0.9816,30,0,30,0,147,123,162,0.007432,0.012522,0.012608,0,1,1,2334.5
least_connections,3,137,1,10.863,12.579,0.9877,0.9816,30,0,30,0,148,123,162,0.007472,0.012584,0.012533,0,1,1,2334.5
least_connections,3,138,1,10.855,12.604,0.9876,0.9816,30,0,30,0,149,123,162,0.00739,0.012567,0.012608,0,1,1,2334.5
least_connections,3,139,1,10.886,12.737,0.9875,0.9816,30,0,30,0,150,123,162,0.007357,0.012544,0.012758,0,1,1,2334.5
least_connections,3,140,1,10.915,12.737,0.9874,0.9816,30,0,30,0,151,123,162,0.007444,0.012544,0.012758,0,1,1,2334.5
least_connections,3,141,1,10.828,12.549,0.9869,0.9808,30,0,30,0,151,123,163,0.007444,0.012483,0.012556,0,1,1,2334.5
least_connections,3,142,1,11.35,13.426,0.9877,0.9819,30,0,30,0,151,124,163,0.007713,0.012846,0.013491,0,1,1,2334.5
least_connections,3,143,1,11.033,12.84,0.9876,0.9819,30,0,30,0,152,124,163,0.007431,0.012826,0.012842,0,1,1,2334.5
least_connections,3,144,1,11.004,12.821,0.9871,0.9811,30,0,30,0,152,124,164,0.007604,0.01285,0.012559,0,1,1,2334.5
least_connections,3,145,1,10.882,12.6,0.987,0.9811,30,0,30,0,153,124,164,0.007451,0.012593,0.012601,0,1,1,2334.5
least_connections,3,146,1,11.274,13.671,0.9869,0.9811,30,0,30,0,154,124,164,0.007451,0.013793,0.012578,0,1,1,2334.5
least_connections,3,147,1,11.315,13.671,0.9864,0.9803,30,0,30,0,154,124,165,0.007573,0.013793,0.012578,0,1,1,2334.5
least_connections,3,148,1,10.889,12.553,0.9863,0.9803,30,0,30,0,155,124,165,0.007573,0.012554,0.01254,0,1,1,2334.5
least_connections,3,149,0,10.957,12.821,0.9863,0.9803,30,0,30,0,155,124,165,0.007434,0.012847,0.01259,0,1,1,2334.5
least_connections,3,150,2,10.867,12.616,0.9857,0.9857,30,0,30,0,156,124,166,0.007389,0.012619,0.012593,1,1,1,2334.5
least_connections,3,151,0,15.078,19.105,0.9857,0.9857,30,1,30,0,156,124,166,0.019802,0.012595,0.012837,1,1,1,2334.5
least_connections,3,152,11,13.693,15.634,0.9877,0.9877,30,3,30,0,159,129,169,0.015974,0.012575,0.012529,1,1,1,2334.5
least_connections,3,153,1,13.59,15.356,0.9884,0.9884,30,4,30,0,159,130,169,0.015665,0.012575,0.012529,1,1,1,2334.5
least_connections,3,154,11,14.506,15.548,0.9861,0.9861,30,4,30,0,163,131,175,0.015665,0.014497,0.013355,1,1,1,2334.5
least_connections,3,155,1,13.724,15.575,0.9868,0.9868,30,6,30,0,163,132,175,0.015893,0.012709,0.01257,1,1,1,2334.5
least_connections,3,156,1,13.722,15.442,0.9864,0.9864,26,7,26,0,163,132,176,0.015732,0.012836,0.012599,1,1,1,2334.5
least_connections,3,157,1,13.769,15.698,0.9859,0.9859,26,8,26,0,163,132,177,0.016023,0.012773,0.01251,1,1,1,2334.5
least_connections,3,158,11,14.024,16.357,0.9843,0.9843,26,10,26,0,166,134,183,0.016758,0.012571,0.012743,1,1,1,2334.5
least_connections,3,159,1,13.915,15.693,0.9838,0.9838,23,11,23,0,166,134,184,0.015991,0.013011,0.012743,1,1,1,2334.5
least_connections,3,160,11,13.867,15.693,0.9869,0.9869,23,11,23,0,169,140,186,0.015991,0.013011,0.012599,1,1,1,2334.5
least_connections,3,161,1,14.014,15.507,0.9865,0.9865,23,13,23,0,169,140,187,0.015763,0.013077,0.013201,1,1,1,2334.5
least_connections,3,162,11,14.155,16.746,0.986,0.986,23,14,23,0,172,143,192,0.017199,0.012596,0.012671,1,1,1,2334.5
least_connections,3,163,1,13.714,15.394,0.9867,0.9867,23,16,23,0,172,144,192,0.015674,0.012873,0.012595,1,1,1,2334.5
least_connections,3,164,11,13.692,15.42,0.9881,0.9881,18,18,18,0,177,148,194,0.015716,0.012753,0.012608,1,1,1,2334.5
least_connections,3,165,11,13.789,15.796,0.9889,0.9889,20,20,18,0,184,151,195,0.01615,0.01261,0.012608,1,1,1,2334.5
least_connections,3,166,11,13.959,15.847,0.9888,0.9888,20,20,18,0,188,154,199,0.01615,0.01261,0.013116,1,1,1,2334.5
least_connections,3,167,11,13.76,15.793,0.9882,0.9882,22,22,18,0,194,156,202,0.01615,0.012579,0.012551,1,1,1,2334.5
least_connections,3,168,1,13.659,15.387,0.9888,0.9888,24,24,13,0,194,157,202,0.01568,0.012548,0.012749,1,1,1,2334.5
least_connections,3,169,11,13.754,15.769,0.9905,0.9905,25,25,13,0,199,162,203,0.016123,0.01256,0.01258,1,1,1,2334.5
least_connections,3,170,1,13.643,15.477,0.9902,0.9902,27,27,13,0,199,162,204,0.0158,0.012571,0.012557,1,1,1,2334.5
least_connections,3,171,1,13.959,15.541,0.9899,0.9899,28,28,13,0,199,162,205,0.015774,0.013446,0.012657,1,1,1,2334.5
least_connections,3,172,1,13.66,15.468,0.9898,0.9898,29,29,9,0,200,162,205,0.015787,0.012596,0.012596,1,1,1,2334.5
least_connections,3,173,10,13.66,15.468,0.9905,0.9905,29,29,9,0,202,166,209,0.015787,0.012596,0.012596,1,1,1,2334.5
least_connections,3,174,1,13.742,15.603,0.991,0.991,31,31,9,0,202,167,209,0.015921,0.012745,0.012559,1,1,1,2334.5
least_connections,3,175,1,13.797,15.932,0.9907,0.9907,32,32,9,0,202,167,210,0.016304,0.01258,0.012506,1,1,1,2334.5
least_connections,3,176,11,13.683,15.564,0.9921,0.9921,34,34,5,0,207,172,211,0.015894,0.012561,0.012595,1,1,1,2334.5
least_connections,3,177,1,13.624,15.485,0.9926,0.9926,35,35,5,0,207,173,211,0.015808,0.012484,0.012579,1,1,1,2334.5
least_connections,3,178,11,13.623,15.484,0.993,0.993,37,37,5,0,210,177,215,0.015807,0.012484,0.012579,1,1,1,2334.5
least_connections,3,179,1,13.644,15.486,0.9928,0.9928,37,37,5,0,210,177,216,0.015807,0.012526,0.012598,1,1,1,2334.5
hash_based,1,0,0,15.59,25.337,1.0,1.0,0,0,0,0,0,0,0,0.00741,0.012608,0.026751,1,1,1,2068.7
hash_based,1,1,1,15.461,25.014,0.3333,0.3333,42,42,0,3,1,0,0,0.007395,0.012593,0.026394,1,1,1,2068.7
hash_based,1,2,1,15.459,25.014,0.6667,0.6667,42,42,0,3,1,1,0,0.00739,0.012593,0.026394,1,1,1,2068.7
hash_based,1,3,1,15.413,24.866,0.6,0.6,42,42,0,4,2,1,0,0.00739,0.012622,0.026226,1,1,1,2068.7
hash_based,1,4,1,15.47,25.055,0.6667,0.6667,42,42,0,5,2,2,0,0.007412,0.012554,0.026444,1,1,1,2068.7
hash_based,1,5,1,15.62,25.285,0.641,0.641,42,42,0,6,3,2,0,0.007585,0.012578,0.026697,1,1,1,2068.7
hash_based,1,6,1,15.735,24.75,0.6667,0.6667,42,42,0,7,3,3,0,0.007797,0.013397,0.026012,1,1,1,2068.7
hash_based,1,7,1,15.718,24.972,0.6533,0.6533,42,42,0,8,4,3,0,0.008221,0.012585,0.026348,1,1,1,2068.7
hash_based,1,8,1,15.47,24.972,0.6275,0.6275,42,42,0,8,5,3,0,0.007476,0.012585,0.026348,1,1,1,2068.7
hash_based,1,9,1,15.501,24.832,0.6585,0.6585,42,42,0,9,5,4,0,0.007476,0.012864,0.026162,1,1,1,2068.7
hash_based,1,10,1,15.503,25.196,0.641,0.641,42,42,0,10,6,4,0,0.007358,0.01255,0.026601,1,1,1,2068.7
hash_based,1,11,1,15.49,25.149,0.6205,0.6205,42,42,0,11,7,4,0,0.007351,0.012572,0.026547,1,1,1,2068.7
hash_based,1,12,1,15.543,25.161,0.6486,0.6486,42,42,0,12,7,5,0,0.007464,0.01261,0.026556,1,1,1,2068.7
hash_based,1,13,1,15.727,25.638,0.6627,0.6627,42,42,0,13,7,6,0,0.007481,0.012616,0.027085,1,1,1,2068.7
hash_based,1,14,1,15.719,25.638,0.6533,0.6533,42,42,0,13,8,6,0,0.007455,0.012616,0.027085,1,1,1,2068.7
hash_based,1,15,1,15.627,25.012,0.641,0.641,42,42,0,14,9,6,0,0.007455,0.01309,0.026337,1,1,1,2068.7
hash_based,1,16,1,15.814,25.64,0.6564,0.6564,42,42,0,15,9,7,0,0.007505,0.012879,0.027058,1,1,1,2068.7
hash_based,1,17,1,15.776,25.52,0.6465,0.6465,42,42,0,16,10,7,0,0.00777,0.012601,0.026956,1,1,1,2068.7
hash_based,1,18,1,15.64,25.282,0.6585,0.6585,42,42,0,17,10,8,0,0.007488,0.012757,0.026674,1,1,1,2068.7
hash_based,1,19,11,15.424,24.847,0.8899,0.8899,42,42,0,19,13,11,5,0.007422,0.012647,0.026203,1,1,1,2068.7
hash_based,1,20,1,15.424,24.847,0.8772,0.8772,42,42,0,19,14,11,5,0.007422,0.012647,0.026203,1,1,1,2068.7
hash_based,1,21,1,15.58,25.211,0.8776,0.8776,42,42,0,20,14,12,5,0.007554,0.012571,0.026615,1,1,1,2068.7
hash_based,1,22,1,15.578,25.144,0.8663,0.8663,42,42,0,21,15,12,5,0.007431,0.012786,0.026517,1,1,1,2068.7
hash_based,1,23,1,15.522,25.282,0.8541,0.8541,42,42,0,22,16,12,5,0.007333,0.012534,0.026699,1,1,1,2068.7
hash_based,1,24,11,15.6,25.276,0.9575,0.9575,42,42,0,24,19,13,12,0.007327,0.012811,0.026661,1,1,1,2068.7
hash_based,1,25,1,15.33,24.749,0.9467,0.9467,42,42,0,25,20,13,12,0.007399,0.012478,0.026112,1,1,1,2068.7
hash_based,1,26,1,15.33,24.749,0.9355,0.9355,42,42,0,25,21,13,12,0.007399,0.012478,0.026112,1,1,1,2068.7
hash_based,1,27,1,15.437,24.959,0.9239,0.9239,42,42,0,26,22,13,12,0.00738,0.012598,0.026332,1,1,1,2068.7
hash_based,1,28,1,15.539,25.053,0.9121,0.9121,39,39,0,27,23,13,12,0.007411,0.012791,0.026416,1,1,1,2068.7
hash_based,1,29,11,15.455,24.96,0.9503,0.9503,39,39,0,28,26,17,16,0.007415,0.012619,0.026331,1,1,1,2068.7
hash_based,1,30,1,15.441,24.833,0.9419,0.9419,39,39,0,30,27,17,16,0.007397,0.012749,0.026176,1,1,1,2068.7
hash_based,1,31,1,15.455,25.035,0.9475,0.9475,35,35,0,31,27,18,16,0.007418,0.012522,0.026425,1,1,1,2068.7
hash_based,1,32,1,15.455,25.035,0.9394,0.9394,35,35,0,31,28,18,16,0.007418,0.012522,0.026425,1,1,1,2068.7
hash_based,1,33,1,15.528,25.11,0.931,0.931,35,35,0,32,29,18,16,0.007468,0.012618,0.026498,1,1,1,2068.7
hash_based,1,34,11,15.532,25.007,0.9567,0.9567,35,35,0,33,32,22,20,0.007642,0.012563,0.02639,1,1,1,2068.7
hash_based,1,35,0,15.409,24.858,0.9567,0.9567,35,35,0,35,32,22,20,0.007424,0.012582,0.026222,1,1,1,2068.7
hash_based,1,36,1,15.51,24.966,0.9503,0.9503,36,29,0,36,33,22,20,0.007403,0.01281,0.026317,1,1,1,2068.7
hash_based,1,37,11,15.619,25.455,0.9497,0.9497,38,29,0,38,38,24,24,0.007408,0.012561,0.026888,1,1,1,2068.7
hash_based,1,38,1,15.615,25.455,0.9439,0.9439,38,29,0,38,39,24,24,0.007395,0.012561,0.026888,1,1,1,2068.7
hash_based,1,39,1,15.447,24.971,0.9483,0.9483,39,29,0,39,39,25,24,0.007395,0.0126,0.026346,1,1,1,2068.7
hash_based,1,40,1,15.538,25.134,0.9426,0.9426,40,24,0,40,40,25,24,0.007532,0.012548,0.026533,1,1,1,2068.7
hash_based,1,41,1,15.491,25.054,0.9368,0.9368,41,24,0,41,41,25,24,0.00744,0.012596,0.026438,1,1,1,2068.7
hash_based,1,42,1,15.43,24.809,0.9411,0.9411,42,24,0,42,41,26,24,0.007484,0.012645,0.026161,1,1,1,2068.7
hash_based,1,43,1,15.407,24.812,0.9449,0.9449,43,24,0,43,41,27,24,0.007432,0.012621,0.026167,1,1,1,2068.7
hash_based,1,44,11,15.393,24.812,0.9443,0.9443,43,17,0,43,46,30,27,0.007391,0.012621,0.026167,1,1,1,2068.7
hash_based,1,45,11,15.425,25.007,0.9571,0.9571,45,17,0,45,49,35,30,0.007391,0.012484,0.026399,1,1,1,2068.7
hash_based,1,46,11,15.575,25.325,0.9499,0.9499,47,17,0,47,55,37,33,0.007395,0.012589,0.02674,1,1,1,2068.7
hash_based,1,47,11,15.322,24.687,0.9503,0.9503,50,17,0,50,60,38,38,0.007432,0.012492,0.026042,1,1,1,2068.7
hash_based,1,48,11,15.911,26.102,0.9547,0.9547,52,12,0,52,64,40,43,0.007479,0.012659,0.027596,1,1,1,2068.7
hash_based,1,49,1,15.55,24.722,0.9514,0.9514,53,12,0,53,65,40,43,0.007856,0.012741,0.026053,1,1,1,2068.7
hash_based,1,50,1,15.437,24.722,0.9482,0.9482,53,12,0,53,66,40,43,0.007517,0.012741,0.026053,1,1,1,2068.7
hash_based,1,51,11,15.621,25.358,0.956,0.956,54,12,0,54,69,42,49,0.007517,0.012566,0.026779,1,1,1,2068.7
hash_based,1,52,11,15.787,25.699,0.9591,0.9591,56,8,0,56,73,45,53,0.0074,0.012832,0.027129,1,1,1,2068.7
hash_based,1,53,1,15.503,24.852,0.9565,0.9565,58,8,0,58,74,45,53,0.007423,0.012907,0.026179,1,1,1,2068.7
hash_based,1,54,11,15.616,25.42,0.9626,0.9626,59,8,0,59,77,48,58,0.007403,0.0126,0.026845,1,1,1,2068.7
hash_based,1,55,1,15.487,25.068,0.9603,0.9603,61,8,0,61,78,48,58,0.00743,0.012576,0.026456,1,1,1,2068.7
hash_based,1,56,1,15.521,25.068,0.958,0.958,61,2,0,61,79,48,58,0.007532,0.012576,0.026456,1,1,1,2068.7
hash_based,1,57,1,15.408,24.784,0.9556,0.9556,62,2,0,62,80,48,58,0.007532,0.012548,0.026143,1,1,1,2068.7
hash_based,1,58,1,15.712,25.002,0.9582,0.9582,63,2,0,63,80,49,58,0.007418,0.013429,0.026288,1,1,1,2068.7
hash_based,1,59,1,15.5,25.173,0.9558,0.9558,64,2,0,64,81,49,58,0.007409,0.012511,0.02658,1,1,1,2068.7
hash_based,1,60,1,15.577,25.314,0.9534,0.9715,64,0,0,64,82,49,58,0.007379,0.012628,0.026724,1,0,1,2068.7
hash_based,1,61,1,10.933,12.583,0.9559,0.9715,64,0,0,64,82,50,58,0.007634,0.012583,0.012583,1,0,1,2068.7
hash_based,1,62,0,10.862,12.582,0.9559,0.9715,64,0,0,64,82,50,58,0.007427,0.012576,0.012583,1,0,1,2068.7
hash_based,1,63,1,10.876,12.621,0.9571,0.9741,64,0,0,64,82,50,59,0.007427,0.012576,0.012626,1,0,1,2068.7
hash_based,1,64,1,10.95,12.748,0.9582,0.9766,64,0,0,64,82,50,60,0.007531,0.01277,0.012549,1,0,1,2068.7
hash_based,1,65,1,10.864,12.638,0.9592,0.9789,60,0,0,60,82,50,61,0.007392,0.012553,0.012647,1,0,1,2068.7
hash_based,1,66,1,10.862,12.619,0.9569,0.9772,60,0,0,60,83,50,61,0.007392,0.012624,0.012571,1,0,1,2068.7
hash_based,1,67,1,11.172,13.231,0.9578,0.9795,60,0,0,60,83,50,62,0.007422,0.012816,0.013277,1,0,1,2068.7
hash_based,1,68,1,11.426,13.774,0.9556,0.9778,57,0,0,57,84,50,62,0.007615,0.013884,0.012779,1,0,1,2068.7
hash_based,1,69,1,11.426,13.774,0.9565,0.98,57,0,0,57,84,50,63,0.007615,0.013884,0.012779,1,0,1,2068.7
hash_based,1,70,1,10.813,12.586,0.9543,0.9784,57,0,0,57,85,50,63,0.007322,0.012593,0.012523,1,0,1,2068.7
hash_based,1,71,1,10.87,12.613,0.9521,0.9767,57,0,0,57,86,50,63,0.007404,0.012616,0.012589,1,0,1,2068.7
hash_based,1,72,1,10.796,12.57,0.9498,0.975,57,0,0,57,87,50,63,0.007419,0.012379,0.012591,1,0,1,2068.7
hash_based,1,73,1,11.116,13.307,0.9507,0.9773,54,0,0,54,87,50,64,0.007399,0.012559,0.01339,1,0,1,2068.7
hash_based,1,74,1,10.874,12.633,0.9515,0.9795,54,0,0,54,87,50,65,0.007375,0.012635,0.012611,1,0,1,2068.7
hash_based,1,75,1,11.267,13.638,0.9542,0.9795,54,0,0,54,87,51,65,0.007438,0.013752,0.012611,1,0,1,2068.7
hash_based,1,76,1,11.318,13.653,0.9521,0.9779,54,0,0,54,88,51,65,0.007438,0.013752,0.012765,1,0,1,2068.7
hash_based,1,77,1,10.995,12.836,0.9529,0.98,50,0,0,50,88,51,66,0.007406,0.012848,0.012731,1,0,1,2068.7
hash_based,1,78,1,10.915,12.831,0.9536,0.982,50,0,0,50,88,51,67,0.007365,0.012867,0.012512,1,0,1,2068.7
hash_based,1,79,1,11.189,13.395,0.9562,0.982,50,0,0,50,88,52,67,0.007508,0.013486,0.012573,1,0,1,2068.7
hash_based,1,80,1,11.063,13.004,0.9587,0.982,50,0,0,50,88,53,67,0.007461,0.013039,0.012689,1,0,1,2068.7
hash_based,1,81,1,10.95,12.761,0.9611,0.982,46,0,0,46,88,54,67,0.007433,0.012774,0.012644,1,0,1,2068.7
hash_based,1,82,1,10.95,12.761,0.9592,0.9805,46,0,0,46,89,54,67,0.007433,0.012774,0.012644,1,0,1,2068.7
hash_based,1,83,1,10.963,12.702,0.9615,0.9805,46,0,0,46,89,55,67,0.007503,0.012682,0.012704,1,0,1,2068.7
hash_based,1,84,1,11.082,12.995,0.9622,0.9824,46,0,0,46,89,55,68,0.007481,0.013023,0.012743,1,0,1,2068.7
hash_based,1,85,1,10.857,12.582,0.9644,0.9824,41,0,0,41,89,56,68,0.007427,0.012559,0.012585,1,0,1,2068.7
hash_based,1,86,1,10.892,12.674,0.9651,0.9842,41,0,0,41,89,56,69,0.00744,0.012688,0.012547,1,0,1,2068.7
hash_based,1,87,1,10.977,12.899,0.9672,0.9842,41,0,0,41,89,57,69,0.00741,0.012933,0.012589,1,0,1,2068.7
hash_based,1,88,1,10.983,12.899,0.9654,0.9829,41,0,0,41,90,57,69,0.007428,0.012933,0.012589,1,0,1,2068.7
hash_based,1,89,1,10.892,12.629,0.9674,0.9829,38,0,0,38,90,58,69,0.007428,0.01263,0.012617,1,0,1,2068.7
hash_based,1,90,1,10.947,12.634,0.9681,0.9681,38,0,0,38,90,58,70,0.007612,0.012639,0.012589,1,1,1,2068.7
hash_based,1,91,1,16.945,28.84,0.9686,0.9686,38,0,1,38,90,58,71,0.00739,0.03062,0.012825,1,1,1,2068.7
hash_based,1,92,1,15.48,25.042,0.9669,0.9669,38,0,2,38,91,58,71,0.007416,0.026425,0.012599,1,1,1,2068.7
hash_based,1,93,1,15.549,25.139,0.9674,0.9674,34,0,3,34,91,58,72,0.007425,0.026521,0.012702,1,1,1,2068.7
hash_based,1,94,1,15.441,24.898,0.9657,0.9657,34,0,4,34,92,58,72,0.007367,0.026253,0.012702,1,1,1,2068.7
hash_based,1,95,0,15.416,24.89,0.9657,0.9657,34,0,4,34,92,58,72,0.007367,0.026253,0.012627,1,1,1,2068.7
hash_based,1,96,1,15.355,24.755,0.9639,0.9639,34,0,5,34,93,58,72,0.007385,0.026109,0.01257,1,1,1,2068.7
hash_based,1,97,1,15.344,24.723,0.9644,0.9644,28,0,6,28,93,58,73,0.007441,0.02608,0.012512,1,1,1,2068.7
hash_based,1,98,11,15.592,25.289,0.9652,0.9652,28,0,8,28,98,62,75,0.007454,0.026696,0.012625,1,1,1,2068.7
hash_based,1,99,11,15.358,24.529,0.9689,0.9689,28,0,10,28,100,64,82,0.007623,0.025855,0.012596,1,1,1,2068.7
hash_based,1,100,1,15.495,25.064,0.9691,0.9691,28,0,11,28,100,64,83,0.007441,0.026449,0.012596,1,1,1,2068.7
hash_based,1,101,11,15.511,25.068,0.9731,0.9731,28,0,11,28,104,69,85,0.007441,0.026449,0.012642,1,1,1,2068.7
hash_based,1,102,11,15.555,25.09,0.9716,0.9716,25,0,13,25,110,73,86,0.007392,0.026453,0.01282,1,1,1,2068.7
hash_based,1,103,1,15.429,24.766,0.9721,0.9721,25,0,15,25,110,73,87,0.007398,0.026096,0.012792,1,1,1,2068.7
hash_based,1,104,1,15.681,25.269,0.9725,0.9725,25,0,16,25,110,73,88,0.007409,0.026632,0.013003,1,1,1,2068.7
hash_based,1,105,11,15.945,25.278,0.9721,0.9721,19,0,18,19,114,75,93,0.0078,0.026593,0.013441,1,1,1,2068.7
hash_based,1,106,1,15.738,25.021,0.9708,0.9708,19,0,19,19,115,75,93,0.007464,0.026308,0.013441,1,1,1,2068.7
hash_based,1,107,1,15.602,24.981,0.9711,0.9711,19,0,19,19,115,75,94,0.007464,0.026308,0.013034,1,1,1,2068.7
hash_based,1,108,1,15.586,24.628,0.9698,0.9698,20,0,20,19,116,75,94,0.007372,0.025862,0.013524,1,1,1,2068.7
hash_based,1,109,1,15.598,25.461,0.9686,0.9686,21,0,21,19,117,75,94,0.007419,0.026905,0.012469,1,1,1,2068.7
hash_based,1,110,1,15.207,24.281,0.9689,0.9689,22,0,22,13,117,75,95,0.007426,0.025577,0.012618,1,1,1,2068.7
hash_based,1,111,11,15.462,24.689,0.9682,0.9682,24,0,24,13,122,78,98,0.007735,0.02603,0.012622,1,1,1,2068.7
hash_based,1,112,1,15.65,25.189,0.967,0.967,25,0,25,13,123,78,98,0.007743,0.026585,0.012622,1,1,1,2068.7
hash_based,1,113,1,15.712,25.207,0.9673,0.9673,25,0,25,13,123,78,99,0.007743,0.026585,0.012808,1,1,1,2068.7
hash_based,1,114,1,15.701,25.416,0.9661,0.9661,26,0,26,7,124,78,99,0.007468,0.026815,0.012821,1,1,1,2068.7
hash_based,1,115,1,15.979,26.147,0.9648,0.9648,27,0,27,7,125,78,99,0.007447,0.027623,0.012867,1,1,1,2068.7
hash_based,1,116,11,15.706,25.559,0.9685,0.9685,28,0,28,7,128,82,103,0.007436,0.026988,0.012693,1,1,1,2068.7
hash_based,1,117,1,16.044,25.111,0.9674,0.9674,30,0,30,3,129,82,103,0.007507,0.026311,0.014315,1,1,1,2068.7
hash_based,1,118,1,16.044,25.111,0.9676,0.9676,30,0,30,3,129,82,104,0.007507,0.026311,0.014315,1,1,1,2068.7
hash_based,1,119,1,15.8,25.655,0.9665,0.9665,31,0,31,3,130,82,104,0.007424,0.027072,0.012905,1,1,1,2068.7
hash_based,1,120,1,15.951,25.42,0.9653,0.9862,32,0,32,3,131,82,104,0.007484,0.026729,0.013641,0,1,1,2068.7
hash_based,1,121,1,11.014,12.65,0.9656,0.9851,32,0,32,3,131,82,105,0.007762,0.012652,0.012629,0,1,1,2068.7
hash_based,1,122,1,10.92,12.684,0.9644,0.9851,32,0,32,0,132,82,105,0.007463,0.012603,0.012693,0,1,1,2068.7
hash_based,1,123,0,11.033,12.656,0.9644,0.9851,32,0,32,0,132,82,105,0.007874,0.012667,0.012559,0,1,1,2068.7
hash_based,1,124,1,11.033,12.656,0.9659,0.9865,32,0,32,0,132,83,105,0.007874,0.012667,0.012559,0,1,1,2068.7
hash_based,1,125,1,10.901,12.643,0.9662,0.9854,32,0,32,0,132,83,106,0.007464,0.012649,0.012591,0,1,1,2068.7
hash_based,1,126,1,11.223,13.52,0.9677,0.9868,32,0,32,0,132,84,106,0.007415,0.012636,0.013618,0,1,1,2068.7
hash_based,1,127,1,10.952,12.659,0.9665,0.9868,32,0,32,0,133,84,106,0.007547,0.01265,0.01266,0,1,1,2068.7
hash_based,1,128,1,10.903,12.683,0.968,0.9881,32,0,32,0,133,85,106,0.007405,0.012691,0.012614,0,1,1,2068.7
hash_based,1,129,1,10.99,12.652,0.9668,0.9881,32,0,32,0,134,85,106,0.0077,0.012656,0.012614,0,1,1,2068.7
hash_based,1,130,1,10.995,12.653,0.9671,0.987,32,0,32,0,134,85,107,0.0077,0.012656,0.01263,0,1,1,2068.7
hash_based,1,131,1,11.025,12.703,0.9685,0.9883,32,0,32,0,134,86,107,0.007687,0.012682,0.012705,0,1,1,2068.7
hash_based,1,132,1,10.889,12.631,0.9699,0.9895,32,0,32,0,134,87,107,0.007408,0.012632,0.012626,0,1,1,2068.7
hash_based,1,133,1,10.873,12.63,0.9688,0.9895,32,0,32,0,135,87,107,0.007403,0.012636,0.012581,0,1,1,2068.7
hash_based,1,134,1,10.865,12.638,0.9691,0.9885,32,0,32,0,135,87,108,0.007402,0.012545,0.012648,0,1,1,2068.7
hash_based,1,135,1,11.094,12.829,0.9704,0.9897,32,0,32,0,135,88,108,0.007655,0.012793,0.012833,0,1,1,2068.7
hash_based,1,136,1,11.094,12.829,0.9693,0.9897,32,0,32,0,136,88,108,0.007655,0.012793,0.012833,0,1,1,2068.7
hash_based,1,137,1,10.873,12.618,0.9706,0.9908,32,0,32,0,136,89,108,0.007422,0.012574,0.012623,0,1,1,2068.7
hash_based,1,138,1,10.993,12.954,0.9695,0.9908,32,0,32,0,137,89,108,0.007399,0.012995,0.012585,0,1,1,2068.7
hash_based,1,139,1,10.928,12.703,0.9684,0.9908,32,0,32,0,138,89,108,0.007436,0.012638,0.01271,0,1,1,2068.7
hash_based,1,140,1,10.896,12.639,0.9687,0.9899,32,0,32,0,138,89,109,0.007421,0.012626,0.01264,0,1,1,2068.7
hash_based,1,141,1,10.836,12.579,0.9691,0.989,32,0,32,0,138,89,110,0.007396,0.012528,0.012585,0,1,1,2068.7
hash_based,1,142,1,10.852,12.584,0.9704,0.9901,32,0,32,0,138,90,110,0.007398,0.012574,0.012585,0,1,1,2068.7
hash_based,1,143,1,10.929,12.79,0.9707,0.9892,32,0,32,0,138,90,111,0.007398,0.012574,0.012814,0,1,1,2068.7
hash_based,1,144,1,11.318,13.724,0.9696,0.9892,32,0,32,0,139,90,111,0.007404,0.012715,0.013836,0,1,1,2068.7
hash_based,1,145,1,10.835,12.578,0.9699,0.9883,32,0,32,0,139,90,112,0.007381,0.012542,0.012582,0,1,1,2068.7
hash_based,1,146,1,10.972,12.678,0.9688,0.9883,32,0,32,0,140,90,112,0.007663,0.012691,0.012561,0,1,1,2068.7
hash_based,1,147,1,10.894,12.616,0.9677,0.9883,32,0,32,0,141,90,112,0.007465,0.0126,0.012618,0,1,1,2068.7
hash_based,1,148,1,10.828,12.58,0.9666,0.9883,32,0,32,0,142,90,112,0.007361,0.012538,0.012585,0,1,1,2068.7
hash_based,1,149,1,10.828,12.58,0.9655,0.9883,32,0,32,0,143,90,112,0.007361,0.012538,0.012585,0,1,1,2068.7
hash_based,1,150,1,10.991,12.843,0.9644,0.9644,32,0,32,0,144,90,112,0.007411,0.012702,0.012859,1,1,1,2068.7
hash_based,1,151,1,15.295,19.954,0.9647,0.9647,32,1,32,0,144,90,113,0.02077,0.012503,0.012611,1,1,1,2068.7
hash_based,1,152,1,13.547,15.211,0.965,0.965,32,2,32,0,144,90,114,0.015499,0.012623,0.012518,1,1,1,2068.7
hash_based,1,153,1,14.138,15.82,0.9653,0.9653,32,3,32,0,144,90,115,0.016052,0.012627,0.013736,1,1,1,2068.7
hash_based,1,154,1,13.579,15.33,0.9655,0.9655,29,4,29,0,144,90,116,0.015636,0.012525,0.012577,1,1,1,2068.7
hash_based,1,155,1,13.693,15.637,0.9669,0.9669,29,5,29,0,144,91,116,0.015977,0.012525,0.012577,1,1,1,2068.7
hash_based,1,156,1,13.797,15.664,0.9682,0.9682,29,5,29,0,144,92,116,0.015977,0.012851,0.012562,1,1,1,2068.7
hash_based,1,157,1,13.579,15.265,0.9695,0.9695,29,6,29,0,144,93,116,0.015562,0.012593,0.012583,1,1,1,2068.7
hash_based,1,158,1,13.638,15.433,0.9698,0.9698,29,7,29,0,144,93,117,0.015744,0.012636,0.012533,1,1,1,2068.7
hash_based,1,159,1,13.883,16.088,0.97,0.97,24,8,24,0,144,93,118,0.016476,0.012577,0.012597,1,1,1,2068.7
hash_based,1,160,1,13.723,15.533,0.9701,0.9701,24,9,24,0,144,93,119,0.015847,0.012709,0.012612,1,1,1,2068.7
hash_based,1,161,11,13.775,15.843,0.9718,0.9718,24,10,24,0,148,97,122,0.016202,0.012512,0.012612,1,1,1,2068.7
hash_based,1,162,1,13.977,15.904,0.972,0.972,24,10,24,0,148,97,123,0.016202,0.012512,0.013218,1,1,1,2068.7
hash_based,1,163,0,13.721,15.46,0.972,0.972,18,12,18,0,148,97,123,0.015761,0.012649,0.012754,1,1,1,2068.7
hash_based,1,164,1,13.766,15.715,0.9721,0.9721,18,13,18,0,148,97,124,0.016058,0.012612,0.012628,1,1,1,2068.7
hash_based,1,165,1,13.852,15.843,0.9722,0.9722,18,14,18,0,148,97,125,0.016185,0.012605,0.012766,1,1,1,2068.7
hash_based,1,166,1,13.632,15.423,0.9723,0.9723,18,15,18,0,148,97,126,0.015736,0.012556,0.012605,1,1,1,2068.7
hash_based,1,167,11,13.979,15.633,0.9747,0.9747,17,17,14,0,151,101,130,0.015876,0.012614,0.013447,1,1,1,2068.7
hash_based,1,168,11,13.979,15.633,0.9723,0.9723,17,17,14,0,157,103,133,0.015876,0.012614,0.013447,1,1,1,2068.7
hash_based,1,169,1,13.782,15.686,0.9735,0.9735,19,19,14,0,157,104,133,0.016018,0.012632,0.012696,1,1,1,2068.7
hash_based,1,170,1,13.631,15.438,0.9736,0.9736,20,20,14,0,157,104,134,0.015754,0.012541,0.012598,1,1,1,2068.7
hash_based,1,171,1,14.021,15.574,0.9747,0.9747,21,21,10,0,157,105,134,0.01579,0.013631,0.012641,1,1,1,2068.7
hash_based,1,172,11,13.752,15.486,0.9721,0.9721,22,22,10,0,162,106,139,0.015775,0.012886,0.012594,1,1,1,2068.7
hash_based,1,173,1,13.572,15.282,0.9721,0.9721,23,23,10,0,162,106,140,0.015579,0.012612,0.012525,1,1,1,2068.7
hash_based,1,174,1,13.818,15.947,0.9732,0.9732,24,24,10,0,162,107,140,0.016318,0.012612,0.012525,1,1,1,2068.7
hash_based,1,175,1,13.844,15.948,0.9732,0.9732,24,24,6,0,162,107,141,0.016318,0.012598,0.012616,1,1,1,2068.7
hash_based,1,176,1,13.869,15.668,0.9744,0.9744,24,24,6,0,162,108,141,0.015963,0.012633,0.01301,1,1,1,2068.7
hash_based,1,177,1,13.609,15.429,0.9754,0.9754,25,25,6,0,162,109,141,0.015748,0.012524,0.012554,1,1,1,2068.7
hash_based,1,178,1,14.286,15.931,0.9754,0.9754,26,26,6,0,162,109,142,0.0162,0.013515,0.013144,1,1,1,2068.7
hash_based,1,179,1,13.891,15.955,0.9765,0.9765,27,27,2,0,162,110,142,0.016307,0.012578,0.012787,1,1,1,2068.7
hash_based,2,0,0,15.492,25.036,1.0,1.0,0,0,0,0,0,0,0,0.007411,0.012654,0.026412,1,1,1,2298.2
hash_based,2,1,11,15.764,25.616,0.8963,0.8963,31,31,0,4,2,4,5,0.007524,0.01272,0.027049,1,1,1,2298.2
hash_based,2,2,1,15.792,25.228,0.96,0.96,31,31,0,5,3,4,5,0.007456,0.013374,0.026545,1,1,1,2298.2
hash_based,2,3,1,15.771,25.228,0.9548,0.9548,31,31,0,5,3,5,5,0.007395,0.013374,0.026545,1,1,1,2298.2
hash_based,2,4,1,15.734,25.045,0.9333,0.9333,31,31,0,6,3,6,5,0.007395,0.013475,0.026331,1,1,1,2298.2
hash_based,2,5,1,15.795,25.756,0.9036,0.9036,31,31,0,7,3,7,5,0.007541,0.012629,0.027215,1,1,1,2298.2
hash_based,2,6,1,15.655,24.742,0.8707,0.8707,31,31,0,8,3,8,5,0.007984,0.012927,0.026055,1,1,1,2298.2
hash_based,2,7,11,15.325,24.656,0.9918,0.9918,31,31,0,10,8,9,10,0.007412,0.012564,0.026,1,1,1,2298.2
hash_based,2,8,11,15.41,24.848,0.9945,0.9945,31,31,0,12,12,12,14,0.007503,0.012507,0.026219,1,1,1,2298.2
hash_based,2,9,1,15.372,24.848,0.9961,0.9961,31,31,0,12,12,13,14,0.007389,0.012507,0.026219,1,1,1,2298.2
hash_based,2,10,1,15.555,25.107,0.9988,0.9988,31,31,0,13,13,13,14,0.007389,0.012803,0.026474,1,1,1,2298.2
hash_based,2,11,11,15.488,25.036,1.0,1.0,31,31,0,14,17,17,17,0.007353,0.012705,0.026406,1,1,1,2298.2
hash_based,2,12,11,15.46,24.854,0.9933,0.9933,31,31,0,16,19,20,23,0.0074,0.012784,0.026195,1,1,1,2298.2
hash_based,2,13,1,15.759,25.737,0.994,0.994,31,31,0,18,19,21,23,0.007479,0.012602,0.027197,1,1,1,2298.2
hash_based,2,14,1,15.771,25.673,0.9937,0.9937,31,31,0,19,19,22,23,0.007517,0.01268,0.027117,1,1,1,2298.2
hash_based,2,15,1,15.906,25.673,0.9967,0.9967,31,31,0,19,20,22,23,0.007921,0.01268,0.027117,1,1,1,2298.2
hash_based,2,16,1,15.814,25.331,0.9959,0.9959,31,31,0,20,20,23,23,0.007921,0.012799,0.026723,1,1,1,2298.2
hash_based,2,17,1,15.755,25.284,0.9982,0.9982,31,31,0,21,21,23,23,0.007492,0.01314,0.026633,1,1,1,2298.2
hash_based,2,18,1,15.887,25.77,0.9996,0.9996,31,31,0,22,22,23,23,0.007501,0.012969,0.027192,1,1,1,2298.2
hash_based,2,19,1,15.333,24.708,1.0,1.0,31,31,0,23,23,23,23,0.007378,0.012563,0.026057,1,1,1,2298.2
hash_based,2,20,1,15.612,25.03,0.9996,0.9996,31,31,0,24,23,24,23,0.007493,0.012973,0.02637,1,1,1,2298.2
hash_based,2,21,11,15.612,25.03,0.9991,0.9991,31,31,0,24,27,26,28,0.007493,0.012973,0.02637,1,1,1,2298.2
hash_based,2,22,1,15.861,25.341,0.9997,0.9997,31,31,0,26,27,27,28,0.007486,0.013432,0.026664,1,1,1,2298.2
hash_based,2,23,1,15.738,25.127,0.9997,0.9997,31,31,0,27,28,27,28,0.007413,0.013369,0.026433,1,1,1,2298.2
hash_based,2,24,11,15.582,25.233,0.9984,0.9984,31,31,0,27,33,31,30,0.007396,0.012728,0.026622,1,1,1,2298.2
hash_based,2,25,11,15.851,24.815,0.9962,0.9962,31,31,0,29,36,32,37,0.008492,0.012926,0.026136,1,1,1,2298.2
hash_based,2,26,1,15.389,24.639,0.9977,0.9977,31,31,0,31,36,33,37,0.00742,0.012791,0.025956,1,1,1,2298.2
hash_based,2,27,1,15.389,24.639,0.9988,0.9988,31,31,0,31,36,34,37,0.00742,0.012791,0.025956,1,1,1,2298.2
hash_based,2,28,0,15.564,25.141,0.9988,0.9988,32,31,0,32,36,34,37,0.007476,0.01269,0.026525,1,1,1,2298.2
hash_based,2,29,11,15.6,25.121,0.993,0.993,34,31,0,34,40,35,43,0.007379,0.012946,0.026474,1,1,1,2298.2
hash_based,2,30,1,15.459,24.837,0.9948,0.9948,35,31,0,35,40,36,43,0.007412,0.012788,0.026176,1,1,1,2298.2
hash_based,2,31,1,15.442,24.71,0.9963,0.9963,36,29,0,36,40,37,43,0.007657,0.012615,0.026054,1,1,1,2298.2
hash_based,2,32,1,15.827,25.073,0.9962,0.9962,37,29,0,37,41,37,43,0.008193,0.012859,0.02643,1,1,1,2298.2
hash_based,2,33,1,15.577,25.073,0.9959,0.9959,37,29,0,37,42,37,43,0.007443,0.012859,0.02643,1,1,1,2298.2
hash_based,2,34,1,15.381,24.789,0.9972,0.9972,38,29,0,38,42,38,43,0.007443,0.012552,0.026149,1,1,1,2298.2
hash_based,2,35,1,15.424,24.806,0.9968,0.9968,39,25,0,39,43,38,43,0.007398,0.012724,0.026149,1,1,1,2298.2
hash_based,2,36,1,15.867,25.809,0.998,0.998,40,25,0,40,43,39,43,0.007681,0.01265,0.027271,1,1,1,2298.2
hash_based,2,37,11,15.956,25.883,0.9973,0.9973,42,25,0,42,47,42,47,0.007524,0.013032,0.027311,1,1,1,2298.2
hash_based,2,38,1,15.748,25.202,0.9983,0.9983,43,21,0,43,47,43,47,0.007496,0.013215,0.026534,1,1,1,2298.2
hash_based,2,39,11,15.748,25.202,0.9966,0.9966,43,21,0,43,49,46,53,0.007496,0.013215,0.026534,1,1,1,2298.2
hash_based,2,40,1,15.672,25.508,0.9975,0.9975,45,21,0,45,49,47,53,0.00754,0.012525,0.02695,1,1,1,2298.2
hash_based,2,41,11,15.994,25.797,0.9883,0.9883,46,21,0,46,52,47,61,0.007711,0.01306,0.027212,1,1,1,2298.2
hash_based,2,42,1,16.107,25.994,0.9887,0.9887,48,21,0,48,53,47,61,0.007783,0.013111,0.027426,1,1,1,2298.2
hash_based,2,43,11,15.725,25.65,0.9773,0.9773,50,16,0,50,55,48,69,0.007431,0.012649,0.027095,1,1,1,2298.2
hash_based,2,44,11,15.909,25.68,0.9795,0.9795,50,16,0,50,58,52,73,0.007685,0.012946,0.027095,1,1,1,2298.2
hash_based,2,45,11,15.804,25.397,0.9751,0.9751,52,16,0,52,60,55,79,0.007685,0.012946,0.02678,1,1,1,2298.2
hash_based,2,46,1,15.526,24.684,0.976,0.976,54,16,0,54,61,55,79,0.007845,0.012719,0.026013,1,1,1,2298.2
hash_based,2,47,1,15.641,24.941,0.9777,0.9777,55,12,0,55,61,56,79,0.007679,0.012974,0.026271,1,1,1,2298.2
hash_based,2,48,11,15.461,25.015,0.9798,0.9798,56,12,0,56,67,58,82,0.007389,0.012599,0.026395,1,1,1,2298.2
hash_based,2,49,1,15.516,25.007,0.9802,0.9802,58,12,0,58,68,58,82,0.007438,0.01274,0.02637,1,1,1,2298.2
hash_based,2,50,1,15.44,24.989,0.9819,0.9819,58,12,0,58,68,59,82,0.007388,0.012563,0.02637,1,1,1,2298.2
hash_based,2,51,11,15.416,24.924,0.9805,0.9805,59,12,0,59,71,62,87,0.007388,0.012563,0.026298,1,1,1,2298.2
hash_based,2,52,1,16.032,25.538,0.979,0.979,61,7,0,61,71,62,88,0.007546,0.013696,0.026854,1,1,1,2298.2
hash_based,2,53,10,15.462,24.941,0.9801,0.9801,63,7,0,63,73,66,92,0.007504,0.012566,0.026316,1,1,1,2298.2
hash_based,2,54,1,15.322,24.635,0.9814,0.9814,64,7,0,64,73,67,92,0.007397,0.012596,0.025973,1,1,1,2298.2
hash_based,2,55,11,15.421,24.687,0.9793,0.9793,66,4,0,66,77,69,97,0.007504,0.012746,0.026014,1,1,1,2298.2
hash_based,2,56,1,15.337,24.669,0.9806,0.9806,66,4,0,66,77,70,97,0.007438,0.01256,0.026014,1,1,1,2298.2
hash_based,2,57,1,15.338,24.669,0.9811,0.9811,67,4,0,67,78,70,97,0.007438,0.01256,0.026015,1,1,1,2298.2
hash_based,2,58,11,15.488,25.053,0.984,0.984,71,4,0,71,82,74,100,0.007436,0.012591,0.026438,1,1,1,2298.2
hash_based,2,59,11,16.0,25.723,0.9855,0.9855,71,0,0,71,84,79,104,0.007435,0.013483,0.027083,1,1,1,2298.2
hash_based,2,60,11,15.504,25.153,0.9816,0.9878,73,0,0,73,88,80,110,0.00737,0.012594,0.026549,1,0,1,2298.2
hash_based,2,61,1,10.886,12.705,0.9804,0.9868,73,0,0,73,88,80,111,0.007385,0.012722,0.012552,1,0,1,2298.2
hash_based,2,62,1,10.998,12.717,0.9809,0.988,73,0,0,73,89,80,111,0.007742,0.01274,0.012513,1,0,1,2298.2
hash_based,2,63,1,10.998,12.717,0.9797,0.9871,73,0,0,73,89,80,112,0.007742,0.01274,0.012513,1,0,1,2298.2
hash_based,2,64,1,10.951,12.803,0.9802,0.9883,69,0,0,69,90,80,112,0.007502,0.012835,0.012515,1,0,1,2298.2
hash_based,2,65,1,10.888,12.636,0.979,0.9873,69,0,0,69,90,80,113,0.00741,0.012638,0.012617,1,0,1,2298.2
hash_based,2,66,1,11.01,12.912,0.9801,0.9873,69,0,0,69,90,81,113,0.007458,0.01263,0.012943,1,0,1,2298.2
hash_based,2,67,1,10.926,12.802,0.9812,0.9873,65,0,0,65,90,82,113,0.007399,0.01255,0.01283,1,0,1,2298.2
hash_based,2,68,1,10.954,12.732,0.9817,0.9885,65,0,0,65,91,82,113,0.007472,0.012741,0.012648,1,0,1,2298.2
hash_based,2,69,1,10.954,12.732,0.9821,0.9896,65,0,0,65,92,82,113,0.007472,0.012741,0.012648,1,0,1,2298.2
hash_based,2,70,1,11.072,12.923,0.9831,0.9896,65,0,0,65,92,83,113,0.007442,0.012932,0.012842,1,0,1,2298.2
hash_based,2,71,1,11.051,12.884,0.9835,0.9907,65,0,0,65,93,83,113,0.007478,0.012896,0.012779,1,0,1,2298.2
hash_based,2,72,1,11.338,13.538,0.9838,0.9916,59,0,0,59,94,83,113,0.007517,0.01361,0.012886,1,0,1,2298.2
hash_based,2,73,1,11.09,12.786,0.9849,0.9916,59,0,0,59,94,84,113,0.00786,0.012603,0.012806,1,0,1,2298.2
hash_based,2,74,1,11.035,12.781,0.9838,0.9908,59,0,0,59,94,84,114,0.007643,0.012793,0.01267,1,0,1,2298.2
hash_based,2,75,1,10.968,12.781,0.9828,0.99,59,0,0,59,94,84,115,0.007442,0.012793,0.01267,1,0,1,2298.2
hash_based,2,76,1,10.879,12.601,0.9831,0.991,55,0,0,55,95,84,115,0.007442,0.012592,0.012602,1,0,1,2298.2
hash_based,2,77,1,11.013,12.955,0.9821,0.9902,55,0,0,55,95,84,116,0.007403,0.012646,0.012989,1,0,1,2298.2
hash_based,2,78,1,10.936,12.812,0.9831,0.9902,55,0,0,55,95,85,116,0.007422,0.012842,0.012545,1,0,1,2298.2
hash_based,2,79,1,10.941,12.667,0.9841,0.9902,52,0,0,52,95,86,116,0.007498,0.012656,0.012668,1,0,1,2298.2
hash_based,2,80,1,10.936,12.649,0.9845,0.9912,52,0,0,52,96,86,116,0.00752,0.012638,0.01265,1,0,1,2298.2
hash_based,2,81,1,10.914,12.649,0.9854,0.9912,52,0,0,52,96,87,116,0.007455,0.012638,0.01265,1,0,1,2298.2
hash_based,2,82,1,10.958,12.775,0.9857,0.9921,52,0,0,52,97,87,116,0.007455,0.012791,0.012629,1,0,1,2298.2
hash_based,2,83,1,10.965,12.752,0.986,0.993,52,0,0,52,98,87,116,0.007525,0.012769,0.0126,1,0,1,2298.2
hash_based,2,84,1,11.164,12.941,0.9851,0.9923,47,0,0,47,98,87,117,0.007891,0.012625,0.012976,1,0,1,2298.2
hash_based,2,85,1,10.981,12.814,0.9853,0.9931,47,0,0,47,99,87,117,0.007554,0.012545,0.012844,1,0,1,2298.2
hash_based,2,86,0,11.081,12.966,0.9853,0.9931,47,0,0,47,99,87,117,0.007585,0.012657,0.013,1,0,1,2298.2
hash_based,2,87,1,11.221,12.966,0.9844,0.9924,47,0,0,47,99,87,118,0.008007,0.012657,0.013,1,0,1,2298.2
hash_based,2,88,1,11.241,12.959,0.9854,0.9924,42,0,0,42,99,88,118,0.008007,0.012984,0.012731,1,0,1,2298.2
hash_based,2,89,1,10.949,12.681,0.9844,0.9917,42,0,0,42,99,88,119,0.007513,0.012651,0.012684,1,0,1,2298.2
hash_based,2,90,1,10.839,12.616,0.9835,0.9835,42,0,0,42,99,88,120,0.007347,0.012624,0.012547,1,1,1,2298.2
hash_based,2,91,1,17.407,29.841,0.9837,0.9837,42,0,1,42,100,88,120,0.007463,0.031706,0.013053,1,1,1,2298.2
hash_based,2,92,1,15.991,25.725,0.9828,0.9828,37,0,2,37,100,88,121,0.007503,0.027098,0.013373,1,1,1,2298.2
hash_based,2,93,1,15.927,25.725,0.9818,0.9818,37,0,2,37,100,88,122,0.00731,0.027098,0.013373,1,1,1,2298.2
hash_based,2,94,1,15.531,25.239,0.9821,0.9821,37,0,3,37,101,88,122,0.00731,0.026638,0.012646,1,1,1,2298.2
hash_based,2,95,1,15.706,25.569,0.9811,0.9811,37,0,4,37,101,88,123,0.007454,0.027003,0.012661,1,1,1,2298.2
hash_based,2,96,11,15.942,26.214,0.978,0.978,34,0,6,34,104,90,129,0.007527,0.02773,0.012568,1,1,1,2298.2
hash_based,2,97,1,15.652,25.12,0.977,0.977,34,0,7,34,104,90,130,0.007424,0.026459,0.013074,1,1,1,2298.2
hash_based,2,98,1,15.806,25.438,0.9759,0.9759,34,0,8,34,104,90,131,0.007531,0.026812,0.013074,1,1,1,2298.2
hash_based,2,99,1,15.625,25.384,0.9748,0.9748,34,0,8,34,104,90,132,0.007531,0.026812,0.012531,1,1,1,2298.2
hash_based,2,100,1,15.334,24.738,0.9752,0.9752,29,0,9,29,105,90,132,0.007326,0.026088,0.012588,1,1,1,2298.2
hash_based,2,101,1,15.467,25.032,0.9756,0.9756,29,0,10,29,106,90,132,0.007435,0.026419,0.012548,1,1,1,2298.2
hash_based,2,102,1,15.318,24.52,0.9745,0.9745,29,0,11,29,106,90,133,0.007523,0.025846,0.012584,1,1,1,2298.2
hash_based,2,103,1,15.685,24.989,0.9734,0.9734,29,0,12,29,106,90,134,0.007445,0.026285,0.013325,1,1,1,2298.2
hash_based,2,104,1,15.364,24.776,0.9737,0.9737,23,0,13,23,107,90,134,0.007396,0.026133,0.012564,1,1,1,2298.2
hash_based,2,105,1,15.364,24.776,0.9741,0.9741,23,0,13,23,108,90,134,0.007396,0.026133,0.012564,1,1,1,2298.2
hash_based,2,106,11,15.515,25.125,0.9741,0.9741,23,0,14,23,110,94,139,0.007419,0.026515,0.012612,1,1,1,2298.2
hash_based,2,107,1,15.435,24.832,0.9745,0.9745,23,0,16,23,111,94,139,0.007462,0.026185,0.012657,1,1,1,2298.2
hash_based,2,108,11,15.543,25.229,0.9791,0.9791,18,0,17,18,115,99,141,0.007405,0.026634,0.012589,1,1,1,2298.2
hash_based,2,109,1,15.555,25.128,0.9793,0.9793,19,0,19,18,116,99,141,0.007407,0.026502,0.012757,1,1,1,2298.2
hash_based,2,110,11,15.369,24.865,0.9832,0.9832,21,0,21,18,120,104,143,0.007301,0.026231,0.012575,1,1,1,2298.2
hash_based,2,111,11,15.397,24.865,0.9834,0.9834,21,0,21,18,124,107,147,0.007384,0.026231,0.012575,1,1,1,2298.2
hash_based,2,112,1,15.381,24.874,0.9835,0.9835,23,0,23,18,125,107,147,0.007384,0.026248,0.01251,1,1,1,2298.2
hash_based,2,113,1,15.584,25.314,0.9828,0.9828,24,0,24,12,125,107,148,0.007488,0.026734,0.01253,1,1,1,2298.2
hash_based,2,114,7,15.499,25.12,0.9834,0.9834,25,0,25,12,128,109,150,0.007423,0.026516,0.012559,1,1,1,2298.2
hash_based,2,115,4,15.395,24.843,0.9838,0.9838,27,0,27,12,130,110,151,0.00742,0.026208,0.012558,1,1,1,2298.2
hash_based,2,116,2,15.378,24.853,0.9832,0.9832,28,0,28,7,131,110,152,0.007414,0.026226,0.012493,1,1,1,2298.2
hash_based,2,117,0,15.42,24.853,0.9832,0.9832,28,0,28,7,131,110,152,0.007541,0.026226,0.012493,1,1,1,2298.2
hash_based,2,118,11,15.569,25.188,0.9848,0.9848,29,0,29,7,135,114,155,0.007541,0.026589,0.012577,1,1,1,2298.2
hash_based,2,119,11,15.427,24.818,0.9862,0.9862,32,0,32,7,139,118,158,0.007379,0.02616,0.012741,1,1,1,2298.2
hash_based,2,120,11,15.676,25.392,0.9833,0.976,34,0,34,7,139,121,166,0.0074,0.026787,0.012841,0,1,1,2298.2
hash_based,2,121,1,10.877,12.622,0.9826,0.9751,34,0,34,1,139,121,167,0.007389,0.012622,0.012619,0,1,1,2298.2
hash_based,2,122,1,10.886,12.627,0.9819,0.9742,34,0,34,1,139,121,168,0.00741,0.012628,0.012621,0,1,1,2298.2
hash_based,2,123,1,10.885,12.617,0.9821,0.9742,34,0,34,1,140,121,168,0.007458,0.012577,0.012621,0,1,1,2298.2
hash_based,2,124,1,10.872,12.58,0.9823,0.9742,34,0,34,1,141,121,168,0.007458,0.012577,0.01258,0,1,1,2298.2
hash_based,2,125,1,11.147,12.606,0.983,0.9755,34,0,34,0,141,122,168,0.008314,0.012511,0.012617,0,1,1,2298.2
hash_based,2,126,1,11.025,12.861,0.9823,0.9746,34,0,34,0,141,122,169,0.007656,0.012899,0.01252,0,1,1,2298.2
hash_based,2,127,1,10.941,12.819,0.9831,0.9758,34,0,34,0,141,123,169,0.00744,0.012851,0.012533,0,1,1,2298.2
hash_based,2,128,1,10.928,12.738,0.9833,0.9758,34,0,34,0,142,123,169,0.00741,0.012751,0.012624,0,1,1,2298.2
hash_based,2,129,1,10.86,12.62,0.984,0.977,34,0,34,0,142,124,169,0.007399,0.012552,0.012628,0,1,1,2298.2
hash_based,2,130,1,10.86,12.62,0.9833,0.9761,34,0,34,0,142,124,170,0.007399,0.012552,0.012628,0,1,1,2298.2
hash_based,2,131,1,10.852,12.594,0.984,0.9773,34,0,34,0,142,125,170,0.007384,0.012576,0.012596,0,1,1,2298.2
hash_based,2,132,1,11.098,12.556,0.9834,0.9764,34,0,34,0,142,125,171,0.008192,0.012557,0.012546,0,1,1,2298.2
hash_based,2,133,1,10.852,12.584,0.9835,0.9764,34,0,34,0,143,125,171,0.007416,0.012552,0.012588,0,1,1,2298.2
hash_based,2,134,1,10.821,12.614,0.9837,0.9764,34,0,34,0,144,125,171,0.00739,0.012439,0.012633,0,1,1,2298.2
hash_based,2,135,1,10.84,12.569,0.983,0.9756,34,0,34,0,144,125,172,0.007426,0.01252,0.012574,0,1,1,2298.2
hash_based,2,136,1,10.851,12.571,0.9832,0.9756,34,0,34,0,145,125,172,0.007432,0.012547,0.012574,0,1,1,2298.2
hash_based,2,137,1,10.831,12.544,0.9825,0.9747,34,0,34,0,145,125,173,0.007432,0.012547,0.012514,0,1,1,2298.2
hash_based,2,138,1,10.85,12.58,0.9827,0.9747,34,0,34,0,146,125,173,0.007392,0.012577,0.01258,0,1,1,2298.2
hash_based,2,139,1,10.969,12.643,0.9828,0.9747,34,0,34,0,147,125,173,0.007673,0.012584,0.012649,0,1,1,2298.2
hash_based,2,140,1,10.881,12.599,0.9822,0.9738,34,0,34,0,147,125,174,0.007485,0.012604,0.012555,0,1,1,2298.2
hash_based,2,141,1,10.976,12.812,0.9823,0.9738,34,0,34,0,148,125,174,0.007418,0.012826,0.012683,0,1,1,2298.2
hash_based,2,142,1,10.949,12.768,0.983,0.975,34,0,34,0,148,126,174,0.007435,0.012783,0.01263,0,1,1,2298.2
hash_based,2,143,1,10.948,12.768,0.9831,0.975,34,0,34,0,149,126,174,0.00743,0.012783,0.01263,0,1,1,2298.2
hash_based,2,144,1,10.938,12.768,0.9839,0.9762,34,0,34,0,149,127,174,0.00743,0.012787,0.012596,0,1,1,2298.2
hash_based,2,145,1,10.91,12.677,0.9846,0.9773,34,0,34,0,149,128,174,0.007424,0.012622,0.012683,0,1,1,2298.2
hash_based,2,146,1,10.972,12.787,0.9853,0.9784,34,0,34,0,149,129,174,0.007426,0.012693,0.012797,0,1,1,2298.2
hash_based,2,147,1,11.021,12.791,0.9847,0.9776,34,0,34,0,149,129,175,0.007682,0.012564,0.012816,0,1,1,2298.2
hash_based,2,148,1,10.99,12.629,0.9848,0.9776,34,0,34,0,150,129,175,0.007747,0.012633,0.01259,0,1,1,2298.2
hash_based,2,149,1,10.926,12.613,0.9842,0.9768,34,0,34,0,150,129,176,0.007572,0.012616,0.01259,0,1,1,2298.2
hash_based,2,150,1,11.006,12.809,0.9843,0.9843,34,0,34,0,151,129,176,0.007572,0.012616,0.01283,1,1,1,2298.2
hash_based,2,151,1,15.114,19.045,0.9837,0.9837,34,1,34,0,151,129,177,0.01971,0.013056,0.012576,1,1,1,2298.2
hash_based,2,152,0,13.882,16.112,0.9837,0.9837,34,2,34,0,151,129,177,0.016505,0.012576,0.012565,1,1,1,2298.2
hash_based,2,153,1,14.021,15.759,0.9831,0.9831,32,3,32,0,151,129,178,0.016019,0.012624,0.01342,1,1,1,2298.2
hash_based,2,154,11,13.721,15.508,0.9826,0.9826,32,5,32,0,156,131,182,0.015809,0.012796,0.012557,1,1,1,2298.2
hash_based,2,155,1,13.659,15.476,0.9833,0.9833,32,6,32,0,156,132,182,0.015796,0.012583,0.012597,1,1,1,2298.2
hash_based,2,156,11,13.659,15.476,0.984,0.984,32,6,32,0,159,136,186,0.015796,0.012583,0.012597,1,1,1,2298.2
hash_based,2,157,11,13.776,15.809,0.9853,0.9853,32,8,32,0,165,139,188,0.016164,0.012618,0.012547,1,1,1,2298.2
hash_based,2,158,1,13.774,15.627,0.986,0.986,28,10,28,0,165,140,188,0.01594,0.012813,0.012569,1,1,1,2298.2
hash_based,2,159,11,13.609,15.325,0.9837,0.9837,28,11,28,0,167,142,195,0.015625,0.012621,0.012581,1,1,1,2298.2
hash_based,2,160,1,13.636,15.434,0.9831,0.9831,28,13,28,0,167,142,196,0.015747,0.012546,0.012614,1,1,1,2298.2
hash_based,2,161,1,13.814,15.727,0.9825,0.9825,24,14,24,0,167,142,197,0.016052,0.012584,0.012806,1,1,1,2298.2
hash_based,2,162,1,13.814,15.727,0.982,0.982,24,14,24,0,167,142,198,0.016052,0.012584,0.012806,1,1,1,2298.2
hash_based,2,163,1,13.678,15.544,0.9814,0.9814,24,15,24,0,167,142,199,0.015873,0.012579,0.012583,1,1,1,2298.2
hash_based,2,164,11,13.892,15.788,0.9797,0.9797,24,16,24,0,172,143,204,0.016092,0.012535,0.01305,1,1,1,2298.2
hash_based,2,165,1,13.72,15.623,0.9804,0.9804,24,18,24,0,172,144,204,0.015958,0.012591,0.012612,1,1,1,2298.2
hash_based,2,166,11,13.641,15.549,0.9812,0.9812,21,19,21,0,177,147,207,0.015876,0.012608,0.012438,1,1,1,2298.2
hash_based,2,167,1,13.637,15.22,0.9819,0.9819,21,21,21,0,177,148,207,0.015486,0.012824,0.012602,1,1,1,2298.2
hash_based,2,168,1,13.839,15.763,0.9813,0.9813,22,22,21,0,177,148,208,0.01609,0.012824,0.012602,1,1,1,2298.2
hash_based,2,169,1,13.74,15.743,0.982,0.982,22,22,21,0,177,149,208,0.01609,0.012511,0.012618,1,1,1,2298.2
hash_based,2,170,11,13.651,15.57,0.9844,0.9844,23,23,16,0,181,154,210,0.015908,0.01252,0.012524,1,1,1,2298.2
hash_based,2,171,1,13.664,15.512,0.985,0.985,25,25,16,0,181,155,210,0.015837,0.012587,0.012567,1,1,1,2298.2
hash_based,2,172,1,14.001,15.471,0.9845,0.9845,26,26,16,0,181,155,211,0.015665,0.013724,0.012615,1,1,1,2298.2
hash_based,2,173,1,13.737,15.52,0.984,0.984,27,27,10,0,181,155,212,0.015817,0.012549,0.012845,1,1,1,2298.2
hash_based,2,174,1,13.913,16.053,0.9835,0.9835,28,28,10,0,181,155,213,0.016409,0.012484,0.012845,1,1,1,2298.2
hash_based,2,175,1,13.826,16.027,0.9841,0.9841,28,28,10,0,181,156,213,0.016409,0.012484,0.012585,1,1,1,2298.2
hash_based,2,176,1,13.888,16.111,0.9846,0.9846,29,29,10,0,181,157,213,0.016502,0.012567,0.012596,1,1,1,2298.2
hash_based,2,177,0,13.749,15.558,0.9846,0.9846,30,30,10,0,181,157,213,0.015867,0.012781,0.012598,1,1,1,2298.2
hash_based,2,178,1,13.702,15.566,0.9852,0.9852,31,31,6,0,181,158,213,0.015893,0.01259,0.012622,1,1,1,2298.2
hash_based,2,179,1,13.729,15.515,0.9847,0.9847,32,32,6,0,181,158,214,0.015813,0.012833,0.012541,1,1,1,2298.2
hash_based,3,0,0,15.482,25.111,1.0,1.0,0,0,0,0,0,0,0,0.007351,0.012594,0.026502,1,1,1,2257.2
hash_based,3,1,1,15.739,24.865,0.3333,0.3333,35,35,0,3,0,1,0,0.007568,0.013525,0.026125,1,1,1,2257.2
hash_based,3,2,1,15.715,24.79,0.6667,0.6667,35,35,0,3,1,1,0,0.008241,0.012778,0.026125,1,1,1,2257.2
hash_based,3,3,1,15.72,24.805,0.6,0.6,35,35,0,4,1,2,0,0.008241,0.012778,0.026141,1,1,1,2257.2
hash_based,3,4,11,15.58,25.463,0.9608,0.9608,35,35,0,6,4,4,6,0.007374,0.012458,0.026908,1,1,1,2257.2
hash_based,3,5,11,15.802,25.48,0.9781,0.9781,35,35,0,8,10,7,8,0.007517,0.013026,0.026864,1,1,1,2257.2
hash_based,3,6,11,15.456,24.848,0.9863,0.9863,35,35,0,10,13,10,13,0.007407,0.012771,0.02619,1,1,1,2257.2
hash_based,3,7,1,15.706,24.828,0.9942,0.9942,35,35,0,11,13,11,13,0.008192,0.012757,0.026169,1,1,1,2257.2
hash_based,3,8,1,15.499,24.813,0.9986,0.9986,35,35,0,11,13,12,13,0.007719,0.012609,0.026169,1,1,1,2257.2
hash_based,3,9,1,15.601,25.089,0.9961,0.9961,35,35,0,12,14,12,13,0.007719,0.012609,0.026476,1,1,1,2257.2
hash_based,3,10,11,15.472,24.598,0.9944,0.9944,35,35,0,13,17,15,18,0.007913,0.012569,0.025935,1,1,1,2257.2
hash_based,3,11,1,15.52,25.175,0.9977,0.9977,35,35,0,15,17,16,18,0.007456,0.012522,0.026581,1,1,1,2257.2
hash_based,3,12,11,15.449,25.084,0.9856,0.9856,35,35,0,17,18,20,24,0.007361,0.012503,0.026482,1,1,1,2257.2
hash_based,3,13,11,15.41,24.791,0.9885,0.9885,35,35,0,20,22,23,28,0.007431,0.012661,0.026139,1,1,1,2257.2
hash_based,3,14,1,15.439,24.819,0.991,0.991,35,35,0,20,23,23,28,0.007422,0.012733,0.026162,1,1,1,2257.2
hash_based,3,15,1,15.439,24.819,0.9926,0.9926,35,35,0,20,23,24,28,0.007422,0.012733,0.026162,1,1,1,2257.2
hash_based,3,16,11,15.502,24.84,0.9917,0.9917,35,35,0,21,30,25,31,0.007413,0.012928,0.026164,1,1,1,2257.2
hash_based,3,17,1,16.204,26.704,0.9906,0.9906,35,35,0,23,31,25,31,0.00769,0.012657,0.028265,1,1,1,2257.2
hash_based,3,18,11,15.807,25.459,0.9893,0.9893,35,35,0,24,34,28,36,0.007491,0.013097,0.026833,1,1,1,2257.2
hash_based,3,19,1,15.483,24.697,0.9921,0.9921,35,35,0,26,34,29,36,0.007492,0.012956,0.026001,1,1,1,2257.2
hash_based,3,20,11,15.416,24.671,0.992,0.992,35,35,0,26,36,33,41,0.007548,0.012698,0.026001,1,1,1,2257.2
hash_based,3,21,1,16.245,26.911,0.9923,0.9923,35,35,0,28,37,33,41,0.007548,0.012698,0.02849,1,1,1,2257.2
hash_based,3,22,11,16.123,25.957,0.9824,0.9824,35,35,0,29,39,35,48,0.00828,0.012653,0.027435,1,1,1,2257.2
hash_based,3,23,7,15.872,26.024,0.9816,0.9816,35,35,0,31,41,37,51,0.007452,0.012656,0.027509,1,1,1,2257.2
hash_based,3,24,4,15.408,24.818,0.9809,0.9809,35,35,0,33,41,39,53,0.007494,0.012548,0.026181,1,1,1,2257.2
hash_based,3,25,1,15.399,24.824,0.9828,0.9828,35,35,0,34,41,40,53,0.007444,0.012567,0.026186,1,1,1,2257.2
hash_based,3,26,1,15.764,24.851,0.9841,0.9841,35,35,0,34,42,40,53,0.008264,0.012841,0.026186,1,1,1,2257.2
hash_based,3,27,1,15.806,24.967,0.9858,0.9858,35,35,0,35,42,41,53,0.008264,0.012841,0.026314,1,1,1,2257.2
hash_based,3,28,1,15.539,24.933,0.9873,0.9873,36,35,0,36,42,42,53,0.00767,0.01265,0.026298,1,1,1,2257.2
hash_based,3,29,1,15.485,24.835,0.9885,0.9885,37,35,0,37,43,42,53,0.007611,0.012655,0.026188,1,1,1,2257.2
hash_based,3,30,1,15.56,25.018,0.9898,0.9898,38,30,0,38,43,43,53,0.007414,0.012901,0.026364,1,1,1,2257.2
hash_based,3,31,1,15.398,24.749,0.9908,0.9908,39,30,0,39,44,43,53,0.007424,0.012679,0.02609,1,1,1,2257.2
hash_based,3,32,1,15.386,24.749,0.9919,0.9919,39,30,0,39,44,44,53,0.00739,0.012679,0.02609,1,1,1,2257.2
hash_based,3,33,1,15.481,25.077,0.9928,0.9928,40,30,0,40,44,45,53,0.00739,0.012587,0.026465,1,1,1,2257.2
hash_based,3,34,1,15.453,25.003,0.9938,0.9938,41,25,0,41,45,45,53,0.007424,0.012547,0.026387,1,1,1,2257.2
hash_based,3,35,1,15.314,24.637,0.9945,0.9945,42,25,0,42,45,46,53,0.007407,0.012554,0.02598,1,1,1,2257.2
hash_based,3,36,11,15.417,24.844,0.9871,0.9871,44,25,0,44,47,48,60,0.007422,0.012626,0.026202,1,1,1,2257.2
hash_based,3,37,11,15.733,25.588,0.9849,0.9849,46,21,0,46,51,50,65,0.00758,0.012585,0.027033,1,1,1,2257.2
hash_based,3,38,11,15.679,25.588,0.9829,0.9829,46,21,0,46,54,53,70,0.007419,0.012585,0.027033,1,1,1,2257.2
hash_based,3,39,1,15.377,24.781,0.9841,0.9841,48,21,0,48,54,54,70,0.007419,0.012575,0.026137,1,1,1,2257.2
hash_based,3,40,11,15.791,25.826,0.9724,0.9724,49,21,0,49,56,55,78,0.007458,0.012623,0.027293,1,1,1,2257.2
hash_based,3,41,11,15.535,24.976,0.9673,0.9673,51,21,0,51,58,58,84,0.007616,0.012641,0.026347,1,1,1,2257.2
hash_based,3,42,11,15.486,25.044,0.9691,0.9691,53,15,0,53,60,63,88,0.007462,0.012567,0.02643,1,1,1,2257.2
hash_based,3,43,1,15.418,24.798,0.9707,0.9707,55,15,0,55,61,63,88,0.007414,0.012696,0.026143,1,1,1,2257.2
hash_based,3,44,1,15.378,24.788,0.9721,0.9721,55,15,0,55,62,63,88,0.007397,0.012595,0.026143,1,1,1,2257.2
hash_based,3,45,1,15.464,25.02,0.9733,0.9733,56,15,0,56,62,64,88,0.007397,0.012595,0.0264,1,1,1,2257.2
hash_based,3,46,1,15.386,24.806,0.9744,0.9744,57,11,0,57,62,65,88,0.007407,0.012587,0.026164,1,1,1,2257.2
hash_based,3,47,1,15.665,25.043,0.9754,0.9754,58,11,0,58,62,66,88,0.007417,0.013221,0.026357,1,1,1,2257.2
hash_based,3,48,1,15.585,25.325,0.9763,0.9763,59,11,0,59,62,67,88,0.007426,0.01259,0.02674,1,1,1,2257.2
hash_based,3,49,11,15.581,25.246,0.9749,0.9749,60,11,0,60,65,70,93,0.00749,0.012602,0.026651,1,1,1,2257.2
hash_based,3,50,1,15.61,25.265,0.9732,0.9732,60,7,0,60,65,70,94,0.007386,0.012794,0.026651,1,1,1,2257.2
hash_based,3,51,10,15.397,24.69,0.973,0.973,63,7,0,63,67,74,98,0.007386,0.012794,0.026012,1,1,1,2257.2
hash_based,3,52,1,15.492,24.809,0.9737,0.9737,64,7,0,64,67,75,98,0.007728,0.012579,0.026168,1,1,1,2257.2
hash_based,3,53,1,15.505,24.809,0.9752,0.9752,65,7,0,65,68,75,98,0.007494,0.012887,0.026134,1,1,1,2257.2
hash_based,3,54,11,15.907,25.481,0.9794,0.9794,67,4,0,67,73,78,101,0.008156,0.01266,0.026906,1,1,1,2257.2
hash_based,3,55,1,15.478,25.0,0.98,0.98,68,4,0,68,73,79,101,0.007463,0.012591,0.026379,1,1,1,2257.2
hash_based,3,56,11,16.122,25.03,0.9807,0.9807,68,4,0,68,76,83,105,0.0091,0.012888,0.026379,1,1,1,2257.2
hash_based,3,57,1,16.455,25.928,0.9812,0.9812,70,4,0,70,76,84,105,0.0091,0.012888,0.027377,1,1,1,2257.2
hash_based,3,58,11,15.948,25.057,0.9817,0.9817,72,4,0,72,79,88,109,0.008494,0.012948,0.026403,1,1,1,2257.2
hash_based,3,59,11,15.982,25.485,0.9805,0.9805,74,0,0,74,82,91,114,0.007471,0.013679,0.026797,1,1,1,2257.2
hash_based,3,60,1,15.946,25.425,0.981,0.974,75,0,0,75,82,92,114,0.007426,0.013683,0.02673,1,0,1,2257.2
hash_based,3,61,1,11.338,13.616,0.9821,0.9758,75,0,0,75,83,92,114,0.007454,0.0137,0.01286,1,0,1,2257.2
hash_based,3,62,1,11.338,13.616,0.9831,0.9776,75,0,0,75,84,92,114,0.007454,0.0137,0.01286,1,0,1,2257.2
hash_based,3,63,1,11.095,12.915,0.982,0.9763,72,0,0,72,84,92,115,0.007461,0.012916,0.012908,1,0,1,2257.2
hash_based,3,64,1,10.881,12.625,0.9809,0.975,72,0,0,72,84,92,116,0.007463,0.012634,0.012546,1,0,1,2257.2
hash_based,3,65,1,10.886,12.701,0.9819,0.9768,72,0,0,72,85,92,116,0.007326,0.01271,0.012623,1,0,1,2257.2
hash_based,3,66,1,10.922,12.674,0.9807,0.9755,66,0,0,66,85,92,117,0.007541,0.012534,0.01269,1,0,1,2257.2
hash_based,3,67,1,11.664,13.423,0.9796,0.9743,66,0,0,66,85,92,118,0.008478,0.013049,0.013465,1,0,1,2257.2
hash_based,3,68,1,11.154,13.381,0.9784,0.973,66,0,0,66,85,92,119,0.007376,0.012621,0.013465,1,0,1,2257.2
hash_based,3,69,1,10.932,12.78,0.979,0.973,66,0,0,66,85,93,119,0.007376,0.012621,0.012798,1,0,1,2257.2
hash_based,3,70,1,10.843,12.595,0.9795,0.973,66,0,0,66,85,94,119,0.00737,0.012599,0.012559,1,0,1,2257.2
hash_based,3,71,1,10.887,12.68,0.9799,0.973,61,0,0,61,85,95,119,0.007401,0.012693,0.012567,1,0,1,2257.2
hash_based,3,72,1,10.939,12.79,0.9788,0.9717,61,0,0,61,85,95,120,0.007432,0.012569,0.012815,1,0,1,2257.2
hash_based,3,73,1,10.919,12.727,0.9776,0.9704,61,0,0,61,85,95,121,0.007418,0.012596,0.012742,1,0,1,2257.2
hash_based,3,74,1,10.867,12.634,0.9765,0.969,56,0,0,56,85,95,122,0.007357,0.012606,0.012637,1,0,1,2257.2
hash_based,3,75,1,10.867,12.634,0.977,0.969,56,0,0,56,85,96,122,0.007357,0.012606,0.012637,1,0,1,2257.2
hash_based,3,76,1,10.926,12.599,0.9774,0.969,56,0,0,56,85,97,122,0.007624,0.01255,0.012604,1,0,1,2257.2
hash_based,3,77,1,11.235,13.41,0.9785,0.9709,56,0,0,56,86,97,122,0.007368,0.01347,0.012868,1,0,1,2257.2
hash_based,3,78,1,10.847,12.566,0.9774,0.9696,56,0,0,56,86,97,123,0.007429,0.012569,0.012543,1,0,1,2257.2
hash_based,3,79,1,10.841,12.584,0.9778,0.9696,51,0,0,51,86,98,123,0.0074,0.01259,0.012534,1,0,1,2257.2
hash_based,3,80,1,10.931,12.86,0.9782,0.9696,51,0,0,51,86,99,123,0.007363,0.012533,0.012896,1,0,1,2257.2
hash_based,3,81,1,11.028,12.885,0.9785,0.9696,51,0,0,51,86,100,123,0.007405,0.012782,0.012896,1,0,1,2257.2
hash_based,3,82,1,10.942,12.768,0.9788,0.9696,51,0,0,51,86,101,123,0.007405,0.012782,0.012638,1,0,1,2257.2
hash_based,3,83,1,10.857,12.556,0.98,0.9715,46,0,0,46,87,101,123,0.007474,0.012558,0.012538,1,0,1,2257.2
hash_based,3,84,0,10.884,12.636,0.98,0.9715,46,0,0,46,87,101,123,0.007392,0.012623,0.012638,1,0,1,2257.2
hash_based,3,85,1,10.996,12.807,0.9802,0.9715,46,0,0,46,87,102,123,0.007435,0.012815,0.012739,1,0,1,2257.2
hash_based,3,86,1,10.942,12.568,0.9805,0.9715,46,0,0,46,87,103,123,0.007698,0.012569,0.01256,1,0,1,2257.2
hash_based,3,87,1,11.173,13.214,0.9795,0.9702,41,0,0,41,87,103,124,0.007609,0.013279,0.012631,1,0,1,2257.2
hash_based,3,88,1,11.092,13.214,0.9797,0.9702,41,0,0,41,87,104,124,0.007366,0.013279,0.012631,1,0,1,2257.2
hash_based,3,89,1,11.241,13.623,0.9787,0.9689,41,0,0,41,87,104,125,0.007366,0.013734,0.012622,1,0,1,2257.2
hash_based,3,90,1,11.028,12.854,0.9799,0.9799,41,0,0,41,88,104,125,0.007462,0.012756,0.012865,1,1,1,2257.2
hash_based,3,91,11,15.553,25.2,0.9802,0.9802,37,0,2,37,90,110,128,0.007467,0.026601,0.012592,1,1,1,2257.2
hash_based,3,92,1,15.419,24.887,0.9794,0.9794,37,0,3,37,90,110,129,0.007441,0.026257,0.012559,1,1,1,2257.2
hash_based,3,93,11,15.706,25.219,0.9852,0.9852,37,0,5,37,97,112,131,0.007435,0.026563,0.013121,1,1,1,2257.2
hash_based,3,94,1,15.704,25.219,0.986,0.986,37,0,5,37,98,112,131,0.007429,0.026563,0.013121,1,1,1,2257.2
hash_based,3,95,1,15.597,25.17,0.9869,0.9869,34,0,6,34,99,112,131,0.007429,0.026543,0.012818,1,1,1,2257.2
hash_based,3,96,1,15.472,25.039,0.9877,0.9877,34,0,7,34,100,112,131,0.007432,0.026426,0.012558,1,1,1,2257.2
hash_based,3,97,11,15.363,24.913,0.9871,0.9871,34,0,8,34,102,117,135,0.007369,0.026301,0.01242,1,1,1,2257.2
hash_based,3,98,11,15.443,24.956,0.984,0.984,34,0,11,34,103,121,141,0.007323,0.026319,0.012688,1,1,1,2257.2
hash_based,3,99,1,15.616,25.198,0.9832,0.9832,27,0,12,27,103,121,142,0.007415,0.026569,0.012863,1,1,1,2257.2
hash_based,3,100,1,15.487,24.886,0.9824,0.9824,27,0,13,27,103,121,143,0.007377,0.026222,0.012863,1,1,1,2257.2
hash_based,3,101,1,15.388,24.856,0.9816,0.9816,27,0,13,27,103,121,144,0.007377,0.026222,0.012566,1,1,1,2257.2
hash_based,3,102,1,15.638,25.325,0.9826,0.9826,27,0,14,27,104,121,144,0.007361,0.026712,0.012841,1,1,1,2257.2
hash_based,3,103,11,15.411,24.767,0.9844,0.9844,21,0,15,21,107,127,146,0.007406,0.026105,0.012723,1,1,1,2257.2
hash_based,3,104,11,15.808,25.735,0.9821,0.9821,21,0,17,21,108,132,151,0.007479,0.027176,0.012769,1,1,1,2257.2
hash_based,3,105,11,15.907,24.987,0.9838,0.9838,21,0,20,21,112,136,154,0.008548,0.026337,0.012835,1,1,1,2257.2
hash_based,3,106,11,15.649,24.987,0.9867,0.9867,21,0,20,21,117,140,156,0.007776,0.026337,0.012835,1,1,1,2257.2
hash_based,3,107,11,16.124,25.58,0.9868,0.9868,22,0,22,21,121,142,161,0.007776,0.026901,0.013694,1,1,1,2257.2
hash_based,3,108,0,15.811,25.44,0.9868,0.9868,24,0,24,18,121,142,161,0.007567,0.026817,0.013049,1,1,1,2257.2
hash_based,3,109,1,15.58,25.121,0.9862,0.9862,25,0,25,18,121,142,162,0.007446,0.02649,0.012804,1,1,1,2257.2
hash_based,3,110,1,15.821,25.659,0.9856,0.9856,26,0,26,18,121,142,163,0.007558,0.027086,0.012819,1,1,1,2257.2
hash_based,3,111,1,15.551,25.009,0.9864,0.9864,27,0,27,12,122,142,163,0.007477,0.026364,0.012812,1,1,1,2257.2
hash_based,3,112,1,15.551,25.009,0.9871,0.9871,27,0,27,12,123,142,163,0.007477,0.026364,0.012812,1,1,1,2257.2
hash_based,3,113,1,15.518,25.078,0.9865,0.9865,28,0,28,12,123,142,164,0.007425,0.026456,0.012674,1,1,1,2257.2
hash_based,3,114,1,15.602,25.258,0.9858,0.9858,29,0,29,12,123,142,165,0.007492,0.026658,0.012657,1,1,1,2257.2
hash_based,3,115,11,16.028,26.047,0.9877,0.9877,31,0,31,8,128,145,168,0.007601,0.027498,0.012984,1,1,1,2257.2
hash_based,3,116,11,15.331,24.689,0.9908,0.9908,33,0,33,8,135,147,170,0.007398,0.026037,0.012557,1,1,1,2257.2
hash_based,3,117,1,15.567,25.276,0.9913,0.9913,34,0,34,8,136,147,170,0.007402,0.026682,0.012617,1,1,1,2257.2
hash_based,3,118,11,15.567,25.276,0.9939,0.9939,34,0,34,8,142,151,171,0.007402,0.026682,0.012617,1,1,1,2257.2
hash_based,3,119,11,15.377,24.731,0.994,0.994,36,0,36,8,144,157,174,0.007486,0.026083,0.012562,1,1,1,2257.2
hash_based,3,120,1,15.514,24.771,0.9944,0.9974,38,0,38,1,145,157,174,0.007589,0.026095,0.012857,0,1,1,2257.2
hash_based,3,121,1,10.985,12.978,0.994,0.9971,38,0,38,1,145,157,175,0.007355,0.013022,0.012578,0,1,1,2257.2
hash_based,3,122,1,10.817,12.554,0.9936,0.9968,38,0,38,1,145,157,176,0.007376,0.012517,0.012558,0,1,1,2257.2
hash_based,3,123,1,11.022,12.82,0.9937,0.9971,38,0,38,0,145,158,176,0.00745,0.012823,0.012792,0,1,1,2257.2
hash_based,3,124,1,11.008,12.82,0.9933,0.9968,38,0,38,0,145,158,177,0.007409,0.012823,0.012792,0,1,1,2257.2
hash_based,3,125,1,10.887,12.688,0.9937,0.9968,38,0,38,0,146,158,177,0.007409,0.012704,0.012549,0,1,1,2257.2
hash_based,3,126,1,10.836,12.565,0.9933,0.9965,38,0,38,0,146,158,178,0.007448,0.012488,0.012573,0,1,1,2257.2
hash_based,3,127,1,11.14,13.08,0.9929,0.9961,38,0,38,0,146,158,179,0.00768,0.012608,0.013132,0,1,1,2257.2
hash_based,3,128,1,10.859,12.576,0.993,0.9965,38,0,38,0,146,159,179,0.00743,0.012577,0.01257,0,1,1,2257.2
hash_based,3,129,1,10.859,12.627,0.9931,0.9969,38,0,38,0,146,160,179,0.007365,0.012633,0.012578,0,1,1,2257.2
hash_based,3,130,1,10.91,12.706,0.9931,0.9972,38,0,38,0,146,161,179,0.007492,0.01251,0.012728,0,1,1,2257.2
hash_based,3,131,1,10.91,12.706,0.9935,0.9972,38,0,38,0,147,161,179,0.007492,0.01251,0.012728,0,1,1,2257.2
hash_based,3,132,1,10.962,12.748,0.9939,0.9972,38,0,38,0,148,161,179,0.00749,0.012761,0.012636,0,1,1,2257.2
hash_based,3,133,1,10.873,12.61,0.9935,0.9969,38,0,38,0,148,161,180,0.00741,0.012598,0.012611,0,1,1,2257.2
hash_based,3,134,1,10.884,12.64,0.9939,0.9969,38,0,38,0,149,161,180,0.007437,0.012567,0.012648,0,1,1,2257.2
hash_based,3,135,1,10.853,12.579,0.9935,0.9966,38,0,38,0,149,161,181,0.007404,0.012579,0.012577,0,1,1,2257.2
hash_based,3,136,1,11.113,12.559,0.9936,0.9969,38,0,38,0,149,162,181,0.008293,0.012477,0.012568,0,1,1,2257.2
hash_based,3,137,1,10.835,12.559,0.994,0.9969,38,0,38,0,150,162,181,0.007461,0.012477,0.012568,0,1,1,2257.2
hash_based,3,138,1,10.993,12.824,0.9936,0.9966,38,0,38,0,150,162,182,0.007461,0.012679,0.01284,0,1,1,2257.2
hash_based,3,139,1,10.827,12.56,0.994,0.9966,38,0,38,0,151,162,182,0.007415,0.012566,0.012501,0,1,1,2257.2
hash_based,3,140,1,10.842,12.582,0.9943,0.9966,38,0,38,0,152,162,182,0.007388,0.012552,0.012585,0,1,1,2257.2
hash_based,3,141,1,10.936,12.604,0.9944,0.997,38,0,38,0,152,163,182,0.007627,0.012572,0.012608,0,1,1,2257.2
hash_based,3,142,0,10.991,12.825,0.9944,0.997,38,0,38,0,152,163,182,0.007477,0.012653,0.012844,0,1,1,2257.2
hash_based,3,143,1,10.935,12.828,0.9948,0.997,38,0,38,0,153,163,182,0.007386,0.012562,0.012858,0,1,1,2257.2
hash_based,3,144,1,10.935,12.828,0.9944,0.9967,38,0,38,0,153,163,183,0.007386,0.012562,0.012858,0,1,1,2257.2
hash_based,3,145,1,11.253,12.692,0.994,0.9964,38,0,38,0,153,163,184,0.00839,0.012676,0.012694,0,1,1,2257.2
hash_based,3,146,1,10.895,12.654,0.9936,0.996,38,0,38,0,153,163,185,0.007419,0.012605,0.01266,0,1,1,2257.2
hash_based,3,147,1,11.281,12.807,0.9932,0.9957,38,0,38,0,153,163,186,0.00831,0.012817,0.012716,0,1,1,2257.2
hash_based,3,148,1,11.0,12.969,0.9936,0.9957,38,0,38,0,154,163,186,0.0074,0.012587,0.013012,0,1,1,2257.2
hash_based,3,149,1,11.004,12.962,0.9937,0.9961,38,0,38,0,154,164,186,0.007405,0.013002,0.012604,0,1,1,2257.2
hash_based,3,150,1,10.878,12.601,0.9938,0.9938,38,0,38,0,154,165,186,0.007453,0.012577,0.012604,1,1,1,2257.2
hash_based,3,151,1,10.862,12.575,0.9939,0.9939,38,0,38,0,154,166,186,0.007453,0.012577,0.012555,1,1,1,2257.2
hash_based,3,152,11,15.076,19.509,0.9956,0.9956,38,1,38,0,161,168,188,0.02028,0.012569,0.01238,1,1,1,2257.2
hash_based,3,153,1,13.675,15.568,0.9957,0.9957,36,3,36,0,161,169,188,0.015902,0.012561,0.012562,1,1,1,2257.2
hash_based,3,154,1,13.786,15.747,0.9954,0.9954,36,4,36,0,161,169,189,0.016087,0.012685,0.012586,1,1,1,2257.2
hash_based,3,155,1,13.644,15.493,0.995,0.995,36,5,36,0,161,169,190,0.015817,0.01254,0.012574,1,1,1,2257.2
hash_based,3,156,1,13.618,15.439,0.9947,0.9947,31,6,31,0,161,169,191,0.015757,0.012522,0.012574,1,1,1,2257.2
hash_based,3,157,1,13.614,15.438,0.9943,0.9943,31,6,31,0,161,169,192,0.015757,0.012522,0.012563,1,1,1,2257.2
hash_based,3,158,11,14.069,15.956,0.9949,0.9949,31,7,31,0,165,173,195,0.016246,0.012612,0.013349,1,1,1,2257.2
hash_based,3,159,11,13.677,15.5,0.9962,0.9962,31,9,31,0,171,176,197,0.01582,0.012586,0.012624,1,1,1,2257.2
hash_based,3,160,1,13.877,15.706,0.9963,0.9963,26,11,26,0,171,177,197,0.016028,0.012795,0.012808,1,1,1,2257.2
hash_based,3,161,11,13.796,15.551,0.9967,0.9967,26,13,26,0,175,181,200,0.01584,0.012596,0.012951,1,1,1,2257.2
hash_based,3,162,1,13.957,15.935,0.9964,0.9964,26,14,26,0,175,181,201,0.01626,0.013007,0.012604,1,1,1,2257.2
hash_based,3,163,11,13.957,15.935,0.9964,0.9964,26,14,26,0,178,185,205,0.01626,0.013007,0.012604,1,1,1,2257.2
hash_based,3,164,1,13.944,16.078,0.9964,0.9964,26,16,26,0,178,186,205,0.016443,0.012789,0.0126,1,1,1,2257.2
hash_based,3,165,1,13.59,15.166,0.9962,0.9962,21,17,21,0,178,186,206,0.015433,0.012767,0.01257,1,1,1,2257.2
hash_based,3,166,1,13.85,15.831,0.9959,0.9959,21,18,21,0,178,186,207,0.016177,0.012712,0.012661,1,1,1,2257.2
hash_based,3,167,1,13.855,15.6,0.996,0.996,21,19,21,0,178,187,207,0.015869,0.012515,0.013181,1,1,1,2257.2
hash_based,3,168,1,13.798,15.857,0.9961,0.9961,20,20,14,0,178,188,207,0.016217,0.012615,0.012561,1,1,1,2257.2
hash_based,3,169,1,13.798,15.857,0.9958,0.9958,20,20,14,0,178,188,208,0.016217,0.012615,0.012561,1,1,1,2257.2
hash_based,3,170,11,13.761,15.558,0.996,0.996,21,21,14,0,181,193,211,0.015855,0.012887,0.012542,1,1,1,2257.2
hash_based,3,171,1,13.743,15.597,0.9961,0.9961,23,23,14,0,181,194,211,0.015915,0.012582,0.012731,1,1,1,2257.2
hash_based,3,172,1,13.744,15.573,0.9958,0.9958,24,24,14,0,181,194,212,0.015891,0.012713,0.012627,1,1,1,2257.2
hash_based,3,173,0,13.639,15.509,0.9958,0.9958,25,25,11,0,181,194,212,0.015836,0.012514,0.012568,1,1,1,2257.2
hash_based,3,174,1,13.739,15.731,0.9958,0.9958,26,26,11,0,181,195,212,0.01608,0.012546,0.012591,1,1,1,2257.2
hash_based,3,175,11,13.674,15.556,0.9954,0.9954,28,28,11,0,184,198,217,0.015885,0.012546,0.012591,1,1,1,2257.2
hash_based,3,176,1,13.756,15.579,0.9952,0.9952,28,28,11,0,184,198,218,0.015885,0.012827,0.012556,1,1,1,2257.2
hash_based,3,177,1,13.869,15.502,0.9952,0.9952,29,29,5,0,184,199,218,0.015741,0.012514,0.013353,1,1,1,2257.2
hash_based,3,178,1,13.736,15.585,0.9949,0.9949,30,30,5,0,184,199,219,0.015902,0.012578,0.012728,1,1,1,2257.2
hash_based,3,179,11,14.107,15.592,0.9958,0.9958,32,32,5,0,190,201,222,0.015795,0.013763,0.012764,1,1,1,2257.2
ecmp,1,0,0,15.543,25.122,1.0,1.0,0,0,0,0,0,0,0,0.007434,0.012691,0.026503,1,1,1,2206.4
ecmp,1,1,1,15.435,24.65,0.3333,0.3333,35,35,0,3,1,0,0,0.007472,0.012873,0.025959,1,1,1,2206.4
ecmp,1,2,1,15.477,25.01,0.6667,0.6667,35,35,0,4,1,1,0,0.007404,0.012642,0.026384,1,1,1,2206.4
ecmp,1,3,11,15.475,25.003,0.9883,0.9883,35,35,0,4,5,4,4,0.007472,0.01257,0.026384,1,1,1,2206.4
ecmp,1,4,1,15.397,24.792,0.9899,0.9899,35,35,0,6,5,5,4,0.007472,0.01257,0.02615,1,1,1,2206.4
ecmp,1,5,11,15.346,24.651,0.9968,0.9968,35,35,0,8,9,8,8,0.007525,0.012513,0.026,1,1,1,2206.4
ecmp,1,6,1,15.54,25.214,0.9971,0.9971,35,35,0,9,9,9,8,0.007396,0.012608,0.026615,1,1,1,2206.4
ecmp,1,7,11,15.415,24.892,0.9985,0.9985,35,35,0,11,13,12,12,0.0074,0.012585,0.026259,1,1,1,2206.4
ecmp,1,8,1,15.322,24.619,0.9986,0.9986,35,35,0,12,13,13,12,0.00741,0.0126,0.025955,1,1,1,2206.4
ecmp,1,9,11,15.559,25.269,0.9992,0.9992,35,35,0,14,17,16,16,0.007391,0.012611,0.026675,1,1,1,2206.4
ecmp,1,10,1,15.559,25.269,0.9992,0.9992,35,35,0,14,17,17,16,0.007391,0.012611,0.026675,1,1,1,2206.4
ecmp,1,11,11,15.46,24.987,0.9995,0.9995,35,35,0,15,21,20,20,0.007418,0.0126,0.026363,1,1,1,2206.4
ecmp,1,12,1,15.593,24.899,0.9995,0.9995,35,35,0,17,21,21,20,0.007392,0.013185,0.026201,1,1,1,2206.4
ecmp,1,13,11,15.317,24.623,0.9996,0.9996,35,35,0,20,25,24,24,0.007394,0.012598,0.025959,1,1,1,2206.4
ecmp,1,14,1,15.477,24.988,0.9996,0.9996,35,35,0,20,25,25,24,0.007377,0.012701,0.026353,1,1,1,2206.4
ecmp,1,15,11,15.515,25.194,0.9997,0.9997,35,35,0,22,29,28,28,0.007384,0.012564,0.026597,1,1,1,2206.4
ecmp,1,16,1,15.515,25.194,0.9997,0.9997,35,35,0,22,29,29,28,0.007384,0.012564,0.026597,1,1,1,2206.4
ecmp,1,17,11,15.416,24.779,0.9998,0.9998,35,35,0,23,33,32,32,0.007538,0.012574,0.026135,1,1,1,2206.4
ecmp,1,18,1,15.367,24.81,0.9998,0.9998,35,35,0,25,33,33,32,0.007353,0.012579,0.026169,1,1,1,2206.4
ecmp,1,19,11,15.387,24.712,0.9998,0.9998,35,35,0,26,37,36,36,0.007468,0.012639,0.026054,1,1,1,2206.4
ecmp,1,20,1,15.762,25.858,0.9998,0.9998,35,35,0,28,37,37,36,0.007359,0.012597,0.027331,1,1,1,2206.4
ecmp,1,21,11,15.443,24.813,0.9999,0.9999,35,35,0,30,41,40,40,0.007432,0.012742,0.026154,1,1,1,2206.4
ecmp,1,22,1,15.443,24.813,0.9999,0.9999,35,35,0,30,41,41,40,0.007434,0.012742,0.026154,1,1,1,2206.4
ecmp,1,23,7,15.779,25.591,1.0,1.0,35,35,0,31,43,43,43,0.007434,0.012903,0.027001,1,1,1,2206.4
ecmp,1,24,4,15.359,24.704,0.9999,0.9999,35,35,0,33,45,44,44,0.007442,0.012585,0.026051,1,1,1,2206.4
ecmp,1,25,1,15.376,24.779,0.9999,0.9999,35,35,0,34,45,45,44,0.007446,0.012544,0.026138,1,1,1,2206.4
ecmp,1,26,11,15.473,25.032,0.9999,0.9999,36,35,0,36,49,48,48,0.007422,0.012581,0.026415,1,1,1,2206.4
ecmp,1,27,1,15.633,25.518,0.9999,0.9999,37,35,0,37,49,49,48,0.007363,0.01258,0.026956,1,1,1,2206.4
ecmp,1,28,11,15.674,25.518,0.9999,0.9999,37,32,0,37,53,52,52,0.007486,0.01258,0.026956,1,1,1,2206.4
ecmp,1,29,1,15.468,25.079,0.9999,0.9999,39,32,0,39,53,53,52,0.007486,0.012434,0.026484,1,1,1,2206.4
ecmp,1,30,11,15.337,24.658,0.9999,0.9999,42,32,0,42,57,56,56,0.007399,0.012617,0.025996,1,1,1,2206.4
ecmp,1,31,1,15.972,25.635,0.9999,0.9999,42,32,0,42,57,57,56,0.007915,0.012959,0.027043,1,1,1,2206.4
ecmp,1,32,11,15.888,25.339,0.9999,0.9999,44,29,0,44,61,60,60,0.008289,0.012623,0.026752,1,1,1,2206.4
ecmp,1,33,1,15.378,24.836,0.9999,0.9999,45,29,0,45,61,61,60,0.00741,0.012519,0.026205,1,1,1,2206.4
ecmp,1,34,11,15.612,24.855,0.9999,0.9999,45,29,0,45,65,64,64,0.007926,0.012705,0.026205,1,1,1,2206.4
ecmp,1,35,1,16.042,26.017,0.9999,0.9999,47,29,0,47,65,65,64,0.007926,0.012705,0.027496,1,1,1,2206.4
ecmp,1,36,11,15.58,25.112,1.0,1.0,48,29,0,48,69,68,68,0.007541,0.012708,0.02649,1,1,1,2206.4
ecmp,1,37,1,15.678,25.383,1.0,1.0,50,22,0,50,69,69,68,0.00755,0.01269,0.026793,1,1,1,2206.4
ecmp,1,38,11,15.769,25.667,1.0,1.0,52,22,0,52,73,72,72,0.007703,0.01247,0.027133,1,1,1,2206.4
ecmp,1,39,1,15.785,25.217,1.0,1.0,53,22,0,53,73,73,72,0.007504,0.01331,0.02654,1,1,1,2206.4
ecmp,1,40,11,15.785,25.217,1.0,1.0,53,22,0,53,77,76,76,0.007504,0.01331,0.02654,1,1,1,2206.4
ecmp,1,41,1,15.546,25.091,1.0,1.0,55,18,0,55,77,77,76,0.007534,0.012628,0.026476,1,1,1,2206.4
ecmp,1,42,11,15.835,24.973,1.0,1.0,56,18,0,56,81,80,80,0.008465,0.012703,0.026336,1,1,1,2206.4
ecmp,1,43,1,15.5,24.749,1.0,1.0,58,18,0,58,81,81,80,0.007699,0.012715,0.026086,1,1,1,2206.4
ecmp,1,44,11,15.384,24.728,1.0,1.0,59,18,0,59,85,84,84,0.007498,0.012577,0.026078,1,1,1,2206.4
ecmp,1,45,1,15.467,24.892,1.0,1.0,61,14,0,61,85,85,84,0.007468,0.012684,0.026248,1,1,1,2206.4
ecmp,1,46,7,15.467,24.892,1.0,1.0,61,14,0,61,87,87,87,0.007468,0.012684,0.026248,1,1,1,2206.4
ecmp,1,47,4,15.507,24.83,1.0,1.0,63,14,0,63,89,88,88,0.00742,0.012952,0.02615,1,1,1,2206.4
ecmp,1,48,1,15.62,25.479,1.0,1.0,64,14,0,64,89,89,88,0.007395,0.012549,0.026916,1,1,1,2206.4
ecmp,1,49,11,15.567,24.982,1.0,1.0,66,10,0,66,93,92,92,0.007432,0.01295,0.026319,1,1,1,2206.4
ecmp,1,50,1,15.384,24.773,1.0,1.0,67,10,0,67,93,93,92,0.007425,0.012601,0.026125,1,1,1,2206.4
ecmp,1,51,11,15.758,25.163,1.0,1.0,69,10,0,69,97,96,96,0.007403,0.013401,0.02647,1,1,1,2206.4
ecmp,1,52,1,15.758,25.163,1.0,1.0,69,10,0,69,97,97,96,0.007403,0.013401,0.02647,1,1,1,2206.4
ecmp,1,53,11,15.45,24.886,1.0,1.0,70,6,0,70,101,100,100,0.007456,0.012648,0.026246,1,1,1,2206.4
ecmp,1,54,1,15.753,25.091,1.0,1.0,72,6,0,72,101,101,100,0.007463,0.013407,0.026389,1,1,1,2206.4
ecmp,1,55,11,15.564,24.989,1.0,1.0,74,6,0,74,105,104,104,0.007405,0.012961,0.026325,1,1,1,2206.4
ecmp,1,56,1,15.46,24.997,1.0,1.0,75,6,0,75,105,105,104,0.00745,0.012549,0.02638,1,1,1,2206.4
ecmp,1,57,11,15.467,25.091,1.0,1.0,77,1,0,77,109,108,108,0.007431,0.012476,0.026493,1,1,1,2206.4
ecmp,1,58,1,15.467,25.091,1.0,1.0,77,1,0,77,109,109,108,0.007431,0.012476,0.026493,1,1,1,2206.4
ecmp,1,59,11,15.538,25.202,1.0,1.0,78,1,0,78,113,112,112,0.007388,0.012627,0.026599,1,1,1,2206.4
ecmp,1,60,1,15.658,25.549,1.0,1.0,80,1,0,80,113,113,112,0.007416,0.012566,0.026992,1,0,1,2206.4
ecmp,1,61,1,11.208,13.36,1.0,1.0,78,0,0,78,113,113,113,0.007404,0.013422,0.012798,1,0,1,2206.4
ecmp,1,62,1,10.826,12.539,1.0,1.0,78,0,0,78,114,113,113,0.007424,0.012511,0.012542,1,0,1,2206.4
ecmp,1,63,1,10.857,12.569,1.0,1.0,78,0,0,78,114,114,113,0.00744,0.01257,0.012562,1,0,1,2206.4
ecmp,1,64,1,10.839,12.574,1.0,1.0,78,0,0,78,114,114,114,0.00738,0.012575,0.012562,1,0,1,2206.4
ecmp,1,65,1,10.908,12.749,1.0,1.0,78,0,0,78,115,114,114,0.00738,0.012575,0.012768,1,0,1,2206.4
ecmp,1,66,1,10.989,12.871,1.0,1.0,72,0,0,72,115,115,114,0.007439,0.012631,0.012898,1,0,1,2206.4
ecmp,1,67,1,11.009,12.592,1.0,1.0,72,0,0,72,115,115,115,0.007859,0.012594,0.012573,1,0,1,2206.4
ecmp,1,68,1,11.038,12.827,1.0,1.0,72,0,0,72,116,115,115,0.007706,0.012549,0.012858,1,0,1,2206.4
ecmp,1,69,1,11.048,12.703,1.0,1.0,67,0,0,67,116,116,115,0.007783,0.012654,0.012708,1,0,1,2206.4
ecmp,1,70,1,10.889,12.653,1.0,1.0,67,0,0,67,116,116,116,0.007412,0.012659,0.012595,1,0,1,2206.4
ecmp,1,71,1,10.889,12.653,1.0,1.0,67,0,0,67,117,116,116,0.007412,0.012659,0.012595,1,0,1,2206.4
ecmp,1,72,1,11.387,13.623,1.0,1.0,67,0,0,67,117,117,116,0.007645,0.013715,0.0128,1,0,1,2206.4
ecmp,1,73,1,10.958,12.855,1.0,1.0,67,0,0,67,117,117,117,0.007383,0.012882,0.012609,1,0,1,2206.4
ecmp,1,74,1,10.837,12.596,1.0,1.0,63,0,0,63,118,117,117,0.007421,0.012609,0.01248,1,0,1,2206.4
ecmp,1,75,1,10.912,12.72,1.0,1.0,63,0,0,63,118,118,117,0.007425,0.012736,0.012575,1,0,1,2206.4
ecmp,1,76,0,10.849,12.55,1.0,1.0,63,0,0,63,118,118,117,0.007459,0.012535,0.012552,1,0,1,2206.4
ecmp,1,77,1,10.946,12.552,1.0,1.0,63,0,0,63,118,118,118,0.007736,0.012551,0.012552,1,0,1,2206.4
ecmp,1,78,1,11.03,12.777,1.0,1.0,57,0,0,57,119,118,118,0.007736,0.012551,0.012802,1,0,1,2206.4
ecmp,1,79,1,10.858,12.611,1.0,1.0,57,0,0,57,119,119,118,0.007411,0.012618,0.012545,1,0,1,2206.4
ecmp,1,80,1,10.953,12.829,1.0,1.0,57,0,0,57,119,119,119,0.007421,0.012856,0.012583,1,0,1,2206.4
ecmp,1,81,1,10.842,12.556,1.0,1.0,57,0,0,57,120,119,119,0.007434,0.012532,0.012559,1,0,1,2206.4
ecmp,1,82,1,10.839,12.574,1.0,1.0,52,0,0,52,120,120,119,0.007372,0.012574,0.012572,1,0,1,2206.4
ecmp,1,83,1,11.046,12.864,1.0,1.0,52,0,0,52,120,120,120,0.007483,0.012783,0.012873,1,0,1,2206.4
ecmp,1,84,1,11.046,12.864,1.0,1.0,52,0,0,52,121,120,120,0.007483,0.012783,0.012873,1,0,1,2206.4
ecmp,1,85,1,11.129,13.06,1.0,1.0,52,0,0,52,121,121,120,0.007448,0.013082,0.012858,1,0,1,2206.4
ecmp,1,86,1,11.135,13.381,1.0,1.0,46,0,0,46,121,121,121,0.007405,0.012525,0.013476,1,0,1,2206.4
ecmp,1,87,1,10.919,12.722,1.0,1.0,46,0,0,46,122,121,121,0.007437,0.012584,0.012737,1,0,1,2206.4
ecmp,1,88,1,10.912,12.564,1.0,1.0,46,0,0,46,122,122,121,0.007639,0.012568,0.012528,1,0,1,2206.4
ecmp,1,89,1,10.844,12.579,1.0,1.0,41,0,0,41,122,122,122,0.007381,0.012571,0.01258,1,0,1,2206.4
ecmp,1,90,1,10.839,12.608,1.0,1.0,41,0,0,41,123,122,122,0.007409,0.012487,0.012621,1,1,1,2206.4
ecmp,1,91,11,10.839,12.608,1.0,1.0,41,0,0,41,126,126,126,0.007409,0.012487,0.012621,1,1,1,2206.4
ecmp,1,92,1,15.66,24.899,1.0,1.0,41,0,2,41,127,126,126,0.007412,0.026178,0.013389,1,1,1,2206.4
ecmp,1,93,11,15.69,25.393,1.0,1.0,41,0,3,41,130,130,130,0.007442,0.026788,0.012839,1,1,1,2206.4
ecmp,1,94,1,15.393,24.83,1.0,1.0,35,0,5,35,131,130,130,0.007417,0.026192,0.01257,1,1,1,2206.4
ecmp,1,95,11,15.41,24.837,1.0,1.0,35,0,7,35,134,134,134,0.007392,0.026191,0.012647,1,1,1,2206.4
ecmp,1,96,1,15.523,25.065,1.0,1.0,35,0,8,35,135,134,134,0.007476,0.026445,0.012647,1,1,1,2206.4
ecmp,1,97,11,15.553,25.074,1.0,1.0,35,0,8,35,138,138,138,0.007476,0.026445,0.012739,1,1,1,2206.4
ecmp,1,98,1,15.643,25.405,1.0,1.0,30,0,10,30,139,138,138,0.007476,0.026825,0.012628,1,1,1,2206.4
ecmp,1,99,11,15.474,25.092,1.0,1.0,30,0,11,30,142,142,142,0.007357,0.026482,0.012582,1,1,1,2206.4
ecmp,1,100,1,15.71,25.142,1.0,1.0,30,0,13,30,143,142,142,0.007474,0.026471,0.013184,1,1,1,2206.4
ecmp,1,101,11,15.812,25.158,1.0,1.0,30,0,14,30,146,146,146,0.007377,0.02644,0.01362,1,1,1,2206.4
ecmp,1,102,1,15.806,25.133,1.0,1.0,30,0,16,30,147,146,146,0.007386,0.026412,0.01362,1,1,1,2206.4
ecmp,1,103,11,15.463,25.03,1.0,1.0,25,0,16,25,150,150,150,0.007386,0.026412,0.012591,1,1,1,2206.4
ecmp,1,104,0,15.494,24.864,1.0,1.0,25,0,18,25,150,150,150,0.007463,0.026203,0.012817,1,1,1,2206.4
ecmp,1,105,1,15.912,25.427,1.0,1.0,25,0,19,25,151,150,150,0.008321,0.026857,0.012559,1,1,1,2206.4
ecmp,1,106,11,15.716,25.559,1.0,1.0,21,0,21,19,154,154,154,0.007418,0.026983,0.012747,1,1,1,2206.4
ecmp,1,107,1,15.415,24.844,1.0,1.0,22,0,22,19,155,154,154,0.007466,0.026207,0.012572,1,1,1,2206.4
ecmp,1,108,11,15.65,25.529,1.0,1.0,24,0,24,19,158,158,158,0.007456,0.026975,0.012518,1,1,1,2206.4
ecmp,1,109,1,15.65,25.529,1.0,1.0,24,0,24,19,159,158,158,0.007456,0.026975,0.012518,1,1,1,2206.4
ecmp,1,110,11,15.812,25.746,1.0,1.0,25,0,25,19,162,162,162,0.007521,0.027193,0.012723,1,1,1,2206.4
ecmp,1,111,1,15.812,25.863,1.0,1.0,27,0,27,14,163,162,162,0.007487,0.027335,0.012613,1,1,1,2206.4
ecmp,1,112,11,15.957,26.127,1.0,1.0,29,0,29,14,166,166,166,0.007447,0.027606,0.012817,1,1,1,2206.4
ecmp,1,113,1,15.626,25.216,1.0,1.0,30,0,30,14,167,166,166,0.007616,0.026612,0.012649,1,1,1,2206.4
ecmp,1,114,11,15.664,25.518,1.0,1.0,32,0,32,14,170,170,170,0.007394,0.026948,0.012649,1,1,1,2206.4
ecmp,1,115,1,15.613,25.503,1.0,1.0,32,0,32,8,171,170,170,0.007394,0.026948,0.012497,1,1,1,2206.4
ecmp,1,116,11,15.439,24.983,1.0,1.0,33,0,33,8,174,174,174,0.007387,0.026363,0.012567,1,1,1,2206.4
ecmp,1,117,1,15.653,25.192,1.0,1.0,35,0,35,8,175,174,174,0.007508,0.026559,0.012893,1,1,1,2206.4
ecmp,1,118,11,15.371,25.013,1.0,1.0,36,0,36,3,178,178,178,0.007409,0.026428,0.012276,1,1,1,2206.4
ecmp,1,119,1,15.342,24.712,1.0,1.0,38,0,38,3,179,178,178,0.007405,0.026063,0.012557,1,1,1,2206.4
ecmp,1,120,11,15.455,24.804,1.0,1.0,40,0,40,3,182,182,182,0.007444,0.02614,0.012781,0,1,1,2206.4
ecmp,1,121,1,15.455,24.804,1.0,1.0,40,0,40,3,183,182,182,0.007444,0.02614,0.012781,0,1,1,2206.4
ecmp,1,122,1,11.346,13.12,1.0,1.0,40,0,40,3,183,183,182,0.008266,0.013178,0.012593,0,1,1,2206.4
ecmp,1,123,1,10.876,12.613,1.0,1.0,40,0,40,0,183,183,183,0.007439,0.012572,0.012617,0,1,1,2206.4
ecmp,1,124,1,10.938,12.814,1.0,1.0,40,0,40,0,184,183,183,0.007424,0.012546,0.012844,0,1,1,2206.4
ecmp,1,125,1,10.986,12.843,1.0,1.0,40,0,40,0,184,184,183,0.007417,0.01268,0.012861,0,1,1,2206.4
ecmp,1,126,1,10.978,12.942,1.0,1.0,40,0,40,0,184,184,184,0.007413,0.012534,0.012987,0,1,1,2206.4
ecmp,1,127,1,11.399,13.692,1.0,1.0,40,0,40,0,185,184,184,0.007439,0.01377,0.012987,0,1,1,2206.4
ecmp,1,128,1,11.258,13.649,1.0,1.0,40,0,40,0,185,185,184,0.007439,0.01377,0.012564,0,1,1,2206.4
ecmp,1,129,1,10.948,12.615,1.0,1.0,40,0,40,0,185,185,185,0.007629,0.012617,0.012599,0,1,1,2206.4
ecmp,1,130,1,10.868,12.617,1.0,1.0,40,0,40,0,186,185,185,0.007407,0.012622,0.012576,0,1,1,2206.4
ecmp,1,131,1,10.909,12.571,1.0,1.0,40,0,40,0,186,186,185,0.007613,0.01254,0.012574,0,1,1,2206.4
ecmp,1,132,1,10.981,12.798,1.0,1.0,40,0,40,0,186,186,186,0.007552,0.012569,0.012823,0,1,1,2206.4
ecmp,1,133,0,10.891,12.643,1.0,1.0,40,0,40,0,186,186,186,0.007444,0.01258,0.01265,0,1,1,2206.4
ecmp,1,134,1,10.891,12.643,1.0,1.0,40,0,40,0,187,186,186,0.007444,0.01258,0.01265,0,1,1,2206.4
ecmp,1,135,1,11.059,12.678,1.0,1.0,40,0,40,0,187,187,186,0.007863,0.012683,0.01263,0,1,1,2206.4
ecmp,1,136,1,10.851,12.578,1.0,1.0,40,0,40,0,187,187,187,0.007439,0.012583,0.012532,0,1,1,2206.4
ecmp,1,137,1,11.029,12.768,1.0,1.0,40,0,40,0,188,187,187,0.007701,0.012787,0.0126,0,1,1,2206.4
ecmp,1,138,1,10.821,12.568,1.0,1.0,40,0,40,0,188,188,187,0.007422,0.012461,0.01258,0,1,1,2206.4
ecmp,1,139,1,11.101,13.255,1.0,1.0,40,0,40,0,188,188,188,0.007401,0.013331,0.012571,0,1,1,2206.4
ecmp,1,140,1,10.918,12.74,1.0,1.0,40,0,40,0,189,188,188,0.007423,0.012759,0.012571,0,1,1,2206.4
ecmp,1,141,1,10.93,12.744,1.0,1.0,40,0,40,0,189,189,188,0.007423,0.012759,0.012609,0,1,1,2206.4
ecmp,1,142,1,10.906,12.716,1.0,1.0,40,0,40,0,189,189,189,0.007449,0.012532,0.012736,0,1,1,2206.4
ecmp,1,143,1,10.83,12.533,1.0,1.0,40,0,40,0,190,189,189,0.007449,0.012536,0.012504,0,1,1,2206.4
ecmp,1,144,1,10.954,12.608,1.0,1.0,40,0,40,0,190,190,189,0.007646,0.012608,0.012607,0,1,1,2206.4
ecmp,1,145,1,10.876,12.605,1.0,1.0,40,0,40,0,190,190,190,0.007424,0.012606,0.012599,0,1,1,2206.4
ecmp,1,146,1,11.089,13.027,1.0,1.0,40,0,40,0,191,190,190,0.007426,0.012788,0.013053,0,1,1,2206.4
ecmp,1,147,1,11.085,13.027,1.0,1.0,40,0,40,0,191,191,190,0.007414,0.012788,0.013053,0,1,1,2206.4
ecmp,1,148,1,11.0,12.903,1.0,1.0,40,0,40,0,191,191,191,0.007414,0.01293,0.012656,0,1,1,2206.4
ecmp,1,149,1,11.105,13.227,1.0,1.0,40,0,40,0,192,191,191,0.007422,0.012595,0.013297,0,1,1,2206.4
ecmp,1,150,1,10.771,12.571,1.0,1.0,40,0,40,0,192,192,191,0.007419,0.012292,0.012602,1,1,1,2206.4
ecmp,1,151,1,15.092,19.381,1.0,1.0,40,1,40,0,192,192,192,0.020135,0.012597,0.012544,1,1,1,2206.4
ecmp,1,152,11,13.753,15.602,1.0,1.0,40,3,40,0,196,196,195,0.015917,0.012766,0.012576,1,1,1,2206.4
ecmp,1,153,1,13.701,15.526,1.0,1.0,40,4,40,0,196,196,196,0.015841,0.012687,0.012576,1,1,1,2206.4
ecmp,1,154,11,13.708,15.526,1.0,1.0,40,4,40,0,200,200,199,0.015841,0.012687,0.012597,1,1,1,2206.4
ecmp,1,155,1,13.794,15.647,1.0,1.0,40,6,40,0,200,200,200,0.01596,0.012833,0.012588,1,1,1,2206.4
ecmp,1,156,11,13.651,15.538,1.0,1.0,35,7,35,0,204,204,203,0.015867,0.012506,0.012581,1,1,1,2206.4
ecmp,1,157,1,13.726,15.471,1.0,1.0,35,9,35,0,204,204,204,0.015763,0.012573,0.012842,1,1,1,2206.4
ecmp,1,158,11,13.651,15.567,1.0,1.0,35,10,35,0,208,208,207,0.015903,0.012545,0.012505,1,1,1,2206.4
ecmp,1,159,1,13.673,15.512,1.0,1.0,29,12,29,0,208,208,208,0.015834,0.01261,0.012574,1,1,1,2206.4
ecmp,1,160,11,13.673,15.512,1.0,1.0,29,12,29,0,212,212,211,0.015834,0.01261,0.012574,1,1,1,2206.4
ecmp,1,161,1,14.142,16.017,1.0,1.0,29,14,29,0,212,212,212,0.016321,0.013276,0.01283,1,1,1,2206.4
ecmp,1,162,11,14.027,15.553,1.0,1.0,29,15,29,0,216,216,215,0.01575,0.012552,0.013778,1,1,1,2206.4
ecmp,1,163,1,13.697,15.471,1.0,1.0,24,17,24,0,216,216,216,0.015778,0.012708,0.012604,1,1,1,2206.4
ecmp,1,164,7,13.729,15.638,1.0,1.0,24,18,24,0,219,218,218,0.015967,0.012544,0.012675,1,1,1,2206.4
ecmp,1,165,4,13.78,15.861,1.0,1.0,24,20,24,0,220,220,219,0.016225,0.01253,0.012585,1,1,1,2206.4
ecmp,1,166,1,13.764,15.819,1.0,1.0,24,21,24,0,220,220,220,0.016178,0.01253,0.012585,1,1,1,2206.4
ecmp,1,167,11,13.792,15.82,1.0,1.0,24,21,24,0,224,224,223,0.016178,0.0126,0.012599,1,1,1,2206.4
ecmp,1,168,1,13.755,15.582,1.0,1.0,23,23,19,0,224,224,224,0.015892,0.012578,0.012794,1,1,1,2206.4
ecmp,1,169,11,13.761,15.791,1.0,1.0,25,25,19,0,228,228,227,0.016147,0.012554,0.012583,1,1,1,2206.4
ecmp,1,170,1,13.732,15.551,1.0,1.0,26,26,19,0,228,228,228,0.015862,0.012754,0.012581,1,1,1,2206.4
ecmp,1,171,11,14.093,15.567,1.0,1.0,28,28,13,0,232,232,231,0.015764,0.012719,0.013796,1,1,1,2206.4
ecmp,1,172,1,14.384,16.353,1.0,1.0,29,29,13,0,232,232,232,0.016637,0.012719,0.013796,1,1,1,2206.4
ecmp,1,173,11,13.968,16.238,1.0,1.0,29,29,13,0,236,236,235,0.016637,0.012623,0.012645,1,1,1,2206.4
ecmp,1,174,1,13.92,16.068,1.0,1.0,31,31,13,0,236,236,236,0.016441,0.012708,0.012611,1,1,1,2206.4
ecmp,1,175,11,13.622,15.356,1.0,1.0,32,32,13,0,240,240,239,0.015634,0.012852,0.012381,1,1,1,2206.4
ecmp,1,176,1,13.755,15.47,1.0,1.0,34,34,8,0,240,240,240,0.015746,0.012536,0.012984,1,1,1,2206.4
ecmp,1,177,11,13.66,15.45,1.0,1.0,36,36,8,0,244,244,243,0.015762,0.012572,0.012646,1,1,1,2206.4
ecmp,1,178,1,13.676,15.468,1.0,1.0,37,37,8,0,244,244,244,0.015781,0.0126,0.012646,1,1,1,2206.4
ecmp,1,179,11,13.603,15.463,1.0,1.0,37,37,8,0,248,248,247,0.015781,0.0126,0.012428,1,1,1,2206.4
ecmp,2,0,0,15.518,25.131,1.0,1.0,0,0,0,0,0,0,0,0.007406,0.012628,0.02652,1,1,1,2254.1
ecmp,2,1,1,15.416,24.93,0.3333,0.3333,42,42,0,3,1,0,0,0.007412,0.012528,0.026308,1,1,1,2254.1
ecmp,2,2,1,15.471,24.893,0.6667,0.6667,42,42,0,4,1,1,0,0.007453,0.012712,0.026247,1,1,1,2254.1
ecmp,2,3,11,15.471,24.893,0.9883,0.9883,42,42,0,4,5,4,4,0.007453,0.012712,0.026247,1,1,1,2254.1
ecmp,2,4,1,15.506,24.94,0.9899,0.9899,42,42,0,6,5,5,4,0.007405,0.012828,0.026286,1,1,1,2254.1
ecmp,2,5,11,15.423,24.88,0.9968,0.9968,42,42,0,8,9,8,8,0.00741,0.012615,0.026243,1,1,1,2254.1
ecmp,2,6,1,15.55,25.05,0.9971,0.9971,42,42,0,9,9,9,8,0.00767,0.012541,0.02644,1,1,1,2254.1
ecmp,2,7,11,15.565,24.884,0.9985,0.9985,42,42,0,11,13,12,12,0.007686,0.012779,0.026229,1,1,1,2254.1
ecmp,2,8,1,15.404,24.874,0.9986,0.9986,42,42,0,12,13,13,12,0.007421,0.012546,0.026244,1,1,1,2254.1
ecmp,2,9,11,15.404,24.874,0.9992,0.9992,42,42,0,12,17,16,16,0.007421,0.012546,0.026244,1,1,1,2254.1
ecmp,2,10,1,15.31,24.741,0.9992,0.9992,42,42,0,14,17,17,16,0.007344,0.012483,0.026103,1,1,1,2254.1
ecmp,2,11,11,15.628,24.983,0.9995,0.9995,42,42,0,15,21,20,20,0.007456,0.013128,0.0263,1,1,1,2254.1
ecmp,2,12,1,15.446,24.884,0.9995,0.9995,42,42,0,17,21,21,20,0.007356,0.01275,0.026232,1,1,1,2254.1
ecmp,2,13,11,15.447,25.092,0.9996,0.9996,42,42,0,19,25,24,24,0.007353,0.012497,0.026491,1,1,1,2254.1
ecmp,2,14,1,15.617,25.059,0.9996,0.9996,42,42,0,20,25,25,24,0.007415,0.013043,0.026394,1,1,1,2254.1
ecmp,2,15,11,15.617,25.059,0.9997,0.9997,42,42,0,20,29,28,28,0.007415,0.013043,0.026394,1,1,1,2254.1
ecmp,2,16,1,15.9,25.74,0.9997,0.9997,42,42,0,22,29,29,28,0.007955,0.012537,0.027207,1,1,1,2254.1
ecmp,2,17,11,15.582,25.345,0.9998,0.9998,42,42,0,23,33,32,32,0.007421,0.01256,0.026766,1,1,1,2254.1
ecmp,2,18,1,15.733,25.488,0.9998,0.9998,42,42,0,25,33,33,32,0.007422,0.01289,0.026888,1,1,1,2254.1
ecmp,2,19,11,15.612,24.986,0.9998,0.9998,42,42,0,26,37,36,36,0.007693,0.012804,0.026339,1,1,1,2254.1
ecmp,2,20,1,15.526,25.243,0.9998,0.9998,42,42,0,28,37,37,36,0.007398,0.012522,0.026657,1,1,1,2254.1
ecmp,2,21,11,15.62,25.243,0.9999,0.9999,42,42,0,28,41,40,40,0.00768,0.012522,0.026657,1,1,1,2254.1
ecmp,2,22,1,15.933,25.231,0.9999,0.9999,42,42,0,30,41,41,40,0.00768,0.013594,0.026524,1,1,1,2254.1
ecmp,2,23,11,15.678,25.302,0.9999,0.9999,42,42,0,31,45,44,44,0.0077,0.012624,0.026711,1,1,1,2254.1
ecmp,2,24,0,15.412,24.886,0.9999,0.9999,42,42,0,33,45,44,44,0.007388,0.012597,0.026251,1,1,1,2254.1
ecmp,2,25,1,15.859,25.743,0.9999,0.9999,42,42,0,34,45,45,44,0.007416,0.013002,0.027159,1,1,1,2254.1
ecmp,2,26,11,15.466,24.859,0.9999,0.9999,42,42,0,36,49,48,48,0.007655,0.012513,0.026231,1,1,1,2254.1
ecmp,2,27,1,15.466,24.859,0.9999,0.9999,40,40,0,36,49,49,48,0.007655,0.012513,0.026231,1,1,1,2254.1
ecmp,2,28,11,15.425,24.705,0.9999,0.9999,40,40,0,37,53,52,52,0.007655,0.012567,0.026054,1,1,1,2254.1
ecmp,2,29,1,15.611,25.375,0.9999,0.9999,40,40,0,39,53,53,52,0.007455,0.01258,0.026797,1,1,1,2254.1
ecmp,2,30,11,15.624,25.122,0.9999,0.9999,41,40,0,41,57,56,56,0.007414,0.012987,0.02647,1,1,1,2254.1
ecmp,2,31,1,15.448,25.04,0.9999,0.9999,42,34,0,42,57,57,56,0.007405,0.012507,0.026433,1,1,1,2254.1
ecmp,2,32,11,15.756,25.38,0.9999,0.9999,44,34,0,44,61,60,60,0.007651,0.012844,0.026773,1,1,1,2254.1
ecmp,2,33,1,15.682,25.38,0.9999,0.9999,44,34,0,44,61,61,60,0.007428,0.012844,0.026773,1,1,1,2254.1
ecmp,2,34,11,15.797,25.775,0.9999,0.9999,45,34,0,45,65,64,64,0.007428,0.012738,0.027224,1,1,1,2254.1
ecmp,2,35,1,15.481,24.948,0.9999,0.9999,47,30,0,47,65,65,64,0.00747,0.012658,0.026314,1,1,1,2254.1
ecmp,2,36,11,16.005,25.563,1.0,1.0,48,30,0,48,69,68,68,0.0083,0.012725,0.026989,1,1,1,2254.1
ecmp,2,37,1,15.489,25.1,1.0,1.0,50,30,0,50,69,69,68,0.007386,0.01259,0.02649,1,1,1,2254.1
ecmp,2,38,11,15.457,24.789,1.0,1.0,52,30,0,52,73,72,72,0.007353,0.012909,0.026109,1,1,1,2254.1
ecmp,2,39,1,15.438,24.776,1.0,1.0,52,24,0,52,73,73,72,0.007422,0.012782,0.026109,1,1,1,2254.1
ecmp,2,40,11,15.475,24.877,1.0,1.0,53,24,0,53,77,76,76,0.007422,0.012782,0.026221,1,1,1,2254.1
ecmp,2,41,1,15.395,24.819,1.0,1.0,55,24,0,55,77,77,76,0.007433,0.012571,0.02618,1,1,1,2254.1
ecmp,2,42,11,15.619,25.337,1.0,1.0,56,24,0,56,81,80,80,0.007491,0.012615,0.026751,1,1,1,2254.1
ecmp,2,43,1,15.648,25.298,1.0,1.0,58,19,0,58,81,81,80,0.007643,0.012591,0.02671,1,1,1,2254.1
ecmp,2,44,11,15.406,24.803,1.0,1.0,59,19,0,59,85,84,84,0.007493,0.012561,0.026163,1,1,1,2254.1
ecmp,2,45,1,15.462,24.83,1.0,1.0,59,19,0,59,85,85,84,0.007388,0.012834,0.026163,1,1,1,2254.1
ecmp,2,46,11,15.768,25.656,1.0,1.0,61,19,0,61,89,88,88,0.007388,0.012834,0.027081,1,1,1,2254.1
ecmp,2,47,1,15.845,25.573,1.0,1.0,63,19,0,63,89,89,88,0.007947,0.01257,0.027018,1,1,1,2254.1
ecmp,2,48,0,15.346,24.695,1.0,1.0,64,13,0,64,89,89,88,0.007396,0.012603,0.026039,1,1,1,2254.1
ecmp,2,49,11,15.62,25.149,1.0,1.0,66,13,0,66,93,92,92,0.007709,0.012608,0.026542,1,1,1,2254.1
ecmp,2,50,1,15.386,24.8,1.0,1.0,67,13,0,67,93,93,92,0.007435,0.012564,0.026159,1,1,1,2254.1
ecmp,2,51,11,15.435,24.817,1.0,1.0,67,8,0,67,97,96,96,0.007406,0.01274,0.026159,1,1,1,2254.1
ecmp,2,52,1,15.467,24.903,1.0,1.0,69,8,0,69,97,97,96,0.007406,0.01274,0.026255,1,1,1,2254.1
ecmp,2,53,11,15.489,24.89,1.0,1.0,70,8,0,70,101,100,100,0.007456,0.012774,0.026236,1,1,1,2254.1
ecmp,2,54,1,15.51,25.124,1.0,1.0,72,8,0,72,101,101,100,0.007364,0.012656,0.026509,1,1,1,2254.1
ecmp,2,55,11,15.821,25.974,1.0,1.0,74,8,0,74,105,104,104,0.00743,0.012568,0.027464,1,1,1,2254.1
ecmp,2,56,1,15.845,24.86,1.0,1.0,75,2,0,75,105,105,104,0.008323,0.01304,0.026173,1,1,1,2254.1
ecmp,2,57,11,15.395,24.814,1.0,1.0,75,2,0,75,109,108,108,0.007427,0.012585,0.026173,1,1,1,2254.1
ecmp,2,58,1,15.545,25.22,1.0,1.0,77,2,0,77,109,109,108,0.007427,0.012585,0.026624,1,1,1,2254.1
ecmp,2,59,11,15.505,25.097,1.0,1.0,78,2,0,78,113,112,112,0.007429,0.012601,0.026485,1,1,1,2254.1
ecmp,2,60,1,15.4,24.921,1.0,1.0,79,0,0,79,113,113,112,0.007401,0.012496,0.026302,1,0,1,2254.1
ecmp,2,61,1,10.84,12.593,1.0,1.0,79,0,0,79,113,113,113,0.007383,0.012537,0.012599,1,0,1,2254.1
ecmp,2,62,1,10.887,12.638,1.0,1.0,79,0,0,79,114,113,113,0.007401,0.012621,0.01264,1,0,1,2254.1
ecmp,2,63,1,10.829,12.575,1.0,1.0,75,0,0,75,114,114,113,0.007411,0.012584,0.012493,1,0,1,2254.1
ecmp,2,64,1,10.842,12.575,1.0,1.0,75,0,0,75,114,114,114,0.007448,0.012584,0.012493,1,0,1,2254.1
ecmp,2,65,1,10.971,12.795,1.0,1.0,75,0,0,75,115,114,114,0.007448,0.012811,0.012653,1,0,1,2254.1
ecmp,2,66,1,11.222,12.736,1.0,1.0,75,0,0,75,115,115,114,0.008263,0.012745,0.012658,1,0,1,2254.1
ecmp,2,67,1,10.837,12.569,1.0,1.0,75,0,0,75,115,115,115,0.007432,0.012503,0.012576,1,0,1,2254.1
ecmp,2,68,1,10.881,12.632,1.0,1.0,69,0,0,69,116,115,115,0.007431,0.012639,0.012572,1,0,1,2254.1
ecmp,2,69,1,10.833,12.551,1.0,1.0,69,0,0,69,116,116,115,0.007413,0.012532,0.012553,1,0,1,2254.1
ecmp,2,70,1,10.867,12.572,1.0,1.0,69,0,0,69,116,116,116,0.007475,0.012574,0.012553,1,0,1,2254.1
ecmp,2,71,1,10.868,12.572,1.0,1.0,69,0,0,69,117,116,116,0.007475,0.012574,0.012556,1,0,1,2254.1
ecmp,2,72,1,10.951,12.672,1.0,1.0,64,0,0,64,117,117,116,0.007517,0.012673,0.012663,1,0,1,2254.1
ecmp,2,73,1,11.063,12.7,1.0,1.0,64,0,0,64,117,117,117,0.007852,0.012708,0.012629,1,0,1,2254.1
ecmp,2,74,1,10.94,12.719,1.0,1.0,64,0,0,64,118,117,117,0.007415,0.012683,0.012723,1,0,1,2254.1
ecmp,2,75,1,11.378,13.797,1.0,1.0,64,0,0,64,118,118,117,0.00753,0.013921,0.012683,1,0,1,2254.1
ecmp,2,76,1,11.245,13.131,1.0,1.0,64,0,0,64,118,118,118,0.007872,0.013181,0.012683,1,0,1,2254.1
ecmp,2,77,0,11.26,13.136,1.0,1.0,59,0,0,59,118,118,118,0.007872,0.013181,0.012727,1,0,1,2254.1
ecmp,2,78,1,10.973,12.818,1.0,1.0,59,0,0,59,119,118,118,0.007476,0.012602,0.012842,1,0,1,2254.1
ecmp,2,79,1,11.424,13.943,1.0,1.0,59,0,0,59,119,119,118,0.007478,0.01408,0.012714,1,0,1,2254.1
ecmp,2,80,1,10.915,12.682,1.0,1.0,53,0,0,53,119,119,119,0.007413,0.012646,0.012686,1,0,1,2254.1
ecmp,2,81,1,10.879,12.598,1.0,1.0,53,0,0,53,120,119,119,0.007486,0.012603,0.012549,1,0,1,2254.1
ecmp,2,82,1,10.858,12.565,1.0,1.0,53,0,0,53,120,120,119,0.007458,0.012567,0.012549,1,0,1,2254.1
ecmp,2,83,1,10.849,12.563,1.0,1.0,53,0,0,53,120,120,120,0.007458,0.012567,0.012523,1,0,1,2254.1
ecmp,2,84,1,10.957,12.719,1.0,1.0,53,0,0,53,121,120,120,0.007485,0.012659,0.012726,1,0,1,2254.1
ecmp,2,85,1,10.914,12.647,1.0,1.0,48,0,0,48,121,121,120,0.007469,0.01265,0.012623,1,0,1,2254.1
ecmp,2,86,1,11.743,14.3,1.0,1.0,48,0,0,48,121,121,121,0.00778,0.014444,0.013006,1,0,1,2254.1
ecmp,2,87,1,10.914,12.645,1.0,1.0,48,0,0,48,122,121,121,0.007485,0.012609,0.012649,1,0,1,2254.1
ecmp,2,88,1,10.931,12.688,1.0,1.0,48,0,0,48,122,122,121,0.007452,0.012692,0.012649,1,0,1,2254.1
ecmp,2,89,1,11.023,12.903,1.0,1.0,42,0,0,42,122,122,122,0.007452,0.012692,0.012926,1,0,1,2254.1
ecmp,2,90,1,10.83,12.594,1.0,1.0,42,0,0,42,123,122,122,0.007346,0.012543,0.0126,1,1,1,2254.1
ecmp,2,91,11,16.76,28.42,1.0,1.0,42,0,2,42,126,126,126,0.007478,0.030175,0.012626,1,1,1,2254.1
ecmp,2,92,1,15.836,25.66,1.0,1.0,37,0,3,37,127,126,126,0.007464,0.02707,0.012974,1,1,1,2254.1
ecmp,2,93,11,15.907,25.718,1.0,1.0,37,0,5,37,130,130,130,0.007471,0.027117,0.013132,1,1,1,2254.1
ecmp,2,94,1,15.894,25.718,1.0,1.0,37,0,5,37,131,130,130,0.007433,0.027117,0.013132,1,1,1,2254.1
ecmp,2,95,11,15.553,25.222,1.0,1.0,37,0,6,37,134,134,134,0.007433,0.026624,0.012602,1,1,1,2254.1
ecmp,2,96,1,15.629,25.488,1.0,1.0,37,0,8,37,135,134,134,0.007388,0.026923,0.012575,1,1,1,2254.1
ecmp,2,97,11,15.99,25.46,1.0,1.0,31,0,9,31,138,138,138,0.008397,0.026879,0.012694,1,1,1,2254.1
ecmp,2,98,1,15.53,24.86,1.0,1.0,31,0,11,31,139,138,138,0.007662,0.026209,0.012719,1,1,1,2254.1
ecmp,2,99,11,15.576,25.101,1.0,1.0,31,0,13,31,142,142,142,0.00751,0.026474,0.012744,1,1,1,2254.1
ecmp,2,100,1,15.576,25.101,1.0,1.0,31,0,13,31,143,142,142,0.00751,0.026474,0.012744,1,1,1,2254.1
ecmp,2,101,11,15.691,25.347,1.0,1.0,27,0,14,27,146,146,146,0.007637,0.026754,0.012682,1,1,1,2254.1
ecmp,2,102,1,15.684,25.253,1.0,1.0,27,0,16,27,147,146,146,0.007752,0.026654,0.012647,1,1,1,2254.1
ecmp,2,103,11,15.736,25.371,1.0,1.0,27,0,17,27,150,150,150,0.007495,0.02675,0.012963,1,1,1,2254.1
ecmp,2,104,1,15.775,25.492,1.0,1.0,22,0,19,22,151,150,150,0.007737,0.026917,0.012672,1,1,1,2254.1
ecmp,2,105,0,15.775,24.958,1.0,1.0,22,0,20,22,151,150,150,0.008329,0.026323,0.012672,1,1,1,2254.1
ecmp,2,106,11,15.735,24.946,1.0,1.0,22,0,20,22,154,154,154,0.008329,0.026323,0.012553,1,1,1,2254.1
ecmp,2,107,1,15.962,25.78,1.0,1.0,22,0,22,22,155,154,154,0.008095,0.027251,0.012539,1,1,1,2254.1
ecmp,2,108,11,15.819,25.793,1.0,1.0,24,0,24,22,158,158,158,0.007425,0.027237,0.012796,1,1,1,2254.1
ecmp,2,109,1,15.607,25.378,1.0,1.0,25,0,25,16,159,158,158,0.007399,0.026795,0.012626,1,1,1,2254.1
ecmp,2,110,11,15.578,25.217,1.0,1.0,27,0,27,16,162,162,162,0.007446,0.026611,0.012676,1,1,1,2254.1
ecmp,2,111,1,15.403,24.819,1.0,1.0,28,0,28,16,163,162,162,0.007366,0.026168,0.012676,1,1,1,2254.1
ecmp,2,112,11,15.397,24.817,1.0,1.0,28,0,28,16,166,166,166,0.007366,0.026168,0.012657,1,1,1,2254.1
ecmp,2,113,1,15.597,25.256,1.0,1.0,30,0,30,11,167,166,166,0.007492,0.026657,0.012642,1,1,1,2254.1
ecmp,2,114,11,15.567,24.953,1.0,1.0,33,0,33,11,170,170,170,0.007444,0.026284,0.012973,1,1,1,2254.1
ecmp,2,115,1,16.109,26.454,1.0,1.0,33,0,33,11,171,170,170,0.007646,0.027983,0.012697,1,1,1,2254.1
ecmp,2,116,11,16.197,25.82,1.0,1.0,35,0,35,11,174,174,174,0.007474,0.027135,0.013982,1,1,1,2254.1
ecmp,2,117,1,16.197,25.82,1.0,1.0,35,0,35,11,175,174,174,0.007474,0.027135,0.013982,1,1,1,2254.1
ecmp,2,118,11,15.842,25.649,1.0,1.0,36,0,36,5,178,178,178,0.00776,0.027091,0.012676,1,1,1,2254.1
ecmp,2,119,1,15.968,25.967,1.0,1.0,38,0,38,5,179,178,178,0.007829,0.02745,0.012624,1,1,1,2254.1
ecmp,2,120,11,15.63,25.032,1.0,1.0,39,0,39,5,182,182,182,0.007471,0.026363,0.013056,0,1,1,2254.1
ecmp,2,121,1,11.08,12.78,1.0,1.0,40,0,40,0,183,182,182,0.00778,0.012792,0.012669,0,1,1,2254.1
ecmp,2,122,1,11.024,12.964,1.0,1.0,40,0,40,0,183,183,182,0.007453,0.013003,0.012617,0,1,1,2254.1
ecmp,2,123,1,11.024,12.964,1.0,1.0,40,0,40,0,183,183,183,0.007453,0.013003,0.012617,0,1,1,2254.1
ecmp,2,124,1,11.023,12.953,1.0,1.0,40,0,40,0,184,183,183,0.007481,0.012992,0.012597,0,1,1,2254.1
ecmp,2,125,1,10.924,12.661,1.0,1.0,40,0,40,0,184,184,183,0.007472,0.012663,0.012638,0,1,1,2254.1
ecmp,2,126,1,11.43,13.662,1.0,1.0,40,0,40,0,184,184,184,0.007495,0.013067,0.013728,0,1,1,2254.1
ecmp,2,127,1,11.495,13.718,1.0,1.0,40,0,40,0,185,184,184,0.00776,0.012918,0.013807,0,1,1,2254.1
ecmp,2,128,1,11.097,12.926,1.0,1.0,40,0,40,0,185,185,184,0.007595,0.012751,0.012946,0,1,1,2254.1
ecmp,2,129,1,11.097,12.926,1.0,1.0,40,0,40,0,185,185,185,0.007595,0.012751,0.012946,0,1,1,2254.1
ecmp,2,130,1,10.867,12.594,1.0,1.0,40,0,40,0,186,185,185,0.007423,0.012584,0.012595,0,1,1,2254.1
ecmp,2,131,1,10.935,12.794,1.0,1.0,40,0,40,0,186,186,185,0.007392,0.012816,0.012597,0,1,1,2254.1
ecmp,2,132,0,10.867,12.606,1.0,1.0,40,0,40,0,186,186,185,0.007414,0.012578,0.012609,0,1,1,2254.1
ecmp,2,133,1,10.864,12.598,1.0,1.0,40,0,40,0,186,186,186,0.00743,0.012602,0.012559,0,1,1,2254.1
ecmp,2,134,1,10.865,12.592,1.0,1.0,40,0,40,0,187,186,186,0.007428,0.012594,0.012572,0,1,1,2254.1
ecmp,2,135,1,11.123,12.592,1.0,1.0,40,0,40,0,187,187,186,0.008202,0.012594,0.012572,0,1,1,2254.1
ecmp,2,136,1,11.262,12.839,1.0,1.0,40,0,40,0,187,187,187,0.008202,0.012851,0.012734,0,1,1,2254.1
ecmp,2,137,1,10.93,12.682,1.0,1.0,40,0,40,0,188,187,187,0.00751,0.012588,0.012693,0,1,1,2254.1
ecmp,2,138,1,10.973,12.819,1.0,1.0,40,0,40,0,188,188,187,0.007423,0.012659,0.012837,0,1,1,2254.1
ecmp,2,139,1,11.178,13.016,1.0,1.0,40,0,40,0,188,188,188,0.007744,0.013046,0.012744,0,1,1,2254.1
ecmp,2,140,1,10.903,12.561,1.0,1.0,40,0,40,0,189,188,188,0.007623,0.01252,0.012566,0,1,1,2254.1
ecmp,2,141,1,10.849,12.577,1.0,1.0,40,0,40,0,189,189,188,0.007404,0.012578,0.012566,0,1,1,2254.1
ecmp,2,142,1,10.953,12.848,1.0,1.0,40,0,40,0,189,189,189,0.007404,0.012578,0.012878,0,1,1,2254.1
ecmp,2,143,1,10.877,12.6,1.0,1.0,40,0,40,0,190,189,189,0.007434,0.0126,0.012597,0,1,1,2254.1
ecmp,2,144,1,10.941,12.836,1.0,1.0,40,0,40,0,190,190,189,0.00739,0.012866,0.012567,0,1,1,2254.1
ecmp,2,145,1,11.227,13.35,1.0,1.0,40,0,40,0,190,190,190,0.007426,0.01285,0.013406,0,1,1,2254.1
ecmp,2,146,1,11.223,12.646,1.0,1.0,40,0,40,0,191,190,190,0.008412,0.012651,0.012606,0,1,1,2254.1
ecmp,2,147,1,10.878,12.604,1.0,1.0,40,0,40,0,191,191,190,0.007445,0.012582,0.012606,0,1,1,2254.1
ecmp,2,148,1,10.876,12.598,1.0,1.0,40,0,40,0,191,191,191,0.007445,0.012582,0.0126,0,1,1,2254.1
ecmp,2,149,1,11.018,12.957,1.0,1.0,40,0,40,0,192,191,191,0.007487,0.012566,0.013001,0,1,1,2254.1
ecmp,2,150,1,10.978,12.74,1.0,1.0,40,0,40,0,192,192,191,0.007505,0.012682,0.012746,1,1,1,2254.1
ecmp,2,151,1,15.819,20.177,1.0,1.0,40,1,40,0,192,192,192,0.020903,0.013647,0.012907,1,1,1,2254.1
ecmp,2,152,11,14.125,16.41,1.0,1.0,40,3,40,0,196,196,195,0.016791,0.012983,0.012602,1,1,1,2254.1
ecmp,2,153,1,13.651,15.482,1.0,1.0,35,4,35,0,196,196,196,0.015802,0.012549,0.012602,1,1,1,2254.1
ecmp,2,154,11,13.821,15.533,1.0,1.0,35,4,35,0,200,200,199,0.015802,0.012549,0.013111,1,1,1,2254.1
ecmp,2,155,1,13.829,15.74,1.0,1.0,35,6,35,0,200,200,200,0.016065,0.012819,0.012602,1,1,1,2254.1
ecmp,2,156,11,14.818,17.442,1.0,1.0,35,7,35,0,204,204,203,0.017868,0.012976,0.013611,1,1,1,2254.1
ecmp,2,157,1,13.819,15.756,1.0,1.0,35,9,35,0,204,204,204,0.016098,0.012681,0.012677,1,1,1,2254.1
ecmp,2,158,11,13.929,15.934,1.0,1.0,30,10,30,0,208,208,207,0.016276,0.01286,0.01265,1,1,1,2254.1
ecmp,2,159,1,13.867,15.768,1.0,1.0,30,12,30,0,208,208,208,0.016091,0.01286,0.01265,1,1,1,2254.1
ecmp,2,160,11,13.878,15.762,1.0,1.0,30,12,30,0,212,212,211,0.016091,0.012739,0.012804,1,1,1,2254.1
ecmp,2,161,1,13.828,15.804,1.0,1.0,30,14,30,0,212,212,212,0.016144,0.012745,0.012595,1,1,1,2254.1
ecmp,2,162,11,13.688,15.399,1.0,1.0,25,15,25,0,216,216,215,0.015691,0.012599,0.012774,1,1,1,2254.1
ecmp,2,163,0,13.777,15.689,1.0,1.0,25,17,25,0,216,216,215,0.016021,0.012706,0.012605,1,1,1,2254.1
ecmp,2,164,1,13.719,15.632,1.0,1.0,25,18,25,0,216,216,216,0.015966,0.012625,0.012567,1,1,1,2254.1
ecmp,2,165,12,14.294,16.038,1.0,1.0,25,20,25,0,220,220,220,0.016311,0.012986,0.013586,1,1,1,2254.1
ecmp,2,166,0,14.294,16.038,1.0,1.0,25,20,25,0,220,220,220,0.016311,0.012986,0.013586,1,1,1,2254.1
ecmp,2,167,11,13.688,15.651,1.0,1.0,21,21,19,0,224,224,223,0.015986,0.012443,0.012636,1,1,1,2254.1
ecmp,2,168,1,13.985,16.27,1.0,1.0,23,23,19,0,224,224,224,0.016671,0.012659,0.012626,1,1,1,2254.1
ecmp,2,169,11,14.499,15.904,1.0,1.0,25,25,19,0,228,228,227,0.016052,0.014573,0.012871,1,1,1,2254.1
ecmp,2,170,1,13.951,16.102,1.0,1.0,26,26,14,0,228,228,228,0.01648,0.012678,0.012696,1,1,1,2254.1
ecmp,2,171,11,13.972,16.157,1.0,1.0,28,28,14,0,232,232,231,0.016542,0.012678,0.012696,1,1,1,2254.1
ecmp,2,172,1,13.915,16.156,1.0,1.0,28,28,14,0,232,232,232,0.016542,0.012685,0.012517,1,1,1,2254.1
ecmp,2,173,11,13.739,15.519,1.0,1.0,29,29,14,0,236,236,235,0.015817,0.012834,0.012565,1,1,1,2254.1
ecmp,2,174,1,13.931,15.787,1.0,1.0,31,31,10,0,236,236,236,0.016104,0.012937,0.012753,1,1,1,2254.1
ecmp,2,175,11,14.358,16.347,1.0,1.0,33,33,10,0,240,240,239,0.016641,0.012728,0.013704,1,1,1,2254.1
ecmp,2,176,1,13.902,15.83,1.0,1.0,34,34,10,0,240,240,240,0.016152,0.012625,0.012929,1,1,1,2254.1
ecmp,2,177,11,13.902,15.83,1.0,1.0,34,34,10,0,244,244,243,0.016152,0.012625,0.012929,1,1,1,2254.1
ecmp,2,178,1,14.442,17.19,1.0,1.0,36,36,10,0,244,244,244,0.017656,0.012676,0.012995,1,1,1,2254.1
ecmp,2,179,11,13.749,15.748,1.0,1.0,37,37,4,0,248,248,247,0.0161,0.012581,0.012566,1,1,1,2254.1
ecmp,3,0,0,16.359,26.272,1.0,1.0,0,0,0,0,0,0,0,0.008611,0.012684,0.027782,1,1,1,2068.4
ecmp,3,1,1,15.959,26.27,0.3333,0.3333,42,42,0,0,1,0,0,0.007439,0.012657,0.027782,1,1,1,2068.4
ecmp,3,2,1,15.701,25.571,0.6667,0.6667,42,42,0,3,1,1,0,0.007439,0.012657,0.027006,1,1,1,2068.4
ecmp,3,3,11,15.525,24.866,0.9883,0.9883,42,42,0,5,5,4,4,0.007462,0.012919,0.026194,1,1,1,2068.4
ecmp,3,4,1,15.525,24.781,0.9899,0.9899,42,42,0,6,5,5,4,0.007848,0.012592,0.026135,1,1,1,2068.4
ecmp,3,5,11,15.679,25.45,0.9968,0.9968,42,42,0,8,9,8,8,0.007509,0.012656,0.026872,1,1,1,2068.4
ecmp,3,6,1,15.536,25.072,0.9971,0.9971,42,42,0,9,9,9,8,0.007486,0.012671,0.02645,1,1,1,2068.4
ecmp,3,7,11,15.554,25.072,0.9985,0.9985,42,42,0,9,13,12,12,0.007541,0.012671,0.02645,1,1,1,2068.4
ecmp,3,8,1,15.582,25.13,0.9986,0.9986,42,42,0,11,13,13,12,0.007541,0.012692,0.026512,1,1,1,2068.4
ecmp,3,9,11,15.688,25.281,0.9992,0.9992,42,42,0,12,17,16,16,0.007727,0.012654,0.026684,1,1,1,2068.4
ecmp,3,10,1,16.004,26.311,0.9992,0.9992,42,42,0,14,17,17,16,0.007518,0.012668,0.027827,1,1,1,2068.4
ecmp,3,11,11,15.928,25.677,0.9995,0.9995,42,42,0,16,21,20,20,0.007482,0.013243,0.027059,1,1,1,2068.4
ecmp,3,12,1,15.698,25.616,0.9995,0.9995,42,42,0,16,21,21,20,0.007408,0.012628,0.027059,1,1,1,2068.4
ecmp,3,13,11,15.447,24.936,0.9996,0.9996,42,42,0,17,25,24,24,0.007408,0.012628,0.026304,1,1,1,2068.4
ecmp,3,14,1,15.939,25.106,0.9996,0.9996,42,42,0,19,25,25,24,0.007804,0.013631,0.026381,1,1,1,2068.4
ecmp,3,15,11,15.832,25.615,0.9997,0.9997,42,42,0,20,29,28,28,0.007489,0.012989,0.027018,1,1,1,2068.4
ecmp,3,16,1,15.96,25.591,0.9997,0.9997,42,42,0,22,29,29,28,0.00777,0.013135,0.026975,1,1,1,2068.4
ecmp,3,17,11,15.586,25.154,0.9998,0.9998,42,42,0,24,33,32,32,0.007536,0.012683,0.02654,1,1,1,2068.4
ecmp,3,18,1,15.617,25.154,0.9998,0.9998,42,42,0,24,33,33,32,0.007629,0.012683,0.02654,1,1,1,2068.4
ecmp,3,19,11,15.704,25.353,0.9998,0.9998,42,42,0,25,37,36,36,0.007629,0.012727,0.026756,1,1,1,2068.4
ecmp,3,20,1,15.763,24.819,0.9998,0.9998,42,42,0,27,37,37,36,0.008198,0.012952,0.026138,1,1,1,2068.4
ecmp,3,21,11,15.348,24.68,0.9999,0.9999,42,42,0,28,41,40,40,0.007432,0.012587,0.026024,1,1,1,2068.4
ecmp,3,22,0,15.58,25.037,0.9999,0.9999,42,42,0,30,41,40,40,0.007422,0.012937,0.026382,1,1,1,2068.4
ecmp,3,23,1,15.414,24.914,0.9999,0.9999,42,42,0,31,41,41,40,0.007445,0.012504,0.026293,1,1,1,2068.4
ecmp,3,24,11,15.394,24.914,0.9999,0.9999,42,42,0,31,45,44,44,0.007385,0.012504,0.026293,1,1,1,2068.4
ecmp,3,25,1,15.476,25.033,0.9999,0.9999,42,42,0,33,45,45,44,0.007385,0.012633,0.026411,1,1,1,2068.4
ecmp,3,26,11,15.444,24.816,0.9999,0.9999,42,42,0,35,49,48,48,0.007594,0.01256,0.026178,1,1,1,2068.4
ecmp,3,27,1,15.488,25.011,0.9999,0.9999,42,42,0,36,49,49,48,0.007482,0.012591,0.026391,1,1,1,2068.4
ecmp,3,28,11,15.607,25.099,0.9999,0.9999,42,42,0,38,53,52,52,0.007547,0.01281,0.026464,1,1,1,2068.4
ecmp,3,29,1,15.666,25.083,0.9999,0.9999,39,36,0,39,53,53,52,0.007827,0.012713,0.026457,1,1,1,2068.4
ecmp,3,30,11,15.528,25.083,0.9999,0.9999,39,36,0,39,57,56,56,0.007413,0.012713,0.026457,1,1,1,2068.4
ecmp,3,31,1,15.494,25.058,0.9999,0.9999,41,36,0,41,57,57,56,0.007413,0.012629,0.026439,1,1,1,2068.4
ecmp,3,32,11,15.473,25.021,0.9999,0.9999,42,36,0,42,61,60,60,0.007365,0.01266,0.026395,1,1,1,2068.4
ecmp,3,33,1,15.579,25.363,0.9999,0.9999,44,36,0,44,61,61,60,0.007374,0.012581,0.026783,1,1,1,2068.4
ecmp,3,34,11,15.408,24.923,0.9999,0.9999,46,31,0,46,65,64,64,0.007385,0.01254,0.026299,1,1,1,2068.4
ecmp,3,35,1,15.509,24.867,0.9999,0.9999,47,31,0,47,65,65,64,0.007437,0.012893,0.026197,1,1,1,2068.4
ecmp,3,36,11,15.525,24.867,1.0,1.0,47,31,0,47,69,68,68,0.007485,0.012893,0.026197,1,1,1,2068.4
ecmp,3,37,1,15.677,25.343,1.0,1.0,49,31,0,49,69,69,68,0.007485,0.012811,0.026736,1,1,1,2068.4
ecmp,3,38,11,15.75,25.491,1.0,1.0,50,26,0,50,73,72,72,0.007639,0.012697,0.026913,1,1,1,2068.4
ecmp,3,39,1,15.935,26.14,1.0,1.0,51,26,0,51,73,73,72,0.007494,0.012675,0.027636,1,1,1,2068.4
ecmp,3,40,11,16.107,25.629,1.0,1.0,54,26,0,54,77,76,76,0.008625,0.012622,0.027074,1,1,1,2068.4
ecmp,3,41,1,16.211,25.774,1.0,1.0,54,20,0,54,77,77,76,0.007481,0.014077,0.027074,1,1,1,2068.4
ecmp,3,42,11,16.17,25.664,1.0,1.0,54,20,0,54,81,80,80,0.007481,0.014077,0.026951,1,1,1,2068.4
ecmp,3,43,1,15.529,25.018,1.0,1.0,56,20,0,56,81,81,80,0.007525,0.012672,0.02639,1,1,1,2068.4
ecmp,3,44,11,15.386,24.861,1.0,1.0,57,20,0,57,85,84,84,0.007423,0.0125,0.026234,1,1,1,2068.4
ecmp,3,45,1,15.332,24.764,1.0,1.0,59,20,0,59,85,85,84,0.007416,0.012446,0.026133,1,1,1,2068.4
ecmp,3,46,0,15.607,25.229,1.0,1.0,60,15,0,60,85,85,84,0.007415,0.012795,0.02661,1,1,1,2068.4
ecmp,3,47,11,15.496,24.887,1.0,1.0,62,15,0,62,89,88,88,0.007467,0.012791,0.026231,1,1,1,2068.4
ecmp,3,48,1,15.496,24.887,1.0,1.0,62,15,0,62,89,89,88,0.007467,0.012791,0.026231,1,1,1,2068.4
ecmp,3,49,11,15.276,24.588,1.0,1.0,64,15,0,64,93,92,92,0.007376,0.012524,0.025928,1,1,1,2068.4
ecmp,3,50,1,15.793,25.674,1.0,1.0,65,9,0,65,93,93,92,0.007529,0.012739,0.027111,1,1,1,2068.4
ecmp,3,51,11,15.519,25.048,1.0,1.0,67,9,0,67,97,96,96,0.007503,0.012625,0.026428,1,1,1,2068.4
ecmp,3,52,1,15.792,25.703,1.0,1.0,68,9,0,68,97,97,96,0.007581,0.01264,0.027154,1,1,1,2068.4
ecmp,3,53,11,15.755,25.702,1.0,1.0,68,9,0,68,101,100,100,0.007473,0.012637,0.027154,1,1,1,2068.4
ecmp,3,54,1,15.665,25.46,1.0,1.0,70,9,0,70,101,101,100,0.007473,0.012637,0.026885,1,1,1,2068.4
ecmp,3,55,11,15.521,25.091,1.0,1.0,71,4,0,71,105,104,104,0.007442,0.012646,0.026474,1,1,1,2068.4
ecmp,3,56,1,15.443,24.954,1.0,1.0,73,4,0,73,105,105,104,0.007422,0.012579,0.026329,1,1,1,2068.4
ecmp,3,57,11,15.504,25.15,1.0,1.0,75,4,0,75,109,108,108,0.007381,0.012585,0.026546,1,1,1,2068.4
ecmp,3,58,1,15.536,25.222,1.0,1.0,76,1,0,76,109,109,108,0.007422,0.012556,0.026629,1,1,1,2068.4
ecmp,3,59,11,15.545,25.22,1.0,1.0,76,1,0,76,113,112,112,0.007464,0.012542,0.026629,1,1,1,2068.4
ecmp,3,60,1,15.442,24.943,1.0,1.0,78,1,0,78,113,113,112,0.007464,0.012542,0.026321,1,0,1,2068.4
ecmp,3,61,1,11.048,13.001,1.0,1.0,78,1,0,78,113,113,113,0.007524,0.013049,0.012571,1,0,1,2068.4
ecmp,3,62,1,10.883,12.594,1.0,1.0,75,0,0,75,114,113,113,0.007466,0.012594,0.01259,1,0,1,2068.4
ecmp,3,63,1,10.979,12.855,1.0,1.0,75,0,0,75,114,114,113,0.007457,0.012884,0.012596,1,0,1,2068.4
ecmp,3,64,1,10.98,12.62,1.0,1.0,75,0,0,75,114,114,114,0.007769,0.012544,0.012628,1,0,1,2068.4
ecmp,3,65,1,10.868,12.621,1.0,1.0,75,0,0,75,115,114,114,0.007419,0.012557,0.012628,1,0,1,2068.4
ecmp,3,66,1,10.819,12.549,1.0,1.0,75,0,0,75,115,115,114,0.007419,0.012557,0.01248,1,0,1,2068.4
ecmp,3,67,1,10.85,12.632,1.0,1.0,70,0,0,70,115,115,115,0.007387,0.012519,0.012644,1,0,1,2068.4
ecmp,3,68,1,10.924,12.56,1.0,1.0,70,0,0,70,116,115,115,0.007662,0.012548,0.012561,1,0,1,2068.4
ecmp,3,69,1,10.9,12.691,1.0,1.0,70,0,0,70,116,116,115,0.007411,0.012585,0.012703,1,0,1,2068.4
ecmp,3,70,1,11.219,13.593,1.0,1.0,65,0,0,65,116,116,116,0.007397,0.013709,0.01255,1,0,1,2068.4
ecmp,3,71,1,10.835,12.569,1.0,1.0,65,0,0,65,117,116,116,0.007403,0.012573,0.012529,1,0,1,2068.4
ecmp,3,72,1,10.833,12.569,1.0,1.0,65,0,0,65,117,117,116,0.007396,0.012573,0.012529,1,0,1,2068.4
ecmp,3,73,0,11.495,14.291,1.0,1.0,65,0,0,65,117,117,116,0.007396,0.012612,0.014478,1,0,1,2068.4
ecmp,3,74,1,10.842,12.598,1.0,1.0,65,0,0,65,117,117,117,0.007385,0.012605,0.012536,1,0,1,2068.4
ecmp,3,75,1,11.063,12.675,1.0,1.0,59,0,0,59,118,117,117,0.007858,0.012678,0.012652,1,0,1,2068.4
ecmp,3,76,1,11.336,13.112,1.0,1.0,59,0,0,59,118,118,117,0.007804,0.013115,0.01309,1,0,1,2068.4
ecmp,3,77,1,10.934,12.658,1.0,1.0,59,0,0,59,118,118,118,0.007485,0.012658,0.012658,1,0,1,2068.4
ecmp,3,78,1,11.032,12.658,1.0,1.0,59,0,0,59,119,118,118,0.00778,0.012658,0.012658,1,0,1,2068.4
ecmp,3,79,1,11.021,12.656,1.0,1.0,54,0,0,54,119,119,118,0.00778,0.01266,0.012623,1,0,1,2068.4
ecmp,3,80,1,10.912,12.649,1.0,1.0,54,0,0,54,119,119,119,0.007444,0.01265,0.012642,1,0,1,2068.4
ecmp,3,81,1,11.055,12.913,1.0,1.0,54,0,0,54,120,119,119,0.00763,0.01295,0.012584,1,0,1,2068.4
ecmp,3,82,1,10.911,12.703,1.0,1.0,50,0,0,50,120,120,119,0.00743,0.012716,0.012586,1,0,1,2068.4
ecmp,3,83,1,10.904,12.683,1.0,1.0,50,0,0,50,120,120,120,0.007427,0.012592,0.012693,1,0,1,2068.4
ecmp,3,84,1,10.899,12.683,1.0,1.0,50,0,0,50,121,120,120,0.007413,0.012592,0.012693,1,0,1,2068.4
ecmp,3,85,1,11.095,13.179,1.0,1.0,50,0,0,50,121,121,120,0.007413,0.012631,0.01324,1,0,1,2068.4
ecmp,3,86,1,11.028,12.691,1.0,1.0,50,0,0,50,121,121,121,0.007732,0.012695,0.012656,1,0,1,2068.4
ecmp,3,87,1,10.917,12.654,1.0,1.0,44,0,0,44,122,121,121,0.007466,0.012657,0.012627,1,0,1,2068.4
ecmp,3,88,1,11.031,12.928,1.0,1.0,44,0,0,44,122,122,121,0.007462,0.012956,0.012674,1,0,1,2068.4
ecmp,3,89,1,10.998,12.834,1.0,1.0,44,0,0,44,122,122,122,0.00749,0.012854,0.01265,1,0,1,2068.4
ecmp,3,90,1,10.918,12.648,1.0,1.0,44,0,0,44,123,122,122,0.007472,0.012632,0.01265,1,1,1,2068.4
ecmp,3,91,11,10.983,12.823,1.0,1.0,39,0,0,39,126,126,126,0.007472,0.012632,0.012844,1,1,1,2068.4
ecmp,3,92,1,15.759,25.746,1.0,1.0,39,0,2,39,127,126,126,0.00744,0.027203,0.012634,1,1,1,2068.4
ecmp,3,93,11,15.86,26.095,1.0,1.0,39,0,3,39,130,130,130,0.007362,0.027592,0.012627,1,1,1,2068.4
ecmp,3,94,1,15.768,25.565,1.0,1.0,39,0,5,39,131,130,130,0.007512,0.026982,0.012809,1,1,1,2068.4
ecmp,3,95,11,15.725,24.996,1.0,1.0,33,0,7,33,134,134,134,0.0082,0.026373,0.012601,1,1,1,2068.4
ecmp,3,96,1,15.725,24.996,1.0,1.0,33,0,7,33,135,134,134,0.0082,0.026373,0.012601,1,1,1,2068.4
ecmp,3,97,11,15.654,25.388,1.0,1.0,33,0,8,33,138,138,138,0.007495,0.026802,0.012666,1,1,1,2068.4
ecmp,3,98,1,15.877,25.748,1.0,1.0,33,0,10,33,139,138,138,0.007414,0.027158,0.01306,1,1,1,2068.4
ecmp,3,99,11,15.608,25.273,1.0,1.0,28,0,11,28,142,142,142,0.007448,0.026669,0.012707,1,1,1,2068.4
ecmp,3,100,1,16.121,25.567,1.0,1.0,28,0,13,28,143,142,142,0.008512,0.026977,0.012874,1,1,1,2068.4
ecmp,3,101,11,15.521,24.915,1.0,1.0,28,0,15,28,146,146,146,0.007436,0.026253,0.012874,1,1,1,2068.4
ecmp,3,102,1,15.434,24.889,1.0,1.0,28,0,15,28,147,146,146,0.007436,0.026253,0.012613,1,1,1,2068.4
ecmp,3,103,1,15.596,25.264,1.0,1.0,23,0,16,23,147,147,146,0.007447,0.026663,0.012678,1,1,1,2068.4
ecmp,3,104,10,15.61,25.239,1.0,1.0,23,0,18,23,150,150,150,0.007475,0.02663,0.012725,1,1,1,2068.4
ecmp,3,105,1,15.517,25.039,1.0,1.0,23,0,19,23,151,150,150,0.007469,0.026413,0.01267,1,1,1,2068.4
ecmp,3,106,11,15.735,25.658,1.0,1.0,23,0,21,23,154,154,154,0.007436,0.027101,0.012668,1,1,1,2068.4
ecmp,3,107,1,15.875,25.658,1.0,1.0,23,0,21,23,155,154,154,0.007856,0.027101,0.012668,1,1,1,2068.4
ecmp,3,108,11,15.777,25.401,1.0,1.0,22,0,22,17,158,158,158,0.007856,0.026817,0.012658,1,1,1,2068.4
ecmp,3,109,1,15.912,25.388,1.0,1.0,24,0,24,17,159,158,158,0.007461,0.026701,0.013573,1,1,1,2068.4
ecmp,3,110,11,15.605,24.873,1.0,1.0,26,0,26,17,162,162,162,0.007735,0.026206,0.012874,1,1,1,2068.4
ecmp,3,111,1,15.793,25.513,1.0,1.0,27,0,27,12,163,162,162,0.007485,0.026904,0.01299,1,1,1,2068.4
ecmp,3,112,11,15.999,25.809,1.0,1.0,29,0,29,12,166,166,166,0.007744,0.027229,0.013025,1,1,1,2068.4
ecmp,3,113,1,15.999,25.809,1.0,1.0,29,0,29,12,167,166,166,0.007744,0.027229,0.013025,1,1,1,2068.4
ecmp,3,114,11,15.744,25.239,1.0,1.0,30,0,30,12,170,170,170,0.00747,0.026578,0.013183,1,1,1,2068.4
ecmp,3,115,1,15.498,25.035,1.0,1.0,32,0,32,7,171,170,170,0.007475,0.026416,0.012603,1,1,1,2068.4
ecmp,3,116,11,15.625,25.278,1.0,1.0,34,0,34,7,174,174,174,0.007508,0.026677,0.012689,1,1,1,2068.4
ecmp,3,117,1,15.845,25.913,1.0,1.0,35,0,35,7,175,174,174,0.007479,0.027384,0.012671,1,1,1,2068.4
ecmp,3,118,11,15.839,25.913,1.0,1.0,35,0,35,7,178,178,178,0.007461,0.027384,0.012671,1,1,1,2068.4
ecmp,3,119,1,15.827,25.717,1.0,1.0,37,0,37,7,179,178,178,0.007461,0.027144,0.012876,1,1,1,2068.4
ecmp,3,120,11,15.431,24.84,1.0,1.0,38,0,38,2,182,182,182,0.00748,0.026198,0.012616,0,1,1,2068.4
ecmp,3,121,1,10.938,12.678,1.0,1.0,39,0,39,2,183,182,182,0.007462,0.012674,0.012678,0,1,1,2068.4
ecmp,3,122,1,11.019,12.868,1.0,1.0,39,0,39,2,183,183,182,0.007507,0.012657,0.012892,0,1,1,2068.4
ecmp,3,123,1,11.052,12.996,1.0,1.0,39,0,39,0,183,183,183,0.007488,0.013037,0.012632,0,1,1,2068.4
ecmp,3,124,1,11.052,12.996,1.0,1.0,39,0,39,0,184,183,183,0.007488,0.013037,0.012632,0,1,1,2068.4
ecmp,3,125,1,10.994,12.862,1.0,1.0,39,0,39,0,184,184,183,0.007488,0.012891,0.012604,0,1,1,2068.4
ecmp,3,126,1,10.893,12.65,1.0,1.0,39,0,39,0,184,184,184,0.007399,0.012653,0.012627,0,1,1,2068.4
ecmp,3,127,1,11.071,12.909,1.0,1.0,39,0,39,0,185,184,184,0.007481,0.012814,0.012919,0,1,1,2068.4
ecmp,3,128,1,10.912,12.66,1.0,1.0,39,0,39,0,185,185,184,0.007455,0.012617,0.012665,0,1,1,2068.4
ecmp,3,129,0,11.351,13.582,1.0,1.0,39,0,39,0,185,185,184,0.007494,0.012902,0.013658,0,1,1,2068.4
ecmp,3,130,1,11.335,13.582,1.0,1.0,39,0,39,0,185,185,185,0.007446,0.012902,0.013658,0,1,1,2068.4
ecmp,3,131,1,10.945,12.814,1.0,1.0,39,0,39,0,186,185,185,0.007446,0.012544,0.012844,0,1,1,2068.4
ecmp,3,132,1,11.221,13.461,1.0,1.0,39,0,39,0,186,186,185,0.007466,0.012644,0.013552,0,1,1,2068.4
ecmp,3,133,1,11.08,12.692,1.0,1.0,39,0,39,0,186,186,186,0.00787,0.012694,0.012677,0,1,1,2068.4
ecmp,3,134,1,10.887,12.643,1.0,1.0,39,0,39,0,187,186,186,0.007432,0.012579,0.01265,0,1,1,2068.4
ecmp,3,135,1,10.927,12.698,1.0,1.0,39,0,39,0,187,187,186,0.007484,0.01271,0.012587,0,1,1,2068.4
ecmp,3,136,1,10.906,12.698,1.0,1.0,39,0,39,0,187,187,187,0.007422,0.01271,0.012587,0,1,1,2068.4
ecmp,3,137,1,10.912,12.664,1.0,1.0,39,0,39,0,188,187,187,0.007422,0.012647,0.012666,0,1,1,2068.4
ecmp,3,138,1,10.991,12.84,1.0,1.0,39,0,39,0,188,188,187,0.007459,0.012654,0.012861,0,1,1,2068.4
ecmp,3,139,1,10.981,12.776,1.0,1.0,39,0,39,0,188,188,188,0.007467,0.012785,0.012691,0,1,1,2068.4
ecmp,3,140,1,11.417,13.658,1.0,1.0,39,0,39,0,189,188,188,0.007454,0.013723,0.013074,0,1,1,2068.4
ecmp,3,141,1,10.919,12.649,1.0,1.0,39,0,39,0,189,189,188,0.00746,0.012649,0.012648,0,1,1,2068.4
ecmp,3,142,1,11.062,13.034,1.0,1.0,39,0,39,0,189,189,189,0.00746,0.013077,0.012648,0,1,1,2068.4
ecmp,3,143,1,11.06,13.034,1.0,1.0,39,0,39,0,190,189,189,0.00746,0.013077,0.012642,0,1,1,2068.4
ecmp,3,144,1,11.055,13.022,1.0,1.0,39,0,39,0,190,190,189,0.007461,0.013064,0.01264,0,1,1,2068.4
ecmp,3,145,1,11.01,12.671,1.0,1.0,39,0,39,0,190,190,190,0.007704,0.012652,0.012673,0,1,1,2068.4
ecmp,3,146,1,10.903,12.663,1.0,1.0,39,0,39,0,191,190,190,0.007393,0.012664,0.012653,0,1,1,2068.4
ecmp,3,147,1,10.928,12.68,1.0,1.0,39,0,39,0,191,191,190,0.007489,0.012688,0.012607,0,1,1,2068.4
ecmp,3,148,1,10.913,12.622,1.0,1.0,39,0,39,0,191,191,191,0.007509,0.012624,0.012607,0,1,1,2068.4
ecmp,3,149,1,10.928,12.647,1.0,1.0,39,0,39,0,192,191,191,0.007509,0.012624,0.01265,0,1,1,2068.4
ecmp,3,150,1,11.277,13.547,1.0,1.0,39,0,39,0,192,192,191,0.007524,0.013645,0.012663,1,1,1,2068.4
ecmp,3,151,1,15.244,19.608,1.0,1.0,39,1,39,0,192,192,192,0.020377,0.012685,0.01267,1,1,1,2068.4
ecmp,3,152,11,13.805,15.932,1.0,1.0,38,2,38,0,196,196,195,0.0163,0.012618,0.012496,1,1,1,2068.4
ecmp,3,153,1,13.764,15.666,1.0,1.0,38,4,38,0,196,196,196,0.016,0.012631,0.01266,1,1,1,2068.4
ecmp,3,154,11,13.791,15.719,1.0,1.0,38,6,38,0,200,200,199,0.016059,0.012655,0.01266,1,1,1,2068.4
ecmp,3,155,1,13.77,15.719,1.0,1.0,38,6,38,0,200,200,200,0.016059,0.012655,0.012595,1,1,1,2068.4
ecmp,3,156,11,14.2,15.956,1.0,1.0,38,7,38,0,204,204,203,0.016222,0.01356,0.012817,1,1,1,2068.4
ecmp,3,157,1,13.811,15.809,1.0,1.0,32,9,32,0,204,204,204,0.016157,0.012596,0.012679,1,1,1,2068.4
ecmp,3,158,11,14.145,15.932,1.0,1.0,32,10,32,0,208,208,207,0.016186,0.012603,0.013646,1,1,1,2068.4
ecmp,3,159,1,14.32,15.802,1.0,1.0,32,12,32,0,208,208,208,0.016057,0.013505,0.013398,1,1,1,2068.4
ecmp,3,160,11,14.315,15.789,1.0,1.0,32,13,32,0,212,212,211,0.016043,0.013505,0.013398,1,1,1,2068.4
ecmp,3,161,0,13.78,15.706,1.0,1.0,27,13,27,0,212,212,211,0.016043,0.01262,0.012677,1,1,1,2068.4
ecmp,3,162,1,14.1,15.759,1.0,1.0,27,15,27,0,212,212,212,0.016,0.012709,0.013592,1,1,1,2068.4
ecmp,3,163,11,13.776,15.638,1.0,1.0,27,17,27,0,216,216,215,0.015966,0.012675,0.012687,1,1,1,2068.4
ecmp,3,164,1,13.769,15.663,1.0,1.0,21,18,21,0,216,216,216,0.015995,0.01264,0.012673,1,1,1,2068.4
ecmp,3,165,11,13.754,15.667,1.0,1.0,21,20,21,0,220,220,219,0.016,0.012595,0.012668,1,1,1,2068.4
ecmp,3,166,1,13.788,15.758,1.0,1.0,21,21,21,0,220,220,220,0.016101,0.012595,0.012668,1,1,1,2068.4
ecmp,3,167,11,13.807,15.761,1.0,1.0,21,21,21,0,224,224,223,0.016101,0.012696,0.012625,1,1,1,2068.4
ecmp,3,168,1,14.043,16.54,1.0,1.0,23,23,21,0,224,224,224,0.01698,0.01257,0.01258,1,1,1,2068.4
ecmp,3,169,11,13.692,15.457,1.0,1.0,25,25,16,0,228,228,227,0.015768,0.012645,0.012662,1,1,1,2068.4
ecmp,3,170,1,14.128,15.895,1.0,1.0,26,26,16,0,228,228,228,0.016155,0.012673,0.013557,1,1,1,2068.4
ecmp,3,171,11,13.786,15.732,1.0,1.0,28,28,16,0,232,232,231,0.016072,0.012613,0.012674,1,1,1,2068.4
ecmp,3,172,1,13.777,15.707,1.0,1.0,29,29,16,0,232,232,232,0.016044,0.012613,0.012674,1,1,1,2068.4
ecmp,3,173,11,13.789,15.707,1.0,1.0,29,29,11,0,236,236,235,0.016044,0.012651,0.012673,1,1,1,2068.4
ecmp,3,174,1,14.405,16.0,1.0,1.0,31,31,11,0,236,236,236,0.016212,0.014088,0.012915,1,1,1,2068.4
ecmp,3,175,11,13.798,15.733,1.0,1.0,32,32,11,0,240,240,239,0.016073,0.012675,0.012645,1,1,1,2068.4
ecmp,3,176,1,13.865,15.944,1.0,1.0,34,34,11,0,240,240,240,0.01631,0.012638,0.012648,1,1,1,2068.4
ecmp,3,177,11,13.828,15.838,1.0,1.0,36,36,5,0,244,244,243,0.016191,0.01266,0.012632,1,1,1,2068.4
ecmp,3,178,1,13.828,15.838,1.0,1.0,36,36,5,0,244,244,244,0.016191,0.01266,0.012632,1,1,1,2068.4
ecmp,3,179,11,13.728,15.665,1.0,1.0,37,37,5,0,248,248,247,0.016005,0.012569,0.01261,1,1,1,2068.4
drl,1,0,0,15.953,26.211,1.0,1.0,0,0,0,0,0,0,0,0.007496,0.012646,0.027718,1,1,1,2237.3
drl,1,1,83,15.666,25.465,0.3333,0.3333,83,42,0,83,0,0,83,0.00749,0.012615,0.026893,1,1,1,2237.3
drl,1,2,1,15.666,25.465,0.3414,0.3414,83,42,0,83,0,1,83,0.00749,0.012615,0.026893,1,1,1,2237.3
drl,1,3,1,15.479,24.983,0.3494,0.3494,84,42,0,84,0,2,83,0.007481,0.012595,0.02636,1,1,1,2237.3
drl,1,4,1,15.77,25.124,0.3574,0.3574,85,42,0,85,0,3,83,0.007463,0.013422,0.026424,1,1,1,2237.3
drl,1,5,1,15.791,25.065,0.3654,0.3654,86,42,0,86,0,4,83,0.007475,0.013554,0.026344,1,1,1,2237.3
drl,1,6,1,15.588,25.28,0.3733,0.3733,87,42,0,87,0,5,83,0.00746,0.012618,0.026687,1,1,1,2237.3
drl,1,7,1,15.598,25.284,0.3813,0.3813,87,42,0,87,0,6,83,0.00745,0.012656,0.026687,1,1,1,2237.3
drl,1,8,1,15.524,25.085,0.3892,0.3892,88,42,0,88,0,7,83,0.00745,0.012656,0.026466,1,1,1,2237.3
drl,1,9,1,15.634,25.502,0.397,0.397,89,42,0,89,0,8,83,0.007443,0.012513,0.026945,1,1,1,2237.3
drl,1,10,1,15.51,24.999,0.4048,0.4048,90,42,0,90,0,9,83,0.007499,0.01266,0.02637,1,1,1,2237.3
drl,1,11,1,15.475,24.935,0.4125,0.4125,91,42,0,91,0,10,83,0.007477,0.012649,0.0263,1,1,1,2237.3
drl,1,12,1,15.467,24.932,0.4202,0.4202,92,42,0,92,0,11,83,0.00751,0.012586,0.026304,1,1,1,2237.3
drl,1,13,1,15.789,25.034,0.4277,0.4277,92,42,0,92,0,12,83,0.007459,0.013605,0.026304,1,1,1,2237.3
drl,1,14,1,15.98,25.55,0.4353,0.4353,93,42,0,93,0,13,83,0.007459,0.013605,0.026877,1,1,1,2237.3
drl,1,15,1,15.409,24.77,0.4427,0.4427,94,42,0,94,0,14,83,0.007468,0.012641,0.026118,1,1,1,2237.3
drl,1,16,1,15.416,24.87,0.45,0.45,95,42,0,95,0,15,83,0.007479,0.012529,0.026241,1,1,1,2237.3
drl,1,17,1,15.766,25.675,0.4572,0.4572,96,42,0,96,0,16,83,0.007461,0.012722,0.027114,1,1,1,2237.3
drl,1,18,1,15.581,25.302,0.4644,0.4644,97,42,0,97,0,17,83,0.007391,0.012644,0.026708,1,1,1,2237.3
drl,1,19,1,15.595,25.302,0.4714,0.4714,97,42,0,97,0,18,83,0.007433,0.012644,0.026708,1,1,1,2237.3
drl,1,20,1,15.533,25.169,0.4783,0.4783,98,42,0,98,0,19,83,0.007433,0.012601,0.026566,1,1,1,2237.3
drl,1,21,1,15.519,25.093,0.4852,0.4852,99,42,0,99,0,20,83,0.007405,0.012679,0.026472,1,1,1,2237.3
drl,1,22,1,15.528,25.159,0.4919,0.4919,100,42,0,100,0,21,83,0.007409,0.012624,0.026552,1,1,1,2237.3
drl,1,23,1,15.824,25.23,0.4984,0.4984,101,42,0,101,0,22,83,0.007343,0.013608,0.026521,1,1,1,2237.3
drl,1,24,1,15.384,24.656,0.5049,0.5049,102,42,0,102,0,23,83,0.007506,0.012658,0.025989,1,1,1,2237.3
drl,1,25,1,15.384,24.656,0.5112,0.5112,102,42,0,102,0,24,83,0.007506,0.012658,0.025989,1,1,1,2237.3
drl,1,26,1,15.856,25.238,0.5174,0.5174,103,42,0,103,0,25,83,0.00743,0.013608,0.02653,1,1,1,2237.3
drl,1,27,0,15.563,25.167,0.5174,0.5174,104,42,0,104,0,25,83,0.007484,0.012647,0.026558,1,1,1,2237.3
drl,1,28,1,15.558,25.097,0.5235,0.5235,105,39,0,105,0,26,83,0.007484,0.012719,0.026472,1,1,1,2237.3
drl,1,29,1,16.0,25.656,0.5294,0.5294,106,39,0,106,0,27,83,0.007428,0.013574,0.026998,1,1,1,2237.3
drl,1,30,1,15.695,25.563,0.5353,0.5353,106,39,0,106,0,28,83,0.007438,0.012648,0.026998,1,1,1,2237.3
drl,1,31,1,15.424,24.832,0.5409,0.5409,107,39,0,107,0,29,83,0.007438,0.012648,0.026186,1,1,1,2237.3
drl,1,32,1,15.471,24.903,0.5465,0.5465,108,33,0,108,0,30,83,0.007464,0.012689,0.02626,1,1,1,2237.3
drl,1,33,1,15.509,25.052,0.5518,0.5518,109,33,0,109,0,31,83,0.007433,0.012666,0.026428,1,1,1,2237.3
drl,1,34,1,16.006,25.69,0.5571,0.5571,110,33,0,110,0,32,83,0.007451,0.013527,0.027041,1,1,1,2237.3
drl,1,35,1,15.544,25.189,0.5622,0.5622,111,33,0,111,0,33,83,0.007443,0.012602,0.026588,1,1,1,2237.3
drl,1,36,1,15.53,25.189,0.5672,0.5672,111,28,0,111,0,34,83,0.007401,0.012602,0.026588,1,1,1,2237.3
drl,1,37,1,15.42,24.887,0.572,0.572,112,28,0,112,0,35,83,0.007401,0.012609,0.026251,1,1,1,2237.3
drl,1,38,1,15.634,25.012,0.5767,0.5767,113,28,0,113,0,36,83,0.007505,0.013056,0.02634,1,1,1,2237.3
drl,1,39,1,15.331,24.571,0.5813,0.5813,114,28,0,114,0,37,83,0.00747,0.012624,0.025899,1,1,1,2237.3
drl,1,40,1,15.707,25.587,0.5857,0.5857,115,22,0,115,0,38,83,0.007439,0.012657,0.027024,1,1,1,2237.3
drl,1,41,1,15.555,25.078,0.5899,0.5899,116,22,0,116,0,39,83,0.007501,0.012712,0.026452,1,1,1,2237.3
drl,1,42,1,15.548,25.078,0.5941,0.5941,116,22,0,116,0,40,83,0.00748,0.012712,0.026452,1,1,1,2237.3
drl,1,43,1,15.701,25.536,0.5981,0.5981,117,22,0,117,0,41,83,0.00748,0.012657,0.026967,1,1,1,2237.3
drl,1,44,1,15.483,25.017,0.6019,0.6019,118,22,0,118,0,42,83,0.007443,0.012611,0.026396,1,1,1,2237.3
drl,1,45,1,15.263,24.582,0.6056,0.6056,119,17,0,119,0,43,83,0.007451,0.012402,0.025935,1,1,1,2237.3
drl,1,46,1,15.614,25.116,0.6092,0.6092,120,17,0,120,0,44,83,0.007731,0.012606,0.026506,1,1,1,2237.3
drl,1,47,1,15.52,25.042,0.6127,0.6127,121,17,0,121,0,45,83,0.007465,0.012681,0.026415,1,1,1,2237.3
drl,1,48,1,15.52,25.042,0.616,0.616,121,17,0,121,0,46,83,0.007465,0.012681,0.026415,1,1,1,2237.3
drl,1,49,1,15.507,25.028,0.6192,0.6192,122,12,0,122,0,47,83,0.007463,0.012655,0.026403,1,1,1,2237.3
drl,1,50,1,15.721,25.626,0.6222,0.6222,123,12,0,123,0,48,83,0.007454,0.012639,0.027069,1,1,1,2237.3
drl,1,51,1,15.549,25.137,0.6252,0.6252,124,12,0,124,0,49,83,0.007466,0.012658,0.026524,1,1,1,2237.3
drl,1,52,1,15.587,25.303,0.628,0.628,125,6,0,125,0,50,83,0.00744,0.012608,0.026714,1,1,1,2237.3
drl,1,53,1,15.954,25.413,0.6307,0.6307,125,6,0,125,0,51,83,0.00745,0.013699,0.026714,1,1,1,2237.3
drl,1,54,1,15.79,24.968,0.6333,0.6333,126,6,0,126,0,52,83,0.00745,0.013699,0.02622,1,1,1,2237.3
drl,1,55,1,15.845,25.165,0.6357,0.6357,127,6,0,127,0,53,83,0.007452,0.013637,0.026446,1,1,1,2237.3
drl,1,56,1,15.838,25.116,0.6381,0.6381,128,6,0,128,0,54,83,0.007904,0.013166,0.026444,1,1,1,2237.3
drl,1,57,1,15.511,25.089,0.6403,0.6403,129,2,0,129,0,55,83,0.007494,0.012559,0.026481,1,1,1,2237.3
drl,1,58,1,15.432,24.849,0.6424,0.6424,130,2,0,130,0,56,83,0.007464,0.012623,0.026208,1,1,1,2237.3
drl,1,59,1,15.441,24.853,0.6444,0.6444,130,2,0,130,0,57,83,0.007462,0.012654,0.026208,1,1,1,2237.3
drl,1,60,1,15.741,25.662,0.6463,0.5,131,2,0,131,0,58,83,0.007462,0.012654,0.027107,1,0,1,2237.3
drl,1,61,1,10.921,12.633,0.6482,0.5,130,0,0,130,0,59,83,0.007519,0.01261,0.012635,1,0,1,2237.3
drl,1,62,1,11.013,12.914,0.6499,0.5,130,0,0,130,0,60,83,0.007459,0.012945,0.012634,1,0,1,2237.3
drl,1,63,1,10.922,12.681,0.6515,0.5,130,0,0,130,0,61,83,0.007442,0.012686,0.012638,1,0,1,2237.3
drl,1,64,1,10.881,12.616,0.653,0.5,46,0,0,46,0,62,83,0.007427,0.012598,0.012618,1,0,1,2237.3
drl,1,65,1,10.895,12.633,0.6544,0.5,46,0,0,46,0,63,83,0.007433,0.012635,0.012618,1,0,1,2237.3
drl,1,66,0,10.891,12.632,0.6544,0.5,46,0,0,46,0,63,83,0.007433,0.012635,0.012606,1,0,1,2237.3
drl,1,67,1,10.899,12.655,0.6557,0.5,46,0,0,46,0,64,83,0.007442,0.012593,0.012662,1,0,1,2237.3
drl,1,68,1,10.954,12.684,0.6569,0.5,46,0,0,46,0,65,83,0.007523,0.012688,0.012652,1,0,1,2237.3
drl,1,69,1,10.9,12.688,0.6581,0.5,43,0,0,43,0,66,83,0.007465,0.012706,0.01253,1,0,1,2237.3
drl,1,70,1,10.908,12.662,0.6592,0.5,43,0,0,43,0,67,83,0.00745,0.012668,0.012606,1,0,1,2237.3
drl,1,71,1,11.032,12.602,0.6602,0.5,43,0,0,43,0,68,83,0.007919,0.01257,0.012606,1,0,1,2237.3
drl,1,72,1,11.026,12.587,0.6611,0.5,43,0,0,43,0,69,83,0.007919,0.01257,0.012589,1,0,1,2237.3
drl,1,73,1,10.871,12.587,0.6619,0.5,39,0,0,39,0,70,83,0.007439,0.012587,0.012586,1,0,1,2237.3
drl,1,74,1,11.425,13.554,0.6626,0.5,39,0,0,39,0,71,83,0.007994,0.013658,0.012622,1,0,1,2237.3
drl,1,75,1,10.902,12.7,0.6633,0.5,39,0,0,39,0,72,83,0.007413,0.012714,0.012579,1,0,1,2237.3
drl,1,76,1,10.905,12.653,0.6639,0.5,39,0,0,39,0,73,83,0.00746,0.01266,0.012595,1,0,1,2237.3
drl,1,77,1,10.913,12.676,0.6645,0.5,39,0,0,39,0,74,83,0.007458,0.012685,0.012595,1,0,1,2237.3
drl,1,78,1,10.909,12.675,0.665,0.5,36,0,0,36,0,75,83,0.007458,0.012685,0.012584,1,0,1,2237.3
drl,1,79,1,10.92,12.649,0.6654,0.5,36,0,0,36,0,76,83,0.007475,0.012634,0.012651,1,0,1,2237.3
drl,1,80,1,10.907,12.65,0.6657,0.5,36,0,0,36,0,77,83,0.007489,0.012659,0.012573,1,0,1,2237.3
drl,1,81,1,10.889,12.627,0.666,0.5,33,0,0,33,0,78,83,0.007417,0.012622,0.012628,1,0,1,2237.3
drl,1,82,1,10.914,12.664,0.6663,0.5,33,0,0,33,0,79,83,0.007442,0.012668,0.012631,1,0,1,2237.3
drl,1,83,1,11.214,13.472,0.6664,0.5,33,0,0,33,0,80,83,0.007447,0.013565,0.012631,1,0,1,2237.3
drl,1,84,1,11.219,13.473,0.6666,0.5,33,0,0,33,0,81,83,0.007447,0.013565,0.012645,1,0,1,2237.3
drl,1,85,1,11.257,13.527,0.6666,0.5,33,0,0,33,0,82,83,0.007472,0.013621,0.012677,1,0,1,2237.3
drl,1,86,1,10.931,12.651,0.6667,0.5,29,0,0,29,0,83,83,0.007503,0.012639,0.012652,1,0,1,2237.3
drl,1,87,1,10.919,12.666,0.6666,0.5,29,0,0,29,0,84,83,0.007478,0.012606,0.012673,1,0,1,2237.3
drl,1,88,1,10.943,12.739,0.6666,0.5,29,0,0,29,0,85,83,0.007452,0.012626,0.012751,1,0,1,2237.3
drl,1,89,1,10.964,12.737,0.6665,0.5,29,0,0,29,0,86,83,0.007528,0.012613,0.012751,1,0,1,2237.3
drl,1,90,1,10.9,12.608,0.6663,0.6663,26,0,0,26,0,87,83,0.007528,0.012613,0.01256,1,1,1,2237.3
drl,1,91,78,17.085,29.296,0.601,0.601,26,0,1,26,0,165,83,0.007482,0.031148,0.012626,1,1,1,2237.3
drl,1,92,10,15.49,25.031,0.6485,0.6485,80,0,80,26,10,165,83,0.007428,0.026409,0.012632,1,1,1,2237.3
drl,1,93,1,15.535,25.114,0.6531,0.6531,81,0,81,22,11,165,83,0.007485,0.026503,0.012618,1,1,1,2237.3
drl,1,94,1,15.856,25.982,0.6578,0.6578,82,0,82,22,12,165,83,0.0075,0.027469,0.012599,1,1,1,2237.3
drl,1,95,1,15.839,25.982,0.6623,0.6623,82,0,82,22,13,165,83,0.007448,0.027469,0.012599,1,1,1,2237.3
drl,1,96,1,15.903,26.164,0.6669,0.6669,83,0,83,22,14,165,83,0.007448,0.027673,0.012587,1,1,1,2237.3
drl,1,97,1,15.449,24.837,0.6714,0.6714,84,0,84,22,15,165,83,0.00758,0.0262,0.012566,1,1,1,2237.3
drl,1,98,1,15.447,24.897,0.6759,0.6759,85,0,85,19,16,165,83,0.007461,0.026261,0.012619,1,1,1,2237.3
drl,1,99,1,15.498,25.024,0.6804,0.6804,86,0,86,19,17,165,83,0.007486,0.026404,0.012605,1,1,1,2237.3
drl,1,100,1,15.536,25.107,0.6849,0.6849,87,0,87,19,18,165,83,0.007461,0.026491,0.012656,1,1,1,2237.3
drl,1,101,1,15.537,25.107,0.6893,0.6893,87,0,87,19,19,165,83,0.007463,0.026491,0.012656,1,1,1,2237.3
drl,1,102,1,15.579,25.196,0.6937,0.6937,88,0,88,16,20,165,83,0.007463,0.026586,0.012687,1,1,1,2237.3
drl,1,103,1,15.704,25.55,0.698,0.698,89,0,89,16,21,165,83,0.007474,0.026983,0.012656,1,1,1,2237.3
drl,1,104,1,15.652,25.045,0.7024,0.7024,90,0,90,16,22,165,83,0.007528,0.026378,0.013051,1,1,1,2237.3
drl,1,105,1,15.809,25.017,0.7066,0.7066,91,0,91,12,23,165,83,0.008381,0.026391,0.012655,1,1,1,2237.3
drl,1,106,1,15.499,24.997,0.7085,0.7085,92,0,92,12,23,165,84,0.007446,0.026365,0.012685,1,1,1,2237.3
drl,1,107,1,15.499,24.997,0.7102,0.7102,92,0,92,12,23,165,85,0.007446,0.026365,0.012685,1,1,1,2237.3
drl,1,108,1,15.466,24.907,0.712,0.712,93,0,93,12,23,165,86,0.007484,0.026269,0.012645,1,1,1,2237.3
drl,1,109,1,15.52,25.059,0.7137,0.7137,94,0,94,12,23,165,87,0.007473,0.026438,0.012648,1,1,1,2237.3
drl,1,110,1,15.548,25.211,0.7153,0.7153,95,0,95,9,23,165,88,0.007427,0.026612,0.012604,1,1,1,2237.3
drl,1,111,1,15.661,25.486,0.7169,0.7169,96,0,96,9,23,165,89,0.00747,0.026918,0.012596,1,1,1,2237.3
drl,1,112,1,15.541,25.162,0.7185,0.7185,97,0,97,9,23,165,90,0.007468,0.026558,0.012596,1,1,1,2237.3
drl,1,113,1,15.572,25.171,0.72,0.72,97,0,97,9,23,165,91,0.007468,0.026558,0.012689,1,1,1,2237.3
drl,1,114,1,15.858,25.812,0.7216,0.7216,98,0,98,6,23,165,92,0.007677,0.027278,0.01262,1,1,1,2237.3
drl,1,115,1,15.381,24.756,0.723,0.723,99,0,99,6,23,165,93,0.007464,0.02611,0.012569,1,1,1,2237.3
drl,1,116,1,15.757,25.523,0.7245,0.7245,100,0,100,6,23,165,94,0.007481,0.02693,0.012861,1,1,1,2237.3
drl,1,117,1,15.503,25.021,0.7259,0.7259,101,0,101,6,23,165,95,0.007476,0.026397,0.012637,1,1,1,2237.3
drl,1,118,1,15.501,25.021,0.7272,0.7272,101,0,101,6,23,165,96,0.007468,0.026397,0.012637,1,1,1,2237.3
drl,1,119,1,15.546,25.111,0.7285,0.7285,102,0,102,2,23,165,97,0.007468,0.026492,0.012678,1,1,1,2237.3
drl,1,120,1,15.498,25.025,0.7298,0.9391,103,0,103,2,23,165,98,0.007466,0.026403,0.012625,0,1,1,2237.3
drl,1,121,1,10.882,12.601,0.7311,0.9412,103,0,103,2,23,165,99,0.0075,0.012608,0.012538,0,1,1,2237.3
drl,1,122,1,10.935,12.659,0.7323,0.9433,103,0,103,0,23,165,100,0.00751,0.012632,0.012662,0,1,1,2237.3
drl,1,123,1,11.494,13.524,0.7335,0.9453,103,0,103,0,23,165,101,0.008273,0.01258,0.013629,0,1,1,2237.3
drl,1,124,1,11.237,13.524,0.7347,0.9473,103,0,103,0,23,165,102,0.007503,0.01258,0.013629,0,1,1,2237.3
drl,1,125,1,10.92,12.63,0.7358,0.9492,103,0,103,0,23,165,103,0.007503,0.012631,0.012626,0,1,1,2237.3
drl,1,126,1,11.051,13.09,0.7369,0.9511,103,0,103,0,23,165,104,0.007402,0.012609,0.013143,0,1,1,2237.3
drl,1,127,1,11.103,13.127,0.7379,0.9529,103,0,103,0,23,165,105,0.007475,0.012654,0.01318,0,1,1,2237.3
drl,1,128,1,10.903,12.658,0.739,0.9547,103,0,103,0,23,165,106,0.007441,0.012604,0.012664,0,1,1,2237.3
drl,1,129,1,10.922,12.654,0.74,0.9565,103,0,103,0,23,165,107,0.00746,0.012654,0.012653,0,1,1,2237.3
drl,1,130,1,10.932,12.654,0.7409,0.9582,103,0,103,0,23,165,108,0.007489,0.012654,0.012653,0,1,1,2237.3
drl,1,131,0,10.911,12.629,0.7409,0.9582,103,0,103,0,23,165,108,0.007489,0.012631,0.012613,0,1,1,2237.3
drl,1,132,1,11.024,12.98,0.7418,0.9599,103,0,103,0,23,165,109,0.007471,0.012575,0.013025,0,1,1,2237.3
drl,1,133,1,10.92,12.66,0.7427,0.9615,103,0,103,0,23,165,110,0.007459,0.012637,0.012663,0,1,1,2237.3
drl,1,134,1,11.237,13.536,0.7436,0.9631,103,0,103,0,23,165,111,0.007443,0.012631,0.013636,0,1,1,2237.3
drl,1,135,1,10.924,12.662,0.7445,0.9647,103,0,103,0,23,165,112,0.007451,0.012657,0.012663,0,1,1,2237.3
drl,1,136,1,10.913,12.662,0.7453,0.9662,103,0,103,0,23,165,113,0.00742,0.012657,0.012663,0,1,1,2237.3
drl,1,137,1,10.903,12.661,0.746,0.9677,103,0,103,0,23,165,114,0.00742,0.012623,0.012665,0,1,1,2237.3
drl,1,138,1,10.957,12.702,0.7468,0.9691,103,0,103,0,23,165,115,0.007514,0.012708,0.012649,0,1,1,2237.3
drl,1,139,1,10.903,12.649,0.7475,0.9705,103,0,103,0,23,165,116,0.007444,0.012653,0.012611,0,1,1,2237.3
drl,1,140,1,10.911,12.67,0.7482,0.9718,103,0,103,0,23,165,117,0.007463,0.012679,0.012591,0,1,1,2237.3
drl,1,141,1,10.925,12.676,0.7489,0.9732,103,0,103,0,23,165,118,0.007477,0.012615,0.012683,0,1,1,2237.3
drl,1,142,1,10.916,12.676,0.7495,0.9744,103,0,103,0,23,165,119,0.007451,0.012615,0.012683,0,1,1,2237.3
drl,1,143,1,10.899,12.658,0.7501,0.9757,103,0,103,0,23,165,120,0.007451,0.012578,0.012667,0,1,1,2237.3
drl,1,144,1,10.914,12.659,0.7507,0.9769,103,0,103,0,23,165,121,0.007435,0.012661,0.012645,0,1,1,2237.3
drl,1,145,1,10.924,12.657,0.7513,0.978,103,0,103,0,23,165,122,0.007486,0.012624,0.012661,0,1,1,2237.3
drl,1,146,1,10.895,12.616,0.7518,0.9792,103,0,103,0,23,165,123,0.007496,0.012569,0.012621,0,1,1,2237.3
drl,1,147,1,10.919,12.667,0.7523,0.9803,103,0,103,0,23,165,124,0.007449,0.012638,0.01267,0,1,1,2237.3
drl,1,148,1,10.931,12.667,0.7528,0.9813,103,0,103,0,23,165,125,0.007484,0.012638,0.01267,0,1,1,2237.3
drl,1,149,1,10.939,12.673,0.7533,0.9824,103,0,103,0,23,165,126,0.007484,0.01266,0.012674,0,1,1,2237.3
drl,1,150,1,10.887,12.643,0.7537,0.7537,103,0,103,0,23,165,127,0.007432,0.01265,0.012578,1,1,1,2237.3
drl,1,151,1,15.328,20.017,0.7541,0.7541,103,1,103,0,23,165,128,0.020844,0.012571,0.012568,1,1,1,2237.3
drl,1,152,1,13.858,15.702,0.7545,0.7545,103,2,103,0,23,165,129,0.016012,0.012651,0.01291,1,1,1,2237.3
drl,1,153,1,14.066,15.789,0.7549,0.7549,103,3,103,0,23,165,130,0.016037,0.012599,0.013562,1,1,1,2237.3
drl,1,154,1,14.097,15.873,0.7552,0.7552,103,4,103,0,23,165,131,0.01613,0.012599,0.013562,1,1,1,2237.3
drl,1,155,1,13.809,15.784,0.7555,0.7555,21,4,21,0,23,165,132,0.01613,0.012667,0.012629,1,1,1,2237.3
drl,1,156,1,13.838,15.793,0.7558,0.7558,21,5,21,0,23,165,133,0.016133,0.012645,0.012736,1,1,1,2237.3
drl,1,157,1,13.799,15.797,0.7561,0.7561,21,6,21,0,23,165,134,0.01615,0.012623,0.012623,1,1,1,2237.3
drl,1,158,1,13.775,15.705,0.7564,0.7564,21,7,21,0,23,165,135,0.016045,0.012641,0.01264,1,1,1,2237.3
drl,1,159,1,13.871,15.925,0.7566,0.7566,18,8,18,0,23,165,136,0.016288,0.012662,0.012663,1,1,1,2237.3
drl,1,160,1,13.764,15.637,0.7568,0.7568,18,9,18,0,23,165,137,0.015968,0.012662,0.012663,1,1,1,2237.3
drl,1,161,0,13.737,15.637,0.7568,0.7568,18,9,18,0,23,165,137,0.015968,0.012662,0.012582,1,1,1,2237.3
drl,1,162,1,13.77,15.763,0.757,0.757,18,10,18,0,23,165,138,0.016107,0.012665,0.012539,1,1,1,2237.3
drl,1,163,1,13.78,15.719,0.7572,0.7572,15,11,15,0,23,165,139,0.016059,0.012663,0.012617,1,1,1,2237.3
drl,1,164,1,14.259,16.234,0.7573,0.7573,15,12,15,0,23,165,140,0.016526,0.012643,0.013608,1,1,1,2237.3
drl,1,165,1,13.792,15.733,0.7574,0.7574,15,13,15,0,23,165,141,0.016074,0.012663,0.012639,1,1,1,2237.3
drl,1,166,1,13.792,15.733,0.7575,0.7575,15,13,15,0,23,165,142,0.016074,0.012663,0.012639,1,1,1,2237.3
drl,1,167,1,13.826,15.771,0.7576,0.7576,14,14,11,0,23,165,143,0.016114,0.012685,0.01268,1,1,1,2237.3
drl,1,168,1,13.934,16.153,0.7577,0.7577,15,15,11,0,23,165,144,0.01654,0.01267,0.012592,1,1,1,2237.3
drl,1,169,1,13.75,15.648,0.7578,0.7578,16,16,11,0,23,165,145,0.015982,0.012626,0.012643,1,1,1,2237.3
drl,1,170,1,13.732,15.677,0.7578,0.7578,17,17,11,0,23,165,146,0.016015,0.012637,0.012543,1,1,1,2237.3
drl,1,171,1,13.783,15.786,0.7578,0.7578,18,18,8,0,23,165,147,0.016138,0.012589,0.012623,1,1,1,2237.3
drl,1,172,1,13.783,15.786,0.7578,0.7578,18,18,8,0,23,165,148,0.016138,0.012589,0.012623,1,1,1,2237.3
drl,1,173,1,13.742,15.783,0.7578,0.7578,19,19,8,0,23,165,149,0.016138,0.012502,0.012585,1,1,1,2237.3
drl,1,174,1,13.806,15.663,0.7578,0.7578,20,20,8,0,23,165,150,0.015973,0.012572,0.012872,1,1,1,2237.3
drl,1,175,1,13.755,15.737,0.7577,0.7577,21,21,5,0,23,165,151,0.016081,0.012539,0.012645,1,1,1,2237.3
drl,1,176,1,13.889,15.868,0.7577,0.7577,22,22,5,0,23,165,152,0.016211,0.012783,0.012672,1,1,1,2237.3
drl,1,177,1,13.817,15.805,0.7576,0.7576,23,23,5,0,23,165,153,0.016153,0.012625,0.012672,1,1,1,2237.3
drl,1,178,1,13.817,15.805,0.7575,0.7575,23,23,5,0,23,165,154,0.016153,0.012625,0.012674,1,1,1,2237.3
drl,1,179,1,13.819,15.811,0.7574,0.7574,24,24,5,0,23,165,155,0.016159,0.012619,0.012679,1,1,1,2237.3
drl,2,0,0,15.468,24.977,1.0,1.0,0,0,0,0,0,0,0,0.007477,0.01257,0.026356,1,1,1,1957.4
drl,2,1,84,15.386,24.758,0.3333,0.3333,4,0,0,4,0,0,84,0.007477,0.01257,0.026112,1,1,1,1957.4
drl,2,2,1,15.512,25.042,0.3413,0.3413,84,27,0,84,0,1,84,0.007464,0.012654,0.026418,1,1,1,1957.4
drl,2,3,1,15.545,25.155,0.3492,0.3492,85,27,0,85,0,2,84,0.007494,0.01259,0.026551,1,1,1,1957.4
drl,2,4,1,15.515,25.083,0.3571,0.3571,86,27,0,86,0,3,84,0.007459,0.012618,0.026468,1,1,1,1957.4
drl,2,5,1,15.504,25.047,0.365,0.365,87,27,0,87,0,4,84,0.007491,0.012589,0.026431,1,1,1,1957.4
drl,2,6,1,15.505,25.047,0.3729,0.3729,87,27,0,87,0,5,84,0.007496,0.012589,0.026431,1,1,1,1957.4
drl,2,7,1,15.473,25.002,0.3807,0.3807,88,27,0,88,0,6,84,0.007496,0.012537,0.026387,1,1,1,1957.4
drl,2,8,1,15.857,25.952,0.3885,0.3885,89,27,0,89,0,7,84,0.0075,0.012639,0.027431,1,1,1,1957.4
drl,2,9,1,16.029,25.836,0.3963,0.3963,90,27,0,90,0,8,84,0.007397,0.013482,0.027209,1,1,1,1957.4
drl,2,10,1,15.529,25.168,0.404,0.404,91,27,0,91,0,9,84,0.007402,0.012622,0.026562,1,1,1,1957.4
drl,2,11,1,15.53,25.154,0.4116,0.4116,92,27,0,92,0,10,84,0.007508,0.012523,0.026558,1,1,1,1957.4
drl,2,12,1,15.53,25.154,0.4192,0.4192,92,27,0,92,0,11,84,0.007508,0.012523,0.026558,1,1,1,1957.4
drl,2,13,1,15.721,25.32,0.4267,0.4267,93,27,0,93,0,12,84,0.007803,0.01263,0.02673,1,1,1,1957.4
drl,2,14,1,15.436,24.947,0.4341,0.4341,94,27,0,94,0,13,84,0.007447,0.012536,0.026326,1,1,1,1957.4
drl,2,15,1,15.439,24.882,0.4414,0.4414,95,27,0,95,0,14,84,0.007476,0.012593,0.026248,1,1,1,1957.4
drl,2,16,1,15.461,25.004,0.4487,0.4487,96,27,0,96,0,15,84,0.007457,0.012537,0.026389,1,1,1,1957.4
drl,2,17,1,15.673,25.116,0.4559,0.4559,97,27,0,97,0,16,84,0.00787,0.012647,0.026502,1,1,1,1957.4
drl,2,18,1,15.673,25.116,0.4629,0.4629,97,27,0,97,0,17,84,0.00787,0.012647,0.026502,1,1,1,1957.4
drl,2,19,1,15.864,25.221,0.4699,0.4699,98,27,0,98,0,18,84,0.007454,0.01363,0.026509,1,1,1,1957.4
drl,2,20,1,15.481,24.959,0.4768,0.4768,99,27,0,99,0,19,84,0.007453,0.012666,0.026325,1,1,1,1957.4
drl,2,21,1,15.737,25.593,0.4835,0.4835,100,27,0,100,0,20,84,0.007462,0.012725,0.027023,1,1,1,1957.4
drl,2,22,1,15.774,25.736,0.4902,0.4902,101,27,0,101,0,21,84,0.007489,0.012643,0.027191,1,1,1,1957.4
drl,2,23,1,15.737,25.731,0.4967,0.4967,101,27,0,101,0,22,84,0.007429,0.012591,0.027191,1,1,1,1957.4
drl,2,24,1,15.64,25.47,0.5031,0.5031,102,27,0,102,0,23,84,0.007429,0.012591,0.026901,1,1,1,1957.4
drl,2,25,1,15.503,25.117,0.5094,0.5094,103,27,0,103,0,24,84,0.007384,0.012618,0.026506,1,1,1,1957.4
drl,2,26,1,15.551,25.228,0.5156,0.5156,104,27,0,104,0,25,84,0.007377,0.012651,0.026625,1,1,1,1957.4
drl,2,27,0,15.578,25.229,0.5156,0.5156,105,26,0,105,0,25,84,0.007453,0.012656,0.026626,1,1,1,1957.4
drl,2,28,1,15.704,25.182,0.5216,0.5216,106,26,0,106,0,26,84,0.007378,0.013223,0.026511,1,1,1,1957.4
drl,2,29,1,15.722,25.182,0.5276,0.5276,106,26,0,106,0,27,84,0.007433,0.013223,0.026511,1,1,1,1957.4
drl,2,30,1,15.519,25.106,0.5333,0.5333,107,26,0,107,0,28,84,0.007433,0.012632,0.026492,1,1,1,1957.4
drl,2,31,1,15.626,25.362,0.539,0.539,108,22,0,108,0,29,84,0.007445,0.012658,0.026774,1,1,1,1957.4
drl,2,32,1,15.561,25.224,0.5445,0.5445,109,22,0,109,0,30,84,0.007467,0.012588,0.026628,1,1,1,1957.4
drl,2,33,1,15.725,25.56,0.5499,0.5499,110,22,0,110,0,31,84,0.007534,0.012647,0.026995,1,1,1,1957.4
drl,2,34,1,15.848,25.197,0.5551,0.5551,111,19,0,111,0,32,84,0.007475,0.01358,0.026488,1,1,1,1957.4
drl,2,35,1,15.848,25.197,0.5602,0.5602,111,19,0,111,0,33,84,0.007475,0.01358,0.026488,1,1,1,1957.4
drl,2,36,1,15.643,25.017,0.5652,0.5652,112,19,0,112,0,34,84,0.007882,0.012658,0.02639,1,1,1,1957.4
drl,2,37,1,15.527,25.042,0.57,0.57,113,19,0,113,0,35,84,0.00758,0.012575,0.026427,1,1,1,1957.4
drl,2,38,1,15.857,25.231,0.5747,0.5747,114,19,0,114,0,36,84,0.007464,0.01358,0.026526,1,1,1,1957.4
drl,2,39,1,15.594,25.286,0.5793,0.5793,115,16,0,115,0,37,84,0.007466,0.012623,0.026693,1,1,1,1957.4
drl,2,40,1,15.735,25.329,0.5837,0.5837,115,16,0,115,0,38,84,0.007464,0.013048,0.026693,1,1,1,1957.4
drl,2,41,1,15.806,25.52,0.588,0.588,116,16,0,116,0,39,84,0.007464,0.013048,0.026906,1,1,1,1957.4
drl,2,42,1,15.749,25.649,0.5921,0.5921,117,16,0,117,0,40,84,0.007476,0.012682,0.02709,1,1,1,1957.4
drl,2,43,1,15.538,25.1,0.5961,0.5961,118,12,0,118,0,41,84,0.00747,0.012663,0.026482,1,1,1,1957.4
drl,2,44,1,15.568,25.199,0.6,0.6,119,12,0,119,0,42,84,0.007481,0.012626,0.026596,1,1,1,1957.4
drl,2,45,1,15.876,26.026,0.6037,0.6037,120,12,0,120,0,43,84,0.007486,0.012628,0.027515,1,1,1,1957.4
drl,2,46,1,15.913,26.026,0.6074,0.6074,120,12,0,120,0,44,84,0.007597,0.012628,0.027515,1,1,1,1957.4
drl,2,47,1,15.505,24.946,0.6108,0.6108,121,12,0,121,0,45,84,0.007597,0.012601,0.026318,1,1,1,1957.4
drl,2,48,1,15.74,25.538,0.6142,0.6142,122,9,0,122,0,46,84,0.007485,0.012779,0.026956,1,1,1,1957.4
drl,2,49,1,15.727,25.245,0.6174,0.6174,123,9,0,123,0,47,84,0.007463,0.013127,0.026591,1,1,1,1957.4
drl,2,50,1,15.528,25.071,0.6205,0.6205,124,9,0,124,0,48,84,0.007478,0.012657,0.02645,1,1,1,1957.4
drl,2,51,1,15.613,25.338,0.6235,0.6235,125,5,0,125,0,49,84,0.007473,0.012613,0.026752,1,1,1,1957.4
drl,2,52,1,15.613,25.338,0.6263,0.6263,125,5,0,125,0,50,84,0.007473,0.012613,0.026752,1,1,1,1957.4
drl,2,53,1,15.562,25.148,0.6291,0.6291,126,5,0,126,0,51,84,0.00749,0.012662,0.026535,1,1,1,1957.4
drl,2,54,1,15.411,24.85,0.6317,0.6317,127,5,0,127,0,52,84,0.007387,0.01264,0.026207,1,1,1,1957.4
drl,2,55,1,15.541,24.83,0.6342,0.6342,128,2,0,128,0,53,84,0.007474,0.013004,0.026144,1,1,1,1957.4
drl,2,56,1,15.544,25.108,0.6366,0.6366,129,2,0,129,0,54,84,0.007455,0.01269,0.026488,1,1,1,1957.4
drl,2,57,1,15.544,25.104,0.6389,0.6389,129,2,0,129,0,55,84,0.00749,0.012653,0.026488,1,1,1,1957.4
drl,2,58,1,15.424,24.782,0.641,0.641,130,2,0,130,0,56,84,0.00749,0.012653,0.02613,1,1,1,1957.4
drl,2,59,1,15.878,25.233,0.6431,0.6431,131,2,0,131,0,57,84,0.007479,0.013632,0.026522,1,1,1,1957.4
drl,2,60,1,15.532,25.081,0.645,0.5,131,0,0,131,0,58,84,0.007468,0.012669,0.02646,1,0,1,1957.4
drl,2,61,1,11.253,13.543,0.6469,0.5,131,0,0,131,0,59,84,0.007511,0.013648,0.012599,1,0,1,1957.4
drl,2,62,1,10.919,12.661,0.6486,0.5,131,0,0,131,0,60,84,0.00747,0.01262,0.012666,1,0,1,1957.4
drl,2,63,1,10.934,12.666,0.6503,0.5,131,0,0,131,0,61,84,0.007471,0.012666,0.012666,1,0,1,1957.4
drl,2,64,1,10.923,12.663,0.6519,0.5,47,0,0,47,0,62,84,0.007471,0.012666,0.012632,1,0,1,1957.4
drl,2,65,1,11.118,13.184,0.6533,0.5,47,0,0,47,0,63,84,0.007468,0.013244,0.012642,1,0,1,1957.4
drl,2,66,0,10.916,12.639,0.6533,0.5,47,0,0,47,0,63,84,0.007481,0.012625,0.012641,1,0,1,1957.4
drl,2,67,1,11.038,12.941,0.6547,0.5,44,0,0,44,0,64,84,0.007467,0.012675,0.012971,1,0,1,1957.4
drl,2,68,1,11.324,13.578,0.656,0.5,44,0,0,44,0,65,84,0.007473,0.01366,0.012839,1,0,1,1957.4
drl,2,69,1,10.994,12.822,0.6572,0.5,44,0,0,44,0,66,84,0.007474,0.01267,0.012839,1,0,1,1957.4
drl,2,70,1,10.969,12.754,0.6583,0.5,44,0,0,44,0,67,84,0.007474,0.01267,0.012763,1,0,1,1957.4
drl,2,71,1,10.918,12.621,0.6594,0.5,44,0,0,44,0,68,84,0.007515,0.012622,0.012617,1,0,1,1957.4
drl,2,72,1,10.898,12.656,0.6603,0.5,41,0,0,41,0,69,84,0.007434,0.012662,0.012599,1,0,1,1957.4
drl,2,73,2,10.92,12.683,0.662,0.5,41,0,0,41,0,71,84,0.007454,0.012616,0.01269,1,0,1,1957.4
drl,2,74,0,10.921,12.645,0.662,0.5,41,0,0,41,0,71,84,0.007491,0.012624,0.012647,1,0,1,1957.4
drl,2,75,1,11.0,12.873,0.6627,0.5,41,0,0,41,0,72,84,0.007456,0.012898,0.012647,1,0,1,1957.4
drl,2,76,1,10.989,12.87,0.6634,0.5,37,0,0,37,0,73,84,0.007456,0.012898,0.012614,1,0,1,1957.4
drl,2,77,1,11.218,13.45,0.664,0.5,37,0,0,37,0,74,84,0.007469,0.013539,0.012647,1,0,1,1957.4
drl,2,78,1,10.884,12.593,0.6645,0.5,37,0,0,37,0,75,84,0.007546,0.012603,0.012502,1,0,1,1957.4
drl,2,79,1,11.239,13.541,0.665,0.5,37,0,0,37,0,76,84,0.007503,0.013649,0.012565,1,0,1,1957.4
drl,2,80,1,10.907,12.649,0.6654,0.5,34,0,0,34,0,77,84,0.007469,0.012655,0.012596,1,0,1,1957.4
drl,2,81,1,11.037,12.949,0.6658,0.5,34,0,0,34,0,78,84,0.007448,0.012685,0.012978,1,0,1,1957.4
drl,2,82,1,11.037,12.949,0.666,0.5,34,0,0,34,0,79,84,0.007448,0.012685,0.012978,1,0,1,1957.4
drl,2,83,1,11.029,12.956,0.6663,0.5,34,0,0,34,0,80,84,0.007465,0.012992,0.012631,1,0,1,1957.4
drl,2,84,1,10.928,12.661,0.6664,0.5,31,0,0,31,0,81,84,0.007476,0.012663,0.012646,1,0,1,1957.4
drl,2,85,1,11.063,13.054,0.6666,0.5,31,0,0,31,0,82,84,0.00746,0.012628,0.013101,1,0,1,1957.4
drl,2,86,1,10.937,12.656,0.6666,0.5,31,0,0,31,0,83,84,0.007536,0.012661,0.012613,1,0,1,1957.4
drl,2,87,1,10.923,12.655,0.6667,0.5,31,0,0,31,0,84,84,0.007487,0.012624,0.012659,1,0,1,1957.4
drl,2,88,1,10.923,12.655,0.6666,0.5,31,0,0,31,0,85,84,0.007487,0.012624,0.012659,1,0,1,1957.4
drl,2,89,1,10.936,12.675,0.6666,0.5,27,0,0,27,0,86,84,0.007472,0.012676,0.012661,1,0,1,1957.4
drl,2,90,1,10.987,12.651,0.6665,0.6665,27,0,0,27,0,87,84,0.007662,0.012649,0.012651,1,1,1,1957.4
drl,2,91,78,17.011,29.105,0.6029,0.6029,27,0,1,27,0,165,84,0.007528,0.030943,0.012563,1,1,1,1957.4
drl,2,92,10,15.655,25.047,0.6504,0.6504,80,0,80,24,10,165,84,0.007948,0.026431,0.012587,1,1,1,1957.4
drl,2,93,1,15.519,24.975,0.655,0.655,81,0,81,24,11,165,84,0.007618,0.026352,0.012587,1,1,1,1957.4
drl,2,94,1,15.52,24.976,0.6596,0.6596,81,0,81,24,12,165,84,0.007618,0.026352,0.012589,1,1,1,1957.4
drl,2,95,1,15.668,25.466,0.6642,0.6642,82,0,82,24,13,165,84,0.007491,0.026893,0.01262,1,1,1,1957.4
drl,2,96,1,15.614,25.057,0.6687,0.6687,83,0,83,20,14,165,84,0.0075,0.026403,0.01294,1,1,1,1957.4
drl,2,97,1,15.471,25.037,0.6733,0.6733,84,0,84,20,15,165,84,0.007395,0.026419,0.0126,1,1,1,1957.4
drl,2,98,1,15.871,25.877,0.6778,0.6778,85,0,85,20,16,165,84,0.00767,0.027353,0.01259,1,1,1,1957.4
drl,2,99,1,15.79,25.877,0.6822,0.6822,85,0,85,20,17,165,84,0.007428,0.027353,0.01259,1,1,1,1957.4
drl,2,100,1,15.608,25.072,0.6867,0.6867,86,0,86,20,18,165,84,0.007428,0.026416,0.01298,1,1,1,1957.4
drl,2,101,1,15.478,25.019,0.6911,0.6911,87,0,87,17,19,165,84,0.007408,0.026395,0.012632,1,1,1,1957.4
drl,2,102,1,15.479,25.038,0.6955,0.6955,88,0,88,17,20,165,84,0.007392,0.026417,0.012628,1,1,1,1957.4
drl,2,103,1,15.525,25.07,0.6998,0.6998,89,0,89,17,21,165,84,0.007476,0.02645,0.01265,1,1,1,1957.4
drl,2,104,1,15.505,25.083,0.7042,0.7042,90,0,90,14,22,165,84,0.007432,0.026468,0.012615,1,1,1,1957.4
drl,2,105,1,15.505,25.083,0.7085,0.7085,90,0,90,14,23,165,84,0.007432,0.026468,0.012615,1,1,1,1957.4
drl,2,106,1,15.492,25.021,0.7127,0.7127,91,0,91,14,24,165,84,0.007519,0.026407,0.012549,1,1,1,1957.4
drl,2,107,1,15.481,25.074,0.7169,0.7169,92,0,92,14,25,165,84,0.007397,0.026462,0.012585,1,1,1,1957.4
drl,2,108,1,15.591,25.039,0.7211,0.7211,93,0,93,10,26,165,84,0.007458,0.026384,0.012932,1,1,1,1957.4
drl,2,109,1,15.454,24.931,0.7229,0.7229,94,0,94,10,26,165,85,0.007408,0.026295,0.01266,1,1,1,1957.4
drl,2,110,1,15.506,25.051,0.7246,0.7246,95,0,95,10,26,165,86,0.007431,0.026428,0.01266,1,1,1,1957.4
drl,2,111,1,15.589,25.076,0.7263,0.7263,95,0,95,10,26,165,87,0.007431,0.026428,0.012908,1,1,1,1957.4
drl,2,112,1,15.92,25.45,0.7279,0.7279,96,0,96,10,26,165,88,0.007441,0.026772,0.013548,1,1,1,1957.4
drl,2,113,1,15.695,25.586,0.7295,0.7295,97,0,97,7,26,165,89,0.007473,0.027031,0.01258,1,1,1,1957.4
drl,2,114,1,15.497,24.993,0.7311,0.7311,98,0,98,7,26,165,90,0.007488,0.026366,0.012636,1,1,1,1957.4
drl,2,115,1,15.51,25.038,0.7326,0.7326,99,0,99,7,26,165,91,0.00745,0.026413,0.012668,1,1,1,1957.4
drl,2,116,1,15.509,25.038,0.7341,0.7341,99,0,99,7,26,165,92,0.007445,0.026413,0.012668,1,1,1,1957.4
drl,2,117,1,15.474,24.987,0.7356,0.7356,100,0,100,4,26,165,93,0.007445,0.026362,0.012614,1,1,1,1957.4
drl,2,118,1,15.714,25.317,0.737,0.737,101,0,101,4,26,165,94,0.007742,0.026722,0.012677,1,1,1,1957.4
drl,2,119,1,15.69,25.541,0.7384,0.7384,102,0,102,4,26,165,95,0.007447,0.026973,0.012651,1,1,1,1957.4
drl,2,120,1,15.55,25.131,0.7397,0.9347,103,0,103,4,26,165,96,0.007501,0.02652,0.012628,0,1,1,1957.4
drl,2,121,1,10.867,12.639,0.741,0.9369,103,0,103,0,26,165,97,0.007445,0.012654,0.012503,0,1,1,1957.4
drl,2,122,1,10.866,12.639,0.7423,0.9391,103,0,103,0,26,165,98,0.00744,0.012654,0.012503,0,1,1,1957.4
drl,2,123,1,10.916,12.681,0.7436,0.9412,103,0,103,0,26,165,99,0.00744,0.012688,0.012621,0,1,1,1957.4
drl,2,124,1,10.881,12.67,0.7448,0.9433,103,0,103,0,26,165,100,0.007371,0.012678,0.012594,0,1,1,1957.4
drl,2,125,1,10.862,12.619,0.7459,0.9453,103,0,103,0,26,165,101,0.007382,0.012623,0.01258,0,1,1,1957.4
drl,2,126,1,10.916,12.669,0.7471,0.9473,103,0,103,0,26,165,102,0.007438,0.012673,0.012637,0,1,1,1957.4
drl,2,127,1,10.89,12.625,0.7482,0.9492,103,0,103,0,26,165,103,0.007464,0.01263,0.012577,0,1,1,1957.4
drl,2,128,1,10.91,12.625,0.7492,0.9511,103,0,103,0,26,165,104,0.007523,0.01263,0.012577,0,1,1,1957.4
drl,2,129,1,10.933,12.674,0.7503,0.9529,103,0,103,0,26,165,105,0.007523,0.012592,0.012683,0,1,1,1957.4
drl,2,130,1,10.893,12.642,0.7513,0.9547,103,0,103,0,26,165,106,0.007436,0.012647,0.012596,0,1,1,1957.4
drl,2,131,1,10.935,12.694,0.7523,0.9565,103,0,103,0,26,165,107,0.00744,0.012669,0.012697,0,1,1,1957.4
drl,2,132,0,11.048,13.026,0.7523,0.9565,103,0,103,0,26,165,107,0.007445,0.01307,0.012629,0,1,1,1957.4
drl,2,133,1,10.903,12.642,0.7532,0.9582,103,0,103,0,26,165,108,0.007433,0.012632,0.012643,0,1,1,1957.4
drl,2,134,1,10.903,12.642,0.7541,0.9599,103,0,103,0,26,165,109,0.007435,0.012632,0.012643,0,1,1,1957.4
drl,2,135,1,10.904,12.652,0.755,0.9615,103,0,103,0,26,165,110,0.007435,0.012655,0.012622,0,1,1,1957.4
drl,2,136,1,11.063,13.07,0.7558,0.9631,103,0,103,0,26,165,111,0.007438,0.013119,0.012631,0,1,1,1957.4
drl,2,137,1,11.019,12.617,0.7567,0.9647,103,0,103,0,26,165,112,0.007831,0.012608,0.012618,0,1,1,1957.4
drl,2,138,1,11.002,12.837,0.7574,0.9662,103,0,103,0,26,165,113,0.00748,0.012672,0.012855,0,1,1,1957.4
drl,2,139,1,10.901,12.649,0.7582,0.9677,103,0,103,0,26,165,114,0.007431,0.01262,0.012652,0,1,1,1957.4
drl,2,140,1,10.91,12.649,0.7589,0.9691,103,0,103,0,26,165,115,0.007457,0.01262,0.012652,0,1,1,1957.4
drl,2,141,1,10.905,12.638,0.7596,0.9705,103,0,103,0,26,165,116,0.007457,0.01264,0.012618,0,1,1,1957.4
drl,2,142,1,10.93,12.66,0.7603,0.9718,103,0,103,0,26,165,117,0.007479,0.012651,0.012661,0,1,1,1957.4
drl,2,143,1,10.899,12.622,0.761,0.9732,103,0,103,0,26,165,118,0.00746,0.012613,0.012623,0,1,1,1957.4
drl,2,144,1,10.894,12.654,0.7616,0.9744,103,0,103,0,26,165,119,0.007415,0.012659,0.012609,0,1,1,1957.4
drl,2,145,1,10.926,12.675,0.7622,0.9757,103,0,103,0,26,165,120,0.007447,0.012652,0.012678,0,1,1,1957.4
drl,2,146,1,10.927,12.675,0.7627,0.9769,103,0,103,0,26,165,121,0.00745,0.012652,0.012678,0,1,1,1957.4
drl,2,147,1,11.03,12.995,0.7633,0.978,103,0,103,0,26,165,122,0.00745,0.012601,0.013039,0,1,1,1957.4
drl,2,148,1,11.004,12.92,0.7638,0.9792,103,0,103,0,26,165,123,0.007426,0.012636,0.012951,0,1,1,1957.4
drl,2,149,1,11.021,12.662,0.7643,0.9803,103,0,103,0,26,165,124,0.007752,0.012664,0.012647,0,1,1,1957.4
drl,2,150,1,11.029,12.638,0.7647,0.7647,103,0,103,0,26,165,125,0.007815,0.012639,0.012633,1,1,1,1957.4
drl,2,151,1,15.411,19.773,0.7652,0.7652,103,1,103,0,26,165,126,0.020513,0.013115,0.012606,1,1,1,1957.4
drl,2,152,1,13.991,15.938,0.7656,0.7656,103,2,103,0,26,165,127,0.016252,0.013115,0.012606,1,1,1,1957.4
drl,2,153,1,13.957,15.924,0.766,0.766,103,2,103,0,26,165,128,0.016252,0.012644,0.012974,1,1,1,1957.4
drl,2,154,1,14.001,15.752,0.7663,0.7663,23,3,23,0,26,165,129,0.016021,0.012652,0.013331,1,1,1,1957.4
drl,2,155,1,13.891,16.031,0.7667,0.7667,23,4,23,0,26,165,130,0.016408,0.012635,0.01263,1,1,1,1957.4
drl,2,156,1,13.786,15.726,0.767,0.767,23,5,23,0,26,165,131,0.016065,0.012619,0.012673,1,1,1,1957.4
drl,2,157,1,13.856,15.921,0.7673,0.7673,19,6,19,0,26,165,132,0.016282,0.012611,0.012675,1,1,1,1957.4
drl,2,158,1,13.728,15.575,0.7675,0.7675,19,7,19,0,26,165,133,0.015897,0.012611,0.012675,1,1,1,1957.4
drl,2,159,1,13.884,15.617,0.7678,0.7678,19,7,19,0,26,165,134,0.015897,0.012662,0.013092,1,1,1,1957.4
drl,2,160,1,13.749,15.703,0.768,0.768,19,8,19,0,26,165,135,0.016047,0.012593,0.012608,1,1,1,1957.4
drl,2,161,1,13.654,15.44,0.7682,0.7682,19,9,19,0,26,165,136,0.015751,0.012639,0.012572,1,1,1,1957.4
drl,2,162,1,13.962,15.928,0.7684,0.7684,16,10,16,0,26,165,137,0.016259,0.012681,0.012947,1,1,1,1957.4
drl,2,163,1,14.248,16.212,0.7686,0.7686,16,11,16,0,26,165,138,0.0165,0.012623,0.013622,1,1,1,1957.4
drl,2,164,1,14.248,16.212,0.7687,0.7687,16,11,16,0,26,165,139,0.0165,0.012623,0.013622,1,1,1,1957.4
drl,2,165,1,13.915,16.062,0.7688,0.7688,16,12,16,0,26,165,140,0.016439,0.012669,0.012636,1,1,1,1957.4
drl,2,166,1,13.807,15.774,0.7689,0.7689,13,13,13,0,26,165,141,0.016118,0.012627,0.012677,1,1,1,1957.4
drl,2,167,1,13.834,15.857,0.769,0.769,14,14,13,0,26,165,142,0.016213,0.012653,0.012636,1,1,1,1957.4
drl,2,168,1,14.048,15.833,0.7691,0.7691,15,15,13,0,26,165,143,0.016106,0.01266,0.013378,1,1,1,1957.4
drl,2,169,0,13.757,15.634,0.7691,0.7691,16,16,9,0,26,165,143,0.015961,0.01262,0.01269,1,1,1,1957.4
drl,2,170,1,13.757,15.634,0.7691,0.7691,16,16,9,0,26,165,144,0.015961,0.01262,0.01269,1,1,1,1957.4
drl,2,171,1,13.959,15.798,0.7692,0.7692,17,17,9,0,26,165,145,0.016091,0.013165,0.01262,1,1,1,1957.4
drl,2,172,1,13.962,15.951,0.7692,0.7692,18,18,9,0,26,165,146,0.016278,0.013012,0.012597,1,1,1,1957.4
drl,2,173,1,13.773,15.77,0.7692,0.7692,19,19,9,0,26,165,147,0.016119,0.012574,0.012626,1,1,1,1957.4
drl,2,174,1,13.811,15.791,0.7691,0.7691,20,20,6,0,26,165,148,0.01614,0.012648,0.012645,1,1,1,1957.4
drl,2,175,1,13.777,15.687,0.7691,0.7691,21,21,6,0,26,165,149,0.016023,0.012663,0.012645,1,1,1,1957.4
drl,2,176,1,13.786,15.688,0.769,0.769,21,21,6,0,26,165,150,0.016023,0.012663,0.012672,1,1,1,1957.4
drl,2,177,1,13.729,15.667,0.769,0.769,22,22,6,0,26,165,151,0.016,0.012518,0.012668,1,1,1,1957.4
drl,2,178,1,13.779,15.799,0.7689,0.7689,23,23,3,0,26,165,152,0.016155,0.012592,0.012591,1,1,1,1957.4
drl,2,179,1,13.82,15.832,0.7688,0.7688,24,24,3,0,26,165,153,0.016187,0.012639,0.012634,1,1,1,1957.4
drl,3,0,0,15.584,25.247,1.0,1.0,0,0,0,0,0,0,0,0.007468,0.012635,0.026648,1,1,1,2213.3
drl,3,1,86,15.541,25.078,0.3333,0.3333,83,27,0,83,0,0,86,0.007466,0.012705,0.026453,1,1,1,2213.3
drl,3,2,1,15.541,25.078,0.3411,0.3411,83,27,0,83,0,1,86,0.007466,0.012705,0.026453,1,1,1,2213.3
drl,3,3,1,15.411,24.753,0.3488,0.3488,84,27,0,84,0,2,86,0.007455,0.012685,0.026094,1,1,1,2213.3
drl,3,4,1,15.902,26.093,0.3566,0.3566,85,27,0,85,0,3,86,0.007455,0.012666,0.027585,1,1,1,2213.3
drl,3,5,1,15.793,25.035,0.3643,0.3643,86,27,0,86,0,4,86,0.007493,0.013577,0.026308,1,1,1,2213.3
drl,3,6,1,15.549,24.986,0.372,0.372,87,27,0,87,0,5,86,0.007466,0.012847,0.026335,1,1,1,2213.3
drl,3,7,1,15.618,24.966,0.3796,0.3796,87,27,0,87,0,6,86,0.007873,0.012647,0.026335,1,1,1,2213.3
drl,3,8,1,15.65,25.052,0.3872,0.3872,88,27,0,88,0,7,86,0.007873,0.012647,0.02643,1,1,1,2213.3
drl,3,9,1,15.479,25.01,0.3948,0.3948,89,27,0,89,0,8,86,0.00746,0.012585,0.026391,1,1,1,2213.3
drl,3,10,1,15.552,25.118,0.4023,0.4023,90,27,0,90,0,9,86,0.00748,0.012677,0.0265,1,1,1,2213.3
drl,3,11,1,15.556,25.216,0.4098,0.4098,91,27,0,91,0,10,86,0.007471,0.012576,0.026621,1,1,1,2213.3
drl,3,12,1,15.465,24.92,0.4172,0.4172,92,27,0,92,0,11,86,0.007492,0.012615,0.026287,1,1,1,2213.3
drl,3,13,1,15.445,24.92,0.4246,0.4246,92,27,0,92,0,12,86,0.007432,0.012615,0.026287,1,1,1,2213.3
drl,3,14,1,15.761,24.948,0.4319,0.4319,93,27,0,93,0,13,86,0.007432,0.013646,0.026204,1,1,1,2213.3
drl,3,15,1,15.351,24.671,0.4391,0.4391,94,27,0,94,0,14,86,0.007452,0.012587,0.026014,1,1,1,2213.3
drl,3,16,1,15.432,24.903,0.4462,0.4462,95,27,0,95,0,15,86,0.007439,0.012584,0.026272,1,1,1,2213.3
drl,3,17,1,15.561,24.957,0.4532,0.4532,96,27,0,96,0,16,86,0.007461,0.012927,0.026294,1,1,1,2213.3
drl,3,18,1,15.485,25.015,0.4602,0.4602,97,27,0,97,0,17,86,0.007441,0.012621,0.026392,1,1,1,2213.3
drl,3,19,1,15.485,25.015,0.467,0.467,97,27,0,97,0,18,86,0.007441,0.012621,0.026392,1,1,1,2213.3
drl,3,20,1,15.484,24.969,0.4738,0.4738,98,27,0,98,0,19,86,0.007479,0.012633,0.02634,1,1,1,2213.3
drl,3,21,1,15.71,25.522,0.4804,0.4804,99,27,0,99,0,20,86,0.007569,0.012603,0.026958,1,1,1,2213.3
drl,3,22,1,15.534,24.782,0.487,0.487,100,27,0,100,0,21,86,0.007462,0.013054,0.026085,1,1,1,2213.3
drl,3,23,1,15.926,25.407,0.4934,0.4934,101,27,0,101,0,22,86,0.007475,0.013582,0.026721,1,1,1,2213.3
drl,3,24,1,15.666,25.307,0.4997,0.4997,101,27,0,101,0,23,86,0.007696,0.012581,0.026721,1,1,1,2213.3
drl,3,25,1,15.496,24.847,0.5059,0.5059,102,27,0,102,0,24,86,0.007696,0.012581,0.02621,1,1,1,2213.3
drl,3,26,1,15.66,25.05,0.512,0.512,103,27,0,103,0,25,86,0.007901,0.012652,0.026428,1,1,1,2213.3
drl,3,27,1,15.458,24.897,0.518,0.518,104,27,0,104,0,26,86,0.007457,0.012659,0.026257,1,1,1,2213.3
drl,3,28,0,15.582,24.996,0.518,0.518,105,27,0,105,0,26,86,0.007454,0.012959,0.026333,1,1,1,2213.3
drl,3,29,1,15.679,25.463,0.5239,0.5239,106,27,0,106,0,27,86,0.007498,0.012653,0.026886,1,1,1,2213.3
drl,3,30,1,15.665,25.463,0.5296,0.5296,106,24,0,106,0,28,86,0.007455,0.012653,0.026886,1,1,1,2213.3
drl,3,31,1,15.435,24.902,0.5352,0.5352,107,24,0,107,0,29,86,0.007455,0.012578,0.026271,1,1,1,2213.3
drl,3,32,1,15.511,24.997,0.5407,0.5407,108,24,0,108,0,30,86,0.007485,0.012683,0.026365,1,1,1,2213.3
drl,3,33,1,15.829,25.123,0.546,0.546,109,24,0,109,0,31,86,0.007448,0.01364,0.026399,1,1,1,2213.3
drl,3,34,1,15.571,25.227,0.5512,0.5512,110,20,0,110,0,32,86,0.007441,0.012646,0.026625,1,1,1,2213.3
drl,3,35,1,15.436,24.885,0.5563,0.5563,111,20,0,111,0,33,86,0.007442,0.012618,0.026248,1,1,1,2213.3
drl,3,36,1,15.458,24.885,0.5613,0.5613,111,20,0,111,0,34,86,0.007507,0.012618,0.026248,1,1,1,2213.3
drl,3,37,1,15.855,25.909,0.5661,0.5661,112,20,0,112,0,35,86,0.007507,0.012678,0.027379,1,1,1,2213.3
drl,3,38,1,15.691,25.574,0.5708,0.5708,113,17,0,113,0,36,86,0.007445,0.012615,0.027014,1,1,1,2213.3
drl,3,39,1,15.483,24.994,0.5754,0.5754,114,17,0,114,0,37,86,0.007465,0.012616,0.026369,1,1,1,2213.3
drl,3,40,1,15.566,25.171,0.5798,0.5798,115,17,0,115,0,38,86,0.007452,0.012689,0.026558,1,1,1,2213.3
drl,3,41,1,15.574,25.167,0.5841,0.5841,115,17,0,115,0,39,86,0.007514,0.012651,0.026558,1,1,1,2213.3
drl,3,42,1,15.52,25.021,0.5883,0.5883,116,17,0,116,0,40,86,0.007514,0.012651,0.026395,1,1,1,2213.3
drl,3,43,1,15.823,25.109,0.5923,0.5923,117,14,0,117,0,41,86,0.00743,0.013657,0.026381,1,1,1,2213.3
drl,3,44,1,15.393,24.713,0.5962,0.5962,118,14,0,118,0,42,86,0.007514,0.012606,0.026058,1,1,1,2213.3
drl,3,45,1,15.518,25.135,0.6,0.6,119,14,0,119,0,43,86,0.007463,0.012558,0.026532,1,1,1,2213.3
drl,3,46,1,15.51,25.031,0.6037,0.6037,120,10,0,120,0,44,86,0.007496,0.012625,0.02641,1,1,1,2213.3
drl,3,47,1,15.602,25.06,0.6072,0.6072,120,10,0,120,0,45,86,0.007489,0.012908,0.02641,1,1,1,2213.3
drl,3,48,1,15.582,25.005,0.6106,0.6106,121,10,0,121,0,46,86,0.007489,0.012908,0.026349,1,1,1,2213.3
drl,3,49,1,15.444,24.877,0.6139,0.6139,122,10,0,122,0,47,86,0.007468,0.012625,0.026238,1,1,1,2213.3
drl,3,50,1,15.501,24.993,0.617,0.617,123,10,0,123,0,48,86,0.007466,0.012677,0.026361,1,1,1,2213.3
drl,3,51,1,15.652,25.46,0.6201,0.6201,124,7,0,124,0,49,86,0.007469,0.012598,0.026889,1,1,1,2213.3
drl,3,52,1,15.553,24.811,0.623,0.623,125,7,0,125,0,50,86,0.007844,0.012652,0.026162,1,1,1,2213.3
drl,3,53,1,15.428,24.811,0.6258,0.6258,125,7,0,125,0,51,86,0.007469,0.012652,0.026162,1,1,1,2213.3
drl,3,54,1,15.393,24.764,0.6285,0.6285,126,7,0,126,0,52,86,0.007469,0.012594,0.026116,1,1,1,2213.3
drl,3,55,1,15.395,24.787,0.6311,0.6311,127,4,0,127,0,53,86,0.007447,0.012597,0.026142,1,1,1,2213.3
drl,3,56,1,15.506,25.017,0.6336,0.6336,128,4,0,128,0,54,86,0.007478,0.012649,0.026391,1,1,1,2213.3
drl,3,57,1,15.44,24.892,0.6359,0.6359,129,4,0,129,0,55,86,0.007449,0.012615,0.026256,1,1,1,2213.3
drl,3,58,1,15.375,24.696,0.6382,0.6382,130,0,0,130,0,56,86,0.007478,0.012609,0.026039,1,1,1,2213.3
drl,3,59,1,15.375,24.696,0.6403,0.6403,130,0,0,130,0,57,86,0.007478,0.012609,0.026039,1,1,1,2213.3
drl,3,60,1,15.512,25.031,0.6424,0.5,131,0,0,131,0,58,86,0.007492,0.012635,0.026408,1,0,1,2213.3
drl,3,61,1,10.951,12.713,0.6443,0.5,131,0,0,131,0,59,86,0.007485,0.01272,0.012648,1,0,1,2213.3
drl,3,62,1,10.907,12.614,0.6462,0.5,131,0,0,131,0,60,86,0.007494,0.012614,0.012612,1,0,1,2213.3
drl,3,63,1,11.409,13.881,0.6479,0.5,48,0,0,48,0,61,86,0.007551,0.014017,0.012659,1,0,1,2213.3
drl,3,64,1,11.003,12.829,0.6496,0.5,48,0,0,48,0,62,86,0.007502,0.012848,0.012659,1,0,1,2213.3
drl,3,65,1,10.996,12.827,0.6512,0.5,48,0,0,48,0,63,86,0.007502,0.012848,0.012638,1,0,1,2213.3
drl,3,66,1,10.893,12.62,0.6526,0.5,48,0,0,48,0,64,86,0.007459,0.012623,0.012598,1,0,1,2213.3
drl,3,67,0,10.874,12.647,0.6526,0.5,44,0,0,44,0,64,86,0.007376,0.012653,0.012592,1,0,1,2213.3
drl,3,68,1,10.854,12.634,0.654,0.5,44,0,0,44,0,65,86,0.007359,0.012642,0.012561,1,0,1,2213.3
drl,3,69,1,10.92,12.674,0.6553,0.5,44,0,0,44,0,66,86,0.007461,0.01268,0.012619,1,0,1,2213.3
drl,3,70,1,10.925,12.719,0.6565,0.5,41,0,0,41,0,67,86,0.00744,0.012732,0.012604,1,0,1,2213.3
drl,3,71,1,10.925,12.719,0.6577,0.5,41,0,0,41,0,68,86,0.00744,0.012732,0.012604,1,0,1,2213.3
drl,3,72,1,10.933,12.687,0.6587,0.5,41,0,0,41,0,69,86,0.007448,0.01269,0.012661,1,0,1,2213.3
drl,3,73,1,11.262,13.567,0.6597,0.5,41,0,0,41,0,70,86,0.007446,0.013666,0.012675,1,0,1,2213.3
drl,3,74,1,10.922,12.65,0.6606,0.5,41,0,0,41,0,71,86,0.007481,0.012634,0.012652,1,0,1,2213.3
drl,3,75,1,10.876,12.607,0.6615,0.5,38,0,0,38,0,72,86,0.007442,0.012575,0.01261,1,0,1,2213.3
drl,3,76,1,10.92,12.659,0.6622,0.5,38,0,0,38,0,73,86,0.007485,0.012664,0.01261,1,0,1,2213.3
drl,3,77,1,10.937,12.664,0.6629,0.5,38,0,0,38,0,74,86,0.007485,0.012664,0.012661,1,0,1,2213.3
drl,3,78,1,10.891,12.674,0.6636,0.5,38,0,0,38,0,75,86,0.007402,0.012684,0.012587,1,0,1,2213.3
drl,3,79,1,10.919,12.665,0.6641,0.5,34,0,0,34,0,76,86,0.007456,0.012669,0.012631,1,0,1,2213.3
drl,3,80,1,10.891,12.621,0.6646,0.5,34,0,0,34,0,77,86,0.007446,0.012605,0.012623,1,0,1,2213.3
drl,3,81,1,10.91,12.663,0.6651,0.5,34,0,0,34,0,78,86,0.007459,0.01267,0.0126,1,0,1,2213.3
drl,3,82,1,10.98,12.751,0.6655,0.5,34,0,0,34,0,79,86,0.007499,0.012683,0.012759,1,0,1,2213.3
drl,3,83,1,10.98,12.751,0.6658,0.5,34,0,0,34,0,80,86,0.007499,0.012683,0.012759,1,0,1,2213.3
drl,3,84,1,11.22,13.472,0.6661,0.5,31,0,0,31,0,81,86,0.007454,0.013564,0.012643,1,0,1,2213.3
drl,3,85,1,10.901,12.629,0.6663,0.5,31,0,0,31,0,82,86,0.007459,0.012631,0.012613,1,0,1,2213.3
drl,3,86,1,10.883,12.619,0.6665,0.5,31,0,0,31,0,83,86,0.007449,0.012624,0.012575,1,0,1,2213.3
drl,3,87,1,11.313,13.493,0.6666,0.5,28,0,0,28,0,84,86,0.00774,0.013591,0.012607,1,0,1,2213.3
drl,3,88,1,10.914,12.664,0.6666,0.5,28,0,0,28,0,85,86,0.007456,0.012617,0.012669,1,0,1,2213.3
drl,3,89,1,10.914,12.664,0.6667,0.5,28,0,0,28,0,86,86,0.007456,0.012617,0.012669,1,0,1,2213.3
drl,3,90,1,10.867,12.612,0.6666,0.6666,28,0,0,28,0,87,86,0.007389,0.012599,0.012613,1,1,1,2213.3
drl,3,91,83,16.863,28.751,0.6019,0.6019,24,0,1,24,0,170,86,0.007433,0.030544,0.012612,1,1,1,2213.3
drl,3,92,11,15.704,25.539,0.6468,0.6468,86,0,86,24,10,171,86,0.007487,0.026971,0.012655,1,1,1,2213.3
drl,3,93,1,15.774,25.744,0.6513,0.6513,87,0,87,24,11,171,86,0.00747,0.027198,0.012655,1,1,1,2213.3
drl,3,94,1,15.543,25.13,0.6558,0.6558,88,0,88,24,12,171,86,0.007459,0.026516,0.012655,1,1,1,2213.3
drl,3,95,1,15.547,25.131,0.6602,0.6602,88,0,88,24,13,171,86,0.007459,0.026516,0.012666,1,1,1,2213.3
drl,3,96,1,15.523,25.09,0.6646,0.6646,89,0,89,21,14,171,86,0.007457,0.026474,0.012637,1,1,1,2213.3
drl,3,97,1,15.85,25.992,0.669,0.669,90,0,90,21,15,171,86,0.007445,0.027477,0.012627,1,1,1,2213.3
drl,3,98,1,15.664,25.46,0.6734,0.6734,91,0,91,21,16,171,86,0.007477,0.026886,0.012628,1,1,1,2213.3
drl,3,99,1,15.66,25.201,0.6777,0.6777,92,0,92,17,17,171,86,0.007718,0.026594,0.012667,1,1,1,2213.3
drl,3,100,1,15.575,25.201,0.682,0.682,92,0,92,17,18,171,86,0.007465,0.026594,0.012667,1,1,1,2213.3
drl,3,101,1,15.585,25.227,0.6863,0.6863,93,0,93,17,19,171,86,0.007465,0.026623,0.012667,1,1,1,2213.3
drl,3,102,1,15.559,25.205,0.6906,0.6906,94,0,94,17,20,171,86,0.007458,0.026604,0.012614,1,1,1,2213.3
drl,3,103,1,15.967,25.406,0.6948,0.6948,95,0,95,17,21,171,86,0.008411,0.026821,0.012669,1,1,1,2213.3
drl,3,104,1,15.536,25.081,0.699,0.699,96,0,96,14,22,171,86,0.007501,0.026463,0.012645,1,1,1,2213.3
drl,3,105,1,15.669,25.135,0.7007,0.7007,97,0,97,14,22,171,87,0.007457,0.026475,0.013074,1,1,1,2213.3
drl,3,106,1,15.669,25.135,0.7025,0.7025,97,0,97,14,22,171,88,0.007457,0.026475,0.013074,1,1,1,2213.3
drl,3,107,1,15.513,25.028,0.7041,0.7041,98,0,98,14,22,171,89,0.007473,0.026402,0.012663,1,1,1,2213.3
drl,3,108,1,15.905,26.009,0.7058,0.7058,99,0,99,11,22,171,90,0.007467,0.02748,0.012768,1,1,1,2213.3
drl,3,109,1,15.504,25.076,0.7074,0.7074,100,0,100,11,22,171,91,0.007402,0.026456,0.012653,1,1,1,2213.3
drl,3,110,1,15.604,25.288,0.709,0.709,101,0,101,11,22,171,92,0.007465,0.026692,0.012655,1,1,1,2213.3
drl,3,111,1,15.619,25.288,0.7105,0.7105,101,0,101,11,22,171,93,0.007509,0.026692,0.012655,1,1,1,2213.3
drl,3,112,1,15.639,25.434,0.712,0.712,102,0,102,7,22,171,94,0.007509,0.026867,0.012542,1,1,1,2213.3
drl,3,113,1,15.948,25.027,0.7135,0.7135,103,0,103,7,22,171,95,0.007972,0.0263,0.013572,1,1,1,2213.3
drl,3,114,1,15.672,25.191,0.7149,0.7149,104,0,104,7,22,171,96,0.007381,0.026534,0.013102,1,1,1,2213.3
drl,3,115,1,15.397,24.775,0.7163,0.7163,105,0,105,7,22,171,97,0.007425,0.026123,0.012643,1,1,1,2213.3
drl,3,116,1,15.539,25.092,0.7177,0.7177,106,0,106,4,22,171,98,0.007478,0.026472,0.012668,1,1,1,2213.3
drl,3,117,1,15.514,25.092,0.7191,0.7191,106,0,106,4,22,171,99,0.007401,0.026472,0.012668,1,1,1,2213.3
drl,3,118,1,15.307,24.617,0.7204,0.7204,107,0,107,4,22,171,100,0.007401,0.025956,0.012564,1,1,1,2213.3
drl,3,119,1,15.718,25.647,0.7216,0.7216,108,0,108,4,22,171,101,0.007432,0.027094,0.012628,1,1,1,2213.3
drl,3,120,1,15.528,25.094,0.7229,0.94,109,0,109,1,22,171,102,0.007453,0.026476,0.012654,0,1,1,2213.3
drl,3,121,1,10.874,12.626,0.7241,0.942,109,0,109,1,22,171,103,0.007432,0.012634,0.012556,0,1,1,2213.3
drl,3,122,1,11.058,12.999,0.7253,0.944,109,0,109,1,22,171,104,0.007484,0.012653,0.013037,0,1,1,2213.3
drl,3,123,1,11.058,12.999,0.7264,0.9459,109,0,109,1,22,171,105,0.007484,0.012653,0.013037,0,1,1,2213.3
drl,3,124,1,10.916,12.663,0.7275,0.9478,109,0,109,0,22,171,106,0.007426,0.012659,0.012663,0,1,1,2213.3
drl,3,125,1,10.907,12.666,0.7286,0.9497,109,0,109,0,22,171,107,0.007459,0.012675,0.012587,0,1,1,2213.3
drl,3,126,1,11.207,13.48,0.7297,0.9515,109,0,109,0,22,171,108,0.007446,0.012597,0.013578,0,1,1,2213.3
drl,3,127,1,10.951,12.682,0.7307,0.9533,109,0,109,0,22,171,109,0.007491,0.012683,0.012678,0,1,1,2213.3
drl,3,128,1,10.896,12.644,0.7317,0.955,109,0,109,0,22,171,110,0.007459,0.012579,0.012651,0,1,1,2213.3
drl,3,129,1,10.896,12.644,0.7327,0.9567,109,0,109,0,22,171,111,0.007459,0.012579,0.012651,0,1,1,2213.3
drl,3,130,0,10.904,12.667,0.7327,0.9567,109,0,109,0,22,171,111,0.007447,0.012676,0.012589,0,1,1,2213.3
drl,3,131,1,11.096,13.107,0.7336,0.9583,109,0,109,0,22,171,112,0.007442,0.012693,0.013153,0,1,1,2213.3
drl,3,132,1,10.893,12.623,0.7345,0.96,109,0,109,0,22,171,113,0.007437,0.012623,0.012619,0,1,1,2213.3
drl,3,133,1,11.24,13.52,0.7354,0.9615,109,0,109,0,22,171,114,0.007449,0.012656,0.013616,0,1,1,2213.3
drl,3,134,1,10.966,12.801,0.7362,0.9631,109,0,109,0,22,171,115,0.007447,0.01282,0.012631,0,1,1,2213.3
drl,3,135,1,10.966,12.801,0.7371,0.9646,109,0,109,0,22,171,116,0.007447,0.01282,0.012631,0,1,1,2213.3
drl,3,136,1,10.931,12.67,0.7379,0.966,109,0,109,0,22,171,117,0.007486,0.012674,0.012633,0,1,1,2213.3
drl,3,137,1,10.909,12.624,0.7386,0.9675,109,0,109,0,22,171,118,0.0075,0.012627,0.012599,0,1,1,2213.3
drl,3,138,1,10.923,12.647,0.7394,0.9688,109,0,109,0,22,171,119,0.007491,0.012649,0.012629,0,1,1,2213.3
drl,3,139,1,10.935,12.68,0.7401,0.9702,109,0,109,0,22,171,120,0.007457,0.012682,0.012666,0,1,1,2213.3
drl,3,140,1,10.894,12.628,0.7408,0.9715,109,0,109,0,22,171,121,0.007441,0.01263,0.012611,0,1,1,2213.3
drl,3,141,1,10.894,12.628,0.7414,0.9728,109,0,109,0,22,171,122,0.007441,0.01263,0.012611,0,1,1,2213.3
drl,3,142,1,10.89,12.614,0.7421,0.974,109,0,109,0,22,171,123,0.007452,0.012604,0.012615,0,1,1,2213.3
drl,3,143,1,10.964,12.793,0.7427,0.9752,109,0,109,0,22,171,124,0.007479,0.012597,0.012815,0,1,1,2213.3
drl,3,144,1,10.902,12.655,0.7433,0.9764,109,0,109,0,22,171,125,0.007422,0.012658,0.012626,0,1,1,2213.3
drl,3,145,1,10.936,12.705,0.7439,0.9776,109,0,109,0,22,171,126,0.007482,0.01261,0.012715,0,1,1,2213.3
drl,3,146,1,10.872,12.623,0.7444,0.9787,109,0,109,0,22,171,127,0.007445,0.012633,0.012537,0,1,1,2213.3
drl,3,147,1,10.872,12.623,0.7449,0.9797,109,0,109,0,22,171,128,0.007445,0.012633,0.012537,0,1,1,2213.3
drl,3,148,1,10.901,12.649,0.7454,0.9808,109,0,109,0,22,171,129,0.00742,0.012631,0.012651,0,1,1,2213.3
drl,3,149,1,10.925,12.696,0.7459,0.9818,109,0,109,0,22,171,130,0.007462,0.012706,0.012608,0,1,1,2213.3
drl,3,150,1,10.896,12.64,0.7463,0.7463,109,0,109,0,22,171,131,0.007452,0.012591,0.012646,1,1,1,2213.3
drl,3,151,1,15.167,19.167,0.7467,0.7467,109,1,109,0,22,171,132,0.019852,0.01265,0.012999,1,1,1,2213.3
drl,3,152,1,13.936,15.868,0.7471,0.7471,23,2,23,0,22,171,133,0.016187,0.012622,0.012999,1,1,1,2213.3
drl,3,153,1,13.801,15.831,0.7475,0.7475,23,2,23,0,22,171,134,0.016187,0.012622,0.012593,1,1,1,2213.3
drl,3,154,1,14.033,15.602,0.7479,0.7479,23,3,23,0,22,171,135,0.015824,0.012668,0.013606,1,1,1,2213.3
drl,3,155,1,13.771,15.772,0.7482,0.7482,23,4,23,0,22,171,136,0.016119,0.012651,0.012543,1,1,1,2213.3
drl,3,156,1,13.662,15.632,0.7485,0.7485,23,5,23,0,22,171,137,0.015977,0.012482,0.012527,1,1,1,2213.3
drl,3,157,1,13.937,15.845,0.7488,0.7488,20,6,20,0,22,171,138,0.016159,0.012639,0.013014,1,1,1,2213.3
drl,3,158,1,13.934,15.745,0.7491,0.7491,20,7,20,0,22,171,139,0.016048,0.012739,0.013014,1,1,1,2213.3
drl,3,159,1,13.806,15.717,0.7494,0.7494,20,7,20,0,22,171,140,0.016048,0.012739,0.012632,1,1,1,2213.3
drl,3,160,1,13.776,15.78,0.7496,0.7496,20,8,20,0,22,171,141,0.016131,0.012624,0.012572,1,1,1,2213.3
drl,3,161,1,13.792,15.666,0.7498,0.7498,17,9,17,0,22,171,142,0.015992,0.012735,0.01265,1,1,1,2213.3
drl,3,162,1,13.762,15.686,0.75,0.75,17,10,17,0,22,171,143,0.016026,0.012629,0.01263,1,1,1,2213.3
drl,3,163,1,13.853,15.721,0.7502,0.7502,17,11,17,0,22,171,144,0.016039,0.012662,0.012857,1,1,1,2213.3
drl,3,164,1,13.844,15.697,0.7504,0.7504,17,12,17,0,22,171,145,0.016013,0.012662,0.012857,1,1,1,2213.3
drl,3,165,1,13.768,15.678,0.7505,0.7505,13,12,13,0,22,171,146,0.016013,0.012627,0.012664,1,1,1,2213.3
drl,3,166,1,13.822,15.805,0.7506,0.7506,13,13,13,0,22,171,147,0.016153,0.012645,0.012669,1,1,1,2213.3
drl,3,167,1,13.995,16.275,0.7507,0.7507,14,14,13,0,22,171,148,0.016676,0.012663,0.012646,1,1,1,2213.3
drl,3,168,1,13.686,15.51,0.7508,0.7508,15,15,13,0,22,171,149,0.015825,0.012671,0.012562,1,1,1,2213.3
drl,3,169,1,13.843,15.439,0.7509,0.7509,16,16,10,0,22,171,150,0.015694,0.012688,0.013147,1,1,1,2213.3
drl,3,170,1,13.903,15.6,0.751,0.751,17,17,10,0,22,171,151,0.015873,0.012688,0.013147,1,1,1,2213.3
drl,3,171,0,13.69,15.546,0.751,0.751,17,17,10,0,22,171,151,0.015873,0.012607,0.012589,1,1,1,2213.3
drl,3,172,1,13.735,15.586,0.751,0.751,18,18,10,0,22,171,152,0.015911,0.012665,0.012628,1,1,1,2213.3
drl,3,173,1,13.984,15.621,0.751,0.751,19,19,6,0,22,171,153,0.015866,0.012669,0.013416,1,1,1,2213.3
drl,3,174,1,13.734,15.615,0.751,0.751,20,20,6,0,22,171,154,0.015944,0.012657,0.012602,1,1,1,2213.3
drl,3,175,1,13.74,15.612,0.751,0.751,21,21,6,0,22,171,155,0.015939,0.012615,0.012667,1,1,1,2213.3
drl,3,176,1,13.74,15.612,0.751,0.751,21,21,6,0,22,171,156,0.015939,0.012615,0.012667,1,1,1,2213.3
drl,3,177,1,13.904,15.837,0.751,0.751,22,22,6,0,22,171,157,0.016163,0.012647,0.012902,1,1,1,2213.3
drl,3,178,1,13.773,15.714,0.7509,0.7509,23,23,3,0,22,171,158,0.016056,0.012637,0.012627,1,1,1,2213.3
drl,3,179,1,13.798,15.714,0.7509,0.7509,24,24,3,0,22,171,159,0.016052,0.012668,0.012674,1,1,1,2213.3
