algorithm,trial,second,throughput,avg_rtt,p95_rtt,fairness_index,fairness_alive,max_imbalance,h1_conns,h2_conns,h3_conns,h1_sels,h2_sels,h3_sels,h1_rtt,h2_rtt,h3_rtt,h1_alive,h2_alive,h3_alive,decision_latency_us
round_robin,1,0,0,15.252,24.317,1.0,1.0,0,0,0,0,0,0,0,0.011634,0.008396,0.025726,1,1,1,2290.9
round_robin,1,1,1,15.258,24.394,0.3333,0.3333,51,0,0,51,1,0,0,0.011475,0.00847,0.025829,1,1,1,2290.9
round_robin,1,2,1,15.221,24.356,0.6667,0.6667,52,0,0,52,1,1,0,0.011563,0.008322,0.025778,1,1,1,2290.9
round_robin,1,3,11,15.215,24.355,0.9883,0.9883,52,0,0,52,5,4,4,0.011544,0.008322,0.025778,1,1,1,2290.9
round_robin,1,4,1,15.121,24.081,0.9899,0.9899,54,0,0,54,5,5,4,0.011544,0.008346,0.025474,1,1,1,2290.9
round_robin,1,5,11,15.229,24.551,0.9968,0.9968,53,0,0,53,9,8,8,0.011443,0.008236,0.026007,1,1,1,2290.9
round_robin,1,6,1,15.124,24.146,0.9971,0.9971,54,0,0,54,9,9,8,0.011466,0.008351,0.025555,1,1,1,2290.9
round_robin,1,7,11,15.196,24.198,0.9985,0.9985,56,0,0,56,13,12,12,0.011571,0.008415,0.025601,1,1,1,2290.9
round_robin,1,8,1,15.388,24.798,0.9986,0.9986,57,0,0,57,13,13,12,0.011495,0.008394,0.026276,1,1,1,2290.9
round_robin,1,9,11,15.365,24.791,0.9992,0.9992,57,0,0,57,17,16,16,0.011425,0.008394,0.026276,1,1,1,2290.9
round_robin,1,10,1,15.135,24.138,0.9992,0.9992,55,0,0,55,17,17,16,0.011425,0.00843,0.025551,1,1,1,2290.9
round_robin,1,11,11,15.171,24.169,0.9995,0.9995,56,0,0,56,21,20,20,0.011516,0.008423,0.025575,1,1,1,2290.9
round_robin,1,12,1,15.44,24.729,0.9995,0.9995,58,0,0,58,21,21,20,0.011539,0.008587,0.026195,1,1,1,2290.9
round_robin,1,13,11,15.376,24.757,0.9996,0.9996,57,0,0,57,25,24,24,0.011459,0.008434,0.026235,1,1,1,2290.9
round_robin,1,14,1,15.465,24.779,0.9996,0.9996,58,0,0,58,25,25,24,0.011821,0.008356,0.026219,1,1,1,2290.9
round_robin,1,15,11,15.569,24.81,0.9997,0.9997,58,0,0,58,29,28,28,0.012132,0.008356,0.026219,1,1,1,2290.9
round_robin,1,16,1,15.684,25.113,0.9997,0.9997,60,0,0,60,29,29,28,0.012132,0.008364,0.026555,1,1,1,2290.9
round_robin,1,17,11,15.317,24.508,0.9998,0.9998,61,0,0,61,33,32,32,0.011589,0.008418,0.025943,1,1,1,2290.9
round_robin,1,18,1,15.413,24.798,0.9998,0.9998,59,0,0,59,33,33,32,0.011546,0.008423,0.02627,1,1,1,2290.9
round_robin,1,19,11,15.315,24.545,0.9998,0.9998,60,0,0,60,37,36,36,0.011554,0.008402,0.025988,1,1,1,2290.9
round_robin,1,20,1,15.648,24.789,0.9998,0.9998,62,0,0,62,37,37,36,0.012375,0.008402,0.026168,1,1,1,2290.9
round_robin,1,21,11,15.648,24.789,0.9999,0.9999,62,0,0,62,41,40,40,0.012375,0.008402,0.026168,1,1,1,2290.9
round_robin,1,22,1,15.543,24.99,0.9999,0.9999,61,0,0,61,41,41,40,0.01184,0.008338,0.026451,1,1,1,2290.9
round_robin,1,23,7,15.244,24.387,1.0,1.0,62,0,0,62,43,43,43,0.011468,0.008442,0.025822,1,1,1,2290.9
round_robin,1,24,4,15.353,24.656,0.9999,0.9999,64,0,0,64,45,44,44,0.011551,0.008396,0.026112,1,1,1,2290.9
round_robin,1,25,1,15.286,24.529,0.9999,0.9999,62,0,0,62,45,45,44,0.011524,0.008359,0.025974,1,1,1,2290.9
round_robin,1,26,11,15.346,24.666,0.9999,0.9999,64,0,0,64,49,48,48,0.011494,0.008416,0.026129,1,1,1,2290.9
round_robin,1,27,1,15.346,24.666,0.9999,0.9999,64,0,0,64,49,49,48,0.011494,0.008416,0.026129,1,1,1,2290.9
round_robin,1,28,11,15.204,24.186,0.9999,0.9999,66,0,0,66,53,52,52,0.01159,0.008435,0.025586,1,1,1,2290.9
round_robin,1,29,1,15.596,25.001,0.9999,0.9999,67,0,0,67,53,53,52,0.011679,0.008629,0.026481,1,1,1,2290.9
round_robin,1,30,11,15.317,24.51,0.9999,0.9999,65,0,0,65,57,56,56,0.011538,0.008462,0.025951,1,1,1,2290.9
round_robin,1,31,1,15.823,25.02,0.9999,0.9999,66,0,0,66,57,57,56,0.012356,0.008686,0.026427,1,1,1,2290.9
round_robin,1,32,11,15.526,24.803,0.9999,0.9999,68,0,0,68,61,60,60,0.011558,0.008744,0.026275,1,1,1,2290.9
round_robin,1,33,1,15.526,24.803,0.9999,0.9999,68,0,0,68,61,61,60,0.011558,0.008744,0.026275,1,1,1,2290.9
round_robin,1,34,11,15.375,24.655,0.9999,0.9999,66,0,0,66,65,64,64,0.011604,0.008417,0.026105,1,1,1,2290.9
round_robin,1,35,1,15.362,24.645,0.9999,0.9999,68,0,0,68,65,65,64,0.011545,0.008441,0.0261,1,1,1,2290.9
round_robin,1,36,11,15.397,24.484,1.0,1.0,70,0,0,70,69,68,68,0.011885,0.008423,0.025884,1,1,1,2290.9
round_robin,1,37,1,15.345,24.635,1.0,1.0,71,0,0,71,69,69,68,0.011589,0.00836,0.026085,1,1,1,2290.9
round_robin,1,38,11,15.098,23.993,1.0,1.0,69,0,0,69,73,72,72,0.011487,0.008425,0.025383,1,1,1,2290.9
round_robin,1,39,1,15.098,23.993,1.0,1.0,69,0,0,69,73,73,72,0.011487,0.008425,0.025383,1,1,1,2290.9
round_robin,1,40,11,15.377,24.666,1.0,1.0,70,0,0,70,77,76,76,0.011529,0.008475,0.026126,1,1,1,2290.9
round_robin,1,41,1,15.414,24.656,1.0,1.0,72,0,0,72,77,77,76,0.01153,0.008598,0.026114,1,1,1,2290.9
round_robin,1,42,11,15.344,24.726,1.0,1.0,70,0,0,70,81,80,80,0.011455,0.008376,0.026201,1,1,1,2290.9
round_robin,1,43,1,15.348,24.605,1.0,1.0,72,0,0,72,81,81,80,0.011553,0.008435,0.026055,1,1,1,2290.9
round_robin,1,44,11,15.272,24.47,1.0,1.0,74,0,0,74,85,84,84,0.01151,0.008397,0.02591,1,1,1,2290.9
round_robin,1,45,1,15.272,24.47,1.0,1.0,74,0,0,74,85,85,84,0.01151,0.008397,0.02591,1,1,1,2290.9
round_robin,1,46,11,15.312,24.63,1.0,1.0,71,0,0,71,89,88,88,0.011483,0.008363,0.026091,1,1,1,2290.9
round_robin,1,47,1,15.859,25.28,1.0,1.0,73,0,0,73,89,89,88,0.012432,0.008438,0.026708,1,1,1,2290.9
round_robin,1,48,0,15.377,24.693,1.0,1.0,74,0,0,74,89,89,88,0.011557,0.008421,0.026153,1,1,1,2290.9
round_robin,1,49,11,15.412,24.638,1.0,1.0,76,0,0,76,93,92,92,0.011737,0.008427,0.026071,1,1,1,2290.9
round_robin,1,50,1,15.281,24.61,1.0,1.0,76,0,0,76,93,93,92,0.011457,0.008315,0.026071,1,1,1,2290.9
round_robin,1,51,11,15.235,24.486,1.0,1.0,74,0,0,74,97,96,96,0.011457,0.008315,0.025934,1,1,1,2290.9
round_robin,1,52,1,15.555,24.414,1.0,1.0,76,0,0,76,97,97,96,0.012291,0.008614,0.025761,1,1,1,2290.9
round_robin,1,53,11,15.278,24.589,1.0,1.0,78,0,0,78,101,100,100,0.0113,0.008467,0.026066,1,1,1,2290.9
round_robin,1,54,1,15.213,24.342,1.0,1.0,76,0,0,76,101,101,100,0.011441,0.008422,0.025775,1,1,1,2290.9
round_robin,1,55,11,15.325,24.583,1.0,1.0,78,0,0,78,105,104,104,0.011526,0.008414,0.026034,1,1,1,2290.9
round_robin,1,56,1,15.347,24.583,1.0,1.0,78,0,0,78,105,105,104,0.011521,0.008487,0.026034,1,1,1,2290.9
round_robin,1,57,11,15.327,24.528,1.0,1.0,79,0,0,79,109,108,108,0.011521,0.008487,0.025973,1,1,1,2290.9
round_robin,1,58,1,15.293,24.605,1.0,1.0,81,0,0,81,109,109,108,0.011453,0.00836,0.026066,1,1,1,2290.9
round_robin,1,59,11,15.278,24.391,1.0,1.0,78,0,0,78,113,112,112,0.011551,0.008466,0.025818,1,1,1,2290.9
round_robin,1,60,1,15.284,24.472,1.0,1.0,80,0,0,80,113,113,112,0.011485,0.008453,0.025915,1,1,1,2290.9
round_robin,1,61,11,15.53,24.531,1.0,1.0,82,0,0,82,117,116,116,0.012139,0.008542,0.025908,1,1,1,2290.9
round_robin,1,62,1,15.279,24.468,1.0,1.0,82,0,0,82,117,117,116,0.011505,0.008424,0.025908,1,1,1,2290.9
round_robin,1,63,11,15.324,24.589,1.0,1.0,80,0,0,80,121,120,120,0.011505,0.008424,0.026043,1,1,1,2290.9
round_robin,1,64,1,15.31,24.563,1.0,1.0,82,0,0,82,121,121,120,0.011478,0.008436,0.026017,1,1,1,2290.9
round_robin,1,65,11,15.55,25.202,1.0,1.0,83,0,0,83,125,124,124,0.011534,0.008396,0.026721,1,1,1,2290.9
round_robin,1,66,1,15.204,24.297,1.0,1.0,79,0,0,79,125,125,124,0.011504,0.008389,0.025718,1,1,1,2290.9
round_robin,1,67,11,15.516,24.345,1.0,1.0,80,0,0,80,129,128,128,0.011542,0.009238,0.025768,1,1,1,2290.9
round_robin,1,68,1,15.272,24.353,1.0,1.0,80,0,0,80,129,129,128,0.011619,0.008428,0.025768,1,1,1,2290.9
round_robin,1,69,11,15.392,24.677,1.0,1.0,82,0,0,82,133,132,132,0.011619,0.008428,0.026128,1,1,1,2290.9
round_robin,1,70,1,15.313,24.59,1.0,1.0,84,0,0,84,133,133,132,0.011486,0.008407,0.026046,1,1,1,2290.9
round_robin,1,71,0,15.604,24.619,1.0,1.0,80,0,0,80,133,133,132,0.011493,0.009242,0.026078,1,1,1,2290.9
round_robin,1,72,11,16.067,25.785,1.0,1.0,82,0,0,82,137,136,136,0.012518,0.008424,0.027259,1,1,1,2290.9
round_robin,1,73,1,15.187,24.28,1.0,1.0,83,0,0,83,137,137,136,0.011428,0.008425,0.025708,1,1,1,2290.9
round_robin,1,74,11,15.262,24.296,1.0,1.0,83,0,0,83,141,140,140,0.011583,0.008496,0.025708,1,1,1,2290.9
round_robin,1,75,1,15.453,24.811,1.0,1.0,80,0,0,80,141,141,140,0.011583,0.008496,0.026281,1,1,1,2290.9
round_robin,1,76,11,15.118,23.969,1.0,1.0,82,0,0,82,145,144,144,0.011563,0.008444,0.025348,1,1,1,2290.9
round_robin,1,77,1,15.257,24.48,1.0,1.0,83,0,0,83,145,145,144,0.011426,0.008415,0.02593,1,1,1,2290.9
round_robin,1,78,11,15.496,24.652,1.0,1.0,85,0,0,85,149,148,148,0.011547,0.008832,0.026108,1,1,1,2290.9
round_robin,1,79,1,15.343,24.587,1.0,1.0,80,0,0,80,149,149,148,0.011569,0.008427,0.026034,1,1,1,2290.9
round_robin,1,80,11,15.342,24.585,1.0,1.0,80,0,0,80,153,152,152,0.011545,0.008447,0.026034,1,1,1,2290.9
round_robin,1,81,1,15.297,24.464,1.0,1.0,82,0,0,82,153,153,152,0.011545,0.008447,0.0259,1,1,1,2290.9
round_robin,1,82,11,15.63,25.368,1.0,1.0,83,0,0,83,157,156,156,0.011548,0.008439,0.026904,1,1,1,2290.9
round_robin,1,83,1,15.356,24.716,1.0,1.0,80,0,0,80,157,157,156,0.011435,0.00844,0.026192,1,1,1,2290.9
round_robin,1,84,11,15.556,25.257,1.0,1.0,82,0,0,82,161,160,160,0.011506,0.008377,0.026785,1,1,1,2290.9
round_robin,1,85,1,15.362,24.704,1.0,1.0,83,0,0,83,161,161,160,0.011522,0.008394,0.026169,1,1,1,2290.9
round_robin,1,86,11,15.359,24.704,1.0,1.0,83,0,0,83,165,164,164,0.011515,0.008394,0.026169,1,1,1,2290.9
round_robin,1,87,1,15.081,24.041,1.0,1.0,79,0,0,79,165,165,164,0.011515,0.008295,0.025433,1,1,1,2290.9
round_robin,1,88,11,15.547,24.339,1.0,1.0,80,0,0,80,169,168,168,0.011552,0.00933,0.02576,1,1,1,2290.9
round_robin,1,89,1,15.324,24.505,1.0,1.0,82,0,0,82,169,169,168,0.011601,0.008433,0.025939,1,1,1,2290.9
round_robin,1,90,11,15.385,24.753,1.0,1.0,83,0,0,83,173,172,172,0.011531,0.008403,0.026222,1,1,1,2290.9
round_robin,1,91,1,15.513,24.642,1.0,1.0,80,0,0,80,173,173,172,0.012066,0.008434,0.026039,1,1,1,2290.9
round_robin,1,92,11,15.282,24.572,1.0,1.0,80,0,0,80,177,176,176,0.011372,0.008434,0.026039,1,1,1,2290.9
round_robin,1,93,1,15.241,24.572,1.0,1.0,82,0,0,82,177,177,176,0.011372,0.008313,0.026039,1,1,1,2290.9
round_robin,1,94,7,15.111,24.161,1.0,1.0,83,0,0,83,179,179,179,0.011527,0.008242,0.025565,1,1,1,2290.9
round_robin,1,95,4,15.287,24.513,1.0,1.0,80,0,0,80,181,180,180,0.011476,0.008423,0.025962,1,1,1,2290.9
round_robin,1,96,1,15.345,24.608,1.0,1.0,81,0,0,81,181,181,180,0.011516,0.008457,0.026063,1,1,1,2290.9
round_robin,1,97,11,15.298,24.418,1.0,1.0,83,0,0,83,185,184,184,0.01164,0.008415,0.025838,1,1,1,2290.9
round_robin,1,98,1,15.228,24.397,1.0,1.0,83,0,0,83,185,185,184,0.01143,0.008415,0.025838,1,1,1,2290.9
round_robin,1,99,11,15.181,24.204,1.0,1.0,84,0,0,84,189,188,188,0.01143,0.00849,0.025623,1,1,1,2290.9
round_robin,1,100,1,15.35,24.645,1.0,1.0,80,0,0,80,189,189,188,0.011511,0.008436,0.026104,1,1,1,2290.9
round_robin,1,101,11,15.583,24.676,1.0,1.0,82,0,0,82,193,192,192,0.012287,0.00841,0.026053,1,1,1,2290.9
round_robin,1,102,1,15.306,24.54,1.0,1.0,83,0,0,83,193,193,192,0.011529,0.008404,0.025986,1,1,1,2290.9
round_robin,1,103,11,15.331,24.535,1.0,1.0,80,0,0,80,197,196,196,0.011564,0.008452,0.025976,1,1,1,2290.9
round_robin,1,104,1,15.306,24.527,1.0,1.0,80,0,0,80,197,197,196,0.011491,0.008452,0.025976,1,1,1,2290.9
round_robin,1,105,11,15.429,24.688,1.0,1.0,81,0,0,81,201,200,200,0.011491,0.008643,0.026154,1,1,1,2290.9
round_robin,1,106,1,15.145,24.129,1.0,1.0,83,0,0,83,201,201,200,0.011559,0.00835,0.025526,1,1,1,2290.9
round_robin,1,107,11,15.335,24.535,1.0,1.0,78,0,0,78,205,204,204,0.011556,0.008473,0.025977,1,1,1,2290.9
round_robin,1,108,1,15.433,24.834,1.0,1.0,80,0,0,80,205,205,204,0.0116,0.008396,0.026304,1,1,1,2290.9
round_robin,1,109,11,15.451,24.67,1.0,1.0,82,0,0,82,209,208,208,0.011826,0.008431,0.026097,1,1,1,2290.9
round_robin,1,110,1,15.451,24.67,1.0,1.0,82,0,0,82,209,209,208,0.011826,0.008431,0.026097,1,1,1,2290.9
round_robin,1,111,11,15.319,24.623,1.0,1.0,83,0,0,83,213,212,212,0.011421,0.008445,0.02609,1,1,1,2290.9
round_robin,1,112,1,15.83,25.309,1.0,1.0,80,0,0,80,213,213,212,0.012402,0.008344,0.026743,1,1,1,2290.9
round_robin,1,113,11,15.324,24.584,1.0,1.0,81,0,0,81,217,216,216,0.011514,0.008422,0.026036,1,1,1,2290.9
round_robin,1,114,1,15.301,24.459,1.0,1.0,83,0,0,83,217,217,216,0.01156,0.008452,0.025892,1,1,1,2290.9
round_robin,1,115,11,15.406,24.766,1.0,1.0,80,0,0,80,221,220,220,0.011566,0.00842,0.026233,1,1,1,2290.9
round_robin,1,116,1,15.406,24.766,1.0,1.0,80,0,0,80,221,221,220,0.011566,0.00842,0.026233,1,1,1,2290.9
round_robin,1,117,7,15.354,24.686,1.0,1.0,81,0,0,81,223,223,223,0.011486,0.008424,0.026153,1,1,1,2290.9
round_robin,1,118,4,15.837,25.424,1.0,1.0,83,0,0,83,225,224,224,0.012182,0.008435,0.026895,1,1,1,2290.9
round_robin,1,119,1,15.372,24.692,1.0,1.0,84,0,0,84,225,225,224,0.011476,0.00848,0.026161,1,1,1,2290.9
round_robin,2,0,0,15.41,24.827,1.0,1.0,0,0,0,0,0,0,0,0.011485,0.008436,0.026309,1,1,1,2252.9
round_robin,2,1,1,15.439,24.564,0.3333,0.3333,80,0,0,80,1,0,0,0.011448,0.008847,0.026021,1,1,1,2252.9
round_robin,2,2,1,15.427,24.786,0.6667,0.6667,75,0,0,75,1,1,0,0.011591,0.008439,0.026252,1,1,1,2252.9
round_robin,2,3,11,15.395,24.776,0.9883,0.9883,75,0,0,75,5,4,4,0.011494,0.008439,0.026252,1,1,1,2252.9
round_robin,2,4,1,15.58,25.318,0.9899,0.9899,77,0,0,77,5,5,4,0.011494,0.008391,0.026854,1,1,1,2252.9
round_robin,2,5,11,15.309,24.666,0.9968,0.9968,79,0,0,79,9,8,8,0.011369,0.008415,0.026143,1,1,1,2252.9
round_robin,2,6,1,15.514,24.42,0.9971,0.9971,80,0,0,80,9,9,8,0.011519,0.00917,0.025854,1,1,1,2252.9
round_robin,2,7,11,15.346,24.625,0.9985,0.9985,77,0,0,77,13,12,12,0.011552,0.008409,0.026078,1,1,1,2252.9
round_robin,2,8,1,15.373,24.718,0.9986,0.9986,78,0,0,78,13,13,12,0.011556,0.008382,0.02618,1,1,1,2252.9
round_robin,2,9,11,15.373,24.718,0.9992,0.9992,78,0,0,78,17,16,16,0.011556,0.008382,0.02618,1,1,1,2252.9
round_robin,2,10,1,15.309,24.575,0.9992,0.9992,80,0,0,80,17,17,16,0.011464,0.00843,0.026032,1,1,1,2252.9
round_robin,2,11,11,15.334,24.573,0.9995,0.9995,77,0,0,77,21,20,20,0.011572,0.008412,0.026018,1,1,1,2252.9
round_robin,2,12,1,15.439,24.63,0.9995,0.9995,79,0,0,79,21,21,20,0.011598,0.008642,0.026078,1,1,1,2252.9
round_robin,2,13,11,15.548,24.656,0.9996,0.9996,81,0,0,81,25,24,24,0.012154,0.008445,0.026045,1,1,1,2252.9
round_robin,2,14,1,15.302,24.426,0.9996,0.9996,82,0,0,82,25,25,24,0.011581,0.008472,0.025853,1,1,1,2252.9
round_robin,2,15,11,15.302,24.426,0.9997,0.9997,82,0,0,82,29,28,28,0.011581,0.008472,0.025853,1,1,1,2252.9
round_robin,2,16,1,15.543,24.359,0.9997,0.9997,78,0,0,78,29,29,28,0.011561,0.009286,0.025781,1,1,1,2252.9
round_robin,2,17,11,15.51,24.942,0.9998,0.9998,79,0,0,79,33,32,32,0.011689,0.008425,0.026415,1,1,1,2252.9
round_robin,2,18,1,15.176,24.164,0.9998,0.9998,81,0,0,81,33,33,32,0.011536,0.008425,0.025567,1,1,1,2252.9
round_robin,2,19,11,15.145,24.126,0.9998,0.9998,78,0,0,78,37,36,36,0.011518,0.00839,0.025527,1,1,1,2252.9
round_robin,2,20,1,15.304,24.494,0.9998,0.9998,79,0,0,79,37,37,36,0.011514,0.008462,0.025936,1,1,1,2252.9
round_robin,2,21,11,15.304,24.494,0.9999,0.9999,79,0,0,79,41,40,40,0.011514,0.008462,0.025936,1,1,1,2252.9
round_robin,2,22,1,15.304,24.583,0.9999,0.9999,81,0,0,81,41,41,40,0.011501,0.008373,0.026037,1,1,1,2252.9
round_robin,2,23,11,15.286,24.429,0.9999,0.9999,76,0,0,76,45,44,44,0.011597,0.008405,0.025855,1,1,1,2252.9
round_robin,2,24,1,15.309,24.589,0.9999,0.9999,78,0,0,78,45,45,44,0.011472,0.00841,0.026046,1,1,1,2252.9
round_robin,2,25,1,15.34,24.575,1.0,1.0,79,0,0,79,45,45,45,0.011534,0.008461,0.026024,1,1,1,2252.9
round_robin,2,26,10,15.695,24.781,0.9999,0.9999,81,0,0,81,49,48,48,0.012366,0.00856,0.02616,1,1,1,2252.9
round_robin,2,27,1,15.695,24.781,0.9999,0.9999,81,0,0,81,49,49,48,0.012366,0.00856,0.02616,1,1,1,2252.9
round_robin,2,28,11,15.181,24.182,0.9999,0.9999,78,0,0,78,53,52,52,0.01152,0.008433,0.025589,1,1,1,2252.9
round_robin,2,29,1,15.357,24.641,0.9999,0.9999,79,0,0,79,53,53,52,0.0115,0.008471,0.026101,1,1,1,2252.9
round_robin,2,30,11,15.331,24.601,0.9999,0.9999,81,0,0,81,57,56,56,0.011495,0.00844,0.026057,1,1,1,2252.9
round_robin,2,31,1,15.301,24.469,0.9999,0.9999,77,0,0,77,57,57,56,0.011562,0.008437,0.025903,1,1,1,2252.9
round_robin,2,32,11,15.255,24.461,0.9999,0.9999,77,0,0,77,61,60,60,0.011482,0.008379,0.025903,1,1,1,2252.9
round_robin,2,33,1,15.235,24.409,0.9999,0.9999,79,0,0,79,61,61,60,0.011482,0.008379,0.025845,1,1,1,2252.9
round_robin,2,34,11,15.221,24.335,0.9999,0.9999,80,0,0,80,65,64,64,0.011469,0.00843,0.025765,1,1,1,2252.9
round_robin,2,35,1,15.411,24.749,0.9999,0.9999,82,0,0,82,65,65,64,0.011596,0.008426,0.02621,1,1,1,2252.9
round_robin,2,36,11,15.316,24.596,1.0,1.0,78,0,0,78,69,68,68,0.011467,0.008425,0.026055,1,1,1,2252.9
round_robin,2,37,1,15.587,24.753,1.0,1.0,79,0,0,79,69,69,68,0.011541,0.009,0.026221,1,1,1,2252.9
round_robin,2,38,11,15.382,24.749,1.0,1.0,79,0,0,79,73,72,72,0.011504,0.008422,0.026221,1,1,1,2252.9
round_robin,2,39,1,15.332,24.612,1.0,1.0,81,0,0,81,73,73,72,0.011504,0.008422,0.026069,1,1,1,2252.9
round_robin,2,40,11,15.268,24.477,1.0,1.0,77,0,0,77,77,76,76,0.011476,0.008405,0.025922,1,1,1,2252.9
round_robin,2,41,1,15.515,25.16,1.0,1.0,79,0,0,79,77,77,76,0.011494,0.008372,0.026678,1,1,1,2252.9
round_robin,2,42,11,15.297,24.611,1.0,1.0,80,0,0,80,81,80,80,0.011431,0.008386,0.026075,1,1,1,2252.9
round_robin,2,43,1,15.395,24.717,1.0,1.0,76,0,0,76,81,81,80,0.011555,0.00845,0.02618,1,1,1,2252.9
round_robin,2,44,11,15.398,24.717,1.0,1.0,76,0,0,76,85,84,84,0.011546,0.008468,0.02618,1,1,1,2252.9
round_robin,2,45,1,15.25,24.318,1.0,1.0,78,0,0,78,85,85,84,0.011546,0.008468,0.025737,1,1,1,2252.9
round_robin,2,46,11,15.576,24.502,1.0,1.0,79,0,0,79,89,88,88,0.011474,0.009304,0.025949,1,1,1,2252.9
round_robin,2,47,1,16.067,25.595,1.0,1.0,81,0,0,81,89,89,88,0.012772,0.008409,0.02702,1,1,1,2252.9
round_robin,2,48,1,15.327,24.32,1.0,1.0,77,0,0,77,89,89,89,0.011824,0.008449,0.025709,1,1,1,2252.9
round_robin,2,49,10,15.47,24.922,1.0,1.0,79,0,0,79,93,92,92,0.011579,0.008426,0.026405,1,1,1,2252.9
round_robin,2,50,1,15.55,24.918,1.0,1.0,79,0,0,79,93,93,92,0.011539,0.008705,0.026405,1,1,1,2252.9
round_robin,2,51,11,15.469,24.7,1.0,1.0,80,0,0,80,97,96,96,0.011539,0.008705,0.026162,1,1,1,2252.9
round_robin,2,52,1,15.543,25.233,1.0,1.0,77,0,0,77,97,97,96,0.011443,0.00842,0.026765,1,1,1,2252.9
round_robin,2,53,11,15.371,24.659,1.0,1.0,79,0,0,79,101,100,100,0.011569,0.008431,0.026114,1,1,1,2252.9
round_robin,2,54,1,15.25,24.423,1.0,1.0,80,0,0,80,101,101,100,0.011489,0.008402,0.02586,1,1,1,2252.9
round_robin,2,55,11,15.345,24.609,1.0,1.0,82,0,0,82,105,104,104,0.011553,0.008423,0.02606,1,1,1,2252.9
round_robin,2,56,1,15.605,24.602,1.0,1.0,82,0,0,82,105,105,104,0.011477,0.009278,0.02606,1,1,1,2252.9
round_robin,2,57,11,15.542,24.432,1.0,1.0,77,0,0,77,109,108,108,0.011477,0.009278,0.025871,1,1,1,2252.9
round_robin,2,58,1,15.277,24.343,1.0,1.0,79,0,0,79,109,109,108,0.011552,0.008514,0.025764,1,1,1,2252.9
round_robin,2,59,11,15.121,24.002,1.0,1.0,82,0,0,82,113,112,112,0.011595,0.008387,0.025381,1,1,1,2252.9
round_robin,2,60,1,15.318,24.493,1.0,1.0,79,0,0,79,113,113,112,0.011585,0.008443,0.025927,1,1,1,2252.9
round_robin,2,61,11,15.357,24.645,1.0,1.0,81,0,0,81,117,116,116,0.011547,0.008424,0.0261,1,1,1,2252.9
round_robin,2,62,1,15.349,24.642,1.0,1.0,81,0,0,81,117,117,116,0.011522,0.008424,0.0261,1,1,1,2252.9
round_robin,2,63,11,15.607,24.774,1.0,1.0,82,0,0,82,121,120,120,0.011522,0.009052,0.026247,1,1,1,2252.9
round_robin,2,64,1,15.304,24.459,1.0,1.0,79,0,0,79,121,121,120,0.011504,0.008509,0.025898,1,1,1,2252.9
round_robin,2,65,11,15.362,24.635,1.0,1.0,80,0,0,80,125,124,124,0.01156,0.008438,0.026088,1,1,1,2252.9
round_robin,2,66,1,15.794,24.988,1.0,1.0,82,0,0,82,125,125,124,0.012446,0.008554,0.026381,1,1,1,2252.9
round_robin,2,67,11,15.233,24.265,1.0,1.0,84,0,0,84,129,128,128,0.011553,0.008467,0.025678,1,1,1,2252.9
round_robin,2,68,1,15.251,24.271,1.0,1.0,84,0,0,84,129,129,128,0.011609,0.008467,0.025678,1,1,1,2252.9
round_robin,2,69,11,15.302,24.451,1.0,1.0,80,0,0,80,133,132,132,0.011609,0.008419,0.025878,1,1,1,2252.9
round_robin,2,70,1,15.344,24.572,1.0,1.0,82,0,0,82,133,133,132,0.011546,0.008468,0.026019,1,1,1,2252.9
round_robin,2,71,11,15.3,24.582,1.0,1.0,83,0,0,83,137,136,136,0.011464,0.008395,0.02604,1,1,1,2252.9
round_robin,2,72,1,15.301,24.454,1.0,1.0,80,0,0,80,137,137,136,0.011562,0.008453,0.025887,1,1,1,2252.9
round_robin,2,73,0,15.336,24.5,1.0,1.0,81,0,0,81,137,137,136,0.011562,0.008508,0.025937,1,1,1,2252.9
round_robin,2,74,11,15.336,24.5,1.0,1.0,81,0,0,81,141,140,140,0.011562,0.008508,0.025937,1,1,1,2252.9
round_robin,2,75,1,15.465,24.566,1.0,1.0,83,0,0,83,141,141,140,0.01204,0.008398,0.025958,1,1,1,2252.9
round_robin,2,76,11,15.626,24.712,1.0,1.0,85,0,0,85,145,144,144,0.011406,0.00928,0.026191,1,1,1,2252.9
round_robin,2,77,1,15.683,24.686,1.0,1.0,80,0,0,80,145,145,144,0.011571,0.009335,0.026143,1,1,1,2252.9
round_robin,2,78,11,15.351,24.663,1.0,1.0,82,0,0,82,149,148,148,0.011516,0.008414,0.026124,1,1,1,2252.9
round_robin,2,79,1,15.319,24.559,1.0,1.0,83,0,0,83,149,149,148,0.011477,0.008469,0.026012,1,1,1,2252.9
round_robin,2,80,11,15.319,24.559,1.0,1.0,83,0,0,83,153,152,152,0.011477,0.008469,0.026012,1,1,1,2252.9
round_robin,2,81,1,15.434,24.85,1.0,1.0,80,0,0,80,153,153,152,0.011505,0.008465,0.026333,1,1,1,2252.9
round_robin,2,82,11,15.445,24.634,1.0,1.0,81,0,0,81,157,156,156,0.011493,0.008748,0.026094,1,1,1,2252.9
round_robin,2,83,1,15.345,24.575,1.0,1.0,83,0,0,83,157,157,156,0.011599,0.008419,0.026017,1,1,1,2252.9
round_robin,2,84,11,15.382,24.734,1.0,1.0,79,0,0,79,161,160,160,0.0115,0.008442,0.026204,1,1,1,2252.9
round_robin,2,85,1,15.445,24.652,1.0,1.0,80,0,0,80,161,161,160,0.011545,0.008683,0.026108,1,1,1,2252.9
round_robin,2,86,11,15.445,24.652,1.0,1.0,80,0,0,80,165,164,164,0.011545,0.008683,0.026108,1,1,1,2252.9
round_robin,2,87,1,15.567,24.803,1.0,1.0,82,0,0,82,165,165,164,0.011533,0.008889,0.026278,1,1,1,2252.9
round_robin,2,88,11,15.342,24.683,1.0,1.0,83,0,0,83,169,168,168,0.011462,0.008411,0.026152,1,1,1,2252.9
round_robin,2,89,1,15.261,24.46,1.0,1.0,80,0,0,80,169,169,168,0.011432,0.008444,0.025908,1,1,1,2252.9
round_robin,2,90,11,15.26,24.404,1.0,1.0,81,0,0,81,173,172,172,0.011503,0.00844,0.025838,1,1,1,2252.9
round_robin,2,91,1,15.546,24.579,1.0,1.0,83,0,0,83,173,173,172,0.01229,0.008404,0.025944,1,1,1,2252.9
round_robin,2,92,1,15.546,24.579,1.0,1.0,83,0,0,83,173,173,173,0.01229,0.008404,0.025944,1,1,1,2252.9
round_robin,2,93,10,15.161,24.255,1.0,1.0,80,0,0,80,177,176,176,0.011416,0.008384,0.025682,1,1,1,2252.9
round_robin,2,94,1,15.306,24.561,1.0,1.0,81,0,0,81,177,177,176,0.011496,0.008408,0.026013,1,1,1,2252.9
round_robin,2,95,11,15.35,24.613,1.0,1.0,83,0,0,83,181,180,180,0.0116,0.00839,0.026059,1,1,1,2252.9
round_robin,2,96,1,15.716,25.425,1.0,1.0,84,0,0,84,181,181,180,0.011534,0.008646,0.026969,1,1,1,2252.9
round_robin,2,97,11,15.644,25.424,1.0,1.0,84,0,0,84,185,184,184,0.011524,0.00844,0.026969,1,1,1,2252.9
round_robin,2,98,1,15.168,24.139,1.0,1.0,81,0,0,81,185,185,184,0.011524,0.00844,0.025541,1,1,1,2252.9
round_robin,2,99,11,15.333,24.576,1.0,1.0,81,0,0,81,189,188,188,0.011517,0.008455,0.026027,1,1,1,2252.9
round_robin,2,100,1,15.455,24.758,1.0,1.0,83,0,0,83,189,189,188,0.01181,0.008358,0.026197,1,1,1,2252.9
round_robin,2,101,11,15.325,24.608,1.0,1.0,80,0,0,80,193,192,192,0.011465,0.008442,0.026068,1,1,1,2252.9
round_robin,2,102,1,15.315,24.556,1.0,1.0,81,0,0,81,193,193,192,0.01144,0.008491,0.026013,1,1,1,2252.9
round_robin,2,103,11,15.321,24.572,1.0,1.0,81,0,0,81,197,196,196,0.011603,0.008347,0.026013,1,1,1,2252.9
round_robin,2,104,1,15.344,24.633,1.0,1.0,83,0,0,83,197,197,196,0.011603,0.008347,0.026081,1,1,1,2252.9
round_robin,2,105,11,15.222,24.325,1.0,1.0,78,0,0,78,201,200,200,0.01154,0.008382,0.025745,1,1,1,2252.9
round_robin,2,106,1,15.935,25.411,1.0,1.0,80,0,0,80,201,201,200,0.012358,0.008587,0.026861,1,1,1,2252.9
round_robin,2,107,11,15.198,24.178,1.0,1.0,82,0,0,82,205,204,204,0.011541,0.008472,0.025582,1,1,1,2252.9
round_robin,2,108,1,15.347,24.615,1.0,1.0,83,0,0,83,205,205,204,0.011545,0.008429,0.026067,1,1,1,2252.9
round_robin,2,109,11,15.314,24.603,1.0,1.0,83,0,0,83,209,208,208,0.011425,0.008449,0.026067,1,1,1,2252.9
round_robin,2,110,1,15.483,25.06,1.0,1.0,80,0,0,80,209,209,208,0.011425,0.008449,0.026575,1,1,1,2252.9
round_robin,2,111,11,15.297,24.513,1.0,1.0,81,0,0,81,213,212,212,0.011523,0.008412,0.025956,1,1,1,2252.9
round_robin,2,112,1,15.276,24.438,1.0,1.0,83,0,0,83,213,213,212,0.01151,0.008444,0.025874,1,1,1,2252.9
round_robin,2,113,11,15.396,24.556,1.0,1.0,79,0,0,79,217,216,216,0.011856,0.008366,0.025967,1,1,1,2252.9
round_robin,2,114,1,15.358,24.448,1.0,1.0,82,0,0,82,217,217,216,0.011749,0.008467,0.025859,1,1,1,2252.9
round_robin,2,115,0,15.286,24.426,1.0,1.0,82,0,0,82,217,217,216,0.011533,0.008467,0.025859,1,1,1,2252.9
round_robin,2,116,11,15.41,24.797,1.0,1.0,83,0,0,83,221,220,220,0.011533,0.008426,0.026271,1,1,1,2252.9
round_robin,2,117,1,15.332,24.554,1.0,1.0,84,0,0,84,221,221,220,0.011692,0.008321,0.025983,1,1,1,2252.9
round_robin,2,118,11,15.312,24.595,1.0,1.0,80,0,0,80,225,224,224,0.01153,0.008358,0.026047,1,1,1,2252.9
round_robin,2,119,1,15.347,24.569,1.0,1.0,81,0,0,81,225,225,224,0.011575,0.008452,0.026013,1,1,1,2252.9
weighted_round_robin,1,0,0,15.311,24.563,1.0,1.0,0,0,0,0,0,0,0,0.011525,0.008397,0.026012,1,1,1,2099.1
weighted_round_robin,1,1,1,15.691,24.823,0.3333,0.3333,78,0,0,78,1,0,0,0.011567,0.009211,0.026296,1,1,1,2099.1
weighted_round_robin,1,2,1,15.412,24.817,0.6667,0.6667,78,0,0,78,1,1,0,0.011509,0.00843,0.026296,1,1,1,2099.1
weighted_round_robin,1,3,11,15.359,24.676,0.9883,0.9883,79,0,0,79,5,4,4,0.011509,0.00843,0.026139,1,1,1,2099.1
weighted_round_robin,1,4,1,15.295,24.584,0.9899,0.9899,81,0,0,81,5,5,4,0.011471,0.008374,0.026041,1,1,1,2099.1
weighted_round_robin,1,5,11,15.344,24.677,0.9968,0.9968,78,0,0,78,9,8,8,0.011504,0.008388,0.026141,1,1,1,2099.1
weighted_round_robin,1,6,1,15.296,24.508,0.9971,0.9971,79,0,0,79,9,9,8,0.011484,0.008448,0.025955,1,1,1,2099.1
weighted_round_robin,1,7,11,15.328,24.602,0.9985,0.9985,81,0,0,81,13,12,12,0.011508,0.008418,0.026057,1,1,1,2099.1
weighted_round_robin,1,8,1,15.308,24.596,0.9986,0.9986,81,0,0,81,13,13,12,0.011452,0.008416,0.026057,1,1,1,2099.1
weighted_round_robin,1,9,11,15.536,25.21,0.9992,0.9992,77,0,0,77,17,16,16,0.011452,0.008416,0.026739,1,1,1,2099.1
weighted_round_robin,1,10,1,15.323,24.587,0.9992,0.9992,79,0,0,79,17,17,16,0.011463,0.008461,0.026045,1,1,1,2099.1
weighted_round_robin,1,11,11,15.533,24.298,0.9995,0.9995,81,0,0,81,21,20,20,0.011537,0.009347,0.025716,1,1,1,2099.1
weighted_round_robin,1,12,1,15.508,24.9,0.9995,0.9995,82,0,0,82,21,21,20,0.011701,0.008456,0.026367,1,1,1,2099.1
weighted_round_robin,1,13,11,15.346,24.636,0.9996,0.9996,78,0,0,78,25,24,24,0.011555,0.008393,0.026089,1,1,1,2099.1
weighted_round_robin,1,14,1,15.3,24.623,0.9996,0.9996,78,0,0,78,25,25,24,0.011433,0.008378,0.026089,1,1,1,2099.1
weighted_round_robin,1,15,11,15.261,24.517,0.9997,0.9997,79,0,0,79,29,28,28,0.011433,0.008378,0.025971,1,1,1,2099.1
weighted_round_robin,1,16,1,15.377,24.697,0.9997,0.9997,81,0,0,81,29,29,28,0.011543,0.008429,0.026159,1,1,1,2099.1
weighted_round_robin,1,17,11,15.498,24.749,0.9998,0.9998,77,0,0,77,33,32,32,0.011938,0.008382,0.026173,1,1,1,2099.1
weighted_round_robin,1,18,1,15.616,25.352,0.9998,0.9998,79,0,0,79,33,33,32,0.011545,0.008416,0.026886,1,1,1,2099.1
weighted_round_robin,1,19,11,15.232,24.294,0.9998,0.9998,81,0,0,81,37,36,36,0.011578,0.00841,0.025707,1,1,1,2099.1
weighted_round_robin,1,20,1,15.213,24.288,0.9998,0.9998,81,0,0,81,37,37,36,0.011522,0.00841,0.025707,1,1,1,2099.1
weighted_round_robin,1,21,11,15.62,25.516,0.9999,0.9999,76,0,0,76,41,40,40,0.011522,0.008267,0.027071,1,1,1,2099.1
weighted_round_robin,1,22,1,15.338,24.563,0.9999,0.9999,78,0,0,78,41,41,40,0.011554,0.008451,0.026008,1,1,1,2099.1
weighted_round_robin,1,23,7,15.36,24.531,1.0,1.0,79,0,0,79,43,43,43,0.01166,0.008458,0.025961,1,1,1,2099.1
weighted_round_robin,1,24,4,15.344,24.677,0.9999,0.9999,81,0,0,81,45,44,44,0.011464,0.008423,0.026145,1,1,1,2099.1
weighted_round_robin,1,25,1,15.306,24.554,0.9999,0.9999,77,0,0,77,45,45,44,0.011486,0.008426,0.026006,1,1,1,2099.1
weighted_round_robin,1,26,11,15.312,24.556,0.9999,0.9999,77,0,0,77,49,48,48,0.011503,0.008426,0.026006,1,1,1,2099.1
weighted_round_robin,1,27,1,15.425,24.89,0.9999,0.9999,79,0,0,79,49,49,48,0.011503,0.008395,0.026377,1,1,1,2099.1
weighted_round_robin,1,28,11,15.422,24.854,0.9999,0.9999,81,0,0,81,53,52,52,0.011522,0.008409,0.026335,1,1,1,2099.1
weighted_round_robin,1,29,1,15.379,24.643,0.9999,0.9999,77,0,0,77,53,53,52,0.011551,0.008489,0.026098,1,1,1,2099.1
weighted_round_robin,1,30,11,15.438,24.584,0.9999,0.9999,79,0,0,79,57,56,56,0.011858,0.008457,0.025998,1,1,1,2099.1
weighted_round_robin,1,31,1,15.478,24.946,0.9999,0.9999,80,0,0,80,57,57,56,0.011584,0.00842,0.026431,1,1,1,2099.1
weighted_round_robin,1,32,11,15.478,24.946,0.9999,0.9999,80,0,0,80,61,60,60,0.011584,0.00842,0.026431,1,1,1,2099.1
weighted_round_robin,1,33,1,15.202,24.16,0.9999,0.9999,82,0,0,82,61,61,60,0.011607,0.008444,0.025555,1,1,1,2099.1
weighted_round_robin,1,34,11,15.307,24.563,0.9999,0.9999,77,0,0,77,65,64,64,0.011517,0.008391,0.026013,1,1,1,2099.1
weighted_round_robin,1,35,1,15.502,24.349,0.9999,0.9999,79,0,0,79,65,65,64,0.011567,0.009171,0.025769,1,1,1,2099.1
weighted_round_robin,1,36,11,15.316,24.535,1.0,1.0,81,0,0,81,69,68,68,0.011513,0.008453,0.025982,1,1,1,2099.1
weighted_round_robin,1,37,1,15.274,24.381,1.0,1.0,77,0,0,77,69,69,68,0.011564,0.008453,0.025805,1,1,1,2099.1
weighted_round_robin,1,38,11,15.274,24.381,1.0,1.0,77,0,0,77,73,72,72,0.011564,0.008453,0.025805,1,1,1,2099.1
weighted_round_robin,1,39,1,15.715,25.674,1.0,1.0,79,0,0,79,73,73,72,0.011462,0.00843,0.027253,1,1,1,2099.1
weighted_round_robin,1,40,11,15.441,24.88,1.0,1.0,80,0,0,80,77,76,76,0.011561,0.008401,0.02636,1,1,1,2099.1
weighted_round_robin,1,41,1,15.369,24.519,1.0,1.0,76,0,0,76,77,77,76,0.011791,0.008383,0.025933,1,1,1,2099.1
weighted_round_robin,1,42,11,15.192,24.215,1.0,1.0,78,0,0,78,81,80,80,0.011585,0.008373,0.025618,1,1,1,2099.1
weighted_round_robin,1,43,1,15.22,24.37,1.0,1.0,79,0,0,79,81,81,80,0.011434,0.008419,0.025807,1,1,1,2099.1
weighted_round_robin,1,44,11,15.22,24.37,1.0,1.0,79,0,0,79,85,84,84,0.011434,0.008419,0.025807,1,1,1,2099.1
weighted_round_robin,1,45,1,15.301,24.644,1.0,1.0,81,0,0,81,85,85,84,0.011454,0.008338,0.02611,1,1,1,2099.1
weighted_round_robin,1,46,11,15.22,24.28,1.0,1.0,77,0,0,77,89,88,88,0.011575,0.008393,0.025692,1,1,1,2099.1
weighted_round_robin,1,47,0,15.38,24.745,1.0,1.0,79,0,0,79,89,88,88,0.011594,0.00834,0.026206,1,1,1,2099.1
weighted_round_robin,1,48,1,15.224,24.269,1.0,1.0,80,0,0,80,89,89,88,0.011596,0.008399,0.025677,1,1,1,2099.1
weighted_round_robin,1,49,11,15.188,24.264,1.0,1.0,80,0,0,80,93,92,92,0.011546,0.008341,0.025677,1,1,1,2099.1
weighted_round_robin,1,50,1,15.23,24.377,1.0,1.0,77,0,0,77,93,93,92,0.011546,0.008341,0.025803,1,1,1,2099.1
weighted_round_robin,1,51,11,15.557,24.488,1.0,1.0,81,0,0,81,97,96,96,0.012458,0.008387,0.025825,1,1,1,2099.1
weighted_round_robin,1,52,1,15.362,24.52,1.0,1.0,80,0,0,80,97,97,96,0.011541,0.008583,0.025962,1,1,1,2099.1
weighted_round_robin,1,53,11,15.312,24.422,1.0,1.0,76,0,0,76,101,100,100,0.011655,0.008441,0.025841,1,1,1,2099.1
weighted_round_robin,1,54,1,15.259,24.4,1.0,1.0,77,0,0,77,101,101,100,0.011555,0.008395,0.025827,1,1,1,2099.1
weighted_round_robin,1,55,11,15.537,24.398,1.0,1.0,77,0,0,77,105,104,104,0.011537,0.009248,0.025827,1,1,1,2099.1
weighted_round_robin,1,56,1,15.581,24.516,1.0,1.0,79,0,0,79,105,105,104,0.011537,0.009248,0.025958,1,1,1,2099.1
weighted_round_robin,1,57,11,15.435,24.664,1.0,1.0,80,0,0,80,109,108,108,0.011828,0.008388,0.02609,1,1,1,2099.1
weighted_round_robin,1,58,1,15.331,24.527,1.0,1.0,78,0,0,78,109,109,108,0.011581,0.008448,0.025965,1,1,1,2099.1
weighted_round_robin,1,59,11,15.256,24.396,1.0,1.0,80,0,0,80,113,112,112,0.011534,0.00841,0.025825,1,1,1,2099.1
weighted_round_robin,1,60,1,15.636,24.647,1.0,1.0,81,0,0,81,113,113,112,0.011539,0.009266,0.026103,1,1,1,2099.1
weighted_round_robin,1,61,11,15.544,24.705,1.0,1.0,81,0,0,81,117,116,116,0.012128,0.0084,0.026103,1,1,1,2099.1
weighted_round_robin,1,62,1,15.319,24.1,1.0,1.0,79,0,0,79,117,117,116,0.012128,0.0084,0.02543,1,1,1,2099.1
weighted_round_robin,1,63,11,15.154,24.263,1.0,1.0,80,0,0,80,121,120,120,0.011401,0.008368,0.025692,1,1,1,2099.1
weighted_round_robin,1,64,1,15.257,24.368,1.0,1.0,82,0,0,82,121,121,120,0.011517,0.008458,0.025796,1,1,1,2099.1
weighted_round_robin,1,65,11,15.743,24.994,1.0,1.0,83,0,0,83,125,124,124,0.012402,0.008434,0.026393,1,1,1,2099.1
weighted_round_robin,1,66,1,15.46,24.922,1.0,1.0,80,0,0,80,125,125,124,0.011503,0.008464,0.026413,1,1,1,2099.1
weighted_round_robin,1,67,11,15.452,24.92,1.0,1.0,80,0,0,80,129,128,128,0.01148,0.008464,0.026413,1,1,1,2099.1
weighted_round_robin,1,68,1,15.276,24.512,1.0,1.0,82,0,0,82,129,129,128,0.01148,0.008388,0.02596,1,1,1,2099.1
weighted_round_robin,1,69,11,15.318,24.615,1.0,1.0,83,0,0,83,133,132,132,0.011484,0.008395,0.026074,1,1,1,2099.1
weighted_round_robin,1,70,0,15.155,24.061,1.0,1.0,80,0,0,80,133,132,132,0.011536,0.008477,0.025453,1,1,1,2099.1
weighted_round_robin,1,71,1,15.404,24.532,1.0,1.0,81,0,0,81,133,133,132,0.011584,0.008656,0.025971,1,1,1,2099.1
weighted_round_robin,1,72,11,15.466,24.902,1.0,1.0,83,0,0,83,137,136,136,0.011606,0.008412,0.026379,1,1,1,2099.1
weighted_round_robin,1,73,1,15.448,24.896,1.0,1.0,83,0,0,83,137,137,136,0.011554,0.008412,0.026379,1,1,1,2099.1
weighted_round_robin,1,74,11,15.23,24.349,1.0,1.0,78,0,0,78,141,140,140,0.011554,0.008364,0.025771,1,1,1,2099.1
weighted_round_robin,1,75,1,15.263,24.451,1.0,1.0,80,0,0,80,141,141,140,0.011453,0.008441,0.025895,1,1,1,2099.1
weighted_round_robin,1,76,11,15.168,24.1,1.0,1.0,82,0,0,82,145,144,144,0.011546,0.008463,0.025495,1,1,1,2099.1
weighted_round_robin,1,77,1,15.251,24.345,1.0,1.0,83,0,0,83,145,145,144,0.01157,0.008417,0.025765,1,1,1,2099.1
weighted_round_robin,1,78,11,15.912,25.38,1.0,1.0,79,0,0,79,149,148,148,0.012462,0.00846,0.026815,1,1,1,2099.1
weighted_round_robin,1,79,1,15.593,25.284,1.0,1.0,79,0,0,79,149,149,148,0.011503,0.00846,0.026815,1,1,1,2099.1
weighted_round_robin,1,80,11,15.363,24.693,1.0,1.0,80,0,0,80,153,152,152,0.011503,0.008427,0.026159,1,1,1,2099.1
weighted_round_robin,1,81,1,15.39,24.726,1.0,1.0,82,0,0,82,153,153,152,0.011544,0.008434,0.026191,1,1,1,2099.1
weighted_round_robin,1,82,11,15.243,24.314,1.0,1.0,79,0,0,79,157,156,156,0.011572,0.008427,0.02573,1,1,1,2099.1
weighted_round_robin,1,83,1,15.308,24.505,1.0,1.0,80,0,0,80,157,157,156,0.011558,0.008423,0.025944,1,1,1,2099.1
weighted_round_robin,1,84,11,15.359,24.678,1.0,1.0,82,0,0,82,161,160,160,0.011546,0.008395,0.026137,1,1,1,2099.1
weighted_round_robin,1,85,1,15.359,24.678,1.0,1.0,82,0,0,82,161,161,160,0.011546,0.008395,0.026137,1,1,1,2099.1
weighted_round_robin,1,86,11,15.227,24.389,1.0,1.0,83,0,0,83,165,164,164,0.011447,0.008408,0.025827,1,1,1,2099.1
weighted_round_robin,1,87,1,15.408,24.737,1.0,1.0,80,0,0,80,165,165,164,0.011568,0.008457,0.0262,1,1,1,2099.1
weighted_round_robin,1,88,11,15.322,24.619,1.0,1.0,81,0,0,81,169,168,168,0.011517,0.008373,0.026075,1,1,1,2099.1
weighted_round_robin,1,89,1,15.615,24.709,1.0,1.0,83,0,0,83,169,169,168,0.011484,0.009183,0.026179,1,1,1,2099.1
weighted_round_robin,1,90,11,15.386,24.71,1.0,1.0,80,0,0,80,173,172,172,0.01143,0.008543,0.026186,1,1,1,2099.1
weighted_round_robin,1,91,1,15.386,24.71,1.0,1.0,80,0,0,80,173,173,172,0.01143,0.008543,0.026186,1,1,1,2099.1
weighted_round_robin,1,92,11,15.255,24.415,1.0,1.0,81,0,0,81,177,176,176,0.011517,0.008401,0.025848,1,1,1,2099.1
weighted_round_robin,1,93,1,15.515,25.125,1.0,1.0,82,0,0,82,177,177,176,0.011529,0.008379,0.026636,1,1,1,2099.1
weighted_round_robin,1,94,0,15.386,24.795,1.0,1.0,78,0,0,78,177,177,176,0.011499,0.008386,0.026272,1,1,1,2099.1
weighted_round_robin,1,95,11,15.322,24.603,1.0,1.0,79,0,0,79,181,180,180,0.011502,0.008404,0.026059,1,1,1,2099.1
weighted_round_robin,1,96,1,15.338,24.609,1.0,1.0,79,0,0,79,181,181,180,0.011562,0.008392,0.026059,1,1,1,2099.1
weighted_round_robin,1,97,11,15.35,24.643,1.0,1.0,80,0,0,80,185,184,184,0.011562,0.008392,0.026096,1,1,1,2099.1
weighted_round_robin,1,98,1,15.351,24.595,1.0,1.0,82,0,0,82,185,185,184,0.011612,0.008405,0.026037,1,1,1,2099.1
weighted_round_robin,1,99,11,15.322,24.743,1.0,1.0,80,0,0,80,189,188,188,0.011319,0.008411,0.026235,1,1,1,2099.1
weighted_round_robin,1,100,1,15.347,24.614,1.0,1.0,81,0,0,81,189,189,188,0.011542,0.008432,0.026066,1,1,1,2099.1
weighted_round_robin,1,101,11,15.439,24.635,1.0,1.0,83,0,0,83,193,192,192,0.011549,0.00868,0.026089,1,1,1,2099.1
weighted_round_robin,1,102,1,15.396,24.642,1.0,1.0,83,0,0,83,193,193,192,0.011621,0.008477,0.026089,1,1,1,2099.1
weighted_round_robin,1,103,11,15.317,24.429,1.0,1.0,80,0,0,80,197,196,196,0.011621,0.008477,0.025852,1,1,1,2099.1
weighted_round_robin,1,104,1,15.649,24.668,1.0,1.0,82,0,0,82,197,197,196,0.012513,0.008416,0.026019,1,1,1,2099.1
weighted_round_robin,1,105,11,15.288,24.469,1.0,1.0,83,0,0,83,201,200,200,0.011538,0.00842,0.025906,1,1,1,2099.1
weighted_round_robin,1,106,1,15.464,24.971,1.0,1.0,85,0,0,85,201,201,200,0.011548,0.008383,0.026462,1,1,1,2099.1
weighted_round_robin,1,107,11,15.343,24.56,1.0,1.0,81,0,0,81,205,204,204,0.011602,0.008428,0.026,1,1,1,2099.1
weighted_round_robin,1,108,1,15.33,24.554,1.0,1.0,81,0,0,81,205,205,204,0.011545,0.008445,0.026,1,1,1,2099.1
weighted_round_robin,1,109,11,15.342,24.587,1.0,1.0,82,0,0,82,209,208,208,0.011545,0.008445,0.026036,1,1,1,2099.1
weighted_round_robin,1,110,1,15.332,24.583,1.0,1.0,84,0,0,84,209,209,208,0.011527,0.008434,0.026034,1,1,1,2099.1
weighted_round_robin,1,111,11,15.956,25.564,1.0,1.0,80,0,0,80,213,212,212,0.012365,0.008473,0.027031,1,1,1,2099.1
weighted_round_robin,1,112,1,15.228,24.338,1.0,1.0,82,0,0,82,213,213,212,0.011528,0.008395,0.025761,1,1,1,2099.1
weighted_round_robin,1,113,11,15.36,24.617,1.0,1.0,84,0,0,84,217,216,216,0.011685,0.008342,0.026054,1,1,1,2099.1
weighted_round_robin,1,114,1,15.353,24.606,1.0,1.0,84,0,0,84,217,217,216,0.011577,0.008429,0.026054,1,1,1,2099.1
weighted_round_robin,1,115,11,15.221,24.248,1.0,1.0,79,0,0,79,221,220,220,0.011577,0.008429,0.025656,1,1,1,2099.1
weighted_round_robin,1,116,1,15.263,24.43,1.0,1.0,81,0,0,81,221,221,220,0.011502,0.008422,0.025866,1,1,1,2099.1
weighted_round_robin,1,117,7,15.378,24.671,1.0,1.0,82,0,0,82,223,223,223,0.011561,0.008444,0.026128,1,1,1,2099.1
weighted_round_robin,1,118,4,15.373,24.659,1.0,1.0,84,0,0,84,225,224,224,0.011584,0.008423,0.026112,1,1,1,2099.1
weighted_round_robin,1,119,1,15.348,24.598,1.0,1.0,80,0,0,80,225,225,224,0.011561,0.008437,0.026047,1,1,1,2099.1
weighted_round_robin,2,0,0,15.391,24.713,1.0,1.0,0,0,0,0,0,0,0,0.011623,0.008382,0.026168,1,1,1,2175.1
weighted_round_robin,2,1,1,15.362,24.636,0.3333,0.3333,81,0,0,81,1,0,0,0.011623,0.008382,0.026082,1,1,1,2175.1
weighted_round_robin,2,2,1,15.091,23.991,0.6667,0.6667,82,0,0,82,1,1,0,0.011457,0.008431,0.025384,1,1,1,2175.1
weighted_round_robin,2,3,11,15.39,24.529,0.9883,0.9883,78,0,0,78,5,4,4,0.011434,0.008752,0.025984,1,1,1,2175.1
weighted_round_robin,2,4,1,15.31,24.303,0.9899,0.9899,79,0,0,79,5,5,4,0.011787,0.00845,0.025694,1,1,1,2175.1
weighted_round_robin,2,5,11,15.632,24.741,0.9968,0.9968,81,0,0,81,9,8,8,0.011502,0.009181,0.026212,1,1,1,2175.1
weighted_round_robin,2,6,1,15.9,24.821,0.9971,0.9971,81,0,0,81,9,9,8,0.012307,0.009181,0.026212,1,1,1,2175.1
weighted_round_robin,2,7,11,15.541,24.603,0.9985,0.9985,77,0,0,77,13,12,12,0.012307,0.008348,0.025969,1,1,1,2175.1
weighted_round_robin,2,8,1,15.331,24.63,0.9986,0.9986,79,0,0,79,13,13,12,0.011479,0.008423,0.026091,1,1,1,2175.1
weighted_round_robin,2,9,11,15.17,24.255,0.9992,0.9992,81,0,0,81,17,16,16,0.011453,0.008381,0.025677,1,1,1,2175.1
weighted_round_robin,2,10,1,15.373,24.635,0.9992,0.9992,76,0,0,76,17,17,16,0.011588,0.008446,0.026085,1,1,1,2175.1
weighted_round_robin,2,11,11,15.274,24.565,0.9995,0.9995,78,0,0,78,21,20,20,0.01147,0.008331,0.02602,1,1,1,2175.1
weighted_round_robin,2,12,1,15.274,24.565,0.9995,0.9995,78,0,0,78,21,21,20,0.01147,0.008331,0.02602,1,1,1,2175.1
weighted_round_robin,2,13,11,15.169,24.187,0.9996,0.9996,79,0,0,79,25,24,24,0.011555,0.008362,0.025591,1,1,1,2175.1
weighted_round_robin,2,14,1,15.313,24.582,0.9996,0.9996,81,0,0,81,25,25,24,0.011579,0.008332,0.026027,1,1,1,2175.1
weighted_round_robin,2,15,11,15.488,24.706,0.9997,0.9997,77,0,0,77,29,28,28,0.011889,0.008444,0.02613,1,1,1,2175.1
weighted_round_robin,2,16,1,15.531,24.48,0.9997,0.9997,79,0,0,79,29,29,28,0.012218,0.008534,0.025842,1,1,1,2175.1
weighted_round_robin,2,17,11,15.287,24.451,0.9998,0.9998,81,0,0,81,33,32,32,0.011558,0.008419,0.025884,1,1,1,2175.1
weighted_round_robin,2,18,1,15.287,24.451,0.9998,0.9998,81,0,0,81,33,33,32,0.011558,0.008419,0.025884,1,1,1,2175.1
weighted_round_robin,2,19,11,15.286,24.53,0.9998,0.9998,77,0,0,77,37,36,36,0.011481,0.008396,0.02598,1,1,1,2175.1
weighted_round_robin,2,20,1,15.843,25.207,0.9998,0.9998,79,0,0,79,37,37,36,0.012158,0.008715,0.026657,1,1,1,2175.1
weighted_round_robin,2,21,11,15.315,24.552,0.9999,0.9999,80,0,0,80,41,40,40,0.011525,0.00842,0.026,1,1,1,2175.1
weighted_round_robin,2,22,1,15.516,24.687,0.9999,0.9999,82,0,0,82,41,41,40,0.011478,0.008916,0.026155,1,1,1,2175.1
weighted_round_robin,2,23,11,15.422,24.71,0.9999,0.9999,82,0,0,82,45,44,44,0.011702,0.00841,0.026155,1,1,1,2175.1
weighted_round_robin,2,24,1,15.307,24.399,0.9999,0.9999,78,0,0,78,45,45,44,0.011702,0.00841,0.02581,1,1,1,2175.1
weighted_round_robin,2,25,7,15.302,24.536,1.0,1.0,79,0,0,79,47,47,47,0.011469,0.008449,0.025988,1,1,1,2175.1
weighted_round_robin,2,26,4,15.763,24.992,0.9999,0.9999,81,0,0,81,49,48,48,0.012442,0.008461,0.026386,1,1,1,2175.1
weighted_round_robin,2,27,1,15.351,24.65,0.9999,0.9999,77,0,0,77,49,49,48,0.011491,0.00845,0.026112,1,1,1,2175.1
weighted_round_robin,2,28,11,15.243,24.345,0.9999,0.9999,79,0,0,79,53,52,52,0.011532,0.008429,0.025769,1,1,1,2175.1
weighted_round_robin,2,29,1,15.251,24.35,0.9999,0.9999,79,0,0,79,53,53,52,0.011583,0.008402,0.025769,1,1,1,2175.1
weighted_round_robin,2,30,11,15.381,24.7,0.9999,0.9999,80,0,0,80,57,56,56,0.011583,0.008402,0.026157,1,1,1,2175.1
weighted_round_robin,2,31,1,15.899,25.985,0.9999,0.9999,76,0,0,76,57,57,56,0.011524,0.008582,0.027592,1,1,1,2175.1
weighted_round_robin,2,32,11,15.425,24.925,0.9999,0.9999,78,0,0,78,61,60,60,0.011511,0.008348,0.026415,1,1,1,2175.1
weighted_round_robin,2,33,1,15.321,24.579,0.9999,0.9999,79,0,0,79,61,61,60,0.011498,0.008431,0.026033,1,1,1,2175.1
weighted_round_robin,2,34,11,15.225,24.253,0.9999,0.9999,81,0,0,81,65,64,64,0.011577,0.008438,0.025661,1,1,1,2175.1
weighted_round_robin,2,35,1,15.214,24.249,0.9999,0.9999,81,0,0,81,65,65,64,0.011542,0.008438,0.025661,1,1,1,2175.1
weighted_round_robin,2,36,11,15.549,25.017,1.0,1.0,77,0,0,77,69,68,68,0.011542,0.00859,0.026514,1,1,1,2175.1
weighted_round_robin,2,37,1,15.323,24.593,1.0,1.0,79,0,0,79,69,69,68,0.011557,0.008372,0.026041,1,1,1,2175.1
weighted_round_robin,2,38,11,15.392,24.696,1.0,1.0,80,0,0,80,73,72,72,0.01157,0.008452,0.026154,1,1,1,2175.1
weighted_round_robin,2,39,1,15.541,24.538,1.0,1.0,77,0,0,77,73,73,72,0.011778,0.008888,0.025956,1,1,1,2175.1
weighted_round_robin,2,40,11,15.425,24.884,1.0,1.0,79,0,0,79,77,76,76,0.011503,0.0084,0.026371,1,1,1,2175.1
weighted_round_robin,2,41,1,15.438,24.888,1.0,1.0,79,0,0,79,77,77,76,0.011544,0.0084,0.026371,1,1,1,2175.1
weighted_round_robin,2,42,11,15.175,24.126,1.0,1.0,80,0,0,80,81,80,80,0.011544,0.008456,0.025524,1,1,1,2175.1
weighted_round_robin,2,43,1,15.354,24.664,1.0,1.0,76,0,0,76,81,81,80,0.011486,0.008449,0.026128,1,1,1,2175.1
weighted_round_robin,2,44,11,15.306,24.555,1.0,1.0,77,0,0,77,85,84,84,0.011515,0.008399,0.026004,1,1,1,2175.1
weighted_round_robin,2,45,1,15.761,25.046,1.0,1.0,79,0,0,79,85,85,84,0.01234,0.008486,0.026458,1,1,1,2175.1
weighted_round_robin,2,46,11,15.475,24.686,1.0,1.0,81,0,0,81,89,88,88,0.011865,0.00845,0.026111,1,1,1,2175.1
weighted_round_robin,2,47,1,15.356,24.65,1.0,1.0,81,0,0,81,89,89,88,0.011506,0.00845,0.026111,1,1,1,2175.1
weighted_round_robin,2,48,11,15.177,24.252,1.0,1.0,77,0,0,77,93,92,92,0.011506,0.008356,0.025668,1,1,1,2175.1
weighted_round_robin,2,49,0,15.328,24.503,1.0,1.0,79,0,0,79,93,92,92,0.011576,0.008469,0.025939,1,1,1,2175.1
weighted_round_robin,2,50,1,15.382,24.34,1.0,1.0,80,0,0,80,93,93,92,0.011533,0.008851,0.025763,1,1,1,2175.1
weighted_round_robin,2,51,11,15.327,24.558,1.0,1.0,76,0,0,76,97,96,96,0.011524,0.00845,0.026006,1,1,1,2175.1
weighted_round_robin,2,52,1,15.329,24.582,1.0,1.0,77,0,0,77,97,97,96,0.011552,0.008404,0.02603,1,1,1,2175.1
weighted_round_robin,2,53,11,15.329,24.582,1.0,1.0,77,0,0,77,101,100,100,0.011552,0.008404,0.02603,1,1,1,2175.1
weighted_round_robin,2,54,1,15.271,24.524,1.0,1.0,79,0,0,79,101,101,100,0.011505,0.008337,0.025971,1,1,1,2175.1
weighted_round_robin,2,55,11,15.412,24.742,1.0,1.0,81,0,0,81,105,104,104,0.011543,0.008485,0.026209,1,1,1,2175.1
weighted_round_robin,2,56,1,15.779,24.922,1.0,1.0,77,0,0,77,105,105,104,0.012451,0.008579,0.026308,1,1,1,2175.1
weighted_round_robin,2,57,11,15.357,24.714,1.0,1.0,79,0,0,79,109,108,108,0.011553,0.008343,0.026176,1,1,1,2175.1
weighted_round_robin,2,58,1,15.455,24.882,1.0,1.0,80,0,0,80,109,109,108,0.01159,0.008415,0.026359,1,1,1,2175.1
weighted_round_robin,2,59,11,15.455,24.882,1.0,1.0,80,0,0,80,113,112,112,0.01159,0.008415,0.026359,1,1,1,2175.1
weighted_round_robin,2,60,1,15.355,24.656,1.0,1.0,79,0,0,79,113,113,112,0.011581,0.008375,0.026109,1,1,1,2175.1
weighted_round_robin,2,61,11,15.387,24.508,1.0,1.0,80,0,0,80,117,116,116,0.011516,0.008694,0.025952,1,1,1,2175.1
weighted_round_robin,2,62,1,15.303,24.523,1.0,1.0,82,0,0,82,117,117,116,0.011576,0.008372,0.025961,1,1,1,2175.1
weighted_round_robin,2,63,11,15.265,24.554,1.0,1.0,79,0,0,79,121,120,120,0.011379,0.008399,0.026018,1,1,1,2175.1
weighted_round_robin,2,64,1,15.472,24.602,1.0,1.0,80,0,0,80,121,121,120,0.01195,0.008458,0.026008,1,1,1,2175.1
weighted_round_robin,2,65,11,15.472,24.602,1.0,1.0,80,0,0,80,125,124,124,0.01195,0.008458,0.026008,1,1,1,2175.1
weighted_round_robin,2,66,1,15.659,24.646,1.0,1.0,82,0,0,82,125,125,124,0.012436,0.008539,0.026003,1,1,1,2175.1
weighted_round_robin,2,67,11,15.35,24.573,1.0,1.0,83,0,0,83,129,128,128,0.01157,0.008462,0.026018,1,1,1,2175.1
weighted_round_robin,2,68,1,15.205,24.214,1.0,1.0,80,0,0,80,129,129,128,0.011536,0.008456,0.025623,1,1,1,2175.1
weighted_round_robin,2,69,11,15.329,24.633,1.0,1.0,81,0,0,81,133,132,132,0.011516,0.008379,0.026091,1,1,1,2175.1
weighted_round_robin,2,70,1,15.308,24.63,1.0,1.0,81,0,0,81,133,133,132,0.011483,0.008349,0.026091,1,1,1,2175.1
weighted_round_robin,2,71,11,15.334,24.7,1.0,1.0,83,0,0,83,137,136,136,0.011483,0.008349,0.026169,1,1,1,2175.1
weighted_round_robin,2,72,0,15.374,24.712,1.0,1.0,79,0,0,79,137,136,136,0.011468,0.008469,0.026184,1,1,1,2175.1
weighted_round_robin,2,73,1,15.303,24.56,1.0,1.0,80,0,0,80,137,137,136,0.011522,0.008378,0.026009,1,1,1,2175.1
weighted_round_robin,2,74,11,15.905,25.487,1.0,1.0,82,0,0,82,141,140,140,0.01233,0.008437,0.026949,1,1,1,2175.1
weighted_round_robin,2,75,1,15.641,24.686,1.0,1.0,83,0,0,83,141,141,140,0.011484,0.009286,0.026153,1,1,1,2175.1
weighted_round_robin,2,76,11,15.378,24.69,1.0,1.0,83,0,0,83,145,144,144,0.011527,0.008453,0.026153,1,1,1,2175.1
weighted_round_robin,2,77,1,15.289,24.451,1.0,1.0,80,0,0,80,145,145,144,0.011527,0.008453,0.025887,1,1,1,2175.1
weighted_round_robin,2,78,11,15.123,24.003,1.0,1.0,82,0,0,82,149,148,148,0.011563,0.008422,0.025385,1,1,1,2175.1
weighted_round_robin,2,79,1,15.347,24.62,1.0,1.0,83,0,0,83,149,149,148,0.011502,0.00846,0.026078,1,1,1,2175.1
weighted_round_robin,2,80,11,15.4,24.782,1.0,1.0,80,0,0,80,153,152,152,0.011521,0.008425,0.026255,1,1,1,2175.1
weighted_round_robin,2,81,1,15.32,24.59,1.0,1.0,81,0,0,81,153,153,152,0.011482,0.008431,0.026047,1,1,1,2175.1
weighted_round_robin,2,82,11,15.355,24.599,1.0,1.0,81,0,0,81,157,156,156,0.011572,0.008446,0.026047,1,1,1,2175.1
weighted_round_robin,2,83,1,15.387,24.685,1.0,1.0,83,0,0,83,157,157,156,0.011572,0.008446,0.026142,1,1,1,2175.1
weighted_round_robin,2,84,11,15.384,24.65,1.0,1.0,78,0,0,78,161,160,160,0.011539,0.008505,0.026107,1,1,1,2175.1
weighted_round_robin,2,85,1,15.241,24.389,1.0,1.0,80,0,0,80,161,161,160,0.011463,0.008435,0.025825,1,1,1,2175.1
weighted_round_robin,2,86,11,15.487,24.766,1.0,1.0,82,0,0,82,165,164,164,0.01155,0.008676,0.026234,1,1,1,2175.1
weighted_round_robin,2,87,1,15.294,24.469,1.0,1.0,83,0,0,83,165,165,164,0.011539,0.008438,0.025906,1,1,1,2175.1
weighted_round_robin,2,88,11,15.283,24.466,1.0,1.0,83,0,0,83,169,168,168,0.011511,0.008433,0.025906,1,1,1,2175.1
weighted_round_robin,2,89,1,15.295,24.499,1.0,1.0,80,0,0,80,169,169,168,0.011511,0.008433,0.025942,1,1,1,2175.1
weighted_round_robin,2,90,11,15.346,24.622,1.0,1.0,81,0,0,81,173,172,172,0.01151,0.00845,0.026079,1,1,1,2175.1
weighted_round_robin,2,91,1,15.331,24.577,1.0,1.0,83,0,0,83,173,173,172,0.011523,0.008442,0.026028,1,1,1,2175.1
weighted_round_robin,2,92,11,15.39,24.692,1.0,1.0,78,0,0,78,177,176,176,0.011587,0.008434,0.026148,1,1,1,2175.1
weighted_round_robin,2,93,1,15.421,24.928,1.0,1.0,80,0,0,80,177,177,176,0.01146,0.00838,0.026424,1,1,1,2175.1
weighted_round_robin,2,94,11,15.43,24.93,1.0,1.0,80,0,0,80,181,180,180,0.011485,0.00838,0.026424,1,1,1,2175.1
weighted_round_robin,2,95,1,15.23,24.304,1.0,1.0,82,0,0,82,181,181,180,0.011485,0.008476,0.025728,1,1,1,2175.1
weighted_round_robin,2,96,1,15.672,25.492,1.0,1.0,83,0,0,83,181,181,181,0.011538,0.008435,0.027042,1,1,1,2175.1
weighted_round_robin,2,97,10,15.491,25.038,1.0,1.0,80,0,0,80,185,184,184,0.011485,0.008445,0.026544,1,1,1,2175.1
weighted_round_robin,2,98,1,15.386,24.722,1.0,1.0,81,0,0,81,185,185,184,0.011502,0.008464,0.026191,1,1,1,2175.1
weighted_round_robin,2,99,11,15.373,24.721,1.0,1.0,83,0,0,83,189,188,188,0.01151,0.008421,0.026189,1,1,1,2175.1
weighted_round_robin,2,100,1,15.379,24.723,1.0,1.0,83,0,0,83,189,189,188,0.011528,0.008421,0.026189,1,1,1,2175.1
weighted_round_robin,2,101,11,15.14,24.03,1.0,1.0,79,0,0,79,193,192,192,0.011528,0.008472,0.025419,1,1,1,2175.1
weighted_round_robin,2,102,1,15.163,24.254,1.0,1.0,81,0,0,81,193,193,192,0.011407,0.008399,0.025682,1,1,1,2175.1
weighted_round_robin,2,103,11,15.308,24.546,1.0,1.0,83,0,0,83,197,196,196,0.011487,0.008439,0.025997,1,1,1,2175.1
weighted_round_robin,2,104,1,15.255,24.304,1.0,1.0,79,0,0,79,197,197,196,0.011589,0.008459,0.025717,1,1,1,2175.1
weighted_round_robin,2,105,11,15.614,24.627,1.0,1.0,81,0,0,81,201,200,200,0.011442,0.009308,0.026092,1,1,1,2175.1
weighted_round_robin,2,106,1,15.653,24.639,1.0,1.0,81,0,0,81,201,201,200,0.011558,0.009308,0.026092,1,1,1,2175.1
weighted_round_robin,2,107,11,15.328,24.574,1.0,1.0,82,0,0,82,205,204,204,0.011558,0.008407,0.02602,1,1,1,2175.1
weighted_round_robin,2,108,1,15.309,24.612,1.0,1.0,84,0,0,84,205,205,204,0.011443,0.008408,0.026075,1,1,1,2175.1
weighted_round_robin,2,109,11,15.367,24.673,1.0,1.0,80,0,0,80,209,208,208,0.011516,0.00845,0.026135,1,1,1,2175.1
weighted_round_robin,2,110,1,15.366,24.597,1.0,1.0,82,0,0,82,209,209,208,0.011647,0.008414,0.026036,1,1,1,2175.1
weighted_round_robin,2,111,11,15.316,24.559,1.0,1.0,84,0,0,84,213,212,212,0.01153,0.008412,0.026007,1,1,1,2175.1
weighted_round_robin,2,112,1,15.316,24.559,1.0,1.0,84,0,0,84,213,213,212,0.01153,0.008412,0.026007,1,1,1,2175.1
weighted_round_robin,2,113,11,15.229,24.412,1.0,1.0,80,0,0,80,217,216,216,0.011395,0.008433,0.025858,1,1,1,2175.1
weighted_round_robin,2,114,1,15.384,24.755,1.0,1.0,82,0,0,82,217,217,216,0.011515,0.008412,0.026226,1,1,1,2175.1
weighted_round_robin,2,115,11,15.285,24.537,1.0,1.0,83,0,0,83,221,220,220,0.011528,0.008343,0.025983,1,1,1,2175.1
weighted_round_robin,2,116,1,15.676,24.804,1.0,1.0,85,0,0,85,221,221,220,0.012331,0.008506,0.02619,1,1,1,2175.1
weighted_round_robin,2,117,11,15.558,24.509,1.0,1.0,81,0,0,81,225,224,224,0.011508,0.009212,0.025954,1,1,1,2175.1
weighted_round_robin,2,118,1,15.558,24.509,1.0,1.0,81,0,0,81,225,225,224,0.011508,0.009212,0.025954,1,1,1,2175.1
weighted_round_robin,2,119,0,15.205,24.306,1.0,1.0,82,0,0,82,225,225,224,0.011538,0.008353,0.025725,1,1,1,2175.1
random,1,0,0,15.284,24.478,1.0,1.0,0,0,0,0,0,0,0,0.011536,0.008399,0.025916,1,1,1,2065.6
random,1,1,1,15.614,25.32,0.3333,0.3333,78,0,0,78,1,0,0,0.011555,0.008439,0.026849,1,1,1,2065.6
random,1,2,1,15.295,24.493,0.3333,0.3333,79,0,0,79,2,0,0,0.011607,0.008353,0.025925,1,1,1,2065.6
random,1,3,11,15.356,24.666,0.7511,0.7511,81,0,0,81,5,7,1,0.01154,0.008403,0.026124,1,1,1,2065.6
random,1,4,11,15.345,24.663,0.96,0.96,81,0,0,81,8,10,6,0.011509,0.008403,0.026124,1,1,1,2065.6
random,1,5,1,15.256,24.364,0.9427,0.9427,78,0,0,78,8,11,6,0.011509,0.008467,0.025792,1,1,1,2065.6
random,1,6,1,15.265,24.354,0.9235,0.9235,79,0,0,79,8,12,6,0.011411,0.008591,0.025792,1,1,1,2065.6
random,1,7,11,15.285,24.509,0.9814,0.9814,81,0,0,81,13,14,10,0.01153,0.008374,0.025951,1,1,1,2065.6
random,1,8,1,15.187,24.226,0.9744,0.9744,77,0,0,77,13,15,10,0.011539,0.008387,0.025636,1,1,1,2065.6
random,1,9,1,15.432,24.875,0.9657,0.9657,78,0,0,78,13,16,10,0.011538,0.0084,0.026357,1,1,1,2065.6
random,1,10,1,15.429,24.874,0.9558,0.9558,78,0,0,78,13,17,10,0.011531,0.0084,0.026357,1,1,1,2065.6
random,1,11,1,15.487,24.235,0.9449,0.9449,79,0,0,79,13,18,10,0.011531,0.009284,0.025646,1,1,1,2065.6
random,1,12,1,15.231,24.384,0.9484,0.9484,80,0,0,80,14,18,10,0.011472,0.008401,0.025819,1,1,1,2065.6
random,1,13,11,15.278,24.472,0.9908,0.9908,76,0,0,76,17,20,16,0.011494,0.008425,0.025914,1,1,1,2065.6
random,1,14,1,15.465,24.683,0.9918,0.9918,77,0,0,77,18,20,16,0.011827,0.008456,0.026112,1,1,1,2065.6
random,1,15,1,15.155,24.138,0.9915,0.9915,78,0,0,78,19,20,16,0.011464,0.008456,0.025546,1,1,1,2065.6
random,1,16,1,15.155,24.138,0.9899,0.9899,78,0,0,78,20,20,16,0.011464,0.008456,0.025546,1,1,1,2065.6
random,1,17,1,15.298,24.514,0.9872,0.9872,74,0,0,74,20,21,16,0.011539,0.008398,0.025956,1,1,1,2065.6
random,1,18,1,15.341,24.58,0.9836,0.9836,75,0,0,75,20,22,16,0.011572,0.008427,0.026025,1,1,1,2065.6
random,1,19,11,15.387,24.697,0.995,0.995,76,0,0,76,23,25,21,0.011568,0.008437,0.026156,1,1,1,2065.6
random,1,20,1,15.323,24.633,0.9923,0.9923,72,0,0,72,23,26,21,0.0115,0.008377,0.026092,1,1,1,2065.6
random,1,21,1,15.443,24.739,0.9925,0.9925,73,0,0,73,24,26,21,0.011769,0.008379,0.02618,1,1,1,2065.6
random,1,22,11,15.443,24.739,0.9874,0.9874,73,0,0,73,30,29,23,0.011769,0.008379,0.02618,1,1,1,2065.6
random,1,23,1,15.185,24.225,0.986,0.986,75,0,0,75,30,30,23,0.011522,0.008396,0.025636,1,1,1,2065.6
random,1,24,1,15.19,24.3,0.9841,0.9841,76,0,0,76,30,31,23,0.01152,0.008331,0.02572,1,1,1,2065.6
random,1,25,1,15.725,25.396,0.9826,0.9826,72,0,0,72,31,31,23,0.011845,0.008427,0.026902,1,1,1,2065.6
random,1,26,11,15.309,24.527,0.9765,0.9765,73,0,0,73,35,36,25,0.011514,0.008439,0.025973,1,1,1,2065.6
random,1,27,1,15.294,24.598,0.9743,0.9743,75,0,0,75,35,37,25,0.011457,0.008368,0.026058,1,1,1,2065.6
random,1,28,11,15.294,24.598,0.9863,0.9863,75,0,0,75,39,39,30,0.011457,0.008368,0.026058,1,1,1,2065.6
random,1,29,0,15.411,24.663,0.9863,0.9863,72,0,0,72,39,39,30,0.01163,0.008492,0.026111,1,1,1,2065.6
random,1,30,1,15.537,24.602,0.9849,0.9849,73,0,0,73,40,39,30,0.012202,0.008428,0.02598,1,1,1,2065.6
random,1,31,1,15.636,24.397,0.9833,0.9833,74,0,0,74,41,39,30,0.011834,0.009282,0.025793,1,1,1,2065.6
random,1,32,1,15.522,24.79,0.9823,0.9823,75,0,0,75,41,40,30,0.01171,0.008613,0.026243,1,1,1,2065.6
random,1,33,1,15.497,24.802,0.9811,0.9811,75,0,0,75,41,41,30,0.011831,0.008417,0.026243,1,1,1,2065.6
random,1,34,1,15.352,24.411,0.9796,0.9796,70,0,0,70,42,41,30,0.011831,0.008417,0.025809,1,1,1,2065.6
random,1,35,1,15.493,24.985,0.9783,0.9783,71,0,0,71,42,42,30,0.011585,0.008419,0.026474,1,1,1,2065.6
random,1,36,1,15.337,24.521,0.9768,0.9768,72,0,0,72,42,43,30,0.011585,0.008467,0.025958,1,1,1,2065.6
random,1,37,1,15.328,24.567,0.9751,0.9751,68,0,0,68,42,44,30,0.011546,0.008423,0.026014,1,1,1,2065.6
random,1,38,1,15.358,24.686,0.9731,0.9731,69,0,0,69,42,45,30,0.011482,0.00844,0.026153,1,1,1,2065.6
random,1,39,1,15.377,24.69,0.971,0.971,69,0,0,69,42,46,30,0.011521,0.008458,0.026153,1,1,1,2065.6
random,1,40,11,15.44,24.859,0.9774,0.9774,70,0,0,70,43,51,35,0.011521,0.008458,0.026341,1,1,1,2065.6
random,1,41,1,15.239,24.418,0.975,0.975,66,0,0,66,43,52,35,0.011479,0.008381,0.025856,1,1,1,2065.6
random,1,42,1,15.37,24.673,0.9723,0.9723,67,0,0,67,43,53,35,0.01155,0.00843,0.026131,1,1,1,2065.6
random,1,43,11,15.553,25.312,0.9809,0.9809,69,0,0,69,46,56,40,0.011484,0.008325,0.026849,1,1,1,2065.6
random,1,44,1,15.368,24.642,0.9787,0.9787,70,0,0,70,46,57,40,0.011552,0.008457,0.026096,1,1,1,2065.6
random,1,45,1,15.359,24.639,0.9763,0.9763,70,0,0,70,46,58,40,0.01153,0.00845,0.026096,1,1,1,2065.6
random,1,46,1,15.367,24.662,0.977,0.977,66,0,0,66,47,58,40,0.01153,0.00845,0.026121,1,1,1,2065.6
random,1,47,11,15.248,24.486,0.963,0.963,67,0,0,67,48,66,42,0.011385,0.008416,0.025942,1,1,1,2065.6
random,1,48,1,15.32,24.576,0.9642,0.9642,69,0,0,69,49,66,42,0.011536,0.008399,0.026025,1,1,1,2065.6
random,1,49,1,15.48,24.955,0.9616,0.9616,65,0,0,65,49,67,42,0.01156,0.008437,0.026443,1,1,1,2065.6
random,1,50,1,15.775,25.638,0.9628,0.9628,66,0,0,66,50,67,42,0.011684,0.008454,0.027188,1,1,1,2065.6
random,1,51,11,15.784,25.64,0.9723,0.9723,66,0,0,66,52,70,48,0.011711,0.008454,0.027188,1,1,1,2065.6
random,1,52,1,15.194,24.171,0.9699,0.9699,68,0,0,68,52,71,48,0.011711,0.008314,0.025556,1,1,1,2065.6
random,1,53,1,15.183,24.263,0.9676,0.9676,69,0,0,69,52,72,48,0.011444,0.008418,0.025687,1,1,1,2065.6
random,1,54,1,15.179,24.184,0.9651,0.9651,64,0,0,64,52,73,48,0.011509,0.008435,0.025592,1,1,1,2065.6
random,1,55,11,15.304,24.523,0.9737,0.9737,65,0,0,65,58,75,51,0.011526,0.008418,0.025967,1,1,1,2065.6
random,1,56,1,15.297,24.408,0.9745,0.9745,67,0,0,67,59,75,51,0.011645,0.00842,0.025826,1,1,1,2065.6
random,1,57,1,15.271,24.4,0.9725,0.9725,67,0,0,67,59,76,51,0.011567,0.00842,0.025826,1,1,1,2065.6
random,1,58,1,15.393,24.704,0.9705,0.9705,64,0,0,64,59,77,51,0.011567,0.008447,0.026164,1,1,1,2065.6
random,1,59,1,15.325,24.554,0.9713,0.9713,65,0,0,65,60,77,51,0.011535,0.00844,0.026001,1,1,1,2065.6
random,1,60,1,15.626,25.352,0.9692,0.9692,66,0,0,66,60,78,51,0.011573,0.008422,0.026883,1,1,1,2065.6
random,1,61,1,15.7,25.536,0.9672,0.9672,63,0,0,63,60,79,51,0.011529,0.00848,0.027092,1,1,1,2065.6
random,1,62,1,15.415,24.792,0.965,0.965,64,0,0,64,60,80,51,0.011531,0.008448,0.026266,1,1,1,2065.6
random,1,63,1,15.385,24.783,0.9629,0.9629,64,0,0,64,60,81,51,0.01144,0.008448,0.026266,1,1,1,2065.6
random,1,64,1,15.271,24.521,0.9638,0.9638,65,0,0,65,61,81,51,0.01144,0.008399,0.025974,1,1,1,2065.6
random,1,65,0,15.267,24.511,0.9638,0.9638,66,0,0,66,61,81,51,0.011456,0.008384,0.025962,1,1,1,2065.6
random,1,66,11,15.41,24.775,0.977,0.977,63,0,0,63,65,82,57,0.011539,0.008445,0.026246,1,1,1,2065.6
random,1,67,11,15.409,24.831,0.9819,0.9819,65,0,0,65,68,85,62,0.01147,0.008442,0.026316,1,1,1,2065.6
random,1,68,1,15.63,25.046,0.9803,0.9803,66,0,0,66,68,86,62,0.011807,0.008567,0.026517,1,1,1,2065.6
random,1,69,11,15.63,25.046,0.9821,0.9821,66,0,0,66,70,90,67,0.011807,0.008567,0.026517,1,1,1,2065.6
random,1,70,1,15.391,24.74,0.9806,0.9806,64,0,0,64,70,91,67,0.011575,0.008396,0.026203,1,1,1,2065.6
random,1,71,1,15.392,24.688,0.9814,0.9814,65,0,0,65,71,91,67,0.011576,0.008456,0.026145,1,1,1,2065.6
random,1,72,1,15.288,24.531,0.9821,0.9821,66,0,0,66,72,91,67,0.011459,0.00842,0.025984,1,1,1,2065.6
random,1,73,1,15.271,24.348,0.9828,0.9828,67,0,0,67,73,91,67,0.01153,0.008512,0.025772,1,1,1,2065.6
random,1,74,11,15.27,24.377,0.9842,0.9842,64,0,0,64,75,95,72,0.011574,0.008438,0.025799,1,1,1,2065.6
random,1,75,11,15.27,24.377,0.985,0.985,64,0,0,64,76,99,78,0.011574,0.008438,0.025799,1,1,1,2065.6
random,1,76,11,15.287,24.279,0.9882,0.9882,66,0,0,66,78,101,85,0.011558,0.008611,0.025693,1,1,1,2065.6
random,1,77,11,15.644,24.922,0.9912,0.9912,68,0,0,68,82,103,90,0.012131,0.008459,0.026343,1,1,1,2065.6
random,1,78,1,15.36,24.552,0.992,0.992,67,0,0,67,83,103,90,0.011615,0.008476,0.025989,1,1,1,2065.6
random,1,79,1,15.2,24.263,0.9927,0.9927,68,0,0,68,84,103,90,0.011497,0.008423,0.025681,1,1,1,2065.6
random,1,80,1,15.579,25.226,0.9933,0.9933,69,0,0,69,85,103,90,0.011532,0.008458,0.026748,1,1,1,2065.6
random,1,81,1,15.579,25.226,0.9939,0.9939,69,0,0,69,86,103,90,0.011532,0.008458,0.026748,1,1,1,2065.6
random,1,82,1,15.228,24.387,0.9932,0.9932,65,0,0,65,86,104,90,0.011537,0.008333,0.025815,1,1,1,2065.6
random,1,83,1,15.399,24.716,0.9924,0.9924,66,0,0,66,86,105,90,0.011536,0.008479,0.026181,1,1,1,2065.6
random,1,84,1,15.427,24.883,0.9916,0.9916,67,0,0,67,86,106,90,0.0115,0.008411,0.02637,1,1,1,2065.6
random,1,85,1,15.353,24.609,0.9908,0.9908,68,0,0,68,86,107,90,0.011567,0.008435,0.026058,1,1,1,2065.6
random,1,86,1,15.348,24.647,0.9899,0.9899,65,0,0,65,86,108,90,0.011564,0.00838,0.026101,1,1,1,2065.6
random,1,87,11,15.348,24.647,0.9931,0.9931,65,0,0,65,89,109,97,0.011564,0.00838,0.026101,1,1,1,2065.6
random,1,88,1,15.271,24.392,0.9932,0.9932,67,0,0,67,89,109,98,0.011528,0.008463,0.025821,1,1,1,2065.6
random,1,89,10,15.551,25.137,0.9957,0.9957,69,0,0,69,95,111,100,0.011525,0.008477,0.02665,1,1,1,2065.6
random,1,90,1,15.318,24.558,0.9962,0.9962,65,0,0,65,96,111,100,0.011539,0.008411,0.026005,1,1,1,2065.6
random,1,91,11,15.572,25.154,0.9966,0.9966,67,0,0,67,99,114,105,0.011575,0.008479,0.026663,1,1,1,2065.6
random,1,92,1,15.521,25.146,0.997,0.997,67,0,0,67,100,114,105,0.011495,0.008404,0.026663,1,1,1,2065.6
random,1,93,1,15.191,24.256,0.9974,0.9974,68,0,0,68,101,114,105,0.011495,0.008404,0.025674,1,1,1,2065.6
random,1,94,1,15.662,24.856,0.997,0.997,69,0,0,69,101,115,105,0.01228,0.008453,0.026253,1,1,1,2065.6
random,1,95,11,15.405,24.906,0.9978,0.9978,67,0,0,67,106,118,108,0.011442,0.008371,0.026402,1,1,1,2065.6
random,1,96,11,15.616,24.683,0.9977,0.9977,69,0,0,69,110,122,111,0.011538,0.009165,0.026144,1,1,1,2065.6
random,1,97,11,15.42,24.773,0.9987,0.9987,70,0,0,70,114,124,116,0.01155,0.008469,0.026242,1,1,1,2065.6
random,1,98,11,15.366,24.761,0.9986,0.9986,70,0,0,70,116,127,122,0.01143,0.008427,0.026242,1,1,1,2065.6
random,1,99,1,15.144,24.16,0.9989,0.9989,69,0,0,69,117,127,122,0.01143,0.008427,0.025575,1,1,1,2065.6
random,1,100,1,15.462,24.803,0.9987,0.9987,70,0,0,70,117,128,122,0.011696,0.008432,0.026259,1,1,1,2065.6
random,1,101,11,16.007,25.565,0.999,0.999,71,0,0,71,121,131,126,0.012465,0.008536,0.027021,1,1,1,2065.6
random,1,102,11,15.29,24.632,0.9982,0.9982,69,0,0,69,122,134,133,0.011404,0.008364,0.026102,1,1,1,2065.6
random,1,103,11,15.585,25.254,0.998,0.998,71,0,0,71,125,138,137,0.011542,0.008434,0.026778,1,1,1,2065.6
random,1,104,1,15.568,25.249,0.9983,0.9983,71,0,0,71,126,138,137,0.011493,0.008434,0.026778,1,1,1,2065.6
random,1,105,1,15.256,24.408,0.9982,0.9982,72,0,0,72,126,139,137,0.011493,0.008431,0.025843,1,1,1,2065.6
random,1,106,11,15.32,24.6,0.9984,0.9984,73,0,0,73,130,141,142,0.011512,0.008393,0.026054,1,1,1,2065.6
random,1,107,11,15.278,24.411,0.9971,0.9971,71,0,0,71,131,144,149,0.011557,0.008439,0.025839,1,1,1,2065.6
random,1,108,1,15.346,24.62,0.9975,0.9975,73,0,0,73,132,144,149,0.011531,0.008432,0.026074,1,1,1,2065.6
random,1,109,11,15.134,24.063,0.9971,0.9971,78,0,0,78,135,147,154,0.011555,0.008393,0.025453,1,1,1,2065.6
random,1,110,1,15.181,24.077,0.9974,0.9974,78,0,0,78,136,147,154,0.011697,0.008393,0.025453,1,1,1,2065.6
random,1,111,7,15.177,24.033,0.9978,0.9978,72,0,0,72,140,147,157,0.011697,0.00843,0.025404,1,1,1,2065.6
random,1,112,4,15.61,25.433,0.9972,0.9972,74,0,0,74,141,147,160,0.011511,0.008338,0.02698,1,1,1,2065.6
random,1,113,1,15.375,24.717,0.9973,0.9973,75,0,0,75,141,148,160,0.011555,0.008392,0.026179,1,1,1,2065.6
random,1,114,11,15.384,24.844,0.9968,0.9968,77,0,0,77,144,151,165,0.011475,0.008349,0.026329,1,1,1,2065.6
random,1,115,1,15.339,24.664,0.997,0.997,73,0,0,73,145,151,165,0.011462,0.008424,0.026131,1,1,1,2065.6
random,1,116,11,15.339,24.664,0.9978,0.9978,73,0,0,73,149,156,167,0.011462,0.008424,0.026131,1,1,1,2065.6
random,1,117,1,15.329,24.613,0.9978,0.9978,75,0,0,75,149,157,167,0.011587,0.008339,0.02606,1,1,1,2065.6
random,1,118,11,15.289,24.625,0.9974,0.9974,77,0,0,77,152,160,172,0.011548,0.008242,0.026078,1,1,1,2065.6
random,1,119,1,15.295,24.561,0.9974,0.9974,75,0,0,75,152,161,172,0.011434,0.008432,0.02602,1,1,1,2065.6
random,2,0,0,15.69,25.517,1.0,1.0,0,0,0,0,0,0,0,0.01158,0.008425,0.027066,1,1,1,2373.4
random,2,1,1,15.341,24.55,0.3333,0.3333,77,0,0,77,1,0,0,0.011577,0.008454,0.025992,1,1,1,2373.4
random,2,2,1,15.538,24.541,0.6667,0.6667,77,0,0,77,1,1,0,0.011484,0.009139,0.025992,1,1,1,2373.4
random,2,3,1,15.568,24.621,0.6,0.6,73,0,0,73,2,1,0,0.011484,0.009139,0.026081,1,1,1,2373.4
random,2,4,1,15.333,24.679,0.6667,0.6667,74,0,0,74,2,2,0,0.011434,0.008413,0.026151,1,1,1,2373.4
random,2,5,11,15.359,24.707,0.974,0.974,76,0,0,76,5,4,6,0.01148,0.008421,0.026177,1,1,1,2373.4
random,2,6,11,15.718,24.868,0.9013,0.9013,74,0,0,74,12,5,9,0.011571,0.009238,0.026345,1,1,1,2373.4
random,2,7,1,15.402,24.743,0.931,0.931,75,0,0,75,12,6,9,0.011537,0.008458,0.02621,1,1,1,2373.4
random,2,8,11,15.402,24.743,0.9744,0.9744,75,0,0,75,13,10,15,0.01154,0.008455,0.02621,1,1,1,2373.4
random,2,9,11,15.273,24.395,0.9942,0.9942,77,0,0,77,18,15,16,0.01154,0.008455,0.025823,1,1,1,2373.4
random,2,10,1,15.229,24.197,0.9897,0.9897,74,0,0,74,19,15,16,0.011646,0.00845,0.025591,1,1,1,2373.4
random,2,11,1,15.304,24.423,0.9931,0.9931,75,0,0,75,19,16,16,0.011587,0.008477,0.025849,1,1,1,2373.4
random,2,12,1,15.45,24.839,0.9883,0.9883,76,0,0,76,20,16,16,0.011547,0.008488,0.026316,1,1,1,2373.4
random,2,13,11,15.363,24.614,0.9721,0.9721,78,0,0,78,26,18,19,0.011572,0.008454,0.026063,1,1,1,2373.4
random,2,14,11,15.36,24.613,0.9678,0.9678,78,0,0,78,30,19,25,0.011566,0.008452,0.026063,1,1,1,2373.4
random,2,15,1,15.369,24.636,0.963,0.963,74,0,0,74,31,19,25,0.011566,0.008452,0.026088,1,1,1,2373.4
random,2,16,1,15.66,24.609,0.9695,0.9695,75,0,0,75,31,20,25,0.011708,0.009231,0.026042,1,1,1,2373.4
random,2,17,1,15.247,24.45,0.9645,0.9645,76,0,0,76,32,20,25,0.011505,0.008348,0.025888,1,1,1,2373.4
random,2,18,1,15.385,24.665,0.9703,0.9703,73,0,0,73,32,21,25,0.011573,0.008463,0.02612,1,1,1,2373.4
random,2,19,1,15.32,24.6,0.9753,0.9753,74,0,0,74,32,22,25,0.011528,0.008381,0.026052,1,1,1,2373.4
random,2,20,1,15.326,24.597,0.9706,0.9706,74,0,0,74,33,22,25,0.011506,0.00842,0.026052,1,1,1,2373.4
random,2,21,1,15.217,24.303,0.9656,0.9656,75,0,0,75,34,22,25,0.011506,0.00842,0.025725,1,1,1,2373.4
random,2,22,1,15.285,24.478,0.9703,0.9703,76,0,0,76,34,23,25,0.01152,0.008417,0.025918,1,1,1,2373.4
random,2,23,1,15.346,24.725,0.9743,0.9743,74,0,0,74,34,24,25,0.011481,0.00836,0.026197,1,1,1,2373.4
random,2,24,1,15.858,25.305,0.9695,0.9695,75,0,0,75,35,24,25,0.012432,0.008406,0.026735,1,1,1,2373.4
random,2,25,11,15.635,24.634,0.979,0.979,77,0,0,77,38,27,30,0.012413,0.008501,0.025992,1,1,1,2373.4
random,2,26,1,15.359,24.551,0.9821,0.9821,77,0,0,77,38,28,30,0.011583,0.008501,0.025992,1,1,1,2373.4
random,2,27,1,15.32,24.586,0.9847,0.9847,72,0,0,72,38,29,30,0.011583,0.008345,0.026031,1,1,1,2373.4
random,2,28,11,15.262,24.343,0.9893,0.9893,73,0,0,73,40,31,37,0.011566,0.008457,0.025763,1,1,1,2373.4
random,2,29,1,15.216,24.229,0.9918,0.9918,75,0,0,75,40,32,37,0.011549,0.008461,0.025638,1,1,1,2373.4
random,2,30,0,15.341,24.601,0.9918,0.9918,71,0,0,71,40,32,37,0.011582,0.008394,0.026047,1,1,1,2373.4
random,2,31,11,15.648,25.501,0.9913,0.9913,73,0,0,73,44,35,41,0.011477,0.008408,0.027059,1,1,1,2373.4
random,2,32,1,15.663,25.505,0.9934,0.9934,73,0,0,73,44,36,41,0.011523,0.008408,0.027059,1,1,1,2373.4
random,2,33,1,15.635,24.635,0.9951,0.9951,74,0,0,74,44,37,41,0.011523,0.00929,0.026092,1,1,1,2373.4
random,2,34,11,15.307,24.497,0.9952,0.9952,76,0,0,76,47,40,46,0.011572,0.008416,0.025933,1,1,1,2373.4
random,2,35,1,15.632,25.19,0.9942,0.9942,71,0,0,71,48,40,46,0.011823,0.008399,0.026675,1,1,1,2373.4
random,2,36,1,15.628,24.537,0.9957,0.9957,72,0,0,72,48,41,46,0.011521,0.009381,0.025983,1,1,1,2373.4
random,2,37,1,15.422,24.571,0.997,0.997,73,0,0,73,48,42,46,0.011751,0.008518,0.025996,1,1,1,2373.4
random,2,38,1,15.34,24.547,0.998,0.998,73,0,0,73,48,43,46,0.011507,0.008518,0.025996,1,1,1,2373.4
random,2,39,11,15.383,24.729,0.9994,0.9994,67,0,0,67,51,48,49,0.011507,0.008444,0.026198,1,1,1,2373.4
random,2,40,1,15.283,24.54,0.9996,0.9996,69,0,0,69,51,49,49,0.011454,0.008402,0.025994,1,1,1,2373.4
random,2,41,1,15.307,24.631,0.9997,0.9997,70,0,0,70,51,50,49,0.011469,0.008358,0.026093,1,1,1,2373.4
random,2,42,1,15.321,24.552,0.9994,0.9994,71,0,0,71,52,50,49,0.011595,0.008377,0.025992,1,1,1,2373.4
random,2,43,11,15.563,24.642,0.9998,0.9998,68,0,0,68,55,53,54,0.012209,0.008456,0.026023,1,1,1,2373.4
random,2,44,1,15.563,24.642,0.9995,0.9995,68,0,0,68,56,53,54,0.012209,0.008456,0.026023,1,1,1,2373.4
random,2,45,11,15.457,24.579,0.9992,0.9992,69,0,0,69,60,56,58,0.011628,0.008725,0.026018,1,1,1,2373.4
random,2,46,1,15.444,24.857,0.9988,0.9988,71,0,0,71,61,56,58,0.01153,0.008465,0.026338,1,1,1,2373.4
random,2,47,11,15.352,24.658,0.9993,0.9993,67,0,0,67,64,60,62,0.011543,0.008397,0.026115,1,1,1,2373.4
random,2,48,11,15.148,24.142,0.9998,0.9998,70,0,0,70,67,65,65,0.011505,0.008394,0.025546,1,1,1,2373.4
random,2,49,11,15.162,24.144,0.9986,0.9986,70,0,0,70,73,67,68,0.011526,0.008413,0.025546,1,1,1,2373.4
random,2,50,1,15.322,24.576,0.9989,0.9989,72,0,0,72,73,68,68,0.011526,0.008413,0.026026,1,1,1,2373.4
random,2,51,1,15.212,24.385,0.9984,0.9984,67,0,0,67,74,68,68,0.011398,0.00841,0.025828,1,1,1,2373.4
random,2,52,1,15.197,24.312,0.9986,0.9986,68,0,0,68,74,69,68,0.011498,0.008358,0.025736,1,1,1,2373.4
random,2,53,11,15.608,24.701,0.9984,0.9984,69,0,0,69,77,70,75,0.011527,0.009133,0.026165,1,1,1,2373.4
random,2,54,0,15.369,24.651,0.9984,0.9984,71,0,0,71,77,70,75,0.011572,0.008431,0.026104,1,1,1,2373.4
random,2,55,1,15.642,24.722,0.998,0.998,71,0,0,71,78,70,75,0.012289,0.008532,0.026104,1,1,1,2373.4
random,2,56,11,15.517,24.386,0.9982,0.9982,68,0,0,68,82,74,78,0.012289,0.008532,0.02573,1,1,1,2373.4
random,2,57,11,15.303,24.501,0.998,0.998,71,0,0,71,86,77,82,0.011544,0.008425,0.025941,1,1,1,2373.4
random,2,58,11,15.454,24.737,0.9955,0.9955,73,0,0,73,92,78,86,0.011719,0.008459,0.026183,1,1,1,2373.4
random,2,59,1,15.378,24.724,0.9962,0.9962,71,0,0,71,92,79,86,0.011498,0.008442,0.026194,1,1,1,2373.4
random,2,60,13,15.615,24.568,0.994,0.994,74,0,0,74,99,82,89,0.011535,0.009295,0.026016,1,1,1,2373.4
random,2,61,1,15.278,24.559,0.9933,0.9933,74,0,0,74,100,82,89,0.011443,0.008374,0.026016,1,1,1,2373.4
random,2,62,11,15.204,24.361,0.9939,0.9939,75,0,0,75,103,85,94,0.011443,0.008374,0.025796,1,1,1,2373.4
random,2,63,11,15.275,24.53,0.993,0.993,77,0,0,77,107,87,99,0.011436,0.008403,0.025985,1,1,1,2373.4
random,2,64,11,15.348,24.664,0.9908,0.9908,75,0,0,75,111,88,105,0.011542,0.008379,0.026122,1,1,1,2373.4
random,2,65,11,15.83,25.545,0.991,0.991,78,0,0,78,114,91,110,0.01224,0.008227,0.027023,1,1,1,2373.4
random,2,66,1,15.33,24.54,0.9918,0.9918,79,0,0,79,114,92,110,0.011574,0.008436,0.025981,1,1,1,2373.4
random,2,67,1,15.347,24.545,0.9926,0.9926,79,0,0,79,114,93,110,0.011623,0.008436,0.025981,1,1,1,2373.4
random,2,68,11,15.397,24.708,0.9915,0.9915,75,0,0,75,117,95,116,0.011623,0.008405,0.026162,1,1,1,2373.4
random,2,69,11,15.342,24.642,0.9913,0.9913,77,0,0,77,120,98,121,0.011489,0.008433,0.026104,1,1,1,2373.4
random,2,70,1,15.356,24.737,0.9909,0.9909,79,0,0,79,121,98,121,0.01149,0.00837,0.026209,1,1,1,2373.4
random,2,71,1,15.437,24.907,0.9906,0.9906,74,0,0,74,122,98,121,0.011528,0.00839,0.026394,1,1,1,2373.4
random,2,72,11,15.234,24.414,0.9904,0.9904,76,0,0,76,126,101,125,0.011503,0.00835,0.025849,1,1,1,2373.4
random,2,73,1,15.245,24.418,0.99,0.99,76,0,0,76,127,101,125,0.011536,0.00835,0.025849,1,1,1,2373.4
random,2,74,1,15.416,24.818,0.9908,0.9908,77,0,0,77,127,102,125,0.011536,0.008417,0.026294,1,1,1,2373.4
random,2,75,11,15.357,24.641,0.9905,0.9905,78,0,0,78,132,105,128,0.011556,0.00842,0.026095,1,1,1,2373.4
random,2,76,11,15.585,24.553,0.9892,0.9892,75,0,0,75,137,107,132,0.011486,0.009263,0.026005,1,1,1,2373.4
random,2,77,0,15.319,24.414,0.9892,0.9892,77,0,0,77,137,107,132,0.011762,0.008375,0.02582,1,1,1,2373.4
random,2,78,11,15.136,24.095,0.9878,0.9878,79,0,0,79,142,109,136,0.011529,0.008387,0.025491,1,1,1,2373.4
random,2,79,11,15.136,24.095,0.9868,0.9868,79,0,0,79,144,111,143,0.011529,0.008387,0.025491,1,1,1,2373.4
random,2,80,1,15.303,24.534,0.9865,0.9865,78,0,0,78,145,111,143,0.011536,0.008396,0.025978,1,1,1,2373.4
random,2,81,1,15.322,24.608,0.9861,0.9861,79,0,0,79,146,111,143,0.011472,0.008427,0.026068,1,1,1,2373.4
random,2,82,1,15.32,24.534,0.9857,0.9857,80,0,0,80,147,111,143,0.011568,0.008416,0.025975,1,1,1,2373.4
random,2,83,11,15.315,24.527,0.9878,0.9878,82,0,0,82,151,116,145,0.011543,0.008431,0.02597,1,1,1,2373.4
random,2,84,1,15.34,24.581,0.9873,0.9873,79,0,0,79,152,116,145,0.011572,0.008423,0.026026,1,1,1,2373.4
random,2,85,11,15.34,24.581,0.9875,0.9875,79,0,0,79,155,119,150,0.011572,0.008423,0.026026,1,1,1,2373.4
random,2,86,1,15.71,24.801,0.9882,0.9882,81,0,0,81,155,120,150,0.012409,0.008544,0.026178,1,1,1,2373.4
random,2,87,1,15.286,24.449,0.9879,0.9879,82,0,0,82,156,120,150,0.011534,0.00844,0.025884,1,1,1,2373.4
random,2,88,1,15.279,24.423,0.9874,0.9874,78,0,0,78,157,120,150,0.011548,0.008435,0.025854,1,1,1,2373.4
random,2,89,11,15.229,24.305,0.9864,0.9864,80,0,0,80,161,122,155,0.011567,0.008399,0.02572,1,1,1,2373.4
random,2,90,1,15.155,24.142,0.9872,0.9872,81,0,0,81,161,123,155,0.011475,0.008441,0.02555,1,1,1,2373.4
random,2,91,1,15.155,24.142,0.9879,0.9879,81,0,0,81,161,124,155,0.011475,0.008441,0.02555,1,1,1,2373.4
random,2,92,11,15.197,24.341,0.9918,0.9918,76,0,0,76,161,131,159,0.011422,0.008394,0.025776,1,1,1,2373.4
random,2,93,11,15.384,24.746,0.9932,0.9932,78,0,0,78,163,136,163,0.011493,0.00844,0.026219,1,1,1,2373.4
random,2,94,11,15.304,24.452,0.993,0.993,80,0,0,80,168,139,166,0.011539,0.008486,0.025887,1,1,1,2373.4
random,2,95,1,15.596,24.613,0.9928,0.9928,82,0,0,82,169,139,166,0.011435,0.009276,0.026077,1,1,1,2373.4
random,2,96,1,15.61,24.708,0.9933,0.9933,82,0,0,82,169,140,166,0.012386,0.008368,0.026077,1,1,1,2373.4
random,2,97,1,15.562,24.578,0.9938,0.9938,79,0,0,79,169,141,166,0.012386,0.008368,0.025933,1,1,1,2373.4
random,2,98,11,15.38,24.681,0.9948,0.9948,80,0,0,80,173,146,168,0.011561,0.008439,0.026139,1,1,1,2373.4
random,2,99,1,15.251,24.436,0.9946,0.9946,82,0,0,82,174,146,168,0.01144,0.008433,0.02588,1,1,1,2373.4
random,2,100,11,15.266,24.338,0.9949,0.9949,79,0,0,79,178,150,171,0.011631,0.008417,0.02575,1,1,1,2373.4
random,2,101,1,15.555,24.596,0.9953,0.9953,81,0,0,81,178,151,171,0.011434,0.009171,0.026059,1,1,1,2373.4
random,2,102,11,15.321,24.6,0.9951,0.9951,81,0,0,81,182,154,175,0.011472,0.008432,0.026059,1,1,1,2373.4
random,2,103,0,15.19,24.247,0.9951,0.9951,83,0,0,83,182,154,175,0.011472,0.008432,0.025667,1,1,1,2373.4
random,2,104,1,15.209,24.324,0.9955,0.9955,84,0,0,84,182,155,175,0.011447,0.008425,0.025755,1,1,1,2373.4
random,2,105,11,15.667,25.511,0.9966,0.9966,81,0,0,81,183,160,180,0.011543,0.008394,0.027063,1,1,1,2373.4
random,2,106,1,15.736,25.652,0.9969,0.9969,82,0,0,82,183,161,180,0.01157,0.008422,0.027217,1,1,1,2373.4
random,2,107,1,15.241,24.331,0.9967,0.9967,83,0,0,83,184,161,180,0.011579,0.008396,0.025748,1,1,1,2373.4
random,2,108,1,15.216,24.318,0.997,0.997,83,0,0,83,184,162,180,0.011452,0.008449,0.025748,1,1,1,2373.4
random,2,109,11,15.252,24.415,0.9969,0.9969,79,0,0,79,188,165,184,0.011452,0.008449,0.025855,1,1,1,2373.4
random,2,110,1,15.403,24.763,0.9967,0.9967,81,0,0,81,189,165,184,0.011529,0.008448,0.026233,1,1,1,2373.4
random,2,111,1,15.366,24.641,0.997,0.997,82,0,0,82,189,166,184,0.011563,0.00844,0.026094,1,1,1,2373.4
random,2,112,11,15.247,24.318,0.9976,0.9976,78,0,0,78,192,171,187,0.011564,0.008441,0.025735,1,1,1,2373.4
random,2,113,1,15.317,24.543,0.9975,0.9975,79,0,0,79,193,171,187,0.011539,0.008424,0.025988,1,1,1,2373.4
random,2,114,1,15.314,24.546,0.9973,0.9973,79,0,0,79,194,171,187,0.011566,0.008388,0.025988,1,1,1,2373.4
random,2,115,1,15.563,25.219,0.9975,0.9975,80,0,0,80,194,172,187,0.011566,0.008388,0.026736,1,1,1,2373.4
random,2,116,1,15.778,25.106,0.9978,0.9978,81,0,0,81,194,173,187,0.012343,0.008466,0.026524,1,1,1,2373.4
random,2,117,1,15.365,24.724,0.998,0.998,77,0,0,77,194,174,187,0.011496,0.008406,0.026194,1,1,1,2373.4
random,2,118,1,15.318,24.536,0.9978,0.9978,78,0,0,78,195,174,187,0.011501,0.008468,0.025984,1,1,1,2373.4
random,2,119,1,15.348,24.656,0.998,0.998,79,0,0,79,195,175,187,0.011511,0.008415,0.026117,1,1,1,2373.4
least_connections,1,0,0,15.599,24.419,1.0,1.0,0,0,0,0,0,0,0,0.012644,0.008426,0.025727,1,1,1,2295.8
least_connections,1,1,1,15.36,24.697,0.3333,0.3333,72,0,0,72,0,1,0,0.01147,0.008444,0.026167,1,1,1,2295.8
least_connections,1,2,1,15.348,24.614,0.3333,0.3333,73,0,0,73,0,2,0,0.011536,0.008441,0.026067,1,1,1,2295.8
least_connections,1,3,11,15.352,24.662,0.9883,0.9883,70,0,0,70,5,4,4,0.011531,0.008405,0.026121,1,1,1,2295.8
least_connections,1,4,11,15.351,24.661,0.932,0.932,70,0,0,70,7,6,11,0.011526,0.008405,0.026121,1,1,1,2295.8
least_connections,1,5,1,15.323,24.604,0.9427,0.9427,72,0,0,72,8,6,11,0.011526,0.008386,0.026057,1,1,1,2295.8
least_connections,1,6,11,15.329,24.647,0.9863,0.9863,74,0,0,74,11,11,14,0.011502,0.008377,0.026108,1,1,1,2295.8
least_connections,1,7,1,15.312,24.542,0.9899,0.9899,69,0,0,69,12,11,14,0.011588,0.008367,0.025981,1,1,1,2295.8
least_connections,1,8,1,15.448,24.592,0.9945,0.9945,70,0,0,70,12,12,14,0.011567,0.008738,0.026039,1,1,1,2295.8
least_connections,1,9,11,15.288,24.457,0.9868,0.9868,72,0,0,72,19,15,15,0.01157,0.008404,0.025889,1,1,1,2295.8
least_connections,1,10,11,15.26,24.449,0.9934,0.9934,72,0,0,72,22,18,20,0.011488,0.008404,0.025889,1,1,1,2295.8
least_connections,1,11,1,15.224,24.33,0.9963,0.9963,74,0,0,74,22,19,20,0.011488,0.008427,0.025757,1,1,1,2295.8
least_connections,1,12,1,15.319,24.535,0.9933,0.9933,70,0,0,70,23,19,20,0.011554,0.008425,0.025977,1,1,1,2295.8
least_connections,1,13,1,15.309,24.638,0.9895,0.9895,71,0,0,71,24,19,20,0.011431,0.008392,0.026105,1,1,1,2295.8
least_connections,1,14,11,15.249,24.489,0.9824,0.9824,73,0,0,73,29,21,24,0.011437,0.008372,0.025939,1,1,1,2295.8
least_connections,1,15,1,15.393,24.585,0.9863,0.9863,69,0,0,69,29,22,24,0.011754,0.008415,0.026011,1,1,1,2295.8
least_connections,1,16,1,15.393,24.585,0.9823,0.9823,69,0,0,69,30,22,24,0.011754,0.008415,0.026011,1,1,1,2295.8
least_connections,1,17,1,15.532,24.903,0.9857,0.9857,70,0,0,70,30,23,24,0.011706,0.00852,0.026369,1,1,1,2295.8
least_connections,1,18,11,15.445,24.646,0.9875,0.9875,71,0,0,71,34,27,27,0.011833,0.008433,0.02607,1,1,1,2295.8
least_connections,1,19,1,15.334,24.565,0.9841,0.9841,73,0,0,73,35,27,27,0.011489,0.008496,0.026018,1,1,1,2295.8
least_connections,1,20,1,15.333,24.589,0.9861,0.9861,69,0,0,69,35,28,27,0.011575,0.008389,0.026035,1,1,1,2295.8
least_connections,1,21,1,15.142,24.084,0.9827,0.9827,70,0,0,70,36,28,27,0.011505,0.008438,0.025482,1,1,1,2295.8
least_connections,1,22,1,15.142,24.084,0.9789,0.9789,70,0,0,70,37,28,27,0.011505,0.008438,0.025482,1,1,1,2295.8
least_connections,1,23,11,15.195,24.216,0.9908,0.9908,71,0,0,71,39,32,32,0.011541,0.008421,0.025624,1,1,1,2295.8
least_connections,1,24,1,15.324,24.47,0.9921,0.9921,69,0,0,69,39,33,32,0.011542,0.008523,0.025907,1,1,1,2295.8
least_connections,1,25,1,15.552,24.558,0.9898,0.9898,70,0,0,70,40,33,32,0.011537,0.009115,0.026005,1,1,1,2295.8
least_connections,1,26,1,15.211,24.278,0.9908,0.9908,71,0,0,71,40,34,32,0.011482,0.008451,0.0257,1,1,1,2295.8
least_connections,1,27,1,15.325,24.543,0.9915,0.9915,66,0,0,66,40,35,32,0.011572,0.00842,0.025984,1,1,1,2295.8
least_connections,1,28,1,15.325,24.543,0.9918,0.9918,66,0,0,66,40,36,32,0.011572,0.00842,0.025984,1,1,1,2295.8
least_connections,1,29,1,15.279,24.474,0.9938,0.9938,67,0,0,67,40,36,33,0.011511,0.008412,0.025914,1,1,1,2295.8
least_connections,1,30,10,15.701,24.684,0.994,0.994,69,0,0,69,44,37,38,0.011643,0.009326,0.026133,1,1,1,2295.8
least_connections,1,31,1,15.322,24.397,0.9921,0.9921,70,0,0,70,45,37,38,0.011824,0.008348,0.025794,1,1,1,2295.8
least_connections,1,32,11,15.394,24.731,0.9992,0.9992,67,0,0,67,45,42,44,0.011556,0.008431,0.026195,1,1,1,2295.8
least_connections,1,33,11,15.683,24.817,0.9993,0.9993,67,0,0,67,46,47,49,0.012415,0.00844,0.026195,1,1,1,2295.8
least_connections,1,34,1,15.714,24.901,0.9996,0.9996,69,0,0,69,47,47,49,0.012415,0.00844,0.026288,1,1,1,2295.8
least_connections,1,35,1,15.154,24.211,0.9997,0.9997,70,0,0,70,47,48,49,0.011513,0.008327,0.025622,1,1,1,2295.8
least_connections,1,36,11,15.277,24.44,0.9994,0.9994,67,0,0,67,50,53,52,0.011555,0.008404,0.025872,1,1,1,2295.8
least_connections,1,37,11,15.525,25.164,0.9995,0.9995,69,0,0,69,54,55,57,0.011475,0.008416,0.026685,1,1,1,2295.8
least_connections,1,38,11,15.341,24.687,0.9992,0.9992,71,0,0,71,57,59,61,0.01152,0.008353,0.02615,1,1,1,2295.8
least_connections,1,39,1,15.734,24.758,0.9996,0.9996,71,0,0,71,58,59,61,0.012226,0.008827,0.02615,1,1,1,2295.8
least_connections,1,40,11,15.874,25.136,0.9995,0.9995,72,0,0,72,61,64,64,0.012226,0.008827,0.02657,1,1,1,2295.8
least_connections,1,41,11,15.355,24.609,0.9991,0.9991,68,0,0,68,64,69,67,0.011546,0.008459,0.02606,1,1,1,2295.8
least_connections,1,42,1,15.502,24.706,0.9987,0.9987,70,0,0,70,64,70,67,0.011504,0.008829,0.026173,1,1,1,2295.8
least_connections,1,43,11,15.115,23.993,0.9977,0.9977,72,0,0,72,66,74,72,0.011531,0.008437,0.025378,1,1,1,2295.8
least_connections,1,44,11,15.308,24.567,0.9964,0.9964,70,0,0,70,68,78,77,0.011527,0.008382,0.026016,1,1,1,2295.8
least_connections,1,45,1,15.465,24.605,0.9971,0.9971,70,0,0,70,69,78,77,0.011901,0.008479,0.026016,1,1,1,2295.8
least_connections,1,46,1,15.409,24.453,0.9967,0.9967,71,0,0,71,69,79,77,0.011901,0.008479,0.025848,1,1,1,2295.8
least_connections,1,47,1,15.356,24.586,0.9974,0.9974,72,0,0,72,70,79,77,0.011597,0.008443,0.026029,1,1,1,2295.8
least_connections,1,48,11,15.254,24.392,0.997,0.997,68,0,0,68,73,81,83,0.011511,0.008427,0.025823,1,1,1,2295.8
least_connections,1,49,1,15.727,24.623,0.9976,0.9976,70,0,0,70,74,81,83,0.011928,0.009218,0.026034,1,1,1,2295.8
least_connections,1,50,1,15.579,24.682,0.9975,0.9975,71,0,0,71,74,82,83,0.012341,0.008343,0.026053,1,1,1,2295.8
least_connections,1,51,1,15.478,24.602,0.998,0.998,71,0,0,71,75,82,83,0.01154,0.008842,0.026053,1,1,1,2295.8
least_connections,1,52,1,15.451,24.529,0.9985,0.9985,72,0,0,72,76,82,83,0.01154,0.008842,0.025972,1,1,1,2295.8
least_connections,1,53,1,15.214,24.485,0.9989,0.9989,70,0,0,70,77,82,83,0.011387,0.008315,0.02594,1,1,1,2295.8
least_connections,1,54,1,15.37,24.664,0.9993,0.9993,71,0,0,71,78,82,83,0.011557,0.008433,0.02612,1,1,1,2295.8
least_connections,1,55,1,15.402,24.726,0.9991,0.9991,72,0,0,72,78,82,84,0.011535,0.008479,0.026192,1,1,1,2295.8
least_connections,1,56,10,15.309,24.527,0.9976,0.9976,71,0,0,71,79,86,89,0.011571,0.008388,0.025967,1,1,1,2295.8
least_connections,1,57,1,15.281,24.519,0.9981,0.9981,71,0,0,71,80,86,89,0.011488,0.008388,0.025967,1,1,1,2295.8
least_connections,1,58,11,15.209,24.313,0.9979,0.9979,73,0,0,73,84,88,94,0.011488,0.0084,0.025738,1,1,1,2295.8
least_connections,1,59,1,15.329,24.541,0.9982,0.9982,74,0,0,74,85,88,94,0.011539,0.008462,0.025986,1,1,1,2295.8
least_connections,1,60,11,15.572,25.305,0.9983,0.9983,76,0,0,76,90,90,98,0.011552,0.008332,0.026833,1,1,1,2295.8
least_connections,1,61,11,15.289,24.465,0.999,0.999,74,0,0,74,92,98,99,0.01151,0.008452,0.025904,1,1,1,2295.8
least_connections,1,62,1,15.437,24.922,0.9988,0.9988,75,0,0,75,92,99,99,0.011521,0.008378,0.026411,1,1,1,2295.8
least_connections,1,63,11,15.428,24.919,0.9986,0.9986,75,0,0,75,95,103,103,0.011496,0.008378,0.026411,1,1,1,2295.8
least_connections,1,64,1,15.669,24.778,0.9989,0.9989,77,0,0,77,96,103,103,0.011496,0.009256,0.026254,1,1,1,2295.8
least_connections,1,65,1,15.353,24.643,0.9992,0.9992,73,0,0,73,97,103,103,0.011516,0.008442,0.026102,1,1,1,2295.8
least_connections,1,66,1,15.252,24.4,0.9991,0.9991,74,0,0,74,97,104,103,0.011535,0.008392,0.02583,1,1,1,2295.8
least_connections,1,67,1,15.364,24.428,0.9989,0.9989,75,0,0,75,97,105,103,0.01186,0.008408,0.025825,1,1,1,2295.8
least_connections,1,68,11,15.369,24.689,0.9997,0.9997,72,0,0,72,103,106,107,0.01152,0.008435,0.026152,1,1,1,2295.8
least_connections,1,69,11,15.639,24.77,0.9998,0.9998,72,0,0,72,108,108,111,0.012329,0.008435,0.026152,1,1,1,2295.8
least_connections,1,70,1,15.969,25.509,0.9999,0.9999,74,0,0,74,108,109,111,0.012329,0.008603,0.026974,1,1,1,2295.8
least_connections,1,71,11,15.495,24.961,0.9998,0.9998,75,0,0,75,111,114,114,0.011592,0.008447,0.026446,1,1,1,2295.8
least_connections,1,72,11,15.533,25.139,0.9995,0.9995,77,0,0,77,113,118,119,0.011534,0.008414,0.026651,1,1,1,2295.8
least_connections,1,73,1,15.379,24.709,0.9997,0.9997,74,0,0,74,114,118,119,0.011546,0.00842,0.026172,1,1,1,2295.8
least_connections,1,74,1,15.372,24.687,0.9996,0.9996,75,0,0,75,114,119,119,0.011597,0.008377,0.026141,1,1,1,2295.8
least_connections,1,75,11,15.372,24.687,0.9999,0.9999,75,0,0,75,119,122,122,0.011597,0.008377,0.026141,1,1,1,2295.8
least_connections,1,76,11,15.867,25.43,0.9996,0.9996,77,0,0,77,121,126,127,0.012332,0.008385,0.026885,1,1,1,2295.8
least_connections,1,77,1,15.38,24.343,0.9997,0.9997,75,0,0,75,122,126,127,0.011586,0.008793,0.02576,1,1,1,2295.8
least_connections,1,78,11,15.318,24.57,0.9993,0.9993,76,0,0,76,124,131,131,0.011577,0.008362,0.026014,1,1,1,2295.8
least_connections,1,79,1,15.805,25.58,0.9992,0.9992,78,0,0,78,124,131,132,0.01186,0.008451,0.027104,1,1,1,2295.8
least_connections,1,80,10,15.806,24.895,0.9988,0.9988,75,0,0,75,126,134,137,0.012504,0.008642,0.026272,1,1,1,2295.8
least_connections,1,81,1,15.806,24.895,0.9987,0.9987,75,0,0,75,126,135,137,0.012504,0.008642,0.026272,1,1,1,2295.8
least_connections,1,82,1,15.161,24.142,0.9989,0.9989,76,0,0,76,127,135,137,0.01153,0.008409,0.025543,1,1,1,2295.8
least_connections,1,83,1,15.166,24.243,0.9992,0.9992,77,0,0,77,128,135,137,0.011486,0.008352,0.025661,1,1,1,2295.8
least_connections,1,84,11,15.178,24.257,0.9993,0.9993,79,0,0,79,132,139,140,0.011496,0.008364,0.025675,1,1,1,2295.8
least_connections,1,85,1,15.331,24.648,0.9992,0.9992,76,0,0,76,132,140,140,0.011481,0.008401,0.026111,1,1,1,2295.8
least_connections,1,86,1,15.437,24.624,0.9991,0.9991,77,0,0,77,132,141,140,0.011866,0.008402,0.026042,1,1,1,2295.8
least_connections,1,87,1,15.437,24.624,0.999,0.999,77,0,0,77,132,142,140,0.011866,0.008402,0.026042,1,1,1,2295.8
least_connections,1,88,1,15.258,24.428,0.9989,0.9989,78,0,0,78,132,143,140,0.01151,0.008401,0.025863,1,1,1,2295.8
least_connections,1,89,1,15.229,24.332,0.9991,0.9991,75,0,0,75,133,143,140,0.011495,0.008435,0.025758,1,1,1,2295.8
least_connections,1,90,11,15.654,25.57,1.0,1.0,77,0,0,77,142,143,142,0.011467,0.008359,0.027137,1,1,1,2295.8
least_connections,1,91,1,15.489,24.563,1.0,1.0,78,0,0,78,143,143,142,0.01159,0.008872,0.026005,1,1,1,2295.8
least_connections,1,92,1,15.471,24.866,1.0,1.0,79,0,0,79,144,143,142,0.011585,0.008487,0.026342,1,1,1,2295.8
least_connections,1,93,11,15.471,24.866,0.9999,0.9999,79,0,0,79,149,145,146,0.011585,0.008487,0.026342,1,1,1,2295.8
least_connections,1,94,11,15.683,25.384,0.9999,0.9999,75,0,0,75,152,150,149,0.011733,0.008415,0.026901,1,1,1,2295.8
least_connections,1,95,1,15.41,24.703,0.9999,0.9999,77,0,0,77,153,150,149,0.01164,0.008435,0.026155,1,1,1,2295.8
least_connections,1,96,11,15.166,24.199,0.9998,0.9998,79,0,0,79,156,151,156,0.011512,0.008376,0.025609,1,1,1,2295.8
least_connections,1,97,11,15.711,24.93,0.9995,0.9995,76,0,0,76,160,153,161,0.011499,0.009213,0.026422,1,1,1,2295.8
least_connections,1,98,11,15.452,24.931,0.9987,0.9987,76,0,0,76,163,154,168,0.011513,0.008422,0.026422,1,1,1,2295.8
least_connections,1,99,1,15.443,24.905,0.9989,0.9989,78,0,0,78,163,155,168,0.011513,0.008422,0.026393,1,1,1,2295.8
least_connections,1,100,1,15.885,25.339,0.9991,0.9991,79,0,0,79,163,156,168,0.012182,0.008672,0.026801,1,1,1,2295.8
least_connections,1,101,11,15.392,24.745,0.9985,0.9985,80,0,0,80,169,157,172,0.011542,0.008423,0.026212,1,1,1,2295.8
least_connections,1,102,11,15.338,24.644,0.9987,0.9987,76,0,0,76,174,161,174,0.011483,0.008426,0.026106,1,1,1,2295.8
least_connections,1,103,1,15.274,24.481,0.9989,0.9989,78,0,0,78,174,162,174,0.011488,0.00841,0.025925,1,1,1,2295.8
least_connections,1,104,11,15.322,24.496,0.9984,0.9984,78,0,0,78,179,164,178,0.011631,0.008411,0.025925,1,1,1,2295.8
least_connections,1,105,0,15.393,24.686,0.9984,0.9984,80,0,0,80,179,164,178,0.011631,0.008411,0.026137,1,1,1,2295.8
least_connections,1,106,1,15.364,24.611,0.9987,0.9987,75,0,0,75,179,165,178,0.01158,0.008453,0.026059,1,1,1,2295.8
least_connections,1,107,11,15.387,24.627,0.9988,0.9988,77,0,0,77,183,169,181,0.011591,0.008495,0.026076,1,1,1,2295.8
least_connections,1,108,1,15.302,24.55,0.999,0.999,78,0,0,78,183,170,181,0.011451,0.00845,0.026006,1,1,1,2295.8
least_connections,1,109,11,15.618,25.371,0.9986,0.9986,75,0,0,75,187,172,186,0.01153,0.008414,0.026909,1,1,1,2295.8
least_connections,1,110,1,15.618,25.371,0.9985,0.9985,75,0,0,75,188,172,186,0.011532,0.008414,0.026909,1,1,1,2295.8
least_connections,1,111,11,15.309,24.53,0.9983,0.9983,76,0,0,76,190,175,192,0.011532,0.008421,0.025974,1,1,1,2295.8
least_connections,1,112,1,15.337,24.555,0.9982,0.9982,78,0,0,78,191,175,192,0.011538,0.008471,0.026001,1,1,1,2295.8
least_connections,1,113,1,15.394,24.371,0.9982,0.9982,79,0,0,79,192,175,192,0.011574,0.008814,0.025793,1,1,1,2295.8
least_connections,1,114,1,15.341,24.602,0.998,0.998,77,0,0,77,193,175,192,0.011543,0.008428,0.026053,1,1,1,2295.8
least_connections,1,115,1,15.424,24.899,0.9979,0.9979,78,0,0,78,194,175,192,0.011497,0.008388,0.026388,1,1,1,2295.8
least_connections,1,116,1,15.448,24.906,0.9978,0.9978,78,0,0,78,195,175,192,0.011569,0.008388,0.026388,1,1,1,2295.8
least_connections,1,117,1,15.354,24.596,0.998,0.998,79,0,0,79,195,176,192,0.011569,0.008449,0.026043,1,1,1,2295.8
least_connections,1,118,1,15.376,24.637,0.9982,0.9982,76,0,0,76,195,177,192,0.011538,0.008498,0.026093,1,1,1,2295.8
least_connections,1,119,1,15.337,24.661,0.9985,0.9985,77,0,0,77,195,178,192,0.011515,0.008374,0.026122,1,1,1,2295.8
least_connections,2,0,0,15.315,24.523,1.0,1.0,0,0,0,0,0,0,0,0.011561,0.00842,0.025963,1,1,1,2121.4
least_connections,2,1,1,15.348,24.646,0.3333,0.3333,72,0,0,72,1,0,0,0.011539,0.008404,0.026102,1,1,1,2121.4
least_connections,2,2,1,15.425,24.633,0.3333,0.3333,73,0,0,73,2,0,0,0.011799,0.008416,0.026059,1,1,1,2121.4
least_connections,2,3,11,15.588,24.575,0.8667,0.8667,75,0,0,75,5,2,6,0.011511,0.009227,0.026026,1,1,1,2121.4
least_connections,2,4,1,15.683,24.609,0.9333,0.9333,71,0,0,71,5,3,6,0.01234,0.008737,0.025972,1,1,1,2121.4
least_connections,2,5,1,15.421,24.53,0.974,0.974,71,0,0,71,5,4,6,0.011553,0.008737,0.025972,1,1,1,2121.4
least_connections,2,6,11,15.254,24.402,0.963,0.963,72,0,0,72,7,8,11,0.011553,0.00838,0.02583,1,1,1,2121.4
least_connections,2,7,1,15.349,24.562,0.9759,0.9759,74,0,0,74,8,8,11,0.011578,0.008465,0.026005,1,1,1,2121.4
least_connections,2,8,1,15.472,24.952,0.9825,0.9825,75,0,0,75,9,8,11,0.011544,0.008429,0.026442,1,1,1,2121.4
least_connections,2,9,1,15.342,24.611,0.9906,0.9906,70,0,0,70,9,9,11,0.011555,0.008409,0.026062,1,1,1,2121.4
least_connections,2,10,1,15.271,24.429,0.9934,0.9934,71,0,0,71,10,9,11,0.01157,0.008386,0.025858,1,1,1,2121.4
least_connections,2,11,1,15.25,24.423,0.9979,0.9979,71,0,0,71,10,10,11,0.011506,0.008386,0.025858,1,1,1,2121.4
least_connections,2,12,1,15.086,23.988,0.9981,0.9981,72,0,0,72,10,11,11,0.011506,0.008378,0.025375,1,1,1,2121.4
least_connections,2,13,1,15.248,24.564,1.0,1.0,68,0,0,68,11,11,11,0.011332,0.008379,0.026034,1,1,1,2121.4
least_connections,2,14,1,15.419,24.424,0.9983,0.9983,69,0,0,69,12,11,11,0.011541,0.008861,0.025855,1,1,1,2121.4
least_connections,2,15,1,15.344,24.6,0.9935,0.9935,70,0,0,70,13,11,11,0.011489,0.008486,0.026057,1,1,1,2121.4
least_connections,2,16,1,15.37,24.722,0.9863,0.9863,65,0,0,65,14,11,11,0.011531,0.008392,0.026188,1,1,1,2121.4
least_connections,2,17,11,15.377,24.724,0.9884,0.9884,65,0,0,65,18,14,15,0.01155,0.008392,0.026188,1,1,1,2121.4
least_connections,2,18,11,15.274,24.446,0.9976,0.9976,67,0,0,67,20,20,18,0.01155,0.008392,0.025879,1,1,1,2121.4
least_connections,2,19,1,15.381,24.713,0.996,0.996,69,0,0,69,21,20,18,0.011556,0.008412,0.026175,1,1,1,2121.4
least_connections,2,20,11,15.36,24.643,0.9984,0.9984,70,0,0,70,24,24,22,0.011551,0.008431,0.026098,1,1,1,2121.4
least_connections,2,21,1,15.275,24.464,0.9972,0.9972,68,0,0,68,24,25,22,0.011507,0.008415,0.025904,1,1,1,2121.4
least_connections,2,22,1,15.29,24.547,0.9954,0.9954,69,0,0,69,24,26,22,0.011437,0.00843,0.026004,1,1,1,2121.4
least_connections,2,23,11,15.29,24.547,0.998,0.998,69,0,0,69,28,29,26,0.011437,0.00843,0.026004,1,1,1,2121.4
least_connections,2,24,1,15.423,24.886,0.9975,0.9975,71,0,0,71,29,29,26,0.011492,0.008402,0.026374,1,1,1,2121.4
least_connections,2,25,1,15.14,24.071,0.9964,0.9964,68,0,0,68,30,29,26,0.011519,0.008436,0.025466,1,1,1,2121.4
least_connections,2,26,11,15.498,24.48,0.9897,0.9897,69,0,0,69,36,32,28,0.012167,0.00848,0.025848,1,1,1,2121.4
least_connections,2,27,1,15.435,24.57,0.9872,0.9872,71,0,0,71,37,32,28,0.011559,0.008731,0.026016,1,1,1,2121.4
least_connections,2,28,1,15.346,24.297,0.9844,0.9844,72,0,0,72,38,32,28,0.011546,0.008777,0.025714,1,1,1,2121.4
least_connections,2,29,1,15.346,24.297,0.9849,0.9849,72,0,0,72,38,33,28,0.011546,0.008777,0.025714,1,1,1,2121.4
least_connections,2,30,1,15.272,24.453,0.9821,0.9821,67,0,0,67,39,33,28,0.011487,0.008435,0.025894,1,1,1,2121.4
least_connections,2,31,1,15.419,24.805,0.9791,0.9791,68,0,0,68,40,33,28,0.011534,0.008444,0.02628,1,1,1,2121.4
least_connections,2,32,0,15.323,24.536,0.9791,0.9791,69,0,0,69,40,33,28,0.011573,0.00842,0.025976,1,1,1,2121.4
least_connections,2,33,1,15.293,24.483,0.9758,0.9758,64,0,0,64,41,33,28,0.011508,0.008445,0.025925,1,1,1,2121.4
least_connections,2,34,1,15.403,24.775,0.9766,0.9766,65,0,0,65,41,34,28,0.011519,0.008441,0.026248,1,1,1,2121.4
least_connections,2,35,11,15.403,24.775,0.9823,0.9823,65,0,0,65,43,40,31,0.011519,0.008441,0.026248,1,1,1,2121.4
least_connections,2,36,1,15.306,24.452,0.9816,0.9816,67,0,0,67,43,41,31,0.01159,0.008446,0.025881,1,1,1,2121.4
least_connections,2,37,1,15.298,24.519,0.9806,0.9806,63,0,0,63,43,42,31,0.011569,0.008368,0.025958,1,1,1,2121.4
least_connections,2,38,11,15.394,24.758,0.9918,0.9918,65,0,0,65,46,44,37,0.011528,0.008425,0.026228,1,1,1,2121.4
least_connections,2,39,1,15.275,24.431,0.9912,0.9912,66,0,0,66,46,45,37,0.011521,0.008439,0.025865,1,1,1,2121.4
least_connections,2,40,1,15.536,25.083,0.99,0.99,67,0,0,67,47,45,37,0.011564,0.008458,0.026585,1,1,1,2121.4
least_connections,2,41,1,15.536,25.083,0.9887,0.9887,67,0,0,67,48,45,37,0.011564,0.008458,0.026585,1,1,1,2121.4
least_connections,2,42,1,15.209,24.343,0.9871,0.9871,63,0,0,63,49,45,37,0.011444,0.008408,0.025776,1,1,1,2121.4
least_connections,2,43,11,15.371,24.737,0.9952,0.9952,65,0,0,65,51,48,43,0.011489,0.008416,0.026209,1,1,1,2121.4
least_connections,2,44,11,15.528,24.999,0.9992,0.9992,67,0,0,67,52,52,49,0.011712,0.008398,0.026475,1,1,1,2121.4
least_connections,2,45,1,15.32,24.586,0.9989,0.9989,63,0,0,63,52,53,49,0.011559,0.008368,0.026033,1,1,1,2121.4
least_connections,2,46,1,15.274,24.58,0.9987,0.9987,63,0,0,63,53,53,49,0.011504,0.008286,0.026033,1,1,1,2121.4
least_connections,2,47,1,15.103,24.117,0.9983,0.9983,64,0,0,64,54,53,49,0.011504,0.008286,0.025519,1,1,1,2121.4
least_connections,2,48,1,15.399,24.508,0.9977,0.9977,65,0,0,65,55,53,49,0.011849,0.008434,0.025915,1,1,1,2121.4
least_connections,2,49,11,15.472,24.971,0.9994,0.9994,66,0,0,66,58,55,55,0.011541,0.008411,0.026463,1,1,1,2121.4
least_connections,2,50,11,15.255,24.368,0.9984,0.9984,64,0,0,64,63,58,58,0.011495,0.008472,0.025798,1,1,1,2121.4
least_connections,2,51,1,15.361,24.639,0.9987,0.9987,65,0,0,65,63,59,58,0.011585,0.008409,0.02609,1,1,1,2121.4
least_connections,2,52,1,15.353,24.635,0.9988,0.9988,65,0,0,65,63,60,58,0.011542,0.008428,0.02609,1,1,1,2121.4
least_connections,2,53,1,15.252,24.362,0.9983,0.9983,66,0,0,66,64,60,58,0.011542,0.008428,0.025786,1,1,1,2121.4
least_connections,2,54,11,15.575,24.624,0.9991,0.9991,64,0,0,64,67,63,63,0.012319,0.008416,0.025991,1,1,1,2121.4
least_connections,2,55,1,15.418,24.828,0.9993,0.9993,66,0,0,66,67,64,63,0.011544,0.008406,0.026304,1,1,1,2121.4
least_connections,2,56,11,15.656,24.71,0.9985,0.9985,66,0,0,66,72,67,66,0.011548,0.009248,0.026173,1,1,1,2121.4
least_connections,2,57,1,15.377,24.668,0.998,0.998,64,0,0,64,73,67,66,0.011598,0.008414,0.02612,1,1,1,2121.4
least_connections,2,58,1,15.371,24.664,0.9982,0.9982,64,0,0,64,73,68,66,0.011561,0.008433,0.02612,1,1,1,2121.4
least_connections,2,59,11,15.452,24.883,0.9997,0.9997,65,0,0,65,74,73,71,0.011561,0.008433,0.026363,1,1,1,2121.4
least_connections,2,60,0,15.187,24.24,0.9997,0.9997,67,0,0,67,74,73,71,0.011492,0.008414,0.025656,1,1,1,2121.4
least_connections,2,61,1,15.268,24.492,0.9995,0.9995,68,0,0,68,75,73,71,0.011441,0.00842,0.025942,1,1,1,2121.4
least_connections,2,62,1,15.366,24.646,0.9992,0.9992,66,0,0,66,76,73,71,0.011538,0.008458,0.026103,1,1,1,2121.4
least_connections,2,63,11,15.36,24.613,0.9982,0.9982,68,0,0,68,81,77,73,0.011576,0.008442,0.026062,1,1,1,2121.4
least_connections,2,64,1,15.539,24.667,0.9977,0.9977,68,0,0,68,82,77,73,0.01211,0.008445,0.026062,1,1,1,2121.4
least_connections,2,65,1,15.528,24.637,0.9972,0.9972,69,0,0,69,83,77,73,0.01211,0.008445,0.026029,1,1,1,2121.4
least_connections,2,66,1,15.326,24.584,0.9966,0.9966,66,0,0,66,84,77,73,0.011529,0.008416,0.026034,1,1,1,2121.4
least_connections,2,67,1,15.341,24.669,0.996,0.996,67,0,0,67,85,77,73,0.011487,0.008402,0.026134,1,1,1,2121.4
least_connections,2,68,1,15.365,24.791,0.9961,0.9961,68,0,0,68,85,78,73,0.011496,0.008332,0.026268,1,1,1,2121.4
least_connections,2,69,11,15.328,24.568,0.9964,0.9964,70,0,0,70,88,83,76,0.011545,0.008423,0.026015,1,1,1,2121.4
least_connections,2,70,11,15.325,24.567,0.9928,0.9928,70,0,0,70,95,86,77,0.011537,0.008423,0.026015,1,1,1,2121.4
least_connections,2,71,1,15.749,25.667,0.9928,0.9928,67,0,0,67,95,87,77,0.011537,0.008473,0.027237,1,1,1,2121.4
least_connections,2,72,11,15.3,24.532,0.9931,0.9931,68,0,0,68,98,92,80,0.011489,0.008431,0.025981,1,1,1,2121.4
least_connections,2,73,1,15.35,24.618,0.993,0.993,70,0,0,70,98,93,80,0.011545,0.008435,0.026071,1,1,1,2121.4
least_connections,2,74,11,15.345,24.699,0.9937,0.9937,69,0,0,69,102,96,84,0.011417,0.008442,0.026175,1,1,1,2121.4
least_connections,2,75,1,15.337,24.591,0.9936,0.9936,70,0,0,70,102,97,84,0.01153,0.00844,0.026042,1,1,1,2121.4
least_connections,2,76,11,15.333,24.589,0.9937,0.9937,70,0,0,70,107,99,88,0.011516,0.00844,0.026042,1,1,1,2121.4
least_connections,2,77,1,15.29,24.475,0.9937,0.9937,72,0,0,72,107,100,88,0.011516,0.008439,0.025915,1,1,1,2121.4
least_connections,2,78,1,15.448,24.754,0.9931,0.9931,68,0,0,68,108,100,88,0.011491,0.008625,0.026228,1,1,1,2121.4
least_connections,2,79,1,15.341,24.505,0.993,0.993,69,0,0,69,108,101,88,0.011553,0.008527,0.025944,1,1,1,2121.4
least_connections,2,80,1,15.279,24.481,0.9925,0.9925,70,0,0,70,109,101,88,0.011515,0.008401,0.025922,1,1,1,2121.4
least_connections,2,81,11,15.43,24.361,0.996,0.996,72,0,0,72,111,103,95,0.011708,0.008814,0.025767,1,1,1,2121.4
least_connections,2,82,11,15.43,24.361,0.9982,0.9982,72,0,0,72,113,104,103,0.011708,0.008814,0.025767,1,1,1,2121.4
least_connections,2,83,1,15.441,24.111,0.9979,0.9979,69,0,0,69,114,104,103,0.011505,0.009306,0.025512,1,1,1,2121.4
least_connections,2,84,1,15.464,24.556,0.998,0.998,70,0,0,70,114,105,103,0.011486,0.008898,0.026008,1,1,1,2121.4
least_connections,2,85,0,15.332,24.502,0.998,0.998,71,0,0,71,114,105,103,0.011555,0.0085,0.02594,1,1,1,2121.4
least_connections,2,86,1,15.557,24.495,0.9976,0.9976,68,0,0,68,115,105,103,0.011561,0.009179,0.025932,1,1,1,2121.4
least_connections,2,87,1,15.337,24.591,0.9972,0.9972,69,0,0,69,116,105,103,0.011531,0.008439,0.026042,1,1,1,2121.4
least_connections,2,88,11,15.337,24.591,0.9981,0.9981,69,0,0,69,118,111,106,0.011531,0.008439,0.026042,1,1,1,2121.4
least_connections,2,89,1,15.394,24.772,0.9981,0.9981,71,0,0,71,118,112,106,0.011556,0.008386,0.02624,1,1,1,2121.4
least_connections,2,90,1,15.357,24.698,0.9978,0.9978,72,0,0,72,119,112,106,0.011488,0.008416,0.026166,1,1,1,2121.4
least_connections,2,91,1,15.332,24.621,0.9974,0.9974,68,0,0,68,120,112,106,0.011486,0.00843,0.026081,1,1,1,2121.4
least_connections,2,92,1,15.296,24.53,0.9974,0.9974,69,0,0,69,120,113,106,0.011565,0.008351,0.025971,1,1,1,2121.4
least_connections,2,93,11,15.46,24.946,0.9968,0.9968,71,0,0,71,124,118,108,0.011526,0.008418,0.026437,1,1,1,2121.4
least_connections,2,94,1,15.46,24.946,0.9965,0.9965,71,0,0,71,125,118,108,0.011526,0.008418,0.026437,1,1,1,2121.4
least_connections,2,95,1,15.614,24.691,0.9961,0.9961,69,0,0,69,126,118,108,0.011366,0.009303,0.026172,1,1,1,2121.4
least_connections,2,96,11,15.192,24.267,0.9967,0.9967,71,0,0,71,129,122,112,0.011413,0.008468,0.025695,1,1,1,2121.4
least_connections,2,97,11,15.364,24.677,0.9976,0.9976,73,0,0,73,132,125,117,0.011614,0.008348,0.026129,1,1,1,2121.4
least_connections,2,98,1,15.293,24.517,0.9976,0.9976,68,0,0,68,132,126,117,0.011467,0.008444,0.025967,1,1,1,2121.4
least_connections,2,99,1,15.449,24.869,0.9973,0.9973,69,0,0,69,133,126,117,0.011504,0.008489,0.026354,1,1,1,2121.4
least_connections,2,100,11,15.449,24.869,0.998,0.998,69,0,0,69,136,129,122,0.011504,0.008489,0.026354,1,1,1,2121.4
least_connections,2,101,1,15.275,24.418,0.998,0.998,71,0,0,71,136,130,122,0.011499,0.008472,0.025853,1,1,1,2121.4
least_connections,2,102,1,15.553,24.504,0.9978,0.9978,72,0,0,72,137,130,122,0.011443,0.00926,0.025955,1,1,1,2121.4
least_connections,2,103,1,15.315,24.642,0.9975,0.9975,71,0,0,71,138,130,122,0.011468,0.00837,0.026106,1,1,1,2121.4
least_connections,2,104,11,15.555,24.393,0.9972,0.9972,73,0,0,73,143,132,126,0.011462,0.009373,0.02583,1,1,1,2121.4
least_connections,2,105,1,15.248,24.4,0.9969,0.9969,73,0,0,73,144,132,126,0.011529,0.008385,0.02583,1,1,1,2121.4
least_connections,2,106,1,15.334,24.633,0.997,0.997,74,0,0,74,144,133,126,0.011529,0.008385,0.026089,1,1,1,2121.4
least_connections,2,107,1,15.35,24.635,0.9966,0.9966,70,0,0,70,145,133,126,0.011539,0.008422,0.02609,1,1,1,2121.4
least_connections,2,108,1,15.378,24.699,0.9967,0.9967,71,0,0,71,145,134,126,0.01157,0.008407,0.026158,1,1,1,2121.4
least_connections,2,109,1,15.313,24.629,0.9967,0.9967,72,0,0,72,145,135,126,0.011406,0.008436,0.026098,1,1,1,2121.4
least_connections,2,110,11,15.399,24.462,0.9967,0.9967,74,0,0,74,150,136,131,0.011564,0.008738,0.025895,1,1,1,2121.4
least_connections,2,111,11,15.288,24.457,0.9968,0.9968,74,0,0,74,154,138,136,0.011515,0.008455,0.025895,1,1,1,2121.4
least_connections,2,112,1,15.316,24.532,0.9965,0.9965,70,0,0,70,155,138,136,0.011515,0.008455,0.025978,1,1,1,2121.4
least_connections,2,113,1,15.171,24.164,0.9961,0.9961,71,0,0,71,156,138,136,0.011574,0.008377,0.025563,1,1,1,2121.4
least_connections,2,114,1,15.625,24.556,0.9963,0.9963,72,0,0,72,156,139,136,0.011512,0.009359,0.026005,1,1,1,2121.4
least_connections,2,115,1,15.349,24.671,0.9964,0.9964,69,0,0,69,156,140,136,0.011499,0.008412,0.026135,1,1,1,2121.4
least_connections,2,116,1,15.532,25.222,0.996,0.996,70,0,0,70,157,140,136,0.01148,0.008367,0.026749,1,1,1,2121.4
least_connections,2,117,0,15.562,25.226,0.996,0.996,70,0,0,70,157,140,136,0.011522,0.008416,0.026749,1,1,1,2121.4
least_connections,2,118,11,15.335,24.613,0.9967,0.9967,72,0,0,72,160,143,141,0.011522,0.008416,0.026068,1,1,1,2121.4
least_connections,2,119,1,15.318,24.529,0.9968,0.9968,68,0,0,68,160,144,141,0.011477,0.008498,0.025979,1,1,1,2121.4
hash_based,1,0,0,15.414,24.565,1.0,1.0,0,0,0,0,0,0,0,0.011832,0.008429,0.02598,1,1,1,3041.4
hash_based,1,1,11,15.528,24.542,0.8963,0.8963,70,0,0,70,5,4,2,0.011515,0.009078,0.02599,1,1,1,3041.4
hash_based,1,2,11,15.325,24.514,0.949,0.949,69,0,0,69,8,9,5,0.011555,0.008466,0.025954,1,1,1,3041.4
hash_based,1,3,1,15.371,24.693,0.933,0.933,70,0,0,70,8,10,5,0.011554,0.008406,0.026153,1,1,1,3041.4
hash_based,1,4,11,15.359,24.689,0.9731,0.9731,70,0,0,70,10,14,10,0.011517,0.008406,0.026153,1,1,1,3041.4
hash_based,1,5,11,15.326,24.537,0.974,0.974,72,0,0,72,15,18,12,0.011517,0.008477,0.025984,1,1,1,3041.4
hash_based,1,6,11,15.231,24.422,0.9451,0.9451,75,0,0,75,16,25,15,0.011495,0.008339,0.025858,1,1,1,3041.4
hash_based,1,7,1,15.237,24.409,0.936,0.936,70,0,0,70,16,26,15,0.01151,0.008358,0.025842,1,1,1,3041.4
hash_based,1,8,1,15.286,24.511,0.9267,0.9267,71,0,0,71,16,27,15,0.011447,0.008449,0.025963,1,1,1,3041.4
hash_based,1,9,1,15.3,24.518,0.9173,0.9173,72,0,0,72,16,28,15,0.011539,0.0084,0.02596,1,1,1,3041.4
hash_based,1,10,1,15.3,24.518,0.9245,0.9245,72,0,0,72,17,28,15,0.011539,0.0084,0.02596,1,1,1,3041.4
hash_based,1,11,11,15.29,24.455,0.9414,0.9414,68,0,0,68,19,32,20,0.011541,0.008439,0.02589,1,1,1,3041.4
hash_based,1,12,11,15.483,25.001,0.9619,0.9619,70,0,0,70,23,35,24,0.01151,0.00844,0.0265,1,1,1,3041.4
hash_based,1,13,1,15.286,24.37,0.9564,0.9564,72,0,0,72,23,36,24,0.011539,0.008523,0.025796,1,1,1,3041.4
hash_based,1,14,1,15.324,24.619,0.9608,0.9608,68,0,0,68,24,36,24,0.011538,0.008363,0.026072,1,1,1,3041.4
hash_based,1,15,1,15.347,24.62,0.9553,0.9553,68,0,0,68,24,37,24,0.01155,0.008418,0.026072,1,1,1,3041.4
hash_based,1,16,11,15.335,24.588,0.9691,0.9691,69,0,0,69,29,40,27,0.01155,0.008418,0.026037,1,1,1,3041.4
hash_based,1,17,11,15.169,24.208,0.9833,0.9833,71,0,0,71,31,42,34,0.011468,0.008415,0.025624,1,1,1,3041.4
hash_based,1,18,1,15.309,24.64,0.9858,0.9858,73,0,0,73,32,42,34,0.011502,0.008325,0.0261,1,1,1,3041.4
hash_based,1,19,11,15.654,25.482,0.994,0.994,69,0,0,69,37,44,38,0.011523,0.008406,0.027033,1,1,1,3041.4
hash_based,1,20,1,15.197,24.321,0.995,0.995,71,0,0,71,38,44,38,0.011425,0.008411,0.025754,1,1,1,3041.4
hash_based,1,21,11,15.185,24.315,0.9985,0.9985,71,0,0,71,42,46,43,0.011363,0.008437,0.025754,1,1,1,3041.4
hash_based,1,22,1,15.39,24.868,0.999,0.999,73,0,0,73,43,46,43,0.011363,0.008437,0.026369,1,1,1,3041.4
hash_based,1,23,11,15.208,24.306,0.9973,0.9973,71,0,0,71,45,51,47,0.011491,0.008403,0.02573,1,1,1,3041.4
hash_based,1,24,1,15.481,25.011,0.998,0.998,73,0,0,73,46,51,47,0.01159,0.008352,0.026502,1,1,1,3041.4
hash_based,1,25,0,15.509,24.808,0.998,0.998,74,0,0,74,46,51,47,0.011792,0.00848,0.026254,1,1,1,3041.4
hash_based,1,26,1,15.312,24.475,0.9971,0.9971,75,0,0,75,46,52,47,0.011543,0.008481,0.025912,1,1,1,3041.4
hash_based,1,27,11,15.297,24.472,0.9998,0.9998,75,0,0,75,51,53,52,0.011514,0.008465,0.025912,1,1,1,3041.4
hash_based,1,28,1,15.345,24.601,0.9999,0.9999,72,0,0,72,52,53,52,0.011514,0.008465,0.026055,1,1,1,3041.4
hash_based,1,29,11,15.303,24.409,0.9998,0.9998,74,0,0,74,57,56,55,0.011506,0.00856,0.025843,1,1,1,3041.4
hash_based,1,30,1,15.399,24.769,0.9997,0.9997,75,0,0,75,57,57,55,0.011545,0.008415,0.026238,1,1,1,3041.4
hash_based,1,31,1,15.325,24.654,0.9995,0.9995,72,0,0,72,58,57,55,0.011422,0.008429,0.026124,1,1,1,3041.4
hash_based,1,32,1,15.296,24.51,0.9992,0.9992,73,0,0,73,59,57,55,0.01149,0.008442,0.025957,1,1,1,3041.4
hash_based,1,33,11,15.288,24.505,0.9992,0.9992,73,0,0,73,63,59,60,0.011435,0.008472,0.025957,1,1,1,3041.4
hash_based,1,34,1,15.27,24.455,0.9995,0.9995,75,0,0,75,63,60,60,0.011435,0.008472,0.025902,1,1,1,3041.4
hash_based,1,35,11,15.327,24.582,0.9998,0.9998,70,0,0,70,66,64,64,0.011511,0.008437,0.026034,1,1,1,3041.4
hash_based,1,36,11,15.707,25.613,0.9998,0.9998,77,0,0,77,69,67,69,0.011514,0.008427,0.02718,1,1,1,3041.4
hash_based,2,0,0,15.283,24.371,1.0,1.0,0,0,0,0,0,0,0,0.011661,0.008404,0.025783,1,1,1,2252.9
hash_based,2,1,11,15.773,24.744,0.938,0.938,72,0,0,72,3,5,3,0.011339,0.009746,0.026234,1,1,1,2252.9
hash_based,2,2,1,15.307,24.607,0.96,0.96,73,0,0,73,4,5,3,0.011427,0.008422,0.026071,1,1,1,2252.9
hash_based,2,3,1,15.28,24.646,0.9235,0.9235,68,0,0,68,4,6,3,0.011289,0.008421,0.02613,1,1,1,2252.9
hash_based,2,4,11,15.347,24.669,0.9897,0.9897,68,0,0,68,7,8,9,0.011523,0.008388,0.02613,1,1,1,2252.9
hash_based,2,5,1,15.437,24.911,0.9874,0.9874,70,0,0,70,7,9,9,0.011523,0.008388,0.026399,1,1,1,2252.9
hash_based,2,6,1,15.65,25.363,0.9797,0.9797,71,0,0,71,7,10,9,0.01164,0.008423,0.026888,1,1,1,2252.9
hash_based,2,7,11,15.387,24.789,0.9985,0.9985,70,0,0,70,12,12,13,0.011521,0.008378,0.026263,1,1,1,2252.9
hash_based,2,8,11,15.37,24.577,0.9897,0.9897,72,0,0,72,18,14,16,0.011745,0.008362,0.026003,1,1,1,2252.9
hash_based,2,9,1,15.498,25.003,0.9942,0.9942,73,0,0,73,18,15,16,0.011606,0.008395,0.026492,1,1,1,2252.9
hash_based,2,10,1,15.498,25.003,0.9968,0.9968,73,0,0,73,18,16,16,0.011606,0.008395,0.026492,1,1,1,2252.9
hash_based,2,11,1,15.303,24.503,0.9977,0.9977,69,0,0,69,18,17,16,0.011501,0.008461,0.025948,1,1,1,2252.9
hash_based,2,12,1,15.438,24.812,0.9948,0.9948,70,0,0,70,19,17,16,0.011595,0.008438,0.026281,1,1,1,2252.9
hash_based,2,13,11,15.603,24.805,1.0,1.0,72,0,0,72,21,21,21,0.012187,0.008414,0.026207,1,1,1,2252.9
hash_based,2,14,1,15.62,24.715,0.9995,0.9995,73,0,0,73,21,22,21,0.012198,0.008556,0.026106,1,1,1,2252.9
hash_based,2,15,11,15.339,24.644,0.9989,0.9989,73,0,0,73,24,25,26,0.011482,0.008428,0.026106,1,1,1,2252.9
hash_based,2,16,11,15.534,25.171,0.9925,0.9925,72,0,0,72,26,28,32,0.011482,0.008428,0.026692,1,1,1,2252.9
hash_based,2,17,1,15.14,24.296,0.9929,0.9929,74,0,0,74,26,29,32,0.011451,0.008247,0.025723,1,1,1,2252.9
hash_based,2,18,11,15.374,24.646,0.9893,0.9893,75,0,0,75,28,36,34,0.01167,0.008365,0.026088,1,1,1,2252.9
hash_based,2,19,1,15.411,24.73,0.9873,0.9873,72,0,0,72,28,37,34,0.011554,0.008484,0.026194,1,1,1,2252.9
hash_based,2,20,11,15.581,25.246,0.9818,0.9818,74,0,0,74,30,42,38,0.011574,0.008403,0.026765,1,1,1,2252.9
hash_based,2,21,11,15.581,25.246,0.9974,0.9974,74,0,0,74,38,43,40,0.011574,0.008403,0.026765,1,1,1,2252.9
hash_based,2,22,1,15.3,24.598,0.9975,0.9975,76,0,0,76,38,43,41,0.011378,0.008455,0.026067,1,1,1,2252.9
hash_based,2,23,10,15.521,25.098,0.999,0.999,71,0,0,71,43,46,43,0.011553,0.008407,0.026603,1,1,1,2252.9
hash_based,2,24,1,15.848,24.748,0.9992,0.9992,72,0,0,72,44,46,43,0.012901,0.008578,0.026064,1,1,1,2252.9
hash_based,2,25,1,15.839,24.766,0.9992,0.9992,73,0,0,73,45,46,43,0.012402,0.008976,0.02614,1,1,1,2252.9
hash_based,2,26,1,15.501,24.717,0.9987,0.9987,73,0,0,73,45,47,43,0.011907,0.008457,0.02614,1,1,1,2252.9
hash_based,2,27,11,15.622,25.043,0.9988,0.9988,74,0,0,74,47,51,48,0.011907,0.008457,0.026502,1,1,1,2252.9
hash_based,2,28,1,15.647,25.349,0.9981,0.9981,72,0,0,72,47,52,48,0.011546,0.008513,0.026883,1,1,1,2252.9
hash_based,2,29,1,15.508,24.97,0.9985,0.9985,73,0,0,73,48,52,48,0.011663,0.008414,0.026448,1,1,1,2252.9
hash_based,2,30,1,15.258,24.293,0.9978,0.9978,74,0,0,74,48,53,48,0.011594,0.008476,0.025704,1,1,1,2252.9
hash_based,2,31,1,15.669,25.027,0.9968,0.9968,70,0,0,70,48,54,48,0.011805,0.008707,0.026496,1,1,1,2252.9
hash_based,2,32,1,15.669,25.027,0.9957,0.9957,70,0,0,70,48,55,48,0.011805,0.008707,0.026496,1,1,1,2252.9
hash_based,2,33,1,15.269,24.359,0.9963,0.9963,71,0,0,71,49,55,48,0.011568,0.00846,0.02578,1,1,1,2252.9
hash_based,2,34,1,15.656,24.569,0.9967,0.9967,72,0,0,72,50,55,48,0.012384,0.008662,0.025923,1,1,1,2252.9
hash_based,2,35,11,15.588,25.208,0.999,0.999,68,0,0,68,53,57,54,0.011528,0.008508,0.026728,1,1,1,2252.9
hash_based,2,36,1,15.407,24.642,0.9985,0.9985,69,0,0,69,53,58,54,0.011529,0.008592,0.026099,1,1,1,2252.9
hash_based,2,37,11,15.409,24.643,0.9995,0.9995,69,0,0,69,59,60,57,0.011537,0.008592,0.026099,1,1,1,2252.9
hash_based,2,38,1,15.302,24.521,0.9994,0.9994,71,0,0,71,60,60,57,0.011537,0.008405,0.025964,1,1,1,2252.9
hash_based,2,39,1,15.315,24.514,0.9992,0.9992,72,0,0,72,61,60,57,0.011571,0.008423,0.025952,1,1,1,2252.9
hash_based,2,40,11,15.408,24.761,0.9998,0.9998,68,0,0,68,63,64,62,0.01148,0.008508,0.026237,1,1,1,2252.9
hash_based,2,41,11,16.077,26.363,0.9998,0.9998,71,0,0,71,66,68,66,0.011715,0.008525,0.027991,1,1,1,2252.9
hash_based,2,42,11,16.027,26.351,0.9998,0.9998,71,0,0,71,71,71,69,0.011596,0.008494,0.027991,1,1,1,2252.9
hash_based,2,43,1,15.392,24.638,0.9997,0.9997,73,0,0,73,71,72,69,0.011596,0.008494,0.026087,1,1,1,2252.9
hash_based,2,44,1,15.433,24.764,0.9995,0.9995,69,0,0,69,71,73,69,0.01159,0.00848,0.026228,1,1,1,2252.9
hash_based,2,45,11,15.334,24.508,0.9988,0.9988,70,0,0,70,77,76,71,0.011623,0.008439,0.02594,1,1,1,2252.9
hash_based,2,46,11,15.657,25.057,0.9995,0.9995,72,0,0,72,80,76,79,0.011918,0.008537,0.026517,1,1,1,2252.9
hash_based,2,47,1,15.416,24.789,0.9993,0.9993,70,0,0,70,81,76,79,0.011533,0.008454,0.026262,1,1,1,2252.9
hash_based,2,48,1,15.49,24.811,0.999,0.999,70,0,0,70,82,76,79,0.011754,0.008454,0.026262,1,1,1,2252.9
hash_based,2,49,0,15.589,24.683,0.999,0.999,71,0,0,71,82,76,79,0.011754,0.008895,0.026119,1,1,1,2252.9
hash_based,2,50,11,15.314,24.583,0.9999,0.9999,73,0,0,73,84,82,82,0.011509,0.008398,0.026036,1,1,1,2252.9
hash_based,2,51,11,15.61,25.335,1.0,1.0,75,0,0,75,86,87,86,0.011534,0.008429,0.026868,1,1,1,2252.9
hash_based,2,52,1,15.287,24.25,1.0,1.0,69,0,0,69,87,87,86,0.011534,0.008663,0.025663,1,1,1,2252.9
hash_based,2,53,1,15.321,24.284,0.9999,0.9999,69,0,0,69,87,88,86,0.011871,0.008428,0.025663,1,1,1,2252.9
hash_based,2,54,11,15.442,24.611,0.9996,0.9996,70,0,0,70,89,90,93,0.011871,0.008428,0.026027,1,1,1,2252.9
hash_based,2,55,11,15.219,24.519,0.9997,0.9997,72,0,0,72,92,95,96,0.011433,0.008251,0.025973,1,1,1,2252.9
hash_based,2,56,1,15.307,24.428,0.9998,0.9998,73,0,0,73,93,95,96,0.011615,0.008454,0.025852,1,1,1,2252.9
hash_based,2,57,1,15.415,24.902,0.9998,0.9998,74,0,0,74,93,96,96,0.01146,0.00839,0.026396,1,1,1,2252.9
hash_based,2,58,1,15.243,24.399,0.9997,0.9997,75,0,0,75,93,97,96,0.011505,0.008393,0.025832,1,1,1,2252.9
hash_based,2,59,1,15.256,24.403,0.9995,0.9995,75,0,0,75,93,98,96,0.011544,0.008393,0.025832,1,1,1,2252.9
hash_based,2,60,11,15.353,24.558,0.9983,0.9983,73,0,0,73,94,104,100,0.011544,0.00851,0.026004,1,1,1,2252.9
hash_based,2,61,1,15.347,24.607,0.9986,0.9986,75,0,0,75,95,104,100,0.011571,0.008415,0.026056,1,1,1,2252.9
hash_based,2,62,1,15.282,24.584,0.9989,0.9989,76,0,0,76,96,104,100,0.011495,0.008314,0.026038,1,1,1,2252.9
hash_based,2,63,1,15.554,24.866,0.9992,0.9992,77,0,0,77,97,104,100,0.011889,0.008465,0.026308,1,1,1,2252.9
hash_based,2,64,1,15.744,24.921,0.9989,0.9989,77,0,0,77,97,105,100,0.012438,0.008486,0.026308,1,1,1,2252.9
hash_based,2,65,1,15.8,25.073,0.9986,0.9986,73,0,0,73,97,106,100,0.012438,0.008486,0.026477,1,1,1,2252.9
hash_based,2,66,1,15.38,24.671,0.9989,0.9989,74,0,0,74,98,106,100,0.011438,0.00856,0.026141,1,1,1,2252.9
hash_based,2,67,11,15.41,24.677,0.9992,0.9992,75,0,0,75,102,109,104,0.011565,0.00853,0.026134,1,1,1,2252.9
hash_based,2,68,1,15.446,24.899,0.999,0.999,72,0,0,72,102,110,104,0.011547,0.008409,0.026383,1,1,1,2252.9
hash_based,2,69,11,15.486,24.95,0.9991,0.9991,74,0,0,74,105,113,109,0.011556,0.008464,0.026438,1,1,1,2252.9
hash_based,2,70,11,15.487,24.95,0.9995,0.9995,74,0,0,74,110,116,112,0.01156,0.008464,0.026438,1,1,1,2252.9
hash_based,2,71,11,15.405,24.627,0.9994,0.9994,76,0,0,76,113,120,116,0.01156,0.008575,0.026079,1,1,1,2252.9
hash_based,2,72,1,15.47,24.664,0.9995,0.9995,74,0,0,74,114,120,116,0.011901,0.008427,0.026082,1,1,1,2252.9
hash_based,2,73,11,15.42,24.783,0.9995,0.9995,75,0,0,75,119,124,118,0.011571,0.008437,0.026251,1,1,1,2252.9
hash_based,2,74,1,15.397,24.706,0.9996,0.9996,77,0,0,77,119,124,119,0.011595,0.008434,0.026163,1,1,1,2252.9
hash_based,2,75,10,15.451,24.582,0.9988,0.9988,79,0,0,79,120,130,122,0.011814,0.008539,0.026001,1,1,1,2252.9
hash_based,2,76,1,15.451,24.582,0.999,0.999,79,0,0,79,121,130,122,0.011814,0.008539,0.026001,1,1,1,2252.9
hash_based,2,77,1,15.549,25.042,0.9987,0.9987,74,0,0,74,121,131,122,0.01166,0.008457,0.026529,1,1,1,2252.9
hash_based,2,78,11,15.391,24.671,0.9986,0.9986,76,0,0,76,124,135,126,0.011602,0.008447,0.026123,1,1,1,2252.9
hash_based,2,79,1,15.476,24.681,0.9988,0.9988,77,0,0,77,125,135,126,0.011703,0.008602,0.026123,1,1,1,2252.9
hash_based,2,80,11,15.3,24.518,0.9975,0.9975,74,0,0,74,125,141,131,0.011539,0.0084,0.02596,1,1,1,2252.9
hash_based,2,81,1,15.376,24.541,0.9972,0.9972,74,0,0,74,125,142,131,0.011769,0.0084,0.02596,1,1,1,2252.9
hash_based,2,82,11,15.235,24.138,0.9954,0.9954,75,0,0,75,127,149,133,0.011769,0.008424,0.025512,1,1,1,2252.9
hash_based,2,83,1,15.276,24.486,0.9949,0.9949,77,0,0,77,127,150,133,0.011423,0.008467,0.025937,1,1,1,2252.9
hash_based,2,84,1,15.521,24.925,0.9953,0.9953,72,0,0,72,128,150,133,0.011671,0.008494,0.026398,1,1,1,2252.9
hash_based,2,85,11,15.261,24.415,0.9972,0.9972,74,0,0,74,134,151,137,0.011514,0.00842,0.025849,1,1,1,2252.9
hash_based,2,86,11,15.898,25.929,0.9971,0.9971,76,0,0,76,137,155,141,0.011777,0.008417,0.027501,1,1,1,2252.9
hash_based,2,87,1,15.898,25.929,0.9974,0.9974,76,0,0,76,138,155,141,0.011777,0.008417,0.027501,1,1,1,2252.9
hash_based,2,88,1,15.193,24.306,0.9971,0.9971,77,0,0,77,138,156,141,0.011438,0.008406,0.025736,1,1,1,2252.9
hash_based,2,89,1,15.65,25.102,0.9973,0.9973,73,0,0,73,139,156,141,0.011657,0.008697,0.026596,1,1,1,2252.9
hash_based,2,90,1,15.365,24.561,0.997,0.997,74,0,0,74,139,157,141,0.011532,0.008553,0.026009,1,1,1,2252.9
hash_based,2,91,1,15.432,24.852,0.9972,0.9972,75,0,0,75,140,157,141,0.011477,0.00848,0.026338,1,1,1,2252.9
hash_based,2,92,1,15.453,24.861,0.9968,0.9968,75,0,0,75,140,158,141,0.011571,0.008451,0.026338,1,1,1,2252.9
hash_based,2,93,1,15.518,25.035,0.997,0.997,73,0,0,73,141,158,141,0.011571,0.008451,0.026531,1,1,1,2252.9
hash_based,2,94,1,15.997,25.52,0.9972,0.9972,74,0,0,74,142,158,141,0.012592,0.008443,0.026956,1,1,1,2252.9
hash_based,2,95,1,15.262,24.23,0.9969,0.9969,75,0,0,75,142,159,141,0.011485,0.008654,0.025646,1,1,1,2252.9
hash_based,2,96,1,15.293,24.483,0.9965,0.9965,72,0,0,72,142,160,141,0.011617,0.008349,0.025913,1,1,1,2252.9
hash_based,2,97,1,15.259,24.187,0.9961,0.9961,73,0,0,73,142,161,141,0.011514,0.008667,0.025595,1,1,1,2252.9
hash_based,2,98,1,15.259,24.187,0.9963,0.9963,73,0,0,73,143,161,141,0.011514,0.008667,0.025595,1,1,1,2252.9
hash_based,2,99,11,15.474,24.967,0.9957,0.9957,74,0,0,74,144,166,146,0.011516,0.008443,0.026462,1,1,1,2252.9
hash_based,2,100,11,15.403,24.636,0.9969,0.9969,76,0,0,76,146,167,154,0.01159,0.008533,0.026086,1,1,1,2252.9
hash_based,2,101,1,15.582,25.015,0.9966,0.9966,72,0,0,72,146,168,154,0.011827,0.00844,0.02648,1,1,1,2252.9
hash_based,2,102,1,15.628,25.288,0.9963,0.9963,73,0,0,73,146,169,154,0.011566,0.008505,0.026813,1,1,1,2252.9
hash_based,2,103,1,15.708,25.313,0.996,0.996,73,0,0,73,146,170,154,0.011817,0.008494,0.026813,1,1,1,2252.9
hash_based,2,104,0,15.547,24.879,0.996,0.996,74,0,0,74,146,170,154,0.011817,0.008494,0.02633,1,1,1,2252.9
hash_based,2,105,11,15.717,24.75,0.998,0.998,71,0,0,71,153,170,158,0.011578,0.009359,0.026214,1,1,1,2252.9
hash_based,2,106,1,15.596,24.986,0.9978,0.9978,72,0,0,72,153,171,158,0.011617,0.008701,0.026471,1,1,1,2252.9
hash_based,2,107,1,15.453,24.943,0.998,0.998,73,0,0,73,154,171,158,0.011529,0.008397,0.026434,1,1,1,2252.9
hash_based,2,108,11,15.843,25.142,0.9986,0.9986,70,0,0,70,158,173,163,0.012583,0.008409,0.026537,1,1,1,2252.9
hash_based,2,109,1,15.843,25.142,0.9987,0.9987,70,0,0,70,159,173,163,0.012583,0.008409,0.026537,1,1,1,2252.9
hash_based,2,110,1,15.277,24.447,0.9989,0.9989,71,0,0,71,160,173,163,0.011541,0.008408,0.025881,1,1,1,2252.9
hash_based,2,111,1,15.502,25.185,0.999,0.999,72,0,0,72,161,173,163,0.011355,0.008428,0.026722,1,1,1,2252.9
hash_based,2,112,1,15.209,24.307,0.9988,0.9988,73,0,0,73,161,174,163,0.011506,0.008392,0.025729,1,1,1,2252.9
hash_based,2,113,1,15.299,24.561,0.9986,0.9986,68,0,0,68,161,175,163,0.011484,0.0084,0.026014,1,1,1,2252.9
hash_based,2,114,1,15.709,24.589,0.9984,0.9984,68,0,0,68,161,176,163,0.011763,0.009351,0.026014,1,1,1,2252.9
hash_based,2,115,11,15.707,24.583,0.9983,0.9983,69,0,0,69,162,179,170,0.011763,0.009351,0.026008,1,1,1,2252.9
hash_based,2,116,1,15.349,24.716,0.9981,0.9981,71,0,0,71,162,180,170,0.011563,0.008306,0.026178,1,1,1,2252.9
hash_based,2,117,1,15.538,24.889,0.9979,0.9979,67,0,0,67,162,181,170,0.011888,0.008392,0.026334,1,1,1,2252.9
hash_based,2,118,1,15.56,25.111,0.9981,0.9981,68,0,0,68,163,181,170,0.011585,0.008482,0.026614,1,1,1,2252.9
hash_based,2,119,11,15.454,24.841,0.998,0.998,70,0,0,70,165,184,176,0.011577,0.008469,0.026315,1,1,1,2252.9
ecmp,1,0,0,15.614,25.27,1.0,1.0,0,0,0,0,0,0,0,0.011555,0.008493,0.026794,1,1,1,2248.0
ecmp,1,1,1,15.427,24.825,0.3333,0.3333,68,0,0,68,1,0,0,0.011523,0.008455,0.026303,1,1,1,2248.0
ecmp,1,2,1,15.415,24.828,0.6667,0.6667,68,0,0,68,1,1,0,0.011554,0.008388,0.026303,1,1,1,2248.0
ecmp,1,3,11,15.3,24.517,0.9883,0.9883,69,0,0,69,5,4,4,0.011554,0.008388,0.025957,1,1,1,2248.0
ecmp,1,4,1,15.308,24.59,0.9899,0.9899,67,0,0,67,5,5,4,0.011485,0.008392,0.026046,1,1,1,2248.0
ecmp,1,5,11,15.575,25.027,0.9968,0.9968,69,0,0,69,9,8,8,0.011513,0.008684,0.026529,1,1,1,2248.0
ecmp,1,6,1,15.321,24.565,0.9971,0.9971,70,0,0,70,9,9,8,0.011502,0.008444,0.026017,1,1,1,2248.0
ecmp,1,7,11,15.363,24.458,0.9985,0.9985,72,0,0,72,13,12,12,0.011783,0.008439,0.025866,1,1,1,2248.0
ecmp,1,8,1,15.717,24.564,0.9986,0.9986,72,0,0,72,13,13,12,0.012846,0.008439,0.025866,1,1,1,2248.0
ecmp,1,9,11,15.739,24.511,0.9992,0.9992,66,0,0,66,17,16,16,0.012846,0.008565,0.025807,1,1,1,2248.0
ecmp,1,10,1,15.422,24.766,0.9992,0.9992,68,0,0,68,17,17,16,0.011576,0.008458,0.026232,1,1,1,2248.0
ecmp,1,11,11,15.677,25.502,0.9995,0.9995,70,0,0,70,21,20,20,0.01153,0.008446,0.027054,1,1,1,2248.0
ecmp,1,12,1,15.542,24.536,0.9995,0.9995,66,0,0,66,21,21,20,0.012254,0.00847,0.025901,1,1,1,2248.0
ecmp,1,13,11,15.385,24.491,0.9996,0.9996,66,0,0,66,25,24,24,0.011799,0.008455,0.025901,1,1,1,2248.0
ecmp,1,14,1,15.457,24.684,0.9996,0.9996,68,0,0,68,25,25,24,0.011799,0.008455,0.026116,1,1,1,2248.0
ecmp,1,15,11,15.564,25.083,0.9997,0.9997,69,0,0,69,29,28,28,0.011556,0.008549,0.026586,1,1,1,2248.0
ecmp,1,16,1,15.283,24.478,0.9997,0.9997,66,0,0,66,29,29,28,0.011513,0.008417,0.025919,1,1,1,2248.0
ecmp,1,17,11,15.359,24.643,0.9998,0.9998,67,0,0,67,33,32,32,0.011496,0.008477,0.026104,1,1,1,2248.0
ecmp,1,18,1,15.967,25.211,0.9998,0.9998,69,0,0,69,33,33,32,0.011612,0.009568,0.026722,1,1,1,2248.0
ecmp,1,19,11,15.95,25.206,0.9998,0.9998,69,0,0,69,37,36,36,0.011559,0.009568,0.026722,1,1,1,2248.0
ecmp,1,20,1,15.506,24.978,0.9998,0.9998,71,0,0,71,37,37,36,0.011559,0.00849,0.026469,1,1,1,2248.0
ecmp,1,21,11,15.416,24.823,0.9999,0.9999,66,0,0,66,41,40,40,0.011489,0.008456,0.026304,1,1,1,2248.0
ecmp,1,22,1,15.343,24.579,0.9999,0.9999,68,0,0,68,41,41,40,0.0116,0.008409,0.026021,1,1,1,2248.0
ecmp,1,23,1,15.426,24.529,1.0,1.0,69,0,0,69,41,41,41,0.011503,0.008799,0.025976,1,1,1,2248.0
ecmp,1,24,10,15.405,24.559,0.9999,0.9999,69,0,0,69,45,44,44,0.011808,0.008432,0.025976,1,1,1,2248.0
ecmp,1,25,1,15.485,24.773,0.9999,0.9999,67,0,0,67,45,45,44,0.011808,0.008432,0.026214,1,1,1,2248.0
ecmp,1,26,11,15.367,24.741,0.9999,0.9999,69,0,0,69,49,48,48,0.011533,0.00836,0.026209,1,1,1,2248.0
ecmp,1,27,1,15.539,24.815,0.9999,0.9999,70,0,0,70,49,49,48,0.011527,0.008798,0.026291,1,1,1,2248.0
ecmp,1,28,11,15.679,25.487,0.9999,0.9999,69,0,0,69,53,52,52,0.011528,0.008471,0.027038,1,1,1,2248.0
ecmp,1,29,1,15.737,25.659,0.9999,0.9999,70,0,0,70,53,53,52,0.01153,0.008451,0.027229,1,1,1,2248.0
ecmp,1,30,11,15.752,25.664,0.9999,0.9999,70,0,0,70,57,56,56,0.011576,0.008451,0.027229,1,1,1,2248.0
ecmp,1,31,1,15.311,24.495,0.9999,0.9999,72,0,0,72,57,57,56,0.011576,0.008427,0.025931,1,1,1,2248.0
ecmp,1,32,11,15.68,24.743,0.9999,0.9999,73,0,0,73,61,60,60,0.011546,0.009284,0.026209,1,1,1,2248.0
ecmp,1,33,1,15.312,24.556,0.9999,0.9999,71,0,0,71,61,61,60,0.011511,0.00842,0.026005,1,1,1,2248.0
ecmp,1,34,11,15.452,24.809,0.9999,0.9999,73,0,0,73,65,64,64,0.011627,0.008455,0.026274,1,1,1,2248.0
ecmp,1,35,1,15.526,24.831,0.9999,0.9999,73,0,0,73,65,65,64,0.011843,0.008462,0.026274,1,1,1,2248.0
ecmp,1,36,11,15.452,24.629,1.0,1.0,74,0,0,74,69,68,68,0.011843,0.008462,0.02605,1,1,1,2248.0
ecmp,1,37,1,15.438,24.923,1.0,1.0,71,0,0,71,69,69,68,0.011465,0.008432,0.026418,1,1,1,2248.0
ecmp,1,38,11,15.188,24.22,1.0,1.0,72,0,0,72,73,72,72,0.011505,0.008427,0.025633,1,1,1,2248.0
ecmp,1,39,1,15.639,24.819,1.0,1.0,74,0,0,74,73,73,72,0.011564,0.009062,0.026292,1,1,1,2248.0
ecmp,1,40,11,15.582,25.167,1.0,1.0,72,0,0,72,77,76,76,0.011457,0.0086,0.02669,1,1,1,2248.0
ecmp,1,41,1,15.606,25.174,1.0,1.0,72,0,0,72,77,77,76,0.011529,0.0086,0.02669,1,1,1,2248.0
ecmp,1,42,11,15.15,24.15,1.0,1.0,73,0,0,73,81,80,80,0.011529,0.008368,0.025552,1,1,1,2248.0
ecmp,1,43,1,15.371,24.791,1.0,1.0,75,0,0,75,81,81,80,0.011484,0.008361,0.026269,1,1,1,2248.0
ecmp,1,44,11,15.406,24.541,1.0,1.0,76,0,0,76,85,84,84,0.011734,0.00852,0.025964,1,1,1,2248.0
ecmp,1,45,1,15.372,24.665,1.0,1.0,73,0,0,73,85,85,84,0.011548,0.008446,0.026122,1,1,1,2248.0
ecmp,1,46,7,15.341,24.628,1.0,1.0,75,0,0,75,87,87,87,0.011546,0.008397,0.026081,1,1,1,2248.0
ecmp,1,47,4,15.341,24.628,1.0,1.0,75,0,0,75,89,88,88,0.011546,0.008397,0.026081,1,1,1,2248.0
ecmp,1,48,1,15.322,24.414,1.0,1.0,76,0,0,76,89,89,88,0.011635,0.008496,0.025834,1,1,1,2248.0
ecmp,1,49,11,15.579,24.527,1.0,1.0,75,0,0,75,93,92,92,0.011501,0.009262,0.025974,1,1,1,2248.0
ecmp,1,50,1,15.4,24.406,1.0,1.0,76,0,0,76,93,93,92,0.011775,0.008616,0.02581,1,1,1,2248.0
ecmp,1,51,11,15.547,25.225,1.0,1.0,78,0,0,78,97,96,96,0.011551,0.008345,0.026744,1,1,1,2248.0
ecmp,1,52,1,15.631,25.25,1.0,1.0,78,0,0,78,97,97,96,0.011804,0.008345,0.026744,1,1,1,2248.0
ecmp,1,53,11,15.252,24.166,1.0,1.0,75,0,0,75,101,100,100,0.011804,0.008413,0.02554,1,1,1,2248.0
ecmp,1,54,1,15.232,24.27,1.0,1.0,77,0,0,77,101,101,100,0.011559,0.008454,0.025682,1,1,1,2248.0
ecmp,1,55,11,15.244,24.361,1.0,1.0,79,0,0,79,105,104,104,0.01151,0.008434,0.025789,1,1,1,2248.0
ecmp,1,56,1,15.579,24.965,1.0,1.0,80,0,0,80,105,105,104,0.011913,0.008409,0.026415,1,1,1,2248.0
ecmp,1,57,11,15.384,24.684,1.0,1.0,77,0,0,77,109,108,108,0.011585,0.008427,0.02614,1,1,1,2248.0
ecmp,1,58,1,15.384,24.684,1.0,1.0,77,0,0,77,109,109,108,0.011585,0.008427,0.02614,1,1,1,2248.0
ecmp,1,59,11,15.557,24.501,1.0,1.0,78,0,0,78,113,112,112,0.011785,0.008973,0.025914,1,1,1,2248.0
ecmp,1,60,1,15.478,24.696,1.0,1.0,80,0,0,80,113,113,112,0.011869,0.008445,0.026121,1,1,1,2248.0
ecmp,1,61,11,15.171,24.1,1.0,1.0,78,0,0,78,117,116,116,0.011597,0.008428,0.025489,1,1,1,2248.0
ecmp,1,62,1,15.493,25.109,1.0,1.0,80,0,0,80,117,117,116,0.011486,0.00837,0.026623,1,1,1,2248.0
ecmp,1,63,11,15.537,25.11,1.0,1.0,80,0,0,80,121,120,120,0.011489,0.008498,0.026623,1,1,1,2248.0
ecmp,1,64,1,15.382,24.692,1.0,1.0,82,0,0,82,121,121,120,0.011489,0.008498,0.026159,1,1,1,2248.0
ecmp,1,65,11,15.426,24.749,1.0,1.0,78,0,0,78,125,124,124,0.011658,0.008417,0.026204,1,1,1,2248.0
ecmp,1,66,1,16.033,25.5,1.0,1.0,80,0,0,80,125,125,124,0.012715,0.008462,0.026921,1,1,1,2248.0
ecmp,1,67,11,15.496,24.977,1.0,1.0,81,0,0,81,129,128,128,0.01159,0.008432,0.026465,1,1,1,2248.0
ecmp,1,68,1,16.032,25.787,1.0,1.0,83,0,0,83,129,129,128,0.012399,0.008422,0.027275,1,1,1,2248.0
ecmp,1,69,1,16.032,25.787,1.0,1.0,83,0,0,83,129,129,129,0.012399,0.008422,0.027275,1,1,1,2248.0
ecmp,1,70,10,15.798,25.555,1.0,1.0,79,0,0,79,133,132,132,0.011556,0.008728,0.02711,1,1,1,2248.0
ecmp,1,71,1,15.404,24.678,1.0,1.0,80,0,0,80,133,133,132,0.01157,0.008507,0.026135,1,1,1,2248.0
ecmp,1,72,11,15.349,24.644,1.0,1.0,82,0,0,82,137,136,136,0.011551,0.008398,0.026099,1,1,1,2248.0
ecmp,1,73,1,15.447,24.764,1.0,1.0,79,0,0,79,137,137,136,0.01174,0.008389,0.026211,1,1,1,2248.0
ecmp,1,74,11,15.474,24.772,1.0,1.0,79,0,0,79,141,140,140,0.011823,0.008389,0.026211,1,1,1,2248.0
ecmp,1,75,1,15.434,24.616,1.0,1.0,81,0,0,81,141,141,140,0.011823,0.008442,0.026037,1,1,1,2248.0
ecmp,1,76,11,15.627,24.625,1.0,1.0,83,0,0,83,145,144,144,0.011447,0.009345,0.026089,1,1,1,2248.0
ecmp,1,77,1,15.592,25.112,1.0,1.0,79,0,0,79,145,145,144,0.011751,0.008429,0.026596,1,1,1,2248.0
ecmp,1,78,11,16.047,25.7,1.0,1.0,81,0,0,81,149,148,148,0.012483,0.008489,0.027169,1,1,1,2248.0
ecmp,1,79,1,15.633,25.196,1.0,1.0,82,0,0,82,149,149,148,0.011767,0.008443,0.026688,1,1,1,2248.0
ecmp,1,80,11,15.633,25.196,1.0,1.0,82,0,0,82,153,152,152,0.011767,0.008443,0.026688,1,1,1,2248.0
ecmp,1,81,1,15.46,24.707,1.0,1.0,84,0,0,84,153,153,152,0.011727,0.008505,0.026149,1,1,1,2248.0
ecmp,1,82,11,15.234,24.322,1.0,1.0,79,0,0,79,157,156,156,0.01156,0.008401,0.02574,1,1,1,2248.0
ecmp,1,83,1,15.302,24.584,1.0,1.0,81,0,0,81,157,157,156,0.011443,0.008418,0.026044,1,1,1,2248.0
ecmp,1,84,11,15.326,24.635,1.0,1.0,83,0,0,83,161,160,160,0.011457,0.008423,0.026099,1,1,1,2248.0
ecmp,1,85,1,15.348,24.642,1.0,1.0,83,0,0,83,161,161,160,0.011527,0.008419,0.026099,1,1,1,2248.0
ecmp,1,86,11,15.417,24.827,1.0,1.0,79,0,0,79,165,164,164,0.011527,0.008419,0.026305,1,1,1,2248.0
ecmp,1,87,1,15.509,25.133,1.0,1.0,81,0,0,81,165,165,164,0.01153,0.008354,0.026644,1,1,1,2248.0
ecmp,1,88,11,15.449,24.93,1.0,1.0,82,0,0,82,169,168,168,0.011453,0.008467,0.026428,1,1,1,2248.0
ecmp,1,89,1,16.045,25.503,1.0,1.0,84,0,0,84,169,169,168,0.012297,0.008867,0.02697,1,1,1,2248.0
ecmp,1,90,11,15.292,24.334,1.0,1.0,81,0,0,81,173,172,172,0.011705,0.008434,0.025737,1,1,1,2248.0
ecmp,1,91,1,15.292,24.334,1.0,1.0,81,0,0,81,173,173,172,0.011705,0.008434,0.025737,1,1,1,2248.0
ecmp,1,92,0,15.333,24.639,1.0,1.0,82,0,0,82,173,173,172,0.01156,0.008346,0.026092,1,1,1,2248.0
ecmp,1,93,11,15.414,24.806,1.0,1.0,84,0,0,84,177,176,176,0.01154,0.008421,0.02628,1,1,1,2248.0
ecmp,1,94,1,15.531,25.163,1.0,1.0,79,0,0,79,177,177,176,0.011543,0.008375,0.026676,1,1,1,2248.0
ecmp,1,95,11,15.441,24.794,1.0,1.0,81,0,0,81,181,180,180,0.011605,0.008458,0.02626,1,1,1,2248.0
ecmp,1,96,1,15.394,24.785,1.0,1.0,81,0,0,81,181,181,180,0.011509,0.008413,0.02626,1,1,1,2248.0
ecmp,1,97,11,15.369,24.718,1.0,1.0,82,0,0,82,185,184,184,0.011509,0.008413,0.026186,1,1,1,2248.0
ecmp,1,98,1,15.426,24.637,1.0,1.0,79,0,0,79,185,185,184,0.011565,0.008624,0.026089,1,1,1,2248.0
ecmp,1,99,11,15.465,24.473,1.0,1.0,81,0,0,81,189,188,188,0.011589,0.0089,0.025905,1,1,1,2248.0
ecmp,1,100,1,15.446,24.628,1.0,1.0,82,0,0,82,189,189,188,0.011619,0.008644,0.026074,1,1,1,2248.0
ecmp,1,101,11,15.511,24.956,1.0,1.0,84,0,0,84,193,192,192,0.011756,0.008354,0.026423,1,1,1,2248.0
ecmp,1,102,1,15.511,24.956,1.0,1.0,84,0,0,84,193,193,192,0.011756,0.008354,0.026423,1,1,1,2248.0
ecmp,1,103,11,15.208,24.284,1.0,1.0,79,0,0,79,197,196,196,0.011501,0.00842,0.025704,1,1,1,2248.0
ecmp,1,104,1,15.345,24.315,1.0,1.0,81,0,0,81,197,197,196,0.011862,0.008474,0.025699,1,1,1,2248.0
ecmp,1,105,11,15.336,24.587,1.0,1.0,82,0,0,82,201,200,200,0.011509,0.00846,0.02604,1,1,1,2248.0
ecmp,1,106,1,15.531,25.119,1.0,1.0,79,0,0,79,201,201,200,0.01149,0.00847,0.026633,1,1,1,2248.0
ecmp,1,107,11,15.511,25.117,1.0,1.0,79,0,0,79,205,204,204,0.011475,0.008424,0.026633,1,1,1,2248.0
ecmp,1,108,1,15.436,24.916,1.0,1.0,81,0,0,81,205,205,204,0.011475,0.008424,0.026409,1,1,1,2248.0
ecmp,1,109,11,15.809,25.076,1.0,1.0,82,0,0,82,209,208,208,0.012373,0.008567,0.026487,1,1,1,2248.0
ecmp,1,110,1,15.551,24.763,1.0,1.0,79,0,0,79,209,209,208,0.011789,0.008659,0.026205,1,1,1,2248.0
ecmp,1,111,11,15.451,24.936,1.0,1.0,80,0,0,80,213,212,212,0.01148,0.008441,0.026431,1,1,1,2248.0
ecmp,1,112,1,15.936,25.548,1.0,1.0,82,0,0,82,213,213,212,0.012325,0.008466,0.027017,1,1,1,2248.0
ecmp,1,113,7,15.936,25.548,1.0,1.0,82,0,0,82,215,215,215,0.012325,0.008466,0.027017,1,1,1,2248.0
ecmp,1,114,4,15.312,24.607,1.0,1.0,84,0,0,84,217,216,216,0.011418,0.008445,0.026073,1,1,1,2248.0
ecmp,1,115,1,15.542,24.782,1.0,1.0,79,0,0,79,217,217,216,0.011966,0.008455,0.026206,1,1,1,2248.0
ecmp,1,116,11,15.494,24.859,1.0,1.0,81,0,0,81,221,220,220,0.011518,0.008623,0.026341,1,1,1,2248.0
ecmp,1,117,1,15.416,24.787,1.0,1.0,82,0,0,82,221,221,220,0.011547,0.008442,0.026258,1,1,1,2248.0
ecmp,1,118,11,15.682,24.869,1.0,1.0,82,0,0,82,225,224,224,0.012371,0.008417,0.026258,1,1,1,2248.0
ecmp,1,119,1,15.877,25.396,1.0,1.0,79,0,0,79,225,225,224,0.012371,0.008417,0.026843,1,1,1,2248.0
ecmp,2,0,0,15.485,25.008,1.0,1.0,0,0,0,0,0,0,0,0.011477,0.008467,0.026511,1,1,1,2324.7
ecmp,2,1,1,15.327,24.599,0.3333,0.3333,81,0,0,81,1,0,0,0.011534,0.008395,0.026051,1,1,1,2324.7
ecmp,2,2,1,15.624,24.551,0.6667,0.6667,76,0,0,76,1,1,0,0.012262,0.008693,0.025917,1,1,1,2324.7
ecmp,2,3,11,15.991,25.454,0.9883,0.9883,78,0,0,78,5,4,4,0.012636,0.008458,0.026878,1,1,1,2324.7
ecmp,2,4,1,15.471,24.96,0.9899,0.9899,79,0,0,79,5,5,4,0.011489,0.008467,0.026457,1,1,1,2324.7
ecmp,2,5,11,15.546,24.983,0.9968,0.9968,79,0,0,79,9,8,8,0.011715,0.008467,0.026457,1,1,1,2324.7
ecmp,2,6,1,15.44,24.739,0.9971,0.9971,76,0,0,76,9,9,8,0.011715,0.008419,0.026186,1,1,1,2324.7
ecmp,2,7,11,15.403,24.692,0.9985,0.9985,78,0,0,78,13,12,12,0.011704,0.00837,0.026135,1,1,1,2324.7
ecmp,2,8,1,15.406,24.898,0.9986,0.9986,79,0,0,79,13,13,12,0.011455,0.00837,0.026392,1,1,1,2324.7
ecmp,2,9,11,15.466,24.882,0.9992,0.9992,76,0,0,76,17,16,16,0.011642,0.008403,0.026353,1,1,1,2324.7
ecmp,2,10,1,15.393,24.743,0.9992,0.9992,77,0,0,77,17,17,16,0.011593,0.008383,0.026204,1,1,1,2324.7
ecmp,2,11,11,15.393,24.743,0.9995,0.9995,77,0,0,77,21,20,20,0.011593,0.008383,0.026204,1,1,1,2324.7
ecmp,2,12,1,15.356,24.741,0.9995,0.9995,79,0,0,79,21,21,20,0.011459,0.008392,0.026217,1,1,1,2324.7
ecmp,2,13,11,15.378,24.74,0.9996,0.9996,80,0,0,80,25,24,24,0.011483,0.008437,0.026213,1,1,1,2324.7
ecmp,2,14,1,15.37,24.771,0.9996,0.9996,76,0,0,76,25,25,24,0.011435,0.008422,0.026253,1,1,1,2324.7
ecmp,2,15,11,15.357,24.619,0.9997,0.9997,78,0,0,78,29,28,28,0.011588,0.008417,0.026067,1,1,1,2324.7
ecmp,2,16,1,15.469,24.652,0.9997,0.9997,78,0,0,78,29,29,28,0.011922,0.008417,0.026067,1,1,1,2324.7
ecmp,2,17,11,15.472,24.679,0.9998,0.9998,79,0,0,79,33,32,32,0.011922,0.008397,0.026096,1,1,1,2324.7
ecmp,2,18,1,15.381,24.681,0.9998,0.9998,76,0,0,76,33,33,32,0.011566,0.008438,0.026138,1,1,1,2324.7
ecmp,2,19,11,15.584,25.317,0.9998,0.9998,77,0,0,77,37,36,36,0.011536,0.008367,0.026848,1,1,1,2324.7
ecmp,2,20,1,15.818,24.848,0.9998,0.9998,79,0,0,79,37,37,36,0.01183,0.009329,0.026295,1,1,1,2324.7
ecmp,2,21,11,15.398,24.719,0.9999,0.9999,76,0,0,76,41,40,40,0.011575,0.008439,0.026179,1,1,1,2324.7
ecmp,2,22,1,15.398,24.719,0.9999,0.9999,76,0,0,76,41,41,40,0.011575,0.008439,0.026179,1,1,1,2324.7
ecmp,2,23,11,15.25,24.212,0.9999,0.9999,77,0,0,77,45,44,44,0.011614,0.008523,0.025612,1,1,1,2324.7
ecmp,2,24,0,15.738,24.744,0.9999,0.9999,79,0,0,79,45,44,44,0.011581,0.009427,0.026207,1,1,1,2324.7
ecmp,2,25,1,15.55,25.016,0.9999,0.9999,80,0,0,80,45,45,44,0.011724,0.008434,0.026493,1,1,1,2324.7
ecmp,2,26,11,15.319,24.506,0.9999,0.9999,76,0,0,76,49,48,48,0.011587,0.00843,0.025941,1,1,1,2324.7
ecmp,2,27,1,15.314,24.5,0.9999,0.9999,76,0,0,76,49,49,48,0.011531,0.008469,0.025941,1,1,1,2324.7
ecmp,2,28,11,15.417,24.778,0.9999,0.9999,76,0,0,76,53,52,52,0.011531,0.008469,0.02625,1,1,1,2324.7
ecmp,2,29,1,15.292,24.52,0.9999,0.9999,77,0,0,77,53,53,52,0.011564,0.008351,0.02596,1,1,1,2324.7
ecmp,2,30,11,15.337,24.411,0.9999,0.9999,73,0,0,73,57,56,56,0.011755,0.008438,0.025817,1,1,1,2324.7
ecmp,2,31,1,15.596,25.266,0.9999,0.9999,74,0,0,74,57,57,56,0.011537,0.00846,0.026791,1,1,1,2324.7
ecmp,2,32,11,15.433,24.64,0.9999,0.9999,76,0,0,76,61,60,60,0.011784,0.008447,0.026068,1,1,1,2324.7
ecmp,2,33,1,15.433,24.64,0.9999,0.9999,76,0,0,76,61,61,60,0.011784,0.008447,0.026068,1,1,1,2324.7
ecmp,2,34,11,15.726,24.676,0.9999,0.9999,72,0,0,72,65,64,64,0.011704,0.009358,0.026117,1,1,1,2324.7
ecmp,2,35,1,15.505,25.018,0.9999,0.9999,74,0,0,74,65,65,64,0.01156,0.008441,0.026513,1,1,1,2324.7
ecmp,2,36,11,15.376,24.66,1.0,1.0,76,0,0,76,69,68,68,0.011576,0.008437,0.026114,1,1,1,2324.7
ecmp,2,37,1,15.371,24.681,1.0,1.0,77,0,0,77,69,69,68,0.011581,0.008394,0.026137,1,1,1,2324.7
ecmp,2,38,11,15.38,24.676,1.0,1.0,77,0,0,77,73,72,72,0.011529,0.008475,0.026137,1,1,1,2324.7
ecmp,2,39,1,15.384,24.687,1.0,1.0,73,0,0,73,73,73,72,0.011529,0.008475,0.026149,1,1,1,2324.7
ecmp,2,40,11,15.262,24.355,1.0,1.0,74,0,0,74,77,76,76,0.011542,0.008465,0.025779,1,1,1,2324.7
ecmp,2,41,1,15.347,24.491,1.0,1.0,76,0,0,76,77,77,76,0.011659,0.008466,0.025917,1,1,1,2324.7
ecmp,2,42,11,15.572,24.918,1.0,1.0,73,0,0,73,81,80,80,0.011927,0.008429,0.026361,1,1,1,2324.7
ecmp,2,43,1,15.515,24.738,1.0,1.0,75,0,0,75,81,81,80,0.011673,0.008682,0.02619,1,1,1,2324.7
ecmp,2,44,11,15.515,24.738,1.0,1.0,75,0,0,75,85,84,84,0.011673,0.008682,0.02619,1,1,1,2324.7
ecmp,2,45,1,15.422,24.717,1.0,1.0,77,0,0,77,85,85,84,0.011685,0.008415,0.026165,1,1,1,2324.7
ecmp,2,46,11,15.547,25.104,1.0,1.0,78,0,0,78,89,88,88,0.011596,0.008441,0.026605,1,1,1,2324.7
ecmp,2,47,1,15.516,24.658,1.0,1.0,75,0,0,75,89,89,88,0.011811,0.008652,0.026085,1,1,1,2324.7
ecmp,2,48,0,15.44,24.886,1.0,1.0,76,0,0,76,89,89,88,0.011441,0.0085,0.02638,1,1,1,2324.7
ecmp,2,49,11,15.248,24.424,1.0,1.0,78,0,0,78,93,92,92,0.011565,0.008327,0.025853,1,1,1,2324.7
ecmp,2,50,1,15.248,24.424,1.0,1.0,78,0,0,78,93,93,92,0.011565,0.008327,0.025853,1,1,1,2324.7
ecmp,2,51,11,15.331,24.598,1.0,1.0,74,0,0,74,97,96,96,0.011606,0.008345,0.026041,1,1,1,2324.7
ecmp,2,52,1,15.36,24.655,1.0,1.0,75,0,0,75,97,97,96,0.011514,0.008451,0.026115,1,1,1,2324.7
ecmp,2,53,11,15.69,24.731,1.0,1.0,77,0,0,77,101,100,100,0.011569,0.009307,0.026193,1,1,1,2324.7
ecmp,2,54,1,15.452,24.904,1.0,1.0,73,0,0,73,101,101,100,0.011536,0.008431,0.026389,1,1,1,2324.7
ecmp,2,55,11,15.45,24.904,1.0,1.0,73,0,0,73,105,104,104,0.011538,0.008422,0.026389,1,1,1,2324.7
ecmp,2,56,1,15.367,24.682,1.0,1.0,75,0,0,75,105,105,104,0.011538,0.008422,0.026142,1,1,1,2324.7
ecmp,2,57,11,15.44,24.704,1.0,1.0,76,0,0,76,109,108,108,0.011549,0.008604,0.026166,1,1,1,2324.7
ecmp,2,58,1,15.939,25.63,1.0,1.0,78,0,0,78,109,109,108,0.012157,0.008534,0.027127,1,1,1,2324.7
ecmp,2,59,11,15.723,25.125,1.0,1.0,76,0,0,76,113,112,112,0.012151,0.008452,0.026567,1,1,1,2324.7
ecmp,2,60,1,15.367,24.613,1.0,1.0,77,0,0,77,113,113,112,0.011555,0.008481,0.026064,1,1,1,2324.7
ecmp,2,61,11,15.44,24.642,1.0,1.0,77,0,0,77,117,116,116,0.01184,0.008417,0.026064,1,1,1,2324.7
ecmp,2,62,1,15.314,24.3,1.0,1.0,79,0,0,79,117,117,116,0.01184,0.008417,0.025684,1,1,1,2324.7
ecmp,2,63,11,15.587,24.874,1.0,1.0,76,0,0,76,121,120,120,0.011583,0.008827,0.026351,1,1,1,2324.7
ecmp,2,64,1,15.72,25.163,1.0,1.0,78,0,0,78,121,121,120,0.011542,0.008941,0.026676,1,1,1,2324.7
ecmp,2,65,11,15.6,24.93,1.0,1.0,79,0,0,79,125,124,124,0.01175,0.008654,0.026395,1,1,1,2324.7
ecmp,2,66,1,15.501,24.993,1.0,1.0,78,0,0,78,125,125,124,0.011534,0.00848,0.026488,1,1,1,2324.7
ecmp,2,67,11,15.503,24.993,1.0,1.0,78,0,0,78,129,128,128,0.011542,0.00848,0.026488,1,1,1,2324.7
ecmp,2,68,1,15.516,24.938,1.0,1.0,80,0,0,80,129,129,128,0.011542,0.008581,0.026426,1,1,1,2324.7
ecmp,2,69,11,15.344,24.621,1.0,1.0,81,0,0,81,133,132,132,0.011645,0.008325,0.026063,1,1,1,2324.7
ecmp,2,70,1,15.485,24.994,1.0,1.0,83,0,0,83,133,133,132,0.011518,0.008447,0.026491,1,1,1,2324.7
ecmp,2,71,7,15.64,25.179,1.0,1.0,79,0,0,79,135,135,135,0.011727,0.008518,0.026674,1,1,1,2324.7
ecmp,2,72,4,15.447,24.828,1.0,1.0,81,0,0,81,137,136,136,0.01158,0.00846,0.0263,1,1,1,2324.7
ecmp,2,73,1,15.708,24.906,1.0,1.0,81,0,0,81,137,137,136,0.012365,0.00846,0.0263,1,1,1,2324.7
ecmp,2,74,11,15.786,24.971,1.0,1.0,83,0,0,83,141,140,140,0.012365,0.008622,0.026372,1,1,1,2324.7
ecmp,2,75,1,15.355,24.606,1.0,1.0,79,0,0,79,141,141,140,0.01159,0.008423,0.026052,1,1,1,2324.7
ecmp,2,76,11,15.598,25.205,1.0,1.0,81,0,0,81,145,144,144,0.011784,0.008314,0.026696,1,1,1,2324.7
ecmp,2,77,1,15.466,24.59,1.0,1.0,82,0,0,82,145,145,144,0.011924,0.008476,0.025997,1,1,1,2324.7
ecmp,2,78,11,15.431,24.891,1.0,1.0,84,0,0,84,149,148,148,0.011493,0.00842,0.02638,1,1,1,2324.7
ecmp,2,79,1,15.431,24.891,1.0,1.0,84,0,0,84,149,149,148,0.011493,0.00842,0.02638,1,1,1,2324.7
ecmp,2,80,11,15.449,24.734,1.0,1.0,80,0,0,80,153,152,152,0.011514,0.00863,0.026203,1,1,1,2324.7
ecmp,2,81,1,15.402,24.827,1.0,1.0,82,0,0,82,153,153,152,0.011547,0.008357,0.026303,1,1,1,2324.7
ecmp,2,82,11,15.393,24.746,1.0,1.0,84,0,0,84,157,156,156,0.011611,0.008362,0.026205,1,1,1,2324.7
ecmp,2,83,1,15.474,24.857,1.0,1.0,79,0,0,79,157,157,156,0.011629,0.008466,0.026327,1,1,1,2324.7
ecmp,2,84,11,15.436,24.85,1.0,1.0,79,0,0,79,161,160,160,0.011554,0.008426,0.026327,1,1,1,2324.7
ecmp,2,85,1,15.485,24.984,1.0,1.0,81,0,0,81,161,161,160,0.011554,0.008426,0.026476,1,1,1,2324.7
ecmp,2,86,11,15.469,24.95,1.0,1.0,82,0,0,82,165,164,164,0.011556,0.008412,0.026438,1,1,1,2324.7
ecmp,2,87,1,15.563,25.044,1.0,1.0,79,0,0,79,165,165,164,0.011568,0.008581,0.026541,1,1,1,2324.7
ecmp,2,88,11,15.47,24.761,1.0,1.0,80,0,0,80,169,168,168,0.011791,0.008417,0.026202,1,1,1,2324.7
ecmp,2,89,1,15.371,24.696,1.0,1.0,82,0,0,82,169,169,168,0.011496,0.008454,0.026163,1,1,1,2324.7
ecmp,2,90,11,15.358,24.697,1.0,1.0,82,0,0,82,173,172,172,0.011503,0.008409,0.026163,1,1,1,2324.7
ecmp,2,91,1,15.411,24.838,1.0,1.0,84,0,0,84,173,173,172,0.011503,0.008409,0.02632,1,1,1,2324.7
ecmp,2,92,11,15.217,24.317,1.0,1.0,80,0,0,80,177,176,176,0.011426,0.008477,0.025749,1,1,1,2324.7
ecmp,2,93,0,15.586,24.527,1.0,1.0,82,0,0,82,177,176,176,0.011561,0.009228,0.025968,1,1,1,2324.7
ecmp,2,94,1,15.453,24.621,1.0,1.0,83,0,0,83,177,177,176,0.011539,0.008744,0.026075,1,1,1,2324.7
ecmp,2,95,11,15.711,24.784,1.0,1.0,79,0,0,79,181,180,180,0.012528,0.008458,0.026146,1,1,1,2324.7
ecmp,2,96,1,15.369,24.686,1.0,1.0,79,0,0,79,181,181,180,0.011545,0.008416,0.026146,1,1,1,2324.7
ecmp,2,97,11,15.421,24.825,1.0,1.0,80,0,0,80,185,184,184,0.011545,0.008416,0.026301,1,1,1,2324.7
ecmp,2,98,1,15.441,24.892,1.0,1.0,82,0,0,82,185,185,184,0.011476,0.008465,0.026383,1,1,1,2324.7
ecmp,2,99,11,15.478,24.639,1.0,1.0,84,0,0,84,189,188,188,0.011966,0.008421,0.026047,1,1,1,2324.7
ecmp,2,100,1,15.412,24.779,1.0,1.0,80,0,0,80,189,189,188,0.01157,0.00842,0.026247,1,1,1,2324.7
ecmp,2,101,11,15.48,25.007,1.0,1.0,82,0,0,82,193,192,192,0.011549,0.008388,0.026502,1,1,1,2324.7
ecmp,2,102,1,15.487,25.009,1.0,1.0,82,0,0,82,193,193,192,0.01157,0.008388,0.026502,1,1,1,2324.7
ecmp,2,103,11,15.417,24.733,1.0,1.0,83,0,0,83,197,196,196,0.01157,0.008484,0.026196,1,1,1,2324.7
ecmp,2,104,1,16.087,25.544,1.0,1.0,80,0,0,80,197,197,196,0.01243,0.008831,0.027001,1,1,1,2324.7
ecmp,2,105,11,15.385,24.598,1.0,1.0,81,0,0,81,201,200,200,0.011664,0.008457,0.026035,1,1,1,2324.7
ecmp,2,106,1,15.447,24.754,1.0,1.0,83,0,0,83,201,201,200,0.011664,0.00847,0.026208,1,1,1,2324.7
ecmp,2,107,11,15.519,25.084,1.0,1.0,79,0,0,79,205,204,204,0.011564,0.008408,0.026586,1,1,1,2324.7
ecmp,2,108,1,15.506,25.08,1.0,1.0,79,0,0,79,205,205,204,0.011524,0.008408,0.026586,1,1,1,2324.7
ecmp,2,109,11,15.328,24.543,1.0,1.0,80,0,0,80,209,208,208,0.011524,0.00847,0.02599,1,1,1,2324.7
ecmp,2,110,1,15.444,24.67,1.0,1.0,82,0,0,82,209,209,208,0.011788,0.008443,0.026101,1,1,1,2324.7
ecmp,2,111,11,15.4,24.733,1.0,1.0,83,0,0,83,213,212,212,0.011589,0.008417,0.026194,1,1,1,2324.7
ecmp,2,112,1,15.434,24.911,1.0,1.0,80,0,0,80,213,213,212,0.011461,0.008435,0.026405,1,1,1,2324.7
ecmp,2,113,11,15.387,24.673,1.0,1.0,81,0,0,81,217,216,216,0.011577,0.008455,0.026128,1,1,1,2324.7
ecmp,2,114,1,15.387,24.673,1.0,1.0,81,0,0,81,217,217,216,0.011577,0.008455,0.026128,1,1,1,2324.7
ecmp,2,115,7,15.301,24.392,1.0,1.0,82,0,0,82,219,219,219,0.011672,0.008426,0.025805,1,1,1,2324.7
ecmp,2,116,4,15.605,24.427,1.0,1.0,79,0,0,79,221,220,220,0.01171,0.009266,0.02584,1,1,1,2324.7
ecmp,2,117,1,15.383,24.666,1.0,1.0,80,0,0,80,221,221,220,0.011567,0.00846,0.026121,1,1,1,2324.7
ecmp,2,118,11,15.472,24.642,1.0,1.0,82,0,0,82,225,224,224,0.011922,0.00844,0.026055,1,1,1,2324.7
ecmp,2,119,1,15.467,24.625,1.0,1.0,82,0,0,82,225,225,224,0.01176,0.008585,0.026055,1,1,1,2324.7
drl,1,0,0,15.371,24.686,1.0,1.0,0,0,0,0,0,0,0,0.011514,0.00845,0.02615,1,1,1,2270.6
drl,1,1,1,15.439,24.662,0.3333,0.3333,78,0,0,78,1,0,0,0.011574,0.008626,0.026116,1,1,1,2270.6
drl,1,2,1,15.439,24.662,0.6667,0.6667,78,0,0,78,1,1,0,0.011574,0.008626,0.026116,1,1,1,2270.6
drl,1,3,1,15.372,24.711,0.6,0.6,73,0,0,73,1,2,0,0.011637,0.008314,0.026164,1,1,1,2270.6
drl,1,4,1,15.39,24.437,0.5333,0.5333,74,0,0,74,1,3,0,0.011896,0.008443,0.025831,1,1,1,2270.6
drl,1,5,1,15.387,24.779,0.4902,0.4902,75,0,0,75,1,4,0,0.011571,0.008344,0.026247,1,1,1,2270.6
drl,1,6,1,15.353,24.595,0.4615,0.4615,76,0,0,76,1,5,0,0.011562,0.008454,0.026043,1,1,1,2270.6
drl,1,7,1,15.819,25.332,0.4414,0.4414,72,0,0,72,1,6,0,0.012294,0.008381,0.026781,1,1,1,2270.6
drl,1,8,1,15.819,25.332,0.4267,0.4267,72,0,0,72,1,7,0,0.012294,0.008381,0.026781,1,1,1,2270.6
drl,1,9,1,15.436,24.847,0.4154,0.4154,73,0,0,73,1,8,0,0.011593,0.008396,0.02632,1,1,1,2270.6
drl,1,10,1,15.422,24.563,0.4065,0.4065,74,0,0,74,1,9,0,0.011843,0.008446,0.025976,1,1,1,2270.6
drl,1,11,1,15.435,24.908,0.3993,0.3993,71,0,0,71,1,10,0,0.011561,0.008354,0.026391,1,1,1,2270.6
drl,1,12,1,15.505,25.029,0.3934,0.3934,72,0,0,72,1,11,0,0.011546,0.008442,0.026527,1,1,1,2270.6
drl,1,13,1,15.486,25.028,0.3885,0.3885,72,0,0,72,1,12,0,0.011535,0.008397,0.026527,1,1,1,2270.6
drl,1,14,1,15.343,24.642,0.3843,0.3843,73,0,0,73,1,13,0,0.011535,0.008397,0.026098,1,1,1,2270.6
drl,1,15,1,15.633,24.925,0.3807,0.3807,74,0,0,74,1,14,0,0.012015,0.008525,0.02636,1,1,1,2270.6
drl,1,16,1,15.415,24.842,0.3776,0.3776,69,0,0,69,1,15,0,0.011479,0.00844,0.026327,1,1,1,2270.6
drl,1,17,1,15.383,24.685,0.3748,0.3748,70,0,0,70,1,16,0,0.011583,0.008424,0.026141,1,1,1,2270.6
drl,1,18,1,15.814,25.853,0.3724,0.3724,71,0,0,71,1,17,0,0.011549,0.008452,0.027442,1,1,1,2270.6
drl,1,19,1,15.788,25.845,0.3703,0.3703,71,0,0,71,1,18,0,0.011468,0.008453,0.027442,1,1,1,2270.6
drl,1,20,1,15.344,24.646,0.3683,0.3683,67,0,0,67,1,19,0,0.011468,0.008453,0.02611,1,1,1,2270.6
drl,1,21,1,15.353,24.625,0.3666,0.3666,68,0,0,68,1,20,0,0.01153,0.00845,0.02608,1,1,1,2270.6
drl,1,22,1,15.287,24.423,0.365,0.365,69,0,0,69,1,21,0,0.011612,0.008401,0.025847,1,1,1,2270.6
drl,1,23,1,15.349,24.682,0.3636,0.3636,65,0,0,65,1,22,0,0.011484,0.008416,0.026148,1,1,1,2270.6
drl,1,24,1,15.429,24.807,0.3623,0.3623,66,0,0,66,1,23,0,0.011618,0.008398,0.026272,1,1,1,2270.6
drl,1,25,1,15.426,24.802,0.3611,0.3611,66,0,0,66,1,24,0,0.011572,0.008433,0.026272,1,1,1,2270.6
drl,1,26,1,15.5,25.002,0.36,0.36,67,0,0,67,1,25,0,0.011572,0.008433,0.026494,1,1,1,2270.6
drl,1,27,1,15.587,25.027,0.3589,0.3589,68,0,0,68,1,26,0,0.011496,0.008735,0.02653,1,1,1,2270.6
drl,1,28,1,15.69,24.724,0.358,0.358,64,0,0,64,1,27,0,0.011576,0.009308,0.026185,1,1,1,2270.6
drl,1,29,1,15.587,25.232,0.3571,0.3571,65,0,0,65,1,28,0,0.011598,0.008415,0.026747,1,1,1,2270.6
drl,1,30,1,15.647,25.267,0.3563,0.3563,66,0,0,66,1,29,0,0.011772,0.008403,0.026766,1,1,1,2270.6
drl,1,31,1,15.634,25.263,0.3555,0.3555,66,0,0,66,1,30,0,0.011732,0.008403,0.026766,1,1,1,2270.6
drl,1,32,1,15.314,24.44,0.3548,0.3548,62,0,0,62,1,31,0,0.011732,0.008357,0.025852,1,1,1,2270.6
drl,1,33,1,15.223,24.32,0.3541,0.3541,63,0,0,63,1,32,0,0.011458,0.008463,0.025749,1,1,1,2270.6
drl,1,34,1,15.271,24.449,0.3535,0.3535,64,0,0,64,1,33,0,0.011499,0.008427,0.025888,1,1,1,2270.6
drl,1,35,1,15.395,24.521,0.3529,0.3529,59,0,0,59,1,34,0,0.011567,0.008659,0.02596,1,1,1,2270.6
drl,1,36,1,15.452,24.672,0.3524,0.3524,60,0,0,60,1,35,0,0.01151,0.008713,0.026134,1,1,1,2270.6
drl,1,37,1,15.452,24.672,0.3518,0.3518,60,0,0,60,1,36,0,0.01151,0.008713,0.026134,1,1,1,2270.6
drl,1,38,1,15.747,24.936,0.3513,0.3513,61,0,0,61,1,37,0,0.011463,0.009346,0.026433,1,1,1,2270.6
drl,1,39,1,15.337,24.561,0.3509,0.3509,62,0,0,62,1,38,0,0.011578,0.00843,0.026004,1,1,1,2270.6
drl,1,40,0,15.33,24.486,0.3509,0.3509,58,0,0,58,1,38,0,0.011654,0.008424,0.025912,1,1,1,2270.6
drl,1,41,1,15.672,25.184,0.3504,0.3504,59,0,0,59,1,39,0,0.011766,0.008575,0.026675,1,1,1,2270.6
drl,1,42,1,15.4,24.669,0.35,0.35,60,0,0,60,1,40,0,0.011635,0.008447,0.026117,1,1,1,2270.6
drl,1,43,1,15.4,24.669,0.3496,0.3496,60,0,0,60,1,41,0,0.011635,0.008447,0.026117,1,1,1,2270.6
drl,1,44,1,15.572,24.869,0.3492,0.3492,55,0,0,55,1,42,0,0.011776,0.008616,0.026324,1,1,1,2270.6
drl,1,45,1,15.438,24.8,0.3488,0.3488,56,0,0,56,1,43,0,0.011539,0.008501,0.026274,1,1,1,2270.6
drl,1,46,1,15.316,24.52,0.3485,0.3485,57,0,0,57,1,44,0,0.011531,0.008453,0.025963,1,1,1,2270.6
drl,1,47,1,15.437,25.031,0.3481,0.3481,58,0,0,58,1,45,0,0.011491,0.008285,0.026535,1,1,1,2270.6
drl,1,48,1,15.723,25.099,0.3478,0.3478,54,0,0,54,1,46,0,0.011513,0.009048,0.026609,1,1,1,2270.6
drl,1,49,1,15.723,25.099,0.3475,0.3475,54,0,0,54,1,47,0,0.011513,0.009048,0.026609,1,1,1,2270.6
drl,1,50,1,15.355,24.695,0.3472,0.3472,55,0,0,55,1,48,0,0.011559,0.008352,0.026155,1,1,1,2270.6
drl,1,51,1,15.606,25.286,0.3469,0.3469,56,0,0,56,1,49,0,0.011559,0.008449,0.026811,1,1,1,2270.6
drl,1,52,1,15.384,24.778,0.3467,0.3467,52,0,0,52,1,50,0,0.011448,0.008445,0.026259,1,1,1,2270.6
drl,1,53,1,15.639,25.073,0.3464,0.3464,53,0,0,53,1,51,0,0.012001,0.008391,0.026525,1,1,1,2270.6
drl,1,54,1,15.613,25.055,0.3461,0.3461,53,0,0,53,1,52,0,0.01182,0.008495,0.026525,1,1,1,2270.6
drl,1,55,1,15.427,24.55,0.3459,0.3459,54,0,0,54,1,53,0,0.01182,0.008495,0.025965,1,1,1,2270.6
drl,1,56,1,15.406,24.58,0.3457,0.3457,49,0,0,49,1,54,0,0.011778,0.008436,0.026003,1,1,1,2270.6
drl,1,57,1,15.368,24.527,0.3455,0.3455,50,0,0,50,1,55,0,0.011712,0.008441,0.025951,1,1,1,2270.6
drl,1,58,1,15.538,24.418,0.3452,0.3452,51,0,0,51,1,56,0,0.01156,0.009207,0.025847,1,1,1,2270.6
drl,1,59,1,15.401,24.703,0.345,0.345,52,0,0,52,1,57,0,0.011547,0.008491,0.026165,1,1,1,2270.6
drl,1,60,1,15.357,24.699,0.3448,0.3448,52,0,0,52,1,58,0,0.011508,0.008398,0.026165,1,1,1,2270.6
drl,1,61,1,15.324,24.609,0.3446,0.3446,51,0,0,51,1,59,0,0.011508,0.008398,0.026065,1,1,1,2270.6
drl,1,62,1,15.52,25.108,0.3444,0.3444,52,0,0,52,1,60,0,0.01145,0.008484,0.026626,1,1,1,2270.6
drl,1,63,1,15.361,24.608,0.3443,0.3443,53,0,0,53,1,61,0,0.011577,0.008451,0.026056,1,1,1,2270.6
drl,1,64,1,15.436,24.955,0.3441,0.3441,50,0,0,50,1,62,0,0.011477,0.008379,0.026453,1,1,1,2270.6
drl,1,65,1,15.342,24.618,0.3439,0.3439,51,0,0,51,1,63,0,0.011442,0.008501,0.026082,1,1,1,2270.6
drl,1,66,1,15.297,24.618,0.3437,0.3437,51,0,0,51,1,64,0,0.011442,0.008367,0.026082,1,1,1,2270.6
drl,1,67,1,15.36,24.789,0.3436,0.3436,52,0,0,52,1,65,0,0.011442,0.008367,0.026272,1,1,1,2270.6
drl,1,68,1,15.317,24.485,0.3434,0.3434,53,0,0,53,1,66,0,0.011635,0.008403,0.025913,1,1,1,2270.6
drl,1,69,1,15.567,24.75,0.3433,0.3433,51,0,0,51,1,67,0,0.011806,0.008706,0.026188,1,1,1,2270.6
drl,1,70,1,15.426,24.661,0.3431,0.3431,52,0,0,52,1,68,0,0.011737,0.008445,0.026097,1,1,1,2270.6
drl,1,71,1,15.476,24.933,0.343,0.343,53,0,0,53,1,69,0,0.011482,0.008517,0.026428,1,1,1,2270.6
drl,1,72,1,15.488,24.937,0.3429,0.3429,53,0,0,53,1,70,0,0.011518,0.008517,0.026428,1,1,1,2270.6
drl,1,73,1,15.386,24.742,0.3427,0.3427,51,0,0,51,1,71,0,0.011518,0.00843,0.026211,1,1,1,2270.6
drl,1,74,1,15.365,24.643,0.3426,0.3426,52,0,0,52,1,72,0,0.011508,0.008486,0.026102,1,1,1,2270.6
drl,1,75,1,15.46,24.873,0.3425,0.3425,53,0,0,53,1,73,0,0.011617,0.008417,0.026346,1,1,1,2270.6
drl,1,76,1,15.405,24.757,0.3423,0.3423,50,0,0,50,1,74,0,0.011559,0.008431,0.026224,1,1,1,2270.6
drl,1,77,1,15.676,24.795,0.3422,0.3422,51,0,0,51,1,75,0,0.011515,0.009243,0.026271,1,1,1,2270.6
drl,1,78,1,15.694,24.801,0.3421,0.3421,51,0,0,51,1,76,0,0.011569,0.009243,0.026271,1,1,1,2270.6
drl,1,79,1,15.571,24.407,0.342,0.342,52,0,0,52,1,77,0,0.011569,0.00931,0.025833,1,1,1,2270.6
drl,1,80,1,15.358,24.646,0.3419,0.3419,53,0,0,53,1,78,0,0.011537,0.008434,0.026102,1,1,1,2270.6
drl,1,81,0,15.359,24.604,0.3419,0.3419,51,0,0,51,1,78,0,0.011549,0.008474,0.026054,1,1,1,2270.6
drl,1,82,1,15.304,24.504,0.3418,0.3418,52,0,0,52,1,79,0,0.011487,0.008475,0.02595,1,1,1,2270.6
drl,1,83,1,15.414,24.851,0.3417,0.3417,53,0,0,53,1,80,0,0.011418,0.008481,0.026344,1,1,1,2270.6
drl,1,84,1,15.454,24.863,0.3416,0.3416,53,0,0,53,1,81,0,0.011537,0.008481,0.026344,1,1,1,2270.6
drl,1,85,1,15.461,24.934,0.3415,0.3415,51,0,0,51,1,82,0,0.011537,0.008424,0.026422,1,1,1,2270.6
drl,1,86,1,15.433,24.72,0.3414,0.3414,52,0,0,52,1,83,0,0.011611,0.008512,0.026177,1,1,1,2270.6
drl,1,87,1,15.301,24.437,0.3413,0.3413,53,0,0,53,1,84,0,0.011558,0.008476,0.025868,1,1,1,2270.6
drl,1,88,1,15.358,24.629,0.3412,0.3412,54,0,0,54,1,85,0,0.011518,0.00847,0.026086,1,1,1,2270.6
drl,1,89,1,15.389,24.557,0.3411,0.3411,51,0,0,51,1,86,0,0.011754,0.008432,0.02598,1,1,1,2270.6
drl,1,90,1,15.389,24.557,0.341,0.341,51,0,0,51,1,87,0,0.011754,0.008432,0.02598,1,1,1,2270.6
drl,1,91,1,15.61,24.925,0.3409,0.3409,52,0,0,52,1,88,0,0.011713,0.008723,0.026393,1,1,1,2270.6
drl,1,92,1,15.496,24.821,0.3408,0.3408,53,0,0,53,1,89,0,0.011771,0.008446,0.026271,1,1,1,2270.6
drl,1,93,1,15.578,25.075,0.3407,0.3407,51,0,0,51,1,90,0,0.011685,0.008487,0.026563,1,1,1,2270.6
drl,1,94,1,15.453,24.685,0.3407,0.3407,52,0,0,52,1,91,0,0.011818,0.008426,0.026115,1,1,1,2270.6
drl,1,95,1,15.514,25.084,0.3406,0.3406,53,0,0,53,1,92,0,0.011529,0.008423,0.02659,1,1,1,2270.6
drl,1,96,1,15.514,25.084,0.3405,0.3405,53,0,0,53,1,93,0,0.011529,0.008423,0.02659,1,1,1,2270.6
drl,1,97,1,15.462,24.495,0.3404,0.3404,50,0,0,50,1,94,0,0.011576,0.008878,0.025931,1,1,1,2270.6
drl,1,98,1,15.473,24.961,0.3404,0.3404,51,0,0,51,1,95,0,0.011529,0.008436,0.026454,1,1,1,2270.6
drl,1,99,1,15.457,24.759,0.3403,0.3403,52,0,0,52,1,96,0,0.011759,0.008407,0.026204,1,1,1,2270.6
drl,1,100,1,15.525,24.978,0.3402,0.3402,53,0,0,53,1,97,0,0.011771,0.008358,0.026445,1,1,1,2270.6
drl,1,101,1,15.474,24.957,0.3401,0.3401,53,0,0,53,1,98,0,0.011567,0.008409,0.026445,1,1,1,2270.6
drl,1,102,1,15.406,24.775,0.3401,0.3401,51,0,0,51,1,99,0,0.011567,0.008409,0.026243,1,1,1,2270.6
drl,1,103,1,15.147,24.182,0.34,0.34,52,0,0,52,1,100,0,0.011558,0.008299,0.025585,1,1,1,2270.6
drl,1,104,1,15.394,24.646,0.3399,0.3399,53,0,0,53,1,101,0,0.011661,0.008432,0.026089,1,1,1,2270.6
drl,1,105,1,15.442,24.845,0.3399,0.3399,51,0,0,51,1,102,0,0.011556,0.008448,0.026322,1,1,1,2270.6
drl,1,106,1,15.401,24.536,0.3398,0.3398,52,0,0,52,1,103,0,0.011586,0.008642,0.025975,1,1,1,2270.6
drl,1,107,1,15.413,24.55,0.3397,0.3397,52,0,0,52,1,104,0,0.01172,0.008545,0.025975,1,1,1,2270.6
drl,1,108,1,15.518,24.833,0.3397,0.3397,53,0,0,53,1,105,0,0.01172,0.008545,0.02629,1,1,1,2270.6
drl,1,109,1,15.506,24.791,0.3396,0.3396,54,0,0,54,1,106,0,0.011859,0.008432,0.026228,1,1,1,2270.6
drl,1,110,1,15.501,24.756,0.3396,0.3396,51,0,0,51,1,107,0,0.011904,0.008416,0.026184,1,1,1,2270.6
drl,1,111,1,15.685,25.174,0.3395,0.3395,52,0,0,52,1,108,0,0.011892,0.008512,0.02665,1,1,1,2270.6
drl,1,112,1,15.361,24.733,0.3394,0.3394,53,0,0,53,1,109,0,0.011586,0.008303,0.026194,1,1,1,2270.6
drl,1,113,1,15.414,24.73,0.3394,0.3394,53,0,0,53,1,110,0,0.011555,0.008492,0.026194,1,1,1,2270.6
drl,1,114,1,15.409,24.717,0.3393,0.3393,51,0,0,51,1,111,0,0.011555,0.008492,0.026179,1,1,1,2270.6
drl,1,115,1,15.482,24.991,0.3393,0.3393,52,0,0,52,1,112,0,0.011494,0.008462,0.026491,1,1,1,2270.6
drl,1,116,1,15.398,24.734,0.3392,0.3392,53,0,0,53,1,113,0,0.011567,0.008431,0.026197,1,1,1,2270.6
drl,1,117,1,15.321,24.62,0.3392,0.3392,50,0,0,50,1,114,0,0.011449,0.008429,0.026084,1,1,1,2270.6
drl,1,118,1,15.264,24.512,0.3391,0.3391,51,0,0,51,1,115,0,0.011446,0.008381,0.025964,1,1,1,2270.6
drl,1,119,1,15.369,24.516,0.3391,0.3391,51,0,0,51,1,116,0,0.01148,0.008662,0.025964,1,1,1,2270.6
drl,2,0,0,15.402,24.824,1.0,1.0,0,0,0,0,0,0,0,0.011437,0.008456,0.026312,1,1,1,2446.8
drl,2,1,1,15.411,24.641,0.3333,0.3333,52,0,0,52,1,0,0,0.011739,0.008418,0.026075,1,1,1,2446.8
drl,2,2,2,15.449,24.767,0.6,0.6,53,0,0,53,1,2,0,0.011541,0.008568,0.026237,1,1,1,2446.8
drl,2,3,0,15.585,24.697,0.6,0.6,54,0,0,54,1,2,0,0.011535,0.009061,0.026159,1,1,1,2446.8
drl,2,4,1,15.499,25.055,0.5333,0.5333,51,0,0,51,1,3,0,0.011562,0.008382,0.026554,1,1,1,2446.8
drl,2,5,1,15.499,25.055,0.4902,0.4902,51,0,0,51,1,4,0,0.011562,0.008382,0.026554,1,1,1,2446.8
drl,2,6,1,15.332,24.551,0.4615,0.4615,52,0,0,52,1,5,0,0.011531,0.008468,0.025998,1,1,1,2446.8
drl,2,7,1,15.363,24.788,0.4414,0.4414,53,0,0,53,1,6,0,0.011417,0.008397,0.026274,1,1,1,2446.8
drl,2,8,1,15.379,24.681,0.4267,0.4267,51,0,0,51,1,7,0,0.011578,0.008423,0.026137,1,1,1,2446.8
drl,2,9,1,15.439,24.933,0.4154,0.4154,52,0,0,52,1,8,0,0.011496,0.008395,0.026426,1,1,1,2446.8
drl,2,10,1,15.476,24.937,0.4065,0.4065,52,0,0,52,1,9,0,0.011538,0.008463,0.026426,1,1,1,2446.8
drl,2,11,1,15.392,24.71,0.3993,0.3993,53,0,0,53,1,10,0,0.011538,0.008463,0.026174,1,1,1,2446.8
drl,2,12,1,15.639,24.803,0.3934,0.3934,50,0,0,50,1,11,0,0.011493,0.009141,0.026282,1,1,1,2446.8
drl,2,13,1,15.617,25.375,0.3885,0.3885,51,0,0,51,1,12,0,0.0115,0.008434,0.026917,1,1,1,2446.8
drl,2,14,1,15.254,24.424,0.3843,0.3843,52,0,0,52,1,13,0,0.011443,0.008453,0.025866,1,1,1,2446.8
drl,2,15,1,15.372,24.457,0.3807,0.3807,53,0,0,53,1,14,0,0.011521,0.008702,0.025894,1,1,1,2446.8
drl,2,16,1,15.276,24.452,0.3776,0.3776,53,0,0,53,1,15,0,0.011473,0.008461,0.025894,1,1,1,2446.8
drl,2,17,1,15.595,25.312,0.3748,0.3748,51,0,0,51,1,16,0,0.011473,0.008461,0.02685,1,1,1,2446.8
drl,2,18,1,15.486,24.963,0.3724,0.3724,52,0,0,52,1,17,0,0.011564,0.008442,0.026452,1,1,1,2446.8
drl,2,19,1,15.341,24.643,0.3703,0.3703,53,0,0,53,1,18,0,0.011449,0.008466,0.026109,1,1,1,2446.8
drl,2,20,1,15.42,24.729,0.3683,0.3683,51,0,0,51,1,19,0,0.011577,0.008494,0.02619,1,1,1,2446.8
drl,2,21,1,15.425,24.65,0.3666,0.3666,52,0,0,52,1,20,0,0.011521,0.008645,0.026109,1,1,1,2446.8
drl,2,22,1,15.418,24.672,0.365,0.365,52,0,0,52,1,21,0,0.011738,0.008407,0.026109,1,1,1,2446.8
drl,2,23,1,15.437,24.723,0.3636,0.3636,53,0,0,53,1,22,0,0.011738,0.008407,0.026166,1,1,1,2446.8
drl,2,24,1,15.478,24.944,0.3623,0.3623,54,0,0,54,1,23,0,0.011547,0.008454,0.026433,1,1,1,2446.8
drl,2,25,1,15.559,25.235,0.3611,0.3611,51,0,0,51,1,24,0,0.01148,0.008433,0.026763,1,1,1,2446.8
drl,2,26,1,15.438,24.814,0.36,0.36,52,0,0,52,1,25,0,0.011621,0.008413,0.02628,1,1,1,2446.8
drl,2,27,1,15.361,24.827,0.3589,0.3589,53,0,0,53,1,26,0,0.011312,0.008443,0.026329,1,1,1,2446.8
drl,2,28,1,15.488,24.865,0.358,0.358,53,0,0,53,1,27,0,0.011691,0.008443,0.026329,1,1,1,2446.8
drl,2,29,1,15.433,24.779,0.3571,0.3571,51,0,0,51,1,28,0,0.011691,0.008375,0.026233,1,1,1,2446.8
drl,2,30,1,15.396,24.725,0.3563,0.3563,52,0,0,52,1,29,0,0.011539,0.008459,0.02619,1,1,1,2446.8
drl,2,31,1,15.48,24.854,0.3555,0.3555,53,0,0,53,1,30,0,0.01155,0.008558,0.026332,1,1,1,2446.8
drl,2,32,1,15.483,24.646,0.3548,0.3548,50,0,0,50,1,31,0,0.011564,0.008784,0.0261,1,1,1,2446.8
drl,2,33,1,15.422,24.847,0.3541,0.3541,51,0,0,51,1,32,0,0.011482,0.008452,0.026332,1,1,1,2446.8
drl,2,34,1,15.45,24.855,0.3535,0.3535,51,0,0,51,1,33,0,0.011566,0.008452,0.026332,1,1,1,2446.8
drl,2,35,1,15.407,24.728,0.3529,0.3529,52,0,0,52,1,34,0,0.011566,0.008464,0.02619,1,1,1,2446.8
drl,2,36,1,15.322,24.507,0.3524,0.3524,53,0,0,53,1,35,0,0.011574,0.008447,0.025944,1,1,1,2446.8
drl,2,37,1,15.764,25.6,0.3518,0.3518,51,0,0,51,1,36,0,0.011828,0.008333,0.02713,1,1,1,2446.8
drl,2,38,0,15.517,24.993,0.3518,0.3518,52,0,0,52,1,36,0,0.011686,0.008392,0.026472,1,1,1,2446.8
drl,2,39,1,15.406,24.519,0.3513,0.3513,53,0,0,53,1,37,0,0.01153,0.008727,0.025962,1,1,1,2446.8
drl,2,40,1,15.406,24.519,0.3509,0.3509,53,0,0,53,1,38,0,0.01153,0.008727,0.025962,1,1,1,2446.8
drl,2,41,1,15.446,24.818,0.3504,0.3504,51,0,0,51,1,39,0,0.011617,0.008436,0.026285,1,1,1,2446.8
drl,2,42,1,15.653,24.685,0.35,0.35,52,0,0,52,1,40,0,0.01156,0.009256,0.026143,1,1,1,2446.8
drl,2,43,1,15.475,24.983,0.3496,0.3496,53,0,0,53,1,41,0,0.011557,0.008392,0.026475,1,1,1,2446.8
drl,2,44,1,15.392,24.749,0.3492,0.3492,50,0,0,50,1,42,0,0.011544,0.008416,0.026216,1,1,1,2446.8
drl,2,45,1,15.599,24.943,0.3488,0.3488,51,0,0,51,1,43,0,0.011494,0.008867,0.026437,1,1,1,2446.8
drl,2,46,1,15.599,24.943,0.3485,0.3485,51,0,0,51,1,44,0,0.011494,0.008867,0.026437,1,1,1,2446.8
drl,2,47,1,15.212,24.222,0.3481,0.3481,52,0,0,52,1,45,0,0.011564,0.008444,0.025629,1,1,1,2446.8
drl,2,48,1,15.514,24.707,0.3478,0.3478,53,0,0,53,1,46,0,0.011568,0.008808,0.026167,1,1,1,2446.8
drl,2,49,1,15.352,24.582,0.3475,0.3475,51,0,0,51,1,47,0,0.011558,0.008468,0.026029,1,1,1,2446.8
drl,2,50,1,15.426,24.542,0.3472,0.3472,52,0,0,52,1,48,0,0.01151,0.008777,0.02599,1,1,1,2446.8
drl,2,51,1,15.694,24.568,0.3469,0.3469,52,0,0,52,1,49,0,0.01177,0.009321,0.02599,1,1,1,2446.8
drl,2,52,1,15.864,25.027,0.3467,0.3467,53,0,0,53,1,50,0,0.01177,0.009321,0.0265,1,1,1,2446.8
drl,2,53,1,15.262,24.233,0.3464,0.3464,50,0,0,50,1,51,0,0.0117,0.008461,0.025626,1,1,1,2446.8
drl,2,54,1,15.402,24.738,0.3461,0.3461,51,0,0,51,1,52,0,0.01153,0.008469,0.026206,1,1,1,2446.8
drl,2,55,1,15.613,25.302,0.3459,0.3459,52,0,0,52,1,53,0,0.011559,0.008451,0.026829,1,1,1,2446.8
drl,2,56,1,15.478,24.89,0.3457,0.3457,53,0,0,53,1,54,0,0.01154,0.008521,0.026373,1,1,1,2446.8
drl,2,57,1,15.569,24.934,0.3455,0.3455,53,0,0,53,1,55,0,0.011988,0.008345,0.026373,1,1,1,2446.8
drl,2,58,1,15.467,24.659,0.3452,0.3452,51,0,0,51,1,56,0,0.011988,0.008345,0.026067,1,1,1,2446.8
drl,2,59,1,15.535,25.159,0.345,0.345,52,0,0,52,1,57,0,0.011509,0.008421,0.026676,1,1,1,2446.8
drl,2,60,1,15.46,24.82,0.3448,0.3448,53,0,0,53,1,58,0,0.011549,0.008537,0.026295,1,1,1,2446.8
drl,2,61,1,15.335,24.498,0.3446,0.3446,51,0,0,51,1,59,0,0.011498,0.008563,0.025943,1,1,1,2446.8
drl,2,62,1,15.832,25.191,0.3444,0.3444,52,0,0,52,1,60,0,0.011611,0.009185,0.0267,1,1,1,2446.8
drl,2,63,1,15.551,25.181,0.3443,0.3443,52,0,0,52,1,61,0,0.011512,0.008442,0.0267,1,1,1,2446.8
drl,2,64,1,15.405,24.786,0.3441,0.3441,53,0,0,53,1,62,0,0.011512,0.008442,0.026261,1,1,1,2446.8
drl,2,65,1,15.481,24.945,0.3439,0.3439,50,0,0,50,1,63,0,0.011526,0.00848,0.026436,1,1,1,2446.8
drl,2,66,1,15.388,24.546,0.3437,0.3437,51,0,0,51,1,64,0,0.011906,0.008306,0.025951,1,1,1,2446.8
drl,2,67,1,15.408,24.665,0.3436,0.3436,52,0,0,52,1,65,0,0.011762,0.008362,0.026099,1,1,1,2446.8
drl,2,68,1,15.375,24.686,0.3434,0.3434,53,0,0,53,1,66,0,0.011541,0.008438,0.026147,1,1,1,2446.8
drl,2,69,1,15.388,24.69,0.3433,0.3433,53,0,0,53,1,67,0,0.01158,0.008438,0.026147,1,1,1,2446.8
drl,2,70,1,15.439,24.772,0.3431,0.3431,51,0,0,51,1,68,0,0.01158,0.008498,0.026238,1,1,1,2446.8
drl,2,71,1,15.414,24.762,0.343,0.343,52,0,0,52,1,69,0,0.011621,0.0084,0.026222,1,1,1,2446.8
drl,2,72,1,15.363,24.658,0.3429,0.3429,53,0,0,53,1,70,0,0.011528,0.008443,0.026117,1,1,1,2446.8
drl,2,73,1,15.565,24.976,0.3427,0.3427,50,0,0,50,1,71,0,0.011526,0.008699,0.02647,1,1,1,2446.8
drl,2,74,1,15.47,24.641,0.3426,0.3426,51,0,0,51,1,72,0,0.011758,0.00858,0.026072,1,1,1,2446.8
drl,2,75,1,15.377,24.613,0.3425,0.3425,51,0,0,51,1,73,0,0.01148,0.00858,0.026072,1,1,1,2446.8
drl,2,76,1,15.382,24.651,0.3423,0.3423,52,0,0,52,1,74,0,0.01148,0.008551,0.026115,1,1,1,2446.8
drl,2,77,1,15.825,25.238,0.3422,0.3422,53,0,0,53,1,75,0,0.011535,0.009178,0.026761,1,1,1,2446.8
drl,2,78,1,15.517,24.732,0.3421,0.3421,51,0,0,51,1,76,0,0.01199,0.008413,0.026148,1,1,1,2446.8
drl,2,79,0,15.391,24.321,0.3421,0.3421,52,0,0,52,1,76,0,0.011878,0.00859,0.025704,1,1,1,2446.8
drl,2,80,1,15.306,24.563,0.342,0.342,53,0,0,53,1,77,0,0.011492,0.008412,0.026015,1,1,1,2446.8
drl,2,81,1,15.306,24.563,0.3419,0.3419,53,0,0,53,1,78,0,0.011492,0.008412,0.026015,1,1,1,2446.8
drl,2,82,1,15.269,24.296,0.3418,0.3418,51,0,0,51,1,79,0,0.011502,0.008587,0.025718,1,1,1,2446.8
drl,2,83,1,15.435,24.825,0.3417,0.3417,52,0,0,52,1,80,0,0.011564,0.008441,0.026299,1,1,1,2446.8
drl,2,84,1,15.374,24.609,0.3416,0.3416,53,0,0,53,1,81,0,0.01155,0.008513,0.02606,1,1,1,2446.8
drl,2,85,1,15.288,24.481,0.3415,0.3415,50,0,0,50,1,82,0,0.011465,0.008473,0.025927,1,1,1,2446.8
drl,2,86,1,15.446,24.637,0.3414,0.3414,51,0,0,51,1,83,0,0.011837,0.008441,0.026059,1,1,1,2446.8
drl,2,87,1,15.446,24.637,0.3413,0.3413,51,0,0,51,1,84,0,0.011837,0.008441,0.026059,1,1,1,2446.8
drl,2,88,1,15.272,24.549,0.3412,0.3412,52,0,0,52,1,85,0,0.01147,0.008344,0.026002,1,1,1,2446.8
drl,2,89,1,15.554,24.795,0.3411,0.3411,53,0,0,53,1,86,0,0.011831,0.008595,0.026235,1,1,1,2446.8
drl,2,90,1,15.541,24.912,0.341,0.341,51,0,0,51,1,87,0,0.011798,0.008456,0.026369,1,1,1,2446.8
drl,2,91,1,15.723,24.897,0.3409,0.3409,52,0,0,52,1,88,0,0.011539,0.00925,0.026381,1,1,1,2446.8
drl,2,92,1,15.526,24.92,0.3408,0.3408,52,0,0,52,1,89,0,0.011767,0.008429,0.026381,1,1,1,2446.8
drl,2,93,1,15.461,24.744,0.3407,0.3407,53,0,0,53,1,90,0,0.011767,0.008429,0.026186,1,1,1,2446.8
drl,2,94,1,15.497,24.966,0.3407,0.3407,50,0,0,50,1,91,0,0.01153,0.008501,0.026459,1,1,1,2446.8
drl,2,95,1,15.34,24.617,0.3406,0.3406,51,0,0,51,1,92,0,0.011528,0.00842,0.026071,1,1,1,2446.8
drl,2,96,1,15.241,24.301,0.3405,0.3405,52,0,0,52,1,93,0,0.01151,0.00849,0.025722,1,1,1,2446.8
drl,2,97,1,15.585,24.984,0.3404,0.3404,53,0,0,53,1,94,0,0.011368,0.00889,0.026497,1,1,1,2446.8
drl,2,98,1,15.912,25.01,0.3404,0.3404,53,0,0,53,1,95,0,0.01163,0.00961,0.026497,1,1,1,2446.8
drl,2,99,1,15.738,24.539,0.3403,0.3403,51,0,0,51,1,96,0,0.01163,0.00961,0.025973,1,1,1,2446.8
drl,2,100,1,15.512,24.873,0.3402,0.3402,52,0,0,52,1,97,0,0.011737,0.008467,0.026333,1,1,1,2446.8
drl,2,101,1,15.346,24.619,0.3401,0.3401,53,0,0,53,1,98,0,0.011503,0.008459,0.026076,1,1,1,2446.8
drl,2,102,1,15.341,24.639,0.3401,0.3401,51,0,0,51,1,99,0,0.011526,0.008401,0.026096,1,1,1,2446.8
drl,2,103,1,15.313,24.562,0.34,0.34,52,0,0,52,1,100,0,0.01154,0.008389,0.026009,1,1,1,2446.8
drl,2,104,1,15.538,24.622,0.3399,0.3399,52,0,0,52,1,101,0,0.012139,0.008466,0.026009,1,1,1,2446.8
drl,2,105,1,15.55,24.653,0.3399,0.3399,53,0,0,53,1,102,0,0.012139,0.008466,0.026044,1,1,1,2446.8
drl,2,106,1,15.469,24.777,0.3398,0.3398,50,0,0,50,1,103,0,0.011838,0.008353,0.026215,1,1,1,2446.8
drl,2,107,1,15.287,24.231,0.3397,0.3397,51,0,0,51,1,104,0,0.011812,0.008438,0.025611,1,1,1,2446.8
drl,2,108,1,15.422,24.576,0.3397,0.3397,52,0,0,52,1,105,0,0.011674,0.008582,0.02601,1,1,1,2446.8
drl,2,109,1,15.473,24.807,0.3396,0.3396,53,0,0,53,1,106,0,0.011462,0.008668,0.02629,1,1,1,2446.8
drl,2,110,1,15.678,24.869,0.3396,0.3396,53,0,0,53,1,107,0,0.012076,0.008668,0.02629,1,1,1,2446.8
drl,2,111,1,15.619,24.893,0.3395,0.3395,51,0,0,51,1,108,0,0.012076,0.008463,0.026317,1,1,1,2446.8
drl,2,112,1,15.751,24.694,0.3394,0.3394,52,0,0,52,1,109,0,0.011765,0.009358,0.026131,1,1,1,2446.8
drl,2,113,1,15.498,24.794,0.3394,0.3394,53,0,0,53,1,110,0,0.011803,0.008455,0.026237,1,1,1,2446.8
drl,2,114,1,15.532,24.929,0.3393,0.3393,51,0,0,51,1,111,0,0.011531,0.008646,0.026418,1,1,1,2446.8
drl,2,115,1,15.311,24.506,0.3393,0.3393,52,0,0,52,1,112,0,0.011569,0.008422,0.025943,1,1,1,2446.8
drl,2,116,1,15.307,24.504,0.3392,0.3392,52,0,0,52,1,113,0,0.011557,0.008422,0.025943,1,1,1,2446.8
drl,2,117,1,15.341,24.603,0.3392,0.3392,53,0,0,53,1,114,0,0.011557,0.008414,0.026053,1,1,1,2446.8
drl,2,118,1,15.416,24.734,0.3391,0.3391,54,0,0,54,1,115,0,0.011668,0.008393,0.026186,1,1,1,2446.8
drl,2,119,1,15.487,24.573,0.3391,0.3391,51,0,0,51,1,116,0,0.01178,0.008686,0.025995,1,1,1,2446.8
