algorithm,trial,second,throughput,avg_rtt,p95_rtt,fairness_index,fairness_alive,max_imbalance,h1_conns,h2_conns,h3_conns,h1_sels,h2_sels,h3_sels,h1_rtt,h2_rtt,h3_rtt,h1_alive,h2_alive,h3_alive,decision_latency_us
round_robin,1,0,0,15.934,25.947,1.0,1.0,0,0,0,0,0,0,0,0.011542,0.008713,0.027548,1,1,1,2310.6
round_robin,1,1,1,15.38,24.684,0.3333,0.3333,107,0,107,3,1,0,0,0.011545,0.008452,0.026144,1,1,1,2310.6
round_robin,1,2,1,15.563,24.968,0.6667,0.6667,107,0,107,4,1,1,0,0.011592,0.008642,0.026454,1,1,1,2310.6
round_robin,1,3,11,15.567,24.865,0.9883,0.9883,107,0,107,6,5,4,4,0.011975,0.008429,0.026297,1,1,1,2310.6
round_robin,1,4,1,15.489,24.841,0.9899,0.9899,107,0,107,6,5,5,4,0.011741,0.008429,0.026297,1,1,1,2310.6
round_robin,1,5,11,15.348,24.487,0.9968,0.9968,107,0,107,7,9,8,8,0.011741,0.008399,0.025903,1,1,1,2310.6
round_robin,1,6,1,15.401,24.822,0.9971,0.9971,107,0,107,9,9,9,8,0.01148,0.00842,0.026304,1,1,1,2310.6
round_robin,1,7,11,15.35,24.53,0.9985,0.9985,107,0,107,11,13,12,12,0.011611,0.008474,0.025966,1,1,1,2310.6
round_robin,1,8,1,15.358,24.416,0.9986,0.9986,107,0,107,12,13,13,12,0.011476,0.008745,0.025854,1,1,1,2310.6
round_robin,1,9,11,15.785,25.796,0.9992,0.9992,107,0,107,14,17,16,16,0.011551,0.008424,0.027379,1,1,1,2310.6
round_robin,1,10,1,15.864,25.82,0.9992,0.9992,107,0,107,14,17,17,16,0.011789,0.008424,0.027379,1,1,1,2310.6
round_robin,1,11,11,15.486,24.811,0.9995,0.9995,107,0,107,15,21,20,20,0.011789,0.008411,0.026258,1,1,1,2310.6
round_robin,1,12,1,15.471,25.059,0.9995,0.9995,107,0,107,17,21,21,20,0.011402,0.008433,0.026577,1,1,1,2310.6
round_robin,1,13,11,15.272,24.385,0.9996,0.9996,107,0,107,19,25,24,24,0.011553,0.008451,0.025811,1,1,1,2310.6
round_robin,1,14,1,15.337,24.591,0.9996,0.9996,107,0,107,20,25,25,24,0.011483,0.008481,0.026047,1,1,1,2310.6
round_robin,1,15,11,15.387,24.829,0.9997,0.9997,107,0,107,22,29,28,28,0.011525,0.00833,0.026307,1,1,1,2310.6
round_robin,1,16,1,15.472,24.854,0.9997,0.9997,107,0,107,22,29,29,28,0.011779,0.00833,0.026307,1,1,1,2310.6
round_robin,1,17,11,15.539,24.855,0.9998,0.9998,107,0,107,23,33,32,32,0.011779,0.00853,0.026308,1,1,1,2310.6
round_robin,1,18,1,15.363,24.652,0.9998,0.9998,107,0,107,25,33,33,32,0.011559,0.008422,0.026107,1,1,1,2310.6
round_robin,1,19,11,15.902,26.069,0.9998,0.9998,107,0,107,26,37,36,36,0.011568,0.008459,0.02768,1,1,1,2310.6
round_robin,1,20,1,15.722,24.721,0.9998,0.9998,107,0,107,28,37,37,36,0.011539,0.009442,0.026186,1,1,1,2310.6
round_robin,1,21,11,15.422,24.955,0.9999,0.9999,107,0,107,30,41,40,40,0.011542,0.008279,0.026445,1,1,1,2310.6
round_robin,1,22,1,15.422,24.955,0.9999,0.9999,107,0,107,30,41,41,40,0.011542,0.008279,0.026445,1,1,1,2310.6
round_robin,1,23,11,15.211,24.286,0.9999,0.9999,107,0,107,31,45,44,44,0.011503,0.008423,0.025706,1,1,1,2310.6
round_robin,1,24,1,15.519,24.841,0.9999,0.9999,107,0,107,33,45,45,44,0.011803,0.008465,0.02629,1,1,1,2310.6
round_robin,1,25,1,15.342,24.597,1.0,1.0,107,0,107,34,45,45,45,0.011517,0.008458,0.02605,1,1,1,2310.6
round_robin,1,26,10,15.754,25.606,0.9999,0.9999,107,0,107,36,49,48,48,0.011656,0.008449,0.027156,1,1,1,2310.6
round_robin,1,27,1,15.466,24.942,0.9999,0.9999,60,0,60,37,49,49,48,0.011573,0.008397,0.026428,1,1,1,2310.6
round_robin,1,28,11,15.466,24.942,0.9999,0.9999,60,0,60,37,53,52,52,0.011573,0.008397,0.026428,1,1,1,2310.6
round_robin,1,29,1,15.191,24.127,0.9999,0.9999,60,0,60,39,53,53,52,0.011591,0.008461,0.02552,1,1,1,2310.6
round_robin,1,30,11,15.839,25.037,0.9999,0.9999,60,0,60,41,57,56,56,0.011694,0.009303,0.026519,1,1,1,2310.6
round_robin,1,31,1,15.413,24.792,0.9999,0.9999,42,0,23,42,57,57,56,0.011579,0.008399,0.02626,1,1,1,2310.6
round_robin,1,32,11,15.561,25.184,0.9999,0.9999,44,0,23,44,61,60,60,0.011536,0.008447,0.0267,1,1,1,2310.6
round_robin,1,33,1,15.255,24.377,0.9999,0.9999,45,0,23,45,61,61,60,0.011486,0.008469,0.025809,1,1,1,2310.6
round_robin,1,34,11,15.255,24.377,0.9999,0.9999,45,0,23,45,65,64,64,0.011486,0.008469,0.025809,1,1,1,2310.6
round_robin,1,35,1,15.28,24.438,0.9999,0.9999,47,0,23,47,65,65,64,0.011552,0.008418,0.02587,1,1,1,2310.6
round_robin,1,36,11,15.447,24.777,1.0,1.0,48,0,19,48,69,68,68,0.011645,0.008459,0.026236,1,1,1,2310.6
round_robin,1,37,1,15.496,24.596,1.0,1.0,50,0,19,50,69,69,68,0.011558,0.008885,0.026045,1,1,1,2310.6
round_robin,1,38,11,15.355,24.626,1.0,1.0,52,0,19,52,73,72,72,0.011528,0.008456,0.026081,1,1,1,2310.6
round_robin,1,39,1,15.927,25.331,1.0,1.0,53,0,16,53,73,73,72,0.012613,0.008423,0.026744,1,1,1,2310.6
round_robin,1,40,11,15.927,25.331,1.0,1.0,53,0,16,53,77,76,76,0.012613,0.008423,0.026744,1,1,1,2310.6
round_robin,1,41,1,15.722,25.3,1.0,1.0,55,0,16,55,77,77,76,0.011981,0.008406,0.02678,1,1,1,2310.6
round_robin,1,42,11,15.503,24.871,1.0,1.0,56,0,16,56,81,80,80,0.011792,0.008393,0.026324,1,1,1,2310.6
round_robin,1,43,1,15.373,24.583,1.0,1.0,58,0,12,58,81,81,80,0.011691,0.008414,0.026015,1,1,1,2310.6
round_robin,1,44,11,15.302,24.522,1.0,1.0,59,0,12,59,85,84,84,0.011516,0.008424,0.025967,1,1,1,2310.6
round_robin,1,45,0,15.326,24.516,1.0,1.0,59,0,12,59,85,84,84,0.011456,0.008554,0.025967,1,1,1,2310.6
round_robin,1,46,1,15.289,24.418,1.0,1.0,61,0,12,61,85,85,84,0.011456,0.008554,0.025858,1,1,1,2310.6
round_robin,1,47,11,15.294,24.443,1.0,1.0,63,0,12,63,89,88,88,0.011493,0.008508,0.025882,1,1,1,2310.6
round_robin,1,48,1,15.813,24.875,1.0,1.0,64,0,9,64,89,89,88,0.011907,0.009217,0.026316,1,1,1,2310.6
round_robin,1,49,11,15.385,24.777,1.0,1.0,66,0,9,66,93,92,92,0.011506,0.008397,0.026252,1,1,1,2310.6
round_robin,1,50,1,15.715,24.679,1.0,1.0,67,0,9,67,93,93,92,0.012378,0.00872,0.026046,1,1,1,2310.6
round_robin,1,51,11,15.426,24.594,1.0,1.0,67,0,6,67,97,96,96,0.011524,0.008707,0.026046,1,1,1,2310.6
round_robin,1,52,1,15.286,24.218,1.0,1.0,69,0,6,69,97,97,96,0.011524,0.008707,0.025628,1,1,1,2310.6
round_robin,1,53,11,15.346,24.705,1.0,1.0,70,0,6,70,101,100,100,0.011584,0.008291,0.026163,1,1,1,2310.6
round_robin,1,54,1,15.344,24.66,1.0,1.0,72,0,6,72,101,101,100,0.011585,0.008333,0.026113,1,1,1,2310.6
round_robin,1,55,11,15.698,25.541,1.0,1.0,74,0,6,74,105,104,104,0.011563,0.008437,0.027094,1,1,1,2310.6
round_robin,1,56,1,15.49,24.695,1.0,1.0,75,0,2,75,105,105,104,0.011577,0.00874,0.026152,1,1,1,2310.6
round_robin,1,57,11,15.383,24.688,1.0,1.0,75,0,2,75,109,108,108,0.011517,0.00848,0.026152,1,1,1,2310.6
round_robin,1,58,1,15.428,24.809,1.0,1.0,77,0,2,77,109,109,108,0.011517,0.00848,0.026286,1,1,1,2310.6
round_robin,1,59,11,15.436,24.839,1.0,1.0,78,0,2,78,113,112,112,0.011515,0.008474,0.02632,1,1,1,2310.6
round_robin,1,60,1,15.886,24.743,1.0,1.0,79,0,0,79,113,113,112,0.012272,0.009256,0.026129,1,1,1,2310.6
round_robin,1,61,11,15.438,24.856,1.0,1.0,81,0,0,81,117,116,116,0.011548,0.008432,0.026335,1,1,1,2310.6
round_robin,1,62,1,15.347,24.626,1.0,1.0,82,0,0,82,117,117,116,0.011512,0.008446,0.026083,1,1,1,2310.6
round_robin,1,63,11,15.362,24.63,1.0,1.0,82,0,0,82,121,120,120,0.011557,0.008446,0.026083,1,1,1,2310.6
round_robin,1,64,1,15.291,24.494,1.0,1.0,80,0,0,80,121,121,120,0.011557,0.008383,0.025932,1,1,1,2310.6
round_robin,1,65,11,15.286,24.509,1.0,1.0,81,0,0,81,125,124,124,0.011489,0.008414,0.025956,1,1,1,2310.6
round_robin,1,66,1,15.462,24.791,1.0,1.0,83,0,0,83,125,125,124,0.011432,0.008679,0.026275,1,1,1,2310.6
round_robin,1,67,11,15.452,24.897,1.0,1.0,84,0,0,84,129,128,128,0.011503,0.008468,0.026385,1,1,1,2310.6
round_robin,1,68,0,15.324,24.584,1.0,1.0,80,0,0,80,129,128,128,0.011485,0.008448,0.026039,1,1,1,2310.6
round_robin,1,69,1,15.334,24.586,1.0,1.0,80,0,0,80,129,129,128,0.011514,0.008448,0.026039,1,1,1,2310.6
round_robin,1,70,11,15.11,24.095,1.0,1.0,84,0,0,84,133,132,132,0.011514,0.008324,0.025493,1,1,1,2310.6
round_robin,1,71,1,15.437,24.902,1.0,1.0,83,0,0,83,133,133,132,0.01152,0.008403,0.026389,1,1,1,2310.6
round_robin,1,72,11,15.409,24.672,1.0,1.0,80,0,0,80,137,136,136,0.011617,0.008486,0.026123,1,1,1,2310.6
round_robin,1,73,1,15.384,24.741,1.0,1.0,81,0,0,81,137,137,136,0.011547,0.008397,0.026207,1,1,1,2310.6
round_robin,1,74,11,15.399,24.846,1.0,1.0,83,0,0,83,141,140,140,0.011443,0.008418,0.026335,1,1,1,2310.6
round_robin,1,75,1,15.417,24.851,1.0,1.0,83,0,0,83,141,141,140,0.011498,0.008418,0.026335,1,1,1,2310.6
round_robin,1,76,11,15.374,24.701,1.0,1.0,78,0,0,78,145,144,144,0.011498,0.008455,0.026168,1,1,1,2310.6
round_robin,1,77,1,15.559,24.928,1.0,1.0,80,0,0,80,145,145,144,0.011563,0.008701,0.026413,1,1,1,2310.6
round_robin,1,78,11,15.304,24.683,1.0,1.0,82,0,0,82,149,148,148,0.011452,0.008308,0.026153,1,1,1,2310.6
round_robin,1,79,1,15.541,25.089,1.0,1.0,83,0,0,83,149,149,148,0.011572,0.00846,0.026591,1,1,1,2310.6
round_robin,1,80,11,15.764,24.866,1.0,1.0,80,0,0,80,153,152,152,0.011612,0.00934,0.026339,1,1,1,2310.6
round_robin,1,81,1,15.764,24.866,1.0,1.0,80,0,0,80,153,153,152,0.011612,0.00934,0.026339,1,1,1,2310.6
round_robin,1,82,11,15.311,24.536,1.0,1.0,81,0,0,81,157,156,156,0.011493,0.008454,0.025985,1,1,1,2310.6
round_robin,1,83,1,15.518,25.076,1.0,1.0,83,0,0,83,157,157,156,0.011516,0.008454,0.026583,1,1,1,2310.6
round_robin,1,84,11,15.396,24.745,1.0,1.0,79,0,0,79,161,160,160,0.011548,0.008428,0.026211,1,1,1,2310.6
round_robin,1,85,1,15.69,24.743,1.0,1.0,81,0,0,81,161,161,160,0.011607,0.00926,0.026203,1,1,1,2310.6
round_robin,1,86,11,15.406,24.671,1.0,1.0,83,0,0,83,165,164,164,0.011772,0.008342,0.026104,1,1,1,2310.6
round_robin,1,87,1,15.406,24.671,1.0,1.0,83,0,0,83,165,165,164,0.011772,0.008342,0.026104,1,1,1,2310.6
round_robin,1,88,11,15.366,24.722,1.0,1.0,84,0,0,84,169,168,168,0.011524,0.008387,0.026188,1,1,1,2310.6
round_robin,1,89,1,15.488,24.79,1.0,1.0,80,0,0,80,169,169,168,0.011799,0.008433,0.026233,1,1,1,2310.6
round_robin,1,90,11,15.515,24.705,1.0,1.0,81,0,0,81,173,172,172,0.011995,0.008432,0.026117,1,1,1,2310.6
round_robin,1,91,1,15.75,24.883,1.0,1.0,83,0,0,83,173,173,172,0.01254,0.008456,0.026254,1,1,1,2310.6
round_robin,1,92,0,15.253,24.328,1.0,1.0,79,0,0,79,173,173,172,0.011556,0.008455,0.025747,1,1,1,2310.6
round_robin,1,93,11,15.253,24.328,1.0,1.0,79,0,0,79,177,176,176,0.011556,0.008455,0.025747,1,1,1,2310.6
round_robin,1,94,1,15.537,25.188,1.0,1.0,81,0,0,81,177,177,176,0.011515,0.00839,0.026707,1,1,1,2310.6
round_robin,1,95,11,15.582,25.241,1.0,1.0,83,0,0,83,181,180,180,0.011532,0.008449,0.026764,1,1,1,2310.6
round_robin,1,96,1,15.424,24.789,1.0,1.0,78,0,0,78,181,181,180,0.011669,0.008355,0.026247,1,1,1,2310.6
round_robin,1,97,11,15.528,24.833,1.0,1.0,80,0,0,80,185,184,184,0.011532,0.00874,0.026311,1,1,1,2310.6
round_robin,1,98,1,15.388,24.605,1.0,1.0,81,0,0,81,185,185,184,0.011515,0.00859,0.02606,1,1,1,2310.6
round_robin,1,99,11,15.388,24.605,1.0,1.0,81,0,0,81,189,188,188,0.011515,0.00859,0.02606,1,1,1,2310.6
round_robin,1,100,1,15.731,24.878,1.0,1.0,83,0,0,83,189,189,188,0.011584,0.009255,0.026355,1,1,1,2310.6
round_robin,1,101,11,15.334,24.354,1.0,1.0,81,0,0,81,193,192,192,0.011774,0.008477,0.025752,1,1,1,2310.6
round_robin,1,102,1,15.424,24.696,1.0,1.0,82,0,0,82,193,193,192,0.011666,0.008463,0.026144,1,1,1,2310.6
round_robin,1,103,11,15.589,24.933,1.0,1.0,84,0,0,84,197,196,196,0.011674,0.008688,0.026406,1,1,1,2310.6
round_robin,1,104,1,15.549,24.921,1.0,1.0,84,0,0,84,197,197,196,0.011553,0.008688,0.026406,1,1,1,2310.6
round_robin,1,105,11,15.212,24.257,1.0,1.0,80,0,0,80,201,200,200,0.011553,0.008413,0.025669,1,1,1,2310.6
round_robin,1,106,1,15.381,24.511,1.0,1.0,82,0,0,82,201,201,200,0.011608,0.008591,0.025945,1,1,1,2310.6
round_robin,1,107,11,15.468,24.91,1.0,1.0,83,0,0,83,205,204,204,0.011577,0.008436,0.026391,1,1,1,2310.6
round_robin,1,108,1,15.536,24.809,1.0,1.0,85,0,0,85,205,205,204,0.01189,0.008474,0.026245,1,1,1,2310.6
round_robin,1,109,11,15.621,25.161,1.0,1.0,81,0,0,81,209,208,208,0.011919,0.008313,0.026632,1,1,1,2310.6
round_robin,1,110,1,15.51,25.127,1.0,1.0,81,0,0,81,209,209,208,0.011584,0.008313,0.026632,1,1,1,2310.6
round_robin,1,111,11,15.496,24.939,1.0,1.0,82,0,0,82,213,212,212,0.011584,0.008481,0.026423,1,1,1,2310.6
round_robin,1,112,1,15.568,24.491,1.0,1.0,84,0,0,84,213,213,212,0.011522,0.00925,0.025932,1,1,1,2310.6
round_robin,1,113,11,15.64,25.198,1.0,1.0,80,0,0,80,217,216,216,0.01174,0.008488,0.026693,1,1,1,2310.6
round_robin,1,114,1,15.481,24.676,1.0,1.0,82,0,0,82,217,217,216,0.011987,0.008369,0.026086,1,1,1,2310.6
round_robin,1,115,1,15.623,25.041,1.0,1.0,83,0,0,83,217,217,217,0.011461,0.008858,0.02655,1,1,1,2310.6
round_robin,1,116,10,15.64,25.046,1.0,1.0,83,0,0,83,221,220,220,0.011511,0.008858,0.02655,1,1,1,2310.6
round_robin,1,117,1,15.334,24.559,1.0,1.0,79,0,0,79,221,221,220,0.011511,0.008482,0.026009,1,1,1,2310.6
round_robin,1,118,11,15.635,24.982,1.0,1.0,81,0,0,81,225,224,224,0.011616,0.008821,0.026467,1,1,1,2310.6
round_robin,1,119,1,15.457,24.656,1.0,1.0,82,0,0,82,225,225,224,0.011848,0.008445,0.026079,1,1,1,2310.6
round_robin,2,0,0,15.769,25.4,1.0,1.0,0,0,0,0,0,0,0,0.011545,0.008821,0.02694,1,1,1,2222.6
round_robin,2,1,1,15.556,24.848,0.3333,0.3333,79,0,0,79,1,0,0,0.011856,0.008519,0.026292,1,1,1,2222.6
round_robin,2,2,1,15.55,25.092,0.6667,0.6667,80,0,0,80,1,1,0,0.011593,0.008464,0.026592,1,1,1,2222.6
round_robin,2,3,11,15.4,24.563,0.9883,0.9883,82,0,0,82,5,4,4,0.011824,0.008397,0.025979,1,1,1,2222.6
round_robin,2,4,1,15.327,24.542,0.9899,0.9899,82,0,0,82,5,5,4,0.011605,0.008397,0.025979,1,1,1,2222.6
round_robin,2,5,11,15.407,24.686,0.9968,0.9968,77,0,0,77,9,8,8,0.011605,0.008477,0.02614,1,1,1,2222.6
round_robin,2,6,1,15.551,25.066,0.9971,0.9971,79,0,0,79,9,9,8,0.011562,0.008526,0.026566,1,1,1,2222.6
round_robin,2,7,11,15.356,24.592,0.9985,0.9985,81,0,0,81,13,12,12,0.011521,0.008502,0.026044,1,1,1,2222.6
round_robin,2,8,1,15.438,24.659,0.9986,0.9986,77,0,0,77,13,13,12,0.011776,0.008447,0.026091,1,1,1,2222.6
round_robin,2,9,11,15.468,24.949,0.9992,0.9992,79,0,0,79,17,16,16,0.011563,0.008405,0.026436,1,1,1,2222.6
round_robin,2,10,1,15.468,24.949,0.9992,0.9992,79,0,0,79,17,17,16,0.011563,0.008405,0.026436,1,1,1,2222.6
round_robin,2,11,11,15.513,25.029,0.9995,0.9995,80,0,0,80,21,20,20,0.011548,0.008465,0.026527,1,1,1,2222.6
round_robin,2,12,1,15.655,24.699,0.9995,0.9995,76,0,0,76,21,21,20,0.011523,0.009279,0.026163,1,1,1,2222.6
round_robin,2,13,11,15.164,24.07,0.9996,0.9996,81,0,0,81,25,24,24,0.011574,0.008458,0.025459,1,1,1,2222.6
round_robin,2,14,1,15.72,24.507,0.9996,0.9996,79,0,0,79,25,25,24,0.011902,0.009351,0.025908,1,1,1,2222.6
round_robin,2,15,11,15.334,24.607,0.9997,0.9997,81,0,0,81,29,28,28,0.01154,0.008404,0.026059,1,1,1,2222.6
round_robin,2,16,1,15.334,24.607,0.9997,0.9997,81,0,0,81,29,29,28,0.01154,0.008404,0.026059,1,1,1,2222.6
round_robin,2,17,11,15.461,24.962,0.9998,0.9998,77,0,0,77,33,32,32,0.011555,0.008377,0.026452,1,1,1,2222.6
round_robin,2,18,1,15.561,25.045,0.9998,0.9998,79,0,0,79,33,33,32,0.011583,0.008559,0.026541,1,1,1,2222.6
round_robin,2,19,11,15.719,24.736,0.9998,0.9998,80,0,0,80,37,36,36,0.01168,0.00929,0.026187,1,1,1,2222.6
round_robin,2,20,1,15.331,24.643,0.9998,0.9998,77,0,0,77,37,37,36,0.011447,0.008437,0.026109,1,1,1,2222.6
round_robin,2,21,11,15.368,24.746,0.9999,0.9999,79,0,0,79,41,40,40,0.011595,0.008301,0.026207,1,1,1,2222.6
round_robin,2,22,1,15.368,24.746,0.9999,0.9999,79,0,0,79,41,41,40,0.011595,0.008301,0.026207,1,1,1,2222.6
round_robin,2,23,7,15.251,24.188,1.0,1.0,80,0,0,80,43,43,43,0.011778,0.008408,0.025567,1,1,1,2222.6
round_robin,2,24,4,15.511,25.108,0.9999,0.9999,76,0,0,76,45,44,44,0.011575,0.008347,0.026612,1,1,1,2222.6
round_robin,2,25,1,15.399,24.731,0.9999,0.9999,77,0,0,77,45,45,44,0.011603,0.008404,0.02619,1,1,1,2222.6
round_robin,2,26,11,15.477,24.695,0.9999,0.9999,79,0,0,79,49,48,48,0.0118,0.008504,0.026128,1,1,1,2222.6
round_robin,2,27,1,15.38,24.672,0.9999,0.9999,79,0,0,79,49,49,48,0.011566,0.008445,0.026128,1,1,1,2222.6
round_robin,2,28,11,15.338,24.559,0.9999,0.9999,80,0,0,80,53,52,52,0.011566,0.008445,0.026003,1,1,1,2222.6
round_robin,2,29,1,15.409,24.737,0.9999,0.9999,77,0,0,77,53,53,52,0.011558,0.008469,0.026201,1,1,1,2222.6
round_robin,2,30,11,15.328,24.577,0.9999,0.9999,79,0,0,79,57,56,56,0.011492,0.008461,0.026031,1,1,1,2222.6
round_robin,2,31,1,15.404,24.734,0.9999,0.9999,80,0,0,80,57,57,56,0.011571,0.008445,0.026197,1,1,1,2222.6
round_robin,2,32,11,15.537,24.874,0.9999,0.9999,76,0,0,76,61,60,60,0.011834,0.008453,0.026323,1,1,1,2222.6
round_robin,2,33,1,15.567,24.883,0.9999,0.9999,76,0,0,76,61,61,60,0.011928,0.008451,0.026323,1,1,1,2222.6
round_robin,2,34,11,15.669,25.159,0.9999,0.9999,77,0,0,77,65,64,64,0.011928,0.008451,0.026629,1,1,1,2222.6
round_robin,2,35,1,15.422,24.813,0.9999,0.9999,79,0,0,79,65,65,64,0.011534,0.008442,0.026289,1,1,1,2222.6
round_robin,2,36,11,15.363,24.65,1.0,1.0,80,0,0,80,69,68,68,0.011553,0.008431,0.026105,1,1,1,2222.6
round_robin,2,37,1,15.422,24.96,1.0,1.0,77,0,0,77,69,69,68,0.011531,0.008284,0.026452,1,1,1,2222.6
round_robin,2,38,11,15.525,25.17,1.0,1.0,79,0,0,79,73,72,72,0.011455,0.008425,0.026694,1,1,1,2222.6
round_robin,2,39,1,15.629,25.179,1.0,1.0,79,0,0,79,73,73,72,0.011546,0.008646,0.026694,1,1,1,2222.6
round_robin,2,40,11,15.468,24.744,1.0,1.0,80,0,0,80,77,76,76,0.011546,0.008646,0.026211,1,1,1,2222.6
round_robin,2,41,1,15.44,24.873,1.0,1.0,77,0,0,77,77,77,76,0.011547,0.008418,0.026354,1,1,1,2222.6
round_robin,2,42,11,15.329,24.522,1.0,1.0,78,0,0,78,81,80,80,0.011583,0.008444,0.02596,1,1,1,2222.6
round_robin,2,43,1,15.346,24.506,1.0,1.0,80,0,0,80,81,81,80,0.011688,0.008419,0.02593,1,1,1,2222.6
round_robin,2,44,11,15.217,24.328,1.0,1.0,77,0,0,77,85,84,84,0.011488,0.008409,0.025755,1,1,1,2222.6
round_robin,2,45,1,15.232,24.333,1.0,1.0,77,0,0,77,85,85,84,0.011533,0.008409,0.025755,1,1,1,2222.6
round_robin,2,46,11,15.44,24.838,1.0,1.0,77,0,0,77,89,88,88,0.011533,0.00847,0.026316,1,1,1,2222.6
round_robin,2,47,0,15.483,24.707,1.0,1.0,79,0,0,79,89,88,88,0.011554,0.008727,0.026168,1,1,1,2222.6
round_robin,2,48,1,15.735,24.966,1.0,1.0,80,0,0,80,89,89,88,0.011548,0.009199,0.026457,1,1,1,2222.6
round_robin,2,49,11,15.476,24.972,1.0,1.0,77,0,0,77,93,92,92,0.011504,0.008456,0.026469,1,1,1,2222.6
round_robin,2,50,1,15.723,24.832,1.0,1.0,78,0,0,78,93,93,92,0.012413,0.008544,0.026212,1,1,1,2222.6
round_robin,2,51,11,15.723,24.832,1.0,1.0,78,0,0,78,97,96,96,0.012413,0.008544,0.026212,1,1,1,2222.6
round_robin,2,52,1,15.303,24.561,1.0,1.0,80,0,0,80,97,97,96,0.011543,0.008357,0.026008,1,1,1,2222.6
round_robin,2,53,11,15.402,24.764,1.0,1.0,76,0,0,76,101,100,100,0.011573,0.008403,0.02623,1,1,1,2222.6
round_robin,2,54,1,15.596,24.783,1.0,1.0,77,0,0,77,101,101,100,0.01158,0.008957,0.02625,1,1,1,2222.6
round_robin,2,55,11,15.425,24.604,1.0,1.0,79,0,0,79,105,104,104,0.011856,0.0084,0.02602,1,1,1,2222.6
round_robin,2,56,1,15.599,24.998,1.0,1.0,80,0,0,80,105,105,104,0.011945,0.008405,0.026448,1,1,1,2222.6
round_robin,2,57,11,15.599,24.998,1.0,1.0,80,0,0,80,109,108,108,0.011945,0.008405,0.026448,1,1,1,2222.6
round_robin,2,58,1,15.392,24.715,1.0,1.0,78,0,0,78,109,109,108,0.011628,0.00838,0.026169,1,1,1,2222.6
round_robin,2,59,11,15.442,24.897,1.0,1.0,79,0,0,79,113,112,112,0.011524,0.008419,0.026383,1,1,1,2222.6
round_robin,2,60,1,15.321,24.503,1.0,1.0,81,0,0,81,113,113,112,0.011559,0.008462,0.025941,1,1,1,2222.6
round_robin,2,61,11,15.758,25.643,1.0,1.0,80,0,0,80,117,116,116,0.01168,0.0084,0.027195,1,1,1,2222.6
round_robin,2,62,1,15.727,25.636,1.0,1.0,80,0,0,80,117,117,116,0.011608,0.008379,0.027195,1,1,1,2222.6
round_robin,2,63,11,15.413,24.787,1.0,1.0,81,0,0,81,121,120,120,0.011608,0.008379,0.026251,1,1,1,2222.6
round_robin,2,64,1,15.569,25.224,1.0,1.0,83,0,0,83,121,121,120,0.011531,0.00843,0.026745,1,1,1,2222.6
round_robin,2,65,11,15.95,24.933,1.0,1.0,78,0,0,78,125,124,124,0.011797,0.00966,0.026393,1,1,1,2222.6
round_robin,2,66,1,15.396,24.768,1.0,1.0,81,0,0,81,125,125,124,0.011543,0.008407,0.026237,1,1,1,2222.6
round_robin,2,67,11,15.418,24.874,1.0,1.0,81,0,0,81,129,128,128,0.011518,0.008377,0.026358,1,1,1,2222.6
round_robin,2,68,1,15.43,24.876,1.0,1.0,81,0,0,81,129,129,128,0.011536,0.008396,0.026358,1,1,1,2222.6
round_robin,2,69,11,15.413,24.83,1.0,1.0,83,0,0,83,133,132,132,0.011536,0.008396,0.026307,1,1,1,2222.6
round_robin,2,70,0,15.5,24.784,1.0,1.0,80,0,0,80,133,132,132,0.011838,0.00844,0.026223,1,1,1,2222.6
round_robin,2,71,1,15.429,24.883,1.0,1.0,81,0,0,81,133,133,132,0.011492,0.008425,0.026371,1,1,1,2222.6
round_robin,2,72,11,15.348,24.639,1.0,1.0,83,0,0,83,137,136,136,0.011595,0.008361,0.026088,1,1,1,2222.6
round_robin,2,73,1,15.232,24.326,1.0,1.0,78,0,0,78,137,137,136,0.011512,0.008433,0.02575,1,1,1,2222.6
round_robin,2,74,11,15.241,24.33,1.0,1.0,78,0,0,78,141,140,140,0.011551,0.008421,0.02575,1,1,1,2222.6
round_robin,2,75,1,15.348,24.621,1.0,1.0,80,0,0,80,141,141,140,0.011551,0.008421,0.026073,1,1,1,2222.6
round_robin,2,76,11,15.499,24.988,1.0,1.0,82,0,0,82,145,144,144,0.011561,0.008456,0.02648,1,1,1,2222.6
round_robin,2,77,1,15.4,24.752,1.0,1.0,83,0,0,83,145,145,144,0.011538,0.008441,0.02622,1,1,1,2222.6
round_robin,2,78,11,15.443,24.616,1.0,1.0,82,0,0,82,149,148,148,0.01164,0.008631,0.026058,1,1,1,2222.6
round_robin,2,79,1,15.415,24.794,1.0,1.0,82,0,0,82,149,149,148,0.011551,0.008427,0.026266,1,1,1,2222.6
round_robin,2,80,11,15.497,24.793,1.0,1.0,82,0,0,82,153,152,152,0.011539,0.008687,0.026266,1,1,1,2222.6
round_robin,2,81,1,15.515,24.84,1.0,1.0,84,0,0,84,153,153,152,0.011539,0.008687,0.026318,1,1,1,2222.6
round_robin,2,82,11,15.637,24.981,1.0,1.0,80,0,0,80,157,156,156,0.011562,0.008877,0.026472,1,1,1,2222.6
round_robin,2,83,1,15.896,25.201,1.0,1.0,82,0,0,82,157,157,156,0.012812,0.008298,0.026578,1,1,1,2222.6
round_robin,2,84,11,15.588,24.723,1.0,1.0,84,0,0,84,161,160,160,0.012297,0.008364,0.026104,1,1,1,2222.6
round_robin,2,85,1,15.272,24.353,1.0,1.0,79,0,0,79,161,161,160,0.011586,0.008458,0.025772,1,1,1,2222.6
round_robin,2,86,11,15.259,24.349,1.0,1.0,79,0,0,79,165,164,164,0.011546,0.008458,0.025772,1,1,1,2222.6
round_robin,2,87,1,15.4,24.783,1.0,1.0,81,0,0,81,165,165,164,0.011546,0.008399,0.026254,1,1,1,2222.6
round_robin,2,88,11,15.531,24.724,1.0,1.0,82,0,0,82,169,168,168,0.012021,0.008436,0.026135,1,1,1,2222.6
round_robin,2,89,1,15.597,24.919,1.0,1.0,84,0,0,84,169,169,168,0.011937,0.008492,0.026361,1,1,1,2222.6
round_robin,2,90,11,15.523,25.037,1.0,1.0,80,0,0,80,173,172,172,0.011532,0.008499,0.026538,1,1,1,2222.6
round_robin,2,91,1,15.413,24.819,1.0,1.0,82,0,0,82,173,173,172,0.011556,0.008389,0.026293,1,1,1,2222.6
round_robin,2,92,11,15.41,24.819,1.0,1.0,82,0,0,82,177,176,176,0.011549,0.008389,0.026293,1,1,1,2222.6
round_robin,2,93,0,15.129,24.056,1.0,1.0,84,0,0,84,177,176,176,0.011549,0.008392,0.025446,1,1,1,2222.6
round_robin,2,94,1,15.451,24.937,1.0,1.0,80,0,0,80,177,177,176,0.011497,0.008425,0.02643,1,1,1,2222.6
round_robin,2,95,11,15.963,25.354,1.0,1.0,82,0,0,82,181,180,180,0.012433,0.008666,0.02679,1,1,1,2222.6
round_robin,2,96,1,15.395,24.646,1.0,1.0,83,0,0,83,181,181,180,0.011643,0.008452,0.026091,1,1,1,2222.6
round_robin,2,97,11,15.554,25.088,1.0,1.0,85,0,0,85,185,184,184,0.011621,0.008458,0.026584,1,1,1,2222.6
round_robin,2,98,1,15.554,25.088,1.0,1.0,85,0,0,85,185,185,184,0.011621,0.008458,0.026584,1,1,1,2222.6
round_robin,2,99,11,15.307,24.561,1.0,1.0,80,0,0,80,189,188,188,0.011443,0.008459,0.026019,1,1,1,2222.6
round_robin,2,100,1,15.544,25.061,1.0,1.0,82,0,0,82,189,189,188,0.011627,0.008451,0.026554,1,1,1,2222.6
round_robin,2,101,11,15.23,24.308,1.0,1.0,84,0,0,84,193,192,192,0.011537,0.008427,0.025727,1,1,1,2222.6
round_robin,2,102,1,15.371,24.769,1.0,1.0,80,0,0,80,193,193,192,0.011504,0.008367,0.026243,1,1,1,2222.6
round_robin,2,103,11,15.523,24.618,1.0,1.0,82,0,0,82,197,196,196,0.011792,0.008734,0.026043,1,1,1,2222.6
round_robin,2,104,1,15.523,24.618,1.0,1.0,82,0,0,82,197,197,196,0.011792,0.008734,0.026043,1,1,1,2222.6
round_robin,2,105,11,15.55,25.084,1.0,1.0,83,0,0,83,201,200,200,0.011646,0.008428,0.026577,1,1,1,2222.6
round_robin,2,106,1,15.427,24.669,1.0,1.0,79,0,0,79,201,201,200,0.011751,0.008426,0.026104,1,1,1,2222.6
round_robin,2,107,11,15.471,24.863,1.0,1.0,81,0,0,81,205,204,204,0.011605,0.008472,0.026336,1,1,1,2222.6
round_robin,2,108,1,15.543,24.515,1.0,1.0,82,0,0,82,205,205,204,0.012337,0.008423,0.025868,1,1,1,2222.6
round_robin,2,109,11,15.492,24.49,1.0,1.0,82,0,0,82,209,208,208,0.012091,0.008516,0.025868,1,1,1,2222.6
round_robin,2,110,1,15.607,24.802,1.0,1.0,84,0,0,84,209,209,208,0.012091,0.008516,0.026214,1,1,1,2222.6
round_robin,2,111,11,15.692,24.61,1.0,1.0,80,0,0,80,213,212,212,0.011528,0.009484,0.026063,1,1,1,2222.6
round_robin,2,112,1,15.565,24.726,1.0,1.0,82,0,0,82,213,213,212,0.012095,0.008469,0.02613,1,1,1,2222.6
round_robin,2,113,11,15.471,24.956,1.0,1.0,83,0,0,83,217,216,216,0.011556,0.008412,0.026445,1,1,1,2222.6
round_robin,2,114,1,15.692,24.708,1.0,1.0,80,0,0,80,217,217,216,0.011541,0.009364,0.026171,1,1,1,2222.6
round_robin,2,115,11,15.369,24.702,1.0,1.0,80,0,0,80,221,220,220,0.011477,0.008458,0.026171,1,1,1,2222.6
round_robin,2,116,1,15.25,24.381,1.0,1.0,82,0,0,82,221,221,220,0.011477,0.008458,0.025815,1,1,1,2222.6
round_robin,2,117,11,15.477,24.996,1.0,1.0,83,0,0,83,225,224,224,0.011501,0.008435,0.026495,1,1,1,2222.6
round_robin,2,118,0,15.231,24.423,1.0,1.0,85,0,0,85,225,224,224,0.011455,0.008374,0.025864,1,1,1,2222.6
round_robin,2,119,1,15.384,24.646,1.0,1.0,80,0,0,80,225,225,224,0.011664,0.008398,0.026089,1,1,1,2222.6
weighted_round_robin,1,0,0,15.368,24.668,1.0,1.0,0,0,0,0,0,0,0,0.011544,0.008433,0.026126,1,1,1,2305.3
weighted_round_robin,1,1,1,15.412,24.784,0.3333,0.3333,76,0,0,76,0,1,0,0.011526,0.008452,0.026257,1,1,1,2305.3
weighted_round_robin,1,2,11,15.42,24.786,0.8889,0.8889,76,0,0,76,2,5,5,0.011552,0.008452,0.026257,1,1,1,2305.3
weighted_round_robin,1,3,1,15.307,24.483,0.9548,0.9548,78,0,0,78,3,5,5,0.011552,0.008448,0.02592,1,1,1,2305.3
weighted_round_robin,1,4,1,15.375,24.675,0.9333,0.9333,79,0,0,79,3,6,5,0.011551,0.008442,0.026133,1,1,1,2305.3
weighted_round_robin,1,5,11,15.397,24.592,0.9259,0.9259,81,0,0,81,5,10,10,0.011753,0.008419,0.026019,1,1,1,2305.3
weighted_round_robin,1,6,1,15.659,25.416,0.916,0.916,77,0,0,77,5,11,10,0.011547,0.008474,0.026957,1,1,1,2305.3
weighted_round_robin,1,7,11,15.29,24.432,0.9145,0.9145,79,0,0,79,7,15,15,0.011546,0.008461,0.025864,1,1,1,2305.3
weighted_round_robin,1,8,1,15.292,24.433,0.9364,0.9364,79,0,0,79,8,15,15,0.011552,0.008461,0.025864,1,1,1,2305.3
weighted_round_robin,1,9,1,15.329,24.518,0.9303,0.9303,80,0,0,80,8,16,15,0.011552,0.008477,0.025959,1,1,1,2305.3
weighted_round_robin,1,10,11,15.423,24.431,0.9259,0.9259,76,0,0,76,10,20,20,0.011538,0.008868,0.025863,1,1,1,2305.3
weighted_round_robin,1,11,1,15.349,24.473,0.9214,0.9214,78,0,0,78,10,21,20,0.011711,0.008444,0.025891,1,1,1,2305.3
weighted_round_robin,1,12,11,15.432,24.705,0.9192,0.9192,80,0,0,80,12,25,25,0.011786,0.00837,0.02614,1,1,1,2305.3
weighted_round_robin,1,13,1,15.497,25.034,0.9323,0.9323,81,0,0,81,13,25,25,0.011573,0.008387,0.02653,1,1,1,2305.3
weighted_round_robin,1,14,1,15.497,25.034,0.9288,0.9288,81,0,0,81,13,26,25,0.011573,0.008387,0.02653,1,1,1,2305.3
weighted_round_robin,1,15,11,15.344,24.61,0.9259,0.9259,76,0,0,76,15,30,30,0.011532,0.008436,0.026063,1,1,1,2305.3
weighted_round_robin,1,16,1,15.527,24.906,0.923,0.923,78,0,0,78,15,31,30,0.011518,0.008668,0.026394,1,1,1,2305.3
weighted_round_robin,1,17,11,15.397,24.59,0.9211,0.9211,79,0,0,79,17,35,35,0.011699,0.008469,0.026022,1,1,1,2305.3
weighted_round_robin,1,18,1,15.438,24.627,0.9305,0.9305,76,0,0,76,18,35,35,0.011869,0.0084,0.026045,1,1,1,2305.3
weighted_round_robin,1,19,1,15.761,24.743,0.9281,0.9281,77,0,0,77,18,36,35,0.011758,0.00934,0.026186,1,1,1,2305.3
weighted_round_robin,1,20,11,15.761,24.743,0.9259,0.9259,77,0,0,77,20,40,40,0.011758,0.00934,0.026186,1,1,1,2305.3
weighted_round_robin,1,21,1,15.316,24.589,0.9238,0.9238,79,0,0,79,20,41,40,0.011477,0.008425,0.026046,1,1,1,2305.3
weighted_round_robin,1,22,11,15.344,24.199,0.9222,0.9222,74,0,0,74,22,45,45,0.011809,0.008648,0.025576,1,1,1,2305.3
weighted_round_robin,1,23,1,15.826,25.934,0.9295,0.9295,76,0,0,76,23,45,45,0.011503,0.008437,0.027537,1,1,1,2305.3
weighted_round_robin,1,24,1,15.703,24.812,0.9276,0.9276,77,0,0,77,23,46,45,0.012548,0.008387,0.026175,1,1,1,2305.3
weighted_round_robin,1,25,11,15.225,24.359,0.9259,0.9259,79,0,0,79,25,50,50,0.011509,0.008378,0.025787,1,1,1,2305.3
weighted_round_robin,1,26,1,15.225,24.359,0.9242,0.9242,79,0,0,79,25,51,50,0.011509,0.008378,0.025787,1,1,1,2305.3
weighted_round_robin,1,27,1,15.496,25.07,0.9227,0.9227,75,0,0,75,25,51,51,0.011501,0.00841,0.026578,1,1,1,2305.3
weighted_round_robin,1,28,10,15.331,24.629,0.9229,0.9229,77,0,0,77,27,55,55,0.011512,0.008394,0.026086,1,1,1,2305.3
weighted_round_robin,1,29,1,15.741,24.903,0.9289,0.9289,78,0,0,78,28,55,55,0.012306,0.008615,0.026303,1,1,1,2305.3
weighted_round_robin,1,30,1,15.371,24.63,0.9273,0.9273,74,0,0,74,28,56,55,0.011672,0.008372,0.02607,1,1,1,2305.3
weighted_round_robin,1,31,11,15.388,24.69,0.9259,0.9259,77,0,0,77,30,60,60,0.011658,0.008368,0.026138,1,1,1,2305.3
weighted_round_robin,1,32,1,15.388,24.69,0.9245,0.9245,77,0,0,77,30,61,60,0.011658,0.008368,0.026138,1,1,1,2305.3
weighted_round_robin,1,33,11,15.212,24.182,0.9234,0.9234,77,0,0,77,32,65,65,0.011525,0.008524,0.025588,1,1,1,2305.3
weighted_round_robin,1,34,1,15.796,24.87,0.9284,0.9284,79,0,0,79,33,65,65,0.012726,0.008444,0.026219,1,1,1,2305.3
weighted_round_robin,1,35,1,15.382,24.698,0.9271,0.9271,74,0,0,74,33,66,65,0.01155,0.008436,0.026159,1,1,1,2305.3
weighted_round_robin,1,36,11,15.551,24.912,0.9259,0.9259,76,0,0,76,35,70,70,0.011536,0.00872,0.026398,1,1,1,2305.3
weighted_round_robin,1,37,1,15.47,24.919,0.9247,0.9247,77,0,0,77,35,71,70,0.011554,0.008453,0.026404,1,1,1,2305.3
weighted_round_robin,1,38,11,15.47,24.919,0.9237,0.9237,77,0,0,77,37,75,75,0.011554,0.008453,0.026404,1,1,1,2305.3
weighted_round_robin,1,39,1,15.238,24.136,0.9281,0.9281,74,0,0,74,38,75,75,0.011762,0.008441,0.025511,1,1,1,2305.3
weighted_round_robin,1,40,1,15.366,24.642,0.927,0.927,75,0,0,75,38,76,75,0.011549,0.008452,0.026097,1,1,1,2305.3
weighted_round_robin,1,41,11,15.234,24.354,0.9259,0.9259,77,0,0,77,40,80,80,0.011516,0.008405,0.02578,1,1,1,2305.3
weighted_round_robin,1,42,1,15.3,24.469,0.9249,0.9249,72,0,0,72,40,81,80,0.01155,0.008446,0.025904,1,1,1,2305.3
weighted_round_robin,1,43,11,15.303,24.469,0.924,0.924,72,0,0,72,42,85,85,0.011559,0.008445,0.025904,1,1,1,2305.3
weighted_round_robin,1,44,1,15.388,24.699,0.9278,0.9278,74,0,0,74,43,85,85,0.011559,0.008445,0.026159,1,1,1,2305.3
weighted_round_robin,1,45,1,15.392,24.651,0.9269,0.9269,75,0,0,75,43,86,85,0.011643,0.008436,0.026096,1,1,1,2305.3
weighted_round_robin,1,46,11,15.341,24.674,0.9259,0.9259,76,0,0,76,45,90,90,0.011546,0.008345,0.026133,1,1,1,2305.3
weighted_round_robin,1,47,1,15.319,24.375,0.925,0.925,73,0,0,73,45,91,90,0.011546,0.008611,0.0258,1,1,1,2305.3
weighted_round_robin,1,48,11,15.21,24.295,0.9242,0.9242,74,0,0,74,47,95,95,0.011547,0.008372,0.025711,1,1,1,2305.3
weighted_round_robin,1,49,1,15.202,24.286,0.9276,0.9276,74,0,0,74,48,95,95,0.011462,0.008433,0.025711,1,1,1,2305.3
weighted_round_robin,1,50,1,15.253,24.425,0.9268,0.9268,76,0,0,76,48,96,95,0.011462,0.008433,0.025865,1,1,1,2305.3
weighted_round_robin,1,51,11,15.341,24.625,0.9259,0.9259,73,0,0,73,50,100,100,0.011526,0.008416,0.02608,1,1,1,2305.3
weighted_round_robin,1,52,1,15.563,24.724,0.9251,0.9251,75,0,0,75,50,101,100,0.011481,0.009014,0.026195,1,1,1,2305.3
weighted_round_robin,1,53,1,15.465,24.975,0.9243,0.9243,76,0,0,76,50,101,101,0.011553,0.008377,0.026466,1,1,1,2305.3
weighted_round_robin,1,54,10,15.372,24.656,0.9243,0.9243,78,0,0,78,52,105,105,0.011547,0.008455,0.026113,1,1,1,2305.3
weighted_round_robin,1,55,1,15.359,24.654,0.9275,0.9275,78,0,0,78,53,105,105,0.011524,0.008439,0.026113,1,1,1,2305.3
weighted_round_robin,1,56,1,15.355,24.643,0.9267,0.9267,73,0,0,73,53,106,105,0.011524,0.008439,0.026101,1,1,1,2305.3
weighted_round_robin,1,57,11,15.312,24.657,0.9259,0.9259,75,0,0,75,55,110,110,0.011451,0.008361,0.026124,1,1,1,2305.3
weighted_round_robin,1,58,1,15.4,24.797,0.9252,0.9252,76,0,0,76,55,111,110,0.011512,0.008415,0.026273,1,1,1,2305.3
weighted_round_robin,1,59,11,15.278,24.316,0.9245,0.9245,74,0,0,74,57,115,115,0.011556,0.008543,0.025734,1,1,1,2305.3
weighted_round_robin,1,60,1,15.35,24.73,0.9273,0.9273,75,0,0,75,58,115,115,0.011464,0.008383,0.026204,1,1,1,2305.3
weighted_round_robin,1,61,1,15.381,24.735,0.9266,0.9266,75,0,0,75,58,116,115,0.011511,0.008429,0.026204,1,1,1,2305.3
weighted_round_robin,1,62,11,15.267,24.426,0.9259,0.9259,76,0,0,76,60,120,120,0.011511,0.008429,0.025861,1,1,1,2305.3
weighted_round_robin,1,63,1,15.319,24.643,0.9252,0.9252,73,0,0,73,60,121,120,0.011505,0.008348,0.026103,1,1,1,2305.3
weighted_round_robin,1,64,11,15.674,25.267,0.9246,0.9246,75,0,0,75,62,125,125,0.011883,0.008384,0.026754,1,1,1,2305.3
weighted_round_robin,1,65,1,15.415,24.611,0.9272,0.9272,76,0,0,76,63,125,125,0.011457,0.008715,0.026073,1,1,1,2305.3
weighted_round_robin,1,66,1,15.262,24.293,0.9266,0.9266,77,0,0,77,63,126,125,0.011557,0.008521,0.025708,1,1,1,2305.3
weighted_round_robin,1,67,11,15.284,24.315,0.9259,0.9259,77,0,0,77,65,130,130,0.011779,0.008366,0.025708,1,1,1,2305.3
weighted_round_robin,1,68,1,15.326,24.428,0.9253,0.9253,75,0,0,75,65,131,130,0.011779,0.008366,0.025833,1,1,1,2305.3
weighted_round_robin,1,69,11,15.521,25.134,0.9247,0.9247,76,0,0,76,67,135,135,0.011554,0.008367,0.026643,1,1,1,2305.3
weighted_round_robin,1,70,1,15.257,24.344,0.9271,0.9271,78,0,0,78,68,135,135,0.011565,0.008442,0.025764,1,1,1,2305.3
weighted_round_robin,1,71,1,15.311,24.509,0.9265,0.9265,74,0,0,74,68,136,135,0.011593,0.008395,0.025944,1,1,1,2305.3
weighted_round_robin,1,72,11,15.239,24.388,0.9259,0.9259,76,0,0,76,70,140,140,0.011532,0.008368,0.025817,1,1,1,2305.3
weighted_round_robin,1,73,1,15.231,24.384,0.9253,0.9253,76,0,0,76,70,141,140,0.011491,0.008385,0.025817,1,1,1,2305.3
weighted_round_robin,1,74,11,15.324,24.636,0.9248,0.9248,77,0,0,77,72,145,145,0.011491,0.008385,0.026096,1,1,1,2305.3
weighted_round_robin,1,75,1,15.313,24.561,0.9271,0.9271,79,0,0,79,73,145,145,0.011548,0.008383,0.026007,1,1,1,2305.3
weighted_round_robin,1,76,1,15.387,24.794,0.9265,0.9265,75,0,0,75,73,146,145,0.011473,0.008413,0.026274,1,1,1,2305.3
weighted_round_robin,1,77,11,15.421,24.921,0.9259,0.9259,76,0,0,76,75,150,150,0.011465,0.008382,0.026416,1,1,1,2305.3
weighted_round_robin,1,78,1,15.359,24.622,0.9254,0.9254,78,0,0,78,75,151,150,0.011558,0.008446,0.026074,1,1,1,2305.3
weighted_round_robin,1,79,1,15.366,24.617,0.9248,0.9248,78,0,0,78,75,151,151,0.011506,0.008517,0.026074,1,1,1,2305.3
weighted_round_robin,1,80,10,15.404,24.721,0.9249,0.9249,75,0,0,75,77,155,155,0.011506,0.008517,0.026189,1,1,1,2305.3
weighted_round_robin,1,81,1,15.329,24.711,0.927,0.927,76,0,0,76,78,155,155,0.011423,0.008376,0.026187,1,1,1,2305.3
weighted_round_robin,1,82,1,15.351,24.674,0.9264,0.9264,77,0,0,77,78,156,155,0.011466,0.008446,0.026142,1,1,1,2305.3
weighted_round_robin,1,83,11,15.279,24.48,0.9259,0.9259,73,0,0,73,80,160,160,0.011495,0.00842,0.025923,1,1,1,2305.3
weighted_round_robin,1,84,1,15.268,24.462,0.9254,0.9254,74,0,0,74,80,161,160,0.011483,0.008417,0.025904,1,1,1,2305.3
weighted_round_robin,1,85,11,15.282,24.465,0.9249,0.9249,74,0,0,74,82,165,165,0.011511,0.00843,0.025904,1,1,1,2305.3
weighted_round_robin,1,86,1,15.363,24.685,0.9269,0.9269,76,0,0,76,83,165,165,0.011511,0.00843,0.026149,1,1,1,2305.3
weighted_round_robin,1,87,1,15.382,24.698,0.9264,0.9264,77,0,0,77,83,166,165,0.011563,0.008424,0.026158,1,1,1,2305.3
weighted_round_robin,1,88,11,15.27,24.458,0.9259,0.9259,75,0,0,75,85,170,170,0.01143,0.008475,0.025906,1,1,1,2305.3
weighted_round_robin,1,89,1,15.646,24.594,0.9254,0.9254,76,0,0,76,85,171,170,0.011566,0.009331,0.026042,1,1,1,2305.3
weighted_round_robin,1,90,11,15.483,24.719,0.925,0.925,78,0,0,78,87,175,175,0.01176,0.008531,0.026159,1,1,1,2305.3
weighted_round_robin,1,91,1,15.455,24.721,0.9269,0.9269,78,0,0,78,88,175,175,0.011784,0.008421,0.026159,1,1,1,2305.3
weighted_round_robin,1,92,1,15.301,24.306,0.9264,0.9264,74,0,0,74,88,176,175,0.011784,0.008421,0.025697,1,1,1,2305.3
weighted_round_robin,1,93,11,15.302,24.657,0.9259,0.9259,75,0,0,75,90,180,180,0.011422,0.008356,0.026128,1,1,1,2305.3
weighted_round_robin,1,94,1,15.339,24.59,0.9255,0.9255,77,0,0,77,90,181,180,0.011576,0.008405,0.026036,1,1,1,2305.3
weighted_round_robin,1,95,11,15.365,24.581,0.925,0.925,79,0,0,79,92,185,185,0.011533,0.008531,0.026031,1,1,1,2305.3
weighted_round_robin,1,96,1,15.416,24.877,0.9268,0.9268,75,0,0,75,93,185,185,0.011454,0.008425,0.026368,1,1,1,2305.3
weighted_round_robin,1,97,1,15.452,24.886,0.9264,0.9264,75,0,0,75,93,186,185,0.01155,0.008439,0.026368,1,1,1,2305.3
weighted_round_robin,1,98,11,15.301,24.478,0.9259,0.9259,76,0,0,76,95,190,190,0.01155,0.008439,0.025914,1,1,1,2305.3
weighted_round_robin,1,99,1,15.672,24.691,0.9255,0.9255,78,0,0,78,95,191,190,0.011581,0.009286,0.026148,1,1,1,2305.3
weighted_round_robin,1,100,11,15.466,24.712,0.9251,0.9251,74,0,0,74,97,195,195,0.011532,0.008688,0.026177,1,1,1,2305.3
weighted_round_robin,1,101,1,15.535,24.446,0.9268,0.9268,76,0,0,76,98,195,195,0.012406,0.008416,0.025784,1,1,1,2305.3
weighted_round_robin,1,102,1,15.382,24.682,0.9263,0.9263,77,0,0,77,98,196,195,0.011566,0.00844,0.026139,1,1,1,2305.3
weighted_round_robin,1,103,11,15.358,24.679,0.9259,0.9259,77,0,0,77,100,200,200,0.011543,0.008392,0.026139,1,1,1,2305.3
weighted_round_robin,1,104,1,15.249,24.384,0.9255,0.9255,73,0,0,73,100,201,200,0.011543,0.008392,0.025811,1,1,1,2305.3
weighted_round_robin,1,105,1,15.321,24.566,0.9251,0.9251,74,0,0,74,100,201,201,0.011516,0.00843,0.026016,1,1,1,2305.3
weighted_round_robin,1,106,10,15.437,24.621,0.9251,0.9251,76,0,0,76,102,205,205,0.011834,0.008435,0.026042,1,1,1,2305.3
weighted_round_robin,1,107,1,15.34,24.638,0.9267,0.9267,77,0,0,77,103,205,205,0.01152,0.008404,0.026096,1,1,1,2305.3
weighted_round_robin,1,108,1,15.307,24.473,0.9263,0.9263,74,0,0,74,103,206,205,0.011566,0.008448,0.025907,1,1,1,2305.3
weighted_round_robin,1,109,11,15.552,24.552,0.9259,0.9259,74,0,0,74,105,210,210,0.012361,0.008389,0.025907,1,1,1,2305.3
weighted_round_robin,1,110,1,15.527,24.485,0.9255,0.9255,76,0,0,76,105,211,210,0.012361,0.008389,0.025832,1,1,1,2305.3
weighted_round_robin,1,111,11,15.396,24.695,0.9252,0.9252,78,0,0,78,107,215,215,0.011622,0.008417,0.026148,1,1,1,2305.3
weighted_round_robin,1,112,1,15.379,24.708,0.9267,0.9267,74,0,0,74,108,215,215,0.011589,0.008383,0.026166,1,1,1,2305.3
weighted_round_robin,1,113,1,15.341,24.676,0.9263,0.9263,75,0,0,75,108,216,215,0.011439,0.008436,0.026147,1,1,1,2305.3
weighted_round_robin,1,114,11,15.23,24.355,0.9259,0.9259,77,0,0,77,110,220,220,0.011535,0.008376,0.02578,1,1,1,2305.3
weighted_round_robin,1,115,1,15.19,24.349,0.9255,0.9255,77,0,0,77,110,221,220,0.01147,0.008321,0.02578,1,1,1,2305.3
weighted_round_robin,1,116,11,15.292,24.624,0.9252,0.9252,78,0,0,78,112,225,225,0.01147,0.008321,0.026086,1,1,1,2305.3
weighted_round_robin,1,117,1,15.274,24.424,0.9267,0.9267,75,0,0,75,113,225,225,0.011535,0.008431,0.025856,1,1,1,2305.3
weighted_round_robin,1,118,1,15.176,24.164,0.9263,0.9263,76,0,0,76,113,226,225,0.011511,0.008446,0.02557,1,1,1,2305.3
weighted_round_robin,1,119,11,15.694,25.387,0.9259,0.9259,78,0,0,78,115,230,230,0.011741,0.008439,0.026903,1,1,1,2305.3
weighted_round_robin,2,0,0,15.377,24.735,1.0,1.0,0,0,0,0,0,0,0,0.011526,0.008401,0.026203,1,1,1,2352.3
weighted_round_robin,2,1,1,15.625,25.365,0.3333,0.3333,73,0,0,73,0,1,0,0.011595,0.008385,0.026895,1,1,1,2352.3
weighted_round_robin,2,2,11,15.139,24.114,0.8889,0.8889,75,0,0,75,2,5,5,0.011505,0.008398,0.025515,1,1,1,2352.3
weighted_round_robin,2,3,1,15.601,24.76,0.9548,0.9548,72,0,0,72,3,5,5,0.011551,0.009024,0.026228,1,1,1,2352.3
weighted_round_robin,2,4,1,15.348,24.554,0.9333,0.9333,73,0,0,73,3,6,5,0.011635,0.008418,0.02599,1,1,1,2352.3
weighted_round_robin,2,5,11,15.348,24.554,0.9259,0.9259,73,0,0,73,5,10,10,0.011635,0.008418,0.02599,1,1,1,2352.3
weighted_round_robin,2,6,1,15.339,24.532,0.916,0.916,75,0,0,75,5,11,10,0.011568,0.008476,0.025972,1,1,1,2352.3
weighted_round_robin,2,7,11,15.338,24.4,0.9145,0.9145,73,0,0,73,7,15,15,0.011513,0.008668,0.025832,1,1,1,2352.3
weighted_round_robin,2,8,1,15.209,24.311,0.9364,0.9364,74,0,0,74,8,15,15,0.011517,0.008378,0.025733,1,1,1,2352.3
weighted_round_robin,2,9,1,15.433,24.846,0.9303,0.9303,75,0,0,75,8,16,15,0.011593,0.008387,0.026319,1,1,1,2352.3
weighted_round_robin,2,10,11,15.272,24.477,0.9259,0.9259,77,0,0,77,10,20,20,0.011504,0.008393,0.025918,1,1,1,2352.3
weighted_round_robin,2,11,1,15.272,24.477,0.9214,0.9214,77,0,0,77,10,21,20,0.011504,0.008393,0.025918,1,1,1,2352.3
weighted_round_robin,2,12,11,15.304,24.682,0.9192,0.9192,72,0,0,72,12,25,25,0.011391,0.008362,0.026159,1,1,1,2352.3
weighted_round_robin,2,13,1,15.338,24.653,0.9323,0.9323,74,0,0,74,13,25,25,0.011472,0.008425,0.026118,1,1,1,2352.3
weighted_round_robin,2,14,1,15.172,24.141,0.9288,0.9288,75,0,0,75,13,26,25,0.01155,0.008427,0.02554,1,1,1,2352.3
weighted_round_robin,2,15,11,15.33,24.631,0.9259,0.9259,72,0,0,72,15,30,30,0.011565,0.008342,0.026083,1,1,1,2352.3
weighted_round_robin,2,16,1,15.124,24.001,0.923,0.923,73,0,0,73,15,31,30,0.011491,0.008491,0.025391,1,1,1,2352.3
weighted_round_robin,2,17,11,15.124,24.001,0.9211,0.9211,73,0,0,73,17,35,35,0.011491,0.008491,0.025391,1,1,1,2352.3
weighted_round_robin,2,18,1,15.323,24.529,0.9305,0.9305,75,0,0,75,18,35,35,0.01156,0.00844,0.02597,1,1,1,2352.3
weighted_round_robin,2,19,1,15.331,24.633,0.9281,0.9281,71,0,0,71,18,36,35,0.011451,0.008443,0.026098,1,1,1,2352.3
weighted_round_robin,2,20,11,15.361,24.671,0.9259,0.9259,72,0,0,72,20,40,40,0.011508,0.00844,0.026134,1,1,1,2352.3
weighted_round_robin,2,21,1,15.355,24.718,0.9238,0.9238,74,0,0,74,20,41,40,0.011505,0.008375,0.026186,1,1,1,2352.3
weighted_round_robin,2,22,11,15.319,24.65,0.9222,0.9222,76,0,0,76,22,45,45,0.011472,0.008372,0.026114,1,1,1,2352.3
weighted_round_robin,2,23,1,15.319,24.65,0.9295,0.9295,76,0,0,76,23,45,45,0.011472,0.008372,0.026114,1,1,1,2352.3
weighted_round_robin,2,24,1,15.647,24.793,0.9276,0.9276,72,0,0,72,23,46,45,0.012336,0.008429,0.026177,1,1,1,2352.3
weighted_round_robin,2,25,7,15.699,24.807,0.9241,0.9241,73,0,0,73,24,49,48,0.012522,0.008402,0.026172,1,1,1,2352.3
weighted_round_robin,2,26,4,15.359,24.668,0.9259,0.9259,75,0,0,75,25,50,50,0.0115,0.008447,0.026131,1,1,1,2352.3
weighted_round_robin,2,27,1,15.428,24.551,0.9242,0.9242,72,0,0,72,25,51,50,0.011855,0.008466,0.025962,1,1,1,2352.3
weighted_round_robin,2,28,11,15.295,24.533,0.9229,0.9229,74,0,0,74,27,55,55,0.011482,0.00842,0.025983,1,1,1,2352.3
weighted_round_robin,2,29,1,15.295,24.533,0.9289,0.9289,74,0,0,74,28,55,55,0.011482,0.00842,0.025983,1,1,1,2352.3
weighted_round_robin,2,30,1,15.42,24.754,0.9273,0.9273,75,0,0,75,28,56,55,0.011586,0.008457,0.026217,1,1,1,2352.3
weighted_round_robin,2,31,11,15.138,24.212,0.9259,0.9259,77,0,0,77,30,60,60,0.011429,0.008354,0.025632,1,1,1,2352.3
weighted_round_robin,2,32,1,15.25,24.349,0.9245,0.9245,72,0,0,72,30,61,60,0.011471,0.008499,0.02578,1,1,1,2352.3
weighted_round_robin,2,33,11,15.241,24.362,0.9234,0.9234,74,0,0,74,32,65,65,0.011547,0.008389,0.025786,1,1,1,2352.3
weighted_round_robin,2,34,1,15.368,24.698,0.9284,0.9284,75,0,0,75,33,65,65,0.011497,0.008441,0.026165,1,1,1,2352.3
weighted_round_robin,2,35,1,15.368,24.698,0.9271,0.9271,75,0,0,75,33,66,65,0.011497,0.008441,0.026165,1,1,1,2352.3
weighted_round_robin,2,36,11,15.283,24.504,0.9259,0.9259,71,0,0,71,35,70,70,0.011527,0.008376,0.025946,1,1,1,2352.3
weighted_round_robin,2,37,1,15.382,24.666,0.9247,0.9247,73,0,0,73,35,71,70,0.011573,0.008451,0.026121,1,1,1,2352.3
weighted_round_robin,2,38,11,15.653,25.502,0.9237,0.9237,75,0,0,75,37,75,75,0.011484,0.008416,0.02706,1,1,1,2352.3
weighted_round_robin,2,39,1,15.645,24.803,0.9281,0.9281,76,0,0,76,38,75,75,0.012336,0.008411,0.026188,1,1,1,2352.3
weighted_round_robin,2,40,1,15.54,24.774,0.927,0.927,76,0,0,76,38,76,75,0.012052,0.008381,0.026188,1,1,1,2352.3
weighted_round_robin,2,41,11,15.693,25.187,0.9259,0.9259,72,0,0,72,40,80,80,0.012052,0.008381,0.026646,1,1,1,2352.3
weighted_round_robin,2,42,1,15.294,24.629,0.9249,0.9249,74,0,0,74,40,81,80,0.011427,0.008358,0.026096,1,1,1,2352.3
weighted_round_robin,2,43,11,15.393,24.809,0.924,0.924,75,0,0,75,42,85,85,0.011499,0.008392,0.026288,1,1,1,2352.3
weighted_round_robin,2,44,1,15.622,25.304,0.9278,0.9278,72,0,0,72,43,85,85,0.011592,0.008445,0.026828,1,1,1,2352.3
weighted_round_robin,2,45,1,15.446,24.89,0.9269,0.9269,73,0,0,73,43,86,85,0.011534,0.00843,0.026374,1,1,1,2352.3
weighted_round_robin,2,46,11,15.428,24.882,0.9259,0.9259,73,0,0,73,45,90,90,0.011451,0.008458,0.026374,1,1,1,2352.3
weighted_round_robin,2,47,1,15.25,24.403,0.925,0.925,75,0,0,75,45,91,90,0.011451,0.008458,0.025842,1,1,1,2352.3
weighted_round_robin,2,48,11,15.3,24.616,0.9242,0.9242,72,0,0,72,47,95,95,0.011419,0.0084,0.026082,1,1,1,2352.3
weighted_round_robin,2,49,1,15.481,24.742,0.9276,0.9276,74,0,0,74,48,95,95,0.011852,0.008417,0.026174,1,1,1,2352.3
weighted_round_robin,2,50,1,15.392,24.717,0.9268,0.9268,75,0,0,75,48,96,95,0.011525,0.008469,0.026183,1,1,1,2352.3
weighted_round_robin,2,51,1,15.347,24.613,0.9259,0.9259,76,0,0,76,48,96,96,0.011531,0.008445,0.026066,1,1,1,2352.3
weighted_round_robin,2,52,10,15.374,24.616,0.9259,0.9259,76,0,0,76,50,100,100,0.011566,0.008489,0.026066,1,1,1,2352.3
weighted_round_robin,2,53,1,15.321,24.473,0.9251,0.9251,72,0,0,72,50,101,100,0.011566,0.008489,0.025907,1,1,1,2352.3
weighted_round_robin,2,54,11,15.63,25.287,0.9243,0.9243,74,0,0,74,52,105,105,0.011463,0.008603,0.026823,1,1,1,2352.3
weighted_round_robin,2,55,1,15.3,24.27,0.9275,0.9275,75,0,0,75,53,105,105,0.011827,0.008421,0.025653,1,1,1,2352.3
weighted_round_robin,2,56,1,15.323,24.285,0.9267,0.9267,72,0,0,72,53,106,105,0.01194,0.008372,0.025657,1,1,1,2352.3
weighted_round_robin,2,57,11,15.275,24.506,0.9259,0.9259,74,0,0,74,55,110,110,0.011513,0.008361,0.02595,1,1,1,2352.3
weighted_round_robin,2,58,1,15.303,24.508,0.9252,0.9252,74,0,0,74,55,111,110,0.011527,0.008432,0.02595,1,1,1,2352.3
weighted_round_robin,2,59,11,15.358,24.656,0.9245,0.9245,75,0,0,75,57,115,115,0.011527,0.008432,0.026115,1,1,1,2352.3
weighted_round_robin,2,60,1,15.381,24.674,0.9273,0.9273,77,0,0,77,58,115,115,0.011561,0.008451,0.026131,1,1,1,2352.3
weighted_round_robin,2,61,1,15.422,24.735,0.9266,0.9266,74,0,0,74,58,116,115,0.011753,0.008336,0.026178,1,1,1,2352.3
weighted_round_robin,2,62,11,15.387,24.693,0.9259,0.9259,76,0,0,76,60,120,120,0.011576,0.008434,0.02615,1,1,1,2352.3
weighted_round_robin,2,63,1,15.908,25.356,0.9252,0.9252,77,0,0,77,60,121,120,0.012395,0.008533,0.026796,1,1,1,2352.3
weighted_round_robin,2,64,0,15.584,25.272,0.9252,0.9252,77,0,0,77,60,121,120,0.011558,0.008398,0.026796,1,1,1,2352.3
weighted_round_robin,2,65,11,15.312,24.538,0.9246,0.9246,74,0,0,74,62,125,125,0.011558,0.008398,0.02598,1,1,1,2352.3
weighted_round_robin,2,66,1,15.348,24.71,0.9272,0.9272,76,0,0,76,63,125,125,0.01144,0.008419,0.026184,1,1,1,2352.3
weighted_round_robin,2,67,1,15.128,24.055,0.9266,0.9266,77,0,0,77,63,126,125,0.011536,0.008403,0.025446,1,1,1,2352.3
weighted_round_robin,2,68,11,15.322,24.183,0.9259,0.9259,74,0,0,74,65,130,130,0.011932,0.00849,0.025544,1,1,1,2352.3
weighted_round_robin,2,69,1,15.375,24.666,0.9253,0.9253,75,0,0,75,65,131,130,0.011537,0.008463,0.026125,1,1,1,2352.3
weighted_round_robin,2,70,11,15.499,24.664,0.9247,0.9247,75,0,0,75,67,135,135,0.011512,0.008859,0.026125,1,1,1,2352.3
weighted_round_robin,2,71,1,15.494,24.651,0.9271,0.9271,77,0,0,77,68,135,135,0.011512,0.008859,0.026111,1,1,1,2352.3
weighted_round_robin,2,72,1,15.348,24.616,0.9265,0.9265,78,0,0,78,68,136,135,0.011551,0.008424,0.026068,1,1,1,2352.3
weighted_round_robin,2,73,11,15.299,24.505,0.9259,0.9259,73,0,0,73,70,140,140,0.011514,0.008435,0.025948,1,1,1,2352.3
weighted_round_robin,2,74,1,15.759,24.907,0.9253,0.9253,75,0,0,75,70,141,140,0.01233,0.008643,0.026305,1,1,1,2352.3
weighted_round_robin,2,75,11,15.319,24.624,0.9248,0.9248,76,0,0,76,72,145,145,0.011515,0.008362,0.026081,1,1,1,2352.3
weighted_round_robin,2,76,0,15.364,24.634,0.9248,0.9248,76,0,0,76,72,145,145,0.01161,0.0084,0.026081,1,1,1,2352.3
weighted_round_robin,2,77,1,15.37,24.65,0.9271,0.9271,74,0,0,74,73,145,145,0.01161,0.0084,0.026099,1,1,1,2352.3
weighted_round_robin,2,78,1,15.324,24.621,0.9265,0.9265,75,0,0,75,73,146,145,0.011451,0.008438,0.026084,1,1,1,2352.3
weighted_round_robin,2,79,11,15.477,24.974,0.9259,0.9259,77,0,0,77,75,150,150,0.011524,0.008438,0.026469,1,1,1,2352.3
weighted_round_robin,2,80,1,15.299,24.589,0.9254,0.9254,78,0,0,78,75,151,150,0.011432,0.008414,0.026051,1,1,1,2352.3
weighted_round_robin,2,81,11,15.288,24.371,0.9249,0.9249,75,0,0,75,77,155,155,0.011657,0.008423,0.025784,1,1,1,2352.3
weighted_round_robin,2,82,1,15.271,24.365,0.927,0.927,75,0,0,75,78,155,155,0.011597,0.008432,0.025784,1,1,1,2352.3
weighted_round_robin,2,83,1,15.398,24.709,0.9264,0.9264,76,0,0,76,78,156,155,0.011597,0.008432,0.026166,1,1,1,2352.3
weighted_round_robin,2,84,11,15.458,24.131,0.9259,0.9259,78,0,0,78,80,160,160,0.01149,0.009349,0.025536,1,1,1,2352.3
weighted_round_robin,2,85,1,15.308,24.501,0.9254,0.9254,74,0,0,74,80,161,160,0.011531,0.008452,0.025942,1,1,1,2352.3
weighted_round_robin,2,86,11,15.702,25.312,0.9249,0.9249,76,0,0,76,82,165,165,0.011571,0.008696,0.026839,1,1,1,2352.3
weighted_round_robin,2,87,1,15.329,24.574,0.9269,0.9269,77,0,0,77,83,165,165,0.011571,0.008398,0.026019,1,1,1,2352.3
weighted_round_robin,2,88,1,15.334,24.568,0.9264,0.9264,77,0,0,77,83,166,165,0.011511,0.008471,0.026019,1,1,1,2352.3
weighted_round_robin,2,89,11,15.361,24.641,0.9259,0.9259,73,0,0,73,85,170,170,0.011511,0.008471,0.0261,1,1,1,2352.3
weighted_round_robin,2,90,1,15.352,24.644,0.9254,0.9254,75,0,0,75,85,171,170,0.01148,0.008468,0.026107,1,1,1,2352.3
weighted_round_robin,2,91,11,15.311,24.489,0.925,0.925,76,0,0,76,87,175,175,0.011509,0.008494,0.025931,1,1,1,2352.3
weighted_round_robin,2,92,1,15.315,24.588,0.9269,0.9269,78,0,0,78,88,175,175,0.011512,0.008391,0.026041,1,1,1,2352.3
weighted_round_robin,2,93,1,15.919,25.45,0.9264,0.9264,74,0,0,74,88,176,175,0.012456,0.008407,0.026894,1,1,1,2352.3
weighted_round_robin,2,94,11,15.613,25.354,0.9259,0.9259,74,0,0,74,90,180,180,0.011491,0.008453,0.026894,1,1,1,2352.3
weighted_round_robin,2,95,1,15.345,24.632,0.9255,0.9255,76,0,0,76,90,181,180,0.011491,0.008453,0.026092,1,1,1,2352.3
weighted_round_robin,2,96,11,15.497,25.086,0.925,0.925,77,0,0,77,92,185,185,0.01143,0.008457,0.026603,1,1,1,2352.3
weighted_round_robin,2,97,1,15.354,24.603,0.9268,0.9268,74,0,0,74,93,185,185,0.011536,0.00847,0.026055,1,1,1,2352.3
weighted_round_robin,2,98,1,15.237,24.351,0.9264,0.9264,75,0,0,75,93,186,185,0.011517,0.008418,0.025777,1,1,1,2352.3
weighted_round_robin,2,99,11,15.346,24.582,0.9259,0.9259,76,0,0,76,95,190,190,0.011594,0.008419,0.026025,1,1,1,2352.3
weighted_round_robin,2,100,1,15.328,24.574,0.9255,0.9255,76,0,0,76,95,191,190,0.011516,0.008442,0.026025,1,1,1,2352.3
weighted_round_robin,2,101,7,15.279,24.442,0.9268,0.9268,78,0,0,78,97,193,193,0.011516,0.008442,0.025878,1,1,1,2352.3
weighted_round_robin,2,102,4,15.337,24.669,0.9251,0.9251,75,0,0,75,97,195,195,0.011457,0.008417,0.026137,1,1,1,2352.3
weighted_round_robin,2,103,1,15.332,24.531,0.9268,0.9268,76,0,0,76,98,195,195,0.011561,0.008462,0.025972,1,1,1,2352.3
weighted_round_robin,2,104,1,15.348,24.551,0.9263,0.9263,77,0,0,77,98,196,195,0.011605,0.00845,0.02599,1,1,1,2352.3
weighted_round_robin,2,105,11,15.298,24.51,0.9259,0.9259,74,0,0,74,100,200,200,0.01152,0.008422,0.025953,1,1,1,2352.3
weighted_round_robin,2,106,1,15.3,24.505,0.9255,0.9255,74,0,0,74,100,201,200,0.011474,0.008473,0.025953,1,1,1,2352.3
weighted_round_robin,2,107,11,15.346,24.628,0.9251,0.9251,75,0,0,75,102,205,205,0.011474,0.008473,0.02609,1,1,1,2352.3
weighted_round_robin,2,108,1,15.313,24.585,0.9267,0.9267,77,0,0,77,103,205,205,0.011484,0.008414,0.026041,1,1,1,2352.3
weighted_round_robin,2,109,1,15.383,24.462,0.9263,0.9263,72,0,0,72,103,206,205,0.011776,0.008502,0.025872,1,1,1,2352.3
weighted_round_robin,2,110,11,15.257,24.465,0.9259,0.9259,74,0,0,74,105,210,210,0.011306,0.008537,0.025927,1,1,1,2352.3
weighted_round_robin,2,111,1,15.335,24.563,0.9255,0.9255,75,0,0,75,105,211,210,0.011543,0.008452,0.02601,1,1,1,2352.3
weighted_round_robin,2,112,11,15.301,24.556,0.9252,0.9252,75,0,0,75,107,215,215,0.011468,0.008424,0.02601,1,1,1,2352.3
weighted_round_robin,2,113,1,15.341,24.665,0.9267,0.9267,77,0,0,77,108,215,215,0.011468,0.008424,0.026131,1,1,1,2352.3
weighted_round_robin,2,114,1,15.621,24.667,0.9263,0.9263,74,0,0,74,108,216,215,0.012163,0.008643,0.026056,1,1,1,2352.3
weighted_round_robin,2,115,11,15.424,24.648,0.9259,0.9259,75,0,0,75,110,220,220,0.011764,0.008428,0.02608,1,1,1,2352.3
weighted_round_robin,2,116,1,15.321,24.614,0.9255,0.9255,77,0,0,77,110,221,220,0.011554,0.008345,0.026065,1,1,1,2352.3
weighted_round_robin,2,117,11,15.245,24.415,0.9252,0.9252,74,0,0,74,112,225,225,0.011483,0.008401,0.025852,1,1,1,2352.3
weighted_round_robin,2,118,1,15.308,24.422,0.9267,0.9267,74,0,0,74,113,225,225,0.011548,0.008523,0.025852,1,1,1,2352.3
weighted_round_robin,2,119,1,15.407,24.69,0.9263,0.9263,75,0,0,75,113,226,225,0.011548,0.008523,0.02615,1,1,1,2352.3
random,1,0,0,15.444,24.865,1.0,1.0,0,0,0,0,0,0,0,0.011563,0.008427,0.026343,1,1,1,2338.3
random,1,1,1,15.359,24.634,0.3333,0.3333,73,0,0,73,0,1,0,0.011558,0.008433,0.026087,1,1,1,2338.3
random,1,2,1,15.315,24.547,0.3333,0.3333,74,0,0,74,0,2,0,0.011519,0.00843,0.025995,1,1,1,2338.3
random,1,3,1,15.311,24.545,0.3333,0.3333,74,0,0,74,0,3,0,0.0115,0.008439,0.025995,1,1,1,2338.3
random,1,4,1,15.344,24.635,0.3333,0.3333,70,0,0,70,0,4,0,0.0115,0.008439,0.026094,1,1,1,2338.3
random,1,5,11,15.547,25.029,0.8427,0.8427,72,0,0,72,4,8,3,0.01154,0.008572,0.026528,1,1,1,2338.3
random,1,6,11,15.331,24.547,0.963,0.963,74,0,0,74,8,11,7,0.011547,0.008456,0.025991,1,1,1,2338.3
random,1,7,1,15.318,24.563,0.9681,0.9681,75,0,0,75,9,11,7,0.011556,0.00839,0.026008,1,1,1,2338.3
random,1,8,11,15.565,24.483,0.9665,0.9665,72,0,0,72,11,16,11,0.011858,0.008952,0.025886,1,1,1,2338.3
random,1,9,1,15.287,24.45,0.9548,0.9548,72,0,0,72,11,17,11,0.011529,0.008447,0.025886,1,1,1,2338.3
random,1,10,1,15.207,24.234,0.9423,0.9423,73,0,0,73,11,18,11,0.011529,0.008447,0.025646,1,1,1,2338.3
random,1,11,1,15.379,24.545,0.9513,0.9513,74,0,0,74,12,18,11,0.011749,0.008422,0.025967,1,1,1,2338.3
random,1,12,1,15.145,24.307,0.9577,0.9577,71,0,0,71,13,18,11,0.011424,0.008274,0.025738,1,1,1,2338.3
random,1,13,1,15.325,24.577,0.9615,0.9615,72,0,0,72,14,18,11,0.01155,0.008401,0.026025,1,1,1,2338.3
random,1,14,1,15.366,24.643,0.9632,0.9632,73,0,0,73,15,18,11,0.011561,0.008441,0.026096,1,1,1,2338.3
random,1,15,1,15.361,24.647,0.9629,0.9629,73,0,0,73,16,18,11,0.011609,0.008379,0.026096,1,1,1,2338.3
random,1,16,1,15.193,24.193,0.9609,0.9609,74,0,0,74,17,18,11,0.011609,0.008379,0.025591,1,1,1,2338.3
random,1,17,1,15.376,24.707,0.9575,0.9575,69,0,0,69,18,18,11,0.011508,0.008445,0.026174,1,1,1,2338.3
random,1,18,1,15.609,24.628,0.9529,0.9529,70,0,0,70,19,18,11,0.012366,0.008471,0.025991,1,1,1,2338.3
random,1,19,1,15.37,24.695,0.9471,0.9471,71,0,0,71,20,18,11,0.01153,0.008421,0.026158,1,1,1,2338.3
random,1,20,1,15.366,24.592,0.9406,0.9406,68,0,0,68,21,18,11,0.011578,0.008481,0.026038,1,1,1,2338.3
random,1,21,1,15.327,24.588,0.9333,0.9333,68,0,0,68,22,18,11,0.01154,0.008402,0.026038,1,1,1,2338.3
random,1,22,1,15.131,24.061,0.9254,0.9254,69,0,0,69,23,18,11,0.01154,0.008402,0.025452,1,1,1,2338.3
random,1,23,1,17.793,31.32,0.9171,0.9171,70,0,0,70,24,18,11,0.011432,0.008417,0.03353,1,1,1,2338.3
random,1,24,1,15.176,24.18,0.9084,0.9084,65,0,0,65,25,18,11,0.011494,0.008445,0.025589,1,1,1,2338.3
random,1,25,11,15.641,25.182,0.9408,0.9408,67,0,0,67,25,26,14,0.01175,0.008499,0.026674,1,1,1,2338.3
random,1,26,11,15.349,24.668,0.9695,0.9695,69,0,0,69,29,28,19,0.011506,0.008412,0.02613,1,1,1,2338.3
random,1,27,11,15.349,24.668,0.979,0.979,69,0,0,69,32,32,23,0.011506,0.008412,0.02613,1,1,1,2338.3
random,1,28,1,15.888,25.328,0.977,0.977,71,0,0,71,32,33,23,0.012409,0.008492,0.026763,1,1,1,2338.3
random,1,29,1,15.57,25.093,0.9754,0.9754,68,0,0,68,33,33,23,0.01166,0.008466,0.026585,1,1,1,2338.3
random,1,30,1,15.349,24.583,0.9733,0.9733,69,0,0,69,34,33,23,0.011675,0.008355,0.026017,1,1,1,2338.3
random,1,31,1,15.474,24.866,0.9709,0.9709,70,0,0,70,35,33,23,0.011618,0.008467,0.026338,1,1,1,2338.3
random,1,32,0,15.435,24.864,0.9709,0.9709,70,0,0,70,35,33,23,0.011603,0.008365,0.026338,1,1,1,2338.3
random,1,33,11,15.308,24.521,0.9585,0.9585,66,0,0,66,39,39,24,0.011603,0.008365,0.025956,1,1,1,2338.3
random,1,34,1,15.427,24.866,0.9565,0.9565,68,0,0,68,40,39,24,0.011526,0.008406,0.026348,1,1,1,2338.3
random,1,35,1,15.72,25.227,0.9543,0.9543,69,0,0,69,41,39,24,0.011931,0.008526,0.026704,1,1,1,2338.3
random,1,36,1,15.339,24.657,0.9518,0.9518,70,0,0,70,42,39,24,0.011523,0.008378,0.026116,1,1,1,2338.3
random,1,37,11,15.272,24.267,0.9688,0.9688,66,0,0,66,45,42,29,0.011553,0.008582,0.02568,1,1,1,2338.3
random,1,38,1,15.185,24.259,0.9665,0.9665,66,0,0,66,46,42,29,0.011471,0.008405,0.02568,1,1,1,2338.3
random,1,39,1,15.359,24.728,0.9657,0.9657,67,0,0,67,46,43,29,0.011471,0.008405,0.026201,1,1,1,2338.3
random,1,40,1,15.399,24.779,0.9647,0.9647,68,0,0,68,46,44,29,0.011608,0.008346,0.026243,1,1,1,2338.3
random,1,41,1,15.504,24.752,0.9635,0.9635,65,0,0,65,46,45,29,0.011929,0.008405,0.026177,1,1,1,2338.3
random,1,42,11,15.573,25.183,0.9753,0.9753,67,0,0,67,50,47,34,0.011583,0.008441,0.026694,1,1,1,2338.3
random,1,43,1,15.679,24.807,0.9735,0.9735,68,0,0,68,51,47,34,0.012477,0.008384,0.026177,1,1,1,2338.3
random,1,44,11,15.372,24.715,0.9892,0.9892,68,0,0,68,53,49,41,0.011554,0.008384,0.026177,1,1,1,2338.3
random,1,45,11,15.359,24.679,0.9944,0.9944,64,0,0,64,55,53,46,0.011554,0.008386,0.026137,1,1,1,2338.3
random,1,46,1,15.43,24.713,0.9935,0.9935,66,0,0,66,56,53,46,0.011553,0.008561,0.026175,1,1,1,2338.3
random,1,47,1,15.416,24.74,0.9931,0.9931,67,0,0,67,56,54,46,0.011551,0.008491,0.026205,1,1,1,2338.3
random,1,48,1,15.65,25.491,0.9927,0.9927,68,0,0,68,56,55,46,0.011466,0.008435,0.027049,1,1,1,2338.3
random,1,49,1,15.407,24.637,0.9918,0.9918,65,0,0,65,57,55,46,0.011568,0.008563,0.026089,1,1,1,2338.3
random,1,50,1,15.407,24.637,0.9908,0.9908,65,0,0,65,58,55,46,0.011568,0.008563,0.026089,1,1,1,2338.3
random,1,51,1,15.443,24.771,0.9904,0.9904,66,0,0,66,58,56,46,0.011619,0.008479,0.026232,1,1,1,2338.3
random,1,52,1,15.274,24.396,0.9894,0.9894,67,0,0,67,59,56,46,0.011555,0.008445,0.025823,1,1,1,2338.3
random,1,53,1,15.751,25.456,0.9883,0.9883,63,0,0,63,60,56,46,0.011844,0.008441,0.026969,1,1,1,2338.3
random,1,54,1,15.35,24.563,0.987,0.987,64,0,0,64,61,56,46,0.01157,0.008473,0.026007,1,1,1,2338.3
random,1,55,11,15.373,24.578,0.9852,0.9852,64,0,0,64,64,62,48,0.011717,0.008396,0.026007,1,1,1,2338.3
random,1,56,11,15.5,24.921,0.9846,0.9846,66,0,0,66,69,65,51,0.011717,0.008396,0.026388,1,1,1,2338.3
random,1,57,11,15.421,24.772,0.9931,0.9931,63,0,0,63,71,67,58,0.011572,0.008453,0.026239,1,1,1,2338.3
random,1,58,7,15.64,24.83,0.9946,0.9946,65,0,0,65,73,69,61,0.011765,0.008873,0.026282,1,1,1,2338.3
random,1,59,4,15.442,24.9,0.9948,0.9948,67,0,0,67,73,72,62,0.011526,0.008414,0.026386,1,1,1,2338.3
random,1,60,11,15.698,25.107,0.9962,0.9962,69,0,0,69,78,73,67,0.011941,0.008583,0.02657,1,1,1,2338.3
random,1,61,11,15.6,25.078,0.9977,0.9977,69,0,0,69,81,76,72,0.011646,0.008583,0.02657,1,1,1,2338.3
random,1,62,1,15.285,24.383,0.9971,0.9971,68,0,0,68,82,76,72,0.011646,0.008411,0.025798,1,1,1,2338.3
random,1,63,1,15.395,24.727,0.9965,0.9965,69,0,0,69,83,76,72,0.011706,0.008305,0.026174,1,1,1,2338.3
random,1,64,1,15.412,24.774,0.9966,0.9966,70,0,0,70,83,77,72,0.011494,0.008493,0.026249,1,1,1,2338.3
random,1,65,1,15.359,24.741,0.996,0.996,66,0,0,66,84,77,72,0.011468,0.008394,0.026216,1,1,1,2338.3
random,1,66,1,15.604,24.761,0.9953,0.9953,67,0,0,67,85,77,72,0.012207,0.008449,0.026156,1,1,1,2338.3
random,1,67,1,15.604,24.761,0.9946,0.9946,67,0,0,67,86,77,72,0.012207,0.008449,0.026156,1,1,1,2338.3
random,1,68,11,15.606,25.271,0.9964,0.9964,68,0,0,68,88,82,76,0.0115,0.008516,0.026801,1,1,1,2338.3
random,1,69,1,15.778,24.699,0.9959,0.9959,70,0,0,70,89,82,76,0.012863,0.008456,0.026014,1,1,1,2338.3
random,1,70,1,15.397,24.778,0.9952,0.9952,66,0,0,66,90,82,76,0.011652,0.008303,0.026237,1,1,1,2338.3
random,1,71,1,15.425,24.657,0.9953,0.9953,67,0,0,67,90,83,76,0.011476,0.008678,0.026122,1,1,1,2338.3
random,1,72,1,15.377,24.665,0.9953,0.9953,67,0,0,67,90,84,76,0.011556,0.008454,0.026122,1,1,1,2338.3
random,1,73,1,15.352,24.596,0.9947,0.9947,68,0,0,68,91,84,76,0.011556,0.008454,0.026045,1,1,1,2338.3
random,1,74,11,15.574,25.13,0.9951,0.9951,66,0,0,66,95,87,80,0.011525,0.008556,0.026642,1,1,1,2338.3
random,1,75,1,15.409,24.938,0.9951,0.9951,68,0,0,68,95,88,80,0.011443,0.008347,0.026437,1,1,1,2338.3
random,1,76,1,15.362,24.772,0.9945,0.9945,69,0,0,69,96,88,80,0.011479,0.008358,0.026249,1,1,1,2338.3
random,1,77,1,15.616,24.573,0.9945,0.9945,66,0,0,66,96,89,80,0.012508,0.008425,0.025914,1,1,1,2338.3
random,1,78,11,15.388,24.51,0.9955,0.9955,66,0,0,66,99,93,84,0.011874,0.008377,0.025914,1,1,1,2338.3
random,1,79,1,15.538,24.913,0.9955,0.9955,68,0,0,68,99,94,84,0.011874,0.008377,0.026362,1,1,1,2338.3
random,1,80,1,15.7,24.899,0.9953,0.9953,69,0,0,69,99,95,84,0.012301,0.008501,0.026299,1,1,1,2338.3
random,1,81,1,15.344,24.49,0.9952,0.9952,70,0,0,70,99,96,84,0.011515,0.008584,0.025932,1,1,1,2338.3
random,1,82,1,15.383,24.721,0.9949,0.9949,68,0,0,68,99,97,84,0.011499,0.008461,0.02619,1,1,1,2338.3
random,1,83,11,15.343,24.567,0.9972,0.9972,70,0,0,70,102,99,90,0.011605,0.008417,0.026007,1,1,1,2338.3
random,1,84,1,15.431,24.593,0.9969,0.9969,70,0,0,70,103,99,90,0.011869,0.008417,0.026007,1,1,1,2338.3
random,1,85,1,15.649,25.173,0.9968,0.9968,71,0,0,71,103,100,90,0.011869,0.008428,0.026651,1,1,1,2338.3
random,1,86,1,15.307,24.523,0.9964,0.9964,67,0,0,67,104,100,90,0.01152,0.008434,0.025968,1,1,1,2338.3
random,1,87,11,15.731,25.555,0.9983,0.9983,68,0,0,68,106,103,96,0.011619,0.008471,0.027104,1,1,1,2338.3
random,1,88,0,15.738,25.118,0.9983,0.9983,70,0,0,70,106,103,96,0.012199,0.008462,0.026554,1,1,1,2338.3
random,1,89,1,15.487,24.959,0.998,0.998,66,0,0,66,107,103,96,0.011529,0.008482,0.026451,1,1,1,2338.3
random,1,90,11,15.487,24.959,0.9996,0.9996,66,0,0,66,108,106,103,0.011529,0.008482,0.026451,1,1,1,2338.3
random,1,91,1,15.572,25.128,0.9995,0.9995,68,0,0,68,109,106,103,0.011665,0.008427,0.026624,1,1,1,2338.3
random,1,92,11,15.52,25.104,0.9993,0.9993,70,0,0,70,113,110,106,0.011579,0.008374,0.026607,1,1,1,2338.3
random,1,93,11,15.646,25.246,0.9992,0.9992,72,0,0,72,117,114,109,0.011594,0.00858,0.026763,1,1,1,2338.3
random,1,94,11,15.446,24.805,0.9999,0.9999,70,0,0,70,119,116,116,0.011717,0.008363,0.026259,1,1,1,2338.3
random,1,95,1,15.411,24.786,0.9997,0.9997,70,0,0,70,120,116,116,0.011527,0.008448,0.026259,1,1,1,2338.3
random,1,96,1,15.285,24.445,0.9998,0.9998,71,0,0,71,120,117,116,0.011527,0.008448,0.02588,1,1,1,2338.3
random,1,97,1,15.335,24.678,0.9998,0.9998,72,0,0,72,120,118,116,0.011406,0.008445,0.026153,1,1,1,2338.3
random,1,98,1,15.511,25.043,0.9997,0.9997,68,0,0,68,121,118,116,0.011583,0.008413,0.026538,1,1,1,2338.3
random,1,99,1,15.289,24.557,0.9997,0.9997,69,0,0,69,121,119,116,0.011426,0.008424,0.026016,1,1,1,2338.3
random,1,100,1,15.899,25.195,0.9996,0.9996,70,0,0,70,122,119,116,0.012491,0.008598,0.026607,1,1,1,2338.3
random,1,101,11,15.554,25.106,0.9998,0.9998,70,0,0,70,125,122,121,0.011593,0.008462,0.026607,1,1,1,2338.3
random,1,102,11,15.407,24.71,0.9999,0.9999,72,0,0,72,128,126,125,0.011593,0.008462,0.026167,1,1,1,2338.3
random,1,103,11,15.262,24.547,1.0,1.0,71,0,0,71,131,129,130,0.011371,0.008403,0.026011,1,1,1,2338.3
random,1,104,11,15.456,24.902,0.9997,0.9997,73,0,0,73,137,132,132,0.011569,0.008416,0.026384,1,1,1,2338.3
random,1,105,11,15.291,24.553,0.9999,0.9999,75,0,0,75,139,136,137,0.011493,0.008377,0.026004,1,1,1,2338.3
random,1,106,1,15.491,24.632,1.0,1.0,71,0,0,71,139,137,137,0.011594,0.008797,0.026081,1,1,1,2338.3
random,1,107,1,15.484,24.63,1.0,1.0,71,0,0,71,139,138,137,0.011573,0.008797,0.026081,1,1,1,2338.3
random,1,108,1,15.427,24.795,1.0,1.0,72,0,0,72,139,139,137,0.011573,0.008443,0.026264,1,1,1,2338.3
random,1,109,1,15.345,24.551,0.9999,0.9999,73,0,0,73,140,139,137,0.011595,0.008449,0.025991,1,1,1,2338.3
random,1,110,1,15.389,24.689,0.9999,0.9999,70,0,0,70,140,140,137,0.011559,0.00846,0.026148,1,1,1,2338.3
random,1,111,1,15.412,24.82,0.9999,0.9999,71,0,0,71,140,141,137,0.011569,0.008375,0.026292,1,1,1,2338.3
random,1,112,0,15.383,24.732,0.9999,0.9999,72,0,0,72,140,141,137,0.01151,0.008439,0.026201,1,1,1,2338.3
random,1,113,1,15.383,24.732,0.9998,0.9998,72,0,0,72,141,141,137,0.01151,0.008439,0.026201,1,1,1,2338.3
random,1,114,1,15.322,24.561,0.9998,0.9998,73,0,0,73,142,141,137,0.011558,0.008401,0.026006,1,1,1,2338.3
random,1,115,11,15.5,24.99,0.9999,0.9999,72,0,0,72,145,144,142,0.011557,0.008461,0.026483,1,1,1,2338.3
random,1,116,1,15.506,24.754,0.9999,0.9999,73,0,0,73,145,145,142,0.011852,0.008478,0.026188,1,1,1,2338.3
random,1,117,11,15.359,24.625,0.9999,0.9999,75,0,0,75,148,149,146,0.011562,0.008437,0.026077,1,1,1,2338.3
random,1,118,1,15.343,24.623,0.9999,0.9999,75,0,0,75,149,149,146,0.011539,0.008414,0.026077,1,1,1,2338.3
random,1,119,1,15.472,24.97,0.9999,0.9999,69,0,0,69,149,150,146,0.011539,0.008414,0.026462,1,1,1,2338.3
random,2,0,0,15.521,24.716,1.0,1.0,0,0,0,0,0,0,0,0.011962,0.008468,0.026133,1,1,1,2445.3
random,2,1,11,15.521,24.716,0.761,0.761,0,0,0,0,1,4,6,0.011962,0.008468,0.026133,1,1,1,2445.3
random,2,2,1,15.651,25.222,0.7742,0.7742,68,0,0,68,1,5,6,0.011585,0.008631,0.026737,1,1,1,2445.3
random,2,3,11,15.364,24.608,0.8602,0.8602,70,0,0,70,5,6,12,0.011581,0.008455,0.026056,1,1,1,2445.3
random,2,4,1,15.518,24.944,0.8889,0.8889,71,0,0,71,6,6,12,0.011743,0.008399,0.026411,1,1,1,2445.3
random,2,5,1,15.438,24.689,0.9098,0.9098,67,0,0,67,7,6,12,0.011798,0.008396,0.026121,1,1,1,2445.3
random,2,6,1,15.369,24.667,0.9235,0.9235,67,0,0,67,8,6,12,0.011586,0.008401,0.026121,1,1,1,2445.3
random,2,7,1,15.235,24.305,0.931,0.931,68,0,0,68,9,6,12,0.011586,0.008401,0.025718,1,1,1,2445.3
random,2,8,1,15.292,24.483,0.9538,0.9538,69,0,0,69,9,7,12,0.011504,0.008446,0.025925,1,1,1,2445.3
random,2,9,1,15.289,24.576,0.9568,0.9568,70,0,0,70,10,7,12,0.011481,0.008356,0.026031,1,1,1,2445.3
random,2,10,11,15.367,24.475,0.9558,0.9558,68,0,0,68,13,10,17,0.011824,0.008396,0.025881,1,1,1,2445.3
random,2,11,11,15.577,24.961,0.958,0.958,70,0,0,70,15,14,22,0.011835,0.008477,0.026419,1,1,1,2445.3
random,2,12,1,15.516,24.932,0.963,0.963,70,0,0,70,16,14,22,0.011551,0.008578,0.026419,1,1,1,2445.3
random,2,13,11,15.731,25.512,0.9594,0.9594,71,0,0,71,19,17,27,0.011551,0.008578,0.027063,1,1,1,2445.3
random,2,14,11,15.438,24.711,0.9458,0.9458,69,0,0,69,21,20,33,0.011727,0.008433,0.026154,1,1,1,2445.3
random,2,15,11,15.63,25.113,0.9433,0.9433,71,0,0,71,22,25,38,0.011942,0.008371,0.026576,1,1,1,2445.3
random,2,16,1,15.527,24.862,0.9467,0.9467,73,0,0,73,22,26,38,0.011853,0.00842,0.026307,1,1,1,2445.3
random,2,17,11,15.676,25.488,0.9725,0.9725,72,0,0,72,29,28,40,0.011628,0.008373,0.027028,1,1,1,2445.3
random,2,18,1,15.727,25.503,0.9748,0.9748,72,0,0,72,30,28,40,0.011779,0.008373,0.027028,1,1,1,2445.3
random,2,19,1,15.47,24.776,0.9767,0.9767,73,0,0,73,31,28,40,0.011779,0.00841,0.02622,1,1,1,2445.3
random,2,20,1,15.341,24.632,0.9798,0.9798,74,0,0,74,31,29,40,0.011551,0.008388,0.026085,1,1,1,2445.3
random,2,21,11,15.634,25.162,0.9712,0.9712,75,0,0,75,33,32,46,0.011802,0.008454,0.026646,1,1,1,2445.3
random,2,22,1,15.416,24.568,0.9738,0.9738,73,0,0,73,33,33,46,0.011579,0.008658,0.026011,1,1,1,2445.3
random,2,23,1,15.755,24.835,0.976,0.976,74,0,0,74,34,33,46,0.012014,0.008992,0.02626,1,1,1,2445.3
random,2,24,1,15.755,24.835,0.9783,0.9783,74,0,0,74,34,34,46,0.012014,0.008992,0.02626,1,1,1,2445.3
random,2,25,11,15.619,24.258,0.9694,0.9694,75,0,0,75,35,38,52,0.011569,0.009619,0.025668,1,1,1,2445.3
random,2,26,0,15.381,24.633,0.9694,0.9694,71,0,0,71,35,38,52,0.011702,0.008372,0.02607,1,1,1,2445.3
random,2,27,1,15.426,24.71,0.9721,0.9721,72,0,0,72,36,38,52,0.011586,0.008525,0.026168,1,1,1,2445.3
random,2,28,1,15.473,24.855,0.9745,0.9745,73,0,0,73,37,38,52,0.011668,0.008432,0.02632,1,1,1,2445.3
random,2,29,1,15.606,24.839,0.9763,0.9763,73,0,0,73,37,39,52,0.011508,0.00899,0.02632,1,1,1,2445.3
random,2,30,1,15.559,24.711,0.9778,0.9778,68,0,0,68,37,40,52,0.011508,0.00899,0.026178,1,1,1,2445.3
random,2,31,1,15.313,24.552,0.9801,0.9801,69,0,0,69,38,40,52,0.01153,0.00841,0.025999,1,1,1,2445.3
random,2,32,1,15.67,24.645,0.9814,0.9814,70,0,0,70,38,41,52,0.011644,0.009276,0.026089,1,1,1,2445.3
random,2,33,11,16.178,25.67,0.9832,0.9832,72,0,0,72,42,44,56,0.012669,0.00875,0.027115,1,1,1,2445.3
random,2,34,1,15.362,24.43,0.9843,0.9843,70,0,0,70,42,45,56,0.011591,0.008639,0.025857,1,1,1,2445.3
random,2,35,11,15.279,24.429,0.9748,0.9748,70,0,0,70,45,46,63,0.011577,0.008402,0.025857,1,1,1,2445.3
random,2,36,1,15.543,25.142,0.9763,0.9763,72,0,0,72,45,47,63,0.011577,0.008402,0.026649,1,1,1,2445.3
random,2,37,11,15.236,24.336,0.9818,0.9818,73,0,0,73,50,50,66,0.011543,0.008408,0.025757,1,1,1,2445.3
random,2,38,1,15.648,25.396,0.983,0.983,68,0,0,68,50,51,66,0.011562,0.008449,0.026933,1,1,1,2445.3
random,2,39,11,15.522,25.05,0.9806,0.9806,70,0,0,70,52,55,71,0.011565,0.008454,0.026548,1,1,1,2445.3
random,2,40,1,15.398,24.655,0.9821,0.9821,71,0,0,71,53,55,71,0.011587,0.008499,0.026107,1,1,1,2445.3
random,2,41,11,15.649,24.73,0.982,0.982,71,0,0,71,53,63,74,0.012342,0.008499,0.026107,1,1,1,2445.3
random,2,42,1,15.794,25.069,0.9838,0.9838,73,0,0,73,54,63,74,0.012342,0.008556,0.026483,1,1,1,2445.3
random,2,43,1,15.334,24.615,0.9854,0.9854,69,0,0,69,55,63,74,0.011487,0.00844,0.026074,1,1,1,2445.3
random,2,44,11,15.633,25.112,0.9882,0.9882,70,0,0,70,58,69,76,0.011555,0.008725,0.026618,1,1,1,2445.3
random,2,45,1,15.201,24.284,0.988,0.988,72,0,0,72,58,70,76,0.011519,0.008382,0.025702,1,1,1,2445.3
random,2,46,1,15.413,24.804,0.9895,0.9895,69,0,0,69,59,70,76,0.011518,0.008441,0.02628,1,1,1,2445.3
random,2,47,11,15.413,24.804,0.9884,0.9884,69,0,0,69,63,71,82,0.011518,0.008441,0.02628,1,1,1,2445.3
random,2,48,1,15.407,24.656,0.9886,0.9886,71,0,0,71,63,72,82,0.011556,0.008553,0.026112,1,1,1,2445.3
random,2,49,11,15.226,24.347,0.9923,0.9923,72,0,0,72,69,74,85,0.011512,0.008392,0.025773,1,1,1,2445.3
random,2,50,1,15.422,24.884,0.9931,0.9931,70,0,0,70,70,74,85,0.01152,0.008376,0.026369,1,1,1,2445.3
random,2,51,1,15.451,24.743,0.9934,0.9934,71,0,0,71,70,75,85,0.011685,0.008475,0.026194,1,1,1,2445.3
random,2,52,1,15.564,24.78,0.9942,0.9942,71,0,0,71,71,75,85,0.01205,0.008448,0.026194,1,1,1,2445.3
random,2,53,1,15.365,24.243,0.9944,0.9944,72,0,0,72,71,76,85,0.01205,0.008448,0.025598,1,1,1,2445.3
random,2,54,1,15.469,24.889,0.9936,0.9936,73,0,0,73,71,76,86,0.01157,0.008469,0.026369,1,1,1,2445.3
random,2,55,10,15.427,24.896,0.9918,0.9918,71,0,0,71,72,81,90,0.011449,0.008441,0.02639,1,1,1,2445.3
random,2,56,11,15.48,24.955,0.9917,0.9917,73,0,0,73,75,85,94,0.011545,0.008449,0.026445,1,1,1,2445.3
random,2,57,11,15.792,24.684,0.9897,0.9897,75,0,0,75,77,89,99,0.011975,0.009304,0.026096,1,1,1,2445.3
random,2,58,11,15.644,24.64,0.9903,0.9903,75,0,0,75,80,94,102,0.011533,0.009304,0.026096,1,1,1,2445.3
random,2,59,1,15.285,24.415,0.9913,0.9913,72,0,0,72,81,94,102,0.011533,0.008475,0.025846,1,1,1,2445.3
random,2,60,11,15.647,25.066,0.9897,0.9897,74,0,0,74,84,96,108,0.011931,0.008486,0.026525,1,1,1,2445.3
random,2,61,1,15.419,24.907,0.9906,0.9906,75,0,0,75,85,96,108,0.011492,0.008367,0.026398,1,1,1,2445.3
random,2,62,11,15.834,24.919,0.9932,0.9932,73,0,0,73,91,98,111,0.011846,0.009283,0.026372,1,1,1,2445.3
random,2,63,1,15.354,24.588,0.9933,0.9933,74,0,0,74,91,99,111,0.011581,0.008448,0.026033,1,1,1,2445.3
random,2,64,1,15.354,24.588,0.9934,0.9934,74,0,0,74,91,100,111,0.011581,0.008448,0.026033,1,1,1,2445.3
random,2,65,1,15.447,24.562,0.9941,0.9941,75,0,0,75,92,100,111,0.011854,0.008513,0.025974,1,1,1,2445.3
random,2,66,1,15.383,24.709,0.9947,0.9947,76,0,0,76,93,100,111,0.011502,0.008469,0.026177,1,1,1,2445.3
random,2,67,1,15.366,24.622,0.9952,0.9952,73,0,0,73,94,100,111,0.011595,0.008433,0.026069,1,1,1,2445.3
random,2,68,11,15.548,24.72,0.9944,0.9944,75,0,0,75,97,103,116,0.011765,0.008719,0.026159,1,1,1,2445.3
random,2,69,11,15.388,24.696,0.9938,0.9938,75,0,0,75,101,105,121,0.011529,0.008476,0.026159,1,1,1,2445.3
random,2,70,11,15.409,24.754,0.9928,0.9928,77,0,0,77,104,108,126,0.011529,0.008476,0.026223,1,1,1,2445.3
random,2,71,1,15.371,24.628,0.9933,0.9933,74,0,0,74,105,108,126,0.0116,0.008436,0.026076,1,1,1,2445.3
random,2,72,1,15.805,25.698,0.9937,0.9937,75,0,0,75,106,108,126,0.011734,0.008432,0.02725,1,1,1,2445.3
random,2,73,1,15.46,24.71,0.994,0.994,76,0,0,76,106,109,126,0.011457,0.008739,0.026183,1,1,1,2445.3
random,2,74,11,15.13,24.013,0.995,0.995,78,0,0,78,113,110,129,0.011578,0.008418,0.025395,1,1,1,2445.3
random,2,75,11,15.135,24.008,0.9958,0.9958,78,0,0,78,117,114,132,0.011525,0.008485,0.025395,1,1,1,2445.3
random,2,76,1,15.368,24.637,0.996,0.996,74,0,0,74,118,114,132,0.011525,0.008485,0.026094,1,1,1,2445.3
random,2,77,1,15.377,24.683,0.9955,0.9955,75,0,0,75,118,114,133,0.01157,0.008422,0.02614,1,1,1,2445.3
random,2,78,10,15.381,24.561,0.9971,0.9971,77,0,0,77,123,118,134,0.01154,0.008594,0.026008,1,1,1,2445.3
random,2,79,1,15.449,24.666,0.9972,0.9972,73,0,0,73,124,118,134,0.011764,0.008484,0.0261,1,1,1,2445.3
random,2,80,1,15.388,24.729,0.9973,0.9973,74,0,0,74,125,118,134,0.011545,0.008426,0.026194,1,1,1,2445.3
random,2,81,1,15.684,24.818,0.9973,0.9973,74,0,0,74,126,118,134,0.012432,0.008426,0.026194,1,1,1,2445.3
random,2,82,11,15.673,24.694,0.9979,0.9979,75,0,0,75,127,124,138,0.012432,0.008531,0.026057,1,1,1,2445.3
random,2,83,1,15.29,24.59,0.9981,0.9981,72,0,0,72,127,125,138,0.011392,0.008422,0.026057,1,1,1,2445.3
random,2,84,1,15.25,24.325,0.9983,0.9983,73,0,0,73,127,126,138,0.011566,0.00844,0.025743,1,1,1,2445.3
random,2,85,1,15.803,25.86,0.9984,0.9984,74,0,0,74,128,126,138,0.011498,0.008454,0.027456,1,1,1,2445.3
random,2,86,1,15.456,24.931,0.9985,0.9985,75,0,0,75,129,126,138,0.011507,0.00844,0.026422,1,1,1,2445.3
random,2,87,1,15.456,24.931,0.9986,0.9986,75,0,0,75,130,126,138,0.011507,0.00844,0.026422,1,1,1,2445.3
random,2,88,1,15.375,24.511,0.9986,0.9986,72,0,0,72,131,126,138,0.011727,0.008466,0.025931,1,1,1,2445.3
random,2,89,11,15.361,24.353,0.9984,0.9984,75,0,0,75,137,128,141,0.011479,0.00882,0.025783,1,1,1,2445.3
random,2,90,11,15.478,24.922,0.9987,0.9987,76,0,0,76,143,132,142,0.011601,0.008431,0.026402,1,1,1,2445.3
random,2,91,1,15.356,24.402,0.9986,0.9986,73,0,0,73,144,132,142,0.011524,0.008711,0.025833,1,1,1,2445.3
random,2,92,11,15.373,24.435,0.9976,0.9976,73,0,0,73,148,133,148,0.011851,0.008434,0.025833,1,1,1,2445.3
random,2,93,1,15.461,24.672,0.9974,0.9974,75,0,0,75,149,133,148,0.011851,0.008434,0.026097,1,1,1,2445.3
random,2,94,1,15.424,24.746,0.9977,0.9977,76,0,0,76,149,134,148,0.011627,0.008442,0.026204,1,1,1,2445.3
random,2,95,1,15.415,24.578,0.998,0.998,72,0,0,72,149,135,148,0.011503,0.008711,0.026031,1,1,1,2445.3
random,2,96,1,15.309,24.493,0.9983,0.9983,73,0,0,73,149,136,148,0.011546,0.008449,0.025932,1,1,1,2445.3
random,2,97,1,15.614,25.041,0.9986,0.9986,74,0,0,74,149,137,148,0.011505,0.008791,0.026545,1,1,1,2445.3
random,2,98,1,15.543,25.048,0.9984,0.9984,74,0,0,74,150,137,148,0.011576,0.008508,0.026545,1,1,1,2445.3
random,2,99,1,15.487,24.897,0.9987,0.9987,75,0,0,75,150,138,148,0.011576,0.008508,0.026377,1,1,1,2445.3
random,2,100,1,15.598,24.871,0.9989,0.9989,71,0,0,71,150,139,148,0.01182,0.008652,0.026321,1,1,1,2445.3
random,2,101,1,15.367,24.657,0.9988,0.9988,72,0,0,72,151,139,148,0.011515,0.008468,0.026117,1,1,1,2445.3
random,2,102,11,15.615,24.442,0.9985,0.9985,73,0,0,73,156,142,151,0.012687,0.00841,0.025748,1,1,1,2445.3
random,2,103,11,15.737,24.853,0.9988,0.9988,71,0,0,71,158,146,156,0.012429,0.008548,0.026233,1,1,1,2445.3
random,2,104,1,15.437,24.763,0.999,0.999,71,0,0,71,158,147,156,0.011529,0.008548,0.026233,1,1,1,2445.3
random,2,105,11,15.534,25.091,0.9996,0.9996,72,0,0,72,160,153,159,0.011529,0.008476,0.026598,1,1,1,2445.3
random,2,106,1,15.488,24.987,0.9995,0.9995,74,0,0,74,161,153,159,0.011494,0.008483,0.026486,1,1,1,2445.3
random,2,107,7,15.389,24.65,0.9995,0.9995,75,0,0,75,163,155,162,0.011598,0.00847,0.0261,1,1,1,2445.3
random,2,108,4,15.675,24.895,0.9996,0.9996,73,0,0,73,163,157,164,0.012005,0.008694,0.026327,1,1,1,2445.3
random,2,109,11,15.588,25.038,0.9992,0.9992,75,0,0,75,166,159,170,0.011793,0.008461,0.02651,1,1,1,2445.3
random,2,110,1,15.509,25.015,0.9992,0.9992,75,0,0,75,167,159,170,0.011556,0.008461,0.02651,1,1,1,2445.3
random,2,111,1,15.352,24.595,0.9992,0.9992,76,0,0,76,168,159,170,0.011556,0.008456,0.026044,1,1,1,2445.3
random,2,112,1,15.376,24.765,0.9991,0.9991,72,0,0,72,169,159,170,0.011537,0.008355,0.026235,1,1,1,2445.3
random,2,113,1,15.47,24.892,0.9993,0.9993,73,0,0,73,169,160,170,0.011614,0.00843,0.026367,1,1,1,2445.3
random,2,114,11,15.409,24.67,0.9987,0.9987,75,0,0,75,171,162,177,0.011648,0.008461,0.026117,1,1,1,2445.3
random,2,115,1,15.437,24.78,0.9989,0.9989,71,0,0,71,171,163,177,0.011556,0.008506,0.026249,1,1,1,2445.3
random,2,116,1,15.437,24.78,0.999,0.999,71,0,0,71,171,164,177,0.011556,0.008506,0.026249,1,1,1,2445.3
random,2,117,11,15.311,24.433,0.9996,0.9996,72,0,0,72,173,171,179,0.011623,0.008455,0.025856,1,1,1,2445.3
random,2,118,1,15.363,24.682,0.9997,0.9997,74,0,0,74,173,172,179,0.011503,0.008439,0.026146,1,1,1,2445.3
random,2,119,11,15.428,24.782,0.9995,0.9995,76,0,0,76,175,176,184,0.011615,0.008424,0.026245,1,1,1,2445.3
least_connections,1,0,0,15.479,24.951,1.0,1.0,0,0,0,0,0,0,0,0.01156,0.008438,0.026439,1,1,1,2201.8
least_connections,1,1,1,15.327,24.533,0.3333,0.3333,70,0,0,70,0,1,0,0.011584,0.008424,0.025972,1,1,1,2201.8
least_connections,1,2,1,15.467,24.734,0.6667,0.6667,71,0,0,71,1,1,0,0.011818,0.008413,0.026169,1,1,1,2201.8
least_connections,1,3,11,15.31,24.532,0.9235,0.9235,70,0,0,70,3,4,6,0.011505,0.008444,0.02598,1,1,1,2201.8
least_connections,1,4,1,15.372,24.676,0.9333,0.9333,71,0,0,71,3,5,6,0.011524,0.008456,0.026137,1,1,1,2201.8
least_connections,1,5,1,15.405,24.686,0.9259,0.9259,71,0,0,71,3,6,6,0.011629,0.008448,0.026137,1,1,1,2201.8
least_connections,1,6,1,15.452,24.813,0.9078,0.9078,72,0,0,72,3,7,6,0.011629,0.008448,0.026278,1,1,1,2201.8
least_connections,1,7,1,15.245,24.441,0.8838,0.8838,67,0,0,67,3,8,6,0.011431,0.008418,0.025887,1,1,1,2201.8
least_connections,1,8,11,15.333,24.254,0.8376,0.8376,69,0,0,69,4,10,14,0.011541,0.00879,0.025667,1,1,1,2201.8
least_connections,1,9,1,15.363,24.677,0.8733,0.8733,70,0,0,70,5,10,14,0.011567,0.008388,0.026134,1,1,1,2201.8
least_connections,1,10,11,15.854,25.496,0.8979,0.8979,66,0,0,66,8,13,19,0.012142,0.008441,0.02698,1,1,1,2201.8
least_connections,1,11,11,15.639,25.432,0.9333,0.9333,66,0,0,66,12,16,23,0.011497,0.008441,0.02698,1,1,1,2201.8
least_connections,1,12,1,15.212,24.248,0.9448,0.9448,68,0,0,68,13,16,23,0.011497,0.008473,0.025665,1,1,1,2201.8
least_connections,1,13,1,15.277,24.48,0.9487,0.9487,69,0,0,69,13,17,23,0.011471,0.008433,0.025926,1,1,1,2201.8
least_connections,1,14,11,15.245,24.306,0.9629,0.9629,70,0,0,70,17,20,27,0.011567,0.008447,0.025722,1,1,1,2201.8
least_connections,1,15,11,15.39,24.731,0.968,0.968,69,0,0,69,19,26,30,0.011528,0.008445,0.026198,1,1,1,2201.8
least_connections,1,16,11,15.487,24.709,0.9806,0.9806,71,0,0,71,23,32,31,0.011911,0.008419,0.026131,1,1,1,2201.8
least_connections,1,17,1,15.395,24.681,0.9783,0.9783,71,0,0,71,23,33,31,0.011636,0.008419,0.026131,1,1,1,2201.8
least_connections,1,18,11,15.267,24.326,0.9875,0.9875,72,0,0,72,28,37,33,0.011636,0.008428,0.025736,1,1,1,2201.8
least_connections,1,19,11,15.626,25.199,0.9898,0.9898,69,0,0,69,32,41,36,0.011543,0.008619,0.026716,1,1,1,2201.8
least_connections,1,20,1,15.59,25.104,0.992,0.992,71,0,0,71,33,41,36,0.011677,0.008496,0.026596,1,1,1,2201.8
least_connections,1,21,11,15.312,24.226,0.9917,0.9917,72,0,0,72,36,45,40,0.01154,0.008762,0.025635,1,1,1,2201.8
least_connections,1,22,11,15.431,24.704,0.9976,0.9976,72,0,0,72,42,47,43,0.011583,0.008548,0.026162,1,1,1,2201.8
least_connections,1,23,1,15.431,24.704,0.9965,0.9965,72,0,0,72,42,48,43,0.011583,0.008548,0.026162,1,1,1,2201.8
least_connections,1,24,0,15.538,24.92,0.9965,0.9965,73,0,0,73,42,48,43,0.011605,0.008609,0.0264,1,1,1,2201.8
least_connections,1,25,11,15.756,25.397,0.998,0.998,75,0,0,75,45,49,50,0.01163,0.008711,0.026927,1,1,1,2201.8
least_connections,1,26,11,15.99,25.791,0.9935,0.9935,77,0,0,77,46,53,56,0.012234,0.00844,0.027297,1,1,1,2201.8
least_connections,1,27,11,15.455,24.893,0.9995,0.9995,73,0,0,73,55,54,57,0.011574,0.008418,0.026373,1,1,1,2201.8
least_connections,1,28,1,15.438,24.893,0.9995,0.9995,73,0,0,73,56,54,57,0.011571,0.00837,0.026373,1,1,1,2201.8
least_connections,1,29,1,15.32,24.574,0.9994,0.9994,74,0,0,74,57,54,57,0.011571,0.00837,0.026019,1,1,1,2201.8
least_connections,1,30,11,15.77,25.001,0.9988,0.9988,75,0,0,75,60,57,62,0.012476,0.008441,0.026393,1,1,1,2201.8
least_connections,1,31,1,15.394,24.581,0.9987,0.9987,73,0,0,73,61,57,62,0.011698,0.008471,0.026013,1,1,1,2201.8
least_connections,1,32,11,15.446,24.904,0.9983,0.9983,75,0,0,75,66,60,65,0.011534,0.008415,0.02639,1,1,1,2201.8
least_connections,1,33,11,15.548,24.975,0.9975,0.9975,77,0,0,77,72,64,66,0.011752,0.008447,0.026444,1,1,1,2201.8
least_connections,1,34,1,15.59,24.989,0.9968,0.9968,77,0,0,77,73,64,66,0.011899,0.008427,0.026444,1,1,1,2201.8
least_connections,1,35,1,15.46,24.639,0.996,0.996,78,0,0,78,74,64,66,0.011899,0.008427,0.026054,1,1,1,2201.8
least_connections,1,36,11,15.761,25.436,0.9971,0.9971,76,0,0,76,77,68,70,0.011716,0.008605,0.026961,1,1,1,2201.8
least_connections,1,37,1,15.702,24.879,0.9976,0.9976,78,0,0,78,77,69,70,0.012484,0.008365,0.026256,1,1,1,2201.8
least_connections,1,38,1,15.455,24.694,0.9979,0.9979,79,0,0,79,77,70,70,0.01182,0.008421,0.026125,1,1,1,2201.8
least_connections,1,39,11,15.386,24.744,0.9992,0.9992,76,0,0,76,79,74,75,0.011498,0.008443,0.026216,1,1,1,2201.8
least_connections,1,40,1,15.54,24.791,0.9988,0.9988,76,0,0,76,80,74,75,0.011962,0.008443,0.026216,1,1,1,2201.8
least_connections,1,41,1,15.615,24.745,0.9984,0.9984,77,0,0,77,81,74,75,0.011962,0.008717,0.026165,1,1,1,2201.8
least_connections,1,42,11,15.476,24.975,0.9993,0.9993,78,0,0,78,83,78,80,0.011496,0.008459,0.026473,1,1,1,2201.8
least_connections,1,43,0,15.515,24.678,0.9993,0.9993,73,0,0,73,83,78,80,0.011715,0.008713,0.026118,1,1,1,2201.8
least_connections,1,44,11,15.424,24.805,0.9974,0.9974,75,0,0,75,90,80,82,0.011539,0.008453,0.026279,1,1,1,2201.8
least_connections,1,45,11,15.51,24.628,0.9978,0.9978,77,0,0,77,93,83,87,0.011525,0.008921,0.026084,1,1,1,2201.8
least_connections,1,46,1,15.51,24.628,0.9982,0.9982,77,0,0,77,93,84,87,0.011525,0.008921,0.026084,1,1,1,2201.8
least_connections,1,47,1,15.804,25.111,0.9985,0.9985,78,0,0,78,93,85,87,0.012415,0.008474,0.026522,1,1,1,2201.8
least_connections,1,48,1,15.461,24.673,0.9988,0.9988,76,0,0,76,93,86,87,0.011507,0.008741,0.026136,1,1,1,2201.8
least_connections,1,49,1,15.35,24.621,0.999,0.999,77,0,0,77,93,87,87,0.011549,0.008429,0.026073,1,1,1,2201.8
least_connections,1,50,1,15.342,24.578,0.9991,0.9991,78,0,0,78,93,88,87,0.011546,0.008455,0.026026,1,1,1,2201.8
least_connections,1,51,1,15.59,24.852,0.9988,0.9988,74,0,0,74,94,88,87,0.011848,0.008625,0.026297,1,1,1,2201.8
least_connections,1,52,11,15.59,24.852,0.9989,0.9989,74,0,0,74,95,89,96,0.011848,0.008625,0.026297,1,1,1,2201.8
least_connections,1,53,1,15.191,24.141,0.9992,0.9992,76,0,0,76,95,90,96,0.011542,0.008489,0.025541,1,1,1,2201.8
least_connections,1,54,1,15.156,24.116,0.9991,0.9991,77,0,0,77,96,90,96,0.011512,0.00844,0.025517,1,1,1,2201.8
least_connections,1,55,11,15.684,24.769,0.9996,0.9996,79,0,0,79,99,95,99,0.011576,0.009242,0.026235,1,1,1,2201.8
least_connections,1,56,1,15.611,24.92,0.9995,0.9995,75,0,0,75,100,95,99,0.011502,0.008921,0.026411,1,1,1,2201.8
least_connections,1,57,11,15.452,24.916,0.9996,0.9996,75,0,0,75,104,99,102,0.011465,0.008479,0.026411,1,1,1,2201.8
least_connections,1,58,11,15.452,24.916,0.9997,0.9997,77,0,0,77,107,103,106,0.011465,0.008479,0.026411,1,1,1,2201.8
least_connections,1,59,1,15.481,24.982,0.9999,0.9999,79,0,0,79,107,104,106,0.011527,0.008438,0.026477,1,1,1,2201.8
least_connections,1,60,11,15.496,24.93,0.9999,0.9999,77,0,0,77,110,108,110,0.011576,0.008498,0.026414,1,1,1,2201.8
least_connections,1,61,1,15.543,24.606,0.9999,0.9999,79,0,0,79,111,108,110,0.012224,0.008422,0.025982,1,1,1,2201.8
least_connections,1,62,11,15.389,24.689,0.9999,0.9999,81,0,0,81,112,113,115,0.011511,0.008503,0.026153,1,1,1,2201.8
least_connections,1,63,1,15.393,24.694,0.9999,0.9999,81,0,0,81,112,114,115,0.011564,0.008461,0.026153,1,1,1,2201.8
least_connections,1,64,1,15.576,25.19,0.9999,0.9999,77,0,0,77,113,114,115,0.011564,0.008461,0.026704,1,1,1,2201.8
least_connections,1,65,1,15.424,24.674,0.9999,0.9999,78,0,0,78,113,115,115,0.011701,0.008455,0.026116,1,1,1,2201.8
least_connections,1,66,1,15.679,25.003,1.0,1.0,79,0,0,79,114,115,115,0.011878,0.008697,0.026461,1,1,1,2201.8
least_connections,1,67,1,15.374,24.7,1.0,1.0,80,0,0,80,115,115,115,0.011564,0.0084,0.026159,1,1,1,2201.8
least_connections,1,68,11,15.291,24.386,1.0,1.0,79,0,0,79,119,119,118,0.011549,0.008511,0.025812,1,1,1,2201.8
least_connections,1,69,1,15.421,24.425,1.0,1.0,79,0,0,79,120,119,118,0.011939,0.008511,0.025812,1,1,1,2201.8
least_connections,1,70,1,15.478,24.727,0.9999,0.9999,80,0,0,80,121,119,118,0.011939,0.008347,0.026148,1,1,1,2201.8
least_connections,1,71,1,15.53,25.053,0.9998,0.9998,81,0,0,81,122,119,118,0.011569,0.008469,0.026551,1,1,1,2201.8
least_connections,1,72,0,15.451,24.935,0.9998,0.9998,75,0,0,75,122,119,118,0.01156,0.008372,0.026421,1,1,1,2201.8
least_connections,1,73,1,15.362,24.427,0.9997,0.9997,76,0,0,76,123,119,118,0.011562,0.008669,0.025856,1,1,1,2201.8
least_connections,1,74,1,15.564,25.173,0.9997,0.9997,77,0,0,77,123,120,118,0.011478,0.008519,0.026695,1,1,1,2201.8
least_connections,1,75,1,15.564,25.173,0.9996,0.9996,77,0,0,77,124,120,118,0.011478,0.008519,0.026695,1,1,1,2201.8
least_connections,1,76,1,15.587,24.62,0.9996,0.9996,78,0,0,78,124,121,118,0.012279,0.008491,0.025991,1,1,1,2201.8
least_connections,1,77,1,15.698,24.77,0.9996,0.9996,74,0,0,74,124,122,118,0.011487,0.009361,0.026246,1,1,1,2201.8
least_connections,1,78,1,15.496,24.956,0.9994,0.9994,75,0,0,75,125,122,118,0.011619,0.008431,0.026438,1,1,1,2201.8
least_connections,1,79,1,15.317,24.464,0.9993,0.9993,76,0,0,76,126,122,118,0.011607,0.008451,0.025893,1,1,1,2201.8
least_connections,1,80,1,15.394,24.734,0.9991,0.9991,71,0,0,71,127,122,118,0.011552,0.008431,0.026199,1,1,1,2201.8
least_connections,1,81,11,15.394,24.734,0.9995,0.9995,71,0,0,71,129,127,122,0.011552,0.008431,0.026199,1,1,1,2201.8
least_connections,1,82,1,15.392,24.835,0.9993,0.9993,73,0,0,73,130,127,122,0.011496,0.008363,0.026317,1,1,1,2201.8
least_connections,1,83,1,15.454,24.899,0.9992,0.9992,74,0,0,74,131,127,122,0.011529,0.00845,0.026384,1,1,1,2201.8
least_connections,1,84,1,15.395,24.703,0.9991,0.9991,69,0,0,69,131,128,122,0.011555,0.008467,0.026164,1,1,1,2201.8
least_connections,1,85,11,15.432,24.864,0.9992,0.9992,71,0,0,71,135,131,126,0.011534,0.008418,0.026345,1,1,1,2201.8
least_connections,1,86,11,15.887,24.816,0.9998,0.9998,73,0,0,73,137,134,132,0.011787,0.00961,0.026264,1,1,1,2201.8
least_connections,1,87,1,15.887,24.816,0.9997,0.9997,73,0,0,73,138,134,132,0.011787,0.00961,0.026264,1,1,1,2201.8
least_connections,1,88,1,15.58,24.99,0.9995,0.9995,74,0,0,74,139,134,132,0.01181,0.008475,0.026454,1,1,1,2201.8
least_connections,1,89,1,15.29,24.476,0.9994,0.9994,69,0,0,69,140,134,132,0.011567,0.008393,0.02591,1,1,1,2201.8
least_connections,1,90,1,15.381,24.699,0.9994,0.9994,70,0,0,70,140,135,132,0.011617,0.008373,0.026153,1,1,1,2201.8
least_connections,1,91,11,15.42,24.82,0.9996,0.9996,72,0,0,72,143,137,138,0.011505,0.008456,0.026299,1,1,1,2201.8
least_connections,1,92,11,15.435,24.831,0.9998,0.9998,72,0,0,72,146,141,142,0.011623,0.008384,0.026299,1,1,1,2201.8
least_connections,1,93,1,15.294,24.45,0.9998,0.9998,69,0,0,69,146,142,142,0.011623,0.008384,0.025875,1,1,1,2201.8
least_connections,1,94,1,15.379,24.727,0.9999,0.9999,70,0,0,70,146,143,142,0.011529,0.008414,0.026193,1,1,1,2201.8
least_connections,1,95,1,15.711,25.533,0.9998,0.9998,71,0,0,71,147,143,142,0.011628,0.008427,0.027078,1,1,1,2201.8
least_connections,1,96,1,15.56,24.437,0.9997,0.9997,66,0,0,66,148,143,142,0.011583,0.009233,0.025865,1,1,1,2201.8
least_connections,1,97,1,15.338,24.662,0.9995,0.9995,67,0,0,67,149,143,142,0.011546,0.008349,0.026119,1,1,1,2201.8
least_connections,1,98,11,15.378,24.663,0.9993,0.9993,67,0,0,67,154,146,145,0.011559,0.008456,0.026119,1,1,1,2201.8
least_connections,1,99,11,15.499,24.989,0.9995,0.9995,69,0,0,69,156,152,148,0.011559,0.008456,0.026481,1,1,1,2201.8
least_connections,1,100,1,15.506,25.052,0.9995,0.9995,71,0,0,71,156,153,148,0.01155,0.008417,0.026552,1,1,1,2201.8
least_connections,1,101,1,15.359,24.481,0.9996,0.9996,68,0,0,68,156,153,149,0.011758,0.008423,0.025895,1,1,1,2201.8
least_connections,1,102,10,15.503,24.845,0.9992,0.9992,70,0,0,70,160,158,150,0.011799,0.008416,0.026295,1,1,1,2201.8
least_connections,1,103,1,15.249,24.243,0.9992,0.9992,71,0,0,71,160,159,150,0.011528,0.008563,0.025656,1,1,1,2201.8
least_connections,1,104,1,15.201,24.245,0.9991,0.9991,71,0,0,71,160,160,150,0.01155,0.008397,0.025656,1,1,1,2201.8
least_connections,1,105,11,15.279,24.456,0.9992,0.9992,66,0,0,66,164,163,154,0.01155,0.008397,0.02589,1,1,1,2201.8
least_connections,1,106,11,15.424,24.842,0.9993,0.9993,69,0,0,69,168,166,158,0.011508,0.00844,0.026324,1,1,1,2201.8
least_connections,1,107,1,16.088,25.692,0.9992,0.9992,70,0,0,70,169,166,158,0.012674,0.008451,0.027138,1,1,1,2201.8
least_connections,1,108,1,15.573,25.137,0.9991,0.9991,71,0,0,71,170,166,158,0.011516,0.008554,0.02665,1,1,1,2201.8
least_connections,1,109,1,15.354,24.567,0.999,0.999,68,0,0,68,170,167,158,0.011666,0.008396,0.026001,1,1,1,2201.8
least_connections,1,110,1,15.323,24.558,0.999,0.999,68,0,0,68,170,168,158,0.011571,0.008396,0.026001,1,1,1,2201.8
least_connections,1,111,1,15.745,25.511,0.9989,0.9989,69,0,0,69,170,169,158,0.011571,0.008604,0.02706,1,1,1,2201.8
least_connections,1,112,1,15.495,24.745,0.9988,0.9988,70,0,0,70,170,170,158,0.011838,0.008468,0.026179,1,1,1,2201.8
least_connections,1,113,1,15.613,25.062,0.9987,0.9987,67,0,0,67,171,170,158,0.011852,0.008457,0.02653,1,1,1,2201.8
least_connections,1,114,11,15.471,24.669,0.9995,0.9995,69,0,0,69,174,171,165,0.011786,0.008525,0.026101,1,1,1,2201.8
least_connections,1,115,1,15.499,25.047,0.9995,0.9995,70,0,0,70,174,172,165,0.011464,0.008478,0.026556,1,1,1,2201.8
least_connections,1,116,11,15.508,25.049,0.9997,0.9997,70,0,0,70,177,175,170,0.011489,0.008478,0.026556,1,1,1,2201.8
least_connections,1,117,1,15.682,25.572,0.9996,0.9996,67,0,0,67,178,175,170,0.011489,0.008419,0.027137,1,1,1,2201.8
least_connections,1,118,1,15.297,24.53,0.9996,0.9996,68,0,0,68,179,175,170,0.01154,0.008377,0.025973,1,1,1,2201.8
least_connections,1,119,11,15.503,24.917,0.9997,0.9997,69,0,0,69,182,178,175,0.011637,0.008478,0.026393,1,1,1,2201.8
least_connections,2,0,0,15.427,24.532,1.0,1.0,0,0,0,0,0,0,0,0.011874,0.008469,0.025939,1,1,1,2224.6
least_connections,2,1,1,15.922,25.094,0.3333,0.3333,65,0,0,65,1,0,0,0.011529,0.009636,0.026601,1,1,1,2224.6
least_connections,2,2,1,15.348,24.514,0.6667,0.6667,66,0,0,66,1,1,0,0.011568,0.008524,0.025953,1,1,1,2224.6
least_connections,2,3,1,15.562,25.107,0.6,0.6,67,0,0,67,1,2,0,0.011649,0.008436,0.026602,1,1,1,2224.6
least_connections,2,4,1,15.713,25.385,0.5333,0.5333,64,0,0,64,1,3,0,0.011611,0.008613,0.026915,1,1,1,2224.6
least_connections,2,5,1,15.586,25.364,0.4902,0.4902,64,0,0,64,1,4,0,0.011401,0.008441,0.026915,1,1,1,2224.6
least_connections,2,6,1,15.478,25.074,0.6,0.6,65,0,0,65,2,4,0,0.011401,0.008441,0.026593,1,1,1,2224.6
least_connections,2,7,1,15.344,24.604,0.6533,0.6533,66,0,0,66,3,4,0,0.011555,0.008423,0.026054,1,1,1,2224.6
least_connections,2,8,1,15.545,24.992,0.6667,0.6667,64,0,0,64,4,4,0,0.011765,0.008407,0.026462,1,1,1,2224.6
least_connections,2,9,1,15.58,25.005,0.6585,0.6585,65,0,0,65,4,5,0,0.011495,0.008738,0.026506,1,1,1,2224.6
least_connections,2,10,1,15.642,24.959,0.6667,0.6667,66,0,0,66,5,5,0,0.011453,0.009012,0.02646,1,1,1,2224.6
least_connections,2,11,11,15.577,24.987,0.7241,0.7241,66,0,0,66,13,5,3,0.011734,0.008538,0.02646,1,1,1,2224.6
least_connections,2,12,1,15.409,24.534,0.7539,0.7539,64,0,0,64,13,6,3,0.011734,0.008538,0.025956,1,1,1,2224.6
least_connections,2,13,1,15.199,24.31,0.7317,0.7317,65,0,0,65,14,6,3,0.011492,0.008372,0.025734,1,1,1,2224.6
least_connections,2,14,11,15.084,23.978,0.8879,0.8879,67,0,0,67,17,8,9,0.01157,0.008324,0.025357,1,1,1,2224.6
least_connections,2,15,1,15.504,24.998,0.9054,0.9054,68,0,0,68,17,9,9,0.011578,0.008446,0.026489,1,1,1,2224.6
least_connections,2,16,1,15.533,25.117,0.9191,0.9191,65,0,0,65,17,10,9,0.011566,0.00841,0.026623,1,1,1,2224.6
least_connections,2,17,1,15.628,25.142,0.9294,0.9294,65,0,0,65,17,11,9,0.011816,0.008444,0.026623,1,1,1,2224.6
least_connections,2,18,1,15.548,24.927,0.9364,0.9364,66,0,0,66,17,12,9,0.011816,0.008444,0.026384,1,1,1,2224.6
least_connections,2,19,11,15.387,24.657,0.9427,0.9427,67,0,0,67,22,14,13,0.01159,0.008463,0.026109,1,1,1,2224.6
least_connections,2,20,11,15.534,24.936,0.9788,0.9788,65,0,0,65,24,17,19,0.011529,0.008647,0.026426,1,1,1,2224.6
least_connections,2,21,1,15.643,24.732,0.9728,0.9728,67,0,0,67,25,17,19,0.012373,0.008451,0.026105,1,1,1,2224.6
least_connections,2,22,1,15.277,24.517,0.9663,0.9663,68,0,0,68,26,17,19,0.011481,0.008384,0.025965,1,1,1,2224.6
least_connections,2,23,11,15.29,24.519,0.9755,0.9755,68,0,0,68,28,19,26,0.011503,0.008402,0.025965,1,1,1,2224.6
least_connections,2,24,11,15.342,24.659,0.9767,0.9767,70,0,0,70,32,22,30,0.011503,0.008402,0.026121,1,1,1,2224.6
least_connections,2,25,11,15.493,24.973,0.9828,0.9828,67,0,0,67,36,26,33,0.011562,0.008455,0.026463,1,1,1,2224.6
least_connections,2,26,1,15.35,24.544,0.9865,0.9865,69,0,0,69,36,27,33,0.0116,0.008468,0.025982,1,1,1,2224.6
least_connections,2,27,1,15.407,24.718,0.9897,0.9897,70,0,0,70,36,28,33,0.011545,0.008494,0.026182,1,1,1,2224.6
least_connections,2,28,11,15.785,24.864,0.9903,0.9903,66,0,0,66,38,31,39,0.011665,0.00936,0.026331,1,1,1,2224.6
least_connections,2,29,0,15.432,24.849,0.9903,0.9903,66,0,0,66,38,31,39,0.011509,0.008457,0.026331,1,1,1,2224.6
least_connections,2,30,1,15.925,26.178,0.9928,0.9928,68,0,0,68,38,32,39,0.011509,0.008457,0.027808,1,1,1,2224.6
least_connections,2,31,1,15.918,25.214,0.992,0.992,69,0,0,69,39,32,39,0.01244,0.00868,0.026633,1,1,1,2224.6
least_connections,2,32,11,15.59,25.141,0.9942,0.9942,67,0,0,67,42,36,43,0.01147,0.00864,0.02666,1,1,1,2224.6
least_connections,2,33,1,15.407,24.594,0.9935,0.9935,68,0,0,68,43,36,43,0.01159,0.008593,0.026039,1,1,1,2224.6
least_connections,2,34,11,15.549,24.634,0.9992,0.9992,68,0,0,68,44,43,46,0.011993,0.008614,0.026039,1,1,1,2224.6
least_connections,2,35,1,15.725,25.11,0.9996,0.9996,70,0,0,70,44,44,46,0.011993,0.008614,0.026567,1,1,1,2224.6
least_connections,2,36,1,15.639,24.908,0.9997,0.9997,71,0,0,71,45,44,46,0.011825,0.008729,0.026362,1,1,1,2224.6
least_connections,2,37,11,15.77,24.784,0.9974,0.9974,67,0,0,67,46,48,52,0.01227,0.008865,0.026174,1,1,1,2224.6
least_connections,2,38,1,15.413,24.732,0.9981,0.9981,68,0,0,68,47,48,52,0.011579,0.008467,0.026194,1,1,1,2224.6
least_connections,2,39,1,15.372,24.721,0.9983,0.9983,68,0,0,68,47,49,52,0.011466,0.008457,0.026194,1,1,1,2224.6
least_connections,2,40,11,15.376,24.73,0.995,0.995,69,0,0,69,49,52,58,0.011466,0.008457,0.026204,1,1,1,2224.6
least_connections,2,41,11,15.76,25.033,0.9929,0.9929,66,0,0,66,50,59,61,0.012268,0.008561,0.026451,1,1,1,2224.6
least_connections,2,42,1,15.216,24.192,0.9943,0.9943,68,0,0,68,51,59,61,0.01158,0.008476,0.025593,1,1,1,2224.6
least_connections,2,43,1,15.324,24.723,0.9955,0.9955,69,0,0,69,52,59,61,0.011489,0.008289,0.026193,1,1,1,2224.6
least_connections,2,44,1,15.396,24.695,0.9951,0.9951,66,0,0,66,52,60,61,0.011613,0.008425,0.026149,1,1,1,2224.6
least_connections,2,45,1,15.396,24.695,0.9947,0.9947,66,0,0,66,52,61,61,0.011613,0.008425,0.026149,1,1,1,2224.6
least_connections,2,46,11,15.322,24.332,0.99,0.99,67,0,0,67,53,67,65,0.011843,0.008404,0.02572,1,1,1,2224.6
least_connections,2,47,1,15.454,24.893,0.9916,0.9916,69,0,0,69,54,67,65,0.011533,0.008451,0.026377,1,1,1,2224.6
least_connections,2,48,1,15.65,25.005,0.993,0.993,70,0,0,70,55,67,65,0.011496,0.008947,0.026506,1,1,1,2224.6
least_connections,2,49,1,15.542,24.994,0.9922,0.9922,68,0,0,68,55,68,65,0.011566,0.008575,0.026486,1,1,1,2224.6
least_connections,2,50,1,15.534,24.992,0.9913,0.9913,68,0,0,68,55,69,65,0.011542,0.008575,0.026486,1,1,1,2224.6
least_connections,2,51,1,15.769,25.102,0.9904,0.9904,69,0,0,69,55,70,65,0.011542,0.009157,0.026609,1,1,1,2224.6
least_connections,2,52,11,15.407,24.637,0.9923,0.9923,70,0,0,70,59,73,69,0.011507,0.008619,0.026096,1,1,1,2224.6
least_connections,2,53,1,15.749,24.878,0.9915,0.9915,66,0,0,66,59,74,69,0.012542,0.008457,0.026249,1,1,1,2224.6
least_connections,2,54,1,15.718,24.968,0.9906,0.9906,67,0,0,67,59,75,69,0.011596,0.009104,0.026454,1,1,1,2224.6
least_connections,2,55,1,15.34,24.585,0.9896,0.9896,68,0,0,68,59,76,69,0.011576,0.008412,0.026031,1,1,1,2224.6
least_connections,2,56,1,15.34,24.585,0.9909,0.9909,68,0,0,68,60,76,69,0.011576,0.008412,0.026031,1,1,1,2224.6
least_connections,2,57,0,15.296,24.424,0.9909,0.9909,65,0,0,65,60,76,69,0.011601,0.008438,0.025849,1,1,1,2224.6
least_connections,2,58,11,15.482,24.579,0.9945,0.9945,67,0,0,67,65,78,73,0.011993,0.008475,0.025977,1,1,1,2224.6
least_connections,2,59,1,15.337,24.36,0.9954,0.9954,68,0,0,68,66,78,73,0.011445,0.008771,0.025795,1,1,1,2224.6
least_connections,2,60,1,15.645,24.493,0.9962,0.9962,69,0,0,69,67,78,73,0.011755,0.009272,0.025908,1,1,1,2224.6
least_connections,2,61,1,15.545,24.463,0.9955,0.9955,69,0,0,69,67,79,73,0.011454,0.009272,0.025908,1,1,1,2224.6
least_connections,2,62,11,15.136,24.114,0.9943,0.9943,67,0,0,67,69,83,78,0.011454,0.008434,0.025521,1,1,1,2224.6
least_connections,2,63,1,15.3,24.649,0.9936,0.9936,69,0,0,69,69,84,78,0.011411,0.008369,0.02612,1,1,1,2224.6
least_connections,2,64,1,15.267,24.308,0.9929,0.9929,70,0,0,70,69,85,78,0.011524,0.00855,0.025728,1,1,1,2224.6
least_connections,2,65,1,15.324,24.542,0.9921,0.9921,67,0,0,67,69,86,78,0.011536,0.008448,0.025987,1,1,1,2224.6
least_connections,2,66,1,15.45,24.826,0.993,0.993,68,0,0,68,70,86,78,0.01158,0.008472,0.026298,1,1,1,2224.6
least_connections,2,67,1,15.45,24.826,0.9939,0.9939,68,0,0,68,71,86,78,0.01158,0.008472,0.026298,1,1,1,2224.6
least_connections,2,68,11,15.461,24.863,0.9952,0.9952,69,0,0,69,75,89,82,0.011622,0.008428,0.026334,1,1,1,2224.6
least_connections,2,69,1,15.268,24.356,0.9959,0.9959,68,0,0,68,76,89,82,0.011535,0.008487,0.025781,1,1,1,2224.6
least_connections,2,70,1,15.5,24.964,0.9965,0.9965,69,0,0,69,77,89,82,0.011592,0.008458,0.02645,1,1,1,2224.6
least_connections,2,71,11,15.226,24.377,0.9982,0.9982,71,0,0,71,82,91,86,0.011489,0.008379,0.025809,1,1,1,2224.6
least_connections,2,72,11,15.257,24.386,0.997,0.997,71,0,0,71,84,96,90,0.011582,0.008379,0.025809,1,1,1,2224.6
least_connections,2,73,1,15.471,24.664,0.9975,0.9975,73,0,0,73,85,96,90,0.011582,0.008714,0.026118,1,1,1,2224.6
least_connections,2,74,11,15.479,25.013,0.999,0.999,69,0,0,69,93,98,91,0.0115,0.008421,0.026515,1,1,1,2224.6
least_connections,2,75,1,15.54,25.218,0.9991,0.9991,71,0,0,71,94,98,91,0.011418,0.00845,0.026751,1,1,1,2224.6
least_connections,2,76,11,15.402,24.749,0.9991,0.9991,73,0,0,73,97,102,95,0.011512,0.008474,0.02622,1,1,1,2224.6
least_connections,2,77,1,15.434,24.756,0.9988,0.9988,73,0,0,73,97,103,95,0.011583,0.008498,0.02622,1,1,1,2224.6
least_connections,2,78,11,15.371,24.587,0.9992,0.9992,70,0,0,70,103,105,98,0.011583,0.008498,0.026032,1,1,1,2224.6
least_connections,2,79,1,15.411,24.792,0.9991,0.9991,72,0,0,72,104,105,98,0.011529,0.008439,0.026266,1,1,1,2224.6
least_connections,2,80,11,15.367,24.808,0.9988,0.9988,73,0,0,73,107,110,101,0.011401,0.008401,0.026298,1,1,1,2224.6
least_connections,2,81,1,15.702,25.003,0.9987,0.9987,70,0,0,70,108,110,101,0.012272,0.008416,0.026418,1,1,1,2224.6
least_connections,2,82,1,15.474,24.93,0.9986,0.9986,70,0,0,70,109,110,101,0.011538,0.008467,0.026418,1,1,1,2224.6
least_connections,2,83,0,15.295,24.446,0.9986,0.9986,71,0,0,71,109,110,101,0.011538,0.008467,0.02588,1,1,1,2224.6
least_connections,2,84,11,15.527,24.979,0.9988,0.9988,73,0,0,73,112,114,105,0.011655,0.008468,0.026459,1,1,1,2224.6
least_connections,2,85,1,15.432,24.884,0.9987,0.9987,74,0,0,74,113,114,105,0.011542,0.008387,0.026366,1,1,1,2224.6
least_connections,2,86,1,15.43,24.765,0.9985,0.9985,69,0,0,69,114,114,105,0.011512,0.00854,0.026238,1,1,1,2224.6
least_connections,2,87,11,15.492,24.971,0.9987,0.9987,71,0,0,71,119,116,109,0.011527,0.008484,0.026465,1,1,1,2224.6
least_connections,2,88,11,15.538,24.985,0.9995,0.9995,71,0,0,71,122,117,116,0.011665,0.008484,0.026465,1,1,1,2224.6
least_connections,2,89,11,15.555,25.084,0.9997,0.9997,73,0,0,73,124,123,119,0.011665,0.008426,0.026575,1,1,1,2224.6
least_connections,2,90,1,15.667,24.835,0.9996,0.9996,70,0,0,70,124,124,119,0.01153,0.009159,0.026313,1,1,1,2224.6
least_connections,2,91,1,15.939,25.028,0.9995,0.9995,71,0,0,71,125,124,119,0.01202,0.009325,0.026473,1,1,1,2224.6
least_connections,2,92,11,15.924,26.109,0.9997,0.9997,73,0,0,73,128,128,123,0.011587,0.008462,0.027723,1,1,1,2224.6
least_connections,2,93,1,15.936,26.115,0.9996,0.9996,73,0,0,73,128,129,123,0.011647,0.008438,0.027723,1,1,1,2224.6
least_connections,2,94,11,15.379,24.612,0.9999,0.9999,69,0,0,69,132,129,130,0.011647,0.008438,0.026053,1,1,1,2224.6
least_connections,2,95,1,15.414,24.76,0.9998,0.9998,71,0,0,71,133,129,130,0.011584,0.008433,0.026224,1,1,1,2224.6
least_connections,2,96,1,15.502,25.082,0.9997,0.9997,72,0,0,72,134,129,130,0.011561,0.008362,0.026584,1,1,1,2224.6
least_connections,2,97,1,15.421,24.875,0.9998,0.9998,73,0,0,73,134,130,130,0.011455,0.008442,0.026366,1,1,1,2224.6
least_connections,2,98,11,15.349,24.593,1.0,1.0,70,0,0,70,136,134,135,0.011472,0.008523,0.026051,1,1,1,2224.6
least_connections,2,99,1,15.457,24.626,1.0,1.0,70,0,0,70,136,135,135,0.011796,0.008523,0.026051,1,1,1,2224.6
least_connections,2,100,1,15.43,24.594,1.0,1.0,71,0,0,71,137,135,135,0.011796,0.008479,0.026016,1,1,1,2224.6
least_connections,2,101,1,15.762,25.069,0.9999,0.9999,72,0,0,72,138,135,135,0.011509,0.009201,0.026576,1,1,1,2224.6
least_connections,2,102,1,15.439,24.83,0.9998,0.9998,68,0,0,68,139,135,135,0.01156,0.008452,0.026305,1,1,1,2224.6
least_connections,2,103,1,15.425,24.859,0.9997,0.9997,69,0,0,69,140,135,135,0.011497,0.008434,0.026344,1,1,1,2224.6
least_connections,2,104,1,15.538,24.885,0.9996,0.9996,69,0,0,69,141,135,135,0.011754,0.008515,0.026344,1,1,1,2224.6
least_connections,2,105,11,15.379,24.457,0.9992,0.9992,70,0,0,70,146,139,137,0.011754,0.008515,0.025869,1,1,1,2224.6
least_connections,2,106,11,15.264,24.37,0.9994,0.9994,69,0,0,69,149,141,143,0.011548,0.008449,0.025795,1,1,1,2224.6
least_connections,2,107,11,15.297,24.581,0.9998,0.9998,71,0,0,71,149,145,150,0.011467,0.008387,0.026038,1,1,1,2224.6
least_connections,2,108,7,15.395,24.802,0.9998,0.9998,73,0,0,73,150,148,153,0.011474,0.008429,0.026283,1,1,1,2224.6
least_connections,2,109,4,15.354,24.397,0.9997,0.9997,75,0,0,75,151,149,155,0.011595,0.008649,0.025819,1,1,1,2224.6
least_connections,2,110,1,15.354,24.397,0.9998,0.9998,75,0,0,75,151,150,155,0.011595,0.008649,0.025819,1,1,1,2224.6
least_connections,2,111,1,15.419,24.937,0.9998,0.9998,71,0,0,71,151,151,155,0.011436,0.008383,0.026437,1,1,1,2224.6
least_connections,2,112,1,15.846,25.912,0.9999,0.9999,72,0,0,72,151,152,155,0.011455,0.008564,0.027518,1,1,1,2224.6
least_connections,2,113,1,15.403,24.691,0.9999,0.9999,73,0,0,73,152,152,155,0.0116,0.008463,0.026146,1,1,1,2224.6
least_connections,2,114,11,15.675,24.813,0.9999,0.9999,71,0,0,71,155,156,159,0.012398,0.008434,0.026193,1,1,1,2224.6
least_connections,2,115,1,15.405,24.733,0.9999,0.9999,71,0,0,71,156,156,159,0.011594,0.008429,0.026193,1,1,1,2224.6
least_connections,2,116,1,15.488,24.955,0.9999,0.9999,72,0,0,72,156,157,159,0.011594,0.008429,0.02644,1,1,1,2224.6
least_connections,2,117,11,15.165,24.229,0.9998,0.9998,74,0,0,74,158,161,164,0.011537,0.00832,0.025639,1,1,1,2224.6
least_connections,2,118,11,15.41,24.456,1.0,1.0,72,0,0,72,164,164,166,0.011681,0.008674,0.025875,1,1,1,2224.6
least_connections,2,119,1,15.227,24.276,1.0,1.0,73,0,0,73,164,165,166,0.01155,0.008442,0.02569,1,1,1,2224.6
hash_based,1,0,0,15.391,24.738,1.0,1.0,0,0,0,0,0,0,0,0.011603,0.008373,0.026197,1,1,1,2326.9
hash_based,1,1,1,15.735,25.0,0.3333,0.3333,72,0,0,72,0,1,0,0.01152,0.009186,0.026498,1,1,1,2326.9
hash_based,1,2,11,15.2,24.202,0.7742,0.7742,74,0,0,74,1,5,6,0.011542,0.00845,0.025609,1,1,1,2326.9
hash_based,1,3,1,15.2,24.202,0.8667,0.8667,74,0,0,74,2,5,6,0.011542,0.00845,0.025609,1,1,1,2326.9
hash_based,1,4,1,15.379,24.71,0.8596,0.8596,75,0,0,75,2,6,6,0.011515,0.008447,0.026176,1,1,1,2326.9
hash_based,1,5,1,15.623,24.717,0.9259,0.9259,71,0,0,71,3,6,6,0.011555,0.009136,0.026179,1,1,1,2326.9
hash_based,1,6,1,15.554,25.115,0.9697,0.9697,72,0,0,72,4,6,6,0.011608,0.008439,0.026616,1,1,1,2326.9
hash_based,1,7,1,15.384,24.622,0.9538,0.9538,73,0,0,73,4,7,6,0.011604,0.008479,0.026069,1,1,1,2326.9
hash_based,1,8,11,15.484,24.654,0.9608,0.9608,73,0,0,73,8,12,8,0.011923,0.008461,0.026069,1,1,1,2326.9
hash_based,1,9,11,15.906,25.794,0.9037,0.9037,75,0,0,75,10,19,10,0.011923,0.008461,0.027335,1,1,1,2326.9
hash_based,1,10,1,15.762,24.991,0.8889,0.8889,71,0,0,71,10,20,10,0.012432,0.008468,0.026387,1,1,1,2326.9
hash_based,1,11,11,15.314,24.544,0.9414,0.9414,73,0,0,73,14,23,14,0.011556,0.008399,0.025987,1,1,1,2326.9
hash_based,1,12,1,15.408,24.566,0.9311,0.9311,74,0,0,74,14,24,14,0.011788,0.008451,0.025986,1,1,1,2326.9
hash_based,1,13,1,15.404,24.737,0.9207,0.9207,70,0,0,70,14,25,14,0.01153,0.008477,0.026204,1,1,1,2326.9
hash_based,1,14,11,15.39,24.732,0.9127,0.9127,70,0,0,70,14,30,20,0.011488,0.008477,0.026204,1,1,1,2326.9
hash_based,1,15,1,15.342,24.417,0.9045,0.9045,72,0,0,72,14,31,20,0.011488,0.008685,0.025854,1,1,1,2326.9
hash_based,1,16,1,15.654,24.903,0.8963,0.8963,73,0,0,73,14,32,20,0.012326,0.008337,0.0263,1,1,1,2326.9
hash_based,1,17,11,15.662,24.736,0.9037,0.9037,70,0,0,70,17,37,23,0.012237,0.008623,0.026125,1,1,1,2326.9
hash_based,1,18,1,15.461,24.964,0.9127,0.9127,72,0,0,72,18,37,23,0.011543,0.008384,0.026455,1,1,1,2326.9
hash_based,1,19,1,15.47,24.965,0.9057,0.9057,72,0,0,72,18,38,23,0.011557,0.008397,0.026455,1,1,1,2326.9
hash_based,1,20,1,15.239,24.342,0.8986,0.8986,73,0,0,73,18,39,23,0.011557,0.008397,0.025763,1,1,1,2326.9
hash_based,1,21,1,15.464,24.655,0.8916,0.8916,74,0,0,74,18,40,23,0.011774,0.008531,0.026086,1,1,1,2326.9
hash_based,1,22,1,15.607,25.292,0.9001,0.9001,70,0,0,70,19,40,23,0.011569,0.008436,0.026817,1,1,1,2326.9
hash_based,1,23,1,15.391,24.69,0.908,0.908,71,0,0,71,20,40,23,0.011541,0.008482,0.026151,1,1,1,2326.9
hash_based,1,24,1,15.288,24.436,0.9152,0.9152,72,0,0,72,21,40,23,0.011515,0.008476,0.025872,1,1,1,2326.9
hash_based,1,25,1,15.459,24.488,0.9217,0.9217,72,0,0,72,22,40,23,0.012029,0.008476,0.025872,1,1,1,2326.9
hash_based,1,26,11,15.695,25.056,0.9582,0.9582,67,0,0,67,25,41,30,0.012029,0.008553,0.026503,1,1,1,2326.9
hash_based,1,27,1,15.331,24.571,0.9536,0.9536,69,0,0,69,25,42,30,0.011511,0.008461,0.026022,1,1,1,2326.9
hash_based,1,28,11,15.603,25.324,0.9609,0.9609,70,0,0,70,29,46,33,0.01153,0.008423,0.026857,1,1,1,2326.9
hash_based,1,29,1,15.243,24.329,0.9648,0.9648,72,0,0,72,30,46,33,0.011639,0.00835,0.025739,1,1,1,2326.9
hash_based,1,30,0,15.534,24.407,0.9648,0.9648,72,0,0,72,30,46,33,0.012424,0.008439,0.025739,1,1,1,2326.9
hash_based,1,31,1,15.796,25.114,0.9608,0.9608,68,0,0,68,30,47,33,0.012424,0.008439,0.026524,1,1,1,2326.9
hash_based,1,32,1,15.76,24.826,0.9643,0.9643,69,0,0,69,31,47,33,0.011501,0.009471,0.026307,1,1,1,2326.9
hash_based,1,33,11,15.195,24.203,0.977,0.977,71,0,0,71,34,49,39,0.011518,0.008453,0.025613,1,1,1,2326.9
hash_based,1,34,1,15.318,24.628,0.9798,0.9798,67,0,0,67,35,49,39,0.011442,0.008418,0.026093,1,1,1,2326.9
hash_based,1,35,1,15.726,24.798,0.9822,0.9822,68,0,0,68,36,49,39,0.011706,0.00922,0.026253,1,1,1,2326.9
hash_based,1,36,1,15.677,24.784,0.9796,0.9796,68,0,0,68,36,50,39,0.011559,0.00922,0.026253,1,1,1,2326.9
hash_based,1,37,1,15.457,24.915,0.9767,0.9767,69,0,0,69,36,51,39,0.011559,0.008414,0.026399,1,1,1,2326.9
hash_based,1,38,11,15.35,24.478,0.9713,0.9713,68,0,0,68,37,56,44,0.01175,0.008409,0.025892,1,1,1,2326.9
hash_based,1,39,1,15.451,24.699,0.9686,0.9686,69,0,0,69,37,57,44,0.011588,0.00861,0.026156,1,1,1,2326.9
hash_based,1,40,11,15.359,24.74,0.9705,0.9705,71,0,0,71,40,61,48,0.01145,0.008409,0.026217,1,1,1,2326.9
hash_based,1,41,1,15.405,24.64,0.968,0.968,72,0,0,72,40,62,48,0.011703,0.008433,0.026078,1,1,1,2326.9
hash_based,1,42,11,15.405,24.64,0.9727,0.9727,72,0,0,72,43,65,53,0.011703,0.008433,0.026078,1,1,1,2326.9
hash_based,1,43,11,15.257,24.365,0.9689,0.9689,68,0,0,68,44,69,59,0.011542,0.00844,0.02579,1,1,1,2326.9
hash_based,1,44,1,15.756,25.714,0.967,0.967,70,0,0,70,44,70,59,0.011526,0.008451,0.027291,1,1,1,2326.9
hash_based,1,45,11,15.598,24.764,0.97,0.97,72,0,0,72,47,73,64,0.012268,0.008374,0.026152,1,1,1,2326.9
hash_based,1,46,1,15.433,24.441,0.9727,0.9727,68,0,0,68,48,73,64,0.012023,0.008456,0.025821,1,1,1,2326.9
hash_based,1,47,11,15.252,24.392,0.9807,0.9807,68,0,0,68,53,75,68,0.011528,0.008407,0.025821,1,1,1,2326.9
hash_based,1,48,1,15.562,25.228,0.9826,0.9826,70,0,0,70,54,75,68,0.011528,0.008407,0.02675,1,1,1,2326.9
hash_based,1,49,11,15.756,24.685,0.9806,0.9806,71,0,0,71,56,79,73,0.012774,0.008484,0.026009,1,1,1,2326.9
hash_based,1,50,1,15.316,24.637,0.9825,0.9825,69,0,0,69,57,79,73,0.011415,0.008427,0.026106,1,1,1,2326.9
hash_based,1,51,1,15.542,24.731,0.9843,0.9843,70,0,0,70,58,79,73,0.012036,0.008448,0.026142,1,1,1,2326.9
hash_based,1,52,11,15.251,24.359,0.9787,0.9787,72,0,0,72,59,85,77,0.011543,0.008428,0.025783,1,1,1,2326.9
hash_based,1,53,0,15.251,24.359,0.9787,0.9787,72,0,0,72,59,85,77,0.011543,0.008428,0.025783,1,1,1,2326.9
hash_based,1,54,1,15.391,24.644,0.9775,0.9775,73,0,0,73,59,86,77,0.011706,0.008386,0.026082,1,1,1,2326.9
hash_based,1,55,1,15.996,25.193,0.9763,0.9763,68,0,0,68,59,87,77,0.01247,0.008911,0.026607,1,1,1,2326.9
hash_based,1,56,1,15.557,24.942,0.9782,0.9782,69,0,0,69,60,87,77,0.011805,0.008463,0.026402,1,1,1,2326.9
hash_based,1,57,1,15.377,24.677,0.977,0.977,70,0,0,70,60,88,77,0.011528,0.008466,0.026138,1,1,1,2326.9
hash_based,1,58,1,15.46,24.707,0.9757,0.9757,70,0,0,70,60,89,77,0.011825,0.008418,0.026138,1,1,1,2326.9
hash_based,1,59,11,15.473,24.742,0.9731,0.9731,67,0,0,67,62,94,81,0.011825,0.008418,0.026177,1,1,1,2326.9
hash_based,1,60,11,15.359,24.634,0.9741,0.9741,70,0,0,70,66,99,83,0.011542,0.008446,0.026089,1,1,1,2326.9
hash_based,1,61,1,15.381,24.733,0.9758,0.9758,71,0,0,71,67,99,83,0.011487,0.00845,0.026205,1,1,1,2326.9
hash_based,1,62,11,15.294,24.528,0.9804,0.9804,69,0,0,69,72,102,86,0.011466,0.008436,0.025979,1,1,1,2326.9
hash_based,1,63,11,15.51,24.706,0.9806,0.9806,71,0,0,71,74,105,92,0.011711,0.008669,0.02615,1,1,1,2326.9
hash_based,1,64,1,15.51,24.706,0.9796,0.9796,71,0,0,71,74,106,92,0.011711,0.008669,0.02615,1,1,1,2326.9
hash_based,1,65,1,15.634,24.817,0.981,0.981,72,0,0,72,75,106,92,0.011748,0.008885,0.026269,1,1,1,2326.9
hash_based,1,66,11,15.34,24.553,0.9824,0.9824,73,0,0,73,79,110,95,0.01158,0.008444,0.025995,1,1,1,2326.9
hash_based,1,67,11,15.407,24.568,0.9844,0.9844,71,0,0,71,82,112,101,0.011784,0.008449,0.025988,1,1,1,2326.9
hash_based,1,68,11,15.436,24.828,0.985,0.985,73,0,0,73,85,115,106,0.011529,0.008474,0.026306,1,1,1,2326.9
hash_based,1,69,1,15.44,24.83,0.9843,0.9843,73,0,0,73,85,116,106,0.011543,0.008472,0.026306,1,1,1,2326.9
hash_based,1,70,11,15.444,24.841,0.9837,0.9837,74,0,0,74,88,121,109,0.011543,0.008472,0.026318,1,1,1,2326.9
hash_based,1,71,1,15.376,24.662,0.9829,0.9829,71,0,0,71,88,122,109,0.011598,0.008417,0.026113,1,1,1,2326.9
hash_based,1,72,1,15.66,25.289,0.9841,0.9841,72,0,0,72,89,122,109,0.011529,0.008632,0.026818,1,1,1,2326.9
hash_based,1,73,1,15.394,24.721,0.9851,0.9851,73,0,0,73,90,122,109,0.011525,0.00847,0.026187,1,1,1,2326.9
hash_based,1,74,1,15.311,24.593,0.9844,0.9844,69,0,0,69,90,123,109,0.011526,0.008362,0.026045,1,1,1,2326.9
hash_based,1,75,1,15.597,24.679,0.9836,0.9836,69,0,0,69,90,124,109,0.012384,0.008362,0.026045,1,1,1,2326.9
hash_based,1,76,11,16.158,25.812,0.9807,0.9807,70,0,0,70,91,129,114,0.012384,0.008787,0.027304,1,1,1,2326.9
hash_based,1,77,11,15.447,24.802,0.9815,0.9815,72,0,0,72,94,132,119,0.011642,0.008434,0.026264,1,1,1,2326.9
hash_based,1,78,0,15.498,24.945,0.9815,0.9815,74,0,0,74,94,132,119,0.011666,0.008409,0.02642,1,1,1,2326.9
hash_based,1,79,1,15.56,25.098,0.9808,0.9808,70,0,0,70,94,133,119,0.011663,0.008425,0.026591,1,1,1,2326.9
hash_based,1,80,1,16.105,25.211,0.9819,0.9819,70,0,0,70,95,133,119,0.012791,0.008932,0.026591,1,1,1,2326.9
hash_based,1,81,11,15.929,24.737,0.987,0.987,71,0,0,71,101,134,123,0.012791,0.008932,0.026064,1,1,1,2326.9
hash_based,1,82,11,15.308,24.658,0.9848,0.9848,74,0,0,74,102,138,129,0.011492,0.008312,0.026121,1,1,1,2326.9
hash_based,1,83,11,15.417,24.874,0.9864,0.9864,73,0,0,73,107,143,130,0.011571,0.008327,0.026352,1,1,1,2326.9
hash_based,1,84,11,15.822,25.543,0.9893,0.9893,75,0,0,75,113,146,132,0.012029,0.008391,0.027045,1,1,1,2326.9
hash_based,1,85,1,16.049,25.811,0.9888,0.9888,76,0,0,76,113,147,132,0.012478,0.008376,0.027292,1,1,1,2326.9
hash_based,1,86,11,15.716,25.711,0.9866,0.9866,76,0,0,76,114,152,137,0.011481,0.008376,0.027292,1,1,1,2326.9
hash_based,1,87,1,15.382,24.745,0.9874,0.9874,74,0,0,74,115,152,137,0.011481,0.008445,0.026219,1,1,1,2326.9
hash_based,1,88,1,15.853,25.765,0.9882,0.9882,75,0,0,75,116,152,137,0.011797,0.008446,0.027317,1,1,1,2326.9
hash_based,1,89,11,15.374,24.693,0.9865,0.9865,77,0,0,77,117,156,143,0.011594,0.008381,0.026148,1,1,1,2326.9
hash_based,1,90,1,15.448,24.845,0.9873,0.9873,78,0,0,78,118,156,143,0.011576,0.008448,0.026319,1,1,1,2326.9
hash_based,1,91,11,15.433,24.842,0.9841,0.9841,78,0,0,78,119,163,146,0.011554,0.008425,0.026319,1,1,1,2326.9
hash_based,1,92,1,15.449,24.887,0.9836,0.9836,75,0,0,75,119,164,146,0.011554,0.008425,0.026369,1,1,1,2326.9
hash_based,1,93,1,15.264,24.416,0.9844,0.9844,76,0,0,76,120,164,146,0.011566,0.008382,0.025844,1,1,1,2326.9
hash_based,1,94,1,15.446,24.948,0.9838,0.9838,77,0,0,77,120,165,146,0.011498,0.008397,0.026443,1,1,1,2326.9
hash_based,1,95,1,15.885,25.395,0.9846,0.9846,74,0,0,74,121,165,146,0.012472,0.008352,0.026831,1,1,1,2326.9
hash_based,1,96,1,15.345,24.579,0.9854,0.9854,75,0,0,75,122,165,146,0.01156,0.008449,0.026026,1,1,1,2326.9
hash_based,1,97,1,15.33,24.575,0.9848,0.9848,75,0,0,75,122,166,146,0.011514,0.008449,0.026026,1,1,1,2326.9
hash_based,1,98,1,15.647,25.472,0.9842,0.9842,76,0,0,76,122,167,146,0.011514,0.008403,0.027023,1,1,1,2326.9
hash_based,1,99,11,15.301,24.338,0.985,0.985,77,0,0,77,126,171,149,0.011796,0.008376,0.025732,1,1,1,2326.9
hash_based,1,100,1,15.356,24.518,0.9844,0.9844,75,0,0,75,126,172,149,0.011543,0.008564,0.02596,1,1,1,2326.9
hash_based,1,101,1,15.447,24.947,0.9838,0.9838,76,0,0,76,126,173,149,0.011466,0.008429,0.026445,1,1,1,2326.9
hash_based,1,102,11,15.37,24.845,0.9839,0.9839,78,0,0,78,129,177,153,0.011463,0.008314,0.026332,1,1,1,2326.9
hash_based,1,103,1,15.37,24.845,0.9846,0.9846,78,0,0,78,130,177,153,0.011463,0.008314,0.026332,1,1,1,2326.9
hash_based,1,104,1,15.245,24.307,0.9853,0.9853,72,0,0,72,131,177,153,0.011573,0.008441,0.025722,1,1,1,2326.9
hash_based,1,105,1,15.384,24.731,0.9853,0.9853,73,0,0,73,131,177,154,0.011566,0.008392,0.026194,1,1,1,2326.9
hash_based,1,106,10,15.503,24.951,0.9833,0.9833,75,0,0,75,131,181,160,0.011563,0.008506,0.026439,1,1,1,2326.9
hash_based,1,107,1,15.254,24.356,0.9841,0.9841,72,0,0,72,132,181,160,0.011567,0.008417,0.025777,1,1,1,2326.9
hash_based,1,108,11,15.361,24.386,0.9841,0.9841,72,0,0,72,135,185,164,0.011864,0.008443,0.025777,1,1,1,2326.9
hash_based,1,109,1,15.795,25.556,0.9836,0.9836,74,0,0,74,135,186,164,0.011864,0.008443,0.027077,1,1,1,2326.9
hash_based,1,110,11,15.225,24.284,0.9853,0.9853,76,0,0,76,139,188,169,0.01158,0.008399,0.025695,1,1,1,2326.9
hash_based,1,111,11,15.558,25.045,0.9871,0.9871,78,0,0,78,144,191,172,0.011568,0.008562,0.026543,1,1,1,2326.9
hash_based,1,112,1,15.38,24.644,0.9877,0.9877,74,0,0,74,145,191,172,0.011607,0.00844,0.026093,1,1,1,2326.9
hash_based,1,113,1,15.405,24.788,0.9873,0.9873,75,0,0,75,145,192,172,0.011565,0.008393,0.026257,1,1,1,2326.9
hash_based,1,114,11,15.405,24.788,0.9866,0.9866,75,0,0,75,147,196,177,0.011565,0.008393,0.026257,1,1,1,2326.9
hash_based,1,115,1,15.572,25.301,0.9862,0.9862,77,0,0,77,147,197,177,0.011514,0.008369,0.026833,1,1,1,2326.9
hash_based,1,116,1,15.339,24.653,0.9857,0.9857,73,0,0,73,147,198,177,0.011487,0.008415,0.026116,1,1,1,2326.9
hash_based,1,117,1,15.446,24.839,0.9864,0.9864,74,0,0,74,148,198,177,0.011542,0.008481,0.026316,1,1,1,2326.9
hash_based,1,118,1,15.34,24.377,0.9859,0.9859,75,0,0,75,148,199,177,0.011832,0.008418,0.025771,1,1,1,2326.9
hash_based,1,119,1,15.381,24.383,0.9865,0.9865,75,0,0,75,149,199,177,0.011887,0.008486,0.025771,1,1,1,2326.9
hash_based,2,0,0,15.702,24.871,1.0,1.0,0,0,0,0,0,0,0,0.012501,0.008359,0.026246,1,1,1,2271.5
hash_based,2,1,11,15.432,24.782,0.8963,0.8963,73,0,0,73,2,4,5,0.011591,0.008456,0.026248,1,1,1,2271.5
hash_based,2,2,11,15.49,24.802,0.9272,0.9272,73,0,0,73,5,7,10,0.011793,0.00843,0.026248,1,1,1,2271.5
hash_based,2,3,1,15.455,24.706,0.9532,0.9532,70,0,0,70,6,7,10,0.011793,0.00843,0.026141,1,1,1,2271.5
hash_based,2,4,1,15.325,24.586,0.9697,0.9697,71,0,0,71,7,7,10,0.011523,0.008415,0.026038,1,1,1,2271.5
hash_based,2,5,1,15.347,24.65,0.9781,0.9781,72,0,0,72,7,8,10,0.011496,0.008434,0.026112,1,1,1,2271.5
hash_based,2,6,1,15.342,24.625,0.9797,0.9797,68,0,0,68,7,9,10,0.011447,0.00849,0.026089,1,1,1,2271.5
hash_based,2,7,11,15.656,25.459,0.9814,0.9814,70,0,0,70,10,13,14,0.011523,0.008439,0.027007,1,1,1,2271.5
hash_based,2,8,1,15.669,25.462,0.9783,0.9783,70,0,0,70,10,14,14,0.011562,0.008439,0.027007,1,1,1,2271.5
hash_based,2,9,1,15.294,24.49,0.9731,0.9731,71,0,0,71,10,15,14,0.011562,0.008392,0.025927,1,1,1,2271.5
hash_based,2,10,1,15.24,24.358,0.9662,0.9662,72,0,0,72,10,16,14,0.011528,0.008409,0.025784,1,1,1,2271.5
hash_based,2,11,11,15.653,24.922,0.9709,0.9709,70,0,0,70,14,21,16,0.011256,0.009262,0.02644,1,1,1,2271.5
hash_based,2,12,1,15.434,24.906,0.963,0.963,71,0,0,71,14,22,16,0.011462,0.008439,0.0264,1,1,1,2271.5
hash_based,2,13,11,15.424,24.717,0.947,0.947,73,0,0,73,17,28,18,0.011666,0.008439,0.026167,1,1,1,2271.5
hash_based,2,14,1,15.424,24.717,0.9534,0.9534,73,0,0,73,18,28,18,0.011666,0.008439,0.026167,1,1,1,2271.5
hash_based,2,15,1,15.523,24.887,0.9458,0.9458,69,0,0,69,18,29,18,0.011599,0.008606,0.026364,1,1,1,2271.5
hash_based,2,16,1,15.363,24.686,0.938,0.938,70,0,0,70,18,30,18,0.011566,0.00838,0.026144,1,1,1,2271.5
hash_based,2,17,1,15.563,25.202,0.93,0.93,71,0,0,71,18,31,18,0.01154,0.008429,0.02672,1,1,1,2271.5
hash_based,2,18,1,15.388,24.634,0.9364,0.9364,65,0,0,65,19,31,18,0.011664,0.008426,0.026075,1,1,1,2271.5
hash_based,2,19,11,15.356,24.624,0.9574,0.9574,65,0,0,65,21,34,24,0.011567,0.008426,0.026075,1,1,1,2271.5
hash_based,2,20,1,15.607,24.675,0.9515,0.9515,66,0,0,66,21,35,24,0.011567,0.009123,0.026132,1,1,1,2271.5
hash_based,2,21,11,15.32,24.624,0.9502,0.9502,67,0,0,67,24,40,27,0.011454,0.00842,0.026087,1,1,1,2271.5
hash_based,2,22,1,15.199,24.243,0.9551,0.9551,69,0,0,69,25,40,27,0.011518,0.008423,0.025657,1,1,1,2271.5
hash_based,2,23,1,15.423,24.571,0.9594,0.9594,65,0,0,65,26,40,27,0.011699,0.00857,0.026001,1,1,1,2271.5
hash_based,2,24,1,15.552,24.826,0.9544,0.9544,66,0,0,66,26,41,27,0.011626,0.008736,0.026293,1,1,1,2271.5
hash_based,2,25,11,15.552,24.826,0.9679,0.9679,66,0,0,66,30,44,31,0.011626,0.008736,0.026293,1,1,1,2271.5
hash_based,2,26,11,15.301,24.349,0.9823,0.9823,68,0,0,68,35,46,35,0.011748,0.008405,0.025749,1,1,1,2271.5
hash_based,2,27,11,15.508,24.928,0.9874,0.9874,65,0,0,65,38,49,40,0.011711,0.008416,0.026397,1,1,1,2271.5
hash_based,2,28,0,15.54,25.13,0.9874,0.9874,67,0,0,67,38,49,40,0.011506,0.008471,0.026644,1,1,1,2271.5
hash_based,2,29,1,15.814,25.306,0.989,0.989,68,0,0,68,39,49,40,0.012274,0.008415,0.026754,1,1,1,2271.5
hash_based,2,30,1,15.597,25.24,0.9904,0.9904,68,0,0,68,40,49,40,0.011615,0.008423,0.026754,1,1,1,2271.5
hash_based,2,31,1,15.366,24.615,0.9914,0.9914,66,0,0,66,41,49,40,0.011615,0.008423,0.026059,1,1,1,2271.5
hash_based,2,32,1,15.41,24.849,0.9895,0.9895,67,0,0,67,41,50,40,0.01151,0.008388,0.026331,1,1,1,2271.5
hash_based,2,33,1,15.777,25.22,0.9874,0.9874,68,0,0,68,41,51,40,0.011919,0.008715,0.026698,1,1,1,2271.5
hash_based,2,34,11,15.383,24.666,0.988,0.988,70,0,0,70,43,55,45,0.011575,0.008455,0.02612,1,1,1,2271.5
hash_based,2,35,1,15.395,24.545,0.986,0.986,66,0,0,66,43,56,45,0.01177,0.008449,0.025965,1,1,1,2271.5
hash_based,2,36,11,15.395,24.545,0.9945,0.9945,66,0,0,66,48,57,50,0.01177,0.008449,0.025965,1,1,1,2271.5
hash_based,2,37,11,15.248,24.421,0.9965,0.9965,68,0,0,68,53,60,53,0.011501,0.008387,0.025857,1,1,1,2271.5
hash_based,2,38,1,15.24,24.399,0.9954,0.9954,70,0,0,70,53,61,53,0.011537,0.008354,0.025828,1,1,1,2271.5
hash_based,2,39,11,15.618,25.25,0.9967,0.9967,68,0,0,68,56,64,58,0.011421,0.008647,0.026787,1,1,1,2271.5
hash_based,2,40,1,15.567,25.041,0.9973,0.9973,69,0,0,69,57,64,58,0.011743,0.00844,0.026519,1,1,1,2271.5
hash_based,2,41,11,15.585,25.049,0.9983,0.9983,69,0,0,69,61,67,62,0.011824,0.008413,0.026519,1,1,1,2271.5
hash_based,2,42,11,15.4,24.55,0.9987,0.9987,71,0,0,71,64,70,67,0.011824,0.008413,0.025964,1,1,1,2271.5
hash_based,2,43,11,15.338,24.639,0.9986,0.9986,73,0,0,73,67,73,72,0.011498,0.008418,0.026099,1,1,1,2271.5
hash_based,2,44,1,15.37,24.825,0.9983,0.9983,70,0,0,70,67,74,72,0.01156,0.00825,0.026299,1,1,1,2271.5
hash_based,2,45,1,15.289,24.283,0.9979,0.9979,71,0,0,71,67,75,72,0.011731,0.008457,0.025678,1,1,1,2271.5
hash_based,2,46,1,15.483,24.847,0.9984,0.9984,72,0,0,72,68,75,72,0.011561,0.008565,0.026323,1,1,1,2271.5
hash_based,2,47,1,15.631,24.891,0.9979,0.9979,72,0,0,72,68,76,72,0.012004,0.008565,0.026323,1,1,1,2271.5
hash_based,2,48,1,15.481,24.602,0.9984,0.9984,68,0,0,68,69,76,72,0.012004,0.008438,0.026002,1,1,1,2271.5
hash_based,2,49,1,15.377,24.531,0.9979,0.9979,69,0,0,69,69,77,72,0.011771,0.008412,0.025949,1,1,1,2271.5
hash_based,2,50,1,15.648,24.632,0.9974,0.9974,70,0,0,70,69,78,72,0.01155,0.009308,0.026086,1,1,1,2271.5
hash_based,2,51,11,15.669,24.781,0.9982,0.9982,67,0,0,67,73,81,76,0.012346,0.008499,0.026163,1,1,1,2271.5
hash_based,2,52,1,15.476,24.709,0.9985,0.9985,67,0,0,67,74,81,76,0.01162,0.008644,0.026163,1,1,1,2271.5
hash_based,2,53,1,15.452,24.646,0.9988,0.9988,69,0,0,69,75,81,76,0.01162,0.008644,0.026093,1,1,1,2271.5
hash_based,2,54,1,15.414,24.893,0.9984,0.9984,70,0,0,70,75,82,76,0.011483,0.008376,0.026383,1,1,1,2271.5
hash_based,2,55,1,15.327,24.568,0.9979,0.9979,71,0,0,71,75,83,76,0.011507,0.008456,0.026019,1,1,1,2271.5
hash_based,2,56,1,15.489,24.954,0.9974,0.9974,68,0,0,68,75,84,76,0.011617,0.008414,0.026436,1,1,1,2271.5
hash_based,2,57,7,15.386,24.724,0.9969,0.9969,69,0,0,69,77,87,78,0.011553,0.008418,0.026187,1,1,1,2271.5
hash_based,2,58,4,15.374,24.72,0.9973,0.9973,69,0,0,69,79,88,79,0.011516,0.008418,0.026187,1,1,1,2271.5
hash_based,2,59,1,15.33,24.585,0.9967,0.9967,71,0,0,71,79,89,79,0.011516,0.008436,0.026037,1,1,1,2271.5
hash_based,2,60,11,15.544,24.759,0.9983,0.9983,70,0,0,70,84,91,83,0.011937,0.00851,0.026184,1,1,1,2271.5
hash_based,2,61,1,15.537,25.171,0.9978,0.9978,71,0,0,71,84,92,83,0.011484,0.008436,0.026692,1,1,1,2271.5
hash_based,2,62,11,15.385,24.755,0.9978,0.9978,73,0,0,73,87,96,87,0.011536,0.008396,0.026224,1,1,1,2271.5
hash_based,2,63,1,15.421,24.763,0.9973,0.9973,73,0,0,73,87,97,87,0.01161,0.008428,0.026224,1,1,1,2271.5
hash_based,2,64,1,15.389,24.677,0.9967,0.9967,69,0,0,69,87,98,87,0.01161,0.008428,0.026129,1,1,1,2271.5
hash_based,2,65,1,15.325,24.601,0.9962,0.9962,70,0,0,70,87,99,87,0.011529,0.008391,0.026054,1,1,1,2271.5
hash_based,2,66,1,15.437,24.656,0.9955,0.9955,71,0,0,71,87,100,87,0.011533,0.008664,0.026114,1,1,1,2271.5
hash_based,2,67,1,15.402,24.803,0.9959,0.9959,72,0,0,72,88,100,87,0.011483,0.008441,0.026283,1,1,1,2271.5
hash_based,2,68,1,15.399,24.752,0.9952,0.9952,68,0,0,68,88,101,87,0.011556,0.008422,0.026218,1,1,1,2271.5
hash_based,2,69,1,15.406,24.754,0.9955,0.9955,68,0,0,68,89,101,87,0.011579,0.008422,0.026218,1,1,1,2271.5
hash_based,2,70,1,15.709,24.787,0.9949,0.9949,69,0,0,69,89,102,87,0.011579,0.009294,0.026254,1,1,1,2271.5
hash_based,2,71,11,15.298,24.585,0.9927,0.9927,70,0,0,70,91,108,90,0.01152,0.008338,0.026037,1,1,1,2271.5
hash_based,2,72,1,15.464,24.849,0.9919,0.9919,68,0,0,68,91,109,90,0.011731,0.008354,0.026307,1,1,1,2271.5
hash_based,2,73,11,15.455,24.938,0.9892,0.9892,70,0,0,70,91,115,95,0.01155,0.008389,0.026426,1,1,1,2271.5
hash_based,2,74,11,15.349,24.494,0.9933,0.9933,72,0,0,72,97,116,99,0.011692,0.008437,0.025917,1,1,1,2271.5
hash_based,2,75,1,15.349,24.494,0.9938,0.9938,72,0,0,72,98,116,99,0.011692,0.008437,0.025917,1,1,1,2271.5
hash_based,2,76,1,15.317,24.567,0.9942,0.9942,69,0,0,69,99,116,99,0.011508,0.008425,0.026018,1,1,1,2271.5
hash_based,2,77,1,15.517,24.873,0.9935,0.9935,70,0,0,70,99,117,99,0.011909,0.008329,0.026313,1,1,1,2271.5
hash_based,2,78,11,15.417,24.575,0.9955,0.9955,71,0,0,71,103,119,104,0.011544,0.008683,0.026023,1,1,1,2271.5
hash_based,2,79,1,15.52,25.112,0.9949,0.9949,73,0,0,73,103,120,104,0.01155,0.008392,0.026619,1,1,1,2271.5
hash_based,2,80,1,15.551,25.116,0.9943,0.9943,73,0,0,73,103,121,104,0.01159,0.008444,0.026619,1,1,1,2271.5
hash_based,2,81,11,15.399,24.705,0.996,0.996,69,0,0,69,107,123,109,0.01159,0.008444,0.026162,1,1,1,2271.5
hash_based,2,82,1,15.638,25.402,0.9955,0.9955,71,0,0,71,107,124,109,0.011561,0.008413,0.02694,1,1,1,2271.5
hash_based,2,83,1,15.453,24.667,0.9959,0.9959,72,0,0,72,108,124,109,0.011529,0.008703,0.026127,1,1,1,2271.5
hash_based,2,84,1,15.606,25.421,0.9962,0.9962,69,0,0,69,109,124,109,0.011505,0.008347,0.026967,1,1,1,2271.5
hash_based,2,85,1,15.357,24.714,0.9964,0.9964,70,0,0,70,110,124,109,0.01142,0.008461,0.026191,1,1,1,2271.5
hash_based,2,86,11,15.357,24.714,0.9957,0.9957,70,0,0,70,112,129,113,0.01142,0.008461,0.026191,1,1,1,2271.5
hash_based,2,87,1,15.619,25.269,0.996,0.996,72,0,0,72,113,129,113,0.011678,0.008401,0.026779,1,1,1,2271.5
hash_based,2,88,0,15.59,24.811,0.996,0.996,67,0,0,67,113,129,113,0.011541,0.008945,0.026285,1,1,1,2271.5
hash_based,2,89,1,15.481,24.796,0.9962,0.9962,68,0,0,68,114,129,113,0.011737,0.008459,0.026247,1,1,1,2271.5
hash_based,2,90,1,15.631,25.455,0.9964,0.9964,69,0,0,69,115,129,113,0.011549,0.008344,0.027,1,1,1,2271.5
hash_based,2,91,1,15.686,25.459,0.9966,0.9966,69,0,0,69,116,129,113,0.011593,0.008464,0.027,1,1,1,2271.5
hash_based,2,92,1,15.342,24.53,0.9962,0.9962,70,0,0,70,116,130,113,0.011593,0.008464,0.025968,1,1,1,2271.5
hash_based,2,93,11,15.207,24.309,0.9985,0.9985,68,0,0,68,121,130,119,0.011525,0.008366,0.02573,1,1,1,2271.5
hash_based,2,94,11,15.33,24.541,0.998,0.998,70,0,0,70,123,135,123,0.011509,0.008492,0.025989,1,1,1,2271.5
hash_based,2,95,11,15.392,24.653,0.9977,0.9977,72,0,0,72,124,139,129,0.011557,0.00851,0.026108,1,1,1,2271.5
hash_based,2,96,1,15.457,24.845,0.998,0.998,68,0,0,68,125,139,129,0.011466,0.008575,0.026331,1,1,1,2271.5
hash_based,2,97,11,15.487,24.853,0.9979,0.9979,68,0,0,68,126,140,138,0.011555,0.008575,0.026331,1,1,1,2271.5
hash_based,2,98,11,15.409,24.776,0.9986,0.9986,70,0,0,70,131,143,141,0.011555,0.008426,0.026245,1,1,1,2271.5
hash_based,2,99,1,15.747,25.585,0.9984,0.9984,72,0,0,72,131,144,141,0.0117,0.008414,0.027128,1,1,1,2271.5
hash_based,2,100,11,15.275,24.448,0.999,0.999,74,0,0,74,136,146,145,0.011481,0.008455,0.025889,1,1,1,2271.5
hash_based,2,101,11,15.414,24.66,0.999,0.999,71,0,0,71,140,151,147,0.011677,0.008461,0.026103,1,1,1,2271.5
hash_based,2,102,1,15.637,24.638,0.9989,0.9989,71,0,0,71,140,152,147,0.011452,0.009356,0.026103,1,1,1,2271.5
hash_based,2,103,1,15.865,25.253,0.9987,0.9987,72,0,0,72,140,153,147,0.011452,0.009356,0.026786,1,1,1,2271.5
hash_based,2,104,11,15.232,24.34,0.9987,0.9987,73,0,0,73,143,156,152,0.011523,0.008408,0.025764,1,1,1,2271.5
hash_based,2,105,1,15.766,25.698,0.9985,0.9985,68,0,0,68,143,157,152,0.011591,0.008441,0.027266,1,1,1,2271.5
hash_based,2,106,11,15.414,24.749,0.9991,0.9991,69,0,0,69,148,159,156,0.011567,0.00846,0.026214,1,1,1,2271.5
hash_based,2,107,1,15.368,24.745,0.9993,0.9993,71,0,0,71,149,159,156,0.011529,0.008362,0.026214,1,1,1,2271.5
hash_based,2,108,1,15.366,24.745,0.9994,0.9994,71,0,0,71,150,159,156,0.011522,0.008362,0.026214,1,1,1,2271.5
hash_based,2,109,1,15.279,24.488,0.9995,0.9995,69,0,0,69,151,159,156,0.011522,0.008386,0.025929,1,1,1,2271.5
hash_based,2,110,1,15.762,24.738,0.9997,0.9997,70,0,0,70,152,159,156,0.011782,0.009328,0.026177,1,1,1,2271.5
hash_based,2,111,1,15.651,25.095,0.9998,0.9998,71,0,0,71,153,159,156,0.011879,0.00851,0.026563,1,1,1,2271.5
hash_based,2,112,1,15.496,24.718,0.9998,0.9998,72,0,0,72,154,159,156,0.011898,0.008448,0.026143,1,1,1,2271.5
hash_based,2,113,1,15.424,24.516,0.9997,0.9997,69,0,0,69,154,160,156,0.011949,0.008411,0.025912,1,1,1,2271.5
hash_based,2,114,1,15.424,24.516,0.9996,0.9996,69,0,0,69,154,161,156,0.011949,0.008411,0.025912,1,1,1,2271.5
hash_based,2,115,1,15.387,24.702,0.9997,0.9997,70,0,0,70,154,161,157,0.011575,0.008425,0.026161,1,1,1,2271.5
hash_based,2,116,10,15.688,25.163,0.9997,0.9997,72,0,0,72,157,164,161,0.011836,0.008585,0.026644,1,1,1,2271.5
hash_based,2,117,11,15.727,24.749,0.9992,0.9992,70,0,0,70,160,171,162,0.012464,0.008602,0.026114,1,1,1,2271.5
hash_based,2,118,1,15.335,24.608,0.999,0.999,71,0,0,71,160,172,162,0.0115,0.00844,0.026065,1,1,1,2271.5
hash_based,2,119,11,15.651,24.683,0.9989,0.9989,71,0,0,71,163,176,166,0.012242,0.008645,0.026065,1,1,1,2271.5
ecmp,1,0,0,15.396,24.77,1.0,1.0,0,0,0,0,0,0,0,0.01155,0.008398,0.026239,1,1,1,2317.4
ecmp,1,1,1,15.235,24.335,0.3333,0.3333,68,0,0,68,1,0,0,0.01155,0.008398,0.025756,1,1,1,2317.4
ecmp,1,2,1,15.555,25.13,0.6667,0.6667,69,0,0,69,1,1,0,0.011571,0.008457,0.026636,1,1,1,2317.4
ecmp,1,3,11,15.619,24.59,0.9883,0.9883,71,0,0,71,5,4,4,0.011574,0.009247,0.026036,1,1,1,2317.4
ecmp,1,4,1,15.729,24.796,0.9899,0.9899,69,0,0,69,5,5,4,0.012418,0.008598,0.026171,1,1,1,2317.4
ecmp,1,5,11,15.451,24.64,0.9968,0.9968,71,0,0,71,9,8,8,0.011856,0.008437,0.02606,1,1,1,2317.4
ecmp,1,6,1,15.37,24.615,0.9971,0.9971,71,0,0,71,9,9,8,0.011612,0.008437,0.02606,1,1,1,2317.4
ecmp,1,7,11,15.47,24.9,0.9985,0.9985,72,0,0,72,13,12,12,0.011612,0.00842,0.026377,1,1,1,2317.4
ecmp,1,8,1,15.374,24.7,0.9986,0.9986,70,0,0,70,13,13,12,0.01156,0.008401,0.02616,1,1,1,2317.4
ecmp,1,9,11,15.36,24.709,0.9992,0.9992,72,0,0,72,17,16,16,0.011448,0.00845,0.026183,1,1,1,2317.4
ecmp,1,10,1,15.447,24.58,0.9992,0.9992,73,0,0,73,17,17,16,0.011882,0.008469,0.025991,1,1,1,2317.4
ecmp,1,11,11,15.491,24.69,0.9995,0.9995,75,0,0,75,21,20,20,0.011535,0.008786,0.026152,1,1,1,2317.4
ecmp,1,12,1,15.491,24.69,0.9995,0.9995,75,0,0,75,21,21,20,0.011535,0.008786,0.026152,1,1,1,2317.4
ecmp,1,13,11,15.121,24.024,0.9996,0.9996,70,0,0,70,25,24,24,0.011541,0.00841,0.025411,1,1,1,2317.4
ecmp,1,14,1,15.523,24.174,0.9996,0.9996,72,0,0,72,25,25,24,0.012433,0.008659,0.025478,1,1,1,2317.4
ecmp,1,15,11,15.388,24.439,0.9997,0.9997,74,0,0,74,29,28,28,0.011567,0.008728,0.025869,1,1,1,2317.4
ecmp,1,16,1,15.611,24.922,0.9997,0.9997,71,0,0,71,29,29,28,0.012029,0.00845,0.026355,1,1,1,2317.4
ecmp,1,17,11,15.437,24.877,0.9998,0.9998,71,0,0,71,33,32,32,0.011576,0.008381,0.026355,1,1,1,2317.4
ecmp,1,18,1,15.269,24.423,0.9998,0.9998,73,0,0,73,33,33,32,0.011576,0.008381,0.025851,1,1,1,2317.4
ecmp,1,19,11,15.367,24.732,0.9998,0.9998,74,0,0,74,37,36,36,0.011529,0.008373,0.026199,1,1,1,2317.4
ecmp,1,20,1,15.623,25.292,0.9998,0.9998,72,0,0,72,37,37,36,0.01161,0.008446,0.026812,1,1,1,2317.4
ecmp,1,21,11,15.529,24.96,0.9999,0.9999,73,0,0,73,41,40,40,0.011714,0.008441,0.026432,1,1,1,2317.4
ecmp,1,22,1,15.716,24.915,0.9999,0.9999,75,0,0,75,41,41,40,0.011525,0.009219,0.026403,1,1,1,2317.4
ecmp,1,23,11,15.718,24.916,0.9999,0.9999,75,0,0,75,45,44,44,0.011531,0.009219,0.026403,1,1,1,2317.4
ecmp,1,24,1,15.695,25.449,0.9999,0.9999,77,0,0,77,45,45,44,0.011531,0.008557,0.026996,1,1,1,2317.4
ecmp,1,25,0,15.368,24.72,0.9999,0.9999,73,0,0,73,45,45,44,0.011453,0.008456,0.026194,1,1,1,2317.4
ecmp,1,26,11,15.7,25.151,0.9999,0.9999,75,0,0,75,49,48,48,0.012007,0.008482,0.026611,1,1,1,2317.4
ecmp,1,27,1,15.562,24.906,0.9999,0.9999,76,0,0,76,49,49,48,0.011533,0.00876,0.026392,1,1,1,2317.4
ecmp,1,28,11,15.375,24.637,0.9999,0.9999,74,0,0,74,53,52,52,0.011617,0.008425,0.026084,1,1,1,2317.4
ecmp,1,29,1,15.375,24.637,0.9999,0.9999,74,0,0,74,53,53,52,0.011617,0.008425,0.026084,1,1,1,2317.4
ecmp,1,30,11,15.179,24.198,0.9999,0.9999,75,0,0,75,57,56,56,0.011558,0.008377,0.025603,1,1,1,2317.4
ecmp,1,31,1,15.349,24.135,0.9999,0.9999,77,0,0,77,57,57,56,0.011899,0.008653,0.025495,1,1,1,2317.4
ecmp,1,32,11,15.461,24.503,0.9999,0.9999,79,0,0,79,61,60,60,0.012089,0.008411,0.025882,1,1,1,2317.4
ecmp,1,33,1,15.548,25.081,0.9999,0.9999,74,0,0,74,61,61,60,0.011574,0.008489,0.026582,1,1,1,2317.4
ecmp,1,34,11,15.547,25.083,0.9999,0.9999,74,0,0,74,65,64,64,0.011592,0.008468,0.026582,1,1,1,2317.4
ecmp,1,35,1,15.517,25.002,0.9999,0.9999,76,0,0,76,65,65,64,0.011592,0.008468,0.026492,1,1,1,2317.4
ecmp,1,36,11,15.436,24.849,1.0,1.0,77,0,0,77,69,68,68,0.011508,0.00847,0.026331,1,1,1,2317.4
ecmp,1,37,1,15.501,24.957,1.0,1.0,72,0,0,72,69,69,68,0.011566,0.008493,0.026445,1,1,1,2317.4
ecmp,1,38,11,15.275,24.322,1.0,1.0,74,0,0,74,73,72,72,0.011598,0.00849,0.025736,1,1,1,2317.4
ecmp,1,39,1,15.705,24.63,1.0,1.0,75,0,0,75,73,73,72,0.011785,0.009274,0.026057,1,1,1,2317.4
ecmp,1,40,11,15.435,24.604,1.0,1.0,75,0,0,75,77,76,76,0.01153,0.008718,0.026057,1,1,1,2317.4
ecmp,1,41,1,15.303,24.247,1.0,1.0,73,0,0,73,77,77,76,0.01153,0.008718,0.02566,1,1,1,2317.4
ecmp,1,42,11,15.366,24.714,1.0,1.0,74,0,0,74,81,80,80,0.011566,0.008356,0.026175,1,1,1,2317.4
ecmp,1,43,1,15.293,24.534,1.0,1.0,76,0,0,76,81,81,80,0.011478,0.008415,0.025985,1,1,1,2317.4
ecmp,1,44,11,15.725,24.927,1.0,1.0,77,0,0,77,85,84,84,0.011809,0.008982,0.026385,1,1,1,2317.4
ecmp,1,45,1,15.32,24.607,1.0,1.0,75,0,0,75,85,85,84,0.011454,0.008436,0.026069,1,1,1,2317.4
ecmp,1,46,0,15.41,24.634,1.0,1.0,75,0,0,75,85,85,84,0.011724,0.008436,0.026069,1,1,1,2317.4
ecmp,1,47,11,15.515,25.007,1.0,1.0,77,0,0,77,89,88,88,0.011724,0.008339,0.026483,1,1,1,2317.4
ecmp,1,48,1,15.538,24.752,1.0,1.0,78,0,0,78,89,89,88,0.011527,0.008865,0.026221,1,1,1,2317.4
ecmp,1,49,11,15.431,24.913,1.0,1.0,76,0,0,76,93,92,92,0.011502,0.008388,0.026403,1,1,1,2317.4
ecmp,1,50,1,15.562,24.852,1.0,1.0,77,0,0,77,93,93,92,0.01174,0.008637,0.026309,1,1,1,2317.4
ecmp,1,51,11,15.361,24.655,1.0,1.0,79,0,0,79,97,96,96,0.011501,0.008465,0.026117,1,1,1,2317.4
ecmp,1,52,1,15.375,24.66,1.0,1.0,79,0,0,79,97,97,96,0.011543,0.008465,0.026117,1,1,1,2317.4
ecmp,1,53,11,15.363,24.629,1.0,1.0,80,0,0,80,101,100,100,0.011543,0.008462,0.026083,1,1,1,2317.4
ecmp,1,54,1,15.65,24.733,1.0,1.0,77,0,0,77,101,101,100,0.011573,0.009181,0.026195,1,1,1,2317.4
ecmp,1,55,11,15.468,24.901,1.0,1.0,79,0,0,79,105,104,104,0.011502,0.008511,0.02639,1,1,1,2317.4
ecmp,1,56,1,15.275,24.464,1.0,1.0,80,0,0,80,105,105,104,0.01153,0.008393,0.025901,1,1,1,2317.4
ecmp,1,57,11,15.332,24.541,1.0,1.0,77,0,0,77,109,108,108,0.011586,0.008431,0.02598,1,1,1,2317.4
ecmp,1,58,1,15.298,24.53,1.0,1.0,77,0,0,77,109,109,108,0.011484,0.008431,0.02598,1,1,1,2317.4
ecmp,1,59,11,15.286,24.529,1.0,1.0,78,0,0,78,113,112,112,0.011484,0.008395,0.025978,1,1,1,2317.4
ecmp,1,60,1,15.274,24.469,1.0,1.0,80,0,0,80,113,113,112,0.011515,0.008399,0.025908,1,1,1,2317.4
ecmp,1,61,11,15.555,25.285,1.0,1.0,78,0,0,78,117,116,116,0.0115,0.008349,0.026817,1,1,1,2317.4
ecmp,1,62,1,15.382,24.512,1.0,1.0,80,0,0,80,117,117,116,0.011753,0.008464,0.02593,1,1,1,2317.4
ecmp,1,63,11,15.556,24.75,1.0,1.0,82,0,0,82,121,120,120,0.012118,0.008397,0.026154,1,1,1,2317.4
ecmp,1,64,1,15.504,24.735,1.0,1.0,82,0,0,82,121,121,120,0.011962,0.008397,0.026154,1,1,1,2317.4
ecmp,1,65,11,15.753,25.219,1.0,1.0,83,0,0,83,125,124,124,0.011962,0.008605,0.026692,1,1,1,2317.4
ecmp,1,66,1,15.428,24.635,1.0,1.0,80,0,0,80,125,125,124,0.011751,0.008465,0.026067,1,1,1,2317.4
ecmp,1,67,11,15.56,24.952,1.0,1.0,81,0,0,81,129,128,128,0.011825,0.008444,0.026411,1,1,1,2317.4
ecmp,1,68,1,15.468,24.653,1.0,1.0,83,0,0,83,129,129,128,0.011694,0.008617,0.026093,1,1,1,2317.4
ecmp,1,69,0,15.279,24.547,1.0,1.0,78,0,0,78,129,129,128,0.011459,0.008376,0.026001,1,1,1,2317.4
ecmp,1,70,11,15.307,24.555,1.0,1.0,78,0,0,78,133,132,132,0.011544,0.008376,0.026001,1,1,1,2317.4
ecmp,1,71,1,15.283,24.482,1.0,1.0,80,0,0,80,133,133,132,0.011544,0.008384,0.02592,1,1,1,2317.4
ecmp,1,72,11,15.258,24.368,1.0,1.0,82,0,0,82,137,136,136,0.011552,0.00843,0.025792,1,1,1,2317.4
ecmp,1,73,1,15.44,24.71,1.0,1.0,83,0,0,83,137,137,136,0.01171,0.008456,0.026154,1,1,1,2317.4
ecmp,1,74,11,15.552,24.63,1.0,1.0,80,0,0,80,141,140,140,0.011551,0.009021,0.026083,1,1,1,2317.4
ecmp,1,75,1,15.302,24.52,1.0,1.0,81,0,0,81,141,141,140,0.01154,0.008405,0.025962,1,1,1,2317.4
ecmp,1,76,11,15.376,24.542,1.0,1.0,81,0,0,81,145,144,144,0.011761,0.008405,0.025962,1,1,1,2317.4
ecmp,1,77,1,15.426,24.661,1.0,1.0,82,0,0,82,145,145,144,0.011761,0.008424,0.026094,1,1,1,2317.4
ecmp,1,78,11,15.378,24.696,1.0,1.0,78,0,0,78,149,148,148,0.011567,0.008412,0.026155,1,1,1,2317.4
ecmp,1,79,1,15.284,24.452,1.0,1.0,80,0,0,80,149,149,148,0.011537,0.008427,0.025887,1,1,1,2317.4
ecmp,1,80,11,15.695,25.352,1.0,1.0,82,0,0,82,153,152,152,0.011602,0.008604,0.02688,1,1,1,2317.4
ecmp,1,81,1,15.372,24.647,1.0,1.0,77,0,0,77,153,153,152,0.011557,0.008459,0.026101,1,1,1,2317.4
ecmp,1,82,11,15.356,24.642,1.0,1.0,77,0,0,77,157,156,156,0.011509,0.008459,0.026101,1,1,1,2317.4
ecmp,1,83,1,15.518,25.123,1.0,1.0,79,0,0,79,157,157,156,0.011509,0.00841,0.026636,1,1,1,2317.4
ecmp,1,84,11,15.672,24.516,1.0,1.0,80,0,0,80,161,160,160,0.011559,0.0095,0.025956,1,1,1,2317.4
ecmp,1,85,1,15.404,24.761,1.0,1.0,82,0,0,82,161,161,160,0.01155,0.008432,0.026229,1,1,1,2317.4
ecmp,1,86,11,15.387,24.635,1.0,1.0,80,0,0,80,165,164,164,0.011546,0.008527,0.026089,1,1,1,2317.4
ecmp,1,87,1,15.825,25.386,1.0,1.0,81,0,0,81,165,165,164,0.011571,0.008984,0.026921,1,1,1,2317.4
ecmp,1,88,11,15.819,25.384,1.0,1.0,81,0,0,81,169,168,168,0.011551,0.008984,0.026921,1,1,1,2317.4
ecmp,1,89,1,15.285,24.484,1.0,1.0,83,0,0,83,169,169,168,0.011551,0.008384,0.025921,1,1,1,2317.4
ecmp,1,90,11,15.466,24.653,1.0,1.0,79,0,0,79,173,172,172,0.011615,0.008682,0.026102,1,1,1,2317.4
ecmp,1,91,1,15.325,24.31,1.0,1.0,81,0,0,81,173,173,172,0.011575,0.008675,0.025725,1,1,1,2317.4
ecmp,1,92,7,15.411,24.689,1.0,1.0,82,0,0,82,175,175,175,0.011606,0.008485,0.026143,1,1,1,2317.4
ecmp,1,93,4,15.328,24.461,1.0,1.0,84,0,0,84,177,176,176,0.011624,0.008474,0.025887,1,1,1,2317.4
ecmp,1,94,1,15.328,24.461,1.0,1.0,84,0,0,84,177,177,176,0.011624,0.008474,0.025887,1,1,1,2317.4
ecmp,1,95,11,15.609,24.581,1.0,1.0,80,0,0,80,181,180,180,0.012356,0.008531,0.025939,1,1,1,2317.4
ecmp,1,96,1,15.709,25.307,1.0,1.0,81,0,0,81,181,181,180,0.011887,0.008443,0.026798,1,1,1,2317.4
ecmp,1,97,11,15.609,24.901,1.0,1.0,83,0,0,83,185,184,184,0.011775,0.008693,0.026359,1,1,1,2317.4
ecmp,1,98,1,15.51,25.027,1.0,1.0,79,0,0,79,185,185,184,0.011522,0.008479,0.026528,1,1,1,2317.4
ecmp,1,99,11,15.549,24.86,1.0,1.0,81,0,0,81,189,188,188,0.011763,0.008569,0.026315,1,1,1,2317.4
ecmp,1,100,1,15.549,24.86,1.0,1.0,81,0,0,81,189,189,188,0.011763,0.008569,0.026315,1,1,1,2317.4
ecmp,1,101,11,15.456,24.955,1.0,1.0,82,0,0,82,193,192,192,0.011505,0.008413,0.02645,1,1,1,2317.4
ecmp,1,102,1,15.417,24.596,1.0,1.0,78,0,0,78,193,193,192,0.011815,0.00842,0.026016,1,1,1,2317.4
ecmp,1,103,11,15.438,24.832,1.0,1.0,80,0,0,80,197,196,196,0.011564,0.008444,0.026306,1,1,1,2317.4
ecmp,1,104,1,15.855,24.957,1.0,1.0,81,0,0,81,197,197,196,0.011749,0.009391,0.026425,1,1,1,2317.4
ecmp,1,105,11,15.229,24.364,1.0,1.0,83,0,0,83,201,200,200,0.011465,0.008424,0.025797,1,1,1,2317.4
ecmp,1,106,1,15.229,24.364,1.0,1.0,83,0,0,83,201,201,200,0.011465,0.008424,0.025797,1,1,1,2317.4
ecmp,1,107,11,15.515,25.037,1.0,1.0,79,0,0,79,205,204,204,0.011554,0.008456,0.026535,1,1,1,2317.4
ecmp,1,108,1,15.361,24.623,1.0,1.0,81,0,0,81,205,205,204,0.011554,0.008455,0.026075,1,1,1,2317.4
ecmp,1,109,11,15.364,24.455,1.0,1.0,82,0,0,82,209,208,208,0.011789,0.008441,0.025862,1,1,1,2317.4
ecmp,1,110,1,15.326,24.424,1.0,1.0,79,0,0,79,209,209,208,0.011719,0.008423,0.025836,1,1,1,2317.4
ecmp,1,111,11,15.298,24.627,1.0,1.0,81,0,0,81,213,212,212,0.011437,0.008366,0.026092,1,1,1,2317.4
ecmp,1,112,1,15.298,24.627,1.0,1.0,81,0,0,81,213,213,212,0.011437,0.008366,0.026092,1,1,1,2317.4
ecmp,1,113,11,15.258,24.091,1.0,1.0,82,0,0,82,217,216,216,0.011504,0.00878,0.02549,1,1,1,2317.4
ecmp,1,114,1,15.477,24.89,1.0,1.0,84,0,0,84,217,217,216,0.011548,0.00851,0.026372,1,1,1,2317.4
ecmp,1,115,11,15.42,24.791,1.0,1.0,79,0,0,79,221,220,220,0.011533,0.008463,0.026264,1,1,1,2317.4
ecmp,1,116,0,15.471,24.86,1.0,1.0,81,0,0,81,221,220,220,0.011613,0.008468,0.026332,1,1,1,2317.4
ecmp,1,117,1,15.485,24.908,1.0,1.0,82,0,0,82,221,221,220,0.011627,0.008445,0.026384,1,1,1,2317.4
ecmp,1,118,11,15.485,24.908,1.0,1.0,82,0,0,82,225,224,224,0.011627,0.008445,0.026384,1,1,1,2317.4
ecmp,1,119,1,15.209,24.261,1.0,1.0,79,0,0,79,225,225,224,0.011505,0.008443,0.025678,1,1,1,2317.4
ecmp,2,0,0,15.315,24.594,1.0,1.0,0,0,0,0,0,0,0,0.011582,0.008322,0.02604,1,1,1,2408.7
ecmp,2,1,1,15.423,24.814,0.3333,0.3333,80,0,0,80,1,0,0,0.011586,0.008399,0.026284,1,1,1,2408.7
ecmp,2,2,1,15.445,24.903,0.6667,0.6667,76,0,0,76,1,1,0,0.011548,0.0084,0.026387,1,1,1,2408.7
ecmp,2,3,11,15.319,24.529,0.9883,0.9883,78,0,0,78,5,4,4,0.011584,0.008406,0.025967,1,1,1,2408.7
ecmp,2,4,1,15.331,24.58,0.9899,0.9899,79,0,0,79,5,5,4,0.011491,0.008469,0.026034,1,1,1,2408.7
ecmp,2,5,11,15.376,24.603,0.9968,0.9968,79,0,0,79,9,8,8,0.011723,0.008371,0.026034,1,1,1,2408.7
ecmp,2,6,1,15.453,24.811,0.9971,0.9971,76,0,0,76,9,9,8,0.011723,0.008371,0.026265,1,1,1,2408.7
ecmp,2,7,11,15.306,24.536,0.9985,0.9985,78,0,0,78,13,12,12,0.011479,0.008453,0.025987,1,1,1,2408.7
ecmp,2,8,1,15.301,24.367,0.9986,0.9986,79,0,0,79,13,13,12,0.011486,0.008618,0.025798,1,1,1,2408.7
ecmp,2,9,11,15.617,24.69,0.9992,0.9992,81,0,0,81,17,16,16,0.01152,0.009179,0.026153,1,1,1,2408.7
ecmp,2,10,1,15.552,24.95,0.9992,0.9992,76,0,0,76,17,17,16,0.011835,0.008414,0.026407,1,1,1,2408.7
ecmp,2,11,11,15.511,24.934,0.9995,0.9995,76,0,0,76,21,20,20,0.011675,0.00845,0.026407,1,1,1,2408.7
ecmp,2,12,1,15.256,24.246,0.9995,0.9995,78,0,0,78,21,21,20,0.011675,0.00845,0.025643,1,1,1,2408.7
ecmp,2,13,11,15.337,24.605,0.9996,0.9996,79,0,0,79,25,24,24,0.011574,0.008384,0.026053,1,1,1,2408.7
ecmp,2,14,1,15.376,24.638,0.9996,0.9996,77,0,0,77,25,25,24,0.011575,0.008464,0.02609,1,1,1,2408.7
ecmp,2,15,11,15.459,24.816,0.9997,0.9997,79,0,0,79,29,28,28,0.011667,0.008433,0.026277,1,1,1,2408.7
ecmp,2,16,1,15.421,24.673,0.9997,0.9997,80,0,0,80,29,29,28,0.01172,0.008431,0.026112,1,1,1,2408.7
ecmp,2,17,11,15.387,24.663,0.9998,0.9998,80,0,0,80,33,32,32,0.011618,0.008431,0.026112,1,1,1,2408.7
ecmp,2,18,1,15.508,24.987,0.9998,0.9998,76,0,0,76,33,33,32,0.011618,0.008435,0.026472,1,1,1,2408.7
ecmp,2,19,11,15.478,24.808,0.9998,0.9998,77,0,0,77,37,36,36,0.011483,0.008663,0.026289,1,1,1,2408.7
ecmp,2,20,1,15.425,24.872,0.9998,0.9998,79,0,0,79,37,37,36,0.011531,0.008389,0.026354,1,1,1,2408.7
ecmp,2,21,11,15.311,24.517,0.9999,0.9999,80,0,0,80,41,40,40,0.011473,0.008493,0.025966,1,1,1,2408.7
ecmp,2,22,1,15.586,25.095,0.9999,0.9999,77,0,0,77,41,41,40,0.011802,0.008384,0.026572,1,1,1,2408.7
ecmp,2,23,11,15.419,25.045,0.9999,0.9999,77,0,0,77,45,44,44,0.0113,0.008384,0.026572,1,1,1,2408.7
ecmp,2,24,1,15.143,24.277,0.9999,0.9999,79,0,0,79,45,45,44,0.0113,0.008411,0.025719,1,1,1,2408.7
ecmp,2,25,1,15.467,24.696,1.0,1.0,80,0,0,80,45,45,45,0.011839,0.008437,0.026125,1,1,1,2408.7
ecmp,2,26,10,15.552,24.988,0.9999,0.9999,77,0,0,77,49,48,48,0.011802,0.0084,0.026453,1,1,1,2408.7
ecmp,2,27,1,15.437,24.815,0.9999,0.9999,78,0,0,78,49,49,48,0.011549,0.008472,0.026289,1,1,1,2408.7
ecmp,2,28,11,15.8,24.86,0.9999,0.9999,80,0,0,80,53,52,52,0.011831,0.00926,0.026308,1,1,1,2408.7
ecmp,2,29,1,15.724,24.838,0.9999,0.9999,80,0,0,80,53,53,52,0.011605,0.00926,0.026308,1,1,1,2408.7
ecmp,2,30,11,15.391,24.695,0.9999,0.9999,81,0,0,81,57,56,56,0.011605,0.008418,0.026149,1,1,1,2408.7
ecmp,2,31,1,15.482,24.677,0.9999,0.9999,77,0,0,77,57,57,56,0.011476,0.008826,0.026144,1,1,1,2408.7
ecmp,2,32,11,15.918,25.38,0.9999,0.9999,79,0,0,79,61,60,60,0.01247,0.008469,0.026814,1,1,1,2408.7
ecmp,2,33,1,15.355,24.683,0.9999,0.9999,80,0,0,80,61,61,60,0.011505,0.008414,0.026147,1,1,1,2408.7
ecmp,2,34,11,15.458,24.964,0.9999,0.9999,77,0,0,77,65,64,64,0.01156,0.008361,0.026453,1,1,1,2408.7
ecmp,2,35,1,15.458,24.964,0.9999,0.9999,77,0,0,77,65,65,64,0.01156,0.008361,0.026453,1,1,1,2408.7
ecmp,2,36,12,15.443,24.666,1.0,1.0,78,0,0,78,69,69,68,0.011779,0.008451,0.026098,1,1,1,2408.7
ecmp,2,37,11,15.333,24.588,1.0,1.0,80,0,0,80,73,72,72,0.011577,0.008388,0.026034,1,1,1,2408.7
ecmp,2,38,1,15.298,24.566,1.0,1.0,76,0,0,76,73,73,72,0.011457,0.008415,0.026023,1,1,1,2408.7
ecmp,2,39,11,15.362,24.706,1.0,1.0,78,0,0,78,77,76,76,0.011517,0.008396,0.026172,1,1,1,2408.7
ecmp,2,40,1,15.471,24.834,1.0,1.0,79,0,0,79,77,77,76,0.011445,0.008645,0.026322,1,1,1,2408.7
ecmp,2,41,11,15.471,24.834,1.0,1.0,79,0,0,79,81,80,80,0.011445,0.008645,0.026322,1,1,1,2408.7
ecmp,2,42,1,15.345,24.554,1.0,1.0,81,0,0,81,81,81,80,0.011594,0.008447,0.025994,1,1,1,2408.7
ecmp,2,43,11,15.387,24.754,1.0,1.0,77,0,0,77,85,84,84,0.011444,0.008485,0.026233,1,1,1,2408.7
ecmp,2,44,1,15.437,24.707,1.0,1.0,79,0,0,79,85,85,84,0.011747,0.008416,0.026147,1,1,1,2408.7
ecmp,2,45,11,15.384,24.759,1.0,1.0,80,0,0,80,89,88,88,0.011532,0.00839,0.026229,1,1,1,2408.7
ecmp,2,46,1,15.416,24.882,1.0,1.0,77,0,0,77,89,89,88,0.011485,0.008391,0.026371,1,1,1,2408.7
ecmp,2,47,11,15.416,24.882,1.0,1.0,77,0,0,77,93,92,92,0.011485,0.008391,0.026371,1,1,1,2408.7
ecmp,2,48,1,15.473,24.898,1.0,1.0,79,0,0,79,93,93,92,0.011662,0.008388,0.026369,1,1,1,2408.7
ecmp,2,49,0,15.653,24.594,1.0,1.0,80,0,0,80,93,93,92,0.012394,0.008616,0.02595,1,1,1,2408.7
ecmp,2,50,11,15.326,24.612,1.0,1.0,82,0,0,82,97,96,96,0.011555,0.00836,0.026063,1,1,1,2408.7
ecmp,2,51,1,15.614,24.973,1.0,1.0,77,0,0,77,97,97,96,0.011518,0.008857,0.026468,1,1,1,2408.7
ecmp,2,52,11,15.913,25.559,1.0,1.0,79,0,0,79,101,100,100,0.012281,0.008424,0.027034,1,1,1,2408.7
ecmp,2,53,1,15.913,25.559,1.0,1.0,79,0,0,79,101,101,100,0.012281,0.008424,0.027034,1,1,1,2408.7
ecmp,2,54,11,15.403,24.771,1.0,1.0,80,0,0,80,105,104,104,0.01155,0.008418,0.02624,1,1,1,2408.7
ecmp,2,55,1,15.424,24.605,1.0,1.0,78,0,0,78,105,105,104,0.011564,0.008654,0.026054,1,1,1,2408.7
ecmp,2,56,11,15.553,25.142,1.0,1.0,80,0,0,80,109,108,108,0.011609,0.008403,0.026646,1,1,1,2408.7
ecmp,2,57,1,15.406,24.74,1.0,1.0,81,0,0,81,109,109,108,0.011561,0.008454,0.026204,1,1,1,2408.7
ecmp,2,58,11,16.09,25.878,1.0,1.0,78,0,0,78,113,112,112,0.012455,0.008446,0.02737,1,1,1,2408.7
ecmp,2,59,1,16.09,25.878,1.0,1.0,78,0,0,78,113,113,112,0.012455,0.008446,0.02737,1,1,1,2408.7
ecmp,2,60,11,15.586,25.311,1.0,1.0,79,0,0,79,117,116,116,0.011554,0.008363,0.02684,1,1,1,2408.7
ecmp,2,61,1,15.519,24.894,1.0,1.0,81,0,0,81,117,117,116,0.011519,0.008659,0.02638,1,1,1,2408.7
ecmp,2,62,11,15.317,24.355,1.0,1.0,84,0,0,84,121,120,120,0.011779,0.008419,0.025752,1,1,1,2408.7
ecmp,2,63,1,15.445,24.985,1.0,1.0,80,0,0,80,121,121,120,0.011414,0.008429,0.026493,1,1,1,2408.7
ecmp,2,64,11,15.324,24.585,1.0,1.0,82,0,0,82,125,124,124,0.011585,0.008357,0.026029,1,1,1,2408.7
ecmp,2,65,1,15.324,24.585,1.0,1.0,82,0,0,82,125,125,124,0.011585,0.008357,0.026029,1,1,1,2408.7
ecmp,2,66,11,15.495,25.019,1.0,1.0,83,0,0,83,129,128,128,0.011568,0.008404,0.026514,1,1,1,2408.7
ecmp,2,67,1,15.288,24.441,1.0,1.0,81,0,0,81,129,129,128,0.011518,0.008468,0.025877,1,1,1,2408.7
ecmp,2,68,11,15.336,24.6,1.0,1.0,82,0,0,82,133,132,132,0.011506,0.008446,0.026055,1,1,1,2408.7
ecmp,2,69,1,16.132,25.892,1.0,1.0,84,0,0,84,133,133,132,0.01264,0.008392,0.027365,1,1,1,2408.7
ecmp,2,70,11,15.751,25.779,1.0,1.0,84,0,0,84,137,136,136,0.011508,0.008379,0.027365,1,1,1,2408.7
ecmp,2,71,1,15.169,24.209,1.0,1.0,86,0,0,86,137,137,136,0.011508,0.008379,0.02562,1,1,1,2408.7
ecmp,2,72,0,15.303,24.682,1.0,1.0,81,0,0,81,137,137,136,0.011406,0.008345,0.026157,1,1,1,2408.7
ecmp,2,73,11,16.046,25.592,1.0,1.0,83,0,0,83,141,140,140,0.012374,0.008704,0.027061,1,1,1,2408.7
ecmp,2,74,1,15.44,24.765,1.0,1.0,84,0,0,84,141,141,140,0.011745,0.008363,0.026212,1,1,1,2408.7
ecmp,2,75,11,15.699,24.974,1.0,1.0,81,0,0,81,145,144,144,0.012325,0.008392,0.026379,1,1,1,2408.7
ecmp,2,76,1,15.502,24.894,1.0,1.0,81,0,0,81,145,145,144,0.011526,0.0086,0.026379,1,1,1,2408.7
ecmp,2,77,11,15.396,24.608,1.0,1.0,82,0,0,82,149,148,148,0.011526,0.0086,0.026061,1,1,1,2408.7
ecmp,2,78,1,15.36,24.637,1.0,1.0,84,0,0,84,149,149,148,0.01156,0.008431,0.02609,1,1,1,2408.7
ecmp,2,79,11,15.826,25.18,1.0,1.0,80,0,0,80,153,152,152,0.012311,0.008558,0.02661,1,1,1,2408.7
ecmp,2,80,1,15.836,25.139,1.0,1.0,81,0,0,81,153,153,152,0.01261,0.008367,0.026531,1,1,1,2408.7
ecmp,2,81,11,15.418,24.863,1.0,1.0,83,0,0,83,157,156,156,0.011551,0.008361,0.026342,1,1,1,2408.7
ecmp,2,82,1,15.457,24.856,1.0,1.0,83,0,0,83,157,157,156,0.011484,0.008545,0.026342,1,1,1,2408.7
ecmp,2,83,11,15.387,24.667,1.0,1.0,84,0,0,84,161,160,160,0.011484,0.008545,0.026132,1,1,1,2408.7
ecmp,2,84,1,15.464,24.974,1.0,1.0,81,0,0,81,161,161,160,0.011539,0.008387,0.026467,1,1,1,2408.7
ecmp,2,85,11,15.485,24.765,1.0,1.0,82,0,0,82,165,164,164,0.011738,0.008504,0.026213,1,1,1,2408.7
ecmp,2,86,1,15.181,24.167,1.0,1.0,84,0,0,84,165,165,164,0.011526,0.008445,0.025572,1,1,1,2408.7
ecmp,2,87,11,15.43,25.067,1.0,1.0,81,0,0,81,169,168,168,0.011241,0.008447,0.026603,1,1,1,2408.7
ecmp,2,88,1,15.746,25.165,1.0,1.0,81,0,0,81,169,169,168,0.012219,0.008417,0.026603,1,1,1,2408.7
ecmp,2,89,11,15.667,24.949,1.0,1.0,82,0,0,82,173,172,172,0.012219,0.008417,0.026364,1,1,1,2408.7
ecmp,2,90,1,15.29,24.489,1.0,1.0,84,0,0,84,173,173,172,0.011547,0.008395,0.025927,1,1,1,2408.7
ecmp,2,91,11,15.375,24.664,1.0,1.0,85,0,0,85,177,176,176,0.011573,0.008432,0.026119,1,1,1,2408.7
ecmp,2,92,1,15.558,25.186,1.0,1.0,81,0,0,81,177,177,176,0.011501,0.008468,0.026706,1,1,1,2408.7
ecmp,2,93,11,15.402,24.721,1.0,1.0,82,0,0,82,181,180,180,0.011585,0.00844,0.026181,1,1,1,2408.7
ecmp,2,94,1,15.47,24.744,1.0,1.0,82,0,0,82,181,181,180,0.011816,0.008414,0.026181,1,1,1,2408.7
ecmp,2,95,1,15.384,24.511,1.0,1.0,84,0,0,84,181,181,181,0.011816,0.008414,0.025922,1,1,1,2408.7
ecmp,2,96,10,15.431,24.691,1.0,1.0,81,0,0,81,185,184,184,0.011806,0.008364,0.026123,1,1,1,2408.7
ecmp,2,97,1,15.625,25.525,1.0,1.0,82,0,0,82,185,185,184,0.011422,0.008361,0.027092,1,1,1,2408.7
ecmp,2,98,11,15.703,25.557,1.0,1.0,84,0,0,84,189,188,188,0.011518,0.008475,0.027117,1,1,1,2408.7
ecmp,2,99,1,15.485,24.866,1.0,1.0,78,0,0,78,189,189,188,0.011668,0.008454,0.026332,1,1,1,2408.7
ecmp,2,100,11,15.519,24.876,1.0,1.0,78,0,0,78,193,192,192,0.011772,0.008452,0.026332,1,1,1,2408.7
ecmp,2,101,1,15.472,24.749,1.0,1.0,80,0,0,80,193,193,192,0.011772,0.008452,0.026191,1,1,1,2408.7
ecmp,2,102,11,15.366,24.628,1.0,1.0,82,0,0,82,197,196,196,0.011569,0.008449,0.026079,1,1,1,2408.7
ecmp,2,103,1,15.298,24.388,1.0,1.0,83,0,0,83,197,197,196,0.011507,0.008567,0.025819,1,1,1,2408.7
ecmp,2,104,11,15.352,24.653,1.0,1.0,80,0,0,80,201,200,200,0.011548,0.0084,0.026109,1,1,1,2408.7
ecmp,2,105,1,15.357,24.451,1.0,1.0,81,0,0,81,201,201,200,0.011741,0.008466,0.025863,1,1,1,2408.7
ecmp,2,106,11,15.364,24.453,1.0,1.0,81,0,0,81,205,204,204,0.011764,0.008466,0.025863,1,1,1,2408.7
ecmp,2,107,1,15.675,24.712,1.0,1.0,83,0,0,83,205,205,204,0.011764,0.009109,0.026151,1,1,1,2408.7
ecmp,2,108,11,15.31,24.328,1.0,1.0,79,0,0,79,209,208,208,0.011502,0.008676,0.025753,1,1,1,2408.7
ecmp,2,109,1,15.878,25.185,1.0,1.0,81,0,0,81,209,209,208,0.011519,0.009413,0.026703,1,1,1,2408.7
ecmp,2,110,11,15.579,24.863,1.0,1.0,83,0,0,83,213,212,212,0.011945,0.008493,0.026298,1,1,1,2408.7
ecmp,2,111,1,15.383,24.636,1.0,1.0,84,0,0,84,213,213,212,0.011672,0.0084,0.026076,1,1,1,2408.7
ecmp,2,112,11,15.421,24.647,1.0,1.0,84,0,0,84,217,216,216,0.011787,0.0084,0.026076,1,1,1,2408.7
ecmp,2,113,1,15.471,24.681,1.0,1.0,80,0,0,80,217,217,216,0.011787,0.008512,0.026114,1,1,1,2408.7
ecmp,2,114,11,15.473,24.635,1.0,1.0,81,0,0,81,221,220,220,0.011902,0.008467,0.02605,1,1,1,2408.7
ecmp,2,115,1,15.41,24.565,1.0,1.0,83,0,0,83,221,221,220,0.011807,0.008441,0.025983,1,1,1,2408.7
ecmp,2,116,11,15.517,25.016,1.0,1.0,80,0,0,80,225,224,224,0.011602,0.008443,0.026507,1,1,1,2408.7
ecmp,2,117,1,15.706,24.967,1.0,1.0,82,0,0,82,225,225,224,0.012107,0.008614,0.026396,1,1,1,2408.7
ecmp,2,118,7,15.486,24.901,1.0,1.0,82,0,0,82,227,227,227,0.011448,0.008614,0.026396,1,1,1,2408.7
ecmp,2,119,4,15.583,24.741,1.0,1.0,84,0,0,84,229,228,228,0.011448,0.009084,0.026218,1,1,1,2408.7
drl,1,0,0,15.426,24.776,1.0,1.0,0,0,0,0,0,0,0,0.011608,0.008431,0.026239,1,1,1,2412.3
drl,1,1,1,15.533,24.827,0.3333,0.3333,79,0,0,79,1,0,0,0.011924,0.008413,0.026261,1,1,1,2412.3
drl,1,2,1,15.409,24.721,0.6667,0.6667,80,0,0,80,1,1,0,0.011552,0.008491,0.026184,1,1,1,2412.3
drl,1,3,1,15.918,25.479,0.6,0.6,76,0,0,76,1,2,0,0.012134,0.008658,0.026962,1,1,1,2412.3
drl,1,4,1,15.323,24.6,0.5333,0.5333,77,0,0,77,1,3,0,0.011477,0.008435,0.026058,1,1,1,2412.3
drl,1,5,1,15.338,24.607,0.4902,0.4902,77,0,0,77,1,4,0,0.011545,0.008411,0.026058,1,1,1,2412.3
drl,1,6,1,15.394,24.759,0.4615,0.4615,78,0,0,78,1,5,0,0.011545,0.008411,0.026227,1,1,1,2412.3
drl,1,7,1,15.478,24.97,0.4414,0.4414,79,0,0,79,1,6,0,0.011543,0.008429,0.026462,1,1,1,2412.3
drl,1,8,1,15.332,24.426,0.4267,0.4267,74,0,0,74,1,7,0,0.011728,0.008431,0.025837,1,1,1,2412.3
drl,1,9,1,15.568,25.177,0.4154,0.4154,75,0,0,75,1,8,0,0.011635,0.008386,0.026682,1,1,1,2412.3
drl,1,10,1,15.322,24.428,0.4065,0.4065,76,0,0,76,1,9,0,0.011517,0.008585,0.025863,1,1,1,2412.3
drl,1,11,1,15.432,24.467,0.3993,0.3993,76,0,0,76,1,10,0,0.011901,0.008531,0.025863,1,1,1,2412.3
drl,1,12,1,15.306,24.128,0.3934,0.3934,72,0,0,72,1,11,0,0.011901,0.008531,0.025486,1,1,1,2412.3
drl,1,13,1,15.371,24.72,0.3885,0.3885,73,0,0,73,1,12,0,0.011532,0.008397,0.026185,1,1,1,2412.3
drl,1,14,1,15.613,24.934,0.3843,0.3843,74,0,0,74,1,13,0,0.011754,0.008688,0.026398,1,1,1,2412.3
drl,1,15,1,15.415,24.671,0.3807,0.3807,69,0,0,69,1,14,0,0.011725,0.008411,0.026109,1,1,1,2412.3
drl,1,16,1,15.444,24.856,0.3776,0.3776,70,0,0,70,1,15,0,0.01156,0.008438,0.026333,1,1,1,2412.3
drl,1,17,1,15.445,24.853,0.3748,0.3748,70,0,0,70,1,16,0,0.011534,0.008469,0.026333,1,1,1,2412.3
drl,1,18,1,15.487,24.966,0.3724,0.3724,71,0,0,71,1,17,0,0.011534,0.008469,0.026458,1,1,1,2412.3
drl,1,19,1,15.419,24.744,0.3703,0.3703,72,0,0,72,1,18,0,0.01154,0.008505,0.026211,1,1,1,2412.3
drl,1,20,1,15.325,24.495,0.3683,0.3683,68,0,0,68,1,19,0,0.011611,0.008436,0.025927,1,1,1,2412.3
drl,1,21,1,15.464,24.947,0.3666,0.3666,69,0,0,69,1,20,0,0.011513,0.008438,0.02644,1,1,1,2412.3
drl,1,22,1,15.564,25.192,0.365,0.365,70,0,0,70,1,21,0,0.01149,0.008487,0.026715,1,1,1,2412.3
drl,1,23,1,15.706,25.235,0.3636,0.3636,70,0,0,70,1,22,0,0.011916,0.008487,0.026715,1,1,1,2412.3
drl,1,24,1,15.595,24.41,0.3623,0.3623,66,0,0,66,1,23,0,0.011916,0.00907,0.025798,1,1,1,2412.3
drl,1,25,1,15.506,25.117,0.3611,0.3611,67,0,0,67,1,24,0,0.011442,0.00844,0.026636,1,1,1,2412.3
drl,1,26,1,15.469,24.777,0.36,0.36,68,0,0,68,1,25,0,0.011501,0.008654,0.026252,1,1,1,2412.3
drl,1,27,1,15.473,24.944,0.3589,0.3589,69,0,0,69,1,26,0,0.011569,0.00842,0.02643,1,1,1,2412.3
drl,1,28,1,15.348,24.724,0.358,0.358,64,0,0,64,1,27,0,0.011436,0.008407,0.0262,1,1,1,2412.3
drl,1,29,1,15.374,24.732,0.3571,0.3571,64,0,0,64,1,28,0,0.011515,0.008407,0.0262,1,1,1,2412.3
drl,1,30,1,15.295,24.506,0.3563,0.3563,65,0,0,65,1,29,0,0.011515,0.00842,0.02595,1,1,1,2412.3
drl,1,31,1,15.393,24.781,0.3555,0.3555,66,0,0,66,1,30,0,0.011552,0.008376,0.026251,1,1,1,2412.3
drl,1,32,1,15.625,24.984,0.3548,0.3548,62,0,0,62,1,31,0,0.011544,0.008855,0.026477,1,1,1,2412.3
drl,1,33,1,15.57,24.519,0.3541,0.3541,63,0,0,63,1,32,0,0.011729,0.009042,0.02594,1,1,1,2412.3
drl,1,34,1,15.424,24.849,0.3535,0.3535,64,0,0,64,1,33,0,0.011608,0.008343,0.02632,1,1,1,2412.3
drl,1,35,1,15.435,24.852,0.3529,0.3529,64,0,0,64,1,34,0,0.011643,0.008343,0.02632,1,1,1,2412.3
drl,1,36,1,15.551,25.061,0.3524,0.3524,59,0,0,59,1,35,0,0.011643,0.008457,0.026552,1,1,1,2412.3
drl,1,37,1,15.402,24.656,0.3518,0.3518,60,0,0,60,1,36,0,0.011531,0.008562,0.026114,1,1,1,2412.3
drl,1,38,1,15.253,24.361,0.3513,0.3513,61,0,0,61,1,37,0,0.011499,0.008471,0.02579,1,1,1,2412.3
drl,1,39,1,15.567,25.028,0.3509,0.3509,62,0,0,62,1,38,0,0.011507,0.008665,0.02653,1,1,1,2412.3
drl,1,40,1,15.456,24.662,0.3504,0.3504,58,0,0,58,1,39,0,0.011548,0.008702,0.026119,1,1,1,2412.3
drl,1,41,1,15.414,24.649,0.35,0.35,58,0,0,58,1,40,0,0.011422,0.008702,0.026119,1,1,1,2412.3
drl,1,42,0,15.24,24.454,0.35,0.35,59,0,0,59,1,40,0,0.011422,0.008395,0.025902,1,1,1,2412.3
drl,1,43,1,15.327,24.553,0.3496,0.3496,60,0,0,60,1,41,0,0.011467,0.008508,0.026007,1,1,1,2412.3
drl,1,44,1,15.965,25.486,0.3492,0.3492,56,0,0,56,1,42,0,0.011528,0.009329,0.027037,1,1,1,2412.3
drl,1,45,1,15.405,24.572,0.3488,0.3488,57,0,0,57,1,43,0,0.011783,0.00844,0.025993,1,1,1,2412.3
drl,1,46,1,15.388,24.73,0.3485,0.3485,58,0,0,58,1,44,0,0.011505,0.008458,0.0262,1,1,1,2412.3
drl,1,47,1,15.402,24.735,0.3481,0.3481,58,0,0,58,1,45,0,0.011547,0.008458,0.0262,1,1,1,2412.3
drl,1,48,1,15.226,24.283,0.3478,0.3478,59,0,0,59,1,46,0,0.011547,0.008434,0.025698,1,1,1,2412.3
drl,1,49,1,15.569,25.003,0.3475,0.3475,54,0,0,54,1,47,0,0.011578,0.008635,0.026495,1,1,1,2412.3
drl,1,50,1,15.319,24.564,0.3472,0.3472,55,0,0,55,1,48,0,0.011532,0.008414,0.026012,1,1,1,2412.3
drl,1,51,1,15.357,24.652,0.3469,0.3469,56,0,0,56,1,49,0,0.011536,0.008427,0.026109,1,1,1,2412.3
drl,1,52,1,15.686,25.206,0.3467,0.3467,52,0,0,52,1,50,0,0.011941,0.008436,0.02668,1,1,1,2412.3
drl,1,53,1,15.686,25.206,0.3464,0.3464,52,0,0,52,1,51,0,0.011941,0.008436,0.02668,1,1,1,2412.3
drl,1,54,1,15.692,24.794,0.3461,0.3461,53,0,0,53,1,52,0,0.011507,0.009298,0.02627,1,1,1,2412.3
drl,1,55,1,15.353,24.613,0.3459,0.3459,54,0,0,54,1,53,0,0.01154,0.008453,0.026066,1,1,1,2412.3
drl,1,56,1,15.482,24.964,0.3457,0.3457,50,0,0,50,1,54,0,0.011579,0.008416,0.026451,1,1,1,2412.3
drl,1,57,1,15.33,24.599,0.3455,0.3455,51,0,0,51,1,55,0,0.011558,0.008384,0.026048,1,1,1,2412.3
drl,1,58,1,15.36,24.686,0.3452,0.3452,52,0,0,52,1,56,0,0.011519,0.008411,0.026149,1,1,1,2412.3
drl,1,59,1,15.36,24.686,0.345,0.345,52,0,0,52,1,57,0,0.011519,0.008411,0.026149,1,1,1,2412.3
drl,1,60,1,15.578,25.225,0.3448,0.3448,53,0,0,53,1,58,0,0.011497,0.008487,0.02675,1,1,1,2412.3
drl,1,61,1,15.529,25.025,0.3446,0.3446,51,0,0,51,1,59,0,0.011568,0.008499,0.02652,1,1,1,2412.3
drl,1,62,1,15.464,24.742,0.3444,0.3444,52,0,0,52,1,60,0,0.01182,0.008395,0.026178,1,1,1,2412.3
drl,1,63,1,15.554,24.79,0.3443,0.3443,53,0,0,53,1,61,0,0.011504,0.008893,0.026266,1,1,1,2412.3
drl,1,64,1,15.521,24.958,0.3441,0.3441,51,0,0,51,1,62,0,0.011734,0.008401,0.026427,1,1,1,2412.3
drl,1,65,1,15.521,24.958,0.3439,0.3439,51,0,0,51,1,63,0,0.011734,0.008401,0.026427,1,1,1,2412.3
drl,1,66,1,15.304,24.324,0.3437,0.3437,52,0,0,52,1,64,0,0.011547,0.008621,0.025744,1,1,1,2412.3
drl,1,67,1,15.556,25.103,0.3436,0.3436,53,0,0,53,1,65,0,0.011615,0.00845,0.026602,1,1,1,2412.3
drl,1,68,1,15.548,24.498,0.3434,0.3434,54,0,0,54,1,66,0,0.01157,0.009139,0.025934,1,1,1,2412.3
drl,1,69,1,15.471,24.908,0.3433,0.3433,51,0,0,51,1,67,0,0.011512,0.008505,0.026396,1,1,1,2412.3
drl,1,70,1,15.409,24.692,0.3431,0.3431,52,0,0,52,1,68,0,0.011737,0.008359,0.026131,1,1,1,2412.3
drl,1,71,1,15.409,24.692,0.343,0.343,52,0,0,52,1,69,0,0.011737,0.008359,0.026131,1,1,1,2412.3
drl,1,72,1,15.442,24.9,0.3429,0.3429,53,0,0,53,1,70,0,0.01151,0.008428,0.026388,1,1,1,2412.3
drl,1,73,1,15.499,24.907,0.3427,0.3427,51,0,0,51,1,71,0,0.011693,0.008428,0.026375,1,1,1,2412.3
drl,1,74,1,15.715,24.907,0.3426,0.3426,52,0,0,52,1,72,0,0.011494,0.009255,0.026397,1,1,1,2412.3
drl,1,75,1,15.334,24.634,0.3425,0.3425,53,0,0,53,1,73,0,0.011499,0.00841,0.026094,1,1,1,2412.3
drl,1,76,1,15.362,24.694,0.3423,0.3423,54,0,0,54,1,74,0,0.011528,0.008401,0.026157,1,1,1,2412.3
drl,1,77,1,15.362,24.694,0.3422,0.3422,54,0,0,54,1,75,0,0.011528,0.008401,0.026157,1,1,1,2412.3
drl,1,78,1,15.514,24.994,0.3421,0.3421,51,0,0,51,1,76,0,0.011568,0.008489,0.026486,1,1,1,2412.3
drl,1,79,1,15.381,24.605,0.342,0.342,52,0,0,52,1,77,0,0.011621,0.008473,0.026048,1,1,1,2412.3
drl,1,80,1,15.492,24.85,0.3419,0.3419,53,0,0,53,1,78,0,0.011743,0.008428,0.026306,1,1,1,2412.3
drl,1,81,1,15.412,24.809,0.3418,0.3418,51,0,0,51,1,79,0,0.011476,0.00847,0.026291,1,1,1,2412.3
drl,1,82,1,15.327,24.571,0.3417,0.3417,52,0,0,52,1,80,0,0.011511,0.008448,0.026022,1,1,1,2412.3
drl,1,83,1,15.327,24.571,0.3416,0.3416,52,0,0,52,1,81,0,0.011511,0.008448,0.026022,1,1,1,2412.3
drl,1,84,0,15.606,24.491,0.3416,0.3416,53,0,0,53,1,81,0,0.011555,0.009336,0.025928,1,1,1,2412.3
drl,1,85,1,15.363,24.675,0.3415,0.3415,51,0,0,51,1,82,0,0.011517,0.008436,0.026137,1,1,1,2412.3
drl,1,86,1,15.355,24.579,0.3414,0.3414,52,0,0,52,1,83,0,0.011638,0.008409,0.026017,1,1,1,2412.3
drl,1,87,1,15.556,25.182,0.3413,0.3413,53,0,0,53,1,84,0,0.011553,0.008419,0.026696,1,1,1,2412.3
drl,1,88,1,15.337,24.689,0.3412,0.3412,54,0,0,54,1,85,0,0.011399,0.008446,0.026166,1,1,1,2412.3
drl,1,89,1,15.337,24.689,0.3411,0.3411,54,0,0,54,1,86,0,0.011399,0.008446,0.026166,1,1,1,2412.3
drl,1,90,1,15.353,24.72,0.341,0.341,51,0,0,51,1,87,0,0.011533,0.008342,0.026185,1,1,1,2412.3
drl,1,91,1,15.357,24.65,0.3409,0.3409,52,0,0,52,1,88,0,0.011575,0.008394,0.026103,1,1,1,2412.3
drl,1,92,1,15.748,24.979,0.3408,0.3408,53,0,0,53,1,89,0,0.011525,0.009246,0.026474,1,1,1,2412.3
drl,1,93,1,15.476,24.619,0.3407,0.3407,51,0,0,51,1,90,0,0.011852,0.008537,0.026038,1,1,1,2412.3
drl,1,94,1,15.458,24.621,0.3407,0.3407,51,0,0,51,1,91,0,0.011872,0.008463,0.026038,1,1,1,2412.3
drl,1,95,1,15.622,25.064,0.3406,0.3406,52,0,0,52,1,92,0,0.011872,0.008463,0.02653,1,1,1,2412.3
drl,1,96,1,15.603,24.662,0.3405,0.3405,53,0,0,53,1,93,0,0.012083,0.008665,0.02606,1,1,1,2412.3
drl,1,97,1,15.372,24.682,0.3404,0.3404,54,0,0,54,1,94,0,0.011535,0.008437,0.026143,1,1,1,2412.3
drl,1,98,1,15.361,24.64,0.3404,0.3404,51,0,0,51,1,95,0,0.011475,0.008505,0.026103,1,1,1,2412.3
drl,1,99,1,15.443,24.983,0.3403,0.3403,52,0,0,52,1,96,0,0.011495,0.008353,0.026482,1,1,1,2412.3
drl,1,100,1,15.55,25.009,0.3402,0.3402,52,0,0,52,1,97,0,0.011756,0.008412,0.026482,1,1,1,2412.3
drl,1,101,1,15.417,24.651,0.3401,0.3401,53,0,0,53,1,98,0,0.011756,0.008412,0.026084,1,1,1,2412.3
drl,1,102,1,15.355,24.748,0.3401,0.3401,51,0,0,51,1,99,0,0.01145,0.00839,0.026226,1,1,1,2412.3
drl,1,103,1,15.331,24.605,0.34,0.34,52,0,0,52,1,100,0,0.011529,0.008407,0.026058,1,1,1,2412.3
drl,1,104,1,15.468,25.058,0.3399,0.3399,53,0,0,53,1,101,0,0.011473,0.008365,0.026567,1,1,1,2412.3
drl,1,105,1,15.334,24.635,0.3399,0.3399,51,0,0,51,1,102,0,0.011472,0.008433,0.026098,1,1,1,2412.3
drl,1,106,1,15.429,24.639,0.3398,0.3398,51,0,0,51,1,103,0,0.011509,0.00868,0.026098,1,1,1,2412.3
drl,1,107,1,15.464,24.735,0.3397,0.3397,52,0,0,52,1,104,0,0.011509,0.00868,0.026204,1,1,1,2412.3
drl,1,108,1,15.325,24.569,0.3397,0.3397,53,0,0,53,1,105,0,0.011517,0.008439,0.026019,1,1,1,2412.3
drl,1,109,1,15.305,24.496,0.3396,0.3396,54,0,0,54,1,106,0,0.011576,0.008406,0.025932,1,1,1,2412.3
drl,1,110,1,15.275,24.417,0.3396,0.3396,51,0,0,51,1,107,0,0.011533,0.008442,0.025849,1,1,1,2412.3
drl,1,111,1,15.476,24.811,0.3395,0.3395,52,0,0,52,1,108,0,0.011784,0.008387,0.026258,1,1,1,2412.3
drl,1,112,1,15.413,24.789,0.3394,0.3394,52,0,0,52,1,109,0,0.011564,0.008418,0.026258,1,1,1,2412.3
drl,1,113,1,15.411,24.781,0.3394,0.3394,53,0,0,53,1,110,0,0.011564,0.008418,0.02625,1,1,1,2412.3
drl,1,114,1,15.673,25.291,0.3393,0.3393,51,0,0,51,1,111,0,0.011807,0.008422,0.026789,1,1,1,2412.3
drl,1,115,1,15.275,24.531,0.3393,0.3393,52,0,0,52,1,112,0,0.011492,0.008352,0.02598,1,1,1,2412.3
drl,1,116,1,15.413,24.627,0.3392,0.3392,53,0,0,53,1,113,0,0.011538,0.008619,0.026081,1,1,1,2412.3
drl,1,117,1,15.255,24.153,0.3392,0.3392,54,0,0,54,1,114,0,0.011768,0.008468,0.025529,1,1,1,2412.3
drl,1,118,1,15.142,24.125,0.3391,0.3391,54,0,0,54,1,115,0,0.011488,0.00841,0.025529,1,1,1,2412.3
drl,1,119,1,15.323,24.613,0.3391,0.3391,51,0,0,51,1,116,0,0.011488,0.00841,0.026071,1,1,1,2412.3
drl,2,0,0,15.381,24.704,1.0,1.0,0,0,0,0,0,0,0,0.011584,0.008398,0.026162,1,1,1,2313.4
drl,2,1,1,15.241,24.338,0.3333,0.3333,52,0,0,52,1,0,0,0.011546,0.008419,0.025759,1,1,1,2313.4
drl,2,2,1,15.205,24.244,0.6667,0.6667,53,0,0,53,1,1,0,0.011568,0.008395,0.025653,1,1,1,2313.4
drl,2,3,1,15.32,24.569,0.6,0.6,54,0,0,54,1,2,0,0.011531,0.00841,0.026018,1,1,1,2313.4
drl,2,4,1,15.302,24.564,0.5333,0.5333,54,0,0,54,1,3,0,0.011479,0.00841,0.026018,1,1,1,2313.4
drl,2,5,1,15.429,24.884,0.4902,0.4902,51,0,0,51,1,4,0,0.011479,0.008434,0.026374,1,1,1,2313.4
drl,2,6,1,15.394,24.777,0.4615,0.4615,52,0,0,52,1,5,0,0.011478,0.008449,0.026255,1,1,1,2313.4
drl,2,7,1,15.573,24.426,0.4414,0.4414,53,0,0,53,1,6,0,0.011525,0.009336,0.025859,1,1,1,2313.4
drl,2,8,1,15.26,24.407,0.4267,0.4267,51,0,0,51,1,7,0,0.011542,0.008401,0.025837,1,1,1,2313.4
drl,2,9,1,15.311,24.539,0.4154,0.4154,52,0,0,52,1,8,0,0.011534,0.008416,0.025984,1,1,1,2313.4
drl,2,10,1,15.311,24.539,0.4065,0.4065,52,0,0,52,1,9,0,0.011534,0.008416,0.025984,1,1,1,2313.4
drl,2,11,1,15.375,24.715,0.3993,0.3993,53,0,0,53,1,10,0,0.011526,0.00842,0.02618,1,1,1,2313.4
drl,2,12,1,15.477,24.967,0.3934,0.3934,54,0,0,54,1,11,0,0.011561,0.008413,0.026457,1,1,1,2313.4
drl,2,13,1,15.613,24.656,0.3885,0.3885,51,0,0,51,1,12,0,0.011471,0.009247,0.026121,1,1,1,2313.4
drl,2,14,1,15.497,24.801,0.3843,0.3843,52,0,0,52,1,13,0,0.01155,0.008668,0.026273,1,1,1,2313.4
drl,2,15,1,15.379,24.724,0.3807,0.3807,53,0,0,53,1,14,0,0.01154,0.008408,0.026189,1,1,1,2313.4
drl,2,16,1,15.379,24.724,0.3776,0.3776,53,0,0,53,1,15,0,0.01154,0.008408,0.026189,1,1,1,2313.4
drl,2,17,1,15.352,24.679,0.3748,0.3748,51,0,0,51,1,16,0,0.011544,0.008374,0.026139,1,1,1,2313.4
drl,2,18,1,15.749,24.692,0.3724,0.3724,52,0,0,52,1,17,0,0.011723,0.009392,0.026133,1,1,1,2313.4
drl,2,19,1,15.343,24.579,0.3703,0.3703,53,0,0,53,1,18,0,0.01156,0.008443,0.026026,1,1,1,2313.4
drl,2,20,1,15.458,24.684,0.3683,0.3683,50,0,0,50,1,19,0,0.011558,0.008675,0.026142,1,1,1,2313.4
drl,2,21,1,15.446,24.838,0.3666,0.3666,51,0,0,51,1,20,0,0.011566,0.008458,0.026313,1,1,1,2313.4
drl,2,22,1,15.446,24.838,0.365,0.365,51,0,0,51,1,21,0,0.011566,0.008458,0.026313,1,1,1,2313.4
drl,2,23,1,15.15,24.114,0.3636,0.3636,52,0,0,52,1,22,0,0.011521,0.008415,0.025513,1,1,1,2313.4
drl,2,24,1,15.377,24.704,0.3623,0.3623,53,0,0,53,1,23,0,0.011493,0.008467,0.026172,1,1,1,2313.4
drl,2,25,1,15.434,24.513,0.3611,0.3611,51,0,0,51,1,24,0,0.011942,0.008451,0.02591,1,1,1,2313.4
drl,2,26,1,15.252,24.386,0.36,0.36,52,0,0,52,1,25,0,0.011491,0.008445,0.025819,1,1,1,2313.4
drl,2,27,1,15.526,24.39,0.3589,0.3589,52,0,0,52,1,26,0,0.011533,0.009225,0.025819,1,1,1,2313.4
drl,2,28,1,15.56,24.484,0.358,0.358,53,0,0,53,1,27,0,0.011533,0.009225,0.025923,1,1,1,2313.4
drl,2,29,1,15.349,24.649,0.3571,0.3571,51,0,0,51,1,28,0,0.011549,0.008392,0.026105,1,1,1,2313.4
drl,2,30,1,15.307,24.545,0.3563,0.3563,52,0,0,52,1,29,0,0.011554,0.00838,0.025988,1,1,1,2313.4
drl,2,31,1,15.613,24.566,0.3555,0.3555,53,0,0,53,1,30,0,0.01154,0.009286,0.026013,1,1,1,2313.4
drl,2,32,1,15.322,24.538,0.3548,0.3548,54,0,0,54,1,31,0,0.011518,0.008464,0.025985,1,1,1,2313.4
drl,2,33,1,15.331,24.544,0.3541,0.3541,54,0,0,54,1,32,0,0.011576,0.008431,0.025985,1,1,1,2313.4
drl,2,34,1,15.343,24.578,0.3535,0.3535,51,0,0,51,1,33,0,0.011576,0.008431,0.026023,1,1,1,2313.4
drl,2,35,1,15.323,24.61,0.3529,0.3529,52,0,0,52,1,34,0,0.011464,0.008434,0.026071,1,1,1,2313.4
drl,2,36,1,15.297,24.501,0.3524,0.3524,53,0,0,53,1,35,0,0.011495,0.00845,0.025946,1,1,1,2313.4
drl,2,37,1,15.65,24.414,0.3518,0.3518,51,0,0,51,1,36,0,0.011824,0.009313,0.025813,1,1,1,2313.4
drl,2,38,1,15.342,24.564,0.3513,0.3513,52,0,0,52,1,37,0,0.011547,0.008468,0.02601,1,1,1,2313.4
drl,2,39,1,15.315,24.565,0.3509,0.3509,52,0,0,52,1,38,0,0.011556,0.00838,0.02601,1,1,1,2313.4
drl,2,40,1,15.299,24.52,0.3504,0.3504,53,0,0,53,1,39,0,0.011556,0.00838,0.02596,1,1,1,2313.4
drl,2,41,1,15.443,24.871,0.35,0.35,50,0,0,50,1,40,0,0.011494,0.008479,0.026357,1,1,1,2313.4
drl,2,42,0,15.255,24.403,0.35,0.35,51,0,0,51,1,40,0,0.011602,0.008338,0.025825,1,1,1,2313.4
drl,2,43,1,15.289,24.479,0.3496,0.3496,52,0,0,52,1,41,0,0.011542,0.008408,0.025916,1,1,1,2313.4
drl,2,44,1,15.309,24.562,0.3492,0.3492,53,0,0,53,1,42,0,0.011535,0.008382,0.026009,1,1,1,2313.4
drl,2,45,1,15.298,24.555,0.3488,0.3488,53,0,0,53,1,43,0,0.011464,0.008422,0.026009,1,1,1,2313.4
drl,2,46,1,15.271,24.481,0.3485,0.3485,51,0,0,51,1,44,0,0.011464,0.008422,0.025927,1,1,1,2313.4
drl,2,47,1,15.272,24.438,0.3481,0.3481,52,0,0,52,1,45,0,0.011483,0.008455,0.025877,1,1,1,2313.4
drl,2,48,1,15.247,24.313,0.3478,0.3478,53,0,0,53,1,46,0,0.011526,0.00848,0.025734,1,1,1,2313.4
drl,2,49,1,15.493,25.037,0.3475,0.3475,51,0,0,51,1,47,0,0.011519,0.008421,0.026539,1,1,1,2313.4
drl,2,50,1,15.222,24.254,0.3472,0.3472,52,0,0,52,1,48,0,0.011601,0.008404,0.02566,1,1,1,2313.4
drl,2,51,1,15.202,24.243,0.3469,0.3469,52,0,0,52,1,49,0,0.011491,0.008454,0.02566,1,1,1,2313.4
drl,2,52,1,15.446,24.904,0.3467,0.3467,53,0,0,53,1,50,0,0.011491,0.008454,0.026394,1,1,1,2313.4
drl,2,53,1,15.101,24.027,0.3464,0.3464,54,0,0,54,1,51,0,0.011542,0.008348,0.025414,1,1,1,2313.4
drl,2,54,1,15.454,24.974,0.3461,0.3461,51,0,0,51,1,52,0,0.011515,0.008378,0.02647,1,1,1,2313.4
drl,2,55,1,15.268,24.495,0.3459,0.3459,52,0,0,52,1,53,0,0.011483,0.00838,0.025941,1,1,1,2313.4
drl,2,56,1,15.337,24.548,0.3457,0.3457,53,0,0,53,1,54,0,0.011605,0.008421,0.025986,1,1,1,2313.4
drl,2,57,1,15.388,24.544,0.3455,0.3455,53,0,0,53,1,55,0,0.011566,0.008612,0.025986,1,1,1,2313.4
drl,2,58,1,15.4,24.575,0.3452,0.3452,51,0,0,51,1,56,0,0.011566,0.008612,0.026021,1,1,1,2313.4
drl,2,59,1,15.36,24.674,0.345,0.345,52,0,0,52,1,57,0,0.011487,0.008453,0.026139,1,1,1,2313.4
drl,2,60,1,15.295,24.613,0.3448,0.3448,53,0,0,53,1,58,0,0.011439,0.00837,0.026077,1,1,1,2313.4
drl,2,61,1,15.367,24.606,0.3446,0.3446,50,0,0,50,1,59,0,0.011567,0.00848,0.026055,1,1,1,2313.4
drl,2,62,1,15.348,24.66,0.3444,0.3444,51,0,0,51,1,60,0,0.011519,0.008404,0.02612,1,1,1,2313.4
drl,2,63,1,15.356,24.661,0.3443,0.3443,51,0,0,51,1,61,0,0.011534,0.008415,0.02612,1,1,1,2313.4
drl,2,64,1,15.273,24.435,0.3441,0.3441,52,0,0,52,1,62,0,0.011534,0.008415,0.025869,1,1,1,2313.4
drl,2,65,1,15.303,24.494,0.3439,0.3439,53,0,0,53,1,63,0,0.011565,0.008414,0.025931,1,1,1,2313.4
drl,2,66,1,15.365,24.578,0.3437,0.3437,51,0,0,51,1,64,0,0.011549,0.00852,0.026026,1,1,1,2313.4
drl,2,67,1,15.535,24.42,0.3436,0.3436,52,0,0,52,1,65,0,0.011496,0.009254,0.025856,1,1,1,2313.4
drl,2,68,1,15.341,24.683,0.3434,0.3434,53,0,0,53,1,66,0,0.011403,0.00846,0.026159,1,1,1,2313.4
drl,2,69,1,15.372,24.695,0.3433,0.3433,53,0,0,53,1,67,0,0.011519,0.008437,0.026159,1,1,1,2313.4
drl,2,70,1,15.348,24.631,0.3431,0.3431,51,0,0,51,1,68,0,0.011519,0.008437,0.026088,1,1,1,2313.4
drl,2,71,1,15.406,24.643,0.343,0.343,52,0,0,52,1,69,0,0.01172,0.008418,0.026079,1,1,1,2313.4
drl,2,72,1,15.241,24.398,0.3429,0.3429,53,0,0,53,1,70,0,0.011532,0.008362,0.025828,1,1,1,2313.4
drl,2,73,1,15.321,24.542,0.3427,0.3427,54,0,0,54,1,71,0,0.011557,0.008422,0.025985,1,1,1,2313.4
drl,2,74,1,15.461,24.596,0.3426,0.3426,51,0,0,51,1,72,0,0.011921,0.008458,0.026004,1,1,1,2313.4
drl,2,75,1,15.258,24.452,0.3425,0.3425,52,0,0,52,1,73,0,0.011519,0.008367,0.025889,1,1,1,2313.4
drl,2,76,1,15.258,24.452,0.3423,0.3423,52,0,0,52,1,74,0,0.011519,0.008367,0.025889,1,1,1,2313.4
drl,2,77,1,15.335,24.605,0.3422,0.3422,53,0,0,53,1,75,0,0.011494,0.008449,0.026062,1,1,1,2313.4
drl,2,78,1,15.355,24.639,0.3421,0.3421,51,0,0,51,1,76,0,0.011541,0.00843,0.026094,1,1,1,2313.4
drl,2,79,1,15.42,24.684,0.342,0.342,52,0,0,52,1,77,0,0.011558,0.00856,0.026142,1,1,1,2313.4
drl,2,80,1,15.332,24.594,0.3419,0.3419,53,0,0,53,1,78,0,0.011513,0.008435,0.026047,1,1,1,2313.4
drl,2,81,1,15.298,24.568,0.3418,0.3418,50,0,0,50,1,79,0,0.011434,0.008433,0.026027,1,1,1,2313.4
drl,2,82,1,15.298,24.568,0.3417,0.3417,50,0,0,50,1,80,0,0.011434,0.008433,0.026027,1,1,1,2313.4
drl,2,83,1,15.176,24.17,0.3416,0.3416,51,0,0,51,1,81,0,0.011508,0.008442,0.025577,1,1,1,2313.4
drl,2,84,1,15.43,24.701,0.3415,0.3415,52,0,0,52,1,82,0,0.011717,0.008428,0.026144,1,1,1,2313.4
drl,2,85,0,15.307,24.562,0.3415,0.3415,53,0,0,53,1,82,0,0.011554,0.008361,0.026007,1,1,1,2313.4
drl,2,86,1,15.365,24.592,0.3414,0.3414,51,0,0,51,1,83,0,0.011709,0.008362,0.026024,1,1,1,2313.4
drl,2,87,1,15.632,24.61,0.3413,0.3413,52,0,0,52,1,84,0,0.011588,0.009252,0.026057,1,1,1,2313.4
drl,2,88,1,15.632,24.61,0.3412,0.3412,52,0,0,52,1,85,0,0.011588,0.009252,0.026057,1,1,1,2313.4
drl,2,89,1,15.318,24.556,0.3411,0.3411,53,0,0,53,1,86,0,0.011506,0.008442,0.026006,1,1,1,2313.4
drl,2,90,1,15.39,24.675,0.341,0.341,51,0,0,51,1,87,0,0.011564,0.008473,0.026132,1,1,1,2313.4
drl,2,91,1,15.321,24.535,0.3409,0.3409,52,0,0,52,1,88,0,0.011543,0.008442,0.025978,1,1,1,2313.4
drl,2,92,1,15.236,24.382,0.3408,0.3408,53,0,0,53,1,89,0,0.011492,0.008403,0.025814,1,1,1,2313.4
drl,2,93,1,15.319,24.549,0.3407,0.3407,54,0,0,54,1,90,0,0.011566,0.0084,0.025992,1,1,1,2313.4
drl,2,94,1,15.319,24.549,0.3407,0.3407,54,0,0,54,1,91,0,0.011566,0.0084,0.025992,1,1,1,2313.4
drl,2,95,1,15.313,24.644,0.3406,0.3406,51,0,0,51,1,92,0,0.011495,0.008338,0.026105,1,1,1,2313.4
drl,2,96,1,15.422,24.895,0.3405,0.3405,52,0,0,52,1,93,0,0.011425,0.008448,0.026392,1,1,1,2313.4
drl,2,97,1,15.349,24.656,0.3404,0.3404,53,0,0,53,1,94,0,0.011513,0.008417,0.026116,1,1,1,2313.4
drl,2,98,1,15.303,24.5,0.3404,0.3404,51,0,0,51,1,95,0,0.011577,0.008395,0.025936,1,1,1,2313.4
drl,2,99,1,15.363,24.652,0.3403,0.3403,52,0,0,52,1,96,0,0.011595,0.008392,0.026103,1,1,1,2313.4
drl,2,100,1,15.363,24.652,0.3402,0.3402,52,0,0,52,1,97,0,0.011595,0.008392,0.026103,1,1,1,2313.4
drl,2,101,1,15.34,24.588,0.3401,0.3401,53,0,0,53,1,98,0,0.011579,0.008409,0.026033,1,1,1,2313.4
drl,2,102,1,15.472,24.842,0.3401,0.3401,54,0,0,54,1,99,0,0.011792,0.008331,0.026292,1,1,1,2313.4
drl,2,103,1,15.323,24.606,0.34,0.34,51,0,0,51,1,100,0,0.011494,0.008412,0.026063,1,1,1,2313.4
drl,2,104,1,15.375,24.619,0.3399,0.3399,52,0,0,52,1,101,0,0.011589,0.008468,0.026067,1,1,1,2313.4
drl,2,105,1,15.344,24.653,0.3399,0.3399,53,0,0,53,1,102,0,0.011532,0.008388,0.026111,1,1,1,2313.4
drl,2,106,1,15.344,24.653,0.3398,0.3398,53,0,0,53,1,103,0,0.011532,0.008388,0.026111,1,1,1,2313.4
drl,2,107,1,15.362,24.476,0.3397,0.3397,51,0,0,51,1,104,0,0.011467,0.008698,0.025922,1,1,1,2313.4
drl,2,108,1,15.392,24.748,0.3397,0.3397,52,0,0,52,1,105,0,0.011541,0.00842,0.026216,1,1,1,2313.4
drl,2,109,1,15.284,24.454,0.3396,0.3396,53,0,0,53,1,106,0,0.011505,0.008454,0.025893,1,1,1,2313.4
drl,2,110,1,15.156,24.166,0.3396,0.3396,51,0,0,51,1,107,0,0.011468,0.008423,0.025577,1,1,1,2313.4
drl,2,111,1,15.296,24.514,0.3395,0.3395,52,0,0,52,1,108,0,0.011561,0.008374,0.025953,1,1,1,2313.4
drl,2,112,1,15.296,24.514,0.3394,0.3394,52,0,0,52,1,109,0,0.011561,0.008374,0.025953,1,1,1,2313.4
drl,2,113,1,15.168,24.212,0.3394,0.3394,53,0,0,53,1,110,0,0.011535,0.008348,0.025621,1,1,1,2313.4
drl,2,114,1,15.389,24.703,0.3393,0.3393,54,0,0,54,1,111,0,0.01155,0.008452,0.026165,1,1,1,2313.4
drl,2,115,1,15.346,24.581,0.3393,0.3393,51,0,0,51,1,112,0,0.011573,0.00844,0.026026,1,1,1,2313.4
drl,2,116,1,15.696,24.837,0.3392,0.3392,52,0,0,52,1,113,0,0.011506,0.009264,0.026318,1,1,1,2313.4
drl,2,117,1,15.614,24.51,0.3392,0.3392,53,0,0,53,1,114,0,0.011546,0.009345,0.025951,1,1,1,2313.4
drl,2,118,1,15.614,24.51,0.3391,0.3391,53,0,0,53,1,115,0,0.011546,0.009345,0.025951,1,1,1,2313.4
drl,2,119,1,15.443,24.493,0.3391,0.3391,51,0,0,51,1,116,0,0.012035,0.008417,0.025877,1,1,1,2313.4
