algorithm,trial,second,throughput,avg_rtt,p95_rtt,fairness_index,fairness_alive,max_imbalance,h1_conns,h2_conns,h3_conns,h1_sels,h2_sels,h3_sels,h1_rtt,h2_rtt,h3_rtt,h1_alive,h2_alive,h3_alive,decision_latency_us
round_robin,1,0,0,15.374,24.559,1.0,1.0,0,0,0,0,0,0,0,0.007425,0.012837,0.025861,1,1,1,2080.4
round_robin,1,1,1,15.376,24.518,0.3333,0.3333,53,0,0,53,1,0,0,0.007429,0.01289,0.02581,1,1,1,2080.4
round_robin,1,2,1,15.334,24.488,0.6667,0.6667,53,0,0,53,1,1,0,0.007606,0.012587,0.02581,1,1,1,2080.4
round_robin,1,3,11,15.33,24.475,0.9883,0.9883,55,0,0,55,5,4,4,0.007606,0.012587,0.025796,1,1,1,2080.4
round_robin,1,4,1,15.362,24.689,0.9899,0.9899,52,0,0,52,5,5,4,0.007496,0.012553,0.026037,1,1,1,2080.4
round_robin,1,5,11,15.714,25.49,0.9968,0.9968,54,0,0,54,9,8,8,0.007443,0.0128,0.0269,1,1,1,2080.4
round_robin,1,6,1,15.491,25.002,0.9971,0.9971,55,0,0,55,9,9,8,0.007432,0.012667,0.026373,1,1,1,2080.4
round_robin,1,7,11,15.543,24.811,0.9985,0.9985,54,0,0,54,13,12,12,0.007711,0.012768,0.026149,1,1,1,2080.4
round_robin,1,8,1,15.496,24.811,0.9986,0.9986,54,0,0,54,13,13,12,0.00757,0.012768,0.026149,1,1,1,2080.4
round_robin,1,9,11,15.316,24.545,0.9992,0.9992,55,0,0,55,17,16,16,0.00757,0.012493,0.025884,1,1,1,2080.4
round_robin,1,10,1,15.429,24.398,0.9992,0.9992,57,0,0,57,17,17,16,0.008005,0.012571,0.025712,1,1,1,2080.4
round_robin,1,11,11,15.232,24.52,0.9995,0.9995,55,0,0,55,21,20,20,0.007401,0.012431,0.025863,1,1,1,2080.4
round_robin,1,12,1,15.378,24.754,0.9995,0.9995,56,0,0,56,21,21,20,0.00743,0.012601,0.026104,1,1,1,2080.4
round_robin,1,13,11,15.487,24.98,0.9996,0.9996,58,0,0,58,25,24,24,0.007519,0.012584,0.026357,1,1,1,2080.4
round_robin,1,14,1,15.792,24.98,0.9996,0.9996,58,0,0,58,25,25,24,0.008434,0.012584,0.026357,1,1,1,2080.4
round_robin,1,15,11,15.887,25.049,0.9997,0.9997,59,0,0,59,29,28,28,0.008434,0.01282,0.026408,1,1,1,2080.4
round_robin,1,16,1,15.587,25.122,0.9997,0.9997,58,0,0,58,29,29,28,0.00743,0.012845,0.026486,1,1,1,2080.4
round_robin,1,17,11,15.289,24.546,0.9998,0.9998,59,0,0,59,33,32,32,0.007415,0.012575,0.025876,1,1,1,2080.4
round_robin,1,18,1,15.612,25.341,0.9998,0.9998,61,0,0,61,33,33,32,0.007459,0.012623,0.026754,1,1,1,2080.4
round_robin,1,19,11,15.345,24.702,0.9998,0.9998,60,0,0,60,37,36,36,0.007381,0.012608,0.026046,1,1,1,2080.4
round_robin,1,20,1,15.345,24.702,0.9998,0.9998,60,0,0,60,37,37,36,0.007381,0.012608,0.026046,1,1,1,2080.4
round_robin,1,21,11,15.636,25.398,0.9999,0.9999,61,0,0,61,41,40,40,0.00751,0.012575,0.026823,1,1,1,2080.4
round_robin,1,22,1,15.442,24.811,0.9999,0.9999,63,0,0,63,41,41,40,0.007621,0.012531,0.026175,1,1,1,2080.4
round_robin,1,23,11,15.378,24.847,0.9999,0.9999,64,0,0,64,45,44,44,0.007374,0.012546,0.026214,1,1,1,2080.4
round_robin,1,24,1,16.038,25.852,0.9999,0.9999,62,0,0,62,45,45,44,0.008207,0.012579,0.027327,1,1,1,2080.4
round_robin,1,25,11,15.628,24.51,0.9999,0.9999,64,0,0,64,49,48,48,0.007418,0.013762,0.025704,1,1,1,2080.4
round_robin,1,26,0,15.628,24.51,0.9999,0.9999,64,0,0,64,49,48,48,0.007418,0.013762,0.025704,1,1,1,2080.4
round_robin,1,27,1,15.553,25.027,0.9999,0.9999,65,0,0,65,49,49,48,0.00749,0.012781,0.026388,1,1,1,2080.4
round_robin,1,28,11,15.51,24.854,0.9999,0.9999,64,0,0,64,53,52,52,0.007385,0.012971,0.026174,1,1,1,2080.4
round_robin,1,29,1,15.347,24.767,0.9999,0.9999,65,0,0,65,53,53,52,0.007386,0.012528,0.026127,1,1,1,2080.4
round_robin,1,30,11,15.439,24.967,0.9999,0.9999,67,0,0,67,57,56,56,0.007424,0.012546,0.026347,1,1,1,2080.4
round_robin,1,31,1,15.495,24.939,0.9999,0.9999,64,0,0,64,57,57,56,0.007605,0.012566,0.026314,1,1,1,2080.4
round_robin,1,32,11,15.495,24.939,0.9999,0.9999,64,0,0,64,61,60,60,0.007605,0.012566,0.026314,1,1,1,2080.4
round_robin,1,33,1,15.454,24.811,0.9999,0.9999,66,0,0,66,61,61,60,0.007581,0.012614,0.026166,1,1,1,2080.4
round_robin,1,34,11,15.734,25.013,0.9999,0.9999,68,0,0,68,65,64,64,0.008186,0.012628,0.026389,1,1,1,2080.4
round_robin,1,35,1,15.352,24.6,0.9999,0.9999,69,0,0,69,65,65,64,0.007384,0.012757,0.025916,1,1,1,2080.4
round_robin,1,36,11,15.546,25.028,1.0,1.0,68,0,0,68,69,68,68,0.007663,0.012563,0.026413,1,1,1,2080.4
round_robin,1,37,1,15.444,25.023,1.0,1.0,68,0,0,68,69,69,68,0.0074,0.012518,0.026413,1,1,1,2080.4
round_robin,1,38,11,15.354,24.78,1.0,1.0,69,0,0,69,73,72,72,0.0074,0.012518,0.026143,1,1,1,2080.4
round_robin,1,39,1,15.57,25.044,1.0,1.0,71,0,0,71,73,73,72,0.007419,0.012896,0.026394,1,1,1,2080.4
round_robin,1,40,11,15.583,25.313,1.0,1.0,69,0,0,69,77,76,76,0.007432,0.012589,0.026727,1,1,1,2080.4
round_robin,1,41,1,15.898,25.779,1.0,1.0,71,0,0,71,77,77,76,0.007605,0.012878,0.027212,1,1,1,2080.4
round_robin,1,42,11,15.599,25.326,1.0,1.0,73,0,0,73,81,80,80,0.007318,0.012757,0.026723,1,1,1,2080.4
round_robin,1,43,1,15.927,25.417,1.0,1.0,73,0,0,73,81,81,80,0.007391,0.013666,0.026723,1,1,1,2080.4
round_robin,1,44,11,15.74,24.912,1.0,1.0,74,0,0,74,85,84,84,0.007391,0.013666,0.026162,1,1,1,2080.4
round_robin,1,45,1,15.806,24.996,1.0,1.0,72,0,0,72,85,85,84,0.008422,0.012625,0.026371,1,1,1,2080.4
round_robin,1,46,11,15.39,24.785,1.0,1.0,73,0,0,73,89,88,88,0.007386,0.01265,0.026133,1,1,1,2080.4
round_robin,1,47,1,15.494,25.098,1.0,1.0,75,0,0,75,89,89,88,0.007416,0.012578,0.026489,1,1,1,2080.4
round_robin,1,48,11,15.443,24.746,1.0,1.0,73,0,0,73,93,92,92,0.007402,0.012861,0.026067,1,1,1,2080.4
round_robin,1,49,1,15.381,24.665,1.0,1.0,75,0,0,75,93,93,92,0.007375,0.012784,0.025985,1,1,1,2080.4
round_robin,1,50,11,15.381,24.665,1.0,1.0,75,0,0,75,97,96,96,0.007375,0.012784,0.025985,1,1,1,2080.4
round_robin,1,51,0,15.416,24.765,1.0,1.0,77,0,0,77,97,96,96,0.007399,0.012748,0.0261,1,1,1,2080.4
round_robin,1,52,1,15.548,25.028,1.0,1.0,74,0,0,74,97,97,96,0.007348,0.012924,0.026373,1,1,1,2080.4
round_robin,1,53,11,15.391,24.744,1.0,1.0,76,0,0,76,101,100,100,0.007485,0.012593,0.026094,1,1,1,2080.4
round_robin,1,54,1,15.844,25.164,1.0,1.0,77,0,0,77,101,101,100,0.007629,0.013437,0.026467,1,1,1,2080.4
round_robin,1,55,11,15.894,25.113,1.0,1.0,77,0,0,77,105,104,104,0.008284,0.012931,0.026467,1,1,1,2080.4
round_robin,1,56,1,15.817,24.905,1.0,1.0,79,0,0,79,105,105,104,0.008284,0.012931,0.026236,1,1,1,2080.4
round_robin,1,57,11,15.071,24.051,1.0,1.0,78,0,0,78,109,108,108,0.007399,0.012476,0.025337,1,1,1,2080.4
round_robin,1,58,1,15.317,24.709,1.0,1.0,79,0,0,79,109,109,108,0.00737,0.012518,0.026064,1,1,1,2080.4
round_robin,1,59,11,15.406,24.837,1.0,1.0,81,0,0,81,113,112,112,0.007429,0.012593,0.026197,1,1,1,2080.4
round_robin,1,60,1,15.471,24.998,1.0,1.0,79,0,0,79,113,113,112,0.00734,0.01271,0.026363,1,1,1,2080.4
round_robin,1,61,11,15.495,24.998,1.0,1.0,79,0,0,79,117,116,116,0.007411,0.01271,0.026363,1,1,1,2080.4
round_robin,1,62,1,15.441,24.862,1.0,1.0,81,0,0,81,117,117,116,0.007411,0.0127,0.026213,1,1,1,2080.4
round_robin,1,63,11,15.459,25.012,1.0,1.0,82,0,0,82,121,120,120,0.007435,0.012544,0.026397,1,1,1,2080.4
round_robin,1,64,1,15.736,24.794,1.0,1.0,84,0,0,84,121,121,120,0.008238,0.01285,0.026121,1,1,1,2080.4
round_robin,1,65,11,15.892,25.957,1.0,1.0,81,0,0,81,125,124,124,0.007429,0.012833,0.027415,1,1,1,2080.4
round_robin,1,66,1,15.449,24.998,1.0,1.0,82,0,0,82,125,125,124,0.007422,0.012542,0.026382,1,1,1,2080.4
round_robin,1,67,11,15.441,24.998,1.0,1.0,82,0,0,82,129,128,128,0.0074,0.012542,0.026382,1,1,1,2080.4
round_robin,1,68,1,15.54,25.204,1.0,1.0,84,0,0,84,129,129,128,0.0074,0.012617,0.026603,1,1,1,2080.4
round_robin,1,69,11,15.379,24.638,1.0,1.0,80,0,0,80,133,132,132,0.007385,0.0128,0.025953,1,1,1,2080.4
round_robin,1,70,1,15.381,24.773,1.0,1.0,82,0,0,82,133,133,132,0.007417,0.0126,0.026126,1,1,1,2080.4
round_robin,1,71,11,15.507,25.056,1.0,1.0,83,0,0,83,137,136,136,0.007371,0.012723,0.026426,1,1,1,2080.4
round_robin,1,72,1,15.424,24.925,1.0,1.0,79,0,0,79,137,137,136,0.007422,0.012549,0.0263,1,1,1,2080.4
round_robin,1,73,11,15.581,24.925,1.0,1.0,79,0,0,79,141,140,140,0.007894,0.012549,0.0263,1,1,1,2080.4
round_robin,1,74,1,16.098,25.944,1.0,1.0,81,0,0,81,141,141,140,0.007894,0.013021,0.02738,1,1,1,2080.4
round_robin,1,75,11,15.457,24.773,1.0,1.0,82,0,0,82,145,144,144,0.007408,0.012867,0.026096,1,1,1,2080.4
round_robin,1,76,1,15.391,24.86,1.0,1.0,84,0,0,84,145,145,144,0.007365,0.012584,0.026224,1,1,1,2080.4
round_robin,1,77,0,15.407,24.853,1.0,1.0,80,0,0,80,145,145,144,0.007408,0.012597,0.026215,1,1,1,2080.4
round_robin,1,78,11,15.424,24.863,1.0,1.0,82,0,0,82,149,148,148,0.007419,0.01263,0.026222,1,1,1,2080.4
round_robin,1,79,1,15.4,24.863,1.0,1.0,82,0,0,82,149,149,148,0.007349,0.01263,0.026222,1,1,1,2080.4
round_robin,1,80,11,15.145,23.949,1.0,1.0,84,0,0,84,153,152,152,0.007349,0.01291,0.025176,1,1,1,2080.4
round_robin,1,81,1,15.728,25.361,1.0,1.0,80,0,0,80,153,153,152,0.00772,0.012696,0.026768,1,1,1,2080.4
round_robin,1,82,11,15.373,24.738,1.0,1.0,82,0,0,82,157,156,156,0.007345,0.012699,0.026076,1,1,1,2080.4
round_robin,1,83,1,15.427,24.805,1.0,1.0,83,0,0,83,157,157,156,0.007516,0.012603,0.026161,1,1,1,2080.4
round_robin,1,84,11,15.995,25.467,1.0,1.0,85,0,0,85,161,160,160,0.008526,0.012558,0.026901,1,1,1,2080.4
round_robin,1,85,1,15.995,25.467,1.0,1.0,85,0,0,85,161,161,160,0.008526,0.012558,0.026901,1,1,1,2080.4
round_robin,1,86,11,15.449,24.928,1.0,1.0,80,0,0,80,165,164,164,0.007491,0.012553,0.026303,1,1,1,2080.4
round_robin,1,87,1,15.55,25.193,1.0,1.0,82,0,0,82,165,165,164,0.007431,0.012631,0.026589,1,1,1,2080.4
round_robin,1,88,11,15.32,24.968,1.0,1.0,84,0,0,84,169,168,168,0.007336,0.012241,0.026382,1,1,1,2080.4
round_robin,1,89,1,15.379,24.834,1.0,1.0,80,0,0,80,169,169,168,0.007346,0.012599,0.026193,1,1,1,2080.4
round_robin,1,90,11,15.562,25.063,1.0,1.0,82,0,0,82,173,172,172,0.007417,0.01285,0.02642,1,1,1,2080.4
round_robin,1,91,1,15.562,25.063,1.0,1.0,82,0,0,82,173,173,172,0.007417,0.01285,0.02642,1,1,1,2080.4
round_robin,1,92,11,15.456,24.753,1.0,1.0,83,0,0,83,177,176,176,0.007405,0.012891,0.026071,1,1,1,2080.4
round_robin,1,93,1,15.465,24.858,1.0,1.0,79,0,0,79,177,177,176,0.007428,0.012767,0.026201,1,1,1,2080.4
round_robin,1,94,11,15.705,24.928,1.0,1.0,80,0,0,80,181,180,180,0.008177,0.012644,0.026293,1,1,1,2080.4
round_robin,1,95,1,15.499,24.502,1.0,1.0,82,0,0,82,181,181,180,0.007423,0.013332,0.025743,1,1,1,2080.4
round_robin,1,96,11,15.359,24.456,1.0,1.0,82,0,0,82,185,184,184,0.00746,0.012873,0.025743,1,1,1,2080.4
round_robin,1,97,1,15.568,25.02,1.0,1.0,84,0,0,84,185,185,184,0.00746,0.012873,0.02637,1,1,1,2080.4
round_robin,1,98,11,15.485,25.034,1.0,1.0,80,0,0,80,189,188,188,0.007343,0.012707,0.026404,1,1,1,2080.4
round_robin,1,99,1,15.713,25.037,1.0,1.0,82,0,0,82,189,189,188,0.008131,0.012586,0.026421,1,1,1,2080.4
round_robin,1,100,11,15.516,24.992,1.0,1.0,83,0,0,83,193,192,192,0.007456,0.012739,0.026353,1,1,1,2080.4
round_robin,1,101,0,15.583,25.313,1.0,1.0,80,0,0,80,193,192,192,0.007429,0.012595,0.026726,1,1,1,2080.4
round_robin,1,102,1,15.58,25.313,1.0,1.0,80,0,0,80,193,193,192,0.007415,0.012598,0.026726,1,1,1,2080.4
round_robin,1,103,11,15.307,24.578,1.0,1.0,81,0,0,81,197,196,196,0.007415,0.012598,0.025909,1,1,1,2080.4
round_robin,1,104,1,15.709,24.805,1.0,1.0,83,0,0,83,197,197,196,0.008239,0.012741,0.026146,1,1,1,2080.4
round_robin,1,105,11,15.41,24.928,1.0,1.0,85,0,0,85,201,200,200,0.007384,0.012543,0.026304,1,1,1,2080.4
round_robin,1,106,1,15.647,25.165,1.0,1.0,80,0,0,80,201,201,200,0.007845,0.012528,0.026569,1,1,1,2080.4
round_robin,1,107,11,15.528,25.104,1.0,1.0,82,0,0,82,205,204,204,0.00752,0.012567,0.026497,1,1,1,2080.4
round_robin,1,108,1,15.491,25.11,1.0,1.0,82,0,0,82,205,205,204,0.007354,0.012622,0.026497,1,1,1,2080.4
round_robin,1,109,11,15.283,24.549,1.0,1.0,83,0,0,83,209,208,208,0.007354,0.012622,0.025874,1,1,1,2080.4
round_robin,1,110,1,15.454,24.8,1.0,1.0,80,0,0,80,209,209,208,0.007627,0.012576,0.026158,1,1,1,2080.4
round_robin,1,111,11,15.398,24.439,1.0,1.0,82,0,0,82,213,212,212,0.007856,0.012583,0.025756,1,1,1,2080.4
round_robin,1,112,1,15.379,24.74,1.0,1.0,83,0,0,83,213,213,212,0.007412,0.01264,0.026085,1,1,1,2080.4
round_robin,1,113,11,15.704,25.055,1.0,1.0,79,0,0,79,217,216,216,0.00742,0.013334,0.026357,1,1,1,2080.4
round_robin,1,114,1,15.741,24.98,1.0,1.0,79,0,0,79,217,217,216,0.008282,0.012585,0.026357,1,1,1,2080.4
round_robin,1,115,11,15.734,24.96,1.0,1.0,80,0,0,80,221,220,220,0.008282,0.012585,0.026335,1,1,1,2080.4
round_robin,1,116,1,15.456,24.723,1.0,1.0,82,0,0,82,221,221,220,0.007546,0.012772,0.026051,1,1,1,2080.4
round_robin,1,117,11,15.832,25.96,1.0,1.0,83,0,0,83,225,224,224,0.00739,0.012668,0.027437,1,1,1,2080.4
round_robin,1,118,1,15.531,25.227,1.0,1.0,80,0,0,80,225,225,224,0.007452,0.012499,0.026641,1,1,1,2080.4
round_robin,1,119,11,16.057,26.246,1.0,1.0,82,0,0,82,229,228,228,0.007481,0.01297,0.027721,1,1,1,2080.4
round_robin,2,0,0,15.618,25.479,1.0,1.0,0,0,0,0,0,0,0,0.007353,0.012589,0.026911,1,1,1,2101.1
round_robin,2,1,1,15.578,25.325,0.3333,0.3333,77,0,0,77,1,0,0,0.007489,0.012495,0.026751,1,1,1,2101.1
round_robin,2,2,1,15.558,25.204,0.6667,0.6667,78,0,0,78,1,1,0,0.00746,0.01261,0.026603,1,1,1,2101.1
round_robin,2,3,11,15.592,25.229,0.9883,0.9883,78,0,0,78,5,4,4,0.007307,0.012867,0.026603,1,1,1,2101.1
round_robin,2,4,1,15.545,25.102,0.9899,0.9899,80,0,0,80,5,5,4,0.007307,0.012867,0.026461,1,1,1,2101.1
round_robin,2,5,11,15.256,24.288,0.9968,0.9968,77,0,0,77,9,8,8,0.007407,0.012796,0.025565,1,1,1,2101.1
round_robin,2,6,1,15.31,24.551,0.9971,0.9971,78,0,0,78,9,9,8,0.00744,0.012612,0.025878,1,1,1,2101.1
round_robin,2,7,11,15.411,24.877,0.9985,0.9985,80,0,0,80,13,12,12,0.007391,0.012601,0.026241,1,1,1,2101.1
round_robin,2,8,1,15.435,24.669,0.9986,0.9986,75,0,0,75,13,13,12,0.007461,0.012864,0.025981,1,1,1,2101.1
round_robin,2,9,11,15.415,24.648,0.9992,0.9992,75,0,0,75,17,16,16,0.007616,0.012649,0.025981,1,1,1,2101.1
round_robin,2,10,1,15.422,24.665,0.9992,0.9992,77,0,0,77,17,17,16,0.007616,0.012649,0.026,1,1,1,2101.1
round_robin,2,11,11,15.616,25.193,0.9995,0.9995,78,0,0,78,21,20,20,0.007395,0.012894,0.02656,1,1,1,2101.1
round_robin,2,12,1,15.354,24.752,0.9995,0.9995,80,0,0,80,21,21,20,0.007335,0.012628,0.026099,1,1,1,2101.1
round_robin,2,13,11,15.363,24.805,0.9996,0.9996,77,0,0,77,25,24,24,0.007386,0.012536,0.026168,1,1,1,2101.1
round_robin,2,14,1,15.63,24.744,0.9996,0.9996,78,0,0,78,25,25,24,0.008249,0.012541,0.0261,1,1,1,2101.1
round_robin,2,15,11,15.62,24.826,0.9997,0.9997,78,0,0,78,29,28,28,0.0074,0.01336,0.0261,1,1,1,2101.1
round_robin,2,16,1,15.66,24.935,0.9997,0.9997,80,0,0,80,29,29,28,0.0074,0.01336,0.026221,1,1,1,2101.1
round_robin,2,17,11,15.368,24.75,0.9998,0.9998,76,0,0,76,33,32,32,0.007409,0.012595,0.026101,1,1,1,2101.1
round_robin,2,18,1,15.854,25.757,0.9998,0.9998,78,0,0,78,33,33,32,0.007615,0.012743,0.027203,1,1,1,2101.1
round_robin,2,19,11,15.262,24.537,0.9998,0.9998,79,0,0,79,37,36,36,0.007413,0.0125,0.025874,1,1,1,2101.1
round_robin,2,20,1,15.569,25.331,0.9998,0.9998,81,0,0,81,37,37,36,0.00735,0.012612,0.026744,1,1,1,2101.1
round_robin,2,21,11,15.554,25.32,0.9999,0.9999,81,0,0,81,41,40,40,0.007412,0.012505,0.026744,1,1,1,2101.1
round_robin,2,22,1,15.354,24.781,0.9999,0.9999,77,0,0,77,41,41,40,0.007412,0.012505,0.026145,1,1,1,2101.1
round_robin,2,23,1,15.412,24.705,1.0,1.0,78,0,0,78,41,41,41,0.007357,0.012859,0.026021,1,1,1,2101.1
round_robin,2,24,10,15.577,25.066,0.9999,0.9999,80,0,0,80,45,44,44,0.007701,0.012576,0.026454,1,1,1,2101.1
round_robin,2,25,1,15.498,24.996,0.9999,0.9999,76,0,0,76,45,45,44,0.007555,0.012561,0.026378,1,1,1,2101.1
round_robin,2,26,11,15.28,24.614,0.9999,0.9999,78,0,0,78,49,48,48,0.007381,0.0125,0.02596,1,1,1,2101.1
round_robin,2,27,1,15.316,24.621,0.9999,0.9999,78,0,0,78,49,49,48,0.007418,0.012571,0.02596,1,1,1,2101.1
round_robin,2,28,11,15.44,24.955,0.9999,0.9999,79,0,0,79,53,52,52,0.007418,0.012571,0.026331,1,1,1,2101.1
round_robin,2,29,1,15.759,24.78,0.9999,0.9999,76,0,0,76,53,53,52,0.008408,0.012752,0.026116,1,1,1,2101.1
round_robin,2,30,11,15.996,25.366,0.9999,0.9999,78,0,0,78,57,56,56,0.00738,0.013977,0.026631,1,1,1,2101.1
round_robin,2,31,1,15.386,24.806,0.9999,0.9999,79,0,0,79,57,57,56,0.007373,0.012624,0.02616,1,1,1,2101.1
round_robin,2,32,11,15.487,25.144,0.9999,0.9999,81,0,0,81,61,60,60,0.007345,0.012577,0.02654,1,1,1,2101.1
round_robin,2,33,1,15.512,25.144,0.9999,0.9999,81,0,0,81,61,61,60,0.007419,0.012577,0.02654,1,1,1,2101.1
round_robin,2,34,11,15.39,24.66,0.9999,0.9999,77,0,0,77,65,64,64,0.007419,0.012771,0.025981,1,1,1,2101.1
round_robin,2,35,1,15.41,24.842,0.9999,0.9999,79,0,0,79,65,65,64,0.007431,0.012597,0.026203,1,1,1,2101.1
round_robin,2,36,11,15.463,24.777,1.0,1.0,80,0,0,80,69,68,68,0.007713,0.012539,0.026137,1,1,1,2101.1
round_robin,2,37,1,15.436,24.967,1.0,1.0,77,0,0,77,69,69,68,0.007436,0.012523,0.02635,1,1,1,2101.1
round_robin,2,38,11,16.056,25.823,1.0,1.0,79,0,0,79,73,72,72,0.008161,0.012728,0.027278,1,1,1,2101.1
round_robin,2,39,1,15.795,25.823,1.0,1.0,79,0,0,79,73,73,72,0.007379,0.012728,0.027278,1,1,1,2101.1
round_robin,2,40,11,15.46,25.022,1.0,1.0,80,0,0,80,77,76,76,0.007379,0.012597,0.026403,1,1,1,2101.1
round_robin,2,41,1,15.45,24.809,1.0,1.0,82,0,0,82,77,77,76,0.0076,0.012582,0.026168,1,1,1,2101.1
round_robin,2,42,11,15.435,24.947,1.0,1.0,77,0,0,77,81,80,80,0.007387,0.012598,0.026319,1,1,1,2101.1
round_robin,2,43,1,15.669,24.779,1.0,1.0,79,0,0,79,81,81,80,0.00827,0.012604,0.026132,1,1,1,2101.1
round_robin,2,44,11,15.353,24.455,1.0,1.0,84,0,0,84,85,84,84,0.007701,0.012585,0.025774,1,1,1,2101.1
round_robin,2,45,1,15.252,24.455,1.0,1.0,84,0,0,84,85,85,84,0.007397,0.012585,0.025774,1,1,1,2101.1
round_robin,2,46,11,15.448,24.818,1.0,1.0,77,0,0,77,89,88,88,0.007397,0.012793,0.026154,1,1,1,2101.1
round_robin,2,47,1,15.472,24.974,1.0,1.0,79,0,0,79,89,89,88,0.007364,0.012716,0.026336,1,1,1,2101.1
round_robin,2,48,0,15.776,25.354,1.0,1.0,80,0,0,80,89,89,88,0.007996,0.012557,0.026776,1,1,1,2101.1
round_robin,2,49,11,15.406,24.826,1.0,1.0,76,0,0,76,93,92,92,0.007458,0.012572,0.026188,1,1,1,2101.1
round_robin,2,50,1,15.826,25.069,1.0,1.0,77,0,0,77,93,93,92,0.007324,0.013837,0.026317,1,1,1,2101.1
round_robin,2,51,11,15.911,25.069,1.0,1.0,77,0,0,77,97,96,96,0.00758,0.013837,0.026317,1,1,1,2101.1
round_robin,2,52,1,15.422,24.776,1.0,1.0,79,0,0,79,97,97,96,0.00758,0.012553,0.026134,1,1,1,2101.1
round_robin,2,53,11,15.675,25.439,1.0,1.0,81,0,0,81,101,100,100,0.007587,0.012568,0.026869,1,1,1,2101.1
round_robin,2,54,1,15.366,24.769,1.0,1.0,77,0,0,77,101,101,100,0.007428,0.012543,0.026127,1,1,1,2101.1
round_robin,2,55,11,15.339,24.684,1.0,1.0,79,0,0,79,105,104,104,0.007431,0.012553,0.026032,1,1,1,2101.1
round_robin,2,56,1,15.703,25.415,1.0,1.0,80,0,0,80,105,105,104,0.00769,0.012579,0.026841,1,1,1,2101.1
round_robin,2,57,11,15.597,25.415,1.0,1.0,80,0,0,80,109,108,108,0.007371,0.012579,0.026841,1,1,1,2101.1
round_robin,2,58,1,15.492,25.186,1.0,1.0,78,0,0,78,109,109,108,0.007371,0.012509,0.026595,1,1,1,2101.1
round_robin,2,59,11,15.988,25.685,1.0,1.0,79,0,0,79,113,112,112,0.008001,0.012852,0.027111,1,1,1,2101.1
round_robin,2,60,1,15.374,24.682,1.0,1.0,81,0,0,81,113,113,112,0.00752,0.012574,0.026027,1,1,1,2101.1
round_robin,2,61,11,15.252,24.617,1.0,1.0,83,0,0,83,117,116,116,0.007369,0.012413,0.025973,1,1,1,2101.1
round_robin,2,62,1,15.237,24.42,1.0,1.0,80,0,0,80,117,117,116,0.007409,0.012563,0.025738,1,1,1,2101.1
round_robin,2,63,11,15.248,24.42,1.0,1.0,80,0,0,80,121,120,120,0.007452,0.012555,0.025738,1,1,1,2101.1
round_robin,2,64,1,15.484,25.056,1.0,1.0,82,0,0,82,121,121,120,0.007452,0.012555,0.026445,1,1,1,2101.1
round_robin,2,65,11,15.567,25.131,1.0,1.0,83,0,0,83,125,124,124,0.007559,0.01262,0.026521,1,1,1,2101.1
round_robin,2,66,1,15.348,24.73,1.0,1.0,80,0,0,80,125,125,124,0.007411,0.012549,0.026084,1,1,1,2101.1
round_robin,2,67,11,15.48,24.872,1.0,1.0,81,0,0,81,129,128,128,0.007434,0.012793,0.026214,1,1,1,2101.1
round_robin,2,68,1,15.767,25.026,1.0,1.0,83,0,0,83,129,129,128,0.007318,0.0137,0.026284,1,1,1,2101.1
round_robin,2,69,11,15.841,25.045,1.0,1.0,83,0,0,83,133,132,132,0.007345,0.013894,0.026284,1,1,1,2101.1
round_robin,2,70,1,15.858,25.091,1.0,1.0,79,0,0,79,133,133,132,0.007345,0.013894,0.026335,1,1,1,2101.1
round_robin,2,71,11,15.329,24.742,1.0,1.0,80,0,0,80,137,136,136,0.007396,0.012488,0.026104,1,1,1,2101.1
round_robin,2,72,0,15.487,24.932,1.0,1.0,82,0,0,82,137,136,136,0.007598,0.012556,0.026307,1,1,1,2101.1
round_robin,2,73,1,15.365,24.747,1.0,1.0,83,0,0,83,137,137,136,0.007405,0.012591,0.026098,1,1,1,2101.1
round_robin,2,74,11,15.489,24.9,1.0,1.0,80,0,0,80,141,140,140,0.007412,0.012813,0.026243,1,1,1,2101.1
round_robin,2,75,1,15.447,24.75,1.0,1.0,81,0,0,81,141,141,140,0.007383,0.012889,0.026068,1,1,1,2101.1
round_robin,2,76,11,15.447,24.75,1.0,1.0,81,0,0,81,145,144,144,0.007383,0.012889,0.026068,1,1,1,2101.1
round_robin,2,77,1,15.577,25.147,1.0,1.0,83,0,0,83,145,145,144,0.007374,0.012843,0.026514,1,1,1,2101.1
round_robin,2,78,11,15.563,25.136,1.0,1.0,80,0,0,80,149,148,148,0.007532,0.012631,0.026525,1,1,1,2101.1
round_robin,2,79,1,15.55,25.074,1.0,1.0,81,0,0,81,149,149,148,0.007427,0.012782,0.02644,1,1,1,2101.1
round_robin,2,80,11,15.515,25.112,1.0,1.0,83,0,0,83,153,152,152,0.007336,0.012719,0.026489,1,1,1,2101.1
round_robin,2,81,1,15.499,24.743,1.0,1.0,84,0,0,84,153,153,152,0.007836,0.012564,0.026096,1,1,1,2101.1
round_robin,2,82,11,15.342,24.743,1.0,1.0,84,0,0,84,157,156,156,0.007366,0.012564,0.026096,1,1,1,2101.1
round_robin,2,83,1,15.57,25.375,1.0,1.0,80,0,0,80,157,157,156,0.007366,0.012543,0.026801,1,1,1,2101.1
round_robin,2,84,11,15.354,24.657,1.0,1.0,81,0,0,81,161,160,160,0.007419,0.012651,0.025991,1,1,1,2101.1
round_robin,2,85,1,15.599,25.206,1.0,1.0,83,0,0,83,161,161,160,0.007403,0.012811,0.026583,1,1,1,2101.1
round_robin,2,86,11,15.583,25.36,1.0,1.0,80,0,0,80,165,164,164,0.007362,0.012611,0.026777,1,1,1,2101.1
round_robin,2,87,1,15.386,24.68,1.0,1.0,81,0,0,81,165,165,164,0.007383,0.012772,0.026003,1,1,1,2101.1
round_robin,2,88,11,15.394,24.68,1.0,1.0,81,0,0,81,169,168,168,0.007407,0.012772,0.026003,1,1,1,2101.1
round_robin,2,89,1,15.746,25.193,1.0,1.0,83,0,0,83,169,169,168,0.007407,0.01332,0.026512,1,1,1,2101.1
round_robin,2,90,11,15.304,24.406,1.0,1.0,84,0,0,84,173,172,172,0.007395,0.012823,0.025693,1,1,1,2101.1
round_robin,2,91,1,15.347,24.748,1.0,1.0,80,0,0,80,173,173,172,0.007374,0.012566,0.026102,1,1,1,2101.1
round_robin,2,92,11,15.402,24.508,1.0,1.0,80,0,0,80,177,176,176,0.007588,0.01281,0.025808,1,1,1,2101.1
round_robin,2,93,1,15.532,25.192,1.0,1.0,82,0,0,82,177,177,176,0.007428,0.012574,0.026594,1,1,1,2101.1
round_robin,2,94,11,15.536,25.205,1.0,1.0,82,0,0,82,181,180,180,0.007311,0.012704,0.026594,1,1,1,2101.1
round_robin,2,95,1,15.24,24.406,1.0,1.0,79,0,0,79,181,181,180,0.007311,0.012704,0.025706,1,1,1,2101.1
round_robin,2,96,1,15.421,24.741,1.0,1.0,80,0,0,80,181,181,181,0.007435,0.012756,0.026073,1,1,1,2101.1
round_robin,2,97,10,15.374,24.686,1.0,1.0,82,0,0,82,185,184,184,0.007393,0.012714,0.026016,1,1,1,2101.1
round_robin,2,98,1,15.75,24.93,1.0,1.0,78,0,0,78,185,185,184,0.007745,0.013279,0.026225,1,1,1,2101.1
round_robin,2,99,11,15.495,24.942,1.0,1.0,80,0,0,80,189,188,188,0.007428,0.012762,0.026295,1,1,1,2101.1
round_robin,2,100,1,15.582,25.106,1.0,1.0,81,0,0,81,189,189,188,0.007345,0.012944,0.026457,1,1,1,2101.1
round_robin,2,101,11,15.582,25.106,1.0,1.0,81,0,0,81,193,192,192,0.007345,0.012944,0.026457,1,1,1,2101.1
round_robin,2,102,1,15.408,24.938,1.0,1.0,83,0,0,83,193,193,192,0.007342,0.01257,0.026312,1,1,1,2101.1
round_robin,2,103,11,15.629,25.541,1.0,1.0,80,0,0,80,197,196,196,0.007409,0.012486,0.026992,1,1,1,2101.1
round_robin,2,104,1,15.388,24.83,1.0,1.0,81,0,0,81,197,197,196,0.007379,0.012595,0.026189,1,1,1,2101.1
round_robin,2,105,11,15.22,24.39,1.0,1.0,83,0,0,83,201,200,200,0.007359,0.012601,0.0257,1,1,1,2101.1
round_robin,2,106,1,15.448,25.005,1.0,1.0,79,0,0,79,201,201,200,0.007399,0.012558,0.026388,1,1,1,2101.1
round_robin,2,107,11,15.448,25.005,1.0,1.0,79,0,0,79,205,204,204,0.007399,0.012558,0.026388,1,1,1,2101.1
round_robin,2,108,1,15.396,24.88,1.0,1.0,81,0,0,81,205,205,204,0.007421,0.012513,0.026254,1,1,1,2101.1
round_robin,2,109,11,15.772,25.392,1.0,1.0,82,0,0,82,209,208,208,0.007365,0.013204,0.026746,1,1,1,2101.1
round_robin,2,110,1,15.747,25.4,1.0,1.0,84,0,0,84,209,209,208,0.007704,0.012728,0.026808,1,1,1,2101.1
round_robin,2,111,11,15.346,24.912,1.0,1.0,81,0,0,81,213,212,212,0.007448,0.012272,0.026317,1,1,1,2101.1
round_robin,2,112,1,15.52,24.947,1.0,1.0,82,0,0,82,213,213,212,0.007647,0.012593,0.02632,1,1,1,2101.1
round_robin,2,113,11,15.407,24.947,1.0,1.0,82,0,0,82,217,216,216,0.007308,0.012593,0.02632,1,1,1,2101.1
round_robin,2,114,1,15.5,25.222,1.0,1.0,84,0,0,84,217,217,216,0.007308,0.012562,0.026629,1,1,1,2101.1
round_robin,2,115,11,15.576,25.099,1.0,1.0,80,0,0,80,221,220,220,0.007642,0.012599,0.026488,1,1,1,2101.1
round_robin,2,116,1,15.535,25.008,1.0,1.0,82,0,0,82,221,221,220,0.007368,0.012883,0.026355,1,1,1,2101.1
round_robin,2,117,11,15.339,24.67,1.0,1.0,83,0,0,83,225,224,224,0.007418,0.012585,0.026013,1,1,1,2101.1
round_robin,2,118,1,15.547,25.287,1.0,1.0,85,0,0,85,225,225,224,0.00738,0.01256,0.026701,1,1,1,2101.1
round_robin,2,119,11,15.457,25.255,1.0,1.0,85,0,0,85,229,228,228,0.007429,0.01224,0.026701,1,1,1,2101.1
round_robin,3,0,0,15.491,24.894,1.0,1.0,0,0,0,0,0,0,0,0.007314,0.012938,0.026222,1,1,1,2102.6
round_robin,3,1,1,15.348,24.663,0.3333,0.3333,82,0,0,82,1,0,0,0.007478,0.012558,0.026008,1,1,1,2102.6
round_robin,3,2,1,15.524,24.952,0.6667,0.6667,78,0,0,78,1,1,0,0.007428,0.012846,0.026297,1,1,1,2102.6
round_robin,3,3,11,15.995,25.554,0.9883,0.9883,80,0,0,80,5,4,4,0.007689,0.013391,0.026906,1,1,1,2102.6
round_robin,3,4,1,15.651,25.482,0.9899,0.9899,80,0,0,80,5,5,4,0.007381,0.012667,0.026906,1,1,1,2102.6
round_robin,3,5,11,15.297,24.524,0.9968,0.9968,81,0,0,81,9,8,8,0.007381,0.012667,0.025842,1,1,1,2102.6
round_robin,3,6,1,15.627,25.242,0.9971,0.9971,77,0,0,77,9,9,8,0.007632,0.012601,0.026647,1,1,1,2102.6
round_robin,3,7,11,15.405,24.73,0.9985,0.9985,79,0,0,79,13,12,12,0.007559,0.012576,0.026081,1,1,1,2102.6
round_robin,3,8,1,15.633,25.052,0.9986,0.9986,80,0,0,80,13,13,12,0.007599,0.012898,0.026402,1,1,1,2102.6
round_robin,3,9,11,15.286,24.552,0.9992,0.9992,77,0,0,77,17,16,16,0.007341,0.01264,0.025876,1,1,1,2102.6
round_robin,3,10,1,15.528,24.977,0.9992,0.9992,78,0,0,78,17,17,16,0.007488,0.01276,0.026335,1,1,1,2102.6
round_robin,3,11,11,15.528,24.977,0.9995,0.9995,78,0,0,78,21,20,20,0.007488,0.01276,0.026335,1,1,1,2102.6
round_robin,3,12,1,15.425,24.784,0.9995,0.9995,80,0,0,80,21,21,20,0.007451,0.012697,0.026127,1,1,1,2102.6
round_robin,3,13,11,16.098,25.849,0.9996,0.9996,81,0,0,81,25,24,24,0.007646,0.013417,0.02723,1,1,1,2102.6
round_robin,3,14,1,15.569,24.935,0.9996,0.9996,77,0,0,77,25,25,24,0.007345,0.013115,0.026248,1,1,1,2102.6
round_robin,3,15,11,15.289,24.673,0.9997,0.9997,79,0,0,79,29,28,28,0.007385,0.012451,0.026031,1,1,1,2102.6
round_robin,3,16,1,15.594,25.091,0.9997,0.9997,80,0,0,80,29,29,28,0.007492,0.012837,0.026453,1,1,1,2102.6
round_robin,3,17,11,15.652,25.091,0.9998,0.9998,80,0,0,80,33,32,32,0.007667,0.012837,0.026453,1,1,1,2102.6
round_robin,3,18,1,15.398,24.594,0.9998,0.9998,77,0,0,77,33,33,32,0.007667,0.012601,0.025927,1,1,1,2102.6
round_robin,3,19,11,15.639,25.067,0.9998,0.9998,78,0,0,78,37,36,36,0.007404,0.01312,0.026394,1,1,1,2102.6
round_robin,3,20,1,15.411,24.83,0.9998,0.9998,80,0,0,80,37,37,36,0.007425,0.01262,0.026187,1,1,1,2102.6
round_robin,3,21,11,15.659,25.525,0.9999,0.9999,81,0,0,81,41,40,40,0.007438,0.012576,0.026964,1,1,1,2102.6
round_robin,3,22,1,15.598,24.735,0.9999,0.9999,79,0,0,79,41,41,40,0.007407,0.013393,0.025995,1,1,1,2102.6
round_robin,3,23,7,15.288,24.643,1.0,1.0,79,0,0,79,43,43,43,0.007397,0.012471,0.025995,1,1,1,2102.6
round_robin,3,24,4,15.446,25.07,0.9999,0.9999,80,0,0,80,45,44,44,0.007397,0.012471,0.02647,1,1,1,2102.6
round_robin,3,25,1,15.533,25.277,0.9999,0.9999,81,0,0,81,45,45,44,0.007355,0.012553,0.026691,1,1,1,2102.6
round_robin,3,26,11,16.015,25.966,0.9999,0.9999,76,0,0,76,49,48,48,0.007814,0.012803,0.027429,1,1,1,2102.6
round_robin,3,27,1,15.37,24.482,0.9999,0.9999,77,0,0,77,49,49,48,0.007719,0.012589,0.025803,1,1,1,2102.6
round_robin,3,28,11,15.834,25.689,0.9999,0.9999,79,0,0,79,53,52,52,0.007623,0.012754,0.027126,1,1,1,2102.6
round_robin,3,29,1,15.736,25.676,0.9999,0.9999,79,0,0,79,53,53,52,0.007456,0.012627,0.027126,1,1,1,2102.6
round_robin,3,30,11,15.282,24.448,0.9999,0.9999,80,0,0,80,57,56,56,0.007456,0.012627,0.025762,1,1,1,2102.6
round_robin,3,31,1,15.551,25.253,0.9999,0.9999,77,0,0,77,57,57,56,0.007402,0.01259,0.02666,1,1,1,2102.6
round_robin,3,32,11,15.395,25.157,0.9999,0.9999,79,0,0,79,61,60,60,0.007353,0.012238,0.026593,1,1,1,2102.6
round_robin,3,33,1,15.677,25.634,0.9999,0.9999,80,0,0,80,61,61,60,0.007334,0.012617,0.02708,1,1,1,2102.6
round_robin,3,34,11,15.511,24.911,0.9999,0.9999,76,0,0,76,65,64,64,0.007387,0.012902,0.026245,1,1,1,2102.6
round_robin,3,35,1,15.427,24.889,0.9999,0.9999,77,0,0,77,65,65,64,0.007426,0.012601,0.026254,1,1,1,2102.6
round_robin,3,36,11,15.427,24.889,1.0,1.0,77,0,0,77,69,68,68,0.007426,0.012601,0.026254,1,1,1,2102.6
round_robin,3,37,1,15.626,25.457,1.0,1.0,79,0,0,79,69,69,68,0.007393,0.012598,0.026886,1,1,1,2102.6
round_robin,3,38,11,15.589,24.727,1.0,1.0,75,0,0,75,73,72,72,0.007886,0.012832,0.026049,1,1,1,2102.6
round_robin,3,39,1,15.517,25.088,1.0,1.0,77,0,0,77,73,73,72,0.007434,0.012646,0.02647,1,1,1,2102.6
round_robin,3,40,11,15.459,25.067,1.0,1.0,79,0,0,79,77,76,76,0.007384,0.012535,0.026459,1,1,1,2102.6
round_robin,3,41,1,15.61,25.142,1.0,1.0,80,0,0,80,77,77,76,0.007434,0.012893,0.026503,1,1,1,2102.6
round_robin,3,42,11,15.653,25.142,1.0,1.0,80,0,0,80,81,80,80,0.007564,0.012893,0.026503,1,1,1,2102.6
round_robin,3,43,1,15.546,25.102,1.0,1.0,76,0,0,76,81,81,80,0.007564,0.012582,0.026493,1,1,1,2102.6
round_robin,3,44,11,15.292,24.658,1.0,1.0,77,0,0,77,85,84,84,0.007382,0.012483,0.026011,1,1,1,2102.6
round_robin,3,45,1,15.344,24.744,1.0,1.0,79,0,0,79,85,85,84,0.007434,0.012492,0.026105,1,1,1,2102.6
round_robin,3,46,11,15.355,24.679,1.0,1.0,74,0,0,74,89,88,88,0.007434,0.01261,0.02602,1,1,1,2102.6
round_robin,3,47,1,15.503,25.093,1.0,1.0,76,0,0,76,89,89,88,0.007437,0.01259,0.026482,1,1,1,2102.6
round_robin,3,48,1,15.499,25.093,1.0,1.0,76,0,0,76,89,89,89,0.007424,0.01259,0.026482,1,1,1,2102.6
round_robin,3,49,10,15.412,24.803,1.0,1.0,78,0,0,78,93,92,92,0.007424,0.012661,0.026152,1,1,1,2102.6
round_robin,3,50,1,15.699,25.455,1.0,1.0,79,0,0,79,93,93,92,0.007428,0.012809,0.02686,1,1,1,2102.6
round_robin,3,51,11,15.561,25.312,1.0,1.0,77,0,0,77,97,96,96,0.007382,0.012575,0.026727,1,1,1,2102.6
round_robin,3,52,1,15.375,24.731,1.0,1.0,78,0,0,78,97,97,96,0.007401,0.01265,0.026073,1,1,1,2102.6
round_robin,3,53,11,15.368,24.701,1.0,1.0,80,0,0,80,101,100,100,0.007424,0.012639,0.026041,1,1,1,2102.6
round_robin,3,54,1,15.444,24.725,1.0,1.0,80,0,0,80,101,101,100,0.007406,0.012884,0.026041,1,1,1,2102.6
round_robin,3,55,11,15.533,24.966,1.0,1.0,75,0,0,75,105,104,104,0.007406,0.012884,0.026308,1,1,1,2102.6
round_robin,3,56,1,15.445,24.965,1.0,1.0,77,0,0,77,105,105,104,0.007408,0.012588,0.02634,1,1,1,2102.6
round_robin,3,57,11,15.202,24.377,1.0,1.0,79,0,0,79,109,108,108,0.007426,0.012481,0.025699,1,1,1,2102.6
round_robin,3,58,1,15.459,24.864,1.0,1.0,80,0,0,80,109,109,108,0.007391,0.01278,0.026207,1,1,1,2102.6
round_robin,3,59,11,15.53,25.131,1.0,1.0,79,0,0,79,113,112,112,0.007457,0.012612,0.026522,1,1,1,2102.6
round_robin,3,60,1,15.603,25.029,1.0,1.0,80,0,0,80,113,113,112,0.007422,0.013023,0.026363,1,1,1,2102.6
round_robin,3,61,11,15.603,25.029,1.0,1.0,80,0,0,80,117,116,116,0.007422,0.013023,0.026363,1,1,1,2102.6
round_robin,3,62,1,15.608,25.099,1.0,1.0,82,0,0,82,117,117,116,0.007425,0.012951,0.026449,1,1,1,2102.6
round_robin,3,63,11,15.66,25.547,1.0,1.0,79,0,0,79,121,120,120,0.007403,0.01259,0.026987,1,1,1,2102.6
round_robin,3,64,1,15.347,24.692,1.0,1.0,81,0,0,81,121,121,120,0.007406,0.012598,0.026036,1,1,1,2102.6
round_robin,3,65,11,15.694,25.619,1.0,1.0,83,0,0,83,125,124,124,0.007391,0.012628,0.027062,1,1,1,2102.6
round_robin,3,66,1,15.426,24.775,1.0,1.0,84,0,0,84,125,125,124,0.007412,0.012755,0.026111,1,1,1,2102.6
round_robin,3,67,11,15.488,24.775,1.0,1.0,84,0,0,84,129,128,128,0.007599,0.012755,0.026111,1,1,1,2102.6
round_robin,3,68,1,15.663,25.201,1.0,1.0,81,0,0,81,129,129,128,0.007599,0.012811,0.026578,1,1,1,2102.6
round_robin,3,69,11,15.486,25.134,1.0,1.0,82,0,0,82,133,132,132,0.007419,0.012502,0.026538,1,1,1,2102.6
round_robin,3,70,1,15.423,24.86,1.0,1.0,84,0,0,84,133,133,132,0.00732,0.012744,0.026206,1,1,1,2102.6
round_robin,3,71,1,15.465,24.94,1.0,1.0,80,0,0,80,133,133,133,0.007393,0.012703,0.0263,1,1,1,2102.6
round_robin,3,72,10,15.56,25.051,1.0,1.0,82,0,0,82,137,136,136,0.007644,0.012603,0.026434,1,1,1,2102.6
round_robin,3,73,1,15.482,25.051,1.0,1.0,82,0,0,82,137,137,136,0.007408,0.012603,0.026434,1,1,1,2102.6
round_robin,3,74,11,15.206,24.323,1.0,1.0,84,0,0,84,141,140,140,0.007408,0.012581,0.025628,1,1,1,2102.6
round_robin,3,75,1,15.447,24.814,1.0,1.0,80,0,0,80,141,141,140,0.00739,0.012803,0.026149,1,1,1,2102.6
round_robin,3,76,11,15.761,25.583,1.0,1.0,82,0,0,82,145,144,144,0.007544,0.012729,0.027011,1,1,1,2102.6
round_robin,3,77,1,15.441,24.73,1.0,1.0,83,0,0,83,145,145,144,0.007388,0.012891,0.026045,1,1,1,2102.6
round_robin,3,78,11,15.643,25.131,1.0,1.0,85,0,0,85,149,148,148,0.007473,0.012973,0.026482,1,1,1,2102.6
round_robin,3,79,1,15.577,25.115,1.0,1.0,85,0,0,85,149,149,148,0.007441,0.012809,0.026482,1,1,1,2102.6
round_robin,3,80,11,15.478,24.847,1.0,1.0,81,0,0,81,153,152,152,0.007441,0.012809,0.026185,1,1,1,2102.6
round_robin,3,81,1,15.76,25.251,1.0,1.0,83,0,0,83,153,153,152,0.007388,0.013316,0.026577,1,1,1,2102.6
round_robin,3,82,11,15.759,25.001,1.0,1.0,85,0,0,85,157,156,156,0.007441,0.013563,0.026272,1,1,1,2102.6
round_robin,3,83,1,15.419,24.795,1.0,1.0,80,0,0,80,157,157,156,0.007392,0.01273,0.026136,1,1,1,2102.6
round_robin,3,84,11,15.811,25.306,1.0,1.0,82,0,0,82,161,160,160,0.007398,0.013406,0.026628,1,1,1,2102.6
round_robin,3,85,1,15.579,25.243,1.0,1.0,82,0,0,82,161,161,160,0.007326,0.012782,0.026628,1,1,1,2102.6
round_robin,3,86,11,15.389,24.73,1.0,1.0,83,0,0,83,165,164,164,0.007326,0.012782,0.026058,1,1,1,2102.6
round_robin,3,87,1,15.677,24.752,1.0,1.0,85,0,0,85,165,165,164,0.008244,0.012697,0.026091,1,1,1,2102.6
round_robin,3,88,11,15.545,24.773,1.0,1.0,81,0,0,81,169,168,168,0.007437,0.013131,0.026067,1,1,1,2102.6
round_robin,3,89,1,15.431,24.939,1.0,1.0,83,0,0,83,169,169,168,0.007431,0.012547,0.026316,1,1,1,2102.6
round_robin,3,90,11,15.671,24.868,1.0,1.0,85,0,0,85,173,172,172,0.007386,0.013497,0.026131,1,1,1,2102.6
round_robin,3,91,1,15.505,24.82,1.0,1.0,80,0,0,80,173,173,172,0.007349,0.013036,0.026129,1,1,1,2102.6
round_robin,3,92,11,15.505,24.82,1.0,1.0,80,0,0,80,177,176,176,0.007349,0.013036,0.026129,1,1,1,2102.6
round_robin,3,93,1,16.012,25.139,1.0,1.0,82,0,0,82,177,177,176,0.007913,0.013714,0.026408,1,1,1,2102.6
round_robin,3,94,11,15.503,24.905,1.0,1.0,83,0,0,83,181,180,180,0.007666,0.012568,0.026276,1,1,1,2102.6
round_robin,3,95,1,15.66,25.239,1.0,1.0,85,0,0,85,181,181,180,0.007448,0.012923,0.026608,1,1,1,2102.6
round_robin,3,96,0,15.487,25.085,1.0,1.0,81,0,0,81,181,181,180,0.007408,0.01258,0.026474,1,1,1,2102.6
round_robin,3,97,11,15.508,24.864,1.0,1.0,83,0,0,83,185,184,184,0.007434,0.012896,0.026194,1,1,1,2102.6
round_robin,3,98,1,15.503,24.864,1.0,1.0,83,0,0,83,185,185,184,0.007418,0.012896,0.026194,1,1,1,2102.6
round_robin,3,99,11,15.366,24.753,1.0,1.0,84,0,0,84,189,188,188,0.007418,0.012574,0.026106,1,1,1,2102.6
round_robin,3,100,1,15.51,24.83,1.0,1.0,80,0,0,80,189,189,188,0.007404,0.01298,0.026147,1,1,1,2102.6
round_robin,3,101,11,15.663,25.183,1.0,1.0,82,0,0,82,193,192,192,0.007674,0.01275,0.026564,1,1,1,2102.6
round_robin,3,102,1,15.857,25.382,1.0,1.0,83,0,0,83,193,193,192,0.008172,0.012598,0.026802,1,1,1,2102.6
round_robin,3,103,11,15.519,25.158,1.0,1.0,80,0,0,80,197,196,196,0.007412,0.01259,0.026555,1,1,1,2102.6
round_robin,3,104,1,15.501,25.148,1.0,1.0,80,0,0,80,197,197,196,0.007463,0.012484,0.026555,1,1,1,2102.6
round_robin,3,105,11,15.402,24.881,1.0,1.0,81,0,0,81,201,200,200,0.007463,0.012484,0.026258,1,1,1,2102.6
round_robin,3,106,1,15.721,25.046,1.0,1.0,83,0,0,83,201,201,200,0.008131,0.012603,0.026429,1,1,1,2102.6
round_robin,3,107,11,15.578,25.14,1.0,1.0,84,0,0,84,205,204,204,0.007648,0.012545,0.02654,1,1,1,2102.6
round_robin,3,108,1,15.411,24.861,1.0,1.0,80,0,0,80,205,205,204,0.007379,0.012633,0.02622,1,1,1,2102.6
round_robin,3,109,11,15.478,24.983,1.0,1.0,82,0,0,82,209,208,208,0.007428,0.012653,0.026353,1,1,1,2102.6
round_robin,3,110,1,15.442,24.973,1.0,1.0,82,0,0,82,209,209,208,0.00742,0.012553,0.026353,1,1,1,2102.6
round_robin,3,111,11,15.354,24.736,1.0,1.0,83,0,0,83,213,212,212,0.00742,0.012553,0.02609,1,1,1,2102.6
round_robin,3,112,1,15.608,25.402,1.0,1.0,80,0,0,80,213,213,212,0.007442,0.012552,0.02683,1,1,1,2102.6
round_robin,3,113,11,15.579,24.899,1.0,1.0,81,0,0,81,217,216,216,0.007728,0.012763,0.026247,1,1,1,2102.6
round_robin,3,114,1,15.329,24.643,1.0,1.0,83,0,0,83,217,217,216,0.007402,0.012603,0.025981,1,1,1,2102.6
round_robin,3,115,11,15.437,24.77,1.0,1.0,84,0,0,84,221,220,220,0.007391,0.012823,0.026098,1,1,1,2102.6
round_robin,3,116,1,15.459,25.126,1.0,1.0,81,0,0,81,221,221,220,0.007386,0.012457,0.026534,1,1,1,2102.6
round_robin,3,117,11,15.459,25.126,1.0,1.0,81,0,0,81,225,224,224,0.007386,0.012457,0.026534,1,1,1,2102.6
round_robin,3,118,1,15.462,25.047,1.0,1.0,83,0,0,83,225,225,224,0.007398,0.012551,0.026436,1,1,1,2102.6
round_robin,3,119,1,15.746,25.447,1.0,1.0,84,0,0,84,225,225,225,0.0078,0.012558,0.026879,1,1,1,2102.6
weighted_round_robin,1,0,0,15.656,25.52,1.0,1.0,0,0,0,0,0,0,0,0.007424,0.012586,0.026957,1,1,1,2044.0
weighted_round_robin,1,1,1,15.447,24.772,0.3333,0.3333,79,0,0,79,1,0,0,0.007384,0.01286,0.026096,1,1,1,2044.0
weighted_round_robin,1,2,1,15.41,24.97,0.6667,0.6667,80,0,0,80,1,1,0,0.007317,0.012566,0.026348,1,1,1,2044.0
weighted_round_robin,1,3,11,15.666,25.038,0.9883,0.9883,80,0,0,80,5,4,4,0.007396,0.013253,0.026348,1,1,1,2044.0
weighted_round_robin,1,4,1,15.552,24.732,0.9899,0.9899,77,0,0,77,5,5,4,0.007396,0.013253,0.026007,1,1,1,2044.0
weighted_round_robin,1,5,11,15.407,25.128,0.9968,0.9968,79,0,0,79,9,8,8,0.007383,0.012282,0.026555,1,1,1,2044.0
weighted_round_robin,1,6,1,15.463,25.013,0.9971,0.9971,80,0,0,80,9,9,8,0.007397,0.012598,0.026393,1,1,1,2044.0
weighted_round_robin,1,7,11,15.672,24.887,0.9985,0.9985,77,0,0,77,13,12,12,0.007402,0.013456,0.026157,1,1,1,2044.0
weighted_round_robin,1,8,1,15.353,24.751,0.9986,0.9986,78,0,0,78,13,13,12,0.007382,0.012573,0.026104,1,1,1,2044.0
weighted_round_robin,1,9,11,15.342,24.745,0.9992,0.9992,78,0,0,78,17,16,16,0.00741,0.012512,0.026104,1,1,1,2044.0
weighted_round_robin,1,10,1,15.255,24.51,0.9992,0.9992,80,0,0,80,17,17,16,0.00741,0.012512,0.025843,1,1,1,2044.0
weighted_round_robin,1,11,11,15.472,25.026,0.9995,0.9995,81,0,0,81,21,20,20,0.007443,0.012563,0.026411,1,1,1,2044.0
weighted_round_robin,1,12,1,15.5,25.09,0.9995,0.9995,77,0,0,77,21,21,20,0.007443,0.012576,0.026481,1,1,1,2044.0
weighted_round_robin,1,13,11,15.38,24.83,0.9996,0.9996,79,0,0,79,25,24,24,0.007396,0.012548,0.026195,1,1,1,2044.0
weighted_round_robin,1,14,1,15.498,25.15,0.9996,0.9996,80,0,0,80,25,25,24,0.00735,0.012599,0.026544,1,1,1,2044.0
weighted_round_robin,1,15,11,15.429,24.941,0.9997,0.9997,77,0,0,77,29,28,28,0.007395,0.012576,0.026315,1,1,1,2044.0
weighted_round_robin,1,16,1,15.429,24.941,0.9997,0.9997,77,0,0,77,29,29,28,0.007395,0.012576,0.026315,1,1,1,2044.0
weighted_round_robin,1,17,11,15.521,25.089,0.9998,0.9998,78,0,0,78,33,32,32,0.007395,0.012703,0.026465,1,1,1,2044.0
weighted_round_robin,1,18,1,15.701,25.241,0.9998,0.9998,80,0,0,80,33,33,32,0.007655,0.012827,0.02662,1,1,1,2044.0
weighted_round_robin,1,19,11,15.472,25.009,0.9998,0.9998,81,0,0,81,37,36,36,0.007443,0.012585,0.026389,1,1,1,2044.0
weighted_round_robin,1,20,1,15.482,25.039,0.9998,0.9998,78,0,0,78,37,37,36,0.007397,0.012633,0.026417,1,1,1,2044.0
weighted_round_robin,1,21,11,15.243,24.484,0.9999,0.9999,80,0,0,80,41,40,40,0.007388,0.012528,0.025812,1,1,1,2044.0
weighted_round_robin,1,22,1,15.225,24.484,0.9999,0.9999,80,0,0,80,41,41,40,0.007334,0.012528,0.025812,1,1,1,2044.0
weighted_round_robin,1,23,1,15.359,24.811,1.0,1.0,81,0,0,81,41,41,41,0.007334,0.012571,0.026171,1,1,1,2044.0
weighted_round_robin,1,24,10,15.256,24.595,0.9999,0.9999,77,0,0,77,45,44,44,0.007288,0.012545,0.025934,1,1,1,2044.0
weighted_round_robin,1,25,1,15.982,25.464,0.9999,0.9999,78,0,0,78,45,45,44,0.007511,0.013658,0.026776,1,1,1,2044.0
weighted_round_robin,1,26,11,15.921,25.359,0.9999,0.9999,80,0,0,80,49,48,48,0.008431,0.01255,0.026782,1,1,1,2044.0
weighted_round_robin,1,27,1,15.846,25.184,0.9999,0.9999,81,0,0,81,49,49,48,0.008335,0.012625,0.026579,1,1,1,2044.0
weighted_round_robin,1,28,11,15.535,25.184,0.9999,0.9999,81,0,0,81,53,52,52,0.0074,0.012625,0.026579,1,1,1,2044.0
weighted_round_robin,1,29,1,15.38,24.752,0.9999,0.9999,78,0,0,78,53,53,52,0.0074,0.012642,0.026098,1,1,1,2044.0
weighted_round_robin,1,30,11,15.3,24.337,0.9999,0.9999,79,0,0,79,57,56,56,0.007406,0.012883,0.02561,1,1,1,2044.0
weighted_round_robin,1,31,1,15.5,24.916,0.9999,0.9999,81,0,0,81,57,57,56,0.007414,0.012825,0.02626,1,1,1,2044.0
weighted_round_robin,1,32,11,15.382,24.779,0.9999,0.9999,78,0,0,78,61,60,60,0.007393,0.012623,0.02613,1,1,1,2044.0
weighted_round_robin,1,33,1,15.357,24.726,0.9999,0.9999,79,0,0,79,61,61,60,0.007418,0.012577,0.026076,1,1,1,2044.0
weighted_round_robin,1,34,11,15.419,24.73,0.9999,0.9999,79,0,0,79,65,64,64,0.007563,0.012617,0.026076,1,1,1,2044.0
weighted_round_robin,1,35,1,15.538,25.053,0.9999,0.9999,81,0,0,81,65,65,64,0.007563,0.012617,0.026435,1,1,1,2044.0
weighted_round_robin,1,36,11,15.44,24.836,1.0,1.0,82,0,0,82,69,68,68,0.007312,0.012838,0.026169,1,1,1,2044.0
weighted_round_robin,1,37,1,15.542,24.889,1.0,1.0,79,0,0,79,69,69,68,0.007707,0.012672,0.026246,1,1,1,2044.0
weighted_round_robin,1,38,11,15.642,24.995,1.0,1.0,80,0,0,80,73,72,72,0.007616,0.01298,0.02633,1,1,1,2044.0
weighted_round_robin,1,39,1,15.349,24.82,1.0,1.0,82,0,0,82,73,73,72,0.007377,0.012477,0.026192,1,1,1,2044.0
weighted_round_robin,1,40,11,15.502,25.154,1.0,1.0,78,0,0,78,77,76,76,0.00737,0.012586,0.02655,1,1,1,2044.0
weighted_round_robin,1,41,1,15.502,25.154,1.0,1.0,78,0,0,78,77,77,76,0.00737,0.012586,0.02655,1,1,1,2044.0
weighted_round_robin,1,42,11,15.419,24.786,1.0,1.0,79,0,0,79,81,80,80,0.007409,0.01272,0.026127,1,1,1,2044.0
weighted_round_robin,1,43,1,15.301,24.55,1.0,1.0,81,0,0,81,81,81,80,0.007487,0.012531,0.025885,1,1,1,2044.0
weighted_round_robin,1,44,11,15.515,25.235,1.0,1.0,77,0,0,77,85,84,84,0.00739,0.012505,0.026649,1,1,1,2044.0
weighted_round_robin,1,45,1,15.511,25.078,1.0,1.0,79,0,0,79,85,85,84,0.007461,0.012608,0.026463,1,1,1,2044.0
weighted_round_robin,1,46,7,15.408,24.834,1.0,1.0,80,0,0,80,87,87,87,0.007449,0.012578,0.026196,1,1,1,2044.0
weighted_round_robin,1,47,4,15.648,24.834,1.0,1.0,80,0,0,80,89,88,88,0.008171,0.012578,0.026196,1,1,1,2044.0
weighted_round_robin,1,48,1,15.828,25.078,1.0,1.0,82,0,0,82,89,89,88,0.008171,0.01288,0.026433,1,1,1,2044.0
weighted_round_robin,1,49,11,15.606,24.983,1.0,1.0,79,0,0,79,93,92,92,0.007434,0.013077,0.026306,1,1,1,2044.0
weighted_round_robin,1,50,1,15.659,24.947,1.0,1.0,80,0,0,80,93,93,92,0.007407,0.013332,0.026238,1,1,1,2044.0
weighted_round_robin,1,51,11,15.467,24.971,1.0,1.0,82,0,0,82,97,96,96,0.007388,0.012677,0.026337,1,1,1,2044.0
weighted_round_robin,1,52,1,15.396,24.861,1.0,1.0,77,0,0,77,97,97,96,0.007445,0.012509,0.026234,1,1,1,2044.0
weighted_round_robin,1,53,11,15.356,24.861,1.0,1.0,77,0,0,77,101,100,100,0.007326,0.012509,0.026234,1,1,1,2044.0
weighted_round_robin,1,54,1,15.265,24.716,1.0,1.0,79,0,0,79,101,101,100,0.007326,0.012384,0.026086,1,1,1,2044.0
weighted_round_robin,1,55,11,15.499,25.138,1.0,1.0,80,0,0,80,105,104,104,0.007336,0.012635,0.026527,1,1,1,2044.0
weighted_round_robin,1,56,1,15.688,25.644,1.0,1.0,82,0,0,82,105,105,104,0.007358,0.012613,0.027092,1,1,1,2044.0
weighted_round_robin,1,57,11,15.364,24.828,1.0,1.0,79,0,0,79,109,108,108,0.007374,0.012523,0.026195,1,1,1,2044.0
weighted_round_robin,1,58,1,15.691,25.167,1.0,1.0,80,0,0,80,109,109,108,0.007473,0.013092,0.026509,1,1,1,2044.0
weighted_round_robin,1,59,11,15.483,25.113,1.0,1.0,80,0,0,80,113,112,112,0.007393,0.012546,0.026509,1,1,1,2044.0
weighted_round_robin,1,60,1,15.418,24.938,1.0,1.0,82,0,0,82,113,113,112,0.007393,0.012546,0.026315,1,1,1,2044.0
weighted_round_robin,1,61,11,15.363,24.797,1.0,1.0,79,0,0,79,117,116,116,0.007419,0.012508,0.026162,1,1,1,2044.0
weighted_round_robin,1,62,1,15.491,25.065,1.0,1.0,81,0,0,81,117,117,116,0.007453,0.012566,0.026454,1,1,1,2044.0
weighted_round_robin,1,63,11,15.386,24.795,1.0,1.0,82,0,0,82,121,120,120,0.007483,0.012516,0.026159,1,1,1,2044.0
weighted_round_robin,1,64,1,15.386,24.836,1.0,1.0,84,0,0,84,121,121,120,0.007393,0.012566,0.026199,1,1,1,2044.0
weighted_round_robin,1,65,11,15.356,24.832,1.0,1.0,84,0,0,84,125,124,124,0.007341,0.012527,0.026199,1,1,1,2044.0
weighted_round_robin,1,66,1,15.466,25.131,1.0,1.0,82,0,0,82,125,125,124,0.007341,0.012527,0.026531,1,1,1,2044.0
weighted_round_robin,1,67,11,15.427,24.965,1.0,1.0,83,0,0,83,129,128,128,0.007375,0.012564,0.026343,1,1,1,2044.0
weighted_round_robin,1,68,1,15.715,24.829,1.0,1.0,85,0,0,85,129,129,128,0.00821,0.012765,0.02617,1,1,1,2044.0
weighted_round_robin,1,69,1,15.448,25.016,1.0,1.0,80,0,0,80,129,129,129,0.007421,0.012519,0.026405,1,1,1,2044.0
weighted_round_robin,1,70,10,15.938,26.141,1.0,1.0,82,0,0,82,133,132,132,0.007434,0.01275,0.027629,1,1,1,2044.0
weighted_round_robin,1,71,1,15.537,25.062,1.0,1.0,83,0,0,83,133,133,132,0.007425,0.012758,0.026429,1,1,1,2044.0
weighted_round_robin,1,72,11,15.537,25.062,1.0,1.0,83,0,0,83,137,136,136,0.007425,0.012758,0.026429,1,1,1,2044.0
weighted_round_robin,1,73,1,15.423,24.872,1.0,1.0,80,0,0,80,137,137,136,0.00747,0.012559,0.02624,1,1,1,2044.0
weighted_round_robin,1,74,11,15.496,25.006,1.0,1.0,82,0,0,82,141,140,140,0.007585,0.012508,0.026395,1,1,1,2044.0
weighted_round_robin,1,75,1,15.626,25.552,1.0,1.0,83,0,0,83,141,141,140,0.007369,0.012506,0.027002,1,1,1,2044.0
weighted_round_robin,1,76,11,15.486,24.732,1.0,1.0,85,0,0,85,145,144,144,0.007827,0.012546,0.026086,1,1,1,2044.0
weighted_round_robin,1,77,1,15.728,25.407,1.0,1.0,80,0,0,80,145,145,144,0.007581,0.012795,0.026808,1,1,1,2044.0
weighted_round_robin,1,78,11,15.728,25.407,1.0,1.0,80,0,0,80,149,148,148,0.007581,0.012795,0.026808,1,1,1,2044.0
weighted_round_robin,1,79,1,15.734,25.313,1.0,1.0,82,0,0,82,149,149,148,0.007557,0.012958,0.026686,1,1,1,2044.0
weighted_round_robin,1,80,11,15.538,25.112,1.0,1.0,83,0,0,83,153,152,152,0.007405,0.012721,0.026489,1,1,1,2044.0
weighted_round_robin,1,81,1,15.376,24.796,1.0,1.0,80,0,0,80,153,153,152,0.007438,0.01253,0.026159,1,1,1,2044.0
weighted_round_robin,1,82,11,15.513,25.159,1.0,1.0,82,0,0,82,157,156,156,0.007434,0.012545,0.02656,1,1,1,2044.0
weighted_round_robin,1,83,1,15.44,24.648,1.0,1.0,83,0,0,83,157,157,156,0.007412,0.012961,0.025946,1,1,1,2044.0
weighted_round_robin,1,84,11,15.412,24.648,1.0,1.0,83,0,0,83,161,160,160,0.007329,0.012961,0.025946,1,1,1,2044.0
weighted_round_robin,1,85,1,15.286,24.653,1.0,1.0,85,0,0,85,161,161,160,0.007329,0.012529,0.026,1,1,1,2044.0
weighted_round_robin,1,86,11,15.446,24.939,1.0,1.0,81,0,0,81,165,164,164,0.007414,0.012615,0.026308,1,1,1,2044.0
weighted_round_robin,1,87,1,15.711,24.878,1.0,1.0,83,0,0,83,165,165,164,0.008163,0.012742,0.026227,1,1,1,2044.0
weighted_round_robin,1,88,11,15.682,25.213,1.0,1.0,84,0,0,84,169,168,168,0.007672,0.012778,0.026595,1,1,1,2044.0
weighted_round_robin,1,89,1,15.322,24.667,1.0,1.0,80,0,0,80,169,169,168,0.007402,0.01255,0.026013,1,1,1,2044.0
weighted_round_robin,1,90,11,15.345,24.667,1.0,1.0,80,0,0,80,173,172,172,0.007473,0.01255,0.026013,1,1,1,2044.0
weighted_round_robin,1,91,1,15.47,25.01,1.0,1.0,82,0,0,82,173,173,172,0.007473,0.012543,0.026395,1,1,1,2044.0
weighted_round_robin,1,92,11,15.497,25.201,1.0,1.0,83,0,0,83,177,176,176,0.007292,0.012597,0.026601,1,1,1,2044.0
weighted_round_robin,1,93,0,15.667,25.151,1.0,1.0,85,0,0,85,177,176,176,0.007872,0.012583,0.026547,1,1,1,2044.0
weighted_round_robin,1,94,1,15.305,24.643,1.0,1.0,81,0,0,81,177,177,176,0.00737,0.012558,0.025986,1,1,1,2044.0
weighted_round_robin,1,95,11,15.586,25.307,1.0,1.0,83,0,0,83,181,180,180,0.007471,0.012564,0.026723,1,1,1,2044.0
weighted_round_robin,1,96,1,15.735,25.357,1.0,1.0,83,0,0,83,181,181,180,0.007419,0.013063,0.026723,1,1,1,2044.0
weighted_round_robin,1,97,11,15.648,25.121,1.0,1.0,84,0,0,84,185,184,184,0.007419,0.013063,0.026461,1,1,1,2044.0
weighted_round_robin,1,98,1,15.471,24.965,1.0,1.0,80,0,0,80,185,185,184,0.007441,0.012636,0.026335,1,1,1,2044.0
weighted_round_robin,1,99,11,15.958,25.605,1.0,1.0,82,0,0,82,189,188,188,0.007373,0.013558,0.026944,1,1,1,2044.0
weighted_round_robin,1,100,1,15.696,25.261,1.0,1.0,83,0,0,83,189,189,188,0.007456,0.013011,0.026622,1,1,1,2044.0
weighted_round_robin,1,101,11,15.492,25.046,1.0,1.0,80,0,0,80,193,192,192,0.007411,0.012641,0.026424,1,1,1,2044.0
weighted_round_robin,1,102,1,15.477,25.041,1.0,1.0,80,0,0,80,193,193,192,0.007408,0.012599,0.026424,1,1,1,2044.0
weighted_round_robin,1,103,11,15.564,25.276,1.0,1.0,81,0,0,81,197,196,196,0.007408,0.012599,0.026684,1,1,1,2044.0
weighted_round_robin,1,104,1,15.755,25.781,1.0,1.0,83,0,0,83,197,197,196,0.007417,0.012602,0.027245,1,1,1,2044.0
weighted_round_robin,1,105,11,15.528,25.23,1.0,1.0,84,0,0,84,201,200,200,0.007402,0.012541,0.02664,1,1,1,2044.0
weighted_round_robin,1,106,1,15.469,24.937,1.0,1.0,80,0,0,80,201,201,200,0.007497,0.012603,0.026307,1,1,1,2044.0
weighted_round_robin,1,107,11,16.199,25.641,1.0,1.0,82,0,0,82,205,204,204,0.00765,0.014013,0.026933,1,1,1,2044.0
weighted_round_robin,1,108,1,15.638,25.492,1.0,1.0,82,0,0,82,205,205,204,0.00746,0.012521,0.026933,1,1,1,2044.0
weighted_round_robin,1,109,11,15.434,24.942,1.0,1.0,83,0,0,83,209,208,208,0.00746,0.012521,0.026322,1,1,1,2044.0
weighted_round_robin,1,110,1,15.4,24.637,1.0,1.0,80,0,0,80,209,209,208,0.007698,0.012519,0.025984,1,1,1,2044.0
weighted_round_robin,1,111,11,15.535,25.083,1.0,1.0,81,0,0,81,213,212,212,0.00757,0.012559,0.026475,1,1,1,2044.0
weighted_round_robin,1,112,1,15.331,24.678,1.0,1.0,83,0,0,83,213,213,212,0.007404,0.012564,0.026024,1,1,1,2044.0
weighted_round_robin,1,113,11,15.396,24.703,1.0,1.0,84,0,0,84,217,216,216,0.007392,0.012766,0.026029,1,1,1,2044.0
weighted_round_robin,1,114,1,15.464,25.107,1.0,1.0,81,0,0,81,217,217,216,0.007403,0.012479,0.02651,1,1,1,2044.0
weighted_round_robin,1,115,11,15.464,25.107,1.0,1.0,81,0,0,81,221,220,220,0.007403,0.012479,0.02651,1,1,1,2044.0
weighted_round_robin,1,116,1,15.487,24.848,1.0,1.0,82,0,0,82,221,221,220,0.007378,0.01291,0.026174,1,1,1,2044.0
weighted_round_robin,1,117,0,16.041,25.761,1.0,1.0,83,0,0,83,221,221,220,0.008187,0.012725,0.02721,1,1,1,2044.0
weighted_round_robin,1,118,11,15.815,25.392,1.0,1.0,80,0,0,80,225,224,224,0.007331,0.013389,0.026726,1,1,1,2044.0
weighted_round_robin,1,119,1,15.377,24.784,1.0,1.0,81,0,0,81,225,225,224,0.007397,0.012594,0.026139,1,1,1,2044.0
weighted_round_robin,2,0,0,15.652,25.304,1.0,1.0,0,0,0,0,0,0,0,0.007438,0.012827,0.02669,1,1,1,1887.8
weighted_round_robin,2,1,1,15.52,25.278,0.3333,0.3333,0,0,0,0,1,0,0,0.007301,0.01257,0.02669,1,1,1,1887.8
weighted_round_robin,2,2,1,15.327,24.755,0.6667,0.6667,76,0,0,76,1,1,0,0.007301,0.01257,0.026109,1,1,1,1887.8
weighted_round_robin,2,3,11,15.705,25.283,0.9883,0.9883,78,0,0,78,5,4,4,0.00724,0.013255,0.026619,1,1,1,1887.8
weighted_round_robin,2,4,1,15.586,25.219,0.9899,0.9899,79,0,0,79,5,5,4,0.007401,0.012754,0.026604,1,1,1,1887.8
weighted_round_robin,2,5,11,15.602,25.188,0.9968,0.9968,76,0,0,76,9,8,8,0.007359,0.012892,0.026554,1,1,1,1887.8
weighted_round_robin,2,6,1,15.302,24.458,0.9971,0.9971,77,0,0,77,9,9,8,0.007418,0.012728,0.025761,1,1,1,1887.8
weighted_round_robin,2,7,11,15.237,24.441,0.9985,0.9985,77,0,0,77,13,12,12,0.007394,0.012557,0.025761,1,1,1,1887.8
weighted_round_robin,2,8,1,15.363,24.78,0.9986,0.9986,79,0,0,79,13,13,12,0.007394,0.012557,0.026138,1,1,1,1887.8
weighted_round_robin,2,9,11,15.383,24.864,0.9992,0.9992,80,0,0,80,17,16,16,0.00736,0.012556,0.026232,1,1,1,1887.8
weighted_round_robin,2,10,1,15.6,24.686,0.9992,0.9992,76,0,0,76,17,17,16,0.008203,0.012564,0.026033,1,1,1,1887.8
weighted_round_robin,2,11,11,15.814,26.033,0.9995,0.9995,78,0,0,78,21,20,20,0.007315,0.012601,0.027525,1,1,1,1887.8
weighted_round_robin,2,12,1,15.684,25.208,0.9995,0.9995,79,0,0,79,21,21,20,0.007849,0.012594,0.02661,1,1,1,1887.8
weighted_round_robin,2,13,11,15.301,24.573,0.9996,0.9996,76,0,0,76,25,24,24,0.007373,0.012631,0.0259,1,1,1,1887.8
weighted_round_robin,2,14,1,15.301,24.573,0.9996,0.9996,76,0,0,76,25,25,24,0.007373,0.012631,0.0259,1,1,1,1887.8
weighted_round_robin,2,15,11,15.335,24.753,0.9997,0.9997,77,0,0,77,29,28,28,0.007317,0.012583,0.026105,1,1,1,1887.8
weighted_round_robin,2,16,1,15.497,24.716,0.9997,0.9997,79,0,0,79,29,29,28,0.007646,0.012807,0.026039,1,1,1,1887.8
weighted_round_robin,2,17,11,15.452,24.949,0.9998,0.9998,80,0,0,80,33,32,32,0.00747,0.01256,0.026326,1,1,1,1887.8
weighted_round_robin,2,18,1,15.374,24.781,0.9998,0.9998,77,0,0,77,33,33,32,0.007373,0.012615,0.026133,1,1,1,1887.8
weighted_round_robin,2,19,11,15.524,25.17,0.9998,0.9998,79,0,0,79,37,36,36,0.007529,0.012461,0.026582,1,1,1,1887.8
weighted_round_robin,2,20,1,15.492,25.17,0.9998,0.9998,79,0,0,79,37,37,36,0.007433,0.012461,0.026582,1,1,1,1887.8
weighted_round_robin,2,21,11,15.378,24.806,0.9999,0.9999,80,0,0,80,41,40,40,0.007433,0.012531,0.02617,1,1,1,1887.8
weighted_round_robin,2,22,1,15.39,24.754,0.9999,0.9999,76,0,0,76,41,41,40,0.007335,0.012748,0.026088,1,1,1,1887.8
weighted_round_robin,2,23,11,15.631,24.629,0.9999,0.9999,77,0,0,77,45,44,44,0.008207,0.012735,0.025951,1,1,1,1887.8
weighted_round_robin,2,24,1,15.385,24.757,0.9999,0.9999,79,0,0,79,45,45,44,0.007457,0.01259,0.026109,1,1,1,1887.8
weighted_round_robin,2,25,0,15.63,25.198,0.9999,0.9999,80,0,0,80,45,45,44,0.007645,0.012653,0.026592,1,1,1,1887.8
weighted_round_robin,2,26,11,15.519,25.19,0.9999,0.9999,80,0,0,80,49,48,48,0.007393,0.012572,0.026592,1,1,1,1887.8
weighted_round_robin,2,27,1,15.314,24.637,0.9999,0.9999,78,0,0,78,49,49,48,0.007393,0.012572,0.025978,1,1,1,1887.8
weighted_round_robin,2,28,11,15.562,25.124,0.9999,0.9999,80,0,0,80,53,52,52,0.007419,0.01277,0.026497,1,1,1,1887.8
weighted_round_robin,2,29,1,15.396,24.82,0.9999,0.9999,81,0,0,81,53,53,52,0.007456,0.012549,0.026184,1,1,1,1887.8
weighted_round_robin,2,30,11,15.604,24.79,0.9999,0.9999,77,0,0,77,57,56,56,0.007358,0.013399,0.026056,1,1,1,1887.8
weighted_round_robin,2,31,1,15.412,24.929,0.9999,0.9999,78,0,0,78,57,57,56,0.007349,0.012586,0.0263,1,1,1,1887.8
weighted_round_robin,2,32,11,15.523,25.071,0.9999,0.9999,80,0,0,80,61,60,60,0.007495,0.01262,0.026455,1,1,1,1887.8
weighted_round_robin,2,33,1,15.523,25.071,0.9999,0.9999,80,0,0,80,61,61,60,0.007495,0.01262,0.026455,1,1,1,1887.8
weighted_round_robin,2,34,11,15.483,24.862,0.9999,0.9999,76,0,0,76,65,64,64,0.007406,0.012846,0.026197,1,1,1,1887.8
weighted_round_robin,2,35,1,15.327,24.794,0.9999,0.9999,78,0,0,78,65,65,64,0.007337,0.012481,0.026162,1,1,1,1887.8
weighted_round_robin,2,36,11,15.46,24.856,1.0,1.0,80,0,0,80,69,68,68,0.007647,0.012503,0.026229,1,1,1,1887.8
weighted_round_robin,2,37,1,15.583,25.096,1.0,1.0,81,0,0,81,69,69,68,0.007566,0.01271,0.026472,1,1,1,1887.8
weighted_round_robin,2,38,11,15.539,25.32,1.0,1.0,77,0,0,77,73,72,72,0.007399,0.012469,0.026748,1,1,1,1887.8
weighted_round_robin,2,39,1,15.541,25.32,1.0,1.0,77,0,0,77,73,73,72,0.007407,0.012469,0.026748,1,1,1,1887.8
weighted_round_robin,2,40,11,15.437,25.012,1.0,1.0,78,0,0,78,77,76,76,0.007407,0.012501,0.026402,1,1,1,1887.8
weighted_round_robin,2,41,1,15.449,25.043,1.0,1.0,80,0,0,80,77,77,76,0.007345,0.012572,0.026429,1,1,1,1887.8
weighted_round_robin,2,42,11,15.625,24.848,1.0,1.0,76,0,0,76,81,80,80,0.007405,0.013344,0.026126,1,1,1,1887.8
weighted_round_robin,2,43,1,15.545,25.281,1.0,1.0,78,0,0,78,81,81,80,0.007434,0.0125,0.026701,1,1,1,1887.8
weighted_round_robin,2,44,11,15.325,24.64,1.0,1.0,83,0,0,83,85,84,84,0.007424,0.012571,0.025981,1,1,1,1887.8
weighted_round_robin,2,45,1,15.334,24.645,1.0,1.0,83,0,0,83,85,85,84,0.007405,0.012616,0.025981,1,1,1,1887.8
weighted_round_robin,2,46,11,15.448,24.953,1.0,1.0,81,0,0,81,89,88,88,0.007405,0.012616,0.026324,1,1,1,1887.8
weighted_round_robin,2,47,1,15.34,24.702,1.0,1.0,78,0,0,78,89,89,88,0.007399,0.01257,0.02605,1,1,1,1887.8
weighted_round_robin,2,48,1,15.622,25.192,1.0,1.0,79,0,0,79,89,89,89,0.007373,0.012941,0.026553,1,1,1,1887.8
weighted_round_robin,2,49,10,15.302,24.412,1.0,1.0,81,0,0,81,93,92,92,0.007446,0.012752,0.025708,1,1,1,1887.8
weighted_round_robin,2,50,1,15.352,24.745,1.0,1.0,76,0,0,76,93,93,92,0.007407,0.012549,0.0261,1,1,1,1887.8
weighted_round_robin,2,51,11,15.487,24.754,1.0,1.0,76,0,0,76,97,96,96,0.007717,0.012644,0.0261,1,1,1,1887.8
weighted_round_robin,2,52,1,15.441,24.631,1.0,1.0,78,0,0,78,97,97,96,0.007717,0.012644,0.025963,1,1,1,1887.8
weighted_round_robin,2,53,11,15.717,24.761,1.0,1.0,80,0,0,80,101,100,100,0.008343,0.012709,0.0261,1,1,1,1887.8
weighted_round_robin,2,54,1,15.312,24.626,1.0,1.0,81,0,0,81,101,101,100,0.007408,0.01256,0.025967,1,1,1,1887.8
weighted_round_robin,2,55,11,15.345,24.768,1.0,1.0,78,0,0,78,105,104,104,0.007406,0.012497,0.026131,1,1,1,1887.8
weighted_round_robin,2,56,1,15.545,25.233,1.0,1.0,79,0,0,79,105,105,104,0.007367,0.012636,0.026633,1,1,1,1887.8
weighted_round_robin,2,57,11,15.524,25.093,1.0,1.0,81,0,0,81,109,108,108,0.007401,0.012702,0.02647,1,1,1,1887.8
weighted_round_robin,2,58,1,15.524,25.093,1.0,1.0,81,0,0,81,109,109,108,0.007401,0.012702,0.02647,1,1,1,1887.8
weighted_round_robin,2,59,11,15.446,24.918,1.0,1.0,78,0,0,78,113,112,112,0.00741,0.012646,0.026282,1,1,1,1887.8
weighted_round_robin,2,60,1,15.482,25.021,1.0,1.0,80,0,0,80,113,113,112,0.007484,0.012557,0.026406,1,1,1,1887.8
weighted_round_robin,2,61,11,15.507,24.993,1.0,1.0,81,0,0,81,117,116,116,0.007654,0.012483,0.026383,1,1,1,1887.8
weighted_round_robin,2,62,1,15.468,24.811,1.0,1.0,83,0,0,83,117,117,116,0.007529,0.01272,0.026154,1,1,1,1887.8
weighted_round_robin,2,63,11,15.782,25.843,1.0,1.0,82,0,0,82,121,120,120,0.007415,0.012617,0.027313,1,1,1,1887.8
weighted_round_robin,2,64,1,15.778,25.843,1.0,1.0,82,0,0,82,121,121,120,0.007403,0.012617,0.027313,1,1,1,1887.8
weighted_round_robin,2,65,11,15.383,24.839,1.0,1.0,83,0,0,83,125,124,124,0.007403,0.012542,0.026205,1,1,1,1887.8
weighted_round_robin,2,66,1,15.512,24.801,1.0,1.0,85,0,0,85,125,125,124,0.007552,0.012856,0.026128,1,1,1,1887.8
weighted_round_robin,2,67,11,15.446,24.988,1.0,1.0,80,0,0,80,129,128,128,0.007403,0.012566,0.026368,1,1,1,1887.8
weighted_round_robin,2,68,1,15.515,25.018,1.0,1.0,82,0,0,82,129,129,128,0.007456,0.012702,0.026386,1,1,1,1887.8
weighted_round_robin,2,69,11,15.474,24.884,1.0,1.0,83,0,0,83,133,132,132,0.007348,0.012852,0.026221,1,1,1,1887.8
weighted_round_robin,2,70,1,15.415,24.856,1.0,1.0,83,0,0,83,133,133,132,0.007454,0.012569,0.026221,1,1,1,1887.8
weighted_round_robin,2,71,1,15.667,25.538,1.0,1.0,80,0,0,80,133,133,133,0.007454,0.012569,0.026979,1,1,1,1887.8
weighted_round_robin,2,72,10,15.417,24.676,1.0,1.0,82,0,0,82,137,136,136,0.007652,0.012579,0.02602,1,1,1,1887.8
weighted_round_robin,2,73,1,15.854,25.0,1.0,1.0,83,0,0,83,137,137,136,0.008389,0.01282,0.026353,1,1,1,1887.8
weighted_round_robin,2,74,11,15.578,25.176,1.0,1.0,85,0,0,85,141,140,140,0.007383,0.012801,0.026551,1,1,1,1887.8
weighted_round_robin,2,75,1,15.679,25.049,1.0,1.0,81,0,0,81,141,141,140,0.007674,0.012973,0.026391,1,1,1,1887.8
weighted_round_robin,2,76,11,15.466,25.011,1.0,1.0,81,0,0,81,145,144,144,0.007412,0.012596,0.026391,1,1,1,1887.8
weighted_round_robin,2,77,1,15.439,24.937,1.0,1.0,83,0,0,83,145,145,144,0.007412,0.012596,0.026308,1,1,1,1887.8
weighted_round_robin,2,78,11,15.486,25.078,1.0,1.0,84,0,0,84,149,148,148,0.007458,0.012527,0.026473,1,1,1,1887.8
weighted_round_robin,2,79,1,15.534,24.928,1.0,1.0,80,0,0,80,149,149,148,0.007781,0.012513,0.026307,1,1,1,1887.8
weighted_round_robin,2,80,11,15.263,24.491,1.0,1.0,82,0,0,82,153,152,152,0.007407,0.012565,0.025816,1,1,1,1887.8
weighted_round_robin,2,81,1,15.644,24.97,1.0,1.0,83,0,0,83,153,153,152,0.007363,0.013302,0.026266,1,1,1,1887.8
weighted_round_robin,2,82,11,15.396,24.722,1.0,1.0,85,0,0,85,157,156,156,0.007513,0.012606,0.026068,1,1,1,1887.8
weighted_round_robin,2,83,1,15.396,24.722,1.0,1.0,85,0,0,85,157,157,156,0.007513,0.012606,0.026068,1,1,1,1887.8
weighted_round_robin,2,84,11,15.552,25.242,1.0,1.0,81,0,0,81,161,160,160,0.007394,0.012616,0.026645,1,1,1,1887.8
weighted_round_robin,2,85,1,15.799,25.93,1.0,1.0,83,0,0,83,161,161,160,0.007422,0.01256,0.027416,1,1,1,1887.8
weighted_round_robin,2,86,11,15.482,24.903,1.0,1.0,84,0,0,84,165,164,164,0.007433,0.012761,0.026252,1,1,1,1887.8
weighted_round_robin,2,87,1,15.492,25.131,1.0,1.0,80,0,0,80,165,165,164,0.007381,0.012569,0.026527,1,1,1,1887.8
weighted_round_robin,2,88,11,15.42,24.909,1.0,1.0,82,0,0,82,169,168,168,0.007421,0.012558,0.026281,1,1,1,1887.8
weighted_round_robin,2,89,1,15.42,24.909,1.0,1.0,82,0,0,82,169,169,168,0.007421,0.012558,0.026281,1,1,1,1887.8
weighted_round_robin,2,90,11,15.348,24.758,1.0,1.0,83,0,0,83,173,172,172,0.007383,0.012547,0.026115,1,1,1,1887.8
weighted_round_robin,2,91,1,15.431,24.992,1.0,1.0,85,0,0,85,173,173,172,0.007364,0.012554,0.026374,1,1,1,1887.8
weighted_round_robin,2,92,11,15.869,26.075,1.0,1.0,81,0,0,81,177,176,176,0.007326,0.012724,0.027558,1,1,1,1887.8
weighted_round_robin,2,93,1,15.546,25.111,1.0,1.0,83,0,0,83,177,177,176,0.007381,0.012777,0.026481,1,1,1,1887.8
weighted_round_robin,2,94,1,15.664,25.493,1.0,1.0,84,0,0,84,177,177,177,0.007472,0.012593,0.026926,1,1,1,1887.8
weighted_round_robin,2,95,10,15.664,25.493,1.0,1.0,84,0,0,84,181,180,180,0.007472,0.012593,0.026926,1,1,1,1887.8
weighted_round_robin,2,96,0,15.382,24.693,1.0,1.0,80,0,0,80,181,180,180,0.007533,0.012574,0.02604,1,1,1,1887.8
weighted_round_robin,2,97,1,15.392,24.474,1.0,1.0,81,0,0,81,181,181,180,0.007648,0.012752,0.025776,1,1,1,1887.8
weighted_round_robin,2,98,11,15.506,25.063,1.0,1.0,83,0,0,83,185,184,184,0.007473,0.012596,0.026448,1,1,1,1887.8
weighted_round_robin,2,99,1,15.592,25.316,1.0,1.0,79,0,0,79,185,185,184,0.00746,0.012586,0.026731,1,1,1,1887.8
weighted_round_robin,2,100,11,15.54,25.074,1.0,1.0,81,0,0,81,189,188,188,0.007579,0.012579,0.026462,1,1,1,1887.8
weighted_round_robin,2,101,1,15.54,25.074,1.0,1.0,81,0,0,81,189,189,188,0.007579,0.012579,0.026462,1,1,1,1887.8
weighted_round_robin,2,102,11,15.386,24.774,1.0,1.0,82,0,0,82,193,192,192,0.00747,0.012557,0.026131,1,1,1,1887.8
weighted_round_robin,2,103,1,15.347,24.473,1.0,1.0,84,0,0,84,193,193,192,0.007639,0.01261,0.025791,1,1,1,1887.8
weighted_round_robin,2,104,11,15.36,24.835,1.0,1.0,80,0,0,80,197,196,196,0.007311,0.012572,0.026198,1,1,1,1887.8
weighted_round_robin,2,105,1,15.496,25.1,1.0,1.0,81,0,0,81,197,197,196,0.007432,0.012562,0.026493,1,1,1,1887.8
weighted_round_robin,2,106,11,15.714,25.475,1.0,1.0,83,0,0,83,201,200,200,0.007434,0.012829,0.02688,1,1,1,1887.8
weighted_round_robin,2,107,1,15.714,25.475,1.0,1.0,83,0,0,83,201,201,200,0.007434,0.012829,0.02688,1,1,1,1887.8
weighted_round_robin,2,108,11,15.567,25.15,1.0,1.0,79,0,0,79,205,204,204,0.007358,0.012822,0.02652,1,1,1,1887.8
weighted_round_robin,2,109,1,15.392,24.849,1.0,1.0,81,0,0,81,205,205,204,0.007398,0.012563,0.026214,1,1,1,1887.8
weighted_round_robin,2,110,11,15.476,25.073,1.0,1.0,82,0,0,82,209,208,208,0.007389,0.012577,0.026462,1,1,1,1887.8
weighted_round_robin,2,111,1,15.697,25.503,1.0,1.0,84,0,0,84,209,209,208,0.007369,0.01281,0.026913,1,1,1,1887.8
weighted_round_robin,2,112,11,15.837,25.061,1.0,1.0,81,0,0,81,213,212,212,0.008336,0.012746,0.026429,1,1,1,1887.8
weighted_round_robin,2,113,1,15.837,25.061,1.0,1.0,81,0,0,81,213,213,212,0.008336,0.012746,0.026429,1,1,1,1887.8
weighted_round_robin,2,114,11,15.334,24.722,1.0,1.0,82,0,0,82,217,216,216,0.007377,0.012552,0.026074,1,1,1,1887.8
weighted_round_robin,2,115,1,15.443,24.988,1.0,1.0,84,0,0,84,217,217,216,0.007391,0.01257,0.026368,1,1,1,1887.8
weighted_round_robin,2,116,11,15.493,25.062,1.0,1.0,79,0,0,79,221,220,220,0.007452,0.012579,0.026449,1,1,1,1887.8
weighted_round_robin,2,117,1,15.513,25.129,1.0,1.0,81,0,0,81,221,221,220,0.00744,0.012576,0.026524,1,1,1,1887.8
weighted_round_robin,2,118,7,15.414,24.898,1.0,1.0,82,0,0,82,223,223,223,0.007398,0.012576,0.026267,1,1,1,1887.8
weighted_round_robin,2,119,4,15.414,24.898,1.0,1.0,82,0,0,82,225,224,224,0.007398,0.012576,0.026267,1,1,1,1887.8
weighted_round_robin,3,0,0,15.416,24.848,1.0,1.0,0,0,0,0,0,0,0,0.00737,0.012676,0.026201,1,1,1,1997.8
weighted_round_robin,3,1,1,15.436,24.725,0.3333,0.3333,78,0,0,78,1,0,0,0.007575,0.012667,0.026065,1,1,1,1997.8
weighted_round_robin,3,2,1,15.507,24.811,0.6667,0.6667,79,0,0,79,1,1,0,0.007412,0.012984,0.026125,1,1,1,1997.8
weighted_round_robin,3,3,11,15.362,24.795,0.9883,0.9883,76,0,0,76,5,4,4,0.007362,0.012569,0.026154,1,1,1,1997.8
weighted_round_robin,3,4,1,15.362,24.795,0.9899,0.9899,76,0,0,76,5,5,4,0.007362,0.012569,0.026154,1,1,1,1997.8
weighted_round_robin,3,5,11,15.842,25.384,0.9968,0.9968,78,0,0,78,9,8,8,0.007511,0.013286,0.026728,1,1,1,1997.8
weighted_round_robin,3,6,1,15.232,24.475,0.9971,0.9971,79,0,0,79,9,9,8,0.007422,0.012463,0.02581,1,1,1,1997.8
weighted_round_robin,3,7,11,15.342,24.752,0.9985,0.9985,81,0,0,81,13,12,12,0.007352,0.01257,0.026105,1,1,1,1997.8
weighted_round_robin,3,8,1,15.814,24.947,0.9986,0.9986,76,0,0,76,13,13,12,0.00831,0.01284,0.026292,1,1,1,1997.8
weighted_round_robin,3,9,11,15.362,24.811,0.9992,0.9992,78,0,0,78,17,16,16,0.007302,0.012619,0.026166,1,1,1,1997.8
weighted_round_robin,3,10,1,15.362,24.811,0.9992,0.9992,78,0,0,78,17,17,16,0.007302,0.012619,0.026166,1,1,1,1997.8
weighted_round_robin,3,11,11,15.567,25.272,0.9995,0.9995,79,0,0,79,21,20,20,0.007409,0.012615,0.026678,1,1,1,1997.8
weighted_round_robin,3,12,1,15.657,25.548,0.9995,0.9995,76,0,0,76,21,21,20,0.007496,0.012476,0.027,1,1,1,1997.8
weighted_round_robin,3,13,11,15.384,24.82,0.9996,0.9996,78,0,0,78,25,24,24,0.007404,0.012566,0.026182,1,1,1,1997.8
weighted_round_robin,3,14,1,15.7,25.144,0.9996,0.9996,79,0,0,79,25,25,24,0.007677,0.012921,0.026502,1,1,1,1997.8
weighted_round_robin,3,15,11,15.581,25.105,0.9997,0.9997,79,0,0,79,29,28,28,0.007714,0.012528,0.026502,1,1,1,1997.8
weighted_round_robin,3,16,1,15.433,24.704,0.9997,0.9997,76,0,0,76,29,29,28,0.007714,0.012528,0.026057,1,1,1,1997.8
weighted_round_robin,3,17,11,15.365,24.682,0.9998,0.9998,77,0,0,77,33,32,32,0.007503,0.012565,0.026028,1,1,1,1997.8
weighted_round_robin,3,18,1,16.075,25.42,0.9998,0.9998,79,0,0,79,33,33,32,0.007406,0.014148,0.026672,1,1,1,1997.8
weighted_round_robin,3,19,11,15.908,25.165,0.9998,0.9998,80,0,0,80,37,36,36,0.007369,0.013942,0.026412,1,1,1,1997.8
weighted_round_robin,3,20,1,15.98,26.04,0.9998,0.9998,76,0,0,76,37,37,36,0.00756,0.012879,0.027502,1,1,1,1997.8
weighted_round_robin,3,21,11,15.971,26.04,0.9999,0.9999,76,0,0,76,41,40,40,0.007531,0.012879,0.027502,1,1,1,1997.8
weighted_round_robin,3,22,1,15.484,25.001,0.9999,0.9999,78,0,0,78,41,41,40,0.007531,0.012535,0.026386,1,1,1,1997.8
weighted_round_robin,3,23,11,15.513,25.075,0.9999,0.9999,79,0,0,79,45,44,44,0.007328,0.01277,0.026442,1,1,1,1997.8
weighted_round_robin,3,24,0,15.549,24.815,0.9999,0.9999,77,0,0,77,45,44,44,0.00766,0.012841,0.026146,1,1,1,1997.8
weighted_round_robin,3,25,1,15.41,24.537,0.9999,0.9999,78,0,0,78,45,45,44,0.007497,0.012904,0.02583,1,1,1,1997.8
weighted_round_robin,3,26,11,15.52,24.839,0.9999,0.9999,80,0,0,80,49,48,48,0.00742,0.012982,0.026157,1,1,1,1997.8
weighted_round_robin,3,27,1,15.515,24.839,0.9999,0.9999,80,0,0,80,49,49,48,0.007407,0.012982,0.026157,1,1,1,1997.8
weighted_round_robin,3,28,11,15.318,24.323,0.9999,0.9999,82,0,0,82,53,52,52,0.007407,0.012963,0.025585,1,1,1,1997.8
weighted_round_robin,3,29,1,15.366,24.712,0.9999,0.9999,77,0,0,77,53,53,52,0.007405,0.01264,0.026053,1,1,1,1997.8
weighted_round_robin,3,30,11,15.774,25.937,0.9999,0.9999,79,0,0,79,57,56,56,0.00738,0.012515,0.027428,1,1,1,1997.8
weighted_round_robin,3,31,1,15.601,25.137,0.9999,0.9999,80,0,0,80,57,57,56,0.007414,0.01289,0.026498,1,1,1,1997.8
weighted_round_robin,3,32,11,15.399,24.901,0.9999,0.9999,76,0,0,76,61,60,60,0.007346,0.01258,0.02627,1,1,1,1997.8
weighted_round_robin,3,33,1,15.399,24.901,0.9999,0.9999,76,0,0,76,61,61,60,0.007346,0.01258,0.02627,1,1,1,1997.8
weighted_round_robin,3,34,11,15.692,25.665,0.9999,0.9999,77,0,0,77,65,64,64,0.00736,0.0126,0.027117,1,1,1,1997.8
weighted_round_robin,3,35,1,15.406,24.808,0.9999,0.9999,79,0,0,79,65,65,64,0.007434,0.012623,0.026162,1,1,1,1997.8
weighted_round_robin,3,36,11,15.345,24.631,1.0,1.0,75,0,0,75,69,68,68,0.007421,0.012651,0.025962,1,1,1,1997.8
weighted_round_robin,3,37,1,16.107,25.846,1.0,1.0,76,0,0,76,69,69,68,0.007362,0.013773,0.027187,1,1,1,1997.8
weighted_round_robin,3,38,11,15.218,24.546,1.0,1.0,78,0,0,78,73,72,72,0.007346,0.012415,0.025894,1,1,1,1997.8
weighted_round_robin,3,39,1,15.218,24.546,1.0,1.0,78,0,0,78,73,73,72,0.007346,0.012415,0.025894,1,1,1,1997.8
weighted_round_robin,3,40,11,15.427,24.789,1.0,1.0,79,0,0,79,77,76,76,0.007562,0.012571,0.026147,1,1,1,1997.8
weighted_round_robin,3,41,1,15.358,24.613,1.0,1.0,76,0,0,76,77,77,76,0.007568,0.012553,0.025953,1,1,1,1997.8
weighted_round_robin,3,42,11,15.676,25.344,1.0,1.0,77,0,0,77,81,80,80,0.007653,0.012618,0.026758,1,1,1,1997.8
weighted_round_robin,3,43,1,15.264,24.517,1.0,1.0,79,0,0,79,81,81,80,0.007396,0.01255,0.025847,1,1,1,1997.8
weighted_round_robin,3,44,11,15.301,24.529,1.0,1.0,79,0,0,79,85,84,84,0.007385,0.01267,0.025847,1,1,1,1997.8
weighted_round_robin,3,45,1,15.475,25.0,1.0,1.0,76,0,0,76,85,85,84,0.007385,0.01267,0.02637,1,1,1,1997.8
weighted_round_robin,3,46,11,15.74,25.575,1.0,1.0,77,0,0,77,89,88,88,0.007514,0.012702,0.027005,1,1,1,1997.8
weighted_round_robin,3,47,1,15.62,24.819,1.0,1.0,79,0,0,79,89,89,88,0.007417,0.01335,0.026093,1,1,1,1997.8
weighted_round_robin,3,48,0,15.324,24.669,1.0,1.0,74,0,0,74,89,89,88,0.007363,0.0126,0.02601,1,1,1,1997.8
weighted_round_robin,3,49,11,15.367,24.574,1.0,1.0,76,0,0,76,93,92,92,0.007424,0.012795,0.025883,1,1,1,1997.8
weighted_round_robin,3,50,1,15.415,24.59,1.0,1.0,76,0,0,76,93,93,92,0.007409,0.012954,0.025883,1,1,1,1997.8
weighted_round_robin,3,51,11,15.537,24.919,1.0,1.0,77,0,0,77,97,96,96,0.007409,0.012954,0.026248,1,1,1,1997.8
weighted_round_robin,3,52,1,15.43,24.874,1.0,1.0,79,0,0,79,97,97,96,0.007414,0.012644,0.026233,1,1,1,1997.8
weighted_round_robin,3,53,11,15.866,25.442,1.0,1.0,76,0,0,76,101,100,100,0.007388,0.013434,0.026776,1,1,1,1997.8
weighted_round_robin,3,54,1,15.557,25.044,1.0,1.0,77,0,0,77,101,101,100,0.007461,0.012805,0.026404,1,1,1,1997.8
weighted_round_robin,3,55,11,15.49,24.852,1.0,1.0,79,0,0,79,105,104,104,0.00765,0.012607,0.026213,1,1,1,1997.8
weighted_round_robin,3,56,1,15.391,24.848,1.0,1.0,79,0,0,79,105,105,104,0.007402,0.012559,0.026213,1,1,1,1997.8
weighted_round_robin,3,57,11,15.472,25.065,1.0,1.0,75,0,0,75,109,108,108,0.007402,0.012559,0.026455,1,1,1,1997.8
weighted_round_robin,3,58,1,15.778,25.383,1.0,1.0,77,0,0,77,109,109,108,0.007323,0.013285,0.026727,1,1,1,1997.8
weighted_round_robin,3,59,11,15.378,24.838,1.0,1.0,78,0,0,78,113,112,112,0.007354,0.012579,0.0262,1,1,1,1997.8
weighted_round_robin,3,60,1,15.573,25.169,1.0,1.0,80,0,0,80,113,113,112,0.007743,0.012388,0.026589,1,1,1,1997.8
weighted_round_robin,3,61,11,15.493,24.924,1.0,1.0,79,0,0,79,117,116,116,0.0075,0.012698,0.026282,1,1,1,1997.8
weighted_round_robin,3,62,1,15.402,24.903,1.0,1.0,79,0,0,79,117,117,116,0.007429,0.012495,0.026282,1,1,1,1997.8
weighted_round_robin,3,63,11,15.554,25.315,1.0,1.0,80,0,0,80,121,120,120,0.007429,0.012495,0.026739,1,1,1,1997.8
weighted_round_robin,3,64,1,15.503,24.963,1.0,1.0,82,0,0,82,121,121,120,0.007555,0.01262,0.026334,1,1,1,1997.8
weighted_round_robin,3,65,11,15.408,24.906,1.0,1.0,79,0,0,79,125,124,124,0.007391,0.012554,0.026279,1,1,1,1997.8
weighted_round_robin,3,66,1,15.571,25.157,1.0,1.0,81,0,0,81,125,125,124,0.007425,0.012751,0.026536,1,1,1,1997.8
weighted_round_robin,3,67,11,15.726,24.809,1.0,1.0,83,0,0,83,129,128,128,0.007369,0.013774,0.026035,1,1,1,1997.8
weighted_round_robin,3,68,1,15.456,24.731,1.0,1.0,83,0,0,83,129,129,128,0.007338,0.012996,0.026035,1,1,1,1997.8
weighted_round_robin,3,69,11,15.675,25.321,1.0,1.0,84,0,0,84,133,132,132,0.007338,0.012996,0.02669,1,1,1,1997.8
weighted_round_robin,3,70,1,15.374,24.837,1.0,1.0,80,0,0,80,133,133,132,0.00742,0.012492,0.026209,1,1,1,1997.8
weighted_round_robin,3,71,1,15.331,24.676,1.0,1.0,81,0,0,81,133,133,133,0.00745,0.012516,0.026027,1,1,1,1997.8
weighted_round_robin,3,72,10,15.622,25.201,1.0,1.0,83,0,0,83,137,136,136,0.007732,0.012525,0.026609,1,1,1,1997.8
weighted_round_robin,3,73,1,15.611,25.321,1.0,1.0,79,0,0,79,137,137,136,0.007504,0.012595,0.026735,1,1,1,1997.8
weighted_round_robin,3,74,11,15.655,25.321,1.0,1.0,79,0,0,79,141,140,140,0.007636,0.012595,0.026735,1,1,1,1997.8
weighted_round_robin,3,75,1,15.478,24.833,1.0,1.0,81,0,0,81,141,141,140,0.007636,0.012608,0.026191,1,1,1,1997.8
weighted_round_robin,3,76,11,15.368,24.913,1.0,1.0,83,0,0,83,145,144,144,0.00752,0.012266,0.026318,1,1,1,1997.8
weighted_round_robin,3,77,1,15.364,24.749,1.0,1.0,78,0,0,78,145,145,144,0.007414,0.012575,0.026102,1,1,1,1997.8
weighted_round_robin,3,78,11,15.392,24.8,1.0,1.0,80,0,0,80,149,148,148,0.007426,0.012594,0.026156,1,1,1,1997.8
weighted_round_robin,3,79,1,15.635,25.143,1.0,1.0,81,0,0,81,149,149,148,0.007429,0.01298,0.026495,1,1,1,1997.8
weighted_round_robin,3,80,11,15.626,25.143,1.0,1.0,81,0,0,81,153,152,152,0.007403,0.01298,0.026495,1,1,1,1997.8
weighted_round_robin,3,81,1,15.515,24.956,1.0,1.0,83,0,0,83,153,153,152,0.007403,0.012839,0.026302,1,1,1,1997.8
weighted_round_robin,3,82,11,15.494,25.071,1.0,1.0,79,0,0,79,157,156,156,0.007392,0.012639,0.026452,1,1,1,1997.8
weighted_round_robin,3,83,1,15.257,24.491,1.0,1.0,81,0,0,81,157,157,156,0.007351,0.012608,0.025811,1,1,1,1997.8
weighted_round_robin,3,84,11,15.55,25.119,1.0,1.0,83,0,0,83,161,160,160,0.007288,0.012883,0.026478,1,1,1,1997.8
weighted_round_robin,3,85,1,15.713,25.479,1.0,1.0,80,0,0,80,161,161,160,0.007437,0.012817,0.026886,1,1,1,1997.8
weighted_round_robin,3,86,11,15.693,25.479,1.0,1.0,80,0,0,80,165,164,164,0.007377,0.012817,0.026886,1,1,1,1997.8
weighted_round_robin,3,87,1,15.592,25.4,1.0,1.0,82,0,0,82,165,165,164,0.007377,0.012574,0.026825,1,1,1,1997.8
weighted_round_robin,3,88,11,15.798,25.064,1.0,1.0,83,0,0,83,169,168,168,0.007795,0.013218,0.02638,1,1,1,1997.8
weighted_round_robin,3,89,1,15.765,25.041,1.0,1.0,85,0,0,85,169,169,168,0.008277,0.012595,0.026424,1,1,1,1997.8
weighted_round_robin,3,90,11,15.504,24.829,1.0,1.0,80,0,0,80,173,172,172,0.007421,0.012942,0.02615,1,1,1,1997.8
weighted_round_robin,3,91,1,15.535,24.948,1.0,1.0,82,0,0,82,173,173,172,0.007434,0.012883,0.026289,1,1,1,1997.8
weighted_round_robin,3,92,11,15.545,24.948,1.0,1.0,82,0,0,82,177,176,176,0.007462,0.012883,0.026289,1,1,1,1997.8
weighted_round_robin,3,93,1,15.585,25.072,1.0,1.0,84,0,0,84,177,177,176,0.007462,0.012863,0.026429,1,1,1,1997.8
weighted_round_robin,3,94,7,15.421,25.012,1.0,1.0,80,0,0,80,179,179,179,0.007319,0.012548,0.026397,1,1,1,1997.8
weighted_round_robin,3,95,4,15.604,25.442,1.0,1.0,82,0,0,82,181,180,180,0.007361,0.012579,0.026871,1,1,1,1997.8
weighted_round_robin,3,96,1,15.45,24.977,1.0,1.0,83,0,0,83,181,181,180,0.007428,0.012566,0.026356,1,1,1,1997.8
weighted_round_robin,3,97,11,15.707,24.883,1.0,1.0,80,0,0,80,185,184,184,0.008101,0.012793,0.026226,1,1,1,1997.8
weighted_round_robin,3,98,1,15.564,24.883,1.0,1.0,80,0,0,80,185,185,184,0.007674,0.012793,0.026226,1,1,1,1997.8
weighted_round_robin,3,99,11,15.664,25.132,1.0,1.0,81,0,0,81,189,188,188,0.007674,0.012818,0.0265,1,1,1,1997.8
weighted_round_robin,3,100,1,15.53,24.94,1.0,1.0,83,0,0,83,189,189,188,0.007668,0.012612,0.02631,1,1,1,1997.8
weighted_round_robin,3,101,11,15.555,25.112,1.0,1.0,85,0,0,85,193,192,192,0.007408,0.012773,0.026483,1,1,1,1997.8
weighted_round_robin,3,102,1,15.592,25.246,1.0,1.0,80,0,0,80,193,193,192,0.007365,0.012781,0.026631,1,1,1,1997.8
weighted_round_robin,3,103,11,15.679,25.131,1.0,1.0,82,0,0,82,197,196,196,0.007613,0.012938,0.026486,1,1,1,1997.8
weighted_round_robin,3,104,1,15.614,25.131,1.0,1.0,82,0,0,82,197,197,196,0.007418,0.012938,0.026486,1,1,1,1997.8
weighted_round_robin,3,105,11,15.603,25.372,1.0,1.0,83,0,0,83,201,200,200,0.007418,0.012599,0.026791,1,1,1,1997.8
weighted_round_robin,3,106,1,15.673,25.262,1.0,1.0,80,0,0,80,201,201,200,0.007533,0.012845,0.026642,1,1,1,1997.8
weighted_round_robin,3,107,11,15.274,24.336,1.0,1.0,82,0,0,82,205,204,204,0.007608,0.012572,0.025643,1,1,1,1997.8
weighted_round_robin,3,108,1,15.599,25.18,1.0,1.0,83,0,0,83,205,205,204,0.007623,0.012595,0.026578,1,1,1,1997.8
weighted_round_robin,3,109,11,15.284,24.267,1.0,1.0,85,0,0,85,209,208,208,0.007438,0.012882,0.025532,1,1,1,1997.8
weighted_round_robin,3,110,1,15.273,24.267,1.0,1.0,85,0,0,85,209,209,208,0.007404,0.012882,0.025532,1,1,1,1997.8
weighted_round_robin,3,111,11,15.361,24.779,1.0,1.0,80,0,0,80,213,212,212,0.007404,0.012539,0.026139,1,1,1,1997.8
weighted_round_robin,3,112,1,15.389,24.719,1.0,1.0,82,0,0,82,213,213,212,0.007564,0.012531,0.026073,1,1,1,1997.8
weighted_round_robin,3,113,11,15.282,24.534,1.0,1.0,83,0,0,83,217,216,216,0.007431,0.012551,0.025865,1,1,1,1997.8
weighted_round_robin,3,114,1,15.575,24.755,1.0,1.0,80,0,0,80,217,217,216,0.007391,0.013306,0.026027,1,1,1,1997.8
weighted_round_robin,3,115,11,15.501,25.123,1.0,1.0,82,0,0,82,221,220,220,0.007403,0.012585,0.026516,1,1,1,1997.8
weighted_round_robin,3,116,1,15.892,25.123,1.0,1.0,82,0,0,82,221,221,220,0.008576,0.012585,0.026516,1,1,1,1997.8
weighted_round_robin,3,117,11,15.69,24.575,1.0,1.0,83,0,0,83,225,224,224,0.008576,0.012587,0.025907,1,1,1,1997.8
weighted_round_robin,3,118,1,15.695,24.771,1.0,1.0,80,0,0,80,225,225,224,0.008209,0.012773,0.026104,1,1,1,1997.8
weighted_round_robin,3,119,0,15.26,24.436,1.0,1.0,81,0,0,81,225,225,224,0.007464,0.012561,0.025756,1,1,1,1997.8
random,1,0,0,15.567,25.092,1.0,1.0,0,0,0,0,0,0,0,0.007638,0.01258,0.026482,1,1,1,2038.6
random,1,1,1,15.49,25.093,0.3333,0.3333,0,0,0,0,1,0,0,0.0074,0.012588,0.026482,1,1,1,2038.6
random,1,2,1,15.316,24.622,0.6667,0.6667,76,0,0,76,1,1,0,0.0074,0.012588,0.025959,1,1,1,2038.6
random,1,3,11,15.942,25.534,0.9883,0.9883,78,0,0,78,4,5,4,0.007304,0.013668,0.026853,1,1,1,2038.6
random,1,4,1,15.22,24.422,0.9899,0.9899,79,0,0,79,5,5,4,0.007402,0.012514,0.025745,1,1,1,2038.6
random,1,5,11,15.565,25.12,0.9874,0.9874,81,0,0,81,9,7,9,0.00739,0.012818,0.026487,1,1,1,2038.6
random,1,6,1,15.465,24.854,0.9971,0.9971,76,0,0,76,9,8,9,0.007388,0.012817,0.026191,1,1,1,2038.6
random,1,7,11,15.412,24.834,0.9772,0.9772,76,0,0,76,15,11,11,0.007428,0.012617,0.026191,1,1,1,2038.6
random,1,8,11,15.382,24.753,0.9821,0.9821,78,0,0,78,18,13,17,0.007428,0.012617,0.026101,1,1,1,2038.6
random,1,9,1,15.506,25.089,0.9893,0.9893,80,0,0,80,18,14,17,0.007454,0.012586,0.026478,1,1,1,2038.6
random,1,10,1,15.812,24.981,0.985,0.985,76,0,0,76,19,14,17,0.007562,0.013632,0.026242,1,1,1,2038.6
random,1,11,1,15.479,25.054,0.9797,0.9797,77,0,0,77,20,14,17,0.007427,0.01257,0.026441,1,1,1,2038.6
random,1,12,11,15.652,24.953,0.9933,0.9933,79,0,0,79,23,19,20,0.007385,0.013325,0.026245,1,1,1,2038.6
random,1,13,1,15.434,24.883,0.9955,0.9955,79,0,0,79,23,20,20,0.007434,0.012623,0.026245,1,1,1,2038.6
random,1,14,1,15.354,24.666,0.9922,0.9922,75,0,0,75,24,20,20,0.007434,0.012623,0.026004,1,1,1,2038.6
random,1,15,11,15.608,25.347,0.9874,0.9874,76,0,0,76,29,23,23,0.007488,0.012569,0.026767,1,1,1,2038.6
random,1,16,11,15.512,25.227,0.9965,0.9965,78,0,0,78,31,27,28,0.007329,0.012575,0.026633,1,1,1,2038.6
random,1,17,11,15.52,25.293,0.9947,0.9947,80,0,0,80,34,29,34,0.007301,0.012551,0.026709,1,1,1,2038.6
random,1,18,1,15.393,24.859,0.9967,0.9967,76,0,0,76,34,30,34,0.00737,0.012585,0.026223,1,1,1,2038.6
random,1,19,1,15.483,24.862,0.9957,0.9957,76,0,0,76,35,30,34,0.00761,0.012616,0.026223,1,1,1,2038.6
random,1,20,11,15.428,24.714,0.9949,0.9949,77,0,0,77,38,33,39,0.00761,0.012616,0.026058,1,1,1,2038.6
random,1,21,1,16.128,25.828,0.9942,0.9942,79,0,0,79,39,33,39,0.007625,0.01357,0.02719,1,1,1,2038.6
random,1,22,1,15.368,24.804,0.9932,0.9932,75,0,0,75,40,33,39,0.007346,0.012597,0.02616,1,1,1,2038.6
random,1,23,11,15.869,25.189,0.9949,0.9949,76,0,0,76,44,37,42,0.008043,0.013023,0.026541,1,1,1,2038.6
random,1,24,11,15.511,25.142,0.9933,0.9933,78,0,0,78,45,40,49,0.007411,0.012584,0.026537,1,1,1,2038.6
random,1,25,1,15.773,25.217,0.9918,0.9918,78,0,0,78,45,40,50,0.007449,0.013333,0.026537,1,1,1,2038.6
random,1,26,10,15.688,24.987,0.9897,0.9897,81,0,0,81,49,42,54,0.007449,0.013333,0.026282,1,1,1,2038.6
random,1,27,1,15.484,24.882,0.9896,0.9896,76,0,0,76,50,42,54,0.007421,0.012808,0.026224,1,1,1,2038.6
random,1,28,11,15.573,25.314,0.9903,0.9903,78,0,0,78,56,45,56,0.007413,0.012576,0.026729,1,1,1,2038.6
random,1,29,1,15.408,24.882,0.9895,0.9895,79,0,0,79,57,45,56,0.007348,0.012634,0.026243,1,1,1,2038.6
random,1,30,11,15.544,25.079,0.9908,0.9908,76,0,0,76,62,49,58,0.007378,0.012813,0.026442,1,1,1,2038.6
random,1,31,1,15.513,25.065,0.9897,0.9897,76,0,0,76,63,49,58,0.007428,0.012668,0.026442,1,1,1,2038.6
random,1,32,1,15.438,24.862,0.9884,0.9884,77,0,0,77,64,49,58,0.007428,0.012668,0.026217,1,1,1,2038.6
random,1,33,1,15.743,24.79,0.9901,0.9901,78,0,0,78,64,50,58,0.008234,0.012883,0.026113,1,1,1,2038.6
random,1,34,1,15.347,24.699,0.9916,0.9916,74,0,0,74,64,51,58,0.007347,0.012658,0.026037,1,1,1,2038.6
random,1,35,1,15.57,24.962,0.9929,0.9929,75,0,0,75,64,52,58,0.007677,0.012708,0.026324,1,1,1,2038.6
random,1,36,11,15.445,24.753,0.9964,0.9964,77,0,0,77,66,57,62,0.007405,0.012854,0.026075,1,1,1,2038.6
random,1,37,1,15.388,24.731,0.9957,0.9957,77,0,0,77,67,57,62,0.007455,0.012634,0.026075,1,1,1,2038.6
random,1,38,11,15.45,24.899,0.9929,0.9929,78,0,0,78,71,58,68,0.007455,0.012634,0.026262,1,1,1,2038.6
random,1,39,1,15.208,24.39,0.9921,0.9921,75,0,0,75,72,58,68,0.007341,0.012582,0.025702,1,1,1,2038.6
random,1,40,1,15.355,24.661,0.9912,0.9912,76,0,0,76,73,58,68,0.00745,0.012617,0.025999,1,1,1,2038.6
random,1,41,1,15.45,24.768,0.9925,0.9925,77,0,0,77,73,59,68,0.007385,0.012875,0.02609,1,1,1,2038.6
random,1,42,11,15.695,25.13,0.9927,0.9927,74,0,0,74,76,62,73,0.007357,0.013282,0.026446,1,1,1,2038.6
random,1,43,11,15.487,25.062,0.9942,0.9942,74,0,0,74,78,66,78,0.007406,0.012609,0.026446,1,1,1,2038.6
random,1,44,11,15.408,24.85,0.9916,0.9916,76,0,0,76,80,68,85,0.007406,0.012609,0.02621,1,1,1,2038.6
random,1,45,11,15.364,24.784,0.9914,0.9914,78,0,0,78,84,71,89,0.007384,0.012567,0.026141,1,1,1,2038.6
random,1,46,1,15.373,24.571,0.9911,0.9911,80,0,0,80,85,71,89,0.007432,0.012808,0.025878,1,1,1,2038.6
random,1,47,1,15.719,25.336,0.9909,0.9909,75,0,0,75,86,71,89,0.007399,0.013058,0.0267,1,1,1,2038.6
random,1,48,1,15.415,24.917,0.992,0.992,76,0,0,76,86,72,89,0.007369,0.012588,0.026287,1,1,1,2038.6
random,1,49,11,15.409,24.914,0.9919,0.9919,76,0,0,76,87,76,95,0.007383,0.012556,0.026287,1,1,1,2038.6
random,1,50,1,15.351,24.757,0.9918,0.9918,78,0,0,78,88,76,95,0.007383,0.012556,0.026113,1,1,1,2038.6
random,1,51,1,15.466,25.058,0.9927,0.9927,74,0,0,74,88,77,95,0.007399,0.012551,0.026448,1,1,1,2038.6
random,1,52,0,15.305,24.7,0.9927,0.9927,75,0,0,75,88,77,95,0.007363,0.012495,0.026056,1,1,1,2038.6
random,1,53,1,15.601,25.109,0.9936,0.9936,76,0,0,76,88,78,95,0.007585,0.012734,0.026484,1,1,1,2038.6
random,1,54,1,15.481,24.847,0.9944,0.9944,71,0,0,71,88,79,95,0.007412,0.012852,0.02618,1,1,1,2038.6
random,1,55,11,15.521,24.86,0.9949,0.9949,71,0,0,71,91,83,99,0.007399,0.012984,0.02618,1,1,1,2038.6
random,1,56,1,15.602,25.08,0.9955,0.9955,73,0,0,73,91,84,99,0.007399,0.012984,0.026424,1,1,1,2038.6
random,1,57,1,15.52,25.014,0.9956,0.9956,74,0,0,74,92,84,99,0.007394,0.012794,0.026372,1,1,1,2038.6
random,1,58,1,15.522,24.718,0.9962,0.9962,75,0,0,75,92,85,99,0.007737,0.012785,0.026044,1,1,1,2038.6
random,1,59,1,15.471,25.068,0.9962,0.9962,73,0,0,73,93,85,99,0.007411,0.012541,0.02646,1,1,1,2038.6
random,1,60,1,15.349,24.777,0.9967,0.9967,74,0,0,74,93,86,99,0.007405,0.012501,0.026141,1,1,1,2038.6
random,1,61,1,15.38,24.784,0.9972,0.9972,74,0,0,74,93,87,99,0.007428,0.012572,0.026141,1,1,1,2038.6
random,1,62,1,15.467,25.018,0.9977,0.9977,75,0,0,75,93,88,99,0.007428,0.012572,0.026401,1,1,1,2038.6
random,1,63,11,15.889,24.708,0.997,0.997,73,0,0,73,96,91,104,0.008906,0.012721,0.02604,1,1,1,2038.6
random,1,64,1,15.271,24.614,0.997,0.997,75,0,0,75,97,91,104,0.00732,0.012538,0.025956,1,1,1,2038.6
random,1,65,11,15.409,24.695,0.9977,0.9977,77,0,0,77,101,95,107,0.007601,0.012585,0.026041,1,1,1,2038.6
random,1,66,1,15.457,24.771,0.9976,0.9976,78,0,0,78,102,95,107,0.007664,0.012581,0.026126,1,1,1,2038.6
random,1,67,1,15.357,24.771,0.998,0.998,78,0,0,78,102,96,107,0.007365,0.012581,0.026126,1,1,1,2038.6
random,1,68,1,15.441,25.014,0.9984,0.9984,73,0,0,73,102,97,107,0.007365,0.01256,0.026398,1,1,1,2038.6
random,1,69,1,15.55,25.268,0.9987,0.9987,74,0,0,74,102,98,107,0.007395,0.012578,0.026678,1,1,1,2038.6
random,1,70,1,15.338,24.72,0.999,0.999,75,0,0,75,102,99,107,0.007385,0.012556,0.026072,1,1,1,2038.6
random,1,71,11,15.459,25.03,0.999,0.999,72,0,0,72,105,103,111,0.007347,0.012622,0.026409,1,1,1,2038.6
random,1,72,1,15.383,24.755,0.999,0.999,73,0,0,73,106,103,111,0.007397,0.012654,0.026099,1,1,1,2038.6
random,1,73,11,15.372,24.755,0.9989,0.9989,73,0,0,73,110,106,115,0.007364,0.012654,0.026099,1,1,1,2038.6
random,1,74,11,15.284,24.615,0.9986,0.9986,75,0,0,75,112,110,120,0.007364,0.01253,0.025958,1,1,1,2038.6
random,1,75,1,15.403,24.989,0.9988,0.9988,72,0,0,72,112,111,120,0.007377,0.012449,0.026382,1,1,1,2038.6
random,1,76,1,15.395,24.831,0.9989,0.9989,73,0,0,73,113,111,120,0.007412,0.012581,0.026192,1,1,1,2038.6
random,1,77,1,16.166,25.919,0.9989,0.9989,74,0,0,74,114,111,120,0.008214,0.012921,0.027363,1,1,1,2038.6
random,1,78,11,15.292,24.626,0.999,0.999,77,0,0,77,119,114,123,0.007364,0.012543,0.025968,1,1,1,2038.6
random,1,79,1,15.28,24.626,0.9992,0.9992,77,0,0,77,119,115,123,0.007328,0.012543,0.025968,1,1,1,2038.6
random,1,80,11,15.335,24.848,0.9984,0.9984,71,0,0,71,122,117,129,0.007328,0.012451,0.026225,1,1,1,2038.6
random,1,81,1,15.327,24.615,0.9986,0.9986,73,0,0,73,122,118,129,0.007436,0.012595,0.025951,1,1,1,2038.6
random,1,82,1,15.44,24.574,0.9988,0.9988,74,0,0,74,122,119,129,0.007393,0.013075,0.025852,1,1,1,2038.6
random,1,83,0,15.775,25.166,0.9988,0.9988,71,0,0,71,122,119,129,0.0075,0.013345,0.026479,1,1,1,2038.6
random,1,84,1,15.487,24.84,0.999,0.999,72,0,0,72,122,120,129,0.00743,0.012861,0.026171,1,1,1,2038.6
random,1,85,11,15.49,24.84,0.9986,0.9986,72,0,0,72,125,123,134,0.007438,0.012861,0.026171,1,1,1,2038.6
random,1,86,1,15.507,25.14,0.9987,0.9987,74,0,0,74,126,123,134,0.007438,0.012542,0.02654,1,1,1,2038.6
random,1,87,1,15.423,25.063,0.9989,0.9989,75,0,0,75,126,124,134,0.007334,0.012473,0.026462,1,1,1,2038.6
random,1,88,11,15.735,24.991,0.9983,0.9983,70,0,0,70,130,126,139,0.00822,0.012618,0.026366,1,1,1,2038.6
random,1,89,1,15.598,24.896,0.9985,0.9985,71,0,0,71,130,127,139,0.007698,0.012862,0.026233,1,1,1,2038.6
random,1,90,1,15.475,24.824,0.9986,0.9986,72,0,0,72,131,127,139,0.007635,0.012608,0.026181,1,1,1,2038.6
random,1,91,1,15.398,24.824,0.9988,0.9988,72,0,0,72,131,128,139,0.007406,0.012608,0.026181,1,1,1,2038.6
random,1,92,1,15.516,25.159,0.9989,0.9989,68,0,0,68,131,129,139,0.007406,0.012586,0.026556,1,1,1,2038.6
random,1,93,11,15.659,24.859,0.9991,0.9991,69,0,0,69,136,132,142,0.007941,0.012843,0.026194,1,1,1,2038.6
random,1,94,11,15.536,25.246,0.9991,0.9991,72,0,0,72,139,136,146,0.007387,0.012565,0.026655,1,1,1,2038.6
random,1,95,11,15.306,24.593,0.9994,0.9994,74,0,0,74,141,142,149,0.007391,0.012601,0.025925,1,1,1,2038.6
random,1,96,1,15.386,24.551,0.9994,0.9994,71,0,0,71,141,143,149,0.007683,0.012596,0.025879,1,1,1,2038.6
random,1,97,11,15.294,24.551,0.9992,0.9992,71,0,0,71,142,151,151,0.007408,0.012596,0.025879,1,1,1,2038.6
random,1,98,1,15.66,25.176,0.9994,0.9994,73,0,0,73,143,151,151,0.007408,0.01305,0.026523,1,1,1,2038.6
random,1,99,11,15.398,24.777,0.9996,0.9996,74,0,0,74,148,153,155,0.007415,0.012656,0.026124,1,1,1,2038.6
random,1,100,1,15.752,25.524,0.9996,0.9996,71,0,0,71,148,154,155,0.007467,0.012856,0.026932,1,1,1,2038.6
random,1,101,11,15.397,24.867,0.9996,0.9996,72,0,0,72,152,157,159,0.007404,0.01255,0.026236,1,1,1,2038.6
random,1,102,11,15.841,25.209,0.9989,0.9989,75,0,0,75,153,160,166,0.008349,0.012559,0.026615,1,1,1,2038.6
random,1,103,1,15.531,25.209,0.9991,0.9991,75,0,0,75,154,160,166,0.00742,0.012559,0.026615,1,1,1,2038.6
random,1,104,1,15.468,25.11,0.9992,0.9992,71,0,0,71,155,160,166,0.00742,0.012471,0.026514,1,1,1,2038.6
random,1,105,11,15.381,24.829,0.9995,0.9995,72,0,0,72,160,163,169,0.007391,0.012558,0.026193,1,1,1,2038.6
random,1,106,1,15.578,24.593,0.9995,0.9995,74,0,0,74,160,164,169,0.008234,0.012571,0.025929,1,1,1,2038.6
random,1,107,1,15.639,24.778,0.9995,0.9995,75,0,0,75,160,165,169,0.007418,0.013465,0.026035,1,1,1,2038.6
random,1,108,1,15.543,25.188,0.9995,0.9995,70,0,0,70,160,166,169,0.007364,0.012689,0.026577,1,1,1,2038.6
random,1,109,1,15.559,25.188,0.9995,0.9995,70,0,0,70,160,167,169,0.007412,0.012689,0.026577,1,1,1,2038.6
random,1,110,0,15.476,25.08,0.9995,0.9995,71,0,0,71,160,167,169,0.007412,0.012542,0.026473,1,1,1,2038.6
random,1,111,1,15.413,24.721,0.9996,0.9996,72,0,0,72,161,167,169,0.007638,0.012525,0.026076,1,1,1,2038.6
random,1,112,1,15.68,25.582,0.9995,0.9995,69,0,0,69,161,168,169,0.007421,0.012593,0.027025,1,1,1,2038.6
random,1,113,11,15.78,24.901,0.9989,0.9989,71,0,0,71,162,175,172,0.007441,0.01376,0.026139,1,1,1,2038.6
random,1,114,1,15.659,24.766,0.9988,0.9988,72,0,0,72,162,176,172,0.008251,0.012609,0.026117,1,1,1,2038.6
random,1,115,1,15.374,24.766,0.999,0.999,72,0,0,72,163,176,172,0.007396,0.012609,0.026117,1,1,1,2038.6
random,1,116,1,15.277,24.535,0.9991,0.9991,73,0,0,73,164,176,172,0.007396,0.01257,0.025864,1,1,1,2038.6
random,1,117,1,15.614,25.473,0.9993,0.9993,69,0,0,69,165,176,172,0.007395,0.012538,0.02691,1,1,1,2038.6
random,1,118,1,15.499,25.161,0.9992,0.9992,70,0,0,70,165,177,172,0.007391,0.012544,0.026563,1,1,1,2038.6
random,1,119,1,15.47,24.884,0.9993,0.9993,71,0,0,71,166,177,172,0.007413,0.012765,0.026231,1,1,1,2038.6
random,2,0,0,15.623,24.888,1.0,1.0,0,0,0,0,0,0,0,0.007705,0.012949,0.026215,1,1,1,2155.6
random,2,1,1,15.472,25.048,0.3333,0.3333,71,0,0,71,0,1,0,0.007439,0.012539,0.026438,1,1,1,2155.6
random,2,2,1,15.754,25.135,0.6667,0.6667,71,0,0,71,1,1,0,0.007411,0.013412,0.026438,1,1,1,2155.6
random,2,3,11,15.54,24.559,0.9235,0.9235,73,0,0,73,4,3,6,0.007411,0.013412,0.025797,1,1,1,2155.6
random,2,4,11,15.749,25.65,0.9697,0.9697,70,0,0,70,7,7,10,0.007432,0.012729,0.027086,1,1,1,2155.6
random,2,5,1,15.446,24.912,0.9781,0.9781,71,0,0,71,7,8,10,0.007399,0.012665,0.026273,1,1,1,2155.6
random,2,6,1,15.491,25.085,0.9883,0.9883,72,0,0,72,8,8,10,0.007414,0.012585,0.026474,1,1,1,2155.6
random,2,7,1,15.557,25.287,0.9918,0.9918,69,0,0,69,9,8,10,0.007427,0.012541,0.026703,1,1,1,2155.6
random,2,8,1,15.649,25.286,0.9975,0.9975,69,0,0,69,9,9,10,0.007708,0.012537,0.026703,1,1,1,2155.6
random,2,9,1,15.558,25.041,0.9976,0.9976,70,0,0,70,10,9,10,0.007708,0.012537,0.02643,1,1,1,2155.6
random,2,10,1,15.496,25.117,1.0,1.0,71,0,0,71,10,10,10,0.007369,0.012612,0.026506,1,1,1,2155.6
random,2,11,1,15.588,25.461,0.9979,0.9979,72,0,0,72,11,10,10,0.007285,0.012586,0.026892,1,1,1,2155.6
random,2,12,1,15.523,25.067,0.9981,0.9981,67,0,0,67,11,11,10,0.007398,0.012732,0.026438,1,1,1,2155.6
random,2,13,1,15.736,25.171,0.9945,0.9945,68,0,0,68,12,11,10,0.007806,0.012865,0.026538,1,1,1,2155.6
random,2,14,1,15.594,25.171,0.988,0.988,68,0,0,68,13,11,10,0.007378,0.012865,0.026538,1,1,1,2155.6
random,2,15,1,15.469,25.073,0.9887,0.9887,69,0,0,69,13,12,10,0.007378,0.012567,0.026463,1,1,1,2155.6
random,2,16,1,15.502,25.122,0.9863,0.9863,66,0,0,66,13,13,10,0.007422,0.012568,0.026517,1,1,1,2155.6
random,2,17,1,15.358,24.744,0.9814,0.9814,67,0,0,67,14,13,10,0.007395,0.012585,0.026095,1,1,1,2155.6
random,2,18,11,15.523,25.192,0.9821,0.9821,69,0,0,69,17,18,13,0.007436,0.012533,0.026599,1,1,1,2155.6
random,2,19,1,15.449,24.694,0.9796,0.9796,65,0,0,65,18,18,13,0.007743,0.012562,0.026042,1,1,1,2155.6
random,2,20,1,15.341,24.694,0.9758,0.9758,65,0,0,65,19,18,13,0.007419,0.012562,0.026042,1,1,1,2155.6
random,2,21,1,15.438,25.11,0.9731,0.9731,66,0,0,66,19,19,13,0.007419,0.012371,0.026525,1,1,1,2155.6
random,2,22,11,15.533,25.078,0.9856,0.9856,67,0,0,67,20,24,18,0.007381,0.012772,0.026445,1,1,1,2155.6
random,2,23,1,15.348,24.695,0.9866,0.9866,69,0,0,69,21,24,18,0.007399,0.012607,0.026038,1,1,1,2155.6
random,2,24,1,15.412,24.891,0.9865,0.9865,65,0,0,65,22,24,18,0.007406,0.012569,0.02626,1,1,1,2155.6
random,2,25,11,15.331,24.638,0.9863,0.9863,67,0,0,67,24,29,22,0.007444,0.012571,0.025979,1,1,1,2155.6
random,2,26,1,15.294,24.638,0.9874,0.9874,67,0,0,67,25,29,22,0.007332,0.012571,0.025979,1,1,1,2155.6
random,2,27,1,15.374,24.898,0.9837,0.9837,68,0,0,68,25,30,22,0.007332,0.012516,0.026274,1,1,1,2155.6
random,2,28,1,15.728,25.092,0.9845,0.9845,66,0,0,66,26,30,22,0.007381,0.013412,0.02639,1,1,1,2155.6
random,2,29,1,15.302,24.611,0.9845,0.9845,67,0,0,67,27,30,22,0.007369,0.01259,0.025947,1,1,1,2155.6
random,2,30,1,15.597,25.366,0.9813,0.9813,68,0,0,68,27,31,22,0.007391,0.012617,0.026782,1,1,1,2155.6
random,2,31,1,15.359,24.797,0.9776,0.9776,69,0,0,69,27,32,22,0.007379,0.01254,0.026159,1,1,1,2155.6
random,2,32,1,15.453,24.797,0.9779,0.9779,69,0,0,69,28,32,22,0.00766,0.01254,0.026159,1,1,1,2155.6
random,2,33,0,15.486,24.796,0.9779,0.9779,63,0,0,63,28,32,22,0.00766,0.012652,0.026145,1,1,1,2155.6
random,2,34,1,15.14,24.215,0.9743,0.9743,64,0,0,64,28,33,22,0.007411,0.012493,0.025517,1,1,1,2155.6
random,2,35,1,15.432,25.01,0.9743,0.9743,65,0,0,65,29,33,22,0.007341,0.012562,0.026393,1,1,1,2155.6
random,2,36,1,15.539,24.824,0.9707,0.9707,61,0,0,61,29,34,22,0.007377,0.013115,0.026125,1,1,1,2155.6
random,2,37,11,15.768,25.824,0.9878,0.9878,63,0,0,63,34,35,27,0.00742,0.012588,0.027295,1,1,1,2155.6
random,2,38,1,15.785,25.824,0.986,0.986,63,0,0,63,34,36,27,0.007471,0.012588,0.027295,1,1,1,2155.6
random,2,39,1,15.467,24.959,0.985,0.985,64,0,0,64,35,36,27,0.007471,0.012597,0.026332,1,1,1,2155.6
random,2,40,11,15.793,26.002,0.9918,0.9918,60,0,0,60,37,40,32,0.007598,0.01225,0.02753,1,1,1,2155.6
random,2,41,1,15.671,25.284,0.9915,0.9915,61,0,0,61,38,40,32,0.007743,0.012572,0.026697,1,1,1,2155.6
random,2,42,1,15.543,25.163,0.9908,0.9908,62,0,0,62,39,40,32,0.00741,0.012668,0.026551,1,1,1,2155.6
random,2,43,11,15.326,24.631,0.9935,0.9935,64,0,0,64,43,43,36,0.007405,0.012607,0.025967,1,1,1,2155.6
random,2,44,1,15.321,24.631,0.9925,0.9925,64,0,0,64,43,44,36,0.007388,0.012607,0.025967,1,1,1,2155.6
random,2,45,11,15.575,25.166,0.9996,0.9996,61,0,0,61,44,46,44,0.007388,0.012797,0.02654,1,1,1,2155.6
random,2,46,11,16.093,25.934,0.9988,0.9988,63,0,0,63,46,49,50,0.008284,0.012578,0.027418,1,1,1,2155.6
random,2,47,1,15.356,24.575,0.9985,0.9985,65,0,0,65,46,50,50,0.007593,0.012565,0.025909,1,1,1,2155.6
random,2,48,1,15.745,24.823,0.9981,0.9981,62,0,0,62,46,51,50,0.007588,0.013574,0.026073,1,1,1,2155.6
random,2,49,1,15.404,24.91,0.9988,0.9988,63,0,0,63,47,51,50,0.007401,0.012526,0.026286,1,1,1,2155.6
random,2,50,1,15.472,24.91,0.9994,0.9994,63,0,0,63,48,51,50,0.007604,0.012526,0.026286,1,1,1,2155.6
random,2,51,1,15.517,24.647,0.9989,0.9989,64,0,0,64,48,52,50,0.007604,0.013006,0.02594,1,1,1,2155.6
random,2,52,1,15.658,25.118,0.9994,0.9994,65,0,0,65,49,52,50,0.007441,0.013076,0.026456,1,1,1,2155.6
random,2,53,1,15.607,25.287,0.9989,0.9989,62,0,0,62,49,53,50,0.007435,0.0127,0.026686,1,1,1,2155.6
random,2,54,1,15.538,25.174,0.9992,0.9992,63,0,0,63,50,53,50,0.007466,0.012573,0.026574,1,1,1,2155.6
random,2,55,11,15.713,25.534,0.9979,0.9979,66,0,0,66,52,54,58,0.007594,0.01257,0.026975,1,1,1,2155.6
random,2,56,1,15.713,25.534,0.998,0.998,66,0,0,66,52,55,58,0.007594,0.01257,0.026975,1,1,1,2155.6
random,2,57,1,15.605,24.921,0.9986,0.9986,62,0,0,62,53,55,58,0.007844,0.012692,0.02628,1,1,1,2155.6
random,2,58,11,16.237,26.059,0.9969,0.9969,63,0,0,63,55,59,63,0.008345,0.012837,0.027528,1,1,1,2155.6
random,2,59,11,15.677,25.291,0.9962,0.9962,65,0,0,65,61,59,68,0.007411,0.01296,0.026661,1,1,1,2155.6
random,2,60,1,16.096,26.263,0.9965,0.9965,63,0,0,63,62,59,68,0.007397,0.013173,0.027718,1,1,1,2155.6
random,2,61,1,15.426,24.929,0.9966,0.9966,64,0,0,64,63,59,68,0.007435,0.012538,0.026306,1,1,1,2155.6
random,2,62,1,15.426,24.929,0.9973,0.9973,64,0,0,64,63,60,68,0.007435,0.012538,0.026306,1,1,1,2155.6
random,2,63,1,15.519,25.177,0.9974,0.9974,65,0,0,65,64,60,68,0.007434,0.012542,0.026581,1,1,1,2155.6
random,2,64,0,15.464,24.816,0.9974,0.9974,66,0,0,66,64,60,68,0.007663,0.012549,0.026179,1,1,1,2155.6
random,2,65,1,15.375,24.737,0.998,0.998,62,0,0,62,64,61,68,0.007394,0.01265,0.02608,1,1,1,2155.6
random,2,66,1,15.3,24.621,0.9985,0.9985,63,0,0,63,64,62,68,0.00739,0.012548,0.025962,1,1,1,2155.6
random,2,67,1,15.638,24.373,0.9989,0.9989,64,0,0,64,64,63,68,0.008683,0.012543,0.025688,1,1,1,2155.6
random,2,68,1,15.638,24.373,0.999,0.999,64,0,0,64,65,63,68,0.008683,0.012543,0.025688,1,1,1,2155.6
random,2,69,1,15.466,25.065,0.999,0.999,62,0,0,62,66,63,68,0.007386,0.012556,0.026455,1,1,1,2155.6
random,2,70,1,15.455,25.036,0.9994,0.9994,63,0,0,63,66,64,68,0.007417,0.01252,0.026427,1,1,1,2155.6
random,2,71,1,15.528,25.183,0.9993,0.9993,64,0,0,64,67,64,68,0.007371,0.012635,0.026577,1,1,1,2155.6
random,2,72,1,15.442,24.77,0.9997,0.9997,65,0,0,65,67,65,68,0.007452,0.012771,0.026103,1,1,1,2155.6
random,2,73,1,15.342,24.718,0.9996,0.9996,62,0,0,62,68,65,68,0.007381,0.012578,0.026067,1,1,1,2155.6
random,2,74,1,15.319,24.718,0.9994,0.9994,62,0,0,62,69,65,68,0.007313,0.012578,0.026067,1,1,1,2155.6
random,2,75,1,15.432,25.044,0.9997,0.9997,63,0,0,63,69,66,68,0.007313,0.01255,0.026432,1,1,1,2155.6
random,2,76,1,15.532,25.005,0.9999,0.9999,64,0,0,64,69,67,68,0.007421,0.012814,0.02636,1,1,1,2155.6
random,2,77,1,15.734,25.568,0.9997,0.9997,62,0,0,62,70,67,68,0.007376,0.012843,0.026982,1,1,1,2155.6
random,2,78,11,15.69,25.516,0.9999,0.9999,64,0,0,64,72,71,73,0.007409,0.012723,0.026938,1,1,1,2155.6
random,2,79,11,15.669,25.147,1.0,1.0,66,0,0,66,75,76,76,0.007633,0.012862,0.026512,1,1,1,2155.6
random,2,80,1,15.606,25.147,0.9999,0.9999,66,0,0,66,75,77,76,0.007445,0.012862,0.026512,1,1,1,2155.6
random,2,81,1,15.303,24.718,1.0,1.0,67,0,0,67,76,77,76,0.007445,0.012376,0.026089,1,1,1,2155.6
random,2,82,1,15.368,24.761,0.9998,0.9998,63,0,0,63,76,78,76,0.007429,0.012557,0.026117,1,1,1,2155.6
random,2,83,1,15.492,25.098,0.9997,0.9997,64,0,0,64,76,79,76,0.007434,0.012549,0.026492,1,1,1,2155.6
random,2,84,1,15.495,25.137,0.9997,0.9997,65,0,0,65,77,79,76,0.007389,0.012562,0.026534,1,1,1,2155.6
random,2,85,1,15.524,25.146,0.9997,0.9997,62,0,0,62,78,79,76,0.007426,0.012606,0.026539,1,1,1,2155.6
random,2,86,11,15.63,25.176,0.9998,0.9998,62,0,0,62,81,83,80,0.007443,0.012908,0.026539,1,1,1,2155.6
random,2,87,1,15.594,25.08,0.9996,0.9996,64,0,0,64,81,84,80,0.007443,0.012908,0.026432,1,1,1,2155.6
random,2,88,1,15.458,24.986,0.9993,0.9993,65,0,0,65,81,85,80,0.007402,0.012611,0.026361,1,1,1,2155.6
random,2,89,1,15.406,24.873,0.999,0.999,62,0,0,62,81,86,80,0.007407,0.012571,0.02624,1,1,1,2155.6
random,2,90,1,15.551,25.234,0.9986,0.9986,63,0,0,63,81,87,80,0.007451,0.01256,0.026642,1,1,1,2155.6
random,2,91,1,15.577,25.082,0.9987,0.9987,64,0,0,64,82,87,80,0.00744,0.012851,0.026441,1,1,1,2155.6
random,2,92,1,15.312,24.422,0.9988,0.9988,65,0,0,65,83,87,80,0.007434,0.012786,0.025715,1,1,1,2155.6
random,2,93,11,15.312,24.422,0.9983,0.9983,65,0,0,65,85,92,84,0.007434,0.012786,0.025715,1,1,1,2155.6
random,2,94,1,15.616,25.281,0.9979,0.9979,63,0,0,63,85,93,84,0.007388,0.01279,0.026669,1,1,1,2155.6
random,2,95,1,15.418,24.661,0.9974,0.9974,64,0,0,64,85,94,84,0.007353,0.012939,0.025963,1,1,1,2155.6
random,2,96,1,15.281,24.536,0.9968,0.9968,65,0,0,65,85,95,84,0.007407,0.012572,0.025865,1,1,1,2155.6
random,2,97,1,15.32,24.698,0.9962,0.9962,62,0,0,62,85,96,84,0.00739,0.012517,0.026052,1,1,1,2155.6
random,2,98,1,15.428,24.899,0.9956,0.9956,63,0,0,63,85,97,84,0.007427,0.012591,0.026266,1,1,1,2155.6
random,2,99,1,15.399,24.899,0.9959,0.9959,63,0,0,63,86,97,84,0.007341,0.012591,0.026266,1,1,1,2155.6
random,2,100,0,15.703,25.709,0.9959,0.9959,64,0,0,64,86,97,84,0.007341,0.012603,0.027165,1,1,1,2155.6
random,2,101,1,15.619,25.212,0.9952,0.9952,65,0,0,65,86,98,84,0.007389,0.012885,0.026582,1,1,1,2155.6
random,2,102,11,15.509,25.005,0.9952,0.9952,62,0,0,62,90,102,87,0.007407,0.012753,0.026366,1,1,1,2155.6
random,2,103,1,15.474,24.816,0.9945,0.9945,63,0,0,63,90,103,87,0.007434,0.012841,0.026147,1,1,1,2155.6
random,2,104,1,15.655,25.119,0.9938,0.9938,64,0,0,64,90,104,87,0.007451,0.013054,0.02646,1,1,1,2155.6
random,2,105,1,15.633,25.119,0.9941,0.9941,64,0,0,64,91,104,87,0.007384,0.013054,0.02646,1,1,1,2155.6
random,2,106,1,15.431,24.983,0.9934,0.9934,60,0,0,60,91,105,87,0.007384,0.012543,0.026365,1,1,1,2155.6
random,2,107,11,15.362,24.783,0.9936,0.9936,65,0,0,65,94,109,91,0.007388,0.012557,0.026142,1,1,1,2155.6
random,2,108,1,15.717,25.449,0.9939,0.9939,63,0,0,63,95,109,91,0.007386,0.012924,0.026841,1,1,1,2155.6
random,2,109,11,15.985,25.011,0.9941,0.9941,65,0,0,65,98,113,95,0.00773,0.013989,0.026236,1,1,1,2155.6
random,2,110,1,15.364,24.778,0.9943,0.9943,62,0,0,62,99,113,95,0.007396,0.012559,0.026136,1,1,1,2155.6
random,2,111,1,15.37,24.78,0.9946,0.9946,62,0,0,62,100,113,95,0.007398,0.012576,0.026136,1,1,1,2155.6
random,2,112,1,15.389,24.831,0.9939,0.9939,63,0,0,63,100,114,95,0.007398,0.012576,0.026193,1,1,1,2155.6
random,2,113,11,15.602,24.926,0.9935,0.9935,64,0,0,64,105,118,97,0.007452,0.013115,0.026238,1,1,1,2155.6
random,2,114,1,15.252,24.55,0.9928,0.9928,62,0,0,62,105,119,97,0.007319,0.012554,0.025883,1,1,1,2155.6
random,2,115,1,15.56,25.36,0.993,0.993,63,0,0,63,106,119,97,0.007337,0.01256,0.026782,1,1,1,2155.6
random,2,116,11,15.235,24.346,0.9955,0.9955,65,0,0,65,109,121,103,0.007384,0.012677,0.025643,1,1,1,2155.6
random,2,117,1,15.195,24.331,0.9956,0.9956,65,0,0,65,110,121,103,0.00742,0.012522,0.025643,1,1,1,2155.6
random,2,118,1,15.331,24.698,0.9951,0.9951,62,0,0,62,110,122,103,0.00742,0.012522,0.026051,1,1,1,2155.6
random,2,119,1,15.372,24.595,0.9952,0.9952,63,0,0,63,111,122,103,0.007423,0.012786,0.025907,1,1,1,2155.6
random,3,0,0,16.015,25.942,1.0,1.0,0,0,0,0,0,0,0,0.007973,0.012653,0.027419,1,1,1,2630.9
random,3,1,1,15.874,25.562,0.3333,0.3333,60,0,0,60,1,0,0,0.007973,0.012653,0.026996,1,1,1,2630.9
random,3,2,1,16.365,26.47,0.6667,0.6667,61,0,0,61,1,1,0,0.007539,0.013662,0.027893,1,1,1,2630.9
random,3,3,1,15.884,25.768,0.6,0.6,62,0,0,62,1,2,0,0.007466,0.012999,0.027187,1,1,1,2630.9
random,3,4,1,15.625,25.361,0.6667,0.6667,63,0,0,63,2,2,0,0.007508,0.012587,0.02678,1,1,1,2630.9
random,3,5,11,15.659,25.075,0.8065,0.8065,62,0,0,62,2,5,8,0.007849,0.012674,0.026453,1,1,1,2630.9
random,3,6,1,15.659,25.075,0.8707,0.8707,62,0,0,62,3,5,8,0.007849,0.012674,0.026453,1,1,1,2630.9
random,3,7,11,16.02,25.928,0.9455,0.9455,63,0,0,63,8,7,12,0.00756,0.013153,0.027348,1,1,1,2630.9
random,3,8,11,15.77,25.574,0.8688,0.8688,66,0,0,66,12,7,19,0.00747,0.012851,0.026988,1,1,1,2630.9
random,3,9,1,16.114,25.972,0.8756,0.8756,63,0,0,63,13,7,19,0.007919,0.01301,0.027412,1,1,1,2630.9
random,3,10,1,15.743,25.257,0.8979,0.8979,64,0,0,64,13,8,19,0.007929,0.012642,0.026659,1,1,1,2630.9
random,3,11,1,15.873,25.338,0.9171,0.9171,64,0,0,64,13,9,19,0.007509,0.013452,0.026659,1,1,1,2630.9
random,3,12,1,16.124,26.015,0.9333,0.9333,65,0,0,65,13,10,19,0.007509,0.013452,0.027411,1,1,1,2630.9
random,3,13,1,15.77,25.195,0.9467,0.9467,62,0,0,62,13,11,19,0.007986,0.012745,0.026578,1,1,1,2630.9
random,3,14,1,15.873,25.677,0.9575,0.9575,63,0,0,63,13,12,19,0.007557,0.012974,0.027088,1,1,1,2630.9
random,3,15,11,15.637,25.346,0.954,0.954,65,0,0,65,16,15,24,0.007494,0.012661,0.026755,1,1,1,2630.9
random,3,16,11,15.636,25.061,0.9824,0.9824,67,0,0,67,21,19,26,0.007511,0.012996,0.026402,1,1,1,2630.9
random,3,17,1,15.636,25.061,0.9864,0.9864,67,0,0,67,21,20,26,0.007511,0.012996,0.026402,1,1,1,2630.9
random,3,18,11,15.579,25.072,0.9731,0.9731,63,0,0,63,24,22,32,0.007453,0.012855,0.02643,1,1,1,2630.9
random,3,19,1,16.0,25.874,0.9771,0.9771,65,0,0,65,24,23,32,0.007665,0.013034,0.027301,1,1,1,2630.9
random,3,20,11,15.318,24.607,0.965,0.965,66,0,0,66,27,25,38,0.007437,0.012573,0.025944,1,1,1,2630.9
random,3,21,1,15.54,25.121,0.9689,0.9689,64,0,0,64,27,26,38,0.007486,0.012623,0.02651,1,1,1,2630.9
random,3,22,11,15.828,25.219,0.9791,0.9791,64,0,0,64,31,30,41,0.00737,0.013604,0.02651,1,1,1,2630.9
random,3,23,1,16.004,25.695,0.9815,0.9815,66,0,0,66,31,31,41,0.00737,0.013604,0.027039,1,1,1,2630.9
random,3,24,1,15.62,24.811,0.9835,0.9835,67,0,0,67,31,32,41,0.007767,0.012965,0.026127,1,1,1,2630.9
random,3,25,1,15.75,25.372,0.985,0.985,64,0,0,64,31,33,41,0.007493,0.013011,0.026745,1,1,1,2630.9
random,3,26,0,15.825,25.406,0.985,0.985,65,0,0,65,31,33,41,0.007735,0.01295,0.02679,1,1,1,2630.9
random,3,27,1,15.554,25.185,0.9861,0.9861,66,0,0,66,31,34,41,0.007471,0.012607,0.026583,1,1,1,2630.9
random,3,28,11,15.554,25.185,0.984,0.984,66,0,0,66,36,35,46,0.007471,0.012607,0.026583,1,1,1,2630.9
random,3,29,1,15.354,24.78,0.9858,0.9858,68,0,0,68,36,36,46,0.007387,0.012533,0.026141,1,1,1,2630.9
random,3,30,1,15.744,25.34,0.9873,0.9873,65,0,0,65,36,37,46,0.007503,0.01302,0.026709,1,1,1,2630.9
random,3,31,1,15.569,25.3,0.9889,0.9889,66,0,0,66,37,37,46,0.007405,0.012589,0.026712,1,1,1,2630.9
random,3,32,11,15.474,25.003,0.9777,0.9777,68,0,0,68,39,39,53,0.0074,0.012647,0.026376,1,1,1,2630.9
random,3,33,1,15.529,25.01,0.9794,0.9794,68,0,0,68,39,40,53,0.007495,0.012715,0.026376,1,1,1,2630.9
random,3,34,1,15.774,25.673,0.9809,0.9809,65,0,0,65,39,41,53,0.007495,0.012715,0.027113,1,1,1,2630.9
random,3,35,1,15.782,25.431,0.9822,0.9822,66,0,0,66,39,42,53,0.007864,0.012629,0.026854,1,1,1,2630.9
random,3,36,1,15.701,25.333,0.9841,0.9841,67,0,0,67,40,42,53,0.007441,0.012952,0.026709,1,1,1,2630.9
random,3,37,11,16.291,26.044,0.9855,0.9855,65,0,0,65,44,45,57,0.008723,0.012615,0.027536,1,1,1,2630.9
random,3,38,11,15.595,25.173,0.9827,0.9827,67,0,0,67,46,49,62,0.007524,0.012703,0.026559,1,1,1,2630.9
random,3,39,1,15.595,25.173,0.9843,0.9843,67,0,0,67,47,49,62,0.007524,0.012703,0.026559,1,1,1,2630.9
random,3,40,11,15.781,25.726,0.9786,0.9786,68,0,0,68,49,52,68,0.007504,0.012661,0.027178,1,1,1,2630.9
random,3,41,11,16.068,25.278,0.9767,0.9767,70,0,0,70,52,55,73,0.007451,0.014248,0.026504,1,1,1,2630.9
random,3,42,11,15.949,25.206,0.9796,0.9796,69,0,0,69,54,61,76,0.008232,0.013061,0.026555,1,1,1,2630.9
random,3,43,11,15.713,25.319,0.9853,0.9853,72,0,0,72,58,66,78,0.007811,0.012596,0.026733,1,1,1,2630.9
random,3,44,11,15.605,25.319,0.9778,0.9778,72,0,0,72,59,69,85,0.007486,0.012596,0.026733,1,1,1,2630.9
random,3,45,11,15.505,25.138,0.9743,0.9743,74,0,0,74,62,71,91,0.007486,0.012485,0.026544,1,1,1,2630.9
random,3,46,7,15.644,25.21,0.9683,0.9683,70,0,0,70,63,72,96,0.007384,0.012979,0.026569,1,1,1,2630.9
random,3,47,4,15.555,25.032,0.9698,0.9698,72,0,0,72,64,74,97,0.007665,0.012585,0.026415,1,1,1,2630.9
random,3,48,1,16.2,26.694,0.9705,0.9705,73,0,0,73,64,75,97,0.007495,0.012874,0.02823,1,1,1,2630.9
random,3,49,1,15.715,25.535,0.9722,0.9722,70,0,0,70,65,75,97,0.00747,0.012715,0.026959,1,1,1,2630.9
random,3,50,11,15.715,25.535,0.9701,0.9701,70,0,0,70,67,79,102,0.00747,0.012715,0.026959,1,1,1,2630.9
random,3,51,1,15.758,25.191,0.9717,0.9717,72,0,0,72,68,79,102,0.007788,0.012932,0.026553,1,1,1,2630.9
random,3,52,11,16.096,26.508,0.9736,0.9736,74,0,0,74,72,82,106,0.007543,0.012702,0.028042,1,1,1,2630.9
random,3,53,1,15.722,25.323,0.9742,0.9742,75,0,0,75,72,83,106,0.00778,0.012656,0.026731,1,1,1,2630.9
random,3,54,1,15.755,25.468,0.9747,0.9747,71,0,0,71,72,84,106,0.007453,0.012952,0.026859,1,1,1,2630.9
random,3,55,11,15.766,25.468,0.9715,0.9715,71,0,0,71,73,89,111,0.007488,0.012952,0.026859,1,1,1,2630.9
random,3,56,1,15.786,25.709,0.9719,0.9719,73,0,0,73,73,90,111,0.007488,0.012718,0.027152,1,1,1,2630.9
random,3,57,11,15.666,25.445,0.9685,0.9685,74,0,0,74,74,95,116,0.007407,0.012733,0.026857,1,1,1,2630.9
random,3,58,11,15.751,25.047,0.9678,0.9678,74,0,0,74,76,100,120,0.008361,0.012443,0.026448,1,1,1,2630.9
random,3,59,1,15.774,25.847,0.9695,0.9695,75,0,0,75,77,100,120,0.007405,0.012598,0.027319,1,1,1,2630.9
random,3,60,1,15.551,25.025,0.9696,0.9696,76,0,0,76,77,101,120,0.007641,0.012608,0.026405,1,1,1,2630.9
random,3,61,1,15.551,25.025,0.9697,0.9697,76,0,0,76,77,102,120,0.007641,0.012608,0.026405,1,1,1,2630.9
random,3,62,1,15.772,24.861,0.9713,0.9713,74,0,0,74,78,102,120,0.008285,0.012832,0.026198,1,1,1,2630.9
random,3,63,1,15.461,24.725,0.9713,0.9713,75,0,0,75,78,103,120,0.007667,0.012649,0.026067,1,1,1,2630.9
random,3,64,11,15.749,25.434,0.9657,0.9657,76,0,0,76,80,104,128,0.007751,0.01264,0.026856,1,1,1,2630.9
random,3,65,11,16.208,26.583,0.9625,0.9625,79,0,0,79,81,109,133,0.007775,0.012728,0.028122,1,1,1,2630.9
random,3,66,11,16.115,26.578,0.9595,0.9595,79,0,0,79,83,112,139,0.007543,0.01268,0.028122,1,1,1,2630.9
random,3,67,1,15.549,25.049,0.9611,0.9611,76,0,0,76,84,112,139,0.007543,0.01268,0.026423,1,1,1,2630.9
random,3,68,1,15.547,25.138,0.9627,0.9627,77,0,0,77,85,112,139,0.007401,0.012721,0.026518,1,1,1,2630.9
random,3,69,1,15.474,25.051,0.9629,0.9629,78,0,0,78,85,113,139,0.007404,0.012581,0.026437,1,1,1,2630.9
random,3,70,11,15.734,25.64,0.9639,0.9639,74,0,0,74,88,117,143,0.007462,0.012656,0.027083,1,1,1,2630.9
random,3,71,1,15.891,25.981,0.964,0.964,76,0,0,76,88,118,143,0.007433,0.012792,0.027447,1,1,1,2630.9
random,3,72,0,15.906,25.981,0.964,0.964,76,0,0,76,88,118,143,0.00748,0.012792,0.027447,1,1,1,2630.9
random,3,73,1,15.851,25.767,0.9641,0.9641,77,0,0,77,88,119,143,0.00748,0.012873,0.0272,1,1,1,2630.9
random,3,74,1,15.596,25.115,0.9642,0.9642,75,0,0,75,88,120,143,0.007492,0.012815,0.026482,1,1,1,2630.9
random,3,75,11,15.811,25.501,0.9732,0.9732,77,0,0,77,96,121,145,0.007867,0.012635,0.026931,1,1,1,2630.9
random,3,76,1,15.867,25.555,0.9734,0.9734,78,0,0,78,96,122,145,0.007478,0.013195,0.026928,1,1,1,2630.9
random,3,77,1,15.858,25.549,0.9746,0.9746,78,0,0,78,97,122,145,0.007507,0.013139,0.026928,1,1,1,2630.9
random,3,78,11,15.77,25.311,0.9665,0.9665,79,0,0,79,97,124,154,0.007507,0.013139,0.026663,1,1,1,2630.9
random,3,79,1,15.707,25.021,0.9677,0.9677,75,0,0,75,98,124,154,0.007548,0.013244,0.02633,1,1,1,2630.9
random,3,80,12,15.622,25.288,0.9673,0.9673,77,0,0,77,102,126,160,0.007505,0.01267,0.02669,1,1,1,2630.9
random,3,81,1,15.749,25.227,0.9684,0.9684,78,0,0,78,103,126,160,0.007815,0.012828,0.026605,1,1,1,2630.9
random,3,82,1,16.173,25.208,0.9696,0.9696,74,0,0,74,104,126,160,0.008777,0.013201,0.026542,1,1,1,2630.9
random,3,83,11,16.173,25.208,0.9649,0.9649,74,0,0,74,107,126,168,0.008777,0.013201,0.026542,1,1,1,2630.9
random,3,84,11,15.929,25.769,0.9678,0.9678,76,0,0,76,111,130,171,0.007581,0.013019,0.027186,1,1,1,2630.9
random,3,85,1,15.757,25.416,0.9688,0.9688,78,0,0,78,112,130,171,0.007469,0.013006,0.026795,1,1,1,2630.9
random,3,86,1,15.519,25.087,0.9698,0.9698,75,0,0,75,113,130,171,0.007483,0.012599,0.026474,1,1,1,2630.9
random,3,87,1,15.758,25.154,0.9702,0.9702,76,0,0,76,113,131,171,0.007753,0.013018,0.026503,1,1,1,2630.9
random,3,88,11,15.651,25.154,0.9721,0.9721,76,0,0,76,116,136,174,0.007433,0.013018,0.026503,1,1,1,2630.9
random,3,89,11,15.522,24.973,0.9697,0.9697,78,0,0,78,118,139,180,0.007433,0.012808,0.026325,1,1,1,2630.9
random,3,90,11,15.49,25.041,0.9732,0.9732,80,0,0,80,124,141,183,0.007415,0.012635,0.02642,1,1,1,2630.9
random,3,91,1,15.573,25.147,0.9735,0.9735,77,0,0,77,124,142,183,0.007447,0.012748,0.026525,1,1,1,2630.9
random,3,92,1,16.664,26.239,0.9743,0.9743,78,0,0,78,125,142,183,0.009086,0.01322,0.027685,1,1,1,2630.9
random,3,93,1,15.935,26.174,0.9747,0.9747,78,0,0,78,125,143,183,0.007543,0.012578,0.027685,1,1,1,2630.9
random,3,94,1,15.561,25.164,0.9755,0.9755,79,0,0,79,126,143,183,0.007543,0.012578,0.026562,1,1,1,2630.9
random,3,95,11,15.507,25.06,0.9768,0.9768,76,0,0,76,131,145,187,0.007473,0.012603,0.026444,1,1,1,2630.9
random,3,96,1,15.696,25.162,0.9771,0.9771,78,0,0,78,131,146,187,0.007555,0.013023,0.026511,1,1,1,2630.9
random,3,97,0,16.042,26.122,0.9771,0.9771,79,0,0,79,131,146,187,0.007507,0.013044,0.027575,1,1,1,2630.9
random,3,98,1,15.628,25.121,0.9774,0.9774,75,0,0,75,131,147,187,0.007437,0.012977,0.02647,1,1,1,2630.9
random,3,99,11,15.633,25.121,0.981,0.981,75,0,0,75,137,150,189,0.007452,0.012977,0.02647,1,1,1,2630.9
random,3,100,1,15.795,24.955,0.9816,0.9816,77,0,0,77,138,150,189,0.007452,0.013731,0.026202,1,1,1,2630.9
random,3,101,11,15.322,24.481,0.9809,0.9809,79,0,0,79,141,153,194,0.007545,0.012622,0.025799,1,1,1,2630.9
random,3,102,1,16.23,26.303,0.9812,0.9812,80,0,0,80,141,154,194,0.008263,0.0126,0.027826,1,1,1,2630.9
random,3,103,1,15.844,25.669,0.9818,0.9818,74,0,0,74,142,154,194,0.007755,0.012662,0.027114,1,1,1,2630.9
random,3,104,1,15.456,24.797,0.9824,0.9824,75,0,0,75,143,154,194,0.007664,0.012546,0.026158,1,1,1,2630.9
random,3,105,1,15.456,24.797,0.9829,0.9829,75,0,0,75,144,154,194,0.007664,0.012546,0.026158,1,1,1,2630.9
random,3,106,11,15.873,25.621,0.9813,0.9813,76,0,0,76,147,156,200,0.007445,0.013168,0.027005,1,1,1,2630.9
random,3,107,1,15.682,25.488,0.9818,0.9818,71,0,0,71,148,156,200,0.007487,0.012644,0.026915,1,1,1,2630.9
random,3,108,11,15.614,25.123,0.98,0.98,73,0,0,73,150,159,206,0.007386,0.012984,0.026472,1,1,1,2630.9
random,3,109,1,15.596,25.279,0.9803,0.9803,74,0,0,74,150,160,206,0.007334,0.012786,0.026667,1,1,1,2630.9
random,3,110,11,15.604,25.267,0.9774,0.9774,74,0,0,74,152,162,213,0.007473,0.012672,0.026667,1,1,1,2630.9
random,3,111,1,15.709,25.551,0.978,0.978,76,0,0,76,153,162,213,0.007473,0.012672,0.026982,1,1,1,2630.9
random,3,112,11,15.552,25.247,0.9788,0.9788,73,0,0,73,154,169,216,0.00741,0.012594,0.026653,1,1,1,2630.9
random,3,113,11,15.897,25.262,0.977,0.977,75,0,0,75,156,172,222,0.00795,0.013132,0.02661,1,1,1,2630.9
random,3,114,11,15.529,25.147,0.9767,0.9767,77,0,0,77,160,174,227,0.00742,0.01263,0.026538,1,1,1,2630.9
random,3,115,1,15.716,25.503,0.9773,0.9773,74,0,0,74,161,174,227,0.007562,0.012656,0.02693,1,1,1,2630.9
random,3,116,1,15.716,25.503,0.9779,0.9779,74,0,0,74,162,174,227,0.007562,0.012656,0.02693,1,1,1,2630.9
random,3,117,11,15.772,25.501,0.9759,0.9759,75,0,0,75,163,178,233,0.007474,0.012947,0.026896,1,1,1,2630.9
random,3,118,1,15.736,25.499,0.9762,0.9762,77,0,0,77,163,179,233,0.007457,0.012845,0.026905,1,1,1,2630.9
random,3,119,1,15.561,24.989,0.9765,0.9765,72,0,0,72,163,180,233,0.00776,0.012553,0.026371,1,1,1,2630.9
least_connections,1,0,0,15.616,25.284,1.0,1.0,0,0,0,0,0,0,0,0.00746,0.012707,0.026682,1,1,1,2326.9
least_connections,1,1,1,15.687,25.317,0.3333,0.3333,70,0,0,70,0,1,0,0.007418,0.012952,0.026691,1,1,1,2326.9
least_connections,1,2,1,15.686,25.317,0.6667,0.6667,70,0,0,70,1,1,0,0.007416,0.012952,0.026691,1,1,1,2326.9
least_connections,1,3,1,15.503,25.091,0.6,0.6,71,0,0,71,2,1,0,0.007416,0.012615,0.026477,1,1,1,2326.9
least_connections,1,4,11,15.842,25.309,0.9333,0.9333,73,0,0,73,6,5,3,0.007427,0.013474,0.026624,1,1,1,2326.9
least_connections,1,5,1,15.701,24.846,0.9259,0.9259,70,0,0,70,6,6,3,0.007455,0.013545,0.026102,1,1,1,2326.9
least_connections,1,6,11,15.471,25.036,0.9883,0.9883,72,0,0,72,10,8,8,0.007388,0.012608,0.026417,1,1,1,2326.9
least_connections,1,7,1,15.778,25.769,0.9918,0.9918,73,0,0,73,10,9,8,0.007473,0.012632,0.027229,1,1,1,2326.9
least_connections,1,8,1,15.774,25.769,0.9825,0.9825,73,0,0,73,11,9,8,0.007462,0.012632,0.027229,1,1,1,2326.9
least_connections,1,9,11,15.877,26.023,0.9961,0.9961,74,0,0,74,12,13,14,0.007462,0.01266,0.027508,1,1,1,2326.9
least_connections,1,10,11,15.798,25.517,0.9992,0.9992,71,0,0,71,16,17,17,0.007492,0.012993,0.026909,1,1,1,2326.9
least_connections,1,11,1,15.684,25.303,0.9977,0.9977,73,0,0,73,16,18,17,0.007488,0.012879,0.026684,1,1,1,2326.9
least_connections,1,12,11,15.569,25.065,0.9856,0.9856,75,0,0,75,18,24,20,0.007432,0.012854,0.026422,1,1,1,2326.9
least_connections,1,13,1,15.631,25.075,0.9895,0.9895,75,0,0,75,19,24,20,0.007516,0.012954,0.026422,1,1,1,2326.9
least_connections,1,14,1,15.78,25.478,0.9922,0.9922,72,0,0,72,20,24,20,0.007516,0.012954,0.02687,1,1,1,2326.9
least_connections,1,15,11,15.766,25.219,0.9989,0.9989,73,0,0,73,26,25,24,0.007576,0.013163,0.026559,1,1,1,2326.9
least_connections,1,16,11,16.061,25.398,0.9981,0.9981,75,0,0,75,30,29,27,0.007512,0.014008,0.026664,1,1,1,2326.9
least_connections,1,17,1,15.583,25.013,0.9968,0.9968,72,0,0,72,31,29,27,0.007471,0.012923,0.026356,1,1,1,2326.9
least_connections,1,18,11,15.783,25.705,0.9973,0.9973,74,0,0,74,35,32,31,0.007426,0.012782,0.027141,1,1,1,2326.9
least_connections,1,19,1,15.821,25.705,0.9957,0.9957,74,0,0,74,36,32,31,0.00754,0.012782,0.027141,1,1,1,2326.9
least_connections,1,20,1,15.616,25.129,0.9938,0.9938,75,0,0,75,37,32,31,0.00754,0.012811,0.026498,1,1,1,2326.9
least_connections,1,21,11,15.752,25.475,0.9966,0.9966,76,0,0,76,40,36,35,0.007448,0.012939,0.026868,1,1,1,2326.9
least_connections,1,22,1,15.639,25.306,0.997,0.997,73,0,0,73,40,37,35,0.007536,0.012672,0.02671,1,1,1,2326.9
least_connections,1,23,1,15.525,25.007,0.9956,0.9956,74,0,0,74,41,37,35,0.007532,0.012663,0.026379,1,1,1,2326.9
least_connections,1,24,1,15.449,25.0,0.9968,0.9968,74,0,0,74,41,37,36,0.007375,0.012594,0.026379,1,1,1,2326.9
least_connections,1,25,10,15.599,25.405,0.9979,0.9979,80,0,0,80,44,40,40,0.007375,0.012594,0.026828,1,1,1,2326.9
least_connections,1,26,1,15.874,25.206,0.9968,0.9968,71,0,0,71,45,40,40,0.007422,0.013717,0.026483,1,1,1,2326.9
least_connections,1,27,1,15.581,25.253,0.9955,0.9955,72,0,0,72,46,40,40,0.007436,0.012655,0.026653,1,1,1,2326.9
least_connections,1,28,11,15.704,25.629,0.9983,0.9983,74,0,0,74,47,43,47,0.007473,0.012557,0.027082,1,1,1,2326.9
least_connections,1,29,11,15.509,25.08,0.9974,0.9974,72,0,0,72,50,46,52,0.007424,0.012641,0.026462,1,1,1,2326.9
least_connections,1,30,1,15.52,25.08,0.9972,0.9972,72,0,0,72,51,46,52,0.007456,0.012641,0.026462,1,1,1,2326.9
least_connections,1,31,1,15.341,24.588,0.9981,0.9981,73,0,0,73,51,47,52,0.007456,0.012652,0.025914,1,1,1,2326.9
least_connections,1,32,11,15.569,24.527,0.9951,0.9951,75,0,0,75,51,51,59,0.007431,0.013525,0.02575,1,1,1,2326.9
least_connections,1,33,11,15.382,24.692,0.9911,0.9911,77,0,0,77,54,53,65,0.007386,0.01274,0.02602,1,1,1,2326.9
least_connections,1,34,1,15.522,25.152,0.9918,0.9918,73,0,0,73,55,53,65,0.007403,0.012618,0.026545,1,1,1,2326.9
least_connections,1,35,1,15.677,24.901,0.9927,0.9927,74,0,0,74,55,54,65,0.007409,0.013448,0.026174,1,1,1,2326.9
least_connections,1,36,1,15.693,24.901,0.9933,0.9933,74,0,0,74,56,54,65,0.007456,0.013448,0.026174,1,1,1,2326.9
least_connections,1,37,1,15.371,24.81,0.9938,0.9938,75,0,0,75,57,54,65,0.007456,0.012478,0.02618,1,1,1,2326.9
least_connections,1,38,1,15.509,24.961,0.9947,0.9947,72,0,0,72,57,55,65,0.007599,0.012593,0.026335,1,1,1,2326.9
least_connections,1,39,11,15.271,24.488,0.9964,0.9964,73,0,0,73,60,60,68,0.007401,0.012604,0.025809,1,1,1,2326.9
least_connections,1,40,1,15.662,25.562,0.9968,0.9968,75,0,0,75,61,60,68,0.007401,0.01258,0.027005,1,1,1,2326.9
least_connections,1,41,11,15.608,25.302,0.9955,0.9955,77,0,0,77,64,63,73,0.00749,0.012623,0.026711,1,1,1,2326.9
least_connections,1,42,1,15.559,25.302,0.9959,0.9959,77,0,0,77,65,63,73,0.007344,0.012623,0.026711,1,1,1,2326.9
least_connections,1,43,1,15.336,24.626,0.9961,0.9961,73,0,0,73,66,63,73,0.007344,0.012715,0.025949,1,1,1,2326.9
least_connections,1,44,1,15.521,25.004,0.9968,0.9968,74,0,0,74,66,64,73,0.007435,0.012765,0.026364,1,1,1,2326.9
least_connections,1,45,1,15.957,25.222,0.997,0.997,75,0,0,75,67,64,73,0.008529,0.012732,0.02661,1,1,1,2326.9
least_connections,1,46,1,15.265,24.446,0.9971,0.9971,71,0,0,71,68,64,73,0.007468,0.012561,0.025767,1,1,1,2326.9
least_connections,1,47,1,15.629,25.304,0.9977,0.9977,72,0,0,72,68,65,73,0.007512,0.012666,0.026708,1,1,1,2326.9
least_connections,1,48,1,15.629,25.304,0.9978,0.9978,72,0,0,72,69,65,73,0.007512,0.012666,0.026708,1,1,1,2326.9
least_connections,1,49,1,15.684,25.215,0.9983,0.9983,73,0,0,73,69,66,73,0.00774,0.012707,0.026605,1,1,1,2326.9
least_connections,1,50,1,15.532,25.148,0.9983,0.9983,68,0,0,68,70,66,73,0.007429,0.012628,0.026539,1,1,1,2326.9
least_connections,1,51,11,15.853,25.509,0.9959,0.9959,69,0,0,69,70,70,80,0.007578,0.013093,0.026889,1,1,1,2326.9
least_connections,1,52,1,15.619,25.36,0.9963,0.9963,71,0,0,71,70,71,80,0.007483,0.012595,0.026778,1,1,1,2326.9
least_connections,1,53,7,15.625,25.36,0.9928,0.9928,71,0,0,71,70,73,85,0.007502,0.012595,0.026778,1,1,1,2326.9
least_connections,1,54,4,15.682,25.63,0.9933,0.9933,73,0,0,73,71,75,86,0.007502,0.012449,0.027094,1,1,1,2326.9
least_connections,1,55,1,15.4,24.82,0.994,0.994,70,0,0,70,72,75,86,0.007338,0.012694,0.026167,1,1,1,2326.9
least_connections,1,56,11,16.252,25.747,0.994,0.994,72,0,0,72,75,79,90,0.007793,0.013898,0.027064,1,1,1,2326.9
least_connections,1,57,1,15.493,24.933,0.9942,0.9942,73,0,0,73,75,80,90,0.007569,0.012608,0.026303,1,1,1,2326.9
least_connections,1,58,1,15.906,25.068,0.9949,0.9949,73,0,0,73,76,80,90,0.007463,0.013952,0.026303,1,1,1,2326.9
least_connections,1,59,1,15.921,25.107,0.9951,0.9951,69,0,0,69,76,81,90,0.007463,0.013952,0.026347,1,1,1,2326.9
least_connections,1,60,1,15.781,24.944,0.9952,0.9952,70,0,0,70,76,82,90,0.007577,0.013555,0.02621,1,1,1,2326.9
least_connections,1,61,1,15.623,24.98,0.9953,0.9953,71,0,0,71,76,83,90,0.007434,0.013138,0.026296,1,1,1,2326.9
least_connections,1,62,1,15.294,24.467,0.9953,0.9953,69,0,0,69,76,84,90,0.007432,0.012671,0.025778,1,1,1,2326.9
least_connections,1,63,1,15.716,25.324,0.996,0.996,70,0,0,70,77,84,90,0.007478,0.012973,0.026696,1,1,1,2326.9
least_connections,1,64,1,15.944,25.324,0.996,0.996,70,0,0,70,77,85,90,0.008163,0.012973,0.026696,1,1,1,2326.9
least_connections,1,65,1,15.873,25.437,0.9966,0.9966,71,0,0,71,78,85,90,0.008163,0.012592,0.026864,1,1,1,2326.9
least_connections,1,66,1,16.206,25.849,0.9965,0.9965,72,0,0,72,78,86,90,0.007767,0.013645,0.027205,1,1,1,2326.9
least_connections,1,67,1,15.485,24.948,0.9964,0.9964,68,0,0,68,78,87,90,0.007484,0.012658,0.026314,1,1,1,2326.9
least_connections,1,68,1,15.782,25.2,0.997,0.997,69,0,0,69,79,87,90,0.007741,0.013056,0.026549,1,1,1,2326.9
least_connections,1,69,1,15.612,25.277,0.9969,0.9969,70,0,0,70,79,88,90,0.007468,0.012694,0.026675,1,1,1,2326.9
least_connections,1,70,1,15.612,25.277,0.9967,0.9967,70,0,0,70,79,89,90,0.007468,0.012694,0.026675,1,1,1,2326.9
least_connections,1,71,1,15.795,25.671,0.9964,0.9964,65,0,0,65,79,90,90,0.007637,0.012629,0.02712,1,1,1,2326.9
least_connections,1,72,11,15.854,25.495,0.9926,0.9926,66,0,0,66,79,95,96,0.007958,0.012684,0.026919,1,1,1,2326.9
least_connections,1,73,11,16.124,26.619,0.9935,0.9935,69,0,0,69,83,98,100,0.007656,0.012532,0.028184,1,1,1,2326.9
least_connections,1,74,1,15.769,25.431,0.9943,0.9943,66,0,0,66,84,98,100,0.007786,0.012672,0.026849,1,1,1,2326.9
least_connections,1,75,1,15.769,25.431,0.9951,0.9951,66,0,0,66,85,98,100,0.007786,0.012672,0.026849,1,1,1,2326.9
least_connections,1,76,1,16.072,25.389,0.9948,0.9948,67,0,0,67,85,99,100,0.008518,0.012924,0.026774,1,1,1,2326.9
least_connections,1,77,1,15.552,25.188,0.9945,0.9945,68,0,0,68,85,100,100,0.007475,0.012594,0.026587,1,1,1,2326.9
least_connections,1,78,11,15.652,25.429,0.9961,0.9961,69,0,0,69,90,102,104,0.007467,0.012639,0.02685,1,1,1,2326.9
least_connections,1,79,1,15.695,25.547,0.9959,0.9959,64,0,0,64,90,103,104,0.007443,0.012664,0.026979,1,1,1,2326.9
least_connections,1,80,1,15.704,25.547,0.9956,0.9956,64,0,0,64,90,104,104,0.007471,0.012663,0.026979,1,1,1,2326.9
least_connections,1,81,1,15.588,25.232,0.9962,0.9962,65,0,0,65,91,104,104,0.007471,0.012663,0.026629,1,1,1,2326.9
least_connections,1,82,1,15.838,25.68,0.9959,0.9959,66,0,0,66,91,105,104,0.007483,0.012934,0.027096,1,1,1,2326.9
least_connections,1,83,1,15.464,24.956,0.9956,0.9956,63,0,0,63,91,106,104,0.007473,0.012588,0.02633,1,1,1,2326.9
least_connections,1,84,1,15.929,25.359,0.9953,0.9953,64,0,0,64,91,107,104,0.007891,0.013185,0.026712,1,1,1,2326.9
least_connections,1,85,11,15.751,24.599,0.9918,0.9918,66,0,0,66,91,110,112,0.008489,0.012859,0.025904,1,1,1,2326.9
least_connections,1,86,0,15.751,24.599,0.9918,0.9918,66,0,0,66,91,110,112,0.008489,0.012859,0.025904,1,1,1,2326.9
least_connections,1,87,1,15.541,25.135,0.9915,0.9915,63,0,0,63,91,111,112,0.007488,0.012609,0.026527,1,1,1,2326.9
least_connections,1,88,1,15.535,25.195,0.9912,0.9912,64,0,0,64,91,112,112,0.007466,0.012538,0.026601,1,1,1,2326.9
least_connections,1,89,1,15.688,25.408,0.9921,0.9921,65,0,0,65,92,112,112,0.007478,0.012773,0.026812,1,1,1,2326.9
least_connections,1,90,1,15.577,24.959,0.9917,0.9917,66,0,0,66,92,113,112,0.007755,0.012649,0.026327,1,1,1,2326.9
least_connections,1,91,1,15.453,24.95,0.9925,0.9925,66,0,0,66,93,113,112,0.007475,0.012557,0.026327,1,1,1,2326.9
least_connections,1,92,1,15.549,25.208,0.9933,0.9933,61,0,0,61,94,113,112,0.007475,0.012557,0.026614,1,1,1,2326.9
least_connections,1,93,11,15.838,25.837,0.994,0.994,63,0,0,63,98,117,115,0.007476,0.012747,0.027291,1,1,1,2326.9
least_connections,1,94,1,15.838,25.351,0.9937,0.9937,64,0,0,64,98,118,115,0.007759,0.013035,0.02672,1,1,1,2326.9
least_connections,1,95,11,15.864,25.253,0.9944,0.9944,61,0,0,61,102,121,119,0.007444,0.013599,0.026548,1,1,1,2326.9
least_connections,1,96,11,15.693,25.19,0.9922,0.9922,61,0,0,61,103,126,124,0.007563,0.012969,0.026548,1,1,1,2326.9
least_connections,1,97,1,15.655,25.087,0.993,0.993,63,0,0,63,104,126,124,0.007563,0.012969,0.026433,1,1,1,2326.9
least_connections,1,98,1,15.582,25.154,0.9936,0.9936,64,0,0,64,105,126,124,0.00747,0.012742,0.026533,1,1,1,2326.9
least_connections,1,99,1,15.505,25.049,0.9943,0.9943,62,0,0,62,106,126,124,0.007459,0.012625,0.02643,1,1,1,2326.9
least_connections,1,100,1,15.683,25.522,0.9949,0.9949,63,0,0,63,107,126,124,0.00748,0.012612,0.026957,1,1,1,2326.9
least_connections,1,101,1,15.796,25.697,0.9955,0.9955,64,0,0,64,108,126,124,0.007468,0.012788,0.027131,1,1,1,2326.9
least_connections,1,102,1,15.808,25.697,0.996,0.996,64,0,0,64,109,126,124,0.007505,0.012788,0.027131,1,1,1,2326.9
least_connections,1,103,1,16.154,25.591,0.9965,0.9965,65,0,0,65,110,126,124,0.007505,0.014087,0.026869,1,1,1,2326.9
least_connections,1,104,1,15.51,25.015,0.997,0.997,60,0,0,60,111,126,124,0.007476,0.012668,0.026387,1,1,1,2326.9
least_connections,1,105,1,16.329,25.771,0.9967,0.9967,61,0,0,61,111,127,124,0.007727,0.014204,0.027056,1,1,1,2326.9
least_connections,1,106,1,15.774,25.548,0.9971,0.9971,62,0,0,62,112,127,124,0.007644,0.012704,0.026975,1,1,1,2326.9
least_connections,1,107,1,15.675,25.541,0.9969,0.9969,62,0,0,62,112,128,124,0.007414,0.012637,0.026975,1,1,1,2326.9
least_connections,1,108,11,15.39,24.771,0.9979,0.9979,60,0,0,60,117,128,130,0.007414,0.012637,0.026119,1,1,1,2326.9
least_connections,1,109,1,15.641,25.161,0.9978,0.9978,62,0,0,62,117,129,130,0.007444,0.012964,0.026516,1,1,1,2326.9
least_connections,1,110,1,15.606,25.312,0.9976,0.9976,63,0,0,63,117,130,130,0.007469,0.012628,0.026721,1,1,1,2326.9
least_connections,1,111,11,15.984,25.82,0.9979,0.9979,61,0,0,61,121,134,133,0.007786,0.012913,0.027254,1,1,1,2326.9
least_connections,1,112,1,15.404,24.786,0.9982,0.9982,63,0,0,63,122,134,133,0.007459,0.012613,0.026139,1,1,1,2326.9
least_connections,1,113,1,15.504,24.786,0.9981,0.9981,63,0,0,63,122,135,133,0.007761,0.012613,0.026139,1,1,1,2326.9
least_connections,1,114,11,15.977,25.689,0.9987,0.9987,64,0,0,64,127,138,136,0.007761,0.013079,0.02709,1,1,1,2326.9
least_connections,1,115,0,15.689,25.473,0.9987,0.9987,66,0,0,66,127,138,136,0.007462,0.012716,0.02689,1,1,1,2326.9
least_connections,1,116,1,15.641,25.173,0.9986,0.9986,61,0,0,61,127,139,136,0.007418,0.012978,0.026528,1,1,1,2326.9
least_connections,1,117,1,15.658,25.454,0.9984,0.9984,62,0,0,62,127,140,136,0.007466,0.012628,0.026879,1,1,1,2326.9
least_connections,1,118,11,15.675,25.461,0.9983,0.9983,62,0,0,62,131,145,138,0.007445,0.0127,0.026879,1,1,1,2326.9
least_connections,1,119,11,15.714,25.567,0.9967,0.9967,64,0,0,64,132,152,141,0.007445,0.0127,0.026997,1,1,1,2326.9
least_connections,2,0,0,15.794,25.596,1.0,1.0,0,0,0,0,0,0,0,0.007452,0.012926,0.027004,1,1,1,2575.0
least_connections,2,1,1,15.676,25.464,0.3333,0.3333,63,0,0,63,0,1,0,0.007452,0.012693,0.026883,1,1,1,2575.0
least_connections,2,2,1,15.63,25.19,0.3333,0.3333,64,0,0,64,0,2,0,0.007681,0.012622,0.026586,1,1,1,2575.0
least_connections,2,3,11,15.622,25.107,0.7511,0.7511,63,0,0,63,7,5,1,0.007498,0.012905,0.026463,1,1,1,2575.0
least_connections,2,4,1,15.703,25.243,0.7259,0.7259,64,0,0,64,8,5,1,0.007826,0.01264,0.026643,1,1,1,2575.0
least_connections,2,5,1,15.758,25.296,0.7426,0.7426,64,0,0,64,8,6,1,0.007459,0.013171,0.026643,1,1,1,2575.0
least_connections,2,6,11,15.923,25.742,0.9235,0.9235,65,0,0,65,12,8,6,0.007459,0.013171,0.027139,1,1,1,2575.0
least_connections,2,7,11,15.879,25.341,0.9899,0.9899,64,0,0,64,14,12,11,0.008264,0.012618,0.026755,1,1,1,2575.0
least_connections,2,8,11,15.495,25.012,0.9974,0.9974,67,0,0,67,16,15,17,0.007578,0.012506,0.026402,1,1,1,2575.0
least_connections,2,9,1,15.92,25.525,0.9967,0.9967,68,0,0,68,17,15,17,0.007835,0.013008,0.026916,1,1,1,2575.0
least_connections,2,10,1,16.398,26.24,0.9944,0.9944,69,0,0,69,18,15,17,0.008499,0.012981,0.027713,1,1,1,2575.0
least_connections,2,11,1,16.051,26.24,0.9977,0.9977,69,0,0,69,18,16,17,0.007459,0.012981,0.027713,1,1,1,2575.0
least_connections,2,12,11,15.685,25.342,0.9781,0.9781,64,0,0,64,25,18,19,0.007459,0.012868,0.026728,1,1,1,2575.0
least_connections,2,13,1,15.718,25.144,0.9721,0.9721,66,0,0,66,26,18,19,0.00797,0.012652,0.026532,1,1,1,2575.0
least_connections,2,14,1,15.417,24.635,0.9656,0.9656,67,0,0,67,27,18,19,0.007434,0.012877,0.025941,1,1,1,2575.0
least_connections,2,15,1,15.507,24.427,0.9706,0.9706,64,0,0,64,27,19,19,0.007464,0.013406,0.025651,1,1,1,2575.0
least_connections,2,16,1,15.423,24.773,0.9745,0.9745,65,0,0,65,27,20,19,0.00743,0.012727,0.026111,1,1,1,2575.0
least_connections,2,17,1,15.423,24.773,0.9774,0.9774,65,0,0,65,27,21,19,0.00743,0.012727,0.026111,1,1,1,2575.0
least_connections,2,18,11,15.36,24.706,0.9703,0.9703,66,0,0,66,31,27,20,0.007416,0.012615,0.026049,1,1,1,2575.0
least_connections,2,19,1,15.374,24.79,0.9662,0.9662,65,0,0,65,32,27,20,0.007412,0.012561,0.026149,1,1,1,2575.0
least_connections,2,20,1,16.042,25.189,0.9618,0.9618,66,0,0,66,33,27,20,0.008804,0.01275,0.026571,1,1,1,2575.0
least_connections,2,21,1,15.623,25.063,0.9622,0.9622,67,0,0,67,33,28,20,0.007775,0.012652,0.026442,1,1,1,2575.0
least_connections,2,22,11,15.607,25.062,0.9655,0.9655,67,0,0,67,37,32,23,0.007738,0.01264,0.026442,1,1,1,2575.0
least_connections,2,23,1,15.507,24.792,0.9652,0.9652,69,0,0,69,37,33,23,0.007738,0.01264,0.026142,1,1,1,2575.0
least_connections,2,24,1,15.853,25.543,0.9644,0.9644,65,0,0,65,37,34,23,0.007885,0.012704,0.026969,1,1,1,2575.0
least_connections,2,25,11,15.552,25.224,0.974,0.974,66,0,0,66,40,38,27,0.007417,0.012614,0.026625,1,1,1,2575.0
least_connections,2,26,1,15.584,25.19,0.9728,0.9728,68,0,0,68,40,39,27,0.007497,0.012673,0.026581,1,1,1,2575.0
least_connections,2,27,0,15.612,25.32,0.9728,0.9728,66,0,0,66,40,39,27,0.007487,0.012619,0.026731,1,1,1,2575.0
least_connections,2,28,1,15.613,25.32,0.9713,0.9713,66,0,0,66,40,40,27,0.007489,0.012619,0.026731,1,1,1,2575.0
least_connections,2,29,11,15.755,25.638,0.9779,0.9779,68,0,0,68,44,43,31,0.007489,0.0127,0.027076,1,1,1,2575.0
least_connections,2,30,1,16.046,25.691,0.9767,0.9767,69,0,0,69,44,44,31,0.007473,0.013634,0.027031,1,1,1,2575.0
least_connections,2,31,1,15.495,25.068,0.9752,0.9752,64,0,0,64,44,45,31,0.007418,0.012614,0.026452,1,1,1,2575.0
least_connections,2,32,1,15.309,24.416,0.9739,0.9739,65,0,0,65,45,45,31,0.007452,0.012763,0.025711,1,1,1,2575.0
least_connections,2,33,1,15.333,24.423,0.9724,0.9724,65,0,0,65,46,45,31,0.007457,0.01283,0.025711,1,1,1,2575.0
least_connections,2,34,11,15.472,24.8,0.9715,0.9715,66,0,0,66,52,47,34,0.007457,0.01283,0.02613,1,1,1,2575.0
least_connections,2,35,1,15.88,25.528,0.971,0.971,68,0,0,68,52,48,34,0.007993,0.012693,0.026954,1,1,1,2575.0
least_connections,2,36,1,16.048,25.382,0.9691,0.9691,65,0,0,65,53,48,34,0.007778,0.013684,0.026682,1,1,1,2575.0
least_connections,2,37,11,15.668,25.529,0.9755,0.9755,67,0,0,67,56,52,38,0.007445,0.012592,0.026967,1,1,1,2575.0
least_connections,2,38,11,15.439,24.865,0.9762,0.9762,69,0,0,69,60,56,41,0.00746,0.012634,0.026224,1,1,1,2575.0
least_connections,2,39,11,15.841,24.865,0.9835,0.9835,69,0,0,69,63,59,46,0.008664,0.012634,0.026224,1,1,1,2575.0
least_connections,2,40,1,16.044,25.089,0.983,0.983,68,0,0,68,63,60,46,0.008664,0.01304,0.026428,1,1,1,2575.0
least_connections,2,41,1,15.899,25.808,0.9824,0.9824,69,0,0,69,63,61,46,0.007483,0.012982,0.027233,1,1,1,2575.0
least_connections,2,42,11,15.41,24.69,0.9855,0.9855,71,0,0,71,65,66,50,0.007554,0.012648,0.026028,1,1,1,2575.0
least_connections,2,43,11,15.96,25.976,0.9854,0.9854,69,0,0,69,65,73,54,0.00774,0.012687,0.027452,1,1,1,2575.0
least_connections,2,44,1,16.066,25.986,0.9853,0.9853,69,0,0,69,66,73,54,0.007952,0.012794,0.027452,1,1,1,2575.0
least_connections,2,45,1,15.718,25.047,0.9841,0.9841,70,0,0,70,66,74,54,0.007952,0.012794,0.026409,1,1,1,2575.0
least_connections,2,46,1,15.909,25.452,0.9828,0.9828,71,0,0,71,66,75,54,0.007742,0.013168,0.026817,1,1,1,2575.0
least_connections,2,47,11,15.816,25.673,0.9868,0.9868,72,0,0,72,71,77,58,0.007517,0.012832,0.0271,1,1,1,2575.0
least_connections,2,48,1,15.696,25.452,0.9866,0.9866,69,0,0,69,72,77,58,0.007499,0.012721,0.026867,1,1,1,2575.0
least_connections,2,49,1,15.483,25.073,0.9856,0.9856,70,0,0,70,72,78,58,0.007421,0.012564,0.026463,1,1,1,2575.0
least_connections,2,50,1,15.82,25.073,0.9845,0.9845,70,0,0,70,72,79,58,0.008434,0.012564,0.026463,1,1,1,2575.0
least_connections,2,51,1,16.237,25.624,0.9843,0.9843,71,0,0,71,73,79,58,0.008434,0.01328,0.026996,1,1,1,2575.0
least_connections,2,52,1,15.404,24.965,0.984,0.984,68,0,0,68,74,79,58,0.007396,0.012463,0.026354,1,1,1,2575.0
least_connections,2,53,11,15.482,25.104,0.987,0.987,69,0,0,69,80,80,62,0.007375,0.012574,0.026496,1,1,1,2575.0
least_connections,2,54,0,15.52,25.165,0.987,0.987,71,0,0,71,80,80,62,0.007391,0.012609,0.02656,1,1,1,2575.0
least_connections,2,55,1,15.608,25.147,0.9864,0.9864,67,0,0,67,81,80,62,0.007401,0.012918,0.026506,1,1,1,2575.0
least_connections,2,56,1,15.608,25.147,0.9857,0.9857,67,0,0,67,82,80,62,0.007401,0.012918,0.026506,1,1,1,2575.0
least_connections,2,57,1,15.321,24.614,0.9849,0.9849,68,0,0,68,83,80,62,0.007436,0.012577,0.025951,1,1,1,2575.0
least_connections,2,58,11,15.465,24.996,0.982,0.982,70,0,0,70,89,83,64,0.007411,0.012611,0.026372,1,1,1,2575.0
least_connections,2,59,1,15.776,24.882,0.981,0.981,71,0,0,71,90,83,64,0.008531,0.012545,0.026253,1,1,1,2575.0
least_connections,2,60,11,16.169,25.719,0.986,0.986,69,0,0,69,94,84,70,0.008458,0.012906,0.027143,1,1,1,2575.0
least_connections,2,61,1,15.853,25.691,0.985,0.985,69,0,0,69,95,84,70,0.007788,0.012628,0.027143,1,1,1,2575.0
least_connections,2,62,1,15.467,24.65,0.984,0.984,70,0,0,70,96,84,70,0.007788,0.012628,0.025986,1,1,1,2575.0
least_connections,2,63,11,15.849,25.807,0.9864,0.9864,71,0,0,71,99,88,74,0.007431,0.012873,0.027244,1,1,1,2575.0
least_connections,2,64,11,15.504,25.093,0.9918,0.9918,70,0,0,70,100,92,80,0.007467,0.012561,0.026485,1,1,1,2575.0
least_connections,2,65,1,15.681,25.454,0.9911,0.9911,71,0,0,71,101,92,80,0.007459,0.012716,0.026869,1,1,1,2575.0
least_connections,2,66,11,15.641,25.162,0.9919,0.9919,73,0,0,73,105,95,84,0.007789,0.012573,0.026561,1,1,1,2575.0
least_connections,2,67,11,15.524,25.162,0.9916,0.9916,73,0,0,73,110,97,88,0.007437,0.012573,0.026561,1,1,1,2575.0
least_connections,2,68,1,15.514,25.073,0.9909,0.9909,75,0,0,75,111,97,88,0.007437,0.012653,0.026453,1,1,1,2575.0
least_connections,2,69,1,15.63,25.124,0.991,0.991,71,0,0,71,111,98,88,0.007762,0.012615,0.026514,1,1,1,2575.0
least_connections,2,70,11,15.931,25.24,0.9942,0.9942,72,0,0,72,113,101,94,0.008581,0.012563,0.026649,1,1,1,2575.0
least_connections,2,71,1,15.671,25.052,0.9943,0.9943,74,0,0,74,113,102,94,0.007999,0.012574,0.026439,1,1,1,2575.0
least_connections,2,72,11,15.645,25.092,0.9961,0.9961,71,0,0,71,116,103,101,0.007803,0.012657,0.026474,1,1,1,2575.0
least_connections,2,73,11,15.645,25.092,0.9975,0.9975,71,0,0,71,118,105,108,0.007803,0.012657,0.026474,1,1,1,2575.0
least_connections,2,74,1,15.679,25.493,0.9971,0.9971,73,0,0,73,119,105,108,0.00744,0.012682,0.026916,1,1,1,2575.0
least_connections,2,75,1,15.64,25.102,0.9966,0.9966,74,0,0,74,120,105,108,0.007839,0.012589,0.026492,1,1,1,2575.0
least_connections,2,76,1,15.522,24.735,0.9961,0.9961,71,0,0,71,121,105,108,0.007831,0.012659,0.026077,1,1,1,2575.0
least_connections,2,77,1,15.541,25.161,0.9956,0.9956,72,0,0,72,122,105,108,0.00744,0.01263,0.026553,1,1,1,2575.0
least_connections,2,78,1,15.442,25.018,0.996,0.996,73,0,0,73,122,106,108,0.007387,0.012534,0.026405,1,1,1,2575.0
least_connections,2,79,1,15.442,25.018,0.9955,0.9955,73,0,0,73,123,106,108,0.007387,0.012534,0.026405,1,1,1,2575.0
least_connections,2,80,1,15.414,24.733,0.9957,0.9957,74,0,0,74,123,106,109,0.007574,0.012584,0.026083,1,1,1,2575.0
least_connections,2,81,10,15.575,25.08,0.9935,0.9935,72,0,0,72,129,107,112,0.007384,0.012908,0.026432,1,1,1,2575.0
least_connections,2,82,11,15.523,25.282,0.9966,0.9966,74,0,0,74,129,112,118,0.007404,0.012458,0.026707,1,1,1,2575.0
least_connections,2,83,1,15.32,24.59,0.9969,0.9969,75,0,0,75,129,113,118,0.007399,0.012645,0.025917,1,1,1,2575.0
least_connections,2,84,1,15.518,24.981,0.9972,0.9972,71,0,0,71,129,114,118,0.007416,0.012805,0.026334,1,1,1,2575.0
least_connections,2,85,1,15.518,24.981,0.9975,0.9975,71,0,0,71,129,115,118,0.007416,0.012805,0.026334,1,1,1,2575.0
least_connections,2,86,11,15.333,24.573,0.9969,0.9969,72,0,0,72,133,116,124,0.007435,0.01267,0.025895,1,1,1,2575.0
least_connections,2,87,11,15.467,24.8,0.9974,0.9974,74,0,0,74,136,120,128,0.007526,0.012734,0.026141,1,1,1,2575.0
least_connections,2,88,11,15.671,25.245,0.9978,0.9978,77,0,0,77,139,124,132,0.007498,0.012898,0.026617,1,1,1,2575.0
least_connections,2,89,1,15.637,24.974,0.9976,0.9976,74,0,0,74,140,124,132,0.007994,0.012563,0.026353,1,1,1,2575.0
least_connections,2,90,1,15.556,24.975,0.9979,0.9979,74,0,0,74,140,125,132,0.007746,0.01257,0.026353,1,1,1,2575.0
least_connections,2,91,1,15.529,24.901,0.9976,0.9976,75,0,0,75,141,125,132,0.007746,0.01257,0.026271,1,1,1,2575.0
least_connections,2,92,1,15.988,25.193,0.9979,0.9979,76,0,0,76,141,126,132,0.008807,0.012559,0.026597,1,1,1,2575.0
least_connections,2,93,1,15.82,25.898,0.9976,0.9976,73,0,0,73,142,126,132,0.007469,0.012616,0.027374,1,1,1,2575.0
least_connections,2,94,1,15.474,24.965,0.9972,0.9972,74,0,0,74,143,126,132,0.00746,0.012627,0.026336,1,1,1,2575.0
least_connections,2,95,1,15.57,25.229,0.9975,0.9975,75,0,0,75,143,127,132,0.007468,0.012611,0.026631,1,1,1,2575.0
least_connections,2,96,11,15.573,25.229,0.9967,0.9967,75,0,0,75,146,127,140,0.007478,0.012611,0.026631,1,1,1,2575.0
least_connections,2,97,11,15.496,24.998,0.9967,0.9967,72,0,0,72,149,130,145,0.007478,0.012638,0.026371,1,1,1,2575.0
least_connections,2,98,11,15.559,24.893,0.9953,0.9953,74,0,0,74,153,131,151,0.00777,0.012654,0.026253,1,1,1,2575.0
least_connections,2,99,1,15.748,25.389,0.9958,0.9958,76,0,0,76,153,132,151,0.007484,0.012995,0.026766,1,1,1,2575.0
least_connections,2,100,11,16.154,25.212,0.9943,0.9943,77,0,0,77,157,133,157,0.008944,0.012942,0.026575,1,1,1,2575.0
least_connections,2,101,0,15.467,24.708,0.9943,0.9943,73,0,0,73,157,133,157,0.007479,0.012901,0.02602,1,1,1,2575.0
least_connections,2,102,1,15.467,24.708,0.994,0.994,73,0,0,73,158,133,157,0.007479,0.012901,0.02602,1,1,1,2575.0
least_connections,2,103,1,15.428,24.828,0.9945,0.9945,74,0,0,74,158,134,157,0.007546,0.012544,0.026193,1,1,1,2575.0
least_connections,2,104,1,15.594,24.964,0.995,0.995,75,0,0,75,158,135,157,0.007759,0.012695,0.026327,1,1,1,2575.0
least_connections,2,105,1,15.508,24.893,0.9948,0.9948,70,0,0,70,159,135,157,0.007676,0.012589,0.02626,1,1,1,2575.0
least_connections,2,106,1,15.508,24.797,0.9946,0.9946,71,0,0,71,160,135,157,0.00754,0.012861,0.026123,1,1,1,2575.0
least_connections,2,107,11,15.349,24.712,0.9954,0.9954,73,0,0,73,165,140,158,0.007403,0.012586,0.026059,1,1,1,2575.0
least_connections,2,108,11,15.349,24.712,0.9959,0.9959,73,0,0,73,168,144,162,0.007403,0.012586,0.026059,1,1,1,2575.0
least_connections,2,109,11,15.355,24.748,0.9947,0.9947,71,0,0,71,170,145,170,0.0074,0.012562,0.026102,1,1,1,2575.0
least_connections,2,110,1,15.654,24.813,0.9945,0.9945,73,0,0,73,171,145,170,0.0079,0.012927,0.026134,1,1,1,2575.0
least_connections,2,111,1,15.521,24.735,0.9943,0.9943,74,0,0,74,172,145,170,0.007817,0.012671,0.026076,1,1,1,2575.0
least_connections,2,112,11,15.465,25.002,0.9941,0.9941,76,0,0,76,176,148,174,0.007398,0.012619,0.026378,1,1,1,2575.0
least_connections,2,113,1,15.404,24.791,0.9939,0.9939,74,0,0,74,177,148,174,0.007438,0.012631,0.026142,1,1,1,2575.0
least_connections,2,114,11,15.404,24.791,0.9935,0.9935,74,0,0,74,183,151,176,0.007438,0.012631,0.026142,1,1,1,2575.0
least_connections,2,115,1,15.528,24.858,0.994,0.994,76,0,0,76,183,152,176,0.007448,0.012954,0.026181,1,1,1,2575.0
least_connections,2,116,11,15.878,25.893,0.9927,0.9927,77,0,0,77,186,153,183,0.007609,0.012661,0.027363,1,1,1,2575.0
least_connections,2,117,1,15.738,25.383,0.9925,0.9925,74,0,0,74,187,153,183,0.007492,0.01296,0.026763,1,1,1,2575.0
least_connections,2,118,11,15.989,25.798,0.9931,0.9931,76,0,0,76,188,157,189,0.007832,0.012906,0.02723,1,1,1,2575.0
least_connections,2,119,1,16.217,25.802,0.9929,0.9929,76,0,0,76,189,157,189,0.008466,0.012954,0.02723,1,1,1,2575.0
least_connections,3,0,0,15.75,25.701,1.0,1.0,0,0,0,0,0,0,0,0.007475,0.012621,0.027154,1,1,1,2154.7
least_connections,3,1,1,16.231,26.081,0.3333,0.3333,73,0,0,73,1,0,0,0.007512,0.013727,0.027454,1,1,1,2154.7
least_connections,3,2,1,15.695,25.454,0.6667,0.6667,74,0,0,74,1,1,0,0.007493,0.012725,0.026868,1,1,1,2154.7
least_connections,3,3,1,15.588,25.228,0.6,0.6,69,0,0,69,1,2,0,0.00748,0.012659,0.026625,1,1,1,2154.7
least_connections,3,4,1,16.172,25.698,0.5333,0.5333,70,0,0,70,1,3,0,0.007467,0.014058,0.026991,1,1,1,2154.7
least_connections,3,5,11,16.172,25.698,0.974,0.974,70,0,0,70,5,4,6,0.007467,0.014058,0.026991,1,1,1,2154.7
least_connections,3,6,11,15.704,25.579,0.916,0.916,72,0,0,72,10,5,11,0.007441,0.012655,0.027015,1,1,1,2154.7
least_connections,3,7,1,15.779,25.684,0.9101,0.9101,74,0,0,74,11,5,11,0.007566,0.012639,0.027133,1,1,1,2154.7
least_connections,3,8,11,15.935,25.241,0.9588,0.9588,71,0,0,71,14,9,15,0.008392,0.012788,0.026625,1,1,1,2154.7
least_connections,3,9,1,15.528,25.049,0.9548,0.9548,72,0,0,72,15,9,15,0.007497,0.01266,0.026426,1,1,1,2154.7
least_connections,3,10,11,15.495,25.042,0.9239,0.9239,72,0,0,72,19,10,21,0.007471,0.012587,0.026426,1,1,1,2154.7
least_connections,3,11,1,15.448,24.917,0.9393,0.9393,74,0,0,74,19,11,21,0.007471,0.012587,0.026287,1,1,1,2154.7
least_connections,3,12,1,15.732,25.64,0.9528,0.9528,70,0,0,70,19,12,21,0.007455,0.012659,0.027082,1,1,1,2154.7
least_connections,3,13,11,15.912,25.606,0.9721,0.9721,72,0,0,72,23,16,24,0.007865,0.012849,0.027023,1,1,1,2154.7
least_connections,3,14,1,15.834,25.634,0.9697,0.9697,73,0,0,73,24,16,24,0.007746,0.012682,0.027073,1,1,1,2154.7
least_connections,3,15,1,15.635,25.025,0.9666,0.9666,70,0,0,70,25,16,24,0.007954,0.012538,0.026412,1,1,1,2154.7
least_connections,3,16,1,15.45,25.025,0.9745,0.9745,70,0,0,70,25,17,24,0.007401,0.012538,0.026412,1,1,1,2154.7
least_connections,3,17,11,15.44,24.91,0.9906,0.9906,71,0,0,71,29,23,25,0.007401,0.012645,0.026273,1,1,1,2154.7
least_connections,3,18,11,15.712,25.275,0.9967,0.9967,73,0,0,73,31,27,30,0.007792,0.012668,0.026676,1,1,1,2154.7
least_connections,3,19,1,15.632,25.374,0.9982,0.9982,75,0,0,75,31,28,30,0.007456,0.012654,0.026787,1,1,1,2154.7
least_connections,3,20,1,15.622,25.378,0.997,0.997,72,0,0,72,32,28,30,0.007403,0.012675,0.026789,1,1,1,2154.7
least_connections,3,21,1,15.634,25.334,0.9954,0.9954,73,0,0,73,33,28,30,0.007505,0.012653,0.026743,1,1,1,2154.7
least_connections,3,22,1,15.634,25.334,0.9969,0.9969,73,0,0,73,33,29,30,0.007505,0.012653,0.026743,1,1,1,2154.7
least_connections,3,23,11,15.915,25.924,0.9964,0.9964,74,0,0,74,37,32,34,0.007428,0.01295,0.027366,1,1,1,2154.7
least_connections,3,24,1,15.564,25.188,0.9976,0.9976,69,0,0,69,37,33,34,0.007455,0.012656,0.02658,1,1,1,2154.7
least_connections,3,25,1,15.521,25.111,0.9984,0.9984,70,0,0,70,37,34,34,0.007417,0.012651,0.026495,1,1,1,2154.7
least_connections,3,26,1,15.414,24.733,0.9988,0.9988,71,0,0,71,37,35,34,0.007532,0.012633,0.026077,1,1,1,2154.7
least_connections,3,27,0,15.418,24.736,0.9988,0.9988,71,0,0,71,37,35,34,0.007506,0.012671,0.026077,1,1,1,2154.7
least_connections,3,28,1,15.454,24.834,0.9977,0.9977,72,0,0,72,38,35,34,0.007506,0.012671,0.026186,1,1,1,2154.7
least_connections,3,29,11,15.54,25.155,0.9956,0.9956,71,0,0,71,38,43,37,0.007475,0.012596,0.02655,1,1,1,2154.7
least_connections,3,30,1,15.441,24.991,0.994,0.994,72,0,0,72,38,44,37,0.007402,0.012546,0.026374,1,1,1,2154.7
least_connections,3,31,1,15.817,25.784,0.9921,0.9921,73,0,0,73,38,45,37,0.007487,0.01273,0.027234,1,1,1,2154.7
least_connections,3,32,1,15.631,25.466,0.9929,0.9929,69,0,0,69,39,45,37,0.007421,0.012574,0.026899,1,1,1,2154.7
least_connections,3,33,11,16.095,25.466,0.9915,0.9915,69,0,0,69,44,49,39,0.008812,0.012574,0.026899,1,1,1,2154.7
least_connections,3,34,1,16.086,25.374,0.9915,0.9915,71,0,0,71,45,49,39,0.008812,0.012658,0.026787,1,1,1,2154.7
least_connections,3,35,1,15.872,25.794,0.99,0.99,72,0,0,72,45,50,39,0.00753,0.012853,0.027232,1,1,1,2154.7
least_connections,3,36,1,15.756,25.014,0.9899,0.9899,67,0,0,67,46,50,39,0.007414,0.013567,0.026286,1,1,1,2154.7
least_connections,3,37,1,15.81,25.498,0.9884,0.9884,68,0,0,68,46,51,39,0.007534,0.013012,0.026885,1,1,1,2154.7
least_connections,3,38,1,15.803,25.773,0.9866,0.9866,69,0,0,69,46,52,39,0.007454,0.012732,0.027222,1,1,1,2154.7
least_connections,3,39,1,15.803,25.773,0.9866,0.9866,69,0,0,69,47,52,39,0.007454,0.012732,0.027222,1,1,1,2154.7
least_connections,3,40,11,15.728,25.561,0.9919,0.9919,70,0,0,70,50,55,44,0.00754,0.012648,0.026996,1,1,1,2154.7
least_connections,3,41,11,15.534,25.183,0.9962,0.9962,69,0,0,69,51,58,51,0.007427,0.012594,0.026582,1,1,1,2154.7
least_connections,3,42,11,15.473,24.887,0.9967,0.9967,72,0,0,72,53,61,57,0.007454,0.012726,0.026238,1,1,1,2154.7
least_connections,3,43,11,15.654,25.015,0.9978,0.9978,74,0,0,74,57,64,61,0.007515,0.013108,0.026338,1,1,1,2154.7
least_connections,3,44,1,15.825,24.97,0.9971,0.9971,74,0,0,74,57,65,61,0.008475,0.012661,0.026338,1,1,1,2154.7
least_connections,3,45,11,15.981,25.393,0.999,0.999,68,0,0,68,62,67,65,0.008475,0.012661,0.026808,1,1,1,2154.7
least_connections,3,46,1,15.993,25.079,0.9986,0.9986,70,0,0,70,62,68,65,0.008896,0.012619,0.026464,1,1,1,2154.7
least_connections,3,47,1,15.549,24.985,0.9981,0.9981,71,0,0,71,62,69,65,0.007458,0.012858,0.026332,1,1,1,2154.7
least_connections,3,48,11,15.658,25.438,0.9973,0.9973,67,0,0,67,66,74,67,0.007524,0.012583,0.026866,1,1,1,2154.7
least_connections,3,49,1,15.681,25.528,0.9966,0.9966,69,0,0,69,66,75,67,0.007461,0.012618,0.026963,1,1,1,2154.7
least_connections,3,50,1,15.677,25.528,0.9971,0.9971,69,0,0,69,67,75,67,0.007449,0.012618,0.026963,1,1,1,2154.7
least_connections,3,51,1,15.659,25.423,0.9974,0.9974,70,0,0,70,68,75,67,0.007449,0.01269,0.026838,1,1,1,2154.7
least_connections,3,52,1,15.485,24.986,0.9967,0.9967,71,0,0,71,68,76,67,0.007478,0.012616,0.026361,1,1,1,2154.7
least_connections,3,53,1,15.5,25.115,0.996,0.996,67,0,0,67,68,77,67,0.007439,0.012549,0.026511,1,1,1,2154.7
least_connections,3,54,7,16.376,25.755,0.9984,0.9984,68,0,0,68,72,77,70,0.009238,0.012681,0.027208,1,1,1,2154.7
least_connections,3,55,5,15.603,25.341,0.999,0.999,70,0,0,70,73,78,73,0.007414,0.012642,0.026752,1,1,1,2154.7
least_connections,3,56,0,15.603,25.341,0.999,0.999,70,0,0,70,73,78,73,0.007414,0.012642,0.026752,1,1,1,2154.7
least_connections,3,57,1,15.421,24.929,0.9986,0.9986,67,0,0,67,73,79,73,0.007404,0.012556,0.026304,1,1,1,2154.7
least_connections,3,58,1,16.197,25.996,0.9988,0.9988,68,0,0,68,74,79,73,0.008434,0.012683,0.027475,1,1,1,2154.7
least_connections,3,59,1,15.529,25.09,0.9989,0.9989,69,0,0,69,75,79,73,0.007438,0.012681,0.026469,1,1,1,2154.7
least_connections,3,60,1,15.706,25.151,0.999,0.999,70,0,0,70,76,79,73,0.007541,0.013084,0.026492,1,1,1,2154.7
least_connections,3,61,11,15.519,25.102,0.999,0.999,70,0,0,70,77,83,79,0.007469,0.012595,0.026492,1,1,1,2154.7
least_connections,3,62,1,16.053,26.546,0.9986,0.9986,69,0,0,69,77,84,79,0.007469,0.012595,0.028096,1,1,1,2154.7
least_connections,3,63,1,15.683,25.319,0.9989,0.9989,70,0,0,70,78,84,79,0.00762,0.012709,0.02672,1,1,1,2154.7
least_connections,3,64,1,16.18,26.07,0.9991,0.9991,71,0,0,71,79,84,79,0.007467,0.013621,0.027453,1,1,1,2154.7
least_connections,3,65,1,15.625,25.356,0.9988,0.9988,68,0,0,68,79,85,79,0.007453,0.012656,0.026767,1,1,1,2154.7
least_connections,3,66,1,15.816,25.583,0.9984,0.9984,69,0,0,69,79,86,79,0.007462,0.013006,0.026981,1,1,1,2154.7
least_connections,3,67,1,15.813,25.583,0.9986,0.9986,69,0,0,69,80,86,79,0.007452,0.013006,0.026981,1,1,1,2154.7
least_connections,3,68,11,15.658,25.482,0.9969,0.9969,70,0,0,70,81,92,83,0.007452,0.012608,0.026913,1,1,1,2154.7
least_connections,3,69,1,16.167,25.529,0.9973,0.9973,66,0,0,66,82,92,83,0.007956,0.013702,0.026843,1,1,1,2154.7
least_connections,3,70,1,15.848,25.547,0.9967,0.9967,67,0,0,67,82,93,83,0.007949,0.012612,0.026984,1,1,1,2154.7
least_connections,3,71,11,15.56,25.092,0.9988,0.9988,69,0,0,69,87,94,88,0.007604,0.012597,0.02648,1,1,1,2154.7
least_connections,3,72,1,15.607,25.416,0.999,0.999,70,0,0,70,88,94,88,0.007423,0.012551,0.026846,1,1,1,2154.7
least_connections,3,73,1,15.607,25.416,0.9987,0.9987,70,0,0,70,88,95,88,0.007423,0.012551,0.026846,1,1,1,2154.7
least_connections,3,74,9,16.285,26.047,0.9992,0.9992,67,0,0,67,91,97,92,0.008458,0.012889,0.027509,1,1,1,2154.7
least_connections,3,75,11,15.56,25.097,0.9995,0.9995,69,0,0,69,94,99,98,0.00747,0.01274,0.02647,1,1,1,2154.7
least_connections,3,76,1,15.618,24.942,0.9997,0.9997,71,0,0,71,95,99,98,0.007892,0.012656,0.026307,1,1,1,2154.7
least_connections,3,77,1,15.589,25.285,0.9998,0.9998,67,0,0,67,96,99,98,0.007437,0.012639,0.02669,1,1,1,2154.7
least_connections,3,78,1,15.671,25.311,0.9997,0.9997,67,0,0,67,96,100,98,0.007425,0.012897,0.02669,1,1,1,2154.7
least_connections,3,79,1,15.5,24.851,0.9996,0.9996,68,0,0,68,96,101,98,0.007425,0.012897,0.026179,1,1,1,2154.7
least_connections,3,80,11,15.763,25.607,0.9996,0.9996,69,0,0,69,99,103,104,0.00744,0.012823,0.027027,1,1,1,2154.7
least_connections,3,81,1,15.363,24.654,0.9995,0.9995,66,0,0,66,99,104,104,0.007469,0.012631,0.02599,1,1,1,2154.7
least_connections,3,82,7,15.926,25.984,0.9994,0.9994,67,0,0,67,101,106,107,0.007458,0.01288,0.02744,1,1,1,2154.7
least_connections,3,83,4,15.999,25.54,0.9989,0.9989,69,0,0,69,101,108,109,0.008414,0.012605,0.026977,1,1,1,2154.7
least_connections,3,84,11,15.999,25.54,0.9981,0.9981,69,0,0,69,103,112,114,0.008414,0.012605,0.026977,1,1,1,2154.7
least_connections,3,85,1,15.695,25.578,0.998,0.998,71,0,0,71,103,113,114,0.007429,0.012641,0.027016,1,1,1,2154.7
least_connections,3,86,11,15.841,25.257,0.9964,0.9964,69,0,0,69,104,118,119,0.0075,0.013454,0.026568,1,1,1,2154.7
least_connections,3,87,11,15.6,25.301,0.9974,0.9974,71,0,0,71,109,123,120,0.00752,0.012565,0.026716,1,1,1,2154.7
least_connections,3,88,1,15.475,25.008,0.9978,0.9978,72,0,0,72,110,123,120,0.007383,0.012662,0.02638,1,1,1,2154.7
least_connections,3,89,11,15.542,25.02,0.9975,0.9975,72,0,0,72,113,127,124,0.007461,0.012784,0.02638,1,1,1,2154.7
least_connections,3,90,1,15.474,24.806,0.9979,0.9979,70,0,0,70,114,127,124,0.007652,0.01261,0.026161,1,1,1,2154.7
least_connections,3,91,1,15.474,24.806,0.9977,0.9977,70,0,0,70,114,128,124,0.007652,0.01261,0.026161,1,1,1,2154.7
least_connections,3,92,1,15.564,25.089,0.998,0.998,71,0,0,71,115,128,124,0.007465,0.01277,0.026458,1,1,1,2154.7
least_connections,3,93,1,15.889,25.657,0.9983,0.9983,68,0,0,68,116,128,124,0.007817,0.01276,0.02709,1,1,1,2154.7
least_connections,3,94,11,16.104,25.421,0.9989,0.9989,70,0,0,70,121,131,127,0.007916,0.013669,0.026727,1,1,1,2154.7
least_connections,3,95,1,15.956,25.421,0.9992,0.9992,70,0,0,70,122,131,127,0.007472,0.013669,0.026727,1,1,1,2154.7
least_connections,3,96,11,15.732,25.646,0.9988,0.9988,71,0,0,71,125,136,130,0.007472,0.012632,0.027092,1,1,1,2154.7
least_connections,3,97,11,15.751,25.598,0.9989,0.9989,73,0,0,73,129,140,133,0.007494,0.012732,0.027028,1,1,1,2154.7
least_connections,3,98,1,15.71,25.604,0.9986,0.9986,72,0,0,72,129,141,133,0.007423,0.012664,0.027042,1,1,1,2154.7
least_connections,3,99,11,15.663,25.349,0.9983,0.9983,74,0,0,74,131,145,138,0.007601,0.012625,0.026763,1,1,1,2154.7
least_connections,3,100,1,15.828,25.653,0.9985,0.9985,75,0,0,75,132,145,138,0.007493,0.012923,0.027068,1,1,1,2154.7
least_connections,3,101,11,15.828,25.653,0.9984,0.9984,75,0,0,75,135,149,142,0.007493,0.012923,0.027068,1,1,1,2154.7
least_connections,3,102,1,15.474,25.008,0.9986,0.9986,71,0,0,71,136,149,142,0.007413,0.012624,0.026384,1,1,1,2154.7
least_connections,3,103,1,15.861,25.61,0.9984,0.9984,72,0,0,72,136,150,142,0.007615,0.012952,0.027017,1,1,1,2154.7
least_connections,3,104,1,16.198,26.053,0.9986,0.9986,73,0,0,73,137,150,142,0.007478,0.013688,0.027427,1,1,1,2154.7
least_connections,3,105,1,15.963,25.727,0.9984,0.9984,68,0,0,68,137,151,142,0.007815,0.012926,0.027149,1,1,1,2154.7
least_connections,3,106,1,15.696,25.687,0.9986,0.9986,68,0,0,68,138,151,142,0.007411,0.012527,0.027149,1,1,1,2154.7
least_connections,3,107,0,15.552,25.299,0.9986,0.9986,69,0,0,69,138,151,142,0.007411,0.012527,0.026718,1,1,1,2154.7
least_connections,3,108,1,15.496,24.77,0.9983,0.9983,70,0,0,70,138,152,142,0.007781,0.012584,0.026124,1,1,1,2154.7
least_connections,3,109,11,15.406,24.801,0.999,0.999,72,0,0,72,143,154,146,0.007451,0.012612,0.026155,1,1,1,2154.7
least_connections,3,110,1,15.656,25.363,0.9991,0.9991,68,0,0,68,144,154,146,0.007442,0.012763,0.026763,1,1,1,2154.7
least_connections,3,111,1,15.996,25.998,0.9993,0.9993,69,0,0,69,145,154,146,0.007456,0.013102,0.027431,1,1,1,2154.7
least_connections,3,112,1,16.0,25.998,0.9991,0.9991,69,0,0,69,145,155,146,0.007467,0.013102,0.027431,1,1,1,2154.7
least_connections,3,113,1,15.707,25.611,0.9989,0.9989,70,0,0,70,145,156,146,0.007467,0.012598,0.027057,1,1,1,2154.7
least_connections,3,114,1,15.828,25.543,0.999,0.999,68,0,0,68,146,156,146,0.007796,0.01272,0.026968,1,1,1,2154.7
least_connections,3,115,1,15.557,25.198,0.9988,0.9988,69,0,0,69,146,157,146,0.007467,0.012608,0.026597,1,1,1,2154.7
least_connections,3,116,11,15.565,25.099,0.9987,0.9987,71,0,0,71,150,161,149,0.007478,0.012746,0.026472,1,1,1,2154.7
least_connections,3,117,1,15.717,25.386,0.9985,0.9985,72,0,0,72,150,162,149,0.007451,0.01293,0.02677,1,1,1,2154.7
least_connections,3,118,1,15.717,25.386,0.9986,0.9986,72,0,0,72,151,162,149,0.007451,0.01293,0.02677,1,1,1,2154.7
least_connections,3,119,1,15.765,25.431,0.9984,0.9984,69,0,0,69,151,163,149,0.007782,0.012664,0.02685,1,1,1,2154.7
hash_based,1,0,0,15.534,24.96,1.0,1.0,0,0,0,0,0,0,0,0.007464,0.012831,0.026308,1,1,1,1985.0
hash_based,1,1,1,15.758,25.747,0.3333,0.3333,67,0,0,67,0,1,0,0.00744,0.012631,0.027204,1,1,1,1985.0
hash_based,1,2,11,15.404,24.772,0.6486,0.6486,69,0,0,69,1,3,8,0.007464,0.012627,0.026121,1,1,1,1985.0
hash_based,1,3,1,15.548,24.982,0.7316,0.7316,70,0,0,70,2,3,8,0.00773,0.01255,0.026363,1,1,1,1985.0
hash_based,1,4,1,15.606,25.22,0.7778,0.7778,71,0,0,71,2,4,8,0.007565,0.012635,0.026618,1,1,1,1985.0
hash_based,1,5,11,15.588,25.115,0.9098,0.9098,69,0,0,69,6,7,12,0.007438,0.012848,0.026478,1,1,1,1985.0
hash_based,1,6,1,15.588,25.115,0.9311,0.9311,69,0,0,69,7,7,12,0.007438,0.012848,0.026478,1,1,1,1985.0
hash_based,1,7,1,15.58,24.904,0.9455,0.9455,70,0,0,70,7,8,12,0.0074,0.013129,0.026212,1,1,1,1985.0
hash_based,1,8,1,15.52,24.777,0.9538,0.9538,71,0,0,71,7,9,12,0.007778,0.01266,0.026123,1,1,1,1985.0
hash_based,1,9,1,15.593,24.89,0.9568,0.9568,67,0,0,67,7,10,12,0.007936,0.012586,0.026257,1,1,1,1985.0
hash_based,1,10,1,15.815,25.755,0.974,0.974,68,0,0,68,8,10,12,0.007745,0.012467,0.027232,1,1,1,1985.0
hash_based,1,11,1,15.801,25.77,0.9856,0.9856,68,0,0,68,9,10,12,0.007558,0.012613,0.027232,1,1,1,1985.0
hash_based,1,12,1,15.419,24.739,0.9922,0.9922,69,0,0,69,10,10,12,0.007558,0.012613,0.026086,1,1,1,1985.0
hash_based,1,13,1,16.407,25.861,0.9945,0.9945,70,0,0,70,11,10,12,0.007464,0.01465,0.027107,1,1,1,1985.0
hash_based,1,14,1,15.624,25.281,0.9983,0.9983,66,0,0,66,11,11,12,0.007523,0.012667,0.026683,1,1,1,1985.0
hash_based,1,15,1,15.753,25.616,0.9984,0.9984,67,0,0,67,12,11,12,0.007528,0.012679,0.027053,1,1,1,1985.0
hash_based,1,16,1,15.88,25.881,0.9954,0.9954,68,0,0,68,13,11,12,0.007498,0.01281,0.027333,1,1,1,1985.0
hash_based,1,17,1,15.896,25.881,0.9985,0.9985,68,0,0,68,13,12,12,0.007544,0.01281,0.027333,1,1,1,1985.0
hash_based,1,18,1,15.76,25.119,0.9945,0.9945,64,0,0,64,14,12,12,0.007544,0.013305,0.026432,1,1,1,1985.0
hash_based,1,19,1,15.761,25.348,0.9883,0.9883,65,0,0,65,15,12,12,0.007486,0.013087,0.02671,1,1,1,1985.0
hash_based,1,20,1,15.372,24.655,0.9804,0.9804,66,0,0,66,16,12,12,0.007497,0.012627,0.025992,1,1,1,1985.0
hash_based,1,21,11,15.639,25.334,0.9931,0.9931,62,0,0,62,19,16,16,0.0075,0.012678,0.02674,1,1,1,1985.0
hash_based,1,22,1,15.569,25.145,0.9948,0.9948,63,0,0,63,19,17,16,0.007488,0.012689,0.026529,1,1,1,1985.0
hash_based,1,23,1,15.569,25.145,0.9908,0.9908,63,0,0,63,20,17,16,0.007488,0.012689,0.026529,1,1,1,1985.0
hash_based,1,24,11,15.595,25.187,0.9922,0.9922,64,0,0,64,24,20,20,0.0075,0.012713,0.026573,1,1,1,1985.0
hash_based,1,25,1,15.866,25.724,0.9939,0.9939,66,0,0,66,24,21,20,0.007833,0.012582,0.027184,1,1,1,1985.0
hash_based,1,26,1,15.727,25.364,0.9905,0.9905,62,0,0,62,25,21,20,0.007462,0.012979,0.02674,1,1,1,1985.0
hash_based,1,27,1,15.495,25.063,0.9916,0.9916,63,0,0,63,25,22,20,0.007422,0.012618,0.026446,1,1,1,1985.0
hash_based,1,28,11,15.529,25.063,0.9883,0.9883,63,0,0,63,30,24,24,0.007524,0.012618,0.026446,1,1,1,1985.0
hash_based,1,29,1,16.215,26.638,0.9845,0.9845,65,0,0,65,31,24,24,0.007524,0.012964,0.028157,1,1,1,1985.0
hash_based,1,30,1,15.557,25.223,0.9804,0.9804,61,0,0,61,32,24,24,0.00743,0.012616,0.026624,1,1,1,1985.0
hash_based,1,31,1,15.584,25.0,0.9759,0.9759,62,0,0,62,33,24,24,0.00746,0.012953,0.026339,1,1,1,1985.0
hash_based,1,32,1,15.631,25.337,0.9787,0.9787,63,0,0,63,33,25,24,0.007503,0.012641,0.026748,1,1,1,1985.0
hash_based,1,33,0,15.635,25.336,0.9787,0.9787,63,0,0,63,33,25,24,0.007528,0.012628,0.026748,1,1,1,1985.0
hash_based,1,34,1,15.558,25.13,0.9809,0.9809,59,0,0,59,33,26,24,0.007528,0.012628,0.026519,1,1,1,1985.0
hash_based,1,35,11,15.797,25.016,0.989,0.989,61,0,0,61,35,32,27,0.007425,0.013692,0.026274,1,1,1,1985.0
hash_based,1,36,1,15.796,25.734,0.9886,0.9886,62,0,0,62,35,33,27,0.007574,0.012624,0.027191,1,1,1,1985.0
hash_based,1,37,1,15.801,25.342,0.9878,0.9878,63,0,0,63,35,34,27,0.007753,0.012928,0.026721,1,1,1,1985.0
hash_based,1,38,11,15.913,26.075,0.9946,0.9946,60,0,0,60,37,38,32,0.007494,0.012682,0.027563,1,1,1,1985.0
hash_based,1,39,1,15.902,26.075,0.9934,0.9934,60,0,0,60,37,39,32,0.007462,0.012682,0.027563,1,1,1,1985.0
hash_based,1,40,1,15.756,25.679,0.9918,0.9918,61,0,0,61,37,40,32,0.007462,0.012683,0.027123,1,1,1,1985.0
hash_based,1,41,11,15.412,24.668,0.9988,0.9988,63,0,0,63,39,42,39,0.007624,0.012604,0.026009,1,1,1,1985.0
hash_based,1,42,1,15.581,25.235,0.999,0.999,60,0,0,60,40,42,39,0.007523,0.012578,0.026641,1,1,1,1985.0
hash_based,1,43,11,15.657,25.135,0.9986,0.9986,62,0,0,62,46,44,42,0.007788,0.012661,0.026521,1,1,1,1985.0
hash_based,1,44,1,15.674,25.473,0.9979,0.9979,63,0,0,63,47,44,42,0.007497,0.012625,0.026901,1,1,1,1985.0
hash_based,1,45,1,15.674,25.473,0.9969,0.9969,63,0,0,63,48,44,42,0.007497,0.012625,0.026901,1,1,1,1985.0
hash_based,1,46,11,15.638,25.419,0.9971,0.9971,60,0,0,60,52,47,46,0.007451,0.012621,0.026841,1,1,1,1985.0
hash_based,1,47,1,15.527,25.044,0.9974,0.9974,62,0,0,62,52,48,46,0.007526,0.012631,0.026423,1,1,1,1985.0
hash_based,1,48,1,15.642,24.943,0.9975,0.9975,63,0,0,63,52,49,46,0.007996,0.012618,0.026313,1,1,1,1985.0
hash_based,1,49,1,16.01,26.172,0.9966,0.9966,64,0,0,64,53,49,46,0.007627,0.01274,0.027664,1,1,1,1985.0
hash_based,1,50,1,15.891,26.154,0.9956,0.9956,64,0,0,64,54,49,46,0.007451,0.012559,0.027664,1,1,1,1985.0
hash_based,1,51,1,15.833,25.996,0.9944,0.9944,62,0,0,62,55,49,46,0.007451,0.012559,0.027489,1,1,1,1985.0
hash_based,1,52,11,15.535,25.035,0.9939,0.9939,63,0,0,63,58,55,48,0.007619,0.012565,0.026421,1,1,1,1985.0
hash_based,1,53,1,15.759,25.64,0.993,0.993,65,0,0,65,59,55,48,0.007485,0.012716,0.027076,1,1,1,1985.0
hash_based,1,54,1,15.699,25.272,0.9919,0.9919,61,0,0,61,60,55,48,0.007827,0.012588,0.026681,1,1,1,1985.0
hash_based,1,55,1,15.541,25.184,0.9917,0.9917,62,0,0,62,60,56,48,0.007484,0.01255,0.026588,1,1,1,1985.0
hash_based,1,56,11,15.531,25.192,0.9866,0.9866,62,0,0,62,65,61,49,0.007382,0.012624,0.026588,1,1,1,1985.0
hash_based,1,57,1,15.37,24.756,0.9854,0.9854,64,0,0,64,66,61,49,0.007382,0.012624,0.026104,1,1,1,1985.0
hash_based,1,58,1,15.524,24.831,0.9842,0.9842,65,0,0,65,67,61,49,0.007428,0.012998,0.026146,1,1,1,1985.0
hash_based,1,59,1,15.441,24.982,0.9828,0.9828,63,0,0,63,68,61,49,0.007369,0.012596,0.026358,1,1,1,1985.0
hash_based,1,60,1,15.501,25.003,0.9814,0.9814,64,0,0,64,69,61,49,0.007465,0.012664,0.026374,1,1,1,1985.0
hash_based,1,61,0,15.482,24.738,0.9814,0.9814,65,0,0,65,69,61,49,0.007468,0.012928,0.02605,1,1,1,1985.0
hash_based,1,62,11,15.478,24.738,0.9817,0.9817,65,0,0,65,73,65,52,0.007455,0.012928,0.02605,1,1,1,1985.0
hash_based,1,63,1,15.373,24.712,0.9803,0.9803,62,0,0,62,74,65,52,0.007455,0.012608,0.026057,1,1,1,1985.0
hash_based,1,64,11,15.582,25.267,0.9866,0.9866,64,0,0,64,76,69,57,0.007465,0.012608,0.026674,1,1,1,1985.0
hash_based,1,65,1,15.583,25.015,0.9865,0.9865,65,0,0,65,76,70,57,0.007519,0.012864,0.026365,1,1,1,1985.0
hash_based,1,66,1,15.503,25.035,0.9862,0.9862,62,0,0,62,76,71,57,0.007471,0.012625,0.026414,1,1,1,1985.0
hash_based,1,67,1,15.495,24.787,0.9852,0.9852,63,0,0,63,77,71,57,0.007508,0.012867,0.026111,1,1,1,1985.0
hash_based,1,68,11,15.495,24.787,0.9859,0.9859,63,0,0,63,82,73,61,0.007508,0.012867,0.026111,1,1,1,1985.0
hash_based,1,69,1,15.849,25.24,0.9859,0.9859,65,0,0,65,82,74,61,0.008309,0.012591,0.026646,1,1,1,1985.0
hash_based,1,70,1,15.333,24.664,0.9858,0.9858,66,0,0,66,82,75,61,0.007425,0.012566,0.026008,1,1,1,1985.0
hash_based,1,71,11,15.627,25.528,0.9849,0.9849,65,0,0,65,87,78,64,0.007303,0.012616,0.026963,1,1,1,1985.0
hash_based,1,72,1,15.47,24.87,0.9838,0.9838,66,0,0,66,88,78,64,0.007546,0.012635,0.02623,1,1,1,1985.0
hash_based,1,73,1,15.778,25.677,0.9827,0.9827,67,0,0,67,89,78,64,0.007526,0.012687,0.02712,1,1,1,1985.0
hash_based,1,74,1,15.778,25.677,0.9827,0.9827,67,0,0,67,89,79,64,0.007526,0.012687,0.02712,1,1,1,1985.0
hash_based,1,75,1,15.825,25.844,0.9815,0.9815,64,0,0,64,90,79,64,0.007546,0.012616,0.027314,1,1,1,1985.0
hash_based,1,76,1,15.691,25.378,0.9815,0.9815,65,0,0,65,90,80,64,0.00747,0.012832,0.026772,1,1,1,1985.0
hash_based,1,77,1,15.688,25.337,0.9814,0.9814,66,0,0,66,90,81,64,0.007578,0.012749,0.026736,1,1,1,1985.0
hash_based,1,78,1,15.841,25.842,0.9803,0.9803,64,0,0,64,91,81,64,0.007586,0.012626,0.027311,1,1,1,1985.0
hash_based,1,79,11,15.88,25.849,0.9811,0.9811,64,0,0,64,96,83,68,0.00764,0.012688,0.027311,1,1,1,1985.0
hash_based,1,80,1,15.671,25.284,0.9799,0.9799,66,0,0,66,97,83,68,0.00764,0.012688,0.026684,1,1,1,1985.0
hash_based,1,81,1,15.596,25.262,0.98,0.98,67,0,0,67,97,84,68,0.007474,0.012652,0.026663,1,1,1,1985.0
hash_based,1,82,1,15.897,26.018,0.98,0.98,68,0,0,68,97,85,68,0.007479,0.012717,0.027496,1,1,1,1985.0
hash_based,1,83,1,15.568,25.16,0.9789,0.9789,65,0,0,65,98,85,68,0.007472,0.012687,0.026546,1,1,1,1985.0
hash_based,1,84,11,15.642,25.367,0.9786,0.9786,67,0,0,67,101,91,70,0.00751,0.012634,0.026782,1,1,1,1985.0
hash_based,1,85,1,15.642,25.367,0.9776,0.9776,67,0,0,67,102,91,70,0.00751,0.012634,0.026782,1,1,1,1985.0
hash_based,1,86,1,15.789,25.399,0.9774,0.9774,68,0,0,68,102,92,70,0.00789,0.012662,0.026814,1,1,1,1985.0
hash_based,1,87,11,15.663,25.414,0.9825,0.9825,64,0,0,64,104,96,75,0.007492,0.012666,0.02683,1,1,1,1985.0
hash_based,1,88,1,15.503,25.043,0.9817,0.9817,66,0,0,66,105,96,75,0.007425,0.012665,0.026418,1,1,1,1985.0
hash_based,1,89,1,16.177,25.944,0.9815,0.9815,67,0,0,67,105,97,75,0.00794,0.013234,0.027356,1,1,1,1985.0
hash_based,1,90,1,15.941,25.882,0.9812,0.9812,67,0,0,67,105,98,75,0.007854,0.012613,0.027356,1,1,1,1985.0
hash_based,1,91,0,15.78,25.446,0.9812,0.9812,64,0,0,64,105,98,75,0.007854,0.012613,0.026872,1,1,1,1985.0
hash_based,1,92,1,15.819,25.175,0.9804,0.9804,65,0,0,65,106,98,75,0.007931,0.012998,0.026528,1,1,1,1985.0
hash_based,1,93,1,15.741,25.678,0.9796,0.9796,66,0,0,66,107,98,75,0.00751,0.012581,0.027133,1,1,1,1985.0
hash_based,1,94,11,15.717,25.306,0.9835,0.9835,68,0,0,68,110,101,80,0.007547,0.012921,0.026682,1,1,1,1985.0
hash_based,1,95,1,15.714,25.469,0.9827,0.9827,65,0,0,65,111,101,80,0.007526,0.012733,0.026884,1,1,1,1985.0
hash_based,1,96,1,15.714,25.469,0.9819,0.9819,65,0,0,65,112,101,80,0.007526,0.012733,0.026884,1,1,1,1985.0
hash_based,1,97,1,15.51,25.005,0.9817,0.9817,66,0,0,66,112,102,80,0.007549,0.012599,0.026383,1,1,1,1985.0
hash_based,1,98,1,15.559,25.094,0.9809,0.9809,67,0,0,67,113,102,80,0.007461,0.012749,0.026466,1,1,1,1985.0
hash_based,1,99,1,16.152,25.145,0.9808,0.9808,63,0,0,63,113,103,80,0.008812,0.013167,0.026476,1,1,1,1985.0
hash_based,1,100,1,15.888,26.062,0.9806,0.9806,64,0,0,64,113,104,80,0.007464,0.012646,0.027553,1,1,1,1985.0
hash_based,1,101,1,15.981,26.061,0.9798,0.9798,64,0,0,64,114,104,80,0.007762,0.012629,0.027553,1,1,1,1985.0
hash_based,1,102,1,15.818,25.62,0.9796,0.9796,65,0,0,65,114,105,80,0.007762,0.012629,0.027064,1,1,1,1985.0
hash_based,1,103,1,15.486,24.808,0.9794,0.9794,66,0,0,66,114,106,80,0.007598,0.012709,0.026152,1,1,1,1985.0
hash_based,1,104,1,15.606,25.244,0.9786,0.9786,63,0,0,63,115,106,80,0.007365,0.012829,0.026623,1,1,1,1985.0
hash_based,1,105,1,15.44,25.013,0.9784,0.9784,64,0,0,64,115,107,80,0.007356,0.012567,0.026396,1,1,1,1985.0
hash_based,1,106,11,15.545,25.057,0.983,0.983,66,0,0,66,119,108,86,0.007532,0.01267,0.026433,1,1,1,1985.0
hash_based,1,107,1,15.517,25.057,0.9822,0.9822,66,0,0,66,120,108,86,0.007447,0.01267,0.026433,1,1,1,1985.0
hash_based,1,108,1,15.652,25.137,0.9814,0.9814,61,0,0,61,121,108,86,0.007447,0.013025,0.026483,1,1,1,1985.0
hash_based,1,109,11,15.997,25.428,0.9846,0.9846,62,0,0,62,124,111,91,0.008446,0.012702,0.026842,1,1,1,1985.0
hash_based,1,110,1,16.09,25.533,0.9846,0.9846,64,0,0,64,124,112,91,0.007815,0.013597,0.026859,1,1,1,1985.0
hash_based,1,111,1,15.762,25.602,0.9839,0.9839,62,0,0,62,125,112,91,0.00741,0.012858,0.027018,1,1,1,1985.0
hash_based,1,112,1,15.838,25.631,0.9838,0.9838,63,0,0,63,125,113,91,0.007476,0.013003,0.027034,1,1,1,1985.0
hash_based,1,113,11,15.838,25.631,0.9884,0.9884,63,0,0,63,128,114,98,0.007476,0.013003,0.027034,1,1,1,1985.0
hash_based,1,114,11,15.713,25.082,0.9918,0.9918,65,0,0,65,130,117,104,0.00757,0.013163,0.026406,1,1,1,1985.0
hash_based,1,115,1,15.717,25.605,0.9919,0.9919,67,0,0,67,130,118,104,0.007442,0.012665,0.027043,1,1,1,1985.0
hash_based,1,116,11,15.693,25.4,0.994,0.994,64,0,0,64,133,120,110,0.007532,0.012742,0.026806,1,1,1,1985.0
hash_based,1,117,11,15.543,25.238,0.9953,0.9953,66,0,0,66,135,125,114,0.007425,0.012556,0.026647,1,1,1,1985.0
hash_based,1,118,1,16.201,25.27,0.9953,0.9953,66,0,0,66,135,126,114,0.009078,0.012877,0.026647,1,1,1,1985.0
hash_based,1,119,1,16.377,25.745,0.9953,0.9953,68,0,0,68,135,127,114,0.009078,0.012877,0.027175,1,1,1,1985.0
hash_based,2,0,0,15.88,25.661,1.0,1.0,0,0,0,0,0,0,0,0.007468,0.013118,0.027055,1,1,1,2431.8
hash_based,2,1,11,15.444,24.95,0.938,0.938,68,0,0,68,5,3,3,0.007419,0.01259,0.026323,1,1,1,2431.8
hash_based,2,2,11,15.87,25.216,0.949,0.949,65,0,0,65,8,9,5,0.007416,0.013699,0.026496,1,1,1,2431.8
hash_based,2,3,1,15.87,25.216,0.933,0.933,65,0,0,65,8,10,5,0.007416,0.013699,0.026496,1,1,1,2431.8
hash_based,2,4,1,15.236,24.433,0.932,0.932,66,0,0,66,9,10,5,0.007374,0.012586,0.025749,1,1,1,2431.8
hash_based,2,5,1,15.588,25.028,0.9178,0.9178,67,0,0,67,9,11,5,0.007527,0.012856,0.02638,1,1,1,2431.8
hash_based,2,6,1,15.846,25.441,0.916,0.916,63,0,0,63,10,11,5,0.00786,0.012837,0.026841,1,1,1,2431.8
hash_based,2,7,1,15.692,25.096,0.9033,0.9033,64,0,0,64,10,12,5,0.007959,0.012636,0.02648,1,1,1,2431.8
hash_based,2,8,1,15.505,25.094,0.9011,0.9011,64,0,0,64,11,12,5,0.007419,0.012617,0.02648,1,1,1,2431.8
hash_based,2,9,1,15.77,25.808,0.8899,0.8899,65,0,0,65,11,13,5,0.007419,0.012617,0.027274,1,1,1,2431.8
hash_based,2,10,1,15.49,25.001,0.8772,0.8772,66,0,0,66,11,14,5,0.007476,0.012617,0.026377,1,1,1,2431.8
hash_based,2,11,1,15.687,24.999,0.8776,0.8776,64,0,0,64,12,14,5,0.007478,0.013282,0.026301,1,1,1,2431.8
hash_based,2,12,1,15.915,26.109,0.8752,0.8752,65,0,0,65,13,14,5,0.00751,0.012629,0.027607,1,1,1,2431.8
hash_based,2,13,11,16.404,26.084,0.9497,0.9497,67,0,0,67,15,18,10,0.008359,0.013354,0.027499,1,1,1,2431.8
hash_based,2,14,11,16.112,26.084,0.9624,0.9624,67,0,0,67,21,20,13,0.007484,0.013354,0.027499,1,1,1,2431.8
hash_based,2,15,11,15.486,24.841,0.9773,0.9773,64,0,0,64,24,24,17,0.007484,0.012793,0.02618,1,1,1,2431.8
hash_based,2,16,11,16.109,26.225,0.9853,0.9853,66,0,0,66,27,28,21,0.007655,0.012976,0.027697,1,1,1,2431.8
hash_based,2,17,1,15.96,25.239,0.9837,0.9837,68,0,0,68,28,28,21,0.007699,0.013656,0.026526,1,1,1,2431.8
hash_based,2,18,11,15.651,25.12,0.9837,0.9837,67,0,0,67,32,32,24,0.007795,0.012652,0.026505,1,1,1,2431.8
hash_based,2,19,1,15.549,24.954,0.9819,0.9819,68,0,0,68,33,32,24,0.007427,0.01293,0.02629,1,1,1,2431.8
hash_based,2,20,11,15.549,24.954,0.981,0.981,68,0,0,68,38,35,27,0.007427,0.01293,0.02629,1,1,1,2431.8
hash_based,2,21,1,15.815,25.415,0.9785,0.9785,70,0,0,70,39,35,27,0.007911,0.012708,0.026827,1,1,1,2431.8
hash_based,2,22,1,15.683,25.378,0.978,0.978,71,0,0,71,39,36,27,0.007488,0.012782,0.026778,1,1,1,2431.8
hash_based,2,23,11,15.968,25.326,0.9742,0.9742,67,0,0,67,45,38,30,0.007498,0.013798,0.026607,1,1,1,2431.8
hash_based,2,24,1,15.819,25.587,0.9779,0.9779,69,0,0,69,45,38,31,0.007465,0.013007,0.026985,1,1,1,2431.8
hash_based,2,25,10,15.81,25.587,0.9725,0.9725,69,0,0,69,50,41,33,0.007439,0.013007,0.026985,1,1,1,2431.8
hash_based,2,26,1,15.427,24.831,0.9697,0.9697,71,0,0,71,51,41,33,0.007439,0.012659,0.026184,1,1,1,2431.8
hash_based,2,27,1,15.762,25.613,0.9703,0.9703,68,0,0,68,51,42,33,0.007551,0.012685,0.027049,1,1,1,2431.8
hash_based,2,28,1,15.922,25.553,0.9675,0.9675,69,0,0,69,52,42,33,0.007769,0.013057,0.026941,1,1,1,2431.8
hash_based,2,29,1,15.723,25.331,0.968,0.968,70,0,0,70,52,43,33,0.007799,0.012629,0.026742,1,1,1,2431.8
hash_based,2,30,1,15.874,25.738,0.9652,0.9652,67,0,0,67,53,43,33,0.00747,0.012999,0.027153,1,1,1,2431.8
hash_based,2,31,11,15.874,25.738,0.9757,0.9757,67,0,0,67,56,46,38,0.00747,0.012999,0.027153,1,1,1,2431.8
hash_based,2,32,11,15.741,25.238,0.979,0.979,69,0,0,69,59,51,41,0.007536,0.013101,0.026587,1,1,1,2431.8
hash_based,2,33,11,15.576,24.854,0.9831,0.9831,72,0,0,72,59,59,44,0.007478,0.01309,0.026161,1,1,1,2431.8
hash_based,2,34,11,15.649,25.439,0.9912,0.9912,74,0,0,74,61,62,50,0.007415,0.012674,0.026857,1,1,1,2431.8
hash_based,2,35,1,16.098,25.399,0.9906,0.9906,72,0,0,72,62,62,50,0.008526,0.012991,0.026778,1,1,1,2431.8
hash_based,2,36,11,15.723,25.391,0.9942,0.9942,72,0,0,72,65,65,55,0.007483,0.012908,0.026778,1,1,1,2431.8
hash_based,2,37,11,15.623,25.122,0.9936,0.9936,74,0,0,74,70,68,58,0.007483,0.012908,0.026479,1,1,1,2431.8
hash_based,2,38,1,15.798,25.8,0.9929,0.9929,76,0,0,76,71,68,58,0.00747,0.012665,0.027259,1,1,1,2431.8
hash_based,2,39,11,15.671,25.397,0.992,0.992,73,0,0,73,76,71,61,0.007546,0.012655,0.026813,1,1,1,2431.8
hash_based,2,40,1,15.432,24.759,0.9911,0.9911,75,0,0,75,77,71,61,0.007434,0.012771,0.026091,1,1,1,2431.8
hash_based,2,41,1,15.882,25.978,0.991,0.991,76,0,0,76,77,72,61,0.007531,0.012657,0.027458,1,1,1,2431.8
hash_based,2,42,1,16.186,25.978,0.9901,0.9901,76,0,0,76,78,72,61,0.008443,0.012657,0.027458,1,1,1,2431.8
hash_based,2,43,1,16.078,25.69,0.9899,0.9899,73,0,0,73,78,73,61,0.008443,0.012651,0.027139,1,1,1,2431.8
hash_based,2,44,1,15.579,25.197,0.9897,0.9897,74,0,0,74,78,74,61,0.007468,0.012681,0.026588,1,1,1,2431.8
hash_based,2,45,11,15.82,25.868,0.9903,0.9903,75,0,0,75,83,76,65,0.007466,0.01266,0.027335,1,1,1,2431.8
hash_based,2,46,7,15.585,25.145,0.9936,0.9936,77,0,0,77,84,78,69,0.007525,0.012704,0.026527,1,1,1,2431.8
hash_based,2,47,4,15.572,25.141,0.9922,0.9922,77,0,0,77,87,78,70,0.007522,0.012666,0.026527,1,1,1,2431.8
hash_based,2,48,1,15.78,25.704,0.9913,0.9913,75,0,0,75,88,78,70,0.007522,0.012666,0.027153,1,1,1,2431.8
hash_based,2,49,1,15.586,25.194,0.9914,0.9914,76,0,0,76,88,79,70,0.007524,0.012647,0.026588,1,1,1,2431.8
hash_based,2,50,1,15.679,25.49,0.9915,0.9915,77,0,0,77,88,80,70,0.007449,0.012673,0.026914,1,1,1,2431.8
hash_based,2,51,1,15.691,25.139,0.9914,0.9914,71,0,0,71,88,81,70,0.00747,0.013129,0.026474,1,1,1,2431.8
hash_based,2,52,1,15.468,24.871,0.9913,0.9913,72,0,0,72,88,82,70,0.007488,0.012691,0.026224,1,1,1,2431.8
hash_based,2,53,1,15.412,24.861,0.9912,0.9912,72,0,0,72,88,83,70,0.007417,0.012596,0.026224,1,1,1,2431.8
hash_based,2,54,11,15.53,25.179,0.9941,0.9941,73,0,0,73,90,87,75,0.007417,0.012596,0.026577,1,1,1,2431.8
hash_based,2,55,11,15.384,24.631,0.9938,0.9938,76,0,0,76,94,91,78,0.007401,0.012805,0.025945,1,1,1,2431.8
hash_based,2,56,11,15.48,25.11,0.9947,0.9947,73,0,0,73,97,95,82,0.007349,0.012589,0.026501,1,1,1,2431.8
hash_based,2,57,1,15.322,24.617,0.9943,0.9943,74,0,0,74,98,95,82,0.007426,0.012587,0.025954,1,1,1,2431.8
hash_based,2,58,1,15.661,25.329,0.9938,0.9938,75,0,0,75,99,95,82,0.007616,0.012626,0.026741,1,1,1,2431.8
hash_based,2,59,1,15.631,25.329,0.9936,0.9936,75,0,0,75,99,96,82,0.007534,0.012618,0.026741,1,1,1,2431.8
hash_based,2,60,1,15.606,25.261,0.9931,0.9931,72,0,0,72,100,96,82,0.007534,0.012618,0.026666,1,1,1,2431.8
hash_based,2,61,11,15.621,25.436,0.9931,0.9931,73,0,0,73,103,101,85,0.007428,0.012568,0.026866,1,1,1,2431.8
hash_based,2,62,1,15.643,25.413,0.9926,0.9926,75,0,0,75,104,101,85,0.007506,0.012585,0.026838,1,1,1,2431.8
hash_based,2,63,11,15.51,25.072,0.9976,0.9976,73,0,0,73,106,101,94,0.007455,0.012619,0.026456,1,1,1,2431.8
hash_based,2,64,1,15.672,25.181,0.9972,0.9972,73,0,0,73,107,101,94,0.007529,0.012946,0.02654,1,1,1,2431.8
hash_based,2,65,1,15.672,25.181,0.9968,0.9968,73,0,0,73,108,101,94,0.007529,0.012946,0.02654,1,1,1,2431.8
hash_based,2,66,11,15.37,24.744,0.9985,0.9985,74,0,0,74,110,104,100,0.007449,0.012562,0.026098,1,1,1,2431.8
hash_based,2,67,1,15.507,24.954,0.9985,0.9985,76,0,0,76,110,105,100,0.00758,0.012615,0.026325,1,1,1,2431.8
hash_based,2,68,1,15.254,24.507,0.9985,0.9985,74,0,0,74,110,106,100,0.007384,0.012543,0.025836,1,1,1,2431.8
hash_based,2,69,1,15.756,25.232,0.9984,0.9984,75,0,0,75,110,107,100,0.007416,0.013294,0.026559,1,1,1,2431.8
hash_based,2,70,1,15.562,25.28,0.9982,0.9982,76,0,0,76,111,107,100,0.007386,0.012612,0.026688,1,1,1,2431.8
hash_based,2,71,1,15.562,25.28,0.9981,0.9981,76,0,0,76,111,108,100,0.007386,0.012612,0.026688,1,1,1,2431.8
hash_based,2,72,1,15.454,24.82,0.998,0.998,73,0,0,73,111,109,100,0.007422,0.012783,0.026158,1,1,1,2431.8
hash_based,2,73,1,15.648,24.933,0.9979,0.9979,74,0,0,74,111,110,100,0.007407,0.013313,0.026224,1,1,1,2431.8
hash_based,2,74,11,15.45,25.043,0.9991,0.9991,75,0,0,75,112,114,106,0.007373,0.012546,0.026431,1,1,1,2431.8
hash_based,2,75,1,15.342,24.64,0.999,0.999,77,0,0,77,113,114,106,0.007477,0.012569,0.025981,1,1,1,2431.8
hash_based,2,76,1,15.554,25.099,0.9988,0.9988,72,0,0,72,113,115,106,0.007663,0.0125,0.026499,1,1,1,2431.8
hash_based,2,77,0,15.554,25.099,0.9988,0.9988,72,0,0,72,113,115,106,0.007663,0.0125,0.026499,1,1,1,2431.8
hash_based,2,78,1,15.413,24.893,0.9986,0.9986,73,0,0,73,113,116,106,0.007425,0.012549,0.026265,1,1,1,2431.8
hash_based,2,79,11,15.528,25.056,0.9993,0.9993,75,0,0,75,117,118,111,0.00752,0.012628,0.026437,1,1,1,2431.8
hash_based,2,80,11,15.579,24.753,0.9997,0.9997,72,0,0,72,120,121,116,0.008025,0.01261,0.026102,1,1,1,2431.8
hash_based,2,81,1,15.368,24.597,0.9996,0.9996,73,0,0,73,121,121,116,0.00764,0.012527,0.025938,1,1,1,2431.8
hash_based,2,82,11,15.573,25.129,0.9993,0.9993,75,0,0,75,123,127,119,0.007642,0.012549,0.026527,1,1,1,2431.8
hash_based,2,83,1,15.573,25.129,0.9993,0.9993,75,0,0,75,124,127,119,0.007642,0.012549,0.026527,1,1,1,2431.8
hash_based,2,84,1,15.689,25.533,0.9991,0.9991,70,0,0,70,124,128,119,0.007467,0.012635,0.026966,1,1,1,2431.8
hash_based,2,85,1,15.426,24.792,0.9989,0.9989,71,0,0,71,124,129,119,0.007467,0.012673,0.026138,1,1,1,2431.8
hash_based,2,86,11,15.578,25.288,0.9988,0.9988,73,0,0,73,128,133,122,0.007472,0.012561,0.026702,1,1,1,2431.8
hash_based,2,87,1,15.334,24.705,0.9987,0.9987,74,0,0,74,129,133,122,0.007381,0.012569,0.026053,1,1,1,2431.8
hash_based,2,88,11,15.464,24.727,0.9996,0.9996,74,0,0,74,131,135,129,0.00755,0.01279,0.026053,1,1,1,2431.8
hash_based,2,89,1,15.574,25.023,0.9995,0.9995,72,0,0,72,131,136,129,0.00755,0.01279,0.026382,1,1,1,2431.8
hash_based,2,90,1,15.923,25.842,0.9995,0.9995,73,0,0,73,132,136,129,0.007444,0.013062,0.027262,1,1,1,2431.8
hash_based,2,91,11,15.517,24.957,0.9999,0.9999,74,0,0,74,134,138,136,0.007609,0.012614,0.026328,1,1,1,2431.8
hash_based,2,92,1,15.838,24.797,0.9999,0.9999,71,0,0,71,135,138,136,0.00749,0.01403,0.025993,1,1,1,2431.8
hash_based,2,93,1,15.482,25.077,1.0,1.0,72,0,0,72,136,138,136,0.007388,0.012593,0.026464,1,1,1,2431.8
hash_based,2,94,11,15.524,25.08,0.9998,0.9998,72,0,0,72,140,143,138,0.007482,0.012626,0.026464,1,1,1,2431.8
hash_based,2,95,1,15.479,24.96,0.9998,0.9998,74,0,0,74,141,143,138,0.007482,0.012626,0.02633,1,1,1,2431.8
hash_based,2,96,11,15.856,25.839,0.9995,0.9995,71,0,0,71,146,147,140,0.007604,0.012661,0.027303,1,1,1,2431.8
hash_based,2,97,1,15.491,24.981,0.9994,0.9994,71,0,0,71,146,148,140,0.007517,0.012599,0.026357,1,1,1,2431.8
hash_based,2,98,1,15.622,25.35,0.9994,0.9994,72,0,0,72,147,148,140,0.007447,0.012658,0.02676,1,1,1,2431.8
hash_based,2,99,1,15.378,24.708,0.9993,0.9993,73,0,0,73,148,148,140,0.007513,0.012565,0.026057,1,1,1,2431.8
hash_based,2,100,1,15.378,24.708,0.9992,0.9992,73,0,0,73,149,148,140,0.007513,0.012565,0.026057,1,1,1,2431.8
hash_based,2,101,1,15.568,24.844,0.9992,0.9992,68,0,0,68,149,149,140,0.007455,0.0131,0.026149,1,1,1,2431.8
hash_based,2,102,11,15.726,25.327,0.9993,0.9993,69,0,0,69,153,152,144,0.00746,0.013023,0.026694,1,1,1,2431.8
hash_based,2,103,0,15.821,25.868,0.9993,0.9993,71,0,0,71,153,152,144,0.007457,0.012673,0.027334,1,1,1,2431.8
hash_based,2,104,1,15.75,25.561,0.9992,0.9992,68,0,0,68,153,153,144,0.007585,0.012672,0.026993,1,1,1,2431.8
hash_based,2,105,1,15.816,25.555,0.9991,0.9991,68,0,0,68,153,154,144,0.007845,0.012609,0.026993,1,1,1,2431.8
hash_based,2,106,1,15.764,25.416,0.999,0.999,69,0,0,69,154,154,144,0.007845,0.012609,0.026839,1,1,1,2431.8
hash_based,2,107,1,15.383,24.765,0.9989,0.9989,70,0,0,70,154,155,144,0.007431,0.012603,0.026116,1,1,1,2431.8
hash_based,2,108,1,15.48,24.934,0.9988,0.9988,71,0,0,71,155,155,144,0.007483,0.012658,0.026298,1,1,1,2431.8
hash_based,2,109,1,15.536,25.044,0.9987,0.9987,67,0,0,67,155,156,144,0.007401,0.012802,0.026404,1,1,1,2431.8
hash_based,2,110,1,15.514,24.91,0.9986,0.9986,68,0,0,68,155,157,144,0.007519,0.012765,0.026259,1,1,1,2431.8
hash_based,2,111,1,15.487,24.91,0.9984,0.9984,68,0,0,68,155,158,144,0.007436,0.012765,0.026259,1,1,1,2431.8
hash_based,2,112,11,15.305,24.62,0.9979,0.9979,69,0,0,69,161,161,146,0.007436,0.012513,0.025965,1,1,1,2431.8
hash_based,2,113,1,15.666,24.473,0.9978,0.9978,68,0,0,68,162,161,146,0.008317,0.012926,0.025756,1,1,1,2431.8
hash_based,2,114,1,15.487,25.049,0.9977,0.9977,69,0,0,69,162,162,146,0.007405,0.012626,0.026429,1,1,1,2431.8
hash_based,2,115,1,15.434,24.991,0.9975,0.9975,70,0,0,70,163,162,146,0.007401,0.012525,0.026376,1,1,1,2431.8
hash_based,2,116,1,15.462,24.924,0.9974,0.9974,64,0,0,64,163,163,146,0.007457,0.012641,0.026289,1,1,1,2431.8
hash_based,2,117,1,15.434,24.924,0.9973,0.9973,64,0,0,64,163,164,146,0.007372,0.012641,0.026289,1,1,1,2431.8
hash_based,2,118,11,15.781,25.844,0.999,0.999,65,0,0,65,165,165,154,0.007372,0.012662,0.027309,1,1,1,2431.8
hash_based,2,119,1,15.565,25.114,0.9989,0.9989,67,0,0,67,165,166,154,0.007386,0.012831,0.026479,1,1,1,2431.8
hash_based,3,0,0,15.296,24.66,1.0,1.0,0,0,0,0,0,0,0,0.007357,0.012521,0.026009,1,1,1,2110.6
hash_based,3,1,1,15.125,24.199,0.3333,0.3333,65,0,0,65,1,0,0,0.007357,0.012521,0.025496,1,1,1,2110.6
hash_based,3,2,1,15.485,24.706,0.6667,0.6667,66,0,0,66,1,1,0,0.007468,0.012977,0.026009,1,1,1,2110.6
hash_based,3,3,1,15.306,24.572,0.6,0.6,63,0,0,63,2,1,0,0.007408,0.012608,0.025901,1,1,1,2110.6
hash_based,3,4,1,15.35,24.832,0.5333,0.5333,64,0,0,64,3,1,0,0.007324,0.012528,0.026199,1,1,1,2110.6
hash_based,3,5,11,15.234,24.419,0.9259,0.9259,66,0,0,66,6,3,6,0.007346,0.012628,0.025729,1,1,1,2110.6
hash_based,3,6,11,15.178,24.403,0.8734,0.8734,66,0,0,66,8,5,13,0.007337,0.012467,0.025729,1,1,1,2110.6
hash_based,3,7,1,15.191,24.438,0.9033,0.9033,68,0,0,68,8,6,13,0.007337,0.012467,0.025768,1,1,1,2110.6
hash_based,3,8,11,15.422,24.884,0.9438,0.9438,66,0,0,66,10,11,17,0.007413,0.012604,0.026249,1,1,1,2110.6
hash_based,3,9,1,15.426,24.948,0.9548,0.9548,68,0,0,68,11,11,17,0.007377,0.012578,0.026323,1,1,1,2110.6
hash_based,3,10,1,15.459,24.97,0.9627,0.9627,69,0,0,69,12,11,17,0.00752,0.012503,0.026355,1,1,1,2110.6
hash_based,3,11,1,15.504,24.997,0.9678,0.9678,65,0,0,65,13,11,17,0.007406,0.012749,0.026358,1,1,1,2110.6
hash_based,3,12,11,15.503,24.997,0.9235,0.9235,65,0,0,65,16,12,24,0.007403,0.012749,0.026358,1,1,1,2110.6
hash_based,3,13,1,15.36,24.817,0.928,0.928,67,0,0,67,17,12,24,0.007403,0.012491,0.026187,1,1,1,2110.6
hash_based,3,14,1,15.345,24.676,0.94,0.94,68,0,0,68,17,13,24,0.007432,0.012585,0.026019,1,1,1,2110.6
hash_based,3,15,11,15.4,24.78,0.9706,0.9706,69,0,0,69,19,19,27,0.007469,0.012599,0.026133,1,1,1,2110.6
hash_based,3,16,1,15.486,24.924,0.9745,0.9745,66,0,0,66,20,19,27,0.007382,0.012805,0.026271,1,1,1,2110.6
hash_based,3,17,1,15.863,24.893,0.9786,0.9786,67,0,0,67,20,20,27,0.007368,0.014132,0.026089,1,1,1,2110.6
hash_based,3,18,1,15.861,24.893,0.9817,0.9817,67,0,0,67,21,20,27,0.007361,0.014132,0.026089,1,1,1,2110.6
hash_based,3,19,1,15.389,24.881,0.9839,0.9839,68,0,0,68,22,20,27,0.007361,0.012554,0.026251,1,1,1,2110.6
hash_based,3,20,11,15.507,24.852,0.9795,0.9795,63,0,0,63,25,23,32,0.007551,0.012775,0.026194,1,1,1,2110.6
hash_based,3,21,1,15.295,24.541,0.9812,0.9812,65,0,0,65,26,23,32,0.007394,0.012627,0.025865,1,1,1,2110.6
hash_based,3,22,1,15.476,25.001,0.9848,0.9848,65,0,0,65,26,24,32,0.007432,0.01262,0.026377,1,1,1,2110.6
hash_based,3,23,1,15.656,25.436,0.9877,0.9877,61,0,0,61,26,25,32,0.007453,0.012659,0.026856,1,1,1,2110.6
hash_based,3,24,1,15.656,25.436,0.9891,0.9891,61,0,0,61,27,25,32,0.007453,0.012659,0.026856,1,1,1,2110.6
hash_based,3,25,1,15.721,25.364,0.9899,0.9899,62,0,0,62,28,25,32,0.007483,0.012934,0.026745,1,1,1,2110.6
hash_based,3,26,1,15.593,25.191,0.9901,0.9901,63,0,0,63,29,25,32,0.007529,0.012669,0.026582,1,1,1,2110.6
hash_based,3,27,11,16.058,25.319,0.986,0.986,64,0,0,64,34,27,36,0.007621,0.013975,0.026579,1,1,1,2110.6
hash_based,3,28,0,15.762,25.3,0.986,0.986,62,0,0,62,34,27,36,0.00749,0.013147,0.02665,1,1,1,2110.6
hash_based,3,29,1,15.711,25.284,0.985,0.985,62,0,0,62,35,27,36,0.007495,0.012987,0.02665,1,1,1,2110.6
hash_based,3,30,1,15.501,24.718,0.9885,0.9885,63,0,0,63,35,28,36,0.007495,0.012987,0.026021,1,1,1,2110.6
hash_based,3,31,1,15.567,24.867,0.9915,0.9915,64,0,0,64,35,29,36,0.007824,0.012654,0.026224,1,1,1,2110.6
hash_based,3,32,1,15.686,25.303,0.994,0.994,59,0,0,59,35,30,36,0.007684,0.012666,0.026707,1,1,1,2110.6
hash_based,3,33,1,16.055,25.852,0.996,0.996,60,0,0,60,35,31,36,0.00751,0.013422,0.027233,1,1,1,2110.6
hash_based,3,34,1,15.738,25.4,0.9953,0.9953,61,0,0,61,36,31,36,0.007495,0.012933,0.026785,1,1,1,2110.6
hash_based,3,35,1,15.834,25.4,0.9971,0.9971,61,0,0,61,36,32,36,0.007783,0.012933,0.026785,1,1,1,2110.6
hash_based,3,36,11,15.854,25.32,0.9935,0.9935,62,0,0,62,40,34,41,0.007783,0.013102,0.026678,1,1,1,2110.6
hash_based,3,37,1,15.853,25.05,0.9954,0.9954,61,0,0,61,40,35,41,0.008379,0.012764,0.026415,1,1,1,2110.6
hash_based,3,38,11,15.808,25.168,0.994,0.994,63,0,0,63,43,38,46,0.007838,0.013076,0.026511,1,1,1,2110.6
hash_based,3,39,1,15.527,24.999,0.9955,0.9955,64,0,0,64,43,39,46,0.007505,0.012712,0.026364,1,1,1,2110.6
hash_based,3,40,1,15.603,25.022,0.9953,0.9953,64,0,0,64,44,39,46,0.007495,0.012949,0.026364,1,1,1,2110.6
hash_based,3,41,11,15.504,24.757,0.9926,0.9926,61,0,0,61,49,41,50,0.007495,0.012949,0.026069,1,1,1,2110.6
hash_based,3,42,1,15.817,25.845,0.9919,0.9919,63,0,0,63,50,41,50,0.007519,0.012618,0.027315,1,1,1,2110.6
hash_based,3,43,1,15.942,26.14,0.9937,0.9937,64,0,0,64,50,42,50,0.007479,0.012714,0.027632,1,1,1,2110.6
hash_based,3,44,1,15.807,25.736,0.9929,0.9929,61,0,0,61,51,42,50,0.007553,0.012681,0.027187,1,1,1,2110.6
hash_based,3,45,11,16.06,26.58,0.9924,0.9924,63,0,0,63,54,45,55,0.007416,0.012635,0.02813,1,1,1,2110.6
hash_based,3,46,1,16.068,26.58,0.994,0.994,63,0,0,63,54,46,55,0.00744,0.012635,0.02813,1,1,1,2110.6
hash_based,3,47,1,15.785,25.799,0.9953,0.9953,64,0,0,64,54,47,55,0.00744,0.012654,0.02726,1,1,1,2110.6
hash_based,3,48,1,15.757,25.738,0.9948,0.9948,65,0,0,65,55,47,55,0.007499,0.012571,0.027201,1,1,1,2110.6
hash_based,3,49,1,15.902,26.09,0.9942,0.9942,62,0,0,62,56,47,55,0.007425,0.012702,0.027578,1,1,1,2110.6
hash_based,3,50,11,16.111,25.349,0.9955,0.9955,64,0,0,64,59,51,59,0.008388,0.013253,0.026693,1,1,1,2110.6
hash_based,3,51,1,15.639,25.298,0.9966,0.9966,64,0,0,64,59,52,59,0.007482,0.012742,0.026693,1,1,1,2110.6
hash_based,3,52,11,15.9,26.003,0.9941,0.9941,65,0,0,65,62,54,65,0.007482,0.012742,0.027476,1,1,1,2110.6
hash_based,3,53,1,15.795,25.227,0.9953,0.9953,63,0,0,63,62,55,65,0.007814,0.012982,0.026588,1,1,1,2110.6
hash_based,3,54,1,15.651,25.382,0.9945,0.9945,64,0,0,64,62,55,66,0.007509,0.012648,0.026797,1,1,1,2110.6
hash_based,3,55,10,15.831,25.915,0.9985,0.9985,66,0,0,66,65,61,67,0.00748,0.01262,0.027392,1,1,1,2110.6
hash_based,3,56,1,16.011,26.052,0.9984,0.9984,62,0,0,62,66,61,67,0.007563,0.012962,0.027507,1,1,1,2110.6
hash_based,3,57,1,16.309,26.052,0.9989,0.9989,62,0,0,62,66,62,67,0.008457,0.012962,0.027507,1,1,1,2110.6
hash_based,3,58,1,16.426,26.4,0.9993,0.9993,63,0,0,63,66,63,67,0.008457,0.012923,0.027898,1,1,1,2110.6
hash_based,3,59,1,15.584,25.174,0.9992,0.9992,64,0,0,64,67,63,67,0.007608,0.012568,0.026575,1,1,1,2110.6
hash_based,3,60,11,15.559,25.081,0.9983,0.9983,66,0,0,66,73,66,69,0.007412,0.012822,0.026443,1,1,1,2110.6
hash_based,3,61,1,15.449,24.922,0.9978,0.9978,65,0,0,65,74,66,69,0.007299,0.012778,0.026271,1,1,1,2110.6
hash_based,3,62,11,15.48,25.045,0.998,0.998,67,0,0,67,77,69,74,0.007434,0.012574,0.026431,1,1,1,2110.6
hash_based,3,63,1,15.477,25.045,0.9985,0.9985,67,0,0,67,77,70,74,0.007427,0.012574,0.026431,1,1,1,2110.6
hash_based,3,64,11,15.456,24.968,0.9986,0.9986,68,0,0,68,81,74,77,0.007427,0.012598,0.026343,1,1,1,2110.6
hash_based,3,65,11,15.714,25.253,0.9997,0.9997,67,0,0,67,83,80,80,0.007545,0.012981,0.026617,1,1,1,2110.6
hash_based,3,66,1,15.66,24.961,0.9995,0.9995,69,0,0,69,84,80,80,0.007629,0.013068,0.026282,1,1,1,2110.6
hash_based,3,67,1,15.687,25.325,0.9992,0.9992,70,0,0,70,85,80,80,0.007716,0.012608,0.026738,1,1,1,2110.6
hash_based,3,68,1,15.605,25.17,0.9988,0.9988,65,0,0,65,86,80,80,0.007414,0.012863,0.026537,1,1,1,2110.6
hash_based,3,69,11,15.6,25.17,0.9989,0.9989,65,0,0,65,89,82,86,0.007401,0.012863,0.026537,1,1,1,2110.6
hash_based,3,70,11,15.853,25.866,0.9991,0.9991,67,0,0,67,93,87,88,0.007401,0.012845,0.027313,1,1,1,2110.6
hash_based,3,71,11,15.378,24.563,0.9991,0.9991,69,0,0,69,97,91,91,0.007424,0.012846,0.025865,1,1,1,2110.6
hash_based,3,72,1,15.652,25.091,0.9988,0.9988,71,0,0,71,98,91,91,0.007663,0.012842,0.026452,1,1,1,2110.6
hash_based,3,73,1,15.984,26.019,0.9984,0.9984,68,0,0,68,99,91,91,0.007839,0.012604,0.02751,1,1,1,2110.6
hash_based,3,74,1,15.873,26.01,0.9986,0.9986,69,0,0,69,99,92,91,0.00751,0.012609,0.027499,1,1,1,2110.6
hash_based,3,75,11,15.873,26.01,0.999,0.999,69,0,0,69,102,95,96,0.00751,0.012609,0.027499,1,1,1,2110.6
hash_based,3,76,1,15.566,25.244,0.9992,0.9992,71,0,0,71,102,96,96,0.0074,0.012654,0.026643,1,1,1,2110.6
hash_based,3,77,1,16.501,26.459,0.9989,0.9989,67,0,0,67,103,96,96,0.008426,0.013139,0.027939,1,1,1,2110.6
hash_based,3,78,0,15.788,25.646,0.9989,0.9989,68,0,0,68,103,96,96,0.007494,0.012796,0.027074,1,1,1,2110.6
hash_based,3,79,11,16.059,26.203,0.9976,0.9976,70,0,0,70,109,99,98,0.007814,0.012654,0.027708,1,1,1,2110.6
hash_based,3,80,1,15.99,26.199,0.9978,0.9978,70,0,0,70,109,100,98,0.007647,0.012615,0.027708,1,1,1,2110.6
hash_based,3,81,1,16.187,26.73,0.998,0.998,71,0,0,71,109,101,98,0.007647,0.012615,0.028298,1,1,1,2110.6
hash_based,3,82,1,15.678,25.449,0.9981,0.9981,68,0,0,68,109,102,98,0.007481,0.012687,0.026867,1,1,1,2110.6
hash_based,3,83,1,15.833,25.47,0.9977,0.9977,69,0,0,69,110,102,98,0.007954,0.01265,0.026895,1,1,1,2110.6
hash_based,3,84,1,16.02,25.7,0.9978,0.9978,70,0,0,70,110,103,98,0.007895,0.013059,0.027105,1,1,1,2110.6
hash_based,3,85,1,16.108,26.17,0.9974,0.9974,67,0,0,67,111,103,98,0.007469,0.013248,0.027606,1,1,1,2110.6
hash_based,3,86,11,16.082,26.17,0.9969,0.9969,67,0,0,67,116,105,102,0.007392,0.013248,0.027606,1,1,1,2110.6
hash_based,3,87,11,15.91,25.331,0.9969,0.9969,69,0,0,69,120,108,106,0.007392,0.013717,0.026621,1,1,1,2110.6
hash_based,3,88,11,15.561,25.221,0.9976,0.9976,71,0,0,71,123,111,111,0.007468,0.012592,0.026624,1,1,1,2110.6
hash_based,3,89,1,15.621,24.73,0.9972,0.9972,69,0,0,69,124,111,111,0.008182,0.012602,0.026078,1,1,1,2110.6
hash_based,3,90,1,15.733,25.037,0.9974,0.9974,70,0,0,70,124,112,111,0.007361,0.013523,0.026316,1,1,1,2110.6
hash_based,3,91,1,15.443,24.838,0.997,0.997,71,0,0,71,125,112,111,0.00748,0.012656,0.026192,1,1,1,2110.6
hash_based,3,92,11,15.527,24.838,0.997,0.997,71,0,0,71,129,115,115,0.007732,0.012656,0.026192,1,1,1,2110.6
hash_based,3,93,11,15.701,25.311,0.9981,0.9981,73,0,0,73,131,119,120,0.007732,0.012653,0.026718,1,1,1,2110.6
hash_based,3,94,1,15.515,25.091,0.9977,0.9977,72,0,0,72,132,119,120,0.007477,0.012589,0.02648,1,1,1,2110.6
hash_based,3,95,1,15.597,25.279,0.9979,0.9979,73,0,0,73,132,120,120,0.007415,0.0127,0.026677,1,1,1,2110.6
hash_based,3,96,1,15.48,25.015,0.9976,0.9976,74,0,0,74,133,120,120,0.007436,0.012609,0.026394,1,1,1,2110.6
hash_based,3,97,1,16.075,25.541,0.9972,0.9972,70,0,0,70,134,120,120,0.00772,0.013642,0.026863,1,1,1,2110.6
hash_based,3,98,11,15.983,25.541,0.9977,0.9977,70,0,0,70,137,125,123,0.007445,0.013642,0.026863,1,1,1,2110.6
hash_based,3,99,1,15.718,25.36,0.9978,0.9978,72,0,0,72,137,126,123,0.007445,0.012974,0.026736,1,1,1,2110.6
hash_based,3,100,1,15.835,25.641,0.9979,0.9979,73,0,0,73,137,127,123,0.007498,0.012958,0.02705,1,1,1,2110.6
hash_based,3,101,1,15.675,25.439,0.998,0.998,74,0,0,74,137,128,123,0.007542,0.012619,0.026863,1,1,1,2110.6
hash_based,3,102,1,15.62,25.202,0.9977,0.9977,70,0,0,70,138,128,123,0.007412,0.012877,0.026572,1,1,1,2110.6
hash_based,3,103,11,15.555,25.258,0.9973,0.9973,72,0,0,72,142,133,125,0.007385,0.012619,0.026662,1,1,1,2110.6
hash_based,3,104,1,15.781,25.258,0.997,0.997,72,0,0,72,143,133,125,0.008063,0.012619,0.026662,1,1,1,2110.6
hash_based,3,105,1,15.701,25.003,0.997,0.997,73,0,0,73,143,134,125,0.008063,0.012666,0.026374,1,1,1,2110.6
hash_based,3,106,1,15.484,25.038,0.997,0.997,70,0,0,70,143,135,125,0.007415,0.012619,0.026418,1,1,1,2110.6
hash_based,3,107,0,16.309,25.785,0.997,0.997,71,0,0,71,143,135,125,0.008772,0.012943,0.027212,1,1,1,2110.6
hash_based,3,108,1,15.688,25.226,0.9967,0.9967,72,0,0,72,144,135,125,0.007496,0.012982,0.026586,1,1,1,2110.6
hash_based,3,109,1,15.899,25.737,0.9967,0.9967,69,0,0,69,144,136,125,0.007445,0.013112,0.02714,1,1,1,2110.6
hash_based,3,110,1,15.899,25.737,0.9964,0.9964,69,0,0,69,145,136,125,0.007445,0.013112,0.02714,1,1,1,2110.6
hash_based,3,111,1,15.676,25.539,0.9963,0.9963,70,0,0,70,145,137,125,0.007499,0.012545,0.026983,1,1,1,2110.6
hash_based,3,112,11,15.438,24.887,0.9975,0.9975,72,0,0,72,148,139,131,0.007432,0.012635,0.026248,1,1,1,2110.6
hash_based,3,113,11,16.281,25.691,0.9979,0.9979,74,0,0,74,151,143,135,0.007505,0.01439,0.026947,1,1,1,2110.6
hash_based,3,114,1,15.719,25.389,0.9977,0.9977,70,0,0,70,152,143,135,0.007467,0.012914,0.026775,1,1,1,2110.6
hash_based,3,115,11,15.589,25.359,0.9987,0.9987,70,0,0,70,154,146,141,0.007377,0.012616,0.026775,1,1,1,2110.6
hash_based,3,116,1,15.538,25.22,0.9987,0.9987,72,0,0,72,154,147,141,0.007377,0.012616,0.02662,1,1,1,2110.6
hash_based,3,117,11,15.685,24.936,0.9994,0.9994,73,0,0,73,155,152,146,0.00819,0.012553,0.026312,1,1,1,2110.6
hash_based,3,118,11,15.705,25.453,0.9993,0.9993,71,0,0,71,158,157,149,0.007474,0.012779,0.026861,1,1,1,2110.6
hash_based,3,119,11,15.829,25.541,0.9996,0.9996,74,0,0,74,160,161,154,0.007879,0.012632,0.026975,1,1,1,2110.6
ecmp,1,0,0,15.415,24.904,1.0,1.0,0,0,0,0,0,0,0,0.007389,0.012582,0.026273,1,1,1,2505.6
ecmp,1,1,1,15.934,25.972,0.3333,0.3333,70,0,0,70,1,0,0,0.007546,0.012823,0.027433,1,1,1,2505.6
ecmp,1,2,1,15.954,26.161,0.6667,0.6667,71,0,0,71,1,1,0,0.007458,0.012752,0.027651,1,1,1,2505.6
ecmp,1,3,11,15.565,25.173,0.9883,0.9883,74,0,0,74,5,4,4,0.007468,0.012664,0.026563,1,1,1,2505.6
ecmp,1,4,1,15.565,25.173,0.9899,0.9899,74,0,0,74,5,5,4,0.007468,0.012664,0.026563,1,1,1,2505.6
ecmp,1,5,11,15.732,25.348,0.9968,0.9968,69,0,0,69,9,8,8,0.007768,0.012673,0.026756,1,1,1,2505.6
ecmp,1,6,1,15.85,25.956,0.9971,0.9971,71,0,0,71,9,9,8,0.007473,0.012641,0.027436,1,1,1,2505.6
ecmp,1,7,11,15.668,25.21,0.9985,0.9985,73,0,0,73,13,12,12,0.007458,0.012975,0.02657,1,1,1,2505.6
ecmp,1,8,1,15.67,25.422,0.9986,0.9986,74,0,0,74,13,13,12,0.007527,0.012642,0.026842,1,1,1,2505.6
ecmp,1,9,11,15.67,25.43,0.9992,0.9992,74,0,0,74,17,16,16,0.007448,0.012719,0.026842,1,1,1,2505.6
ecmp,1,10,1,15.569,25.158,0.9992,0.9992,71,0,0,71,17,17,16,0.007448,0.012719,0.02654,1,1,1,2505.6
ecmp,1,11,11,15.59,25.197,0.9995,0.9995,72,0,0,72,21,20,20,0.00741,0.012785,0.026576,1,1,1,2505.6
ecmp,1,12,1,15.827,25.813,0.9995,0.9995,74,0,0,74,21,21,20,0.007474,0.012741,0.027266,1,1,1,2505.6
ecmp,1,13,11,15.678,25.365,0.9996,0.9996,72,0,0,72,25,24,24,0.007533,0.012734,0.026768,1,1,1,2505.6
ecmp,1,14,1,15.78,25.266,0.9996,0.9996,73,0,0,73,25,25,24,0.007447,0.013298,0.026596,1,1,1,2505.6
ecmp,1,15,11,15.808,25.266,0.9997,0.9997,73,0,0,73,29,28,28,0.00753,0.013298,0.026596,1,1,1,2505.6
ecmp,1,16,1,15.705,25.474,0.9997,0.9997,75,0,0,75,29,29,28,0.00753,0.01269,0.026894,1,1,1,2505.6
ecmp,1,17,11,15.558,25.087,0.9998,0.9998,71,0,0,71,33,32,32,0.007536,0.012673,0.026466,1,1,1,2505.6
ecmp,1,18,1,15.634,25.1,0.9998,0.9998,73,0,0,73,33,33,32,0.0076,0.012839,0.026462,1,1,1,2505.6
ecmp,1,19,11,16.143,25.351,0.9998,0.9998,74,0,0,74,37,36,36,0.007545,0.014304,0.026579,1,1,1,2505.6
ecmp,1,20,1,15.738,25.659,0.9998,0.9998,76,0,0,76,37,37,36,0.007446,0.012665,0.027103,1,1,1,2505.6
ecmp,1,21,11,15.738,25.659,0.9999,0.9999,76,0,0,76,41,40,40,0.007446,0.012665,0.027103,1,1,1,2505.6
ecmp,1,22,1,15.991,25.565,0.9999,0.9999,74,0,0,74,41,41,40,0.007471,0.01361,0.026893,1,1,1,2505.6
ecmp,1,23,0,15.662,25.375,0.9999,0.9999,75,0,0,75,41,41,40,0.007465,0.012741,0.026779,1,1,1,2505.6
ecmp,1,24,11,15.757,25.684,0.9999,0.9999,77,0,0,77,45,44,44,0.007476,0.012663,0.027131,1,1,1,2505.6
ecmp,1,25,1,15.431,24.866,0.9999,0.9999,72,0,0,72,45,45,44,0.007463,0.012601,0.026229,1,1,1,2505.6
ecmp,1,26,11,15.377,24.856,0.9999,0.9999,72,0,0,72,49,48,48,0.007399,0.012504,0.026229,1,1,1,2505.6
ecmp,1,27,1,15.378,24.858,0.9999,0.9999,74,0,0,74,49,49,48,0.007399,0.012504,0.026231,1,1,1,2505.6
ecmp,1,28,11,15.65,25.466,0.9999,0.9999,76,0,0,76,53,52,52,0.00747,0.012583,0.026898,1,1,1,2505.6
ecmp,1,29,1,16.002,26.01,0.9999,0.9999,72,0,0,72,53,53,52,0.007538,0.013013,0.027454,1,1,1,2505.6
ecmp,1,30,11,15.46,24.744,0.9999,0.9999,74,0,0,74,57,56,56,0.007391,0.012932,0.026056,1,1,1,2505.6
ecmp,1,31,1,15.689,24.875,0.9999,0.9999,75,0,0,75,57,57,56,0.007477,0.013446,0.026145,1,1,1,2505.6
ecmp,1,32,11,15.654,24.875,0.9999,0.9999,75,0,0,75,61,60,60,0.00737,0.013446,0.026145,1,1,1,2505.6
ecmp,1,33,1,15.385,24.806,0.9999,0.9999,77,0,0,77,61,61,60,0.00737,0.012624,0.02616,1,1,1,2505.6
ecmp,1,34,11,15.767,25.478,0.9999,0.9999,74,0,0,74,65,64,64,0.007474,0.012958,0.026869,1,1,1,2505.6
ecmp,1,35,1,15.738,25.469,0.9999,0.9999,76,0,0,76,65,65,64,0.007506,0.012835,0.026873,1,1,1,2505.6
ecmp,1,36,11,15.471,24.803,1.0,1.0,78,0,0,78,69,68,68,0.007468,0.012811,0.026135,1,1,1,2505.6
ecmp,1,37,1,15.473,25.058,1.0,1.0,75,0,0,75,69,69,68,0.00742,0.012552,0.026448,1,1,1,2505.6
ecmp,1,38,11,15.473,25.058,1.0,1.0,75,0,0,75,73,72,72,0.00742,0.012552,0.026448,1,1,1,2505.6
ecmp,1,39,1,15.492,25.051,1.0,1.0,77,0,0,77,73,73,72,0.007424,0.012619,0.026432,1,1,1,2505.6
ecmp,1,40,11,15.569,25.233,1.0,1.0,78,0,0,78,77,76,76,0.007464,0.012607,0.026636,1,1,1,2505.6
ecmp,1,41,1,15.605,24.807,1.0,1.0,80,0,0,80,77,77,76,0.007405,0.013326,0.026083,1,1,1,2505.6
ecmp,1,42,11,15.486,24.769,1.0,1.0,77,0,0,77,81,80,80,0.007375,0.013006,0.026076,1,1,1,2505.6
ecmp,1,43,1,15.584,25.222,1.0,1.0,79,0,0,79,81,81,80,0.007522,0.012607,0.026624,1,1,1,2505.6
ecmp,1,44,11,15.584,25.222,1.0,1.0,79,0,0,79,85,84,84,0.007522,0.012607,0.026624,1,1,1,2505.6
ecmp,1,45,0,16.067,26.365,1.0,1.0,81,0,0,81,85,84,84,0.007474,0.012863,0.027865,1,1,1,2505.6
ecmp,1,46,1,15.393,24.718,1.0,1.0,78,0,0,78,85,85,84,0.007482,0.012638,0.02606,1,1,1,2505.6
ecmp,1,47,11,15.56,25.093,1.0,1.0,80,0,0,80,89,88,88,0.007577,0.012626,0.026478,1,1,1,2505.6
ecmp,1,48,1,15.414,24.738,1.0,1.0,81,0,0,81,89,89,88,0.00755,0.012607,0.026086,1,1,1,2505.6
ecmp,1,49,11,15.442,24.732,1.0,1.0,81,0,0,81,93,92,92,0.007691,0.012549,0.026086,1,1,1,2505.6
ecmp,1,50,1,15.37,24.537,1.0,1.0,77,0,0,77,93,93,92,0.007691,0.012549,0.025869,1,1,1,2505.6
ecmp,1,51,11,15.543,24.978,1.0,1.0,78,0,0,78,97,96,96,0.007681,0.012594,0.026354,1,1,1,2505.6
ecmp,1,52,1,15.881,26.091,1.0,1.0,80,0,0,80,97,97,96,0.007413,0.012645,0.027585,1,1,1,2505.6
ecmp,1,53,11,15.501,25.153,1.0,1.0,82,0,0,82,101,100,100,0.007373,0.01258,0.02655,1,1,1,2505.6
ecmp,1,54,1,15.811,25.687,1.0,1.0,78,0,0,78,101,101,100,0.007631,0.012668,0.027133,1,1,1,2505.6
ecmp,1,55,11,15.808,25.701,1.0,1.0,78,0,0,78,105,104,104,0.007477,0.012815,0.027133,1,1,1,2505.6
ecmp,1,56,1,15.633,25.229,1.0,1.0,80,0,0,80,105,105,104,0.007477,0.012815,0.026608,1,1,1,2505.6
ecmp,1,57,11,16.077,26.174,1.0,1.0,81,0,0,81,109,108,108,0.00749,0.013115,0.027625,1,1,1,2505.6
ecmp,1,58,1,15.419,24.839,1.0,1.0,77,0,0,77,109,109,108,0.007496,0.012559,0.026203,1,1,1,2505.6
ecmp,1,59,11,15.779,25.512,1.0,1.0,78,0,0,78,113,112,112,0.007506,0.012921,0.026911,1,1,1,2505.6
ecmp,1,60,1,15.65,25.341,1.0,1.0,80,0,0,80,113,113,112,0.00752,0.012681,0.026748,1,1,1,2505.6
ecmp,1,61,11,16.121,25.341,1.0,1.0,80,0,0,80,117,116,116,0.008935,0.012681,0.026748,1,1,1,2505.6
ecmp,1,62,1,16.295,25.519,1.0,1.0,79,0,0,79,117,117,116,0.008935,0.013044,0.026905,1,1,1,2505.6
ecmp,1,63,11,15.945,25.606,1.0,1.0,80,0,0,80,121,120,120,0.007856,0.012968,0.02701,1,1,1,2505.6
ecmp,1,64,1,15.597,25.225,1.0,1.0,82,0,0,82,121,121,120,0.007514,0.012656,0.026622,1,1,1,2505.6
ecmp,1,65,0,15.742,25.269,1.0,1.0,83,0,0,83,121,121,120,0.007458,0.013152,0.026615,1,1,1,2505.6
ecmp,1,66,11,15.588,25.221,1.0,1.0,83,0,0,83,125,124,124,0.007473,0.012677,0.026615,1,1,1,2505.6
ecmp,1,67,1,15.533,25.072,1.0,1.0,80,0,0,80,125,125,124,0.007473,0.012677,0.026449,1,1,1,2505.6
ecmp,1,68,11,15.346,24.692,1.0,1.0,82,0,0,82,129,128,128,0.007625,0.012351,0.026063,1,1,1,2505.6
ecmp,1,69,1,15.681,25.209,1.0,1.0,83,0,0,83,129,129,128,0.007805,0.012632,0.026606,1,1,1,2505.6
ecmp,1,70,11,15.774,25.712,1.0,1.0,79,0,0,79,133,132,132,0.007495,0.012666,0.027162,1,1,1,2505.6
ecmp,1,71,1,15.589,25.103,1.0,1.0,80,0,0,80,133,133,132,0.00748,0.01282,0.026468,1,1,1,2505.6
ecmp,1,72,11,15.941,25.103,1.0,1.0,80,0,0,80,137,136,136,0.008535,0.01282,0.026468,1,1,1,2505.6
ecmp,1,73,1,16.046,25.547,1.0,1.0,82,0,0,82,137,137,136,0.008535,0.012619,0.026984,1,1,1,2505.6
ecmp,1,74,11,15.642,25.122,1.0,1.0,83,0,0,83,141,140,140,0.007535,0.012913,0.026479,1,1,1,2505.6
ecmp,1,75,1,15.302,24.61,1.0,1.0,80,0,0,80,141,141,140,0.007412,0.012545,0.02595,1,1,1,2505.6
ecmp,1,76,11,15.481,25.01,1.0,1.0,82,0,0,82,145,144,144,0.007458,0.012596,0.026389,1,1,1,2505.6
ecmp,1,77,1,15.862,25.675,1.0,1.0,83,0,0,83,145,145,144,0.007662,0.01282,0.027103,1,1,1,2505.6
ecmp,1,78,11,15.783,25.675,1.0,1.0,83,0,0,83,149,148,148,0.007425,0.01282,0.027103,1,1,1,2505.6
ecmp,1,79,1,15.347,24.681,1.0,1.0,80,0,0,80,149,149,148,0.007425,0.01259,0.026025,1,1,1,2505.6
ecmp,1,80,11,15.612,25.021,1.0,1.0,81,0,0,81,153,152,152,0.007484,0.012993,0.026358,1,1,1,2505.6
ecmp,1,81,1,15.847,25.119,1.0,1.0,83,0,0,83,153,153,152,0.008413,0.012621,0.026508,1,1,1,2505.6
ecmp,1,82,11,15.719,24.911,1.0,1.0,79,0,0,79,157,156,156,0.008228,0.012658,0.026272,1,1,1,2505.6
ecmp,1,83,1,15.667,25.313,1.0,1.0,80,0,0,80,157,157,156,0.007642,0.012638,0.026721,1,1,1,2505.6
ecmp,1,84,11,15.667,25.313,1.0,1.0,80,0,0,80,161,160,160,0.007642,0.012638,0.026721,1,1,1,2505.6
ecmp,1,85,1,15.48,25.028,1.0,1.0,82,0,0,82,161,161,160,0.00743,0.0126,0.026409,1,1,1,2505.6
ecmp,1,86,11,15.393,24.813,1.0,1.0,83,0,0,83,165,164,164,0.007376,0.012638,0.026166,1,1,1,2505.6
ecmp,1,87,1,15.479,25.043,1.0,1.0,80,0,0,80,165,165,164,0.00745,0.012558,0.02643,1,1,1,2505.6
ecmp,1,88,0,15.503,24.848,1.0,1.0,81,0,0,81,165,165,164,0.007478,0.012851,0.026181,1,1,1,2505.6
ecmp,1,89,11,15.527,24.853,1.0,1.0,83,0,0,83,169,168,168,0.007485,0.012915,0.02618,1,1,1,2505.6
ecmp,1,90,1,15.527,24.853,1.0,1.0,83,0,0,83,169,169,168,0.007485,0.012915,0.02618,1,1,1,2505.6
ecmp,1,91,11,15.681,24.927,1.0,1.0,79,0,0,79,173,172,172,0.007367,0.013476,0.026199,1,1,1,2505.6
ecmp,1,92,1,16.023,25.42,1.0,1.0,80,0,0,80,173,173,172,0.007818,0.013506,0.026744,1,1,1,2505.6
ecmp,1,93,11,15.497,24.863,1.0,1.0,82,0,0,82,177,176,176,0.007506,0.01278,0.026206,1,1,1,2505.6
ecmp,1,94,1,15.526,25.197,1.0,1.0,83,0,0,83,177,177,176,0.007379,0.012602,0.026596,1,1,1,2505.6
ecmp,1,95,11,15.799,25.34,1.0,1.0,80,0,0,80,181,180,180,0.007718,0.012963,0.026715,1,1,1,2505.6
ecmp,1,96,1,15.799,25.34,1.0,1.0,80,0,0,80,181,181,180,0.007718,0.012963,0.026715,1,1,1,2505.6
ecmp,1,97,11,15.422,24.866,1.0,1.0,81,0,0,81,185,184,184,0.00742,0.012618,0.026227,1,1,1,2505.6
ecmp,1,98,1,15.465,24.732,1.0,1.0,83,0,0,83,185,185,184,0.007416,0.012935,0.026043,1,1,1,2505.6
ecmp,1,99,11,15.504,25.155,1.0,1.0,80,0,0,80,189,188,188,0.007414,0.012542,0.026557,1,1,1,2505.6
ecmp,1,100,1,15.5,25.066,1.0,1.0,81,0,0,81,189,189,188,0.007475,0.012572,0.026454,1,1,1,2505.6
ecmp,1,101,11,15.903,25.483,1.0,1.0,83,0,0,83,193,192,192,0.007431,0.01346,0.026819,1,1,1,2505.6
ecmp,1,102,1,15.903,25.483,1.0,1.0,83,0,0,83,193,193,192,0.007431,0.01346,0.026819,1,1,1,2505.6
ecmp,1,103,11,15.661,25.262,1.0,1.0,78,0,0,78,197,196,196,0.007622,0.012703,0.026657,1,1,1,2505.6
ecmp,1,104,1,15.795,25.485,1.0,1.0,80,0,0,80,197,197,196,0.007499,0.013016,0.02687,1,1,1,2505.6
ecmp,1,105,11,15.371,24.749,1.0,1.0,81,0,0,81,201,200,200,0.007377,0.012642,0.026094,1,1,1,2505.6
ecmp,1,106,1,15.54,25.082,1.0,1.0,83,0,0,83,201,201,200,0.007519,0.012636,0.026465,1,1,1,2505.6
ecmp,1,107,11,15.719,25.141,1.0,1.0,83,0,0,83,205,204,204,0.007464,0.013228,0.026465,1,1,1,2505.6
ecmp,1,108,1,16.058,26.058,1.0,1.0,80,0,0,80,205,205,204,0.007464,0.013228,0.027483,1,1,1,2505.6
ecmp,1,109,11,15.872,25.094,1.0,1.0,81,0,0,81,209,208,208,0.008495,0.012643,0.026477,1,1,1,2505.6
ecmp,1,110,0,15.593,25.111,1.0,1.0,83,0,0,83,209,208,208,0.007386,0.01293,0.026464,1,1,1,2505.6
ecmp,1,111,1,16.157,25.307,1.0,1.0,78,0,0,78,209,209,208,0.008944,0.012835,0.026693,1,1,1,2505.6
ecmp,1,112,11,15.523,25.132,1.0,1.0,80,0,0,80,213,212,212,0.007428,0.012617,0.026523,1,1,1,2505.6
ecmp,1,113,1,15.516,25.134,1.0,1.0,80,0,0,80,213,213,212,0.007394,0.01263,0.026523,1,1,1,2505.6
ecmp,1,114,11,15.482,25.044,1.0,1.0,81,0,0,81,217,216,216,0.007394,0.01263,0.026423,1,1,1,2505.6
ecmp,1,115,1,15.478,25.083,1.0,1.0,83,0,0,83,217,217,216,0.0074,0.012561,0.026474,1,1,1,2505.6
ecmp,1,116,11,15.933,25.168,1.0,1.0,81,0,0,81,221,220,220,0.0078,0.01354,0.02646,1,1,1,2505.6
ecmp,1,117,1,15.4,24.655,1.0,1.0,82,0,0,82,221,221,220,0.007419,0.012809,0.025971,1,1,1,2505.6
ecmp,1,118,11,15.374,24.563,1.0,1.0,84,0,0,84,225,224,224,0.007384,0.012877,0.025861,1,1,1,2505.6
ecmp,1,119,1,15.436,24.56,1.0,1.0,84,0,0,84,225,225,224,0.007593,0.012854,0.025861,1,1,1,2505.6
ecmp,2,0,0,15.728,25.264,1.0,1.0,0,0,0,0,0,0,0,0.007873,0.012644,0.026666,1,1,1,2159.5
ecmp,2,1,1,15.447,24.855,0.3333,0.3333,81,0,0,81,1,0,0,0.007515,0.012612,0.026215,1,1,1,2159.5
ecmp,2,2,1,15.596,25.097,0.6667,0.6667,77,0,0,77,1,1,0,0.00768,0.012625,0.026483,1,1,1,2159.5
ecmp,2,3,11,15.519,25.097,0.9883,0.9883,77,0,0,77,5,4,4,0.00745,0.012625,0.026483,1,1,1,2159.5
ecmp,2,4,1,15.772,25.736,0.9899,0.9899,79,0,0,79,5,5,4,0.00745,0.012678,0.027187,1,1,1,2159.5
ecmp,2,5,11,15.822,25.534,0.9968,0.9968,81,0,0,81,9,8,8,0.00756,0.012975,0.02693,1,1,1,2159.5
ecmp,2,6,1,15.652,25.282,0.9971,0.9971,77,0,0,77,9,9,8,0.007487,0.0128,0.026669,1,1,1,2159.5
ecmp,2,7,11,15.561,25.071,0.9985,0.9985,79,0,0,79,13,12,12,0.007616,0.012612,0.026455,1,1,1,2159.5
ecmp,2,8,1,15.865,25.76,0.9986,0.9986,80,0,0,80,13,13,12,0.007701,0.01268,0.027213,1,1,1,2159.5
ecmp,2,9,11,15.865,25.76,0.9992,0.9992,80,0,0,80,17,16,16,0.007701,0.01268,0.027213,1,1,1,2159.5
ecmp,2,10,1,15.536,25.22,0.9992,0.9992,76,0,0,76,17,17,16,0.007409,0.012573,0.026625,1,1,1,2159.5
ecmp,2,11,11,15.805,25.562,0.9995,0.9995,77,0,0,77,21,20,20,0.007494,0.012958,0.026962,1,1,1,2159.5
ecmp,2,12,1,15.716,25.601,0.9995,0.9995,79,0,0,79,21,21,20,0.00745,0.012659,0.027039,1,1,1,2159.5
ecmp,2,13,11,15.81,25.775,0.9996,0.9996,81,0,0,81,25,24,24,0.007504,0.012697,0.027228,1,1,1,2159.5
ecmp,2,14,1,15.821,25.783,0.9996,0.9996,81,0,0,81,25,25,24,0.007456,0.012779,0.027228,1,1,1,2159.5
ecmp,2,15,11,15.525,24.985,0.9997,0.9997,77,0,0,77,29,28,28,0.007456,0.012779,0.026341,1,1,1,2159.5
ecmp,2,16,1,16.428,25.975,0.9997,0.9997,79,0,0,79,29,29,28,0.008513,0.013399,0.027372,1,1,1,2159.5
ecmp,2,17,11,15.592,25.285,0.9998,0.9998,80,0,0,80,33,32,32,0.0074,0.01269,0.026685,1,1,1,2159.5
ecmp,2,18,1,16.096,26.141,0.9998,0.9998,76,0,0,76,33,33,32,0.007978,0.012671,0.027638,1,1,1,2159.5
ecmp,2,19,1,15.805,25.418,1.0,1.0,77,0,0,77,33,33,33,0.007512,0.013119,0.026785,1,1,1,2159.5
ecmp,2,20,10,15.805,25.418,0.9998,0.9998,77,0,0,77,37,36,36,0.007512,0.013119,0.026785,1,1,1,2159.5
ecmp,2,21,1,16.253,26.636,0.9998,0.9998,79,0,0,79,37,37,36,0.007939,0.012627,0.028193,1,1,1,2159.5
ecmp,2,22,11,15.938,25.554,0.9999,0.9999,76,0,0,76,41,40,40,0.007756,0.013124,0.026935,1,1,1,2159.5
ecmp,2,23,1,15.751,25.172,0.9999,0.9999,77,0,0,77,41,41,40,0.007482,0.013278,0.026494,1,1,1,2159.5
ecmp,2,24,11,15.673,25.467,0.9999,0.9999,79,0,0,79,45,44,44,0.007399,0.012738,0.026881,1,1,1,2159.5
ecmp,2,25,1,16.108,25.579,0.9999,0.9999,79,0,0,79,45,45,44,0.007578,0.013866,0.026881,1,1,1,2159.5
ecmp,2,26,11,16.103,25.565,0.9999,0.9999,80,0,0,80,49,48,48,0.007578,0.013866,0.026865,1,1,1,2159.5
ecmp,2,27,1,15.372,24.711,0.9999,0.9999,77,0,0,77,49,49,48,0.007425,0.012639,0.026052,1,1,1,2159.5
ecmp,2,28,11,15.39,24.792,0.9999,0.9999,79,0,0,79,53,52,52,0.007417,0.012607,0.026146,1,1,1,2159.5
ecmp,2,29,1,15.498,25.084,0.9999,0.9999,80,0,0,80,53,53,52,0.007397,0.012628,0.026468,1,1,1,2159.5
ecmp,2,30,11,15.383,24.784,0.9999,0.9999,76,0,0,76,57,56,56,0.007417,0.012593,0.026138,1,1,1,2159.5
ecmp,2,31,1,15.479,24.785,0.9999,0.9999,76,0,0,76,57,57,56,0.007689,0.012609,0.026138,1,1,1,2159.5
ecmp,2,32,11,15.498,24.837,0.9999,0.9999,77,0,0,77,61,60,60,0.007689,0.012609,0.026196,1,1,1,2159.5
ecmp,2,33,1,15.763,25.629,0.9999,0.9999,79,0,0,79,61,61,60,0.007653,0.012554,0.027082,1,1,1,2159.5
ecmp,2,34,11,15.446,24.856,0.9999,0.9999,80,0,0,80,65,64,64,0.007356,0.012784,0.026197,1,1,1,2159.5
ecmp,2,35,1,16.351,26.481,0.9999,0.9999,77,0,0,77,65,65,64,0.007563,0.013574,0.027915,1,1,1,2159.5
ecmp,2,36,11,15.886,25.949,1.0,1.0,79,0,0,79,69,68,68,0.007434,0.012816,0.027408,1,1,1,2159.5
ecmp,2,37,1,15.996,25.949,1.0,1.0,79,0,0,79,69,69,68,0.007764,0.012816,0.027408,1,1,1,2159.5
ecmp,2,38,11,15.659,25.193,1.0,1.0,80,0,0,80,73,72,72,0.007764,0.012625,0.026589,1,1,1,2159.5
ecmp,2,39,1,15.427,24.943,1.0,1.0,76,0,0,76,73,73,72,0.007442,0.012516,0.026324,1,1,1,2159.5
ecmp,2,40,11,15.683,25.113,1.0,1.0,77,0,0,77,77,76,76,0.007728,0.012844,0.026476,1,1,1,2159.5
ecmp,2,41,1,15.565,25.16,1.0,1.0,79,0,0,79,77,77,76,0.007489,0.012657,0.026549,1,1,1,2159.5
ecmp,2,42,0,15.57,25.043,1.0,1.0,75,0,0,75,77,77,76,0.007653,0.012637,0.026421,1,1,1,2159.5
ecmp,2,43,11,15.57,25.043,1.0,1.0,75,0,0,75,81,80,80,0.007653,0.012637,0.026421,1,1,1,2159.5
ecmp,2,44,1,15.835,25.914,1.0,1.0,77,0,0,77,81,81,80,0.007476,0.01264,0.027389,1,1,1,2159.5
ecmp,2,45,11,15.89,24.861,1.0,1.0,79,0,0,79,85,84,84,0.008705,0.01276,0.026206,1,1,1,2159.5
ecmp,2,46,1,16.07,25.192,1.0,1.0,80,0,0,80,85,85,84,0.007733,0.014046,0.026431,1,1,1,2159.5
ecmp,2,47,11,15.534,25.066,1.0,1.0,77,0,0,77,89,88,88,0.007458,0.012705,0.02644,1,1,1,2159.5
ecmp,2,48,1,15.639,25.091,1.0,1.0,77,0,0,77,89,89,88,0.007528,0.012949,0.02644,1,1,1,2159.5
ecmp,2,49,11,15.753,25.398,1.0,1.0,78,0,0,78,93,92,92,0.007528,0.012949,0.026781,1,1,1,2159.5
ecmp,2,50,1,15.368,24.733,1.0,1.0,80,0,0,80,93,93,92,0.007407,0.012618,0.026079,1,1,1,2159.5
ecmp,2,51,11,15.59,25.135,1.0,1.0,75,0,0,75,97,96,96,0.00741,0.012862,0.026499,1,1,1,2159.5
ecmp,2,52,1,15.554,25.129,1.0,1.0,77,0,0,77,97,97,96,0.007548,0.012591,0.026522,1,1,1,2159.5
ecmp,2,53,11,15.296,24.64,1.0,1.0,79,0,0,79,101,100,100,0.00735,0.012555,0.025983,1,1,1,2159.5
ecmp,2,54,1,15.349,24.644,1.0,1.0,79,0,0,79,101,101,100,0.007467,0.012596,0.025983,1,1,1,2159.5
ecmp,2,55,11,15.365,24.688,1.0,1.0,80,0,0,80,105,104,104,0.007467,0.012596,0.026032,1,1,1,2159.5
ecmp,2,56,1,15.824,24.835,1.0,1.0,77,0,0,77,105,105,104,0.008266,0.013064,0.026143,1,1,1,2159.5
ecmp,2,57,11,15.494,25.041,1.0,1.0,78,0,0,78,109,108,108,0.0075,0.012553,0.026428,1,1,1,2159.5
ecmp,2,58,1,15.42,24.937,1.0,1.0,80,0,0,80,109,109,108,0.00742,0.012525,0.026316,1,1,1,2159.5
ecmp,2,59,11,15.445,24.938,1.0,1.0,77,0,0,77,113,112,112,0.007453,0.012569,0.026312,1,1,1,2159.5
ecmp,2,60,1,15.534,24.96,1.0,1.0,77,0,0,77,113,113,112,0.007499,0.01279,0.026312,1,1,1,2159.5
ecmp,2,61,0,15.614,25.178,1.0,1.0,79,0,0,79,113,113,112,0.007499,0.01279,0.026554,1,1,1,2159.5
ecmp,2,62,11,15.78,25.451,1.0,1.0,81,0,0,81,117,116,116,0.007665,0.01282,0.026854,1,1,1,2159.5
ecmp,2,63,1,15.731,25.543,1.0,1.0,78,0,0,78,117,117,116,0.007561,0.012656,0.026975,1,1,1,2159.5
ecmp,2,64,11,15.645,24.968,1.0,1.0,80,0,0,80,121,120,120,0.007962,0.012633,0.026339,1,1,1,2159.5
ecmp,2,65,1,15.382,24.791,1.0,1.0,81,0,0,81,121,121,120,0.007404,0.012597,0.026146,1,1,1,2159.5
ecmp,2,66,11,15.402,24.791,1.0,1.0,81,0,0,81,125,124,124,0.007462,0.012597,0.026146,1,1,1,2159.5
ecmp,2,67,1,15.348,24.731,1.0,1.0,83,0,0,83,125,125,124,0.007462,0.012492,0.026091,1,1,1,2159.5
ecmp,2,68,11,15.577,25.217,1.0,1.0,79,0,0,79,129,128,128,0.007485,0.012629,0.026616,1,1,1,2159.5
ecmp,2,69,1,15.586,25.048,1.0,1.0,81,0,0,81,129,129,128,0.007397,0.012971,0.02639,1,1,1,2159.5
ecmp,2,70,11,15.722,24.866,1.0,1.0,83,0,0,83,133,132,132,0.008318,0.012621,0.026227,1,1,1,2159.5
ecmp,2,71,1,15.656,25.43,1.0,1.0,79,0,0,79,133,133,132,0.007476,0.01264,0.026851,1,1,1,2159.5
ecmp,2,72,11,15.609,25.43,1.0,1.0,79,0,0,79,137,136,136,0.007336,0.01264,0.026851,1,1,1,2159.5
ecmp,2,73,1,15.34,24.779,1.0,1.0,81,0,0,81,137,137,136,0.007336,0.012544,0.026139,1,1,1,2159.5
ecmp,2,74,11,15.666,25.366,1.0,1.0,82,0,0,82,141,140,140,0.00739,0.012852,0.026757,1,1,1,2159.5
ecmp,2,75,1,15.764,25.418,1.0,1.0,84,0,0,84,141,141,140,0.007595,0.012887,0.02681,1,1,1,2159.5
ecmp,2,76,11,15.508,24.444,1.0,1.0,82,0,0,82,145,144,144,0.008196,0.012563,0.025764,1,1,1,2159.5
ecmp,2,77,1,15.614,25.246,1.0,1.0,82,0,0,82,145,145,144,0.00756,0.012635,0.026647,1,1,1,2159.5
ecmp,2,78,11,15.645,25.246,1.0,1.0,82,0,0,82,149,148,148,0.007652,0.012635,0.026647,1,1,1,2159.5
ecmp,2,79,1,15.617,24.991,1.0,1.0,84,0,0,84,149,149,148,0.007652,0.01286,0.026339,1,1,1,2159.5
ecmp,2,80,11,15.335,24.677,1.0,1.0,80,0,0,80,153,152,152,0.007406,0.012577,0.026022,1,1,1,2159.5
ecmp,2,81,1,15.644,25.327,1.0,1.0,82,0,0,82,153,153,152,0.007483,0.01272,0.026728,1,1,1,2159.5
ecmp,2,82,11,15.755,25.377,1.0,1.0,83,0,0,83,157,156,156,0.007461,0.013059,0.026746,1,1,1,2159.5
ecmp,2,83,0,15.502,24.915,1.0,1.0,79,0,0,79,157,156,156,0.007532,0.012701,0.026272,1,1,1,2159.5
ecmp,2,84,1,15.502,24.915,1.0,1.0,79,0,0,79,157,157,156,0.007532,0.012701,0.026272,1,1,1,2159.5
ecmp,2,85,11,15.631,25.307,1.0,1.0,81,0,0,81,161,160,160,0.007441,0.01275,0.026702,1,1,1,2159.5
ecmp,2,86,1,16.234,25.941,1.0,1.0,82,0,0,82,161,161,160,0.008425,0.012887,0.027391,1,1,1,2159.5
ecmp,2,87,11,15.355,24.721,1.0,1.0,84,0,0,84,165,164,164,0.007439,0.012554,0.026073,1,1,1,2159.5
ecmp,2,88,1,15.474,25.047,1.0,1.0,80,0,0,80,165,165,164,0.007412,0.012579,0.026432,1,1,1,2159.5
ecmp,2,89,11,15.632,25.497,1.0,1.0,82,0,0,82,169,168,168,0.007378,0.012585,0.026932,1,1,1,2159.5
ecmp,2,90,1,15.632,25.497,1.0,1.0,82,0,0,82,169,169,168,0.007378,0.012585,0.026932,1,1,1,2159.5
ecmp,2,91,11,15.808,25.485,1.0,1.0,83,0,0,83,173,172,172,0.007504,0.013052,0.026867,1,1,1,2159.5
ecmp,2,92,1,15.383,24.78,1.0,1.0,80,0,0,80,173,173,172,0.00744,0.012572,0.026136,1,1,1,2159.5
ecmp,2,93,11,15.462,24.909,1.0,1.0,82,0,0,82,177,176,176,0.007597,0.012503,0.026287,1,1,1,2159.5
ecmp,2,94,1,15.934,25.49,1.0,1.0,83,0,0,83,177,177,176,0.007743,0.013203,0.026855,1,1,1,2159.5
ecmp,2,95,11,15.983,25.448,1.0,1.0,83,0,0,83,181,180,180,0.008303,0.01279,0.026855,1,1,1,2159.5
ecmp,2,96,1,15.753,24.829,1.0,1.0,79,0,0,79,181,181,180,0.008303,0.01279,0.026167,1,1,1,2159.5
ecmp,2,97,11,15.442,24.966,1.0,1.0,80,0,0,80,185,184,184,0.007414,0.01257,0.026343,1,1,1,2159.5
ecmp,2,98,1,15.421,24.942,1.0,1.0,82,0,0,82,185,185,184,0.007365,0.012582,0.026315,1,1,1,2159.5
ecmp,2,99,11,15.86,25.233,1.0,1.0,83,0,0,83,189,188,188,0.007364,0.013703,0.026514,1,1,1,2159.5
ecmp,2,100,1,15.399,24.852,1.0,1.0,80,0,0,80,189,189,188,0.007397,0.012584,0.026215,1,1,1,2159.5
ecmp,2,101,11,15.311,24.826,1.0,1.0,80,0,0,80,193,192,192,0.007391,0.012326,0.026215,1,1,1,2159.5
ecmp,2,102,1,15.321,24.855,1.0,1.0,82,0,0,82,193,193,192,0.007391,0.012326,0.026247,1,1,1,2159.5
ecmp,2,103,1,15.654,24.839,1.0,1.0,83,0,0,83,193,193,193,0.008287,0.012459,0.026215,1,1,1,2159.5
ecmp,2,104,10,15.374,24.714,1.0,1.0,79,0,0,79,197,196,196,0.007474,0.012585,0.026062,1,1,1,2159.5
ecmp,2,105,1,15.933,25.537,1.0,1.0,80,0,0,80,197,197,196,0.008002,0.012849,0.026947,1,1,1,2159.5
ecmp,2,106,11,15.708,25.37,1.0,1.0,82,0,0,82,201,200,200,0.007764,0.012567,0.026793,1,1,1,2159.5
ecmp,2,107,1,15.613,25.374,1.0,1.0,82,0,0,82,201,201,200,0.007445,0.0126,0.026793,1,1,1,2159.5
ecmp,2,108,11,15.718,25.658,1.0,1.0,83,0,0,83,205,204,204,0.007445,0.0126,0.027109,1,1,1,2159.5
ecmp,2,109,1,15.667,24.829,1.0,1.0,80,0,0,80,205,205,204,0.00748,0.013425,0.026096,1,1,1,2159.5
ecmp,2,110,11,15.664,25.121,1.0,1.0,82,0,0,82,209,208,208,0.007726,0.012772,0.026493,1,1,1,2159.5
ecmp,2,111,1,15.92,25.768,1.0,1.0,83,0,0,83,209,209,208,0.007699,0.012858,0.027202,1,1,1,2159.5
ecmp,2,112,11,15.801,25.433,1.0,1.0,80,0,0,80,213,212,212,0.007464,0.01314,0.026799,1,1,1,2159.5
ecmp,2,113,1,15.806,25.433,1.0,1.0,80,0,0,80,213,213,212,0.007479,0.01314,0.026799,1,1,1,2159.5
ecmp,2,114,11,15.539,25.115,1.0,1.0,81,0,0,81,217,216,216,0.007479,0.012635,0.026502,1,1,1,2159.5
ecmp,2,115,1,16.005,26.04,1.0,1.0,83,0,0,83,217,217,216,0.007875,0.012607,0.027532,1,1,1,2159.5
ecmp,2,116,11,15.81,25.11,1.0,1.0,79,0,0,79,221,220,220,0.007469,0.013568,0.026393,1,1,1,2159.5
ecmp,2,117,1,15.78,25.36,1.0,1.0,80,0,0,80,221,221,220,0.007484,0.013137,0.026718,1,1,1,2159.5
ecmp,2,118,11,15.625,25.312,1.0,1.0,80,0,0,80,225,224,224,0.007498,0.012658,0.026718,1,1,1,2159.5
ecmp,2,119,1,15.544,25.093,1.0,1.0,82,0,0,82,225,225,224,0.007498,0.012658,0.026475,1,1,1,2159.5
ecmp,3,0,0,15.715,25.084,1.0,1.0,0,0,0,0,0,0,0,0.007393,0.013366,0.026386,1,1,1,2327.6
ecmp,3,1,1,15.486,25.074,0.3333,0.3333,79,0,0,79,1,0,0,0.007423,0.012573,0.026463,1,1,1,2327.6
ecmp,3,2,1,15.395,24.858,0.6667,0.6667,80,0,0,80,1,1,0,0.007359,0.012607,0.026219,1,1,1,2327.6
ecmp,3,3,11,15.395,24.858,0.9883,0.9883,80,0,0,80,5,4,4,0.007359,0.012607,0.026219,1,1,1,2327.6
ecmp,3,4,1,15.348,24.759,0.9899,0.9899,77,0,0,77,5,5,4,0.007376,0.012551,0.026116,1,1,1,2327.6
ecmp,3,5,11,15.716,25.432,0.9968,0.9968,79,0,0,79,9,8,8,0.007696,0.012595,0.026858,1,1,1,2327.6
ecmp,3,6,1,15.432,24.96,0.9971,0.9971,80,0,0,80,9,9,8,0.0074,0.012557,0.026338,1,1,1,2327.6
ecmp,3,7,11,15.455,24.995,0.9985,0.9985,77,0,0,77,13,12,12,0.007396,0.012597,0.026373,1,1,1,2327.6
ecmp,3,8,1,15.404,24.828,0.9986,0.9986,78,0,0,78,13,13,12,0.007435,0.012589,0.026188,1,1,1,2327.6
ecmp,3,9,11,15.395,24.828,0.9992,0.9992,78,0,0,78,17,16,16,0.007409,0.012589,0.026188,1,1,1,2327.6
ecmp,3,10,1,15.376,24.783,0.9992,0.9992,80,0,0,80,17,17,16,0.007409,0.012579,0.026139,1,1,1,2327.6
ecmp,3,11,11,15.482,25.031,0.9995,0.9995,75,0,0,75,21,20,20,0.007419,0.012616,0.026411,1,1,1,2327.6
ecmp,3,12,1,15.388,24.829,0.9995,0.9995,77,0,0,77,21,21,20,0.00741,0.012563,0.026192,1,1,1,2327.6
ecmp,3,13,11,15.484,25.08,0.9996,0.9996,79,0,0,79,25,24,24,0.007396,0.012587,0.026468,1,1,1,2327.6
ecmp,3,14,1,15.527,24.945,0.9996,0.9996,80,0,0,80,25,25,24,0.007612,0.01266,0.02631,1,1,1,2327.6
ecmp,3,15,11,15.47,24.945,0.9997,0.9997,80,0,0,80,29,28,28,0.00744,0.01266,0.02631,1,1,1,2327.6
ecmp,3,16,1,15.46,24.976,0.9997,0.9997,77,0,0,77,29,29,28,0.00744,0.012589,0.026352,1,1,1,2327.6
ecmp,3,17,11,15.528,25.148,0.9998,0.9998,78,0,0,78,33,32,32,0.007447,0.012595,0.026543,1,1,1,2327.6
ecmp,3,18,1,15.953,25.247,0.9998,0.9998,80,0,0,80,33,33,32,0.00743,0.013925,0.026505,1,1,1,2327.6
ecmp,3,19,11,15.424,24.901,0.9998,0.9998,76,0,0,76,37,36,36,0.007422,0.01258,0.02627,1,1,1,2327.6
ecmp,3,20,1,15.594,24.681,0.9998,0.9998,78,0,0,78,37,37,36,0.007407,0.013445,0.025929,1,1,1,2327.6
ecmp,3,21,11,15.565,24.681,0.9999,0.9999,78,0,0,78,41,40,40,0.007322,0.013445,0.025929,1,1,1,2327.6
ecmp,3,22,1,15.58,25.383,0.9999,0.9999,80,0,0,80,41,41,40,0.007322,0.012616,0.026801,1,1,1,2327.6
ecmp,3,23,7,15.449,24.87,1.0,1.0,81,0,0,81,43,43,43,0.007452,0.012668,0.026226,1,1,1,2327.6
ecmp,3,24,4,15.473,25.093,0.9999,0.9999,78,0,0,78,45,44,44,0.00739,0.012541,0.026488,1,1,1,2327.6
ecmp,3,25,1,15.527,24.988,0.9999,0.9999,79,0,0,79,45,45,44,0.007415,0.012828,0.026339,1,1,1,2327.6
ecmp,3,26,11,15.659,25.305,0.9999,0.9999,81,0,0,81,49,48,48,0.007413,0.012879,0.026686,1,1,1,2327.6
ecmp,3,27,1,15.852,25.354,0.9999,0.9999,81,0,0,81,49,49,48,0.007501,0.01337,0.026686,1,1,1,2327.6
ecmp,3,28,11,15.729,25.021,0.9999,0.9999,77,0,0,77,53,52,52,0.007501,0.01337,0.026315,1,1,1,2327.6
ecmp,3,29,1,15.364,24.703,0.9999,0.9999,79,0,0,79,53,53,52,0.007437,0.012609,0.026047,1,1,1,2327.6
ecmp,3,30,11,15.896,25.289,0.9999,0.9999,81,0,0,81,57,56,56,0.007605,0.013483,0.026601,1,1,1,2327.6
ecmp,3,31,1,15.623,25.309,0.9999,0.9999,82,0,0,82,57,57,56,0.0075,0.012653,0.026715,1,1,1,2327.6
ecmp,3,32,11,15.228,24.441,0.9999,0.9999,78,0,0,78,61,60,60,0.00738,0.012541,0.025763,1,1,1,2327.6
ecmp,3,33,1,15.276,24.453,0.9999,0.9999,78,0,0,78,61,61,60,0.007399,0.012667,0.025763,1,1,1,2327.6
ecmp,3,34,11,15.524,25.122,0.9999,0.9999,79,0,0,79,65,64,64,0.007399,0.012667,0.026506,1,1,1,2327.6
ecmp,3,35,1,15.538,25.14,0.9999,0.9999,81,0,0,81,65,65,64,0.007466,0.012616,0.026532,1,1,1,2327.6
ecmp,3,36,11,15.471,24.835,1.0,1.0,77,0,0,77,69,68,68,0.007403,0.012843,0.026167,1,1,1,2327.6
ecmp,3,37,1,15.786,24.644,1.0,1.0,79,0,0,79,69,69,68,0.008298,0.013139,0.025922,1,1,1,2327.6
ecmp,3,38,11,15.445,24.86,1.0,1.0,81,0,0,81,73,72,72,0.007324,0.012814,0.026198,1,1,1,2327.6
ecmp,3,39,1,15.485,24.86,1.0,1.0,81,0,0,81,73,73,72,0.007434,0.012823,0.026198,1,1,1,2327.6
ecmp,3,40,11,15.421,24.689,1.0,1.0,76,0,0,76,77,76,76,0.007434,0.012823,0.026007,1,1,1,2327.6
ecmp,3,41,1,15.845,25.696,1.0,1.0,78,0,0,78,77,77,76,0.007754,0.012634,0.027147,1,1,1,2327.6
ecmp,3,42,11,15.388,24.806,1.0,1.0,79,0,0,79,81,80,80,0.007413,0.012586,0.026164,1,1,1,2327.6
ecmp,3,43,1,15.527,25.197,1.0,1.0,81,0,0,81,81,81,80,0.0074,0.012584,0.026598,1,1,1,2327.6
ecmp,3,44,11,15.577,25.209,1.0,1.0,77,0,0,77,85,84,84,0.00745,0.012679,0.026601,1,1,1,2327.6
ecmp,3,45,1,15.493,24.846,1.0,1.0,79,0,0,79,85,85,84,0.007404,0.012903,0.026173,1,1,1,2327.6
ecmp,3,46,7,15.493,24.846,1.0,1.0,79,0,0,79,87,87,87,0.007404,0.012903,0.026173,1,1,1,2327.6
ecmp,3,47,4,15.371,24.657,1.0,1.0,81,0,0,81,89,88,88,0.00748,0.012641,0.025992,1,1,1,2327.6
ecmp,3,48,1,15.447,24.764,1.0,1.0,77,0,0,77,89,89,88,0.007438,0.01281,0.026092,1,1,1,2327.6
ecmp,3,49,11,15.446,24.921,1.0,1.0,79,0,0,79,93,92,92,0.007424,0.012626,0.026287,1,1,1,2327.6
ecmp,3,50,1,15.828,25.59,1.0,1.0,80,0,0,80,93,93,92,0.007665,0.012808,0.02701,1,1,1,2327.6
ecmp,3,51,11,15.571,25.25,1.0,1.0,82,0,0,82,97,96,96,0.007441,0.012618,0.026654,1,1,1,2327.6
ecmp,3,52,1,15.571,25.25,1.0,1.0,82,0,0,82,97,97,96,0.007441,0.012618,0.026654,1,1,1,2327.6
ecmp,3,53,11,15.463,24.885,1.0,1.0,77,0,0,77,101,100,100,0.007488,0.012656,0.026244,1,1,1,2327.6
ecmp,3,54,1,15.47,24.955,1.0,1.0,79,0,0,79,101,101,100,0.007408,0.012684,0.026318,1,1,1,2327.6
ecmp,3,55,11,15.397,24.678,1.0,1.0,81,0,0,81,105,104,104,0.007363,0.012833,0.025994,1,1,1,2327.6
ecmp,3,56,1,15.494,24.934,1.0,1.0,77,0,0,77,105,105,104,0.0074,0.012801,0.026282,1,1,1,2327.6
ecmp,3,57,11,15.478,25.024,1.0,1.0,79,0,0,79,109,108,108,0.007452,0.012576,0.026407,1,1,1,2327.6
ecmp,3,58,1,15.478,25.024,1.0,1.0,79,0,0,79,109,109,108,0.007452,0.012576,0.026407,1,1,1,2327.6
ecmp,3,59,11,15.596,25.298,1.0,1.0,80,0,0,80,113,112,112,0.00741,0.012678,0.0267,1,1,1,2327.6
ecmp,3,60,1,15.461,24.942,1.0,1.0,82,0,0,82,113,113,112,0.007429,0.012647,0.026308,1,1,1,2327.6
ecmp,3,61,11,15.465,25.055,1.0,1.0,80,0,0,80,117,116,116,0.007394,0.012559,0.026443,1,1,1,2327.6
ecmp,3,62,1,15.382,24.834,1.0,1.0,82,0,0,82,117,117,116,0.007403,0.012542,0.0262,1,1,1,2327.6
ecmp,3,63,11,15.374,24.812,1.0,1.0,84,0,0,84,121,120,120,0.007356,0.012595,0.02617,1,1,1,2327.6
ecmp,3,64,1,15.407,24.812,1.0,1.0,84,0,0,84,121,121,120,0.007457,0.012595,0.02617,1,1,1,2327.6
ecmp,3,65,11,15.474,24.975,1.0,1.0,80,0,0,80,125,124,124,0.007457,0.012616,0.026348,1,1,1,2327.6
ecmp,3,66,1,15.363,24.766,1.0,1.0,82,0,0,82,125,125,124,0.007389,0.012581,0.02612,1,1,1,2327.6
ecmp,3,67,11,15.328,24.651,1.0,1.0,83,0,0,83,129,128,128,0.007398,0.012596,0.025991,1,1,1,2327.6
ecmp,3,68,0,15.452,24.967,1.0,1.0,80,0,0,80,129,128,128,0.007438,0.012573,0.026344,1,1,1,2327.6
ecmp,3,69,1,15.718,24.985,1.0,1.0,81,0,0,81,129,129,128,0.007471,0.013412,0.026271,1,1,1,2327.6
ecmp,3,70,11,15.703,24.985,1.0,1.0,81,0,0,81,133,132,132,0.007427,0.013412,0.026271,1,1,1,2327.6
ecmp,3,71,1,15.474,25.063,1.0,1.0,83,0,0,83,133,133,132,0.007427,0.01254,0.026454,1,1,1,2327.6
ecmp,3,72,11,15.636,24.861,1.0,1.0,85,0,0,85,137,136,136,0.007445,0.013318,0.026144,1,1,1,2327.6
ecmp,3,73,1,15.509,25.089,1.0,1.0,80,0,0,80,137,137,136,0.007469,0.01258,0.026479,1,1,1,2327.6
ecmp,3,74,11,15.523,25.114,1.0,1.0,82,0,0,82,141,140,140,0.007393,0.01268,0.026495,1,1,1,2327.6
ecmp,3,75,1,15.706,25.405,1.0,1.0,83,0,0,83,141,141,140,0.007444,0.012877,0.026797,1,1,1,2327.6
ecmp,3,76,11,15.677,25.372,1.0,1.0,83,0,0,83,145,144,144,0.007689,0.012545,0.026797,1,1,1,2327.6
ecmp,3,77,1,16.042,26.356,1.0,1.0,80,0,0,80,145,145,144,0.007689,0.012545,0.027891,1,1,1,2327.6
ecmp,3,78,11,15.51,25.168,1.0,1.0,81,0,0,81,149,148,148,0.007421,0.012538,0.026571,1,1,1,2327.6
ecmp,3,79,1,15.44,24.744,1.0,1.0,83,0,0,83,149,149,148,0.007372,0.012888,0.026061,1,1,1,2327.6
ecmp,3,80,11,15.957,25.368,1.0,1.0,85,0,0,85,153,152,152,0.007642,0.013548,0.026681,1,1,1,2327.6
ecmp,3,81,1,15.374,24.745,1.0,1.0,80,0,0,80,153,153,152,0.007373,0.012661,0.026088,1,1,1,2327.6
ecmp,3,82,11,15.736,24.745,1.0,1.0,80,0,0,80,157,156,156,0.008458,0.012661,0.026088,1,1,1,2327.6
ecmp,3,83,1,15.802,25.052,1.0,1.0,82,0,0,82,157,157,156,0.008458,0.012502,0.026447,1,1,1,2327.6
ecmp,3,84,11,15.678,25.333,1.0,1.0,83,0,0,83,161,160,160,0.007564,0.012738,0.026733,1,1,1,2327.6
ecmp,3,85,1,15.644,25.387,1.0,1.0,80,0,0,80,161,161,160,0.007436,0.012699,0.026797,1,1,1,2327.6
ecmp,3,86,11,15.646,25.375,1.0,1.0,81,0,0,81,165,164,164,0.00753,0.012616,0.026793,1,1,1,2327.6
ecmp,3,87,1,15.487,24.899,1.0,1.0,83,0,0,83,165,165,164,0.007397,0.012824,0.026241,1,1,1,2327.6
ecmp,3,88,11,15.485,24.899,1.0,1.0,83,0,0,83,169,168,168,0.007391,0.012824,0.026241,1,1,1,2327.6
ecmp,3,89,1,15.4,24.854,1.0,1.0,80,0,0,80,169,169,168,0.007391,0.012594,0.026216,1,1,1,2327.6
ecmp,3,90,11,16.082,25.701,1.0,1.0,81,0,0,81,173,172,172,0.008272,0.012843,0.02713,1,1,1,2327.6
ecmp,3,91,0,15.444,24.932,1.0,1.0,83,0,0,83,173,172,172,0.00744,0.012589,0.026303,1,1,1,2327.6
ecmp,3,92,1,15.486,25.078,1.0,1.0,84,0,0,84,173,173,172,0.007435,0.012552,0.02647,1,1,1,2327.6
ecmp,3,93,11,15.984,26.251,1.0,1.0,80,0,0,80,177,176,176,0.007587,0.012596,0.027768,1,1,1,2327.6
ecmp,3,94,1,15.908,26.251,1.0,1.0,80,0,0,80,177,177,176,0.00736,0.012596,0.027768,1,1,1,2327.6
ecmp,3,95,11,15.407,24.852,1.0,1.0,81,0,0,81,181,180,180,0.00736,0.012655,0.026207,1,1,1,2327.6
ecmp,3,96,1,15.333,24.65,1.0,1.0,83,0,0,83,181,181,180,0.007399,0.012613,0.025987,1,1,1,2327.6
ecmp,3,97,11,15.516,24.808,1.0,1.0,80,0,0,80,185,184,184,0.007773,0.012611,0.026163,1,1,1,2327.6
ecmp,3,98,1,15.677,25.329,1.0,1.0,81,0,0,81,185,185,184,0.007419,0.012904,0.026709,1,1,1,2327.6
ecmp,3,99,11,15.895,25.413,1.0,1.0,83,0,0,83,189,188,188,0.008117,0.012749,0.02682,1,1,1,2327.6
ecmp,3,100,1,15.657,25.413,1.0,1.0,83,0,0,83,189,189,188,0.007402,0.012749,0.02682,1,1,1,2327.6
ecmp,3,101,11,15.415,24.931,1.0,1.0,84,0,0,84,193,192,192,0.007402,0.012533,0.026309,1,1,1,2327.6
ecmp,3,102,1,15.753,25.71,1.0,1.0,80,0,0,80,193,193,192,0.00743,0.01267,0.027159,1,1,1,2327.6
ecmp,3,103,11,15.395,24.817,1.0,1.0,81,0,0,81,197,196,196,0.007429,0.012578,0.026177,1,1,1,2327.6
ecmp,3,104,1,15.505,25.306,1.0,1.0,83,0,0,83,197,197,196,0.007396,0.012378,0.026742,1,1,1,2327.6
ecmp,3,105,11,15.438,24.956,1.0,1.0,80,0,0,80,201,200,200,0.00741,0.012572,0.026332,1,1,1,2327.6
ecmp,3,106,1,15.43,24.956,1.0,1.0,80,0,0,80,201,201,200,0.007381,0.012576,0.026332,1,1,1,2327.6
ecmp,3,107,11,15.524,25.21,1.0,1.0,81,0,0,81,205,204,204,0.007381,0.012576,0.026614,1,1,1,2327.6
ecmp,3,108,1,15.335,24.716,1.0,1.0,83,0,0,83,205,205,204,0.007386,0.01255,0.026068,1,1,1,2327.6
ecmp,3,109,11,15.48,25.029,1.0,1.0,84,0,0,84,209,208,208,0.007396,0.012639,0.026406,1,1,1,2327.6
ecmp,3,110,1,15.943,25.315,1.0,1.0,81,0,0,81,209,209,208,0.007404,0.013835,0.026591,1,1,1,2327.6
ecmp,3,111,11,15.815,25.652,1.0,1.0,82,0,0,82,213,212,212,0.007575,0.012789,0.027081,1,1,1,2327.6
ecmp,3,112,1,15.767,25.651,1.0,1.0,82,0,0,82,213,213,212,0.007443,0.012777,0.027081,1,1,1,2327.6
ecmp,3,113,7,15.493,24.911,1.0,1.0,84,0,0,84,215,215,215,0.007443,0.012777,0.026259,1,1,1,2327.6
ecmp,3,114,4,15.63,24.842,1.0,1.0,80,0,0,80,217,216,216,0.007664,0.013078,0.026149,1,1,1,2327.6
ecmp,3,115,1,15.685,25.146,1.0,1.0,81,0,0,81,217,217,216,0.00787,0.01265,0.026534,1,1,1,2327.6
ecmp,3,116,11,15.48,24.917,1.0,1.0,83,0,0,83,221,220,220,0.007366,0.012812,0.026262,1,1,1,2327.6
ecmp,3,117,1,15.504,24.802,1.0,1.0,79,0,0,79,221,221,220,0.007363,0.01304,0.026109,1,1,1,2327.6
ecmp,3,118,11,15.479,24.764,1.0,1.0,79,0,0,79,225,224,224,0.007666,0.012663,0.026109,1,1,1,2327.6
ecmp,3,119,1,15.489,24.791,1.0,1.0,81,0,0,81,225,225,224,0.007666,0.012663,0.026138,1,1,1,2327.6
drl,1,0,0,15.488,25.135,1.0,1.0,0,0,0,0,0,0,0,0.007426,0.0125,0.026539,1,1,1,2231.2
drl,1,1,277,15.459,25.135,0.3333,0.3333,0,0,0,0,0,0,277,0.007339,0.0125,0.026539,1,1,1,2231.2
drl,1,2,77,15.267,24.693,0.3333,0.3333,364,0,0,364,0,0,354,0.007339,0.012402,0.026059,1,1,1,2231.2
drl,1,3,1,15.587,25.412,0.3352,0.3352,428,0,0,428,0,1,354,0.007406,0.012508,0.026846,1,1,1,2231.2
drl,1,4,1,15.87,25.089,0.3371,0.3371,429,0,0,429,0,2,354,0.007512,0.01375,0.026349,1,1,1,2231.2
drl,1,5,1,15.981,26.252,0.339,0.339,425,0,0,425,0,3,354,0.00752,0.012662,0.027762,1,1,1,2231.2
drl,1,6,1,15.819,25.314,0.3409,0.3409,426,0,0,426,0,4,354,0.007382,0.013443,0.026633,1,1,1,2231.2
drl,1,7,1,15.819,25.314,0.3427,0.3427,426,0,0,426,0,5,354,0.007382,0.013443,0.026633,1,1,1,2231.2
drl,1,8,1,15.598,25.297,0.3446,0.3446,427,0,0,427,0,6,354,0.007304,0.012805,0.026685,1,1,1,2231.2
drl,1,9,1,15.355,24.755,0.3465,0.3465,423,0,0,423,0,7,354,0.00739,0.012564,0.02611,1,1,1,2231.2
drl,1,10,1,15.44,24.936,0.3484,0.3484,424,0,0,424,0,8,354,0.007433,0.012578,0.026309,1,1,1,2231.2
drl,1,11,1,15.28,24.491,0.3503,0.3503,425,0,0,425,0,9,354,0.007424,0.012603,0.025812,1,1,1,2231.2
drl,1,12,1,15.491,25.075,0.3522,0.3522,421,0,0,421,0,10,354,0.007386,0.01263,0.026458,1,1,1,2231.2
drl,1,13,1,15.498,25.075,0.354,0.354,421,0,0,421,0,11,354,0.007407,0.01263,0.026458,1,1,1,2231.2
drl,1,14,1,15.475,25.082,0.3559,0.3559,422,0,0,422,0,12,354,0.007407,0.012543,0.026475,1,1,1,2231.2
drl,1,15,1,15.469,25.071,0.3578,0.3578,423,0,0,423,0,13,354,0.007401,0.012542,0.026463,1,1,1,2231.2
drl,1,16,1,15.696,25.246,0.3597,0.3597,424,0,0,424,0,14,354,0.007372,0.013122,0.026593,1,1,1,2231.2
drl,1,17,1,15.503,24.9,0.3615,0.3615,419,0,0,419,0,15,354,0.00739,0.012883,0.026235,1,1,1,2231.2
drl,1,18,1,15.405,24.55,0.3634,0.3634,420,0,0,420,0,16,354,0.00775,0.012586,0.025879,1,1,1,2231.2
drl,1,19,1,15.283,24.55,0.3653,0.3653,420,0,0,420,0,17,354,0.007385,0.012586,0.025879,1,1,1,2231.2
drl,1,20,1,15.631,25.458,0.3671,0.3671,421,0,0,421,0,18,354,0.007385,0.012624,0.026884,1,1,1,2231.2
drl,1,21,1,15.556,25.29,0.369,0.369,417,0,0,417,0,19,354,0.007392,0.012572,0.026703,1,1,1,2231.2
drl,1,22,0,15.445,24.843,0.369,0.369,418,0,0,418,0,19,354,0.007496,0.012641,0.026199,1,1,1,2231.2
drl,1,23,1,15.638,25.243,0.3709,0.3709,419,0,0,419,0,20,354,0.007397,0.012904,0.026614,1,1,1,2231.2
drl,1,24,1,15.879,25.235,0.3727,0.3727,420,0,0,420,0,21,354,0.007385,0.01374,0.026512,1,1,1,2231.2
drl,1,25,1,15.897,25.235,0.3746,0.3746,420,0,0,420,0,22,354,0.007439,0.01374,0.026512,1,1,1,2231.2
drl,1,26,1,15.494,25.0,0.3765,0.3765,415,0,0,415,0,23,354,0.007439,0.012673,0.02637,1,1,1,2231.2
drl,1,27,1,15.631,25.143,0.3783,0.3783,416,0,0,416,0,24,354,0.007459,0.012934,0.026499,1,1,1,2231.2
drl,1,28,1,15.641,24.997,0.3802,0.3802,417,0,0,417,0,25,354,0.007394,0.013223,0.026305,1,1,1,2231.2
drl,1,29,1,15.854,25.184,0.382,0.382,413,0,0,413,0,26,354,0.007386,0.013717,0.026458,1,1,1,2231.2
drl,1,30,1,15.636,25.128,0.3839,0.3839,414,0,0,414,0,27,354,0.007398,0.013037,0.026472,1,1,1,2231.2
drl,1,31,1,15.641,25.128,0.3857,0.3857,414,0,0,414,0,28,354,0.007413,0.013037,0.026472,1,1,1,2231.2
drl,1,32,1,15.535,25.184,0.3876,0.3876,415,0,0,415,0,29,354,0.007413,0.01261,0.026581,1,1,1,2231.2
drl,1,33,1,15.491,25.052,0.3894,0.3894,411,0,0,411,0,30,354,0.007411,0.012631,0.026432,1,1,1,2231.2
drl,1,34,1,15.858,25.39,0.3913,0.3913,412,0,0,412,0,31,354,0.007452,0.013401,0.026722,1,1,1,2231.2
drl,1,35,1,15.605,25.023,0.3931,0.3931,413,0,0,413,0,32,354,0.007421,0.013041,0.026354,1,1,1,2231.2
drl,1,36,1,15.479,24.913,0.3949,0.3949,414,0,0,414,0,33,354,0.007566,0.012588,0.026283,1,1,1,2231.2
drl,1,37,1,15.433,24.913,0.3968,0.3968,414,0,0,414,0,34,354,0.007429,0.012588,0.026283,1,1,1,2231.2
drl,1,38,1,15.55,25.341,0.3986,0.3986,409,0,0,409,0,35,354,0.007429,0.012448,0.026773,1,1,1,2231.2
drl,1,39,1,15.766,25.743,0.4004,0.4004,410,0,0,410,0,36,354,0.007406,0.012698,0.027193,1,1,1,2231.2
drl,1,40,1,15.468,24.983,0.4023,0.4023,411,0,0,411,0,37,354,0.007425,0.012622,0.026356,1,1,1,2231.2
drl,1,41,1,15.682,25.287,0.4041,0.4041,407,0,0,407,0,38,354,0.007445,0.012944,0.026658,1,1,1,2231.2
drl,1,42,1,15.548,25.021,0.4059,0.4059,408,0,0,408,0,39,354,0.007422,0.012849,0.026373,1,1,1,2231.2
drl,1,43,1,15.532,25.021,0.4077,0.4077,408,0,0,408,0,40,354,0.007375,0.012849,0.026373,1,1,1,2231.2
drl,1,44,1,15.42,24.844,0.4095,0.4095,409,0,0,409,0,41,354,0.007375,0.012691,0.026194,1,1,1,2231.2
drl,1,45,1,15.938,25.418,0.4113,0.4113,410,0,0,410,0,42,354,0.007391,0.013704,0.026719,1,1,1,2231.2
drl,1,46,1,15.411,24.87,0.4131,0.4131,405,0,0,405,0,43,354,0.007408,0.01259,0.026234,1,1,1,2231.2
drl,1,47,1,15.525,24.97,0.4149,0.4149,406,0,0,406,0,44,354,0.007398,0.012862,0.026315,1,1,1,2231.2
drl,1,48,1,15.366,24.764,0.4167,0.4167,407,0,0,407,0,45,354,0.0074,0.012582,0.026117,1,1,1,2231.2
drl,1,49,1,15.376,24.765,0.4185,0.4185,407,0,0,407,0,46,354,0.007417,0.012593,0.026117,1,1,1,2231.2
drl,1,50,1,15.542,25.215,0.4203,0.4203,403,0,0,403,0,47,354,0.007417,0.012593,0.026617,1,1,1,2231.2
drl,1,51,1,15.405,24.828,0.4221,0.4221,404,0,0,404,0,48,354,0.007395,0.012636,0.026183,1,1,1,2231.2
drl,1,52,1,15.678,25.586,0.4239,0.4239,405,0,0,405,0,49,354,0.007452,0.012547,0.027035,1,1,1,2231.2
drl,1,53,1,15.608,24.986,0.4257,0.4257,400,0,0,400,0,50,354,0.007494,0.013014,0.026316,1,1,1,2231.2
drl,1,54,1,15.578,25.071,0.4274,0.4274,401,0,0,401,0,51,354,0.007471,0.012831,0.026431,1,1,1,2231.2
drl,1,55,1,15.478,25.045,0.4292,0.4292,401,0,0,401,0,52,354,0.007432,0.01257,0.026431,1,1,1,2231.2
drl,1,56,1,15.4,24.836,0.431,0.431,402,0,0,402,0,53,354,0.007432,0.01257,0.026199,1,1,1,2231.2
drl,1,57,1,15.71,25.603,0.4327,0.4327,403,0,0,403,0,54,354,0.00744,0.012648,0.027042,1,1,1,2231.2
drl,1,58,1,15.432,24.921,0.4345,0.4345,400,0,0,400,0,55,354,0.007424,0.01258,0.026292,1,1,1,2231.2
drl,1,59,1,16.079,25.944,0.4362,0.4362,401,0,0,401,0,56,354,0.007491,0.013408,0.027337,1,1,1,2231.2
drl,1,60,1,15.709,25.17,0.438,0.438,402,0,0,402,0,57,354,0.007895,0.012673,0.026559,1,1,1,2231.2
drl,1,61,1,15.592,25.17,0.4397,0.4397,402,0,0,402,0,58,354,0.007544,0.012673,0.026559,1,1,1,2231.2
drl,1,62,1,15.615,25.286,0.4414,0.4414,163,0,0,163,0,59,354,0.007544,0.012606,0.026695,1,1,1,2231.2
drl,1,63,1,15.597,25.221,0.4432,0.4432,164,0,0,164,0,60,354,0.00737,0.012821,0.026599,1,1,1,2231.2
drl,1,64,0,15.746,25.13,0.4432,0.4432,165,0,0,165,0,60,354,0.007355,0.013456,0.026427,1,1,1,2231.2
drl,1,65,1,15.383,24.799,0.4449,0.4449,166,0,0,166,0,61,354,0.007413,0.012579,0.026157,1,1,1,2231.2
drl,1,66,1,15.449,24.77,0.4466,0.4466,51,0,0,51,0,62,354,0.00758,0.012651,0.026117,1,1,1,2231.2
drl,1,67,1,15.38,24.765,0.4483,0.4483,51,0,0,51,0,63,354,0.007432,0.012592,0.026117,1,1,1,2231.2
drl,1,68,1,15.495,25.075,0.45,0.45,52,0,0,52,0,64,354,0.007432,0.012592,0.026462,1,1,1,2231.2
drl,1,69,1,15.497,25.118,0.4518,0.4518,53,0,0,53,0,65,354,0.007411,0.012568,0.026512,1,1,1,2231.2
drl,1,70,1,15.581,25.31,0.4535,0.4535,51,0,0,51,0,66,354,0.007425,0.012596,0.026723,1,1,1,2231.2
drl,1,71,1,15.441,24.87,0.4551,0.4551,52,0,0,52,0,67,354,0.007506,0.012581,0.026235,1,1,1,2231.2
drl,1,72,1,15.391,24.835,0.4568,0.4568,53,0,0,53,0,68,354,0.007355,0.012625,0.026192,1,1,1,2231.2
drl,1,73,1,15.397,24.832,0.4585,0.4585,53,0,0,53,0,69,354,0.007406,0.012592,0.026192,1,1,1,2231.2
drl,1,74,1,15.406,24.857,0.4602,0.4602,54,0,0,54,0,70,354,0.007406,0.012592,0.02622,1,1,1,2231.2
drl,1,75,1,15.987,25.564,0.4619,0.4619,51,0,0,51,0,71,354,0.007658,0.013385,0.026917,1,1,1,2231.2
drl,1,76,1,15.491,25.135,0.4635,0.4635,52,0,0,52,0,72,354,0.007374,0.012568,0.026531,1,1,1,2231.2
drl,1,77,1,15.443,25.019,0.4652,0.4652,53,0,0,53,0,73,354,0.007358,0.01257,0.026402,1,1,1,2231.2
drl,1,78,1,15.603,25.421,0.4669,0.4669,51,0,0,51,0,74,354,0.007424,0.012533,0.026853,1,1,1,2231.2
drl,1,79,1,15.625,25.43,0.4685,0.4685,51,0,0,51,0,75,354,0.0074,0.012621,0.026853,1,1,1,2231.2
drl,1,80,1,15.339,24.658,0.4702,0.4702,52,0,0,52,0,76,354,0.0074,0.012621,0.025995,1,1,1,2231.2
drl,1,81,1,15.616,25.182,0.4718,0.4718,53,0,0,53,0,77,354,0.007442,0.012855,0.026552,1,1,1,2231.2
drl,1,82,1,15.631,25.333,0.4734,0.4734,51,0,0,51,0,78,354,0.007401,0.012761,0.02673,1,1,1,2231.2
drl,1,83,1,15.44,24.847,0.4751,0.4751,52,0,0,52,0,79,354,0.007468,0.01265,0.026202,1,1,1,2231.2
drl,1,84,1,15.719,25.508,0.4767,0.4767,53,0,0,53,0,80,354,0.007387,0.012858,0.026913,1,1,1,2231.2
drl,1,85,1,15.706,25.393,0.4783,0.4783,54,0,0,54,0,81,354,0.007729,0.012571,0.026818,1,1,1,2231.2
drl,1,86,1,15.706,25.393,0.4799,0.4799,54,0,0,54,0,82,354,0.007729,0.012571,0.026818,1,1,1,2231.2
drl,1,87,1,15.379,24.742,0.4815,0.4815,51,0,0,51,0,83,354,0.007446,0.0126,0.026091,1,1,1,2231.2
drl,1,88,1,15.557,25.215,0.4831,0.4831,52,0,0,52,0,84,354,0.007445,0.012611,0.026615,1,1,1,2231.2
drl,1,89,1,15.584,25.316,0.4847,0.4847,53,0,0,53,0,85,354,0.007459,0.012561,0.026733,1,1,1,2231.2
drl,1,90,1,15.582,25.313,0.4863,0.4863,51,0,0,51,0,86,354,0.00741,0.012612,0.026724,1,1,1,2231.2
drl,1,91,1,15.494,25.082,0.4878,0.4878,52,0,0,52,0,87,354,0.007442,0.012568,0.026472,1,1,1,2231.2
drl,1,92,1,15.494,25.082,0.4894,0.4894,52,0,0,52,0,88,354,0.007442,0.012568,0.026472,1,1,1,2231.2
drl,1,93,1,15.532,25.169,0.491,0.491,53,0,0,53,0,89,354,0.007407,0.012626,0.026563,1,1,1,2231.2
drl,1,94,1,15.647,25.477,0.4925,0.4925,54,0,0,54,0,90,354,0.007371,0.012669,0.0269,1,1,1,2231.2
drl,1,95,1,15.383,24.776,0.4941,0.4941,51,0,0,51,0,91,354,0.007417,0.012602,0.026129,1,1,1,2231.2
drl,1,96,1,15.707,25.296,0.4956,0.4956,52,0,0,52,0,92,354,0.007827,0.012586,0.026708,1,1,1,2231.2
drl,1,97,1,15.501,25.11,0.4972,0.4972,53,0,0,53,0,93,354,0.0074,0.012604,0.026499,1,1,1,2231.2
drl,1,98,1,15.501,25.11,0.4987,0.4987,53,0,0,53,0,94,354,0.0074,0.012604,0.026499,1,1,1,2231.2
drl,1,99,1,15.436,24.976,0.5002,0.5002,51,0,0,51,0,95,354,0.007405,0.012547,0.026357,1,1,1,2231.2
drl,1,100,1,15.417,24.787,0.5017,0.5017,52,0,0,52,0,96,354,0.007427,0.012693,0.026131,1,1,1,2231.2
drl,1,101,1,15.411,24.852,0.5032,0.5032,53,0,0,53,0,97,354,0.007402,0.012621,0.026211,1,1,1,2231.2
drl,1,102,1,15.583,25.151,0.5048,0.5048,54,0,0,54,0,98,354,0.007372,0.01286,0.026517,1,1,1,2231.2
drl,1,103,1,15.55,24.867,0.5063,0.5063,52,0,0,52,0,99,354,0.007417,0.013055,0.026179,1,1,1,2231.2
drl,1,104,1,15.553,24.867,0.5077,0.5077,52,0,0,52,0,100,354,0.007425,0.013055,0.026179,1,1,1,2231.2
drl,1,105,0,15.462,25.035,0.5077,0.5077,53,0,0,53,0,100,354,0.007425,0.012537,0.026424,1,1,1,2231.2
drl,1,106,1,15.607,24.857,0.5092,0.5092,54,0,0,54,0,101,354,0.007672,0.01297,0.026178,1,1,1,2231.2
drl,1,107,1,15.977,25.425,0.5107,0.5107,51,0,0,51,0,102,354,0.007455,0.013754,0.026722,1,1,1,2231.2
drl,1,108,1,15.523,24.869,0.5122,0.5122,52,0,0,52,0,103,354,0.007499,0.012867,0.026203,1,1,1,2231.2
drl,1,109,1,15.704,25.333,0.5136,0.5136,53,0,0,53,0,104,354,0.007403,0.013005,0.026703,1,1,1,2231.2
drl,1,110,1,15.746,25.333,0.5151,0.5151,53,0,0,53,0,105,354,0.00753,0.013005,0.026703,1,1,1,2231.2
drl,1,111,1,15.624,25.318,0.5165,0.5165,51,0,0,51,0,106,354,0.00753,0.012613,0.02673,1,1,1,2231.2
drl,1,112,1,15.582,24.986,0.518,0.518,52,0,0,52,0,107,354,0.007671,0.012728,0.026348,1,1,1,2231.2
drl,1,113,1,15.536,24.894,0.5194,0.5194,53,0,0,53,0,108,354,0.007436,0.01295,0.026221,1,1,1,2231.2
drl,1,114,1,15.576,25.212,0.5208,0.5208,54,0,0,54,0,109,354,0.007475,0.012645,0.026608,1,1,1,2231.2
drl,1,115,1,15.403,24.92,0.5222,0.5222,51,0,0,51,0,110,354,0.007364,0.012552,0.026294,1,1,1,2231.2
drl,1,116,1,15.412,24.914,0.5237,0.5237,51,0,0,51,0,111,354,0.00745,0.012492,0.026294,1,1,1,2231.2
drl,1,117,1,15.359,24.77,0.5251,0.5251,52,0,0,52,0,112,354,0.00745,0.012492,0.026134,1,1,1,2231.2
drl,1,118,1,15.406,24.851,0.5265,0.5265,53,0,0,53,0,113,354,0.007433,0.012571,0.026215,1,1,1,2231.2
drl,1,119,1,15.64,25.547,0.5279,0.5279,51,0,0,51,0,114,354,0.007401,0.012526,0.026994,1,1,1,2231.2
drl,2,0,0,15.384,24.849,1.0,1.0,0,0,0,0,0,0,0,0.007417,0.012517,0.026219,1,1,1,2305.2
drl,2,1,359,15.39,24.849,0.3333,0.3333,0,0,0,0,0,0,359,0.007435,0.012517,0.026219,1,1,1,2305.2
drl,2,2,7,15.411,24.898,0.3333,0.3333,400,0,0,400,0,0,366,0.007435,0.012524,0.026273,1,1,1,2305.2
drl,2,3,14,15.668,25.36,0.3513,0.3513,412,0,0,412,0,10,370,0.007417,0.012836,0.026751,1,1,1,2305.2
drl,2,4,1,15.479,25.11,0.3531,0.3531,413,0,0,413,0,11,370,0.007393,0.012537,0.026507,1,1,1,2305.2
drl,2,5,1,15.624,25.512,0.3549,0.3549,414,0,0,414,0,12,370,0.007362,0.012559,0.026951,1,1,1,2305.2
drl,2,6,1,15.393,24.798,0.3567,0.3567,412,0,0,412,0,13,370,0.007402,0.012627,0.02615,1,1,1,2305.2
drl,2,7,1,15.479,24.798,0.3585,0.3585,412,0,0,412,0,14,370,0.00766,0.012627,0.02615,1,1,1,2305.2
drl,2,8,1,15.672,25.321,0.3603,0.3603,413,0,0,413,0,15,370,0.00766,0.012624,0.026732,1,1,1,2305.2
drl,2,9,1,15.595,25.135,0.3621,0.3621,414,0,0,414,0,16,370,0.007739,0.012509,0.026538,1,1,1,2305.2
drl,2,10,1,15.361,24.767,0.3639,0.3639,411,0,0,411,0,17,370,0.007409,0.012551,0.026124,1,1,1,2305.2
drl,2,11,1,15.433,24.796,0.3657,0.3657,412,0,0,412,0,18,370,0.007516,0.012637,0.026147,1,1,1,2305.2
drl,2,12,1,15.411,24.862,0.3675,0.3675,413,0,0,413,0,19,370,0.007439,0.012567,0.026228,1,1,1,2305.2
drl,2,13,1,15.392,24.856,0.3693,0.3693,413,0,0,413,0,20,370,0.007442,0.012507,0.026228,1,1,1,2305.2
drl,2,14,1,15.377,24.814,0.371,0.371,414,0,0,414,0,21,370,0.007442,0.012507,0.026182,1,1,1,2305.2
drl,2,15,1,15.461,24.854,0.3728,0.3728,412,0,0,412,0,22,370,0.007406,0.012781,0.026195,1,1,1,2305.2
drl,2,16,1,15.341,24.81,0.3746,0.3746,413,0,0,413,0,23,370,0.007415,0.01242,0.026187,1,1,1,2305.2
drl,2,17,1,15.406,24.806,0.3764,0.3764,414,0,0,414,0,24,370,0.007459,0.012597,0.026163,1,1,1,2305.2
drl,2,18,1,15.784,25.255,0.3782,0.3782,411,0,0,411,0,25,370,0.007395,0.013383,0.026574,1,1,1,2305.2
drl,2,19,1,15.521,25.175,0.3799,0.3799,411,0,0,411,0,26,370,0.007401,0.012589,0.026574,1,1,1,2305.2
drl,2,20,1,15.4,24.848,0.3817,0.3817,412,0,0,412,0,27,370,0.007401,0.012589,0.02621,1,1,1,2305.2
drl,2,21,1,15.385,24.795,0.3835,0.3835,413,0,0,413,0,28,370,0.007447,0.012553,0.026155,1,1,1,2305.2
drl,2,22,1,15.823,25.227,0.3853,0.3853,414,0,0,414,0,29,370,0.007402,0.013543,0.026525,1,1,1,2305.2
drl,2,23,1,15.384,24.797,0.387,0.387,412,0,0,412,0,30,370,0.007423,0.012574,0.026155,1,1,1,2305.2
drl,2,24,1,15.512,24.948,0.3888,0.3888,413,0,0,413,0,31,370,0.007603,0.012616,0.026318,1,1,1,2305.2
drl,2,25,1,15.447,24.948,0.3906,0.3906,413,0,0,413,0,32,370,0.007406,0.012616,0.026318,1,1,1,2305.2
drl,2,26,1,15.402,24.827,0.3923,0.3923,414,0,0,414,0,33,370,0.007406,0.012616,0.026184,1,1,1,2305.2
drl,2,27,1,15.4,24.868,0.3941,0.3941,412,0,0,412,0,34,370,0.007417,0.012546,0.026237,1,1,1,2305.2
drl,2,28,1,15.847,25.616,0.3958,0.3958,413,0,0,413,0,35,370,0.007669,0.012837,0.027036,1,1,1,2305.2
drl,2,29,1,15.476,24.992,0.3976,0.3976,414,0,0,414,0,36,370,0.007469,0.01259,0.02637,1,1,1,2305.2
drl,2,30,1,15.354,24.718,0.3993,0.3993,411,0,0,411,0,37,370,0.007424,0.01257,0.026068,1,1,1,2305.2
drl,2,31,1,15.358,24.719,0.4011,0.4011,411,0,0,411,0,38,370,0.007426,0.012579,0.026068,1,1,1,2305.2
drl,2,32,1,15.486,25.066,0.4028,0.4028,411,0,0,411,0,39,370,0.007426,0.012579,0.026453,1,1,1,2305.2
drl,2,33,1,15.591,25.293,0.4046,0.4046,412,0,0,412,0,40,370,0.007531,0.012532,0.026711,1,1,1,2305.2
drl,2,34,1,15.592,24.846,0.4063,0.4063,413,0,0,413,0,41,370,0.00752,0.013104,0.026151,1,1,1,2305.2
drl,2,35,1,15.51,24.958,0.408,0.408,411,0,0,411,0,42,370,0.007439,0.012781,0.026311,1,1,1,2305.2
drl,2,36,1,15.579,25.186,0.4098,0.4098,412,0,0,412,0,43,370,0.007384,0.012788,0.026564,1,1,1,2305.2
drl,2,37,1,15.653,25.181,0.4115,0.4115,412,0,0,412,0,44,370,0.007656,0.012739,0.026564,1,1,1,2305.2
drl,2,38,1,15.729,25.388,0.4132,0.4132,413,0,0,413,0,45,370,0.007656,0.012739,0.026793,1,1,1,2305.2
drl,2,39,1,15.64,25.111,0.415,0.415,410,0,0,410,0,46,370,0.007833,0.012585,0.026503,1,1,1,2305.2
drl,2,40,1,15.802,25.223,0.4167,0.4167,411,0,0,411,0,47,370,0.007396,0.013482,0.026528,1,1,1,2305.2
drl,2,41,0,15.42,24.865,0.4167,0.4167,412,0,0,412,0,47,370,0.007437,0.012593,0.026229,1,1,1,2305.2
drl,2,42,1,15.68,25.304,0.4184,0.4184,413,0,0,413,0,48,370,0.007473,0.012883,0.026684,1,1,1,2305.2
drl,2,43,1,15.576,25.276,0.4201,0.4201,413,0,0,413,0,49,370,0.007441,0.012603,0.026684,1,1,1,2305.2
drl,2,44,1,15.404,24.812,0.4218,0.4218,411,0,0,411,0,50,370,0.007441,0.012603,0.026169,1,1,1,2305.2
drl,2,45,1,15.483,25.069,0.4235,0.4235,412,0,0,412,0,51,370,0.007328,0.012674,0.026446,1,1,1,2305.2
drl,2,46,1,15.373,24.839,0.4252,0.4252,413,0,0,413,0,52,370,0.007404,0.012505,0.026209,1,1,1,2305.2
drl,2,47,1,15.52,25.148,0.4269,0.4269,410,0,0,410,0,53,370,0.007426,0.012591,0.026543,1,1,1,2305.2
drl,2,48,1,15.468,24.886,0.4286,0.4286,411,0,0,411,0,54,370,0.007423,0.012745,0.026235,1,1,1,2305.2
drl,2,49,1,15.502,24.871,0.4303,0.4303,411,0,0,411,0,55,370,0.007676,0.012596,0.026235,1,1,1,2305.2
drl,2,50,1,15.466,24.773,0.432,0.432,412,0,0,412,0,56,370,0.007676,0.012596,0.026126,1,1,1,2305.2
drl,2,51,1,15.61,24.962,0.4337,0.4337,410,0,0,410,0,57,370,0.007513,0.013029,0.026288,1,1,1,2305.2
drl,2,52,1,15.411,24.931,0.4353,0.4353,411,0,0,411,0,58,370,0.007366,0.01256,0.026306,1,1,1,2305.2
drl,2,53,1,15.401,24.893,0.437,0.437,412,0,0,412,0,59,370,0.007412,0.012522,0.026268,1,1,1,2305.2
drl,2,54,1,15.743,25.8,0.4387,0.4387,413,0,0,413,0,60,370,0.007393,0.012567,0.02727,1,1,1,2305.2
drl,2,55,1,15.821,25.822,0.4403,0.4403,413,0,0,413,0,61,370,0.007403,0.012789,0.02727,1,1,1,2305.2
drl,2,56,1,15.448,24.816,0.442,0.442,411,0,0,411,0,62,370,0.007403,0.012789,0.026152,1,1,1,2305.2
drl,2,57,1,15.586,25.331,0.4436,0.4436,412,0,0,412,0,63,370,0.007404,0.01261,0.026744,1,1,1,2305.2
drl,2,58,1,15.388,24.764,0.4453,0.4453,413,0,0,413,0,64,370,0.007415,0.012638,0.026111,1,1,1,2305.2
drl,2,59,1,15.741,25.129,0.4469,0.4469,411,0,0,411,0,65,370,0.007407,0.013382,0.026434,1,1,1,2305.2
drl,2,60,1,15.465,25.045,0.4486,0.4486,412,0,0,412,0,66,370,0.007421,0.012541,0.026434,1,1,1,2305.2
drl,2,61,1,15.46,24.787,0.4502,0.4502,413,0,0,413,0,67,370,0.007688,0.012544,0.026147,1,1,1,2305.2
drl,2,62,1,15.46,24.787,0.4519,0.4519,413,0,0,413,0,68,370,0.007688,0.012544,0.026147,1,1,1,2305.2
drl,2,63,1,15.605,25.069,0.4535,0.4535,414,0,0,414,0,69,370,0.007714,0.012652,0.026449,1,1,1,2305.2
drl,2,64,1,15.398,24.805,0.4551,0.4551,51,0,0,51,0,70,370,0.007423,0.012611,0.02616,1,1,1,2305.2
drl,2,65,1,15.458,24.785,0.4567,0.4567,52,0,0,52,0,71,370,0.0074,0.012865,0.02611,1,1,1,2305.2
drl,2,66,1,15.503,25.164,0.4583,0.4583,53,0,0,53,0,72,370,0.007409,0.012533,0.026567,1,1,1,2305.2
drl,2,67,1,15.52,25.162,0.4599,0.4599,51,0,0,51,0,73,370,0.007419,0.01258,0.02656,1,1,1,2305.2
drl,2,68,1,15.52,25.162,0.4615,0.4615,51,0,0,51,0,74,370,0.007419,0.01258,0.02656,1,1,1,2305.2
drl,2,69,1,15.792,25.264,0.4631,0.4631,52,0,0,52,0,75,370,0.007371,0.013425,0.026579,1,1,1,2305.2
drl,2,70,1,15.597,25.399,0.4647,0.4647,53,0,0,53,0,76,370,0.007422,0.012541,0.026828,1,1,1,2305.2
drl,2,71,1,15.894,25.218,0.4663,0.4663,51,0,0,51,0,77,370,0.007418,0.013775,0.026489,1,1,1,2305.2
drl,2,72,1,15.713,25.313,0.4679,0.4679,52,0,0,52,0,78,370,0.007578,0.012866,0.026696,1,1,1,2305.2
drl,2,73,1,15.363,24.824,0.4695,0.4695,53,0,0,53,0,79,370,0.007407,0.012487,0.026195,1,1,1,2305.2
drl,2,74,1,15.363,24.824,0.471,0.471,53,0,0,53,0,80,370,0.007407,0.012487,0.026195,1,1,1,2305.2
drl,2,75,1,15.483,24.88,0.4726,0.4726,54,0,0,54,0,81,370,0.007389,0.012844,0.026217,1,1,1,2305.2
drl,2,76,1,15.379,24.797,0.4742,0.4742,51,0,0,51,0,82,370,0.007418,0.012564,0.026156,1,1,1,2305.2
drl,2,77,1,15.396,24.776,0.4757,0.4757,52,0,0,52,0,83,370,0.007428,0.012635,0.026125,1,1,1,2305.2
drl,2,78,1,15.572,25.341,0.4773,0.4773,53,0,0,53,0,84,370,0.007391,0.012564,0.026761,1,1,1,2305.2
drl,2,79,1,15.762,24.852,0.4788,0.4788,51,0,0,51,0,85,370,0.007675,0.013496,0.026114,1,1,1,2305.2
drl,2,80,1,15.682,24.852,0.4803,0.4803,51,0,0,51,0,86,370,0.007437,0.013496,0.026114,1,1,1,2305.2
drl,2,81,1,15.373,24.721,0.4819,0.4819,52,0,0,52,0,87,370,0.007437,0.012615,0.026066,1,1,1,2305.2
drl,2,82,1,15.544,25.031,0.4834,0.4834,53,0,0,53,0,88,370,0.007393,0.012856,0.026384,1,1,1,2305.2
drl,2,83,0,15.286,24.607,0.4834,0.4834,54,0,0,54,0,88,370,0.007364,0.012546,0.025947,1,1,1,2305.2
drl,2,84,1,15.561,25.036,0.4849,0.4849,51,0,0,51,0,89,370,0.0074,0.012897,0.026385,1,1,1,2305.2
drl,2,85,1,15.506,25.133,0.4864,0.4864,52,0,0,52,0,90,370,0.007408,0.012581,0.026528,1,1,1,2305.2
drl,2,86,1,15.552,25.133,0.4879,0.4879,52,0,0,52,0,91,370,0.007546,0.012581,0.026528,1,1,1,2305.2
drl,2,87,1,15.293,24.42,0.4894,0.4894,53,0,0,53,0,92,370,0.007546,0.012601,0.025733,1,1,1,2305.2
drl,2,88,1,15.426,24.955,0.4909,0.4909,51,0,0,51,0,93,370,0.007437,0.012504,0.026338,1,1,1,2305.2
drl,2,89,1,15.886,25.298,0.4924,0.4924,52,0,0,52,0,94,370,0.007401,0.013668,0.02659,1,1,1,2305.2
drl,2,90,1,15.484,25.062,0.4939,0.4939,53,0,0,53,0,95,370,0.007388,0.012618,0.026445,1,1,1,2305.2
drl,2,91,1,15.412,24.739,0.4954,0.4954,54,0,0,54,0,96,370,0.007586,0.012556,0.026093,1,1,1,2305.2
drl,2,92,1,15.351,24.739,0.4969,0.4969,54,0,0,54,0,97,370,0.007405,0.012556,0.026093,1,1,1,2305.2
drl,2,93,1,15.531,24.852,0.4983,0.4983,51,0,0,51,0,98,370,0.007405,0.013021,0.026167,1,1,1,2305.2
drl,2,94,1,15.419,24.479,0.4998,0.4998,52,0,0,52,0,99,370,0.007663,0.01282,0.025774,1,1,1,2305.2
drl,2,95,1,15.589,25.186,0.5012,0.5012,53,0,0,53,0,100,370,0.007645,0.012529,0.026592,1,1,1,2305.2
drl,2,96,1,15.394,24.655,0.5027,0.5027,51,0,0,51,0,101,370,0.00736,0.012856,0.025966,1,1,1,2305.2
drl,2,97,1,15.47,25.053,0.5041,0.5041,52,0,0,52,0,102,370,0.007404,0.012564,0.026441,1,1,1,2305.2
drl,2,98,1,15.476,25.053,0.5056,0.5056,52,0,0,52,0,103,370,0.007422,0.012564,0.026441,1,1,1,2305.2
drl,2,99,1,15.399,24.764,0.507,0.507,53,0,0,53,0,104,370,0.007422,0.012668,0.026108,1,1,1,2305.2
drl,2,100,1,15.454,24.977,0.5084,0.5084,51,0,0,51,0,105,370,0.007417,0.012591,0.026353,1,1,1,2305.2
drl,2,101,1,15.372,24.704,0.5098,0.5098,52,0,0,52,0,106,370,0.007456,0.012612,0.026048,1,1,1,2305.2
drl,2,102,1,15.406,24.774,0.5112,0.5112,53,0,0,53,0,107,370,0.007434,0.012665,0.02612,1,1,1,2305.2
drl,2,103,1,15.583,25.349,0.5126,0.5126,54,0,0,54,0,108,370,0.007407,0.012574,0.026769,1,1,1,2305.2
drl,2,104,1,15.628,25.358,0.514,0.514,54,0,0,54,0,109,370,0.007455,0.012659,0.026769,1,1,1,2305.2
drl,2,105,1,15.505,25.026,0.5154,0.5154,51,0,0,51,0,110,370,0.007455,0.012659,0.0264,1,1,1,2305.2
drl,2,106,1,15.627,24.812,0.5168,0.5168,52,0,0,52,0,111,370,0.007909,0.01283,0.026143,1,1,1,2305.2
drl,2,107,1,15.442,24.967,0.5182,0.5182,53,0,0,53,0,112,370,0.007432,0.012547,0.026347,1,1,1,2305.2
drl,2,108,1,15.47,24.701,0.5196,0.5196,51,0,0,51,0,113,370,0.007476,0.012924,0.02601,1,1,1,2305.2
drl,2,109,1,15.903,25.205,0.5209,0.5209,52,0,0,52,0,114,370,0.007392,0.013851,0.026467,1,1,1,2305.2
drl,2,110,1,15.483,25.077,0.5223,0.5223,52,0,0,52,0,115,370,0.007416,0.012565,0.026467,1,1,1,2305.2
drl,2,111,1,15.389,24.824,0.5236,0.5236,53,0,0,53,0,116,370,0.007416,0.012565,0.026186,1,1,1,2305.2
drl,2,112,1,15.539,25.2,0.525,0.525,54,0,0,54,0,117,370,0.007398,0.012623,0.026597,1,1,1,2305.2
drl,2,113,1,15.342,24.559,0.5263,0.5263,51,0,0,51,0,118,370,0.007387,0.012769,0.025869,1,1,1,2305.2
drl,2,114,1,15.48,25.039,0.5276,0.5276,52,0,0,52,0,119,370,0.007418,0.012602,0.026421,1,1,1,2305.2
drl,2,115,1,15.602,25.408,0.529,0.529,53,0,0,53,0,120,370,0.00741,0.012561,0.026835,1,1,1,2305.2
drl,2,116,1,15.603,25.408,0.5303,0.5303,53,0,0,53,0,121,370,0.007408,0.012566,0.026835,1,1,1,2305.2
drl,2,117,1,15.207,24.338,0.5316,0.5316,51,0,0,51,0,122,370,0.007408,0.012566,0.025646,1,1,1,2305.2
drl,2,118,1,15.621,25.155,0.5329,0.5329,52,0,0,52,0,123,370,0.007692,0.012623,0.026547,1,1,1,2305.2
drl,2,119,0,15.799,25.14,0.5329,0.5329,53,0,0,53,0,123,370,0.007652,0.013288,0.026457,1,1,1,2305.2
drl,3,0,0,15.434,24.937,1.0,1.0,0,0,0,0,0,0,0,0.007408,0.012585,0.02631,1,1,1,2335.0
drl,3,1,245,15.328,24.916,0.3333,0.3333,0,0,0,0,0,0,245,0.007309,0.012365,0.02631,1,1,1,2335.0
drl,3,2,108,15.315,24.88,0.3333,0.3333,402,0,0,402,0,0,353,0.007309,0.012365,0.02627,1,1,1,2335.0
drl,3,3,1,15.481,24.841,0.3352,0.3352,403,0,0,403,0,1,353,0.00741,0.01286,0.026172,1,1,1,2335.0
drl,3,4,1,15.718,25.162,0.3371,0.3371,401,0,0,401,0,2,353,0.007421,0.013246,0.026486,1,1,1,2335.0
drl,3,5,1,15.502,25.096,0.339,0.339,401,0,0,401,0,3,353,0.007438,0.012581,0.026486,1,1,1,2335.0
drl,3,6,1,15.383,24.774,0.3409,0.3409,401,0,0,401,0,4,353,0.007438,0.012581,0.026129,1,1,1,2335.0
drl,3,7,1,15.429,24.793,0.3428,0.3428,402,0,0,402,0,5,353,0.007436,0.012717,0.026135,1,1,1,2335.0
drl,3,8,1,15.527,24.975,0.3447,0.3447,399,0,0,399,0,6,353,0.00763,0.0126,0.02635,1,1,1,2335.0
drl,3,9,1,15.423,24.853,0.3465,0.3465,400,0,0,400,0,7,353,0.007441,0.012616,0.026213,1,1,1,2335.0
drl,3,10,1,15.539,25.054,0.3484,0.3484,401,0,0,401,0,8,353,0.007637,0.012536,0.026445,1,1,1,2335.0
drl,3,11,1,15.334,24.59,0.3503,0.3503,402,0,0,402,0,9,353,0.00741,0.012679,0.025914,1,1,1,2335.0
drl,3,12,1,15.334,24.59,0.3522,0.3522,402,0,0,402,0,10,353,0.00741,0.012679,0.025914,1,1,1,2335.0
drl,3,13,1,15.398,24.869,0.3541,0.3541,400,0,0,400,0,11,353,0.007402,0.012554,0.026237,1,1,1,2335.0
drl,3,14,1,15.817,25.944,0.356,0.356,401,0,0,401,0,12,353,0.007407,0.012619,0.027425,1,1,1,2335.0
drl,3,15,1,15.596,25.159,0.3579,0.3579,402,0,0,402,0,13,353,0.007665,0.012563,0.026559,1,1,1,2335.0
drl,3,16,1,15.593,25.041,0.3597,0.3597,399,0,0,399,0,14,353,0.007411,0.012987,0.02638,1,1,1,2335.0
drl,3,17,1,15.384,24.816,0.3616,0.3616,400,0,0,400,0,15,353,0.007402,0.012573,0.026176,1,1,1,2335.0
drl,3,18,1,15.384,24.816,0.3635,0.3635,400,0,0,400,0,16,353,0.007402,0.012573,0.026176,1,1,1,2335.0
drl,3,19,1,15.405,24.884,0.3654,0.3654,401,0,0,401,0,17,353,0.007393,0.012571,0.026252,1,1,1,2335.0
drl,3,20,1,15.425,24.702,0.3672,0.3672,399,0,0,399,0,18,353,0.007421,0.012834,0.026021,1,1,1,2335.0
drl,3,21,1,15.648,25.463,0.3691,0.3691,400,0,0,400,0,19,353,0.007441,0.012613,0.026891,1,1,1,2335.0
drl,3,22,1,15.435,24.973,0.371,0.371,401,0,0,401,0,20,353,0.007377,0.012577,0.02635,1,1,1,2335.0
drl,3,23,1,15.387,24.779,0.3729,0.3729,402,0,0,402,0,21,353,0.007428,0.0126,0.026132,1,1,1,2335.0
drl,3,24,1,15.387,24.779,0.3747,0.3747,402,0,0,402,0,22,353,0.007428,0.0126,0.026132,1,1,1,2335.0
drl,3,25,1,15.428,24.819,0.3766,0.3766,400,0,0,400,0,23,353,0.007499,0.012611,0.026175,1,1,1,2335.0
drl,3,26,1,15.393,24.818,0.3785,0.3785,401,0,0,401,0,24,353,0.007429,0.012571,0.026179,1,1,1,2335.0
drl,3,27,1,15.559,24.919,0.3803,0.3803,402,0,0,402,0,25,353,0.007465,0.012965,0.026247,1,1,1,2335.0
drl,3,28,0,15.47,25.002,0.3803,0.3803,399,0,0,399,0,25,353,0.007441,0.012586,0.026382,1,1,1,2335.0
drl,3,29,1,15.495,24.932,0.3822,0.3822,400,0,0,400,0,26,353,0.007409,0.012797,0.02628,1,1,1,2335.0
drl,3,30,1,15.575,24.932,0.384,0.384,400,0,0,400,0,27,353,0.007648,0.012797,0.02628,1,1,1,2335.0
drl,3,31,1,15.456,24.823,0.3859,0.3859,401,0,0,401,0,28,353,0.007648,0.012532,0.026189,1,1,1,2335.0
drl,3,32,1,15.594,25.172,0.3877,0.3877,402,0,0,402,0,29,353,0.007631,0.012579,0.026571,1,1,1,2335.0
drl,3,33,1,15.422,24.828,0.3896,0.3896,400,0,0,400,0,30,353,0.007449,0.012635,0.026183,1,1,1,2335.0
drl,3,34,1,15.479,25.034,0.3914,0.3914,401,0,0,401,0,31,353,0.007418,0.012604,0.026415,1,1,1,2335.0
drl,3,35,1,15.58,24.88,0.3933,0.3933,402,0,0,402,0,32,353,0.007484,0.013063,0.026193,1,1,1,2335.0
drl,3,36,1,15.56,24.88,0.3951,0.3951,402,0,0,402,0,33,353,0.007424,0.013063,0.026193,1,1,1,2335.0
drl,3,37,1,15.597,25.297,0.397,0.397,399,0,0,399,0,34,353,0.007424,0.012666,0.026701,1,1,1,2335.0
drl,3,38,1,15.543,25.21,0.3988,0.3988,400,0,0,400,0,35,353,0.007425,0.012591,0.026612,1,1,1,2335.0
drl,3,39,1,15.709,25.558,0.4006,0.4006,401,0,0,401,0,36,353,0.007518,0.012611,0.026997,1,1,1,2335.0
drl,3,40,1,15.768,25.655,0.4025,0.4025,399,0,0,399,0,37,353,0.007533,0.012675,0.027097,1,1,1,2335.0
drl,3,41,1,15.441,24.977,0.4043,0.4043,400,0,0,400,0,38,353,0.007395,0.012571,0.026356,1,1,1,2335.0
drl,3,42,1,15.441,24.977,0.4061,0.4061,400,0,0,400,0,39,353,0.007395,0.012571,0.026356,1,1,1,2335.0
drl,3,43,1,15.4,24.861,0.4079,0.4079,401,0,0,401,0,40,353,0.007402,0.012573,0.026226,1,1,1,2335.0
drl,3,44,1,15.379,24.792,0.4097,0.4097,402,0,0,402,0,41,353,0.007412,0.012577,0.026149,1,1,1,2335.0
drl,3,45,1,15.412,24.763,0.4115,0.4115,401,0,0,401,0,42,353,0.007315,0.012832,0.026089,1,1,1,2335.0
drl,3,46,1,15.407,24.828,0.4134,0.4134,402,0,0,402,0,43,353,0.007451,0.012582,0.026189,1,1,1,2335.0
drl,3,47,1,15.649,25.232,0.4152,0.4152,403,0,0,403,0,44,353,0.00755,0.012781,0.026616,1,1,1,2335.0
drl,3,48,1,15.649,25.232,0.417,0.417,403,0,0,403,0,45,353,0.00755,0.012781,0.026616,1,1,1,2335.0
drl,3,49,1,15.559,25.103,0.4188,0.4188,400,0,0,400,0,46,353,0.007426,0.012777,0.026473,1,1,1,2335.0
drl,3,50,1,15.387,24.785,0.4206,0.4206,401,0,0,401,0,47,353,0.007459,0.012559,0.026143,1,1,1,2335.0
drl,3,51,1,15.561,25.176,0.4223,0.4223,402,0,0,402,0,48,353,0.007338,0.012794,0.026552,1,1,1,2335.0
drl,3,52,1,15.742,25.477,0.4241,0.4241,403,0,0,403,0,49,353,0.007401,0.012956,0.026868,1,1,1,2335.0
drl,3,53,1,15.427,24.787,0.4259,0.4259,401,0,0,401,0,50,353,0.007413,0.012744,0.026125,1,1,1,2335.0
drl,3,54,1,15.427,24.787,0.4277,0.4277,401,0,0,401,0,51,353,0.007413,0.012744,0.026125,1,1,1,2335.0
drl,3,55,1,15.68,25.591,0.4295,0.4295,402,0,0,402,0,52,353,0.007399,0.012608,0.027034,1,1,1,2335.0
drl,3,56,1,15.541,25.084,0.4312,0.4312,403,0,0,403,0,53,353,0.007404,0.012765,0.026453,1,1,1,2335.0
drl,3,57,1,15.52,25.118,0.433,0.433,400,0,0,400,0,54,353,0.007406,0.012651,0.026503,1,1,1,2335.0
drl,3,58,1,15.351,24.696,0.4347,0.4347,401,0,0,401,0,55,353,0.007428,0.012584,0.026042,1,1,1,2335.0
drl,3,59,1,15.463,24.977,0.4365,0.4365,402,0,0,402,0,56,353,0.007455,0.012578,0.026355,1,1,1,2335.0
drl,3,60,1,15.463,24.977,0.4382,0.4382,402,0,0,402,0,57,353,0.007455,0.012578,0.026355,1,1,1,2335.0
drl,3,61,1,15.574,25.108,0.44,0.44,373,0,0,373,0,58,353,0.007383,0.01287,0.026468,1,1,1,2335.0
drl,3,62,1,15.575,25.236,0.4417,0.4417,374,0,0,374,0,59,353,0.007357,0.012744,0.026624,1,1,1,2335.0
drl,3,63,1,15.385,24.768,0.4435,0.4435,375,0,0,375,0,60,353,0.007433,0.012601,0.02612,1,1,1,2335.0
drl,3,64,1,15.947,25.536,0.4452,0.4452,376,0,0,376,0,61,353,0.007546,0.013412,0.026883,1,1,1,2335.0
drl,3,65,1,15.547,24.799,0.4469,0.4469,51,0,0,51,0,62,353,0.007621,0.0129,0.026121,1,1,1,2335.0
drl,3,66,1,15.48,24.799,0.4486,0.4486,51,0,0,51,0,63,353,0.00742,0.0129,0.026121,1,1,1,2335.0
drl,3,67,1,15.744,25.191,0.4504,0.4504,52,0,0,52,0,64,353,0.00742,0.013299,0.026512,1,1,1,2335.0
drl,3,68,0,15.38,24.789,0.4504,0.4504,53,0,0,53,0,64,353,0.007457,0.012531,0.026151,1,1,1,2335.0
drl,3,69,1,15.498,24.985,0.4521,0.4521,51,0,0,51,0,65,353,0.007418,0.012729,0.026347,1,1,1,2335.0
drl,3,70,1,15.534,25.181,0.4538,0.4538,52,0,0,52,0,66,353,0.007418,0.012607,0.026578,1,1,1,2335.0
drl,3,71,1,15.251,24.495,0.4555,0.4555,53,0,0,53,0,67,353,0.007392,0.012537,0.025824,1,1,1,2335.0
drl,3,72,1,15.27,24.495,0.4572,0.4572,53,0,0,53,0,68,353,0.007449,0.012537,0.025824,1,1,1,2335.0
drl,3,73,1,15.352,24.662,0.4588,0.4588,54,0,0,54,0,69,353,0.007449,0.012606,0.026001,1,1,1,2335.0
drl,3,74,1,15.665,24.854,0.4605,0.4605,51,0,0,51,0,70,353,0.007429,0.013444,0.026122,1,1,1,2335.0
drl,3,75,1,15.891,25.637,0.4622,0.4622,52,0,0,52,0,71,353,0.007431,0.013226,0.027016,1,1,1,2335.0
drl,3,76,1,15.417,24.84,0.4639,0.4639,52,0,0,52,0,72,353,0.007455,0.012594,0.026201,1,1,1,2335.0
drl,3,77,1,15.426,24.998,0.4655,0.4655,50,0,0,50,0,73,353,0.007344,0.012554,0.026381,1,1,1,2335.0
drl,3,78,1,15.442,24.998,0.4672,0.4672,50,0,0,50,0,74,353,0.00739,0.012554,0.026381,1,1,1,2335.0
drl,3,79,1,15.575,25.332,0.4689,0.4689,50,0,0,50,0,75,353,0.00739,0.012586,0.026748,1,1,1,2335.0
drl,3,80,1,15.386,24.578,0.4705,0.4705,51,0,0,51,0,76,353,0.007421,0.012856,0.025881,1,1,1,2335.0
drl,3,81,1,15.526,24.952,0.4721,0.4721,52,0,0,52,0,77,353,0.007693,0.012555,0.026329,1,1,1,2335.0
drl,3,82,1,15.569,25.276,0.4738,0.4738,49,0,0,49,0,78,353,0.007467,0.012551,0.02669,1,1,1,2335.0
drl,3,83,1,15.705,24.982,0.4754,0.4754,50,0,0,50,0,79,353,0.007337,0.013523,0.026255,1,1,1,2335.0
drl,3,84,1,15.402,24.886,0.477,0.477,50,0,0,50,0,80,353,0.007389,0.012563,0.026255,1,1,1,2335.0
drl,3,85,1,15.278,24.55,0.4787,0.4787,51,0,0,51,0,81,353,0.007389,0.012563,0.025882,1,1,1,2335.0
drl,3,86,1,15.418,24.931,0.4803,0.4803,49,0,0,49,0,82,353,0.007395,0.012552,0.026306,1,1,1,2335.0
drl,3,87,1,15.235,24.45,0.4819,0.4819,50,0,0,50,0,83,353,0.007412,0.012517,0.025776,1,1,1,2335.0
drl,3,88,1,15.47,25.053,0.4835,0.4835,51,0,0,51,0,84,353,0.007425,0.012541,0.026443,1,1,1,2335.0
drl,3,89,1,15.594,25.137,0.4851,0.4851,49,0,0,49,0,85,353,0.007633,0.012623,0.026527,1,1,1,2335.0
drl,3,90,1,15.513,25.135,0.4867,0.4867,49,0,0,49,0,86,353,0.007409,0.012603,0.026527,1,1,1,2335.0
drl,3,91,1,15.705,25.652,0.4882,0.4882,50,0,0,50,0,87,353,0.007409,0.012603,0.027102,1,1,1,2335.0
drl,3,92,1,15.794,25.748,0.4898,0.4898,51,0,0,51,0,88,353,0.007379,0.01282,0.027184,1,1,1,2335.0
drl,3,93,1,15.422,24.868,0.4914,0.4914,52,0,0,52,0,89,353,0.007413,0.012625,0.026228,1,1,1,2335.0
drl,3,94,1,15.291,24.545,0.4929,0.4929,49,0,0,49,0,90,353,0.007398,0.012602,0.025872,1,1,1,2335.0
drl,3,95,1,15.538,25.086,0.4945,0.4945,50,0,0,50,0,91,353,0.00741,0.012746,0.026457,1,1,1,2335.0
drl,3,96,1,15.559,25.089,0.496,0.496,50,0,0,50,0,92,353,0.007447,0.012773,0.026457,1,1,1,2335.0
drl,3,97,1,15.456,24.811,0.4976,0.4976,51,0,0,51,0,93,353,0.007447,0.012773,0.026149,1,1,1,2335.0
drl,3,98,1,15.639,25.09,0.4991,0.4991,49,0,0,49,0,94,353,0.007576,0.012895,0.026445,1,1,1,2335.0
drl,3,99,1,15.456,24.843,0.5006,0.5006,50,0,0,50,0,95,353,0.0074,0.012784,0.026183,1,1,1,2335.0
drl,3,100,1,15.435,24.933,0.5022,0.5022,51,0,0,51,0,96,353,0.00741,0.012589,0.026305,1,1,1,2335.0
drl,3,101,1,15.5,24.982,0.5037,0.5037,52,0,0,52,0,97,353,0.0074,0.01276,0.02634,1,1,1,2335.0
drl,3,102,1,15.342,24.78,0.5052,0.5052,49,0,0,49,0,98,353,0.007401,0.012477,0.026147,1,1,1,2335.0
drl,3,103,1,15.342,24.78,0.5067,0.5067,49,0,0,49,0,99,353,0.007401,0.012477,0.026147,1,1,1,2335.0
drl,3,104,1,15.508,25.099,0.5082,0.5082,50,0,0,50,0,100,353,0.00742,0.012617,0.026486,1,1,1,2335.0
drl,3,105,1,15.601,25.418,0.5096,0.5096,51,0,0,51,0,101,353,0.007387,0.012571,0.026846,1,1,1,2335.0
drl,3,106,0,15.63,25.014,0.5096,0.5096,49,0,0,49,0,101,353,0.007573,0.012963,0.026353,1,1,1,2335.0
drl,3,107,1,15.461,24.799,0.5111,0.5111,50,0,0,50,0,102,353,0.007379,0.012879,0.026124,1,1,1,2335.0
drl,3,108,1,15.629,25.351,0.5126,0.5126,51,0,0,51,0,103,353,0.007407,0.012727,0.026754,1,1,1,2335.0
drl,3,109,1,15.629,25.351,0.5141,0.5141,51,0,0,51,0,104,353,0.007407,0.012727,0.026754,1,1,1,2335.0
drl,3,110,1,15.595,25.186,0.5155,0.5155,52,0,0,52,0,105,353,0.007605,0.012595,0.026585,1,1,1,2335.0
drl,3,111,1,15.635,25.217,0.517,0.517,52,0,0,52,0,106,353,0.007341,0.012987,0.026576,1,1,1,2335.0
drl,3,112,1,15.529,25.033,0.5184,0.5184,53,0,0,53,0,107,353,0.007409,0.012783,0.026394,1,1,1,2335.0
drl,3,113,1,15.432,24.837,0.5198,0.5198,54,0,0,54,0,108,353,0.007402,0.01271,0.026185,1,1,1,2335.0
drl,3,114,1,15.859,25.189,0.5213,0.5213,51,0,0,51,0,109,353,0.007426,0.013683,0.026467,1,1,1,2335.0
drl,3,115,1,15.859,25.189,0.5227,0.5227,51,0,0,51,0,110,353,0.007426,0.013683,0.026467,1,1,1,2335.0
drl,3,116,1,15.607,25.377,0.5241,0.5241,52,0,0,52,0,111,353,0.007444,0.012579,0.026799,1,1,1,2335.0
drl,3,117,1,15.482,25.037,0.5255,0.5255,53,0,0,53,0,112,353,0.007424,0.012603,0.026418,1,1,1,2335.0
drl,3,118,1,15.469,25.033,0.5269,0.5269,51,0,0,51,0,113,353,0.007377,0.012618,0.026413,1,1,1,2335.0
drl,3,119,1,15.509,24.773,0.5283,0.5283,52,0,0,52,0,114,353,0.007501,0.012938,0.026088,1,1,1,2335.0
