algorithm,trial,second,throughput,avg_rtt,p95_rtt,fairness_index,fairness_alive,max_imbalance,h1_conns,h2_conns,h3_conns,h1_sels,h2_sels,h3_sels,h1_rtt,h2_rtt,h3_rtt,h1_alive,h2_alive,h3_alive,decision_latency_us
round_robin,1,0,0,15.339,24.624,1.0,1.0,0,0,0,0,0,0,0,0.011525,0.008413,0.026079,1,1,1,2397.6
round_robin,1,1,1,15.685,24.594,0.3333,0.3333,50,0,0,50,1,0,0,0.012702,0.008437,0.025915,1,1,1,2397.6
round_robin,1,2,1,15.438,24.913,0.6667,0.6667,51,0,0,51,1,1,0,0.011534,0.008379,0.0264,1,1,1,2397.6
round_robin,1,3,11,15.496,24.911,0.9883,0.9883,51,0,0,51,5,4,4,0.011506,0.008583,0.0264,1,1,1,2397.6
round_robin,1,4,1,15.487,24.884,0.9899,0.9899,53,0,0,53,5,5,4,0.011506,0.008583,0.026371,1,1,1,2397.6
round_robin,1,5,11,15.356,24.704,0.9968,0.9968,55,0,0,55,9,8,8,0.011581,0.008325,0.026162,1,1,1,2397.6
round_robin,1,6,1,15.333,24.286,0.9971,0.9971,53,0,0,53,9,9,8,0.011585,0.008718,0.025697,1,1,1,2397.6
round_robin,1,7,11,15.854,25.187,0.9985,0.9985,55,0,0,55,13,12,12,0.011521,0.009335,0.026706,1,1,1,2397.6
round_robin,1,8,1,15.556,24.815,0.9986,0.9986,56,0,0,56,13,13,12,0.011937,0.008486,0.026246,1,1,1,2397.6
round_robin,1,9,11,15.485,24.8,0.9992,0.9992,56,0,0,56,17,16,16,0.011786,0.008422,0.026246,1,1,1,2397.6
round_robin,1,10,1,15.57,25.031,0.9992,0.9992,55,0,0,55,17,17,16,0.011786,0.008422,0.026503,1,1,1,2397.6
round_robin,1,11,11,15.474,24.722,0.9995,0.9995,56,0,0,56,21,20,20,0.011776,0.008487,0.02616,1,1,1,2397.6
round_robin,1,12,1,16.004,25.777,0.9995,0.9995,58,0,0,58,21,21,20,0.012246,0.008486,0.027281,1,1,1,2397.6
round_robin,1,13,11,15.251,24.332,0.9996,0.9996,63,0,0,63,25,24,24,0.011568,0.008434,0.02575,1,1,1,2397.6
round_robin,1,14,1,15.321,24.541,0.9996,0.9996,57,0,0,57,25,25,24,0.011544,0.008435,0.025985,1,1,1,2397.6
round_robin,1,15,11,15.416,24.566,0.9997,0.9997,57,0,0,57,29,28,28,0.01179,0.008474,0.025985,1,1,1,2397.6
round_robin,1,16,1,15.562,24.958,0.9997,0.9997,59,0,0,59,29,29,28,0.01179,0.008474,0.026421,1,1,1,2397.6
round_robin,1,17,11,15.612,24.742,0.9998,0.9998,60,0,0,60,33,32,32,0.012303,0.00841,0.026124,1,1,1,2397.6
round_robin,1,18,1,15.334,24.605,0.9998,0.9998,59,0,0,59,33,33,32,0.011559,0.008388,0.026055,1,1,1,2397.6
round_robin,1,19,11,15.432,24.798,0.9998,0.9998,60,0,0,60,37,36,36,0.011598,0.008433,0.026265,1,1,1,2397.6
round_robin,1,20,1,15.412,24.767,0.9998,0.9998,62,0,0,62,37,37,36,0.011569,0.008435,0.026233,1,1,1,2397.6
round_robin,1,21,11,15.395,24.761,0.9999,0.9999,62,0,0,62,41,40,40,0.011518,0.008435,0.026233,1,1,1,2397.6
round_robin,1,22,0,15.138,24.181,0.9999,0.9999,60,0,0,60,41,40,40,0.011518,0.008309,0.025588,1,1,1,2397.6
round_robin,1,23,1,15.418,24.878,0.9999,0.9999,61,0,0,61,41,41,40,0.011488,0.0084,0.026366,1,1,1,2397.6
round_robin,1,24,11,15.48,24.663,0.9999,0.9999,63,0,0,63,45,44,44,0.011837,0.008514,0.026088,1,1,1,2397.6
round_robin,1,25,1,15.284,24.44,0.9999,0.9999,64,0,0,64,45,45,44,0.011586,0.008399,0.025868,1,1,1,2397.6
round_robin,1,26,11,15.582,24.804,0.9999,0.9999,63,0,0,63,49,48,48,0.011745,0.008746,0.026255,1,1,1,2397.6
round_robin,1,27,1,15.508,24.782,0.9999,0.9999,63,0,0,63,49,49,48,0.011524,0.008746,0.026255,1,1,1,2397.6
round_robin,1,28,11,15.392,24.729,0.9999,0.9999,64,0,0,64,53,52,52,0.011524,0.008455,0.026196,1,1,1,2397.6
round_robin,1,29,1,15.306,24.496,0.9999,0.9999,66,0,0,66,53,53,52,0.011575,0.008411,0.025932,1,1,1,2397.6
round_robin,1,30,11,15.448,24.622,0.9999,0.9999,65,0,0,65,57,56,56,0.011641,0.00864,0.026064,1,1,1,2397.6
round_robin,1,31,1,15.221,24.532,0.9999,0.9999,66,0,0,66,57,57,56,0.011359,0.008308,0.025996,1,1,1,2397.6
round_robin,1,32,11,15.564,24.734,0.9999,0.9999,68,0,0,68,61,60,60,0.011551,0.008943,0.026199,1,1,1,2397.6
round_robin,1,33,1,15.564,24.734,0.9999,0.9999,68,0,0,68,61,61,60,0.011551,0.008943,0.026199,1,1,1,2397.6
round_robin,1,34,11,15.378,24.682,0.9999,0.9999,69,0,0,69,65,64,64,0.011552,0.008442,0.026141,1,1,1,2397.6
round_robin,1,35,1,15.703,24.855,0.9999,0.9999,67,0,0,67,65,65,64,0.012425,0.008448,0.026236,1,1,1,2397.6
round_robin,1,36,11,15.349,24.686,1.0,1.0,69,0,0,69,69,68,68,0.0115,0.008395,0.026151,1,1,1,2397.6
round_robin,1,37,1,15.428,24.541,1.0,1.0,70,0,0,70,69,69,68,0.011634,0.008674,0.025975,1,1,1,2397.6
round_robin,1,38,11,15.643,25.371,1.0,1.0,69,0,0,69,73,72,72,0.011589,0.008437,0.026902,1,1,1,2397.6
round_robin,1,39,1,15.643,25.371,1.0,1.0,69,0,0,69,73,73,72,0.011589,0.008437,0.026902,1,1,1,2397.6
round_robin,1,40,11,15.373,24.68,1.0,1.0,70,0,0,70,77,76,76,0.011569,0.008412,0.026137,1,1,1,2397.6
round_robin,1,41,1,15.552,24.922,1.0,1.0,72,0,0,72,77,77,76,0.011496,0.008747,0.026414,1,1,1,2397.6
round_robin,1,42,11,15.444,24.867,1.0,1.0,69,0,0,69,81,80,80,0.011548,0.008436,0.026347,1,1,1,2397.6
round_robin,1,43,1,15.589,25.203,1.0,1.0,71,0,0,71,81,81,80,0.01156,0.008487,0.026719,1,1,1,2397.6
round_robin,1,44,11,15.354,24.632,1.0,1.0,73,0,0,73,85,84,84,0.011541,0.008434,0.026087,1,1,1,2397.6
round_robin,1,45,1,15.354,24.632,1.0,1.0,73,0,0,73,85,85,84,0.011541,0.008434,0.026087,1,1,1,2397.6
round_robin,1,46,7,15.388,24.695,1.0,1.0,74,0,0,74,87,87,87,0.011584,0.008428,0.026152,1,1,1,2397.6
round_robin,1,47,4,15.865,25.215,1.0,1.0,73,0,0,73,89,88,88,0.012072,0.008848,0.026675,1,1,1,2397.6
round_robin,1,48,1,15.379,24.63,1.0,1.0,74,0,0,74,89,89,88,0.011728,0.008344,0.026064,1,1,1,2397.6
round_robin,1,49,11,15.389,24.746,1.0,1.0,76,0,0,76,93,92,92,0.011568,0.008388,0.02621,1,1,1,2397.6
round_robin,1,50,1,15.404,24.746,1.0,1.0,76,0,0,76,93,93,92,0.011573,0.008428,0.02621,1,1,1,2397.6
round_robin,1,51,11,15.403,24.745,1.0,1.0,74,0,0,74,97,96,96,0.011573,0.008428,0.026209,1,1,1,2397.6
round_robin,1,52,1,15.331,24.667,1.0,1.0,76,0,0,76,97,97,96,0.011411,0.008442,0.02614,1,1,1,2397.6
round_robin,1,53,11,15.394,24.772,1.0,1.0,78,0,0,78,101,100,100,0.011487,0.008447,0.026248,1,1,1,2397.6
round_robin,1,54,1,15.478,24.972,1.0,1.0,79,0,0,79,101,101,100,0.011563,0.008408,0.026462,1,1,1,2397.6
round_robin,1,55,11,15.387,24.447,1.0,1.0,77,0,0,77,105,104,104,0.011644,0.008648,0.02587,1,1,1,2397.6
round_robin,1,56,1,15.513,24.512,1.0,1.0,77,0,0,77,105,105,104,0.012286,0.008382,0.02587,1,1,1,2397.6
round_robin,1,57,11,15.935,25.653,1.0,1.0,78,0,0,78,109,108,108,0.012286,0.008382,0.027138,1,1,1,2397.6
round_robin,1,58,1,15.515,24.752,1.0,1.0,80,0,0,80,109,109,108,0.011905,0.008462,0.026179,1,1,1,2397.6
round_robin,1,59,11,15.482,24.942,1.0,1.0,78,0,0,78,113,112,112,0.011563,0.008454,0.026429,1,1,1,2397.6
round_robin,1,60,1,15.51,24.625,1.0,1.0,80,0,0,80,113,113,112,0.011817,0.008665,0.026048,1,0,1,2397.6
round_robin,1,61,1,10.967,12.49,1.0,1.0,80,0,0,80,113,113,113,0.011907,0.008438,0.012555,1,0,1,2397.6
round_robin,1,62,1,10.896,12.45,1.0,1.0,80,0,0,80,114,113,113,0.011508,0.008625,0.012555,1,0,1,2397.6
round_robin,1,63,1,10.869,12.377,1.0,1.0,76,0,0,76,114,114,113,0.011508,0.008625,0.012473,1,0,1,2397.6
round_robin,1,64,1,11.013,12.7,1.0,1.0,76,0,0,76,114,114,114,0.011787,0.008451,0.012801,1,0,1,2397.6
round_robin,1,65,1,10.849,12.449,1.0,1.0,76,0,0,76,115,114,114,0.011553,0.008445,0.012549,1,0,1,2397.6
round_robin,1,66,1,11.13,13.194,1.0,1.0,76,0,0,76,115,115,114,0.011559,0.008456,0.013376,1,0,1,2397.6
round_robin,1,67,1,10.851,12.353,1.0,1.0,71,0,0,71,115,115,115,0.011716,0.008412,0.012424,1,0,1,2397.6
round_robin,1,68,1,11.022,12.592,1.0,1.0,71,0,0,71,116,115,115,0.012026,0.008386,0.012655,1,0,1,2397.6
round_robin,1,69,1,11.022,12.592,1.0,1.0,71,0,0,71,116,116,115,0.012026,0.008386,0.012655,1,0,1,2397.6
round_robin,1,70,1,11.102,12.444,1.0,1.0,71,0,0,71,116,116,116,0.011539,0.009222,0.012544,1,0,1,2397.6
round_robin,1,71,1,10.814,12.368,1.0,1.0,66,0,0,66,117,116,116,0.011549,0.008434,0.012459,1,0,1,2397.6
round_robin,1,72,1,10.801,12.381,1.0,1.0,66,0,0,66,117,117,116,0.011476,0.008446,0.012482,1,0,1,2397.6
round_robin,1,73,1,11.067,12.522,1.0,1.0,66,0,0,66,117,117,117,0.012209,0.008435,0.012557,1,0,1,2397.6
round_robin,1,74,1,10.954,12.666,1.0,1.0,66,0,0,66,118,117,117,0.011685,0.008401,0.012775,1,0,1,2397.6
round_robin,1,75,1,10.971,12.671,1.0,1.0,66,0,0,66,118,118,117,0.011738,0.008401,0.012775,1,0,1,2397.6
round_robin,1,76,1,10.929,12.544,1.0,1.0,60,0,0,60,118,118,118,0.011738,0.008415,0.012633,1,0,1,2397.6
round_robin,1,77,1,11.188,12.938,1.0,1.0,60,0,0,60,119,118,118,0.011652,0.00883,0.013081,1,0,1,2397.6
round_robin,1,78,1,10.925,12.469,1.0,1.0,60,0,0,60,119,119,118,0.011784,0.008446,0.012545,1,0,1,2397.6
round_robin,1,79,0,10.831,12.473,1.0,1.0,55,0,0,55,119,119,118,0.011582,0.00834,0.012572,1,0,1,2397.6
round_robin,1,80,1,10.984,12.472,1.0,1.0,55,0,0,55,119,119,119,0.011564,0.008815,0.012573,1,0,1,2397.6
round_robin,1,81,1,10.852,12.473,1.0,1.0,55,0,0,55,120,119,119,0.011575,0.008407,0.012573,1,0,1,2397.6
round_robin,1,82,1,10.86,12.497,1.0,1.0,55,0,0,55,120,120,119,0.011575,0.008407,0.012599,1,0,1,2397.6
round_robin,1,83,1,10.715,12.2,1.0,1.0,55,0,0,55,120,120,120,0.0115,0.008367,0.012278,1,0,1,2397.6
round_robin,1,84,1,10.85,12.434,1.0,1.0,49,0,0,49,121,120,120,0.011552,0.008467,0.012532,1,0,1,2397.6
round_robin,1,85,1,10.883,12.48,1.0,1.0,49,0,0,49,121,121,120,0.011558,0.00851,0.012582,1,0,1,2397.6
round_robin,1,86,1,10.969,12.538,1.0,1.0,49,0,0,49,121,121,121,0.011865,0.00843,0.012613,1,0,1,2397.6
round_robin,1,87,1,10.877,12.517,1.0,1.0,44,0,0,44,122,121,121,0.011558,0.00845,0.012624,1,0,1,2397.6
round_robin,1,88,1,10.877,12.517,1.0,1.0,44,0,0,44,122,122,121,0.011558,0.00845,0.012624,1,0,1,2397.6
round_robin,1,89,1,10.855,12.503,1.0,1.0,44,0,0,44,122,122,122,0.01153,0.008425,0.012611,1,0,1,2397.6
round_robin,1,90,1,10.863,12.431,1.0,1.0,44,0,0,44,123,122,122,0.011597,0.008467,0.012524,1,1,1,2397.6
round_robin,1,91,11,14.006,17.327,1.0,1.0,39,0,2,39,126,126,126,0.011568,0.017852,0.012598,1,1,1,2397.6
round_robin,1,92,1,14.001,17.292,1.0,1.0,39,0,3,39,127,126,126,0.011589,0.017813,0.012602,1,1,1,2397.6
round_robin,1,93,11,13.933,17.185,1.0,1.0,39,0,5,39,130,130,130,0.011531,0.017698,0.01257,1,1,1,2397.6
round_robin,1,94,1,13.933,17.185,1.0,1.0,39,0,5,39,131,130,130,0.011531,0.017698,0.01257,1,1,1,2397.6
round_robin,1,95,11,14.034,17.429,1.0,1.0,39,0,6,39,134,134,134,0.011535,0.017966,0.0126,1,1,1,2397.6
round_robin,1,96,1,14.242,17.375,1.0,1.0,33,0,8,33,135,134,134,0.011512,0.017817,0.013396,1,1,1,2397.6
round_robin,1,97,11,14.018,16.946,1.0,1.0,33,0,9,33,138,138,138,0.012063,0.017434,0.012556,1,1,1,2397.6
round_robin,1,98,1,13.946,17.242,1.0,1.0,33,0,11,33,139,138,138,0.011533,0.017764,0.012541,1,1,1,2397.6
round_robin,1,99,11,13.927,17.169,1.0,1.0,28,0,13,28,142,142,142,0.011513,0.017678,0.012591,1,1,1,2397.6
round_robin,1,100,1,13.928,17.169,1.0,1.0,28,0,13,28,143,142,142,0.011516,0.017678,0.012591,1,1,1,2397.6
round_robin,1,101,11,13.924,17.181,1.0,1.0,28,0,14,28,146,146,146,0.011516,0.017695,0.01256,1,1,1,2397.6
round_robin,1,102,1,14.238,17.603,1.0,1.0,28,0,16,28,147,146,146,0.011953,0.018159,0.012602,1,1,1,2397.6
round_robin,1,103,11,13.988,17.38,1.0,1.0,28,0,17,28,150,150,150,0.011508,0.017918,0.012538,1,1,1,2397.6
round_robin,1,104,1,13.942,17.229,1.0,1.0,22,0,19,22,151,150,150,0.011481,0.017743,0.012602,1,1,1,2397.6
round_robin,1,105,11,13.859,17.093,1.0,1.0,22,0,20,22,154,154,154,0.011519,0.017609,0.012449,1,1,1,2397.6
round_robin,1,106,1,13.888,17.093,1.0,1.0,22,0,20,22,155,154,154,0.011607,0.017609,0.012449,1,1,1,2397.6
round_robin,1,107,1,14.134,17.392,1.0,1.0,22,0,22,22,155,155,154,0.011607,0.017891,0.012903,1,1,1,2397.6
round_robin,1,108,10,13.919,17.184,1.0,1.0,24,0,24,17,158,158,158,0.01152,0.0177,0.012538,1,1,1,2397.6
round_robin,1,109,1,13.947,17.255,1.0,1.0,25,0,25,17,159,158,158,0.011536,0.01778,0.012526,1,1,1,2397.6
round_robin,1,110,11,13.971,17.318,1.0,1.0,27,0,27,17,162,162,162,0.011503,0.017846,0.012563,1,1,1,2397.6
round_robin,1,111,1,13.838,16.971,1.0,1.0,28,0,28,17,163,162,162,0.011496,0.017462,0.012557,1,1,1,2397.6
round_robin,1,112,11,13.836,16.971,1.0,1.0,28,0,28,17,166,166,166,0.01149,0.017462,0.012557,1,1,1,2397.6
round_robin,1,113,1,13.983,17.342,1.0,1.0,30,0,30,12,167,166,166,0.01149,0.01787,0.012588,1,1,1,2397.6
round_robin,1,114,11,13.998,17.26,1.0,1.0,31,0,31,12,170,170,170,0.011748,0.017794,0.012452,1,1,1,2397.6
round_robin,1,115,1,13.83,17.015,1.0,1.0,33,0,33,12,171,170,170,0.01143,0.017511,0.01255,1,1,1,2397.6
round_robin,1,116,11,14.637,17.511,1.0,1.0,35,0,35,6,174,174,174,0.012415,0.017952,0.013543,1,1,1,2397.6
round_robin,1,117,1,13.943,17.236,1.0,1.0,36,0,36,6,175,174,174,0.011555,0.01776,0.012515,1,1,1,2397.6
round_robin,1,118,11,13.918,17.236,1.0,1.0,36,0,36,6,178,178,178,0.01148,0.01776,0.012515,1,1,1,2397.6
round_robin,1,119,1,13.933,17.214,1.0,1.0,38,0,38,6,179,178,178,0.01148,0.017728,0.012592,1,1,1,2397.6
round_robin,1,120,11,13.988,17.33,1.0,1.0,39,0,39,1,182,182,182,0.011581,0.017864,0.01252,0,1,1,2397.6
round_robin,1,121,1,10.852,12.509,1.0,1.0,40,0,40,1,183,182,182,0.011504,0.008431,0.012621,0,1,1,2397.6
round_robin,1,122,1,10.8,12.452,1.0,1.0,40,0,40,1,183,183,182,0.011577,0.008274,0.012549,0,1,1,2397.6
round_robin,1,123,1,11.093,12.502,1.0,1.0,40,0,40,1,183,183,183,0.01235,0.00841,0.012519,0,1,1,2397.6
round_robin,1,124,1,10.914,12.444,1.0,1.0,40,0,40,1,184,183,183,0.011771,0.008453,0.012519,0,1,1,2397.6
round_robin,1,125,1,10.922,12.464,1.0,1.0,40,0,40,0,184,184,183,0.011771,0.008453,0.012541,0,1,1,2397.6
round_robin,1,126,1,10.845,12.424,1.0,1.0,40,0,40,0,184,184,184,0.011565,0.00845,0.012519,0,1,1,2397.6
round_robin,1,127,1,10.914,12.466,1.0,1.0,40,0,40,0,185,184,184,0.011823,0.00838,0.012538,0,1,1,2397.6
round_robin,1,128,1,10.937,12.452,1.0,1.0,40,0,40,0,185,185,184,0.011984,0.008322,0.012504,0,1,1,2397.6
round_robin,1,129,1,11.185,12.544,1.0,1.0,40,0,40,0,185,185,185,0.011563,0.009339,0.012653,0,1,1,2397.6
round_robin,1,130,1,10.823,12.412,1.0,1.0,40,0,40,0,186,185,185,0.011578,0.008386,0.012505,0,1,1,2397.6
round_robin,1,131,1,10.823,12.412,1.0,1.0,40,0,40,0,186,186,185,0.011578,0.008386,0.012505,0,1,1,2397.6
round_robin,1,132,1,10.797,12.433,1.0,1.0,40,0,40,0,186,186,186,0.011471,0.008381,0.01254,0,1,1,2397.6
round_robin,1,133,1,10.811,12.469,1.0,1.0,40,0,40,0,187,186,186,0.011474,0.008381,0.012579,0,1,1,2397.6
round_robin,1,134,1,10.95,12.433,1.0,1.0,40,0,40,0,187,187,186,0.011858,0.008495,0.012497,0,1,1,2397.6
round_robin,1,135,1,10.852,12.425,1.0,1.0,40,0,40,0,187,187,187,0.011546,0.008487,0.012523,0,1,1,2397.6
round_robin,1,136,1,10.827,12.446,1.0,1.0,40,0,40,0,188,187,187,0.011524,0.008408,0.012549,0,1,1,2397.6
round_robin,1,137,1,10.831,12.448,1.0,1.0,40,0,40,0,188,188,187,0.011537,0.008408,0.012549,0,1,1,2397.6
round_robin,1,138,1,10.839,12.407,1.0,1.0,40,0,40,0,188,188,188,0.011537,0.008475,0.012504,0,1,1,2397.6
round_robin,1,139,0,10.835,12.482,1.0,1.0,40,0,40,0,188,188,188,0.011459,0.008451,0.012596,0,1,1,2397.6
round_robin,1,140,1,10.802,12.378,1.0,1.0,40,0,40,0,189,188,188,0.011485,0.008445,0.012477,0,1,1,2397.6
round_robin,1,141,1,10.843,12.495,1.0,1.0,40,0,40,0,189,189,188,0.011479,0.008441,0.012608,0,1,1,2397.6
round_robin,1,142,1,10.884,12.524,1.0,1.0,40,0,40,0,189,189,189,0.01157,0.008452,0.01263,0,1,1,2397.6
round_robin,1,143,1,10.874,12.524,1.0,1.0,40,0,40,0,190,189,189,0.011574,0.008417,0.01263,0,1,1,2397.6
round_robin,1,144,1,10.853,12.468,1.0,1.0,40,0,40,0,190,190,189,0.011574,0.008417,0.012567,0,1,1,2397.6
round_robin,1,145,1,10.863,12.443,1.0,1.0,40,0,40,0,190,190,190,0.01159,0.00846,0.012538,0,1,1,2397.6
round_robin,1,146,1,10.773,12.476,1.0,1.0,40,0,40,0,191,190,190,0.011428,0.008298,0.012593,0,1,1,2397.6
round_robin,1,147,1,10.794,12.424,1.0,1.0,40,0,40,0,191,191,190,0.01151,0.008346,0.012526,0,1,1,2397.6
round_robin,1,148,1,10.818,12.519,1.0,1.0,40,0,40,0,191,191,191,0.011463,0.008356,0.012636,0,1,1,2397.6
round_robin,1,149,1,10.914,12.658,1.0,1.0,40,0,40,0,192,191,191,0.011503,0.008453,0.012786,0,1,1,2397.6
round_robin,1,150,1,10.924,12.661,1.0,1.0,40,0,40,0,192,192,191,0.011532,0.008453,0.012786,1,1,1,2397.6
round_robin,1,151,1,10.846,12.463,1.0,1.0,40,0,40,0,192,192,192,0.011532,0.008438,0.012567,1,1,1,2397.6
round_robin,1,152,11,16.334,26.462,1.0,1.0,40,1,40,0,196,196,195,0.028003,0.008402,0.012597,1,1,1,2397.6
round_robin,1,153,1,14.908,22.689,1.0,1.0,37,3,37,0,196,196,196,0.023814,0.008345,0.012565,1,1,1,2397.6
round_robin,1,154,11,15.219,22.782,1.0,1.0,37,5,37,0,200,200,199,0.023915,0.009158,0.012583,1,1,1,2397.6
round_robin,1,155,1,14.842,22.539,1.0,1.0,37,6,37,0,200,200,200,0.023653,0.008359,0.012513,1,1,1,2397.6
round_robin,1,156,11,14.842,22.539,1.0,1.0,37,6,37,0,204,204,203,0.023653,0.008359,0.012513,1,1,1,2397.6
round_robin,1,157,1,15.153,22.536,1.0,1.0,32,8,32,0,204,204,204,0.023626,0.009106,0.012726,1,1,1,2397.6
round_robin,1,158,11,15.038,22.99,1.0,1.0,32,9,32,0,208,208,207,0.024149,0.00841,0.012556,1,1,1,2397.6
round_robin,1,159,1,15.026,22.906,1.0,1.0,32,11,32,0,208,208,208,0.024056,0.008463,0.012559,1,1,1,2397.6
round_robin,1,160,11,14.98,22.787,1.0,1.0,32,13,32,0,212,212,211,0.023923,0.00845,0.012567,1,1,1,2397.6
round_robin,1,161,1,15.04,23.008,1.0,1.0,26,14,26,0,212,212,212,0.024176,0.008452,0.012493,1,1,1,2397.6
round_robin,1,162,11,15.04,23.008,1.0,1.0,26,14,26,0,216,216,215,0.024176,0.008452,0.012493,1,1,1,2397.6
round_robin,1,163,1,15.208,22.796,1.0,1.0,26,16,26,0,216,216,216,0.023944,0.009213,0.012467,1,1,1,2397.6
round_robin,1,164,11,14.97,22.877,1.0,1.0,26,17,26,0,220,220,219,0.024031,0.008389,0.012489,1,1,1,2397.6
round_robin,1,165,1,14.983,22.901,1.0,1.0,21,19,21,0,220,220,220,0.024053,0.008366,0.012529,1,1,1,2397.6
round_robin,1,166,11,15.219,22.87,1.0,1.0,21,20,21,0,224,224,223,0.023934,0.00843,0.013293,1,1,1,2397.6
round_robin,1,167,1,14.996,22.846,1.0,1.0,22,22,21,0,224,224,224,0.023989,0.008439,0.012559,1,1,1,2397.6
round_robin,1,168,1,14.996,22.846,1.0,1.0,22,22,21,0,225,224,224,0.023989,0.008439,0.012559,1,1,1,2397.6
round_robin,1,169,10,15.073,23.023,1.0,1.0,24,24,21,0,228,228,227,0.024177,0.008408,0.012633,1,1,1,2397.6
round_robin,1,170,1,15.021,22.922,1.0,1.0,25,25,16,0,228,228,228,0.024076,0.008455,0.012533,1,1,1,2397.6
round_robin,1,171,11,14.877,22.599,1.0,1.0,27,27,16,0,232,232,231,0.023722,0.008421,0.012488,1,1,1,2397.6
round_robin,1,172,1,14.87,22.511,1.0,1.0,28,28,16,0,232,232,232,0.023617,0.008435,0.012557,1,1,1,2397.6
round_robin,1,173,11,15.01,22.796,1.0,1.0,30,30,10,0,236,236,235,0.023934,0.00854,0.012557,1,1,1,2397.6
round_robin,1,174,1,14.995,22.792,1.0,1.0,30,30,10,0,236,236,236,0.023934,0.00854,0.012512,1,1,1,2397.6
round_robin,1,175,11,14.973,22.825,1.0,1.0,31,31,10,0,240,240,239,0.023972,0.008441,0.012506,1,1,1,2397.6
round_robin,1,176,1,14.988,22.787,1.0,1.0,33,33,10,0,240,240,240,0.02393,0.008529,0.012505,1,1,1,2397.6
round_robin,1,177,11,15.014,22.834,1.0,1.0,35,35,5,0,244,244,243,0.023973,0.008489,0.012581,1,1,1,2397.6
round_robin,1,178,1,15.008,22.895,1.0,1.0,36,36,5,0,244,244,244,0.02404,0.008395,0.012588,1,1,1,2397.6
round_robin,1,179,11,14.963,22.779,1.0,1.0,38,38,5,0,248,248,247,0.023911,0.008391,0.012588,1,1,1,2397.6
round_robin,2,0,0,15.393,24.759,1.0,1.0,0,0,0,0,0,0,0,0.011528,0.008421,0.026229,1,1,1,1991.3
round_robin,2,1,1,15.628,25.405,0.3333,0.3333,41,41,0,3,1,0,0,0.011507,0.008429,0.026949,1,1,1,1991.3
round_robin,2,2,1,15.355,24.685,0.6667,0.6667,41,41,0,4,1,1,0,0.011515,0.008401,0.026148,1,1,1,1991.3
round_robin,2,3,11,15.371,24.69,0.9883,0.9883,41,41,0,4,5,4,4,0.011565,0.008401,0.026148,1,1,1,1991.3
round_robin,2,4,1,15.325,24.513,0.9899,0.9899,41,41,0,6,5,5,4,0.011565,0.008457,0.025952,1,1,1,1991.3
round_robin,2,5,11,15.374,24.653,0.9968,0.9968,41,41,0,8,9,8,8,0.011548,0.008464,0.026109,1,1,1,1991.3
round_robin,2,6,1,15.36,24.696,0.9971,0.9971,41,41,0,9,9,9,8,0.011517,0.008403,0.02616,1,1,1,1991.3
round_robin,2,7,11,15.085,23.914,0.9985,0.9985,41,41,0,11,13,12,12,0.011693,0.008291,0.025272,1,1,1,1991.3
round_robin,2,8,1,15.226,24.287,0.9986,0.9986,41,41,0,12,13,13,12,0.011557,0.008418,0.025702,1,1,1,1991.3
round_robin,2,9,11,15.232,24.289,0.9992,0.9992,41,41,0,12,17,16,16,0.011576,0.008418,0.025702,1,1,1,1991.3
round_robin,2,10,1,15.366,24.676,0.9992,0.9992,41,41,0,14,17,17,16,0.011576,0.008389,0.026132,1,1,1,1991.3
round_robin,2,11,11,15.498,25.067,0.9995,0.9995,41,41,0,15,21,20,20,0.011498,0.008421,0.026575,1,1,1,1991.3
round_robin,2,12,1,15.264,24.211,0.9995,0.9995,41,41,0,17,21,21,20,0.011792,0.00841,0.025591,1,1,1,1991.3
round_robin,2,13,11,15.316,24.616,0.9996,0.9996,41,41,0,19,25,24,24,0.011493,0.008381,0.026074,1,1,1,1991.3
round_robin,2,14,1,15.404,24.738,0.9996,0.9996,41,41,0,20,25,25,24,0.011509,0.008495,0.026208,1,1,1,1991.3
round_robin,2,15,11,15.407,24.739,0.9997,0.9997,41,41,0,20,29,28,28,0.011517,0.008495,0.026208,1,1,1,1991.3
round_robin,2,16,1,15.237,24.355,0.9997,0.9997,41,41,0,22,29,29,28,0.011517,0.008413,0.025782,1,1,1,1991.3
round_robin,2,17,11,15.339,24.59,0.9998,0.9998,41,41,0,23,33,32,32,0.011527,0.008448,0.026042,1,1,1,1991.3
round_robin,2,18,1,15.297,24.391,0.9998,0.9998,41,41,0,25,33,33,32,0.011691,0.008397,0.025802,1,1,1,1991.3
round_robin,2,19,11,15.361,24.659,0.9998,0.9998,41,41,0,26,37,36,36,0.011535,0.008431,0.026117,1,1,1,1991.3
round_robin,2,20,1,15.378,24.704,0.9998,0.9998,41,41,0,28,37,37,36,0.011533,0.008433,0.026167,1,1,1,1991.3
round_robin,2,21,11,15.392,24.708,0.9999,0.9999,41,41,0,28,41,40,40,0.011575,0.008433,0.026167,1,1,1,1991.3
round_robin,2,22,1,15.47,24.993,0.9999,0.9999,41,41,0,30,41,41,40,0.011575,0.008351,0.026484,1,1,1,1991.3
round_robin,2,23,11,15.328,24.624,0.9999,0.9999,41,41,0,31,45,44,44,0.011439,0.008456,0.026089,1,1,1,1991.3
round_robin,2,24,1,15.5,24.239,0.9999,0.9999,41,41,0,33,45,45,44,0.011559,0.009292,0.025648,1,1,1,1991.3
round_robin,2,25,0,15.329,24.514,0.9999,0.9999,41,41,0,34,45,45,44,0.011694,0.008355,0.025938,1,1,1,1991.3
round_robin,2,26,11,15.349,24.645,0.9999,0.9999,41,41,0,36,49,48,48,0.011551,0.008397,0.0261,1,1,1,1991.3
round_robin,2,27,1,15.349,24.645,0.9999,0.9999,41,41,0,36,49,49,48,0.011551,0.008397,0.0261,1,1,1,1991.3
round_robin,2,28,11,15.427,24.491,0.9999,0.9999,41,41,0,37,53,52,52,0.011918,0.008476,0.025888,1,1,1,1991.3
round_robin,2,29,1,15.303,24.632,0.9999,0.9999,39,38,0,39,53,53,52,0.011449,0.008364,0.026097,1,1,1,1991.3
round_robin,2,30,11,15.484,24.966,0.9999,0.9999,41,38,0,41,57,56,56,0.011518,0.008473,0.02646,1,1,1,1991.3
round_robin,2,31,1,15.684,24.734,0.9999,0.9999,42,38,0,42,57,57,56,0.01184,0.009045,0.026167,1,1,1,1991.3
round_robin,2,32,11,15.352,24.625,0.9999,0.9999,44,32,0,44,61,60,60,0.011575,0.008405,0.026075,1,1,1,1991.3
round_robin,2,33,1,15.352,24.625,0.9999,0.9999,44,32,0,44,61,61,60,0.011575,0.008405,0.026075,1,1,1,1991.3
round_robin,2,34,11,15.36,24.632,0.9999,0.9999,45,32,0,45,65,64,64,0.011556,0.00844,0.026085,1,1,1,1991.3
round_robin,2,35,1,15.702,24.794,0.9999,0.9999,47,32,0,47,65,65,64,0.01249,0.008455,0.026161,1,1,1,1991.3
round_robin,2,36,11,15.299,24.464,1.0,1.0,49,32,0,49,69,68,68,0.011604,0.0084,0.025893,1,1,1,1991.3
round_robin,2,37,1,15.309,24.577,1.0,1.0,50,27,0,50,69,69,68,0.011557,0.008347,0.026024,1,1,1,1991.3
round_robin,2,38,11,15.376,24.713,1.0,1.0,52,27,0,52,73,72,72,0.011542,0.008411,0.026176,1,1,1,1991.3
round_robin,2,39,1,15.376,24.713,1.0,1.0,52,27,0,52,73,73,72,0.011542,0.008411,0.026176,1,1,1,1991.3
round_robin,2,40,11,15.373,24.646,1.0,1.0,53,27,0,53,77,76,76,0.011594,0.00843,0.026096,1,1,1,1991.3
round_robin,2,41,1,15.781,25.489,1.0,1.0,55,22,0,55,77,77,76,0.011688,0.008633,0.027022,1,1,1,1991.3
round_robin,2,42,11,15.401,24.761,1.0,1.0,56,22,0,56,81,80,80,0.011548,0.008425,0.026229,1,1,1,1991.3
round_robin,2,43,1,15.425,24.63,1.0,1.0,58,22,0,58,81,81,80,0.011504,0.008683,0.026088,1,1,1,1991.3
round_robin,2,44,11,15.326,24.588,1.0,1.0,60,22,0,60,85,84,84,0.011543,0.008396,0.026038,1,1,1,1991.3
round_robin,2,45,1,15.326,24.588,1.0,1.0,60,22,0,60,85,85,84,0.011543,0.008396,0.026038,1,1,1,1991.3
round_robin,2,46,11,15.316,24.532,1.0,1.0,61,16,0,61,89,88,88,0.011548,0.008426,0.025975,1,1,1,1991.3
round_robin,2,47,1,15.38,24.712,1.0,1.0,63,16,0,63,89,89,88,0.011534,0.008429,0.026176,1,1,1,1991.3
round_robin,2,48,0,15.311,24.53,1.0,1.0,64,16,0,64,89,89,88,0.011478,0.008474,0.02598,1,1,1,1991.3
round_robin,2,49,11,15.207,24.321,1.0,1.0,66,11,0,66,93,92,92,0.011485,0.00839,0.025747,1,1,1,1991.3
round_robin,2,50,1,15.517,24.412,1.0,1.0,66,11,0,66,93,93,92,0.012397,0.008407,0.025747,1,1,1,1991.3
round_robin,2,51,11,15.466,24.274,1.0,1.0,67,11,0,67,97,96,96,0.012397,0.008407,0.025594,1,1,1,1991.3
round_robin,2,52,1,15.283,24.514,1.0,1.0,69,11,0,69,97,97,96,0.011461,0.008423,0.025964,1,1,1,1991.3
round_robin,2,53,11,15.444,24.651,1.0,1.0,71,5,0,71,101,100,100,0.011859,0.008401,0.026072,1,1,1,1991.3
round_robin,2,54,1,15.206,24.369,1.0,1.0,72,5,0,72,101,101,100,0.011464,0.008351,0.025803,1,1,1,1991.3
round_robin,2,55,11,15.282,24.486,1.0,1.0,74,5,0,74,105,104,104,0.011491,0.008425,0.02593,1,1,1,1991.3
round_robin,2,56,1,15.349,24.51,1.0,1.0,74,5,0,74,105,105,104,0.011734,0.008384,0.02593,1,1,1,1991.3
round_robin,2,57,11,15.395,24.635,1.0,1.0,75,5,0,75,109,108,108,0.011734,0.008384,0.026068,1,1,1,1991.3
round_robin,2,58,1,15.296,24.535,1.0,1.0,77,1,0,77,109,109,108,0.011529,0.00838,0.02598,1,1,1,1991.3
round_robin,2,59,11,15.248,24.321,1.0,1.0,78,1,0,78,113,112,112,0.011617,0.008394,0.025733,1,1,1,1991.3
round_robin,2,60,1,15.226,24.344,1.0,1.0,80,1,0,80,113,113,112,0.011474,0.008429,0.025774,1,0,1,1991.3
round_robin,2,61,1,10.789,12.479,1.0,1.0,78,0,0,78,113,113,113,0.011356,0.008406,0.012604,1,0,1,1991.3
round_robin,2,62,1,10.84,12.457,1.0,1.0,78,0,0,78,114,113,113,0.011531,0.00843,0.01256,1,0,1,1991.3
round_robin,2,63,1,10.84,12.457,1.0,1.0,78,0,0,78,114,114,113,0.011531,0.00843,0.01256,1,0,1,1991.3
round_robin,2,64,1,10.906,12.376,1.0,1.0,78,0,0,78,114,114,114,0.011853,0.008431,0.012434,1,0,1,1991.3
round_robin,2,65,1,10.916,12.601,1.0,1.0,78,0,0,78,115,114,114,0.011619,0.008419,0.01271,1,0,1,1991.3
round_robin,2,66,1,10.839,12.447,1.0,1.0,72,0,0,72,115,115,114,0.011541,0.008429,0.012548,1,0,1,1991.3
round_robin,2,67,1,10.899,12.695,1.0,1.0,72,0,0,72,115,115,115,0.011477,0.008389,0.01283,1,0,1,1991.3
round_robin,2,68,1,10.817,12.456,1.0,1.0,72,0,0,72,116,115,115,0.011542,0.008351,0.012558,1,0,1,1991.3
round_robin,2,69,1,10.817,12.456,1.0,1.0,72,0,0,72,116,116,115,0.011542,0.008351,0.012558,1,0,1,1991.3
round_robin,2,70,1,10.767,12.384,1.0,1.0,67,0,0,67,116,116,116,0.0114,0.008407,0.012493,1,0,1,1991.3
round_robin,2,71,1,10.827,12.443,1.0,1.0,67,0,0,67,117,116,116,0.01151,0.008423,0.012547,1,0,1,1991.3
round_robin,2,72,1,11.076,12.526,1.0,1.0,67,0,0,67,117,117,116,0.012259,0.008413,0.012556,1,0,1,1991.3
round_robin,2,73,1,10.878,12.642,1.0,1.0,62,0,0,62,117,117,117,0.011503,0.008364,0.012768,1,0,1,1991.3
round_robin,2,74,1,10.905,12.509,1.0,1.0,62,0,0,62,118,117,117,0.011698,0.008419,0.012599,1,0,1,1991.3
round_robin,2,75,1,10.936,12.518,1.0,1.0,62,0,0,62,118,118,117,0.011789,0.008419,0.012599,1,0,1,1991.3
round_robin,2,76,1,10.944,12.534,1.0,1.0,62,0,0,62,118,118,118,0.011789,0.008425,0.012617,1,0,1,1991.3
round_robin,2,77,1,10.785,12.441,1.0,1.0,62,0,0,62,119,118,118,0.011373,0.008421,0.01256,1,0,1,1991.3
round_robin,2,78,1,11.227,12.794,1.0,1.0,56,0,0,56,119,119,118,0.012432,0.008416,0.012834,1,0,1,1991.3
round_robin,2,79,1,10.813,12.453,1.0,1.0,56,0,0,56,119,119,119,0.011526,0.008357,0.012556,1,0,1,1991.3
round_robin,2,80,1,11.132,12.53,1.0,1.0,56,0,0,56,120,119,119,0.012418,0.008434,0.012543,1,0,1,1991.3
round_robin,2,81,0,10.851,12.446,1.0,1.0,56,0,0,56,120,119,119,0.011571,0.008439,0.012543,1,0,1,1991.3
round_robin,2,82,1,10.838,12.411,1.0,1.0,52,0,0,52,120,120,119,0.011571,0.008439,0.012504,1,0,1,1991.3
round_robin,2,83,1,10.755,12.372,1.0,1.0,52,0,0,52,120,120,120,0.011466,0.008326,0.012473,1,0,1,1991.3
round_robin,2,84,1,10.831,12.461,1.0,1.0,52,0,0,52,121,120,120,0.011493,0.008432,0.012569,1,0,1,1991.3
round_robin,2,85,1,10.852,12.46,1.0,1.0,52,0,0,52,121,121,120,0.011547,0.008447,0.012561,1,0,1,1991.3
round_robin,2,86,1,10.882,12.578,1.0,1.0,46,0,0,46,121,121,121,0.011486,0.00846,0.012699,1,0,1,1991.3
round_robin,2,87,1,10.86,12.514,1.0,1.0,46,0,0,46,122,121,121,0.011473,0.008478,0.01263,1,0,1,1991.3
round_robin,2,88,1,10.86,12.514,1.0,1.0,46,0,0,46,122,122,121,0.011473,0.008478,0.01263,1,0,1,1991.3
round_robin,2,89,1,10.862,12.481,1.0,1.0,46,0,0,46,122,122,122,0.011591,0.008416,0.01258,1,0,1,1991.3
round_robin,2,90,1,10.843,12.484,1.0,1.0,41,0,0,41,123,122,122,0.011497,0.008439,0.012594,1,1,1,1991.3
round_robin,2,91,11,14.522,17.341,1.0,1.0,41,0,2,41,126,126,126,0.012304,0.017769,0.013492,1,1,1,1991.3
round_robin,2,92,1,13.963,17.132,1.0,1.0,41,0,3,41,127,126,126,0.011717,0.017644,0.012529,1,1,1,1991.3
round_robin,2,93,11,13.963,17.261,1.0,1.0,41,0,5,41,130,130,130,0.011517,0.01778,0.012592,1,1,1,1991.3
round_robin,2,94,1,13.963,17.261,1.0,1.0,41,0,5,41,131,130,130,0.011517,0.01778,0.012592,1,1,1,1991.3
round_robin,2,95,11,13.845,16.979,1.0,1.0,36,0,6,36,134,134,134,0.011526,0.017473,0.012535,1,1,1,1991.3
round_robin,2,96,1,13.965,17.317,1.0,1.0,36,0,8,36,135,134,134,0.011521,0.01785,0.012524,1,1,1,1991.3
round_robin,2,97,11,13.953,17.173,1.0,1.0,36,0,9,36,138,138,138,0.011528,0.017675,0.012657,1,1,1,1991.3
round_robin,2,98,1,13.99,17.344,1.0,1.0,30,0,11,30,139,138,138,0.011517,0.017874,0.012578,1,1,1,1991.3
round_robin,2,99,11,13.942,17.196,1.0,1.0,30,0,13,30,142,142,142,0.011582,0.017715,0.012528,1,1,1,1991.3
round_robin,2,100,1,14.186,17.196,1.0,1.0,30,0,13,30,143,142,142,0.012316,0.017715,0.012528,1,1,1,1991.3
round_robin,2,101,11,14.352,17.117,1.0,1.0,30,0,14,30,146,146,146,0.012316,0.017554,0.013185,1,1,1,1991.3
round_robin,2,102,1,13.964,17.358,1.0,1.0,25,0,16,25,147,146,146,0.01153,0.017902,0.012459,1,1,1,1991.3
round_robin,2,103,11,13.957,17.278,1.0,1.0,25,0,17,25,150,150,150,0.011481,0.017799,0.012592,1,1,1,1991.3
round_robin,2,104,1,14.185,17.126,1.0,1.0,25,0,19,25,151,150,150,0.011582,0.017536,0.013437,1,1,1,1991.3
round_robin,2,105,11,14.053,17.006,1.0,1.0,25,0,23,25,154,154,154,0.011447,0.017418,0.013294,1,1,1,1991.3
round_robin,2,106,1,14.089,17.006,1.0,1.0,25,0,23,25,155,154,154,0.011554,0.017418,0.013294,1,1,1,1991.3
round_robin,2,107,11,14.187,17.267,1.0,1.0,22,0,22,19,158,158,158,0.011554,0.017708,0.013298,1,1,1,1991.3
round_robin,2,108,1,14.395,17.423,1.0,1.0,24,0,24,19,159,158,158,0.011586,0.017829,0.013769,1,1,1,1991.3
round_robin,2,109,7,13.949,17.23,1.0,1.0,25,0,25,19,161,161,160,0.011521,0.017747,0.01258,1,1,1,1991.3
round_robin,2,110,4,14.482,18.162,1.0,1.0,27,0,27,14,162,162,162,0.011653,0.018728,0.013064,1,1,1,1991.3
round_robin,2,111,1,13.961,17.27,1.0,1.0,28,0,28,14,163,162,162,0.01151,0.017791,0.012581,1,1,1,1991.3
round_robin,2,112,11,13.976,17.27,1.0,1.0,28,0,28,14,166,166,166,0.011555,0.017791,0.012581,1,1,1,1991.3
round_robin,2,113,1,13.932,17.164,1.0,1.0,30,0,30,14,167,166,166,0.011555,0.017675,0.012566,1,1,1,1991.3
round_robin,2,114,11,13.855,16.976,1.0,1.0,32,0,32,14,170,170,170,0.011546,0.017468,0.01255,1,1,1,1991.3
round_robin,2,115,1,13.839,17.012,1.0,1.0,33,0,33,8,171,170,170,0.011486,0.017511,0.01252,1,1,1,1991.3
round_robin,2,116,11,13.989,17.249,1.0,1.0,35,0,35,8,174,174,174,0.011584,0.017764,0.012619,1,1,1,1991.3
round_robin,2,117,1,14.07,17.582,1.0,1.0,36,0,36,8,175,174,174,0.011504,0.018139,0.012568,1,1,1,1991.3
round_robin,2,118,11,14.098,17.582,1.0,1.0,36,0,36,8,178,178,178,0.011587,0.018139,0.012568,1,1,1,1991.3
round_robin,2,119,1,13.963,17.288,1.0,1.0,38,0,38,3,179,178,178,0.011587,0.017822,0.012481,1,1,1,1991.3
round_robin,2,120,11,13.965,17.224,1.0,1.0,39,0,39,3,182,182,182,0.011541,0.017736,0.012617,0,1,1,1991.3
round_robin,2,121,1,11.08,12.508,1.0,1.0,40,0,40,3,183,182,182,0.01159,0.00904,0.01261,0,1,1,1991.3
round_robin,2,122,1,10.95,12.495,1.0,1.0,40,0,40,3,183,183,182,0.011564,0.008689,0.012598,0,1,1,1991.3
round_robin,2,123,1,10.982,12.491,1.0,1.0,40,0,40,0,183,183,183,0.011919,0.008471,0.012555,0,1,1,1991.3
round_robin,2,124,1,10.966,12.487,1.0,1.0,40,0,40,0,184,183,183,0.011872,0.008471,0.012555,0,1,1,1991.3
round_robin,2,125,1,10.952,12.491,1.0,1.0,40,0,40,0,184,184,183,0.011872,0.008424,0.01256,0,1,1,1991.3
round_robin,2,126,1,10.83,12.432,1.0,1.0,40,0,40,0,184,184,184,0.01152,0.008437,0.012533,0,1,1,1991.3
round_robin,2,127,1,11.113,12.476,1.0,1.0,40,0,40,0,185,184,184,0.011462,0.009289,0.012589,0,1,1,1991.3
round_robin,2,128,1,10.904,12.56,1.0,1.0,40,0,40,0,185,185,184,0.011671,0.008381,0.012659,0,1,1,1991.3
round_robin,2,129,1,10.794,12.394,1.0,1.0,40,0,40,0,185,185,185,0.011487,0.008401,0.012495,0,1,1,1991.3
round_robin,2,130,1,11.02,12.398,1.0,1.0,40,0,40,0,186,185,185,0.011523,0.009041,0.012495,0,1,1,1991.3
round_robin,2,131,1,11.039,12.451,1.0,1.0,40,0,40,0,186,186,185,0.011523,0.009041,0.012554,0,1,1,1991.3
round_robin,2,132,1,10.836,12.391,1.0,1.0,40,0,40,0,186,186,186,0.011597,0.008431,0.012479,0,1,1,1991.3
round_robin,2,133,1,10.959,12.528,1.0,1.0,40,0,40,0,187,186,186,0.011502,0.008734,0.012642,0,1,1,1991.3
round_robin,2,134,1,10.796,12.401,1.0,1.0,40,0,40,0,187,187,186,0.011497,0.00839,0.012502,0,1,1,1991.3
round_robin,2,135,1,10.813,12.433,1.0,1.0,40,0,40,0,187,187,187,0.011513,0.008392,0.012535,0,1,1,1991.3
round_robin,2,136,1,10.858,12.452,1.0,1.0,40,0,40,0,188,187,187,0.011562,0.00846,0.012551,0,1,1,1991.3
round_robin,2,137,1,10.858,12.452,1.0,1.0,40,0,40,0,188,188,187,0.011562,0.00846,0.012551,0,1,1,1991.3
round_robin,2,138,1,10.837,12.438,1.0,1.0,40,0,40,0,188,188,188,0.011487,0.008479,0.012544,0,1,1,1991.3
round_robin,2,139,1,10.88,12.4,1.0,1.0,40,0,40,0,189,188,188,0.011477,0.008659,0.012503,0,1,1,1991.3
round_robin,2,140,1,10.832,12.399,1.0,1.0,40,0,40,0,189,189,188,0.011547,0.008455,0.012494,0,1,1,1991.3
round_robin,2,141,1,10.807,12.439,1.0,1.0,40,0,40,0,189,189,189,0.011517,0.008363,0.012542,0,1,1,1991.3
round_robin,2,142,1,10.853,12.469,1.0,1.0,40,0,40,0,190,189,189,0.011525,0.00846,0.012574,0,1,1,1991.3
round_robin,2,143,1,10.865,12.473,1.0,1.0,40,0,40,0,190,190,189,0.011561,0.00846,0.012574,0,1,1,1991.3
round_robin,2,144,1,10.892,12.431,1.0,1.0,40,0,40,0,190,190,190,0.011561,0.008586,0.012528,0,1,1,1991.3
round_robin,2,145,0,10.873,12.5,1.0,1.0,40,0,40,0,190,190,190,0.011599,0.00842,0.0126,0,1,1,1991.3
round_robin,2,146,1,10.926,12.78,1.0,1.0,40,0,40,0,191,190,190,0.011463,0.008388,0.012926,0,1,1,1991.3
round_robin,2,147,1,10.816,12.462,1.0,1.0,40,0,40,0,191,191,190,0.011453,0.00842,0.012574,0,1,1,1991.3
round_robin,2,148,1,10.839,12.455,1.0,1.0,40,0,40,0,191,191,191,0.011536,0.008424,0.012557,0,1,1,1991.3
round_robin,2,149,1,11.111,12.535,1.0,1.0,40,0,40,0,192,191,191,0.012332,0.008443,0.012557,0,1,1,1991.3
round_robin,2,150,1,11.108,12.528,1.0,1.0,40,0,40,0,192,192,191,0.012332,0.008443,0.01255,1,1,1,1991.3
round_robin,2,151,1,16.356,26.477,1.0,1.0,40,1,40,0,192,192,192,0.028014,0.008412,0.012642,1,1,1,1991.3
round_robin,2,152,11,15.153,23.239,1.0,1.0,39,3,39,0,196,196,195,0.02442,0.008428,0.01261,1,1,1,1991.3
round_robin,2,153,1,15.066,23.028,1.0,1.0,39,4,39,0,196,196,196,0.024188,0.008419,0.01259,1,1,1,1991.3
round_robin,2,154,11,15.106,23.147,1.0,1.0,39,6,39,0,200,200,199,0.024324,0.008443,0.01255,1,1,1,1991.3
round_robin,2,155,1,15.001,22.865,1.0,1.0,39,7,39,0,200,200,200,0.024011,0.008443,0.01255,1,1,1,1991.3
round_robin,2,156,11,15.018,22.868,1.0,1.0,33,7,33,0,204,204,203,0.024011,0.008459,0.012584,1,1,1,1991.3
round_robin,2,157,1,15.02,22.925,1.0,1.0,33,9,33,0,204,204,204,0.02407,0.008373,0.012617,1,1,1,1991.3
round_robin,2,158,11,15.095,23.143,1.0,1.0,33,10,33,0,208,208,207,0.024326,0.008463,0.012497,1,1,1,1991.3
round_robin,2,159,1,14.961,22.763,1.0,1.0,28,12,28,0,208,208,208,0.02389,0.008377,0.012615,1,1,1,1991.3
round_robin,2,160,11,15.286,23.616,1.0,1.0,28,14,28,0,212,212,211,0.02484,0.008421,0.012598,1,1,1,1991.3
round_robin,2,161,1,14.985,22.803,1.0,1.0,28,15,28,0,212,212,212,0.023937,0.008421,0.012598,1,1,1,1991.3
round_robin,2,162,11,14.919,22.783,1.0,1.0,28,15,28,0,216,216,215,0.023937,0.00842,0.012401,1,1,1,1991.3
round_robin,2,163,1,14.941,22.762,1.0,1.0,28,17,28,0,216,216,216,0.023903,0.008428,0.012493,1,1,1,1991.3
round_robin,2,164,11,15.007,22.867,1.0,1.0,23,18,23,0,220,220,219,0.024008,0.00842,0.012594,1,1,1,1991.3
round_robin,2,165,1,15.71,23.988,1.0,1.0,23,20,23,0,220,220,220,0.02518,0.008689,0.01326,1,1,1,1991.3
round_robin,2,166,11,14.775,22.448,1.0,1.0,23,21,23,0,224,224,223,0.023555,0.008283,0.012487,1,1,1,1991.3
round_robin,2,167,1,15.04,23.164,1.0,1.0,23,23,23,0,224,224,224,0.02435,0.008283,0.012487,1,1,1,1991.3
round_robin,2,168,11,15.098,23.171,1.0,1.0,23,23,18,0,228,228,227,0.02435,0.008384,0.012559,1,1,1,1991.3
round_robin,2,169,1,15.087,23.164,1.0,1.0,25,25,18,0,228,228,228,0.024342,0.008355,0.012564,1,1,1,1991.3
round_robin,2,170,11,15.136,22.894,1.0,1.0,26,26,18,0,232,232,231,0.023994,0.008422,0.012993,1,1,1,1991.3
round_robin,2,171,1,14.855,22.583,1.0,1.0,28,28,18,0,232,232,232,0.023702,0.008351,0.012512,1,1,1,1991.3
round_robin,2,172,0,14.994,22.837,1.0,1.0,29,29,12,0,232,232,232,0.023979,0.008447,0.012557,1,1,1,1991.3
round_robin,2,173,11,15.007,22.87,1.0,1.0,31,31,12,0,236,236,235,0.024016,0.008447,0.012557,1,1,1,1991.3
round_robin,2,174,1,14.968,22.869,1.0,1.0,31,31,12,0,236,236,236,0.024016,0.008338,0.012551,1,1,1,1991.3
round_robin,2,175,11,14.814,22.499,1.0,1.0,33,33,12,0,240,240,239,0.023605,0.008287,0.01255,1,1,1,1991.3
round_robin,2,176,1,15.024,22.969,1.0,1.0,34,34,7,0,240,240,240,0.024128,0.008406,0.012539,1,1,1,1991.3
round_robin,2,177,11,14.89,22.546,1.0,1.0,36,36,7,0,244,244,243,0.023662,0.00851,0.012498,1,1,1,1991.3
round_robin,2,178,1,14.973,22.803,1.0,1.0,37,37,7,0,244,244,244,0.023942,0.008424,0.012552,1,1,1,1991.3
round_robin,2,179,11,14.934,22.7,1.0,1.0,39,39,7,0,248,248,247,0.023827,0.008424,0.012552,1,1,1,1991.3
weighted_round_robin,1,0,0,15.425,24.731,1.0,1.0,0,0,0,0,0,0,0,0.011587,0.008498,0.026191,1,1,1,2260.1
weighted_round_robin,1,1,2,15.196,24.11,0.6667,0.6667,3,0,0,3,1,1,0,0.011587,0.008498,0.025502,1,1,1,2260.1
weighted_round_robin,1,2,0,15.28,24.382,0.6667,0.6667,41,41,0,4,1,1,0,0.011503,0.008524,0.025813,1,1,1,2260.1
weighted_round_robin,1,3,11,15.987,25.734,0.9883,0.9883,41,41,0,7,5,4,4,0.012348,0.008392,0.027221,1,1,1,2260.1
weighted_round_robin,1,4,1,15.35,24.634,0.9899,0.9899,41,41,0,7,5,5,4,0.011516,0.008443,0.026092,1,1,1,2260.1
weighted_round_robin,1,5,11,15.437,24.287,0.9968,0.9968,41,41,0,9,9,8,8,0.012285,0.008407,0.02562,1,1,1,2260.1
weighted_round_robin,1,6,1,15.164,24.209,0.9971,0.9971,41,41,0,9,9,9,8,0.011508,0.008365,0.02562,1,1,1,2260.1
weighted_round_robin,1,7,11,15.295,24.562,0.9985,0.9985,41,41,0,10,13,12,12,0.011508,0.008365,0.026012,1,1,1,2260.1
weighted_round_robin,1,8,1,15.268,24.409,0.9986,0.9986,41,41,0,12,13,13,12,0.011569,0.008399,0.025836,1,1,1,2260.1
weighted_round_robin,1,9,11,15.279,24.492,0.9992,0.9992,41,41,0,14,17,16,16,0.011492,0.00841,0.025936,1,1,1,2260.1
weighted_round_robin,1,10,1,15.292,24.459,0.9992,0.9992,41,41,0,15,17,17,16,0.011561,0.008424,0.025892,1,1,1,2260.1
weighted_round_robin,1,11,11,15.329,24.672,0.9995,0.9995,41,41,0,17,21,20,20,0.011438,0.008406,0.026142,1,1,1,2260.1
weighted_round_robin,1,12,1,15.378,24.684,0.9995,0.9995,41,41,0,17,21,21,20,0.011564,0.008427,0.026142,1,1,1,2260.1
weighted_round_robin,1,13,11,15.349,24.606,0.9996,0.9996,41,41,0,18,25,24,24,0.011564,0.008427,0.026055,1,1,1,2260.1
weighted_round_robin,1,14,1,15.34,24.505,0.9996,0.9996,41,41,0,20,25,25,24,0.011709,0.008385,0.025927,1,1,1,2260.1
weighted_round_robin,1,15,11,15.24,24.349,0.9997,0.9997,41,41,0,21,29,28,28,0.011517,0.008427,0.025775,1,1,1,2260.1
weighted_round_robin,1,16,1,15.774,25.132,0.9997,0.9997,41,41,0,23,29,29,28,0.012335,0.008432,0.026554,1,1,1,2260.1
weighted_round_robin,1,17,11,15.222,24.413,0.9998,0.9998,41,41,0,25,33,32,32,0.011517,0.008304,0.025846,1,1,1,2260.1
weighted_round_robin,1,18,1,15.285,24.412,0.9998,0.9998,41,41,0,25,33,33,32,0.011502,0.008506,0.025846,1,1,1,2260.1
weighted_round_robin,1,19,11,15.396,24.712,0.9998,0.9998,41,41,0,26,37,36,36,0.011502,0.008506,0.02618,1,1,1,2260.1
weighted_round_robin,1,20,1,15.281,24.426,0.9998,0.9998,41,41,0,28,37,37,36,0.011481,0.008498,0.025864,1,1,1,2260.1
weighted_round_robin,1,21,11,15.266,24.431,0.9999,0.9999,41,41,0,29,41,40,40,0.011475,0.008453,0.025871,1,1,1,2260.1
weighted_round_robin,1,22,0,15.332,24.637,0.9999,0.9999,41,41,0,31,41,40,40,0.011475,0.00842,0.0261,1,1,1,2260.1
weighted_round_robin,1,23,1,15.352,24.73,0.9999,0.9999,41,41,0,32,41,41,40,0.011578,0.008288,0.026191,1,1,1,2260.1
weighted_round_robin,1,24,11,15.363,24.72,0.9999,0.9999,41,41,0,32,45,44,44,0.011485,0.008413,0.026191,1,1,1,2260.1
weighted_round_robin,1,25,1,15.303,24.557,0.9999,0.9999,41,41,0,34,45,45,44,0.011485,0.008413,0.02601,1,1,1,2260.1
weighted_round_robin,1,26,11,15.438,24.807,0.9999,0.9999,41,41,0,36,49,48,48,0.011478,0.008548,0.026288,1,1,1,2260.1
weighted_round_robin,1,27,1,15.375,24.66,0.9999,0.9999,41,41,0,37,49,49,48,0.011554,0.008456,0.026116,1,1,1,2260.1
weighted_round_robin,1,28,11,15.38,24.682,0.9999,0.9999,39,38,0,39,53,52,52,0.011562,0.008437,0.02614,1,1,1,2260.1
weighted_round_robin,1,29,1,15.332,24.584,0.9999,0.9999,40,38,0,40,53,53,52,0.011513,0.008446,0.026036,1,1,1,2260.1
weighted_round_robin,1,30,11,15.342,24.587,0.9999,0.9999,40,38,0,40,57,56,56,0.011549,0.00844,0.026036,1,1,1,2260.1
weighted_round_robin,1,31,1,15.3,24.476,0.9999,0.9999,42,38,0,42,57,57,56,0.011549,0.00844,0.025912,1,1,1,2260.1
weighted_round_robin,1,32,11,15.183,24.095,0.9999,0.9999,43,33,0,43,61,60,60,0.011556,0.008505,0.025488,1,1,1,2260.1
weighted_round_robin,1,33,1,15.35,24.556,0.9999,0.9999,45,33,0,45,61,61,60,0.011571,0.00848,0.025999,1,1,1,2260.1
weighted_round_robin,1,34,11,15.288,24.527,0.9999,0.9999,47,33,0,47,65,64,64,0.011493,0.008395,0.025975,1,1,1,2260.1
weighted_round_robin,1,35,1,15.596,24.755,0.9999,0.9999,48,33,0,48,65,65,64,0.011535,0.009028,0.026224,1,1,1,2260.1
weighted_round_robin,1,36,11,15.591,24.754,1.0,1.0,48,27,0,48,69,68,68,0.01152,0.009028,0.026224,1,1,1,2260.1
weighted_round_robin,1,37,1,15.227,24.31,1.0,1.0,50,27,0,50,69,69,68,0.01152,0.008431,0.025731,1,1,1,2260.1
weighted_round_robin,1,38,11,15.358,24.632,1.0,1.0,51,27,0,51,73,72,72,0.011573,0.008419,0.026083,1,1,1,2260.1
weighted_round_robin,1,39,1,15.255,24.321,1.0,1.0,53,27,0,53,73,73,72,0.011566,0.00846,0.025738,1,1,1,2260.1
weighted_round_robin,1,40,11,15.338,24.592,1.0,1.0,54,22,0,54,77,76,76,0.011476,0.008488,0.026049,1,1,1,2260.1
weighted_round_robin,1,41,1,15.279,24.515,1.0,1.0,56,22,0,56,77,77,76,0.01154,0.00834,0.025957,1,1,1,2260.1
weighted_round_robin,1,42,11,15.288,24.518,1.0,1.0,56,22,0,56,81,80,80,0.011567,0.00834,0.025957,1,1,1,2260.1
weighted_round_robin,1,43,1,15.318,24.557,1.0,1.0,58,22,0,58,81,81,80,0.011567,0.008386,0.026,1,1,1,2260.1
weighted_round_robin,1,44,11,15.422,24.638,1.0,1.0,59,16,0,59,85,84,84,0.011443,0.008719,0.026104,1,1,1,2260.1
weighted_round_robin,1,45,1,15.594,24.604,1.0,1.0,61,16,0,61,85,85,84,0.011453,0.009263,0.026065,1,1,1,2260.1
weighted_round_robin,1,46,1,15.207,24.336,1.0,1.0,62,16,0,62,85,85,85,0.011473,0.008384,0.025765,1,1,1,2260.1
weighted_round_robin,1,47,10,15.478,24.659,1.0,1.0,64,16,0,64,89,88,88,0.011892,0.008464,0.026078,1,1,1,2260.1
weighted_round_robin,1,48,1,15.359,24.624,1.0,1.0,64,11,0,64,89,89,88,0.011534,0.008464,0.026078,1,1,1,2260.1
weighted_round_robin,1,49,11,15.58,25.246,1.0,1.0,66,11,0,66,93,92,92,0.011534,0.008437,0.02677,1,1,1,2260.1
weighted_round_robin,1,50,1,15.373,24.697,1.0,1.0,67,11,0,67,93,93,92,0.011528,0.00843,0.02616,1,1,1,2260.1
weighted_round_robin,1,51,11,15.642,25.396,1.0,1.0,69,11,0,69,97,96,96,0.011588,0.008408,0.02693,1,1,1,2260.1
weighted_round_robin,1,52,1,15.363,24.406,1.0,1.0,70,6,0,70,97,97,96,0.0118,0.008483,0.025807,1,1,1,2260.1
weighted_round_robin,1,53,11,15.382,24.691,1.0,1.0,72,6,0,72,101,100,100,0.011606,0.008395,0.026145,1,1,1,2260.1
weighted_round_robin,1,54,1,15.364,24.686,1.0,1.0,72,6,0,72,101,101,100,0.011553,0.008395,0.026145,1,1,1,2260.1
weighted_round_robin,1,55,11,15.639,24.643,1.0,1.0,73,6,0,73,105,104,104,0.011553,0.009266,0.026098,1,1,1,2260.1
weighted_round_robin,1,56,1,15.593,24.393,1.0,1.0,75,6,0,75,105,105,104,0.011579,0.009382,0.025817,1,1,1,2260.1
weighted_round_robin,1,57,11,15.225,24.288,1.0,1.0,77,1,0,77,109,108,108,0.011556,0.008415,0.025703,1,1,1,2260.1
weighted_round_robin,1,58,1,15.23,24.347,1.0,1.0,78,1,0,78,109,109,108,0.011545,0.008376,0.025769,1,1,1,2260.1
weighted_round_robin,1,59,11,15.848,25.314,1.0,1.0,80,1,0,80,113,112,112,0.012362,0.008428,0.026753,1,1,1,2260.1
weighted_round_robin,1,60,1,15.554,25.226,1.0,1.0,80,0,0,80,113,113,112,0.011481,0.008428,0.026753,1,0,1,2260.1
weighted_round_robin,1,61,1,10.823,12.466,1.0,1.0,78,0,0,78,113,113,113,0.011481,0.008412,0.012576,1,0,1,2260.1
weighted_round_robin,1,62,1,10.821,12.488,1.0,1.0,78,0,0,78,114,113,113,0.011449,0.00841,0.012603,1,0,1,2260.1
weighted_round_robin,1,63,1,10.839,12.455,1.0,1.0,78,0,0,78,114,114,113,0.011527,0.008433,0.012558,1,0,1,2260.1
weighted_round_robin,1,64,1,10.854,12.485,1.0,1.0,74,0,0,74,114,114,114,0.011549,0.008425,0.012589,1,0,1,2260.1
weighted_round_robin,1,65,1,11.041,12.819,1.0,1.0,74,0,0,74,115,114,114,0.011576,0.00859,0.012957,1,0,1,2260.1
weighted_round_robin,1,66,1,11.042,12.819,1.0,1.0,74,0,0,74,115,115,114,0.011578,0.00859,0.012957,1,0,1,2260.1
weighted_round_robin,1,67,1,10.839,12.509,1.0,1.0,74,0,0,74,115,115,115,0.011578,0.008325,0.012613,1,0,1,2260.1
weighted_round_robin,1,68,1,10.916,12.742,1.0,1.0,74,0,0,74,116,115,115,0.01145,0.008412,0.012885,1,0,1,2260.1
weighted_round_robin,1,69,1,10.877,12.494,1.0,1.0,68,0,0,68,116,116,115,0.011598,0.008439,0.012594,1,0,1,2260.1
weighted_round_robin,1,70,1,10.823,12.444,1.0,1.0,68,0,0,68,116,116,116,0.011507,0.008414,0.012548,1,0,1,2260.1
weighted_round_robin,1,71,1,10.793,12.412,1.0,1.0,68,0,0,68,117,116,116,0.011489,0.008374,0.012515,1,0,1,2260.1
weighted_round_robin,1,72,1,10.953,12.449,1.0,1.0,68,0,0,68,117,117,116,0.011851,0.008494,0.012515,1,0,1,2260.1
weighted_round_robin,1,73,1,10.948,12.434,1.0,1.0,63,0,0,63,117,117,117,0.011851,0.008494,0.012499,1,0,1,2260.1
weighted_round_robin,1,74,1,10.841,12.468,1.0,1.0,63,0,0,63,118,117,117,0.011582,0.008374,0.012566,1,0,1,2260.1
weighted_round_robin,1,75,1,10.878,12.57,1.0,1.0,63,0,0,63,118,118,117,0.011549,0.008401,0.012683,1,0,1,2260.1
weighted_round_robin,1,76,1,10.882,12.497,1.0,1.0,63,0,0,63,118,118,118,0.011589,0.008459,0.012598,1,0,1,2260.1
weighted_round_robin,1,77,1,10.834,12.493,1.0,1.0,57,0,0,57,119,118,118,0.011501,0.008399,0.012603,1,0,1,2260.1
weighted_round_robin,1,78,1,10.839,12.441,1.0,1.0,57,0,0,57,119,119,118,0.011569,0.008411,0.012538,1,0,1,2260.1
weighted_round_robin,1,79,0,10.839,12.441,1.0,1.0,57,0,0,57,119,119,118,0.011569,0.008411,0.012538,1,0,1,2260.1
weighted_round_robin,1,80,1,10.837,12.436,1.0,1.0,57,0,0,57,119,119,119,0.011559,0.008419,0.012534,1,0,1,2260.1
weighted_round_robin,1,81,1,10.798,12.405,1.0,1.0,52,0,0,52,120,119,119,0.011536,0.008358,0.012501,1,0,1,2260.1
weighted_round_robin,1,82,1,10.855,12.518,1.0,1.0,52,0,0,52,120,120,119,0.011522,0.008413,0.012629,1,0,1,2260.1
weighted_round_robin,1,83,1,10.856,12.44,1.0,1.0,52,0,0,52,120,120,120,0.011567,0.008463,0.012537,1,0,1,2260.1
weighted_round_robin,1,84,1,10.878,12.401,1.0,1.0,52,0,0,52,121,120,120,0.011519,0.008615,0.012499,1,0,1,2260.1
weighted_round_robin,1,85,1,10.878,12.401,1.0,1.0,52,0,0,52,121,121,120,0.011519,0.008615,0.012499,1,0,1,2260.1
weighted_round_robin,1,86,1,10.837,12.467,1.0,1.0,47,0,0,47,121,121,121,0.011508,0.008428,0.012574,1,0,1,2260.1
weighted_round_robin,1,87,1,10.937,12.454,1.0,1.0,47,0,0,47,122,121,121,0.011517,0.008735,0.012558,1,0,1,2260.1
weighted_round_robin,1,88,1,10.831,12.445,1.0,1.0,47,0,0,47,122,122,121,0.011546,0.008403,0.012545,1,0,1,2260.1
weighted_round_robin,1,89,1,10.763,12.362,1.0,1.0,41,0,0,41,122,122,122,0.01151,0.008323,0.012457,1,0,1,2260.1
weighted_round_robin,1,90,1,10.832,12.426,1.0,1.0,41,0,0,41,123,122,122,0.011533,0.008438,0.012525,1,1,1,2260.1
weighted_round_robin,1,91,11,14.192,17.042,1.0,1.0,41,0,2,41,126,126,126,0.012508,0.017544,0.012525,1,1,1,2260.1
weighted_round_robin,1,92,1,14.171,17.04,1.0,1.0,41,0,2,41,127,126,126,0.012508,0.017544,0.012462,1,1,1,2260.1
weighted_round_robin,1,93,11,13.932,17.316,1.0,1.0,36,0,3,36,130,130,130,0.01142,0.017848,0.012527,1,1,1,2260.1
weighted_round_robin,1,94,1,14.119,17.575,1.0,1.0,36,0,5,36,131,130,130,0.011556,0.018119,0.012683,1,1,1,2260.1
weighted_round_robin,1,95,11,14.214,17.966,1.0,1.0,36,0,7,36,134,134,134,0.011363,0.018547,0.012733,1,1,1,2260.1
weighted_round_robin,1,96,1,13.924,17.193,1.0,1.0,36,0,8,36,135,134,134,0.01158,0.017717,0.012474,1,1,1,2260.1
weighted_round_robin,1,97,11,13.916,17.193,1.0,1.0,36,0,8,36,138,138,138,0.011556,0.017717,0.012474,1,1,1,2260.1
weighted_round_robin,1,98,1,13.893,17.086,1.0,1.0,30,0,10,30,139,138,138,0.011556,0.017592,0.012532,1,1,1,2260.1
weighted_round_robin,1,99,11,13.959,17.304,1.0,1.0,30,0,11,30,142,142,142,0.011558,0.01784,0.01248,1,1,1,2260.1
weighted_round_robin,1,100,1,14.109,17.318,1.0,1.0,30,0,13,30,143,142,142,0.011539,0.017799,0.01299,1,1,1,2260.1
weighted_round_robin,1,101,11,14.124,17.203,1.0,1.0,25,0,14,25,146,146,146,0.011592,0.017656,0.013125,1,1,1,2260.1
weighted_round_robin,1,102,1,14.132,17.673,1.0,1.0,25,0,16,25,147,146,146,0.01157,0.018238,0.012587,1,1,1,2260.1
weighted_round_robin,1,103,11,14.112,17.673,1.0,1.0,25,0,16,25,150,150,150,0.01151,0.018238,0.012587,1,1,1,2260.1
weighted_round_robin,1,104,1,14.146,17.837,1.0,1.0,25,0,18,25,151,150,150,0.01151,0.01843,0.012499,1,1,1,2260.1
weighted_round_robin,1,105,11,14.083,17.307,1.0,1.0,25,0,19,25,154,154,154,0.01152,0.017793,0.012936,1,1,1,2260.1
weighted_round_robin,1,106,1,14.375,17.477,1.0,1.0,21,0,21,20,155,154,154,0.012602,0.018019,0.012505,1,1,1,2260.1
weighted_round_robin,1,107,0,14.095,17.322,1.0,1.0,22,0,22,20,155,154,154,0.011815,0.017844,0.012625,1,1,1,2260.1
weighted_round_robin,1,108,11,13.935,17.204,1.0,1.0,24,0,24,20,158,158,158,0.011507,0.017718,0.012579,1,1,1,2260.1
weighted_round_robin,1,109,1,13.956,17.204,1.0,1.0,24,0,24,20,159,158,158,0.011571,0.017718,0.012579,1,1,1,2260.1
weighted_round_robin,1,110,11,13.895,17.15,1.0,1.0,25,0,25,14,162,162,162,0.011571,0.017673,0.01244,1,1,1,2260.1
weighted_round_robin,1,111,1,13.986,17.387,1.0,1.0,27,0,27,14,163,162,162,0.01151,0.017928,0.012521,1,1,1,2260.1
weighted_round_robin,1,112,11,13.974,17.394,1.0,1.0,29,0,29,14,166,166,166,0.0115,0.01794,0.012483,1,1,1,2260.1
weighted_round_robin,1,113,1,14.244,17.327,1.0,1.0,30,0,30,9,167,166,166,0.012111,0.017831,0.012789,1,1,1,2260.1
weighted_round_robin,1,114,11,13.876,17.159,1.0,1.0,32,0,32,9,170,170,170,0.011439,0.017675,0.012515,1,1,1,2260.1
weighted_round_robin,1,115,1,13.943,17.159,1.0,1.0,32,0,32,9,171,170,170,0.01164,0.017675,0.012515,1,1,1,2260.1
weighted_round_robin,1,116,11,14.269,17.822,1.0,1.0,33,0,33,9,174,174,174,0.01164,0.018381,0.012786,1,1,1,2260.1
weighted_round_robin,1,117,1,14.009,17.31,1.0,1.0,35,0,35,9,175,174,174,0.011622,0.017837,0.012568,1,1,1,2260.1
weighted_round_robin,1,118,11,13.84,17.041,1.0,1.0,36,0,36,3,178,178,178,0.011517,0.017551,0.012453,1,1,1,2260.1
weighted_round_robin,1,119,1,13.941,17.276,1.0,1.0,38,0,38,3,179,178,178,0.011521,0.017807,0.012494,1,1,1,2260.1
weighted_round_robin,1,120,11,13.96,17.34,1.0,1.0,40,0,40,3,182,182,182,0.011464,0.017873,0.012544,0,1,1,2260.1
weighted_round_robin,1,121,1,10.853,12.448,1.0,1.0,40,0,40,3,183,182,182,0.011588,0.008428,0.012544,0,1,1,2260.1
weighted_round_robin,1,122,1,10.838,12.408,1.0,1.0,40,0,40,0,183,183,182,0.011588,0.008428,0.012499,0,1,1,2260.1
weighted_round_robin,1,123,1,10.824,12.437,1.0,1.0,40,0,40,0,183,183,183,0.011417,0.008505,0.01255,0,1,1,2260.1
weighted_round_robin,1,124,1,10.862,12.473,1.0,1.0,40,0,40,0,184,183,183,0.01153,0.008479,0.012578,0,1,1,2260.1
weighted_round_robin,1,125,1,11.23,12.732,1.0,1.0,40,0,40,0,184,184,183,0.012757,0.008421,0.012511,0,1,1,2260.1
weighted_round_robin,1,126,1,10.841,12.47,1.0,1.0,40,0,40,0,184,184,184,0.011531,0.008417,0.012574,0,1,1,2260.1
weighted_round_robin,1,127,1,10.818,12.436,1.0,1.0,40,0,40,0,185,184,184,0.011505,0.008409,0.012539,0,1,1,2260.1
weighted_round_robin,1,128,1,10.818,12.436,1.0,1.0,40,0,40,0,185,185,184,0.011505,0.008409,0.012539,0,1,1,2260.1
weighted_round_robin,1,129,1,11.116,12.441,1.0,1.0,40,0,40,0,185,185,185,0.011575,0.009235,0.012537,0,1,1,2260.1
weighted_round_robin,1,130,1,10.831,12.456,1.0,1.0,40,0,40,0,186,185,185,0.011572,0.008367,0.012554,0,1,1,2260.1
weighted_round_robin,1,131,1,10.828,12.394,1.0,1.0,40,0,40,0,186,186,185,0.011548,0.008449,0.012488,0,1,1,2260.1
weighted_round_robin,1,132,1,10.795,12.396,1.0,1.0,40,0,40,0,186,186,186,0.011525,0.008368,0.012493,0,1,1,2260.1
weighted_round_robin,1,133,1,10.85,12.497,1.0,1.0,40,0,40,0,187,186,186,0.011507,0.008435,0.012607,0,1,1,2260.1
weighted_round_robin,1,134,1,10.858,12.499,1.0,1.0,40,0,40,0,187,187,186,0.011531,0.008435,0.012607,0,1,1,2260.1
weighted_round_robin,1,135,1,11.112,13.218,1.0,1.0,40,0,40,0,187,187,187,0.011531,0.008399,0.013405,0,1,1,2260.1
weighted_round_robin,1,136,1,10.911,12.506,1.0,1.0,40,0,40,0,188,187,187,0.011731,0.00841,0.012592,0,1,1,2260.1
weighted_round_robin,1,137,1,11.149,12.607,1.0,1.0,40,0,40,0,188,188,187,0.012364,0.00845,0.012634,0,1,1,2260.1
weighted_round_robin,1,138,0,10.835,12.454,1.0,1.0,40,0,40,0,188,188,187,0.011521,0.008425,0.012558,0,1,1,2260.1
weighted_round_robin,1,139,1,10.814,12.444,1.0,1.0,40,0,40,0,188,188,188,0.011562,0.008338,0.012542,0,1,1,2260.1
weighted_round_robin,1,140,1,10.786,12.436,1.0,1.0,40,0,40,0,189,188,188,0.011478,0.008338,0.012542,0,1,1,2260.1
weighted_round_robin,1,141,1,10.845,12.457,1.0,1.0,40,0,40,0,189,189,188,0.011478,0.00849,0.012566,0,1,1,2260.1
weighted_round_robin,1,142,1,10.851,12.43,1.0,1.0,40,0,40,0,189,189,189,0.011569,0.008459,0.012526,0,1,1,2260.1
weighted_round_robin,1,143,1,10.904,12.469,1.0,1.0,40,0,40,0,190,189,189,0.011734,0.008427,0.012551,0,1,1,2260.1
weighted_round_robin,1,144,1,10.85,12.474,1.0,1.0,40,0,40,0,190,190,189,0.011522,0.008448,0.01258,0,1,1,2260.1
weighted_round_robin,1,145,1,11.201,12.612,1.0,1.0,40,0,40,0,190,190,190,0.011602,0.009276,0.012724,0,1,1,2260.1
weighted_round_robin,1,146,1,10.871,12.599,1.0,1.0,40,0,40,0,191,190,190,0.011477,0.008413,0.012724,0,1,1,2260.1
weighted_round_robin,1,147,1,10.826,12.477,1.0,1.0,40,0,40,0,191,191,190,0.011477,0.008413,0.012588,0,1,1,2260.1
weighted_round_robin,1,148,1,10.879,12.496,1.0,1.0,40,0,40,0,191,191,191,0.01157,0.008468,0.012599,0,1,1,2260.1
weighted_round_robin,1,149,1,10.842,12.431,1.0,1.0,40,0,40,0,192,191,191,0.011549,0.008448,0.012529,0,1,1,2260.1
weighted_round_robin,1,150,1,10.779,12.399,1.0,1.0,40,0,40,0,192,192,191,0.011413,0.008415,0.012508,1,1,1,2260.1
weighted_round_robin,1,151,1,16.408,26.677,1.0,1.0,40,1,40,0,192,192,192,0.028245,0.008419,0.012561,1,1,1,2260.1
weighted_round_robin,1,152,11,14.929,22.741,1.0,1.0,40,3,40,0,196,196,195,0.02388,0.008413,0.012493,1,1,1,2260.1
weighted_round_robin,1,153,1,14.929,22.741,1.0,1.0,40,3,40,0,196,196,196,0.02388,0.008413,0.012493,1,1,1,2260.1
weighted_round_robin,1,154,11,14.824,22.452,1.0,1.0,40,4,40,0,200,200,199,0.023556,0.008401,0.012514,1,1,1,2260.1
weighted_round_robin,1,155,1,15.623,23.59,1.0,1.0,35,6,35,0,200,200,200,0.024717,0.008706,0.013445,1,1,1,2260.1
weighted_round_robin,1,156,11,14.942,22.887,1.0,1.0,35,7,35,0,204,204,203,0.024046,0.008325,0.012456,1,1,1,2260.1
weighted_round_robin,1,157,1,15.129,23.294,1.0,1.0,35,9,35,0,204,204,204,0.024497,0.008423,0.012466,1,1,1,2260.1
weighted_round_robin,1,158,11,15.097,23.14,1.0,1.0,30,11,30,0,208,208,207,0.024316,0.008418,0.012557,1,1,1,2260.1
weighted_round_robin,1,159,1,15.097,23.14,1.0,1.0,30,11,30,0,208,208,208,0.024316,0.008418,0.012557,1,1,1,2260.1
weighted_round_robin,1,160,11,14.881,22.538,1.0,1.0,30,12,30,0,212,212,211,0.023648,0.008447,0.012549,1,1,1,2260.1
weighted_round_robin,1,161,1,15.039,22.989,1.0,1.0,30,14,30,0,212,212,212,0.024145,0.008385,0.012588,1,1,1,2260.1
weighted_round_robin,1,162,11,14.829,22.467,1.0,1.0,30,15,30,0,216,216,215,0.023578,0.008442,0.012468,1,1,1,2260.1
weighted_round_robin,1,163,1,14.978,22.917,1.0,1.0,25,17,25,0,216,216,216,0.024072,0.00834,0.012522,1,1,1,2260.1
weighted_round_robin,1,164,11,14.75,22.294,1.0,1.0,25,19,25,0,220,220,219,0.023387,0.008406,0.012457,1,1,1,2260.1
weighted_round_robin,1,165,1,14.75,22.294,1.0,1.0,25,19,25,0,220,220,220,0.023387,0.008406,0.012457,1,1,1,2260.1
weighted_round_robin,1,166,11,15.18,23.385,1.0,1.0,25,20,25,0,224,224,223,0.024595,0.008447,0.012499,1,1,1,2260.1
weighted_round_robin,1,167,1,14.997,22.937,1.0,1.0,22,22,19,0,224,224,224,0.024097,0.008392,0.012501,1,1,1,2260.1
weighted_round_robin,1,168,1,15.04,22.989,1.0,1.0,23,23,19,0,225,224,224,0.024144,0.008381,0.012595,1,1,1,2260.1
weighted_round_robin,1,169,10,14.997,22.911,1.0,1.0,25,25,19,0,228,228,227,0.024067,0.008418,0.012506,1,1,1,2260.1
weighted_round_robin,1,170,1,15.073,22.984,1.0,1.0,26,26,14,0,228,228,228,0.024131,0.008429,0.012659,1,1,1,2260.1
weighted_round_robin,1,171,11,15.073,22.984,1.0,1.0,26,26,14,0,232,232,231,0.024131,0.008429,0.012659,1,1,1,2260.1
weighted_round_robin,1,172,1,14.835,22.413,1.0,1.0,28,28,14,0,232,232,232,0.023509,0.008448,0.012547,1,1,1,2260.1
weighted_round_robin,1,173,11,14.969,22.822,1.0,1.0,30,30,14,0,236,236,235,0.023964,0.008398,0.012545,1,1,1,2260.1
weighted_round_robin,1,174,1,14.876,22.544,1.0,1.0,31,31,14,0,236,236,236,0.02365,0.008385,0.012592,1,1,1,2260.1
weighted_round_robin,1,175,11,15.199,23.31,1.0,1.0,33,33,8,0,240,240,239,0.024495,0.008452,0.012649,1,1,1,2260.1
weighted_round_robin,1,176,1,15.012,22.864,1.0,1.0,34,34,8,0,240,240,240,0.023999,0.008387,0.012649,1,1,1,2260.1
weighted_round_robin,1,177,11,14.94,22.842,1.0,1.0,34,34,8,0,244,244,243,0.023999,0.008387,0.012433,1,1,1,2260.1
weighted_round_robin,1,178,1,15.076,23.049,1.0,1.0,36,36,8,0,244,244,244,0.024212,0.008434,0.012582,1,1,1,2260.1
weighted_round_robin,1,179,11,15.036,23.024,1.0,1.0,37,37,3,0,248,248,247,0.024196,0.008434,0.012479,1,1,1,2260.1
weighted_round_robin,2,0,0,15.207,24.366,1.0,1.0,0,0,0,0,0,0,0,0.011467,0.008354,0.025799,1,1,1,1962.0
weighted_round_robin,2,1,1,15.399,24.593,0.3333,0.3333,41,41,0,3,1,0,0,0.011729,0.008445,0.026022,1,1,1,1962.0
weighted_round_robin,2,2,1,15.356,24.813,0.6667,0.6667,41,41,0,4,1,1,0,0.01145,0.008319,0.026298,1,1,1,1962.0
weighted_round_robin,2,3,11,15.257,24.419,0.9883,0.9883,41,41,0,6,5,4,4,0.011541,0.008379,0.02585,1,1,1,1962.0
weighted_round_robin,2,4,1,15.285,24.536,0.9899,0.9899,41,41,0,7,5,5,4,0.011481,0.008386,0.025987,1,1,1,1962.0
weighted_round_robin,2,5,11,15.322,24.595,0.9968,0.9968,41,41,0,9,9,8,8,0.011547,0.008373,0.026045,1,1,1,1962.0
weighted_round_robin,2,6,1,15.322,24.595,0.9971,0.9971,41,41,0,9,9,9,8,0.011547,0.008373,0.026045,1,1,1,1962.0
weighted_round_robin,2,7,11,15.292,24.458,0.9985,0.9985,41,41,0,10,13,12,12,0.011554,0.00843,0.025892,1,1,1,1962.0
weighted_round_robin,2,8,1,15.362,24.694,0.9986,0.9986,41,41,0,12,13,13,12,0.01149,0.008435,0.026161,1,1,1,1962.0
weighted_round_robin,2,9,11,15.294,24.452,0.9992,0.9992,41,41,0,14,17,16,16,0.011552,0.008445,0.025885,1,1,1,1962.0
weighted_round_robin,2,10,1,15.144,24.098,0.9992,0.9992,41,41,0,15,17,17,16,0.011542,0.008398,0.025493,1,1,1,1962.0
weighted_round_robin,2,11,11,15.439,24.184,0.9995,0.9995,41,41,0,15,21,20,20,0.012401,0.008422,0.025493,1,1,1,1962.0
weighted_round_robin,2,12,1,15.569,24.537,0.9995,0.9995,41,41,0,17,21,21,20,0.012401,0.008422,0.025885,1,1,1,1962.0
weighted_round_robin,2,13,11,15.144,24.167,0.9996,0.9996,41,41,0,18,25,24,24,0.011492,0.008364,0.025575,1,1,1,1962.0
weighted_round_robin,2,14,1,15.419,24.775,0.9996,0.9996,41,41,0,20,25,25,24,0.011552,0.008462,0.026244,1,1,1,1962.0
weighted_round_robin,2,15,11,15.337,24.536,0.9997,0.9997,41,41,0,21,29,28,28,0.011598,0.008439,0.025974,1,1,1,1962.0
weighted_round_robin,2,16,1,15.233,24.276,0.9997,0.9997,41,41,0,23,29,29,28,0.011563,0.008447,0.025689,1,1,1,1962.0
weighted_round_robin,2,17,11,15.496,24.271,0.9998,0.9998,41,41,0,23,33,32,32,0.011514,0.009285,0.025689,1,1,1,1962.0
weighted_round_robin,2,18,1,15.647,24.68,0.9998,0.9998,41,41,0,25,33,33,32,0.011514,0.009285,0.026143,1,1,1,1962.0
weighted_round_robin,2,19,11,15.362,24.624,0.9998,0.9998,41,41,0,26,37,36,36,0.01157,0.008443,0.026074,1,1,1,1962.0
weighted_round_robin,2,20,1,15.611,24.671,0.9998,0.9998,41,41,0,28,37,37,36,0.012339,0.008453,0.026041,1,1,1,1962.0
weighted_round_robin,2,21,11,15.509,25.145,0.9999,0.9999,41,41,0,29,41,40,40,0.011456,0.008404,0.026666,1,1,1,1962.0
weighted_round_robin,2,22,1,15.318,24.631,0.9999,0.9999,41,41,0,31,41,41,40,0.01154,0.008329,0.026086,1,1,1,1962.0
weighted_round_robin,2,23,0,15.343,24.635,0.9999,0.9999,41,41,0,31,41,41,40,0.011577,0.008367,0.026086,1,1,1,1962.0
weighted_round_robin,2,24,11,15.297,24.511,0.9999,0.9999,41,41,0,33,45,44,44,0.011577,0.008367,0.025948,1,1,1,1962.0
weighted_round_robin,2,25,1,15.348,24.665,0.9999,0.9999,41,41,0,34,45,45,44,0.011565,0.00836,0.02612,1,1,1,1962.0
weighted_round_robin,2,26,11,15.39,24.72,0.9999,0.9999,41,41,0,36,49,48,48,0.01153,0.008454,0.026185,1,1,1,1962.0
weighted_round_robin,2,27,1,15.311,24.608,0.9999,0.9999,40,40,0,37,49,49,48,0.011513,0.008356,0.026063,1,1,1,1962.0
weighted_round_robin,2,28,11,15.219,24.331,0.9999,0.9999,40,40,0,39,53,52,52,0.011533,0.008371,0.025753,1,1,1,1962.0
weighted_round_robin,2,29,1,15.42,24.383,0.9999,0.9999,40,40,0,39,53,53,52,0.012058,0.008449,0.025753,1,1,1,1962.0
weighted_round_robin,2,30,11,15.535,24.695,0.9999,0.9999,40,40,0,40,57,56,56,0.012058,0.008449,0.026099,1,1,1,1962.0
weighted_round_robin,2,31,1,15.246,24.334,0.9999,0.9999,42,35,0,42,57,57,56,0.011481,0.008495,0.025762,1,1,1,1962.0
weighted_round_robin,2,32,11,15.328,24.636,0.9999,0.9999,44,35,0,44,61,60,60,0.011465,0.008421,0.026099,1,1,1,1962.0
weighted_round_robin,2,33,1,15.247,24.435,0.9999,0.9999,45,35,0,45,61,61,60,0.011431,0.008429,0.02588,1,1,1,1962.0
weighted_round_robin,2,34,11,15.348,24.697,0.9999,0.9999,47,30,0,47,65,64,64,0.01149,0.00839,0.026164,1,1,1,1962.0
weighted_round_robin,2,35,1,15.383,24.706,0.9999,0.9999,47,30,0,47,65,65,64,0.011589,0.008396,0.026164,1,1,1,1962.0
weighted_round_robin,2,36,11,15.41,24.78,1.0,1.0,48,30,0,48,69,68,68,0.011589,0.008396,0.026246,1,1,1,1962.0
weighted_round_robin,2,37,1,15.392,24.794,1.0,1.0,50,30,0,50,69,69,68,0.011533,0.008376,0.026267,1,1,1,1962.0
weighted_round_robin,2,38,11,15.363,24.681,1.0,1.0,51,30,0,51,73,72,72,0.011584,0.008369,0.026136,1,1,1,1962.0
weighted_round_robin,2,39,1,15.893,25.373,1.0,1.0,53,24,0,53,73,73,72,0.01243,0.008438,0.026811,1,1,1,1962.0
weighted_round_robin,2,40,11,15.578,24.571,1.0,1.0,55,24,0,55,77,76,76,0.012171,0.008613,0.025949,1,1,1,1962.0
weighted_round_robin,2,41,1,15.359,24.521,1.0,1.0,55,24,0,55,77,77,76,0.011671,0.008458,0.025949,1,1,1,1962.0
weighted_round_robin,2,42,11,15.249,24.223,1.0,1.0,56,24,0,56,81,80,80,0.011671,0.008458,0.025618,1,1,1,1962.0
weighted_round_robin,2,43,1,15.361,24.729,1.0,1.0,58,19,0,58,81,81,80,0.011552,0.008338,0.026193,1,1,1,1962.0
weighted_round_robin,2,44,11,15.364,24.642,1.0,1.0,59,19,0,59,85,84,84,0.011551,0.008445,0.026097,1,1,1,1962.0
weighted_round_robin,2,45,0,15.746,25.527,1.0,1.0,61,19,0,61,85,84,84,0.011729,0.008448,0.02706,1,1,1,1962.0
weighted_round_robin,2,46,1,15.401,24.652,1.0,1.0,62,19,0,62,85,85,84,0.011736,0.00838,0.026087,1,1,1,1962.0
weighted_round_robin,2,47,11,15.354,24.629,1.0,1.0,62,13,0,62,89,88,88,0.011506,0.00847,0.026087,1,1,1,1962.0
weighted_round_robin,2,48,1,15.356,24.633,1.0,1.0,64,13,0,64,89,89,88,0.011506,0.00847,0.026092,1,1,1,1962.0
weighted_round_robin,2,49,11,15.351,24.607,1.0,1.0,66,13,0,66,93,92,92,0.011598,0.008403,0.026053,1,1,1,1962.0
weighted_round_robin,2,50,1,15.926,25.517,1.0,1.0,67,13,0,67,93,93,92,0.012445,0.008364,0.02697,1,1,1,1962.0
weighted_round_robin,2,51,11,15.364,24.688,1.0,1.0,69,8,0,69,97,96,96,0.011604,0.008347,0.026142,1,1,1,1962.0
weighted_round_robin,2,52,1,15.338,24.286,1.0,1.0,70,8,0,70,97,97,96,0.011894,0.008457,0.025663,1,1,1,1962.0
weighted_round_robin,2,53,11,15.209,24.247,1.0,1.0,70,8,0,70,101,100,100,0.011508,0.008457,0.025663,1,1,1,1962.0
weighted_round_robin,2,54,1,15.347,24.636,1.0,1.0,72,8,0,72,101,101,100,0.011508,0.008438,0.026095,1,1,1,1962.0
weighted_round_robin,2,55,11,15.373,24.718,1.0,1.0,73,2,0,73,105,104,104,0.011489,0.008443,0.026188,1,1,1,1962.0
weighted_round_robin,2,56,1,15.31,24.604,1.0,1.0,75,2,0,75,105,105,104,0.011522,0.008351,0.026057,1,1,1,1962.0
weighted_round_robin,2,57,11,15.456,24.713,1.0,1.0,77,2,0,77,109,108,108,0.011533,0.008656,0.026178,1,1,1,1962.0
weighted_round_robin,2,58,1,15.362,24.63,1.0,1.0,78,2,0,78,109,109,108,0.011521,0.008479,0.026087,1,1,1,1962.0
weighted_round_robin,2,59,11,15.361,24.63,1.0,1.0,78,0,0,78,113,112,112,0.011518,0.008479,0.026087,1,1,1,1962.0
weighted_round_robin,2,60,1,15.758,24.953,1.0,1.0,79,0,0,79,113,113,112,0.011518,0.009311,0.026446,1,0,1,1962.0
weighted_round_robin,2,61,1,10.867,12.488,1.0,1.0,79,0,0,79,113,113,113,0.011594,0.00842,0.012587,1,0,1,1962.0
weighted_round_robin,2,62,1,10.83,12.467,1.0,1.0,79,0,0,79,114,113,113,0.011517,0.0084,0.012573,1,0,1,1962.0
weighted_round_robin,2,63,1,10.848,12.463,1.0,1.0,75,0,0,75,114,114,113,0.011552,0.008428,0.012564,1,0,1,1962.0
weighted_round_robin,2,64,1,11.151,12.521,1.0,1.0,75,0,0,75,114,114,114,0.011494,0.009323,0.012635,1,0,1,1962.0
weighted_round_robin,2,65,1,10.856,12.525,1.0,1.0,75,0,0,75,115,114,114,0.011533,0.0084,0.012635,1,0,1,1962.0
weighted_round_robin,2,66,1,10.82,12.428,1.0,1.0,75,0,0,75,115,115,114,0.011533,0.0084,0.012527,1,0,1,1962.0
weighted_round_robin,2,67,1,10.846,12.441,1.0,1.0,75,0,0,75,115,115,115,0.011529,0.008467,0.012542,1,0,1,1962.0
weighted_round_robin,2,68,1,10.853,12.428,1.0,1.0,70,0,0,70,116,115,115,0.011519,0.00851,0.012529,1,0,1,1962.0
weighted_round_robin,2,69,1,11.068,13.135,1.0,1.0,70,0,0,70,116,116,115,0.011389,0.008486,0.013329,1,0,1,1962.0
weighted_round_robin,2,70,1,11.081,12.479,1.0,1.0,70,0,0,70,116,116,116,0.011502,0.009152,0.012588,1,0,1,1962.0
weighted_round_robin,2,71,1,10.847,12.472,1.0,1.0,65,0,0,65,117,116,116,0.011545,0.008421,0.012575,1,0,1,1962.0
weighted_round_robin,2,72,1,10.847,12.472,1.0,1.0,65,0,0,65,117,117,116,0.011545,0.008421,0.012575,1,0,1,1962.0
weighted_round_robin,2,73,1,10.777,12.317,1.0,1.0,65,0,0,65,117,117,117,0.011533,0.008394,0.012404,1,0,1,1962.0
weighted_round_robin,2,74,1,10.906,12.5,1.0,1.0,65,0,0,65,118,117,117,0.011557,0.008556,0.012605,1,0,1,1962.0
weighted_round_robin,2,75,1,10.838,12.472,1.0,1.0,60,0,0,60,118,118,117,0.011521,0.008415,0.012578,1,0,1,1962.0
weighted_round_robin,2,76,0,10.855,12.514,1.0,1.0,60,0,0,60,118,118,117,0.011513,0.008426,0.012625,1,0,1,1962.0
weighted_round_robin,2,77,1,10.826,12.438,1.0,1.0,60,0,0,60,118,118,118,0.011521,0.008418,0.01254,1,0,1,1962.0
weighted_round_robin,2,78,1,10.826,12.438,1.0,1.0,60,0,0,60,119,118,118,0.011521,0.008418,0.01254,1,0,1,1962.0
weighted_round_robin,2,79,1,10.797,12.431,1.0,1.0,60,0,0,60,119,119,118,0.011409,0.008437,0.012545,1,0,1,1962.0
weighted_round_robin,2,80,1,10.858,12.505,1.0,1.0,54,0,0,54,119,119,119,0.011528,0.008433,0.012613,1,0,1,1962.0
weighted_round_robin,2,81,1,10.855,12.483,1.0,1.0,54,0,0,54,120,119,119,0.011545,0.008434,0.012587,1,0,1,1962.0
weighted_round_robin,2,82,1,10.802,12.399,1.0,1.0,54,0,0,54,120,120,119,0.011569,0.008346,0.012491,1,0,1,1962.0
weighted_round_robin,2,83,1,10.814,12.406,1.0,1.0,49,0,0,49,120,120,120,0.011525,0.008413,0.012504,1,0,1,1962.0
weighted_round_robin,2,84,1,10.827,12.41,1.0,1.0,49,0,0,49,121,120,120,0.011565,0.008413,0.012504,1,0,1,1962.0
weighted_round_robin,2,85,1,10.89,12.529,1.0,1.0,49,0,0,49,121,121,120,0.011565,0.008469,0.012636,1,0,1,1962.0
weighted_round_robin,2,86,1,10.9,12.45,1.0,1.0,49,0,0,49,121,121,121,0.011744,0.008426,0.012529,1,0,1,1962.0
weighted_round_robin,2,87,1,11.151,12.564,1.0,1.0,49,0,0,49,122,121,121,0.012425,0.008449,0.01258,1,0,1,1962.0
weighted_round_robin,2,88,1,10.79,12.419,1.0,1.0,43,0,0,43,122,122,121,0.011432,0.00841,0.012529,1,0,1,1962.0
weighted_round_robin,2,89,1,11.361,13.225,1.0,1.0,43,0,0,43,122,122,122,0.012311,0.008446,0.013327,1,0,1,1962.0
weighted_round_robin,2,90,1,10.827,12.368,1.0,1.0,43,0,0,43,123,122,122,0.011586,0.008441,0.012455,1,1,1,1962.0
weighted_round_robin,2,91,11,10.827,12.368,1.0,1.0,43,0,0,43,126,126,126,0.011586,0.008441,0.012455,1,1,1,1962.0
weighted_round_robin,2,92,1,13.929,17.198,1.0,1.0,38,0,2,38,127,126,126,0.011502,0.017712,0.012574,1,1,1,1962.0
weighted_round_robin,2,93,11,13.936,17.128,1.0,1.0,38,0,3,38,130,130,130,0.011577,0.017631,0.012601,1,1,1,1962.0
weighted_round_robin,2,94,1,14.024,17.354,1.0,1.0,38,0,5,38,131,130,130,0.011577,0.017881,0.012615,1,1,1,1962.0
weighted_round_robin,2,95,11,13.865,17.04,1.0,1.0,38,0,7,38,134,134,134,0.01155,0.017544,0.0125,1,1,1,1962.0
weighted_round_robin,2,96,1,13.937,17.229,1.0,1.0,38,0,8,38,135,134,134,0.011558,0.017754,0.0125,1,1,1,1962.0
weighted_round_robin,2,97,11,13.949,17.232,1.0,1.0,33,0,8,33,138,138,138,0.011558,0.017754,0.012536,1,1,1,1962.0
weighted_round_robin,2,98,1,13.871,16.861,1.0,1.0,33,0,10,33,139,138,138,0.011559,0.017319,0.012736,1,1,1,1962.0
weighted_round_robin,2,99,11,13.985,17.285,1.0,1.0,33,0,11,33,142,142,142,0.011557,0.017807,0.012592,1,1,1,1962.0
weighted_round_robin,2,100,1,14.167,17.302,1.0,1.0,27,0,13,27,143,142,142,0.012116,0.01783,0.012554,1,1,1,1962.0
weighted_round_robin,2,101,11,13.835,16.88,1.0,1.0,27,0,14,27,146,146,146,0.011557,0.017356,0.012592,1,1,1,1962.0
weighted_round_robin,2,102,1,13.93,17.162,1.0,1.0,27,0,16,27,147,146,146,0.011528,0.01767,0.012592,1,1,1,1962.0
weighted_round_robin,2,103,11,13.926,17.161,1.0,1.0,27,0,16,27,150,150,150,0.011528,0.01767,0.01258,1,1,1,1962.0
weighted_round_robin,2,104,1,14.064,17.215,1.0,1.0,22,0,18,22,151,150,150,0.011613,0.017696,0.012882,1,1,1,1962.0
weighted_round_robin,2,105,0,13.907,17.062,1.0,1.0,22,0,19,22,151,150,150,0.011584,0.01756,0.012577,1,1,1,1962.0
weighted_round_robin,2,106,11,14.05,17.057,1.0,1.0,22,0,21,22,154,154,154,0.011888,0.017539,0.012723,1,1,1,1962.0
weighted_round_robin,2,107,1,14.034,17.428,1.0,1.0,22,0,22,22,155,154,154,0.011532,0.017964,0.012605,1,1,1,1962.0
weighted_round_robin,2,108,11,13.899,17.076,1.0,1.0,24,0,24,22,158,158,158,0.011518,0.017573,0.012605,1,1,1,1962.0
weighted_round_robin,2,109,1,13.873,17.069,1.0,1.0,24,0,24,16,159,158,158,0.011518,0.017573,0.012529,1,1,1,1962.0
weighted_round_robin,2,110,11,14.163,17.139,1.0,1.0,25,0,25,16,162,162,162,0.012393,0.017662,0.012434,1,1,1,1962.0
weighted_round_robin,2,111,1,13.91,17.132,1.0,1.0,27,0,27,16,163,162,162,0.011519,0.017638,0.012574,1,1,1,1962.0
weighted_round_robin,2,112,11,13.997,17.348,1.0,1.0,29,0,29,11,166,166,166,0.011546,0.017879,0.012565,1,1,1,1962.0
weighted_round_robin,2,113,1,14.051,17.619,1.0,1.0,30,0,30,11,167,166,166,0.011509,0.018193,0.012451,1,1,1,1962.0
weighted_round_robin,2,114,11,13.939,17.263,1.0,1.0,32,0,32,11,170,170,170,0.011568,0.017798,0.012451,1,1,1,1962.0
weighted_round_robin,2,115,1,13.958,17.269,1.0,1.0,32,0,32,11,171,170,170,0.011568,0.017798,0.012508,1,1,1,1962.0
weighted_round_robin,2,116,11,14.026,17.422,1.0,1.0,33,0,33,11,174,174,174,0.011532,0.017959,0.012587,1,1,1,1962.0
weighted_round_robin,2,117,1,13.901,17.104,1.0,1.0,35,0,35,6,175,174,174,0.011492,0.017603,0.012609,1,1,1,1962.0
weighted_round_robin,2,118,11,13.929,17.198,1.0,1.0,38,0,38,6,178,178,178,0.011511,0.017713,0.012562,1,1,1,1962.0
weighted_round_robin,2,119,1,14.109,17.374,1.0,1.0,38,0,38,6,179,178,178,0.011875,0.017911,0.012541,1,1,1,1962.0
weighted_round_robin,2,120,11,13.88,17.142,1.0,1.0,40,0,40,0,182,182,182,0.011502,0.01766,0.012477,0,1,1,1962.0
weighted_round_robin,2,121,1,13.88,17.142,1.0,1.0,40,0,40,0,183,182,182,0.011502,0.01766,0.012477,0,1,1,1962.0
weighted_round_robin,2,122,1,11.043,12.576,1.0,1.0,40,0,40,0,183,183,182,0.012114,0.008388,0.012627,0,1,1,1962.0
weighted_round_robin,2,123,1,10.874,12.501,1.0,1.0,40,0,40,0,183,183,183,0.011566,0.008451,0.012605,0,1,1,1962.0
weighted_round_robin,2,124,1,11.107,13.215,1.0,1.0,40,0,40,0,184,183,183,0.011519,0.008399,0.013403,0,1,1,1962.0
weighted_round_robin,2,125,1,10.801,12.451,1.0,1.0,40,0,40,0,184,184,183,0.011501,0.008346,0.012557,0,1,1,1962.0
weighted_round_robin,2,126,1,10.849,12.474,1.0,1.0,40,0,40,0,184,184,184,0.011508,0.008458,0.012581,0,1,1,1962.0
weighted_round_robin,2,127,1,10.849,12.474,1.0,1.0,40,0,40,0,185,184,184,0.011508,0.008458,0.012581,0,1,1,1962.0
weighted_round_robin,2,128,1,10.786,12.335,1.0,1.0,40,0,40,0,185,185,184,0.011498,0.008433,0.012428,0,1,1,1962.0
weighted_round_robin,2,129,1,10.867,12.502,1.0,1.0,40,0,40,0,185,185,185,0.011565,0.00843,0.012606,0,1,1,1962.0
weighted_round_robin,2,130,1,10.874,12.481,1.0,1.0,40,0,40,0,186,185,185,0.011621,0.008424,0.012577,0,1,1,1962.0
weighted_round_robin,2,131,1,10.783,12.405,1.0,1.0,40,0,40,0,186,186,185,0.01139,0.008442,0.012518,0,1,1,1962.0
weighted_round_robin,2,132,1,10.861,12.49,1.0,1.0,40,0,40,0,186,186,186,0.01152,0.008465,0.012598,0,1,1,1962.0
weighted_round_robin,2,133,1,10.852,12.488,1.0,1.0,40,0,40,0,187,186,186,0.011493,0.008465,0.012598,0,1,1,1962.0
weighted_round_robin,2,134,1,11.085,13.199,1.0,1.0,40,0,40,0,187,187,186,0.011493,0.008372,0.013389,0,1,1,1962.0
weighted_round_robin,2,135,0,11.126,13.198,1.0,1.0,40,0,40,0,187,187,186,0.011498,0.008492,0.013387,0,1,1,1962.0
weighted_round_robin,2,136,1,10.894,12.505,1.0,1.0,40,0,40,0,187,187,187,0.011553,0.008519,0.012611,0,1,1,1962.0
weighted_round_robin,2,137,1,10.856,12.473,1.0,1.0,40,0,40,0,188,187,187,0.011536,0.008455,0.012577,0,1,1,1962.0
weighted_round_robin,2,138,1,10.841,12.465,1.0,1.0,40,0,40,0,188,188,187,0.011489,0.008462,0.012573,0,1,1,1962.0
weighted_round_robin,2,139,1,11.052,12.533,1.0,1.0,40,0,40,0,188,188,188,0.012173,0.008411,0.012573,0,1,1,1962.0
weighted_round_robin,2,140,1,11.201,12.934,1.0,1.0,40,0,40,0,189,188,188,0.012173,0.008411,0.013019,0,1,1,1962.0
weighted_round_robin,2,141,1,10.827,12.616,1.0,1.0,40,0,40,0,189,189,188,0.011305,0.008414,0.012762,0,1,1,1962.0
weighted_round_robin,2,142,1,10.834,12.438,1.0,1.0,40,0,40,0,189,189,189,0.011507,0.008455,0.012541,0,1,1,1962.0
weighted_round_robin,2,143,1,10.836,12.47,1.0,1.0,40,0,40,0,190,189,189,0.011499,0.008432,0.012578,0,1,1,1962.0
weighted_round_robin,2,144,1,10.791,12.411,1.0,1.0,40,0,40,0,190,190,189,0.011507,0.008355,0.012511,0,1,1,1962.0
weighted_round_robin,2,145,1,10.861,12.417,1.0,1.0,40,0,40,0,190,190,190,0.011569,0.008504,0.012511,0,1,1,1962.0
weighted_round_robin,2,146,1,10.864,12.425,1.0,1.0,40,0,40,0,191,190,190,0.011569,0.008504,0.01252,0,1,1,1962.0
weighted_round_robin,2,147,1,10.814,12.463,1.0,1.0,40,0,40,0,191,191,190,0.011473,0.008396,0.012573,0,1,1,1962.0
weighted_round_robin,2,148,1,10.964,12.769,1.0,1.0,40,0,40,0,191,191,191,0.011502,0.008479,0.01291,0,1,1,1962.0
weighted_round_robin,2,149,1,10.828,12.439,1.0,1.0,40,0,40,0,192,191,191,0.011481,0.008459,0.012545,0,1,1,1962.0
weighted_round_robin,2,150,1,10.947,12.438,1.0,1.0,40,0,40,0,192,192,191,0.011867,0.008472,0.012501,1,1,1,1962.0
weighted_round_robin,2,151,1,15.963,25.451,1.0,1.0,40,1,40,0,192,192,192,0.026882,0.008433,0.012573,1,1,1,1962.0
weighted_round_robin,2,152,11,15.963,25.451,1.0,1.0,40,1,40,0,196,196,195,0.026882,0.008433,0.012573,1,1,1,1962.0
weighted_round_robin,2,153,1,15.017,22.919,1.0,1.0,40,3,40,0,196,196,196,0.024074,0.008449,0.012528,1,1,1,1962.0
weighted_round_robin,2,154,11,15.021,22.945,1.0,1.0,38,4,38,0,200,200,199,0.024099,0.008402,0.012561,1,1,1,1962.0
weighted_round_robin,2,155,1,14.887,22.494,1.0,1.0,38,6,38,0,200,200,200,0.023593,0.008464,0.012604,1,1,1,1962.0
weighted_round_robin,2,156,11,14.984,22.784,1.0,1.0,38,8,38,0,204,204,203,0.02392,0.008474,0.012557,1,1,1,1962.0
weighted_round_robin,2,157,1,15.017,22.96,1.0,1.0,32,9,32,0,204,204,204,0.02412,0.008408,0.012524,1,1,1,1962.0
weighted_round_robin,2,158,11,15.017,22.96,1.0,1.0,32,9,32,0,208,208,207,0.02412,0.008408,0.012524,1,1,1,1962.0
weighted_round_robin,2,159,1,15.043,22.971,1.0,1.0,32,11,32,0,208,208,208,0.02413,0.008454,0.012544,1,1,1,1962.0
weighted_round_robin,2,160,11,15.36,23.127,1.0,1.0,32,12,32,0,212,212,211,0.024206,0.008457,0.013416,1,1,1,1962.0
weighted_round_robin,2,161,1,14.949,22.801,1.0,1.0,27,14,27,0,212,212,212,0.023945,0.008399,0.012504,1,1,1,1962.0
weighted_round_robin,2,162,11,15.042,22.998,1.0,1.0,27,15,27,0,216,216,215,0.024162,0.008444,0.012521,1,1,1,1962.0
weighted_round_robin,2,163,1,15.027,22.97,1.0,1.0,27,17,27,0,216,216,216,0.024131,0.00843,0.012521,1,1,1,1962.0
weighted_round_robin,2,164,11,15.071,22.983,1.0,1.0,27,17,27,0,220,220,219,0.024131,0.00843,0.012651,1,1,1,1962.0
weighted_round_robin,2,165,1,15.037,22.687,1.0,1.0,27,19,27,0,220,220,220,0.023817,0.008777,0.012516,1,1,1,1962.0
weighted_round_robin,2,166,0,14.953,22.861,1.0,1.0,21,20,21,0,220,220,220,0.02401,0.00833,0.012518,1,1,1,1962.0
weighted_round_robin,2,167,11,15.0,22.892,1.0,1.0,22,22,21,0,224,224,223,0.024045,0.008443,0.012513,1,1,1,1962.0
weighted_round_robin,2,168,1,15.142,22.949,1.0,1.0,23,23,21,0,224,224,224,0.024064,0.008444,0.012918,1,1,1,1962.0
weighted_round_robin,2,169,11,15.429,23.578,1.0,1.0,25,25,16,0,228,228,227,0.024762,0.008607,0.012918,1,1,1,1962.0
weighted_round_robin,2,170,1,15.578,23.622,1.0,1.0,25,25,16,0,228,228,228,0.024762,0.008607,0.013366,1,1,1,1962.0
weighted_round_robin,2,171,11,15.126,23.22,1.0,1.0,26,26,16,0,232,232,231,0.024408,0.008442,0.012529,1,1,1,1962.0
weighted_round_robin,2,172,1,15.126,23.22,1.0,1.0,26,26,16,0,232,232,232,0.024408,0.008442,0.012529,1,1,1,1962.0
weighted_round_robin,2,173,11,15.126,23.22,1.0,1.0,26,26,16,0,236,236,235,0.024408,0.008442,0.012529,1,1,1,1962.0
weighted_round_robin,2,174,1,14.039,15.559,1.0,1.0,29,29,11,0,236,236,236,0.015818,0.013071,0.013228,1,1,1,1962.0
weighted_round_robin,2,175,11,13.528,15.371,1.0,1.0,31,31,11,0,240,240,239,0.015684,0.012558,0.012342,1,1,1,1962.0
weighted_round_robin,2,176,1,13.587,15.276,1.0,1.0,32,32,11,0,240,240,240,0.01557,0.012632,0.01256,1,1,1,1962.0
weighted_round_robin,2,177,11,13.516,15.178,1.0,1.0,34,34,5,0,244,244,243,0.015469,0.012518,0.01256,1,1,1,1962.0
weighted_round_robin,2,178,1,13.509,15.176,1.0,1.0,34,34,5,0,244,244,244,0.015469,0.012518,0.012539,1,1,1,1962.0
weighted_round_robin,2,179,11,13.653,15.544,1.0,1.0,35,35,5,0,248,248,247,0.015871,0.012483,0.012605,1,1,1,1962.0
random,1,0,0,15.436,25.024,1.0,1.0,0,0,0,0,0,0,0,0.007401,0.012492,0.026416,1,1,1,2099.8
random,1,1,11,15.158,24.305,0.5845,0.5845,39,39,0,4,1,2,8,0.007387,0.012465,0.025621,1,1,1,2099.8
random,1,2,1,15.135,24.257,0.6486,0.6486,39,39,0,5,1,3,8,0.007348,0.012492,0.025564,1,1,1,2099.8
random,1,3,11,15.318,24.689,0.744,0.744,39,39,0,7,4,5,14,0.007345,0.012575,0.026035,1,1,1,2099.8
random,1,4,1,15.605,25.446,0.7742,0.7742,39,39,0,8,4,6,14,0.007388,0.012547,0.026879,1,1,1,2099.8
random,1,5,11,15.628,25.445,0.8316,0.8316,39,39,0,8,7,9,19,0.007466,0.01254,0.026879,1,1,1,2099.8
random,1,6,1,15.216,24.331,0.8471,0.8471,39,39,0,10,7,10,19,0.007466,0.01254,0.025641,1,1,1,2099.8
random,1,7,1,15.321,24.646,0.8594,0.8594,39,39,0,11,7,11,19,0.007404,0.012572,0.025988,1,1,1,2099.8
random,1,8,1,15.291,24.607,0.8816,0.8816,39,39,0,12,8,11,19,0.007374,0.012554,0.025946,1,1,1,2099.8
random,1,9,1,15.347,24.753,0.9005,0.9005,39,39,0,13,9,11,19,0.007366,0.012567,0.026107,1,1,1,2099.8
random,1,10,1,15.377,24.671,0.9101,0.9101,39,39,0,14,9,12,19,0.007402,0.012731,0.025998,1,1,1,2099.8
random,1,11,1,15.382,24.671,0.9171,0.9171,39,39,0,14,9,13,19,0.007418,0.012731,0.025998,1,1,1,2099.8
random,1,12,1,15.192,24.357,0.9216,0.9216,39,39,0,15,9,14,19,0.007418,0.012482,0.025677,1,1,1,2099.8
random,1,13,1,15.205,24.448,0.9381,0.9381,39,39,0,16,10,14,19,0.007329,0.012513,0.025774,1,1,1,2099.8
random,1,14,11,15.444,25.022,0.9455,0.9455,39,39,0,18,12,20,22,0.007388,0.012533,0.02641,1,1,1,2099.8
random,1,15,1,15.324,24.662,0.9576,0.9576,39,39,0,19,13,20,22,0.007428,0.012534,0.026009,1,1,1,2099.8
random,1,16,11,15.369,24.734,0.9368,0.9368,39,39,0,21,14,25,27,0.007399,0.012629,0.026079,1,1,1,2099.8
random,1,17,1,15.367,24.734,0.9476,0.9476,39,39,0,21,15,25,27,0.007394,0.012629,0.026079,1,1,1,2099.8
random,1,18,1,15.241,24.486,0.9456,0.9456,39,39,0,22,15,26,27,0.007394,0.012512,0.025817,1,1,1,2099.8
random,1,19,1,15.192,24.323,0.943,0.943,39,39,0,23,15,27,27,0.007416,0.012527,0.025634,1,1,1,2099.8
random,1,20,1,15.287,24.615,0.9529,0.9529,39,39,0,24,16,27,27,0.007386,0.012514,0.02596,1,1,1,2099.8
random,1,21,1,15.2,24.411,0.9618,0.9618,39,39,0,25,17,27,27,0.007372,0.012491,0.025736,1,1,1,2099.8
random,1,22,1,15.551,24.684,0.9589,0.9589,39,39,0,26,17,28,27,0.007441,0.013259,0.025953,1,1,1,2099.8
random,1,23,1,15.533,24.684,0.967,0.967,39,39,0,26,18,28,27,0.007387,0.013259,0.025953,1,1,1,2099.8
random,1,24,1,15.369,24.791,0.974,0.974,39,39,0,27,19,28,27,0.007387,0.012571,0.026149,1,1,1,2099.8
random,1,25,11,15.304,24.603,0.9923,0.9923,39,39,0,28,25,29,31,0.007388,0.012586,0.025938,1,1,1,2099.8
random,1,26,1,15.311,24.621,0.9949,0.9949,39,39,0,30,26,29,31,0.00742,0.012552,0.025962,1,1,1,2099.8
random,1,27,1,15.315,24.646,0.9945,0.9945,39,39,0,31,26,30,31,0.007419,0.012535,0.025992,1,1,1,2099.8
random,1,28,1,15.201,24.488,0.9936,0.9936,39,39,0,32,26,31,31,0.007343,0.012431,0.025828,1,1,1,2099.8
random,1,29,11,15.201,24.488,0.9831,0.9831,39,39,0,32,27,37,35,0.007343,0.012431,0.025828,1,1,1,2099.8
random,1,30,11,15.456,24.837,0.9833,0.9833,34,34,0,34,30,39,41,0.007516,0.012661,0.02619,1,1,1,2099.8
random,1,31,0,15.292,24.67,0.9833,0.9833,36,34,0,36,30,39,41,0.007348,0.012505,0.026022,1,1,1,2099.8
random,1,32,1,15.261,24.474,0.9823,0.9823,37,34,0,37,30,40,41,0.007434,0.012551,0.025799,1,1,1,2099.8
random,1,33,1,15.443,25.07,0.9857,0.9857,38,29,0,38,31,40,41,0.007334,0.012533,0.026463,1,1,1,2099.8
random,1,34,1,15.367,24.8,0.9887,0.9887,39,29,0,39,32,40,41,0.007439,0.012493,0.026168,1,1,1,2099.8
random,1,35,1,15.367,24.8,0.9913,0.9913,39,29,0,39,33,40,41,0.007439,0.012493,0.026168,1,1,1,2099.8
random,1,36,1,15.318,24.703,0.9904,0.9904,40,29,0,40,33,41,41,0.007429,0.012463,0.026063,1,1,1,2099.8
random,1,37,1,15.49,25.154,0.9893,0.9893,41,29,0,41,33,42,41,0.007403,0.012509,0.026559,1,1,1,2099.8
random,1,38,1,15.314,24.668,0.9917,0.9917,42,24,0,42,34,42,41,0.007384,0.012542,0.026015,1,1,1,2099.8
random,1,39,1,15.594,24.607,0.9939,0.9939,43,24,0,43,35,42,41,0.008265,0.012574,0.025944,1,1,1,2099.8
random,1,40,11,15.277,24.599,0.9996,0.9996,43,24,0,43,42,43,44,0.007395,0.012491,0.025944,1,1,1,2099.8
random,1,41,1,15.341,24.773,0.9999,0.9999,45,24,0,45,43,43,44,0.007395,0.012491,0.026138,1,1,1,2099.8
random,1,42,11,15.333,24.7,0.9997,0.9997,46,19,0,46,47,46,48,0.007404,0.012543,0.026051,1,1,1,2099.8
random,1,43,1,15.346,24.655,0.9999,0.9999,48,19,0,48,47,47,48,0.007414,0.012633,0.025991,1,1,1,2099.8
random,1,44,1,15.439,24.65,0.9999,0.9999,49,19,0,49,48,47,48,0.007773,0.012549,0.025995,1,1,1,2099.8
random,1,45,11,15.362,24.76,0.9989,0.9989,51,14,0,51,49,53,52,0.007422,0.012547,0.026117,1,1,1,2099.8
random,1,46,11,15.368,24.76,0.9993,0.9993,51,14,0,51,53,56,56,0.007437,0.012551,0.026117,1,1,1,2099.8
random,1,47,1,15.387,24.81,0.9997,0.9997,53,14,0,53,54,56,56,0.007437,0.012551,0.026172,1,1,1,2099.8
random,1,48,1,15.247,24.447,0.9995,0.9995,54,14,0,54,54,57,56,0.00738,0.012597,0.025764,1,1,1,2099.8
random,1,49,1,15.322,24.701,0.9998,0.9998,55,14,0,55,55,57,56,0.007337,0.012582,0.026048,1,1,1,2099.8
random,1,50,1,15.417,24.874,0.9999,0.9999,56,10,0,56,56,57,56,0.007433,0.012577,0.02624,1,1,1,2099.8
random,1,51,1,15.252,24.525,0.9997,0.9997,57,10,0,57,56,58,56,0.00741,0.012483,0.025863,1,1,1,2099.8
random,1,52,1,15.247,24.527,0.9994,0.9994,57,10,0,57,56,59,56,0.007374,0.012503,0.025863,1,1,1,2099.8
random,1,53,1,15.32,24.725,0.9989,0.9989,58,10,0,58,56,60,56,0.007374,0.012503,0.026083,1,1,1,2099.8
random,1,54,1,15.281,24.599,0.9991,0.9991,59,4,0,59,57,60,56,0.007409,0.012491,0.025944,1,1,1,2099.8
random,1,55,1,15.471,24.394,0.9992,0.9992,60,4,0,60,58,60,56,0.00813,0.012575,0.025707,1,1,1,2099.8
random,1,56,11,15.438,25.013,0.9996,0.9996,61,4,0,61,60,62,63,0.007343,0.012577,0.026395,1,1,1,2099.8
random,1,57,11,15.228,24.41,0.9996,0.9996,64,4,0,64,64,67,65,0.007389,0.012569,0.025726,1,1,1,2099.8
random,1,58,1,15.214,24.412,0.9993,0.9993,64,0,0,64,64,68,65,0.007328,0.012588,0.025726,1,1,1,2099.8
random,1,59,11,15.345,24.767,0.9994,0.9994,65,0,0,65,67,71,70,0.007328,0.012588,0.02612,1,1,1,2099.8
random,1,60,1,15.277,24.518,0.9991,0.9995,67,0,0,67,67,72,70,0.007378,0.012612,0.025841,1,0,1,2099.8
random,1,61,1,10.8,12.537,0.9988,0.9995,67,0,0,67,67,73,70,0.007338,0.012523,0.012539,1,0,1,2099.8
random,1,62,1,10.833,12.567,0.9991,0.9998,63,0,0,63,68,73,70,0.007371,0.01256,0.012568,1,0,1,2099.8
random,1,63,1,10.858,12.618,0.9994,0.9999,63,0,0,63,69,73,70,0.007381,0.012569,0.012623,1,0,1,2099.8
random,1,64,0,11.02,12.617,0.9994,0.9999,63,0,0,63,69,73,70,0.007872,0.012565,0.012623,1,0,1,2099.8
random,1,65,1,11.006,12.58,0.9995,0.9998,63,0,0,63,69,73,71,0.007872,0.012565,0.012582,1,0,1,2099.8
random,1,66,1,10.808,12.459,0.9994,0.9995,57,0,0,57,69,73,72,0.007533,0.012462,0.01243,1,0,1,2099.8
random,1,67,1,10.844,12.581,0.9992,0.9995,57,0,0,57,69,74,72,0.007402,0.012545,0.012585,1,0,1,2099.8
random,1,68,1,10.857,12.592,0.9988,0.9995,57,0,0,57,69,75,72,0.007415,0.012559,0.012596,1,0,1,2099.8
random,1,69,1,10.827,12.596,0.9992,0.9998,57,0,0,57,70,75,72,0.007377,0.012498,0.012607,1,0,1,2099.8
random,1,70,1,10.862,12.613,0.9995,1.0,54,0,0,54,71,75,72,0.007392,0.012617,0.012577,1,0,1,2099.8
random,1,71,1,10.862,12.613,0.9995,0.9998,54,0,0,54,71,75,73,0.007392,0.012617,0.012577,1,0,1,2099.8
random,1,72,1,11.122,13.292,0.9992,0.9998,54,0,0,54,71,76,73,0.0074,0.012598,0.013369,1,0,1,2099.8
random,1,73,1,10.812,12.577,0.9995,1.0,54,0,0,54,72,76,73,0.007356,0.012492,0.012587,1,0,1,2099.8
random,1,74,1,10.81,12.57,0.9991,1.0,51,0,0,51,72,77,73,0.007328,0.012528,0.012575,1,0,1,2099.8
random,1,75,1,10.855,12.577,0.9988,1.0,51,0,0,51,72,78,73,0.007423,0.012563,0.012578,1,0,1,2099.8
random,1,76,1,10.829,12.626,0.9983,1.0,51,0,0,51,72,79,73,0.007355,0.012491,0.012641,1,0,1,2099.8
random,1,77,1,10.851,12.626,0.9978,1.0,51,0,0,51,72,80,73,0.007421,0.012491,0.012641,1,0,1,2099.8
random,1,78,1,10.857,12.615,0.9981,1.0,51,0,0,51,73,80,73,0.007421,0.012525,0.012625,1,0,1,2099.8
random,1,79,1,10.809,12.571,0.9983,1.0,45,0,0,45,73,80,74,0.007382,0.012462,0.012583,1,0,1,2099.8
random,1,80,1,10.831,12.561,0.9985,0.9998,45,0,0,45,73,80,75,0.007408,0.01252,0.012565,1,0,1,2099.8
random,1,81,1,10.868,12.588,0.9986,0.9996,45,0,0,45,73,80,76,0.007432,0.012583,0.012589,1,0,1,2099.8
random,1,82,1,10.844,12.603,0.9986,0.9993,42,0,0,42,73,80,77,0.007418,0.012499,0.012614,1,0,1,2099.8
random,1,83,1,10.845,12.609,0.9985,0.9989,42,0,0,42,73,80,78,0.007358,0.012564,0.012614,1,0,1,2099.8
random,1,84,1,10.841,12.596,0.9984,0.9984,42,0,0,42,73,80,79,0.007358,0.012564,0.0126,1,0,1,2099.8
random,1,85,1,10.871,12.593,0.9982,0.9979,42,0,0,42,73,80,80,0.007429,0.012593,0.01259,1,0,1,2099.8
random,1,86,1,10.846,12.611,0.9987,0.9985,42,0,0,42,74,80,80,0.007424,0.012488,0.012625,1,0,1,2099.8
random,1,87,1,10.866,12.596,0.9984,0.998,37,0,0,37,74,80,81,0.007423,0.012598,0.012577,1,0,1,2099.8
random,1,88,1,10.824,12.567,0.9982,0.998,37,0,0,37,74,81,81,0.007393,0.012574,0.012505,1,0,1,2099.8
random,1,89,1,10.81,12.574,0.998,0.9974,37,0,0,37,74,81,82,0.007374,0.012471,0.012585,1,0,1,2099.8
random,1,90,1,10.819,12.574,0.9977,0.9977,37,0,0,37,74,82,82,0.0074,0.012471,0.012585,1,1,1,2099.8
random,1,91,11,16.516,27.845,0.9982,0.9982,33,0,1,33,78,86,85,0.0074,0.029538,0.01261,1,1,1,2099.8
random,1,92,1,15.654,25.52,0.998,0.998,33,0,3,33,78,86,86,0.007432,0.026959,0.012572,1,1,1,2099.8
random,1,93,1,15.632,25.316,0.9977,0.9977,33,0,4,33,78,86,87,0.00742,0.02671,0.012765,1,1,1,2099.8
random,1,94,1,15.373,24.796,0.9982,0.9982,29,0,5,29,79,86,87,0.007391,0.026154,0.012573,1,1,1,2099.8
random,1,95,1,15.364,24.762,0.9979,0.9979,29,0,6,29,79,86,88,0.007404,0.026116,0.012573,1,1,1,2099.8
random,1,96,1,15.373,24.764,0.9976,0.9976,29,0,6,29,79,86,89,0.007404,0.026116,0.0126,1,1,1,2099.8
random,1,97,1,15.281,24.557,0.9971,0.9971,29,0,7,29,79,86,90,0.007359,0.025886,0.012599,1,1,1,2099.8
random,1,98,1,15.274,24.523,0.9967,0.9967,29,0,8,29,79,86,91,0.007363,0.025846,0.012613,1,1,1,2099.8
random,1,99,1,15.357,24.753,0.9962,0.9962,25,0,9,25,79,86,92,0.007393,0.026107,0.01257,1,1,1,2099.8
random,1,100,11,15.337,24.789,0.9979,0.9979,25,0,10,25,84,90,94,0.007346,0.026153,0.012513,1,1,1,2099.8
random,1,101,11,15.188,24.357,0.9962,0.9962,25,0,12,25,86,93,100,0.007379,0.025673,0.012513,1,1,1,2099.8
random,1,102,1,15.211,24.364,0.9968,0.9968,25,0,12,25,87,93,100,0.007379,0.025673,0.012581,1,1,1,2099.8
random,1,103,0,15.231,24.369,0.9968,0.9968,20,0,14,20,87,93,100,0.007409,0.025676,0.012607,1,1,1,2099.8
random,1,104,11,15.699,25.583,0.9955,0.9955,20,0,16,20,89,97,105,0.007398,0.027017,0.012682,1,1,1,2099.8
random,1,105,1,15.299,24.581,0.9961,0.9961,20,0,17,20,90,97,105,0.007411,0.025915,0.012571,1,1,1,2099.8
random,1,106,1,15.577,25.084,0.9966,0.9966,20,0,18,20,91,97,105,0.007439,0.026444,0.012848,1,1,1,2099.8
random,1,107,1,15.478,24.855,0.9961,0.9961,20,0,19,20,91,97,106,0.007396,0.026189,0.012848,1,1,1,2099.8
random,1,108,1,15.61,24.895,0.9955,0.9955,19,0,19,14,91,97,107,0.007396,0.026189,0.013245,1,1,1,2099.8
random,1,109,11,15.746,24.817,0.9967,0.9967,20,0,20,14,96,100,110,0.007407,0.026042,0.01379,1,1,1,2099.8
random,1,110,1,15.37,24.702,0.9971,0.9971,22,0,22,14,97,100,110,0.007449,0.026045,0.012617,1,1,1,2099.8
random,1,111,11,15.341,24.696,0.9982,0.9982,24,0,24,11,101,105,112,0.0074,0.026042,0.01258,1,1,1,2099.8
random,1,112,1,15.257,24.546,0.9984,0.9984,25,0,25,11,102,105,112,0.00745,0.025892,0.01243,1,1,1,2099.8
random,1,113,1,15.324,24.782,0.9987,0.9987,26,0,26,11,103,105,112,0.007388,0.026154,0.01243,1,1,1,2099.8
random,1,114,11,15.611,24.868,0.9986,0.9986,26,0,26,11,105,111,115,0.007388,0.026154,0.013292,1,1,1,2099.8
random,1,115,1,15.94,24.949,0.9984,0.9984,28,0,28,11,105,111,116,0.008087,0.02622,0.013512,1,1,1,2099.8
random,1,116,1,15.287,24.66,0.9986,0.9986,29,0,29,8,106,111,116,0.007361,0.026012,0.012487,1,1,1,2099.8
random,1,117,11,15.335,24.742,0.9996,0.9996,31,0,31,8,113,113,118,0.007403,0.026103,0.012498,1,1,1,2099.8
random,1,118,1,15.378,24.675,0.9996,0.9996,32,0,32,8,114,113,118,0.007644,0.026033,0.012456,1,1,1,2099.8
random,1,119,1,15.207,24.428,0.9997,0.9997,33,0,33,8,115,113,118,0.007406,0.025758,0.012456,1,1,1,2099.8
random,1,120,1,10.825,12.575,0.9995,0.9993,33,0,33,2,115,113,119,0.007375,0.012519,0.012581,0,1,1,2099.8
random,1,121,1,10.8,12.518,0.9997,0.9995,33,0,33,2,115,114,119,0.007375,0.012519,0.012507,0,1,1,2099.8
random,1,122,1,10.815,12.597,0.9995,0.9993,33,0,33,2,115,114,120,0.007333,0.012504,0.012607,0,1,1,2099.8
random,1,123,1,10.851,12.575,0.9995,0.9993,33,0,33,0,116,114,120,0.007417,0.012577,0.012559,0,1,1,2099.8
random,1,124,1,11.154,13.202,0.9997,0.9995,33,0,33,0,116,115,120,0.007605,0.012586,0.013271,0,1,1,2099.8
random,1,125,1,10.933,12.854,0.9997,0.9997,33,0,33,0,116,116,120,0.007398,0.012508,0.012893,0,1,1,2099.8
random,1,126,1,10.933,12.854,0.9998,0.9998,33,0,33,0,116,117,120,0.007398,0.012508,0.012893,0,1,1,2099.8
random,1,127,1,10.853,12.6,0.9999,0.9998,33,0,33,0,117,117,120,0.007372,0.012585,0.012602,0,1,1,2099.8
random,1,128,1,10.9,12.741,0.9999,0.9998,33,0,33,0,118,117,120,0.007402,0.012534,0.012764,0,1,1,2099.8
random,1,129,1,10.881,12.665,0.9999,0.9999,33,0,33,0,118,118,120,0.007388,0.012579,0.012675,0,1,1,2099.8
random,1,130,1,10.814,12.564,0.9999,0.9998,33,0,33,0,118,118,121,0.007323,0.012553,0.012565,0,1,1,2099.8
random,1,131,1,10.856,12.599,0.9998,0.9997,33,0,33,0,118,118,122,0.007397,0.012602,0.012569,0,1,1,2099.8
random,1,132,1,10.861,12.599,0.9996,0.9996,33,0,33,0,118,118,123,0.007411,0.012602,0.012569,0,1,1,2099.8
random,1,133,1,10.846,12.584,0.9997,0.9997,33,0,33,0,118,119,123,0.007411,0.012538,0.012589,0,1,1,2099.8
random,1,134,1,10.948,12.825,0.9998,0.9997,33,0,33,0,119,119,123,0.007398,0.012596,0.01285,0,1,1,2099.8
random,1,135,1,10.893,12.651,0.9996,0.9996,33,0,33,0,119,119,124,0.007408,0.012616,0.012655,0,1,1,2099.8
random,1,136,1,10.845,12.552,0.9997,0.9997,33,0,33,0,119,120,124,0.007445,0.012537,0.012554,0,1,1,2099.8
random,1,137,1,10.859,12.567,0.9997,0.9999,33,0,33,0,119,121,124,0.007448,0.012568,0.012561,0,1,1,2099.8
random,1,138,1,10.844,12.56,0.9996,0.9997,33,0,33,0,119,121,125,0.007417,0.012554,0.012561,0,1,1,2099.8
random,1,139,0,10.851,12.579,0.9996,0.9997,33,0,33,0,119,121,125,0.007417,0.012554,0.012582,0,1,1,2099.8
random,1,140,1,10.86,12.591,0.9994,0.9996,33,0,33,0,119,121,126,0.007431,0.012595,0.012554,0,1,1,2099.8
random,1,141,1,10.827,12.595,0.9992,0.9994,33,0,33,0,119,121,127,0.007343,0.012601,0.012537,0,1,1,2099.8
random,1,142,1,10.96,12.826,0.9994,0.9994,33,0,33,0,120,121,127,0.007412,0.012618,0.012849,0,1,1,2099.8
random,1,143,1,10.846,12.556,0.9992,0.9992,33,0,33,0,120,121,128,0.007439,0.012542,0.012557,0,1,1,2099.8
random,1,144,1,10.821,12.561,0.9992,0.9994,33,0,33,0,120,122,128,0.007343,0.01256,0.012561,0,1,1,2099.8
random,1,145,1,10.821,12.561,0.9994,0.9994,33,0,33,0,121,122,128,0.007343,0.01256,0.012561,0,1,1,2099.8
random,1,146,1,10.852,12.557,0.9994,0.9996,33,0,33,0,121,123,128,0.00751,0.012566,0.012479,0,1,1,2099.8
random,1,147,1,10.876,12.58,0.9996,0.9996,33,0,33,0,122,123,128,0.007487,0.012583,0.012557,0,1,1,2099.8
random,1,148,1,10.819,12.558,0.9994,0.9994,33,0,33,0,122,123,129,0.007368,0.012526,0.012562,0,1,1,2099.8
random,1,149,1,10.805,12.527,0.9995,0.9994,33,0,33,0,123,123,129,0.00737,0.012528,0.012516,0,1,1,2099.8
random,1,150,1,11.141,13.391,0.9993,0.9993,33,0,33,0,123,123,130,0.007372,0.01257,0.013482,1,1,1,2099.8
random,1,151,1,11.141,13.391,0.9991,0.9991,33,0,33,0,123,123,131,0.007372,0.01257,0.013482,1,1,1,2099.8
random,1,152,1,14.998,18.665,0.9992,0.9992,31,1,31,0,123,124,131,0.019259,0.012417,0.013319,1,1,1,2099.8
random,1,153,1,13.486,15.146,0.999,0.999,31,2,31,0,123,124,132,0.015439,0.012505,0.012513,1,1,1,2099.8
random,1,154,1,13.634,15.446,0.9991,0.9991,31,3,31,0,123,125,132,0.015761,0.012612,0.012529,1,1,1,2099.8
random,1,155,1,13.711,15.719,0.9988,0.9988,31,4,31,0,123,125,133,0.016072,0.012539,0.012523,1,1,1,2099.8
random,1,156,1,13.559,15.318,0.9986,0.9986,27,5,27,0,123,125,134,0.015621,0.012593,0.012464,1,1,1,2099.8
random,1,157,1,13.559,15.318,0.9983,0.9983,27,5,27,0,123,125,135,0.015621,0.012593,0.012464,1,1,1,2099.8
random,1,158,11,13.56,15.321,0.9995,0.9995,27,6,27,0,128,131,135,0.015619,0.012641,0.01242,1,1,1,2099.8
random,1,159,1,13.606,15.359,0.9995,0.9995,27,8,27,0,128,132,135,0.015663,0.012624,0.012531,1,1,1,2099.8
random,1,160,1,13.732,15.567,0.9995,0.9995,24,9,24,0,128,133,135,0.015873,0.01281,0.012514,1,1,1,2099.8
random,1,161,1,13.605,15.413,0.9994,0.9994,24,10,24,0,128,133,136,0.015728,0.012577,0.012511,1,1,1,2099.8
random,1,162,1,13.627,15.431,0.9993,0.9993,24,11,24,0,128,134,136,0.015741,0.012642,0.012499,1,1,1,2099.8
random,1,163,1,13.569,15.273,0.9993,0.9993,24,12,24,0,128,135,136,0.015565,0.012642,0.012499,1,1,1,2099.8
random,1,164,1,13.709,15.312,0.9992,0.9992,24,12,24,0,128,136,136,0.015565,0.012528,0.013035,1,1,1,2099.8
random,1,165,11,13.642,15.451,0.9995,0.9995,17,13,17,0,133,140,138,0.015767,0.012548,0.012612,1,1,1,2099.8
random,1,166,11,13.605,15.41,0.9998,0.9998,17,15,17,0,138,141,143,0.015727,0.012535,0.012554,1,1,1,2099.8
random,1,167,11,13.495,15.133,0.9996,0.9996,17,17,17,0,141,144,148,0.015415,0.012591,0.012479,1,1,1,2099.8
random,1,168,1,13.575,15.315,0.9995,0.9995,19,19,14,0,141,144,149,0.015621,0.01256,0.012545,1,1,1,2099.8
random,1,169,1,13.635,15.477,0.9995,0.9995,20,20,14,0,141,145,149,0.015801,0.01256,0.012545,1,1,1,2099.8
random,1,170,1,13.706,15.503,0.9994,0.9994,20,20,14,0,141,145,150,0.015801,0.01282,0.012498,1,1,1,2099.8
random,1,171,11,13.619,15.233,0.9999,0.9999,21,21,14,0,147,149,151,0.015506,0.012777,0.012574,1,1,1,2099.8
random,1,172,1,13.639,15.483,0.9998,0.9998,23,23,14,0,147,149,152,0.015803,0.012607,0.012506,1,1,1,2099.8
random,1,173,1,13.662,15.527,0.9999,0.9999,24,24,9,0,148,149,152,0.015851,0.012616,0.012519,1,1,1,2099.8
random,1,174,10,13.804,15.272,1.0,1.0,26,26,9,0,152,153,154,0.015487,0.01334,0.012585,1,1,1,2099.8
random,1,175,11,13.594,15.41,1.0,1.0,28,28,9,0,157,156,157,0.015724,0.012472,0.012585,1,1,1,2099.8
random,1,176,1,13.591,15.409,1.0,1.0,28,28,9,0,157,156,158,0.015724,0.012472,0.012578,1,1,1,2099.8
random,1,177,11,13.8,15.216,1.0,1.0,30,30,4,0,161,160,161,0.015411,0.013461,0.012527,1,1,1,2099.8
random,1,178,1,13.59,15.546,1.0,1.0,31,31,4,0,161,160,162,0.015882,0.012362,0.012526,1,1,1,2099.8
random,1,179,11,13.957,15.754,0.9999,0.9999,33,33,4,0,166,163,165,0.016027,0.012542,0.013302,1,1,1,2099.8
random,2,0,0,15.193,24.373,1.0,1.0,0,0,0,0,0,0,0,0.007427,0.012456,0.025697,1,1,1,2299.6
random,2,1,1,15.276,24.535,0.3333,0.3333,37,37,0,3,0,1,0,0.007387,0.012579,0.025863,1,1,1,2299.6
random,2,2,1,15.596,24.538,0.6667,0.6667,37,37,0,3,1,1,0,0.008308,0.012617,0.025863,1,1,1,2299.6
random,2,3,1,15.735,24.913,0.6,0.6,37,37,0,4,2,1,0,0.008308,0.012617,0.026279,1,1,1,2299.6
random,2,4,1,15.253,24.484,0.5333,0.5333,37,37,0,5,3,1,0,0.007347,0.012607,0.025804,1,1,1,2299.6
random,2,5,1,15.353,24.719,0.641,0.641,37,37,0,6,3,2,0,0.007431,0.012557,0.02607,1,1,1,2299.6
random,2,6,1,15.505,25.073,0.6,0.6,37,37,0,7,4,2,0,0.007358,0.012711,0.026447,1,1,1,2299.6
random,2,7,1,15.233,24.369,0.6533,0.6533,37,37,0,8,4,3,0,0.007444,0.012577,0.025679,1,1,1,2299.6
random,2,8,1,15.157,24.355,0.6667,0.6667,37,37,0,8,4,4,0,0.00735,0.012441,0.025679,1,1,1,2299.6
random,2,9,11,15.421,25.069,0.8783,0.8783,37,37,0,9,8,8,3,0.00735,0.012441,0.026472,1,1,1,2299.6
random,2,10,1,15.531,24.509,0.8658,0.8658,37,37,0,11,9,8,3,0.008195,0.01256,0.025837,1,1,1,2299.6
random,2,11,11,15.067,24.213,0.962,0.962,37,37,0,13,13,10,8,0.007387,0.012276,0.025539,1,1,1,2299.6
random,2,12,11,15.159,24.245,0.9577,0.9577,37,37,0,15,17,15,10,0.007358,0.012577,0.025542,1,1,1,2299.6
random,2,13,11,15.381,24.749,0.9643,0.9643,37,37,0,17,21,19,13,0.007525,0.012509,0.026109,1,1,1,2299.6
random,2,14,1,15.333,24.75,0.9586,0.9586,37,37,0,17,22,19,13,0.007373,0.012517,0.026109,1,1,1,2299.6
random,2,15,11,15.202,24.396,0.9828,0.9828,37,37,0,18,25,22,18,0.007373,0.012517,0.025716,1,1,1,2299.6
random,2,16,11,15.322,24.738,0.9874,0.9874,37,37,0,20,25,29,22,0.007338,0.012533,0.026094,1,1,1,2299.6
random,2,17,1,15.507,24.586,0.9877,0.9877,37,37,0,22,26,29,22,0.007375,0.013307,0.025839,1,1,1,2299.6
random,2,18,1,15.181,24.248,0.9845,0.9845,37,37,0,23,26,30,22,0.00744,0.012556,0.025547,1,1,1,2299.6
random,2,19,1,15.799,25.062,0.9808,0.9808,37,37,0,24,26,31,22,0.007628,0.013412,0.026357,1,1,1,2299.6
random,2,20,1,15.404,24.967,0.9768,0.9768,37,37,0,24,26,32,22,0.007398,0.012457,0.026357,1,1,1,2299.6
random,2,21,11,15.179,24.359,0.9841,0.9841,37,37,0,25,32,34,25,0.007398,0.012457,0.025681,1,1,1,2299.6
random,2,22,1,15.285,24.518,0.9817,0.9817,37,37,0,27,32,35,25,0.007428,0.012582,0.025844,1,1,1,2299.6
random,2,23,1,15.36,24.749,0.9809,0.9809,37,37,0,28,33,35,25,0.00741,0.012566,0.026103,1,1,1,2299.6
random,2,24,1,15.321,24.708,0.9798,0.9798,37,37,0,29,34,35,25,0.007379,0.012522,0.026062,1,1,1,2299.6
random,2,25,1,15.392,24.592,0.9777,0.9777,37,37,0,30,34,36,25,0.007411,0.01287,0.025894,1,1,1,2299.6
random,2,26,11,15.384,24.592,0.9914,0.9914,37,37,0,30,36,39,31,0.007387,0.01287,0.025894,1,1,1,2299.6
random,2,27,11,15.248,24.552,0.9909,0.9909,37,37,0,32,38,44,35,0.007387,0.01246,0.025896,1,1,1,2299.6
random,2,28,1,15.35,24.759,0.9888,0.9888,37,37,0,34,38,45,35,0.007384,0.012549,0.026116,1,1,1,2299.6
random,2,29,0,15.641,24.735,0.9888,0.9888,35,35,0,35,38,45,35,0.008091,0.012767,0.026065,1,1,1,2299.6
random,2,30,11,15.357,24.673,0.9975,0.9975,37,35,0,37,44,45,40,0.007426,0.012634,0.026011,1,1,1,2299.6
random,2,31,11,15.439,24.354,0.9962,0.9962,39,35,0,39,47,50,43,0.008195,0.012446,0.025677,1,1,1,2299.6
random,2,32,1,15.268,24.354,0.9952,0.9952,39,32,0,39,47,51,43,0.00768,0.012446,0.025677,1,1,1,2299.6
random,2,33,11,15.446,24.727,0.9955,0.9955,40,32,0,40,52,54,46,0.00768,0.012582,0.026077,1,1,1,2299.6
random,2,34,11,15.316,24.609,0.9905,0.9905,43,32,0,43,54,61,48,0.007405,0.012599,0.025943,1,1,1,2299.6
random,2,35,1,15.302,24.537,0.9891,0.9891,44,32,0,44,54,62,48,0.007469,0.01257,0.025867,1,1,1,2299.6
random,2,36,1,15.255,24.512,0.9893,0.9893,45,27,0,45,55,62,48,0.007425,0.012493,0.025848,1,1,1,2299.6
random,2,37,1,15.304,24.607,0.9879,0.9879,46,27,0,46,55,63,48,0.007447,0.012513,0.025951,1,1,1,2299.6
random,2,38,11,15.316,24.607,0.9918,0.9918,46,27,0,46,58,66,53,0.007483,0.012513,0.025951,1,1,1,2299.6
random,2,39,11,15.48,24.477,0.9939,0.9939,48,27,0,48,62,69,57,0.007483,0.013231,0.025727,1,1,1,2299.6
random,2,40,1,15.706,24.833,0.9928,0.9928,50,27,0,50,62,70,57,0.007428,0.01361,0.02608,1,1,1,2299.6
random,2,41,1,15.206,24.297,0.993,0.993,51,23,0,51,63,70,57,0.007445,0.012573,0.0256,1,1,1,2299.6
random,2,42,11,15.68,24.898,0.9923,0.9923,53,23,0,53,69,73,59,0.007407,0.013463,0.026169,1,1,1,2299.6
random,2,43,1,15.284,24.466,0.9915,0.9915,54,23,0,54,69,74,59,0.007428,0.012646,0.025779,1,1,1,2299.6
random,2,44,1,15.284,24.466,0.9906,0.9906,54,23,0,54,69,75,59,0.007428,0.012646,0.025779,1,1,1,2299.6
random,2,45,1,15.356,24.79,0.9896,0.9896,55,18,0,55,69,76,59,0.007457,0.01245,0.026161,1,1,1,2299.6
random,2,46,1,15.358,24.8,0.9895,0.9895,56,18,0,56,70,76,59,0.007415,0.012492,0.026168,1,1,1,2299.6
random,2,47,1,15.43,24.898,0.9885,0.9885,57,18,0,57,70,77,59,0.007406,0.012621,0.026262,1,1,1,2299.6
random,2,48,1,15.297,24.587,0.9884,0.9884,58,18,0,58,71,77,59,0.007418,0.012549,0.025925,1,1,1,2299.6
random,2,49,11,15.616,24.934,0.9905,0.9905,60,13,0,60,75,80,63,0.007274,0.013354,0.026221,1,1,1,2299.6
random,2,50,1,15.616,24.934,0.9902,0.9902,60,13,0,60,76,80,63,0.007274,0.013354,0.026221,1,1,1,2299.6
random,2,51,1,15.251,24.566,0.9894,0.9894,61,13,0,61,76,81,63,0.007331,0.012518,0.025905,1,1,1,2299.6
random,2,52,1,15.271,24.555,0.9891,0.9891,62,13,0,62,77,81,63,0.007378,0.012545,0.025889,1,1,1,2299.6
random,2,53,1,15.672,25.497,0.9888,0.9888,63,7,0,63,78,81,63,0.007495,0.012589,0.026931,1,1,1,2299.6
random,2,54,1,15.352,24.745,0.988,0.988,64,7,0,64,78,82,63,0.007354,0.012607,0.026094,1,1,1,2299.6
random,2,55,11,15.364,24.796,0.9888,0.9888,67,7,0,67,80,87,67,0.007402,0.012531,0.026159,1,1,1,2299.6
random,2,56,7,15.364,24.796,0.9892,0.9892,67,7,0,67,83,89,69,0.007402,0.012531,0.026159,1,1,1,2299.6
random,2,57,4,15.603,25.447,0.9866,0.9866,68,1,0,68,84,92,69,0.007396,0.012532,0.026882,1,1,1,2299.6
random,2,58,1,15.341,24.646,0.9856,0.9856,69,1,0,69,84,93,69,0.007415,0.012625,0.025982,1,1,1,2299.6
random,2,59,1,15.865,25.213,0.9855,0.9855,70,1,0,70,85,93,69,0.008216,0.012786,0.026594,1,1,1,2299.6
random,2,60,1,15.335,24.667,0.9846,0.9893,71,1,0,71,85,94,69,0.007411,0.012585,0.026009,1,0,1,2299.6
random,2,61,1,11.115,13.283,0.9836,0.9893,69,0,0,69,85,95,69,0.007436,0.013365,0.012543,1,0,1,2299.6
random,2,62,1,11.115,13.283,0.9835,0.9881,69,0,0,69,86,95,69,0.007436,0.013365,0.012543,1,0,1,2299.6
random,2,63,1,11.102,13.344,0.9826,0.9881,69,0,0,69,86,96,69,0.007412,0.013443,0.012452,1,0,1,2299.6
random,2,64,1,10.818,12.542,0.984,0.9896,69,0,0,69,86,96,70,0.00739,0.012521,0.012544,1,0,1,2299.6
random,2,65,1,10.829,12.607,0.9854,0.991,66,0,0,66,86,96,71,0.007317,0.012612,0.012559,1,0,1,2299.6
random,2,66,1,11.139,13.356,0.9853,0.9898,66,0,0,66,87,96,71,0.007381,0.01344,0.012596,1,0,1,2299.6
random,2,67,1,11.138,13.357,0.9844,0.9898,66,0,0,66,87,97,71,0.007395,0.013444,0.012576,1,0,1,2299.6
random,2,68,1,11.132,13.357,0.9834,0.9898,66,0,0,66,87,98,71,0.007377,0.013444,0.012576,1,0,1,2299.6
random,2,69,1,11.14,13.214,0.9834,0.9887,66,0,0,66,88,98,71,0.007377,0.013262,0.012781,1,0,1,2299.6
random,2,70,1,10.855,12.613,0.9832,0.9875,61,0,0,61,89,98,71,0.007361,0.012589,0.012616,1,0,1,2299.6
random,2,71,1,10.845,12.613,0.9831,0.9863,61,0,0,61,90,98,71,0.007371,0.012621,0.012544,1,0,1,2299.6
random,2,72,1,10.84,12.629,0.9845,0.9878,61,0,0,61,90,98,72,0.007316,0.012569,0.012636,1,0,1,2299.6
random,2,73,1,10.802,12.516,0.9858,0.9892,56,0,0,56,90,98,73,0.007418,0.012522,0.012466,1,0,1,2299.6
random,2,74,1,10.79,12.506,0.9871,0.9906,56,0,0,56,90,98,74,0.007393,0.01251,0.012466,1,0,1,2299.6
random,2,75,1,10.802,12.509,0.9883,0.9918,56,0,0,56,90,98,75,0.007393,0.01251,0.012504,1,0,1,2299.6
random,2,76,1,10.82,12.589,0.9882,0.9908,56,0,0,56,91,98,75,0.007406,0.012605,0.01245,1,0,1,2299.6
random,2,77,1,10.857,12.619,0.9893,0.992,56,0,0,56,91,98,76,0.00743,0.012509,0.012631,1,0,1,2299.6
random,2,78,1,10.826,12.549,0.9904,0.9931,49,0,0,49,91,98,77,0.007416,0.012553,0.012508,1,0,1,2299.6
random,2,79,1,10.998,12.612,0.9897,0.9931,49,0,0,49,91,99,77,0.007771,0.012611,0.012612,1,0,1,2299.6
random,2,80,1,11.138,13.325,0.9907,0.9941,49,0,0,49,91,99,78,0.007392,0.012618,0.013404,1,0,1,2299.6
random,2,81,1,11.138,13.325,0.9917,0.995,49,0,0,49,91,99,79,0.007392,0.012618,0.013404,1,0,1,2299.6
random,2,82,1,10.87,12.597,0.9909,0.995,46,0,0,46,91,100,79,0.007427,0.012584,0.012598,1,0,1,2299.6
random,2,83,1,11.006,12.986,0.9902,0.995,46,0,0,46,91,101,79,0.00746,0.012519,0.013038,1,0,1,2299.6
random,2,84,1,10.793,12.514,0.9911,0.9959,46,0,0,46,91,101,80,0.007412,0.012522,0.012444,1,0,1,2299.6
random,2,85,1,10.865,12.613,0.9911,0.9952,42,0,0,42,92,101,80,0.007423,0.012553,0.01262,1,0,1,2299.6
random,2,86,1,10.847,12.562,0.9904,0.9952,42,0,0,42,92,102,80,0.007446,0.012566,0.012529,1,0,1,2299.6
random,2,87,1,10.847,12.562,0.9913,0.996,42,0,0,42,92,102,81,0.007446,0.012566,0.012529,1,0,1,2299.6
random,2,88,1,10.837,12.554,0.9922,0.9967,42,0,0,42,92,102,82,0.007423,0.012557,0.01253,1,0,1,2299.6
random,2,89,1,10.903,12.7,0.9922,0.9961,42,0,0,42,93,102,82,0.007339,0.012667,0.012704,1,0,1,2299.6
random,2,90,1,10.947,12.58,0.9915,0.9915,36,0,0,36,93,103,82,0.007747,0.012588,0.012506,1,1,1,2299.6
random,2,91,1,16.375,27.604,0.9924,0.9924,36,0,1,36,93,103,83,0.007391,0.029288,0.012446,1,1,1,2299.6
random,2,92,1,15.324,24.676,0.9924,0.9924,36,0,2,36,94,103,83,0.007393,0.026022,0.012558,1,1,1,2299.6
random,2,93,11,15.31,24.676,0.9913,0.9913,36,0,2,36,99,107,85,0.007349,0.026022,0.012558,1,1,1,2299.6
random,2,94,11,15.641,25.535,0.9861,0.9861,30,0,4,30,103,114,85,0.007349,0.026972,0.012602,1,1,1,2299.6
random,2,95,1,15.336,24.744,0.9853,0.9853,30,0,6,30,103,115,85,0.007386,0.026102,0.012519,1,1,1,2299.6
random,2,96,10,15.348,24.669,0.9854,0.9854,30,0,8,30,106,119,88,0.007415,0.026008,0.012622,1,1,1,2299.6
random,2,97,11,15.382,24.834,0.9836,0.9836,30,0,10,30,110,124,90,0.007381,0.026197,0.012567,1,1,1,2299.6
random,2,98,1,15.297,24.501,0.9836,0.9836,25,0,11,25,111,124,90,0.007396,0.025814,0.01268,1,1,1,2299.6
random,2,99,1,15.313,24.501,0.9846,0.9846,25,0,11,25,111,124,91,0.007444,0.025814,0.01268,1,1,1,2299.6
random,2,100,1,15.259,24.439,0.9846,0.9846,25,0,12,25,112,124,91,0.007444,0.025757,0.012575,1,1,1,2299.6
random,2,101,1,15.236,24.666,0.9856,0.9856,25,0,13,25,112,124,92,0.007325,0.026034,0.012349,1,1,1,2299.6
random,2,102,1,15.364,24.763,0.9856,0.9856,20,0,14,20,113,124,92,0.007415,0.026119,0.012558,1,1,1,2299.6
random,2,103,1,15.391,24.741,0.9866,0.9866,20,0,15,20,113,124,93,0.007369,0.026076,0.012729,1,1,1,2299.6
random,2,104,1,15.343,24.736,0.9875,0.9875,20,0,16,20,113,124,94,0.00741,0.026093,0.012526,1,1,1,2299.6
random,2,105,1,15.354,24.736,0.9875,0.9875,20,0,16,20,114,124,94,0.007442,0.026093,0.012526,1,1,1,2299.6
random,2,106,11,15.283,24.6,0.9874,0.9874,17,0,17,16,118,128,97,0.007442,0.025949,0.012458,1,1,1,2299.6
random,2,107,11,15.263,24.494,0.9866,0.9866,19,0,19,16,124,131,99,0.007404,0.025819,0.012566,1,1,1,2299.6
random,2,108,1,15.237,24.49,0.9876,0.9876,21,0,21,16,124,131,100,0.007368,0.02582,0.012522,1,1,1,2299.6
random,2,109,1,15.294,24.399,0.9874,0.9874,22,0,22,16,125,131,100,0.00742,0.025691,0.012771,1,1,1,2299.6
random,2,110,11,15.253,24.454,0.9863,0.9863,24,0,24,11,131,134,102,0.007404,0.025773,0.012583,1,1,1,2299.6
random,2,111,1,15.254,24.454,0.9872,0.9872,24,0,24,11,131,134,103,0.007407,0.025773,0.012583,1,1,1,2299.6
random,2,112,1,15.252,24.446,0.9881,0.9881,25,0,25,11,131,134,104,0.007407,0.025764,0.012585,1,1,1,2299.6
random,2,113,1,15.346,24.772,0.989,0.989,26,0,26,11,131,134,105,0.007361,0.02613,0.012548,1,1,1,2299.6
random,2,114,1,15.691,24.885,0.9887,0.9887,27,0,27,8,132,134,105,0.007391,0.026146,0.013535,1,1,1,2299.6
random,2,115,11,15.372,24.748,0.9884,0.9884,33,0,33,8,135,139,108,0.007442,0.026101,0.012572,1,1,1,2299.6
random,2,116,11,15.26,24.555,0.9885,0.9885,31,0,31,8,141,141,111,0.007353,0.02589,0.012538,1,1,1,2299.6
random,2,117,11,15.26,24.555,0.9894,0.9894,31,0,31,8,144,145,115,0.007353,0.02589,0.012538,1,1,1,2299.6
random,2,118,11,15.302,24.638,0.9902,0.9902,33,0,33,8,146,150,119,0.007379,0.025981,0.012547,1,1,1,2299.6
random,2,119,1,15.538,24.756,0.9909,0.9909,35,0,35,2,146,150,120,0.007394,0.026043,0.013177,1,1,1,2299.6
random,2,120,1,15.551,24.61,0.9907,0.9878,36,0,36,2,147,150,120,0.007387,0.025854,0.013412,0,1,1,2299.6
random,2,121,1,11.043,12.583,0.9904,0.9878,36,0,36,2,148,150,120,0.008078,0.012454,0.012597,0,1,1,2299.6
random,2,122,1,10.876,12.603,0.9902,0.9878,36,0,36,0,149,150,120,0.007443,0.01258,0.012606,0,1,1,2299.6
random,2,123,1,10.809,12.603,0.9899,0.9871,36,0,36,0,149,151,120,0.00724,0.01258,0.012606,0,1,1,2299.6
random,2,124,0,10.782,12.578,0.9899,0.9871,36,0,36,0,149,151,120,0.00724,0.012521,0.012584,0,1,1,2299.6
random,2,125,1,10.835,12.579,0.9895,0.9863,36,0,36,0,149,152,120,0.007373,0.012549,0.012582,0,1,1,2299.6
random,2,126,1,10.886,12.666,0.9902,0.9873,36,0,36,0,149,152,121,0.007415,0.012565,0.012677,0,1,1,2299.6
random,2,127,1,10.948,12.848,0.99,0.9873,36,0,36,0,150,152,121,0.007442,0.012516,0.012885,0,1,1,2299.6
random,2,128,1,11.083,13.274,0.9907,0.9882,36,0,36,0,150,152,122,0.007404,0.012482,0.013362,0,1,1,2299.6
random,2,129,1,11.259,13.274,0.9904,0.9882,36,0,36,0,151,152,122,0.007932,0.012482,0.013362,0,1,1,2299.6
random,2,130,1,10.979,12.545,0.9902,0.9882,36,0,36,0,152,152,122,0.007932,0.012451,0.012555,0,1,1,2299.6
random,2,131,1,10.844,12.6,0.9899,0.9875,36,0,36,0,152,153,122,0.007336,0.012601,0.012594,0,1,1,2299.6
random,2,132,1,10.816,12.569,0.9896,0.9875,36,0,36,0,153,153,122,0.00741,0.012458,0.012581,0,1,1,2299.6
random,2,133,1,10.812,12.562,0.9903,0.9883,36,0,36,0,153,153,123,0.007378,0.012487,0.01257,0,1,1,2299.6
random,2,134,1,10.838,12.585,0.99,0.9876,36,0,36,0,153,154,123,0.00742,0.0125,0.012594,0,1,1,2299.6
random,2,135,1,10.827,12.57,0.9897,0.9869,36,0,36,0,153,155,123,0.007432,0.012466,0.012582,0,1,1,2299.6
random,2,136,1,10.827,12.57,0.9894,0.9862,36,0,36,0,153,156,123,0.007432,0.012466,0.012582,0,1,1,2299.6
random,2,137,1,10.862,12.574,0.9901,0.9871,36,0,36,0,153,156,124,0.007484,0.012522,0.01258,0,1,1,2299.6
random,2,138,1,10.829,12.575,0.9899,0.9871,36,0,36,0,154,156,124,0.007405,0.012498,0.012584,0,1,1,2299.6
random,2,139,1,10.94,12.799,0.9905,0.988,36,0,36,0,154,156,125,0.007411,0.012586,0.012823,0,1,1,2299.6
random,2,140,1,10.834,12.577,0.9903,0.988,36,0,36,0,155,156,125,0.00742,0.012497,0.012586,0,1,1,2299.6
random,2,141,1,10.776,12.507,0.991,0.9888,36,0,36,0,155,156,126,0.007376,0.012439,0.012514,0,1,1,2299.6
random,2,142,1,10.78,12.507,0.9916,0.9896,36,0,36,0,155,156,127,0.007387,0.012439,0.012514,0,1,1,2299.6
random,2,143,1,10.807,12.543,0.9913,0.9896,36,0,36,0,156,156,127,0.007387,0.012549,0.012486,0,1,1,2299.6
random,2,144,1,10.963,12.602,0.992,0.9904,36,0,36,0,156,156,128,0.007699,0.012604,0.012587,0,1,1,2299.6
random,2,145,1,10.797,12.546,0.9926,0.9911,36,0,36,0,156,156,129,0.007383,0.01245,0.012557,0,1,1,2299.6
random,2,146,1,11.148,13.223,0.9931,0.9918,36,0,36,0,156,156,130,0.007442,0.012724,0.013278,0,1,1,2299.6
random,2,147,1,10.835,12.579,0.9929,0.9918,36,0,36,0,157,156,130,0.007397,0.012585,0.012523,0,1,1,2299.6
random,2,148,1,11.139,12.579,0.9926,0.9918,36,0,36,0,158,156,130,0.008309,0.012585,0.012523,0,1,1,2299.6
random,2,149,1,11.083,12.488,0.9932,0.9925,36,0,36,0,158,156,131,0.008309,0.012492,0.012449,0,1,1,2299.6
random,2,150,1,10.826,12.55,0.993,0.993,36,0,36,0,158,157,131,0.007389,0.012551,0.012539,1,1,1,2299.6
random,2,151,11,15.207,19.387,0.992,0.992,36,1,36,0,163,161,133,0.020095,0.013014,0.012511,1,1,1,2299.6
random,2,152,1,14.056,16.118,0.9918,0.9918,36,3,36,0,163,162,133,0.01644,0.012508,0.013221,1,1,1,2299.6
random,2,153,1,13.553,15.211,0.9915,0.9915,36,4,36,0,163,163,133,0.015503,0.01258,0.012575,1,1,1,2299.6
random,2,154,1,13.598,15.42,0.9921,0.9921,36,5,36,0,163,163,134,0.015736,0.012484,0.012575,1,1,1,2299.6
random,2,155,1,13.847,15.495,0.9919,0.9919,36,5,36,0,163,164,134,0.015736,0.012484,0.013322,1,1,1,2299.6
random,2,156,1,13.63,15.487,0.9916,0.9916,31,6,31,0,163,165,134,0.015813,0.012554,0.012524,1,1,1,2299.6
random,2,157,1,13.593,15.392,0.9922,0.9922,31,7,31,0,163,165,135,0.015709,0.012543,0.012526,1,1,1,2299.6
random,2,158,1,13.77,15.849,0.9919,0.9919,31,8,31,0,163,166,135,0.016212,0.012582,0.012516,1,1,1,2299.6
random,2,159,1,13.99,15.573,0.9925,0.9925,25,9,25,0,163,166,136,0.015785,0.013663,0.012523,1,1,1,2299.6
random,2,160,11,13.529,15.318,0.9938,0.9938,25,11,25,0,167,168,141,0.015629,0.012435,0.012523,1,1,1,2299.6
random,2,161,1,13.544,15.323,0.9943,0.9943,25,11,25,0,167,168,142,0.015629,0.012435,0.012567,1,1,1,2299.6
random,2,162,11,13.484,15.018,0.9954,0.9954,25,12,25,0,170,171,147,0.015289,0.012582,0.01258,1,1,1,2299.6
random,2,163,0,13.614,15.461,0.9954,0.9954,22,14,22,0,170,171,147,0.015782,0.012575,0.012486,1,1,1,2299.6
random,2,164,1,13.756,15.774,0.9952,0.9952,22,15,22,0,170,172,147,0.016129,0.01256,0.012578,1,1,1,2299.6
random,2,165,1,13.517,15.216,0.9956,0.9956,22,16,22,0,170,172,148,0.015515,0.012525,0.012512,1,1,1,2299.6
random,2,166,11,13.613,15.421,0.9942,0.9942,22,18,22,0,176,176,149,0.015735,0.012591,0.012512,1,1,1,2299.6
random,2,167,11,13.611,15.421,0.994,0.994,22,18,22,0,182,178,152,0.015735,0.012591,0.012507,1,1,1,2299.6
random,2,168,1,13.622,15.364,0.9944,0.9944,20,20,16,0,182,178,153,0.015672,0.012597,0.012597,1,1,1,2299.6
random,2,169,1,13.758,15.228,0.9943,0.9943,21,21,16,0,182,179,153,0.015446,0.013264,0.012563,1,1,1,2299.6
random,2,170,1,13.603,15.523,0.9947,0.9947,22,22,16,0,182,179,154,0.015862,0.012472,0.012474,1,1,1,2299.6
random,2,171,1,13.621,15.365,0.9945,0.9945,23,23,12,0,182,180,154,0.015672,0.012586,0.012604,1,1,1,2299.6
random,2,172,1,13.597,15.285,0.9949,0.9949,24,24,12,0,182,180,155,0.015583,0.012604,0.012604,1,1,1,2299.6
random,2,173,11,13.571,15.285,0.9942,0.9942,24,24,12,0,184,187,157,0.015583,0.012604,0.012527,1,1,1,2299.6
random,2,174,11,13.648,15.488,0.9951,0.9951,26,26,12,0,187,190,162,0.015812,0.012577,0.012555,1,1,1,2299.6
random,2,175,1,13.605,15.385,0.9955,0.9955,28,28,12,0,187,190,163,0.015698,0.012571,0.012545,1,1,1,2299.6
random,2,176,11,13.564,15.401,0.9954,0.9954,29,29,7,0,193,192,166,0.015724,0.012475,0.012494,1,1,1,2299.6
random,2,177,1,13.96,15.617,0.9952,0.9952,31,31,7,0,193,193,166,0.015856,0.013468,0.012555,1,1,1,2299.6
random,2,178,1,13.775,15.698,0.9956,0.9956,32,32,7,0,193,193,167,0.016026,0.012745,0.012555,1,1,1,2299.6
random,2,179,1,13.774,15.698,0.9959,0.9959,32,32,7,0,193,193,168,0.016026,0.012745,0.012551,1,1,1,2299.6
least_connections,1,0,0,15.401,24.912,1.0,1.0,0,0,0,0,0,0,0,0.007395,0.01252,0.026289,1,1,1,3214.6
least_connections,1,1,11,15.331,24.669,0.9837,0.9837,37,37,0,4,4,3,4,0.007411,0.012567,0.026014,1,1,1,3214.6
least_connections,1,2,1,15.284,24.681,1.0,1.0,37,37,0,5,4,4,4,0.007361,0.012451,0.02604,1,1,1,3214.6
least_connections,1,3,1,15.284,24.681,0.9883,0.9883,37,37,0,5,5,4,4,0.007361,0.012451,0.02604,1,1,1,3214.6
least_connections,1,4,11,15.579,24.733,0.9897,0.9897,37,37,0,7,7,8,9,0.007402,0.013335,0.025999,1,1,1,3214.6
least_connections,1,5,1,15.25,24.459,0.9968,0.9968,37,37,0,8,8,8,9,0.007373,0.012601,0.025777,1,1,1,3214.6
least_connections,1,6,1,15.514,24.777,0.9971,0.9971,37,37,0,9,9,8,9,0.00783,0.012578,0.026133,1,1,1,3214.6
least_connections,1,7,1,15.426,24.897,1.0,1.0,37,37,0,10,9,9,9,0.007467,0.01254,0.02627,1,1,1,3214.6
least_connections,1,8,1,15.47,25.059,0.9975,0.9975,37,37,0,11,10,9,9,0.007407,0.012556,0.026448,1,1,1,3214.6
least_connections,1,9,11,15.47,25.059,0.9961,0.9961,37,37,0,11,14,12,13,0.007407,0.012556,0.026448,1,1,1,3214.6
least_connections,1,10,1,15.353,24.681,0.9913,0.9913,37,37,0,13,15,12,13,0.007425,0.012613,0.026022,1,1,1,3214.6
least_connections,1,11,1,15.203,24.32,0.9953,0.9953,37,37,0,14,15,13,13,0.007457,0.012521,0.025631,1,1,1,3214.6
least_connections,1,12,1,15.339,24.673,0.9966,0.9966,37,37,0,15,15,14,13,0.007376,0.012629,0.026011,1,1,1,3214.6
least_connections,1,13,1,15.753,24.93,0.9925,0.9925,37,37,0,16,16,14,13,0.007596,0.013459,0.026205,1,1,1,3214.6
least_connections,1,14,1,15.715,24.952,0.9928,0.9928,37,37,0,17,16,15,13,0.00822,0.0126,0.026324,1,1,1,3214.6
least_connections,1,15,1,15.715,24.952,0.9883,0.9883,37,37,0,17,17,15,13,0.00822,0.0126,0.026324,1,1,1,3214.6
least_connections,1,16,11,15.278,24.631,0.9825,0.9825,37,37,0,18,22,18,16,0.007407,0.012442,0.025985,1,1,1,3214.6
least_connections,1,17,1,15.326,24.501,0.9837,0.9837,37,37,0,21,22,19,16,0.007413,0.012761,0.025805,1,1,1,3214.6
least_connections,1,18,1,15.287,24.61,0.9785,0.9785,37,37,0,21,23,19,16,0.007389,0.012517,0.025954,1,1,1,3214.6
least_connections,1,19,11,15.553,24.615,0.9962,0.9962,37,37,0,23,24,21,24,0.007929,0.012803,0.025928,1,1,1,3214.6
least_connections,1,20,11,15.596,24.683,0.9941,0.9941,37,37,0,23,29,24,27,0.00738,0.013479,0.025928,1,1,1,3214.6
least_connections,1,21,11,15.667,24.877,0.9983,0.9983,37,37,0,25,32,29,30,0.00738,0.013479,0.026143,1,1,1,3214.6
least_connections,1,22,1,15.167,24.334,0.9969,0.9969,37,37,0,27,33,29,30,0.00735,0.012503,0.025648,1,1,1,3214.6
least_connections,1,23,11,15.675,24.779,0.9947,0.9947,37,37,0,28,37,31,35,0.008093,0.012824,0.026107,1,1,1,3214.6
least_connections,1,24,11,15.343,24.695,0.9913,0.9913,37,37,0,30,41,33,40,0.007407,0.012581,0.026041,1,1,1,3214.6
least_connections,1,25,11,15.348,24.793,0.9874,0.9874,37,37,0,32,45,35,45,0.007382,0.012504,0.026158,1,1,1,3214.6
least_connections,1,26,1,15.395,24.801,0.9899,0.9899,34,34,0,32,45,36,45,0.007438,0.012588,0.026158,1,1,1,3214.6
least_connections,1,27,0,15.368,24.729,0.9899,0.9899,34,34,0,34,45,36,45,0.007438,0.012588,0.026078,1,1,1,3214.6
least_connections,1,28,1,15.276,24.546,0.9888,0.9888,35,34,0,35,46,36,45,0.007383,0.012569,0.025877,1,1,1,3214.6
least_connections,1,29,1,15.355,24.775,0.9912,0.9912,36,34,0,36,46,37,45,0.007345,0.012592,0.026129,1,1,1,3214.6
least_connections,1,30,11,15.293,24.574,0.9934,0.9934,38,34,0,38,49,41,49,0.007404,0.012568,0.025908,1,1,1,3214.6
least_connections,1,31,11,15.37,24.775,0.9997,0.9997,40,31,0,40,51,49,50,0.007409,0.012569,0.026131,1,1,1,3214.6
least_connections,1,32,11,15.354,24.771,0.9997,0.9997,40,31,0,40,55,53,53,0.007402,0.012528,0.026131,1,1,1,3214.6
least_connections,1,33,1,15.345,24.746,0.9993,0.9993,42,31,0,42,56,53,53,0.007402,0.012528,0.026104,1,1,1,3214.6
least_connections,1,34,11,15.59,24.637,0.9997,0.9997,43,31,0,43,59,57,57,0.007389,0.013509,0.025873,1,1,1,3214.6
least_connections,1,35,11,15.225,24.444,0.9999,0.9999,46,28,0,46,62,61,61,0.007399,0.012505,0.025771,1,1,1,3214.6
least_connections,1,36,1,15.432,25.015,0.9998,0.9998,47,28,0,47,63,61,61,0.007326,0.012573,0.026397,1,1,1,3214.6
least_connections,1,37,1,15.339,24.663,0.9998,0.9998,48,28,0,48,63,62,61,0.007398,0.012617,0.026001,1,1,1,3214.6
least_connections,1,38,1,15.333,24.659,0.9998,0.9998,48,28,0,48,63,63,61,0.007416,0.012581,0.026001,1,1,1,3214.6
least_connections,1,39,1,15.339,24.676,0.9996,0.9996,49,28,0,49,63,64,61,0.007416,0.012581,0.02602,1,1,1,3214.6
least_connections,1,40,1,15.256,24.625,0.9993,0.9993,50,22,0,50,63,65,61,0.007309,0.012484,0.025974,1,1,1,3214.6
least_connections,1,41,11,15.346,24.699,0.9985,0.9985,51,22,0,51,68,69,63,0.007399,0.012596,0.026044,1,1,1,3214.6
least_connections,1,42,1,15.428,24.676,0.9981,0.9981,53,22,0,53,68,70,63,0.007418,0.012878,0.025987,1,1,1,3214.6
least_connections,1,43,1,15.495,24.643,0.9976,0.9976,54,17,0,54,68,71,63,0.007417,0.013148,0.02592,1,1,1,3214.6
least_connections,1,44,11,15.299,24.583,0.9991,0.9991,54,17,0,54,70,74,69,0.007428,0.012548,0.02592,1,1,1,3214.6
least_connections,1,45,1,15.332,24.674,0.9986,0.9986,56,17,0,56,70,75,69,0.007428,0.012548,0.026021,1,1,1,3214.6
least_connections,1,46,11,15.724,25.09,0.9967,0.9967,57,17,0,57,73,81,71,0.007348,0.013438,0.026385,1,1,1,3214.6
least_connections,1,47,1,15.42,24.883,0.996,0.996,59,13,0,59,73,82,71,0.007378,0.012639,0.026244,1,1,1,3214.6
least_connections,1,48,1,15.359,24.751,0.9952,0.9952,60,13,0,60,73,83,71,0.007396,0.012578,0.026103,1,1,1,3214.6
least_connections,1,49,1,15.277,24.573,0.9944,0.9944,61,13,0,61,73,84,71,0.007349,0.012577,0.025906,1,1,1,3214.6
least_connections,1,50,1,15.284,24.569,0.9935,0.9935,61,13,0,61,73,85,71,0.007408,0.012539,0.025906,1,1,1,3214.6
least_connections,1,51,1,15.457,25.036,0.9925,0.9925,62,13,0,62,73,86,71,0.007408,0.012539,0.026425,1,1,1,3214.6
least_connections,1,52,1,15.313,24.668,0.993,0.993,63,7,0,63,74,86,71,0.007393,0.01253,0.026017,1,1,1,3214.6
least_connections,1,53,1,15.567,24.763,0.9933,0.9933,64,7,0,64,75,86,71,0.007375,0.013288,0.026038,1,1,1,3214.6
least_connections,1,54,7,15.272,24.517,0.9957,0.9957,65,7,0,65,77,87,75,0.00741,0.012559,0.025846,1,1,1,3214.6
least_connections,1,55,4,15.34,24.722,0.9972,0.9972,67,3,0,67,79,87,77,0.007391,0.012556,0.026074,1,1,1,3214.6
least_connections,1,56,1,15.347,24.722,0.9966,0.9966,67,3,0,67,79,88,77,0.00741,0.012556,0.026074,1,1,1,3214.6
least_connections,1,57,1,15.26,24.514,0.9959,0.9959,68,3,0,68,79,89,77,0.00741,0.012522,0.025847,1,1,1,3214.6
least_connections,1,58,11,15.527,24.55,0.997,0.997,70,3,0,70,82,92,82,0.007373,0.013421,0.025787,1,1,1,3214.6
least_connections,1,59,1,15.321,24.64,0.9973,0.9973,71,3,0,71,83,92,82,0.007399,0.012586,0.025979,1,1,1,3214.6
least_connections,1,60,1,15.255,24.512,0.9967,1.0,71,0,0,71,83,93,82,0.007338,0.01259,0.025837,1,0,1,3214.6
least_connections,1,61,1,10.802,12.489,0.997,1.0,71,0,0,71,83,93,83,0.007429,0.012489,0.012488,1,0,1,3214.6
least_connections,1,62,1,10.775,12.489,0.9973,1.0,71,0,0,71,83,93,84,0.007347,0.012489,0.012488,1,0,1,3214.6
least_connections,1,63,1,11.052,13.241,0.9975,0.9999,71,0,0,71,83,93,85,0.007347,0.013325,0.012485,1,0,1,3214.6
least_connections,1,64,1,11.087,12.569,0.9979,1.0,67,0,0,67,84,93,85,0.008205,0.012477,0.012579,1,0,1,3214.6
least_connections,1,65,1,11.082,13.24,0.9982,1.0,67,0,0,67,85,93,85,0.007376,0.013316,0.012553,1,0,1,3214.6
least_connections,1,66,1,10.935,12.797,0.9977,1.0,67,0,0,67,85,94,85,0.00741,0.012574,0.012822,1,0,1,3214.6
least_connections,1,67,1,10.81,12.569,0.9979,1.0,62,0,0,62,86,94,85,0.007299,0.01256,0.01257,1,0,1,3214.6
least_connections,1,68,1,10.835,12.566,0.9981,0.9999,62,0,0,62,87,94,85,0.007403,0.012531,0.01257,1,0,1,3214.6
least_connections,1,69,1,10.795,12.523,0.9984,1.0,62,0,0,62,87,94,86,0.007403,0.012531,0.012452,1,0,1,3214.6
least_connections,1,70,1,10.791,12.48,0.998,1.0,62,0,0,62,87,95,86,0.007437,0.012483,0.012454,1,0,1,3214.6
least_connections,1,71,1,10.791,12.521,0.9982,0.9999,62,0,0,62,88,95,86,0.007385,0.012528,0.012461,1,0,1,3214.6
least_connections,1,72,1,10.892,12.745,0.9977,0.9999,58,0,0,58,88,96,86,0.007336,0.012575,0.012764,1,0,1,3214.6
least_connections,1,73,1,10.819,12.561,0.998,1.0,58,0,0,58,88,96,87,0.00739,0.012568,0.012499,1,0,1,3214.6
least_connections,1,74,1,10.848,12.597,0.9975,1.0,58,0,0,58,88,97,87,0.007383,0.012559,0.012601,1,0,1,3214.6
least_connections,1,75,1,10.848,12.597,0.9978,1.0,58,0,0,58,88,97,88,0.007383,0.012559,0.012601,1,0,1,3214.6
least_connections,1,76,1,10.819,12.539,0.9981,1.0,55,0,0,55,88,97,89,0.0074,0.012517,0.012541,1,0,1,3214.6
least_connections,1,77,1,10.817,12.556,0.9982,0.9999,55,0,0,55,88,97,90,0.007414,0.012471,0.012566,1,0,1,3214.6
least_connections,1,78,1,10.804,12.539,0.9978,0.9999,55,0,0,55,88,98,90,0.007381,0.012485,0.012545,1,0,1,3214.6
least_connections,1,79,1,10.793,12.542,0.9973,0.9999,55,0,0,55,88,99,90,0.007307,0.012543,0.012529,1,0,1,3214.6
least_connections,1,80,1,10.874,12.603,0.9968,0.9999,49,0,0,49,88,100,90,0.007437,0.012605,0.012581,1,0,1,3214.6
least_connections,1,81,1,10.859,12.603,0.9962,0.9999,49,0,0,49,88,101,90,0.007392,0.012605,0.012581,1,0,1,3214.6
least_connections,1,82,1,10.765,12.477,0.9956,0.9999,49,0,0,49,88,102,90,0.007392,0.012484,0.012418,1,0,1,3214.6
least_connections,1,83,1,10.98,12.825,0.995,0.9999,49,0,0,49,88,103,90,0.007352,0.012833,0.012755,1,0,1,3214.6
least_connections,1,84,1,10.869,12.616,0.9943,0.9999,43,0,0,43,88,104,90,0.007414,0.012621,0.012573,1,0,1,3214.6
least_connections,1,85,1,10.907,12.706,0.9936,0.9999,43,0,0,43,88,105,90,0.007398,0.012606,0.012717,1,0,1,3214.6
least_connections,1,86,1,10.956,12.751,0.9928,0.9999,43,0,0,43,88,106,90,0.0074,0.012714,0.012755,1,0,1,3214.6
least_connections,1,87,1,10.899,12.734,0.992,0.9999,43,0,0,43,88,107,90,0.0074,0.012541,0.012755,1,0,1,3214.6
least_connections,1,88,1,10.823,12.54,0.9912,0.9999,43,0,0,43,88,108,90,0.0074,0.012541,0.012529,1,0,1,3214.6
least_connections,1,89,1,10.829,12.546,0.9917,1.0,37,0,0,37,89,108,90,0.007406,0.012532,0.012548,1,0,1,3214.6
least_connections,1,90,1,10.863,12.68,0.9922,0.9922,37,0,0,37,90,108,90,0.007371,0.01252,0.012698,1,1,1,3214.6
least_connections,1,91,1,16.889,28.931,0.9927,0.9927,37,0,1,37,91,108,90,0.00741,0.030757,0.012499,1,1,1,3214.6
least_connections,1,92,1,15.375,24.785,0.9932,0.9932,31,0,2,31,91,108,91,0.007407,0.026142,0.012575,1,1,1,3214.6
least_connections,1,93,11,15.227,24.362,0.9943,0.9943,31,0,4,31,94,111,96,0.007435,0.025672,0.012575,1,1,1,3214.6
least_connections,1,94,1,15.22,24.36,0.9947,0.9947,31,0,4,31,95,111,96,0.007435,0.025672,0.012553,1,1,1,3214.6
least_connections,1,95,0,15.708,24.657,0.9947,0.9947,31,0,5,31,95,111,96,0.007881,0.025916,0.013328,1,1,1,3214.6
least_connections,1,96,1,15.229,24.45,0.9951,0.9951,26,0,6,26,96,111,96,0.007409,0.025778,0.012501,1,1,1,3214.6
least_connections,1,97,1,15.281,24.312,0.9955,0.9955,26,0,7,26,97,111,96,0.007413,0.025586,0.012843,1,1,1,3214.6
least_connections,1,98,1,15.296,24.63,0.9957,0.9957,26,0,8,26,98,111,96,0.007358,0.025971,0.012558,1,1,1,3214.6
least_connections,1,99,1,15.302,24.664,0.996,0.996,26,0,9,26,99,111,96,0.007338,0.026009,0.012558,1,1,1,3214.6
least_connections,1,100,11,15.284,24.659,0.9951,0.9951,26,0,9,26,102,116,99,0.007338,0.026009,0.012504,1,1,1,3214.6
least_connections,1,101,1,15.331,24.68,0.9955,0.9955,22,0,11,22,102,116,100,0.007376,0.026023,0.012595,1,1,1,3214.6
least_connections,1,102,1,15.69,25.54,0.9959,0.9959,22,0,12,22,102,116,101,0.007349,0.02696,0.01276,1,1,1,3214.6
least_connections,1,103,1,15.308,24.666,0.9962,0.9962,22,0,13,22,102,116,102,0.007338,0.026009,0.012576,1,1,1,3214.6
least_connections,1,104,1,15.65,24.82,0.9965,0.9965,18,0,14,18,103,116,102,0.00815,0.026175,0.012625,1,1,1,3214.6
least_connections,1,105,1,15.383,24.82,0.9968,0.9968,18,0,14,18,103,116,103,0.007349,0.026175,0.012625,1,1,1,3214.6
least_connections,1,106,11,15.315,24.674,0.9979,0.9979,18,0,15,18,106,118,109,0.007349,0.026018,0.012578,1,1,1,3214.6
least_connections,1,107,11,15.334,24.721,0.9989,0.9989,18,0,17,18,111,120,113,0.007371,0.026072,0.012559,1,1,1,3214.6
least_connections,1,108,1,15.209,24.397,0.999,0.999,19,0,19,18,112,120,113,0.007388,0.025717,0.012522,1,1,1,3214.6
least_connections,1,109,1,15.449,24.988,0.9992,0.9992,20,0,20,12,113,120,113,0.007396,0.026366,0.012586,1,1,1,3214.6
least_connections,1,110,1,15.25,24.515,0.9993,0.9993,21,0,21,12,114,120,113,0.007332,0.025842,0.012577,1,1,1,3214.6
least_connections,1,111,11,15.265,24.515,0.9989,0.9989,21,0,21,12,117,125,116,0.007375,0.025842,0.012577,1,1,1,3214.6
least_connections,1,112,11,15.213,24.397,0.9994,0.9994,23,0,23,12,122,127,120,0.007375,0.025713,0.012551,1,1,1,3214.6
least_connections,1,113,1,15.614,24.802,0.9995,0.9995,25,0,25,9,122,127,121,0.00747,0.026081,0.01329,1,1,1,3214.6
least_connections,1,114,1,15.322,24.682,0.9996,0.9996,26,0,26,9,122,127,122,0.0074,0.026032,0.012535,1,1,1,3214.6
least_connections,1,115,11,15.285,24.629,0.9997,0.9997,27,0,27,9,127,130,125,0.007354,0.025974,0.012526,1,1,1,3214.6
least_connections,1,116,11,15.303,24.624,0.9998,0.9998,30,0,30,5,131,133,129,0.007367,0.025962,0.012579,1,1,1,3214.6
least_connections,2,0,0,15.437,24.881,1.0,1.0,0,0,0,0,0,0,0,0.007411,0.012663,0.026238,1,1,1,3077.0
least_connections,2,1,11,15.342,24.755,0.8963,0.8963,33,0,33,4,2,5,4,0.007379,0.012534,0.026113,1,1,1,3077.0
least_connections,2,2,1,16.024,26.501,0.96,0.96,33,0,33,5,3,5,4,0.007401,0.012628,0.028042,1,1,1,3077.0
least_connections,2,3,1,16.008,26.501,0.9883,0.9883,33,0,33,5,4,5,4,0.007354,0.012628,0.028042,1,1,1,3077.0
least_connections,2,4,1,15.551,25.016,0.9608,0.9608,33,0,33,6,4,6,4,0.007354,0.012941,0.026358,1,1,1,3077.0
least_connections,2,5,11,15.48,25.118,0.9781,0.9781,33,0,33,8,7,8,10,0.007381,0.012543,0.026515,1,1,1,3077.0
least_connections,2,6,11,15.669,25.462,0.9863,0.9863,33,0,33,10,13,10,13,0.0074,0.01273,0.026877,1,1,1,3077.0
least_connections,2,7,11,15.72,24.946,0.9937,0.9937,33,0,33,12,16,14,17,0.007583,0.013341,0.026235,1,1,1,3077.0
least_connections,2,8,1,15.555,24.906,0.9922,0.9922,33,0,33,12,17,14,17,0.007485,0.012944,0.026235,1,1,1,3077.0
least_connections,2,9,11,15.777,25.506,0.9792,0.9792,33,0,33,13,20,16,23,0.007485,0.012944,0.026902,1,1,1,3077.0
least_connections,2,10,1,15.405,24.737,0.9852,0.9852,33,0,33,15,20,17,23,0.007369,0.012782,0.026065,1,1,1,3077.0
least_connections,2,11,1,15.417,24.764,0.9852,0.9852,33,0,33,16,21,17,23,0.007376,0.01278,0.026096,1,1,1,3077.0
least_connections,2,12,1,15.377,24.799,0.9902,0.9902,33,0,33,17,21,18,23,0.007392,0.012582,0.026157,1,1,1,3077.0
least_connections,2,13,1,15.47,25.041,0.994,0.994,33,0,33,18,21,19,23,0.007432,0.012548,0.026429,1,1,1,3077.0
least_connections,2,14,11,15.455,25.041,0.9985,0.9985,33,0,33,18,24,24,26,0.007389,0.012548,0.026429,1,1,1,3077.0
least_connections,2,15,1,15.339,24.732,0.9989,0.9989,33,0,33,20,24,25,26,0.007389,0.012543,0.026086,1,1,1,3077.0
least_connections,2,16,11,15.357,24.763,0.9869,0.9869,33,0,33,21,28,25,33,0.00746,0.012483,0.026128,1,1,1,3077.0
least_connections,2,17,11,15.311,24.616,0.9841,0.9841,33,0,33,23,33,27,37,0.00737,0.012613,0.02595,1,1,1,3077.0
least_connections,2,18,1,15.59,24.936,0.9838,0.9838,33,0,33,25,34,27,37,0.007431,0.013088,0.026252,1,1,1,3077.0
least_connections,2,19,1,15.337,24.717,0.9831,0.9831,33,0,33,26,35,27,37,0.007461,0.012473,0.026077,1,1,1,3077.0
least_connections,2,20,1,15.337,24.717,0.9868,0.9868,33,0,33,26,35,28,37,0.007461,0.012473,0.026077,1,1,1,3077.0
least_connections,2,21,1,15.534,24.825,0.9859,0.9859,33,0,33,27,36,28,37,0.007435,0.013031,0.026135,1,1,1,3077.0
least_connections,2,22,11,15.499,25.031,0.9756,0.9756,33,0,33,28,41,29,42,0.007437,0.012653,0.026406,1,1,1,3077.0
least_connections,2,23,1,15.564,24.579,0.9796,0.9796,33,0,33,30,41,30,42,0.007438,0.013438,0.025817,1,1,1,3077.0
least_connections,2,24,1,15.825,25.366,0.9832,0.9832,33,0,33,31,41,31,42,0.007346,0.013436,0.026692,1,1,1,3077.0
least_connections,2,25,1,15.849,25.366,0.9864,0.9864,33,0,33,31,41,32,42,0.007418,0.013436,0.026692,1,1,1,3077.0
least_connections,2,26,1,15.324,24.403,0.9849,0.9849,33,0,33,32,41,32,43,0.007418,0.01287,0.025684,1,1,1,3077.0
least_connections,2,27,10,15.453,24.903,0.9895,0.9895,34,0,33,34,44,36,46,0.007404,0.012697,0.026259,1,1,1,3077.0
least_connections,2,28,1,15.87,25.387,0.9888,0.9888,35,0,33,35,45,36,46,0.007447,0.013448,0.026714,1,1,1,3077.0
least_connections,2,29,1,15.67,24.795,0.9912,0.9912,36,0,31,36,45,37,46,0.007679,0.013253,0.026077,1,1,1,3077.0
least_connections,2,30,1,15.4,24.888,0.9904,0.9904,37,0,31,37,46,37,46,0.007365,0.01258,0.026256,1,1,1,3077.0
least_connections,2,31,1,15.4,24.888,0.9893,0.9893,37,0,31,37,47,37,46,0.007365,0.01258,0.026256,1,1,1,3077.0
least_connections,2,32,1,15.293,24.702,0.9916,0.9916,38,0,31,38,47,38,46,0.007341,0.012477,0.02606,1,1,1,3077.0
least_connections,2,33,1,15.308,24.572,0.9905,0.9905,39,0,26,39,48,38,46,0.007421,0.0126,0.025902,1,1,1,3077.0
least_connections,2,34,1,15.433,24.963,0.9925,0.9925,40,0,26,40,48,39,46,0.007398,0.012559,0.026341,1,1,1,3077.0
least_connections,2,35,11,15.222,24.431,0.992,0.992,42,0,26,42,52,42,50,0.007383,0.012529,0.025754,1,1,1,3077.0
least_connections,2,36,1,15.217,24.43,0.9909,0.9909,42,0,22,42,53,42,50,0.007382,0.012514,0.025754,1,1,1,3077.0
least_connections,2,37,1,15.358,24.812,0.9926,0.9926,43,0,22,43,53,43,50,0.007382,0.012514,0.026178,1,1,1,3077.0
least_connections,2,38,1,15.673,24.87,0.9942,0.9942,44,0,22,44,53,44,50,0.007419,0.013461,0.026138,1,1,1,3077.0
least_connections,2,39,1,15.545,25.27,0.9955,0.9955,45,0,22,45,53,45,50,0.00741,0.012542,0.026684,1,1,1,3077.0
least_connections,2,40,11,15.35,24.68,0.9927,0.9927,47,0,22,47,58,47,54,0.007473,0.01255,0.026028,1,1,1,3077.0
least_connections,2,41,1,15.295,24.61,0.9916,0.9916,48,0,19,48,59,47,54,0.00743,0.012499,0.025956,1,1,1,3077.0
least_connections,2,42,1,15.295,24.61,0.9903,0.9903,48,0,19,48,60,47,54,0.00743,0.012499,0.025956,1,1,1,3077.0
least_connections,2,43,1,15.347,24.506,0.9918,0.9918,49,0,19,49,60,48,54,0.007378,0.012863,0.0258,1,1,1,3077.0
least_connections,2,44,11,15.85,25.214,0.9967,0.9967,50,0,19,50,62,54,57,0.007675,0.013342,0.026533,1,1,1,3077.0
least_connections,2,45,1,15.469,24.603,0.9959,0.9959,52,0,13,52,63,54,57,0.007659,0.012839,0.02591,1,1,1,3077.0
least_connections,2,46,1,15.684,25.265,0.9949,0.9949,53,0,13,53,64,54,57,0.007839,0.012533,0.02668,1,1,1,3077.0
least_connections,2,47,1,15.865,25.357,0.9957,0.9957,53,0,13,53,64,55,57,0.007466,0.013448,0.02668,1,1,1,3077.0
least_connections,2,48,1,15.692,24.89,0.9964,0.9964,54,0,13,54,64,56,57,0.007466,0.013448,0.026161,1,1,1,3077.0
least_connections,2,49,1,15.516,24.697,0.9954,0.9954,55,0,8,55,65,56,57,0.007871,0.012641,0.026037,1,1,1,3077.0
least_connections,2,50,1,15.308,24.611,0.9944,0.9944,56,0,8,56,66,56,57,0.007373,0.012607,0.025945,1,1,1,3077.0
least_connections,2,51,1,15.428,24.898,0.9932,0.9932,57,0,8,57,67,56,57,0.007372,0.012652,0.026259,1,1,1,3077.0
least_connections,2,52,1,15.46,25.014,0.9919,0.9919,58,0,8,58,68,56,57,0.00738,0.012606,0.026393,1,1,1,3077.0
least_connections,2,53,1,15.46,25.014,0.9927,0.9927,58,0,8,58,68,57,57,0.00738,0.012606,0.026393,1,1,1,3077.0
least_connections,2,54,1,15.408,24.823,0.9934,0.9934,59,0,3,59,68,58,57,0.007429,0.012616,0.026179,1,1,1,3077.0
least_connections,2,55,1,15.521,25.236,0.994,0.994,60,0,3,60,68,59,57,0.007397,0.012516,0.026649,1,1,1,3077.0
least_connections,2,56,1,15.372,24.834,0.9928,0.9928,61,0,3,61,69,59,57,0.007392,0.012523,0.026202,1,1,1,3077.0
least_connections,2,57,1,15.401,24.666,0.9916,0.9916,62,0,1,62,70,59,57,0.007409,0.012812,0.025983,1,1,1,3077.0
least_connections,2,58,11,15.656,24.746,0.9938,0.9938,62,0,1,62,73,62,62,0.007368,0.013618,0.025983,1,1,1,3077.0
least_connections,2,59,1,15.849,25.268,0.9927,0.9927,64,0,1,64,74,62,62,0.007368,0.013618,0.026562,1,1,1,3077.0
least_connections,2,60,1,15.453,25.036,0.9933,0.9923,65,0,1,65,74,63,62,0.007411,0.012523,0.026426,1,0,1,3077.0
least_connections,2,61,1,10.86,12.594,0.9938,0.9923,62,0,1,62,74,64,62,0.007395,0.01259,0.012594,1,0,1,3077.0
least_connections,2,62,0,10.947,12.809,0.9938,0.9923,62,0,0,62,74,64,62,0.00741,0.012599,0.012832,1,0,1,3077.0
least_connections,2,63,1,10.877,12.64,0.9942,0.9923,62,0,0,62,74,65,62,0.00748,0.012496,0.012656,1,0,1,3077.0
least_connections,2,64,1,10.853,12.64,0.9932,0.9911,62,0,0,62,75,65,62,0.007408,0.012496,0.012656,1,0,1,3077.0
least_connections,2,65,1,10.928,12.809,0.9922,0.9898,62,0,0,62,76,65,62,0.007408,0.01284,0.012535,1,0,1,3077.0
least_connections,2,66,1,10.871,12.629,0.993,0.9913,57,0,0,57,76,65,63,0.007438,0.012535,0.012639,1,0,1,3077.0
least_connections,2,67,1,10.992,12.963,0.9937,0.9927,57,0,0,57,76,65,64,0.007417,0.012551,0.013009,1,0,1,3077.0
least_connections,2,68,1,11.308,12.881,0.9927,0.9916,57,0,0,57,77,65,64,0.008479,0.012525,0.012921,1,0,1,3077.0
least_connections,2,69,1,10.947,12.6,0.9915,0.9904,51,0,0,51,78,65,64,0.007757,0.012614,0.012471,1,0,1,3077.0
least_connections,2,70,1,10.947,12.6,0.9921,0.9904,51,0,0,51,78,66,64,0.007757,0.012614,0.012471,1,0,1,3077.0
least_connections,2,71,1,11.471,13.679,0.991,0.9891,51,0,0,51,79,66,64,0.007621,0.01375,0.013043,1,0,1,3077.0
least_connections,2,72,1,10.84,12.579,0.9898,0.9878,51,0,0,51,80,66,64,0.007415,0.012585,0.01252,1,0,1,3077.0
least_connections,2,73,1,10.881,12.617,0.9903,0.9878,51,0,0,51,80,67,64,0.007455,0.012623,0.012565,1,0,1,3077.0
least_connections,2,74,1,10.832,12.591,0.9908,0.9878,48,0,0,48,80,68,64,0.00735,0.012552,0.012595,1,0,1,3077.0
least_connections,2,75,1,10.828,12.587,0.9917,0.9894,48,0,0,48,80,68,65,0.007371,0.012519,0.012595,1,0,1,3077.0
least_connections,2,76,1,11.264,13.764,0.9922,0.9894,48,0,0,48,80,69,65,0.007371,0.012519,0.013902,1,0,1,3077.0
least_connections,2,77,1,10.99,12.825,0.993,0.9909,48,0,0,48,80,69,66,0.007414,0.012719,0.012837,1,0,1,3077.0
least_connections,2,78,1,11.14,13.358,0.9934,0.9909,41,0,0,41,80,70,66,0.007402,0.012572,0.013445,1,0,1,3077.0
least_connections,2,79,1,10.87,12.611,0.9936,0.9909,41,0,0,41,80,71,66,0.007455,0.012619,0.012536,1,0,1,3077.0
least_connections,2,80,1,10.851,12.601,0.9927,0.9897,41,0,0,41,81,71,66,0.007388,0.012605,0.012561,1,0,1,3077.0
least_connections,2,81,1,10.86,12.616,0.9929,0.9897,41,0,0,41,81,72,66,0.007396,0.012622,0.012561,1,0,1,3077.0
least_connections,2,82,1,10.901,12.679,0.9938,0.9911,38,0,0,38,81,72,67,0.007396,0.012622,0.012685,1,0,1,3077.0
least_connections,2,83,1,10.846,12.575,0.9929,0.99,38,0,0,38,82,72,67,0.007388,0.012575,0.012574,1,0,1,3077.0
least_connections,2,84,1,10.846,12.543,0.9931,0.99,38,0,0,38,82,73,67,0.007455,0.012543,0.01254,1,0,1,3077.0
least_connections,2,85,1,11.154,13.339,0.9932,0.99,38,0,0,38,82,74,67,0.007461,0.013424,0.012576,1,0,1,3077.0
least_connections,2,86,1,10.895,12.665,0.9924,0.9888,34,0,0,34,83,74,67,0.007409,0.012605,0.012672,1,0,1,3077.0
least_connections,2,87,1,10.895,12.665,0.9925,0.9888,34,0,0,34,83,75,67,0.007408,0.012605,0.012672,1,0,1,3077.0
least_connections,2,88,1,10.918,12.764,0.9934,0.9902,34,0,0,34,83,75,68,0.007408,0.012558,0.012787,1,0,1,3077.0
least_connections,2,89,1,10.925,12.621,0.9943,0.9916,34,0,0,34,83,75,69,0.007579,0.012627,0.012568,1,0,1,3077.0
least_connections,2,90,1,10.983,12.91,0.9935,0.9935,29,0,0,29,84,75,69,0.007411,0.012591,0.012946,1,1,1,3077.0
least_connections,2,91,1,16.799,27.975,0.9943,0.9943,29,0,1,29,84,75,70,0.007391,0.029593,0.013414,1,1,1,3077.0
least_connections,2,92,11,15.43,24.891,0.9955,0.9955,29,0,3,29,86,81,73,0.007455,0.02626,0.012574,1,1,1,3077.0
least_connections,2,93,11,15.43,24.891,0.9968,0.9968,29,0,3,29,87,87,77,0.007455,0.02626,0.012574,1,1,1,3077.0
least_connections,2,94,1,15.412,24.88,0.9975,0.9975,26,0,5,26,87,87,78,0.007441,0.026251,0.012543,1,1,1,3077.0
least_connections,2,95,11,15.46,24.715,0.9971,0.9971,26,0,6,26,91,91,81,0.007695,0.026058,0.012626,1,1,1,3077.0
least_connections,2,96,1,15.389,24.797,0.9977,0.9977,26,0,8,26,91,91,82,0.007423,0.026153,0.012592,1,1,1,3077.0
least_connections,2,97,1,15.762,25.66,0.9982,0.9982,26,0,9,26,91,91,83,0.007326,0.02708,0.01288,1,1,1,3077.0
least_connections,2,98,11,15.813,25.66,0.9969,0.9969,26,0,9,26,94,97,85,0.007478,0.02708,0.01288,1,1,1,3077.0
least_connections,2,99,0,15.733,25.022,0.9969,0.9969,21,0,11,21,94,97,85,0.007478,0.026312,0.013409,1,1,1,3077.0
least_connections,2,100,1,15.635,24.801,0.9975,0.9975,21,0,12,21,94,97,86,0.008205,0.026164,0.012535,1,1,1,3077.0
least_connections,2,101,11,15.514,25.21,0.9969,0.9969,21,0,14,21,97,102,89,0.007394,0.026619,0.012529,1,1,1,3077.0
least_connections,2,102,1,15.363,24.783,0.9974,0.9974,17,0,15,17,97,102,90,0.00743,0.026146,0.012513,1,1,1,3077.0
least_connections,2,103,1,15.312,24.698,0.9973,0.9973,17,0,16,17,98,102,90,0.007371,0.026052,0.012513,1,1,1,3077.0
least_connections,2,104,1,15.316,24.699,0.9978,0.9978,17,0,16,17,98,102,91,0.007371,0.026052,0.012526,1,1,1,3077.0
least_connections,2,105,11,15.281,24.639,0.9989,0.9989,17,0,17,17,102,104,96,0.007389,0.025992,0.012463,1,1,1,3077.0
least_connections,2,106,1,15.435,24.816,0.9988,0.9988,19,0,19,13,103,104,96,0.007409,0.026158,0.012737,1,1,1,3077.0
least_connections,2,107,11,15.32,24.608,0.9973,0.9973,21,0,21,13,109,108,97,0.007398,0.02594,0.012623,1,1,1,3077.0
least_connections,2,108,1,16.099,25.294,0.997,0.997,22,0,22,13,110,108,97,0.008234,0.02661,0.013454,1,1,1,3077.0
least_connections,2,109,1,16.099,25.294,0.9975,0.9975,22,0,22,13,110,108,98,0.008234,0.02661,0.013454,1,1,1,3077.0
least_connections,2,110,1,18.538,31.855,0.998,0.998,23,0,23,13,110,108,99,0.008724,0.033958,0.012932,1,1,1,3077.0
least_connections,2,111,1,15.722,24.518,0.9983,0.9983,24,0,24,9,110,108,100,0.007389,0.025676,0.014101,1,1,1,3077.0
least_connections,2,112,11,15.249,24.352,0.9993,0.9993,26,0,26,9,113,110,106,0.007578,0.025669,0.0125,1,1,1,3077.0
least_connections,2,113,1,15.221,24.352,0.9995,0.9995,26,0,26,9,113,110,107,0.007495,0.025669,0.0125,1,1,1,3077.0
least_connections,2,114,1,15.529,24.985,0.9997,0.9997,27,0,27,9,113,110,108,0.007495,0.026344,0.012749,1,1,1,3077.0
least_connections,2,115,1,15.347,24.74,0.9998,0.9998,28,0,28,6,113,110,109,0.007415,0.026097,0.012529,1,1,1,3077.0
least_connections,2,116,1,15.35,24.763,0.9998,0.9998,29,0,29,6,113,110,110,0.007382,0.02612,0.012549,1,1,1,3077.0
least_connections,2,117,11,15.551,25.29,0.9997,0.9997,31,0,31,6,115,117,112,0.007284,0.026692,0.012676,1,1,1,3077.0
least_connections,2,118,1,15.827,25.29,0.9998,0.9998,31,0,31,6,115,117,113,0.008114,0.026692,0.012676,1,1,1,3077.0
least_connections,2,119,1,15.942,25.01,0.9999,0.9999,32,0,32,3,115,117,114,0.008114,0.026298,0.013414,1,1,1,3077.0
least_connections,2,120,1,15.402,24.699,0.9999,0.9999,33,0,33,3,115,117,115,0.007589,0.026047,0.012571,0,1,1,3077.0
least_connections,2,121,1,10.823,12.601,1.0,0.9999,33,0,33,3,116,117,115,0.007358,0.012497,0.012613,0,1,1,3077.0
least_connections,2,122,1,10.854,12.607,0.9999,0.9998,33,0,33,3,116,118,115,0.007376,0.012575,0.01261,0,1,1,3077.0
least_connections,2,123,1,10.962,12.664,0.9999,0.9999,33,0,33,3,116,118,116,0.007605,0.01267,0.01261,0,1,1,3077.0
least_connections,2,124,1,10.974,12.668,1.0,0.9999,33,0,33,0,117,118,116,0.007605,0.01267,0.012648,0,1,1,3077.0
least_connections,2,125,1,10.924,12.679,0.9999,0.9999,33,0,33,0,118,118,116,0.007505,0.01269,0.012578,0,1,1,3077.0
least_connections,2,126,1,10.961,12.964,1.0,1.0,33,0,33,0,118,118,117,0.007348,0.013013,0.012522,0,1,1,3077.0
least_connections,2,127,1,10.623,12.364,1.0,1.0,33,0,33,0,119,118,117,0.007239,0.012255,0.012376,0,1,1,3077.0
least_connections,2,128,1,10.663,12.364,0.9999,0.9999,33,0,33,0,119,119,117,0.007358,0.012255,0.012376,0,1,1,3077.0
least_connections,2,129,1,10.716,12.395,1.0,1.0,33,0,33,0,119,119,118,0.007358,0.012395,0.012394,0,1,1,3077.0
least_connections,2,130,0,10.839,12.894,1.0,1.0,33,0,33,0,119,119,118,0.00724,0.012319,0.012958,0,1,1,3077.0
least_connections,2,131,1,10.753,12.626,1.0,1.0,33,0,33,0,119,119,119,0.007147,0.012644,0.012468,0,1,1,3077.0
least_connections,2,132,1,10.778,12.585,1.0,1.0,33,0,33,0,119,119,120,0.007288,0.012447,0.0126,0,1,1,3077.0
least_connections,2,133,1,10.778,12.585,0.9999,0.9999,33,0,33,0,119,119,121,0.007288,0.012447,0.0126,0,1,1,3077.0
least_connections,2,134,1,10.793,12.544,0.9999,0.9998,33,0,33,0,119,119,122,0.007352,0.012477,0.012551,0,1,1,3077.0
least_connections,2,135,1,11.038,13.303,0.9999,0.9999,33,0,33,0,119,120,122,0.007257,0.013397,0.01246,0,1,1,3077.0
least_connections,2,136,1,10.75,12.512,0.9998,0.9998,33,0,33,0,119,120,123,0.007273,0.012518,0.012458,0,1,1,3077.0
least_connections,2,137,1,10.979,12.841,0.9998,0.9999,33,0,33,0,119,121,123,0.00739,0.012858,0.012688,0,1,1,3077.0
least_connections,2,138,1,10.979,12.841,0.9997,0.9999,33,0,33,0,119,121,124,0.00739,0.012858,0.012688,0,1,1,3077.0
least_connections,2,139,1,10.79,12.56,0.9998,0.9999,33,0,33,0,120,121,124,0.007337,0.012571,0.012463,0,1,1,3077.0
least_connections,2,140,1,10.835,12.511,0.9999,0.9999,33,0,33,0,121,121,124,0.007573,0.012411,0.012522,0,1,1,3077.0
least_connections,2,141,1,10.77,12.584,0.9999,0.9999,33,0,33,0,122,121,124,0.007245,0.012597,0.012468,0,1,1,3077.0
least_connections,2,142,1,10.849,12.589,0.9999,0.9999,33,0,33,0,122,122,124,0.007478,0.012602,0.012468,0,1,1,3077.0
least_connections,2,143,1,10.882,12.598,1.0,0.9999,33,0,33,0,123,122,124,0.007478,0.012602,0.012566,0,1,1,3077.0
least_connections,2,144,1,10.985,12.791,1.0,1.0,33,0,33,0,123,123,124,0.007504,0.012808,0.012642,0,1,1,3077.0
least_connections,2,145,1,10.943,12.634,1.0,1.0,33,0,33,0,123,124,124,0.007703,0.012652,0.012474,0,1,1,3077.0
least_connections,2,146,1,11.208,13.485,1.0,1.0,33,0,33,0,123,124,125,0.007514,0.012519,0.013592,0,1,1,3077.0
least_connections,2,147,1,11.268,13.516,0.9999,1.0,33,0,33,0,123,125,125,0.007374,0.012837,0.013592,0,1,1,3077.0
least_connections,2,148,1,11.015,12.837,1.0,1.0,33,0,33,0,124,125,125,0.007374,0.012837,0.012833,0,1,1,3077.0
least_connections,2,149,1,10.956,12.885,1.0,1.0,33,0,33,0,125,125,125,0.007408,0.012924,0.012535,0,1,1,3077.0
least_connections,2,150,1,11.004,13.074,1.0,1.0,33,0,33,0,125,125,126,0.007314,0.01313,0.012567,1,1,1,3077.0
least_connections,2,151,11,13.411,14.889,0.9998,0.9998,33,6,33,0,131,127,129,0.015146,0.012508,0.01258,1,1,1,3077.0
least_connections,2,152,1,13.866,15.746,0.9998,0.9998,33,3,33,0,131,127,130,0.016056,0.012588,0.012953,1,1,1,3077.0
least_connections,2,153,11,13.866,15.746,0.9997,0.9997,33,3,33,0,136,130,133,0.016056,0.012588,0.012953,1,1,1,3077.0
least_connections,2,154,1,13.762,15.575,0.9998,0.9998,33,5,33,0,136,131,133,0.01588,0.012574,0.012833,1,1,1,3077.0
least_connections,2,155,1,13.574,15.301,0.9998,0.9998,33,6,33,0,136,132,133,0.015594,0.012661,0.012467,1,1,1,3077.0
least_connections,2,156,11,13.955,15.425,0.9995,0.9995,27,7,27,0,140,133,139,0.015627,0.013612,0.012625,1,1,1,3077.0
least_connections,2,157,1,13.868,15.979,0.9994,0.9994,27,9,27,0,140,133,140,0.016352,0.012626,0.012625,1,1,1,3077.0
least_connections,2,158,11,13.882,15.984,0.9986,0.9986,27,9,27,0,146,134,144,0.016352,0.012626,0.012669,1,1,1,3077.0
least_connections,2,159,11,13.842,15.608,0.9996,0.9996,27,11,27,0,147,141,147,0.015874,0.012437,0.013215,1,1,1,3077.0
least_connections,2,160,1,13.613,15.404,0.9995,0.9995,22,13,22,0,147,141,148,0.015716,0.012524,0.012599,1,1,1,3077.0
least_connections,2,161,7,13.532,15.211,0.9998,0.9998,22,14,22,0,149,145,149,0.015502,0.012506,0.012588,1,1,1,3077.0
least_connections,2,162,4,13.718,15.604,0.9998,0.9998,22,16,22,0,150,146,151,0.015934,0.012632,0.012588,1,1,1,3077.0
least_connections,2,163,1,13.801,15.624,0.9997,0.9997,22,16,22,0,150,146,152,0.015934,0.012632,0.012836,1,1,1,3077.0
least_connections,2,164,1,13.508,14.924,0.9998,0.9998,18,17,18,0,150,147,152,0.015157,0.012826,0.012542,1,1,1,3077.0
least_connections,2,165,11,13.593,15.413,0.9995,0.9995,19,19,18,0,154,149,157,0.015734,0.012518,0.012526,1,1,1,3077.0
least_connections,2,166,1,13.701,15.574,0.9997,0.9997,20,20,18,0,154,150,157,0.015899,0.012647,0.012556,1,1,1,3077.0
least_connections,2,167,11,13.439,15.005,0.9996,0.9996,22,22,12,0,158,153,161,0.015277,0.012485,0.012556,1,1,1,3077.0
least_connections,2,168,1,13.743,15.096,0.9997,0.9997,22,22,12,0,158,154,161,0.015277,0.012485,0.013466,1,1,1,3077.0
least_connections,2,169,1,13.699,15.448,0.9998,0.9998,23,23,12,0,158,155,161,0.015745,0.012779,0.012572,1,1,1,3077.0
least_connections,2,170,11,13.591,15.33,0.9999,0.9999,25,25,12,0,163,159,163,0.015635,0.012585,0.012552,1,1,1,3077.0
least_connections,2,171,1,13.263,14.762,0.9999,0.9999,26,26,12,0,163,160,163,0.015014,0.012283,0.012492,1,1,1,3077.0
least_connections,2,172,1,13.745,15.77,0.9999,0.9999,27,27,9,0,163,160,164,0.016123,0.012596,0.012515,1,1,1,3077.0
least_connections,2,173,1,13.745,15.77,0.9998,0.9998,27,27,9,0,163,160,165,0.016123,0.012596,0.012515,1,1,1,3077.0
least_connections,2,174,1,13.588,15.362,0.9999,0.9999,28,28,9,0,163,161,165,0.015672,0.012576,0.012517,1,1,1,3077.0
least_connections,2,175,1,13.494,15.264,0.9999,0.9999,29,29,9,0,163,162,165,0.015565,0.01256,0.012356,1,1,1,3077.0
least_connections,2,176,1,13.877,15.704,1.0,1.0,30,30,5,0,163,163,165,0.016018,0.012878,0.012736,1,1,1,3077.0
least_connections,2,177,1,13.612,15.298,1.0,1.0,31,31,5,0,163,164,165,0.015583,0.012516,0.012736,1,1,1,3077.0
least_connections,2,178,1,13.669,15.316,1.0,1.0,31,31,5,0,163,165,165,0.015583,0.012516,0.012909,1,1,1,3077.0
least_connections,2,179,11,13.525,15.213,1.0,1.0,32,32,5,0,168,168,168,0.015508,0.012555,0.012512,1,1,1,3077.0
hash_based,1,0,0,15.825,25.84,1.0,1.0,0,0,0,0,0,0,0,0.007406,0.012779,0.027291,1,1,1,2388.6
hash_based,1,1,11,15.971,25.585,0.8231,0.8231,38,38,0,4,2,3,6,0.007839,0.013103,0.026972,1,1,1,2388.6
hash_based,1,2,1,15.677,25.539,0.8571,0.8571,38,38,0,4,2,4,6,0.007418,0.01264,0.026972,1,1,1,2388.6
hash_based,1,3,1,15.408,24.814,0.8667,0.8667,38,38,0,5,2,5,6,0.007418,0.01264,0.026167,1,1,1,2388.6
hash_based,1,4,1,15.454,24.913,0.8596,0.8596,38,38,0,6,2,6,6,0.007526,0.012549,0.026287,1,1,1,2388.6
hash_based,1,5,1,15.38,24.773,0.8427,0.8427,38,38,0,7,2,7,6,0.007474,0.012534,0.026133,1,1,1,2388.6
hash_based,1,6,11,15.477,25.104,0.9013,0.9013,38,38,0,9,5,9,12,0.007361,0.012573,0.026496,1,1,1,2388.6
hash_based,1,7,11,15.537,25.106,0.9607,0.9607,38,38,0,9,9,13,15,0.007518,0.012596,0.026496,1,1,1,2388.6
hash_based,1,8,11,15.448,24.866,0.9143,0.9143,38,38,0,11,10,16,22,0.007518,0.012596,0.026229,1,1,1,2388.6
hash_based,1,9,1,15.673,24.858,0.9168,0.9168,38,38,0,13,10,17,22,0.008161,0.012641,0.026216,1,1,1,2388.6
hash_based,1,10,11,15.554,25.0,0.9331,0.9331,38,38,0,15,13,21,26,0.007523,0.01278,0.026358,1,1,1,2388.6
hash_based,1,11,11,15.246,24.496,0.933,0.933,38,38,0,17,15,26,30,0.00741,0.0125,0.025829,1,1,1,2388.6
hash_based,1,12,1,15.246,24.496,0.932,0.932,38,38,0,17,15,27,30,0.00741,0.0125,0.025829,1,1,1,2388.6
hash_based,1,13,1,15.208,24.402,0.9424,0.9424,38,38,0,18,16,27,30,0.007363,0.012541,0.02572,1,1,1,2388.6
hash_based,1,14,1,15.612,25.167,0.9517,0.9517,38,38,0,19,17,27,30,0.007366,0.012944,0.026525,1,1,1,2388.6
hash_based,1,15,11,15.166,24.241,0.9493,0.9493,38,38,0,21,20,29,36,0.007428,0.012527,0.025543,1,1,1,2388.6
hash_based,1,16,1,15.462,24.91,0.9563,0.9563,38,38,0,22,21,29,36,0.007587,0.012512,0.026287,1,1,1,2388.6
hash_based,1,17,1,15.462,24.91,0.9626,0.9626,38,38,0,22,22,29,36,0.007587,0.012512,0.026287,1,1,1,2388.6
hash_based,1,18,1,15.558,24.985,0.9632,0.9632,38,38,0,23,22,30,36,0.007674,0.012645,0.026356,1,1,1,2388.6
hash_based,1,19,1,15.326,24.667,0.9689,0.9689,38,38,0,24,23,30,36,0.007403,0.012563,0.026012,1,1,1,2388.6
hash_based,1,20,1,15.469,24.955,0.974,0.974,38,38,0,25,24,30,36,0.007443,0.012641,0.026323,1,1,1,2388.6
hash_based,1,21,11,15.444,24.987,0.9813,0.9813,38,38,0,27,29,32,40,0.007394,0.01257,0.026367,1,1,1,2388.6
hash_based,1,22,1,15.444,24.987,0.9841,0.9841,38,38,0,27,30,32,40,0.007394,0.01257,0.026367,1,1,1,2388.6
hash_based,1,23,1,15.594,24.393,0.9864,0.9864,38,38,0,28,31,32,40,0.008292,0.012811,0.02568,1,1,1,2388.6
hash_based,1,24,11,15.333,24.641,0.9904,0.9904,38,38,0,29,39,33,42,0.007417,0.012603,0.025979,1,1,1,2388.6
hash_based,1,25,1,15.379,24.486,0.9926,0.9926,38,38,0,31,39,34,42,0.007805,0.012515,0.025816,1,1,1,2388.6
hash_based,1,26,0,15.28,24.495,0.9926,0.9926,35,35,0,31,39,34,42,0.007419,0.012606,0.025816,1,1,1,2388.6
hash_based,1,27,1,15.358,24.704,0.9945,0.9945,35,35,0,32,39,35,42,0.007419,0.012606,0.026048,1,1,1,2388.6
hash_based,1,28,1,15.415,24.887,0.9943,0.9943,35,35,0,33,40,35,42,0.007364,0.012634,0.026248,1,1,1,2388.6
hash_based,1,29,1,15.231,24.443,0.9939,0.9939,35,35,0,34,41,35,42,0.007369,0.01256,0.025763,1,1,1,2388.6
hash_based,1,30,1,15.67,25.24,0.9956,0.9956,35,30,0,35,41,36,42,0.00769,0.012686,0.026635,1,1,1,2388.6
hash_based,1,31,1,15.876,25.237,0.9971,0.9971,35,30,0,35,41,37,42,0.008335,0.012657,0.026635,1,1,1,2388.6
hash_based,1,32,1,15.563,24.394,0.9966,0.9966,36,30,0,36,42,37,42,0.008335,0.012657,0.025698,1,1,1,2388.6
hash_based,1,33,1,15.287,24.583,0.9959,0.9959,37,30,0,37,43,37,42,0.007458,0.012475,0.025928,1,1,1,2388.6
hash_based,1,34,1,15.42,24.969,0.9949,0.9949,38,30,0,38,44,37,42,0.007425,0.012477,0.026357,1,1,1,2388.6
hash_based,1,35,1,15.531,25.221,0.9964,0.9964,39,25,0,39,44,38,42,0.007426,0.012535,0.026631,1,1,1,2388.6
hash_based,1,36,1,15.521,25.222,0.9953,0.9953,39,25,0,39,45,38,42,0.007391,0.012541,0.026631,1,1,1,2388.6
hash_based,1,37,1,15.335,24.719,0.9966,0.9966,40,25,0,40,45,39,42,0.007391,0.012541,0.026072,1,1,1,2388.6
hash_based,1,38,1,15.518,25.074,0.9976,0.9976,41,25,0,41,45,40,42,0.007493,0.0126,0.02646,1,1,1,2388.6
hash_based,1,39,11,15.521,25.272,0.9972,0.9972,43,20,0,43,46,43,49,0.007281,0.012602,0.02668,1,1,1,2388.6
hash_based,1,40,1,15.524,25.161,0.998,0.998,44,20,0,44,46,44,49,0.007439,0.012573,0.02656,1,1,1,2388.6
hash_based,1,41,1,15.58,25.321,0.9981,0.9981,45,20,0,45,47,44,49,0.007448,0.012552,0.02674,1,1,1,2388.6
hash_based,1,42,1,15.58,25.321,0.9979,0.9979,45,20,0,45,48,44,49,0.007448,0.012552,0.02674,1,1,1,2388.6
hash_based,1,43,1,15.393,24.437,0.9975,0.9975,46,15,0,46,49,44,49,0.007581,0.012878,0.025721,1,1,1,2388.6
hash_based,1,44,1,15.305,24.481,0.997,0.997,47,15,0,47,50,44,49,0.007377,0.012755,0.025784,1,1,1,2388.6
hash_based,1,45,1,15.467,24.86,0.9963,0.9963,48,15,0,48,51,44,49,0.007449,0.012746,0.026206,1,1,1,2388.6
hash_based,1,46,1,15.563,25.0,0.9954,0.9954,49,11,0,49,52,44,49,0.007421,0.012927,0.026342,1,1,1,2388.6
hash_based,1,47,11,15.563,25.0,0.9948,0.9948,49,11,0,49,56,47,53,0.007421,0.012927,0.026342,1,1,1,2388.6
hash_based,1,48,11,15.429,25.11,0.9948,0.9948,51,11,0,51,58,50,59,0.007367,0.012396,0.026523,1,1,1,2388.6
hash_based,1,49,1,15.679,24.805,0.996,0.996,53,11,0,53,58,51,59,0.007407,0.013578,0.026053,1,1,1,2388.6
hash_based,1,50,1,15.589,25.081,0.9955,0.9955,54,11,0,54,59,51,59,0.007415,0.012918,0.026433,1,1,1,2388.6
hash_based,1,51,1,15.744,24.877,0.995,0.995,55,8,0,55,60,51,59,0.007545,0.01355,0.026136,1,1,1,2388.6
hash_based,1,52,1,15.704,24.877,0.9961,0.9961,55,8,0,55,60,52,59,0.007427,0.01355,0.026136,1,1,1,2388.6
hash_based,1,53,1,15.157,24.174,0.9971,0.9971,56,8,0,56,60,53,59,0.007427,0.012583,0.025462,1,1,1,2388.6
hash_based,1,54,11,15.382,24.845,0.995,0.995,57,8,0,57,63,55,65,0.007407,0.012524,0.026214,1,1,1,2388.6
hash_based,1,55,11,15.486,24.789,0.993,0.993,59,3,0,59,68,57,69,0.007467,0.012877,0.026113,1,1,1,2388.6
hash_based,1,56,1,15.349,24.772,0.9942,0.9942,61,3,0,61,68,58,69,0.007341,0.012578,0.026127,1,1,1,2388.6
hash_based,1,57,1,15.36,24.772,0.9937,0.9937,61,3,0,61,69,58,69,0.007376,0.012578,0.026127,1,1,1,2388.6
hash_based,1,58,11,15.416,24.576,0.9932,0.9932,62,3,0,62,74,61,72,0.007376,0.013012,0.025861,1,1,1,2388.6
hash_based,1,59,0,15.569,25.255,0.9932,0.9932,64,0,0,64,74,61,72,0.007489,0.012551,0.026666,1,1,1,2388.6
hash_based,1,60,2,15.405,24.845,0.9953,0.9998,65,0,0,65,74,63,72,0.007448,0.012555,0.026211,1,0,1,2388.6
hash_based,1,61,0,11.186,13.398,0.9953,0.9998,65,0,0,65,74,63,72,0.007493,0.013489,0.012576,1,0,1,2388.6
hash_based,1,62,1,10.885,12.594,0.9962,0.9998,65,0,0,65,74,64,72,0.007483,0.012596,0.012576,1,0,1,2388.6
hash_based,1,63,1,10.883,12.593,0.997,0.9998,65,0,0,65,74,65,72,0.007483,0.012596,0.012571,1,0,1,2388.6
hash_based,1,64,1,11.282,13.29,0.9968,1.0,60,0,0,60,74,65,73,0.007335,0.013298,0.013213,1,0,1,2388.6
hash_based,1,65,1,11.007,12.969,0.9975,1.0,60,0,0,60,74,66,73,0.007398,0.013008,0.012616,1,0,1,2388.6
hash_based,1,66,1,10.8,12.519,0.9972,1.0,60,0,0,60,74,66,74,0.00739,0.012487,0.012523,1,0,1,2388.6
hash_based,1,67,1,10.863,12.586,0.9979,1.0,56,0,0,56,74,67,74,0.007453,0.012546,0.01259,1,0,1,2388.6
hash_based,1,68,1,10.863,12.586,0.9985,1.0,56,0,0,56,74,68,74,0.007453,0.012546,0.01259,1,0,1,2388.6
hash_based,1,69,1,10.9,12.679,0.9989,1.0,56,0,0,56,74,69,74,0.007395,0.012686,0.012618,1,0,1,2388.6
hash_based,1,70,1,10.913,12.678,0.9987,1.0,56,0,0,56,75,69,74,0.007565,0.0127,0.012475,1,0,1,2388.6
hash_based,1,71,1,11.374,13.072,0.9985,1.0,50,0,0,50,75,69,75,0.008285,0.012728,0.01311,1,0,1,2388.6
hash_based,1,72,1,10.914,12.813,0.999,1.0,50,0,0,50,75,70,75,0.007376,0.012846,0.012521,1,0,1,2388.6
hash_based,1,73,1,10.938,12.813,0.9987,1.0,50,0,0,50,76,70,75,0.007446,0.012846,0.012521,1,0,1,2388.6
hash_based,1,74,1,10.937,12.79,0.9984,0.9998,50,0,0,50,77,70,75,0.007446,0.012817,0.012548,1,0,1,2388.6
hash_based,1,75,1,10.825,12.552,0.9989,0.9998,50,0,0,50,77,71,75,0.007409,0.012557,0.01251,1,0,1,2388.6
hash_based,1,76,1,10.803,12.565,0.9988,1.0,46,0,0,46,77,71,76,0.007342,0.012495,0.012573,1,0,1,2388.6
hash_based,1,77,1,10.824,12.569,0.9992,1.0,46,0,0,46,77,72,76,0.007365,0.012535,0.012573,1,0,1,2388.6
hash_based,1,78,1,10.945,12.838,0.9995,1.0,46,0,0,46,77,73,76,0.007393,0.012868,0.012573,1,0,1,2388.6
hash_based,1,79,1,10.948,12.839,0.9997,1.0,46,0,0,46,77,74,76,0.007393,0.012868,0.012582,1,0,1,2388.6
hash_based,1,80,1,10.899,12.712,0.9995,0.9998,41,0,0,41,78,74,76,0.007404,0.012565,0.012728,1,0,1,2388.6
hash_based,1,81,1,11.448,13.317,0.9993,0.9996,41,0,0,41,79,74,76,0.00821,0.012755,0.013379,1,0,1,2388.6
hash_based,1,82,1,10.841,12.561,0.9993,0.9998,41,0,0,41,79,74,77,0.007413,0.012548,0.012562,1,0,1,2388.6
hash_based,1,83,1,11.008,13.04,0.999,0.9996,37,0,0,37,80,74,77,0.007448,0.012472,0.013103,1,0,1,2388.6
hash_based,1,84,1,11.073,13.04,0.999,0.9998,37,0,0,37,80,74,78,0.007643,0.012472,0.013103,1,0,1,2388.6
hash_based,1,85,1,10.936,12.625,0.9989,1.0,37,0,0,37,80,74,79,0.007643,0.012636,0.012529,1,0,1,2388.6
hash_based,1,86,1,10.844,12.559,0.9986,0.9998,37,0,0,37,81,74,79,0.00742,0.012559,0.012554,1,0,1,2388.6
hash_based,1,87,1,10.817,12.536,0.9982,0.9997,37,0,0,37,82,74,79,0.007385,0.012537,0.012529,1,0,1,2388.6
hash_based,1,88,1,10.853,12.589,0.9987,0.9997,33,0,0,33,82,75,79,0.007421,0.012594,0.012545,1,0,1,2388.6
hash_based,1,89,1,10.899,12.728,0.9986,0.9998,33,0,0,33,82,75,80,0.007405,0.012748,0.012545,1,0,1,2388.6
hash_based,1,90,1,10.911,12.731,0.999,0.999,33,0,0,33,82,76,80,0.007405,0.012748,0.01258,1,1,1,2388.6
hash_based,1,91,1,16.736,28.458,0.9989,0.9989,33,0,1,33,82,76,81,0.007463,0.03023,0.012515,1,1,1,2388.6
hash_based,1,92,11,15.638,25.211,0.9996,0.9996,30,0,2,30,85,81,84,0.007711,0.026613,0.01259,1,1,1,2388.6
hash_based,1,93,1,15.403,24.831,0.9995,0.9995,30,0,4,30,85,81,85,0.007407,0.026189,0.012613,1,1,1,2388.6
hash_based,1,94,1,15.387,24.718,0.9993,0.9993,30,0,5,30,86,81,85,0.007486,0.026063,0.012613,1,1,1,2388.6
hash_based,1,95,1,15.402,24.722,0.9992,0.9992,30,0,5,30,86,81,86,0.007486,0.026063,0.012657,1,1,1,2388.6
hash_based,1,96,11,15.612,25.221,0.9992,0.9992,26,0,6,26,88,85,91,0.007638,0.026626,0.012572,1,1,1,2388.6
hash_based,1,97,1,15.433,24.947,0.9992,0.9992,26,0,8,26,89,85,91,0.00741,0.026323,0.012566,1,1,1,2388.6
hash_based,1,98,0,15.438,24.827,0.9992,0.9992,26,0,9,26,89,85,91,0.007362,0.026165,0.012788,1,1,1,2388.6
hash_based,1,99,11,15.508,25.132,0.9994,0.9994,22,0,11,22,93,89,94,0.007342,0.026517,0.012664,1,1,1,2388.6
hash_based,1,100,1,15.508,25.132,0.9993,0.9993,22,0,11,22,93,89,95,0.007342,0.026517,0.012664,1,1,1,2388.6
hash_based,1,101,1,15.656,24.854,0.9992,0.9992,22,0,12,22,94,89,95,0.00741,0.026123,0.013436,1,1,1,2388.6
hash_based,1,102,11,15.574,25.112,0.9988,0.9988,22,0,14,22,100,92,97,0.007395,0.026474,0.012853,1,1,1,2388.6
hash_based,1,103,11,15.54,25.199,0.9991,0.9991,22,0,16,22,103,96,101,0.007472,0.026605,0.012542,1,1,1,2388.6
hash_based,1,104,11,15.468,24.62,0.9978,0.9978,19,0,18,19,110,98,103,0.007381,0.025897,0.013126,1,1,1,2388.6
hash_based,1,105,1,15.468,24.62,0.9974,0.9974,19,0,18,19,111,98,103,0.007381,0.025897,0.013126,1,1,1,2388.6
hash_based,1,106,11,15.375,24.749,0.9991,0.9991,19,0,19,19,112,104,107,0.007434,0.0261,0.012591,1,1,1,2388.6
hash_based,1,107,1,15.409,24.974,0.9988,0.9988,21,0,21,19,113,104,107,0.007365,0.02636,0.012503,1,1,1,2388.6
hash_based,1,108,1,15.485,24.785,0.9988,0.9988,22,0,22,15,113,104,108,0.007484,0.02611,0.012861,1,1,1,2388.6
hash_based,1,109,1,15.507,24.955,0.9989,0.9989,23,0,23,15,113,104,109,0.007414,0.026306,0.012801,1,1,1,2388.6
hash_based,1,110,1,15.514,24.955,0.9988,0.9988,23,0,23,15,113,104,110,0.007435,0.026306,0.012801,1,1,1,2388.6
hash_based,1,111,11,15.361,24.74,0.9984,0.9984,24,0,24,15,118,107,113,0.007435,0.026094,0.012553,1,1,1,2388.6
hash_based,1,112,1,15.523,24.534,0.9981,0.9981,26,0,26,10,119,107,113,0.007441,0.025776,0.013352,1,1,1,2388.6
hash_based,1,113,1,15.622,25.554,0.9981,0.9981,27,0,27,10,119,107,114,0.007335,0.027001,0.012529,1,1,1,2388.6
hash_based,1,114,1,15.367,24.705,0.9978,0.9978,28,0,28,10,120,107,114,0.007392,0.026043,0.012665,1,1,1,2388.6
hash_based,1,115,1,15.377,24.708,0.9978,0.9978,29,0,29,10,120,107,115,0.007421,0.026046,0.012665,1,1,1,2388.6
hash_based,1,116,1,15.379,24.708,0.9977,0.9977,29,0,29,10,120,107,116,0.007421,0.026046,0.01267,1,1,1,2388.6
hash_based,1,117,1,15.375,24.721,0.9975,0.9975,30,0,30,5,121,107,116,0.007536,0.026077,0.012513,1,1,1,2388.6
hash_based,1,118,11,15.505,25.076,0.9979,0.9979,31,0,31,5,124,111,120,0.00744,0.026461,0.012614,1,1,1,2388.6
hash_based,1,119,11,15.359,24.779,0.9967,0.9967,33,0,33,5,130,113,123,0.007365,0.026135,0.012576,1,1,1,2388.6
hash_based,1,120,1,15.468,24.957,0.9967,0.9979,35,0,35,1,130,113,124,0.007455,0.026327,0.012623,0,1,1,2388.6
hash_based,1,121,1,15.468,24.957,0.9971,0.9982,35,0,35,1,130,114,124,0.007455,0.026327,0.012623,0,1,1,2388.6
hash_based,1,122,1,11.059,13.281,0.9975,0.9986,35,0,35,1,130,115,124,0.007314,0.012494,0.013369,0,1,1,2388.6
hash_based,1,123,1,10.917,12.761,0.9978,0.9989,35,0,35,1,130,116,124,0.007324,0.012773,0.012655,0,1,1,2388.6
hash_based,1,124,1,10.9,12.738,0.9978,0.9986,35,0,35,0,130,116,125,0.007397,0.012544,0.01276,0,1,1,2388.6
hash_based,1,125,1,11.242,13.387,0.9978,0.9983,35,0,35,0,130,116,126,0.007647,0.012605,0.013474,0,1,1,2388.6
hash_based,1,126,1,11.246,13.392,0.9977,0.998,35,0,35,0,130,116,127,0.007607,0.012658,0.013474,0,1,1,2388.6
hash_based,1,127,1,10.924,12.643,0.9974,0.998,35,0,35,0,131,116,127,0.007607,0.012658,0.012506,0,1,1,2388.6
hash_based,1,128,0,10.762,12.537,0.9974,0.998,35,0,35,0,131,116,127,0.007285,0.012454,0.012546,0,1,1,2388.6
hash_based,1,129,1,10.877,12.612,0.9973,0.9976,35,0,35,0,131,116,128,0.007456,0.012557,0.012618,0,1,1,2388.6
hash_based,1,130,1,10.843,12.584,0.9977,0.998,35,0,35,0,131,117,128,0.007419,0.01252,0.012591,0,1,1,2388.6
hash_based,1,131,1,11.183,13.283,0.9975,0.998,35,0,35,0,132,117,128,0.007388,0.012827,0.013334,0,1,1,2388.6
hash_based,1,132,1,11.104,13.258,0.9972,0.998,35,0,35,0,133,117,128,0.007405,0.012574,0.013334,0,1,1,2388.6
hash_based,1,133,1,10.86,12.599,0.9971,0.9976,35,0,35,0,133,117,129,0.007405,0.012574,0.012602,0,1,1,2388.6
hash_based,1,134,1,11.115,12.99,0.997,0.9972,35,0,35,0,133,117,130,0.007438,0.012909,0.012999,0,1,1,2388.6
hash_based,1,135,1,10.891,12.585,0.9969,0.9968,35,0,35,0,133,117,131,0.007515,0.012586,0.012572,0,1,1,2388.6
hash_based,1,136,1,10.815,12.536,0.9966,0.9968,35,0,35,0,134,117,131,0.007398,0.012539,0.012508,0,1,1,2388.6
hash_based,1,137,1,10.859,12.6,0.9965,0.9964,35,0,35,0,134,117,132,0.007422,0.012606,0.012549,0,1,1,2388.6
hash_based,1,138,1,10.859,12.6,0.9963,0.9959,35,0,35,0,134,117,133,0.007422,0.012606,0.012549,0,1,1,2388.6
hash_based,1,139,1,10.832,12.561,0.9968,0.9964,35,0,35,0,134,118,133,0.007393,0.012563,0.01254,0,1,1,2388.6
hash_based,1,140,1,10.935,12.78,0.9972,0.9969,35,0,35,0,134,119,133,0.007452,0.012546,0.012806,0,1,1,2388.6
hash_based,1,141,1,11.183,13.329,0.997,0.9965,35,0,35,0,134,119,134,0.007457,0.012693,0.0134,0,1,1,2388.6
hash_based,1,142,1,11.026,13.115,0.9974,0.997,35,0,35,0,134,120,134,0.007359,0.012539,0.013179,0,1,1,2388.6
hash_based,1,143,1,11.302,13.241,0.9972,0.9966,35,0,35,0,134,120,135,0.007478,0.013248,0.013179,0,1,1,2388.6
hash_based,1,144,1,11.095,13.179,0.997,0.9961,35,0,35,0,134,120,136,0.007478,0.013248,0.01256,0,1,1,2388.6
hash_based,1,145,1,10.863,12.634,0.9969,0.9961,35,0,35,0,135,120,136,0.007396,0.012643,0.01255,0,1,1,2388.6
hash_based,1,146,1,10.807,12.559,0.9966,0.9956,35,0,35,0,135,120,137,0.00743,0.012575,0.012415,0,1,1,2388.6
hash_based,1,147,1,11.195,13.389,0.9971,0.9962,35,0,35,0,135,121,137,0.007516,0.013478,0.012592,0,1,1,2388.6
hash_based,1,148,1,10.837,12.549,0.9968,0.9957,35,0,35,0,135,121,138,0.007435,0.012552,0.012523,0,1,1,2388.6
hash_based,1,149,1,10.814,12.549,0.9967,0.9957,35,0,35,0,136,121,138,0.007367,0.012552,0.012523,0,1,1,2388.6
hash_based,1,150,1,10.8,12.535,0.9965,0.9965,35,0,35,0,136,121,139,0.007367,0.012493,0.01254,1,1,1,2388.6
hash_based,1,151,1,15.21,18.826,0.9969,0.9969,35,1,35,0,136,122,139,0.019429,0.013398,0.012803,1,1,1,2388.6
hash_based,1,152,1,13.776,15.744,0.9973,0.9973,35,2,35,0,136,123,139,0.016087,0.012586,0.012655,1,1,1,2388.6
hash_based,1,153,11,13.672,15.563,0.9971,0.9971,32,4,32,0,141,126,142,0.015891,0.012614,0.01251,1,1,1,2388.6
hash_based,1,154,1,13.698,15.431,0.9975,0.9975,32,5,32,0,141,127,142,0.015717,0.012859,0.012517,1,1,1,2388.6
hash_based,1,155,1,13.698,15.431,0.9973,0.9973,32,5,32,0,141,127,143,0.015717,0.012859,0.012517,1,1,1,2388.6
hash_based,1,156,11,13.682,15.407,0.9976,0.9976,32,6,32,0,146,131,145,0.015685,0.012461,0.012901,1,1,1,2388.6
hash_based,1,157,11,13.981,15.737,0.9981,0.9981,28,8,28,0,151,136,146,0.015996,0.012537,0.013409,1,1,1,2388.6
hash_based,1,158,11,13.814,15.595,0.998,0.998,28,10,28,0,155,139,150,0.015879,0.012524,0.01304,1,1,1,2388.6
hash_based,1,159,1,13.637,15.371,0.9982,0.9982,28,12,28,0,155,140,150,0.015674,0.012597,0.01264,1,1,1,2388.6
hash_based,1,160,1,13.549,15.134,0.9985,0.9985,28,13,28,0,155,141,150,0.015411,0.012597,0.01264,1,1,1,2388.6
hash_based,1,161,1,13.56,15.134,0.9987,0.9987,28,13,28,0,155,142,150,0.015411,0.012645,0.012624,1,1,1,2388.6
hash_based,1,162,7,13.96,15.897,0.9988,0.9988,23,14,23,0,158,145,151,0.016214,0.013047,0.012619,1,1,1,2388.6
hash_based,1,163,4,13.726,15.336,0.9986,0.9986,23,16,23,0,160,146,152,0.015596,0.013001,0.012582,1,1,1,2388.6
hash_based,1,164,11,13.706,15.523,0.9974,0.9974,23,18,23,0,167,148,154,0.015827,0.012785,0.012506,1,1,1,2388.6
hash_based,1,165,1,13.62,15.353,0.9977,0.9977,19,19,17,0,167,149,154,0.015659,0.012604,0.012597,1,1,1,2388.6
hash_based,1,166,11,13.62,15.353,0.9968,0.9968,19,19,17,0,173,152,156,0.015659,0.012604,0.012597,1,1,1,2388.6
hash_based,1,167,1,13.587,15.144,0.997,0.997,21,21,17,0,173,153,156,0.015406,0.01279,0.012565,1,1,1,2388.6
hash_based,1,168,1,13.904,15.6,0.9971,0.9971,22,22,17,0,173,153,157,0.01585,0.012517,0.013346,1,1,1,2388.6
hash_based,1,169,11,13.781,15.853,0.9967,0.9967,24,24,13,0,178,158,158,0.016218,0.012559,0.012565,1,1,1,2388.6
hash_based,1,170,1,13.682,15.484,0.9969,0.9969,25,25,13,0,178,158,159,0.015793,0.012552,0.012702,1,1,1,2388.6
hash_based,1,171,11,13.728,15.608,0.9959,0.9959,27,27,13,0,184,160,162,0.015931,0.012552,0.012702,1,1,1,2388.6
hash_based,1,172,1,14.049,15.701,0.996,0.996,27,27,13,0,184,160,163,0.015931,0.013635,0.012581,1,1,1,2388.6
hash_based,1,173,11,13.68,15.519,0.995,0.995,28,28,13,0,190,164,164,0.015832,0.012704,0.012504,1,1,1,2388.6
hash_based,1,174,1,13.644,15.541,0.9952,0.9952,30,30,8,0,190,164,165,0.015875,0.012524,0.012532,1,1,1,2388.6
hash_based,1,175,1,13.681,15.471,0.9954,0.9954,31,31,8,0,190,164,166,0.015783,0.012662,0.012598,1,1,1,2388.6
hash_based,1,176,1,13.701,15.565,0.9956,0.9956,32,32,8,0,190,165,166,0.015891,0.012633,0.012578,1,1,1,2388.6
hash_based,1,177,1,13.701,15.565,0.9958,0.9958,32,32,8,0,190,165,167,0.015891,0.012633,0.012578,1,1,1,2388.6
hash_based,1,178,1,13.599,15.427,0.996,0.996,33,33,5,0,190,166,167,0.015748,0.012509,0.012541,1,1,1,2388.6
hash_based,1,179,1,13.693,15.403,0.9961,0.9961,34,34,5,0,190,166,168,0.015693,0.01259,0.012796,1,1,1,2388.6
hash_based,2,0,0,15.407,24.87,1.0,1.0,0,0,0,0,0,0,0,0.007411,0.012572,0.026237,1,1,1,2492.6
hash_based,2,1,1,15.425,24.921,0.3333,0.3333,3,0,0,3,0,1,0,0.007411,0.012572,0.026293,1,1,1,2492.6
hash_based,2,2,1,15.363,24.845,0.6667,0.6667,38,38,0,4,1,1,0,0.007312,0.012568,0.026209,1,1,1,2492.6
hash_based,2,3,11,15.321,24.666,0.8667,0.8667,38,38,0,6,5,2,6,0.007405,0.012544,0.026013,1,1,1,2492.6
hash_based,2,4,11,15.206,24.327,0.932,0.932,38,38,0,8,9,5,10,0.007435,0.012548,0.025636,1,1,1,2492.6
hash_based,2,5,1,15.703,25.053,0.9601,0.9601,38,38,0,9,9,6,10,0.007368,0.013394,0.026348,1,1,1,2492.6
hash_based,2,6,1,15.703,25.053,0.9548,0.9548,38,38,0,9,10,6,10,0.007368,0.013394,0.026348,1,1,1,2492.6
hash_based,2,7,1,15.344,24.736,0.9759,0.9759,38,38,0,10,10,7,10,0.007378,0.012566,0.026088,1,1,1,2492.6
hash_based,2,8,1,15.322,24.708,0.9679,0.9679,38,38,0,11,11,7,10,0.007384,0.012518,0.026063,1,1,1,2492.6
hash_based,2,9,1,15.715,25.169,0.9836,0.9836,38,38,0,12,11,8,10,0.007423,0.013227,0.026496,1,1,1,2492.6
hash_based,2,10,11,15.451,24.74,0.9913,0.9913,38,38,0,14,13,12,15,0.007668,0.012597,0.026089,1,1,1,2492.6
hash_based,2,11,1,15.406,24.74,0.9917,0.9917,38,38,0,14,14,12,15,0.007531,0.012597,0.026089,1,1,1,2492.6
hash_based,2,12,11,15.234,24.344,0.9905,0.9905,38,38,0,15,19,15,18,0.007531,0.012514,0.025658,1,1,1,2492.6
hash_based,2,13,1,15.55,25.378,0.9867,0.9867,38,38,0,17,20,15,18,0.007377,0.012459,0.026814,1,1,1,2492.6
hash_based,2,14,11,15.189,24.21,0.9981,0.9981,38,38,0,19,22,20,22,0.007347,0.012734,0.025485,1,1,1,2492.6
hash_based,2,15,1,15.569,24.66,0.9967,0.9967,38,38,0,20,23,20,22,0.007326,0.013477,0.025903,1,1,1,2492.6
hash_based,2,16,1,15.286,24.567,0.9986,0.9986,38,38,0,20,23,21,22,0.007408,0.012548,0.025903,1,1,1,2492.6
hash_based,2,17,11,15.338,24.708,0.9946,0.9946,38,38,0,21,27,23,27,0.007408,0.012548,0.026059,1,1,1,2492.6
hash_based,2,18,11,15.37,24.828,0.999,0.999,38,38,0,23,30,28,30,0.007408,0.012505,0.026197,1,1,1,2492.6
hash_based,2,19,1,15.517,25.191,0.9982,0.9982,38,38,0,25,31,28,30,0.007364,0.012598,0.02659,1,1,1,2492.6
hash_based,2,20,11,15.843,25.387,0.9974,0.9974,38,38,0,26,34,31,35,0.008096,0.012629,0.026805,1,1,1,2492.6
hash_based,2,21,1,15.568,24.794,0.9969,0.9969,38,38,0,28,35,31,35,0.0077,0.012887,0.026117,1,1,1,2492.6
hash_based,2,22,1,15.568,24.794,0.996,0.996,38,38,0,28,36,31,35,0.0077,0.012887,0.026117,1,1,1,2492.6
hash_based,2,23,1,15.227,24.233,0.9953,0.9953,38,38,0,29,36,31,36,0.007435,0.012735,0.025511,1,1,1,2492.6
hash_based,2,24,10,15.452,24.817,0.9859,0.9859,38,38,0,31,43,32,38,0.007389,0.012818,0.02615,1,1,1,2492.6
hash_based,2,25,1,15.408,24.766,0.9837,0.9837,38,38,0,32,44,32,38,0.007399,0.012722,0.026104,1,1,1,2492.6
hash_based,2,26,1,15.385,24.699,0.9864,0.9864,38,38,0,33,44,33,38,0.007434,0.012686,0.026034,1,1,1,2492.6
hash_based,2,27,1,15.378,24.699,0.9841,0.9841,38,38,0,33,45,33,38,0.007413,0.012686,0.026034,1,1,1,2492.6
hash_based,2,28,1,15.418,24.763,0.9815,0.9815,38,38,0,34,46,33,38,0.007413,0.012741,0.026099,1,1,1,2492.6
hash_based,2,29,1,15.332,24.666,0.9842,0.9842,35,34,0,35,46,34,38,0.007442,0.012539,0.026014,1,1,1,2492.6
hash_based,2,30,1,15.472,25.005,0.9816,0.9816,36,34,0,36,47,34,38,0.007457,0.012573,0.026386,1,1,1,2492.6
hash_based,2,31,1,15.48,25.034,0.9788,0.9788,37,34,0,37,48,34,38,0.007417,0.012609,0.026414,1,1,1,2492.6
hash_based,2,32,1,15.528,25.049,0.9814,0.9814,37,28,0,37,48,35,38,0.007403,0.012766,0.026414,1,1,1,2492.6
hash_based,2,33,1,15.557,25.128,0.9786,0.9786,38,28,0,38,49,35,38,0.007403,0.012766,0.026501,1,1,1,2492.6
hash_based,2,34,11,15.372,24.829,0.9748,0.9748,40,28,0,40,54,37,42,0.007419,0.012498,0.026199,1,1,1,2492.6
hash_based,2,35,11,15.437,25.044,0.9877,0.9877,42,28,0,42,55,42,47,0.007317,0.012564,0.026431,1,1,1,2492.6
hash_based,2,36,1,15.569,24.945,0.9895,0.9895,43,28,0,43,55,43,47,0.007409,0.01303,0.026269,1,1,1,2492.6
hash_based,2,37,1,15.433,24.962,0.991,0.991,44,24,0,44,55,44,47,0.007386,0.012573,0.026339,1,1,1,2492.6
hash_based,2,38,1,15.433,24.962,0.9893,0.9893,44,24,0,44,56,44,47,0.007386,0.012573,0.026339,1,1,1,2492.6
hash_based,2,39,11,15.412,24.762,0.9899,0.9899,45,24,0,45,59,46,53,0.007621,0.012489,0.026126,1,1,1,2492.6
hash_based,2,40,11,15.401,24.884,0.9883,0.9883,47,24,0,47,64,49,56,0.007432,0.012511,0.026259,1,1,1,2492.6
hash_based,2,41,1,15.844,25.376,0.9868,0.9868,49,18,0,49,65,49,56,0.007767,0.013015,0.026749,1,1,1,2492.6
hash_based,2,42,11,15.512,24.907,0.9875,0.9875,51,18,0,51,67,51,63,0.00771,0.012544,0.026281,1,1,1,2492.6
hash_based,2,43,1,15.497,24.907,0.9864,0.9864,51,18,0,51,68,51,63,0.007667,0.012544,0.026281,1,1,1,2492.6
hash_based,2,44,11,15.478,24.901,0.9788,0.9788,52,18,0,52,72,51,70,0.007667,0.012487,0.02628,1,1,1,2492.6
hash_based,2,45,11,15.486,25.072,0.9791,0.9791,54,13,0,54,76,54,74,0.007424,0.012573,0.026461,1,1,1,2492.6
hash_based,2,46,1,15.437,24.991,0.9782,0.9782,56,13,0,56,77,54,74,0.007362,0.012579,0.02637,1,1,1,2492.6
hash_based,2,47,1,15.331,24.589,0.9803,0.9803,57,13,0,57,77,55,74,0.007474,0.012597,0.025921,1,1,1,2492.6
hash_based,2,48,1,15.277,24.581,0.9823,0.9823,57,13,0,57,77,56,74,0.007389,0.012521,0.025921,1,1,1,2492.6
hash_based,2,49,1,15.332,24.73,0.9841,0.9841,58,13,0,58,77,57,74,0.007389,0.012521,0.026087,1,1,1,2492.6
hash_based,2,50,11,15.37,24.854,0.9862,0.9862,59,8,0,59,77,61,81,0.007437,0.01244,0.026233,1,1,1,2492.6
hash_based,2,51,1,15.313,24.583,0.9853,0.9853,61,8,0,61,77,61,82,0.007451,0.012571,0.025918,1,1,1,2492.6
hash_based,2,52,10,15.324,24.706,0.9864,0.9864,63,8,0,63,82,64,84,0.007398,0.012514,0.026061,1,1,1,2492.6
hash_based,2,53,11,15.707,25.19,0.9892,0.9892,65,5,0,65,83,69,89,0.007978,0.012547,0.026595,1,1,1,2492.6
hash_based,2,54,1,15.812,25.19,0.989,0.989,65,5,0,65,84,69,89,0.008293,0.012547,0.026595,1,1,1,2492.6
hash_based,2,55,1,15.923,25.483,0.9902,0.9902,66,5,0,66,84,70,89,0.008293,0.012558,0.026919,1,1,1,2492.6
hash_based,2,56,1,15.893,26.115,0.99,0.99,67,5,0,67,85,70,89,0.00751,0.012548,0.027622,1,1,1,2492.6
hash_based,2,57,1,15.433,24.918,0.9897,0.9897,68,0,0,68,86,70,89,0.007445,0.012565,0.02629,1,1,1,2492.6
hash_based,2,58,1,15.518,24.94,0.9909,0.9909,69,0,0,69,86,71,89,0.007321,0.012961,0.026271,1,1,1,2492.6
hash_based,2,59,11,15.417,24.904,0.9922,0.9922,69,0,0,69,90,75,92,0.00738,0.012599,0.026271,1,1,1,2492.6
hash_based,2,60,1,15.368,24.772,0.9919,1.0,71,0,0,71,91,75,92,0.00738,0.012599,0.026124,1,0,1,2492.6
hash_based,2,61,1,10.852,12.615,0.9914,0.9999,71,0,0,71,91,75,93,0.007339,0.012617,0.012599,1,0,1,2492.6
hash_based,2,62,1,10.821,12.58,0.991,1.0,68,0,0,68,92,75,93,0.007372,0.012589,0.012501,1,0,1,2492.6
hash_based,2,63,1,10.872,12.547,0.9906,1.0,68,0,0,68,93,75,93,0.007526,0.012544,0.012547,1,0,1,2492.6
hash_based,2,64,1,10.858,12.617,0.9901,1.0,68,0,0,68,93,75,94,0.007405,0.012545,0.012625,1,0,1,2492.6
hash_based,2,65,1,11.139,12.617,0.9897,1.0,68,0,0,68,94,75,94,0.008247,0.012545,0.012625,1,0,1,2492.6
hash_based,2,66,1,11.11,12.548,0.9892,1.0,63,0,0,63,94,75,95,0.008247,0.012535,0.012549,1,0,1,2492.6
hash_based,2,67,1,10.989,12.932,0.9903,1.0,63,0,0,63,94,76,95,0.007407,0.012591,0.01297,1,0,1,2492.6
hash_based,2,68,1,10.909,12.682,0.9899,1.0,63,0,0,63,95,76,95,0.007406,0.012688,0.012632,1,0,1,2492.6
hash_based,2,69,1,10.809,12.572,0.991,1.0,59,0,0,59,95,77,95,0.007413,0.012424,0.012589,1,0,1,2492.6
hash_based,2,70,1,10.931,12.804,0.9905,1.0,59,0,0,59,95,77,96,0.00734,0.012823,0.012629,1,0,1,2492.6
hash_based,2,71,1,10.931,12.804,0.9901,1.0,59,0,0,59,96,77,96,0.00734,0.012823,0.012629,1,0,1,2492.6
hash_based,2,72,1,10.973,12.626,0.9897,1.0,59,0,0,59,97,77,96,0.007684,0.012628,0.012608,1,0,1,2492.6
hash_based,2,73,1,11.085,13.244,0.9892,1.0,59,0,0,59,97,77,97,0.007409,0.012521,0.013324,1,0,1,2492.6
hash_based,2,74,1,10.876,12.635,0.9903,1.0,54,0,0,54,97,78,97,0.007426,0.012557,0.012644,1,0,1,2492.6
hash_based,2,75,1,10.87,12.544,0.9899,1.0,54,0,0,54,97,78,98,0.007595,0.012553,0.012462,1,0,1,2492.6
hash_based,2,76,1,10.812,12.544,0.9894,0.9999,54,0,0,54,97,78,99,0.007422,0.012553,0.012462,1,0,1,2492.6
hash_based,2,77,1,11.053,13.032,0.9888,0.9998,54,0,0,54,97,78,100,0.007422,0.012665,0.013073,1,0,1,2492.6
hash_based,2,78,1,10.928,12.783,0.9882,0.9996,49,0,0,49,97,78,101,0.007438,0.01281,0.012537,1,0,1,2492.6
hash_based,2,79,1,10.835,12.588,0.9876,0.9994,49,0,0,49,97,78,102,0.007358,0.012556,0.012592,1,0,1,2492.6
hash_based,2,80,1,10.939,12.732,0.9873,0.9996,49,0,0,49,98,78,102,0.007454,0.01262,0.012744,1,0,1,2492.6
hash_based,2,81,1,10.811,12.576,0.9885,0.9996,43,0,0,43,98,79,102,0.007389,0.01259,0.012453,1,0,1,2492.6
hash_based,2,82,1,10.811,12.576,0.9879,0.9994,43,0,0,43,98,79,103,0.007389,0.01259,0.012453,1,0,1,2492.6
hash_based,2,83,1,10.782,12.494,0.9876,0.9996,43,0,0,43,99,79,103,0.007381,0.012468,0.012497,1,0,1,2492.6
hash_based,2,84,1,10.866,12.637,0.9873,0.9998,43,0,0,43,100,79,103,0.007411,0.012539,0.012648,1,0,1,2492.6
hash_based,2,85,1,10.85,12.576,0.9867,0.9996,43,0,0,43,100,79,104,0.007428,0.012542,0.01258,1,0,1,2492.6
hash_based,2,86,1,10.899,12.676,0.9863,0.9998,39,0,0,39,101,79,104,0.007437,0.012688,0.012572,1,0,1,2492.6
hash_based,2,87,0,10.899,12.676,0.9863,0.9998,39,0,0,39,101,79,104,0.007436,0.012688,0.012572,1,0,1,2492.6
hash_based,2,88,1,10.822,12.534,0.9875,0.9998,39,0,0,39,101,80,104,0.007436,0.012539,0.01249,1,0,1,2492.6
hash_based,2,89,1,10.927,12.671,0.9887,0.9998,39,0,0,39,101,81,104,0.007479,0.012626,0.012676,1,0,1,2492.6
hash_based,2,90,1,11.013,12.922,0.9883,0.9883,36,0,0,36,102,81,104,0.007381,0.012714,0.012945,1,1,1,2492.6
hash_based,2,91,1,16.939,28.993,0.9894,0.9894,36,0,1,36,102,82,104,0.007452,0.03082,0.012546,1,1,1,2492.6
hash_based,2,92,1,15.368,24.749,0.9889,0.9889,36,0,2,36,102,82,105,0.007454,0.026105,0.012546,1,1,1,2492.6
hash_based,2,93,1,15.376,24.751,0.9886,0.9886,36,0,2,36,103,82,105,0.007454,0.026105,0.012568,1,1,1,2492.6
hash_based,2,94,11,15.652,25.449,0.9899,0.9899,32,0,4,32,108,86,107,0.007444,0.026872,0.01264,1,1,1,2492.6
hash_based,2,95,1,15.405,24.979,0.9895,0.9895,32,0,5,32,108,86,108,0.007374,0.026368,0.012474,1,1,1,2492.6
hash_based,2,96,1,15.369,24.793,0.9891,0.9891,32,0,6,32,109,86,108,0.007421,0.026156,0.012529,1,1,1,2492.6
hash_based,2,97,11,15.408,24.757,0.9888,0.9888,32,0,8,32,114,89,111,0.007579,0.026116,0.012529,1,1,1,2492.6
hash_based,2,98,1,15.636,24.826,0.9885,0.9885,32,0,8,32,114,89,112,0.007579,0.026116,0.013214,1,1,1,2492.6
hash_based,2,99,1,15.42,24.731,0.988,0.988,27,0,9,27,115,89,112,0.007378,0.026054,0.012827,1,1,1,2492.6
hash_based,2,100,1,15.298,24.732,0.9875,0.9875,27,0,10,27,116,89,112,0.007309,0.026092,0.012494,1,1,1,2492.6
hash_based,2,101,1,15.355,24.53,0.9872,0.9872,27,0,11,27,116,89,113,0.00767,0.025863,0.012532,1,1,1,2492.6
hash_based,2,102,1,15.38,24.838,0.9868,0.9868,22,0,12,22,116,89,114,0.007337,0.026197,0.012607,1,1,1,2492.6
hash_based,2,103,11,15.38,24.838,0.9908,0.9908,22,0,12,22,118,95,117,0.007337,0.026197,0.012607,1,1,1,2492.6
hash_based,2,104,1,15.295,24.665,0.9904,0.9904,22,0,14,22,119,95,117,0.007384,0.026018,0.012484,1,1,1,2492.6
hash_based,2,105,1,15.374,24.765,0.99,0.99,22,0,15,22,120,95,117,0.007451,0.026122,0.012548,1,1,1,2492.6
hash_based,2,106,1,15.17,24.23,0.9897,0.9897,16,0,16,16,120,95,118,0.007429,0.025527,0.012555,1,1,1,2492.6
hash_based,2,107,1,15.285,24.541,0.9892,0.9892,17,0,17,16,121,95,118,0.007413,0.025871,0.012571,1,1,1,2492.6
hash_based,2,108,11,15.26,24.541,0.9935,0.9935,17,0,17,16,123,102,120,0.007338,0.025871,0.012571,1,1,1,2492.6
hash_based,2,109,1,15.676,25.673,0.9932,0.9932,19,0,19,16,124,102,120,0.007338,0.02713,0.01256,1,1,1,2492.6
hash_based,2,110,1,15.418,24.909,0.9928,0.9928,20,0,20,16,125,102,120,0.007417,0.026282,0.012554,1,1,1,2492.6
hash_based,2,111,1,15.56,25.207,0.9926,0.9926,21,0,21,12,125,102,121,0.007591,0.026623,0.012465,1,1,1,2492.6
hash_based,2,112,1,15.457,24.458,0.9924,0.9924,22,0,22,12,125,102,122,0.007427,0.025704,0.013241,1,1,1,2492.6
hash_based,2,113,1,15.447,24.458,0.992,0.992,22,0,22,12,126,102,122,0.007397,0.025704,0.013241,1,1,1,2492.6
hash_based,2,114,1,15.355,24.747,0.9917,0.9917,23,0,23,12,126,102,123,0.007397,0.0261,0.012569,1,1,1,2492.6
hash_based,2,115,1,15.716,25.684,0.9913,0.9913,24,0,24,6,127,102,123,0.007363,0.027132,0.012654,1,1,1,2492.6
hash_based,2,116,1,15.325,24.466,0.9909,0.9909,25,0,25,6,128,102,123,0.007605,0.025786,0.012583,1,1,1,2492.6
hash_based,2,117,11,15.4,24.656,0.9919,0.9919,26,0,26,6,131,106,127,0.007663,0.026003,0.012533,1,1,1,2492.6
hash_based,2,118,1,15.458,24.975,0.9917,0.9917,28,0,28,6,131,106,128,0.007484,0.026358,0.012533,1,1,1,2492.6
hash_based,2,119,1,15.463,24.977,0.9914,0.9914,28,0,28,2,131,106,129,0.007484,0.026358,0.012548,1,1,1,2492.6
hash_based,2,120,11,15.432,24.914,0.9932,0.9926,29,0,29,2,134,111,132,0.007438,0.026285,0.012572,0,1,1,2492.6
hash_based,2,121,0,10.766,12.512,0.9932,0.9926,30,0,30,2,134,111,132,0.007402,0.012369,0.012528,0,1,1,2492.6
hash_based,2,122,1,10.791,12.501,0.993,0.9919,30,0,30,2,134,111,133,0.007406,0.012505,0.012462,0,1,1,2492.6
hash_based,2,123,1,10.824,12.542,0.9936,0.9927,30,0,30,0,134,112,133,0.007401,0.012543,0.012529,0,1,1,2492.6
hash_based,2,124,1,10.824,12.542,0.9942,0.9934,30,0,30,0,134,113,133,0.007401,0.012543,0.012529,0,1,1,2492.6
hash_based,2,125,1,10.826,12.556,0.9948,0.9941,30,0,30,0,134,114,133,0.007392,0.012528,0.012559,0,1,1,2492.6
hash_based,2,126,1,11.164,13.382,0.9945,0.9935,30,0,30,0,134,114,134,0.007509,0.013479,0.012505,0,1,1,2492.6
hash_based,2,127,1,10.837,12.556,0.9951,0.9942,30,0,30,0,134,115,134,0.007419,0.012534,0.012558,0,1,1,2492.6
hash_based,2,128,1,10.887,12.563,0.9956,0.9948,30,0,30,0,134,116,134,0.007571,0.012523,0.012567,0,1,1,2492.6
hash_based,2,129,1,10.906,12.769,0.9961,0.9954,30,0,30,0,134,117,134,0.00736,0.012792,0.012567,0,1,1,2492.6
hash_based,2,130,1,10.877,12.761,0.9966,0.996,30,0,30,0,134,118,134,0.00736,0.012792,0.012478,0,1,1,2492.6
hash_based,2,131,1,10.947,12.861,0.9964,0.9955,30,0,30,0,134,118,135,0.007384,0.012894,0.012564,0,1,1,2492.6
hash_based,2,132,1,10.881,12.659,0.9961,0.995,30,0,30,0,134,118,136,0.007426,0.012672,0.012544,0,1,1,2492.6
hash_based,2,133,1,10.82,12.537,0.9966,0.9956,30,0,30,0,134,119,136,0.007398,0.012539,0.012523,0,1,1,2492.6
hash_based,2,134,1,10.827,12.527,0.9963,0.9951,30,0,30,0,134,119,137,0.007447,0.012506,0.012529,0,1,1,2492.6
hash_based,2,135,1,11.172,13.341,0.9961,0.9946,30,0,30,0,134,119,138,0.007555,0.013431,0.012529,0,1,1,2492.6
hash_based,2,136,1,11.247,13.364,0.9965,0.9952,30,0,30,0,134,120,138,0.007555,0.013431,0.012756,0,1,1,2492.6
hash_based,2,137,1,10.851,12.602,0.9964,0.9952,30,0,30,0,135,120,138,0.007385,0.01256,0.012607,0,1,1,2492.6
hash_based,2,138,1,10.925,12.751,0.9963,0.9952,30,0,30,0,136,120,138,0.007408,0.012768,0.0126,0,1,1,2492.6
hash_based,2,139,1,10.88,12.637,0.996,0.9946,30,0,30,0,136,120,139,0.00745,0.012544,0.012647,0,1,1,2492.6
hash_based,2,140,1,11.107,13.244,0.9957,0.9941,30,0,30,0,136,120,140,0.007397,0.012611,0.013314,0,1,1,2492.6
hash_based,2,141,1,11.124,13.244,0.9956,0.9941,30,0,30,0,137,120,140,0.007448,0.012611,0.013314,0,1,1,2492.6
hash_based,2,142,1,10.887,12.654,0.9953,0.9936,30,0,30,0,137,120,141,0.007448,0.012666,0.012546,0,1,1,2492.6
hash_based,2,143,1,10.805,12.567,0.995,0.993,30,0,30,0,137,120,142,0.007325,0.012573,0.012517,0,1,1,2492.6
hash_based,2,144,1,10.851,12.577,0.9955,0.9937,30,0,30,0,137,121,142,0.007408,0.012566,0.012578,0,1,1,2492.6
hash_based,2,145,1,10.817,12.624,0.9954,0.9937,30,0,30,0,138,121,142,0.007274,0.012633,0.012543,0,1,1,2492.6
hash_based,2,146,1,10.839,12.608,0.9959,0.9943,30,0,30,0,138,122,142,0.007393,0.01262,0.012503,0,1,1,2492.6
hash_based,2,147,1,10.839,12.608,0.9956,0.9938,30,0,30,0,138,122,143,0.007393,0.01262,0.012503,0,1,1,2492.6
hash_based,2,148,1,10.921,12.726,0.9953,0.9932,30,0,30,0,138,122,144,0.00743,0.012741,0.012593,0,1,1,2492.6
hash_based,2,149,1,10.949,12.857,0.9949,0.9926,30,0,30,0,138,122,145,0.007388,0.012889,0.01257,0,1,1,2492.6
hash_based,2,150,1,10.814,12.654,0.9946,0.9946,30,0,30,0,138,122,146,0.007328,0.012437,0.012678,1,1,1,2492.6
hash_based,2,151,1,15.002,19.207,0.9942,0.9942,30,1,30,0,138,122,147,0.019948,0.012517,0.012541,1,1,1,2492.6
hash_based,2,152,1,13.613,15.456,0.9947,0.9947,30,2,30,0,138,123,147,0.01578,0.012517,0.012541,1,1,1,2492.6
hash_based,2,153,1,13.778,15.514,0.9952,0.9952,30,2,30,0,138,124,147,0.01578,0.012437,0.013117,1,1,1,2492.6
hash_based,2,154,11,13.693,15.464,0.9967,0.9967,30,3,30,0,143,129,148,0.015765,0.012562,0.012751,1,1,1,2492.6
hash_based,2,155,1,13.512,15.299,0.9971,0.9971,30,5,30,0,143,130,148,0.015603,0.012564,0.012368,1,1,1,2492.6
hash_based,2,156,11,13.73,15.658,0.997,0.997,25,6,25,0,148,133,151,0.015996,0.012613,0.01258,1,1,1,2492.6
hash_based,2,157,1,13.567,15.294,0.9968,0.9968,25,8,25,0,148,133,152,0.015596,0.012524,0.01258,1,1,1,2492.6
hash_based,2,158,1,13.555,15.291,0.9972,0.9972,25,8,25,0,148,134,152,0.015596,0.012524,0.012544,1,1,1,2492.6
hash_based,2,159,0,13.554,15.252,0.9972,0.9972,25,9,25,0,148,134,152,0.015549,0.01258,0.012532,1,1,1,2492.6
hash_based,2,160,11,14.124,16.078,0.9971,0.9971,21,11,21,0,153,137,155,0.016386,0.012682,0.013305,1,1,1,2492.6
hash_based,2,161,1,13.67,15.497,0.9974,0.9974,21,12,21,0,153,138,155,0.015812,0.01254,0.012658,1,1,1,2492.6
hash_based,2,162,1,13.871,15.54,0.9972,0.9972,21,13,21,0,153,138,156,0.015775,0.012415,0.013422,1,1,1,2492.6
hash_based,2,163,1,13.871,15.54,0.997,0.997,21,13,21,0,153,138,157,0.015775,0.012415,0.013422,1,1,1,2492.6
hash_based,2,164,11,13.828,16.022,0.9974,0.9974,17,14,17,0,157,142,160,0.016404,0.012498,0.012582,1,1,1,2492.6
hash_based,2,165,11,14.256,16.047,0.9967,0.9967,17,16,17,0,163,144,163,0.016303,0.012723,0.013741,1,1,1,2492.6
hash_based,2,166,1,13.995,15.778,0.9971,0.9971,18,18,17,0,163,145,163,0.016053,0.012632,0.0133,1,1,1,2492.6
hash_based,2,167,1,13.717,15.5,0.9974,0.9974,19,19,17,0,163,146,163,0.015805,0.012595,0.012752,1,1,1,2492.6
hash_based,2,168,11,13.653,15.327,0.9975,0.9975,21,21,17,0,169,150,164,0.015613,0.012595,0.012752,1,1,1,2492.6
hash_based,2,169,1,13.545,15.307,0.9978,0.9978,21,21,13,0,169,151,164,0.015613,0.012553,0.012469,1,1,1,2492.6
hash_based,2,170,11,13.625,15.497,0.9973,0.9973,22,22,13,0,175,154,166,0.015822,0.01257,0.012482,1,1,1,2492.6
hash_based,2,171,1,13.488,15.131,0.9973,0.9973,24,24,13,0,175,154,167,0.015416,0.012484,0.012563,1,1,1,2492.6
hash_based,2,172,1,13.776,15.53,0.9972,0.9972,25,25,9,0,175,154,168,0.015819,0.012574,0.012934,1,1,1,2492.6
hash_based,2,173,1,13.767,15.567,0.9975,0.9975,26,26,9,0,175,155,168,0.015859,0.012508,0.012934,1,1,1,2492.6
hash_based,2,174,1,13.623,15.524,0.9975,0.9975,26,26,9,0,175,155,169,0.015859,0.012508,0.012502,1,1,1,2492.6
hash_based,2,175,1,14.166,15.484,0.9974,0.9974,27,27,9,0,175,155,170,0.01561,0.01254,0.014348,1,1,1,2492.6
hash_based,2,176,1,13.996,16.247,0.9973,0.9973,28,28,6,0,175,155,171,0.016641,0.012696,0.01265,1,1,1,2492.6
hash_based,2,177,1,13.791,15.849,0.9972,0.9972,29,29,6,0,175,155,172,0.016208,0.012549,0.012615,1,1,1,2492.6
hash_based,2,178,1,13.8,15.451,0.9971,0.9971,30,30,6,0,175,155,173,0.015712,0.012586,0.013103,1,1,1,2492.6
hash_based,2,179,1,13.8,15.451,0.997,0.997,30,30,6,0,175,155,174,0.015712,0.012586,0.013103,1,1,1,2492.6
ecmp,1,0,0,15.952,25.227,1.0,1.0,0,0,0,0,0,0,0,0.008382,0.012875,0.026599,1,1,1,2733.4
ecmp,1,1,1,15.519,25.163,0.3333,0.3333,35,35,0,3,1,0,0,0.007425,0.012571,0.026562,1,1,1,2733.4
ecmp,1,2,1,15.597,24.696,0.6667,0.6667,35,35,0,4,1,1,0,0.007416,0.013428,0.025948,1,1,1,2733.4
ecmp,1,3,11,15.417,24.639,0.9883,0.9883,35,35,0,4,5,4,4,0.007443,0.01286,0.025948,1,1,1,2733.4
ecmp,1,4,1,15.887,25.907,0.9899,0.9899,35,35,0,6,5,5,4,0.007443,0.01286,0.027357,1,1,1,2733.4
ecmp,1,5,11,15.244,24.463,0.9968,0.9968,35,35,0,8,9,8,8,0.007499,0.012435,0.025799,1,1,1,2733.4
ecmp,1,6,1,15.553,24.549,0.9971,0.9971,35,35,0,9,9,9,8,0.008235,0.012541,0.025883,1,1,1,2733.4
ecmp,1,7,11,15.45,25.007,0.9985,0.9985,35,35,0,11,13,12,12,0.007399,0.012562,0.02639,1,1,1,2733.4
ecmp,1,8,1,15.412,24.919,0.9986,0.9986,35,35,0,12,13,13,12,0.007394,0.012549,0.026293,1,1,1,2733.4
ecmp,1,9,11,15.837,24.919,0.9992,0.9992,35,35,0,12,17,16,16,0.00867,0.012549,0.026293,1,1,1,2733.4
ecmp,1,10,1,16.217,25.737,0.9992,0.9992,35,35,0,14,17,17,16,0.00867,0.012809,0.027173,1,1,1,2733.4
ecmp,1,11,11,15.276,24.605,0.9995,0.9995,35,35,0,16,21,20,20,0.007387,0.01249,0.025951,1,1,1,2733.4
ecmp,1,12,1,15.425,24.848,0.9995,0.9995,35,35,0,17,21,21,20,0.007468,0.012597,0.026209,1,1,1,2733.4
ecmp,1,13,11,15.423,24.953,0.9996,0.9996,35,35,0,19,25,24,24,0.007422,0.012512,0.026335,1,1,1,2733.4
ecmp,1,14,1,15.421,24.954,0.9996,0.9996,35,35,0,19,25,25,24,0.007402,0.012526,0.026335,1,1,1,2733.4
ecmp,1,15,11,15.542,25.282,0.9997,0.9997,35,35,0,20,29,28,28,0.007402,0.012526,0.026699,1,1,1,2733.4
ecmp,1,16,1,15.398,24.853,0.9997,0.9997,35,35,0,22,29,29,28,0.007356,0.012627,0.026211,1,1,1,2733.4
ecmp,1,17,11,15.557,24.842,0.9998,0.9998,35,35,0,23,33,32,32,0.00779,0.012688,0.026192,1,1,1,2733.4
ecmp,1,18,1,15.81,25.617,0.9998,0.9998,35,35,0,25,33,33,32,0.007696,0.01268,0.027055,1,1,1,2733.4
ecmp,1,19,11,15.852,25.617,0.9998,0.9998,35,35,0,25,37,36,36,0.007822,0.01268,0.027055,1,1,1,2733.4
ecmp,1,20,1,16.037,25.165,0.9998,0.9998,35,35,0,27,37,37,36,0.007822,0.013869,0.02642,1,1,1,2733.4
ecmp,1,21,11,15.676,25.476,0.9999,0.9999,35,35,0,28,41,40,40,0.007391,0.012745,0.026891,1,1,1,2733.4
ecmp,1,22,0,15.595,24.963,0.9999,0.9999,35,35,0,30,41,40,40,0.007527,0.012961,0.026297,1,1,1,2733.4
ecmp,1,23,1,15.59,25.143,0.9999,0.9999,35,35,0,31,41,41,40,0.007474,0.012781,0.026516,1,1,1,2733.4
ecmp,1,24,11,15.59,25.143,0.9999,0.9999,35,35,0,31,45,44,44,0.007474,0.012781,0.026516,1,1,1,2733.4
ecmp,1,25,1,15.288,24.502,0.9999,0.9999,35,35,0,33,45,45,44,0.007485,0.012548,0.02583,1,1,1,2733.4
ecmp,1,26,11,15.4,24.869,0.9999,0.9999,35,35,0,35,49,48,48,0.007442,0.012517,0.026241,1,1,1,2733.4
ecmp,1,27,1,15.8,25.078,0.9999,0.9999,36,34,0,36,49,49,48,0.007516,0.013523,0.026362,1,1,1,2733.4
ecmp,1,28,11,15.338,24.738,0.9999,0.9999,38,34,0,38,53,52,52,0.007346,0.01258,0.026089,1,1,1,2733.4
ecmp,1,29,1,15.544,24.738,0.9999,0.9999,38,34,0,38,53,53,52,0.007964,0.01258,0.026089,1,1,1,2733.4
ecmp,1,30,11,15.804,25.165,0.9999,0.9999,39,34,0,39,57,56,56,0.007964,0.012922,0.026525,1,1,1,2733.4
ecmp,1,31,1,15.701,25.248,0.9999,0.9999,41,28,0,41,57,57,56,0.007855,0.012594,0.026654,1,1,1,2733.4
ecmp,1,32,11,15.438,24.614,0.9999,0.9999,43,28,0,43,61,60,60,0.007325,0.013096,0.025894,1,1,1,2733.4
ecmp,1,33,1,15.459,24.845,0.9999,0.9999,44,28,0,44,61,61,60,0.007379,0.012815,0.026182,1,1,1,2733.4
ecmp,1,34,11,15.493,24.843,0.9999,0.9999,44,28,0,44,65,64,64,0.007506,0.012791,0.026182,1,1,1,2733.4
ecmp,1,35,1,15.323,24.384,0.9999,0.9999,46,28,0,46,65,65,64,0.007506,0.012791,0.025672,1,1,1,2733.4
ecmp,1,36,11,15.242,24.478,1.0,1.0,47,24,0,47,69,68,68,0.007454,0.01246,0.025813,1,1,1,2733.4
ecmp,1,37,1,15.27,24.762,1.0,1.0,49,24,0,49,69,69,68,0.007335,0.012331,0.026143,1,1,1,2733.4
ecmp,1,38,11,15.451,25.049,1.0,1.0,51,24,0,51,73,72,72,0.007368,0.012546,0.026438,1,1,1,2733.4
ecmp,1,39,1,15.788,25.147,1.0,1.0,51,20,0,51,73,73,72,0.007397,0.013529,0.026438,1,1,1,2733.4
ecmp,1,40,11,15.696,24.899,1.0,1.0,52,20,0,52,77,76,76,0.007397,0.013529,0.026162,1,1,1,2733.4
ecmp,1,41,1,15.635,25.301,1.0,1.0,54,20,0,54,77,77,76,0.00738,0.012841,0.026685,1,1,1,2733.4
ecmp,1,42,11,15.431,24.744,1.0,1.0,55,20,0,55,81,80,80,0.007576,0.012627,0.02609,1,1,1,2733.4
ecmp,1,43,1,15.434,24.975,1.0,1.0,57,14,0,57,81,81,80,0.007411,0.012532,0.026358,1,1,1,2733.4
ecmp,1,44,11,15.245,24.368,1.0,1.0,59,14,0,59,85,84,84,0.007496,0.012559,0.02568,1,1,1,2733.4
ecmp,1,45,1,15.191,24.368,1.0,1.0,59,14,0,59,85,85,84,0.007334,0.012559,0.02568,1,1,1,2733.4
ecmp,1,46,11,15.397,24.954,1.0,1.0,60,14,0,60,89,88,88,0.007334,0.012521,0.026336,1,1,1,2733.4
ecmp,1,47,1,15.313,24.559,1.0,1.0,62,14,0,62,89,89,88,0.007483,0.012564,0.025892,1,1,1,2733.4
ecmp,1,48,0,15.41,24.823,1.0,1.0,63,10,0,63,89,89,88,0.007412,0.012641,0.026177,1,1,1,2733.4
ecmp,1,49,11,15.586,24.646,1.0,1.0,65,10,0,65,93,92,92,0.008233,0.012533,0.025992,1,1,1,2733.4
ecmp,1,50,1,15.3,24.654,1.0,1.0,65,10,0,65,93,93,92,0.007295,0.012614,0.025992,1,1,1,2733.4
ecmp,1,51,11,15.41,24.95,1.0,1.0,66,10,0,66,97,96,96,0.007295,0.012614,0.026321,1,1,1,2733.4
ecmp,1,52,1,15.512,25.165,1.0,1.0,68,7,0,68,97,97,96,0.007416,0.012555,0.026566,1,1,1,2733.4
ecmp,1,53,11,15.679,24.814,1.0,1.0,70,7,0,70,101,100,100,0.007718,0.013216,0.026103,1,1,1,2733.4
ecmp,1,54,1,15.877,25.281,1.0,1.0,71,7,0,71,101,101,100,0.008365,0.012572,0.026693,1,1,1,2733.4
ecmp,1,55,11,16.035,25.281,1.0,1.0,71,2,0,71,105,104,104,0.008839,0.012572,0.026693,1,1,1,2733.4
ecmp,1,56,1,16.112,25.355,1.0,1.0,73,2,0,73,105,105,104,0.008839,0.01274,0.026757,1,1,1,2733.4
ecmp,1,57,11,15.804,25.868,1.0,1.0,74,2,0,74,109,108,108,0.007561,0.012498,0.027354,1,1,1,2733.4
ecmp,1,58,1,15.589,25.247,1.0,1.0,76,2,0,76,109,109,108,0.007562,0.012548,0.026658,1,1,1,2733.4
ecmp,1,59,11,15.747,25.158,1.0,1.0,77,0,0,77,113,112,112,0.008072,0.012619,0.026551,1,1,1,2733.4
ecmp,1,60,1,15.471,25.145,1.0,1.0,77,0,0,77,113,113,112,0.007373,0.01249,0.026551,1,0,1,2733.4
ecmp,1,61,1,10.813,12.566,1.0,1.0,77,0,0,77,113,113,113,0.007373,0.01249,0.012575,1,0,1,2733.4
ecmp,1,62,1,10.79,12.57,1.0,1.0,77,0,0,77,114,113,113,0.00733,0.012457,0.012583,1,0,1,2733.4
ecmp,1,63,1,10.835,12.66,1.0,1.0,77,0,0,77,114,114,113,0.007377,0.012444,0.012684,1,0,1,2733.4
ecmp,1,64,1,10.802,12.546,1.0,1.0,73,0,0,73,114,114,114,0.007363,0.012552,0.012491,1,0,1,2733.4
ecmp,1,65,1,10.814,12.542,1.0,1.0,73,0,0,73,115,114,114,0.007361,0.012542,0.012539,1,0,1,2733.4
ecmp,1,66,1,10.814,12.542,1.0,1.0,73,0,0,73,115,115,114,0.007361,0.012542,0.012539,1,0,1,2733.4
ecmp,1,67,1,10.825,12.59,1.0,1.0,73,0,0,73,115,115,115,0.007347,0.012596,0.012532,1,0,1,2733.4
ecmp,1,68,1,10.932,12.791,1.0,1.0,67,0,0,67,116,115,115,0.007363,0.01281,0.012623,1,0,1,2733.4
ecmp,1,69,1,11.203,13.333,1.0,1.0,67,0,0,67,116,116,115,0.007336,0.013382,0.01289,1,0,1,2733.4
ecmp,1,70,1,11.161,13.356,1.0,1.0,67,0,0,67,116,116,116,0.007411,0.013436,0.012636,1,0,1,2733.4
ecmp,1,71,1,11.155,13.356,1.0,1.0,67,0,0,67,117,116,116,0.007392,0.013436,0.012636,1,0,1,2733.4
ecmp,1,72,1,10.859,12.622,1.0,1.0,62,0,0,62,117,117,116,0.007392,0.01263,0.012554,1,0,1,2733.4
ecmp,1,73,1,10.773,12.576,1.0,1.0,62,0,0,62,117,117,117,0.007234,0.012584,0.012501,1,0,1,2733.4
ecmp,1,74,1,10.881,12.672,1.0,1.0,62,0,0,62,118,117,117,0.007448,0.012506,0.01269,1,0,1,2733.4
ecmp,1,75,1,11.092,12.616,1.0,1.0,62,0,0,62,118,118,117,0.008135,0.012513,0.012627,1,0,1,2733.4
ecmp,1,76,1,11.064,13.29,1.0,1.0,57,0,0,57,118,118,118,0.007348,0.013382,0.012463,1,0,1,2733.4
ecmp,1,77,0,11.064,13.29,1.0,1.0,57,0,0,57,118,118,118,0.007348,0.013382,0.012463,1,0,1,2733.4
ecmp,1,78,1,10.858,12.6,1.0,1.0,57,0,0,57,119,118,118,0.007384,0.012601,0.012589,1,0,1,2733.4
ecmp,1,79,1,11.056,13.174,1.0,1.0,57,0,0,57,119,119,118,0.007384,0.013245,0.012538,1,0,1,2733.4
ecmp,1,80,1,10.886,12.61,1.0,1.0,51,0,0,51,119,119,119,0.007473,0.012571,0.012614,1,0,1,2733.4
ecmp,1,81,1,10.843,12.582,1.0,1.0,51,0,0,51,120,119,119,0.007393,0.01255,0.012586,1,0,1,2733.4
ecmp,1,82,1,10.807,12.579,1.0,1.0,51,0,0,51,120,120,119,0.00732,0.012516,0.012586,1,0,1,2733.4
ecmp,1,83,1,10.788,12.526,1.0,1.0,51,0,0,51,120,120,120,0.00732,0.012516,0.012527,1,0,1,2733.4
ecmp,1,84,1,10.838,12.562,1.0,1.0,46,0,0,46,121,120,120,0.007389,0.012562,0.012562,1,0,1,2733.4
ecmp,1,85,1,10.859,12.575,1.0,1.0,46,0,0,46,121,121,120,0.007427,0.012575,0.012575,1,0,1,2733.4
ecmp,1,86,1,10.934,12.715,1.0,1.0,46,0,0,46,121,121,121,0.007377,0.012708,0.012716,1,0,1,2733.4
ecmp,1,87,1,10.863,12.595,1.0,1.0,46,0,0,46,122,121,121,0.007444,0.012601,0.012545,1,0,1,2733.4
ecmp,1,88,1,10.863,12.595,1.0,1.0,46,0,0,46,122,122,121,0.007444,0.012601,0.012545,1,0,1,2733.4
ecmp,1,89,1,10.819,12.533,1.0,1.0,41,0,0,41,122,122,122,0.007396,0.012528,0.012533,1,0,1,2733.4
ecmp,1,90,1,11.203,13.115,1.0,1.0,41,0,0,41,123,122,122,0.007876,0.012556,0.013177,1,1,1,2733.4
ecmp,1,91,11,15.313,24.732,1.0,1.0,41,0,2,41,126,126,126,0.007354,0.026092,0.012492,1,1,1,2733.4
ecmp,1,92,1,15.43,24.875,1.0,1.0,36,0,3,36,127,126,126,0.007406,0.026233,0.012652,1,1,1,2733.4
ecmp,1,93,11,15.43,24.875,1.0,1.0,36,0,3,36,130,130,130,0.007406,0.026233,0.012652,1,1,1,2733.4
ecmp,1,94,1,15.365,24.463,1.0,1.0,36,0,5,36,131,130,130,0.007475,0.025751,0.012868,1,1,1,2733.4
ecmp,1,95,11,15.384,24.896,1.0,1.0,36,0,6,36,134,134,134,0.007356,0.026271,0.012525,1,1,1,2733.4
ecmp,1,96,1,15.452,24.989,1.0,1.0,31,0,8,31,135,134,134,0.007394,0.026366,0.012597,1,1,1,2733.4
ecmp,1,97,11,15.304,24.485,1.0,1.0,31,0,10,31,138,138,138,0.007514,0.025806,0.012591,1,1,1,2733.4
ecmp,1,98,1,15.271,24.485,1.0,1.0,31,0,10,31,139,138,138,0.007416,0.025806,0.012591,1,1,1,2733.4
ecmp,1,99,11,15.363,24.792,1.0,1.0,31,0,11,31,142,142,142,0.007416,0.026156,0.012516,1,1,1,2733.4
ecmp,1,100,1,15.287,24.561,1.0,1.0,31,0,13,31,143,142,142,0.007346,0.025887,0.012627,1,1,1,2733.4
ecmp,1,101,11,15.438,24.815,1.0,1.0,26,0,14,26,146,146,146,0.007549,0.026173,0.012592,1,1,1,2733.4
ecmp,1,102,1,15.797,25.014,1.0,1.0,26,0,16,26,147,146,146,0.008245,0.026374,0.012772,1,1,1,2733.4
ecmp,1,103,11,15.523,25.014,1.0,1.0,26,0,16,26,150,150,150,0.007422,0.026374,0.012772,1,1,1,2733.4
ecmp,1,104,1,15.496,24.972,1.0,1.0,26,0,18,26,151,150,150,0.007422,0.026332,0.012734,1,1,1,2733.4
ecmp,1,105,11,15.321,24.425,1.0,1.0,21,0,19,21,154,154,154,0.007442,0.025716,0.012806,1,1,1,2733.4
ecmp,1,106,0,15.159,24.271,1.0,1.0,21,0,21,21,154,154,154,0.007391,0.025578,0.012509,1,1,1,2733.4
ecmp,1,107,1,15.378,24.857,1.0,1.0,22,0,22,21,155,154,154,0.007438,0.026234,0.012461,1,1,1,2733.4
ecmp,1,108,11,15.378,24.857,1.0,1.0,22,0,22,21,158,158,158,0.007438,0.026234,0.012461,1,1,1,2733.4
ecmp,1,109,1,15.378,24.605,1.0,1.0,24,0,24,15,159,158,158,0.00741,0.025916,0.012809,1,1,1,2733.4
ecmp,1,110,11,15.65,24.715,1.0,1.0,26,0,26,15,162,162,162,0.008282,0.02606,0.012608,1,1,1,2733.4
ecmp,1,111,1,15.55,25.193,1.0,1.0,27,0,27,15,163,162,162,0.007492,0.026597,0.01256,1,1,1,2733.4
ecmp,1,112,11,15.219,24.468,1.0,1.0,29,0,29,10,166,166,166,0.007381,0.025801,0.012475,1,1,1,2733.4
ecmp,1,113,1,15.275,24.468,1.0,1.0,29,0,29,10,167,166,166,0.007549,0.025801,0.012475,1,1,1,2733.4
ecmp,1,114,11,15.446,24.742,1.0,1.0,30,0,30,10,170,170,170,0.007549,0.026079,0.012711,1,1,1,2733.4
ecmp,1,115,1,15.414,24.767,1.0,1.0,32,0,32,10,171,170,170,0.007492,0.026115,0.012635,1,1,1,2733.4
ecmp,1,116,11,15.473,25.054,1.0,1.0,34,0,34,10,174,174,174,0.007342,0.026433,0.012644,1,1,1,2733.4
ecmp,1,117,1,15.469,25.007,1.0,1.0,35,0,35,5,175,174,174,0.007433,0.026387,0.012586,1,1,1,2733.4
ecmp,1,118,11,15.569,25.007,1.0,1.0,35,0,35,5,178,178,178,0.007735,0.026387,0.012586,1,1,1,2733.4
ecmp,1,119,1,15.939,25.827,1.0,1.0,37,0,37,5,179,178,178,0.007735,0.027274,0.012807,1,1,1,2733.4
ecmp,1,120,11,15.877,25.389,1.0,1.0,38,0,38,5,182,182,182,0.008113,0.026796,0.012722,0,1,1,2733.4
ecmp,1,121,1,10.885,12.621,1.0,1.0,39,0,39,0,183,182,182,0.007415,0.01262,0.012621,0,1,1,2733.4
ecmp,1,122,1,11.148,13.19,1.0,1.0,39,0,39,0,183,183,182,0.007378,0.013229,0.012836,0,1,1,2733.4
ecmp,1,123,1,11.206,13.19,1.0,1.0,39,0,39,0,183,183,183,0.007552,0.013229,0.012836,0,1,1,2733.4
ecmp,1,124,1,10.903,12.583,1.0,1.0,39,0,39,0,184,183,183,0.007552,0.012584,0.012574,0,1,1,2733.4
ecmp,1,125,1,11.317,13.706,1.0,1.0,39,0,39,0,184,184,183,0.00754,0.013831,0.012581,0,1,1,2733.4
ecmp,1,126,1,10.935,12.794,1.0,1.0,39,0,39,0,184,184,184,0.007446,0.012536,0.012823,0,1,1,2733.4
ecmp,1,127,1,10.826,12.54,1.0,1.0,39,0,39,0,185,184,184,0.007406,0.012541,0.012532,0,1,1,2733.4
ecmp,1,128,1,10.86,12.62,1.0,1.0,39,0,39,0,185,185,184,0.007417,0.01263,0.012532,0,1,1,2733.4
ecmp,1,129,1,10.872,12.624,1.0,1.0,39,0,39,0,185,185,185,0.007417,0.01263,0.012569,0,1,1,2733.4
ecmp,1,130,1,10.861,12.603,1.0,1.0,39,0,39,0,186,185,185,0.007462,0.012506,0.012614,0,1,1,2733.4
ecmp,1,131,1,10.937,12.656,1.0,1.0,39,0,39,0,186,186,185,0.007547,0.012601,0.012662,0,1,1,2733.4
ecmp,1,132,1,10.938,12.646,1.0,1.0,39,0,39,0,186,186,186,0.00759,0.012569,0.012654,0,1,1,2733.4
ecmp,1,133,1,10.85,12.639,1.0,1.0,39,0,39,0,187,186,186,0.007394,0.012502,0.012654,0,1,1,2733.4
ecmp,1,134,1,10.842,12.616,1.0,1.0,39,0,39,0,187,187,186,0.007394,0.012502,0.012629,0,1,1,2733.4
ecmp,1,135,0,11.476,13.631,1.0,1.0,39,0,39,0,187,187,186,0.008173,0.013757,0.012498,0,1,1,2733.4
ecmp,1,136,1,10.959,12.872,1.0,1.0,39,0,39,0,187,187,187,0.007409,0.012561,0.012907,0,1,1,2733.4
ecmp,1,137,1,10.866,12.544,1.0,1.0,39,0,39,0,188,187,187,0.007529,0.012521,0.012547,0,1,1,2733.4
ecmp,1,138,1,10.888,12.544,1.0,1.0,39,0,39,0,188,188,187,0.007595,0.012521,0.012547,0,1,1,2733.4
ecmp,1,139,1,10.83,12.52,1.0,1.0,39,0,39,0,188,188,188,0.007595,0.012357,0.012538,0,1,1,2733.4
ecmp,1,140,1,10.861,12.595,1.0,1.0,39,0,39,0,189,188,188,0.007411,0.012576,0.012597,0,1,1,2733.4
ecmp,1,141,1,10.882,12.662,1.0,1.0,39,0,39,0,189,189,188,0.007429,0.012675,0.012543,0,1,1,2733.4
ecmp,1,142,1,10.81,12.548,1.0,1.0,39,0,39,0,189,189,189,0.007367,0.012552,0.01251,0,1,1,2733.4
ecmp,1,143,1,11.11,12.553,1.0,1.0,39,0,39,0,190,189,189,0.008263,0.012558,0.01251,0,1,1,2733.4
ecmp,1,144,1,11.175,12.688,1.0,1.0,39,0,39,0,190,190,189,0.008263,0.012558,0.012703,0,1,1,2733.4
ecmp,1,145,1,10.892,12.701,1.0,1.0,39,0,39,0,190,190,190,0.007495,0.012729,0.012451,0,1,1,2733.4
ecmp,1,146,1,10.936,12.534,1.0,1.0,39,0,39,0,191,190,190,0.007778,0.012538,0.012493,0,1,1,2733.4
ecmp,1,147,1,10.857,12.692,1.0,1.0,39,0,39,0,191,191,190,0.007395,0.012718,0.012458,0,1,1,2733.4
ecmp,1,148,1,10.804,12.548,1.0,1.0,39,0,39,0,191,191,191,0.007396,0.012558,0.012458,0,1,1,2733.4
ecmp,1,149,1,10.804,12.548,1.0,1.0,39,0,39,0,192,191,191,0.007396,0.012558,0.012458,0,1,1,2733.4
ecmp,1,150,1,11.145,12.65,1.0,1.0,39,0,39,0,192,192,191,0.008215,0.01266,0.01256,1,1,1,2733.4
ecmp,1,151,1,15.205,19.194,1.0,1.0,39,1,39,0,192,192,192,0.019863,0.012581,0.01317,1,1,1,2733.4
ecmp,1,152,11,13.721,15.564,1.0,1.0,39,3,39,0,196,196,195,0.015875,0.012768,0.012519,1,1,1,2733.4
ecmp,1,153,1,13.585,15.257,1.0,1.0,35,4,35,0,196,196,196,0.015551,0.012615,0.012589,1,1,1,2733.4
ecmp,1,154,11,13.585,15.257,1.0,1.0,35,4,35,0,200,200,199,0.015551,0.012615,0.012589,1,1,1,2733.4
ecmp,1,155,1,13.633,15.509,1.0,1.0,35,6,35,0,200,200,200,0.015839,0.012523,0.012538,1,1,1,2733.4
ecmp,1,156,11,13.674,15.372,1.0,1.0,35,7,35,0,204,204,203,0.015666,0.012729,0.012626,1,1,1,2733.4
ecmp,1,157,1,13.694,15.498,1.0,1.0,35,9,35,0,204,204,204,0.015806,0.012723,0.012554,1,1,1,2733.4
ecmp,1,158,11,13.664,15.579,1.0,1.0,29,11,29,0,208,208,207,0.015917,0.012534,0.012542,1,1,1,2733.4
ecmp,1,159,1,13.699,15.672,1.0,1.0,29,12,29,0,208,208,208,0.01602,0.012534,0.012542,1,1,1,2733.4
ecmp,1,160,11,13.92,15.737,1.0,1.0,29,12,29,0,212,212,211,0.01602,0.013192,0.012547,1,1,1,2733.4
ecmp,1,161,1,13.748,15.84,1.0,1.0,29,14,29,0,212,212,212,0.016206,0.012494,0.012545,1,1,1,2733.4
ecmp,1,162,11,14.172,16.769,1.0,1.0,24,15,24,0,216,216,215,0.017222,0.012601,0.012692,1,1,1,2733.4
ecmp,1,163,1,13.674,15.594,1.0,1.0,24,17,24,0,216,216,216,0.01593,0.01252,0.012573,1,1,1,2733.4
ecmp,1,164,11,13.527,15.197,1.0,1.0,24,19,24,0,220,220,219,0.015488,0.01252,0.012573,1,1,1,2733.4
ecmp,1,165,1,13.598,15.217,1.0,1.0,24,19,24,0,220,220,220,0.015488,0.012776,0.01253,1,1,1,2733.4
ecmp,1,166,1,13.607,15.415,1.0,1.0,20,20,19,0,221,220,220,0.015732,0.012523,0.012565,1,1,1,2733.4
ecmp,1,167,10,13.694,15.641,1.0,1.0,22,22,19,0,224,224,223,0.015983,0.012563,0.012535,1,1,1,2733.4
ecmp,1,168,1,13.744,15.7,1.0,1.0,23,23,19,0,224,224,224,0.016034,0.012693,0.012506,1,1,1,2733.4
ecmp,1,169,11,14.255,16.808,1.0,1.0,25,25,19,0,228,228,227,0.017228,0.013032,0.012506,1,1,1,2733.4
ecmp,1,170,1,14.296,16.808,1.0,1.0,25,25,19,0,228,228,228,0.017228,0.013032,0.012629,1,1,1,2733.4
ecmp,1,171,11,13.516,15.215,1.0,1.0,26,26,14,0,232,232,231,0.015511,0.012486,0.012551,1,1,1,2733.4
ecmp,1,172,1,13.662,15.359,1.0,1.0,28,28,14,0,232,232,232,0.015658,0.012659,0.012669,1,1,1,2733.4
ecmp,1,173,11,13.678,15.413,1.0,1.0,30,30,14,0,236,236,235,0.015704,0.012537,0.012792,1,1,1,2733.4
ecmp,1,174,1,13.694,15.579,1.0,1.0,31,31,9,0,236,236,236,0.015911,0.012576,0.012595,1,1,1,2733.4
ecmp,1,175,11,13.694,15.579,1.0,1.0,31,31,9,0,240,240,239,0.015911,0.012576,0.012595,1,1,1,2733.4
ecmp,1,176,1,13.589,15.365,1.0,1.0,33,33,9,0,240,240,240,0.015676,0.012562,0.01253,1,1,1,2733.4
ecmp,1,177,11,13.575,15.463,1.0,1.0,34,34,9,0,244,244,243,0.015779,0.01262,0.012326,1,1,1,2733.4
ecmp,1,178,1,13.605,15.44,1.0,1.0,36,36,4,0,244,244,244,0.015761,0.012508,0.012546,1,1,1,2733.4
ecmp,1,179,11,14.127,15.946,1.0,1.0,38,38,4,0,248,248,247,0.016208,0.013588,0.012584,1,1,1,2733.4
ecmp,2,0,0,15.394,24.885,1.0,1.0,0,0,0,0,0,0,0,0.00738,0.012547,0.026256,1,1,1,2452.2
ecmp,2,1,1,15.306,24.605,0.3333,0.3333,41,41,0,3,1,0,0,0.007389,0.012588,0.02594,1,1,1,2452.2
ecmp,2,2,1,15.257,24.547,0.6667,0.6667,41,41,0,4,1,1,0,0.007349,0.01254,0.025881,1,1,1,2452.2
ecmp,2,3,11,15.678,24.53,0.9883,0.9883,41,41,0,6,5,4,4,0.007393,0.013934,0.025707,1,1,1,2452.2
ecmp,2,4,1,15.695,24.53,0.9899,0.9899,41,41,0,6,5,5,4,0.007443,0.013934,0.025707,1,1,1,2452.2
ecmp,2,5,11,15.306,24.61,0.9968,0.9968,41,41,0,8,9,8,8,0.007443,0.012521,0.025953,1,1,1,2452.2
ecmp,2,6,1,15.711,24.891,0.9971,0.9971,41,41,0,9,9,9,8,0.007621,0.013337,0.026175,1,1,1,2452.2
ecmp,2,7,11,15.299,24.514,0.9985,0.9985,41,41,0,11,13,12,12,0.007512,0.012539,0.025845,1,1,1,2452.2
ecmp,2,8,1,15.404,24.809,0.9986,0.9986,41,41,0,12,13,13,12,0.007567,0.012466,0.02618,1,1,1,2452.2
ecmp,2,9,11,15.336,24.809,0.9992,0.9992,41,41,0,12,17,16,16,0.007363,0.012466,0.02618,1,1,1,2452.2
ecmp,2,10,1,15.443,24.97,0.9992,0.9992,41,41,0,14,17,17,16,0.007363,0.012624,0.026342,1,1,1,2452.2
ecmp,2,11,11,15.496,25.056,0.9995,0.9995,41,41,0,15,21,20,20,0.007395,0.012658,0.026434,1,1,1,2452.2
ecmp,2,12,1,15.519,25.157,0.9995,0.9995,41,41,0,17,21,21,20,0.007422,0.01258,0.026554,1,1,1,2452.2
ecmp,2,13,11,15.488,24.91,0.9996,0.9996,41,41,0,19,25,24,24,0.007638,0.01254,0.026285,1,1,1,2452.2
ecmp,2,14,1,15.488,24.91,0.9996,0.9996,41,41,0,19,25,25,24,0.007638,0.01254,0.026285,1,1,1,2452.2
ecmp,2,15,11,15.782,25.353,0.9997,0.9997,41,41,0,20,29,28,28,0.007442,0.0132,0.026703,1,1,1,2452.2
ecmp,2,16,1,15.488,25.086,0.9997,0.9997,41,41,0,22,29,29,28,0.00741,0.012579,0.026476,1,1,1,2452.2
ecmp,2,17,0,15.557,25.12,0.9997,0.9997,41,41,0,23,29,29,28,0.00758,0.012579,0.026513,1,1,1,2452.2
ecmp,2,18,11,15.478,25.113,0.9998,0.9998,41,41,0,23,33,32,32,0.007409,0.012511,0.026513,1,1,1,2452.2
ecmp,2,19,1,15.384,24.861,0.9998,0.9998,41,41,0,25,33,33,32,0.007409,0.012511,0.026233,1,1,1,2452.2
ecmp,2,20,11,15.184,24.432,0.9998,0.9998,41,41,0,27,37,36,36,0.007312,0.01248,0.02576,1,1,1,2452.2
ecmp,2,21,1,15.394,24.703,0.9998,0.9998,41,41,0,28,37,37,36,0.007388,0.012765,0.026029,1,1,1,2452.2
ecmp,2,22,11,15.463,25.034,0.9999,0.9999,41,41,0,30,41,40,40,0.007451,0.012512,0.026425,1,1,1,2452.2
ecmp,2,23,1,15.541,25.067,0.9999,0.9999,41,41,0,30,41,41,40,0.007353,0.012845,0.026425,1,1,1,2452.2
ecmp,2,24,11,15.412,24.719,0.9999,0.9999,41,41,0,31,45,44,44,0.007353,0.012845,0.026038,1,1,1,2452.2
ecmp,2,25,1,15.362,24.533,0.9999,0.9999,41,41,0,33,45,45,44,0.007403,0.012851,0.025831,1,1,1,2452.2
ecmp,2,26,11,15.349,24.715,0.9999,0.9999,41,41,0,35,49,48,48,0.007422,0.01256,0.026066,1,1,1,2452.2
ecmp,2,27,1,15.433,24.886,0.9999,0.9999,41,41,0,36,49,49,48,0.007484,0.012561,0.026255,1,1,1,2452.2
ecmp,2,28,11,15.412,24.887,0.9999,0.9999,41,41,0,36,53,52,52,0.007401,0.01258,0.026255,1,1,1,2452.2
ecmp,2,29,1,15.252,24.455,0.9999,0.9999,41,41,0,38,53,53,52,0.007401,0.01258,0.025774,1,1,1,2452.2
ecmp,2,30,11,15.55,25.04,0.9999,0.9999,39,35,0,39,57,56,56,0.00764,0.012585,0.026424,1,1,1,2452.2
ecmp,2,31,1,15.4,24.847,0.9999,0.9999,41,35,0,41,57,57,56,0.007442,0.012545,0.026214,1,1,1,2452.2
ecmp,2,32,11,15.469,25.231,0.9999,0.9999,43,35,0,43,61,60,60,0.007285,0.012474,0.026649,1,1,1,2452.2
ecmp,2,33,1,15.55,25.231,0.9999,0.9999,43,30,0,43,61,61,60,0.007528,0.012474,0.026649,1,1,1,2452.2
ecmp,2,34,11,15.427,24.769,0.9999,0.9999,44,30,0,44,65,64,64,0.007528,0.012637,0.026117,1,1,1,2452.2
ecmp,2,35,1,15.533,24.997,0.9999,0.9999,46,30,0,46,65,65,64,0.007623,0.012602,0.026374,1,1,1,2452.2
ecmp,2,36,11,15.425,24.779,1.0,1.0,47,30,0,47,69,68,68,0.007508,0.012639,0.026128,1,1,1,2452.2
ecmp,2,37,1,15.321,24.706,1.0,1.0,49,25,0,49,69,69,68,0.007416,0.012483,0.026064,1,1,1,2452.2
ecmp,2,38,11,15.503,24.706,1.0,1.0,49,25,0,49,73,72,72,0.007961,0.012483,0.026064,1,1,1,2452.2
ecmp,2,39,1,15.667,24.897,1.0,1.0,51,25,0,51,73,73,72,0.007961,0.012798,0.026241,1,1,1,2452.2
ecmp,2,40,0,15.451,24.888,1.0,1.0,52,25,0,52,73,73,72,0.007429,0.012678,0.026245,1,1,1,2452.2
ecmp,2,41,11,15.355,24.661,1.0,1.0,54,19,0,54,77,76,76,0.007433,0.012634,0.025997,1,1,1,2452.2
ecmp,2,42,1,15.435,24.654,1.0,1.0,54,19,0,54,77,77,76,0.007736,0.012571,0.025997,1,1,1,2452.2
ecmp,2,43,11,15.738,25.473,1.0,1.0,55,19,0,55,81,80,80,0.007736,0.012571,0.026906,1,1,1,2452.2
ecmp,2,44,1,15.492,24.777,1.0,1.0,57,19,0,57,81,81,80,0.007782,0.012561,0.026134,1,1,1,2452.2
ecmp,2,45,11,15.314,24.58,1.0,1.0,59,19,0,59,85,84,84,0.007496,0.012528,0.025919,1,1,1,2452.2
ecmp,2,46,1,15.799,24.859,1.0,1.0,60,14,0,60,85,85,84,0.007463,0.013853,0.026082,1,1,1,2452.2
ecmp,2,47,11,15.868,24.859,1.0,1.0,60,14,0,60,89,88,88,0.00767,0.013853,0.026082,1,1,1,2452.2
ecmp,2,48,1,15.847,25.843,1.0,1.0,62,14,0,62,89,89,88,0.00767,0.01255,0.02732,1,1,1,2452.2
ecmp,2,49,11,15.643,25.455,1.0,1.0,63,14,0,63,93,92,92,0.007485,0.012555,0.026888,1,1,1,2452.2
ecmp,2,50,1,15.405,24.588,1.0,1.0,65,9,0,65,93,93,92,0.007789,0.012493,0.025932,1,1,1,2452.2
ecmp,2,51,11,15.399,24.825,1.0,1.0,67,9,0,67,97,96,96,0.007431,0.01258,0.026186,1,1,1,2452.2
ecmp,2,52,1,15.384,24.825,1.0,1.0,67,9,0,67,97,97,96,0.007386,0.01258,0.026186,1,1,1,2452.2
ecmp,2,53,11,15.361,24.695,1.0,1.0,68,9,0,68,101,100,100,0.007386,0.012667,0.026031,1,1,1,2452.2
ecmp,2,54,1,15.525,25.193,1.0,1.0,70,4,0,70,101,101,100,0.007381,0.012602,0.026592,1,1,1,2452.2
ecmp,2,55,11,15.361,24.712,1.0,1.0,72,4,0,72,105,104,104,0.007487,0.012531,0.026065,1,1,1,2452.2
ecmp,2,56,1,15.468,25.067,1.0,1.0,73,4,0,73,105,105,104,0.007417,0.012528,0.02646,1,1,1,2452.2
ecmp,2,57,11,15.463,25.067,1.0,1.0,73,0,0,73,109,108,108,0.007401,0.012528,0.02646,1,1,1,2452.2
ecmp,2,58,1,15.354,24.748,1.0,1.0,75,0,0,75,109,109,108,0.007401,0.012559,0.026102,1,1,1,2452.2
ecmp,2,59,11,15.423,24.992,1.0,1.0,76,0,0,76,113,112,112,0.00737,0.01252,0.026378,1,1,1,2452.2
ecmp,2,60,1,15.352,24.738,1.0,1.0,78,0,0,78,113,113,112,0.007428,0.012535,0.026094,1,0,1,2452.2
ecmp,2,61,1,11.047,13.185,1.0,1.0,75,0,0,75,113,113,113,0.007391,0.013262,0.012488,1,0,1,2452.2
ecmp,2,62,1,11.061,13.185,1.0,1.0,75,0,0,75,114,113,113,0.007434,0.013262,0.012488,1,0,1,2452.2
ecmp,2,63,1,11.119,13.184,1.0,1.0,75,0,0,75,114,114,113,0.007434,0.01324,0.012684,1,0,1,2452.2
ecmp,2,64,1,10.848,12.571,1.0,1.0,75,0,0,75,114,114,114,0.007432,0.012575,0.012538,1,0,1,2452.2
ecmp,2,65,0,10.844,12.589,1.0,1.0,75,0,0,75,114,114,114,0.007411,0.012596,0.012526,1,0,1,2452.2
ecmp,2,66,1,10.892,12.595,1.0,1.0,70,0,0,70,115,114,114,0.007499,0.01258,0.012597,1,0,1,2452.2
ecmp,2,67,1,10.934,12.795,1.0,1.0,70,0,0,70,115,115,114,0.007387,0.012817,0.012597,1,0,1,2452.2
ecmp,2,68,1,10.896,12.784,1.0,1.0,70,0,0,70,115,115,115,0.007387,0.012817,0.012485,1,0,1,2452.2
ecmp,2,69,1,10.94,12.815,1.0,1.0,70,0,0,70,116,115,115,0.007404,0.012575,0.012842,1,0,1,2452.2
ecmp,2,70,1,10.899,12.549,1.0,1.0,65,0,0,65,116,116,115,0.0076,0.012547,0.012549,1,0,1,2452.2
ecmp,2,71,1,11.205,13.498,1.0,1.0,65,0,0,65,116,116,116,0.007413,0.012606,0.013597,1,0,1,2452.2
ecmp,2,72,1,11.328,13.382,1.0,1.0,65,0,0,65,117,116,116,0.007721,0.013444,0.01282,1,0,1,2452.2
ecmp,2,73,1,11.328,13.382,1.0,1.0,65,0,0,65,117,117,116,0.007721,0.013444,0.01282,1,0,1,2452.2
ecmp,2,74,1,10.868,12.604,1.0,1.0,59,0,0,59,117,117,117,0.007402,0.012605,0.012598,1,0,1,2452.2
ecmp,2,75,1,11.143,12.88,1.0,1.0,59,0,0,59,118,117,117,0.007721,0.012886,0.012822,1,0,1,2452.2
ecmp,2,76,1,10.832,12.616,1.0,1.0,59,0,0,59,118,118,117,0.007328,0.012624,0.012544,1,0,1,2452.2
ecmp,2,77,1,10.938,12.816,1.0,1.0,59,0,0,59,118,118,118,0.007401,0.012843,0.01257,1,0,1,2452.2
ecmp,2,78,1,10.938,12.816,1.0,1.0,59,0,0,59,119,118,118,0.007401,0.012843,0.01257,1,0,1,2452.2
ecmp,2,79,1,10.882,12.657,1.0,1.0,54,0,0,54,119,119,118,0.007369,0.012661,0.012617,1,0,1,2452.2
ecmp,2,80,1,11.016,13.158,1.0,1.0,54,0,0,54,119,119,119,0.007438,0.012365,0.013246,1,0,1,2452.2
ecmp,2,81,1,10.926,12.805,1.0,1.0,54,0,0,54,120,119,119,0.007357,0.012594,0.012828,1,0,1,2452.2
ecmp,2,82,1,11.052,13.178,1.0,1.0,49,0,0,49,120,120,119,0.007356,0.012552,0.013247,1,0,1,2452.2
ecmp,2,83,1,11.092,13.178,1.0,1.0,49,0,0,49,120,120,120,0.007478,0.012552,0.013247,1,0,1,2452.2
ecmp,2,84,1,10.866,12.594,1.0,1.0,49,0,0,49,121,120,120,0.007478,0.012519,0.012602,1,0,1,2452.2
ecmp,2,85,1,11.143,12.758,1.0,1.0,49,0,0,49,121,121,120,0.008093,0.012781,0.012554,1,0,1,2452.2
ecmp,2,86,1,10.853,12.628,1.0,1.0,45,0,0,45,121,121,121,0.00741,0.012507,0.012641,1,0,1,2452.2
ecmp,2,87,1,10.866,12.635,1.0,1.0,45,0,0,45,122,121,121,0.007377,0.012581,0.012641,1,0,1,2452.2
ecmp,2,88,1,10.883,12.638,1.0,1.0,45,0,0,45,122,122,121,0.007398,0.012609,0.012641,1,0,1,2452.2
ecmp,2,89,1,10.876,12.621,1.0,1.0,45,0,0,45,122,122,122,0.007398,0.012609,0.012622,1,0,1,2452.2
ecmp,2,90,1,10.862,12.666,1.0,1.0,45,0,0,45,123,122,122,0.007369,0.012536,0.01268,1,1,1,2452.2
ecmp,2,91,11,16.788,28.566,1.0,1.0,39,0,1,39,126,126,126,0.007413,0.030339,0.012612,1,1,1,2452.2
ecmp,2,92,1,15.378,24.804,1.0,1.0,39,0,3,39,127,126,126,0.007417,0.026165,0.012553,1,1,1,2452.2
ecmp,2,93,11,15.407,24.888,1.0,1.0,39,0,5,39,130,130,130,0.007391,0.026256,0.012575,1,1,1,2452.2
ecmp,2,94,1,15.407,24.888,1.0,1.0,39,0,5,39,131,130,130,0.007391,0.026256,0.012575,1,1,1,2452.2
ecmp,2,95,11,15.548,25.056,1.0,1.0,34,0,6,34,134,134,134,0.007407,0.026415,0.012821,1,1,1,2452.2
ecmp,2,96,1,15.582,25.139,1.0,1.0,34,0,8,34,135,134,134,0.007684,0.026541,0.012521,1,1,1,2452.2
ecmp,2,97,11,15.562,25.343,1.0,1.0,34,0,9,34,138,138,138,0.007359,0.026763,0.012563,1,1,1,2452.2
ecmp,2,98,1,15.497,24.859,1.0,1.0,29,0,11,29,139,138,138,0.007389,0.026186,0.012917,1,1,1,2452.2
ecmp,2,99,1,15.497,24.859,1.0,1.0,29,0,11,29,139,139,138,0.007389,0.026186,0.012917,1,1,1,2452.2
ecmp,2,100,10,15.247,24.515,1.0,1.0,29,0,13,29,142,142,142,0.007341,0.025844,0.012556,1,1,1,2452.2
ecmp,2,101,1,15.452,24.854,1.0,1.0,29,0,14,29,143,142,142,0.007374,0.026195,0.012787,1,1,1,2452.2
ecmp,2,102,11,15.226,24.377,1.0,1.0,24,0,16,24,146,146,146,0.007449,0.025693,0.012536,1,1,1,2452.2
ecmp,2,103,1,15.211,24.315,1.0,1.0,24,0,17,24,147,146,146,0.007472,0.025624,0.012536,1,1,1,2452.2
ecmp,2,104,11,16.031,24.561,1.0,1.0,24,0,17,24,150,150,150,0.007472,0.025624,0.014996,1,1,1,2452.2
ecmp,2,105,1,16.13,26.144,1.0,1.0,24,0,19,24,151,150,150,0.007385,0.027555,0.013449,1,1,1,2452.2
ecmp,2,106,11,15.749,25.816,1.0,1.0,24,0,21,24,154,154,154,0.007345,0.027282,0.01262,1,1,1,2452.2
ecmp,2,107,1,15.584,25.006,1.0,1.0,22,0,22,19,155,154,154,0.007786,0.026386,0.012581,1,1,1,2452.2
ecmp,2,108,11,15.447,25.006,1.0,1.0,22,0,22,19,158,158,158,0.007374,0.026386,0.012581,1,1,1,2452.2
ecmp,2,109,1,15.329,24.689,1.0,1.0,24,0,24,19,159,158,158,0.007374,0.026034,0.01258,1,1,1,2452.2
ecmp,2,110,11,15.504,24.723,1.0,1.0,25,0,25,19,162,162,162,0.007574,0.026036,0.012903,1,1,1,2452.2
ecmp,2,111,1,15.773,25.918,1.0,1.0,27,0,27,13,163,162,162,0.007446,0.027414,0.012458,1,1,1,2452.2
ecmp,2,112,11,16.004,25.69,1.0,1.0,29,0,29,13,166,166,166,0.007432,0.02704,0.01354,1,1,1,2452.2
ecmp,2,113,1,16.004,25.69,1.0,1.0,29,0,29,13,167,166,166,0.007432,0.02704,0.01354,1,1,1,2452.2
ecmp,2,114,11,15.729,24.754,1.0,1.0,30,0,30,13,170,170,170,0.007473,0.025978,0.013735,1,1,1,2452.2
ecmp,2,115,1,15.631,24.951,1.0,1.0,32,0,32,8,171,170,170,0.007341,0.026245,0.013307,1,1,1,2452.2
ecmp,2,116,11,15.293,24.778,1.0,1.0,33,0,33,8,174,174,174,0.007357,0.026157,0.012366,1,1,1,2452.2
ecmp,2,117,1,15.471,25.225,1.0,1.0,35,0,35,8,175,174,174,0.007394,0.026654,0.012366,1,1,1,2452.2
ecmp,2,118,11,15.545,25.247,1.0,1.0,35,0,35,8,178,178,178,0.007394,0.026654,0.012588,1,1,1,2452.2
ecmp,2,119,1,15.305,24.634,1.0,1.0,37,0,37,3,179,178,178,0.007385,0.025977,0.012552,1,1,1,2452.2
ecmp,2,120,11,15.255,24.513,1.0,1.0,38,0,38,3,182,182,182,0.00736,0.025841,0.012565,0,1,1,2452.2
ecmp,2,121,1,10.856,12.605,1.0,1.0,39,0,39,3,183,182,182,0.007436,0.012615,0.012518,0,1,1,2452.2
ecmp,2,122,1,11.021,12.597,1.0,1.0,39,0,39,3,183,183,182,0.007889,0.012599,0.012574,0,1,1,2452.2
ecmp,2,123,1,11.021,12.597,1.0,1.0,39,0,39,3,183,183,183,0.007889,0.012599,0.012574,0,1,1,2452.2
ecmp,2,124,1,11.136,13.494,1.0,1.0,39,0,39,0,184,183,183,0.007349,0.01361,0.01245,0,1,1,2452.2
ecmp,2,125,1,10.803,12.554,1.0,1.0,39,0,39,0,184,184,183,0.007304,0.01255,0.012555,0,1,1,2452.2
ecmp,2,126,0,10.974,12.86,1.0,1.0,39,0,39,0,184,184,183,0.007409,0.012626,0.012886,0,1,1,2452.2
ecmp,2,127,1,11.169,12.633,1.0,1.0,39,0,39,0,184,184,184,0.008286,0.012639,0.012581,0,1,1,2452.2
ecmp,2,128,1,11.169,12.633,1.0,1.0,39,0,39,0,185,184,184,0.008286,0.012639,0.012581,0,1,1,2452.2
ecmp,2,129,1,10.806,12.527,1.0,1.0,39,0,39,0,185,185,184,0.007414,0.01247,0.012533,0,1,1,2452.2
ecmp,2,130,1,10.853,12.602,1.0,1.0,39,0,39,0,185,185,185,0.007393,0.012607,0.01256,0,1,1,2452.2
ecmp,2,131,1,10.984,12.864,1.0,1.0,39,0,39,0,186,185,185,0.007454,0.012893,0.012604,0,1,1,2452.2
ecmp,2,132,1,11.021,12.666,1.0,1.0,39,0,39,0,186,186,185,0.007859,0.012521,0.012682,0,1,1,2452.2
ecmp,2,133,1,11.021,12.666,1.0,1.0,39,0,39,0,186,186,186,0.007859,0.012521,0.012682,0,1,1,2452.2
ecmp,2,134,1,10.839,12.602,1.0,1.0,39,0,39,0,187,186,186,0.00734,0.012605,0.012573,0,1,1,2452.2
ecmp,2,135,1,10.949,12.623,1.0,1.0,39,0,39,0,187,187,186,0.007685,0.012633,0.01253,0,1,1,2452.2
ecmp,2,136,1,10.914,12.76,1.0,1.0,39,0,39,0,187,187,187,0.007357,0.012777,0.012609,0,1,1,2452.2
ecmp,2,137,1,10.922,12.725,1.0,1.0,39,0,39,0,188,187,187,0.007406,0.012736,0.012623,0,1,1,2452.2
ecmp,2,138,1,10.924,12.725,1.0,1.0,39,0,39,0,188,188,187,0.007414,0.012736,0.012623,0,1,1,2452.2
ecmp,2,139,1,10.826,12.542,1.0,1.0,39,0,39,0,188,188,188,0.007414,0.012544,0.01252,0,1,1,2452.2
ecmp,2,140,1,10.856,12.626,1.0,1.0,39,0,39,0,189,188,188,0.007416,0.012514,0.012638,0,1,1,2452.2
ecmp,2,141,1,10.87,12.6,1.0,1.0,39,0,39,0,189,189,188,0.007425,0.012582,0.012602,0,1,1,2452.2
ecmp,2,142,1,10.907,12.813,1.0,1.0,39,0,39,0,189,189,189,0.007391,0.012479,0.01285,0,1,1,2452.2
ecmp,2,143,1,11.004,12.813,1.0,1.0,39,0,39,0,190,189,189,0.007684,0.012479,0.01285,0,1,1,2452.2
ecmp,2,144,1,11.012,12.758,1.0,1.0,39,0,39,0,190,190,189,0.007684,0.012574,0.012778,0,1,1,2452.2
ecmp,2,145,1,10.849,12.58,1.0,1.0,39,0,39,0,190,190,190,0.007413,0.012583,0.012552,0,1,1,2452.2
ecmp,2,146,1,10.912,12.71,1.0,1.0,39,0,39,0,191,190,190,0.007482,0.012731,0.012524,0,1,1,2452.2
ecmp,2,147,1,10.869,12.657,1.0,1.0,39,0,39,0,191,191,190,0.007395,0.01267,0.012543,0,1,1,2452.2
ecmp,2,148,1,10.823,12.543,1.0,1.0,39,0,39,0,191,191,191,0.007384,0.012542,0.012543,0,1,1,2452.2
ecmp,2,149,1,10.817,12.54,1.0,1.0,39,0,39,0,192,191,191,0.007384,0.012542,0.012524,0,1,1,2452.2
ecmp,2,150,1,10.839,12.545,1.0,1.0,39,0,39,0,192,192,191,0.007436,0.012546,0.012534,1,1,1,2452.2
ecmp,2,151,1,15.323,19.255,1.0,1.0,39,1,39,0,192,192,192,0.01989,0.01354,0.01254,1,1,1,2452.2
ecmp,2,152,11,13.885,15.588,1.0,1.0,37,2,37,0,196,196,195,0.015854,0.013193,0.012609,1,1,1,2452.2
ecmp,2,153,1,13.966,15.807,1.0,1.0,37,4,37,0,196,196,196,0.016097,0.013193,0.012609,1,1,1,2452.2
ecmp,2,154,11,13.959,15.812,1.0,1.0,37,4,37,0,200,200,199,0.016097,0.013247,0.012533,1,1,1,2452.2
ecmp,2,155,1,13.541,15.298,1.0,1.0,37,6,37,0,200,200,200,0.015605,0.012534,0.012483,1,1,1,2452.2
ecmp,2,156,11,13.773,15.889,1.0,1.0,32,7,32,0,204,204,203,0.016258,0.012491,0.012569,1,1,1,2452.2
ecmp,2,157,1,14.331,16.848,1.0,1.0,32,9,32,0,204,204,204,0.017247,0.01249,0.013257,1,1,1,2452.2
ecmp,2,158,0,13.821,15.471,1.0,1.0,32,10,32,0,204,204,204,0.015717,0.01249,0.013257,1,1,1,2452.2
ecmp,2,159,11,13.633,15.42,1.0,1.0,32,10,32,0,208,208,207,0.015717,0.012437,0.012744,1,1,1,2452.2
ecmp,2,160,1,13.501,15.141,1.0,1.0,27,12,27,0,208,208,208,0.015426,0.012504,0.012573,1,1,1,2452.2
ecmp,2,161,11,13.937,16.163,1.0,1.0,27,14,27,0,212,212,211,0.016555,0.012621,0.012635,1,1,1,2452.2
ecmp,2,162,1,13.813,15.241,1.0,1.0,27,15,27,0,212,212,212,0.015439,0.012537,0.013463,1,1,1,2452.2
ecmp,2,163,11,14.084,15.973,1.0,1.0,27,17,27,0,216,216,215,0.016252,0.012537,0.013463,1,1,1,2452.2
ecmp,2,164,1,13.833,15.9,1.0,1.0,27,17,27,0,216,216,216,0.016252,0.012728,0.012519,1,1,1,2452.2
ecmp,2,165,11,13.818,15.689,1.0,1.0,22,18,22,0,220,220,219,0.016007,0.012624,0.012823,1,1,1,2452.2
ecmp,2,166,1,13.813,16.016,1.0,1.0,22,20,22,0,220,220,220,0.016399,0.012471,0.01257,1,1,1,2452.2
ecmp,2,167,11,13.505,15.214,1.0,1.0,22,22,22,0,224,224,223,0.015515,0.012494,0.012506,1,1,1,2452.2
ecmp,2,168,1,13.746,15.864,1.0,1.0,23,23,22,0,224,224,224,0.016237,0.012494,0.012506,1,1,1,2452.2
ecmp,2,169,11,13.865,15.899,1.0,1.0,23,23,17,0,228,228,227,0.016237,0.012496,0.012862,1,1,1,2452.2
ecmp,2,170,1,13.445,15.049,1.0,1.0,25,25,17,0,228,228,228,0.015331,0.012495,0.012509,1,1,1,2452.2
ecmp,2,171,11,13.584,15.377,1.0,1.0,26,26,17,0,232,232,231,0.015692,0.012543,0.012516,1,1,1,2452.2
ecmp,2,172,1,13.523,15.282,1.0,1.0,28,28,12,0,232,232,232,0.015583,0.01241,0.012577,1,1,1,2452.2
ecmp,2,173,11,13.75,15.893,1.0,1.0,30,30,12,0,236,236,235,0.016262,0.01241,0.012577,1,1,1,2452.2
ecmp,2,174,1,13.844,15.904,1.0,1.0,30,30,12,0,236,236,236,0.016262,0.012685,0.012585,1,1,1,2452.2
ecmp,2,175,11,13.749,15.76,1.0,1.0,31,31,12,0,240,240,239,0.016108,0.012508,0.012632,1,1,1,2452.2
ecmp,2,176,1,13.62,15.464,1.0,1.0,33,33,7,0,240,240,240,0.015786,0.012562,0.012513,1,1,1,2452.2
ecmp,2,177,11,13.728,15.598,1.0,1.0,34,34,7,0,244,244,243,0.015925,0.012656,0.012602,1,1,1,2452.2
ecmp,2,178,1,14.042,16.448,1.0,1.0,36,36,7,0,244,244,244,0.016869,0.012656,0.012602,1,1,1,2452.2
ecmp,2,179,11,13.967,16.435,1.0,1.0,36,36,7,0,248,248,247,0.016869,0.012504,0.012527,1,1,1,2452.2
drl,1,0,0,15.402,24.959,1.0,1.0,0,0,0,0,0,0,0,0.007421,0.012436,0.02635,1,1,1,2763.0
drl,1,1,1,15.753,25.836,0.3333,0.3333,41,41,0,3,1,0,0,0.007456,0.012484,0.02732,1,1,1,2763.0
drl,1,2,1,16.036,25.926,0.6667,0.6667,41,41,0,3,1,1,0,0.007404,0.013385,0.02732,1,1,1,2763.0
drl,1,3,1,15.427,24.282,0.6,0.6,41,41,0,4,1,2,0,0.007404,0.013385,0.025493,1,1,1,2763.0
drl,1,4,1,15.236,24.527,0.5333,0.5333,41,41,0,5,1,3,0,0.007304,0.012545,0.025858,1,1,1,2763.0
drl,1,5,1,15.33,24.534,0.4902,0.4902,41,41,0,6,1,4,0,0.007398,0.01275,0.025843,1,1,1,2763.0
drl,1,6,1,15.637,25.096,0.4615,0.4615,41,41,0,7,1,5,0,0.007861,0.012563,0.026488,1,1,1,2763.0
drl,1,7,1,16.998,25.548,0.4414,0.4414,41,41,0,7,1,6,0,0.007419,0.017087,0.026488,1,1,1,2763.0
drl,1,8,1,17.765,27.62,0.4267,0.4267,41,41,0,8,1,7,0,0.007419,0.017087,0.02879,1,1,1,2763.0
drl,1,9,1,15.174,24.199,0.4154,0.4154,41,41,0,9,1,8,0,0.007407,0.01263,0.025484,1,1,1,2763.0
drl,1,10,1,15.292,24.596,0.4065,0.4065,41,41,0,10,1,9,0,0.007369,0.012577,0.025931,1,1,1,2763.0
drl,1,11,1,15.227,24.587,0.3993,0.3993,41,41,0,11,1,10,0,0.00742,0.012311,0.025951,1,1,1,2763.0
drl,1,12,1,15.273,24.604,0.3934,0.3934,41,41,0,11,1,11,0,0.00739,0.012477,0.025951,1,1,1,2763.0
drl,1,13,1,15.413,24.982,0.3885,0.3885,41,41,0,12,1,12,0,0.00739,0.012477,0.026372,1,1,1,2763.0
drl,1,14,1,15.739,25.848,0.3843,0.3843,41,41,0,13,1,13,0,0.007388,0.012499,0.027331,1,1,1,2763.0
drl,1,15,1,15.366,24.784,0.3807,0.3807,41,41,0,14,1,14,0,0.007422,0.012532,0.026145,1,1,1,2763.0
drl,1,16,1,15.528,24.454,0.3776,0.3776,41,41,0,15,1,15,0,0.008064,0.012769,0.025752,1,1,1,2763.0
drl,1,17,1,15.233,24.434,0.3748,0.3748,41,41,0,15,1,16,0,0.007369,0.012577,0.025752,1,1,1,2763.0
drl,1,18,1,15.328,24.692,0.3724,0.3724,41,41,0,16,1,17,0,0.007369,0.012577,0.026038,1,1,1,2763.0
drl,1,19,1,15.375,24.652,0.3703,0.3703,41,41,0,17,1,18,0,0.007421,0.012727,0.025977,1,1,1,2763.0
drl,1,20,1,15.601,25.249,0.3683,0.3683,41,41,0,18,1,19,0,0.00755,0.012599,0.026655,1,1,1,2763.0
drl,1,21,1,15.199,24.306,0.3666,0.3666,41,41,0,19,1,20,0,0.007471,0.012508,0.025617,1,1,1,2763.0
drl,1,22,1,15.226,24.326,0.365,0.365,41,41,0,19,1,21,0,0.007352,0.012708,0.025617,1,1,1,2763.0
drl,1,23,1,15.332,24.612,0.3636,0.3636,41,41,0,20,1,22,0,0.007352,0.012708,0.025935,1,1,1,2763.0
drl,1,24,1,15.438,24.817,0.3623,0.3623,41,41,0,21,1,23,0,0.007604,0.012528,0.026183,1,1,1,2763.0
drl,1,25,1,15.507,24.683,0.3611,0.3611,41,41,0,22,1,24,0,0.007919,0.012573,0.026028,1,1,1,2763.0
drl,1,26,1,15.8,25.939,0.36,0.36,41,41,0,23,1,25,0,0.007412,0.012561,0.027426,1,1,1,2763.0
drl,1,27,1,15.803,25.938,0.3589,0.3589,38,38,0,23,1,26,0,0.007437,0.012546,0.027426,1,1,1,2763.0
drl,1,28,1,15.333,24.67,0.358,0.358,38,38,0,24,1,27,0,0.007437,0.012546,0.026017,1,1,1,2763.0
drl,1,29,1,15.351,24.623,0.3571,0.3571,38,38,0,25,1,28,0,0.007397,0.012708,0.025947,1,1,1,2763.0
drl,1,30,1,15.341,24.642,0.3563,0.3563,38,38,0,26,1,29,0,0.007412,0.012636,0.025976,1,1,1,2763.0
drl,1,31,1,15.487,25.069,0.3555,0.3555,33,33,0,27,1,30,0,0.007399,0.012608,0.026454,1,1,1,2763.0
drl,1,32,1,15.728,25.142,0.3548,0.3548,33,33,0,27,1,31,0,0.007399,0.013331,0.026454,1,1,1,2763.0
drl,1,33,1,15.63,24.878,0.3541,0.3541,33,33,0,28,1,32,0,0.007399,0.013331,0.026161,1,1,1,2763.0
drl,1,34,1,15.197,24.391,0.3535,0.3535,33,33,0,29,1,33,0,0.007327,0.012559,0.025706,1,1,1,2763.0
drl,1,35,1,15.346,24.705,0.3529,0.3529,30,28,0,30,1,34,0,0.007458,0.01252,0.026059,1,1,1,2763.0
drl,1,36,1,15.449,25.113,0.3524,0.3524,31,28,0,31,1,35,0,0.00736,0.01247,0.026518,1,1,1,2763.0
drl,1,37,0,15.434,25.108,0.3524,0.3524,31,28,0,31,1,35,0,0.007366,0.012418,0.026518,1,1,1,2763.0
drl,1,38,1,15.136,24.303,0.3518,0.3518,32,28,0,32,1,36,0,0.007366,0.012418,0.025624,1,1,1,2763.0
drl,1,39,1,15.702,25.1,0.3513,0.3513,33,28,0,33,1,37,0,0.007428,0.013264,0.026415,1,1,1,2763.0
drl,1,40,1,15.256,24.489,0.3509,0.3509,34,22,0,34,1,38,0,0.007449,0.012497,0.025821,1,1,1,2763.0
drl,1,41,1,15.159,24.242,0.3504,0.3504,35,22,0,35,1,39,0,0.007355,0.012583,0.025538,1,1,1,2763.0
drl,1,42,1,15.173,24.221,0.35,0.35,35,22,0,35,1,40,0,0.007609,0.012371,0.025538,1,1,1,2763.0
drl,1,43,1,15.19,24.269,0.3496,0.3496,36,22,0,36,1,41,0,0.007609,0.012371,0.025591,1,1,1,2763.0
drl,1,44,1,15.358,24.727,0.3492,0.3492,37,17,0,37,1,42,0,0.007409,0.012588,0.026076,1,1,1,2763.0
drl,1,45,1,15.398,24.849,0.3488,0.3488,38,17,0,38,1,43,0,0.00742,0.01256,0.026214,1,1,1,2763.0
drl,1,46,1,15.615,24.839,0.3485,0.3485,39,17,0,39,1,44,0,0.007385,0.013343,0.026116,1,1,1,2763.0
drl,1,47,1,15.441,24.779,0.3481,0.3481,39,12,0,39,1,45,0,0.007456,0.01275,0.026116,1,1,1,2763.0
drl,1,48,1,15.462,24.837,0.3478,0.3478,40,12,0,40,1,46,0,0.007456,0.01275,0.02618,1,1,1,2763.0
drl,1,49,1,15.919,26.157,0.3475,0.3475,41,12,0,41,1,47,0,0.007393,0.012713,0.027651,1,1,1,2763.0
drl,1,50,1,15.396,24.765,0.3472,0.3472,42,12,0,42,1,48,0,0.0075,0.012568,0.02612,1,1,1,2763.0
drl,1,51,1,15.397,24.707,0.3469,0.3469,43,7,0,43,1,49,0,0.007461,0.012686,0.026043,1,1,1,2763.0
drl,1,52,1,15.326,24.699,0.3467,0.3467,43,7,0,43,1,50,0,0.007327,0.012607,0.026043,1,1,1,2763.0
drl,1,53,1,15.381,24.848,0.3464,0.3464,44,7,0,44,1,51,0,0.007327,0.012607,0.026208,1,1,1,2763.0
drl,1,54,1,15.409,24.829,0.3461,0.3461,45,7,0,45,1,52,0,0.007408,0.012634,0.026184,1,1,1,2763.0
drl,1,55,1,15.408,24.93,0.3459,0.3459,46,7,0,46,1,53,0,0.007373,0.012546,0.026306,1,1,1,2763.0
drl,1,56,1,15.577,24.576,0.3457,0.3457,47,2,0,47,1,54,0,0.007613,0.013288,0.02583,1,1,1,2763.0
drl,1,57,1,15.425,24.969,0.3455,0.3455,48,2,0,48,1,55,0,0.00742,0.012501,0.026354,1,1,1,2763.0
drl,1,58,1,15.425,24.969,0.3452,0.3452,48,2,0,48,1,56,0,0.00742,0.012501,0.026354,1,1,1,2763.0
drl,1,59,1,15.164,24.303,0.345,0.345,49,2,0,49,1,57,0,0.007392,0.012482,0.025617,1,1,1,2763.0
drl,1,60,1,15.196,24.423,0.3448,0.5,49,0,0,49,1,58,0,0.007354,0.012483,0.02575,1,0,1,2763.0
drl,1,61,1,10.818,12.545,0.3446,0.5,49,0,0,49,1,59,0,0.007391,0.012514,0.012548,1,0,1,2763.0
drl,1,62,1,10.782,12.534,0.3444,0.5,49,0,0,49,1,60,0,0.007336,0.01247,0.012541,1,0,1,2763.0
drl,1,63,1,10.782,12.534,0.3443,0.5,49,0,0,49,1,61,0,0.007336,0.01247,0.012541,1,0,1,2763.0
drl,1,64,1,11.021,12.745,0.3441,0.5,46,0,0,46,1,62,0,0.007581,0.012746,0.012736,1,0,1,2763.0
drl,1,65,1,10.899,12.649,0.3439,0.5,46,0,0,46,1,63,0,0.007493,0.012542,0.012661,1,0,1,2763.0
drl,1,66,1,10.955,12.776,0.3437,0.5,46,0,0,46,1,64,0,0.007421,0.012653,0.01279,1,0,1,2763.0
drl,1,67,1,10.906,12.684,0.3436,0.5,46,0,0,46,1,65,0,0.007362,0.012672,0.012685,1,0,1,2763.0
drl,1,68,1,10.927,12.684,0.3434,0.5,46,0,0,46,1,66,0,0.007423,0.012672,0.012685,1,0,1,2763.0
drl,1,69,1,10.851,12.573,0.3433,0.5,43,0,0,43,1,67,0,0.007423,0.012575,0.012556,1,0,1,2763.0
drl,1,70,1,10.8,12.523,0.3431,0.5,43,0,0,43,1,68,0,0.007379,0.012526,0.012496,1,0,1,2763.0
drl,1,71,1,11.051,12.544,0.343,0.5,43,0,0,43,1,69,0,0.008069,0.01254,0.012545,1,0,1,2763.0
drl,1,72,1,10.87,12.619,0.3429,0.5,39,0,0,39,1,70,0,0.007404,0.012582,0.012623,1,0,1,2763.0
drl,1,73,1,11.196,13.444,0.3427,0.5,39,0,0,39,1,71,0,0.007431,0.013535,0.012623,1,0,1,2763.0
drl,1,74,1,11.203,13.446,0.3426,0.5,39,0,0,39,1,72,0,0.007431,0.013535,0.012644,1,0,1,2763.0
drl,1,75,1,10.828,12.599,0.3425,0.5,39,0,0,39,1,73,0,0.007352,0.012524,0.012607,1,0,1,2763.0
drl,1,76,1,10.865,12.562,0.3423,0.5,36,0,0,36,1,74,0,0.007471,0.012562,0.012562,1,0,1,2763.0
drl,1,77,1,11.089,13.279,0.3422,0.5,36,0,0,36,1,75,0,0.007367,0.013361,0.012539,1,0,1,2763.0
drl,1,78,0,10.813,12.525,0.3422,0.5,36,0,0,36,1,75,0,0.007393,0.012525,0.012522,1,0,1,2763.0
drl,1,79,1,10.813,12.525,0.3421,0.5,36,0,0,36,1,76,0,0.007393,0.012525,0.012522,1,0,1,2763.0
drl,1,80,1,10.827,12.623,0.342,0.5,36,0,0,36,1,77,0,0.007337,0.012635,0.01251,1,0,1,2763.0
drl,1,81,1,10.821,12.501,0.3419,0.5,33,0,0,33,1,78,0,0.007465,0.012497,0.012501,1,0,1,2763.0
drl,1,82,1,10.825,12.521,0.3418,0.5,33,0,0,33,1,79,0,0.007482,0.012466,0.012527,1,0,1,2763.0
drl,1,83,1,10.82,12.533,0.3417,0.5,33,0,0,33,1,80,0,0.007455,0.012541,0.012463,1,0,1,2763.0
drl,1,84,1,10.783,12.533,0.3416,0.5,33,0,0,33,1,81,0,0.007344,0.012541,0.012463,1,0,1,2763.0
drl,1,85,1,10.825,12.586,0.3415,0.5,29,0,0,29,1,82,0,0.007344,0.012591,0.012541,1,0,1,2763.0
drl,1,86,1,10.826,12.597,0.3414,0.5,29,0,0,29,1,83,0,0.007366,0.012505,0.012607,1,0,1,2763.0
drl,1,87,1,11.38,13.284,0.3413,0.5,29,0,0,29,1,84,0,0.00777,0.013309,0.01306,1,0,1,2763.0
drl,1,88,1,10.854,12.573,0.3412,0.5,26,0,0,26,1,85,0,0.007423,0.012566,0.012574,1,0,1,2763.0
drl,1,89,1,10.888,12.67,0.3411,0.5,26,0,0,26,1,86,0,0.007409,0.012681,0.012574,1,0,1,2763.0
drl,1,90,1,10.92,12.68,0.341,0.341,26,0,0,26,1,87,0,0.007409,0.012681,0.01267,1,1,1,2763.0
drl,1,91,89,16.919,29.064,0.3371,0.3371,26,0,1,26,1,176,0,0.007488,0.030922,0.012347,1,1,1,2763.0
drl,1,92,72,15.465,25.132,0.336,0.336,87,0,87,23,1,248,0,0.00738,0.026538,0.012476,1,1,1,2763.0
drl,1,93,13,15.279,24.484,0.3597,0.3597,163,0,163,23,10,252,0,0.007405,0.025801,0.01263,1,1,1,2763.0
drl,1,94,1,15.492,25.103,0.3624,0.3624,164,0,164,23,11,252,0,0.007357,0.026489,0.01263,1,1,1,2763.0
drl,1,95,1,15.387,25.071,0.365,0.365,164,0,164,23,12,252,0,0.007357,0.026489,0.012314,1,1,1,2763.0
drl,1,96,1,15.343,24.765,0.3676,0.3676,165,0,165,23,13,252,0,0.007384,0.026125,0.012521,1,1,1,2763.0
drl,1,97,1,15.638,25.422,0.3703,0.3703,166,0,166,20,14,252,0,0.00738,0.026836,0.012698,1,1,1,2763.0
drl,1,98,1,15.451,24.87,0.3729,0.3729,167,0,167,20,15,252,0,0.007428,0.026222,0.012702,1,1,1,2763.0
drl,1,99,1,15.371,24.677,0.3755,0.3755,168,0,168,20,16,252,0,0.007403,0.026008,0.012702,1,1,1,2763.0
drl,1,100,1,15.337,24.667,0.3781,0.3781,168,0,168,20,17,252,0,0.007403,0.026008,0.0126,1,1,1,2763.0
drl,1,101,1,15.332,24.612,0.3807,0.3807,169,0,169,16,18,252,0,0.007427,0.025944,0.012625,1,1,1,2763.0
drl,1,102,1,15.27,24.534,0.3833,0.3833,170,0,170,16,19,252,0,0.007397,0.025866,0.012547,1,1,1,2763.0
drl,1,103,1,15.401,24.906,0.3859,0.3859,171,0,171,16,20,252,0,0.007365,0.026278,0.01256,1,1,1,2763.0
drl,1,104,1,15.285,24.631,0.3885,0.3885,172,0,172,13,21,252,0,0.007345,0.025975,0.012535,1,1,1,2763.0
drl,1,105,1,15.285,24.631,0.3911,0.3911,172,0,172,13,22,252,0,0.007345,0.025975,0.012535,1,1,1,2763.0
drl,1,106,1,15.454,24.99,0.3937,0.3937,173,0,173,13,23,252,0,0.007396,0.026367,0.012599,1,1,1,2763.0
drl,1,107,1,15.31,24.435,0.3963,0.3963,174,0,174,13,24,252,0,0.007415,0.025729,0.012786,1,1,1,2763.0
drl,1,108,1,15.535,25.14,0.3988,0.3988,175,0,175,13,25,252,0,0.007445,0.02653,0.01263,1,1,1,2763.0
drl,1,109,1,15.389,24.806,0.4014,0.4014,176,0,176,10,26,252,0,0.007435,0.026166,0.012567,1,1,1,2763.0
drl,1,110,1,15.389,24.806,0.404,0.404,176,0,176,10,27,252,0,0.007435,0.026166,0.012567,1,1,1,2763.0
drl,1,111,1,15.346,24.836,0.4065,0.4065,177,0,177,10,28,252,0,0.007299,0.026203,0.012535,1,1,1,2763.0
drl,1,112,1,15.418,24.89,0.4091,0.4091,178,0,178,10,29,252,0,0.007373,0.026253,0.012628,1,1,1,2763.0
drl,1,113,1,15.403,24.654,0.4116,0.4116,179,0,179,6,30,252,0,0.007471,0.025976,0.012761,1,1,1,2763.0
drl,1,114,1,15.33,24.735,0.4141,0.4141,180,0,180,6,31,252,0,0.007353,0.026089,0.012549,1,1,1,2763.0
drl,1,115,1,15.33,24.735,0.4166,0.4166,180,0,180,6,32,252,0,0.007353,0.026089,0.012549,1,1,1,2763.0
drl,1,116,1,15.513,25.085,0.4192,0.4192,181,0,181,6,33,252,0,0.00733,0.026455,0.012755,1,1,1,2763.0
drl,1,117,1,15.528,25.23,0.4217,0.4217,182,0,182,3,34,252,0,0.007374,0.026636,0.012573,1,1,1,2763.0
drl,1,118,1,15.316,24.67,0.4242,0.4242,183,0,183,3,35,252,0,0.007425,0.026022,0.012501,1,1,1,2763.0
drl,1,119,1,15.452,25.051,0.4267,0.4267,184,0,184,3,36,252,0,0.007428,0.026448,0.01248,1,1,1,2763.0
drl,1,120,1,15.432,25.051,0.4292,0.5,184,0,184,3,37,252,0,0.007367,0.026448,0.01248,0,1,1,2763.0
drl,1,121,1,11.085,13.286,0.4316,0.5,184,0,184,0,38,252,0,0.007367,0.013371,0.012518,0,1,1,2763.0
drl,1,122,1,10.871,12.599,0.4341,0.5,184,0,184,0,39,252,0,0.00747,0.012606,0.012538,0,1,1,2763.0
drl,1,123,1,10.902,12.713,0.4366,0.5,184,0,184,0,40,252,0,0.007395,0.012584,0.012727,0,1,1,2763.0
drl,1,124,1,10.842,12.594,0.439,0.5,184,0,184,0,41,252,0,0.00741,0.012513,0.012603,0,1,1,2763.0
drl,1,125,1,10.851,12.594,0.4414,0.5,184,0,184,0,42,252,0,0.007437,0.012513,0.012603,0,1,1,2763.0
drl,1,126,1,10.844,12.618,0.4439,0.5,184,0,184,0,43,252,0,0.007437,0.012636,0.012459,0,1,1,2763.0
drl,1,127,1,10.949,12.789,0.4463,0.5,184,0,184,0,44,252,0,0.007405,0.012635,0.012806,0,1,1,2763.0
drl,1,128,1,10.841,12.572,0.4487,0.5,184,0,184,0,45,252,0,0.007417,0.012576,0.012531,0,1,1,2763.0
drl,1,129,1,10.85,12.58,0.4511,0.5,184,0,184,0,46,252,0,0.00745,0.012588,0.012512,0,1,1,2763.0
drl,1,130,1,10.818,12.509,0.4535,0.5,184,0,184,0,47,252,0,0.007463,0.01248,0.012512,0,1,1,2763.0
drl,1,131,1,10.829,12.537,0.4559,0.5,184,0,184,0,48,252,0,0.007463,0.01248,0.012543,0,1,1,2763.0
drl,1,132,1,10.829,12.554,0.4582,0.5,184,0,184,0,49,252,0,0.007405,0.012524,0.012557,0,1,1,2763.0
drl,1,133,1,10.819,12.558,0.4606,0.5,184,0,184,0,50,252,0,0.007409,0.012481,0.012566,0,1,1,2763.0
drl,1,134,1,10.799,12.67,0.4629,0.5,184,0,184,0,51,252,0,0.007247,0.012457,0.012694,0,1,1,2763.0
drl,1,135,0,10.814,12.52,0.4629,0.5,184,0,184,0,51,252,0,0.007418,0.012503,0.012522,0,1,1,2763.0
drl,1,136,1,10.814,12.52,0.4653,0.5,184,0,184,0,52,252,0,0.007418,0.012503,0.012522,0,1,1,2763.0
drl,1,137,1,10.851,12.593,0.4676,0.5,184,0,184,0,53,252,0,0.007411,0.012542,0.012599,0,1,1,2763.0
drl,1,138,1,10.901,12.749,0.4699,0.5,184,0,184,0,54,252,0,0.007404,0.012525,0.012774,0,1,1,2763.0
drl,1,139,1,10.868,12.649,0.4722,0.5,184,0,184,0,55,252,0,0.007381,0.012658,0.012566,0,1,1,2763.0
drl,1,140,1,10.851,12.607,0.4745,0.5,184,0,184,0,56,252,0,0.007399,0.012539,0.012615,0,1,1,2763.0
drl,1,141,1,10.857,12.607,0.4768,0.5,184,0,184,0,57,252,0,0.007418,0.012539,0.012615,0,1,1,2763.0
drl,1,142,1,10.825,12.541,0.4791,0.5,184,0,184,0,58,252,0,0.007418,0.012544,0.012512,0,1,1,2763.0
drl,1,143,1,10.889,12.687,0.4813,0.5,184,0,184,0,59,252,0,0.00742,0.012703,0.012545,0,1,1,2763.0
drl,1,144,1,10.807,12.562,0.4835,0.5,184,0,184,0,60,252,0,0.007348,0.012568,0.012505,0,1,1,2763.0
drl,1,145,1,10.807,12.545,0.4858,0.5,184,0,184,0,61,252,0,0.007375,0.01255,0.012496,0,1,1,2763.0
drl,1,146,1,10.835,12.556,0.488,0.5,184,0,184,0,62,252,0,0.007445,0.012563,0.012496,0,1,1,2763.0
drl,1,147,1,10.874,12.61,0.4902,0.5,184,0,184,0,63,252,0,0.007445,0.012563,0.012615,0,1,1,2763.0
drl,1,148,1,10.804,12.56,0.4924,0.5,184,0,184,0,64,252,0,0.007325,0.012522,0.012564,0,1,1,2763.0
drl,1,149,1,10.804,12.515,0.4946,0.5,184,0,184,0,65,252,0,0.007394,0.0125,0.012517,0,1,1,2763.0
drl,1,150,1,10.862,12.554,0.4967,0.4967,184,0,184,0,66,252,0,0.007484,0.012546,0.012555,1,1,1,2763.0
drl,1,151,84,10.862,12.554,0.6263,0.6263,184,0,184,0,150,252,0,0.007484,0.012546,0.012555,1,1,1,2763.0
drl,1,152,8,13.679,15.622,0.6334,0.6334,184,87,184,0,158,252,0,0.015955,0.01246,0.012623,1,1,1,2763.0
drl,1,153,1,14.059,15.913,0.6365,0.6365,184,88,184,0,158,252,1,0.0162,0.01265,0.013326,1,1,1,2763.0
drl,1,154,1,13.459,14.952,0.6395,0.6395,89,89,21,0,158,252,2,0.015215,0.012579,0.012584,1,1,1,2763.0
drl,1,155,1,13.696,15.69,0.6426,0.6426,90,90,21,0,158,252,3,0.016035,0.012469,0.012584,1,1,1,2763.0
drl,1,156,1,14.005,15.783,0.6457,0.6457,90,90,21,0,158,252,4,0.016035,0.012469,0.013511,1,1,1,2763.0
drl,1,157,1,13.644,15.408,0.6487,0.6487,91,91,21,0,158,252,5,0.015713,0.012553,0.012666,1,1,1,2763.0
drl,1,158,1,13.646,15.506,0.6518,0.6518,92,92,18,0,158,252,6,0.015831,0.012525,0.012582,1,1,1,2763.0
drl,1,159,1,13.582,15.224,0.6548,0.6548,93,93,18,0,158,252,7,0.015503,0.012711,0.012533,1,1,1,2763.0
drl,1,160,1,13.58,15.343,0.6579,0.6579,94,94,18,0,158,252,8,0.015653,0.012553,0.012535,1,1,1,2763.0
drl,1,161,1,13.58,15.343,0.6609,0.6609,94,94,18,0,158,252,9,0.015653,0.012553,0.012535,1,1,1,2763.0
drl,1,162,1,13.63,15.485,0.6639,0.6639,95,95,15,0,158,252,10,0.015806,0.012493,0.012592,1,1,1,2763.0
drl,1,163,1,13.572,15.252,0.6669,0.6669,96,96,15,0,158,252,11,0.015547,0.012573,0.012596,1,1,1,2763.0
drl,1,164,1,13.866,15.319,0.6699,0.6699,97,97,15,0,158,252,12,0.015522,0.012586,0.013489,1,1,1,2763.0
drl,1,165,1,13.733,15.611,0.6729,0.6729,98,98,15,0,158,252,13,0.015935,0.012699,0.012566,1,1,1,2763.0
drl,1,166,1,13.576,15.188,0.6759,0.6759,99,99,15,0,158,252,14,0.015464,0.012699,0.012566,1,1,1,2763.0
drl,1,167,1,13.97,15.313,0.6788,0.6788,99,99,11,0,158,252,15,0.015464,0.012493,0.013954,1,1,1,2763.0
drl,1,168,1,13.593,15.344,0.6818,0.6818,100,100,11,0,158,252,16,0.015652,0.012554,0.012574,1,1,1,2763.0
drl,1,169,1,13.501,15.367,0.6847,0.6847,101,101,11,0,158,252,17,0.015688,0.01234,0.012474,1,1,1,2763.0
drl,1,170,1,13.656,15.325,0.6877,0.6877,102,102,8,0,158,252,18,0.015608,0.012583,0.012777,1,1,1,2763.0
drl,1,171,1,13.711,15.53,0.6906,0.6906,103,103,8,0,158,252,19,0.015836,0.01252,0.012777,1,1,1,2763.0
drl,1,172,1,13.627,15.505,0.6935,0.6935,103,103,8,0,158,252,20,0.015836,0.01252,0.012525,1,1,1,2763.0
drl,1,173,1,13.805,15.848,0.6964,0.6964,104,104,8,0,158,252,21,0.016206,0.012582,0.012627,1,1,1,2763.0
drl,1,174,1,13.761,15.735,0.6993,0.6993,105,105,5,0,158,252,22,0.016068,0.012741,0.012475,1,1,1,2763.0
drl,1,175,1,13.548,15.356,0.6986,0.6986,106,106,5,0,158,253,22,0.01567,0.012441,0.012532,1,1,1,2763.0
drl,1,176,1,13.923,15.625,0.6979,0.6979,107,107,5,0,158,254,22,0.01587,0.012483,0.013416,1,1,1,2763.0
drl,1,177,1,13.923,15.625,0.6972,0.6972,107,107,5,0,158,255,22,0.01587,0.012483,0.013416,1,1,1,2763.0
drl,1,178,1,13.628,15.436,0.6964,0.6964,108,108,5,0,158,256,22,0.015753,0.012586,0.012545,1,1,1,2763.0
drl,1,179,1,13.703,15.535,0.6957,0.6957,109,109,2,0,158,257,22,0.015858,0.012627,0.012623,1,1,1,2763.0
drl,2,0,0,15.568,24.826,1.0,1.0,0,0,0,0,0,0,0,0.007954,0.012562,0.026189,1,1,1,2675.1
drl,2,1,1,15.35,24.798,0.3333,0.3333,113,113,0,3,1,0,0,0.007342,0.012549,0.026159,1,1,1,2675.1
drl,2,2,1,15.342,24.798,0.6667,0.6667,113,113,0,3,1,1,0,0.007322,0.012546,0.026159,1,1,1,2675.1
drl,2,3,1,15.266,24.592,0.6,0.6,113,113,0,4,1,2,0,0.007322,0.012546,0.025931,1,1,1,2675.1
drl,2,4,1,15.701,25.69,0.5333,0.5333,113,113,0,5,1,3,0,0.007424,0.012527,0.027153,1,1,1,2675.1
drl,2,5,1,15.343,24.773,0.4902,0.4902,113,113,0,6,1,4,0,0.007412,0.012478,0.026139,1,1,1,2675.1
drl,2,6,1,15.164,24.291,0.4615,0.4615,113,113,0,7,1,5,0,0.007322,0.012578,0.025592,1,1,1,2675.1
drl,2,7,1,15.319,24.606,0.4414,0.4414,113,113,0,8,1,6,0,0.007396,0.012623,0.025937,1,1,1,2675.1
drl,2,8,1,15.319,24.606,0.4267,0.4267,113,113,0,8,1,7,0,0.007396,0.012623,0.025937,1,1,1,2675.1
drl,2,9,1,15.34,24.902,0.4154,0.4154,113,113,0,9,1,8,0,0.007331,0.012397,0.026291,1,1,1,2675.1
drl,2,10,1,15.214,24.474,0.4065,0.4065,113,113,0,10,1,9,0,0.00732,0.012521,0.025802,1,1,1,2675.1
drl,2,11,1,15.379,24.862,0.3993,0.3993,113,113,0,11,1,10,0,0.007354,0.012553,0.02623,1,1,1,2675.1
drl,2,12,1,15.36,24.82,0.3934,0.3934,113,113,0,12,1,11,0,0.007392,0.012499,0.026189,1,1,1,2675.1
drl,2,13,1,18.634,25.292,0.3885,0.3885,112,112,0,12,1,12,0,0.017215,0.012499,0.026189,1,1,1,2675.1
drl,2,14,1,18.61,25.111,0.3843,0.3843,112,112,0,13,1,13,0,0.017215,0.012626,0.025988,1,1,1,2675.1
drl,2,15,1,15.326,24.74,0.3807,0.3807,112,112,0,14,1,14,0,0.007334,0.01255,0.026095,1,1,1,2675.1
drl,2,16,1,15.461,24.8,0.3776,0.3776,112,112,0,15,1,15,0,0.007658,0.012565,0.02616,1,1,1,2675.1
drl,2,17,1,15.333,24.812,0.3748,0.3748,112,112,0,16,1,16,0,0.007351,0.012465,0.026184,1,1,1,2675.1
drl,2,18,1,15.42,24.836,0.3724,0.3724,112,112,0,16,1,17,0,0.007373,0.012703,0.026184,1,1,1,2675.1
drl,2,19,1,15.375,24.713,0.3703,0.3703,112,112,0,17,1,18,0,0.007373,0.012703,0.026048,1,1,1,2675.1
drl,2,20,1,15.652,24.968,0.3683,0.3683,112,112,0,18,1,19,0,0.007365,0.013331,0.026261,1,1,1,2675.1
drl,2,21,1,15.623,24.785,0.3666,0.3666,112,112,0,19,1,20,0,0.0074,0.01342,0.026048,1,1,1,2675.1
drl,2,22,1,15.321,24.756,0.365,0.365,112,112,0,20,1,21,0,0.007336,0.012512,0.026116,1,1,1,2675.1
drl,2,23,1,15.403,25.046,0.3636,0.3636,112,112,0,21,1,22,0,0.007389,0.012366,0.026455,1,1,1,2675.1
drl,2,24,1,15.403,25.046,0.3623,0.3623,112,112,0,21,1,23,0,0.007389,0.012366,0.026455,1,1,1,2675.1
drl,2,25,1,15.366,24.855,0.3611,0.3611,112,112,0,22,1,24,0,0.007311,0.012567,0.02622,1,1,1,2675.1
drl,2,26,1,15.374,24.501,0.36,0.36,112,112,0,23,1,25,0,0.00775,0.012543,0.02583,1,1,1,2675.1
drl,2,27,1,15.383,24.781,0.3589,0.3589,112,112,0,24,1,26,0,0.00744,0.012571,0.026138,1,1,1,2675.1
drl,2,28,1,15.598,24.98,0.358,0.358,112,112,0,25,1,27,0,0.00743,0.013061,0.026304,1,1,1,2675.1
drl,2,29,1,15.546,24.98,0.3571,0.3571,25,24,0,25,1,28,0,0.007272,0.013061,0.026304,1,1,1,2675.1
drl,2,30,1,15.187,24.582,0.3563,0.3563,26,24,0,26,1,29,0,0.007272,0.012347,0.025941,1,1,1,2675.1
drl,2,31,1,15.423,24.873,0.3555,0.3555,27,24,0,27,1,30,0,0.007352,0.012689,0.026227,1,1,1,2675.1
drl,2,32,1,15.408,24.917,0.3548,0.3548,28,24,0,28,1,31,0,0.00739,0.012541,0.026292,1,1,1,2675.1
drl,2,33,1,15.167,24.287,0.3541,0.3541,29,21,0,29,1,32,0,0.007362,0.012548,0.025591,1,1,1,2675.1
drl,2,34,1,15.234,24.303,0.3535,0.3535,29,21,0,29,1,33,0,0.007397,0.012713,0.025591,1,1,1,2675.1
drl,2,35,1,15.398,24.747,0.3529,0.3529,30,21,0,30,1,34,0,0.007397,0.012713,0.026084,1,1,1,2675.1
drl,2,36,1,15.355,24.659,0.3524,0.3524,31,21,0,31,1,35,0,0.007499,0.012562,0.026003,1,1,1,2675.1
drl,2,37,1,15.351,24.843,0.3518,0.3518,32,17,0,32,1,36,0,0.007261,0.012588,0.026205,1,1,1,2675.1
drl,2,38,1,15.338,24.736,0.3513,0.3513,33,17,0,33,1,37,0,0.00741,0.01251,0.026094,1,1,1,2675.1
drl,2,39,1,15.601,24.912,0.3509,0.3509,34,17,0,34,1,38,0,0.007444,0.013139,0.02622,1,1,1,2675.1
drl,2,40,1,15.601,24.912,0.3504,0.3504,34,17,0,34,1,39,0,0.007444,0.013139,0.02622,1,1,1,2675.1
drl,2,41,0,16.743,28.472,0.3504,0.3504,35,17,0,35,1,39,0,0.007318,0.012684,0.030226,1,1,1,2675.1
drl,2,42,1,15.349,24.792,0.35,0.35,36,14,0,36,1,40,0,0.007379,0.012512,0.026156,1,1,1,2675.1
drl,2,43,1,15.437,24.928,0.3496,0.3496,37,14,0,37,1,41,0,0.007433,0.012577,0.0263,1,1,1,2675.1
drl,2,44,1,15.263,24.476,0.3492,0.3492,38,14,0,38,1,42,0,0.007471,0.012514,0.025805,1,1,1,2675.1
drl,2,45,1,15.257,24.476,0.3488,0.3488,38,11,0,38,1,43,0,0.007451,0.012514,0.025805,1,1,1,2675.1
drl,2,46,1,15.273,24.54,0.3485,0.3485,39,11,0,39,1,44,0,0.007451,0.012489,0.025879,1,1,1,2675.1
drl,2,47,1,15.983,26.41,0.3481,0.3481,40,11,0,40,1,45,0,0.007397,0.012607,0.027944,1,1,1,2675.1
drl,2,48,1,15.411,24.853,0.3478,0.3478,41,11,0,41,1,46,0,0.007425,0.012591,0.026216,1,1,1,2675.1
drl,2,49,1,15.371,24.753,0.3475,0.3475,42,7,0,42,1,47,0,0.007421,0.012588,0.026105,1,1,1,2675.1
drl,2,50,1,15.324,24.746,0.3472,0.3472,42,7,0,42,1,48,0,0.00735,0.012516,0.026105,1,1,1,2675.1
drl,2,51,1,15.369,24.869,0.3469,0.3469,43,7,0,43,1,49,0,0.00735,0.012516,0.026242,1,1,1,2675.1
drl,2,52,1,15.456,24.996,0.3467,0.3467,44,7,0,44,1,50,0,0.007354,0.012646,0.026368,1,1,1,2675.1
drl,2,53,1,15.476,25.0,0.3464,0.3464,45,7,0,45,1,51,0,0.007403,0.012652,0.026372,1,1,1,2675.1
drl,2,54,1,15.409,24.656,0.3461,0.3461,46,4,0,46,1,52,0,0.007705,0.012518,0.026005,1,1,1,2675.1
drl,2,55,1,15.35,24.762,0.3459,0.3459,47,4,0,47,1,53,0,0.007406,0.012521,0.026122,1,1,1,2675.1
drl,2,56,1,15.337,24.762,0.3457,0.3457,47,4,0,47,1,54,0,0.007367,0.012521,0.026122,1,1,1,2675.1
drl,2,57,1,15.414,24.909,0.3455,0.3455,48,4,0,48,1,55,0,0.007367,0.012599,0.026277,1,1,1,2675.1
drl,2,58,1,15.257,24.413,0.3452,0.3452,49,1,0,49,1,56,0,0.007443,0.012602,0.025725,1,1,1,2675.1
drl,2,59,1,15.327,24.602,0.345,0.345,50,1,0,50,1,57,0,0.007454,0.012591,0.025937,1,1,1,2675.1
drl,2,60,1,15.508,24.796,0.3448,0.5,51,1,0,51,1,58,0,0.007322,0.013106,0.026095,1,0,1,2675.1
drl,2,61,1,15.548,24.808,0.3446,0.5,51,0,0,51,1,59,0,0.007327,0.013223,0.026095,1,0,1,2675.1
drl,2,62,1,10.984,13.141,0.3444,0.5,49,0,0,49,1,60,0,0.007327,0.013223,0.012402,1,0,1,2675.1
drl,2,63,1,10.832,12.569,0.3443,0.5,49,0,0,49,1,61,0,0.007363,0.01257,0.012563,1,0,1,2675.1
drl,2,64,1,10.894,12.739,0.3441,0.5,49,0,0,49,1,62,0,0.007375,0.012545,0.012761,1,0,1,2675.1
drl,2,65,1,10.886,12.648,0.3439,0.5,49,0,0,49,1,63,0,0.007425,0.012577,0.012656,1,0,1,2675.1
drl,2,66,1,10.897,12.645,0.3437,0.5,45,0,0,45,1,64,0,0.007417,0.012628,0.012647,1,0,1,2675.1
drl,2,67,1,10.856,12.645,0.3436,0.5,45,0,0,45,1,65,0,0.007294,0.012628,0.012647,1,0,1,2675.1
drl,2,68,1,10.792,12.647,0.3434,0.5,45,0,0,45,1,66,0,0.007294,0.012674,0.012409,1,0,1,2675.1
drl,2,69,1,10.878,12.624,0.3433,0.5,45,0,0,45,1,67,0,0.007468,0.012634,0.012532,1,0,1,2675.1
drl,2,70,1,11.066,13.235,0.3431,0.5,42,0,0,42,1,68,0,0.007412,0.01332,0.012467,1,0,1,2675.1
drl,2,71,1,10.89,12.553,0.343,0.5,42,0,0,42,1,69,0,0.007672,0.012567,0.01243,1,0,1,2675.1
drl,2,72,1,10.842,12.625,0.3429,0.5,42,0,0,42,1,70,0,0.007386,0.0125,0.012639,1,0,1,2675.1
drl,2,73,1,10.829,12.625,0.3427,0.5,42,0,0,42,1,71,0,0.007348,0.0125,0.012639,1,0,1,2675.1
drl,2,74,1,10.802,12.538,0.3426,0.5,39,0,0,39,1,72,0,0.007348,0.01254,0.012517,1,0,1,2675.1
drl,2,75,1,10.855,12.579,0.3425,0.5,39,0,0,39,1,73,0,0.007411,0.012579,0.012575,1,0,1,2675.1
drl,2,76,1,10.896,12.679,0.3423,0.5,39,0,0,39,1,74,0,0.007333,0.01268,0.012674,1,0,1,2675.1
drl,2,77,1,10.827,12.582,0.3422,0.5,39,0,0,39,1,75,0,0.007362,0.012587,0.012533,1,0,1,2675.1
drl,2,78,1,10.923,12.788,0.3421,0.5,35,0,0,35,1,76,0,0.00745,0.01282,0.0125,1,0,1,2675.1
drl,2,79,1,10.923,12.788,0.342,0.5,35,0,0,35,1,77,0,0.00745,0.01282,0.0125,1,0,1,2675.1
drl,2,80,0,10.841,12.57,0.342,0.5,35,0,0,35,1,77,0,0.007431,0.012576,0.012516,1,0,1,2675.1
drl,2,81,1,10.778,12.511,0.3419,0.5,35,0,0,35,1,78,0,0.007407,0.012523,0.012404,1,0,1,2675.1
drl,2,82,1,10.842,12.559,0.3418,0.5,32,0,0,32,1,79,0,0.007427,0.012562,0.012537,1,0,1,2675.1
drl,2,83,1,10.875,12.664,0.3417,0.5,32,0,0,32,1,80,0,0.007412,0.012535,0.012678,1,0,1,2675.1
drl,2,84,1,10.855,12.659,0.3416,0.5,32,0,0,32,1,81,0,0.007397,0.012491,0.012678,1,0,1,2675.1
drl,2,85,1,10.911,12.81,0.3415,0.5,32,0,0,32,1,82,0,0.007397,0.012491,0.012845,1,0,1,2675.1
drl,2,86,1,10.873,12.603,0.3414,0.5,29,0,0,29,1,83,0,0.007504,0.012614,0.0125,1,0,1,2675.1
drl,2,87,1,10.86,12.601,0.3413,0.5,29,0,0,29,1,84,0,0.007411,0.012564,0.012605,1,0,1,2675.1
drl,2,88,1,10.792,12.5,0.3412,0.5,29,0,0,29,1,85,0,0.007395,0.012502,0.01248,1,0,1,2675.1
drl,2,89,1,10.875,12.572,0.3411,0.5,29,0,0,29,1,86,0,0.007511,0.012539,0.012576,1,0,1,2675.1
drl,2,90,1,11.092,13.288,0.341,0.341,29,0,0,29,1,87,0,0.007333,0.013367,0.012576,1,1,1,2675.1
drl,2,91,88,11.097,13.29,0.3371,0.3371,25,0,0,25,1,175,0,0.007333,0.013367,0.012592,1,1,1,2675.1
drl,2,92,97,15.349,24.758,0.3358,0.3358,85,0,85,25,1,272,0,0.0074,0.026116,0.012532,1,1,1,2675.1
drl,2,93,10,15.222,24.53,0.3527,0.3527,183,0,183,25,8,275,0,0.007306,0.025867,0.012493,1,1,1,2675.1
drl,2,94,1,15.167,24.277,0.3551,0.3551,184,0,184,22,9,275,0,0.007414,0.025585,0.012503,1,1,1,2675.1
drl,2,95,1,15.289,24.526,0.3575,0.3575,185,0,185,22,10,275,0,0.007501,0.025862,0.012503,1,1,1,2675.1
drl,2,96,1,15.298,24.529,0.36,0.36,185,0,185,22,11,275,0,0.007501,0.025862,0.012532,1,1,1,2675.1
drl,2,97,1,15.208,24.346,0.3624,0.3624,186,0,186,22,12,275,0,0.007354,0.025649,0.012621,1,1,1,2675.1
drl,2,98,1,15.233,24.434,0.3648,0.3648,187,0,187,22,13,275,0,0.007371,0.025752,0.012575,1,1,1,2675.1
drl,2,99,1,15.537,24.714,0.3672,0.3672,188,0,188,19,14,275,0,0.00811,0.02608,0.01242,1,1,1,2675.1
drl,2,100,1,15.79,24.83,0.3696,0.3696,189,0,189,19,15,275,0,0.00849,0.026177,0.012703,1,1,1,2675.1
drl,2,101,1,15.79,24.83,0.372,0.372,189,0,189,19,16,275,0,0.00849,0.026177,0.012703,1,1,1,2675.1
drl,2,102,1,15.403,24.938,0.3744,0.3744,190,0,190,19,17,275,0,0.007411,0.026323,0.012476,1,1,1,2675.1
drl,2,103,1,15.307,24.688,0.3768,0.3768,191,0,191,15,18,275,0,0.007413,0.026046,0.012463,1,1,1,2675.1
drl,2,104,1,15.318,24.651,0.3792,0.3792,192,0,192,15,19,275,0,0.007382,0.025992,0.012579,1,1,1,2675.1
drl,2,105,1,15.336,24.682,0.3816,0.3816,193,0,193,15,20,275,0,0.007436,0.026031,0.012541,1,1,1,2675.1
drl,2,106,1,15.305,24.682,0.3839,0.3839,193,0,193,15,21,275,0,0.007342,0.026031,0.012541,1,1,1,2675.1
drl,2,107,1,15.372,24.896,0.3863,0.3863,194,0,194,12,22,275,0,0.007342,0.026273,0.0125,1,1,1,2675.1
drl,2,108,1,15.295,24.486,0.3887,0.3887,195,0,195,12,23,275,0,0.007382,0.025794,0.012709,1,1,1,2675.1
drl,2,109,1,15.211,24.502,0.3911,0.3911,196,0,196,12,24,275,0,0.007335,0.025841,0.012456,1,1,1,2675.1
drl,2,110,1,15.548,24.926,0.3934,0.3934,197,0,197,12,25,275,0,0.007715,0.026291,0.012637,1,1,1,2675.1
drl,2,111,1,15.398,24.714,0.3958,0.3958,198,0,198,9,26,275,0,0.007612,0.02607,0.012512,1,1,1,2675.1
drl,2,112,1,15.398,24.714,0.3982,0.3982,198,0,198,9,27,275,0,0.007612,0.02607,0.012512,1,1,1,2675.1
drl,2,113,1,15.314,24.703,0.4005,0.4005,199,0,199,9,28,275,0,0.007416,0.026063,0.012463,1,1,1,2675.1
drl,2,114,1,15.253,24.526,0.4029,0.4029,200,0,200,9,29,275,0,0.007384,0.02586,0.012516,1,1,1,2675.1
drl,2,115,1,15.326,24.758,0.4052,0.4052,201,0,201,5,30,275,0,0.007352,0.026119,0.012507,1,1,1,2675.1
drl,2,116,1,15.319,24.713,0.4075,0.4075,202,0,202,5,31,275,0,0.00733,0.026063,0.012565,1,1,1,2675.1
drl,2,117,1,15.332,24.713,0.4099,0.4099,202,0,202,5,32,275,0,0.007368,0.026063,0.012565,1,1,1,2675.1
drl,2,118,1,15.247,24.368,0.4122,0.4122,203,0,203,5,33,275,0,0.007368,0.025663,0.01271,1,1,1,2675.1
drl,2,119,1,15.364,24.865,0.4145,0.4145,204,0,204,2,34,275,0,0.007356,0.02624,0.012495,1,1,1,2675.1
drl,2,120,1,15.444,24.934,0.4168,0.5,205,0,205,2,35,275,0,0.00746,0.026309,0.012562,0,1,1,2675.1
drl,2,121,1,10.835,12.597,0.4191,0.5,205,0,205,2,36,275,0,0.007399,0.012608,0.012497,0,1,1,2675.1
drl,2,122,1,10.857,12.636,0.4214,0.5,205,0,205,2,37,275,0,0.007401,0.01252,0.012649,0,1,1,2675.1
drl,2,123,1,10.857,12.636,0.4237,0.5,205,0,205,2,38,275,0,0.007401,0.01252,0.012649,0,1,1,2675.1
drl,2,124,1,10.847,12.544,0.426,0.5,205,0,205,0,39,275,0,0.007476,0.012547,0.012517,0,1,1,2675.1
drl,2,125,1,10.832,12.654,0.4283,0.5,205,0,205,0,40,275,0,0.007358,0.012675,0.012463,0,1,1,2675.1
drl,2,126,1,10.931,12.762,0.4306,0.5,205,0,205,0,41,275,0,0.007451,0.012785,0.012558,0,1,1,2675.1
drl,2,127,1,10.807,12.54,0.4328,0.5,205,0,205,0,42,275,0,0.007426,0.012443,0.012551,0,1,1,2675.1
drl,2,128,1,10.899,12.735,0.4351,0.5,205,0,205,0,43,275,0,0.007391,0.012755,0.012551,0,1,1,2675.1
drl,2,129,1,10.895,12.733,0.4373,0.5,205,0,205,0,44,275,0,0.007391,0.012755,0.012539,0,1,1,2675.1
drl,2,130,0,10.803,12.586,0.4373,0.5,205,0,205,0,44,275,0,0.007317,0.012495,0.012596,0,1,1,2675.1
drl,2,131,1,10.869,12.621,0.4396,0.5,205,0,205,0,45,275,0,0.007443,0.012631,0.012534,0,1,1,2675.1
drl,2,132,1,10.826,12.55,0.4418,0.5,205,0,205,0,46,275,0,0.007398,0.012553,0.012527,0,1,1,2675.1
drl,2,133,1,10.805,12.517,0.444,0.5,205,0,205,0,47,275,0,0.007394,0.012503,0.012519,0,1,1,2675.1
drl,2,134,1,10.822,12.517,0.4463,0.5,205,0,205,0,48,275,0,0.007444,0.012503,0.012519,0,1,1,2675.1
drl,2,135,1,10.874,12.627,0.4485,0.5,205,0,205,0,49,275,0,0.007444,0.012542,0.012636,0,1,1,2675.1
drl,2,136,1,10.928,12.692,0.4507,0.5,205,0,205,0,50,275,0,0.007502,0.012578,0.012705,0,1,1,2675.1
drl,2,137,1,10.875,12.645,0.4529,0.5,205,0,205,0,51,275,0,0.007362,0.012615,0.012648,0,1,1,2675.1
drl,2,138,1,11.173,12.592,0.455,0.5,205,0,205,0,52,275,0,0.008367,0.012557,0.012596,0,1,1,2675.1
drl,2,139,1,10.785,12.504,0.4572,0.5,205,0,205,0,53,275,0,0.007436,0.012405,0.012515,0,1,1,2675.1
drl,2,140,1,10.785,12.504,0.4594,0.5,205,0,205,0,54,275,0,0.007436,0.012405,0.012515,0,1,1,2675.1
drl,2,141,1,11.023,12.535,0.4615,0.5,205,0,205,0,55,275,0,0.008094,0.012427,0.012547,0,1,1,2675.1
drl,2,142,1,10.912,12.689,0.4637,0.5,205,0,205,0,56,275,0,0.007397,0.012645,0.012694,0,1,1,2675.1
drl,2,143,1,10.911,12.596,0.4658,0.5,205,0,205,0,57,275,0,0.007564,0.012569,0.012599,0,1,1,2675.1
drl,2,144,1,10.953,12.841,0.468,0.5,205,0,205,0,58,275,0,0.007375,0.012866,0.012617,0,1,1,2675.1
drl,2,145,1,10.917,12.71,0.4701,0.5,205,0,205,0,59,275,0,0.007413,0.01272,0.012617,0,1,1,2675.1
drl,2,146,1,10.911,12.708,0.4722,0.5,205,0,205,0,60,275,0,0.007413,0.01272,0.0126,0,1,1,2675.1
drl,2,147,1,10.8,12.527,0.4743,0.5,205,0,205,0,61,275,0,0.007394,0.012474,0.012533,0,1,1,2675.1
drl,2,148,1,10.828,12.528,0.4764,0.5,205,0,205,0,62,275,0,0.00747,0.012481,0.012533,0,1,1,2675.1
drl,2,149,1,10.87,12.669,0.4784,0.5,205,0,205,0,63,275,0,0.007365,0.012565,0.012681,0,1,1,2675.1
drl,2,150,1,11.264,12.64,0.4805,0.4805,205,0,205,0,64,275,0,0.008583,0.012649,0.012559,1,1,1,2675.1
drl,2,151,71,11.264,12.64,0.5971,0.5971,205,0,205,0,135,275,0,0.008583,0.012649,0.012559,1,1,1,2675.1
drl,2,152,20,33.268,68.822,0.6185,0.6185,121,72,121,0,155,275,0,0.075095,0.012369,0.012339,1,1,1,2675.1
drl,2,153,1,13.556,15.332,0.6214,0.6214,121,89,121,0,155,275,1,0.015642,0.012489,0.012538,1,1,1,2675.1
drl,2,154,1,13.599,15.436,0.6242,0.6242,121,90,121,0,155,275,2,0.01576,0.01252,0.012517,1,1,1,2675.1
drl,2,155,1,13.586,15.356,0.6271,0.6271,121,91,121,0,155,275,3,0.015666,0.012571,0.01252,1,1,1,2675.1
drl,2,156,1,13.545,15.268,0.63,0.63,92,92,21,0,155,275,4,0.01557,0.012546,0.01252,1,1,1,2675.1
drl,2,157,1,13.817,15.346,0.6328,0.6328,92,92,21,0,155,275,5,0.01557,0.012546,0.013334,1,1,1,2675.1
drl,2,158,1,13.532,15.161,0.6356,0.6356,93,93,21,0,155,275,6,0.015448,0.012571,0.012578,1,1,1,2675.1
drl,2,159,1,13.539,15.26,0.6385,0.6385,94,94,21,0,155,275,7,0.015561,0.012509,0.012547,1,1,1,2675.1
drl,2,160,1,13.996,15.908,0.6413,0.6413,95,95,17,0,155,275,8,0.016207,0.012559,0.013222,1,1,1,2675.1
drl,2,161,1,13.744,15.816,0.6441,0.6441,96,96,17,0,155,275,9,0.016179,0.012548,0.012504,1,1,1,2675.1
drl,2,162,1,13.528,15.233,0.647,0.647,97,97,17,0,155,275,10,0.015531,0.012548,0.012504,1,1,1,2675.1
drl,2,163,1,13.509,15.229,0.6498,0.6498,97,97,17,0,155,275,11,0.015531,0.012489,0.012507,1,1,1,2675.1
drl,2,164,1,13.652,15.52,0.6526,0.6526,98,98,14,0,155,275,12,0.015848,0.012569,0.012539,1,1,1,2675.1
drl,2,165,1,13.583,15.319,0.6553,0.6553,99,99,14,0,155,275,13,0.015614,0.012664,0.01247,1,1,1,2675.1
drl,2,166,1,13.658,15.467,0.6581,0.6581,100,100,14,0,155,275,14,0.015784,0.012574,0.012615,1,1,1,2675.1
drl,2,167,1,13.588,15.09,0.6609,0.6609,101,101,14,0,155,275,15,0.015344,0.012804,0.012615,1,1,1,2675.1
drl,2,168,1,13.549,15.09,0.6637,0.6637,101,101,14,0,155,275,16,0.015344,0.012804,0.0125,1,1,1,2675.1
drl,2,169,1,13.68,15.524,0.6664,0.6664,102,102,11,0,155,275,17,0.015846,0.012572,0.012622,1,1,1,2675.1
drl,2,170,1,13.909,15.587,0.6692,0.6692,103,103,11,0,155,275,18,0.015829,0.012489,0.01341,1,1,1,2675.1
drl,2,171,1,13.585,15.261,0.6719,0.6719,104,104,11,0,155,275,19,0.01554,0.01247,0.012746,1,1,1,2675.1
drl,2,172,1,13.588,15.368,0.6747,0.6747,105,105,7,0,155,275,20,0.015676,0.012489,0.012598,1,1,1,2675.1
drl,2,173,1,13.792,15.919,0.674,0.674,106,106,7,0,155,276,20,0.016288,0.012489,0.012598,1,1,1,2675.1
drl,2,174,1,13.78,15.914,0.6732,0.6732,106,106,7,0,155,277,20,0.016288,0.01255,0.012502,1,1,1,2675.1
drl,2,175,1,13.657,15.514,0.6725,0.6725,107,107,7,0,155,278,20,0.015834,0.012637,0.012499,1,1,1,2675.1
drl,2,176,1,13.702,15.523,0.6718,0.6718,108,108,4,0,155,279,20,0.015832,0.012744,0.012529,1,1,1,2675.1
drl,2,177,1,13.627,15.383,0.6711,0.6711,109,109,4,0,155,280,20,0.015691,0.012608,0.012581,1,1,1,2675.1
drl,2,178,1,13.676,15.497,0.6704,0.6704,110,110,4,0,155,281,20,0.015816,0.01263,0.012581,1,1,1,2675.1
drl,2,179,1,13.633,15.497,0.6697,0.6697,110,110,4,0,155,282,20,0.015816,0.01263,0.012454,1,1,1,2675.1
