algorithm,trial,second,throughput,avg_rtt,p95_rtt,fairness_index,fairness_alive,max_imbalance,h1_conns,h2_conns,h3_conns,h1_sels,h2_sels,h3_sels,h1_rtt,h2_rtt,h3_rtt,h1_alive,h2_alive,h3_alive,decision_latency_us
round_robin,1,0,0,15.421,24.677,1.0,1.0,0,0,0,0,0,0,0,0.011711,0.008433,0.026118,1,1,1,2115.4
round_robin,1,1,1,15.438,24.526,0.3333,0.3333,27,0,27,3,1,0,0,0.011711,0.008654,0.02595,1,1,1,2115.4
round_robin,1,2,1,15.619,25.426,0.6667,0.6667,27,0,27,4,1,1,0,0.01145,0.008428,0.026979,1,1,1,2115.4
round_robin,1,3,11,15.363,24.779,0.9883,0.9883,27,0,27,6,5,4,4,0.01146,0.00837,0.026259,1,1,1,2115.4
round_robin,1,4,1,15.352,24.761,0.9899,0.9899,27,0,27,7,5,5,4,0.011391,0.008418,0.026247,1,1,1,2115.4
round_robin,1,5,11,15.558,25.007,0.9968,0.9968,27,0,27,9,9,8,8,0.011754,0.008441,0.02648,1,1,1,2115.4
round_robin,1,6,1,15.625,25.026,0.9971,0.9971,27,0,27,9,9,9,8,0.011939,0.008455,0.02648,1,1,1,2115.4
round_robin,1,7,11,15.489,24.66,0.9985,0.9985,27,0,27,10,13,12,12,0.011939,0.008455,0.026074,1,1,1,2115.4
round_robin,1,8,1,15.325,24.518,0.9986,0.9986,27,0,27,12,13,13,12,0.011545,0.008469,0.02596,1,1,1,2115.4
round_robin,1,9,11,15.454,25.038,0.9992,0.9992,27,0,27,14,17,16,16,0.011583,0.008245,0.026533,1,1,1,2115.4
round_robin,1,10,1,15.331,24.608,0.9992,0.9992,27,0,27,15,17,17,16,0.011495,0.008433,0.026065,1,1,1,2115.4
round_robin,1,11,11,15.683,25.123,0.9995,0.9995,27,0,27,17,21,20,20,0.011515,0.008898,0.026635,1,1,1,2115.4
round_robin,1,12,1,15.537,25.123,0.9995,0.9995,27,0,27,17,21,21,20,0.011514,0.008463,0.026635,1,1,1,2115.4
round_robin,1,13,11,15.357,24.637,0.9996,0.9996,27,0,27,18,25,24,24,0.011514,0.008463,0.026095,1,1,1,2115.4
round_robin,1,14,1,15.875,25.44,0.9996,0.9996,27,0,27,20,25,25,24,0.011634,0.009018,0.026974,1,1,1,2115.4
round_robin,1,15,11,15.466,25.032,0.9997,0.9997,27,0,27,21,29,28,28,0.011459,0.008399,0.02654,1,1,1,2115.4
round_robin,1,16,1,15.599,25.288,0.9997,0.9997,27,0,27,23,29,29,28,0.011626,0.008364,0.026806,1,1,1,2115.4
round_robin,1,17,11,15.561,25.237,0.9998,0.9998,27,0,27,25,33,32,32,0.01157,0.008357,0.026756,1,1,1,2115.4
round_robin,1,18,1,15.672,25.546,0.9998,0.9998,27,0,27,26,33,33,32,0.011474,0.008433,0.02711,1,1,1,2115.4
round_robin,1,19,11,15.672,25.546,0.9998,0.9998,27,0,27,26,37,36,36,0.011474,0.008433,0.02711,1,1,1,2115.4
round_robin,1,20,1,15.593,25.078,0.9998,0.9998,28,0,27,28,37,37,36,0.011762,0.008459,0.026558,1,1,1,2115.4
round_robin,1,21,11,15.259,24.242,0.9999,0.9999,29,0,27,29,41,40,40,0.011766,0.008383,0.025628,1,1,1,2115.4
round_robin,1,22,1,15.235,24.278,0.9999,0.9999,31,0,27,31,41,41,40,0.011592,0.008424,0.025688,1,1,1,2115.4
round_robin,1,23,11,15.344,24.648,0.9999,0.9999,32,0,27,32,45,44,44,0.011515,0.008409,0.026107,1,1,1,2115.4
round_robin,1,24,1,15.62,24.62,0.9999,0.9999,34,0,27,34,45,45,44,0.011481,0.009298,0.02608,1,1,1,2115.4
round_robin,1,25,1,15.625,24.622,1.0,1.0,34,0,27,34,45,45,45,0.011498,0.009298,0.02608,1,1,1,2115.4
round_robin,1,26,10,15.259,24.467,0.9999,0.9999,36,0,27,36,49,48,48,0.011498,0.00837,0.025908,1,1,1,2115.4
round_robin,1,27,1,15.346,24.671,0.9999,0.9999,37,0,27,37,49,49,48,0.011491,0.008411,0.026135,1,1,1,2115.4
round_robin,1,28,11,15.511,24.904,0.9999,0.9999,39,0,25,39,53,52,52,0.011662,0.008497,0.026375,1,1,1,2115.4
round_robin,1,29,1,15.291,24.563,0.9999,0.9999,40,0,25,40,53,53,52,0.011441,0.00841,0.026021,1,1,1,2115.4
round_robin,1,30,11,15.36,24.667,0.9999,0.9999,42,0,25,42,57,56,56,0.011574,0.008385,0.026122,1,1,1,2115.4
round_robin,1,31,1,15.338,24.656,0.9999,0.9999,42,0,25,42,57,57,56,0.011466,0.008425,0.026122,1,1,1,2115.4
round_robin,1,32,11,15.487,25.06,0.9999,0.9999,43,0,25,43,61,60,60,0.011466,0.008425,0.02657,1,1,1,2115.4
round_robin,1,33,1,15.641,24.92,0.9999,0.9999,45,0,21,45,61,61,60,0.011541,0.008974,0.026407,1,1,1,2115.4
round_robin,1,34,11,15.485,24.93,0.9999,0.9999,47,0,21,47,65,64,64,0.011552,0.008488,0.026416,1,1,1,2115.4
round_robin,1,35,1,15.44,24.76,0.9999,0.9999,48,0,21,48,65,65,64,0.011491,0.008594,0.026234,1,1,1,2115.4
round_robin,1,36,11,15.511,24.906,1.0,1.0,50,0,18,50,69,68,68,0.01176,0.008407,0.026367,1,1,1,2115.4
round_robin,1,37,1,15.707,24.964,1.0,1.0,50,0,18,50,69,69,68,0.012336,0.008418,0.026367,1,1,1,2115.4
round_robin,1,38,11,15.753,25.088,1.0,1.0,51,0,18,51,73,72,72,0.012336,0.008418,0.026505,1,1,1,2115.4
round_robin,1,39,1,15.595,24.73,1.0,1.0,53,0,18,53,73,73,72,0.012197,0.008465,0.026123,1,1,1,2115.4
round_robin,1,40,11,15.559,25.12,1.0,1.0,54,0,18,54,77,76,76,0.011729,0.008341,0.026608,1,1,1,2115.4
round_robin,1,41,1,15.33,24.486,1.0,1.0,56,0,15,56,77,77,76,0.011484,0.008574,0.025931,1,1,1,2115.4
round_robin,1,42,11,15.394,24.435,1.0,1.0,59,0,15,59,81,80,80,0.011971,0.008391,0.02582,1,1,1,2115.4
round_robin,1,43,1,15.406,24.729,1.0,1.0,59,0,15,59,81,81,80,0.011465,0.008549,0.026203,1,1,1,2115.4
round_robin,1,44,11,15.406,24.729,1.0,1.0,59,0,15,59,85,84,84,0.011465,0.008549,0.026203,1,1,1,2115.4
round_robin,1,45,1,16.143,25.763,1.0,1.0,61,0,11,61,85,85,84,0.012477,0.008714,0.027239,1,1,1,2115.4
round_robin,1,46,11,15.501,24.712,1.0,1.0,62,0,11,62,89,88,88,0.011928,0.008443,0.026133,1,1,1,2115.4
round_robin,1,47,1,15.422,24.584,1.0,1.0,64,0,11,64,89,89,88,0.011533,0.008698,0.026034,1,1,1,2115.4
round_robin,1,48,7,19.214,25.696,1.0,1.0,65,0,10,65,91,91,91,0.01151,0.019777,0.026354,1,1,1,2115.4
round_robin,1,49,4,15.47,24.805,1.0,1.0,67,0,7,67,93,92,92,0.011463,0.008661,0.026287,1,1,1,2115.4
round_robin,1,50,1,15.618,24.849,1.0,1.0,67,0,7,67,93,93,92,0.011906,0.008661,0.026287,1,1,1,2115.4
round_robin,1,51,11,15.658,25.183,1.0,1.0,69,0,7,69,97,96,96,0.011906,0.008409,0.026658,1,1,1,2115.4
round_robin,1,52,1,15.423,24.61,1.0,1.0,70,0,7,70,97,97,96,0.011723,0.008505,0.026042,1,1,1,2115.4
round_robin,1,53,11,15.316,24.634,1.0,1.0,72,0,3,72,101,100,100,0.011464,0.008386,0.026097,1,1,1,2115.4
round_robin,1,54,1,15.74,24.711,1.0,1.0,73,0,3,73,101,101,100,0.011855,0.009226,0.026139,1,1,1,2115.4
round_robin,1,55,11,15.368,24.401,1.0,1.0,75,0,3,75,105,104,104,0.011865,0.008444,0.025794,1,1,1,2115.4
round_robin,1,56,1,15.227,24.363,1.0,1.0,75,0,3,75,105,105,104,0.011485,0.008403,0.025794,1,1,1,2115.4
round_robin,1,57,11,15.339,24.666,1.0,1.0,76,0,3,76,109,108,108,0.011485,0.008403,0.02613,1,1,1,2115.4
round_robin,1,58,1,15.406,24.787,1.0,1.0,78,0,1,78,109,109,108,0.01151,0.008447,0.026262,1,1,1,2115.4
round_robin,1,59,11,15.184,24.213,1.0,1.0,83,0,1,83,113,112,112,0.011523,0.008406,0.025623,1,1,1,2115.4
round_robin,1,60,1,15.277,24.502,1.0,1.0,81,0,1,81,113,113,112,0.011497,0.008386,0.025947,1,1,1,2115.4
round_robin,1,61,11,15.432,24.64,1.0,1.0,80,0,0,80,117,116,116,0.011893,0.008348,0.026056,1,1,1,2115.4
round_robin,1,62,1,15.391,24.614,1.0,1.0,80,0,0,80,117,117,116,0.011634,0.008482,0.026056,1,1,1,2115.4
round_robin,1,63,11,15.388,24.607,1.0,1.0,81,0,0,81,121,120,120,0.011634,0.008482,0.026049,1,1,1,2115.4
round_robin,1,64,1,15.52,24.859,1.0,1.0,83,0,0,83,121,121,120,0.011558,0.008666,0.026337,1,1,1,2115.4
round_robin,1,65,11,15.585,25.288,1.0,1.0,79,0,0,79,125,124,124,0.01151,0.008425,0.026819,1,1,1,2115.4
round_robin,1,66,1,15.961,25.623,1.0,1.0,81,0,0,81,125,125,124,0.012356,0.008431,0.027097,1,1,1,2115.4
round_robin,1,67,11,15.537,24.195,1.0,1.0,83,0,0,83,129,128,128,0.011764,0.00927,0.025576,1,1,1,2115.4
round_robin,1,68,1,15.346,24.664,1.0,1.0,84,0,0,84,129,129,128,0.011525,0.008388,0.026124,1,1,1,2115.4
round_robin,1,69,11,15.346,24.664,1.0,1.0,84,0,0,84,133,132,132,0.011525,0.008388,0.026124,1,1,1,2115.4
round_robin,1,70,1,15.548,24.839,1.0,1.0,81,0,0,81,133,133,132,0.01174,0.008611,0.026294,1,1,1,2115.4
round_robin,1,71,11,15.427,24.828,1.0,1.0,82,0,0,82,137,136,136,0.011561,0.008419,0.026302,1,1,1,2115.4
round_robin,1,72,1,15.298,24.465,1.0,1.0,84,0,0,84,137,137,136,0.011548,0.008445,0.0259,1,1,1,2115.4
round_robin,1,73,0,15.568,24.844,1.0,1.0,80,0,0,80,137,137,136,0.012003,0.008431,0.026271,1,1,1,2115.4
round_robin,1,74,11,15.566,25.215,1.0,1.0,82,0,0,82,141,140,140,0.011531,0.008433,0.026735,1,1,1,2115.4
round_robin,1,75,1,15.575,25.217,1.0,1.0,82,0,0,82,141,141,140,0.011558,0.008433,0.026735,1,1,1,2115.4
round_robin,1,76,11,15.273,24.338,1.0,1.0,84,0,0,84,145,144,144,0.011558,0.008503,0.025758,1,1,1,2115.4
round_robin,1,77,1,15.781,25.707,1.0,1.0,85,0,0,85,145,145,144,0.011518,0.008541,0.027283,1,1,1,2115.4
round_robin,1,78,11,15.408,24.608,1.0,1.0,82,0,0,82,149,148,148,0.011712,0.008471,0.026041,1,1,1,2115.4
round_robin,1,79,1,15.504,25.094,1.0,1.0,83,0,0,83,149,149,148,0.011514,0.008396,0.026603,1,1,1,2115.4
round_robin,1,80,11,15.362,24.698,1.0,1.0,85,0,0,85,153,152,152,0.01151,0.008412,0.026163,1,1,1,2115.4
round_robin,1,81,1,15.372,24.706,1.0,1.0,85,0,0,85,153,153,152,0.011592,0.008361,0.026163,1,1,1,2115.4
round_robin,1,82,11,15.503,25.06,1.0,1.0,80,0,0,80,157,156,156,0.011592,0.008361,0.026556,1,1,1,2115.4
round_robin,1,83,1,15.352,24.576,1.0,1.0,82,0,0,82,157,157,156,0.011603,0.008434,0.026018,1,1,1,2115.4
round_robin,1,84,11,15.694,24.633,1.0,1.0,83,0,0,83,161,160,160,0.011762,0.009258,0.026063,1,1,1,2115.4
round_robin,1,85,1,15.473,25.063,1.0,1.0,85,0,0,85,161,161,160,0.011464,0.008382,0.026574,1,1,1,2115.4
round_robin,1,86,11,15.582,25.287,1.0,1.0,82,0,0,82,165,164,164,0.01148,0.008446,0.026821,1,1,1,2115.4
round_robin,1,87,1,15.589,25.286,1.0,1.0,82,0,0,82,165,165,164,0.011472,0.008473,0.026821,1,1,1,2115.4
round_robin,1,88,11,15.499,25.044,1.0,1.0,83,0,0,83,169,168,168,0.011472,0.008473,0.026552,1,1,1,2115.4
round_robin,1,89,1,15.436,24.921,1.0,1.0,85,0,0,85,169,169,168,0.01155,0.00835,0.026407,1,1,1,2115.4
round_robin,1,90,11,15.564,25.214,1.0,1.0,80,0,0,80,173,172,172,0.011498,0.008455,0.026738,1,1,1,2115.4
round_robin,1,91,1,15.404,24.893,1.0,1.0,82,0,0,82,173,173,172,0.011479,0.00835,0.026383,1,1,1,2115.4
round_robin,1,92,11,15.39,24.746,1.0,1.0,83,0,0,83,177,176,176,0.011551,0.008406,0.026212,1,1,1,2115.4
round_robin,1,93,1,15.294,24.563,1.0,1.0,80,0,0,80,177,177,176,0.011533,0.008338,0.026011,1,1,1,2115.4
round_robin,1,94,11,15.294,24.563,1.0,1.0,80,0,0,80,181,180,180,0.011533,0.008338,0.026011,1,1,1,2115.4
round_robin,1,95,1,15.969,25.259,1.0,1.0,82,0,0,82,181,181,180,0.012083,0.009101,0.026723,1,1,1,2115.4
round_robin,1,96,7,15.492,24.961,1.0,1.0,83,0,0,83,183,183,183,0.011453,0.00856,0.026462,1,1,1,2115.4
round_robin,1,97,4,15.669,24.751,1.0,1.0,85,0,0,85,185,184,184,0.011513,0.009272,0.026222,1,1,1,2115.4
round_robin,1,98,1,15.334,24.659,1.0,1.0,80,0,0,80,185,185,184,0.011516,0.008367,0.026119,1,1,1,2115.4
round_robin,1,99,11,15.621,25.256,1.0,1.0,82,0,0,82,189,188,188,0.011762,0.008347,0.026755,1,1,1,2115.4
round_robin,1,100,1,15.598,25.249,1.0,1.0,82,0,0,82,189,189,188,0.011692,0.008347,0.026755,1,1,1,2115.4
round_robin,1,101,11,15.451,24.776,1.0,1.0,83,0,0,83,193,192,192,0.011692,0.008432,0.02623,1,1,1,2115.4
round_robin,1,102,1,15.398,24.782,1.0,1.0,80,0,0,80,193,193,192,0.011503,0.008432,0.026258,1,1,1,2115.4
round_robin,1,103,11,15.348,24.535,1.0,1.0,82,0,0,82,197,196,196,0.011784,0.008307,0.025952,1,1,1,2115.4
round_robin,1,104,1,15.758,24.931,1.0,1.0,83,0,0,83,197,197,196,0.012574,0.008397,0.026304,1,1,1,2115.4
round_robin,1,105,11,15.392,24.746,1.0,1.0,85,0,0,85,201,200,200,0.011602,0.008367,0.026206,1,1,1,2115.4
round_robin,1,106,1,15.378,24.742,1.0,1.0,85,0,0,85,201,201,200,0.011562,0.008367,0.026206,1,1,1,2115.4
round_robin,1,107,11,15.319,24.539,1.0,1.0,81,0,0,81,205,204,204,0.011562,0.008414,0.025981,1,1,1,2115.4
round_robin,1,108,1,15.205,24.31,1.0,1.0,83,0,0,83,205,205,204,0.01154,0.008346,0.025729,1,1,1,2115.4
round_robin,1,109,11,15.298,24.5,1.0,1.0,84,0,0,84,209,208,208,0.011537,0.008417,0.02594,1,1,1,2115.4
round_robin,1,110,1,15.463,24.954,1.0,1.0,80,0,0,80,209,209,208,0.011531,0.008413,0.026445,1,1,1,2115.4
round_robin,1,111,11,15.506,25.061,1.0,1.0,82,0,0,82,213,212,212,0.011549,0.008406,0.026562,1,1,1,2115.4
round_robin,1,112,1,15.492,25.058,1.0,1.0,82,0,0,82,213,213,212,0.01152,0.008393,0.026562,1,1,1,2115.4
round_robin,1,113,11,15.553,25.223,1.0,1.0,83,0,0,83,217,216,216,0.01152,0.008393,0.026746,1,1,1,2115.4
round_robin,1,114,1,15.964,25.42,1.0,1.0,85,0,0,85,217,217,216,0.012328,0.008689,0.026875,1,1,1,2115.4
round_robin,1,115,11,15.754,25.24,1.0,1.0,81,0,0,81,221,220,220,0.012215,0.00836,0.026687,1,1,1,2115.4
round_robin,1,116,1,15.47,24.991,1.0,1.0,83,0,0,83,221,221,220,0.011494,0.008426,0.026491,1,1,1,2115.4
round_robin,1,117,11,15.289,24.534,1.0,1.0,84,0,0,84,225,224,224,0.011481,0.008403,0.025984,1,1,1,2115.4
round_robin,1,118,1,15.315,24.611,1.0,1.0,80,0,0,80,225,225,224,0.01152,0.008361,0.026065,1,1,1,2115.4
round_robin,1,119,11,15.315,24.611,1.0,1.0,80,0,0,80,229,228,228,0.01152,0.008361,0.026065,1,1,1,2115.4
round_robin,2,0,0,15.622,25.212,1.0,1.0,0,0,0,0,0,0,0,0.011734,0.008423,0.02671,1,1,1,2145.3
round_robin,2,1,1,15.78,24.919,0.3333,0.3333,77,0,0,77,1,0,0,0.012615,0.008439,0.026286,1,1,1,2145.3
round_robin,2,2,1,15.486,25.005,0.6667,0.6667,78,0,0,78,1,1,0,0.011543,0.008413,0.026501,1,1,1,2145.3
round_robin,2,3,11,15.486,24.999,0.9883,0.9883,80,0,0,80,5,4,4,0.011531,0.008431,0.026495,1,1,1,2145.3
round_robin,2,4,1,15.497,25.002,0.9899,0.9899,80,0,0,80,5,5,4,0.011566,0.008431,0.026495,1,1,1,2145.3
round_robin,2,5,11,15.639,25.384,0.9968,0.9968,76,0,0,76,9,8,8,0.011566,0.008433,0.026919,1,1,1,2145.3
round_robin,2,6,1,15.347,24.621,0.9971,0.9971,78,0,0,78,9,9,8,0.011542,0.008424,0.026074,1,1,1,2145.3
round_robin,2,7,11,15.336,24.603,0.9985,0.9985,80,0,0,80,13,12,12,0.011546,0.008408,0.026054,1,1,1,2145.3
round_robin,2,8,1,15.708,25.224,0.9986,0.9986,81,0,0,81,13,13,12,0.011584,0.008801,0.02674,1,1,1,2145.3
round_robin,2,9,11,15.326,24.588,0.9992,0.9992,78,0,0,78,17,16,16,0.011492,0.008444,0.026043,1,1,1,2145.3
round_robin,2,10,1,15.386,24.607,0.9992,0.9992,78,0,0,78,17,17,16,0.01168,0.008434,0.026043,1,1,1,2145.3
round_robin,2,11,11,15.441,24.755,0.9995,0.9995,79,0,0,79,21,20,20,0.01168,0.008434,0.026208,1,1,1,2145.3
round_robin,2,12,1,15.562,25.1,0.9995,0.9995,81,0,0,81,21,21,20,0.011581,0.008502,0.026602,1,1,1,2145.3
round_robin,2,13,11,15.476,24.975,0.9996,0.9996,76,0,0,76,25,24,24,0.011503,0.008453,0.026472,1,1,1,2145.3
round_robin,2,14,1,15.415,24.58,0.9996,0.9996,78,0,0,78,25,25,24,0.011897,0.008358,0.025989,1,1,1,2145.3
round_robin,2,15,11,15.437,24.691,0.9997,0.9997,80,0,0,80,29,28,28,0.011471,0.008679,0.02616,1,1,1,2145.3
round_robin,2,16,1,15.451,24.724,0.9997,0.9997,80,0,0,80,29,29,28,0.011798,0.008396,0.02616,1,1,1,2145.3
round_robin,2,17,11,15.65,25.261,0.9998,0.9998,81,0,0,81,33,32,32,0.011798,0.008396,0.026757,1,1,1,2145.3
round_robin,2,18,1,15.613,25.33,0.9998,0.9998,78,0,0,78,33,33,32,0.0116,0.008383,0.026856,1,1,1,2145.3
round_robin,2,19,11,15.955,25.24,0.9998,0.9998,79,0,0,79,37,36,36,0.0125,0.008709,0.026655,1,1,1,2145.3
round_robin,2,20,1,15.523,24.805,0.9998,0.9998,81,0,0,81,37,37,36,0.011911,0.008419,0.026238,1,1,1,2145.3
round_robin,2,21,11,15.323,24.564,0.9999,0.9999,76,0,0,76,41,40,40,0.011537,0.00842,0.026011,1,1,1,2145.3
round_robin,2,22,1,15.573,24.983,0.9999,0.9999,78,0,0,78,41,41,40,0.011853,0.008423,0.026442,1,1,1,2145.3
round_robin,2,23,0,15.573,24.983,0.9999,0.9999,78,0,0,78,41,41,40,0.011853,0.008423,0.026442,1,1,1,2145.3
round_robin,2,24,11,15.601,25.386,0.9999,0.9999,80,0,0,80,45,44,44,0.011472,0.008399,0.026932,1,1,1,2145.3
round_robin,2,25,1,15.571,24.963,0.9999,0.9999,81,0,0,81,45,45,44,0.0119,0.0084,0.026414,1,1,1,2145.3
round_robin,2,26,11,15.602,25.037,0.9999,0.9999,78,0,0,78,49,48,48,0.011776,0.008521,0.02651,1,1,1,2145.3
round_robin,2,27,1,15.509,24.972,0.9999,0.9999,79,0,0,79,49,49,48,0.011729,0.008355,0.026443,1,1,1,2145.3
round_robin,2,28,11,15.702,24.577,0.9999,0.9999,81,0,0,81,53,52,52,0.011604,0.009484,0.026018,1,1,1,2145.3
round_robin,2,29,1,15.821,24.612,0.9999,0.9999,81,0,0,81,53,53,52,0.011961,0.009484,0.026018,1,1,1,2145.3
round_robin,2,30,11,15.604,25.033,0.9999,0.9999,76,0,0,76,57,56,56,0.011961,0.008365,0.026485,1,1,1,2145.3
round_robin,2,31,1,15.427,24.88,0.9999,0.9999,78,0,0,78,57,57,56,0.011502,0.008412,0.026366,1,1,1,2145.3
round_robin,2,32,11,15.25,24.63,0.9999,0.9999,80,0,0,80,61,60,60,0.011352,0.008293,0.026105,1,1,1,2145.3
round_robin,2,33,1,15.335,24.562,0.9999,0.9999,76,0,0,76,61,61,60,0.011557,0.00844,0.026007,1,1,1,2145.3
round_robin,2,34,11,15.361,24.751,0.9999,0.9999,78,0,0,78,65,64,64,0.011474,0.008383,0.026226,1,1,1,2145.3
round_robin,2,35,1,15.464,24.775,0.9999,0.9999,78,0,0,78,65,65,64,0.011717,0.008449,0.026226,1,1,1,2145.3
round_robin,2,36,11,15.585,25.103,1.0,1.0,79,0,0,79,69,68,68,0.011717,0.008449,0.02659,1,1,1,2145.3
round_robin,2,37,1,15.404,24.804,1.0,1.0,81,0,0,81,69,69,68,0.011477,0.008451,0.026285,1,1,1,2145.3
round_robin,2,38,11,15.885,25.438,1.0,1.0,77,0,0,77,73,72,72,0.011526,0.009145,0.026984,1,1,1,2145.3
round_robin,2,39,1,15.51,25.113,1.0,1.0,79,0,0,79,73,73,72,0.011484,0.00842,0.026627,1,1,1,2145.3
round_robin,2,40,11,15.524,24.891,1.0,1.0,81,0,0,81,77,76,76,0.011781,0.008443,0.026348,1,1,1,2145.3
round_robin,2,41,1,15.944,24.899,1.0,1.0,81,0,0,81,77,77,76,0.011856,0.009627,0.026348,1,1,1,2145.3
round_robin,2,42,11,15.792,24.49,1.0,1.0,76,0,0,76,81,80,80,0.011856,0.009627,0.025894,1,1,1,2145.3
round_robin,2,43,1,15.529,24.743,1.0,1.0,78,0,0,78,81,81,80,0.011849,0.008563,0.026176,1,1,1,2145.3
round_robin,2,44,11,15.562,24.944,1.0,1.0,79,0,0,79,85,84,84,0.01187,0.008419,0.026397,1,1,1,2145.3
round_robin,2,45,1,15.474,25.006,1.0,1.0,81,0,0,81,85,85,84,0.011502,0.008414,0.026507,1,1,1,2145.3
round_robin,2,46,1,15.751,25.701,1.0,1.0,77,0,0,77,85,85,85,0.011484,0.008489,0.027281,1,1,1,2145.3
round_robin,2,47,10,15.593,25.24,1.0,1.0,79,0,0,79,89,88,88,0.01155,0.008469,0.026761,1,1,1,2145.3
round_robin,2,48,1,15.593,25.24,1.0,1.0,79,0,0,79,89,89,88,0.01155,0.008469,0.026761,1,1,1,2145.3
round_robin,2,49,11,15.371,24.687,1.0,1.0,81,0,0,81,93,92,92,0.01153,0.008434,0.026149,1,1,1,2145.3
round_robin,2,50,1,15.556,24.825,1.0,1.0,77,0,0,77,93,93,92,0.011936,0.008476,0.026257,1,1,1,2145.3
round_robin,2,51,11,15.307,24.546,1.0,1.0,79,0,0,79,97,96,96,0.01153,0.0084,0.025992,1,1,1,2145.3
round_robin,2,52,1,15.323,24.582,1.0,1.0,80,0,0,80,97,97,96,0.011537,0.008402,0.026031,1,1,1,2145.3
round_robin,2,53,11,15.54,24.961,1.0,1.0,82,0,0,82,101,100,100,0.011772,0.008421,0.026427,1,1,1,2145.3
round_robin,2,54,1,15.464,24.939,1.0,1.0,82,0,0,82,101,101,100,0.011544,0.008421,0.026427,1,1,1,2145.3
round_robin,2,55,11,15.26,24.419,1.0,1.0,78,0,0,78,105,104,104,0.011544,0.008387,0.02585,1,1,1,2145.3
round_robin,2,56,1,16.037,25.905,1.0,1.0,80,0,0,80,105,105,104,0.012207,0.008476,0.027427,1,1,1,2145.3
round_robin,2,57,11,15.397,24.824,1.0,1.0,82,0,0,82,109,108,108,0.011469,0.008413,0.026308,1,1,1,2145.3
round_robin,2,58,1,15.926,25.015,1.0,1.0,78,0,0,78,109,109,108,0.011961,0.00935,0.026466,1,1,1,2145.3
round_robin,2,59,11,15.494,24.933,1.0,1.0,80,0,0,80,113,112,112,0.011636,0.008434,0.026411,1,1,1,2145.3
round_robin,2,60,1,15.454,24.922,1.0,1.0,80,0,0,80,113,113,112,0.011517,0.008434,0.026411,1,1,1,2145.3
round_robin,2,61,11,15.428,24.863,1.0,1.0,81,0,0,81,117,116,116,0.011517,0.008421,0.026346,1,1,1,2145.3
round_robin,2,62,1,15.351,24.623,1.0,1.0,80,0,0,80,117,117,116,0.011532,0.008443,0.026078,1,1,1,2145.3
round_robin,2,63,11,15.477,24.986,1.0,1.0,81,0,0,81,121,120,120,0.011499,0.008447,0.026485,1,1,1,2145.3
round_robin,2,64,1,15.535,25.156,1.0,1.0,83,0,0,83,121,121,120,0.011557,0.008382,0.026667,1,1,1,2145.3
round_robin,2,65,11,15.333,24.31,1.0,1.0,84,0,0,84,125,124,124,0.011576,0.008697,0.025725,1,1,1,2145.3
round_robin,2,66,1,15.504,24.359,1.0,1.0,84,0,0,84,125,125,124,0.012069,0.008719,0.025725,1,1,1,2145.3
round_robin,2,67,11,15.697,24.88,1.0,1.0,80,0,0,80,129,128,128,0.012069,0.008719,0.026303,1,1,1,2145.3
round_robin,2,68,1,15.449,24.678,1.0,1.0,82,0,0,82,129,129,128,0.011564,0.008648,0.026135,1,1,1,2145.3
round_robin,2,69,0,15.883,25.038,1.0,1.0,83,0,0,83,129,129,128,0.01273,0.008513,0.026406,1,1,1,2145.3
round_robin,2,70,11,15.218,24.295,1.0,1.0,80,0,0,80,133,132,132,0.011513,0.008427,0.025715,1,1,1,2145.3
round_robin,2,71,1,15.588,25.175,1.0,1.0,81,0,0,81,133,133,132,0.011587,0.008492,0.026685,1,1,1,2145.3
round_robin,2,72,11,15.25,24.374,1.0,1.0,83,0,0,83,137,136,136,0.01152,0.008428,0.025802,1,1,1,2145.3
round_robin,2,73,1,15.25,24.374,1.0,1.0,83,0,0,83,137,137,136,0.01152,0.008428,0.025802,1,1,1,2145.3
round_robin,2,74,11,15.667,24.715,1.0,1.0,84,0,0,84,141,140,140,0.012218,0.008681,0.026103,1,1,1,2145.3
round_robin,2,75,1,15.306,24.523,1.0,1.0,81,0,0,81,141,141,140,0.011482,0.008464,0.025972,1,1,1,2145.3
round_robin,2,76,11,15.405,24.751,1.0,1.0,83,0,0,83,145,144,144,0.011558,0.008439,0.026217,1,1,1,2145.3
round_robin,2,77,1,15.351,24.661,1.0,1.0,84,0,0,84,145,145,144,0.01154,0.008394,0.026119,1,1,1,2145.3
round_robin,2,78,11,15.569,24.631,1.0,1.0,80,0,0,80,149,148,148,0.011655,0.008979,0.026073,1,1,1,2145.3
round_robin,2,79,1,15.569,24.631,1.0,1.0,80,0,0,80,149,149,148,0.011655,0.008979,0.026073,1,1,1,2145.3
round_robin,2,80,11,15.674,25.518,1.0,1.0,81,0,0,81,153,152,152,0.011595,0.008363,0.027065,1,1,1,2145.3
round_robin,2,81,1,15.479,24.772,1.0,1.0,83,0,0,83,153,153,152,0.011777,0.008443,0.026216,1,1,1,2145.3
round_robin,2,82,11,15.756,25.21,1.0,1.0,84,0,0,84,157,156,156,0.012209,0.008403,0.026655,1,1,1,2145.3
round_robin,2,83,1,15.246,24.414,1.0,1.0,81,0,0,81,157,157,156,0.011553,0.008341,0.025843,1,1,1,2145.3
round_robin,2,84,11,15.365,24.636,1.0,1.0,83,0,0,83,161,160,160,0.011586,0.008424,0.026086,1,1,1,2145.3
round_robin,2,85,1,15.357,24.634,1.0,1.0,83,0,0,83,161,161,160,0.011562,0.008424,0.026086,1,1,1,2145.3
round_robin,2,86,11,15.328,24.608,1.0,1.0,84,0,0,84,165,164,164,0.011562,0.008363,0.026058,1,1,1,2145.3
round_robin,2,87,1,15.405,24.669,1.0,1.0,80,0,0,80,165,165,164,0.011501,0.008583,0.026132,1,1,1,2145.3
round_robin,2,88,11,15.347,24.644,1.0,1.0,81,0,0,81,169,168,168,0.011501,0.008436,0.026104,1,1,1,2145.3
round_robin,2,89,1,15.967,25.097,1.0,1.0,83,0,0,83,169,169,168,0.013076,0.008392,0.026433,1,1,1,2145.3
round_robin,2,90,11,15.391,24.659,1.0,1.0,79,0,0,79,173,172,172,0.011438,0.008607,0.026128,1,1,1,2145.3
round_robin,2,91,1,15.438,24.693,1.0,1.0,79,0,0,79,173,173,172,0.011783,0.008404,0.026128,1,1,1,2145.3
round_robin,2,92,0,15.401,24.594,1.0,1.0,81,0,0,81,173,173,172,0.011783,0.008404,0.026017,1,1,1,2145.3
round_robin,2,93,11,15.657,25.154,1.0,1.0,83,0,0,83,177,176,176,0.011832,0.008504,0.026634,1,1,1,2145.3
round_robin,2,94,1,15.532,24.953,1.0,1.0,84,0,0,84,177,177,176,0.011522,0.008628,0.026445,1,1,1,2145.3
round_robin,2,95,11,15.431,24.822,1.0,1.0,80,0,0,80,181,180,180,0.011567,0.008432,0.026295,1,1,1,2145.3
round_robin,2,96,1,15.421,24.667,1.0,1.0,81,0,0,81,181,181,180,0.011727,0.00843,0.026105,1,1,1,2145.3
round_robin,2,97,11,15.605,24.562,1.0,1.0,83,0,0,83,185,184,184,0.012071,0.008794,0.02595,1,1,1,2145.3
round_robin,2,98,1,15.605,24.562,1.0,1.0,83,0,0,83,185,185,184,0.012071,0.008794,0.02595,1,1,1,2145.3
round_robin,2,99,11,15.667,25.272,1.0,1.0,79,0,0,79,189,188,188,0.011797,0.008434,0.026769,1,1,1,2145.3
round_robin,2,100,1,15.326,24.587,1.0,1.0,81,0,0,81,189,189,188,0.0115,0.008438,0.026041,1,1,1,2145.3
round_robin,2,101,11,15.347,24.632,1.0,1.0,83,0,0,83,193,192,192,0.011526,0.008427,0.026088,1,1,1,2145.3
round_robin,2,102,1,15.264,24.456,1.0,1.0,84,0,0,84,193,193,192,0.011457,0.008435,0.0259,1,1,1,2145.3
round_robin,2,103,11,15.748,24.987,1.0,1.0,81,0,0,81,197,196,196,0.011832,0.008962,0.026449,1,1,1,2145.3
round_robin,2,104,1,15.748,24.987,1.0,1.0,81,0,0,81,197,197,196,0.011832,0.008962,0.026449,1,1,1,2145.3
round_robin,2,105,11,15.354,24.612,1.0,1.0,82,0,0,82,201,200,200,0.01144,0.008546,0.026075,1,1,1,2145.3
round_robin,2,106,1,15.508,24.922,1.0,1.0,84,0,0,84,201,201,200,0.011723,0.008411,0.026389,1,1,1,2145.3
round_robin,2,107,11,15.532,24.918,1.0,1.0,79,0,0,79,205,204,204,0.011747,0.008466,0.026382,1,1,1,2145.3
round_robin,2,108,1,15.585,25.229,1.0,1.0,81,0,0,81,205,205,204,0.011524,0.008478,0.026752,1,1,1,2145.3
round_robin,2,109,11,15.322,24.695,1.0,1.0,83,0,0,83,209,208,208,0.01146,0.00834,0.026166,1,1,1,2145.3
round_robin,2,110,1,15.329,24.697,1.0,1.0,83,0,0,83,209,209,208,0.01148,0.00834,0.026166,1,1,1,2145.3
round_robin,2,111,11,15.531,25.3,1.0,1.0,84,0,0,84,213,212,212,0.01148,0.008276,0.026836,1,1,1,2145.3
round_robin,2,112,1,15.485,24.675,1.0,1.0,81,0,0,81,213,213,212,0.011518,0.0088,0.026137,1,1,1,2145.3
round_robin,2,113,11,15.294,24.515,1.0,1.0,82,0,0,82,217,216,216,0.011528,0.008397,0.025958,1,1,1,2145.3
round_robin,2,114,1,15.411,24.786,1.0,1.0,84,0,0,84,217,217,216,0.011544,0.008433,0.026257,1,1,1,2145.3
round_robin,2,115,0,15.477,24.788,1.0,1.0,79,0,0,79,217,217,216,0.011834,0.008369,0.026227,1,1,1,2145.3
round_robin,2,116,11,15.442,24.777,1.0,1.0,79,0,0,79,221,220,220,0.011731,0.008369,0.026227,1,1,1,2145.3
round_robin,2,117,1,15.464,24.835,1.0,1.0,81,0,0,81,221,221,220,0.011731,0.008369,0.026291,1,1,1,2145.3
round_robin,2,118,11,15.465,24.909,1.0,1.0,83,0,0,83,225,224,224,0.011545,0.008457,0.026394,1,1,1,2145.3
round_robin,2,119,1,15.618,25.035,1.0,1.0,84,0,0,84,225,225,224,0.011523,0.008794,0.026536,1,1,1,2145.3
round_robin,3,0,0,15.703,25.233,1.0,1.0,0,0,0,0,0,0,0,0.012089,0.008325,0.026694,1,1,1,2189.1
round_robin,3,1,1,15.455,24.931,0.3333,0.3333,81,0,0,81,1,0,0,0.011522,0.008421,0.026421,1,1,1,2189.1
round_robin,3,2,1,15.47,24.733,0.6667,0.6667,77,0,0,77,1,1,0,0.011302,0.008884,0.026225,1,1,1,2189.1
round_robin,3,3,11,15.632,25.12,0.9883,0.9883,79,0,0,79,5,4,4,0.01194,0.008373,0.026584,1,1,1,2189.1
round_robin,3,4,1,15.479,25.074,0.9899,0.9899,79,0,0,79,5,5,4,0.011481,0.008373,0.026584,1,1,1,2189.1
round_robin,3,5,11,15.286,24.544,0.9968,0.9968,80,0,0,80,9,8,8,0.011481,0.008382,0.025996,1,1,1,2189.1
round_robin,3,6,1,15.376,24.557,0.9971,0.9971,82,0,0,82,9,9,8,0.011767,0.008382,0.025978,1,1,1,2189.1
round_robin,3,7,11,15.598,25.049,0.9985,0.9985,78,0,0,78,13,12,12,0.011545,0.008699,0.026549,1,1,1,2189.1
round_robin,3,8,1,15.311,24.455,0.9986,0.9986,79,0,0,79,13,13,12,0.011518,0.008522,0.025892,1,1,1,2189.1
round_robin,3,9,11,15.377,24.767,0.9992,0.9992,81,0,0,81,17,16,16,0.011499,0.008392,0.026241,1,1,1,2189.1
round_robin,3,10,1,15.456,24.769,0.9992,0.9992,81,0,0,81,17,17,16,0.011521,0.008605,0.026241,1,1,1,2189.1
round_robin,3,11,11,15.392,24.597,0.9995,0.9995,77,0,0,77,21,20,20,0.011521,0.008605,0.02605,1,1,1,2189.1
round_robin,3,12,1,15.397,24.7,0.9995,0.9995,79,0,0,79,21,21,20,0.01157,0.008461,0.026159,1,1,1,2189.1
round_robin,3,13,11,15.297,24.461,0.9996,0.9996,80,0,0,80,25,24,24,0.011572,0.008425,0.025893,1,1,1,2189.1
round_robin,3,14,1,15.367,24.723,0.9996,0.9996,82,0,0,82,25,25,24,0.011621,0.008302,0.026179,1,1,1,2189.1
round_robin,3,15,11,15.251,24.331,0.9997,0.9997,79,0,0,79,29,28,28,0.011556,0.008448,0.02575,1,1,1,2189.1
round_robin,3,16,1,15.279,24.331,0.9997,0.9997,79,0,0,79,29,29,28,0.011559,0.008527,0.02575,1,1,1,2189.1
round_robin,3,17,11,15.486,24.892,0.9998,0.9998,80,0,0,80,33,32,32,0.011559,0.008527,0.026373,1,1,1,2189.1
round_robin,3,18,1,15.83,25.44,0.9998,0.9998,82,0,0,82,33,33,32,0.011852,0.008688,0.02695,1,1,1,2189.1
round_robin,3,19,11,15.587,25.318,0.9998,0.9998,77,0,0,77,37,36,36,0.011526,0.008384,0.026851,1,1,1,2189.1
round_robin,3,20,1,15.782,25.196,0.9998,0.9998,79,0,0,79,37,37,36,0.012,0.008684,0.026662,1,1,1,2189.1
round_robin,3,21,11,15.519,24.985,0.9999,0.9999,80,0,0,80,41,40,40,0.011627,0.008461,0.026469,1,1,1,2189.1
round_robin,3,22,1,15.46,24.745,0.9999,0.9999,82,0,0,82,41,41,40,0.01178,0.008415,0.026186,1,1,1,2189.1
round_robin,3,23,11,15.46,24.745,0.9999,0.9999,82,0,0,82,45,44,44,0.01178,0.008415,0.026186,1,1,1,2189.1
round_robin,3,24,1,15.353,24.679,0.9999,0.9999,79,0,0,79,45,45,44,0.011507,0.008408,0.026143,1,1,1,2189.1
round_robin,3,25,0,15.551,24.851,0.9999,0.9999,80,0,0,80,45,45,44,0.011845,0.008512,0.026296,1,1,1,2189.1
round_robin,3,26,11,15.382,24.663,0.9999,0.9999,82,0,0,82,49,48,48,0.0116,0.008431,0.026115,1,1,1,2189.1
round_robin,3,27,1,15.382,24.668,0.9999,0.9999,77,0,0,77,49,49,48,0.011554,0.008468,0.026125,1,1,1,2189.1
round_robin,3,28,11,15.344,24.618,0.9999,0.9999,79,0,0,79,53,52,52,0.011561,0.008403,0.026069,1,1,1,2189.1
round_robin,3,29,1,15.367,24.625,0.9999,0.9999,79,0,0,79,53,53,52,0.011629,0.008403,0.026069,1,1,1,2189.1
round_robin,3,30,11,15.401,24.695,0.9999,0.9999,80,0,0,80,57,56,56,0.011629,0.008426,0.026147,1,1,1,2189.1
round_robin,3,31,1,15.351,24.626,0.9999,0.9999,77,0,0,77,57,57,56,0.011525,0.008447,0.026082,1,1,1,2189.1
round_robin,3,32,11,15.715,24.851,0.9999,0.9999,79,0,0,79,61,60,60,0.012525,0.008398,0.026221,1,1,1,2189.1
round_robin,3,33,1,15.665,25.473,0.9999,0.9999,80,0,0,80,61,61,60,0.01151,0.008461,0.027024,1,1,1,2189.1
round_robin,3,34,11,15.336,24.641,0.9999,0.9999,82,0,0,82,65,64,64,0.011475,0.008428,0.026104,1,1,1,2189.1
round_robin,3,35,1,15.451,24.677,0.9999,0.9999,82,0,0,82,65,65,64,0.011834,0.008415,0.026104,1,1,1,2189.1
round_robin,3,36,11,15.56,24.97,1.0,1.0,77,0,0,77,69,68,68,0.011834,0.008415,0.02643,1,1,1,2189.1
round_robin,3,37,1,15.424,24.82,1.0,1.0,79,0,0,79,69,69,68,0.01163,0.008356,0.026286,1,1,1,2189.1
round_robin,3,38,11,15.53,24.93,1.0,1.0,80,0,0,80,73,72,72,0.011785,0.008414,0.02639,1,1,1,2189.1
round_robin,3,39,1,15.313,24.584,1.0,1.0,77,0,0,77,73,73,72,0.011499,0.008403,0.026038,1,1,1,2189.1
round_robin,3,40,11,15.488,24.895,1.0,1.0,79,0,0,79,77,76,76,0.011458,0.008617,0.026388,1,1,1,2189.1
round_robin,3,41,1,15.577,24.955,1.0,1.0,80,0,0,80,77,77,76,0.011795,0.008519,0.026417,1,1,1,2189.1
round_robin,3,42,11,15.577,24.955,1.0,1.0,80,0,0,80,81,80,80,0.011795,0.008519,0.026417,1,1,1,2189.1
round_robin,3,43,1,15.971,25.073,1.0,1.0,82,0,0,82,81,81,80,0.012202,0.009208,0.026503,1,1,1,2189.1
round_robin,3,44,11,15.506,25.114,1.0,1.0,78,0,0,78,85,84,84,0.011521,0.008373,0.026624,1,1,1,2189.1
round_robin,3,45,1,15.709,25.493,1.0,1.0,80,0,0,80,85,85,84,0.011525,0.008557,0.027045,1,1,1,2189.1
round_robin,3,46,11,15.453,24.771,1.0,1.0,81,0,0,81,89,88,88,0.011676,0.008457,0.026226,1,1,1,2189.1
round_robin,3,47,1,15.436,24.877,1.0,1.0,77,0,0,77,89,89,88,0.011489,0.008454,0.026365,1,1,1,2189.1
round_robin,3,48,1,15.436,24.877,1.0,1.0,77,0,0,77,89,89,89,0.011489,0.008454,0.026365,1,1,1,2189.1
round_robin,3,49,10,15.635,25.213,1.0,1.0,79,0,0,79,93,92,92,0.011801,0.0084,0.026703,1,1,1,2189.1
round_robin,3,50,1,15.254,24.369,1.0,1.0,80,0,0,80,93,93,92,0.01153,0.008435,0.025796,1,1,1,2189.1
round_robin,3,51,11,15.545,24.79,1.0,1.0,82,0,0,82,97,96,96,0.011957,0.008462,0.026216,1,1,1,2189.1
round_robin,3,52,1,15.521,24.994,1.0,1.0,78,0,0,78,97,97,96,0.011499,0.008569,0.026494,1,1,1,2189.1
round_robin,3,53,11,15.989,26.324,1.0,1.0,80,0,0,80,101,100,100,0.011593,0.008413,0.027961,1,1,1,2189.1
round_robin,3,54,1,15.981,26.322,1.0,1.0,80,0,0,80,101,101,100,0.011569,0.008413,0.027961,1,1,1,2189.1
round_robin,3,55,11,15.519,25.071,1.0,1.0,81,0,0,81,105,104,104,0.011569,0.008417,0.026571,1,1,1,2189.1
round_robin,3,56,1,15.616,25.398,1.0,1.0,77,0,0,77,105,105,104,0.011606,0.008313,0.02693,1,1,1,2189.1
round_robin,3,57,11,15.56,25.205,1.0,1.0,79,0,0,79,109,108,108,0.011479,0.008472,0.02673,1,1,1,2189.1
round_robin,3,58,1,15.577,24.969,1.0,1.0,80,0,0,80,109,109,108,0.011505,0.008761,0.026465,1,1,1,2189.1
round_robin,3,59,11,15.298,24.505,1.0,1.0,82,0,0,82,113,112,112,0.011562,0.008388,0.025943,1,1,1,2189.1
round_robin,3,60,1,15.309,24.509,1.0,1.0,82,0,0,82,113,113,112,0.011608,0.008376,0.025943,1,1,1,2189.1
round_robin,3,61,11,15.331,24.57,1.0,1.0,80,0,0,80,117,116,116,0.011608,0.008376,0.02601,1,1,1,2189.1
round_robin,3,62,1,15.606,25.033,1.0,1.0,82,0,0,82,117,117,116,0.011788,0.008524,0.026505,1,1,1,2189.1
round_robin,3,63,11,15.754,25.688,1.0,1.0,83,0,0,83,121,120,120,0.01159,0.008419,0.027254,1,1,1,2189.1
round_robin,3,64,1,15.385,24.684,1.0,1.0,80,0,0,80,121,121,120,0.011635,0.008385,0.026134,1,1,1,2189.1
round_robin,3,65,11,15.508,24.64,1.0,1.0,82,0,0,82,125,124,124,0.012095,0.008395,0.026034,1,1,1,2189.1
round_robin,3,66,1,15.339,24.548,1.0,1.0,83,0,0,83,125,125,124,0.011538,0.008485,0.025994,1,1,1,2189.1
round_robin,3,67,11,15.339,24.548,1.0,1.0,83,0,0,83,129,128,128,0.011538,0.008485,0.025994,1,1,1,2189.1
round_robin,3,68,1,15.538,24.795,1.0,1.0,80,0,0,80,129,129,128,0.011971,0.008424,0.02622,1,1,1,2189.1
round_robin,3,69,11,15.327,24.639,1.0,1.0,81,0,0,81,133,132,132,0.011549,0.008339,0.026094,1,1,1,2189.1
round_robin,3,70,1,15.629,25.369,1.0,1.0,83,0,0,83,133,133,132,0.011551,0.008431,0.026904,1,1,1,2189.1
round_robin,3,71,7,15.667,25.118,1.0,1.0,84,0,0,84,135,135,135,0.011903,0.008511,0.026586,1,1,1,2189.1
round_robin,3,72,4,15.516,25.091,1.0,1.0,81,0,0,81,137,136,136,0.011515,0.008434,0.0266,1,1,1,2189.1
round_robin,3,73,1,15.516,25.091,1.0,1.0,81,0,0,81,137,137,136,0.011515,0.008434,0.0266,1,1,1,2189.1
round_robin,3,74,11,15.841,25.068,1.0,1.0,83,0,0,83,141,140,140,0.012591,0.008479,0.026454,1,1,1,2189.1
round_robin,3,75,1,15.607,24.933,1.0,1.0,84,0,0,84,141,141,140,0.012034,0.00842,0.026366,1,1,1,2189.1
round_robin,3,76,11,15.426,24.477,1.0,1.0,80,0,0,80,145,144,144,0.011559,0.008807,0.025912,1,1,1,2189.1
round_robin,3,77,1,15.485,25.004,1.0,1.0,81,0,0,81,145,145,144,0.011507,0.008445,0.026504,1,1,1,2189.1
round_robin,3,78,11,15.607,25.188,1.0,1.0,83,0,0,83,149,148,148,0.011779,0.008364,0.026678,1,1,1,2189.1
round_robin,3,79,1,15.531,25.165,1.0,1.0,83,0,0,83,149,149,148,0.01155,0.008364,0.026678,1,1,1,2189.1
round_robin,3,80,11,15.409,24.725,1.0,1.0,84,0,0,84,153,152,152,0.01155,0.008487,0.026189,1,1,1,2189.1
round_robin,3,81,1,15.368,24.551,1.0,1.0,81,0,0,81,153,153,152,0.011683,0.008439,0.025981,1,1,1,2189.1
round_robin,3,82,11,15.859,24.733,1.0,1.0,83,0,0,83,157,156,156,0.01319,0.00837,0.026016,1,1,1,2189.1
round_robin,3,83,1,15.871,24.982,1.0,1.0,83,0,0,83,157,157,156,0.01234,0.008885,0.026387,1,1,1,2189.1
round_robin,3,84,11,15.663,25.557,1.0,1.0,79,0,0,79,161,160,160,0.011487,0.008383,0.02712,1,1,1,2189.1
round_robin,3,85,1,16.194,25.589,1.0,1.0,79,0,0,79,161,161,160,0.011815,0.009648,0.02712,1,1,1,2189.1
round_robin,3,86,11,15.894,24.779,1.0,1.0,80,0,0,80,165,164,164,0.011815,0.009648,0.026219,1,1,1,2189.1
round_robin,3,87,1,15.326,24.633,1.0,1.0,81,0,0,81,165,165,164,0.011466,0.008416,0.026096,1,1,1,2189.1
round_robin,3,88,11,15.484,24.997,1.0,1.0,82,0,0,82,169,168,168,0.011511,0.008446,0.026496,1,1,1,2189.1
round_robin,3,89,1,15.566,25.213,1.0,1.0,79,0,0,79,169,169,168,0.011518,0.008445,0.026735,1,1,1,2189.1
round_robin,3,90,11,15.113,23.964,1.0,1.0,81,0,0,81,173,172,172,0.011573,0.008426,0.025341,1,1,1,2189.1
round_robin,3,91,1,15.113,23.963,1.0,1.0,81,0,0,81,173,173,172,0.011561,0.008437,0.025341,1,1,1,2189.1
round_robin,3,92,11,15.496,24.996,1.0,1.0,82,0,0,82,177,176,176,0.011561,0.008437,0.026489,1,1,1,2189.1
round_robin,3,93,1,15.416,24.825,1.0,1.0,78,0,0,78,177,177,176,0.011484,0.008457,0.026307,1,1,1,2189.1
round_robin,3,94,1,15.383,24.725,1.0,1.0,79,0,0,79,177,177,177,0.011561,0.008401,0.026188,1,1,1,2189.1
round_robin,3,95,10,15.528,25.163,1.0,1.0,81,0,0,81,181,180,180,0.011506,0.008398,0.026681,1,1,1,2189.1
round_robin,3,96,1,15.387,24.74,1.0,1.0,77,0,0,77,181,181,180,0.011544,0.00841,0.026206,1,1,1,2189.1
round_robin,3,97,11,15.646,25.159,1.0,1.0,79,0,0,79,185,184,184,0.011549,0.008719,0.026671,1,1,1,2189.1
round_robin,3,98,1,15.646,25.159,1.0,1.0,79,0,0,79,185,185,184,0.011549,0.008719,0.026671,1,1,1,2189.1
round_robin,3,99,11,15.445,24.513,1.0,1.0,81,0,0,81,189,188,188,0.011399,0.008967,0.02597,1,1,1,2189.1
round_robin,3,100,1,15.518,25.1,1.0,1.0,82,0,0,82,189,189,188,0.011533,0.008413,0.026608,1,1,1,2189.1
round_robin,3,101,11,15.631,25.327,1.0,1.0,78,0,0,78,193,192,192,0.011563,0.008473,0.026856,1,1,1,2189.1
round_robin,3,102,1,15.662,24.96,1.0,1.0,79,0,0,79,193,193,192,0.011987,0.008598,0.026402,1,1,1,2189.1
round_robin,3,103,11,15.975,25.802,1.0,1.0,81,0,0,81,197,196,196,0.012167,0.008441,0.027317,1,1,1,2189.1
round_robin,3,104,1,16.022,25.816,1.0,1.0,81,0,0,81,197,197,196,0.012308,0.008441,0.027317,1,1,1,2189.1
round_robin,3,105,11,15.554,24.556,1.0,1.0,77,0,0,77,201,200,200,0.012308,0.008437,0.025917,1,1,1,2189.1
round_robin,3,106,1,15.899,25.474,1.0,1.0,79,0,0,79,201,201,200,0.012389,0.008381,0.026928,1,1,1,2189.1
round_robin,3,107,11,15.205,24.206,1.0,1.0,80,0,0,80,205,204,204,0.01141,0.008578,0.025628,1,1,1,2189.1
round_robin,3,108,1,15.555,25.267,1.0,1.0,82,0,0,82,205,205,204,0.011449,0.008413,0.026802,1,1,1,2189.1
round_robin,3,109,11,15.539,25.118,1.0,1.0,79,0,0,79,209,208,208,0.011504,0.008483,0.026631,1,1,1,2189.1
round_robin,3,110,1,15.57,25.127,1.0,1.0,79,0,0,79,209,209,208,0.011595,0.008483,0.026631,1,1,1,2189.1
round_robin,3,111,11,15.307,24.222,1.0,1.0,80,0,0,80,213,212,212,0.011595,0.0087,0.025625,1,1,1,2189.1
round_robin,3,112,1,15.687,25.183,1.0,1.0,82,0,0,82,213,213,212,0.011857,0.008539,0.026664,1,1,1,2189.1
round_robin,3,113,11,16.137,26.614,1.0,1.0,78,0,0,78,217,216,216,0.01174,0.008403,0.028267,1,1,1,2189.1
round_robin,3,114,1,15.315,24.579,1.0,1.0,80,0,0,80,217,217,216,0.011482,0.008429,0.026034,1,1,1,2189.1
round_robin,3,115,11,15.491,24.986,1.0,1.0,81,0,0,81,221,220,220,0.011562,0.008435,0.026477,1,1,1,2189.1
round_robin,3,116,1,15.646,25.038,1.0,1.0,81,0,0,81,221,221,220,0.012086,0.008374,0.026477,1,1,1,2189.1
round_robin,3,117,1,15.546,24.769,1.0,1.0,83,0,0,83,221,221,221,0.012086,0.008374,0.026178,1,1,1,2189.1
round_robin,3,118,10,15.27,24.368,1.0,1.0,80,0,0,80,225,224,224,0.011557,0.00846,0.025792,1,1,1,2189.1
round_robin,3,119,1,15.355,24.645,1.0,1.0,81,0,0,81,225,225,224,0.01159,0.00838,0.026096,1,1,1,2189.1
weighted_round_robin,1,0,0,15.248,24.371,1.0,1.0,0,0,0,0,0,0,0,0.011527,0.008419,0.025798,1,1,1,2120.1
weighted_round_robin,1,1,1,15.483,24.962,0.3333,0.3333,77,0,0,77,0,1,0,0.011542,0.008454,0.026453,1,1,1,2120.1
weighted_round_robin,1,2,11,15.24,24.359,0.8889,0.8889,79,0,0,79,2,5,5,0.011539,0.008399,0.025783,1,1,1,2120.1
weighted_round_robin,1,3,1,15.594,25.324,0.9548,0.9548,80,0,0,80,3,5,5,0.011549,0.008377,0.026855,1,1,1,2120.1
weighted_round_robin,1,4,1,15.594,25.324,0.9333,0.9333,80,0,0,80,3,6,5,0.011549,0.008377,0.026855,1,1,1,2120.1
weighted_round_robin,1,5,11,15.317,24.352,0.9259,0.9259,76,0,0,76,5,10,10,0.011473,0.008694,0.025783,1,1,1,2120.1
weighted_round_robin,1,6,1,15.436,24.901,0.916,0.916,77,0,0,77,5,11,10,0.011451,0.00846,0.026396,1,1,1,2120.1
weighted_round_robin,1,7,11,15.334,24.628,0.9145,0.9145,79,0,0,79,7,15,15,0.011525,0.008393,0.026084,1,1,1,2120.1
weighted_round_robin,1,8,1,15.691,25.228,0.9364,0.9364,75,0,0,75,8,15,15,0.011727,0.008617,0.026728,1,1,1,2120.1
weighted_round_robin,1,9,1,15.561,24.611,0.9303,0.9303,76,0,0,76,8,16,15,0.011827,0.008824,0.026031,1,1,1,2120.1
weighted_round_robin,1,10,11,15.481,24.587,0.9259,0.9259,76,0,0,76,10,20,20,0.011587,0.008824,0.026031,1,1,1,2120.1
weighted_round_robin,1,11,1,15.814,25.417,0.9214,0.9214,78,0,0,78,10,21,20,0.011587,0.008902,0.026954,1,1,1,2120.1
weighted_round_robin,1,12,11,15.533,24.861,0.9192,0.9192,79,0,0,79,12,25,25,0.011515,0.008739,0.026344,1,1,1,2120.1
weighted_round_robin,1,13,1,15.664,25.496,0.9323,0.9323,77,0,0,77,13,25,25,0.011504,0.008436,0.027051,1,1,1,2120.1
weighted_round_robin,1,14,1,15.55,24.745,0.9288,0.9288,78,0,0,78,13,26,25,0.011565,0.008875,0.026209,1,1,1,2120.1
weighted_round_robin,1,15,11,15.426,24.677,0.9259,0.9259,80,0,0,80,15,30,30,0.011743,0.008421,0.026114,1,1,1,2120.1
weighted_round_robin,1,16,1,15.37,24.657,0.923,0.923,80,0,0,80,15,31,30,0.011544,0.008452,0.026114,1,1,1,2120.1
weighted_round_robin,1,17,11,15.672,25.473,0.9211,0.9211,76,0,0,76,17,35,35,0.011544,0.008452,0.027021,1,1,1,2120.1
weighted_round_robin,1,18,1,16.123,25.527,0.9305,0.9305,78,0,0,78,18,35,35,0.012715,0.008704,0.02695,1,1,1,2120.1
weighted_round_robin,1,19,1,15.452,24.925,0.9281,0.9281,79,0,0,79,18,36,35,0.011609,0.008342,0.026405,1,1,1,2120.1
weighted_round_robin,1,20,11,15.463,24.747,0.9259,0.9259,80,0,0,80,20,40,40,0.011566,0.008611,0.026212,1,1,1,2120.1
weighted_round_robin,1,21,1,15.248,24.274,0.9238,0.9238,77,0,0,77,20,41,40,0.011535,0.00852,0.02569,1,1,1,2120.1
weighted_round_robin,1,22,11,15.171,24.259,0.9222,0.9222,77,0,0,77,22,45,45,0.011383,0.008439,0.02569,1,1,1,2120.1
weighted_round_robin,1,23,1,15.339,24.714,0.9295,0.9295,79,0,0,79,23,45,45,0.011383,0.008439,0.026195,1,1,1,2120.1
weighted_round_robin,1,24,1,15.553,25.098,0.9276,0.9276,80,0,0,80,23,46,45,0.011567,0.008489,0.026602,1,1,1,2120.1
weighted_round_robin,1,25,11,15.546,25.159,0.9259,0.9259,75,0,0,75,25,50,50,0.011539,0.008427,0.026672,1,1,1,2120.1
weighted_round_robin,1,26,0,15.635,25.446,0.9259,0.9259,77,0,0,77,25,50,50,0.011455,0.008449,0.027001,1,1,1,2120.1
weighted_round_robin,1,27,1,15.567,25.115,0.9242,0.9242,78,0,0,78,25,51,50,0.011732,0.008367,0.026602,1,1,1,2120.1
weighted_round_robin,1,28,11,15.596,24.683,0.9229,0.9229,80,0,0,80,27,55,55,0.012295,0.008434,0.026059,1,1,1,2120.1
weighted_round_robin,1,29,1,15.596,24.683,0.9289,0.9289,80,0,0,80,28,55,55,0.012295,0.008434,0.026059,1,1,1,2120.1
weighted_round_robin,1,30,1,15.428,24.745,0.9273,0.9273,76,0,0,76,28,56,55,0.011669,0.008417,0.026198,1,1,1,2120.1
weighted_round_robin,1,31,11,15.451,24.551,0.9259,0.9259,78,0,0,78,30,60,60,0.011888,0.008506,0.025958,1,1,1,2120.1
weighted_round_robin,1,32,1,15.217,24.144,0.9245,0.9245,79,0,0,79,30,61,60,0.011498,0.008605,0.025549,1,1,1,2120.1
weighted_round_robin,1,33,11,15.533,25.178,0.9234,0.9234,75,0,0,75,32,65,65,0.011452,0.008445,0.026703,1,1,1,2120.1
weighted_round_robin,1,34,1,15.503,24.995,0.9284,0.9284,76,0,0,76,33,65,65,0.011509,0.008505,0.026494,1,1,1,2120.1
weighted_round_robin,1,35,1,15.503,24.995,0.9271,0.9271,76,0,0,76,33,66,65,0.011509,0.008505,0.026494,1,1,1,2120.1
weighted_round_robin,1,36,11,15.432,24.934,0.9259,0.9259,77,0,0,77,35,70,70,0.011442,0.00842,0.026433,1,1,1,2120.1
weighted_round_robin,1,37,1,15.383,24.718,0.9247,0.9247,74,0,0,74,35,71,70,0.01149,0.008472,0.026188,1,1,1,2120.1
weighted_round_robin,1,38,11,15.424,24.971,0.9237,0.9237,76,0,0,76,37,75,75,0.011513,0.008293,0.026466,1,1,1,2120.1
weighted_round_robin,1,39,1,15.412,24.627,0.9281,0.9281,77,0,0,77,38,75,75,0.011728,0.008448,0.02606,1,1,1,2120.1
weighted_round_robin,1,40,1,15.69,25.532,0.927,0.927,78,0,0,78,38,76,75,0.011616,0.008376,0.027078,1,1,1,2120.1
weighted_round_robin,1,41,11,15.656,25.522,0.9259,0.9259,78,0,0,78,40,80,80,0.011514,0.008376,0.027078,1,1,1,2120.1
weighted_round_robin,1,42,1,15.41,24.663,0.9249,0.9249,74,0,0,74,40,81,80,0.011514,0.008593,0.026124,1,1,1,2120.1
weighted_round_robin,1,43,11,15.374,24.752,0.924,0.924,75,0,0,75,42,85,85,0.011531,0.008369,0.026221,1,1,1,2120.1
weighted_round_robin,1,44,1,15.576,25.087,0.9278,0.9278,78,0,0,78,43,85,85,0.011762,0.008397,0.026568,1,1,1,2120.1
weighted_round_robin,1,45,1,15.498,25.033,0.9269,0.9269,73,0,0,73,43,86,85,0.011554,0.008408,0.026531,1,1,1,2120.1
weighted_round_robin,1,46,11,15.252,24.441,0.9259,0.9259,75,0,0,75,45,90,90,0.011551,0.008333,0.025873,1,1,1,2120.1
weighted_round_robin,1,47,1,15.704,24.472,0.925,0.925,75,0,0,75,45,91,90,0.011865,0.009375,0.025873,1,1,1,2120.1
weighted_round_robin,1,48,11,15.932,25.086,0.9242,0.9242,76,0,0,76,47,95,95,0.011865,0.009375,0.026555,1,1,1,2120.1
weighted_round_robin,1,49,1,15.405,24.797,0.9276,0.9276,78,0,0,78,48,95,95,0.011505,0.008436,0.026274,1,1,1,2120.1
weighted_round_robin,1,50,1,15.469,24.944,0.9268,0.9268,74,0,0,74,48,96,95,0.011551,0.008423,0.026432,1,1,1,2120.1
weighted_round_robin,1,51,0,15.489,24.999,0.9268,0.9268,75,0,0,75,48,96,95,0.011532,0.008441,0.026495,1,1,1,2120.1
weighted_round_robin,1,52,11,15.56,24.69,0.9259,0.9259,77,0,0,77,50,100,100,0.012201,0.008401,0.026078,1,1,1,2120.1
weighted_round_robin,1,53,1,15.501,24.626,0.9251,0.9251,77,0,0,77,50,101,100,0.011555,0.008871,0.026078,1,1,1,2120.1
weighted_round_robin,1,54,11,15.363,24.251,0.9243,0.9243,72,0,0,72,52,105,105,0.011555,0.008871,0.025662,1,1,1,2120.1
weighted_round_robin,1,55,1,15.437,24.609,0.9275,0.9275,74,0,0,74,53,105,105,0.011909,0.008381,0.02602,1,1,1,2120.1
weighted_round_robin,1,56,1,15.38,24.754,0.9267,0.9267,75,0,0,75,53,106,105,0.011527,0.008388,0.026224,1,1,1,2120.1
weighted_round_robin,1,57,11,15.281,24.498,0.9259,0.9259,77,0,0,77,55,110,110,0.011416,0.008476,0.025952,1,1,1,2120.1
weighted_round_robin,1,58,1,15.962,25.994,0.9252,0.9252,74,0,0,74,55,111,110,0.011895,0.008431,0.027561,1,1,1,2120.1
weighted_round_robin,1,59,11,15.37,24.713,0.9245,0.9245,76,0,0,76,57,115,115,0.011494,0.008434,0.026182,1,1,1,2120.1
weighted_round_robin,1,60,1,15.37,24.713,0.9273,0.9273,76,0,0,76,58,115,115,0.011494,0.008434,0.026182,1,1,1,2120.1
weighted_round_robin,1,61,1,15.852,25.399,0.9266,0.9266,77,0,0,77,58,116,115,0.012294,0.008408,0.026855,1,1,1,2120.1
weighted_round_robin,1,62,11,15.699,24.955,0.9259,0.9259,74,0,0,74,60,120,120,0.012161,0.00856,0.026377,1,1,1,2120.1
weighted_round_robin,1,63,1,15.19,24.4,0.9252,0.9252,76,0,0,76,60,121,120,0.011441,0.00829,0.02584,1,1,1,2120.1
weighted_round_robin,1,64,11,15.629,25.29,0.9246,0.9246,78,0,0,78,62,125,125,0.011643,0.008437,0.026806,1,1,1,2120.1
weighted_round_robin,1,65,1,15.686,25.509,0.9272,0.9272,74,0,0,74,63,125,125,0.011538,0.00846,0.027061,1,1,1,2120.1
weighted_round_robin,1,66,1,15.675,25.505,0.9266,0.9266,74,0,0,74,63,126,125,0.011505,0.00846,0.027061,1,1,1,2120.1
weighted_round_robin,1,67,11,15.372,24.685,0.9259,0.9259,75,0,0,75,65,130,130,0.011505,0.008463,0.026149,1,1,1,2120.1
weighted_round_robin,1,68,1,15.459,24.929,0.9253,0.9253,77,0,0,77,65,131,130,0.01155,0.008411,0.026416,1,1,1,2120.1
weighted_round_robin,1,69,11,15.391,24.551,0.9247,0.9247,78,0,0,78,67,135,135,0.011795,0.008409,0.025968,1,1,1,2120.1
weighted_round_robin,1,70,1,15.352,24.62,0.9271,0.9271,75,0,0,75,68,135,135,0.011566,0.008419,0.02607,1,1,1,2120.1
weighted_round_robin,1,71,1,15.292,24.54,0.9265,0.9265,76,0,0,76,68,136,135,0.011484,0.008401,0.025991,1,1,1,2120.1
weighted_round_robin,1,72,11,15.298,24.548,0.9259,0.9259,76,0,0,76,70,140,140,0.011559,0.008344,0.025991,1,1,1,2120.1
weighted_round_robin,1,73,1,15.212,24.315,0.9253,0.9253,78,0,0,78,70,141,140,0.011559,0.008344,0.025732,1,1,1,2120.1
weighted_round_robin,1,74,11,15.354,24.547,0.9248,0.9248,74,0,0,74,72,145,145,0.011536,0.008533,0.025993,1,1,1,2120.1
weighted_round_robin,1,75,1,15.7,25.5,0.9271,0.9271,76,0,0,76,73,145,145,0.011438,0.0086,0.027063,1,1,1,2120.1
weighted_round_robin,1,76,1,15.684,25.052,0.9265,0.9265,77,0,0,77,73,146,145,0.012159,0.008408,0.026485,1,1,1,2120.1
weighted_round_robin,1,77,0,15.355,24.686,0.9265,0.9265,78,0,0,78,73,146,145,0.011492,0.008421,0.026152,1,1,1,2120.1
weighted_round_robin,1,78,11,15.659,24.787,0.9259,0.9259,78,0,0,78,75,150,150,0.012504,0.008321,0.026152,1,1,1,2120.1
weighted_round_robin,1,79,1,15.978,25.648,0.9254,0.9254,75,0,0,75,75,151,150,0.012504,0.008321,0.027108,1,1,1,2120.1
weighted_round_robin,1,80,11,15.727,25.726,0.9249,0.9249,77,0,0,77,77,155,155,0.011528,0.00835,0.027304,1,1,1,2120.1
weighted_round_robin,1,81,1,15.255,24.293,0.927,0.927,78,0,0,78,78,155,155,0.011589,0.008471,0.025704,1,1,1,2120.1
weighted_round_robin,1,82,1,15.703,25.066,0.9264,0.9264,74,0,0,74,78,156,155,0.012213,0.008401,0.026494,1,1,1,2120.1
weighted_round_robin,1,83,11,15.347,24.644,0.9259,0.9259,76,0,0,76,80,160,160,0.011564,0.008379,0.026097,1,1,1,2120.1
weighted_round_robin,1,84,1,15.276,24.523,0.9254,0.9254,77,0,0,77,80,161,160,0.011493,0.008363,0.025971,1,1,1,2120.1
weighted_round_robin,1,85,11,15.276,24.523,0.9249,0.9249,77,0,0,77,82,165,165,0.011493,0.008363,0.025971,1,1,1,2120.1
weighted_round_robin,1,86,1,15.282,24.414,0.9269,0.9269,79,0,0,79,83,165,165,0.011568,0.008437,0.025841,1,1,1,2120.1
weighted_round_robin,1,87,1,15.308,24.563,0.9264,0.9264,75,0,0,75,83,166,165,0.011548,0.008367,0.026009,1,1,1,2120.1
weighted_round_robin,1,88,11,15.589,25.343,0.9259,0.9259,77,0,0,77,85,170,170,0.011478,0.008405,0.026883,1,1,1,2120.1
weighted_round_robin,1,89,1,15.575,24.742,0.9254,0.9254,78,0,0,78,85,171,170,0.012168,0.008419,0.026139,1,1,1,2120.1
weighted_round_robin,1,90,11,15.677,25.496,0.925,0.925,75,0,0,75,87,175,175,0.011659,0.008338,0.027033,1,1,1,2120.1
weighted_round_robin,1,91,1,16.1,25.623,0.9269,0.9269,75,0,0,75,88,175,175,0.012929,0.008338,0.027033,1,1,1,2120.1
weighted_round_robin,1,92,1,15.966,25.199,0.9264,0.9264,76,0,0,76,88,176,175,0.012929,0.008406,0.026562,1,1,1,2120.1
weighted_round_robin,1,93,11,15.397,24.736,0.9259,0.9259,77,0,0,77,90,180,180,0.011504,0.00848,0.026206,1,1,1,2120.1
weighted_round_robin,1,94,1,15.365,24.598,0.9255,0.9255,74,0,0,74,90,181,180,0.011673,0.008389,0.026034,1,1,1,2120.1
weighted_round_robin,1,95,11,15.661,24.96,0.925,0.925,75,0,0,75,92,185,185,0.011852,0.008715,0.026416,1,1,1,2120.1
weighted_round_robin,1,96,1,15.358,24.609,0.9268,0.9268,77,0,0,77,93,185,185,0.011581,0.008436,0.026057,1,1,1,2120.1
weighted_round_robin,1,97,1,15.657,24.629,0.9264,0.9264,77,0,0,77,93,186,185,0.011777,0.009137,0.026057,1,1,1,2120.1
weighted_round_robin,1,98,11,15.734,24.838,0.9259,0.9259,78,0,0,78,95,190,190,0.011777,0.009137,0.026289,1,1,1,2120.1
weighted_round_robin,1,99,1,15.245,24.454,0.9255,0.9255,74,0,0,74,95,191,190,0.011484,0.008357,0.025895,1,1,1,2120.1
weighted_round_robin,1,100,11,15.215,24.386,0.9251,0.9251,75,0,0,75,97,195,195,0.011512,0.008316,0.025817,1,1,1,2120.1
weighted_round_robin,1,101,1,15.217,24.382,0.9268,0.9268,77,0,0,77,98,195,195,0.011461,0.008372,0.025818,1,1,1,2120.1
weighted_round_robin,1,102,0,15.283,24.484,0.9268,0.9268,74,0,0,74,98,195,195,0.011519,0.008406,0.025925,1,1,1,2120.1
weighted_round_robin,1,103,1,15.442,24.738,0.9263,0.9263,75,0,0,75,98,196,195,0.011531,0.00859,0.026206,1,1,1,2120.1
weighted_round_robin,1,104,11,15.442,24.738,0.9259,0.9259,75,0,0,75,100,200,200,0.011531,0.00859,0.026206,1,1,1,2120.1
weighted_round_robin,1,105,1,15.448,24.901,0.9255,0.9255,77,0,0,77,100,201,200,0.011527,0.008429,0.026387,1,1,1,2120.1
weighted_round_robin,1,106,11,15.45,24.861,0.9251,0.9251,79,0,0,79,102,205,205,0.011618,0.008398,0.026333,1,1,1,2120.1
weighted_round_robin,1,107,1,15.494,24.892,0.9267,0.9267,76,0,0,76,103,205,205,0.011702,0.008423,0.026358,1,1,1,2120.1
weighted_round_robin,1,108,1,15.368,24.783,0.9263,0.9263,77,0,0,77,103,206,205,0.011422,0.008415,0.026268,1,1,1,2120.1
weighted_round_robin,1,109,11,15.202,24.268,0.9259,0.9259,79,0,0,79,105,210,210,0.011483,0.008433,0.025689,1,1,1,2120.1
weighted_round_robin,1,110,1,15.202,24.268,0.9255,0.9255,79,0,0,79,105,211,210,0.011483,0.008433,0.025689,1,1,1,2120.1
weighted_round_robin,1,111,11,15.31,24.536,0.9252,0.9252,74,0,0,74,107,215,215,0.011517,0.008432,0.025982,1,1,1,2120.1
weighted_round_robin,1,112,1,15.471,24.692,0.9267,0.9267,76,0,0,76,108,215,215,0.011546,0.008715,0.026153,1,1,1,2120.1
weighted_round_robin,1,113,1,15.567,24.97,0.9263,0.9263,77,0,0,77,108,216,215,0.011706,0.00855,0.026444,1,1,1,2120.1
weighted_round_robin,1,114,11,15.365,24.636,0.9259,0.9259,79,0,0,79,110,220,220,0.011565,0.008443,0.026088,1,1,1,2120.1
weighted_round_robin,1,115,1,15.618,25.022,0.9255,0.9255,75,0,0,75,110,221,220,0.01195,0.008431,0.026474,1,1,1,2120.1
weighted_round_robin,1,116,11,15.475,24.979,0.9252,0.9252,75,0,0,75,112,225,225,0.011521,0.008431,0.026474,1,1,1,2120.1
weighted_round_robin,1,117,1,15.357,24.655,0.9267,0.9267,77,0,0,77,113,225,225,0.011521,0.008436,0.026114,1,1,1,2120.1
weighted_round_robin,1,118,1,15.66,25.328,0.9263,0.9263,78,0,0,78,113,226,225,0.011706,0.008433,0.026842,1,1,1,2120.1
weighted_round_robin,1,119,11,15.641,24.72,0.9259,0.9259,74,0,0,74,115,230,230,0.012375,0.008457,0.026092,1,1,1,2120.1
weighted_round_robin,2,0,0,15.286,24.472,1.0,1.0,0,0,0,0,0,0,0,0.011552,0.008399,0.025908,1,1,1,2048.0
weighted_round_robin,2,1,1,15.314,24.551,0.3333,0.3333,76,0,0,76,0,1,0,0.011512,0.00843,0.026,1,1,1,2048.0
weighted_round_robin,2,2,11,15.228,24.301,0.8889,0.8889,73,0,0,73,2,5,5,0.011558,0.008408,0.025717,1,1,1,2048.0
weighted_round_robin,2,3,1,15.646,24.763,0.9548,0.9548,74,0,0,74,3,5,5,0.012336,0.008459,0.026144,1,1,1,2048.0
weighted_round_robin,2,4,1,15.434,24.63,0.9333,0.9333,75,0,0,75,3,6,5,0.011805,0.008443,0.026055,1,1,1,2048.0
weighted_round_robin,2,5,11,15.73,25.59,0.9259,0.9259,72,0,0,72,5,10,10,0.011737,0.008323,0.027129,1,1,1,2048.0
weighted_round_robin,2,6,1,15.788,25.607,0.916,0.916,72,0,0,72,5,11,10,0.011912,0.008323,0.027129,1,1,1,2048.0
weighted_round_robin,2,7,11,15.479,24.731,0.9145,0.9145,73,0,0,73,7,15,15,0.011912,0.00837,0.026155,1,1,1,2048.0
weighted_round_robin,2,8,1,15.444,24.841,0.9364,0.9364,75,0,0,75,8,15,15,0.011602,0.008417,0.026312,1,1,1,2048.0
weighted_round_robin,2,9,1,15.351,24.704,0.9303,0.9303,76,0,0,76,8,16,15,0.011465,0.008413,0.026175,1,1,1,2048.0
weighted_round_robin,2,10,11,15.543,25.147,0.9259,0.9259,72,0,0,72,10,20,20,0.01153,0.008438,0.02666,1,1,1,2048.0
weighted_round_robin,2,11,1,15.553,25.055,0.9214,0.9214,73,0,0,73,10,21,20,0.011486,0.008611,0.026563,1,1,1,2048.0
weighted_round_robin,2,12,11,15.949,25.141,0.9192,0.9192,73,0,0,73,12,25,25,0.012347,0.008938,0.026563,1,1,1,2048.0
weighted_round_robin,2,13,1,15.684,24.426,0.9323,0.9323,75,0,0,75,13,25,25,0.012347,0.008938,0.025768,1,1,1,2048.0
weighted_round_robin,2,14,1,15.298,24.475,0.9288,0.9288,72,0,0,72,13,26,25,0.011531,0.008451,0.025913,1,1,1,2048.0
weighted_round_robin,2,15,11,15.262,24.18,0.9259,0.9259,73,0,0,73,15,30,30,0.011736,0.008488,0.025563,1,1,1,2048.0
weighted_round_robin,2,16,1,15.541,24.976,0.923,0.923,75,0,0,75,15,31,30,0.01155,0.008605,0.026468,1,1,1,2048.0
weighted_round_robin,2,17,11,15.328,24.851,0.9211,0.9211,77,0,0,77,17,35,35,0.011438,0.008204,0.026341,1,1,1,2048.0
weighted_round_robin,2,18,1,15.438,24.862,0.9305,0.9305,77,0,0,77,18,35,35,0.011555,0.008419,0.026341,1,1,1,2048.0
weighted_round_robin,2,19,1,15.362,24.656,0.9281,0.9281,73,0,0,73,18,36,35,0.011555,0.008419,0.026112,1,1,1,2048.0
weighted_round_robin,2,20,11,15.363,24.671,0.9259,0.9259,74,0,0,74,20,40,40,0.011534,0.008423,0.026131,1,1,1,2048.0
weighted_round_robin,2,21,1,15.367,24.66,0.9238,0.9238,76,0,0,76,20,41,40,0.011489,0.008489,0.026123,1,1,1,2048.0
weighted_round_robin,2,22,11,15.746,25.119,0.9222,0.9222,72,0,0,72,22,45,45,0.012345,0.008356,0.026538,1,1,1,2048.0
weighted_round_robin,2,23,1,15.891,25.429,0.9295,0.9295,74,0,0,74,23,45,45,0.012354,0.008437,0.026882,1,1,1,2048.0
weighted_round_robin,2,24,1,15.332,24.496,0.9276,0.9276,75,0,0,75,23,46,45,0.011606,0.008461,0.025928,1,1,1,2048.0
weighted_round_robin,2,25,1,15.332,24.496,0.9259,0.9259,75,0,0,75,23,46,46,0.011606,0.008461,0.025928,1,1,1,2048.0
weighted_round_robin,2,26,11,15.468,24.941,0.9242,0.9242,77,0,0,77,25,51,50,0.011497,0.008471,0.026435,1,1,1,2048.0
weighted_round_robin,2,27,0,15.356,24.734,0.9242,0.9242,73,0,0,73,25,51,50,0.011433,0.008424,0.026212,1,1,1,2048.0
weighted_round_robin,2,28,11,15.333,24.6,0.9229,0.9229,75,0,0,75,27,55,55,0.011544,0.008404,0.026051,1,1,1,2048.0
weighted_round_robin,2,29,1,15.299,24.582,0.9289,0.9289,76,0,0,76,28,55,55,0.011493,0.008367,0.026036,1,1,1,2048.0
weighted_round_robin,2,30,1,15.406,24.589,0.9273,0.9273,71,0,0,71,28,56,55,0.011788,0.00842,0.026011,1,1,1,2048.0
weighted_round_robin,2,31,11,15.516,24.622,0.9259,0.9259,71,0,0,71,30,60,60,0.012117,0.00842,0.026011,1,1,1,2048.0
weighted_round_robin,2,32,1,15.651,24.963,0.9245,0.9245,73,0,0,73,30,61,60,0.012117,0.008446,0.02639,1,1,1,2048.0
weighted_round_robin,2,33,11,15.562,25.043,0.9234,0.9234,75,0,0,75,32,65,65,0.011737,0.008427,0.026521,1,1,1,2048.0
weighted_round_robin,2,34,1,15.503,24.8,0.9284,0.9284,72,0,0,72,33,65,65,0.011529,0.008704,0.026275,1,1,1,2048.0
weighted_round_robin,2,35,1,15.427,24.849,0.9271,0.9271,73,0,0,73,33,66,65,0.011498,0.008451,0.026333,1,1,1,2048.0
weighted_round_robin,2,36,11,15.745,25.047,0.9259,0.9259,75,0,0,75,35,70,70,0.012339,0.008436,0.026459,1,1,1,2048.0
weighted_round_robin,2,37,1,15.76,25.05,0.9247,0.9247,75,0,0,75,35,71,70,0.012367,0.008455,0.026459,1,1,1,2048.0
weighted_round_robin,2,38,11,16.019,25.748,0.9237,0.9237,76,0,0,76,37,75,75,0.012367,0.008455,0.027235,1,1,1,2048.0
weighted_round_robin,2,39,1,15.484,24.911,0.9281,0.9281,72,0,0,72,38,75,75,0.011569,0.008489,0.026393,1,1,1,2048.0
weighted_round_robin,2,40,1,15.548,24.726,0.927,0.927,73,0,0,73,38,76,75,0.011852,0.008636,0.026157,1,1,1,2048.0
weighted_round_robin,2,41,11,15.08,23.924,0.9259,0.9259,77,0,0,77,40,80,80,0.01146,0.00847,0.025309,1,1,1,2048.0
weighted_round_robin,2,42,1,15.688,24.826,0.9249,0.9249,72,0,0,72,40,81,80,0.011547,0.009217,0.026301,1,1,1,2048.0
weighted_round_robin,2,43,11,15.482,24.849,0.924,0.924,72,0,0,72,42,85,85,0.011778,0.008367,0.026301,1,1,1,2048.0
weighted_round_robin,2,44,1,15.562,25.065,0.9278,0.9278,74,0,0,74,43,85,85,0.011778,0.008367,0.026541,1,1,1,2048.0
weighted_round_robin,2,45,1,15.292,24.319,0.9269,0.9269,75,0,0,75,43,86,85,0.011583,0.008558,0.025734,1,1,1,2048.0
weighted_round_robin,2,46,11,15.602,24.647,0.9259,0.9259,76,0,0,76,45,90,90,0.01202,0.008736,0.02605,1,1,1,2048.0
weighted_round_robin,2,47,1,15.412,24.293,0.925,0.925,73,0,0,73,45,91,90,0.011739,0.008808,0.025688,1,1,1,2048.0
weighted_round_robin,2,48,11,15.576,24.83,0.9242,0.9242,74,0,0,74,47,95,95,0.012147,0.008343,0.026239,1,1,1,2048.0
weighted_round_robin,2,49,1,15.625,24.66,0.9276,0.9276,76,0,0,76,48,95,95,0.011471,0.009279,0.026126,1,1,1,2048.0
weighted_round_robin,2,50,1,15.625,24.66,0.9268,0.9268,76,0,0,76,48,96,95,0.011471,0.009279,0.026126,1,1,1,2048.0
weighted_round_robin,2,51,7,15.647,25.186,0.9251,0.9251,72,0,0,72,49,99,98,0.011631,0.008619,0.026692,1,1,1,2048.0
weighted_round_robin,2,52,4,15.994,24.96,0.9259,0.9259,74,0,0,74,50,100,100,0.012209,0.009395,0.026377,1,1,1,2048.0
weighted_round_robin,2,53,1,15.601,24.701,0.9251,0.9251,75,0,0,75,50,101,100,0.012153,0.008555,0.026095,1,1,1,2048.0
weighted_round_robin,2,54,11,15.536,24.966,0.9243,0.9243,77,0,0,77,52,105,105,0.011853,0.008333,0.026423,1,1,1,2048.0
weighted_round_robin,2,55,1,15.396,24.581,0.9275,0.9275,73,0,0,73,53,105,105,0.011473,0.008679,0.026037,1,1,1,2048.0
weighted_round_robin,2,56,1,15.398,24.589,0.9267,0.9267,73,0,0,73,53,106,105,0.011557,0.0086,0.026037,1,1,1,2048.0
weighted_round_robin,2,57,11,15.51,24.89,0.9259,0.9259,74,0,0,74,55,110,110,0.011557,0.0086,0.026372,1,1,1,2048.0
weighted_round_robin,2,58,1,15.656,24.701,0.9252,0.9252,76,0,0,76,55,111,110,0.012172,0.008704,0.026093,1,1,1,2048.0
weighted_round_robin,2,59,11,15.723,25.559,0.9245,0.9245,74,0,0,74,57,115,115,0.011558,0.008495,0.027115,1,1,1,2048.0
weighted_round_robin,2,60,1,15.663,25.405,0.9273,0.9273,75,0,0,75,58,115,115,0.011541,0.008502,0.026946,1,1,1,2048.0
weighted_round_robin,2,61,1,15.476,24.864,0.9266,0.9266,76,0,0,76,58,116,115,0.011758,0.00835,0.02632,1,1,1,2048.0
weighted_round_robin,2,62,11,15.695,24.93,0.9259,0.9259,76,0,0,76,60,120,120,0.012416,0.00835,0.02632,1,1,1,2048.0
weighted_round_robin,2,63,1,15.629,24.688,0.9252,0.9252,78,0,0,78,60,121,120,0.012416,0.008419,0.026052,1,1,1,2048.0
weighted_round_robin,2,64,11,15.888,25.336,0.9246,0.9246,75,0,0,75,62,125,125,0.012363,0.008523,0.026778,1,1,1,2048.0
weighted_round_robin,2,65,1,15.899,24.91,0.9272,0.9272,77,0,0,77,63,125,125,0.012672,0.008755,0.02627,1,1,1,2048.0
weighted_round_robin,2,66,1,15.57,25.24,0.9266,0.9266,78,0,0,78,63,126,125,0.011556,0.008392,0.026761,1,1,1,2048.0
weighted_round_robin,2,67,11,15.431,24.748,0.9259,0.9259,75,0,0,75,65,130,130,0.011495,0.008577,0.026221,1,1,1,2048.0
weighted_round_robin,2,68,1,15.401,24.755,0.9253,0.9253,75,0,0,75,65,131,130,0.01156,0.008422,0.026221,1,1,1,2048.0
weighted_round_robin,2,69,11,15.373,24.68,0.9247,0.9247,76,0,0,76,67,135,135,0.01156,0.008422,0.026138,1,1,1,2048.0
weighted_round_robin,2,70,1,15.696,25.354,0.9271,0.9271,78,0,0,78,68,135,135,0.011511,0.008685,0.026892,1,1,1,2048.0
weighted_round_robin,2,71,1,15.29,24.434,0.9265,0.9265,74,0,0,74,68,136,135,0.011509,0.00849,0.02587,1,1,1,2048.0
weighted_round_robin,2,72,11,15.979,25.809,0.9259,0.9259,75,0,0,75,70,140,140,0.012201,0.008414,0.027321,1,1,1,2048.0
weighted_round_robin,2,73,1,15.641,25.426,0.9253,0.9253,77,0,0,77,70,141,140,0.011526,0.008427,0.02697,1,1,1,2048.0
weighted_round_robin,2,74,11,15.292,24.567,0.9248,0.9248,79,0,0,79,72,145,145,0.011502,0.008355,0.026019,1,1,1,2048.0
weighted_round_robin,2,75,1,15.292,24.567,0.9271,0.9271,79,0,0,79,73,145,145,0.011502,0.008355,0.026019,1,1,1,2048.0
weighted_round_robin,2,76,1,15.469,24.682,0.9265,0.9265,75,0,0,75,73,146,145,0.011811,0.008485,0.026112,1,1,1,2048.0
weighted_round_robin,2,77,1,15.499,24.962,0.9259,0.9259,76,0,0,76,73,146,146,0.011552,0.008492,0.026452,1,1,1,2048.0
weighted_round_robin,2,78,10,15.353,24.625,0.9259,0.9259,78,0,0,78,75,150,150,0.011471,0.008502,0.026086,1,1,1,2048.0
weighted_round_robin,2,79,1,15.751,25.694,0.9254,0.9254,74,0,0,74,75,151,150,0.01156,0.008429,0.027264,1,1,1,2048.0
weighted_round_robin,2,80,11,15.668,24.875,0.9249,0.9249,76,0,0,76,77,155,155,0.012289,0.008442,0.026273,1,1,1,2048.0
weighted_round_robin,2,81,1,15.393,24.792,0.927,0.927,76,0,0,76,78,155,155,0.011463,0.008442,0.026273,1,1,1,2048.0
weighted_round_robin,2,82,1,15.407,24.868,0.9264,0.9264,77,0,0,77,78,156,155,0.011463,0.008401,0.026357,1,1,1,2048.0
weighted_round_robin,2,83,11,15.733,25.413,0.9259,0.9259,79,0,0,79,80,160,160,0.011853,0.008426,0.02692,1,1,1,2048.0
weighted_round_robin,2,84,1,15.455,24.848,0.9254,0.9254,75,0,0,75,80,161,160,0.011595,0.008448,0.026321,1,1,1,2048.0
weighted_round_robin,2,85,11,15.709,25.29,0.9249,0.9249,77,0,0,77,82,165,165,0.011501,0.008803,0.026822,1,1,1,2048.0
weighted_round_robin,2,86,1,15.229,24.296,0.9269,0.9269,78,0,0,78,83,165,165,0.011514,0.008457,0.025716,1,1,1,2048.0
weighted_round_robin,2,87,1,15.204,24.291,0.9264,0.9264,78,0,0,78,83,166,165,0.011462,0.008435,0.025716,1,1,1,2048.0
weighted_round_robin,2,88,11,15.219,24.331,0.9259,0.9259,74,0,0,74,85,170,170,0.011462,0.008435,0.025761,1,1,1,2048.0
weighted_round_robin,2,89,1,15.63,25.208,0.9254,0.9254,76,0,0,76,85,171,170,0.011494,0.008663,0.026732,1,1,1,2048.0
weighted_round_robin,2,90,11,15.531,25.013,0.925,0.925,77,0,0,77,87,175,175,0.01172,0.008383,0.02649,1,1,1,2048.0
weighted_round_robin,2,91,1,15.247,24.395,0.9269,0.9269,79,0,0,79,88,175,175,0.01149,0.008421,0.025829,1,1,1,2048.0
weighted_round_robin,2,92,1,15.849,25.281,0.9264,0.9264,75,0,0,75,88,176,175,0.012427,0.00841,0.026709,1,1,1,2048.0
weighted_round_robin,2,93,11,15.574,25.195,0.9259,0.9259,75,0,0,75,90,180,180,0.01157,0.008442,0.026709,1,1,1,2048.0
weighted_round_robin,2,94,1,15.362,24.623,0.9255,0.9255,77,0,0,77,90,181,180,0.01157,0.008442,0.026073,1,1,1,2048.0
weighted_round_robin,2,95,11,15.787,25.337,0.925,0.925,78,0,0,78,92,185,185,0.011805,0.008715,0.026841,1,1,1,2048.0
weighted_round_robin,2,96,1,15.448,24.891,0.9268,0.9268,75,0,0,75,93,185,185,0.011503,0.008461,0.026379,1,1,1,2048.0
weighted_round_robin,2,97,1,15.732,24.675,0.9264,0.9264,76,0,0,76,93,186,185,0.012809,0.008392,0.025994,1,1,1,2048.0
weighted_round_robin,2,98,11,15.36,24.635,0.9259,0.9259,77,0,0,77,95,190,190,0.011567,0.008427,0.026087,1,1,1,2048.0
weighted_round_robin,2,99,1,15.361,24.682,0.9255,0.9255,74,0,0,74,95,191,190,0.011495,0.008442,0.026147,1,1,1,2048.0
weighted_round_robin,2,100,11,15.361,24.682,0.9251,0.9251,74,0,0,74,97,195,195,0.011495,0.008442,0.026147,1,1,1,2048.0
weighted_round_robin,2,101,1,15.36,24.746,0.9268,0.9268,76,0,0,76,98,195,195,0.011463,0.008395,0.026222,1,1,1,2048.0
weighted_round_robin,2,102,1,15.997,25.63,0.9263,0.9263,77,0,0,77,98,196,195,0.012224,0.008647,0.027119,1,1,1,2048.0
weighted_round_robin,2,103,1,15.517,24.852,0.9259,0.9259,78,0,0,78,98,196,196,0.011824,0.008426,0.0263,1,1,1,2048.0
weighted_round_robin,2,104,10,15.573,25.045,0.9259,0.9259,74,0,0,74,100,200,200,0.011747,0.008449,0.026523,1,1,1,2048.0
weighted_round_robin,2,105,1,15.663,24.796,0.9255,0.9255,75,0,0,75,100,201,200,0.011795,0.008953,0.026241,1,1,1,2048.0
weighted_round_robin,2,106,11,15.435,24.772,0.9251,0.9251,75,0,0,75,102,205,205,0.01155,0.008514,0.026241,1,1,1,2048.0
weighted_round_robin,2,107,1,15.45,24.811,0.9267,0.9267,77,0,0,77,103,205,205,0.01155,0.008514,0.026285,1,1,1,2048.0
weighted_round_robin,2,108,1,15.183,24.232,0.9263,0.9263,74,0,0,74,103,206,205,0.011402,0.008489,0.025658,1,1,1,2048.0
weighted_round_robin,2,109,11,15.509,24.966,0.9259,0.9259,76,0,0,76,105,210,210,0.011506,0.008559,0.026462,1,1,1,2048.0
weighted_round_robin,2,110,1,15.56,24.799,0.9255,0.9255,77,0,0,77,105,211,210,0.012006,0.008454,0.02622,1,1,1,2048.0
weighted_round_robin,2,111,11,15.328,24.546,0.9252,0.9252,79,0,0,79,107,215,215,0.011585,0.008412,0.025986,1,1,1,2048.0
weighted_round_robin,2,112,1,15.398,24.567,0.9267,0.9267,79,0,0,79,108,215,215,0.011793,0.008414,0.025986,1,1,1,2048.0
weighted_round_robin,2,113,1,15.54,24.951,0.9263,0.9263,75,0,0,75,108,216,215,0.011793,0.008414,0.026413,1,1,1,2048.0
weighted_round_robin,2,114,11,15.573,24.942,0.9259,0.9259,76,0,0,76,110,220,220,0.011556,0.008735,0.026429,1,1,1,2048.0
weighted_round_robin,2,115,1,15.369,24.57,0.9255,0.9255,78,0,0,78,110,221,220,0.011635,0.008464,0.026007,1,1,1,2048.0
weighted_round_robin,2,116,11,15.451,24.805,0.9252,0.9252,75,0,0,75,112,225,225,0.0117,0.008393,0.026261,1,1,1,2048.0
weighted_round_robin,2,117,1,15.7,25.57,0.9267,0.9267,76,0,0,76,113,225,225,0.011571,0.008403,0.027125,1,1,1,2048.0
weighted_round_robin,2,118,1,15.397,24.93,0.9263,0.9263,77,0,0,77,113,226,225,0.011449,0.008314,0.026428,1,1,1,2048.0
weighted_round_robin,2,119,11,15.397,24.93,0.9259,0.9259,77,0,0,77,115,230,230,0.011449,0.008314,0.026428,1,1,1,2048.0
weighted_round_robin,3,0,0,15.515,24.915,1.0,1.0,0,0,0,0,0,0,0,0.011747,0.008421,0.026378,1,1,1,2109.4
weighted_round_robin,3,1,1,15.235,24.387,0.3333,0.3333,74,0,0,74,0,1,0,0.011495,0.00839,0.02582,1,1,1,2109.4
weighted_round_robin,3,2,11,15.235,24.387,0.8889,0.8889,74,0,0,74,2,5,5,0.011495,0.00839,0.02582,1,1,1,2109.4
weighted_round_robin,3,3,1,15.474,25.061,0.9548,0.9548,76,0,0,76,3,5,5,0.011459,0.008392,0.026572,1,1,1,2109.4
weighted_round_robin,3,4,1,15.632,24.7,0.9333,0.9333,73,0,0,73,3,6,5,0.011924,0.008853,0.026119,1,1,1,2109.4
weighted_round_robin,3,5,11,15.637,25.232,0.9259,0.9259,75,0,0,75,5,10,10,0.011758,0.008423,0.026729,1,1,1,2109.4
weighted_round_robin,3,6,1,15.352,24.629,0.916,0.916,76,0,0,76,5,11,10,0.011515,0.008456,0.026086,1,1,1,2109.4
weighted_round_robin,3,7,11,16.306,26.313,0.9145,0.9145,73,0,0,73,7,15,15,0.012361,0.008694,0.027863,1,1,1,2109.4
weighted_round_robin,3,8,1,16.044,26.234,0.9364,0.9364,73,0,0,73,8,15,15,0.011576,0.008694,0.027863,1,1,1,2109.4
weighted_round_robin,3,9,1,15.498,24.705,0.9303,0.9303,74,0,0,74,8,16,15,0.011576,0.008754,0.026164,1,1,1,2109.4
weighted_round_robin,3,10,11,15.949,25.062,0.9259,0.9259,75,0,0,75,10,20,20,0.011817,0.009495,0.026534,1,1,1,2109.4
weighted_round_robin,3,11,1,15.218,24.282,0.9214,0.9214,72,0,0,72,10,21,20,0.011551,0.008407,0.025697,1,1,1,2109.4
weighted_round_robin,3,12,11,15.427,24.861,0.9192,0.9192,74,0,0,74,12,25,25,0.011548,0.008393,0.02634,1,1,1,2109.4
weighted_round_robin,3,13,1,15.522,25.114,0.9323,0.9323,75,0,0,75,13,25,25,0.011512,0.008428,0.026625,1,1,1,2109.4
weighted_round_robin,3,14,1,15.613,25.141,0.9288,0.9288,75,0,0,75,13,26,25,0.011785,0.008428,0.026625,1,1,1,2109.4
weighted_round_robin,3,15,11,15.437,24.662,0.9259,0.9259,76,0,0,76,15,30,30,0.011785,0.008432,0.026093,1,1,1,2109.4
weighted_round_robin,3,16,1,15.5,24.909,0.923,0.923,73,0,0,73,15,31,30,0.011482,0.008616,0.026401,1,1,1,2109.4
weighted_round_robin,3,17,11,15.796,24.951,0.9211,0.9211,74,0,0,74,17,35,35,0.012374,0.008665,0.026349,1,1,1,2109.4
weighted_round_robin,3,18,1,15.648,25.239,0.9305,0.9305,76,0,0,76,18,35,35,0.011765,0.008443,0.026736,1,1,1,2109.4
weighted_round_robin,3,19,1,15.296,24.538,0.9281,0.9281,72,0,0,72,18,36,35,0.011505,0.008397,0.025986,1,1,1,2109.4
weighted_round_robin,3,20,11,15.324,24.54,0.9259,0.9259,72,0,0,72,20,40,40,0.011521,0.008465,0.025986,1,1,1,2109.4
weighted_round_robin,3,21,1,15.384,24.702,0.9238,0.9238,74,0,0,74,20,41,40,0.011521,0.008465,0.026167,1,1,1,2109.4
weighted_round_robin,3,22,11,15.423,24.783,0.9222,0.9222,75,0,0,75,22,45,45,0.011589,0.008432,0.026249,1,1,1,2109.4
weighted_round_robin,3,23,1,15.581,24.779,0.9295,0.9295,77,0,0,77,23,45,45,0.011663,0.008844,0.026236,1,1,1,2109.4
weighted_round_robin,3,24,1,15.424,24.851,0.9276,0.9276,73,0,0,73,23,46,45,0.01152,0.008419,0.026332,1,1,1,2109.4
weighted_round_robin,3,25,11,15.343,24.653,0.9259,0.9259,74,0,0,74,25,50,50,0.011524,0.008393,0.026112,1,1,1,2109.4
weighted_round_robin,3,26,1,15.941,24.888,0.9242,0.9242,76,0,0,76,25,51,50,0.012872,0.008727,0.026223,1,1,1,2109.4
weighted_round_robin,3,27,0,15.941,24.888,0.9242,0.9242,76,0,0,76,25,51,50,0.012872,0.008727,0.026223,1,1,1,2109.4
weighted_round_robin,3,28,11,15.518,25.114,0.9229,0.9229,73,0,0,73,27,55,55,0.011498,0.00843,0.026627,1,1,1,2109.4
weighted_round_robin,3,29,1,15.594,24.94,0.9289,0.9289,74,0,0,74,28,55,55,0.011597,0.008763,0.026423,1,1,1,2109.4
weighted_round_robin,3,30,1,15.403,24.813,0.9273,0.9273,75,0,0,75,28,56,55,0.01148,0.008434,0.026295,1,1,1,2109.4
weighted_round_robin,3,31,11,15.492,25.102,0.9259,0.9259,77,0,0,77,30,60,60,0.011468,0.008391,0.026617,1,1,1,2109.4
weighted_round_robin,3,32,1,15.508,25.045,0.9245,0.9245,73,0,0,73,30,61,60,0.01153,0.008448,0.026547,1,1,1,2109.4
weighted_round_robin,3,33,11,15.508,25.045,0.9234,0.9234,73,0,0,73,32,65,65,0.01153,0.008448,0.026547,1,1,1,2109.4
weighted_round_robin,3,34,1,15.552,25.07,0.9284,0.9284,75,0,0,75,33,65,65,0.011622,0.00847,0.026564,1,1,1,2109.4
weighted_round_robin,3,35,1,15.263,24.335,0.9271,0.9271,76,0,0,76,33,66,65,0.011575,0.008462,0.025753,1,1,1,2109.4
weighted_round_robin,3,36,11,15.375,24.855,0.9259,0.9259,72,0,0,72,35,70,70,0.011334,0.008434,0.026357,1,1,1,2109.4
weighted_round_robin,3,37,1,15.432,24.885,0.9247,0.9247,73,0,0,73,35,71,70,0.011482,0.008439,0.026374,1,1,1,2109.4
weighted_round_robin,3,38,11,15.709,25.15,0.9237,0.9237,75,0,0,75,37,75,75,0.011833,0.008664,0.02663,1,1,1,2109.4
weighted_round_robin,3,39,1,15.704,25.149,0.9281,0.9281,75,0,0,75,38,75,75,0.011819,0.008664,0.02663,1,1,1,2109.4
weighted_round_robin,3,40,1,15.543,24.891,0.927,0.927,72,0,0,72,38,76,75,0.011819,0.008465,0.026344,1,1,1,2109.4
weighted_round_robin,3,41,11,15.536,25.132,0.9259,0.9259,73,0,0,73,40,80,80,0.011499,0.008461,0.026647,1,1,1,2109.4
weighted_round_robin,3,42,1,15.318,24.617,0.9249,0.9249,75,0,0,75,40,81,80,0.011492,0.008387,0.026075,1,1,1,2109.4
weighted_round_robin,3,43,11,15.255,24.403,0.924,0.924,76,0,0,76,42,85,85,0.011517,0.008414,0.025835,1,1,1,2109.4
weighted_round_robin,3,44,1,15.451,24.966,0.9278,0.9278,72,0,0,72,43,85,85,0.011475,0.008413,0.026465,1,1,1,2109.4
weighted_round_robin,3,45,1,15.483,24.975,0.9269,0.9269,72,0,0,72,43,86,85,0.011568,0.008415,0.026465,1,1,1,2109.4
weighted_round_robin,3,46,11,15.425,24.82,0.9259,0.9259,73,0,0,73,45,90,90,0.011568,0.008415,0.026292,1,1,1,2109.4
weighted_round_robin,3,47,1,15.957,25.049,0.925,0.925,75,0,0,75,45,91,90,0.012723,0.008728,0.026419,1,1,1,2109.4
weighted_round_robin,3,48,11,15.66,25.33,0.9242,0.9242,72,0,0,72,47,95,95,0.011561,0.008559,0.02686,1,1,1,2109.4
weighted_round_robin,3,49,1,15.487,24.694,0.9276,0.9276,74,0,0,74,48,95,95,0.011509,0.008793,0.026159,1,1,1,2109.4
weighted_round_robin,3,50,1,15.676,25.225,0.9268,0.9268,75,0,0,75,48,96,95,0.011947,0.00838,0.0267,1,1,1,2109.4
weighted_round_robin,3,51,7,15.462,24.736,0.9251,0.9251,77,0,0,77,49,99,98,0.011561,0.008624,0.0262,1,1,1,2109.4
weighted_round_robin,3,52,4,15.462,24.736,0.9259,0.9259,77,0,0,77,50,100,100,0.011561,0.008624,0.0262,1,1,1,2109.4
weighted_round_robin,3,53,1,15.449,24.645,0.9251,0.9251,73,0,0,73,50,101,100,0.011823,0.008455,0.02607,1,1,1,2109.4
weighted_round_robin,3,54,11,15.625,25.134,0.9243,0.9243,75,0,0,75,52,105,105,0.011865,0.008402,0.026608,1,1,1,2109.4
weighted_round_robin,3,55,1,15.479,24.984,0.9275,0.9275,76,0,0,76,53,105,105,0.011552,0.008409,0.026476,1,1,1,2109.4
weighted_round_robin,3,56,1,15.27,24.234,0.9267,0.9267,72,0,0,72,53,106,105,0.011791,0.008401,0.025617,1,1,1,2109.4
weighted_round_robin,3,57,11,15.481,24.979,0.9259,0.9259,74,0,0,74,55,110,110,0.011525,0.008443,0.026474,1,1,1,2109.4
weighted_round_robin,3,58,1,15.486,24.981,0.9252,0.9252,74,0,0,74,55,111,110,0.011542,0.008443,0.026474,1,1,1,2109.4
weighted_round_robin,3,59,11,15.601,25.308,0.9245,0.9245,75,0,0,75,57,115,115,0.011542,0.008424,0.026838,1,1,1,2109.4
weighted_round_robin,3,60,1,15.574,24.711,0.9273,0.9273,77,0,0,77,58,115,115,0.012158,0.008457,0.026106,1,1,1,2109.4
weighted_round_robin,3,61,1,15.737,25.241,0.9266,0.9266,75,0,0,75,58,116,115,0.011777,0.008696,0.026737,1,1,1,2109.4
weighted_round_robin,3,62,11,15.561,25.012,0.9259,0.9259,77,0,0,77,60,120,120,0.011754,0.008443,0.026485,1,1,1,2109.4
weighted_round_robin,3,63,1,15.439,24.985,0.9252,0.9252,78,0,0,78,60,121,120,0.011382,0.008439,0.026496,1,1,1,2109.4
weighted_round_robin,3,64,11,15.478,24.996,0.9246,0.9246,78,0,0,78,62,125,125,0.0115,0.008439,0.026496,1,1,1,2109.4
weighted_round_robin,3,65,1,15.43,24.901,0.9272,0.9272,75,0,0,75,63,125,125,0.0115,0.008399,0.02639,1,1,1,2109.4
weighted_round_robin,3,66,1,15.315,24.626,0.9266,0.9266,76,0,0,76,63,126,125,0.01142,0.008433,0.026093,1,1,1,2109.4
weighted_round_robin,3,67,11,15.746,24.973,0.9259,0.9259,77,0,0,77,65,130,130,0.012404,0.008464,0.02637,1,1,1,2109.4
weighted_round_robin,3,68,1,15.363,24.57,0.9253,0.9253,74,0,0,74,65,131,130,0.011651,0.008434,0.026005,1,1,1,2109.4
weighted_round_robin,3,69,11,15.512,24.866,0.9247,0.9247,76,0,0,76,67,135,135,0.011805,0.008413,0.026317,1,1,1,2109.4
weighted_round_robin,3,70,1,15.772,24.925,0.9271,0.9271,76,0,0,76,68,135,135,0.012402,0.008596,0.026317,1,1,1,2109.4
weighted_round_robin,3,71,1,15.811,25.031,0.9265,0.9265,77,0,0,77,68,136,135,0.012402,0.008596,0.026434,1,1,1,2109.4
weighted_round_robin,3,72,11,15.338,24.644,0.9259,0.9259,78,0,0,78,70,140,140,0.011483,0.008425,0.026106,1,1,1,2109.4
weighted_round_robin,3,73,1,15.382,24.529,0.9253,0.9253,74,0,0,74,70,141,140,0.011763,0.008435,0.025948,1,1,1,2109.4
weighted_round_robin,3,74,11,15.537,24.634,0.9248,0.9248,75,0,0,75,72,145,145,0.011837,0.008719,0.026056,1,1,1,2109.4
weighted_round_robin,3,75,1,15.937,25.227,0.9271,0.9271,77,0,0,77,73,145,145,0.011512,0.009548,0.026751,1,1,1,2109.4
weighted_round_robin,3,76,1,15.458,24.189,0.9265,0.9265,74,0,0,74,73,146,145,0.012204,0.00865,0.025521,1,1,1,2109.4
weighted_round_robin,3,77,1,15.458,24.189,0.9259,0.9259,74,0,0,74,73,146,146,0.012204,0.00865,0.025521,1,1,1,2109.4
weighted_round_robin,3,78,10,15.51,24.75,0.9259,0.9259,76,0,0,76,75,150,150,0.01161,0.008711,0.02621,1,1,1,2109.4
weighted_round_robin,3,79,1,15.367,24.493,0.9254,0.9254,77,0,0,77,75,151,150,0.011776,0.008418,0.025906,1,1,1,2109.4
weighted_round_robin,3,80,11,15.331,24.558,0.9249,0.9249,79,0,0,79,77,155,155,0.011547,0.008442,0.026004,1,1,1,2109.4
weighted_round_robin,3,81,1,15.38,24.646,0.927,0.927,75,0,0,75,78,155,155,0.011541,0.008497,0.026102,1,1,1,2109.4
weighted_round_robin,3,82,1,15.44,24.718,0.9264,0.9264,76,0,0,76,78,156,155,0.011573,0.008567,0.026179,1,1,1,2109.4
weighted_round_robin,3,83,11,15.44,24.718,0.9259,0.9259,76,0,0,76,80,160,160,0.011573,0.008567,0.026179,1,1,1,2109.4
weighted_round_robin,3,84,1,15.418,24.637,0.9254,0.9254,78,0,0,78,80,161,160,0.011735,0.008447,0.026071,1,1,1,2109.4
weighted_round_robin,3,85,11,15.089,24.013,0.9249,0.9249,77,0,0,77,82,165,165,0.011488,0.008373,0.025405,1,1,1,2109.4
weighted_round_robin,3,86,1,15.435,24.678,0.9269,0.9269,76,0,0,76,83,165,165,0.011473,0.008686,0.026145,1,1,1,2109.4
weighted_round_robin,3,87,1,15.738,24.839,0.9264,0.9264,77,0,0,77,83,166,165,0.01242,0.008575,0.026219,1,1,1,2109.4
weighted_round_robin,3,88,11,15.457,24.87,0.9259,0.9259,79,0,0,79,85,170,170,0.011542,0.008477,0.026351,1,1,1,2109.4
weighted_round_robin,3,89,1,15.455,24.87,0.9254,0.9254,79,0,0,79,85,171,170,0.011538,0.008477,0.026351,1,1,1,2109.4
weighted_round_robin,3,90,11,15.349,24.68,0.925,0.925,75,0,0,75,87,175,175,0.011538,0.008368,0.02614,1,1,1,2109.4
weighted_round_robin,3,91,1,15.612,25.209,0.9269,0.9269,77,0,0,77,88,175,175,0.011718,0.008411,0.026708,1,1,1,2109.4
weighted_round_robin,3,92,1,15.413,24.746,0.9264,0.9264,78,0,0,78,88,176,175,0.011581,0.00845,0.026209,1,1,1,2109.4
weighted_round_robin,3,93,11,15.561,25.141,0.9259,0.9259,73,0,0,73,90,180,180,0.011587,0.008448,0.026647,1,1,1,2109.4
weighted_round_robin,3,94,1,15.225,24.416,0.9255,0.9255,75,0,0,75,90,181,180,0.011501,0.008323,0.025851,1,1,1,2109.4
weighted_round_robin,3,95,11,15.351,24.421,0.925,0.925,75,0,0,75,92,185,185,0.011555,0.008646,0.025851,1,1,1,2109.4
weighted_round_robin,3,96,1,15.565,25.0,0.9268,0.9268,77,0,0,77,93,185,185,0.011555,0.008646,0.026494,1,1,1,2109.4
weighted_round_robin,3,97,1,15.733,25.146,0.9264,0.9264,78,0,0,78,93,186,185,0.01219,0.008425,0.026585,1,1,1,2109.4
weighted_round_robin,3,98,11,15.374,24.654,0.9259,0.9259,75,0,0,75,95,190,190,0.011558,0.008455,0.026109,1,1,1,2109.4
weighted_round_robin,3,99,0,15.364,24.603,0.9259,0.9259,77,0,0,77,95,190,190,0.011608,0.008436,0.026047,1,1,1,2109.4
weighted_round_robin,3,100,1,15.46,24.972,0.9255,0.9255,78,0,0,78,95,191,190,0.011478,0.008432,0.026471,1,1,1,2109.4
weighted_round_robin,3,101,11,15.899,25.001,0.9251,0.9251,78,0,0,78,97,195,195,0.011773,0.009453,0.026471,1,1,1,2109.4
weighted_round_robin,3,102,1,15.947,25.131,0.9268,0.9268,75,0,0,75,98,195,195,0.011773,0.009453,0.026615,1,1,1,2109.4
weighted_round_robin,3,103,1,15.314,24.306,0.9263,0.9263,76,0,0,76,98,196,195,0.01182,0.008429,0.025693,1,1,1,2109.4
weighted_round_robin,3,104,11,15.508,25.053,0.9259,0.9259,78,0,0,78,100,200,200,0.011499,0.008465,0.026559,1,1,1,2109.4
weighted_round_robin,3,105,1,15.437,24.887,0.9255,0.9255,74,0,0,74,100,201,200,0.011554,0.008388,0.026368,1,1,1,2109.4
weighted_round_robin,3,106,11,15.451,24.884,0.9251,0.9251,76,0,0,76,102,205,205,0.011544,0.008444,0.026366,1,1,1,2109.4
weighted_round_robin,3,107,1,15.446,24.605,0.9267,0.9267,77,0,0,77,103,205,205,0.011605,0.008684,0.026049,1,1,1,2109.4
weighted_round_robin,3,108,1,15.446,24.605,0.9263,0.9263,77,0,0,77,103,206,205,0.011605,0.008684,0.026049,1,1,1,2109.4
weighted_round_robin,3,109,11,15.431,24.851,0.9259,0.9259,78,0,0,78,105,210,210,0.011547,0.008417,0.026329,1,1,1,2109.4
weighted_round_robin,3,110,1,15.399,24.606,0.9255,0.9255,74,0,0,74,105,211,210,0.011759,0.008405,0.026033,1,1,1,2109.4
weighted_round_robin,3,111,11,15.575,24.937,0.9252,0.9252,76,0,0,76,107,215,215,0.011938,0.008405,0.026381,1,1,1,2109.4
weighted_round_robin,3,112,1,15.496,24.99,0.9267,0.9267,77,0,0,77,108,215,215,0.011603,0.008409,0.026477,1,1,1,2109.4
weighted_round_robin,3,113,1,15.671,25.334,0.9263,0.9263,74,0,0,74,108,216,215,0.011727,0.00844,0.026846,1,1,1,2109.4
weighted_round_robin,3,114,11,15.619,25.319,0.9259,0.9259,74,0,0,74,110,220,220,0.011572,0.00844,0.026846,1,1,1,2109.4
weighted_round_robin,3,115,1,15.324,24.46,0.9255,0.9255,76,0,0,76,110,221,220,0.011572,0.008507,0.025892,1,1,1,2109.4
weighted_round_robin,3,116,11,15.403,24.69,0.9252,0.9252,77,0,0,77,112,225,225,0.011626,0.008442,0.026142,1,1,1,2109.4
weighted_round_robin,3,117,1,15.599,24.557,0.9267,0.9267,79,0,0,79,113,225,225,0.011641,0.009165,0.025992,1,1,1,2109.4
weighted_round_robin,3,118,1,15.231,24.307,0.9263,0.9263,75,0,0,75,113,226,225,0.011539,0.008429,0.025726,1,1,1,2109.4
weighted_round_robin,3,119,11,15.503,25.018,0.9259,0.9259,77,0,0,77,115,230,230,0.011547,0.008446,0.026515,1,1,1,2109.4
random,1,0,0,15.277,24.352,1.0,1.0,0,0,0,0,0,0,0,0.011705,0.00837,0.025757,1,1,1,1829.0
random,1,1,1,15.43,24.691,0.3333,0.3333,73,0,0,73,1,0,0,0.01179,0.008377,0.026124,1,1,1,1829.0
random,1,2,1,15.635,24.739,0.3333,0.3333,74,0,0,74,2,0,0,0.012278,0.008502,0.026124,1,1,1,1829.0
random,1,3,1,15.665,24.489,0.3333,0.3333,75,0,0,75,3,0,0,0.012515,0.00866,0.02582,1,1,1,1829.0
random,1,4,11,15.361,24.407,0.7967,0.7967,75,0,0,75,8,3,3,0.011687,0.008577,0.02582,1,1,1,1829.0
random,1,5,1,15.557,24.936,0.8427,0.8427,71,0,0,71,8,4,3,0.011687,0.008577,0.026408,1,1,1,1829.0
random,1,6,1,15.501,24.891,0.8707,0.8707,72,0,0,72,8,5,3,0.01155,0.00858,0.026373,1,1,1,1829.0
random,1,7,1,15.671,25.055,0.8377,0.8377,73,0,0,73,9,5,3,0.011591,0.008871,0.026551,1,1,1,1829.0
random,1,8,11,15.409,24.746,0.9333,0.9333,71,0,0,71,10,12,6,0.011593,0.008426,0.026208,1,1,1,1829.0
random,1,9,11,15.465,24.899,0.9512,0.9512,73,0,0,73,12,17,10,0.011533,0.008477,0.026384,1,1,1,1829.0
random,1,10,11,15.291,24.533,0.9713,0.9713,75,0,0,75,17,20,13,0.011586,0.008316,0.025972,1,1,1,1829.0
random,1,11,1,15.291,24.533,0.9644,0.9644,75,0,0,75,17,21,13,0.011586,0.008316,0.025972,1,1,1,1829.0
random,1,12,11,15.679,24.967,0.9933,0.9933,76,0,0,76,20,23,19,0.012246,0.008412,0.02638,1,1,1,1829.0
random,1,13,11,15.512,24.879,0.9951,0.9951,72,0,0,72,25,26,22,0.011559,0.008617,0.026359,1,1,1,1829.0
random,1,14,1,15.162,24.132,0.9942,0.9942,74,0,0,74,26,26,22,0.011528,0.008427,0.025532,1,1,1,1829.0
random,1,15,11,15.371,24.692,0.9989,0.9989,76,0,0,76,29,27,29,0.011535,0.008423,0.026154,1,1,1,1829.0
random,1,16,1,15.343,24.632,0.9981,0.9981,73,0,0,73,30,27,29,0.01152,0.00842,0.026089,1,1,1,1829.0
random,1,17,1,15.435,24.66,0.9992,0.9992,73,0,0,73,30,28,29,0.011795,0.00842,0.026089,1,1,1,1829.0
random,1,18,11,15.424,24.618,0.9985,0.9985,74,0,0,74,34,31,33,0.011795,0.008433,0.026043,1,1,1,1829.0
random,1,19,11,15.593,25.313,0.9978,0.9978,76,0,0,76,37,34,38,0.011504,0.008428,0.026847,1,1,1,1829.0
random,1,20,1,15.525,25.036,0.9974,0.9974,78,0,0,78,38,34,38,0.011586,0.00846,0.02653,1,1,1,1829.0
random,1,21,11,15.28,24.469,0.9978,0.9978,74,0,0,74,39,39,43,0.011519,0.008412,0.025908,1,1,1,1829.0
random,1,22,1,15.759,25.566,0.9983,0.9983,76,0,0,76,40,39,43,0.011748,0.008429,0.027101,1,1,1,1829.0
random,1,23,1,15.818,25.567,0.9984,0.9984,76,0,0,76,41,39,43,0.011765,0.008587,0.027101,1,1,1,1829.0
random,1,24,11,15.469,24.626,0.9992,0.9992,77,0,0,77,43,45,46,0.011765,0.008587,0.026055,1,1,1,1829.0
random,1,25,1,15.342,24.603,0.999,0.999,73,0,0,73,43,46,46,0.011529,0.008442,0.026056,1,1,1,1829.0
random,1,26,0,15.509,24.601,0.999,0.999,74,0,0,74,43,46,46,0.01171,0.008785,0.026033,1,1,1,1829.0
random,1,27,1,15.47,24.693,0.9996,0.9996,75,0,0,75,44,46,46,0.011896,0.008399,0.026115,1,1,1,1829.0
random,1,28,11,15.308,24.497,0.9997,0.9997,77,0,0,77,48,49,50,0.011567,0.008422,0.025934,1,1,1,1829.0
random,1,29,1,15.283,24.488,0.9996,0.9996,77,0,0,77,48,50,50,0.011476,0.00844,0.025934,1,1,1,1829.0
random,1,30,11,15.546,25.197,0.9993,0.9993,74,0,0,74,52,52,55,0.011476,0.00844,0.026721,1,1,1,1829.0
random,1,31,1,15.953,25.359,0.9995,0.9995,76,0,0,76,52,53,55,0.011953,0.009056,0.026849,1,1,1,1829.0
random,1,32,11,15.207,24.309,0.9994,0.9994,78,0,0,78,56,56,59,0.01146,0.008425,0.025737,1,1,1,1829.0
random,1,33,1,15.557,24.861,0.9995,0.9995,74,0,0,74,56,57,59,0.011917,0.008454,0.026299,1,1,1,1829.0
random,1,34,1,15.343,24.613,0.9997,0.9997,75,0,0,75,57,57,59,0.011558,0.008408,0.026064,1,1,1,1829.0
random,1,35,1,15.31,24.544,0.9998,0.9998,76,0,0,76,58,57,59,0.011492,0.008444,0.025994,1,1,1,1829.0
random,1,36,1,15.31,24.544,0.9999,0.9999,76,0,0,76,58,58,59,0.011492,0.008444,0.025994,1,1,1,1829.0
random,1,37,1,15.444,24.878,0.9999,0.9999,77,0,0,77,59,58,59,0.011568,0.008406,0.026357,1,1,1,1829.0
random,1,38,11,15.604,25.299,0.9979,0.9979,73,0,0,73,62,59,66,0.01161,0.008381,0.02682,1,1,1,1829.0
random,1,39,1,15.335,24.574,0.9979,0.9979,75,0,0,75,63,59,66,0.011548,0.008436,0.026021,1,1,1,1829.0
random,1,40,11,15.629,24.812,0.9998,0.9998,77,0,0,77,67,65,67,0.011921,0.008722,0.026244,1,1,1,1829.0
random,1,41,11,15.765,25.568,0.9984,0.9984,73,0,0,73,68,68,74,0.011465,0.008694,0.027135,1,1,1,1829.0
random,1,42,11,15.769,25.569,0.9974,0.9974,73,0,0,73,71,71,79,0.011478,0.008694,0.027135,1,1,1,1829.0
random,1,43,1,15.522,24.613,0.9977,0.9977,75,0,0,75,71,72,79,0.011478,0.009015,0.026072,1,1,1,1829.0
random,1,44,1,15.578,25.302,0.998,0.998,76,0,0,76,72,72,79,0.011462,0.008431,0.02684,1,1,1,1829.0
random,1,45,1,15.479,24.866,0.9983,0.9983,73,0,0,73,72,73,79,0.011605,0.008493,0.026339,1,1,1,1829.0
random,1,46,11,15.416,24.659,0.9963,0.9963,74,0,0,74,74,76,85,0.011722,0.008431,0.026096,1,1,1,1829.0
random,1,47,1,15.442,24.883,0.9965,0.9965,76,0,0,76,74,77,85,0.011561,0.008401,0.026363,1,1,1,1829.0
random,1,48,1,15.461,24.884,0.997,0.997,76,0,0,76,75,77,85,0.011576,0.008443,0.026363,1,1,1,1829.0
random,1,49,11,15.489,24.96,0.9957,0.9957,77,0,0,77,77,81,90,0.011576,0.008443,0.026447,1,1,1,1829.0
random,1,50,1,15.39,24.68,0.9962,0.9962,74,0,0,74,78,81,90,0.011634,0.008407,0.026129,1,1,1,1829.0
random,1,51,0,15.487,24.978,0.9962,0.9962,75,0,0,75,78,81,90,0.011531,0.008459,0.026472,1,1,1,1829.0
random,1,52,1,15.383,24.713,0.9967,0.9967,76,0,0,76,79,81,90,0.011541,0.00843,0.026177,1,1,1,1829.0
random,1,53,1,15.519,24.964,0.9971,0.9971,72,0,0,72,80,81,90,0.011571,0.008533,0.026452,1,1,1,1829.0
random,1,54,11,15.828,24.964,0.9971,0.9971,72,0,0,72,84,84,94,0.011575,0.009457,0.026452,1,1,1,1829.0
random,1,55,11,15.707,24.637,0.9978,0.9978,74,0,0,74,89,87,97,0.011575,0.009457,0.026088,1,1,1,1829.0
random,1,56,1,15.691,24.632,0.9981,0.9981,74,0,0,74,89,88,97,0.011527,0.009457,0.026088,1,1,1,1829.0
random,1,57,0,15.691,24.632,0.9981,0.9981,74,0,0,74,89,88,97,0.011527,0.009457,0.026088,1,1,1,1829.0
random,1,58,1,17.062,25.151,0.9983,0.9983,72,0,0,72,89,89,97,0.011527,0.013176,0.026482,1,1,1,1829.0
random,1,59,1,15.782,24.918,0.9985,0.9985,73,0,0,73,90,89,97,0.008292,0.01279,0.026265,1,1,1,1829.0
random,1,60,11,15.48,24.797,0.9982,0.9982,75,0,0,75,91,95,101,0.007421,0.012901,0.026119,1,1,1,1829.0
random,1,61,1,15.858,24.779,0.9985,0.9985,72,0,0,72,92,95,101,0.008673,0.012789,0.026111,1,1,1,1829.0
random,1,62,11,15.345,24.749,0.9994,0.9994,74,0,0,74,97,99,103,0.007391,0.012538,0.026106,1,1,1,1829.0
random,1,63,11,15.345,24.749,0.9994,0.9994,74,0,0,74,102,101,107,0.007391,0.012538,0.026106,1,1,1,1829.0
random,1,64,1,15.406,24.799,0.9995,0.9995,76,0,0,76,102,102,107,0.007328,0.012753,0.026137,1,1,1,1829.0
random,1,65,11,15.713,25.345,0.9991,0.9991,77,0,0,77,105,105,112,0.007453,0.012967,0.02672,1,1,1,1829.0
random,1,66,11,15.348,24.745,0.9991,0.9991,76,0,0,76,107,111,115,0.007407,0.012536,0.026102,1,1,1,1829.0
random,1,67,1,15.527,25.021,0.9993,0.9993,77,0,0,77,108,111,115,0.007411,0.012789,0.02638,1,1,1,1829.0
random,1,68,1,15.38,24.934,0.9993,0.9993,78,0,0,78,108,112,115,0.007319,0.012506,0.026315,1,1,1,1829.0
random,1,69,1,15.39,24.934,0.9993,0.9993,78,0,0,78,108,113,115,0.00735,0.012506,0.026315,1,1,1,1829.0
random,1,70,1,15.708,25.534,0.9995,0.9995,73,0,0,73,109,113,115,0.00735,0.01283,0.026945,1,1,1,1829.0
random,1,71,11,15.613,25.05,0.9997,0.9997,74,0,0,74,113,117,118,0.007836,0.012565,0.026437,1,1,1,1829.0
random,1,72,1,15.6,25.027,0.9996,0.9996,76,0,0,76,113,118,118,0.00757,0.01285,0.02638,1,1,1,1829.0
random,1,73,1,15.358,24.556,0.9995,0.9995,77,0,0,77,113,119,118,0.007598,0.01259,0.025886,1,1,1,1829.0
random,1,74,1,15.484,24.995,0.9997,0.9997,72,0,0,72,114,119,118,0.007434,0.012652,0.026366,1,1,1,1829.0
random,1,75,1,15.444,24.988,0.9998,0.9998,72,0,0,72,115,119,118,0.007381,0.012586,0.026366,1,1,1,1829.0
random,1,76,1,15.34,24.705,0.9999,0.9999,73,0,0,73,116,119,118,0.007381,0.012586,0.026052,1,1,1,1829.0
random,1,77,1,15.426,24.966,1.0,1.0,74,0,0,74,117,119,118,0.007389,0.012542,0.026347,1,1,1,1829.0
random,1,78,1,15.44,24.898,0.9999,0.9999,70,0,0,70,117,120,118,0.007577,0.012465,0.026279,1,1,1,1829.0
random,1,79,1,15.325,24.694,0.9999,0.9999,71,0,0,71,118,120,118,0.007384,0.012548,0.026043,1,1,1,1829.0
random,1,80,1,15.405,24.798,0.9999,0.9999,72,0,0,72,118,121,118,0.007443,0.012621,0.026151,1,1,1,1829.0
random,1,81,11,15.734,24.887,0.9998,0.9998,72,0,0,72,120,124,124,0.007543,0.013507,0.026151,1,1,1,1829.0
random,1,82,11,15.833,25.155,0.9996,0.9996,74,0,0,74,123,127,129,0.007543,0.013507,0.026449,1,1,1,1829.0
random,1,83,1,15.425,24.89,0.9995,0.9995,70,0,0,70,123,127,130,0.007428,0.012591,0.026256,1,1,1,1829.0
random,1,84,10,15.31,24.688,0.9986,0.9986,72,0,0,72,124,130,136,0.0074,0.012485,0.026044,1,1,1,1829.0
random,1,85,1,15.52,25.021,0.9988,0.9988,73,0,0,73,125,130,136,0.007353,0.012832,0.026375,1,1,1,1829.0
random,1,86,1,15.382,24.622,0.999,0.999,70,0,0,70,126,130,136,0.007657,0.012522,0.025967,1,1,1,1829.0
random,1,87,1,15.451,25.016,0.9992,0.9992,71,0,0,71,127,130,136,0.007415,0.012536,0.026403,1,1,1,1829.0
random,1,88,11,15.451,25.016,0.9988,0.9988,71,0,0,71,130,133,141,0.007415,0.012536,0.026403,1,1,1,1829.0
random,1,89,1,15.618,25.021,0.999,0.999,73,0,0,73,131,133,141,0.007659,0.012818,0.026377,1,1,1,1829.0
random,1,90,1,15.444,24.968,0.999,0.999,68,0,0,68,131,134,141,0.007391,0.012597,0.026343,1,1,1,1829.0
random,1,91,11,15.432,24.96,0.999,0.999,70,0,0,70,133,141,143,0.007386,0.012574,0.026336,1,1,1,1829.0
random,1,92,1,15.496,24.817,0.999,0.999,71,0,0,71,133,142,143,0.007413,0.012938,0.026137,1,1,1,1829.0
random,1,93,1,15.533,25.032,0.9992,0.9992,72,0,0,72,134,142,143,0.007415,0.012791,0.026392,1,1,1,1829.0
random,1,94,11,15.53,25.032,0.9992,0.9992,72,0,0,72,138,144,148,0.007407,0.012791,0.026392,1,1,1,1829.0
random,1,95,1,15.504,25.053,0.9993,0.9993,70,0,0,70,139,144,148,0.007407,0.012676,0.026428,1,1,1,1829.0
random,1,96,1,15.49,25.079,0.9995,0.9995,71,0,0,71,140,144,148,0.007393,0.012613,0.026464,1,1,1,1829.0
random,1,97,1,15.511,25.217,0.9996,0.9996,72,0,0,72,141,144,148,0.007396,0.012509,0.026629,1,1,1,1829.0
random,1,98,1,15.411,24.901,0.9997,0.9997,68,0,0,68,142,144,148,0.0074,0.012562,0.026272,1,1,1,1829.0
random,1,99,1,15.345,24.776,0.9998,0.9998,69,0,0,69,143,144,148,0.007382,0.012514,0.026139,1,1,1,1829.0
random,1,100,1,15.349,24.776,0.9998,0.9998,69,0,0,69,144,144,148,0.007395,0.012514,0.026139,1,1,1,1829.0
random,1,101,1,15.882,25.696,0.9999,0.9999,70,0,0,70,144,145,148,0.007395,0.013163,0.027089,1,1,1,1829.0
random,1,102,1,15.682,25.035,0.9999,0.9999,71,0,0,71,144,146,148,0.007389,0.013321,0.026337,1,1,1,1829.0
random,1,103,1,15.409,24.962,0.9999,0.9999,66,0,0,66,145,146,148,0.007326,0.01256,0.02634,1,1,1,1829.0
random,1,104,11,15.054,23.912,0.9998,0.9998,70,0,0,70,148,149,153,0.007411,0.012581,0.025171,1,1,1,1829.0
random,1,105,1,15.464,24.859,0.9998,0.9998,69,0,0,69,149,149,153,0.007544,0.01263,0.026218,1,1,1,1829.0
random,1,106,1,15.493,24.881,0.9999,0.9999,69,0,0,69,150,149,153,0.007415,0.012847,0.026218,1,1,1,1829.0
random,1,107,11,15.386,24.591,0.9994,0.9994,65,0,0,65,154,150,159,0.007415,0.012847,0.025896,1,1,1,1829.0
random,1,108,11,15.524,25.154,0.9992,0.9992,67,0,0,67,157,153,164,0.007456,0.012562,0.026553,1,1,1,1829.0
random,1,109,11,15.515,24.967,0.9992,0.9992,69,0,0,69,159,158,168,0.007396,0.012834,0.026315,1,1,1,1829.0
random,1,110,1,15.626,25.163,0.9993,0.9993,71,0,0,71,159,159,168,0.00742,0.012937,0.026521,1,1,1,1829.0
random,1,111,1,15.373,24.76,0.9994,0.9994,68,0,0,68,160,159,168,0.007441,0.012564,0.026115,1,1,1,1829.0
random,1,112,11,15.19,24.342,0.9991,0.9991,70,0,0,70,163,162,173,0.007343,0.012579,0.025649,1,1,1,1829.0
random,1,113,0,15.19,24.342,0.9991,0.9991,70,0,0,70,163,162,173,0.007343,0.012579,0.025649,1,1,1,1829.0
random,1,114,1,15.449,25.03,0.9992,0.9992,71,0,0,71,164,162,173,0.0074,0.012528,0.026419,1,1,1,1829.0
random,1,115,11,16.042,26.184,0.9991,0.9991,69,0,0,69,167,166,177,0.007816,0.012619,0.027691,1,1,1,1829.0
random,1,116,1,15.418,24.932,0.9992,0.9992,70,0,0,70,168,166,177,0.007404,0.012542,0.026309,1,1,1,1829.0
random,1,117,1,15.56,24.992,0.9993,0.9993,71,0,0,71,168,167,177,0.007456,0.012888,0.026337,1,1,1,1829.0
random,1,118,1,15.757,25.101,0.9994,0.9994,72,0,0,72,168,168,177,0.007399,0.013478,0.026393,1,1,1,1829.0
random,1,119,1,15.756,25.101,0.9994,0.9994,72,0,0,72,168,169,177,0.007398,0.013478,0.026393,1,1,1,1829.0
random,2,0,0,15.59,25.355,1.0,1.0,0,0,0,0,0,0,0,0.007384,0.012616,0.02677,1,1,1,2027.9
random,2,1,1,15.616,24.974,0.3333,0.3333,69,0,0,69,1,0,0,0.007436,0.013122,0.026291,1,1,1,2027.9
random,2,2,1,15.387,24.808,0.6667,0.6667,64,0,0,64,1,1,0,0.00742,0.012575,0.026167,1,1,1,2027.9
random,2,3,11,15.415,24.939,0.9235,0.9235,66,0,0,66,4,6,3,0.007375,0.012556,0.026315,1,1,1,2027.9
random,2,4,11,15.311,24.68,0.9697,0.9697,68,0,0,68,7,10,7,0.007369,0.012536,0.026029,1,1,1,2027.9
random,2,5,1,15.311,24.68,0.9781,0.9781,68,0,0,68,8,10,7,0.007369,0.012536,0.026029,1,1,1,2027.9
random,2,6,1,15.394,24.491,0.9797,0.9797,69,0,0,69,9,10,7,0.007852,0.012508,0.025822,1,1,1,2027.9
random,2,7,11,15.265,24.575,0.973,0.973,67,0,0,67,10,15,12,0.00738,0.012498,0.025917,1,1,1,2027.9
random,2,8,1,15.643,25.339,0.9627,0.9627,68,0,0,68,10,16,12,0.007567,0.012609,0.026754,1,1,1,2027.9
random,2,9,1,15.44,25.032,0.9512,0.9512,69,0,0,69,10,17,12,0.007399,0.012496,0.026425,1,1,1,2027.9
random,2,10,1,15.443,25.05,0.9627,0.9627,66,0,0,66,11,17,12,0.007324,0.012567,0.026437,1,1,1,2027.9
random,2,11,1,15.467,25.05,0.9513,0.9513,66,0,0,66,11,18,12,0.007397,0.012567,0.026437,1,1,1,2027.9
random,2,12,1,15.359,24.751,0.9393,0.9393,67,0,0,67,11,19,12,0.007397,0.012575,0.026104,1,1,1,2027.9
random,2,13,1,15.622,25.477,0.9268,0.9268,68,0,0,68,11,20,12,0.007394,0.012561,0.026912,1,1,1,2027.9
random,2,14,1,15.314,24.616,0.9141,0.9141,69,0,0,69,11,21,12,0.007425,0.01256,0.025956,1,1,1,2027.9
random,2,15,1,15.31,24.698,0.9012,0.9012,67,0,0,67,11,22,12,0.00734,0.01254,0.026049,1,1,1,2027.9
random,2,16,11,15.504,24.913,0.9218,0.9218,69,0,0,69,13,26,17,0.007432,0.012824,0.026256,1,1,1,2027.9
random,2,17,11,15.424,24.888,0.9464,0.9464,69,0,0,69,16,29,22,0.007442,0.012575,0.026256,1,1,1,2027.9
random,2,18,1,15.507,25.11,0.955,0.955,71,0,0,71,17,29,22,0.007442,0.012575,0.026503,1,1,1,2027.9
random,2,19,1,15.347,24.737,0.9486,0.9486,66,0,0,66,17,30,22,0.007396,0.012553,0.026091,1,1,1,2027.9
random,2,20,1,15.346,24.726,0.9419,0.9419,67,0,0,67,17,31,22,0.00742,0.012539,0.02608,1,1,1,2027.9
random,2,21,1,15.434,24.752,0.9351,0.9351,68,0,0,68,17,32,22,0.007386,0.012841,0.026076,1,1,1,2027.9
random,2,22,1,15.454,25.027,0.928,0.928,69,0,0,69,17,33,22,0.007391,0.012558,0.026413,1,1,1,2027.9
random,2,23,1,15.543,25.053,0.9364,0.9364,69,0,0,69,18,33,22,0.007399,0.012817,0.026413,1,1,1,2027.9
random,2,24,1,15.333,24.486,0.9294,0.9294,66,0,0,66,18,34,22,0.007399,0.012817,0.025783,1,1,1,2027.9
random,2,25,1,15.401,24.815,0.937,0.937,67,0,0,67,19,34,22,0.007476,0.01255,0.026178,1,1,1,2027.9
random,2,26,1,15.592,24.73,0.9438,0.9438,68,0,0,68,20,34,22,0.007464,0.013315,0.025998,1,1,1,2027.9
random,2,27,1,15.48,25.059,0.9371,0.9371,63,0,0,63,20,35,22,0.007388,0.012611,0.026442,1,1,1,2027.9
random,2,28,1,15.481,25.111,0.9433,0.9433,64,0,0,64,21,35,22,0.00744,0.012491,0.026513,1,1,1,2027.9
random,2,29,1,15.299,24.592,0.9486,0.9486,65,0,0,65,22,35,22,0.007416,0.012551,0.02593,1,1,1,2027.9
random,2,30,1,15.299,24.592,0.9532,0.9532,65,0,0,65,23,35,22,0.007416,0.012551,0.02593,1,1,1,2027.9
random,2,31,11,15.555,24.751,0.9757,0.9757,62,0,0,62,26,37,28,0.007821,0.012762,0.026083,1,1,1,2027.9
random,2,32,0,15.463,24.885,0.9757,0.9757,64,0,0,64,26,37,28,0.007404,0.012753,0.026233,1,1,1,2027.9
random,2,33,1,15.497,25.138,0.9789,0.9789,65,0,0,65,27,37,28,0.007428,0.012524,0.02654,1,1,1,2027.9
random,2,34,11,15.449,25.032,0.9815,0.9815,67,0,0,67,31,41,31,0.007404,0.01252,0.026422,1,1,1,2027.9
random,2,35,1,15.379,24.783,0.9835,0.9835,64,0,0,64,32,41,31,0.007451,0.012543,0.026143,1,1,1,2027.9
random,2,36,1,15.627,24.783,0.985,0.985,64,0,0,64,33,41,31,0.008194,0.012543,0.026143,1,1,1,2027.9
random,2,37,11,15.723,24.901,0.9858,0.9858,65,0,0,65,34,45,37,0.008194,0.01272,0.026255,1,1,1,2027.9
random,2,38,11,15.272,24.417,0.994,0.994,68,0,0,68,40,47,40,0.007425,0.012669,0.025722,1,1,1,2027.9
random,2,39,1,15.383,24.828,0.9922,0.9922,66,0,0,66,40,48,40,0.0074,0.012556,0.026192,1,1,1,2027.9
random,2,40,1,15.399,24.793,0.9904,0.9904,67,0,0,67,40,49,40,0.007439,0.01261,0.026147,1,1,1,2027.9
random,2,41,1,15.627,24.992,0.9883,0.9883,68,0,0,68,40,50,40,0.007388,0.013189,0.026303,1,1,1,2027.9
random,2,42,11,15.424,24.93,0.9961,0.9961,68,0,0,68,44,51,46,0.007397,0.012573,0.026303,1,1,1,2027.9
random,2,43,1,15.384,24.821,0.9969,0.9969,70,0,0,70,45,51,46,0.007397,0.012573,0.026182,1,1,1,2027.9
random,2,44,11,15.35,24.749,0.9977,0.9977,66,0,0,66,51,54,48,0.007379,0.01257,0.026102,1,1,1,2027.9
random,2,45,11,15.681,25.307,0.9986,0.9986,68,0,0,68,55,57,52,0.007664,0.012667,0.026712,1,1,1,2027.9
random,2,46,1,15.806,25.587,0.9985,0.9985,70,0,0,70,56,57,52,0.007824,0.01256,0.027034,1,1,1,2027.9
random,2,47,1,15.749,25.021,0.998,0.998,65,0,0,65,56,58,52,0.008255,0.012589,0.026402,1,1,1,2027.9
random,2,48,1,15.373,24.705,0.9974,0.9974,66,0,0,66,56,59,52,0.007426,0.012647,0.026045,1,1,1,2027.9
random,2,49,1,15.373,24.705,0.9972,0.9972,66,0,0,66,57,59,52,0.007426,0.012647,0.026045,1,1,1,2027.9
random,2,50,11,15.432,24.82,0.999,0.999,67,0,0,67,61,61,57,0.00741,0.012722,0.026164,1,1,1,2027.9
random,2,51,11,15.489,24.704,0.9996,0.9996,69,0,0,69,63,65,62,0.007761,0.012664,0.026042,1,1,1,2027.9
random,2,52,1,15.293,24.618,0.9996,0.9996,66,0,0,66,64,65,62,0.007399,0.012518,0.025962,1,1,1,2027.9
random,2,53,1,15.468,24.914,0.9993,0.9993,67,0,0,67,64,66,62,0.007568,0.012549,0.026288,1,1,1,2027.9
random,2,54,1,15.283,24.457,0.999,0.999,68,0,0,68,64,67,62,0.007475,0.012598,0.025775,1,1,1,2027.9
random,2,55,11,15.283,24.457,0.9996,0.9996,68,0,0,68,66,69,69,0.007475,0.012598,0.025775,1,1,1,2027.9
random,2,56,1,15.342,24.7,0.9994,0.9994,66,0,0,66,66,70,69,0.007421,0.012557,0.026049,1,1,1,2027.9
random,2,57,1,15.87,25.572,0.9991,0.9991,67,0,0,67,66,71,69,0.007793,0.012828,0.026988,1,1,1,2027.9
random,2,58,1,15.462,25.015,0.9994,0.9994,68,0,0,68,67,71,69,0.007423,0.012565,0.026398,1,1,1,2027.9
random,2,59,0,15.355,24.697,0.9994,0.9994,69,0,0,69,67,71,69,0.007395,0.012632,0.026038,1,1,1,2027.9
random,2,60,1,15.461,24.983,0.9997,0.9997,67,0,0,67,68,71,69,0.007376,0.012655,0.026353,1,1,1,2027.9
random,2,61,1,15.47,24.983,0.9994,0.9994,67,0,0,67,68,72,69,0.007401,0.012655,0.026353,1,1,1,2027.9
random,2,62,1,15.344,24.734,0.9996,0.9996,68,0,0,68,69,72,69,0.007401,0.012543,0.026089,1,1,1,2027.9
random,2,63,1,15.485,25.174,0.9993,0.9993,69,0,0,69,69,73,69,0.007383,0.012489,0.026584,1,1,1,2027.9
random,2,64,11,15.428,24.968,0.9999,0.9999,66,0,0,66,74,75,73,0.007414,0.01252,0.026351,1,1,1,2027.9
random,2,65,1,15.482,24.933,0.9997,0.9997,67,0,0,67,74,76,73,0.007459,0.012695,0.026293,1,1,1,2027.9
random,2,66,1,15.728,24.797,0.9997,0.9997,68,0,0,68,75,76,73,0.008161,0.012904,0.026119,1,1,1,2027.9
random,2,67,11,15.355,24.764,0.9999,0.9999,68,0,0,68,79,79,77,0.007377,0.012569,0.026119,1,1,1,2027.9
random,2,68,1,15.336,24.714,0.9997,0.9997,66,0,0,66,80,79,77,0.007377,0.012569,0.026063,1,1,1,2027.9
random,2,69,1,15.353,24.721,0.9997,0.9997,66,0,0,66,80,80,77,0.007439,0.012545,0.026074,1,1,1,2027.9
random,2,70,1,15.329,24.805,0.9995,0.9995,67,0,0,67,81,80,77,0.007398,0.012408,0.026182,1,1,1,2027.9
random,2,71,11,15.257,24.301,0.9982,0.9982,69,0,0,69,85,86,78,0.007458,0.012726,0.025587,1,1,1,2027.9
random,2,72,11,15.594,25.203,0.9977,0.9977,68,0,0,68,88,91,81,0.007691,0.012473,0.026617,1,1,1,2027.9
random,2,73,1,15.627,25.239,0.9973,0.9973,68,0,0,68,88,92,81,0.007429,0.012835,0.026617,1,1,1,2027.9
random,2,74,1,15.438,24.729,0.9972,0.9972,69,0,0,69,89,92,81,0.007429,0.012835,0.02605,1,1,1,2027.9
random,2,75,1,15.419,24.892,0.9968,0.9968,70,0,0,70,89,93,81,0.007421,0.012575,0.026261,1,1,1,2027.9
random,2,76,1,15.415,25.019,0.9967,0.9967,67,0,0,67,90,93,81,0.007328,0.012509,0.026409,1,1,1,2027.9
random,2,77,1,15.389,24.699,0.9962,0.9962,68,0,0,68,90,94,81,0.007554,0.012565,0.026047,1,1,1,2027.9
random,2,78,11,15.374,24.814,0.9959,0.9959,70,0,0,70,90,100,86,0.007398,0.012548,0.026177,1,1,1,2027.9
random,2,79,1,15.363,24.707,0.9961,0.9961,71,0,0,71,91,100,86,0.007381,0.012662,0.026045,1,1,1,2027.9
random,2,80,11,15.363,24.707,0.998,0.998,71,0,0,71,94,102,92,0.007381,0.012662,0.026045,1,1,1,2027.9
random,2,81,1,15.405,24.858,0.9975,0.9975,68,0,0,68,94,103,92,0.007431,0.01256,0.026225,1,1,1,2027.9
random,2,82,1,15.469,25.012,0.9977,0.9977,69,0,0,69,95,103,92,0.007447,0.012566,0.026395,1,1,1,2027.9
random,2,83,1,15.413,24.939,0.9978,0.9978,70,0,0,70,96,103,92,0.007419,0.0125,0.026321,1,1,1,2027.9
random,2,84,1,15.536,24.723,0.9974,0.9974,67,0,0,67,96,104,92,0.00763,0.012946,0.026032,1,1,1,2027.9
random,2,85,11,15.311,24.687,0.9982,0.9982,69,0,0,69,99,107,97,0.007325,0.012575,0.026033,1,1,1,2027.9
random,2,86,1,15.344,24.687,0.9978,0.9978,69,0,0,69,99,108,97,0.007425,0.012575,0.026033,1,1,1,2027.9
random,2,87,1,15.369,24.585,0.9973,0.9973,70,0,0,70,99,109,97,0.007425,0.012786,0.025896,1,1,1,2027.9
random,2,88,1,15.458,25.049,0.9975,0.9975,71,0,0,71,100,109,97,0.007359,0.012582,0.026434,1,1,1,2027.9
random,2,89,1,15.36,24.801,0.9976,0.9976,69,0,0,69,101,109,97,0.007377,0.012539,0.026164,1,1,1,2027.9
random,2,90,0,15.366,24.783,0.9976,0.9976,70,0,0,70,101,109,97,0.007395,0.012562,0.026141,1,1,1,2027.9
random,2,91,11,15.425,25.005,0.9971,0.9971,72,0,0,72,103,114,101,0.007325,0.012564,0.026387,1,1,1,2027.9
random,2,92,1,15.561,25.007,0.9973,0.9973,72,0,0,72,104,114,101,0.007703,0.012592,0.026387,1,1,1,2027.9
random,2,93,1,15.416,24.616,0.9974,0.9974,68,0,0,68,105,114,101,0.007703,0.012592,0.025952,1,1,1,2027.9
random,2,94,11,15.289,24.63,0.9977,0.9977,70,0,0,70,110,117,104,0.007405,0.012483,0.02598,1,1,1,2027.9
random,2,95,1,15.587,25.013,0.9973,0.9973,71,0,0,71,110,118,104,0.007783,0.012583,0.026394,1,1,1,2027.9
random,2,96,1,15.643,25.532,0.9974,0.9974,72,0,0,72,111,118,104,0.007443,0.012505,0.02698,1,1,1,2027.9
random,2,97,11,15.451,24.884,0.9987,0.9987,70,0,0,70,114,120,110,0.00744,0.012671,0.026241,1,1,1,2027.9
random,2,98,1,15.632,25.419,0.9984,0.9984,71,0,0,71,114,121,110,0.007399,0.012661,0.026837,1,1,1,2027.9
random,2,99,1,15.632,25.419,0.9985,0.9985,71,0,0,71,115,121,110,0.007399,0.012661,0.026837,1,1,1,2027.9
random,2,100,1,15.369,24.723,0.9985,0.9985,72,0,0,72,116,121,110,0.007387,0.012657,0.026064,1,1,1,2027.9
random,2,101,1,15.489,24.964,0.9982,0.9982,67,0,0,67,116,122,110,0.007302,0.012854,0.02631,1,1,1,2027.9
random,2,102,11,15.537,25.049,0.998,0.998,69,0,0,69,120,126,113,0.007412,0.012787,0.026412,1,1,1,2027.9
random,2,103,1,15.507,25.198,0.998,0.998,70,0,0,70,121,126,113,0.007387,0.012529,0.026606,1,1,1,2027.9
random,2,104,1,15.407,24.828,0.9977,0.9977,66,0,0,66,121,127,113,0.00743,0.012606,0.026186,1,1,1,2027.9
random,2,105,1,15.403,24.828,0.9977,0.9977,66,0,0,66,122,127,113,0.007418,0.012606,0.026186,1,1,1,2027.9
random,2,106,1,15.561,25.241,0.9976,0.9976,67,0,0,67,123,127,113,0.007418,0.012622,0.026643,1,1,1,2027.9
random,2,107,11,15.773,25.188,0.9987,0.9987,68,0,0,68,125,130,119,0.007426,0.013395,0.026498,1,1,1,2027.9
random,2,108,1,15.656,24.908,0.9985,0.9985,70,0,0,70,125,131,119,0.007438,0.013336,0.026194,1,1,1,2027.9
random,2,109,11,15.415,24.642,0.999,0.999,67,0,0,67,128,134,124,0.007696,0.012566,0.025984,1,1,1,2027.9
random,2,110,1,15.341,24.742,0.999,0.999,69,0,0,69,129,134,124,0.007322,0.012612,0.02609,1,1,1,2027.9
random,2,111,11,15.401,24.744,0.9995,0.9995,69,0,0,69,130,137,131,0.007478,0.012634,0.02609,1,1,1,2027.9
random,2,112,1,15.425,24.811,0.9995,0.9995,71,0,0,71,131,137,131,0.007478,0.012634,0.026164,1,1,1,2027.9
random,2,113,1,15.525,25.034,0.9996,0.9996,66,0,0,66,132,137,131,0.00759,0.012564,0.02642,1,1,1,2027.9
random,2,114,11,15.531,25.227,0.9996,0.9996,67,0,0,67,135,141,135,0.007399,0.01256,0.026635,1,1,1,2027.9
random,2,115,1,15.36,24.806,0.9994,0.9994,69,0,0,69,135,142,135,0.007408,0.012498,0.026174,1,1,1,2027.9
random,2,116,7,15.666,24.659,0.9994,0.9994,70,0,0,70,135,143,141,0.007475,0.013638,0.025884,1,1,1,2027.9
random,2,117,4,15.447,25.031,0.9993,0.9993,68,0,0,68,136,145,142,0.007395,0.012524,0.026421,1,1,1,2027.9
random,2,118,1,15.447,25.031,0.9992,0.9992,68,0,0,68,136,146,142,0.007395,0.012524,0.026421,1,1,1,2027.9
random,2,119,11,15.7,25.757,0.9991,0.9991,70,0,0,70,139,149,147,0.007446,0.012415,0.027239,1,1,1,2027.9
random,3,0,0,15.528,25.19,1.0,1.0,0,0,0,0,0,0,0,0.007394,0.012602,0.026589,1,1,1,1863.9
random,3,1,1,15.786,25.138,0.3333,0.3333,68,0,0,68,0,1,0,0.007574,0.013335,0.026449,1,1,1,1863.9
random,3,2,1,15.399,24.821,0.6667,0.6667,69,0,0,69,1,1,0,0.007452,0.012561,0.026183,1,1,1,1863.9
random,3,3,1,15.37,24.767,0.6,0.6,70,0,0,70,2,1,0,0.007406,0.012583,0.026121,1,1,1,1863.9
random,3,4,1,15.411,24.767,0.5333,0.5333,70,0,0,70,3,1,0,0.00753,0.012583,0.026121,1,1,1,1863.9
random,3,5,1,15.617,25.084,0.4902,0.4902,66,0,0,66,4,1,0,0.00753,0.012881,0.02644,1,1,1,1863.9
random,3,6,1,15.332,24.711,0.4615,0.4615,67,0,0,67,5,1,0,0.007404,0.012528,0.026065,1,1,1,1863.9
random,3,7,1,15.496,24.793,0.5632,0.5632,68,0,0,68,5,2,0,0.007422,0.012958,0.026108,1,1,1,1863.9
random,3,8,11,15.75,25.538,0.7714,0.7714,65,0,0,65,10,2,6,0.007466,0.012835,0.026949,1,1,1,1863.9
random,3,9,11,15.498,25.061,0.8733,0.8733,67,0,0,67,14,5,10,0.00743,0.012619,0.026444,1,1,1,1863.9
random,3,10,11,15.555,25.081,0.9227,0.9227,67,0,0,67,15,8,17,0.007402,0.012818,0.026444,1,1,1,1863.9
random,3,11,1,15.416,24.706,0.9417,0.9417,69,0,0,69,15,9,17,0.007402,0.012818,0.026027,1,1,1,1863.9
random,3,12,1,15.854,25.341,0.9577,0.9577,70,0,0,70,15,10,17,0.007663,0.013211,0.026689,1,1,1,1863.9
random,3,13,11,15.639,25.305,0.9261,0.9261,67,0,0,67,19,11,23,0.00738,0.012847,0.026689,1,1,1,1863.9
random,3,14,11,15.41,25.126,0.9416,0.9416,70,0,0,70,21,15,28,0.007422,0.012253,0.026556,1,1,1,1863.9
random,3,15,1,15.52,25.148,0.9433,0.9433,71,0,0,71,22,15,28,0.007404,0.012615,0.02654,1,1,1,1863.9
random,3,16,11,15.933,25.527,0.9429,0.9429,68,0,0,68,27,17,32,0.008279,0.012552,0.026969,1,1,1,1863.9
random,3,17,1,15.933,25.527,0.9515,0.9515,68,0,0,68,27,18,32,0.008279,0.012552,0.026969,1,1,1,1863.9
random,3,18,11,15.502,25.12,0.969,0.969,69,0,0,69,32,22,34,0.007459,0.012527,0.026519,1,1,1,1863.9
random,3,19,11,15.593,25.197,0.9629,0.9629,71,0,0,71,36,24,39,0.00739,0.012818,0.026572,1,1,1,1863.9
random,3,20,11,15.493,25.086,0.9635,0.9635,73,0,0,73,39,27,44,0.007459,0.012539,0.02648,1,1,1,1863.9
random,3,21,1,15.763,24.971,0.9684,0.9684,72,0,0,72,39,28,44,0.008268,0.012686,0.026336,1,1,1,1863.9
random,3,22,11,15.152,24.261,0.9701,0.9701,74,0,0,74,43,31,48,0.007347,0.012545,0.025563,1,1,1,1863.9
random,3,23,1,15.15,24.261,0.9741,0.9741,74,0,0,74,43,32,48,0.007343,0.012545,0.025563,1,1,1,1863.9
random,3,24,11,15.465,25.083,0.971,0.971,75,0,0,75,48,34,52,0.007343,0.012578,0.026473,1,1,1,1863.9
random,3,25,1,15.672,24.82,0.9747,0.9747,72,0,0,72,48,35,52,0.008256,0.01258,0.02618,1,1,1,1863.9
random,3,26,0,15.394,24.841,0.9747,0.9747,73,0,0,73,48,35,52,0.007378,0.012602,0.026201,1,1,1,1863.9
random,3,27,1,15.368,24.816,0.974,0.974,74,0,0,74,49,35,52,0.007405,0.012517,0.026182,1,1,1,1863.9
random,3,28,1,15.46,25.04,0.9774,0.9774,75,0,0,75,49,36,52,0.007374,0.012583,0.026424,1,1,1,1863.9
random,3,29,11,15.639,25.069,0.9733,0.9733,75,0,0,75,53,38,57,0.007614,0.012879,0.026424,1,1,1,1863.9
random,3,30,1,15.539,24.799,0.9764,0.9764,73,0,0,73,53,39,57,0.007614,0.012879,0.026124,1,1,1,1863.9
random,3,31,1,15.562,25.122,0.9758,0.9758,74,0,0,74,54,39,57,0.007425,0.012766,0.026495,1,1,1,1863.9
random,3,32,11,15.731,25.041,0.9727,0.9727,76,0,0,76,59,41,61,0.008032,0.012756,0.026406,1,1,1,1863.9
random,3,33,1,15.509,24.845,0.9757,0.9757,71,0,0,71,59,42,61,0.007396,0.012966,0.026165,1,1,1,1863.9
random,3,34,11,15.426,24.769,0.9723,0.9723,73,0,0,73,63,44,66,0.007329,0.012855,0.026093,1,1,1,1863.9
random,3,35,11,15.471,24.99,0.9614,0.9614,75,0,0,75,69,44,71,0.007425,0.012623,0.026364,1,1,1,1863.9
random,3,36,1,15.471,24.99,0.9605,0.9605,75,0,0,75,70,44,71,0.007425,0.012623,0.026364,1,1,1,1863.9
random,3,37,1,15.355,24.703,0.9637,0.9637,76,0,0,76,70,45,71,0.007384,0.012639,0.026043,1,1,1,1863.9
random,3,38,1,15.376,24.768,0.9628,0.9628,74,0,0,74,71,45,71,0.007415,0.012592,0.026121,1,1,1,1863.9
random,3,39,1,15.558,25.344,0.9658,0.9658,75,0,0,75,71,46,71,0.007248,0.012675,0.026752,1,1,1,1863.9
random,3,40,1,15.482,25.101,0.9648,0.9648,76,0,0,76,72,46,71,0.007409,0.012542,0.026496,1,1,1,1863.9
random,3,41,1,15.534,25.044,0.9678,0.9678,72,0,0,72,72,47,71,0.007391,0.012806,0.026404,1,1,1,1863.9
random,3,42,11,15.534,25.044,0.9685,0.9685,72,0,0,72,74,50,77,0.007391,0.012806,0.026404,1,1,1,1863.9
random,3,43,11,15.674,25.296,0.9709,0.9709,74,0,0,74,75,54,83,0.007465,0.012881,0.026675,1,1,1,1863.9
random,3,44,1,15.405,24.794,0.9706,0.9706,76,0,0,76,76,54,83,0.007446,0.012622,0.026147,1,1,1,1863.9
random,3,45,11,15.431,24.936,0.9687,0.9687,72,0,0,72,81,56,87,0.007425,0.012557,0.026311,1,1,1,1863.9
random,3,46,1,15.478,25.06,0.971,0.971,74,0,0,74,81,57,87,0.007408,0.012578,0.026447,1,1,1,1863.9
random,3,47,1,15.329,24.685,0.9705,0.9705,75,0,0,75,82,57,87,0.007365,0.012592,0.026029,1,1,1,1863.9
random,3,48,1,15.406,24.685,0.97,0.97,75,0,0,75,83,57,87,0.007598,0.012592,0.026029,1,1,1,1863.9
random,3,49,1,15.523,24.998,0.9723,0.9723,76,0,0,76,83,58,87,0.007598,0.012595,0.026376,1,1,1,1863.9
random,3,50,11,15.333,24.639,0.9754,0.9754,73,0,0,73,86,62,91,0.007397,0.012627,0.025974,1,1,1,1863.9
random,3,51,11,15.836,25.016,0.978,0.978,75,0,0,75,89,66,95,0.008221,0.012928,0.026359,1,1,1,1863.9
random,3,52,11,15.328,24.621,0.9833,0.9833,77,0,0,77,94,71,96,0.007422,0.012606,0.025956,1,1,1,1863.9
random,3,53,0,15.395,24.851,0.9833,0.9833,73,0,0,73,94,71,96,0.007379,0.012592,0.026213,1,1,1,1863.9
random,3,54,1,15.625,24.843,0.9828,0.9828,73,0,0,73,95,71,96,0.008146,0.012517,0.026213,1,1,1,1863.9
random,3,55,11,15.569,24.691,0.9847,0.9847,74,0,0,74,100,75,98,0.008146,0.012517,0.026044,1,1,1,1863.9
random,3,56,1,15.259,24.462,0.9841,0.9841,76,0,0,76,101,75,98,0.007394,0.012604,0.02578,1,1,1,1863.9
random,3,57,1,15.455,24.787,0.9854,0.9854,77,0,0,77,101,76,98,0.007637,0.012584,0.026143,1,1,1,1863.9
random,3,58,11,15.937,25.642,0.9799,0.9799,75,0,0,75,105,76,105,0.007716,0.013053,0.027041,1,1,1,1863.9
random,3,59,1,15.29,24.665,0.9793,0.9793,76,0,0,76,106,76,105,0.007312,0.012545,0.026012,1,1,1,1863.9
random,3,60,11,15.391,24.88,0.9814,0.9814,78,0,0,78,109,80,109,0.007394,0.012528,0.026252,1,1,1,1863.9
random,3,61,11,15.391,24.88,0.9777,0.9777,78,0,0,78,114,81,114,0.007394,0.012528,0.026252,1,1,1,1863.9
random,3,62,1,16.069,25.818,0.9772,0.9772,76,0,0,76,115,81,114,0.008143,0.0128,0.027264,1,1,1,1863.9
random,3,63,1,15.418,24.855,0.9766,0.9766,77,0,0,77,116,81,114,0.007447,0.012589,0.026218,1,1,1,1863.9
random,3,64,1,15.38,24.821,0.9781,0.9781,78,0,0,78,116,82,114,0.007366,0.012593,0.02618,1,1,1,1863.9
random,3,65,1,15.627,25.529,0.9775,0.9775,79,0,0,79,117,82,114,0.007354,0.012558,0.02697,1,1,1,1863.9
random,3,66,1,15.465,25.003,0.9789,0.9789,77,0,0,77,117,83,114,0.007391,0.012627,0.026378,1,1,1,1863.9
random,3,67,11,15.611,25.003,0.9843,0.9843,77,0,0,77,119,89,117,0.007829,0.012627,0.026378,1,1,1,1863.9
random,3,68,1,15.638,24.788,0.9854,0.9854,79,0,0,79,119,90,117,0.007829,0.012985,0.026099,1,1,1,1863.9
random,3,69,1,15.89,25.397,0.9849,0.9849,80,0,0,80,120,90,117,0.007725,0.013193,0.026753,1,1,1,1863.9
random,3,70,1,15.509,24.98,0.986,0.986,75,0,0,75,120,91,117,0.007386,0.012807,0.026333,1,1,1,1863.9
random,3,71,1,15.713,25.199,0.9855,0.9855,76,0,0,76,121,91,117,0.007408,0.013197,0.026533,1,1,1,1863.9
random,3,72,1,15.422,24.928,0.9866,0.9866,77,0,0,77,121,92,117,0.007405,0.012558,0.026302,1,1,1,1863.9
random,3,73,1,15.529,24.953,0.9876,0.9876,77,0,0,77,121,93,117,0.007475,0.01281,0.026302,1,1,1,1863.9
random,3,74,1,15.437,24.705,0.9871,0.9871,73,0,0,73,122,93,117,0.007475,0.01281,0.026027,1,1,1,1863.9
random,3,75,11,15.371,24.767,0.9896,0.9896,74,0,0,74,125,98,120,0.007421,0.012571,0.026122,1,1,1,1863.9
random,3,76,1,15.366,24.72,0.9904,0.9904,76,0,0,76,125,99,120,0.007477,0.012547,0.026073,1,1,1,1863.9
random,3,77,1,15.329,24.679,0.9913,0.9913,77,0,0,77,125,100,120,0.007394,0.012567,0.026025,1,1,1,1863.9
random,3,78,1,15.341,24.724,0.9908,0.9908,72,0,0,72,126,100,120,0.007392,0.012556,0.026076,1,1,1,1863.9
random,3,79,1,15.332,24.733,0.9903,0.9903,73,0,0,73,127,100,120,0.007348,0.012563,0.026085,1,1,1,1863.9
random,3,80,1,15.332,24.733,0.9911,0.9911,73,0,0,73,127,101,120,0.007348,0.012563,0.026085,1,1,1,1863.9
random,3,81,1,15.477,25.036,0.9906,0.9906,74,0,0,74,128,101,120,0.007453,0.012555,0.026423,1,1,1,1863.9
random,3,82,1,15.521,24.911,0.9901,0.9901,69,0,0,69,129,101,120,0.007498,0.012809,0.026256,1,1,1,1863.9
random,3,83,11,15.378,24.624,0.99,0.99,70,0,0,70,133,104,124,0.007648,0.012517,0.025969,1,1,1,1863.9
random,3,84,1,15.758,25.039,0.9898,0.9898,72,0,0,72,133,104,125,0.007436,0.013518,0.026319,1,1,1,1863.9
random,3,85,10,15.851,25.839,0.9925,0.9925,74,0,0,74,134,109,129,0.007683,0.012555,0.027315,1,1,1,1863.9
random,3,86,1,15.851,25.839,0.9931,0.9931,74,0,0,74,134,110,129,0.007683,0.012555,0.027315,1,1,1,1863.9
random,3,87,1,15.488,25.051,0.9927,0.9927,70,0,0,70,135,110,129,0.007454,0.012572,0.026438,1,1,1,1863.9
random,3,88,1,15.652,24.864,0.9923,0.9923,71,0,0,71,136,110,129,0.008128,0.012601,0.026227,1,1,1,1863.9
random,3,89,1,15.541,24.71,0.993,0.993,72,0,0,72,136,111,129,0.007968,0.012598,0.026056,1,1,1,1863.9
random,3,90,1,15.43,24.978,0.9936,0.9936,68,0,0,68,136,112,129,0.007385,0.012545,0.026359,1,1,1,1863.9
random,3,91,1,15.791,25.161,0.9932,0.9932,69,0,0,69,137,112,129,0.007494,0.013414,0.026466,1,1,1,1863.9
random,3,92,11,16.034,25.161,0.993,0.993,69,0,0,69,141,115,133,0.008222,0.013414,0.026466,1,1,1,1863.9
random,3,93,1,15.612,24.72,0.9936,0.9936,71,0,0,71,141,116,133,0.008222,0.012541,0.026073,1,1,1,1863.9
random,3,94,1,15.225,24.391,0.9942,0.9942,72,0,0,72,141,117,133,0.007393,0.012578,0.025704,1,1,1,1863.9
random,3,95,1,15.758,25.287,0.9947,0.9947,68,0,0,68,141,118,133,0.007448,0.013197,0.02663,1,1,1,1863.9
random,3,96,1,15.598,25.12,0.9952,0.9952,69,0,0,69,141,119,133,0.00745,0.012861,0.026482,1,1,1,1863.9
random,3,97,11,15.531,25.073,0.9955,0.9955,71,0,0,71,145,123,136,0.007411,0.012739,0.026443,1,1,1,1863.9
random,3,98,1,15.574,25.085,0.9952,0.9952,71,0,0,71,146,123,136,0.007411,0.012867,0.026443,1,1,1,1863.9
random,3,99,1,15.33,24.427,0.9956,0.9956,67,0,0,67,146,124,136,0.007411,0.012867,0.025712,1,1,1,1863.9
random,3,100,1,15.29,24.656,0.996,0.996,68,0,0,68,146,125,136,0.007325,0.012544,0.026002,1,1,1,1863.9
random,3,101,1,15.887,25.075,0.9957,0.9957,69,0,0,69,147,125,136,0.008539,0.01267,0.026453,1,1,1,1863.9
random,3,102,1,15.486,25.104,0.9961,0.9961,70,0,0,70,147,126,136,0.007419,0.012538,0.0265,1,1,1,1863.9
random,3,103,1,15.6,25.22,0.9957,0.9957,67,0,0,67,148,126,136,0.007444,0.01275,0.026605,1,1,1,1863.9
random,3,104,1,15.378,24.794,0.9961,0.9961,68,0,0,68,148,127,136,0.007405,0.012577,0.026151,1,1,1,1863.9
random,3,105,1,15.378,24.794,0.9964,0.9964,68,0,0,68,148,128,136,0.007405,0.012577,0.026151,1,1,1,1863.9
random,3,106,1,15.389,24.683,0.9961,0.9961,69,0,0,69,149,128,136,0.007622,0.012509,0.026036,1,1,1,1863.9
random,3,107,11,15.457,24.867,0.9956,0.9956,64,0,0,64,153,130,141,0.007585,0.012552,0.026235,1,1,1,1863.9
random,3,108,11,15.737,25.547,0.9958,0.9958,66,0,0,66,157,134,144,0.007417,0.012834,0.02696,1,1,1,1863.9
random,3,109,1,15.358,24.707,0.9954,0.9954,68,0,0,68,158,134,144,0.007448,0.012569,0.026056,1,1,1,1863.9
random,3,110,11,15.394,24.933,0.9964,0.9964,66,0,0,66,160,138,149,0.00738,0.012485,0.026316,1,1,1,1863.9
random,3,111,11,15.628,24.933,0.9969,0.9969,66,0,0,66,163,142,153,0.008083,0.012485,0.026316,1,1,1,1863.9
random,3,112,1,15.987,25.837,0.9972,0.9972,68,0,0,68,163,143,153,0.008083,0.012565,0.027312,1,1,1,1863.9
random,3,113,11,15.606,24.735,0.998,0.998,69,0,0,69,165,148,157,0.007425,0.013399,0.025995,1,1,1,1863.9
random,3,114,1,15.274,24.557,0.9978,0.9978,71,0,0,71,166,148,157,0.007409,0.01252,0.025894,1,1,1,1863.9
random,3,115,0,15.437,24.953,0.9978,0.9978,66,0,0,66,166,148,157,0.007417,0.012563,0.02633,1,1,1,1863.9
random,3,116,1,15.57,24.925,0.9981,0.9981,67,0,0,67,166,149,157,0.007727,0.012698,0.026284,1,1,1,1863.9
random,3,117,1,15.408,24.908,0.9978,0.9978,67,0,0,67,167,149,157,0.007413,0.012526,0.026284,1,1,1,1863.9
random,3,118,1,15.305,24.631,0.9981,0.9981,68,0,0,68,167,150,157,0.007413,0.012526,0.025976,1,1,1,1863.9
random,3,119,1,15.443,24.802,0.9983,0.9983,64,0,0,64,167,151,157,0.007391,0.012803,0.026135,1,1,1,1863.9
least_connections,1,0,0,15.631,25.292,1.0,1.0,0,0,0,0,0,0,0,0.00741,0.012804,0.026679,1,1,1,2228.2
least_connections,1,1,11,15.669,25.579,0.9837,0.9837,66,0,0,66,3,4,4,0.007412,0.012569,0.027025,1,1,1,2228.2
least_connections,1,2,11,15.326,24.653,0.9837,0.9837,64,0,0,64,8,6,8,0.007396,0.012587,0.025994,1,1,1,2228.2
least_connections,1,3,1,15.334,24.653,0.9962,0.9962,64,0,0,64,8,7,8,0.00742,0.012587,0.025994,1,1,1,2228.2
least_connections,1,4,1,15.613,25.187,0.9897,0.9897,65,0,0,65,9,7,8,0.00742,0.012861,0.026557,1,1,1,2228.2
least_connections,1,5,1,15.443,25.046,0.9968,0.9968,66,0,0,66,9,8,8,0.007407,0.012479,0.026442,1,1,1,2228.2
least_connections,1,6,11,15.396,24.698,1.0,1.0,68,0,0,68,12,12,12,0.007576,0.012566,0.026046,1,1,1,2228.2
least_connections,1,7,11,15.744,25.009,0.9991,0.9991,66,0,0,66,15,16,16,0.008153,0.012702,0.026377,1,1,1,2228.2
least_connections,1,8,1,15.513,24.941,1.0,1.0,67,0,0,67,16,16,16,0.007683,0.012535,0.02632,1,1,1,2228.2
least_connections,1,9,1,15.556,24.976,0.9992,0.9992,67,0,0,67,16,17,16,0.00747,0.012879,0.02632,1,1,1,2228.2
least_connections,1,10,1,15.406,24.571,0.9968,0.9968,68,0,0,68,16,18,16,0.00747,0.012879,0.02587,1,1,1,2228.2
least_connections,1,11,1,15.434,24.951,0.9931,0.9931,65,0,0,65,16,19,16,0.007394,0.012581,0.026326,1,1,1,2228.2
least_connections,1,12,11,15.219,24.409,0.9902,0.9902,67,0,0,67,18,23,21,0.007355,0.012578,0.025723,1,1,1,2228.2
least_connections,1,13,11,15.554,25.037,0.9996,0.9996,69,0,0,69,24,25,24,0.007391,0.012883,0.026387,1,1,1,2228.2
least_connections,1,14,1,15.516,25.157,0.9996,0.9996,70,0,0,70,25,25,24,0.007406,0.012587,0.026554,1,1,1,2228.2
least_connections,1,15,11,15.544,25.163,0.9997,0.9997,70,0,0,70,28,29,28,0.007437,0.012641,0.026554,1,1,1,2228.2
least_connections,1,16,11,15.542,25.158,0.9974,0.9974,68,0,0,68,30,32,34,0.007437,0.012641,0.026549,1,1,1,2228.2
least_connections,1,17,11,15.856,25.302,0.991,0.991,71,0,0,71,31,37,39,0.008255,0.012599,0.026714,1,1,1,2228.2
least_connections,1,18,1,15.301,24.514,0.9903,0.9903,72,0,0,72,31,38,39,0.007505,0.012557,0.025842,1,1,1,2228.2
least_connections,1,19,11,15.752,25.102,0.9927,0.9927,69,0,0,69,35,41,43,0.007414,0.013445,0.026397,1,1,1,2228.2
least_connections,1,20,11,15.356,24.756,0.9911,0.9911,71,0,0,71,38,44,48,0.007438,0.012512,0.026117,1,1,1,2228.2
least_connections,1,21,1,15.479,25.076,0.9909,0.9909,73,0,0,73,38,45,48,0.007406,0.012564,0.026466,1,1,1,2228.2
least_connections,1,22,1,15.479,25.076,0.9928,0.9928,73,0,0,73,39,45,48,0.007406,0.012564,0.026466,1,1,1,2228.2
least_connections,1,23,1,15.468,25.121,0.9945,0.9945,69,0,0,69,40,45,48,0.007344,0.012542,0.026519,1,1,1,2228.2
least_connections,1,24,1,15.372,24.77,0.9959,0.9959,70,0,0,70,41,45,48,0.007412,0.01258,0.026124,1,1,1,2228.2
least_connections,1,25,1,15.397,24.886,0.9957,0.9957,71,0,0,71,41,46,48,0.00743,0.0125,0.026262,1,1,1,2228.2
least_connections,1,26,0,15.729,24.78,0.9957,0.9957,72,0,0,72,41,46,48,0.008214,0.012869,0.026103,1,1,1,2228.2
least_connections,1,27,11,15.663,25.342,0.9904,0.9904,71,0,0,71,42,51,53,0.007358,0.012908,0.026724,1,1,1,2228.2
least_connections,1,28,11,15.679,25.342,0.9893,0.9893,71,0,0,71,45,54,58,0.007406,0.012908,0.026724,1,1,1,2228.2
least_connections,1,29,1,15.377,24.815,0.989,0.989,73,0,0,73,45,55,58,0.007406,0.012548,0.026178,1,1,1,2228.2
least_connections,1,30,1,15.509,25.159,0.9885,0.9885,74,0,0,74,45,56,58,0.007375,0.012597,0.026555,1,1,1,2228.2
least_connections,1,31,11,15.511,25.161,0.9852,0.9852,71,0,0,71,47,60,63,0.007415,0.012557,0.026561,1,1,1,2228.2
least_connections,1,32,1,15.728,25.389,0.9872,0.9872,72,0,0,72,48,60,63,0.007399,0.013023,0.026763,1,1,1,2228.2
least_connections,1,33,11,15.44,24.917,0.9899,0.9899,74,0,0,74,53,61,68,0.007402,0.012636,0.026282,1,1,1,2228.2
least_connections,1,34,1,15.419,24.912,0.9913,0.9913,74,0,0,74,54,61,68,0.007395,0.012581,0.026282,1,1,1,2228.2
least_connections,1,35,11,15.39,24.833,0.9883,0.9883,75,0,0,75,57,63,74,0.007395,0.012581,0.026194,1,1,1,2228.2
least_connections,1,36,1,15.356,24.701,0.9895,0.9895,73,0,0,73,58,63,74,0.00747,0.012546,0.026051,1,1,1,2228.2
least_connections,1,37,1,15.666,24.71,0.9907,0.9907,74,0,0,74,59,63,74,0.008165,0.012799,0.026033,1,1,1,2228.2
least_connections,1,38,1,15.434,24.815,0.9911,0.9911,75,0,0,75,59,64,74,0.007533,0.012596,0.026173,1,1,1,2228.2
least_connections,1,39,11,15.766,25.201,0.9936,0.9936,73,0,0,73,64,67,77,0.007421,0.013359,0.026517,1,1,1,2228.2
least_connections,1,40,1,15.53,25.127,0.9944,0.9944,73,0,0,73,65,67,77,0.007453,0.012619,0.026517,1,1,1,2228.2
least_connections,1,41,1,15.303,24.514,0.9947,0.9947,74,0,0,74,65,68,77,0.007453,0.012619,0.025836,1,1,1,2228.2
least_connections,1,42,1,15.672,25.138,0.995,0.995,75,0,0,75,65,69,77,0.00744,0.013101,0.026475,1,1,1,2228.2
least_connections,1,43,1,15.41,24.914,0.9957,0.9957,76,0,0,76,66,69,77,0.007387,0.012556,0.026287,1,1,1,2228.2
least_connections,1,44,1,15.546,25.232,0.9959,0.9959,73,0,0,73,66,70,77,0.00742,0.01258,0.026638,1,1,1,2228.2
least_connections,1,45,1,15.618,25.458,0.996,0.996,74,0,0,74,66,71,77,0.007421,0.01254,0.026893,1,1,1,2228.2
least_connections,1,46,11,15.954,25.474,0.9942,0.9942,76,0,0,76,67,78,80,0.008205,0.012771,0.026885,1,1,1,2228.2
least_connections,1,47,1,15.954,25.474,0.9939,0.9939,76,0,0,76,67,79,80,0.008205,0.012771,0.026885,1,1,1,2228.2
least_connections,1,48,11,15.82,25.309,0.9948,0.9948,70,0,0,70,71,82,84,0.007845,0.01293,0.026685,1,1,1,2228.2
least_connections,1,49,1,15.233,24.449,0.9945,0.9945,72,0,0,72,71,83,84,0.007389,0.012539,0.025772,1,1,1,2228.2
least_connections,1,50,1,15.405,24.924,0.9941,0.9941,73,0,0,73,71,84,84,0.007381,0.012533,0.026301,1,1,1,2228.2
least_connections,1,51,11,15.566,24.747,0.9938,0.9938,70,0,0,70,74,88,88,0.007381,0.013298,0.026019,1,1,1,2228.2
least_connections,1,52,1,15.448,24.941,0.9933,0.9933,72,0,0,72,74,89,88,0.007463,0.012564,0.026316,1,1,1,2228.2
least_connections,1,53,11,15.431,24.941,0.9942,0.9942,72,0,0,72,78,93,91,0.007412,0.012564,0.026316,1,1,1,2228.2
least_connections,1,54,1,15.329,24.618,0.9938,0.9938,74,0,0,74,78,94,91,0.007412,0.012625,0.025951,1,1,1,2228.2
least_connections,1,55,0,15.386,24.808,0.9938,0.9938,75,0,0,75,78,94,91,0.007431,0.012558,0.026169,1,1,1,2228.2
least_connections,1,56,1,15.422,24.909,0.9946,0.9946,72,0,0,72,79,94,91,0.007442,0.012541,0.026283,1,1,1,2228.2
least_connections,1,57,1,15.417,24.871,0.9954,0.9954,73,0,0,73,80,94,91,0.0074,0.012618,0.026233,1,1,1,2228.2
least_connections,1,58,1,15.499,25.131,0.9961,0.9961,74,0,0,74,81,94,91,0.007382,0.012589,0.026525,1,1,1,2228.2
least_connections,1,59,1,15.572,25.123,0.9956,0.9956,74,0,0,74,81,95,91,0.007684,0.012506,0.026525,1,1,1,2228.2
least_connections,1,60,11,15.517,24.976,0.9971,0.9971,72,0,0,72,86,98,94,0.007684,0.012506,0.026362,1,1,1,2228.2
least_connections,1,61,1,15.524,25.139,0.9967,0.9967,74,0,0,74,86,99,94,0.007433,0.012608,0.026531,1,1,1,2228.2
least_connections,1,62,1,15.397,24.953,0.9972,0.9972,75,0,0,75,87,99,94,0.007345,0.012512,0.026335,1,1,1,2228.2
least_connections,1,63,1,15.698,25.397,0.9968,0.9968,76,0,0,76,87,100,94,0.007495,0.012804,0.026796,1,1,1,2228.2
least_connections,1,64,1,15.378,24.807,0.9973,0.9973,72,0,0,72,88,100,94,0.007416,0.012549,0.026169,1,1,1,2228.2
least_connections,1,65,11,15.351,24.802,0.9958,0.9958,72,0,0,72,89,104,100,0.007381,0.012503,0.026169,1,1,1,2228.2
least_connections,1,66,1,15.368,24.849,0.9964,0.9964,74,0,0,74,90,104,100,0.007381,0.012503,0.026221,1,1,1,2228.2
least_connections,1,67,1,15.69,25.04,0.997,0.997,75,0,0,75,91,104,100,0.007401,0.013329,0.026341,1,1,1,2228.2
least_connections,1,68,11,15.207,24.467,0.9969,0.9969,71,0,0,71,95,109,102,0.007323,0.012503,0.025796,1,1,1,2228.2
least_connections,1,69,1,15.297,24.63,0.9973,0.9973,72,0,0,72,96,109,102,0.007401,0.012513,0.025976,1,1,1,2228.2
least_connections,1,70,1,15.333,24.669,0.9977,0.9977,73,0,0,73,97,109,102,0.0074,0.012587,0.026011,1,1,1,2228.2
least_connections,1,71,11,15.49,25.056,0.9988,0.9988,75,0,0,75,102,111,106,0.007436,0.012593,0.026441,1,1,1,2228.2
least_connections,1,72,1,15.49,25.056,0.999,0.999,75,0,0,75,103,111,106,0.007436,0.012593,0.026441,1,1,1,2228.2
least_connections,1,73,1,15.506,24.901,0.9988,0.9988,73,0,0,73,103,112,106,0.007404,0.012878,0.026237,1,1,1,2228.2
least_connections,1,74,11,15.691,25.248,0.9973,0.9973,74,0,0,74,104,118,110,0.00764,0.012802,0.026631,1,1,1,2228.2
least_connections,1,75,1,15.331,24.76,0.9969,0.9969,76,0,0,76,104,119,110,0.007366,0.012507,0.026121,1,1,1,2228.2
least_connections,1,76,11,15.448,24.289,0.9972,0.9972,73,0,0,73,107,122,115,0.007374,0.013479,0.02549,1,1,1,2228.2
least_connections,1,77,1,15.637,25.069,0.9968,0.9968,72,0,0,72,107,123,115,0.007332,0.013189,0.026389,1,1,1,2228.2
least_connections,1,78,11,15.663,25.069,0.9969,0.9969,72,0,0,72,110,126,120,0.007411,0.013189,0.026389,1,1,1,2228.2
least_connections,1,79,11,15.469,25.034,0.9971,0.9971,74,0,0,74,114,130,123,0.007411,0.012577,0.026418,1,1,1,2228.2
least_connections,1,80,1,15.582,24.995,0.9968,0.9968,76,0,0,76,114,131,123,0.007726,0.012655,0.026366,1,1,1,2228.2
least_connections,1,81,1,15.34,24.7,0.9964,0.9964,71,0,0,71,114,132,123,0.007429,0.012539,0.026051,1,1,1,2228.2
least_connections,1,82,1,15.486,25.103,0.9961,0.9961,72,0,0,72,114,133,123,0.007372,0.012593,0.026493,1,1,1,2228.2
least_connections,1,83,1,15.468,25.061,0.9965,0.9965,73,0,0,73,115,133,123,0.007374,0.012583,0.026448,1,1,1,2228.2
least_connections,1,84,1,15.404,25.05,0.9965,0.9965,73,0,0,73,115,133,124,0.007299,0.012466,0.026448,1,1,1,2228.2
least_connections,1,85,10,15.137,24.328,0.997,0.997,70,0,0,70,119,136,127,0.007299,0.012466,0.025646,1,1,1,2228.2
least_connections,1,86,1,15.436,24.948,0.9974,0.9974,71,0,0,71,120,136,127,0.007409,0.012578,0.026322,1,1,1,2228.2
least_connections,1,87,11,15.511,25.036,0.9975,0.9975,73,0,0,73,124,140,130,0.007431,0.012695,0.026407,1,1,1,2228.2
least_connections,1,88,1,15.362,24.746,0.9978,0.9978,69,0,0,69,125,140,130,0.007396,0.012592,0.026097,1,1,1,2228.2
least_connections,1,89,1,15.491,24.742,0.998,0.998,70,0,0,70,126,140,130,0.007647,0.012751,0.026074,1,1,1,2228.2
least_connections,1,90,11,15.771,25.194,0.998,0.998,72,0,0,72,128,143,136,0.007399,0.013412,0.026503,1,1,1,2228.2
least_connections,1,91,11,15.771,25.194,0.9983,0.9983,72,0,0,72,133,147,138,0.007399,0.013412,0.026503,1,1,1,2228.2
least_connections,1,92,11,15.626,25.222,0.9986,0.9986,74,0,0,74,137,150,142,0.007678,0.012572,0.026628,1,1,1,2228.2
least_connections,1,93,11,15.405,24.849,0.9976,0.9976,72,0,0,72,137,154,149,0.007401,0.012606,0.026209,1,1,1,2228.2
least_connections,1,94,1,15.356,24.757,0.9974,0.9974,74,0,0,74,137,155,149,0.007444,0.012504,0.026119,1,1,1,2228.2
least_connections,1,95,1,15.558,25.142,0.9977,0.9977,75,0,0,75,138,155,149,0.007486,0.012658,0.026529,1,1,1,2228.2
least_connections,1,96,11,15.695,24.979,0.9979,0.9979,71,0,0,71,143,160,150,0.007404,0.013416,0.026264,1,1,1,2228.2
least_connections,1,97,1,15.695,24.979,0.9976,0.9976,71,0,0,71,143,161,150,0.007404,0.013416,0.026264,1,1,1,2228.2
least_connections,1,98,1,15.462,25.046,0.9979,0.9979,72,0,0,72,144,161,150,0.007404,0.012548,0.026435,1,1,1,2228.2
least_connections,1,99,1,15.349,24.736,0.9981,0.9981,73,0,0,73,145,161,150,0.007418,0.012538,0.026091,1,1,1,2228.2
least_connections,1,100,11,15.556,25.103,0.9986,0.9986,74,0,0,74,149,163,155,0.00741,0.012785,0.026472,1,1,1,2228.2
least_connections,1,101,11,15.208,24.357,0.9985,0.9985,73,0,0,73,152,167,159,0.00738,0.01258,0.025665,1,1,1,2228.2
least_connections,1,102,11,15.164,24.5,0.9982,0.9982,75,0,0,75,155,172,162,0.007377,0.012256,0.02586,1,1,1,2228.2
least_connections,1,103,1,15.285,24.532,0.9979,0.9979,75,0,0,75,155,173,162,0.00741,0.012584,0.02586,1,1,1,2228.2
least_connections,1,104,1,15.522,25.174,0.9982,0.9982,76,0,0,76,156,173,162,0.00741,0.012584,0.026573,1,1,1,2228.2
least_connections,1,105,1,15.402,24.679,0.9983,0.9983,73,0,0,73,157,173,162,0.007393,0.012815,0.025997,1,1,1,2228.2
least_connections,1,106,1,15.566,25.059,0.9985,0.9985,74,0,0,74,158,173,162,0.007405,0.012882,0.026412,1,1,1,2228.2
least_connections,1,107,1,15.431,25.012,0.9983,0.9983,75,0,0,75,158,174,162,0.007381,0.01251,0.026401,1,1,1,2228.2
least_connections,1,108,1,15.425,24.924,0.9985,0.9985,76,0,0,76,159,174,162,0.007374,0.012609,0.026292,1,1,1,2228.2
least_connections,1,109,1,15.421,24.917,0.9982,0.9982,76,0,0,76,159,175,162,0.00743,0.012541,0.026292,1,1,1,2228.2
least_connections,1,110,1,15.379,24.804,0.9984,0.9984,72,0,0,72,160,175,162,0.00743,0.012541,0.026167,1,1,1,2228.2
least_connections,1,111,1,15.482,24.88,0.9985,0.9985,73,0,0,73,161,175,162,0.007637,0.012559,0.026249,1,1,1,2228.2
least_connections,1,112,1,15.489,25.11,0.9983,0.9983,74,0,0,74,161,176,162,0.007371,0.012597,0.0265,1,1,1,2228.2
least_connections,1,113,0,15.322,24.68,0.9983,0.9983,70,0,0,70,161,176,162,0.0074,0.012537,0.026029,1,1,1,2228.2
least_connections,1,114,1,15.632,25.463,0.9981,0.9981,71,0,0,71,161,177,162,0.007405,0.0126,0.026892,1,1,1,2228.2
least_connections,1,115,11,15.545,25.221,0.9983,0.9983,73,0,0,73,167,180,164,0.00744,0.012569,0.026627,1,1,1,2228.2
least_connections,1,116,1,15.545,25.221,0.9984,0.9984,73,0,0,73,168,180,164,0.00744,0.012569,0.026627,1,1,1,2228.2
least_connections,1,117,1,15.312,24.407,0.9982,0.9982,70,0,0,70,168,181,164,0.00743,0.012812,0.025695,1,1,1,2228.2
least_connections,1,118,1,15.593,25.224,0.9983,0.9983,71,0,0,71,169,181,164,0.007567,0.012584,0.026628,1,1,1,2228.2
least_connections,1,119,1,15.604,25.437,0.9983,0.9983,72,0,0,72,170,181,164,0.007388,0.012556,0.026868,1,1,1,2228.2
least_connections,2,0,0,15.537,25.216,1.0,1.0,0,0,0,0,0,0,0,0.007411,0.012579,0.02662,1,1,1,2137.7
least_connections,2,1,1,15.732,25.063,0.3333,0.3333,69,0,0,69,1,0,0,0.008153,0.012596,0.026448,1,1,1,2137.7
least_connections,2,2,1,15.697,24.992,0.6667,0.6667,70,0,0,70,1,1,0,0.007403,0.01341,0.026279,1,1,1,2137.7
least_connections,2,3,1,15.597,24.92,0.6,0.6,71,0,0,71,1,2,0,0.00763,0.012906,0.026255,1,1,1,2137.7
least_connections,2,4,1,15.597,24.92,0.6667,0.6667,71,0,0,71,2,2,0,0.00763,0.012906,0.026255,1,1,1,2137.7
least_connections,2,5,1,15.344,24.725,0.641,0.641,68,0,0,68,2,3,0,0.007415,0.012538,0.026079,1,1,1,2137.7
least_connections,2,6,1,15.5,24.921,0.6667,0.6667,69,0,0,69,3,3,0,0.007651,0.012554,0.026295,1,1,1,2137.7
least_connections,2,7,11,15.418,24.899,0.9931,0.9931,71,0,0,71,5,6,6,0.007419,0.012565,0.026269,1,1,1,2137.7
least_connections,2,8,1,15.369,24.81,1.0,1.0,67,0,0,67,6,6,6,0.007401,0.01253,0.026175,1,1,1,2137.7
least_connections,2,9,11,15.365,24.795,0.9976,0.9976,69,0,0,69,9,10,10,0.007372,0.012571,0.026153,1,1,1,2137.7
least_connections,2,10,11,15.428,24.795,0.9913,0.9913,69,0,0,69,12,13,15,0.007559,0.012571,0.026153,1,1,1,2137.7
least_connections,2,11,1,15.416,24.769,0.9917,0.9917,71,0,0,71,12,14,15,0.007559,0.012563,0.026125,1,1,1,2137.7
least_connections,2,12,1,15.675,25.56,0.9899,0.9899,72,0,0,72,12,15,15,0.007408,0.01262,0.026998,1,1,1,2137.7
least_connections,2,13,1,15.437,24.925,0.9957,0.9957,68,0,0,68,13,15,15,0.007354,0.012672,0.026286,1,1,1,2137.7
least_connections,2,14,11,15.394,24.796,0.9739,0.9739,70,0,0,70,14,19,21,0.007458,0.012571,0.026154,1,1,1,2137.7
least_connections,2,15,1,15.376,24.609,0.9818,0.9818,71,0,0,71,15,19,21,0.007413,0.012792,0.025922,1,1,1,2137.7
least_connections,2,16,11,15.58,24.584,0.9986,0.9986,71,0,0,71,22,21,23,0.008272,0.012545,0.025922,1,1,1,2137.7
least_connections,2,17,11,15.792,25.157,0.9916,0.9916,67,0,0,67,24,24,29,0.008272,0.012545,0.026558,1,1,1,2137.7
least_connections,2,18,1,15.49,25.066,0.9931,0.9931,69,0,0,69,25,24,29,0.007413,0.012605,0.026451,1,1,1,2137.7
least_connections,2,19,11,15.622,25.157,0.9893,0.9893,70,0,0,70,28,27,34,0.007377,0.012978,0.02651,1,1,1,2137.7
least_connections,2,20,1,15.482,25.055,0.9912,0.9912,72,0,0,72,28,28,34,0.007418,0.012588,0.02644,1,1,1,2137.7
least_connections,2,21,11,15.575,24.805,0.9813,0.9813,69,0,0,69,32,29,40,0.007368,0.013272,0.026086,1,1,1,2137.7
least_connections,2,22,1,15.579,24.801,0.9841,0.9841,69,0,0,69,32,30,40,0.007419,0.013232,0.026086,1,1,1,2137.7
least_connections,2,23,1,15.585,24.818,0.9864,0.9864,70,0,0,70,32,31,40,0.007419,0.013232,0.026105,1,1,1,2137.7
least_connections,2,24,1,15.411,24.883,0.9878,0.9878,71,0,0,71,33,31,40,0.007407,0.012575,0.026251,1,1,1,2137.7
least_connections,2,25,1,15.521,25.171,0.9887,0.9887,67,0,0,67,34,31,40,0.007418,0.012576,0.02657,1,1,1,2137.7
least_connections,2,26,1,15.305,24.643,0.9908,0.9908,68,0,0,68,34,32,40,0.00739,0.012536,0.025988,1,1,1,2137.7
least_connections,2,27,1,15.365,24.734,0.9925,0.9925,69,0,0,69,34,33,40,0.007448,0.01256,0.026087,1,1,1,2137.7
least_connections,2,28,7,15.258,24.499,0.9913,0.9913,64,0,0,64,36,35,43,0.007407,0.012539,0.025828,1,1,1,2137.7
least_connections,2,29,4,15.258,24.499,0.9956,0.9956,64,0,0,64,37,38,43,0.007407,0.012539,0.025828,1,1,1,2137.7
least_connections,2,30,1,15.357,24.74,0.9965,0.9965,65,0,0,65,38,38,43,0.007399,0.012582,0.026091,1,1,1,2137.7
least_connections,2,31,1,15.628,24.814,0.9971,0.9971,66,0,0,66,38,39,43,0.008146,0.012564,0.026175,1,1,1,2137.7
least_connections,2,32,1,15.36,24.701,0.9978,0.9978,67,0,0,67,39,39,43,0.007443,0.012589,0.026047,1,1,1,2137.7
least_connections,2,33,11,15.399,24.671,0.9986,0.9986,64,0,0,64,44,42,46,0.00766,0.012515,0.026022,1,1,1,2137.7
least_connections,2,34,1,15.546,25.018,0.9985,0.9985,65,0,0,65,45,42,46,0.007667,0.012569,0.026401,1,1,1,2137.7
least_connections,2,35,1,15.458,25.018,0.9992,0.9992,65,0,0,65,45,43,46,0.007404,0.012569,0.026401,1,1,1,2137.7
least_connections,2,36,1,15.413,24.897,0.9997,0.9997,66,0,0,66,45,44,46,0.007404,0.012567,0.026267,1,1,1,2137.7
least_connections,2,37,1,15.516,25.119,0.9999,0.9999,62,0,0,62,45,45,46,0.007454,0.012582,0.026512,1,1,1,2137.7
least_connections,2,38,1,15.769,24.956,0.9999,0.9999,63,0,0,63,45,46,46,0.007543,0.013538,0.026225,1,1,1,2137.7
least_connections,2,39,11,15.305,24.617,0.9977,0.9977,65,0,0,65,46,51,51,0.007398,0.012561,0.025957,1,1,1,2137.7
least_connections,2,40,1,15.369,24.797,0.9972,0.9972,66,0,0,66,46,52,51,0.00741,0.012539,0.026159,1,1,1,2137.7
least_connections,2,41,11,15.435,24.794,0.9995,0.9995,66,0,0,66,52,55,53,0.007633,0.012512,0.026159,1,1,1,2137.7
least_connections,2,42,1,15.732,25.596,0.999,0.999,64,0,0,64,52,56,53,0.007633,0.012512,0.02705,1,1,1,2137.7
least_connections,2,43,1,15.601,25.069,0.9984,0.9984,65,0,0,65,52,57,53,0.00738,0.013015,0.026408,1,1,1,2137.7
least_connections,2,44,1,15.515,25.022,0.9977,0.9977,66,0,0,66,52,58,53,0.007449,0.012707,0.02639,1,1,1,2137.7
least_connections,2,45,1,15.402,24.716,0.9981,0.9981,63,0,0,63,53,58,53,0.007393,0.012769,0.026043,1,1,1,2137.7
least_connections,2,46,1,15.379,24.775,0.9985,0.9985,64,0,0,64,54,58,53,0.007406,0.012603,0.026127,1,1,1,2137.7
least_connections,2,47,1,15.357,24.767,0.9986,0.9986,64,0,0,64,55,58,53,0.007417,0.012528,0.026127,1,1,1,2137.7
least_connections,2,48,1,15.363,24.783,0.998,0.998,65,0,0,65,55,59,53,0.007417,0.012528,0.026145,1,1,1,2137.7
least_connections,2,49,11,15.525,24.971,0.9996,0.9996,66,0,0,66,58,59,61,0.007584,0.012652,0.02634,1,1,1,2137.7
least_connections,2,50,1,15.449,24.981,0.9996,0.9996,65,0,0,65,58,60,61,0.007422,0.012564,0.026361,1,1,1,2137.7
least_connections,2,51,1,15.638,24.854,0.9994,0.9994,66,0,0,66,58,61,61,0.007389,0.013398,0.026127,1,1,1,2137.7
least_connections,2,52,1,15.432,24.689,0.9992,0.9992,67,0,0,67,58,62,61,0.00735,0.012953,0.025993,1,1,1,2137.7
least_connections,2,53,11,15.361,24.961,0.9989,0.9989,65,0,0,65,61,66,65,0.007395,0.012323,0.026365,1,1,1,2137.7
least_connections,2,54,1,15.368,24.961,0.9985,0.9985,65,0,0,65,61,67,65,0.007417,0.012323,0.026365,1,1,1,2137.7
least_connections,2,55,11,15.648,25.49,0.9964,0.9964,66,0,0,66,63,73,68,0.007417,0.012605,0.026922,1,1,1,2137.7
least_connections,2,56,1,15.572,25.048,0.9957,0.9957,68,0,0,68,63,74,68,0.00775,0.012526,0.026439,1,1,1,2137.7
least_connections,2,57,1,15.345,24.398,0.9949,0.9949,69,0,0,69,63,75,68,0.007663,0.012672,0.025701,1,1,1,2137.7
least_connections,2,58,0,15.242,24.409,0.9949,0.9949,67,0,0,67,63,75,68,0.007405,0.012601,0.025721,1,1,1,2137.7
least_connections,2,59,1,15.409,24.857,0.9957,0.9957,68,0,0,68,64,75,68,0.007436,0.012567,0.026223,1,1,1,2137.7
least_connections,2,60,11,15.397,24.857,0.9962,0.9962,68,0,0,68,67,78,73,0.007401,0.012567,0.026223,1,1,1,2137.7
least_connections,2,61,11,15.244,24.571,0.9916,0.9916,70,0,0,70,67,84,78,0.007401,0.012409,0.025922,1,1,1,2137.7
least_connections,2,62,1,15.533,24.938,0.9907,0.9907,68,0,0,68,67,85,78,0.007531,0.01278,0.026289,1,1,1,2137.7
least_connections,2,63,1,15.579,25.38,0.9899,0.9899,69,0,0,69,67,86,78,0.007409,0.01252,0.026809,1,1,1,2137.7
least_connections,2,64,11,15.628,25.235,0.9898,0.9898,71,0,0,71,71,91,80,0.00769,0.012548,0.026645,1,1,1,2137.7
least_connections,2,65,11,15.573,25.317,0.9877,0.9877,70,0,0,70,73,96,84,0.007408,0.012577,0.026733,1,1,1,2137.7
least_connections,2,66,1,15.739,25.348,0.9888,0.9888,70,0,0,70,74,96,84,0.007597,0.012886,0.026733,1,1,1,2137.7
least_connections,2,67,1,15.518,24.753,0.9899,0.9899,71,0,0,71,75,96,84,0.007597,0.012886,0.026071,1,1,1,2137.7
least_connections,2,68,1,15.83,25.677,0.9889,0.9889,72,0,0,72,75,97,84,0.007469,0.012929,0.027093,1,1,1,2137.7
least_connections,2,69,1,15.525,24.447,0.9879,0.9879,73,0,0,73,75,98,84,0.008242,0.012565,0.025767,1,1,1,2137.7
least_connections,2,70,1,15.257,24.516,0.9889,0.9889,69,0,0,69,76,98,84,0.007358,0.01257,0.025843,1,1,1,2137.7
least_connections,2,71,11,16.023,25.362,0.9878,0.9878,71,0,0,71,79,103,87,0.008434,0.012888,0.026748,1,1,1,2137.7
least_connections,2,72,1,15.414,24.859,0.9887,0.9887,72,0,0,72,80,103,87,0.007424,0.012596,0.026222,1,1,1,2137.7
least_connections,2,73,1,15.414,24.859,0.9877,0.9877,72,0,0,72,80,104,87,0.007424,0.012596,0.026222,1,1,1,2137.7
least_connections,2,74,11,15.45,24.91,0.9859,0.9859,68,0,0,68,82,109,91,0.007409,0.012671,0.02627,1,1,1,2137.7
least_connections,2,75,1,15.4,24.872,0.9869,0.9869,70,0,0,70,83,109,91,0.00744,0.012514,0.026245,1,1,1,2137.7
least_connections,2,76,1,15.357,24.715,0.9878,0.9878,71,0,0,71,84,109,91,0.007424,0.012585,0.026063,1,1,1,2137.7
least_connections,2,77,11,15.453,24.666,0.9891,0.9891,73,0,0,73,87,112,96,0.00743,0.012962,0.025967,1,1,1,2137.7
least_connections,2,78,1,15.362,24.819,0.9882,0.9882,68,0,0,68,87,113,96,0.007405,0.012491,0.026189,1,1,1,2137.7
least_connections,2,79,1,15.362,24.819,0.9873,0.9873,68,0,0,68,87,114,96,0.007405,0.012491,0.026189,1,1,1,2137.7
least_connections,2,80,1,15.652,25.389,0.9882,0.9882,69,0,0,69,88,114,96,0.007388,0.012778,0.02679,1,1,1,2137.7
least_connections,2,81,1,15.772,25.381,0.989,0.989,70,0,0,70,89,114,96,0.007697,0.012846,0.026774,1,1,1,2137.7
least_connections,2,82,1,15.369,24.766,0.9881,0.9881,65,0,0,65,89,115,96,0.007434,0.012548,0.026124,1,1,1,2137.7
least_connections,2,83,11,15.562,25.304,0.9852,0.9852,66,0,0,66,89,120,102,0.00742,0.012544,0.026722,1,1,1,2137.7
least_connections,2,84,1,15.873,25.375,0.9854,0.9854,68,0,0,68,89,120,103,0.007454,0.013468,0.026698,1,1,1,2137.7
least_connections,2,85,10,15.87,25.375,0.9815,0.9815,68,0,0,68,90,126,106,0.007444,0.013468,0.026698,1,1,1,2137.7
least_connections,2,86,11,15.492,25.088,0.9846,0.9846,71,0,0,71,94,128,111,0.007444,0.012551,0.026481,1,1,1,2137.7
least_connections,2,87,1,15.548,25.198,0.9838,0.9838,69,0,0,69,94,129,111,0.007437,0.012611,0.026597,1,1,1,2137.7
least_connections,2,88,1,15.502,25.144,0.9848,0.9848,70,0,0,70,95,129,111,0.007421,0.012542,0.026544,1,1,1,2137.7
least_connections,2,89,11,15.447,24.944,0.9879,0.9879,72,0,0,72,101,132,113,0.007418,0.012609,0.026314,1,1,1,2137.7
least_connections,2,90,11,15.492,24.963,0.9881,0.9881,69,0,0,69,103,135,119,0.007536,0.012602,0.026337,1,1,1,2137.7
least_connections,2,91,11,15.522,24.963,0.9879,0.9879,69,0,0,69,105,138,125,0.007626,0.012602,0.026337,1,1,1,2137.7
least_connections,2,92,11,15.889,25.222,0.99,0.99,71,0,0,71,110,141,128,0.007626,0.013518,0.026522,1,1,1,2137.7
least_connections,2,93,1,15.658,25.196,0.9894,0.9894,73,0,0,73,110,142,128,0.007465,0.012954,0.026556,1,1,1,2137.7
least_connections,2,94,1,15.283,24.267,0.9888,0.9888,70,0,0,70,110,143,128,0.007491,0.012819,0.025539,1,1,1,2137.7
least_connections,2,95,1,15.355,24.785,0.9882,0.9882,71,0,0,71,110,144,128,0.007412,0.012502,0.02615,1,1,1,2137.7
least_connections,2,96,1,15.345,24.724,0.9876,0.9876,72,0,0,72,110,145,128,0.007402,0.012558,0.026076,1,1,1,2137.7
least_connections,2,97,11,15.364,24.728,0.9888,0.9888,72,0,0,72,113,147,134,0.007422,0.012594,0.026076,1,1,1,2137.7
least_connections,2,98,11,15.531,25.179,0.9886,0.9886,74,0,0,74,115,149,141,0.007422,0.012594,0.026577,1,1,1,2137.7
least_connections,2,99,1,15.366,24.481,0.9893,0.9893,72,0,0,72,116,149,141,0.007685,0.012613,0.0258,1,1,1,2137.7
least_connections,2,100,1,15.477,25.066,0.9901,0.9901,73,0,0,73,117,149,141,0.007416,0.012558,0.026456,1,1,1,2137.7
least_connections,2,101,1,15.657,25.123,0.9908,0.9908,74,0,0,74,118,149,141,0.007405,0.013107,0.026458,1,1,1,2137.7
least_connections,2,102,11,15.345,24.743,0.9917,0.9917,71,0,0,71,122,152,145,0.007426,0.012507,0.026103,1,1,1,2137.7
least_connections,2,103,1,15.304,24.6,0.9913,0.9913,72,0,0,72,122,153,145,0.007449,0.012522,0.025942,1,1,1,2137.7
least_connections,2,104,1,15.304,24.6,0.9909,0.9909,72,0,0,72,122,154,145,0.007449,0.012522,0.025942,1,1,1,2137.7
least_connections,2,105,1,15.499,25.129,0.9915,0.9915,73,0,0,73,123,154,145,0.007402,0.012571,0.026524,1,1,1,2137.7
least_connections,2,106,1,15.48,24.812,0.9921,0.9921,74,0,0,74,124,154,145,0.00766,0.012613,0.026167,1,1,1,2137.7
least_connections,2,107,1,15.882,25.553,0.9927,0.9927,72,0,0,72,125,154,145,0.007651,0.013052,0.026942,1,1,1,2137.7
least_connections,2,108,1,15.687,25.363,0.9923,0.9923,73,0,0,73,125,155,145,0.007377,0.012941,0.026743,1,1,1,2137.7
least_connections,2,109,1,15.375,24.636,0.9919,0.9919,74,0,0,74,125,156,145,0.007379,0.012795,0.025952,1,1,1,2137.7
least_connections,2,110,1,15.397,24.636,0.9925,0.9925,74,0,0,74,126,156,145,0.007445,0.012795,0.025952,1,1,1,2137.7
least_connections,2,111,1,15.549,25.206,0.9921,0.9921,70,0,0,70,126,157,145,0.007445,0.012596,0.026607,1,1,1,2137.7
least_connections,2,112,1,15.743,24.993,0.992,0.992,71,0,0,71,126,157,146,0.007391,0.013578,0.026261,1,1,1,2137.7
least_connections,2,113,10,15.492,24.441,0.9925,0.9925,73,0,0,73,129,159,151,0.007413,0.013396,0.025668,1,1,1,2137.7
least_connections,2,114,11,15.512,25.164,0.9926,0.9926,75,0,0,75,132,162,156,0.007428,0.012541,0.026567,1,1,1,2137.7
least_connections,2,115,1,15.889,25.196,0.9923,0.9923,72,0,0,72,132,163,156,0.007371,0.013837,0.026458,1,1,1,2137.7
least_connections,2,116,11,15.758,25.083,0.9924,0.9924,72,0,0,72,135,163,164,0.008108,0.012709,0.026458,1,1,1,2137.7
least_connections,2,117,1,15.811,25.226,0.9922,0.9922,74,0,0,74,135,164,164,0.008108,0.012709,0.026617,1,1,1,2137.7
least_connections,2,118,1,15.497,25.037,0.9928,0.9928,75,0,0,75,136,164,164,0.007364,0.012722,0.026405,1,1,1,2137.7
least_connections,2,119,1,15.862,25.783,0.9925,0.9925,71,0,0,71,136,165,164,0.007387,0.012995,0.027204,1,1,1,2137.7
least_connections,3,0,0,15.506,25.084,1.0,1.0,0,0,0,0,0,0,0,0.007422,0.012629,0.026468,1,1,1,1991.3
least_connections,3,1,11,15.451,25.024,0.8231,0.8231,73,0,0,73,2,3,6,0.007368,0.012577,0.026407,1,1,1,1991.3
least_connections,3,2,11,15.363,24.771,0.8864,0.8864,69,0,0,69,5,6,11,0.007424,0.012536,0.02613,1,1,1,1991.3
least_connections,3,3,1,15.456,24.786,0.9043,0.9043,70,0,0,70,5,7,11,0.007434,0.012817,0.026116,1,1,1,1991.3
least_connections,3,4,1,15.449,24.786,0.9143,0.9143,70,0,0,70,5,8,11,0.007415,0.012817,0.026116,1,1,1,1991.3
least_connections,3,5,1,15.381,24.626,0.9178,0.9178,71,0,0,71,5,9,11,0.007415,0.012788,0.025941,1,1,1,1991.3
least_connections,3,6,1,15.306,24.365,0.9468,0.9468,69,0,0,69,6,9,11,0.007572,0.012682,0.025663,1,1,1,1991.3
least_connections,3,7,1,15.764,25.227,0.9681,0.9681,70,0,0,70,7,9,11,0.007377,0.01337,0.026544,1,1,1,1991.3
least_connections,3,8,1,15.427,24.808,0.9825,0.9825,71,0,0,71,8,9,11,0.007551,0.012561,0.026169,1,1,1,1991.3
least_connections,3,9,11,15.524,24.866,0.9883,0.9883,73,0,0,73,14,11,14,0.007389,0.012997,0.026185,1,1,1,1991.3
least_connections,3,10,1,15.587,24.841,0.984,0.984,73,0,0,73,15,11,14,0.007827,0.01275,0.026185,1,1,1,1991.3
least_connections,3,11,11,15.606,24.892,0.9644,0.9644,69,0,0,69,21,13,17,0.007827,0.01275,0.026241,1,1,1,1991.3
least_connections,3,12,1,15.542,24.754,0.9568,0.9568,71,0,0,71,22,13,17,0.007946,0.012572,0.026108,1,1,1,1991.3
least_connections,3,13,1,15.455,25.049,0.9487,0.9487,72,0,0,72,23,13,17,0.007397,0.012527,0.02644,1,1,1,1991.3
least_connections,3,14,11,15.469,24.735,0.9364,0.9364,68,0,0,68,29,16,19,0.007719,0.012607,0.026082,1,1,1,1991.3
least_connections,3,15,1,15.653,25.543,0.9284,0.9284,70,0,0,70,30,16,19,0.007421,0.012553,0.026986,1,1,1,1991.3
least_connections,3,16,1,15.74,24.911,0.9202,0.9202,71,0,0,71,31,16,19,0.008345,0.012596,0.026279,1,1,1,1991.3
least_connections,3,17,1,15.74,24.911,0.9118,0.9118,71,0,0,71,32,16,19,0.008345,0.012596,0.026279,1,1,1,1991.3
least_connections,3,18,11,15.564,25.086,0.9593,0.9593,72,0,0,72,33,20,25,0.007388,0.01286,0.026444,1,1,1,1991.3
least_connections,3,19,11,15.384,24.864,0.9481,0.9481,71,0,0,71,38,21,30,0.007365,0.012557,0.026231,1,1,1,1991.3
least_connections,3,20,11,15.239,24.396,0.9601,0.9601,73,0,0,73,40,24,36,0.00744,0.012568,0.02571,1,1,1,1991.3
least_connections,3,21,1,15.603,25.411,0.9657,0.9657,75,0,0,75,40,25,36,0.007415,0.012556,0.026839,1,1,1,1991.3
least_connections,3,22,1,15.372,24.53,0.9628,0.9628,69,0,0,69,41,25,36,0.007483,0.012799,0.025833,1,1,1,1991.3
least_connections,3,23,1,15.372,24.53,0.9597,0.9597,69,0,0,69,42,25,36,0.007483,0.012799,0.025833,1,1,1,1991.3
least_connections,3,24,1,15.528,25.002,0.9594,0.9594,70,0,0,70,42,25,37,0.00741,0.01282,0.026355,1,1,1,1991.3
least_connections,3,25,10,15.704,25.094,0.9627,0.9627,72,0,0,72,46,28,40,0.007384,0.013326,0.026402,1,1,1,1991.3
least_connections,3,26,11,15.691,25.483,0.973,0.973,74,0,0,74,50,33,42,0.007393,0.012787,0.026894,1,1,1,1991.3
least_connections,3,27,11,15.549,25.14,0.9771,0.9771,70,0,0,70,54,37,45,0.007416,0.012711,0.026521,1,1,1,1991.3
least_connections,3,28,1,15.509,24.899,0.9747,0.9747,71,0,0,71,55,37,45,0.007416,0.012876,0.026235,1,1,1,1991.3
least_connections,3,29,1,15.583,24.899,0.9721,0.9721,71,0,0,71,56,37,45,0.007639,0.012876,0.026235,1,1,1,1991.3
least_connections,3,30,1,15.411,24.69,0.9751,0.9751,72,0,0,72,56,38,45,0.007639,0.012555,0.026038,1,1,1,1991.3
least_connections,3,31,1,15.301,24.23,0.9725,0.9725,68,0,0,68,57,38,45,0.007786,0.012594,0.025523,1,1,1,1991.3
least_connections,3,32,1,15.526,24.774,0.9699,0.9699,69,0,0,69,58,38,45,0.007461,0.013039,0.026078,1,1,1,1991.3
least_connections,3,33,1,15.34,24.564,0.9727,0.9727,70,0,0,70,58,39,45,0.007644,0.012467,0.025908,1,1,1,1991.3
least_connections,3,34,1,15.523,25.0,0.97,0.97,66,0,0,66,59,39,45,0.007395,0.012821,0.026353,1,1,1,1991.3
least_connections,3,35,1,15.418,24.968,0.9673,0.9673,66,0,0,66,60,39,45,0.007404,0.012498,0.026353,1,1,1,1991.3
least_connections,3,36,1,15.345,24.769,0.97,0.97,67,0,0,67,60,40,45,0.007404,0.012498,0.026132,1,1,1,1991.3
least_connections,3,37,1,15.683,25.403,0.9725,0.9725,68,0,0,68,60,41,45,0.007634,0.012587,0.026827,1,1,1,1991.3
least_connections,3,38,1,15.196,24.268,0.9698,0.9698,69,0,0,69,61,41,45,0.00745,0.012569,0.025568,1,1,1,1991.3
least_connections,3,39,1,15.345,24.792,0.9722,0.9722,65,0,0,65,61,42,45,0.007345,0.012536,0.026154,1,1,1,1991.3
least_connections,3,40,1,15.558,25.212,0.9695,0.9695,66,0,0,66,62,42,45,0.007286,0.012795,0.026592,1,1,1,1991.3
least_connections,3,41,1,15.535,24.503,0.9667,0.9667,67,0,0,67,63,42,45,0.008231,0.012543,0.025832,1,1,1,1991.3
least_connections,3,42,1,15.535,24.503,0.9691,0.9691,67,0,0,67,63,43,45,0.008231,0.012543,0.025832,1,1,1,1991.3
least_connections,3,43,1,15.417,24.944,0.9712,0.9712,65,0,0,65,63,44,45,0.007358,0.012576,0.026318,1,1,1,1991.3
least_connections,3,44,1,15.638,25.477,0.9731,0.9731,66,0,0,66,63,45,45,0.007421,0.012584,0.02691,1,1,1,1991.3
least_connections,3,45,1,15.597,25.078,0.9748,0.9748,67,0,0,67,63,46,45,0.00735,0.013024,0.026417,1,1,1,1991.3
least_connections,3,46,11,15.702,25.016,0.9768,0.9768,69,0,0,69,67,49,49,0.008403,0.012272,0.026432,1,1,1,1991.3
least_connections,3,47,11,15.485,24.869,0.978,0.978,68,0,0,68,71,51,54,0.007473,0.012768,0.026214,1,1,1,1991.3
least_connections,3,48,1,15.475,24.869,0.9759,0.9759,68,0,0,68,72,51,54,0.007442,0.012768,0.026214,1,1,1,1991.3
least_connections,3,49,1,15.707,25.456,0.9775,0.9775,69,0,0,69,72,52,54,0.007442,0.01282,0.02686,1,1,1,1991.3
least_connections,3,50,1,15.477,25.022,0.9755,0.9755,70,0,0,70,73,52,54,0.007469,0.012555,0.026407,1,1,1,1991.3
least_connections,3,51,11,15.515,25.159,0.979,0.979,64,0,0,64,76,54,60,0.007453,0.012531,0.026562,1,1,1,1991.3
least_connections,3,52,1,15.579,25.275,0.9771,0.9771,66,0,0,66,77,54,60,0.007444,0.012611,0.026682,1,1,1,1991.3
least_connections,3,53,1,15.534,24.983,0.9788,0.9788,67,0,0,67,77,55,60,0.00741,0.012862,0.02633,1,1,1,1991.3
least_connections,3,54,11,15.539,24.983,0.9787,0.9787,67,0,0,67,81,57,65,0.007426,0.012862,0.02633,1,1,1,1991.3
least_connections,3,55,1,15.44,25.006,0.9804,0.9804,69,0,0,69,81,58,65,0.007426,0.012497,0.026396,1,1,1,1991.3
least_connections,3,56,0,15.539,24.443,0.9804,0.9804,67,0,0,67,81,58,65,0.008055,0.012828,0.025734,1,1,1,1991.3
least_connections,3,57,1,15.427,24.965,0.9787,0.9787,68,0,0,68,82,58,65,0.007348,0.012592,0.02634,1,1,1,1991.3
least_connections,3,58,1,15.4,24.683,0.9803,0.9803,69,0,0,69,82,59,65,0.007413,0.012781,0.026005,1,1,1,1991.3
least_connections,3,59,1,15.271,24.519,0.9817,0.9817,66,0,0,66,82,60,65,0.00741,0.012553,0.025849,1,1,1,1991.3
least_connections,3,60,1,15.278,24.518,0.9801,0.9801,66,0,0,66,83,60,65,0.007445,0.01254,0.025849,1,1,1,1991.3
least_connections,3,61,11,15.337,24.676,0.9863,0.9863,67,0,0,67,84,63,72,0.007445,0.01254,0.026025,1,1,1,1991.3
least_connections,3,62,1,15.36,24.661,0.9851,0.9851,69,0,0,69,85,63,72,0.007445,0.012639,0.025997,1,1,1,1991.3
least_connections,3,63,1,15.375,24.605,0.9864,0.9864,65,0,0,65,85,64,72,0.00745,0.012753,0.025922,1,1,1,1991.3
least_connections,3,64,1,15.443,24.962,0.9876,0.9876,66,0,0,66,85,65,72,0.007394,0.012598,0.026336,1,1,1,1991.3
least_connections,3,65,1,15.398,24.873,0.9887,0.9887,67,0,0,67,85,66,72,0.007403,0.012547,0.026243,1,1,1,1991.3
least_connections,3,66,1,15.454,24.888,0.9876,0.9876,68,0,0,68,86,66,72,0.007536,0.01257,0.026257,1,1,1,1991.3
least_connections,3,67,11,15.454,24.888,0.9899,0.9899,68,0,0,68,89,70,76,0.007536,0.01257,0.026257,1,1,1,1991.3
least_connections,3,68,11,15.574,25.149,0.9928,0.9928,66,0,0,66,91,74,81,0.007637,0.012535,0.026551,1,1,1,1991.3
least_connections,3,69,1,16.014,25.579,0.992,0.992,68,0,0,68,92,74,81,0.008201,0.012846,0.026994,1,1,1,1991.3
least_connections,3,70,1,15.468,24.937,0.9911,0.9911,69,0,0,69,93,74,81,0.007466,0.012635,0.026304,1,1,1,1991.3
least_connections,3,71,11,15.475,24.848,0.9902,0.9902,66,0,0,66,97,76,86,0.007379,0.012867,0.026179,1,1,1,1991.3
least_connections,3,72,1,15.453,24.684,0.9893,0.9893,67,0,0,67,98,76,86,0.00749,0.012872,0.025996,1,1,1,1991.3
least_connections,3,73,11,15.431,24.684,0.9879,0.9879,67,0,0,67,101,77,93,0.007424,0.012872,0.025996,1,1,1,1991.3
least_connections,3,74,11,15.591,25.356,0.9884,0.9884,69,0,0,69,104,80,98,0.007424,0.012571,0.026777,1,1,1,1991.3
least_connections,3,75,1,15.55,24.994,0.9877,0.9877,71,0,0,71,105,80,98,0.007382,0.012934,0.026334,1,1,1,1991.3
least_connections,3,76,1,15.486,25.092,0.987,0.987,68,0,0,68,106,80,98,0.007406,0.012567,0.026484,1,1,1,1991.3
least_connections,3,77,11,15.806,25.509,0.983,0.983,69,0,0,69,112,81,102,0.007402,0.013131,0.026884,1,1,1,1991.3
least_connections,3,78,1,15.589,25.413,0.9822,0.9822,71,0,0,71,113,81,102,0.007418,0.012502,0.026848,1,1,1,1991.3
least_connections,3,79,11,15.879,25.498,0.9819,0.9819,71,0,0,71,115,83,109,0.007439,0.01335,0.026848,1,1,1,1991.3
least_connections,3,80,11,15.896,25.543,0.9796,0.9796,67,0,0,67,121,85,112,0.007439,0.01335,0.026898,1,1,1,1991.3
least_connections,3,81,1,15.488,25.166,0.9789,0.9789,69,0,0,69,122,85,112,0.007378,0.012516,0.026571,1,1,1,1991.3
least_connections,3,82,7,15.529,25.233,0.9752,0.9752,70,0,0,70,126,85,115,0.007396,0.012549,0.026642,1,1,1,1991.3
least_connections,3,83,4,15.817,25.105,0.9775,0.9775,72,0,0,72,126,87,117,0.007757,0.013273,0.02642,1,1,1,1991.3
least_connections,3,84,1,15.447,24.967,0.9789,0.9789,69,0,0,69,126,88,117,0.007398,0.012603,0.026341,1,1,1,1991.3
least_connections,3,85,11,15.448,24.966,0.9815,0.9815,69,0,0,69,127,92,123,0.007413,0.012589,0.026341,1,1,1,1991.3
least_connections,3,86,1,15.707,25.666,0.9827,0.9827,72,0,0,72,127,93,123,0.007413,0.012589,0.027119,1,1,1,1991.3
least_connections,3,87,1,15.813,25.221,0.9838,0.9838,72,0,0,72,127,94,123,0.008275,0.012533,0.026631,1,1,1,1991.3
least_connections,3,88,1,15.539,24.927,0.9849,0.9849,66,0,0,66,127,95,123,0.007371,0.012992,0.026253,1,1,1,1991.3
least_connections,3,89,1,15.525,24.964,0.9844,0.9844,67,0,0,67,128,95,123,0.007639,0.012598,0.026338,1,1,1,1991.3
least_connections,3,90,11,15.419,24.958,0.9844,0.9844,69,0,0,69,132,98,127,0.007324,0.012601,0.026331,1,1,1,1991.3
least_connections,3,91,1,15.595,25.25,0.9854,0.9854,70,0,0,70,132,99,127,0.007401,0.012745,0.026639,1,1,1,1991.3
least_connections,3,92,1,15.595,25.25,0.9849,0.9849,70,0,0,70,133,99,127,0.007401,0.012745,0.026639,1,1,1,1991.3
least_connections,3,93,1,15.343,24.817,0.9844,0.9844,68,0,0,68,134,99,127,0.007303,0.012546,0.026181,1,1,1,1991.3
least_connections,3,94,1,15.327,24.693,0.9838,0.9838,69,0,0,69,135,99,127,0.007386,0.012552,0.026042,1,1,1,1991.3
least_connections,3,95,1,15.491,25.107,0.9848,0.9848,70,0,0,70,135,100,127,0.007435,0.012534,0.026504,1,1,1,1991.3
least_connections,3,96,1,15.843,25.34,0.9858,0.9858,67,0,0,67,135,101,127,0.007478,0.013383,0.026669,1,1,1,1991.3
least_connections,3,97,1,15.373,24.768,0.9853,0.9853,68,0,0,68,136,101,127,0.007419,0.012578,0.026123,1,1,1,1991.3
least_connections,3,98,11,15.369,24.768,0.9852,0.9852,68,0,0,68,140,104,131,0.007405,0.012578,0.026123,1,1,1,1991.3
least_connections,3,99,1,15.314,24.702,0.9862,0.9862,70,0,0,70,140,105,131,0.007405,0.012475,0.026061,1,1,1,1991.3
least_connections,3,100,11,15.44,24.991,0.9885,0.9885,68,0,0,68,143,110,134,0.00738,0.012569,0.026371,1,1,1,1991.3
least_connections,3,101,1,15.591,24.564,0.9893,0.9893,70,0,0,70,143,111,134,0.008151,0.012745,0.025877,1,1,1,1991.3
least_connections,3,102,11,15.387,24.862,0.9903,0.9903,72,0,0,72,146,115,138,0.007421,0.012506,0.026235,1,1,1,1991.3
least_connections,3,103,11,15.446,24.732,0.9902,0.9902,74,0,0,74,150,118,142,0.007367,0.012926,0.026044,1,1,1,1991.3
least_connections,3,104,1,15.439,24.728,0.9909,0.9909,74,0,0,74,150,119,142,0.007384,0.012888,0.026044,1,1,1,1991.3
least_connections,3,105,1,15.526,24.965,0.9905,0.9905,71,0,0,71,151,119,142,0.007384,0.012888,0.026307,1,1,1,1991.3
least_connections,3,106,1,15.647,24.794,0.99,0.99,72,0,0,72,152,119,142,0.008082,0.012723,0.026135,1,1,1,1991.3
least_connections,3,107,1,15.496,25.067,0.9896,0.9896,73,0,0,73,153,119,142,0.007441,0.012595,0.026453,1,1,1,1991.3
least_connections,3,108,11,15.285,24.574,0.9898,0.9898,69,0,0,69,156,122,147,0.007355,0.012596,0.025905,1,1,1,1991.3
least_connections,3,109,1,15.626,25.031,0.9905,0.9905,71,0,0,71,156,123,147,0.007484,0.01303,0.026365,1,1,1,1991.3
least_connections,3,110,1,15.363,24.825,0.9901,0.9901,72,0,0,72,157,123,147,0.007343,0.012559,0.026188,1,1,1,1991.3
least_connections,3,111,1,15.363,24.825,0.9896,0.9896,72,0,0,72,158,123,147,0.007343,0.012559,0.026188,1,1,1,1991.3
least_connections,3,112,11,15.395,24.807,0.9887,0.9887,73,0,0,73,162,125,152,0.007397,0.012628,0.02616,1,1,1,1991.3
least_connections,3,113,0,15.485,24.708,0.9887,0.9887,71,0,0,71,162,125,152,0.007748,0.012662,0.026046,1,1,1,1991.3
least_connections,3,114,11,15.553,25.162,0.9878,0.9878,73,0,0,73,166,127,157,0.007526,0.012571,0.026561,1,1,1,1991.3
least_connections,3,115,1,15.73,25.489,0.9885,0.9885,74,0,0,74,166,128,157,0.007677,0.01259,0.026922,1,1,1,1991.3
least_connections,3,116,11,15.968,25.588,0.9896,0.9896,71,0,0,71,171,133,158,0.008161,0.012726,0.027017,1,1,1,1991.3
least_connections,3,117,1,15.765,25.588,0.9902,0.9902,71,0,0,71,171,134,158,0.007553,0.012726,0.027017,1,1,1,1991.3
least_connections,3,118,1,15.447,24.785,0.9898,0.9898,72,0,0,72,172,134,158,0.007553,0.012655,0.026133,1,1,1,1991.3
least_connections,3,119,1,15.709,25.509,0.9894,0.9894,73,0,0,73,173,134,158,0.007378,0.01283,0.026918,1,1,1,1991.3
hash_based,1,0,0,15.5,25.055,1.0,1.0,0,0,0,0,0,0,0,0.00745,0.012611,0.026438,1,1,1,1770.1
hash_based,1,1,11,15.739,24.709,0.938,0.938,73,0,0,73,3,3,5,0.007721,0.013548,0.025949,1,1,1,1770.1
hash_based,1,2,1,15.535,25.158,0.96,0.96,74,0,0,74,3,4,5,0.007401,0.012657,0.026547,1,1,1,1770.1
hash_based,1,3,11,15.291,24.456,0.933,0.933,76,0,0,76,5,8,10,0.007551,0.012543,0.02578,1,1,1,1770.1
hash_based,1,4,11,15.242,24.456,0.9491,0.9491,76,0,0,76,9,10,15,0.007402,0.012543,0.02578,1,1,1,1770.1
hash_based,1,5,1,15.555,25.096,0.9608,0.9608,73,0,0,73,10,10,15,0.007402,0.012802,0.026462,1,1,1,1770.1
hash_based,1,6,1,15.346,24.575,0.9686,0.9686,74,0,0,74,10,11,15,0.007558,0.012572,0.025909,1,1,1,1770.1
hash_based,1,7,1,15.482,24.808,0.9772,0.9772,75,0,0,75,11,11,15,0.0077,0.01258,0.026167,1,1,1,1770.1
hash_based,1,8,1,15.314,24.64,0.9823,0.9823,71,0,0,71,12,11,15,0.007424,0.012532,0.025985,1,1,1,1770.1
hash_based,1,9,1,15.843,25.567,0.9845,0.9845,72,0,0,72,13,11,15,0.007755,0.012786,0.026987,1,1,1,1770.1
hash_based,1,10,1,15.66,25.546,0.984,0.984,72,0,0,72,14,11,15,0.007414,0.012579,0.026987,1,1,1,1770.1
hash_based,1,11,1,15.537,25.214,0.9813,0.9813,73,0,0,73,15,11,15,0.007414,0.012579,0.026618,1,1,1,1770.1
hash_based,1,12,1,15.737,25.102,0.9767,0.9767,69,0,0,69,16,11,15,0.008205,0.012503,0.026502,1,1,1,1770.1
hash_based,1,13,1,15.57,24.983,0.9861,0.9861,70,0,0,70,16,12,15,0.007425,0.012968,0.026318,1,1,1,1770.1
hash_based,1,14,1,15.617,25.437,0.9928,0.9928,71,0,0,71,16,13,15,0.007418,0.012567,0.026867,1,1,1,1770.1
hash_based,1,15,1,15.474,24.884,0.9883,0.9883,72,0,0,72,17,13,15,0.007387,0.012809,0.026226,1,1,1,1770.1
hash_based,1,16,11,15.671,24.941,0.988,0.988,72,0,0,72,19,16,21,0.007412,0.013376,0.026226,1,1,1,1770.1
hash_based,1,17,1,15.7,25.019,0.9872,0.9872,68,0,0,68,20,16,21,0.007412,0.013376,0.026313,1,1,1,1770.1
hash_based,1,18,1,15.675,25.118,0.9923,0.9923,69,0,0,69,20,17,21,0.007922,0.012593,0.02651,1,1,1,1770.1
hash_based,1,19,1,15.718,25.067,0.9909,0.9909,70,0,0,70,21,17,21,0.007422,0.013365,0.026367,1,1,1,1770.1
hash_based,1,20,11,15.584,25.381,0.9804,0.9804,65,0,0,65,24,19,27,0.007408,0.012534,0.026809,1,1,1,1770.1
hash_based,1,21,1,15.795,24.96,0.9855,0.9855,67,0,0,67,24,20,27,0.00832,0.012747,0.026317,1,1,1,1770.1
hash_based,1,22,1,15.576,25.052,0.9852,0.9852,68,0,0,68,25,20,27,0.007406,0.012922,0.0264,1,1,1,1770.1
hash_based,1,23,1,15.576,25.052,0.9896,0.9896,68,0,0,68,25,21,27,0.007406,0.012922,0.0264,1,1,1,1770.1
hash_based,1,24,1,15.568,25.29,0.9888,0.9888,69,0,0,69,26,21,27,0.007395,0.012611,0.026699,1,1,1,1770.1
hash_based,1,25,11,15.54,25.154,0.9866,0.9866,67,0,0,67,32,24,29,0.007514,0.012551,0.026554,1,1,1,1770.1
hash_based,1,26,11,15.461,25.071,0.9821,0.9821,69,0,0,69,36,26,34,0.007395,0.012523,0.026465,1,1,1,1770.1
hash_based,1,27,11,15.945,25.908,0.9823,0.9823,72,0,0,72,40,29,38,0.007662,0.012809,0.027364,1,1,1,1770.1
hash_based,1,28,1,15.554,24.832,0.9803,0.9803,68,0,0,68,41,29,38,0.007415,0.013112,0.026134,1,1,1,1770.1
hash_based,1,29,0,15.543,24.832,0.9803,0.9803,68,0,0,68,41,29,38,0.007383,0.013112,0.026134,1,1,1,1770.1
hash_based,1,30,11,15.522,25.281,0.9898,0.9898,70,0,0,70,42,34,43,0.007383,0.012481,0.026703,1,1,1,1770.1
hash_based,1,31,1,15.803,25.183,0.9921,0.9921,71,0,0,71,42,35,43,0.007406,0.013524,0.026479,1,1,1,1770.1
hash_based,1,32,1,15.428,25.03,0.9942,0.9942,72,0,0,72,42,36,43,0.007371,0.012489,0.026423,1,1,1,1770.1
hash_based,1,33,9,15.632,25.228,0.9921,0.9921,71,0,0,71,47,38,45,0.007419,0.012875,0.026601,1,1,1,1770.1
hash_based,1,34,11,15.573,25.094,0.9872,0.9872,73,0,0,73,48,40,53,0.007368,0.012901,0.026449,1,1,1,1770.1
hash_based,1,35,11,15.594,25.094,0.9891,0.9891,73,0,0,73,51,44,57,0.007431,0.012901,0.026449,1,1,1,1770.1
hash_based,1,36,1,15.486,25.112,0.9891,0.9891,75,0,0,75,52,44,57,0.007431,0.012514,0.026512,1,1,1,1770.1
hash_based,1,37,11,15.415,24.915,0.9867,0.9867,70,0,0,70,57,46,61,0.007398,0.012559,0.026288,1,1,1,1770.1
hash_based,1,38,1,15.372,24.79,0.9887,0.9887,72,0,0,72,57,47,61,0.007393,0.012576,0.026147,1,1,1,1770.1
hash_based,1,39,1,15.747,25.283,0.9904,0.9904,73,0,0,73,57,48,61,0.007618,0.012973,0.026651,1,1,1,1770.1
hash_based,1,40,1,15.588,25.34,0.992,0.992,69,0,0,69,57,49,61,0.007454,0.012547,0.026762,1,1,1,1770.1
hash_based,1,41,1,15.683,25.368,0.9935,0.9935,69,0,0,69,57,50,61,0.007462,0.012824,0.026762,1,1,1,1770.1
hash_based,1,42,1,15.491,24.85,0.9947,0.9947,70,0,0,70,57,51,61,0.007462,0.012824,0.026186,1,1,1,1770.1
hash_based,1,43,1,15.462,25.028,0.9946,0.9946,71,0,0,71,58,51,61,0.007414,0.012559,0.026413,1,1,1,1770.1
hash_based,1,44,11,15.556,25.241,0.9945,0.9945,72,0,0,72,63,54,64,0.007408,0.012616,0.026644,1,1,1,1770.1
hash_based,1,45,1,15.518,24.69,0.994,0.994,69,0,0,69,64,54,64,0.007937,0.012582,0.026035,1,1,1,1770.1
hash_based,1,46,11,15.311,24.727,0.9934,0.9934,71,0,0,71,69,57,67,0.007269,0.012588,0.026076,1,1,1,1770.1
hash_based,1,47,11,15.658,24.922,0.9926,0.9926,73,0,0,73,74,60,70,0.007918,0.012786,0.026271,1,1,1,1770.1
hash_based,1,48,1,15.658,24.922,0.9937,0.9937,73,0,0,73,74,61,70,0.007918,0.012786,0.026271,1,1,1,1770.1
hash_based,1,49,1,15.54,24.904,0.9947,0.9947,70,0,0,70,74,62,70,0.007424,0.012965,0.026231,1,1,1,1770.1
hash_based,1,50,11,15.394,24.884,0.9954,0.9954,71,0,0,71,78,66,73,0.007368,0.012561,0.026253,1,1,1,1770.1
hash_based,1,51,1,15.813,24.987,0.9947,0.9947,73,0,0,73,79,66,73,0.00835,0.012741,0.026348,1,1,1,1770.1
hash_based,1,52,1,15.427,25.027,0.9939,0.9939,74,0,0,74,80,66,73,0.007339,0.012526,0.026416,1,1,1,1770.1
hash_based,1,53,1,15.322,24.689,0.9948,0.9948,70,0,0,70,80,67,73,0.00743,0.012492,0.026044,1,1,1,1770.1
hash_based,1,54,11,15.322,24.689,0.9952,0.9952,70,0,0,70,84,71,76,0.00743,0.012492,0.026044,1,1,1,1770.1
hash_based,1,55,1,15.655,24.941,0.9944,0.9944,72,0,0,72,85,71,76,0.007384,0.013352,0.026229,1,1,1,1770.1
hash_based,1,56,7,15.334,24.422,0.9915,0.9915,73,0,0,73,89,71,79,0.007402,0.012898,0.025702,1,1,1,1770.1
hash_based,1,57,4,15.389,24.663,0.9908,0.9908,70,0,0,70,91,72,80,0.007599,0.012561,0.026008,1,1,1,1770.1
hash_based,1,58,1,15.425,25.005,0.9899,0.9899,71,0,0,71,92,72,80,0.007413,0.012464,0.026398,1,1,1,1770.1
hash_based,1,59,1,15.285,24.562,0.9909,0.9909,72,0,0,72,92,73,80,0.007386,0.012575,0.025894,1,1,1,1770.1
hash_based,1,60,1,15.551,24.562,0.9917,0.9917,72,0,0,72,92,74,80,0.008185,0.012575,0.025894,1,1,1,1770.1
hash_based,1,61,1,15.538,24.669,0.9908,0.9908,73,0,0,73,93,74,80,0.008185,0.012396,0.026033,1,1,1,1770.1
hash_based,1,62,1,15.397,24.78,0.9898,0.9898,70,0,0,70,94,74,80,0.007385,0.012682,0.026124,1,1,1,1770.1
hash_based,1,63,1,15.42,24.99,0.9907,0.9907,71,0,0,71,94,75,80,0.007372,0.012512,0.026376,1,1,1,1770.1
hash_based,1,64,1,15.507,24.964,0.9915,0.9915,72,0,0,72,94,76,80,0.007631,0.012547,0.026344,1,1,1,1770.1
hash_based,1,65,1,15.345,24.713,0.9905,0.9905,67,0,0,67,95,76,80,0.007418,0.012554,0.026064,1,1,1,1770.1
hash_based,1,66,11,15.433,24.714,0.9862,0.9862,67,0,0,67,101,76,85,0.007668,0.012566,0.026064,1,1,1,1770.1
hash_based,1,67,1,15.509,24.921,0.9851,0.9851,69,0,0,69,102,76,85,0.007668,0.012566,0.026294,1,1,1,1770.1
hash_based,1,68,11,15.462,24.928,0.9885,0.9885,70,0,0,70,104,80,90,0.007404,0.012696,0.026287,1,1,1,1770.1
hash_based,1,69,1,15.307,24.629,0.9895,0.9895,69,0,0,69,104,81,90,0.007342,0.012615,0.025964,1,1,1,1770.1
hash_based,1,70,1,15.457,24.793,0.9886,0.9886,70,0,0,70,105,81,90,0.007652,0.012567,0.026151,1,1,1,1770.1
hash_based,1,71,1,15.76,24.984,0.9876,0.9876,71,0,0,71,106,81,90,0.008006,0.012954,0.026321,1,1,1,1770.1
hash_based,1,72,1,15.126,24.219,0.9866,0.9866,72,0,0,72,107,81,90,0.007409,0.012441,0.025528,1,1,1,1770.1
hash_based,1,73,1,15.126,24.219,0.9876,0.9876,72,0,0,72,107,82,90,0.007409,0.012441,0.025528,1,1,1,1770.1
hash_based,1,74,11,15.36,24.84,0.9898,0.9898,69,0,0,69,109,85,96,0.007371,0.012496,0.026212,1,1,1,1770.1
hash_based,1,75,11,15.349,24.83,0.9891,0.9891,71,0,0,71,111,86,104,0.007384,0.012459,0.026205,1,1,1,1770.1
hash_based,1,76,11,15.662,24.956,0.9852,0.9852,73,0,0,73,114,86,112,0.007428,0.013308,0.02625,1,1,1,1770.1
hash_based,1,77,11,15.159,24.156,0.9836,0.9836,74,0,0,74,118,88,117,0.007418,0.012621,0.025438,1,1,1,1770.1
hash_based,1,78,11,15.357,24.964,0.9802,0.9802,74,0,0,74,121,89,124,0.007223,0.012498,0.026349,1,1,1,1770.1
hash_based,1,79,11,15.419,24.964,0.9836,0.9836,74,0,0,74,126,94,125,0.007411,0.012498,0.026349,1,1,1,1770.1
hash_based,1,80,11,15.442,24.939,0.985,0.985,76,0,0,76,130,98,128,0.007411,0.012606,0.026309,1,1,1,1770.1
hash_based,1,81,11,16.1,25.956,0.9875,0.9875,78,0,0,78,134,103,130,0.008254,0.012605,0.02744,1,1,1,1770.1
hash_based,1,82,1,15.352,24.726,0.987,0.987,76,0,0,76,135,103,130,0.007411,0.012569,0.026077,1,1,1,1770.1
hash_based,1,83,0,15.7,25.177,0.987,0.987,77,0,0,77,135,103,130,0.007546,0.013028,0.026527,1,1,1,1770.1
hash_based,1,84,1,15.815,25.093,0.9879,0.9879,78,0,0,78,135,104,130,0.007672,0.013379,0.026394,1,1,1,1770.1
hash_based,1,85,1,15.729,25.093,0.9888,0.9888,78,0,0,78,135,105,130,0.007413,0.013379,0.026394,1,1,1,1770.1
hash_based,1,86,1,15.364,24.789,0.9884,0.9884,75,0,0,75,136,105,130,0.007413,0.012526,0.026152,1,1,1,1770.1
hash_based,1,87,11,15.342,24.775,0.9924,0.9924,77,0,0,77,138,112,132,0.007368,0.012523,0.026136,1,1,1,1770.1
hash_based,1,88,11,15.568,25.089,0.9916,0.9916,79,0,0,79,141,114,138,0.00764,0.012586,0.026478,1,1,1,1770.1
hash_based,1,89,11,15.391,24.63,0.9932,0.9932,81,0,0,81,144,119,141,0.007556,0.012658,0.02596,1,1,1,1770.1
hash_based,1,90,1,15.656,25.497,0.9938,0.9938,76,0,0,76,144,120,141,0.007457,0.012578,0.026932,1,1,1,1770.1
hash_based,1,91,11,15.8,25.497,0.9936,0.9936,76,0,0,76,146,123,147,0.00789,0.012578,0.026932,1,1,1,1770.1
hash_based,1,92,1,16.126,25.678,0.9942,0.9942,78,0,0,78,146,124,147,0.00789,0.013451,0.027037,1,1,1,1770.1
hash_based,1,93,11,15.48,24.831,0.996,0.996,79,0,0,79,148,130,150,0.007413,0.012866,0.02616,1,1,1,1770.1
hash_based,1,94,11,15.549,25.323,0.9964,0.9964,75,0,0,75,151,134,154,0.007291,0.012622,0.026734,1,1,1,1770.1
hash_based,1,95,13,15.538,25.021,0.9955,0.9955,78,0,0,78,154,137,161,0.007416,0.012821,0.026377,1,1,1,1770.1
hash_based,1,96,11,15.755,25.53,0.996,0.996,80,0,0,80,158,141,164,0.007549,0.012768,0.026948,1,1,1,1770.1
hash_based,1,97,11,15.712,25.53,0.9963,0.9963,80,0,0,80,161,145,168,0.007419,0.012768,0.026948,1,1,1,1770.1
hash_based,1,98,1,15.571,25.314,0.9962,0.9962,76,0,0,76,162,145,168,0.007419,0.012562,0.026731,1,1,1,1770.1
hash_based,1,99,11,15.435,25.054,0.9972,0.9972,77,0,0,77,166,150,170,0.007341,0.012517,0.026447,1,1,1,1770.1
hash_based,1,100,11,15.441,24.971,0.9975,0.9975,79,0,0,79,167,155,175,0.007381,0.012597,0.026346,1,1,1,1770.1
hash_based,1,101,11,15.813,25.062,0.9977,0.9977,81,0,0,81,170,159,179,0.008219,0.012794,0.026425,1,1,1,1770.1
hash_based,1,102,1,15.523,25.034,0.9977,0.9977,79,0,0,79,171,159,179,0.007386,0.012788,0.026395,1,1,1,1770.1
hash_based,1,103,1,15.547,25.034,0.9974,0.9974,79,0,0,79,171,159,180,0.007459,0.012788,0.026395,1,1,1,1770.1
hash_based,1,104,10,15.408,24.741,0.9976,0.9976,81,0,0,81,173,163,184,0.007459,0.012684,0.026081,1,1,1,1770.1
hash_based,1,105,11,15.615,25.428,0.9974,0.9974,83,0,0,83,175,167,189,0.007398,0.012593,0.026854,1,1,1,1770.1
hash_based,1,106,1,15.313,24.606,0.9974,0.9974,80,0,0,80,176,167,189,0.007417,0.012579,0.025942,1,1,1,1770.1
hash_based,1,107,1,15.819,25.183,0.9976,0.9976,81,0,0,81,176,168,189,0.007402,0.013582,0.026472,1,1,1,1770.1
hash_based,1,108,11,15.638,25.258,0.9981,0.9981,83,0,0,83,183,171,190,0.007466,0.012806,0.026641,1,1,1,1770.1
hash_based,1,109,1,15.606,25.258,0.9983,0.9983,83,0,0,83,183,172,190,0.007372,0.012806,0.026641,1,1,1,1770.1
hash_based,1,110,1,15.364,24.775,0.9983,0.9983,84,0,0,84,184,172,190,0.007372,0.012591,0.026129,1,1,1,1770.1
hash_based,1,111,1,15.557,24.313,0.9983,0.9983,80,0,0,80,185,172,190,0.008272,0.012807,0.025591,1,1,1,1770.1
hash_based,1,112,1,15.59,25.067,0.9982,0.9982,81,0,0,81,186,172,190,0.007433,0.012921,0.026417,1,1,1,1770.1
hash_based,1,113,1,15.561,25.0,0.9984,0.9984,82,0,0,82,186,173,190,0.007419,0.012922,0.026342,1,1,1,1770.1
hash_based,1,114,11,15.351,24.681,0.9972,0.9972,79,0,0,79,188,174,198,0.00742,0.012612,0.026022,1,1,1,1770.1
hash_based,1,115,1,15.347,24.681,0.9975,0.9975,79,0,0,79,188,175,198,0.007406,0.012612,0.026022,1,1,1,1770.1
hash_based,1,116,11,15.431,24.874,0.9978,0.9978,80,0,0,80,190,180,202,0.007406,0.012654,0.026232,1,1,1,1770.1
hash_based,1,117,1,15.773,25.337,0.9978,0.9978,82,0,0,82,191,180,202,0.007615,0.012994,0.026709,1,1,1,1770.1
hash_based,1,118,1,15.389,24.443,0.998,0.998,78,0,0,78,191,181,202,0.007471,0.01298,0.025717,1,1,1,1770.1
hash_based,1,119,1,15.503,25.091,0.9982,0.9982,79,0,0,79,191,182,202,0.007434,0.012594,0.02648,1,1,1,1770.1
hash_based,2,0,0,15.405,24.901,1.0,1.0,0,0,0,0,0,0,0,0.007408,0.012531,0.026276,1,1,1,2068.5
hash_based,2,1,11,15.41,24.517,0.8231,0.8231,80,0,0,80,3,2,6,0.007408,0.01303,0.025793,1,1,1,2068.5
hash_based,2,2,1,15.831,24.924,0.8571,0.8571,80,0,0,80,4,2,6,0.008397,0.012829,0.026268,1,1,1,2068.5
hash_based,2,3,1,15.831,24.924,0.9235,0.9235,80,0,0,80,4,3,6,0.008397,0.012829,0.026268,1,1,1,2068.5
hash_based,2,4,11,15.251,24.256,0.9143,0.9143,84,0,0,84,8,5,11,0.00739,0.012839,0.025525,1,1,1,2068.5
hash_based,2,5,1,15.571,25.33,0.9427,0.9427,83,0,0,83,8,6,11,0.007426,0.012536,0.026752,1,1,1,2068.5
hash_based,2,6,1,15.464,25.151,0.9468,0.9468,79,0,0,79,9,6,11,0.007329,0.012508,0.026556,1,1,1,2068.5
hash_based,2,7,1,15.719,25.652,0.9455,0.9455,80,0,0,80,10,6,11,0.007376,0.012688,0.027093,1,1,1,2068.5
hash_based,2,8,1,15.473,24.878,0.94,0.94,81,0,0,81,11,6,11,0.007336,0.01287,0.026212,1,1,1,2068.5
hash_based,2,9,11,15.473,24.878,0.9845,0.9845,81,0,0,81,13,11,15,0.007336,0.01287,0.026212,1,1,1,2068.5
hash_based,2,10,1,15.516,24.918,0.984,0.984,79,0,0,79,14,11,15,0.007411,0.01288,0.026256,1,1,1,2068.5
hash_based,2,11,11,15.428,25.045,0.9909,0.9909,80,0,0,80,17,15,19,0.00727,0.012585,0.026429,1,1,1,2068.5
hash_based,2,12,1,15.525,25.019,0.9948,0.9948,82,0,0,82,17,16,19,0.007433,0.01276,0.026381,1,1,1,2068.5
hash_based,2,13,1,15.572,25.358,0.9972,0.9972,83,0,0,83,17,17,19,0.007395,0.012538,0.026782,1,1,1,2068.5
hash_based,2,14,1,15.309,24.642,0.9979,0.9979,76,0,0,76,17,18,19,0.007352,0.012596,0.02598,1,1,1,2068.5
hash_based,2,15,1,15.309,24.642,0.9974,0.9974,76,0,0,76,17,19,19,0.007352,0.012596,0.02598,1,1,1,2068.5
hash_based,2,16,1,15.441,24.731,0.9994,0.9994,77,0,0,77,18,19,19,0.00741,0.012863,0.02605,1,1,1,2068.5
hash_based,2,17,1,15.391,24.805,0.9982,0.9982,78,0,0,78,18,20,19,0.007404,0.012608,0.02616,1,1,1,2068.5
hash_based,2,18,1,15.311,24.638,0.9959,0.9959,73,0,0,73,18,21,19,0.007356,0.012601,0.025976,1,1,1,2068.5
hash_based,2,19,11,15.437,24.855,0.9987,0.9987,75,0,0,75,24,23,22,0.007511,0.01258,0.026219,1,1,1,2068.5
hash_based,2,20,11,15.604,25.246,0.9988,0.9988,77,0,0,77,28,26,26,0.0074,0.012782,0.026631,1,1,1,2068.5
hash_based,2,21,1,15.587,25.246,0.9991,0.9991,77,0,0,77,28,27,26,0.007347,0.012782,0.026631,1,1,1,2068.5
hash_based,2,22,1,15.273,24.388,0.9979,0.9979,74,0,0,74,29,27,26,0.007347,0.012796,0.025676,1,1,1,2068.5
hash_based,2,23,1,15.647,25.3,0.9962,0.9962,75,0,0,75,30,27,26,0.00768,0.012544,0.026717,1,1,1,2068.5
hash_based,2,24,1,15.522,24.806,0.9941,0.9941,76,0,0,76,31,27,26,0.007429,0.01302,0.026116,1,1,1,2068.5
hash_based,2,25,1,15.448,25.028,0.9915,0.9915,77,0,0,77,32,27,26,0.007338,0.012598,0.026409,1,1,1,2068.5
hash_based,2,26,11,15.519,24.531,0.9897,0.9897,73,0,0,73,36,32,28,0.008037,0.012672,0.025849,1,1,1,2068.5
hash_based,2,27,1,15.303,24.531,0.9872,0.9872,73,0,0,73,37,32,28,0.007389,0.012672,0.025849,1,1,1,2068.5
hash_based,2,28,11,15.376,24.8,0.9985,0.9985,74,0,0,74,38,35,35,0.007389,0.012583,0.026157,1,1,1,2068.5
hash_based,2,29,1,15.477,25.093,0.9988,0.9988,76,0,0,76,38,35,36,0.007385,0.012562,0.026485,1,1,1,2068.5
hash_based,2,30,10,15.805,25.319,0.9977,0.9977,72,0,0,72,41,37,41,0.007395,0.013374,0.026646,1,1,1,2068.5
hash_based,2,31,11,15.445,24.932,0.9963,0.9963,74,0,0,74,42,41,47,0.00745,0.012581,0.026304,1,1,1,2068.5
hash_based,2,32,1,15.468,25.067,0.9971,0.9971,75,0,0,75,42,42,47,0.007409,0.012535,0.02646,1,1,1,2068.5
hash_based,2,33,11,15.534,25.067,0.9949,0.9949,75,0,0,75,44,46,52,0.007607,0.012535,0.02646,1,1,1,2068.5
hash_based,2,34,1,15.593,25.093,0.9952,0.9952,77,0,0,77,44,47,52,0.007607,0.012703,0.02647,1,1,1,2068.5
hash_based,2,35,11,15.649,25.573,0.9987,0.9987,72,0,0,72,50,50,54,0.007371,0.012556,0.027019,1,1,1,2068.5
hash_based,2,36,1,15.755,25.427,0.9989,0.9989,73,0,0,73,50,51,54,0.007447,0.01301,0.026807,1,1,1,2068.5
hash_based,2,37,11,15.485,24.88,0.9978,0.9978,75,0,0,75,54,53,59,0.007384,0.012855,0.026216,1,1,1,2068.5
hash_based,2,38,11,15.324,24.702,0.9975,0.9975,71,0,0,71,58,56,63,0.007386,0.012531,0.026054,1,1,1,2068.5
hash_based,2,39,11,15.397,24.698,0.9972,0.9972,71,0,0,71,65,58,65,0.007641,0.012495,0.026054,1,1,1,2068.5
hash_based,2,40,11,15.417,24.752,0.9962,0.9962,73,0,0,73,67,61,71,0.007641,0.012495,0.026114,1,1,1,2068.5
hash_based,2,41,11,15.416,24.834,0.9942,0.9942,75,0,0,75,69,64,77,0.007401,0.012661,0.026187,1,1,1,2068.5
hash_based,2,42,1,15.568,25.377,0.9943,0.9943,77,0,0,77,70,64,77,0.007385,0.012512,0.026806,1,1,1,2068.5
hash_based,2,43,1,15.478,25.064,0.9952,0.9952,73,0,0,73,70,65,77,0.007401,0.012582,0.026451,1,1,1,2068.5
hash_based,2,44,1,15.475,25.03,0.9953,0.9953,74,0,0,74,71,65,77,0.007422,0.01259,0.026412,1,1,1,2068.5
hash_based,2,45,1,15.72,25.02,0.9953,0.9953,74,0,0,74,72,65,77,0.008252,0.012495,0.026412,1,1,1,2068.5
hash_based,2,46,1,15.818,25.287,0.9952,0.9952,75,0,0,75,73,65,77,0.008252,0.012495,0.026708,1,1,1,2068.5
hash_based,2,47,11,15.501,24.905,0.9974,0.9974,71,0,0,71,77,70,79,0.007704,0.012516,0.026282,1,1,1,2068.5
hash_based,2,48,1,15.562,25.344,0.998,0.998,73,0,0,73,77,71,79,0.007328,0.012597,0.02676,1,1,1,2068.5
hash_based,2,49,11,15.389,24.822,0.9985,0.9985,74,0,0,74,82,75,81,0.007409,0.012575,0.026183,1,1,1,2068.5
hash_based,2,50,1,15.911,26.271,0.9989,0.9989,72,0,0,72,82,76,81,0.007386,0.012552,0.027795,1,1,1,2068.5
hash_based,2,51,1,15.931,26.275,0.9986,0.9986,72,0,0,72,83,76,81,0.007404,0.012593,0.027795,1,1,1,2068.5
hash_based,2,52,1,15.513,25.147,0.9983,0.9983,73,0,0,73,84,76,81,0.007404,0.012593,0.026542,1,1,1,2068.5
hash_based,2,53,1,15.35,24.591,0.9979,0.9979,74,0,0,74,85,76,81,0.007514,0.012614,0.025922,1,1,1,2068.5
hash_based,2,54,1,15.445,24.891,0.9984,0.9984,75,0,0,75,85,77,81,0.007471,0.012607,0.026256,1,1,1,2068.5
hash_based,2,55,0,15.54,25.067,0.9984,0.9984,71,0,0,71,85,77,81,0.007481,0.012697,0.026441,1,1,1,2068.5
hash_based,2,56,11,15.792,25.901,0.9985,0.9985,73,0,0,73,89,81,84,0.007349,0.012655,0.027373,1,1,1,2068.5
hash_based,2,57,1,15.834,25.912,0.9988,0.9988,73,0,0,73,89,82,84,0.007365,0.012765,0.027373,1,1,1,2068.5
hash_based,2,58,11,15.821,25.875,0.9996,0.9996,74,0,0,74,91,88,87,0.007365,0.012765,0.027332,1,1,1,2068.5
hash_based,2,59,11,15.508,24.616,0.9997,0.9997,73,0,0,73,94,93,90,0.007792,0.012804,0.025928,1,1,1,2068.5
hash_based,2,60,1,15.551,25.302,0.9995,0.9995,74,0,0,74,95,93,90,0.007367,0.012569,0.026717,1,1,1,2068.5
hash_based,2,61,1,15.794,25.274,0.9993,0.9993,75,0,0,75,96,93,90,0.007756,0.012988,0.026639,1,1,1,2068.5
hash_based,2,62,1,15.797,25.337,0.9993,0.9993,76,0,0,76,96,94,90,0.007452,0.013259,0.026679,1,1,1,2068.5
hash_based,2,63,1,15.802,25.286,0.9991,0.9991,76,0,0,76,97,94,90,0.007975,0.012752,0.026679,1,1,1,2068.5
hash_based,2,64,11,15.704,25.023,0.9988,0.9988,72,0,0,72,102,96,94,0.007975,0.012752,0.026386,1,1,1,2068.5
hash_based,2,65,11,15.585,25.139,0.9988,0.9988,74,0,0,74,106,99,98,0.007616,0.012606,0.026532,1,1,1,2068.5
hash_based,2,66,1,15.631,24.888,0.9989,0.9989,76,0,0,76,106,100,98,0.007418,0.013299,0.026176,1,1,1,2068.5
hash_based,2,67,11,15.267,24.743,0.9993,0.9993,74,0,0,74,109,103,103,0.007262,0.012427,0.026112,1,1,1,2068.5
hash_based,2,68,11,15.487,25.072,0.9993,0.9993,76,0,0,76,112,105,109,0.007509,0.012482,0.026471,1,1,1,2068.5
hash_based,2,69,1,15.573,25.104,0.9995,0.9995,76,0,0,76,112,106,109,0.00745,0.012799,0.026471,1,1,1,2068.5
hash_based,2,70,1,15.533,24.994,0.9996,0.9996,77,0,0,77,112,107,109,0.00745,0.012799,0.026349,1,1,1,2068.5
hash_based,2,71,1,15.362,24.749,0.9995,0.9995,74,0,0,74,113,107,109,0.007411,0.012572,0.026102,1,1,1,2068.5
hash_based,2,72,1,15.382,24.854,0.9996,0.9996,75,0,0,75,113,108,109,0.00734,0.012589,0.026217,1,1,1,2068.5
hash_based,2,73,1,15.48,25.054,0.9994,0.9994,76,0,0,76,114,108,109,0.007401,0.0126,0.026438,1,1,1,2068.5
hash_based,2,74,11,15.107,24.012,0.9986,0.9986,79,0,0,79,120,110,112,0.007449,0.012592,0.025281,1,1,1,2068.5
hash_based,2,75,1,15.618,24.808,0.9983,0.9983,74,0,0,74,121,110,112,0.007435,0.013336,0.026083,1,1,1,2068.5
hash_based,2,76,11,15.618,24.808,0.9983,0.9983,74,0,0,74,124,112,118,0.007435,0.013336,0.026083,1,1,1,2068.5
hash_based,2,77,11,15.453,25.059,0.9993,0.9993,76,0,0,76,126,118,121,0.007317,0.0126,0.026443,1,1,1,2068.5
hash_based,2,78,1,15.357,24.755,0.9994,0.9994,78,0,0,78,126,119,121,0.007424,0.012533,0.026113,1,1,1,2068.5
hash_based,2,79,1,15.304,24.65,0.9992,0.9992,76,0,0,76,127,119,121,0.007391,0.012524,0.025997,1,1,1,2068.5
hash_based,2,80,1,15.326,24.581,0.999,0.999,77,0,0,77,128,119,121,0.007473,0.012593,0.025913,1,1,1,2068.5
hash_based,2,81,0,15.324,24.661,0.999,0.999,78,0,0,78,128,119,121,0.007433,0.012531,0.026009,1,1,1,2068.5
hash_based,2,82,1,15.324,24.661,0.9992,0.9992,78,0,0,78,128,120,121,0.007433,0.012531,0.026009,1,1,1,2068.5
hash_based,2,83,11,15.644,25.613,0.9996,0.9996,80,0,0,80,130,124,126,0.00741,0.012447,0.027076,1,1,1,2068.5
hash_based,2,84,11,15.746,24.989,0.9998,0.9998,76,0,0,76,133,129,129,0.008298,0.012572,0.026369,1,1,1,2068.5
hash_based,2,85,1,15.318,24.671,0.9997,0.9997,77,0,0,77,134,129,129,0.007408,0.012525,0.02602,1,1,1,2068.5
hash_based,2,86,11,15.609,24.593,0.9998,0.9998,80,0,0,80,137,132,134,0.008163,0.012756,0.025908,1,1,1,2068.5
hash_based,2,87,1,15.778,24.973,0.9997,0.9997,76,0,0,76,138,132,134,0.007662,0.013415,0.026257,1,1,1,2068.5
hash_based,2,88,11,15.778,24.973,0.9995,0.9995,76,0,0,76,140,134,141,0.007662,0.013415,0.026257,1,1,1,2068.5
hash_based,2,89,1,15.444,25.004,0.9994,0.9994,78,0,0,78,141,134,141,0.007406,0.012537,0.026389,1,1,1,2068.5
hash_based,2,90,11,15.8,25.667,0.9997,0.9997,79,0,0,79,145,139,143,0.007469,0.012838,0.027092,1,1,1,2068.5
hash_based,2,91,1,15.535,25.137,0.9998,0.9998,81,0,0,81,145,140,143,0.007388,0.012699,0.026519,1,1,1,2068.5
hash_based,2,92,1,15.837,25.212,0.9999,0.9999,76,0,0,76,145,141,143,0.008299,0.012597,0.026614,1,1,1,2068.5
hash_based,2,93,11,15.538,25.139,0.9995,0.9995,78,0,0,78,151,143,146,0.007451,0.012634,0.026528,1,1,1,2068.5
hash_based,2,94,1,15.538,25.139,0.9994,0.9994,78,0,0,78,152,143,146,0.007451,0.012634,0.026528,1,1,1,2068.5
hash_based,2,95,11,15.425,25.007,0.9998,0.9998,79,0,0,79,154,149,149,0.00732,0.012567,0.026389,1,1,1,2068.5
hash_based,2,96,1,15.844,25.236,0.9998,0.9998,75,0,0,75,154,150,149,0.007597,0.013383,0.026553,1,1,1,2068.5
hash_based,2,97,1,15.36,24.749,0.9997,0.9997,76,0,0,76,155,150,149,0.007402,0.012575,0.026102,1,1,1,2068.5
hash_based,2,98,1,15.709,24.972,0.9997,0.9997,77,0,0,77,155,151,149,0.008268,0.012501,0.026358,1,1,1,2068.5
hash_based,2,99,1,15.449,24.803,0.9996,0.9996,72,0,0,72,156,151,149,0.007392,0.012822,0.026134,1,1,1,2068.5
hash_based,2,100,11,15.468,24.803,0.9997,0.9997,72,0,0,72,159,155,153,0.007449,0.012822,0.026134,1,1,1,2068.5
hash_based,2,101,11,15.538,25.033,0.9994,0.9994,74,0,0,74,165,157,156,0.007449,0.012769,0.026396,1,1,1,2068.5
hash_based,2,102,1,15.534,25.086,0.9994,0.9994,76,0,0,76,165,158,156,0.007347,0.012804,0.026451,1,1,1,2068.5
hash_based,2,103,11,15.499,25.211,0.9993,0.9993,77,0,0,77,169,162,159,0.007335,0.012545,0.026618,1,1,1,2068.5
hash_based,2,104,1,15.388,24.814,0.9992,0.9992,73,0,0,73,170,162,159,0.007427,0.012561,0.026175,1,1,1,2068.5
hash_based,2,105,1,15.637,24.714,0.999,0.999,74,0,0,74,171,162,159,0.008173,0.012687,0.02605,1,1,1,2068.5
hash_based,2,106,1,15.384,24.714,0.9989,0.9989,74,0,0,74,172,162,159,0.007414,0.012687,0.02605,1,1,1,2068.5
hash_based,2,107,0,15.484,25.063,0.9989,0.9989,75,0,0,75,172,162,159,0.007414,0.01259,0.026449,1,1,1,2068.5
hash_based,2,108,1,15.404,24.719,0.9987,0.9987,72,0,0,72,173,162,159,0.007595,0.012547,0.026071,1,1,1,2068.5
hash_based,2,109,1,15.572,25.375,0.9985,0.9985,73,0,0,73,174,162,159,0.007386,0.012528,0.026803,1,1,1,2068.5
hash_based,2,110,1,15.551,25.06,0.9985,0.9985,74,0,0,74,174,163,159,0.007694,0.012504,0.026455,1,1,1,2068.5
hash_based,2,111,11,15.441,25.056,0.9989,0.9989,76,0,0,76,177,166,164,0.00738,0.01249,0.026452,1,1,1,2068.5
hash_based,2,112,1,15.433,25.056,0.9987,0.9987,76,0,0,76,178,166,164,0.007357,0.01249,0.026452,1,1,1,2068.5
hash_based,2,113,11,15.313,24.702,0.9972,0.9972,72,0,0,72,186,167,166,0.007357,0.012526,0.026055,1,1,1,2068.5
hash_based,2,114,1,15.343,24.724,0.9973,0.9973,74,0,0,74,186,168,166,0.007409,0.012543,0.026078,1,1,1,2068.5
hash_based,2,115,11,15.482,25.138,0.9984,0.9984,76,0,0,76,187,173,171,0.007363,0.012546,0.026537,1,1,1,2068.5
hash_based,2,116,11,15.769,24.801,0.9984,0.9984,74,0,0,74,191,175,176,0.00824,0.012948,0.026118,1,1,1,2068.5
hash_based,2,117,11,15.47,25.036,0.9989,0.9989,76,0,0,76,193,179,181,0.007426,0.012562,0.026422,1,1,1,2068.5
hash_based,2,118,11,15.469,25.036,0.9985,0.9985,76,0,0,76,198,181,185,0.007423,0.012562,0.026422,1,1,1,2068.5
hash_based,2,119,1,15.609,24.979,0.9986,0.9986,79,0,0,79,198,182,185,0.007423,0.013106,0.026298,1,1,1,2068.5
hash_based,3,0,0,15.819,25.623,1.0,1.0,0,0,0,0,0,0,0,0.007523,0.012898,0.027037,1,1,1,1771.9
hash_based,3,1,11,15.819,25.623,0.761,0.761,0,0,0,0,1,4,6,0.007523,0.012898,0.027037,1,1,1,1771.9
hash_based,3,2,1,15.298,24.658,0.8571,0.8571,77,0,0,77,2,4,6,0.007347,0.012544,0.026004,1,1,1,1771.9
hash_based,3,3,1,15.443,24.889,0.8667,0.8667,73,0,0,73,2,5,6,0.007474,0.012599,0.026255,1,1,1,1771.9
hash_based,3,4,11,15.399,24.957,0.96,0.96,75,0,0,75,6,8,10,0.007302,0.01256,0.026334,1,1,1,1771.9
hash_based,3,5,1,15.457,25.113,0.9601,0.9601,76,0,0,76,6,9,10,0.007427,0.01242,0.026523,1,1,1,1771.9
hash_based,3,6,1,15.482,24.88,0.9797,0.9797,77,0,0,77,7,9,10,0.007395,0.012832,0.026219,1,1,1,1771.9
hash_based,3,7,11,15.482,24.88,0.973,0.973,77,0,0,77,10,15,12,0.007395,0.012832,0.026219,1,1,1,1771.9
hash_based,3,8,1,15.527,24.55,0.9627,0.9627,74,0,0,74,10,16,12,0.007322,0.013478,0.02578,1,1,1,1771.9
hash_based,3,9,1,15.315,24.401,0.9731,0.9731,75,0,0,75,11,16,12,0.007663,0.012566,0.025716,1,1,1,1771.9
hash_based,3,10,11,15.785,25.779,0.9968,0.9968,77,0,0,77,16,18,16,0.007554,0.012554,0.027248,1,1,1,1771.9
hash_based,3,11,1,15.39,24.797,0.9931,0.9931,74,0,0,74,16,19,16,0.00742,0.012599,0.026152,1,1,1,1771.9
hash_based,3,12,1,15.436,24.967,0.9948,0.9948,75,0,0,75,17,19,16,0.00741,0.012553,0.026346,1,1,1,1771.9
hash_based,3,13,1,15.436,24.967,0.995,0.995,75,0,0,75,18,19,16,0.00741,0.012553,0.026346,1,1,1,1771.9
hash_based,3,14,1,15.393,24.76,0.9918,0.9918,76,0,0,76,18,20,16,0.007468,0.0126,0.026111,1,1,1,1771.9
hash_based,3,15,1,15.535,24.887,0.9915,0.9915,72,0,0,72,19,20,16,0.007645,0.012722,0.026239,1,1,1,1771.9
hash_based,3,16,1,15.365,24.734,0.988,0.988,73,0,0,73,19,21,16,0.007407,0.012606,0.026082,1,1,1,1771.9
hash_based,3,17,1,15.432,24.992,0.9837,0.9837,74,0,0,74,19,22,16,0.007393,0.012526,0.026377,1,1,1,1771.9
hash_based,3,18,1,15.553,25.209,0.9785,0.9785,75,0,0,75,19,23,16,0.007407,0.012648,0.026605,1,1,1,1771.9
hash_based,3,19,11,15.544,25.209,0.9888,0.9888,75,0,0,75,23,26,20,0.007379,0.012648,0.026605,1,1,1,1771.9
hash_based,3,20,1,15.555,25.136,0.9887,0.9887,71,0,0,71,24,26,20,0.007379,0.012776,0.026509,1,1,1,1771.9
hash_based,3,21,1,15.972,25.484,0.9855,0.9855,72,0,0,72,24,27,20,0.007701,0.013386,0.026828,1,1,1,1771.9
hash_based,3,22,11,15.766,25.294,0.9953,0.9953,73,0,0,73,26,30,26,0.007551,0.013098,0.026649,1,1,1,1771.9
hash_based,3,23,1,15.6,25.393,0.9928,0.9928,70,0,0,70,26,31,26,0.007402,0.012582,0.026817,1,1,1,1771.9
hash_based,3,24,1,15.426,24.839,0.9899,0.9899,71,0,0,71,26,32,26,0.007556,0.012513,0.026209,1,1,1,1771.9
hash_based,3,25,11,15.404,24.839,0.9938,0.9938,71,0,0,71,29,35,31,0.007489,0.012513,0.026209,1,1,1,1771.9
hash_based,3,26,11,15.536,25.056,0.9966,0.9966,73,0,0,73,33,35,38,0.007489,0.012689,0.02643,1,1,1,1771.9
hash_based,3,27,1,15.427,24.758,0.9967,0.9967,75,0,0,75,33,36,38,0.007612,0.012556,0.026114,1,1,1,1771.9
hash_based,3,28,1,15.601,24.941,0.9979,0.9979,71,0,0,71,34,36,38,0.007786,0.012718,0.026299,1,1,1,1771.9
hash_based,3,29,1,15.467,25.073,0.9988,0.9988,72,0,0,72,35,36,38,0.007394,0.012541,0.026466,1,1,1,1771.9
hash_based,3,30,0,15.919,25.428,0.9988,0.9988,73,0,0,73,35,36,38,0.008224,0.012689,0.026844,1,1,1,1771.9
hash_based,3,31,11,15.751,25.428,0.9996,0.9996,73,0,0,73,39,41,40,0.007721,0.012689,0.026844,1,1,1,1771.9
hash_based,3,32,1,15.409,24.654,0.9999,0.9999,70,0,0,70,40,41,40,0.007721,0.012501,0.026004,1,1,1,1771.9
hash_based,3,33,1,15.446,25.014,0.9999,0.9999,71,0,0,71,41,41,40,0.0074,0.012539,0.0264,1,1,1,1771.9
hash_based,3,34,1,15.425,24.832,0.9996,0.9996,72,0,0,72,41,42,40,0.007478,0.012607,0.02619,1,1,1,1771.9
hash_based,3,35,1,15.432,24.686,0.9991,0.9991,73,0,0,73,41,43,40,0.007697,0.012567,0.026033,1,1,1,1771.9
hash_based,3,36,1,15.514,25.059,0.9983,0.9983,69,0,0,69,41,44,40,0.007357,0.012758,0.026426,1,1,1,1771.9
hash_based,3,37,1,15.587,25.059,0.9985,0.9985,69,0,0,69,42,44,40,0.007576,0.012758,0.026426,1,1,1,1771.9
hash_based,3,38,11,15.559,25.179,0.9996,0.9996,70,0,0,70,45,47,45,0.007576,0.012515,0.026586,1,1,1,1771.9
hash_based,3,39,11,15.387,24.608,0.9994,0.9994,73,0,0,73,51,49,48,0.007658,0.012555,0.025947,1,1,1,1771.9
hash_based,3,40,11,15.746,25.742,0.9991,0.9991,70,0,0,70,55,51,53,0.007433,0.012604,0.027202,1,1,1,1771.9
hash_based,3,41,11,15.507,24.997,0.9987,0.9987,72,0,0,72,59,54,57,0.007583,0.012559,0.026379,1,1,1,1771.9
hash_based,3,42,11,15.839,25.542,0.9985,0.9985,74,0,0,74,62,57,62,0.007347,0.013264,0.026906,1,1,1,1771.9
hash_based,3,43,1,15.865,25.542,0.9981,0.9981,74,0,0,74,63,57,62,0.007424,0.013264,0.026906,1,1,1,1771.9
hash_based,3,44,1,15.498,25.096,0.9987,0.9987,72,0,0,72,63,58,62,0.007424,0.012584,0.026486,1,1,1,1771.9
hash_based,3,45,11,15.34,24.549,0.9974,0.9974,73,0,0,73,64,61,69,0.007367,0.012797,0.025855,1,1,1,1771.9
hash_based,3,46,1,15.459,24.871,0.998,0.998,75,0,0,75,64,62,69,0.007368,0.012798,0.026212,1,1,1,1771.9
hash_based,3,47,1,15.339,24.711,0.9981,0.9981,76,0,0,76,65,62,69,0.007414,0.01254,0.026063,1,1,1,1771.9
hash_based,3,48,1,15.486,24.734,0.9986,0.9986,71,0,0,71,65,63,69,0.007421,0.013,0.026038,1,1,1,1771.9
hash_based,3,49,1,15.487,24.734,0.9989,0.9989,71,0,0,71,65,64,69,0.007422,0.013,0.026038,1,1,1,1771.9
hash_based,3,50,11,15.355,24.779,0.9994,0.9994,72,0,0,72,69,68,72,0.007422,0.0125,0.026143,1,1,1,1771.9
hash_based,3,51,11,15.844,25.364,0.9985,0.9985,74,0,0,74,73,70,77,0.00744,0.013397,0.026694,1,1,1,1771.9
hash_based,3,52,11,15.306,24.516,0.9969,0.9969,70,0,0,70,75,73,83,0.007449,0.012631,0.025837,1,1,1,1771.9
hash_based,3,53,1,15.595,25.339,0.9971,0.9971,72,0,0,72,76,73,83,0.007415,0.012618,0.026752,1,1,1,1771.9
hash_based,3,54,0,15.496,25.057,0.9971,0.9971,73,0,0,73,76,73,83,0.007439,0.01261,0.02644,1,1,1,1771.9
hash_based,3,55,11,15.484,25.057,0.9972,0.9972,73,0,0,73,79,77,87,0.007402,0.01261,0.02644,1,1,1,1771.9
hash_based,3,56,1,15.232,24.475,0.9976,0.9976,75,0,0,75,79,78,87,0.007402,0.012486,0.025807,1,1,1,1771.9
hash_based,3,57,1,15.427,24.862,0.9979,0.9979,70,0,0,70,79,79,87,0.007433,0.012628,0.026221,1,1,1,1771.9
hash_based,3,58,1,15.592,24.723,0.9981,0.9981,71,0,0,71,79,80,87,0.007897,0.012836,0.026044,1,1,1,1771.9
hash_based,3,59,1,15.959,25.636,0.9984,0.9984,72,0,0,72,80,80,87,0.008186,0.012609,0.027083,1,1,1,1771.9
hash_based,3,60,1,15.857,25.298,0.9986,0.9986,70,0,0,70,81,80,87,0.007615,0.013327,0.026628,1,1,1,1771.9
hash_based,3,61,1,15.792,25.298,0.9987,0.9987,70,0,0,70,82,80,87,0.007421,0.013327,0.026628,1,1,1,1771.9
hash_based,3,62,1,15.448,25.005,0.999,0.999,71,0,0,71,82,81,87,0.007421,0.012532,0.026391,1,1,1,1771.9
hash_based,3,63,1,15.525,24.97,0.9991,0.9991,72,0,0,72,83,81,87,0.007695,0.012528,0.026352,1,1,1,1771.9
hash_based,3,64,11,15.471,24.911,0.997,0.997,69,0,0,69,85,83,94,0.007542,0.01259,0.02628,1,1,1,1771.9
hash_based,3,65,11,15.316,24.576,0.9927,0.9927,71,0,0,71,86,85,102,0.00747,0.012566,0.025911,1,1,1,1771.9
hash_based,3,66,1,15.518,24.913,0.9932,0.9932,72,0,0,72,86,86,102,0.007389,0.01292,0.026245,1,1,1,1771.9
hash_based,3,67,1,15.552,24.896,0.9937,0.9937,72,0,0,72,86,87,102,0.007657,0.012753,0.026245,1,1,1,1771.9
hash_based,3,68,11,15.509,24.78,0.9949,0.9949,73,0,0,73,91,90,105,0.007657,0.012753,0.026116,1,1,1,1771.9
hash_based,3,69,1,15.327,24.726,0.9952,0.9952,70,0,0,70,92,90,105,0.007427,0.012464,0.026089,1,1,1,1771.9
hash_based,3,70,11,15.829,24.967,0.9953,0.9953,71,0,0,71,95,94,109,0.008389,0.012775,0.026322,1,1,1,1771.9
hash_based,3,71,1,15.392,24.875,0.9956,0.9956,73,0,0,73,96,94,109,0.007401,0.012528,0.026247,1,1,1,1771.9
hash_based,3,72,1,15.459,24.915,0.9959,0.9959,70,0,0,70,96,95,109,0.007423,0.012678,0.026275,1,1,1,1771.9
hash_based,3,73,1,15.805,24.908,0.9963,0.9963,70,0,0,70,96,96,109,0.00854,0.012601,0.026275,1,1,1,1771.9
hash_based,3,74,1,15.647,24.479,0.9966,0.9966,71,0,0,71,97,96,109,0.00854,0.012601,0.025799,1,1,1,1771.9
hash_based,3,75,1,15.432,24.946,0.9968,0.9968,72,0,0,72,98,96,109,0.007362,0.012617,0.026316,1,1,1,1771.9
hash_based,3,76,11,15.442,24.769,0.9968,0.9968,73,0,0,73,101,100,113,0.007408,0.01282,0.026097,1,1,1,1771.9
hash_based,3,77,1,15.409,24.846,0.9971,0.9971,71,0,0,71,101,101,113,0.007443,0.012575,0.02621,1,1,1,1771.9
hash_based,3,78,11,15.397,24.753,0.9969,0.9969,73,0,0,73,106,103,117,0.007748,0.012308,0.026136,1,1,1,1771.9
hash_based,3,79,1,15.318,24.753,0.9973,0.9973,73,0,0,73,106,104,117,0.007509,0.012308,0.026136,1,1,1,1771.9
hash_based,3,80,11,15.331,24.588,0.9958,0.9958,74,0,0,74,108,107,123,0.007509,0.01256,0.025925,1,1,1,1771.9
hash_based,3,81,1,15.678,24.641,0.9961,0.9961,72,0,0,72,108,108,123,0.008355,0.012713,0.025966,1,1,1,1771.9
hash_based,3,82,1,15.435,24.862,0.9964,0.9964,73,0,0,73,109,108,123,0.007407,0.012684,0.026215,1,1,1,1771.9
hash_based,3,83,11,15.356,24.806,0.9969,0.9969,74,0,0,74,111,114,126,0.007345,0.012557,0.026167,1,1,1,1771.9
hash_based,3,84,1,15.425,25.0,0.9965,0.9965,71,0,0,71,111,114,127,0.007345,0.012546,0.026384,1,1,1,1771.9
hash_based,3,85,10,15.43,25.0,0.9976,0.9976,71,0,0,71,116,117,129,0.007359,0.012546,0.026384,1,1,1,1771.9
hash_based,3,86,1,15.498,25.198,0.9978,0.9978,73,0,0,73,117,117,129,0.007359,0.012531,0.026605,1,1,1,1771.9
hash_based,3,87,1,15.558,25.052,0.998,0.998,74,0,0,74,118,117,129,0.007435,0.012828,0.02641,1,1,1,1771.9
hash_based,3,88,1,15.443,24.975,0.9982,0.9982,75,0,0,75,118,118,129,0.007408,0.012568,0.026354,1,1,1,1771.9
hash_based,3,89,11,15.22,24.389,0.997,0.997,72,0,0,72,120,121,135,0.007359,0.012604,0.025698,1,1,1,1771.9
hash_based,3,90,11,15.511,24.8,0.9973,0.9973,74,0,0,74,127,122,138,0.007413,0.013011,0.02611,1,1,1,1771.9
hash_based,3,91,11,15.557,24.8,0.9975,0.9975,74,0,0,74,129,127,142,0.007549,0.013011,0.02611,1,1,1,1771.9
hash_based,3,92,1,15.492,24.714,0.9977,0.9977,76,0,0,76,129,128,142,0.007549,0.0129,0.026027,1,1,1,1771.9
hash_based,3,93,1,15.276,24.565,0.9979,0.9979,73,0,0,73,129,129,142,0.007382,0.012546,0.0259,1,1,1,1771.9
hash_based,3,94,1,15.29,24.605,0.9981,0.9981,74,0,0,74,130,129,142,0.007374,0.012552,0.025944,1,1,1,1771.9
hash_based,3,95,1,15.715,25.441,0.9982,0.9982,75,0,0,75,131,129,142,0.007414,0.012896,0.026835,1,1,1,1771.9
hash_based,3,96,1,15.351,24.768,0.9984,0.9984,76,0,0,76,131,130,142,0.007371,0.012558,0.026125,1,1,1,1771.9
hash_based,3,97,11,15.363,24.768,0.9987,0.9987,76,0,0,76,135,134,145,0.007405,0.012558,0.026125,1,1,1,1771.9
hash_based,3,98,1,15.543,25.119,0.9988,0.9988,74,0,0,74,135,135,145,0.007405,0.012728,0.026496,1,1,1,1771.9
hash_based,3,99,1,15.511,24.995,0.9989,0.9989,75,0,0,75,135,136,145,0.007369,0.012815,0.026348,1,1,1,1771.9
hash_based,3,100,1,15.494,24.622,0.999,0.999,76,0,0,76,135,137,145,0.007991,0.012524,0.025966,1,1,1,1771.9
hash_based,3,101,11,15.347,24.685,0.9986,0.9986,72,0,0,72,140,138,150,0.007463,0.012545,0.026034,1,1,1,1771.9
hash_based,3,102,1,15.301,24.631,0.9987,0.9987,73,0,0,73,141,138,150,0.007463,0.012455,0.025984,1,1,1,1771.9
hash_based,3,103,11,15.327,24.642,0.9982,0.9982,73,0,0,73,145,140,155,0.007432,0.012565,0.025984,1,1,1,1771.9
hash_based,3,104,1,15.474,25.04,0.9984,0.9984,75,0,0,75,145,141,155,0.007432,0.012565,0.026426,1,1,1,1771.9
hash_based,3,105,1,15.441,24.978,0.9986,0.9986,76,0,0,76,145,142,155,0.007404,0.01256,0.026358,1,1,1,1771.9
hash_based,3,106,1,15.488,24.719,0.9986,0.9986,71,0,0,71,146,142,155,0.007624,0.012796,0.026044,1,1,1,1771.9
hash_based,3,107,1,15.396,24.868,0.9988,0.9988,72,0,0,72,146,143,155,0.007423,0.012526,0.026239,1,1,1,1771.9
hash_based,3,108,1,15.437,24.979,0.9989,0.9989,73,0,0,73,147,143,155,0.007402,0.01255,0.02636,1,1,1,1771.9
hash_based,3,109,1,15.446,24.985,0.999,0.999,73,0,0,73,147,144,155,0.007364,0.012614,0.02636,1,1,1,1771.9
hash_based,3,110,1,15.352,24.732,0.9992,0.9992,70,0,0,70,147,145,155,0.007364,0.012614,0.026078,1,1,1,1771.9
hash_based,3,111,1,16.062,25.652,0.9992,0.9992,71,0,0,71,148,145,155,0.008306,0.012799,0.02708,1,1,1,1771.9
hash_based,3,112,1,15.345,24.686,0.9993,0.9993,72,0,0,72,148,146,155,0.007412,0.012594,0.02603,1,1,1,1771.9
hash_based,3,113,1,15.424,24.988,0.9994,0.9994,67,0,0,67,149,146,155,0.007382,0.012518,0.026373,1,1,1,1771.9
hash_based,3,114,0,15.357,24.809,0.9994,0.9994,68,0,0,68,149,146,155,0.007367,0.012532,0.026173,1,1,1,1771.9
hash_based,3,115,11,15.389,24.811,0.9988,0.9988,68,0,0,68,151,149,161,0.007443,0.012551,0.026173,1,1,1,1771.9
hash_based,3,116,1,15.391,24.815,0.9989,0.9989,70,0,0,70,152,149,161,0.007443,0.012551,0.026178,1,1,1,1771.9
hash_based,3,117,11,15.348,24.738,0.9992,0.9992,72,0,0,72,155,154,164,0.007488,0.012454,0.026103,1,1,1,1771.9
hash_based,3,118,1,15.343,24.677,0.9993,0.9993,68,0,0,68,156,154,164,0.007416,0.012595,0.026019,1,1,1,1771.9
hash_based,3,119,11,15.553,24.82,0.9992,0.9992,70,0,0,70,160,157,168,0.007638,0.012873,0.026148,1,1,1,1771.9
ecmp,1,0,0,15.429,24.687,1.0,1.0,0,0,0,0,0,0,0,0.007484,0.012795,0.026008,1,1,1,1938.4
ecmp,1,1,1,15.429,24.687,0.3333,0.3333,0,0,0,0,1,0,0,0.007484,0.012795,0.026008,1,1,1,1938.4
ecmp,1,2,1,15.377,24.788,0.6667,0.6667,67,0,0,67,1,1,0,0.00744,0.012543,0.026148,1,1,1,1938.4
ecmp,1,3,11,15.462,24.827,0.9883,0.9883,69,0,0,69,5,4,4,0.007616,0.012582,0.026188,1,1,1,1938.4
ecmp,1,4,1,15.305,24.663,0.9899,0.9899,70,0,0,70,5,5,4,0.007406,0.012493,0.026015,1,1,1,1938.4
ecmp,1,5,11,15.729,25.002,0.9968,0.9968,68,0,0,68,9,8,8,0.008251,0.012549,0.026386,1,1,1,1938.4
ecmp,1,6,1,15.434,24.747,0.9971,0.9971,69,0,0,69,9,9,8,0.00747,0.012754,0.026079,1,1,1,1938.4
ecmp,1,7,11,15.434,24.747,0.9985,0.9985,69,0,0,69,13,12,12,0.00747,0.012754,0.026079,1,1,1,1938.4
ecmp,1,8,1,15.454,25.045,0.9986,0.9986,71,0,0,71,13,13,12,0.007421,0.012503,0.026439,1,1,1,1938.4
ecmp,1,9,11,15.136,24.179,0.9992,0.9992,72,0,0,72,17,16,16,0.007356,0.012586,0.025467,1,1,1,1938.4
ecmp,1,10,1,15.895,25.282,0.9992,0.9992,70,0,0,70,17,17,16,0.007408,0.01371,0.026568,1,1,1,1938.4
ecmp,1,11,11,15.529,25.04,0.9995,0.9995,72,0,0,72,21,20,20,0.007596,0.012564,0.026426,1,1,1,1938.4
ecmp,1,12,1,15.49,25.149,0.9995,0.9995,73,0,0,73,21,21,20,0.007345,0.01258,0.026546,1,1,1,1938.4
ecmp,1,13,11,15.49,25.149,0.9996,0.9996,73,0,0,73,25,24,24,0.007345,0.01258,0.026546,1,1,1,1938.4
ecmp,1,14,1,15.343,24.749,0.9996,0.9996,70,0,0,70,25,25,24,0.007378,0.012547,0.026105,1,1,1,1938.4
ecmp,1,15,11,15.504,24.984,0.9997,0.9997,71,0,0,71,29,28,28,0.007419,0.012751,0.026343,1,1,1,1938.4
ecmp,1,16,1,15.897,25.136,0.9997,0.9997,73,0,0,73,29,29,28,0.00845,0.012727,0.026515,1,1,1,1938.4
ecmp,1,17,11,15.184,23.939,0.9998,0.9998,70,0,0,70,33,32,32,0.00793,0.0124,0.025221,1,1,1,1938.4
ecmp,1,18,1,15.521,25.036,0.9998,0.9998,71,0,0,71,33,33,32,0.007374,0.012791,0.026397,1,1,1,1938.4
ecmp,1,19,11,15.534,25.036,0.9998,0.9998,71,0,0,71,37,36,36,0.007415,0.012791,0.026397,1,1,1,1938.4
ecmp,1,20,1,15.476,25.053,0.9998,0.9998,73,0,0,73,37,37,36,0.007415,0.012574,0.02644,1,1,1,1938.4
ecmp,1,21,11,15.606,24.997,0.9999,0.9999,74,0,0,74,41,40,40,0.007595,0.01288,0.026343,1,1,1,1938.4
ecmp,1,22,1,15.388,24.86,0.9999,0.9999,70,0,0,70,41,41,40,0.007358,0.01258,0.026225,1,1,1,1938.4
ecmp,1,23,11,15.451,25.02,0.9999,0.9999,71,0,0,71,45,44,44,0.00738,0.012568,0.026404,1,1,1,1938.4
ecmp,1,24,1,15.713,25.501,0.9999,0.9999,73,0,0,73,45,45,44,0.007418,0.012809,0.026911,1,1,1,1938.4
ecmp,1,25,1,15.674,25.492,1.0,1.0,73,0,0,73,45,45,45,0.007388,0.012723,0.026911,1,1,1,1938.4
ecmp,1,26,10,15.372,24.678,0.9999,0.9999,70,0,0,70,49,48,48,0.007388,0.012723,0.026006,1,1,1,1938.4
ecmp,1,27,1,15.317,24.429,0.9999,0.9999,71,0,0,71,49,49,48,0.007386,0.012849,0.025716,1,1,1,1938.4
ecmp,1,28,11,15.712,25.306,0.9999,0.9999,73,0,0,73,53,52,52,0.007396,0.013076,0.026665,1,1,1,1938.4
ecmp,1,29,1,15.517,24.884,0.9999,0.9999,74,0,0,74,53,53,52,0.007476,0.012854,0.026221,1,1,1,1938.4
ecmp,1,30,11,15.589,24.644,0.9999,0.9999,71,0,0,71,57,56,56,0.008262,0.012513,0.025992,1,1,1,1938.4
ecmp,1,31,1,15.426,24.66,0.9999,0.9999,71,0,0,71,57,57,56,0.007608,0.012677,0.025992,1,1,1,1938.4
ecmp,1,32,11,15.72,25.455,0.9999,0.9999,72,0,0,72,61,60,60,0.007608,0.012677,0.026875,1,1,1,1938.4
ecmp,1,33,1,15.59,24.979,0.9999,0.9999,74,0,0,74,61,61,60,0.007438,0.013026,0.026307,1,1,1,1938.4
ecmp,1,34,11,15.4,24.884,0.9999,0.9999,72,0,0,72,65,64,64,0.007386,0.01256,0.026253,1,1,1,1938.4
ecmp,1,35,1,15.728,24.962,0.9999,0.9999,73,0,0,73,65,65,64,0.007546,0.013391,0.026248,1,1,1,1938.4
ecmp,1,36,11,15.387,24.611,1.0,1.0,75,0,0,75,69,68,68,0.007637,0.012576,0.025948,1,1,1,1938.4
ecmp,1,37,1,15.3,24.607,1.0,1.0,75,0,0,75,69,69,68,0.007414,0.012539,0.025948,1,1,1,1938.4
ecmp,1,38,11,15.378,24.816,1.0,1.0,72,0,0,72,73,72,72,0.007414,0.012539,0.02618,1,1,1,1938.4
ecmp,1,39,1,15.485,25.048,1.0,1.0,74,0,0,74,73,73,72,0.007403,0.012623,0.026429,1,1,1,1938.4
ecmp,1,40,11,15.335,24.714,1.0,1.0,75,0,0,75,77,76,76,0.007369,0.012572,0.026063,1,1,1,1938.4
ecmp,1,41,1,15.458,24.868,1.0,1.0,77,0,0,77,77,77,76,0.007406,0.012755,0.026214,1,1,1,1938.4
ecmp,1,42,11,15.335,24.72,1.0,1.0,74,0,0,74,81,80,80,0.007377,0.012557,0.026071,1,1,1,1938.4
ecmp,1,43,1,15.507,24.979,1.0,1.0,75,0,0,75,81,81,80,0.007439,0.012744,0.026338,1,1,1,1938.4
ecmp,1,44,11,15.507,24.979,1.0,1.0,75,0,0,75,85,84,84,0.007439,0.012744,0.026338,1,1,1,1938.4
ecmp,1,45,1,15.229,24.405,1.0,1.0,77,0,0,77,85,85,84,0.007431,0.01253,0.025725,1,1,1,1938.4
ecmp,1,46,11,15.781,24.888,1.0,1.0,75,0,0,75,89,88,88,0.008284,0.012831,0.026228,1,1,1,1938.4
ecmp,1,47,1,15.465,25.119,1.0,1.0,77,0,0,77,89,89,88,0.00741,0.012461,0.026525,1,1,1,1938.4
ecmp,1,48,1,15.253,24.481,1.0,1.0,78,0,0,78,89,89,89,0.007403,0.01255,0.025807,1,1,1,1938.4
ecmp,1,49,10,15.343,24.615,1.0,1.0,80,0,0,80,93,92,92,0.007379,0.012713,0.025937,1,1,1,1938.4
ecmp,1,50,1,15.399,24.629,1.0,1.0,80,0,0,80,93,93,92,0.007405,0.012855,0.025937,1,1,1,1938.4
ecmp,1,51,11,15.232,24.177,1.0,1.0,81,0,0,81,97,96,96,0.007405,0.012855,0.025435,1,1,1,1938.4
ecmp,1,52,1,15.691,25.391,1.0,1.0,79,0,0,79,97,97,96,0.007629,0.012637,0.026808,1,1,1,1938.4
ecmp,1,53,11,15.378,24.595,1.0,1.0,81,0,0,81,101,100,100,0.007674,0.012524,0.025936,1,1,1,1938.4
ecmp,1,54,1,15.646,25.511,1.0,1.0,77,0,0,77,101,101,100,0.007425,0.012564,0.02695,1,1,1,1938.4
ecmp,1,55,11,15.684,24.895,1.0,1.0,79,0,0,79,105,104,104,0.007458,0.013424,0.026169,1,1,1,1938.4
ecmp,1,56,1,15.685,24.895,1.0,1.0,79,0,0,79,105,105,104,0.007462,0.013424,0.026169,1,1,1,1938.4
ecmp,1,57,11,15.433,24.74,1.0,1.0,80,0,0,80,109,108,108,0.007462,0.012768,0.02607,1,1,1,1938.4
ecmp,1,58,1,15.646,25.527,1.0,1.0,82,0,0,82,109,109,108,0.007472,0.012489,0.026976,1,1,1,1938.4
ecmp,1,59,11,15.5,24.915,1.0,1.0,80,0,0,80,113,112,112,0.007624,0.012593,0.026284,1,1,1,1938.4
ecmp,1,60,1,15.458,25.107,1.0,1.0,81,0,0,81,113,113,112,0.007326,0.012544,0.026503,1,1,1,1938.4
ecmp,1,61,11,15.471,24.794,1.0,1.0,83,0,0,83,117,116,116,0.00775,0.012504,0.02616,1,1,1,1938.4
ecmp,1,62,1,15.378,24.798,1.0,1.0,83,0,0,83,117,117,116,0.007434,0.012539,0.02616,1,1,1,1938.4
ecmp,1,63,11,15.415,24.899,1.0,1.0,80,0,0,80,121,120,120,0.007434,0.012539,0.026272,1,1,1,1938.4
ecmp,1,64,1,15.493,25.075,1.0,1.0,82,0,0,82,121,121,120,0.00744,0.012575,0.026464,1,1,1,1938.4
ecmp,1,65,11,15.499,25.22,1.0,1.0,83,0,0,83,125,124,124,0.00739,0.012471,0.026636,1,1,1,1938.4
ecmp,1,66,1,15.608,25.264,1.0,1.0,80,0,0,80,125,125,124,0.007593,0.012555,0.026676,1,1,1,1938.4
ecmp,1,67,11,15.352,24.702,1.0,1.0,81,0,0,81,129,128,128,0.007331,0.012688,0.026037,1,1,1,1938.4
ecmp,1,68,1,15.538,25.112,1.0,1.0,83,0,0,83,129,129,128,0.007407,0.012717,0.026489,1,1,1,1938.4
ecmp,1,69,11,15.538,25.112,1.0,1.0,83,0,0,83,133,132,132,0.007407,0.012717,0.026489,1,1,1,1938.4
ecmp,1,70,1,15.467,24.983,1.0,1.0,85,0,0,85,133,133,132,0.00743,0.012613,0.026358,1,1,1,1938.4
ecmp,1,71,7,15.218,24.392,1.0,1.0,80,0,0,80,135,135,135,0.007405,0.012541,0.025709,1,1,1,1938.4
ecmp,1,72,4,15.348,24.805,1.0,1.0,82,0,0,82,137,136,136,0.007375,0.012497,0.026172,1,1,1,1938.4
ecmp,1,73,1,15.742,25.754,1.0,1.0,83,0,0,83,137,137,136,0.00741,0.012599,0.027216,1,1,1,1938.4
ecmp,1,74,11,15.37,24.818,1.0,1.0,80,0,0,80,141,140,140,0.007405,0.012519,0.026185,1,1,1,1938.4
ecmp,1,75,1,15.361,24.818,1.0,1.0,80,0,0,80,141,141,140,0.007378,0.012519,0.026185,1,1,1,1938.4
ecmp,1,76,11,15.571,24.671,1.0,1.0,82,0,0,82,145,144,144,0.007378,0.013413,0.025922,1,1,1,1938.4
ecmp,1,77,1,15.461,25.021,1.0,1.0,83,0,0,83,145,145,144,0.00735,0.012637,0.026397,1,1,1,1938.4
ecmp,1,78,11,15.589,25.222,1.0,1.0,85,0,0,85,149,148,148,0.007399,0.012763,0.026606,1,1,1,1938.4
ecmp,1,79,1,15.281,24.6,1.0,1.0,81,0,0,81,149,149,148,0.007396,0.012502,0.025944,1,1,1,1938.4
ecmp,1,80,11,15.511,24.758,1.0,1.0,83,0,0,83,153,152,152,0.007399,0.013078,0.026056,1,1,1,1938.4
ecmp,1,81,1,15.522,24.758,1.0,1.0,83,0,0,83,153,153,152,0.007433,0.013078,0.026056,1,1,1,1938.4
ecmp,1,82,11,15.733,24.778,1.0,1.0,84,0,0,84,157,156,156,0.007433,0.013765,0.026002,1,1,1,1938.4
ecmp,1,83,1,15.442,24.895,1.0,1.0,80,0,0,80,157,157,156,0.007406,0.012665,0.026254,1,1,1,1938.4
ecmp,1,84,11,15.713,25.535,1.0,1.0,81,0,0,81,161,160,160,0.007576,0.01259,0.026973,1,1,1,1938.4
ecmp,1,85,1,15.412,24.874,1.0,1.0,83,0,0,83,161,161,160,0.007355,0.012648,0.026232,1,1,1,1938.4
ecmp,1,86,11,15.401,24.929,1.0,1.0,85,0,0,85,165,164,164,0.007325,0.012575,0.026302,1,1,1,1938.4
ecmp,1,87,1,15.57,24.95,1.0,1.0,85,0,0,85,165,165,164,0.007622,0.012787,0.026302,1,1,1,1938.4
ecmp,1,88,11,15.468,24.675,1.0,1.0,81,0,0,81,169,168,168,0.007622,0.012787,0.025996,1,1,1,1938.4
ecmp,1,89,1,15.678,25.359,1.0,1.0,83,0,0,83,169,169,168,0.007431,0.012854,0.026748,1,1,1,1938.4
ecmp,1,90,11,15.37,24.881,1.0,1.0,84,0,0,84,173,172,172,0.007352,0.0125,0.026257,1,1,1,1938.4
ecmp,1,91,1,15.645,24.732,1.0,1.0,80,0,0,80,173,173,172,0.008163,0.012705,0.026068,1,1,1,1938.4
ecmp,1,92,11,15.415,24.8,1.0,1.0,81,0,0,81,177,176,176,0.007367,0.012737,0.02614,1,1,1,1938.4
ecmp,1,93,1,15.371,24.782,1.0,1.0,81,0,0,81,177,177,176,0.007411,0.012562,0.02614,1,1,1,1938.4
ecmp,1,94,11,15.27,24.509,1.0,1.0,83,0,0,83,181,180,180,0.007411,0.012562,0.025836,1,1,1,1938.4
ecmp,1,95,1,15.341,24.58,1.0,1.0,80,0,0,80,181,181,180,0.007385,0.012741,0.025896,1,1,1,1938.4
ecmp,1,96,0,15.373,24.829,1.0,1.0,81,0,0,81,181,181,180,0.007376,0.012549,0.026193,1,1,1,1938.4
ecmp,1,97,11,15.422,24.917,1.0,1.0,83,0,0,83,185,184,184,0.007421,0.012554,0.026291,1,1,1,1938.4
ecmp,1,98,1,15.336,24.716,1.0,1.0,84,0,0,84,185,185,184,0.007384,0.012556,0.026067,1,1,1,1938.4
ecmp,1,99,11,15.374,24.644,1.0,1.0,80,0,0,80,189,188,188,0.00755,0.012587,0.025984,1,1,1,1938.4
ecmp,1,100,1,15.293,24.643,1.0,1.0,80,0,0,80,189,189,188,0.007323,0.012573,0.025984,1,1,1,1938.4
ecmp,1,101,11,15.294,24.646,1.0,1.0,81,0,0,81,193,192,192,0.007323,0.012573,0.025987,1,1,1,1938.4
ecmp,1,102,1,15.48,24.897,1.0,1.0,83,0,0,83,193,193,192,0.007609,0.012563,0.026267,1,1,1,1938.4
ecmp,1,103,11,15.55,25.156,1.0,1.0,80,0,0,80,197,196,196,0.007398,0.012712,0.026539,1,1,1,1938.4
ecmp,1,104,1,15.394,24.802,1.0,1.0,81,0,0,81,197,197,196,0.007432,0.012592,0.026159,1,1,1,1938.4
ecmp,1,105,11,15.658,24.887,1.0,1.0,83,0,0,83,201,200,200,0.008146,0.012573,0.026255,1,1,1,1938.4
ecmp,1,106,1,15.411,24.887,1.0,1.0,83,0,0,83,201,201,200,0.007404,0.012573,0.026255,1,1,1,1938.4
ecmp,1,107,11,15.617,25.033,1.0,1.0,84,0,0,84,205,204,204,0.007404,0.013086,0.02636,1,1,1,1938.4
ecmp,1,108,1,15.885,25.485,1.0,1.0,81,0,0,81,205,205,204,0.008113,0.012627,0.026914,1,1,1,1938.4
ecmp,1,109,11,15.419,24.857,1.0,1.0,82,0,0,82,209,208,208,0.007429,0.012611,0.026218,1,1,1,1938.4
ecmp,1,110,1,15.614,25.487,1.0,1.0,84,0,0,84,209,209,208,0.00756,0.012332,0.026949,1,1,1,1938.4
ecmp,1,111,11,15.563,25.105,1.0,1.0,80,0,0,80,213,212,212,0.007389,0.012832,0.026469,1,1,1,1938.4
ecmp,1,112,1,15.488,25.079,1.0,1.0,80,0,0,80,213,213,212,0.007422,0.012574,0.026469,1,1,1,1938.4
ecmp,1,113,11,15.402,24.846,1.0,1.0,81,0,0,81,217,216,216,0.007422,0.012574,0.026209,1,1,1,1938.4
ecmp,1,114,1,15.386,24.747,1.0,1.0,83,0,0,83,217,217,216,0.007508,0.012549,0.026102,1,1,1,1938.4
ecmp,1,115,11,15.589,24.985,1.0,1.0,84,0,0,84,221,220,220,0.007612,0.012817,0.026337,1,1,1,1938.4
ecmp,1,116,1,15.294,24.589,1.0,1.0,81,0,0,81,221,221,220,0.007379,0.012579,0.025923,1,1,1,1938.4
ecmp,1,117,11,15.438,24.942,1.0,1.0,82,0,0,82,225,224,224,0.007403,0.012599,0.026313,1,1,1,1938.4
ecmp,1,118,1,15.423,24.937,1.0,1.0,82,0,0,82,225,225,224,0.007402,0.012553,0.026313,1,1,1,1938.4
ecmp,1,119,1,15.3,24.606,1.0,1.0,84,0,0,84,225,225,225,0.007402,0.012553,0.025945,1,1,1,1938.4
ecmp,2,0,0,15.483,25.103,1.0,1.0,0,0,0,0,0,0,0,0.007398,0.012553,0.026497,1,1,1,2100.3
ecmp,2,1,1,15.769,25.335,0.3333,0.3333,80,0,0,80,1,0,0,0.007969,0.012588,0.026751,1,1,1,2100.3
ecmp,2,2,1,15.533,25.281,0.6667,0.6667,81,0,0,81,1,1,0,0.007432,0.012463,0.026705,1,1,1,2100.3
ecmp,2,3,11,15.541,25.133,0.9883,0.9883,77,0,0,77,5,4,4,0.007395,0.012717,0.026512,1,1,1,2100.3
ecmp,2,4,1,15.517,25.133,0.9899,0.9899,77,0,0,77,5,5,4,0.007321,0.012717,0.026512,1,1,1,2100.3
ecmp,2,5,11,15.561,25.113,0.9968,0.9968,78,0,0,78,9,8,8,0.007321,0.012892,0.026471,1,1,1,2100.3
ecmp,2,6,1,15.307,24.503,0.9971,0.9971,80,0,0,80,9,9,8,0.007549,0.012539,0.025832,1,1,1,2100.3
ecmp,2,7,11,15.504,25.102,0.9985,0.9985,77,0,0,77,13,12,12,0.007392,0.012634,0.026487,1,1,1,2100.3
ecmp,2,8,1,15.655,25.35,0.9986,0.9986,78,0,0,78,13,13,12,0.0074,0.012822,0.026742,1,1,1,2100.3
ecmp,2,9,11,15.325,24.672,0.9992,0.9992,80,0,0,80,17,16,16,0.007381,0.012577,0.026016,1,1,1,2100.3
ecmp,2,10,1,15.33,24.672,0.9992,0.9992,80,0,0,80,17,17,16,0.007396,0.012577,0.026016,1,1,1,2100.3
ecmp,2,11,11,15.471,25.018,0.9995,0.9995,81,0,0,81,21,20,20,0.007396,0.012623,0.026395,1,1,1,2100.3
ecmp,2,12,1,15.407,24.705,0.9995,0.9995,79,0,0,79,21,21,20,0.00743,0.012758,0.026033,1,1,1,2100.3
ecmp,2,13,11,15.564,25.102,0.9996,0.9996,80,0,0,80,25,24,24,0.007398,0.012828,0.026466,1,1,1,2100.3
ecmp,2,14,1,15.432,24.924,0.9996,0.9996,82,0,0,82,25,25,24,0.007406,0.012595,0.026294,1,1,1,2100.3
ecmp,2,15,11,15.443,25.013,0.9997,0.9997,78,0,0,78,29,28,28,0.007339,0.012598,0.026393,1,1,1,2100.3
ecmp,2,16,1,15.529,25.031,0.9997,0.9997,78,0,0,78,29,29,28,0.007416,0.012778,0.026393,1,1,1,2100.3
ecmp,2,17,11,15.458,24.841,0.9998,0.9998,79,0,0,79,33,32,32,0.007416,0.012778,0.026181,1,1,1,2100.3
ecmp,2,18,1,15.43,24.75,0.9998,0.9998,81,0,0,81,33,33,32,0.00741,0.012802,0.026078,1,1,1,2100.3
ecmp,2,19,11,15.517,25.171,0.9998,0.9998,82,0,0,82,37,36,36,0.007411,0.012569,0.026571,1,1,1,2100.3
ecmp,2,20,1,15.43,24.945,0.9998,0.9998,79,0,0,79,37,37,36,0.007374,0.0126,0.026317,1,1,1,2100.3
ecmp,2,21,11,15.509,24.841,0.9999,0.9999,80,0,0,80,41,40,40,0.0074,0.012966,0.02616,1,1,1,2100.3
ecmp,2,22,1,15.433,24.82,0.9999,0.9999,80,0,0,80,41,41,40,0.007381,0.012759,0.02616,1,1,1,2100.3
ecmp,2,23,11,15.501,25.003,0.9999,0.9999,82,0,0,82,45,44,44,0.007381,0.012759,0.026363,1,1,1,2100.3
ecmp,2,24,0,15.367,24.628,0.9999,0.9999,78,0,0,78,45,44,44,0.007412,0.012741,0.025949,1,1,1,2100.3
ecmp,2,25,1,15.482,25.106,0.9999,0.9999,79,0,0,79,45,45,44,0.007396,0.012549,0.026501,1,1,1,2100.3
ecmp,2,26,11,15.725,25.742,0.9999,0.9999,81,0,0,81,49,48,48,0.007406,0.012563,0.027206,1,1,1,2100.3
ecmp,2,27,1,15.739,25.173,0.9999,0.9999,77,0,0,77,49,49,48,0.007934,0.012726,0.026556,1,1,1,2100.3
ecmp,2,28,11,15.746,25.029,0.9999,0.9999,79,0,0,79,53,52,52,0.007379,0.013555,0.026304,1,1,1,2100.3
ecmp,2,29,1,15.746,25.029,0.9999,0.9999,79,0,0,79,53,53,52,0.007379,0.013555,0.026304,1,1,1,2100.3
ecmp,2,30,11,15.257,24.431,0.9999,0.9999,80,0,0,80,57,56,56,0.007403,0.012625,0.025743,1,1,1,2100.3
ecmp,2,31,1,15.542,24.796,0.9999,0.9999,82,0,0,82,57,57,56,0.007733,0.012761,0.026133,1,1,1,2100.3
ecmp,2,32,11,15.528,25.071,0.9999,0.9999,78,0,0,78,61,60,60,0.007443,0.012696,0.026446,1,1,1,2100.3
ecmp,2,33,1,15.401,24.683,0.9999,0.9999,79,0,0,79,61,61,60,0.007399,0.012799,0.026004,1,1,1,2100.3
ecmp,2,34,11,15.605,24.998,0.9999,0.9999,81,0,0,81,65,64,64,0.007807,0.012638,0.026371,1,1,1,2100.3
ecmp,2,35,1,15.605,24.998,0.9999,0.9999,81,0,0,81,65,65,64,0.007807,0.012638,0.026371,1,1,1,2100.3
ecmp,2,36,11,15.841,25.868,1.0,1.0,77,0,0,77,69,68,68,0.007417,0.012785,0.027322,1,1,1,2100.3
ecmp,2,37,1,15.374,24.773,1.0,1.0,79,0,0,79,69,69,68,0.007403,0.012592,0.026126,1,1,1,2100.3
ecmp,2,38,11,15.569,25.319,1.0,1.0,80,0,0,80,73,72,72,0.007375,0.012601,0.026732,1,1,1,2100.3
ecmp,2,39,1,15.497,24.935,1.0,1.0,82,0,0,82,73,73,72,0.007636,0.012543,0.026312,1,1,1,2100.3
ecmp,2,40,11,15.308,24.628,1.0,1.0,78,0,0,78,77,76,76,0.007394,0.01256,0.025969,1,1,1,2100.3
ecmp,2,41,1,15.311,24.628,1.0,1.0,78,0,0,78,77,77,76,0.007403,0.01256,0.025969,1,1,1,2100.3
ecmp,2,42,11,15.466,24.899,1.0,1.0,79,0,0,79,81,80,80,0.007403,0.012745,0.02625,1,1,1,2100.3
ecmp,2,43,1,15.647,25.307,1.0,1.0,81,0,0,81,81,81,80,0.007429,0.012817,0.026695,1,1,1,2100.3
ecmp,2,44,11,15.487,25.137,1.0,1.0,77,0,0,77,85,84,84,0.007401,0.01252,0.026539,1,1,1,2100.3
ecmp,2,45,1,16.092,25.778,1.0,1.0,79,0,0,79,85,85,84,0.008235,0.012825,0.027217,1,1,1,2100.3
ecmp,2,46,11,15.345,24.765,1.0,1.0,80,0,0,80,89,88,88,0.007362,0.012552,0.026122,1,1,1,2100.3
ecmp,2,47,1,15.399,24.779,1.0,1.0,80,0,0,80,89,89,88,0.00738,0.012696,0.026122,1,1,1,2100.3
ecmp,2,48,0,15.442,24.894,1.0,1.0,82,0,0,82,89,89,88,0.00738,0.012696,0.026249,1,1,1,2100.3
ecmp,2,49,11,15.533,25.141,1.0,1.0,79,0,0,79,93,92,92,0.007501,0.01256,0.026539,1,1,1,2100.3
ecmp,2,50,1,15.491,24.92,1.0,1.0,80,0,0,80,93,93,92,0.007644,0.012531,0.026297,1,1,1,2100.3
ecmp,2,51,11,15.437,24.757,1.0,1.0,82,0,0,82,97,96,96,0.007472,0.012749,0.026091,1,1,1,2100.3
ecmp,2,52,1,15.413,24.895,1.0,1.0,77,0,0,77,97,97,96,0.0074,0.012576,0.026264,1,1,1,2100.3
ecmp,2,53,11,15.495,24.925,1.0,1.0,77,0,0,77,101,100,100,0.007347,0.012875,0.026264,1,1,1,2100.3
ecmp,2,54,1,15.502,24.944,1.0,1.0,79,0,0,79,101,101,100,0.007347,0.012875,0.026285,1,1,1,2100.3
ecmp,2,55,11,15.662,25.013,1.0,1.0,80,0,0,80,105,104,104,0.007716,0.012913,0.026357,1,1,1,2100.3
ecmp,2,56,1,15.36,24.772,1.0,1.0,82,0,0,82,105,105,104,0.007392,0.012558,0.026129,1,1,1,2100.3
ecmp,2,57,11,15.466,25.028,1.0,1.0,79,0,0,79,109,108,108,0.007416,0.01257,0.026412,1,1,1,2100.3
ecmp,2,58,1,15.422,24.715,1.0,1.0,80,0,0,80,109,109,108,0.007424,0.012805,0.026038,1,1,1,2100.3
ecmp,2,59,11,15.592,25.137,1.0,1.0,82,0,0,82,113,112,112,0.007392,0.012885,0.026498,1,1,1,2100.3
ecmp,2,60,1,15.592,25.137,1.0,1.0,82,0,0,82,113,113,112,0.007392,0.012885,0.026498,1,1,1,2100.3
ecmp,2,61,11,15.676,25.016,1.0,1.0,79,0,0,79,117,116,116,0.007974,0.012665,0.026388,1,1,1,2100.3
ecmp,2,62,1,15.445,24.812,1.0,1.0,81,0,0,81,117,117,116,0.007588,0.012577,0.026171,1,1,1,2100.3
ecmp,2,63,11,15.339,24.7,1.0,1.0,82,0,0,82,121,120,120,0.007374,0.012597,0.026045,1,1,1,2100.3
ecmp,2,64,1,15.548,25.058,1.0,1.0,80,0,0,80,121,121,120,0.007399,0.012827,0.026417,1,1,1,2100.3
ecmp,2,65,11,15.34,24.743,1.0,1.0,82,0,0,82,125,124,124,0.007434,0.01248,0.026106,1,1,1,2100.3
ecmp,2,66,1,15.336,24.743,1.0,1.0,82,0,0,82,125,125,124,0.007421,0.01248,0.026106,1,1,1,2100.3
ecmp,2,67,11,15.692,25.058,1.0,1.0,83,0,0,83,129,128,128,0.007421,0.01329,0.026366,1,1,1,2100.3
ecmp,2,68,1,15.402,24.851,1.0,1.0,85,0,0,85,129,129,128,0.007412,0.012579,0.026214,1,1,1,2100.3
ecmp,2,69,0,15.284,24.594,1.0,1.0,80,0,0,80,129,129,128,0.007377,0.012542,0.025933,1,1,1,2100.3
ecmp,2,70,11,15.505,25.116,1.0,1.0,82,0,0,82,133,132,132,0.007424,0.012581,0.026509,1,1,1,2100.3
ecmp,2,71,1,15.449,25.007,1.0,1.0,83,0,0,83,133,133,132,0.007364,0.012597,0.026386,1,1,1,2100.3
ecmp,2,72,11,15.556,25.016,1.0,1.0,83,0,0,83,137,136,136,0.007598,0.012685,0.026386,1,1,1,2100.3
ecmp,2,73,1,15.673,25.33,1.0,1.0,80,0,0,80,137,137,136,0.007598,0.012685,0.026735,1,1,1,2100.3
ecmp,2,74,11,15.549,24.984,1.0,1.0,82,0,0,82,141,140,140,0.007754,0.012525,0.026368,1,1,1,2100.3
ecmp,2,75,1,15.346,24.627,1.0,1.0,83,0,0,83,141,141,140,0.007477,0.012599,0.025963,1,1,1,2100.3
ecmp,2,76,11,15.426,24.698,1.0,1.0,85,0,0,85,145,144,144,0.00766,0.012574,0.026045,1,1,1,2100.3
ecmp,2,77,1,15.42,24.742,1.0,1.0,81,0,0,81,145,145,144,0.007412,0.012777,0.026072,1,1,1,2100.3
ecmp,2,78,11,15.422,24.74,1.0,1.0,81,0,0,81,149,148,148,0.007437,0.012756,0.026072,1,1,1,2100.3
ecmp,2,79,1,15.445,24.803,1.0,1.0,83,0,0,83,149,149,148,0.007437,0.012756,0.026142,1,1,1,2100.3
ecmp,2,80,11,15.467,24.945,1.0,1.0,84,0,0,84,153,152,152,0.00742,0.012673,0.026309,1,1,1,2100.3
ecmp,2,81,1,15.592,25.224,1.0,1.0,80,0,0,80,153,153,152,0.007412,0.012755,0.02661,1,1,1,2100.3
ecmp,2,82,11,15.352,24.492,1.0,1.0,82,0,0,82,157,156,156,0.007399,0.012875,0.025783,1,1,1,2100.3
ecmp,2,83,1,15.4,24.825,1.0,1.0,83,0,0,83,157,157,156,0.007328,0.012699,0.026172,1,1,1,2100.3
ecmp,2,84,11,15.944,25.483,1.0,1.0,85,0,0,85,161,160,160,0.008093,0.012851,0.026887,1,1,1,2100.3
ecmp,2,85,1,15.944,25.483,1.0,1.0,85,0,0,85,161,161,160,0.008093,0.012851,0.026887,1,1,1,2100.3
ecmp,2,86,11,15.6,25.37,1.0,1.0,81,0,0,81,165,164,164,0.007439,0.012567,0.026793,1,1,1,2100.3
ecmp,2,87,1,15.5,24.867,1.0,1.0,83,0,0,83,165,165,164,0.007695,0.012571,0.026233,1,1,1,2100.3
ecmp,2,88,11,15.476,24.851,1.0,1.0,84,0,0,84,169,168,168,0.007658,0.012552,0.026217,1,1,1,2100.3
ecmp,2,89,1,15.364,24.791,1.0,1.0,80,0,0,80,169,169,168,0.007418,0.012518,0.026155,1,1,1,2100.3
ecmp,2,90,11,15.72,24.819,1.0,1.0,82,0,0,82,173,172,172,0.008408,0.012572,0.02618,1,1,1,2100.3
ecmp,2,91,1,15.442,24.819,1.0,1.0,82,0,0,82,173,173,172,0.007573,0.012572,0.02618,1,1,1,2100.3
ecmp,2,92,1,15.41,24.767,1.0,1.0,83,0,0,83,173,173,173,0.007573,0.01253,0.026127,1,1,1,2100.3
ecmp,2,93,10,15.388,24.585,1.0,1.0,80,0,0,80,177,176,176,0.007438,0.012836,0.02589,1,1,1,2100.3
ecmp,2,94,1,15.672,25.079,1.0,1.0,81,0,0,81,177,177,176,0.007486,0.013124,0.026407,1,1,1,2100.3
ecmp,2,95,11,15.552,24.857,1.0,1.0,83,0,0,83,181,180,180,0.007626,0.012837,0.026192,1,1,1,2100.3
ecmp,2,96,1,15.569,24.904,1.0,1.0,84,0,0,84,181,181,180,0.007667,0.01279,0.02625,1,1,1,2100.3
ecmp,2,97,11,15.496,24.904,1.0,1.0,84,0,0,84,185,184,184,0.007449,0.01279,0.02625,1,1,1,2100.3
ecmp,2,98,1,15.364,24.765,1.0,1.0,80,0,0,80,185,185,184,0.007449,0.012517,0.026126,1,1,1,2100.3
ecmp,2,99,11,15.22,24.406,1.0,1.0,82,0,0,82,189,188,188,0.007386,0.012552,0.025723,1,1,1,2100.3
ecmp,2,100,1,15.316,24.628,1.0,1.0,83,0,0,83,189,189,188,0.007408,0.012573,0.025967,1,1,1,2100.3
ecmp,2,101,11,15.863,25.269,1.0,1.0,80,0,0,80,193,192,192,0.008337,0.012572,0.02668,1,1,1,2100.3
ecmp,2,102,1,15.396,24.872,1.0,1.0,81,0,0,81,193,193,192,0.007343,0.01261,0.026235,1,1,1,2100.3
ecmp,2,103,11,15.423,24.872,1.0,1.0,81,0,0,81,197,196,196,0.00743,0.012605,0.026235,1,1,1,2100.3
ecmp,2,104,1,15.401,24.812,1.0,1.0,83,0,0,83,197,197,196,0.00743,0.012605,0.026168,1,1,1,2100.3
ecmp,2,105,11,15.47,25.052,1.0,1.0,84,0,0,84,201,200,200,0.007406,0.012563,0.02644,1,1,1,2100.3
ecmp,2,106,1,15.625,25.371,1.0,1.0,81,0,0,81,201,201,200,0.007328,0.012776,0.026771,1,1,1,2100.3
ecmp,2,107,11,15.245,24.424,1.0,1.0,83,0,0,83,205,204,204,0.007429,0.012563,0.025742,1,1,1,2100.3
ecmp,2,108,1,15.272,24.512,1.0,1.0,84,0,0,84,205,205,204,0.007396,0.012583,0.025838,1,1,1,2100.3
ecmp,2,109,11,15.766,25.158,1.0,1.0,80,0,0,80,209,208,208,0.0074,0.013439,0.02646,1,1,1,2100.3
ecmp,2,110,1,15.766,25.158,1.0,1.0,80,0,0,80,209,209,208,0.0074,0.013439,0.02646,1,1,1,2100.3
ecmp,2,111,11,15.588,24.44,1.0,1.0,81,0,0,81,213,212,212,0.008204,0.01283,0.02573,1,1,1,2100.3
ecmp,2,112,1,15.234,24.458,1.0,1.0,83,0,0,83,213,213,212,0.007411,0.012505,0.025786,1,1,1,2100.3
ecmp,2,113,11,15.434,24.973,1.0,1.0,84,0,0,84,217,216,216,0.007388,0.012561,0.026352,1,1,1,2100.3
ecmp,2,114,1,15.752,25.295,1.0,1.0,81,0,0,81,217,217,216,0.007973,0.012574,0.026709,1,1,1,2100.3
ecmp,2,115,11,15.326,24.45,1.0,1.0,83,0,0,83,221,220,220,0.007625,0.012585,0.025768,1,1,1,2100.3
ecmp,2,116,1,15.326,24.45,1.0,1.0,83,0,0,83,221,221,220,0.007625,0.012585,0.025768,1,1,1,2100.3
ecmp,2,117,7,15.193,24.334,1.0,1.0,84,0,0,84,223,223,223,0.007405,0.012528,0.025646,1,1,1,2100.3
ecmp,2,118,4,15.657,25.568,1.0,1.0,80,0,0,80,225,224,224,0.007393,0.012566,0.027013,1,1,1,2100.3
ecmp,2,119,1,15.605,25.154,1.0,1.0,81,0,0,81,225,225,224,0.007707,0.012555,0.026554,1,1,1,2100.3
ecmp,3,0,0,15.674,25.462,1.0,1.0,0,0,0,0,0,0,0,0.007406,0.01274,0.026876,1,1,1,2038.1
ecmp,3,1,1,15.367,24.608,0.3333,0.3333,77,0,0,77,1,0,0,0.007443,0.01273,0.025928,1,1,1,2038.1
ecmp,3,2,1,15.297,24.587,0.6667,0.6667,77,0,0,77,1,1,0,0.007447,0.012515,0.025928,1,1,1,2038.1
ecmp,3,3,11,15.315,24.635,0.9883,0.9883,78,0,0,78,5,4,4,0.007447,0.012515,0.025982,1,1,1,2038.1
ecmp,3,4,1,15.519,25.201,0.9899,0.9899,80,0,0,80,5,5,4,0.007447,0.012498,0.026612,1,1,1,2038.1
ecmp,3,5,11,15.694,25.019,0.9968,0.9968,77,0,0,77,9,8,8,0.007677,0.013058,0.026348,1,1,1,2038.1
ecmp,3,6,1,15.895,25.312,0.9971,0.9971,78,0,0,78,9,9,8,0.008233,0.012745,0.026708,1,1,1,2038.1
ecmp,3,7,11,15.602,25.464,0.9985,0.9985,80,0,0,80,13,12,12,0.007367,0.01254,0.0269,1,1,1,2038.1
ecmp,3,8,1,15.471,25.023,0.9986,0.9986,81,0,0,81,13,13,12,0.007423,0.012585,0.026405,1,1,1,2038.1
ecmp,3,9,11,15.471,25.023,0.9992,0.9992,81,0,0,81,17,16,16,0.007423,0.012585,0.026405,1,1,1,2038.1
ecmp,3,10,1,15.69,25.514,0.9992,0.9992,78,0,0,78,17,17,16,0.007334,0.01281,0.026926,1,1,1,2038.1
ecmp,3,11,11,15.449,24.843,0.9995,0.9995,79,0,0,79,21,20,20,0.007362,0.012806,0.02618,1,1,1,2038.1
ecmp,3,12,1,15.645,25.066,0.9995,0.9995,81,0,0,81,21,21,20,0.007654,0.01286,0.026422,1,1,1,2038.1
ecmp,3,13,11,15.455,24.986,0.9996,0.9996,78,0,0,78,25,24,24,0.007459,0.012538,0.026369,1,1,1,2038.1
ecmp,3,14,1,15.54,25.128,0.9996,0.9996,79,0,0,79,25,25,24,0.007378,0.012737,0.026505,1,1,1,2038.1
ecmp,3,15,11,15.899,25.128,0.9997,0.9997,79,0,0,79,29,28,28,0.008454,0.012737,0.026505,1,1,1,2038.1
ecmp,3,16,1,16.214,25.86,0.9997,0.9997,81,0,0,81,29,29,28,0.008454,0.012887,0.027301,1,1,1,2038.1
ecmp,3,17,11,15.445,25.05,0.9998,0.9998,82,0,0,82,33,32,32,0.007389,0.012502,0.026444,1,1,1,2038.1
ecmp,3,18,1,15.37,24.832,0.9998,0.9998,79,0,0,79,33,33,32,0.007401,0.012509,0.026201,1,1,1,2038.1
ecmp,3,19,11,15.548,25.104,0.9998,0.9998,80,0,0,80,37,36,36,0.007559,0.012592,0.026494,1,1,1,2038.1
ecmp,3,20,1,15.69,24.984,0.9998,0.9998,82,0,0,82,37,37,36,0.007435,0.013361,0.026275,1,1,1,2038.1
ecmp,3,21,11,15.639,24.984,0.9999,0.9999,82,0,0,82,41,40,40,0.00728,0.013361,0.026275,1,1,1,2038.1
ecmp,3,22,1,15.3,24.752,0.9999,0.9999,78,0,0,78,41,41,40,0.00728,0.012508,0.026112,1,1,1,2038.1
ecmp,3,23,0,15.279,24.55,0.9999,0.9999,79,0,0,79,41,41,40,0.007382,0.012575,0.025881,1,1,1,2038.1
ecmp,3,24,11,15.559,25.189,0.9999,0.9999,81,0,0,81,45,44,44,0.007501,0.012585,0.02659,1,1,1,2038.1
ecmp,3,25,1,15.772,25.143,0.9999,0.9999,77,0,0,77,45,45,44,0.007426,0.013448,0.026442,1,1,1,2038.1
ecmp,3,26,11,15.428,24.802,0.9999,0.9999,79,0,0,79,49,48,48,0.007582,0.012537,0.026165,1,1,1,2038.1
ecmp,3,27,1,15.502,24.829,0.9999,0.9999,79,0,0,79,49,49,48,0.007539,0.012802,0.026165,1,1,1,2038.1
ecmp,3,28,11,15.698,25.357,0.9999,0.9999,80,0,0,80,53,52,52,0.007539,0.012802,0.026752,1,1,1,2038.1
ecmp,3,29,1,15.77,24.991,0.9999,0.9999,82,0,0,82,53,53,52,0.008235,0.012721,0.026354,1,1,1,2038.1
ecmp,3,30,11,15.527,25.14,0.9999,0.9999,78,0,0,78,57,56,56,0.007458,0.012587,0.026535,1,1,1,2038.1
ecmp,3,31,1,15.493,24.962,0.9999,0.9999,79,0,0,79,57,57,56,0.007415,0.012743,0.02632,1,1,1,2038.1
ecmp,3,32,11,15.517,24.934,0.9999,0.9999,81,0,0,81,61,60,60,0.007416,0.012859,0.026276,1,1,1,2038.1
ecmp,3,33,1,15.379,24.831,0.9999,0.9999,77,0,0,77,61,61,60,0.007402,0.012539,0.026197,1,1,1,2038.1
ecmp,3,34,11,15.379,24.831,0.9999,0.9999,77,0,0,77,65,64,64,0.007402,0.012539,0.026197,1,1,1,2038.1
ecmp,3,35,1,15.46,25.03,0.9999,0.9999,79,0,0,79,65,65,64,0.007396,0.012569,0.026415,1,1,1,2038.1
ecmp,3,36,11,15.347,24.71,1.0,1.0,80,0,0,80,69,68,68,0.007416,0.012567,0.026059,1,1,1,2038.1
ecmp,3,37,1,15.283,24.577,1.0,1.0,82,0,0,82,69,69,68,0.007317,0.012628,0.025905,1,1,1,2038.1
ecmp,3,38,11,15.823,25.302,1.0,1.0,78,0,0,78,73,72,72,0.007435,0.013411,0.026623,1,1,1,2038.1
ecmp,3,39,1,15.523,24.978,1.0,1.0,79,0,0,79,73,73,72,0.007404,0.012837,0.026327,1,1,1,2038.1
ecmp,3,40,11,15.523,24.978,1.0,1.0,79,0,0,79,77,76,76,0.007404,0.012837,0.026327,1,1,1,2038.1
ecmp,3,41,1,15.406,24.961,1.0,1.0,81,0,0,81,77,77,76,0.007323,0.012555,0.026339,1,1,1,2038.1
ecmp,3,42,11,15.335,24.732,1.0,1.0,77,0,0,77,81,80,80,0.007386,0.012531,0.026088,1,1,1,2038.1
ecmp,3,43,1,15.518,25.041,1.0,1.0,79,0,0,79,81,81,80,0.007422,0.012721,0.02641,1,1,1,2038.1
ecmp,3,44,11,15.501,25.049,1.0,1.0,80,0,0,80,85,84,84,0.007415,0.012661,0.026426,1,1,1,2038.1
ecmp,3,45,1,15.507,24.681,1.0,1.0,82,0,0,82,85,85,84,0.007435,0.013121,0.025966,1,1,1,2038.1
ecmp,3,46,11,15.479,24.681,1.0,1.0,82,0,0,82,89,88,88,0.00735,0.013121,0.025966,1,1,1,2038.1
ecmp,3,47,1,15.351,24.776,1.0,1.0,79,0,0,79,89,89,88,0.00735,0.012571,0.026132,1,1,1,2038.1
ecmp,3,48,0,15.334,24.738,1.0,1.0,80,0,0,80,89,89,88,0.007389,0.012516,0.026096,1,1,1,2038.1
ecmp,3,49,11,15.364,24.557,1.0,1.0,82,0,0,82,93,92,92,0.007416,0.012813,0.025862,1,1,1,2038.1
ecmp,3,50,1,15.177,24.306,1.0,1.0,77,0,0,77,93,93,92,0.007368,0.012551,0.025612,1,1,1,2038.1
ecmp,3,51,11,15.609,25.348,1.0,1.0,79,0,0,79,97,96,96,0.007415,0.012655,0.026758,1,1,1,2038.1
ecmp,3,52,1,15.569,25.335,1.0,1.0,79,0,0,79,97,97,96,0.007422,0.012526,0.026758,1,1,1,2038.1
ecmp,3,53,11,15.368,24.793,1.0,1.0,80,0,0,80,101,100,100,0.007422,0.012526,0.026156,1,1,1,2038.1
ecmp,3,54,1,15.664,25.515,1.0,1.0,82,0,0,82,101,101,100,0.007488,0.012547,0.026956,1,1,1,2038.1
ecmp,3,55,11,15.465,24.989,1.0,1.0,79,0,0,79,105,104,104,0.007337,0.012703,0.026354,1,1,1,2038.1
ecmp,3,56,1,16.054,25.285,1.0,1.0,80,0,0,80,105,105,104,0.008661,0.012833,0.026669,1,1,1,2038.1
ecmp,3,57,11,15.454,24.997,1.0,1.0,82,0,0,82,109,108,108,0.007384,0.012603,0.026374,1,1,1,2038.1
ecmp,3,58,1,15.55,25.018,1.0,1.0,82,0,0,82,109,109,108,0.007458,0.012818,0.026374,1,1,1,2038.1
ecmp,3,59,11,15.546,25.008,1.0,1.0,78,0,0,78,113,112,112,0.007458,0.012818,0.026362,1,1,1,2038.1
ecmp,3,60,1,15.512,25.102,1.0,1.0,80,0,0,80,113,113,112,0.007504,0.012532,0.026499,1,1,1,2038.1
ecmp,3,61,11,15.51,24.903,1.0,1.0,81,0,0,81,117,116,116,0.007671,0.012586,0.026272,1,1,1,2038.1
ecmp,3,62,1,15.327,24.644,1.0,1.0,80,0,0,80,117,117,116,0.007409,0.01259,0.025983,1,1,1,2038.1
ecmp,3,63,11,15.632,25.475,1.0,1.0,82,0,0,82,121,120,120,0.007315,0.012684,0.026896,1,1,1,2038.1
ecmp,3,64,1,15.542,25.256,1.0,1.0,83,0,0,83,121,121,120,0.007419,0.012537,0.026669,1,1,1,2038.1
ecmp,3,65,11,15.542,25.256,1.0,1.0,83,0,0,83,125,124,124,0.007419,0.012537,0.026669,1,1,1,2038.1
ecmp,3,66,1,15.348,24.711,1.0,1.0,85,0,0,85,125,125,124,0.007373,0.012615,0.026055,1,1,1,2038.1
ecmp,3,67,11,15.595,25.133,1.0,1.0,80,0,0,80,129,128,128,0.007547,0.012728,0.026511,1,1,1,2038.1
ecmp,3,68,1,15.536,25.142,1.0,1.0,82,0,0,82,129,129,128,0.007393,0.012689,0.026526,1,1,1,2038.1
ecmp,3,69,11,15.494,24.828,1.0,1.0,83,0,0,83,133,132,132,0.007691,0.012604,0.026186,1,1,1,2038.1
ecmp,3,70,1,15.323,24.652,1.0,1.0,80,0,0,80,133,133,132,0.007388,0.012589,0.025992,1,1,1,2038.1
ecmp,3,71,11,15.324,24.652,1.0,1.0,80,0,0,80,137,136,136,0.007391,0.012589,0.025992,1,1,1,2038.1
ecmp,3,72,0,15.511,25.041,1.0,1.0,82,0,0,82,137,136,136,0.007391,0.012732,0.026409,1,1,1,2038.1
ecmp,3,73,1,15.234,24.315,1.0,1.0,83,0,0,83,137,137,136,0.007436,0.012657,0.02561,1,1,1,2038.1
ecmp,3,74,11,15.388,24.816,1.0,1.0,85,0,0,85,141,140,140,0.007381,0.01261,0.026172,1,1,1,2038.1
ecmp,3,75,1,15.431,25.022,1.0,1.0,81,0,0,81,141,141,140,0.007406,0.012472,0.026416,1,1,1,2038.1
ecmp,3,76,11,15.569,25.292,1.0,1.0,83,0,0,83,145,144,144,0.007466,0.012531,0.02671,1,1,1,2038.1
ecmp,3,77,1,15.574,25.302,1.0,1.0,83,0,0,83,145,145,144,0.007386,0.012626,0.02671,1,1,1,2038.1
ecmp,3,78,11,15.403,24.841,1.0,1.0,84,0,0,84,149,148,148,0.007386,0.012626,0.026198,1,1,1,2038.1
ecmp,3,79,1,15.554,25.241,1.0,1.0,80,0,0,80,149,149,148,0.007432,0.012583,0.026647,1,1,1,2038.1
ecmp,3,80,11,15.602,25.486,1.0,1.0,82,0,0,82,153,152,152,0.00737,0.012508,0.026928,1,1,1,2038.1
ecmp,3,81,1,15.503,25.129,1.0,1.0,83,0,0,83,153,153,152,0.007431,0.012553,0.026526,1,1,1,2038.1
ecmp,3,82,11,15.678,25.024,1.0,1.0,85,0,0,85,157,156,156,0.007424,0.01328,0.026329,1,1,1,2038.1
ecmp,3,83,1,15.439,24.953,1.0,1.0,85,0,0,85,157,157,156,0.007417,0.012572,0.026329,1,1,1,2038.1
ecmp,3,84,11,15.33,24.659,1.0,1.0,81,0,0,81,161,160,160,0.007417,0.012572,0.026002,1,1,1,2038.1
ecmp,3,85,1,15.816,25.633,1.0,1.0,83,0,0,83,161,161,160,0.00786,0.012495,0.027093,1,1,1,2038.1
ecmp,3,86,11,15.752,25.114,1.0,1.0,84,0,0,84,165,164,164,0.00744,0.013401,0.026416,1,1,1,2038.1
ecmp,3,87,1,15.684,25.648,1.0,1.0,80,0,0,80,165,165,164,0.007398,0.01255,0.027103,1,1,1,2038.1
ecmp,3,88,11,15.25,24.575,1.0,1.0,82,0,0,82,169,168,168,0.007443,0.012375,0.025931,1,1,1,2038.1
ecmp,3,89,1,15.58,24.978,1.0,1.0,83,0,0,83,169,169,168,0.007811,0.012571,0.026357,1,1,1,2038.1
ecmp,3,90,11,15.58,24.978,1.0,1.0,83,0,0,83,173,172,172,0.007811,0.012571,0.026357,1,1,1,2038.1
ecmp,3,91,1,15.694,25.699,1.0,1.0,80,0,0,80,173,173,172,0.007415,0.012502,0.027165,1,1,1,2038.1
ecmp,3,92,11,15.456,24.996,1.0,1.0,81,0,0,81,177,176,176,0.007353,0.012648,0.026368,1,1,1,2038.1
ecmp,3,93,1,15.517,25.211,1.0,1.0,83,0,0,83,177,177,176,0.00738,0.012553,0.026617,1,1,1,2038.1
ecmp,3,94,7,15.607,25.439,1.0,1.0,84,0,0,84,179,179,179,0.007407,0.012541,0.026872,1,1,1,2038.1
ecmp,3,95,4,15.809,24.911,1.0,1.0,80,0,0,80,181,180,180,0.007644,0.013618,0.026166,1,1,1,2038.1
ecmp,3,96,1,15.709,24.911,1.0,1.0,80,0,0,80,181,181,180,0.007342,0.013618,0.026166,1,1,1,2038.1
ecmp,3,97,11,15.153,24.277,1.0,1.0,84,0,0,84,185,184,184,0.007342,0.012534,0.025582,1,1,1,2038.1
ecmp,3,98,1,15.379,24.772,1.0,1.0,83,0,0,83,185,185,184,0.007394,0.012622,0.026122,1,1,1,2038.1
ecmp,3,99,11,15.367,24.759,1.0,1.0,80,0,0,80,189,188,188,0.007405,0.012583,0.026112,1,1,1,2038.1
ecmp,3,100,1,15.215,24.309,1.0,1.0,81,0,0,81,189,189,188,0.007474,0.012557,0.025615,1,1,1,2038.1
ecmp,3,101,11,15.629,24.77,1.0,1.0,83,0,0,83,193,192,192,0.008206,0.012552,0.026128,1,1,1,2038.1
ecmp,3,102,1,15.379,24.777,1.0,1.0,83,0,0,83,193,193,192,0.007393,0.012617,0.026128,1,1,1,2038.1
ecmp,3,103,11,15.338,24.665,1.0,1.0,84,0,0,84,197,196,196,0.007393,0.012617,0.026004,1,1,1,2038.1
ecmp,3,104,1,15.584,25.424,1.0,1.0,81,0,0,81,197,197,196,0.007341,0.012557,0.026854,1,1,1,2038.1
ecmp,3,105,11,15.251,24.488,1.0,1.0,84,0,0,84,201,200,200,0.007347,0.012595,0.02581,1,1,1,2038.1
ecmp,3,106,1,15.642,25.07,1.0,1.0,84,0,0,84,201,201,200,0.007537,0.012975,0.026414,1,1,1,2038.1
ecmp,3,107,11,15.408,24.827,1.0,1.0,80,0,0,80,205,204,204,0.007504,0.012528,0.026193,1,1,1,2038.1
ecmp,3,108,1,15.837,25.409,1.0,1.0,81,0,0,81,205,205,204,0.007441,0.013318,0.026752,1,1,1,2038.1
ecmp,3,109,11,15.837,25.409,1.0,1.0,81,0,0,81,209,208,208,0.007441,0.013318,0.026752,1,1,1,2038.1
ecmp,3,110,1,15.787,25.109,1.0,1.0,83,0,0,83,209,209,208,0.008225,0.012642,0.026494,1,1,1,2038.1
ecmp,3,111,11,15.28,24.491,1.0,1.0,84,0,0,84,213,212,212,0.007425,0.012602,0.025812,1,1,1,2038.1
ecmp,3,112,1,15.338,24.707,1.0,1.0,81,0,0,81,213,213,212,0.007398,0.012558,0.026057,1,1,1,2038.1
ecmp,3,113,11,15.431,24.824,1.0,1.0,83,0,0,83,217,216,216,0.007477,0.012638,0.026178,1,1,1,2038.1
ecmp,3,114,1,15.477,24.903,1.0,1.0,84,0,0,84,217,217,216,0.007406,0.012774,0.026251,1,1,1,2038.1
ecmp,3,115,11,15.477,24.903,1.0,1.0,84,0,0,84,221,220,220,0.007406,0.012774,0.026251,1,1,1,2038.1
ecmp,3,116,1,16.072,25.639,1.0,1.0,80,0,0,80,221,221,220,0.008326,0.012828,0.027062,1,1,1,2038.1
ecmp,3,117,11,15.623,25.245,1.0,1.0,81,0,0,81,225,224,224,0.007659,0.012554,0.026655,1,1,1,2038.1
ecmp,3,118,1,15.536,25.23,1.0,1.0,83,0,0,83,225,225,224,0.007403,0.012568,0.026637,1,1,1,2038.1
ecmp,3,119,1,15.498,25.104,1.0,1.0,79,0,0,79,225,225,225,0.007337,0.012672,0.026485,1,1,1,2038.1
drl,1,0,0,15.965,25.358,1.0,1.0,0,0,0,0,0,0,0,0.008151,0.013014,0.02673,1,1,1,2485.0
drl,1,1,103,15.965,25.358,0.3333,0.3333,0,0,0,0,0,0,103,0.008151,0.013014,0.02673,1,1,1,2485.0
drl,1,2,104,15.596,25.223,0.3333,0.3333,180,0,0,180,0,0,207,0.007359,0.012829,0.0266,1,1,1,2485.0
drl,1,3,1,15.519,25.156,0.3366,0.3366,276,0,0,276,0,1,207,0.007412,0.012594,0.026552,1,1,1,2485.0
drl,1,4,1,15.63,25.43,0.3398,0.3398,277,0,0,277,0,2,207,0.007409,0.01263,0.026852,1,1,1,2485.0
drl,1,5,1,15.665,25.356,0.343,0.343,278,0,0,278,0,3,207,0.007671,0.012546,0.026779,1,1,1,2485.0
drl,1,6,1,15.449,25.011,0.3462,0.3462,279,0,0,279,0,4,207,0.007424,0.012524,0.026398,1,1,1,2485.0
drl,1,7,1,15.422,25.011,0.3494,0.3494,279,0,0,279,0,5,207,0.007345,0.012524,0.026398,1,1,1,2485.0
drl,1,8,1,15.321,24.737,0.3526,0.3526,275,0,0,275,0,6,207,0.007345,0.012525,0.026094,1,1,1,2485.0
drl,1,9,1,15.537,25.232,0.3559,0.3559,276,0,0,276,0,7,207,0.007407,0.012565,0.026639,1,1,1,2485.0
drl,1,10,1,15.716,25.289,0.3591,0.3591,277,0,0,277,0,8,207,0.007519,0.01297,0.026658,1,1,1,2485.0
drl,1,11,1,15.646,25.531,0.3623,0.3623,272,0,0,272,0,9,207,0.00739,0.012579,0.02697,1,1,1,2485.0
drl,1,12,0,15.568,25.076,0.3623,0.3623,273,0,0,273,0,9,207,0.007417,0.012853,0.026434,1,1,1,2485.0
drl,1,13,1,15.492,25.05,0.3655,0.3655,273,0,0,273,0,10,207,0.007444,0.012597,0.026434,1,1,1,2485.0
drl,1,14,1,15.32,24.588,0.3687,0.3687,274,0,0,274,0,11,207,0.007444,0.012597,0.02592,1,1,1,2485.0
drl,1,15,1,15.408,24.918,0.3719,0.3719,275,0,0,275,0,12,207,0.007383,0.01255,0.026292,1,1,1,2485.0
drl,1,16,1,15.471,24.948,0.375,0.375,272,0,0,272,0,13,207,0.007407,0.012695,0.02631,1,1,1,2485.0
drl,1,17,1,15.63,25.307,0.3782,0.3782,273,0,0,273,0,14,207,0.007376,0.012821,0.026694,1,1,1,2485.0
drl,1,18,1,15.329,24.664,0.3814,0.3814,274,0,0,274,0,15,207,0.007424,0.012555,0.026009,1,1,1,2485.0
drl,1,19,1,15.303,24.665,0.3846,0.3846,274,0,0,274,0,16,207,0.007331,0.01257,0.026009,1,1,1,2485.0
drl,1,20,1,15.3,24.655,0.3877,0.3877,269,0,0,269,0,17,207,0.007331,0.01257,0.025998,1,1,1,2485.0
drl,1,21,1,15.349,24.603,0.3909,0.3909,270,0,0,270,0,18,207,0.007382,0.012744,0.025921,1,1,1,2485.0
drl,1,22,1,15.457,24.913,0.394,0.394,271,0,0,271,0,19,207,0.007379,0.012725,0.026267,1,1,1,2485.0
drl,1,23,1,15.52,24.635,0.3971,0.3971,272,0,0,272,0,20,207,0.007406,0.013256,0.025899,1,1,1,2485.0
drl,1,24,1,15.629,25.115,0.4003,0.4003,268,0,0,268,0,21,207,0.007531,0.012881,0.026474,1,1,1,2485.0
drl,1,25,1,15.47,25.064,0.4034,0.4034,269,0,0,269,0,22,207,0.007423,0.012529,0.026457,1,1,1,2485.0
drl,1,26,1,15.47,25.064,0.4065,0.4065,269,0,0,269,0,23,207,0.007423,0.012529,0.026457,1,1,1,2485.0
drl,1,27,1,15.421,24.861,0.4096,0.4096,270,0,0,270,0,24,207,0.007441,0.012597,0.026224,1,1,1,2485.0
drl,1,28,1,15.473,25.055,0.4127,0.4127,265,0,0,265,0,25,207,0.007407,0.012571,0.026442,1,1,1,2485.0
drl,1,29,1,15.436,24.909,0.4158,0.4158,266,0,0,266,0,26,207,0.007445,0.012584,0.026278,1,1,1,2485.0
drl,1,30,1,15.54,24.964,0.4188,0.4188,267,0,0,267,0,27,207,0.007495,0.012809,0.026315,1,1,1,2485.0
drl,1,31,1,15.52,25.002,0.4219,0.4219,263,0,0,263,0,28,207,0.007407,0.012795,0.026358,1,1,1,2485.0
drl,1,32,1,15.522,25.002,0.4249,0.4249,263,0,0,263,0,29,207,0.007414,0.012795,0.026358,1,1,1,2485.0
drl,1,33,1,15.51,25.123,0.428,0.428,264,0,0,264,0,30,207,0.007414,0.012601,0.026514,1,1,1,2485.0
drl,1,34,1,15.579,24.965,0.431,0.431,265,0,0,265,0,31,207,0.007412,0.013036,0.02629,1,1,1,2485.0
drl,1,35,1,15.529,25.245,0.434,0.434,266,0,0,266,0,32,207,0.007355,0.012581,0.026652,1,1,1,2485.0
drl,1,36,1,15.54,25.333,0.437,0.437,261,0,0,261,0,33,207,0.007387,0.01247,0.026762,1,1,1,2485.0
drl,1,37,1,15.24,24.393,0.44,0.44,262,0,0,262,0,34,207,0.007403,0.012617,0.025701,1,1,1,2485.0
drl,1,38,1,15.229,24.393,0.4429,0.4429,262,0,0,262,0,35,207,0.007369,0.012617,0.025701,1,1,1,2485.0
drl,1,39,1,15.152,24.331,0.4459,0.4459,263,0,0,263,0,36,207,0.007369,0.012433,0.025653,1,1,1,2485.0
drl,1,40,1,15.413,24.833,0.4488,0.4488,259,0,0,259,0,37,207,0.007434,0.012616,0.02619,1,1,1,2485.0
drl,1,41,1,15.682,25.071,0.4517,0.4517,260,0,0,260,0,38,207,0.007373,0.013293,0.02638,1,1,1,2485.0
drl,1,42,1,15.54,25.341,0.4546,0.4546,261,0,0,261,0,39,207,0.00735,0.012503,0.026767,1,1,1,2485.0
drl,1,43,1,15.53,25.12,0.4575,0.4575,262,0,0,262,0,40,207,0.007361,0.012733,0.026496,1,1,1,2485.0
drl,1,44,1,15.621,25.146,0.4604,0.4604,262,0,0,262,0,41,207,0.00737,0.012997,0.026496,1,1,1,2485.0
drl,1,45,1,15.583,25.044,0.4633,0.4633,258,0,0,258,0,42,207,0.00737,0.012997,0.026383,1,1,1,2485.0
drl,1,46,1,15.514,25.248,0.4661,0.4661,259,0,0,259,0,43,207,0.007439,0.01243,0.026672,1,1,1,2485.0
drl,1,47,1,15.348,24.668,0.4689,0.4689,260,0,0,260,0,44,207,0.007405,0.012635,0.026005,1,1,1,2485.0
drl,1,48,1,15.447,24.826,0.4717,0.4717,255,0,0,255,0,45,207,0.007549,0.012609,0.026184,1,1,1,2485.0
drl,1,49,1,15.474,25.098,0.4745,0.4745,256,0,0,256,0,46,207,0.007414,0.012513,0.026496,1,1,1,2485.0
drl,1,50,1,15.504,25.098,0.4773,0.4773,256,0,0,256,0,47,207,0.007503,0.012513,0.026496,1,1,1,2485.0
drl,1,51,1,15.507,24.928,0.48,0.48,257,0,0,257,0,48,207,0.007503,0.012734,0.026283,1,1,1,2485.0
drl,1,52,1,16.017,25.677,0.4828,0.4828,253,0,0,253,0,49,207,0.007505,0.013519,0.027028,1,1,1,2485.0
drl,1,53,0,15.425,24.98,0.4828,0.4828,254,0,0,254,0,49,207,0.007404,0.012504,0.026366,1,1,1,2485.0
drl,1,54,1,15.462,24.902,0.4855,0.4855,255,0,0,255,0,50,207,0.007379,0.012756,0.026252,1,1,1,2485.0
drl,1,55,1,15.691,25.612,0.4882,0.4882,256,0,0,256,0,51,207,0.007427,0.012586,0.027059,1,1,1,2485.0
drl,1,56,1,15.67,25.612,0.4909,0.4909,256,0,0,256,0,52,207,0.007364,0.012586,0.027059,1,1,1,2485.0
drl,1,57,1,15.179,24.259,0.4935,0.4935,251,0,0,251,0,53,207,0.007364,0.012622,0.025552,1,1,1,2485.0
drl,1,58,1,15.33,24.661,0.4962,0.4962,252,0,0,252,0,54,207,0.007406,0.012582,0.026003,1,1,1,2485.0
drl,1,59,1,15.45,24.915,0.4988,0.4988,253,0,0,253,0,55,207,0.007454,0.012616,0.026281,1,1,1,2485.0
drl,1,60,1,15.593,24.987,0.5014,0.5014,251,0,0,251,0,56,207,0.007497,0.012957,0.026324,1,1,1,2485.0
drl,1,61,1,15.786,25.585,0.504,0.504,252,0,0,252,0,57,207,0.007399,0.012972,0.026987,1,1,1,2485.0
drl,1,62,1,15.953,25.61,0.5065,0.5065,252,0,0,252,0,58,207,0.007656,0.013215,0.026987,1,1,1,2485.0
drl,1,63,1,15.701,24.929,0.5091,0.5091,253,0,0,253,0,59,207,0.007656,0.013215,0.026231,1,1,1,2485.0
drl,1,64,1,15.161,24.247,0.5116,0.5116,254,0,0,254,0,60,207,0.007406,0.012529,0.025549,1,1,1,2485.0
drl,1,65,1,15.63,25.441,0.5141,0.5141,51,0,0,51,0,61,207,0.007432,0.012589,0.026869,1,1,1,2485.0
drl,1,66,1,15.462,24.845,0.5166,0.5166,52,0,0,52,0,62,207,0.00767,0.012501,0.026216,1,1,1,2485.0
drl,1,67,1,15.41,24.69,0.519,0.519,53,0,0,53,0,63,207,0.007578,0.01262,0.026031,1,1,1,2485.0
drl,1,68,1,15.378,24.685,0.5215,0.5215,53,0,0,53,0,64,207,0.007529,0.012573,0.026031,1,1,1,2485.0
drl,1,69,1,15.366,24.654,0.5239,0.5239,51,0,0,51,0,65,207,0.007529,0.012573,0.025996,1,1,1,2485.0
drl,1,70,1,15.283,24.587,0.5263,0.5263,52,0,0,52,0,66,207,0.007407,0.012515,0.025928,1,1,1,2485.0
drl,1,71,1,15.669,24.885,0.5287,0.5287,53,0,0,53,0,67,207,0.007474,0.013369,0.026165,1,1,1,2485.0
drl,1,72,1,15.55,25.042,0.531,0.531,54,0,0,54,0,68,207,0.007386,0.012871,0.026394,1,1,1,2485.0
drl,1,73,1,15.485,24.874,0.5333,0.5333,52,0,0,52,0,69,207,0.007397,0.012847,0.02621,1,1,1,2485.0
drl,1,74,1,15.394,24.839,0.5356,0.5356,52,0,0,52,0,70,207,0.007469,0.012503,0.02621,1,1,1,2485.0
drl,1,75,1,15.331,24.668,0.5379,0.5379,53,0,0,53,0,71,207,0.007469,0.012503,0.02602,1,1,1,2485.0
drl,1,76,1,15.683,25.334,0.5402,0.5402,54,0,0,54,0,72,207,0.00743,0.012905,0.026715,1,1,1,2485.0
drl,1,77,1,15.465,24.894,0.5424,0.5424,51,0,0,51,0,73,207,0.007555,0.012579,0.026262,1,1,1,2485.0
drl,1,78,1,15.375,24.731,0.5447,0.5447,52,0,0,52,0,74,207,0.007338,0.01272,0.026066,1,1,1,2485.0
drl,1,79,1,15.613,25.457,0.5468,0.5468,53,0,0,53,0,75,207,0.007424,0.012521,0.026894,1,1,1,2485.0
drl,1,80,1,15.668,24.915,0.549,0.549,51,0,0,51,0,76,207,0.007401,0.013408,0.026194,1,1,1,2485.0
drl,1,81,1,15.668,24.915,0.5512,0.5512,51,0,0,51,0,77,207,0.007401,0.013408,0.026194,1,1,1,2485.0
drl,1,82,1,15.348,24.75,0.5533,0.5533,52,0,0,52,0,78,207,0.007408,0.012527,0.026108,1,1,1,2485.0
drl,1,83,1,15.613,25.275,0.5554,0.5554,53,0,0,53,0,79,207,0.007416,0.012756,0.026666,1,1,1,2485.0
drl,1,84,1,15.405,24.896,0.5575,0.5575,54,0,0,54,0,80,207,0.007395,0.012552,0.026268,1,1,1,2485.0
drl,1,85,1,15.483,25.053,0.5596,0.5596,51,0,0,51,0,81,207,0.007378,0.01264,0.026432,1,1,1,2485.0
drl,1,86,1,15.363,24.762,0.5616,0.5616,52,0,0,52,0,82,207,0.007366,0.01261,0.026112,1,1,1,2485.0
drl,1,87,1,15.372,24.762,0.5636,0.5636,52,0,0,52,0,83,207,0.007394,0.01261,0.026112,1,1,1,2485.0
drl,1,88,1,15.882,25.352,0.5656,0.5656,53,0,0,53,0,84,207,0.007394,0.013594,0.026659,1,1,1,2485.0
drl,1,89,1,15.337,24.756,0.5676,0.5676,51,0,0,51,0,85,207,0.007417,0.012474,0.026121,1,1,1,2485.0
drl,1,90,1,15.582,25.123,0.5695,0.5695,52,0,0,52,0,86,207,0.007411,0.012848,0.026487,1,1,1,2485.0
drl,1,91,1,15.655,25.01,0.5715,0.5715,53,0,0,53,0,87,207,0.007328,0.013328,0.026308,1,1,1,2485.0
drl,1,92,1,15.531,25.066,0.5734,0.5734,54,0,0,54,0,88,207,0.007501,0.012646,0.026446,1,1,1,2485.0
drl,1,93,1,15.486,25.066,0.5752,0.5752,54,0,0,54,0,89,207,0.007365,0.012646,0.026446,1,1,1,2485.0
drl,1,94,0,15.331,24.773,0.5752,0.5752,51,0,0,51,0,89,207,0.007365,0.012489,0.026138,1,1,1,2485.0
drl,1,95,1,15.434,24.971,0.5771,0.5771,52,0,0,52,0,90,207,0.007358,0.012598,0.026346,1,1,1,2485.0
drl,1,96,1,15.622,25.262,0.5789,0.5789,53,0,0,53,0,91,207,0.007627,0.012566,0.026673,1,1,1,2485.0
drl,1,97,1,15.42,24.741,0.5808,0.5808,51,0,0,51,0,92,207,0.00761,0.012556,0.026095,1,1,1,2485.0
drl,1,98,1,15.473,25.093,0.5825,0.5825,52,0,0,52,0,93,207,0.00742,0.012506,0.026492,1,1,1,2485.0
drl,1,99,1,15.481,25.102,0.5843,0.5843,52,0,0,52,0,94,207,0.007358,0.012592,0.026492,1,1,1,2485.0
drl,1,100,1,15.415,24.924,0.5861,0.5861,53,0,0,53,0,95,207,0.007358,0.012592,0.026294,1,1,1,2485.0
drl,1,101,1,15.488,25.231,0.5878,0.5878,54,0,0,54,0,96,207,0.007414,0.012391,0.026658,1,1,1,2485.0
drl,1,102,1,15.474,25.05,0.5895,0.5895,52,0,0,52,0,97,207,0.007373,0.012617,0.026431,1,1,1,2485.0
drl,1,103,1,15.385,24.814,0.5912,0.5912,53,0,0,53,0,98,207,0.007358,0.012629,0.026168,1,1,1,2485.0
drl,1,104,1,15.455,25.105,0.5928,0.5928,54,0,0,54,0,99,207,0.007357,0.012501,0.026506,1,1,1,2485.0
drl,1,105,1,15.511,25.114,0.5945,0.5945,54,0,0,54,0,100,207,0.007437,0.01259,0.026506,1,1,1,2485.0
drl,1,106,1,15.373,24.742,0.5961,0.5961,51,0,0,51,0,101,207,0.007437,0.01259,0.026092,1,1,1,2485.0
drl,1,107,1,15.458,25.036,0.5977,0.5977,52,0,0,52,0,102,207,0.007381,0.012572,0.026421,1,1,1,2485.0
drl,1,108,1,15.236,24.447,0.5992,0.5992,53,0,0,53,0,103,207,0.007428,0.012508,0.025773,1,1,1,2485.0
drl,1,109,1,15.711,24.861,0.6008,0.6008,51,0,0,51,0,104,207,0.007321,0.013713,0.0261,1,1,1,2485.0
drl,1,110,1,15.692,25.381,0.6023,0.6023,52,0,0,52,0,105,207,0.007638,0.012641,0.026797,1,1,1,2485.0
drl,1,111,1,15.53,25.197,0.6038,0.6038,53,0,0,53,0,106,207,0.007392,0.0126,0.026597,1,1,1,2485.0
drl,1,112,1,15.53,25.197,0.6053,0.6053,53,0,0,53,0,107,207,0.007392,0.0126,0.026597,1,1,1,2485.0
drl,1,113,1,15.413,24.675,0.6067,0.6067,54,0,0,54,0,108,207,0.007408,0.01284,0.02599,1,1,1,2485.0
drl,1,114,1,15.344,24.72,0.6082,0.6082,51,0,0,51,0,109,207,0.007412,0.012548,0.026073,1,1,1,2485.0
drl,1,115,1,15.415,24.872,0.6096,0.6096,52,0,0,52,0,110,207,0.007369,0.012645,0.026231,1,1,1,2485.0
drl,1,116,1,15.369,24.778,0.611,0.611,53,0,0,53,0,111,207,0.007412,0.012559,0.026136,1,1,1,2485.0
drl,1,117,1,15.471,25.081,0.6124,0.6124,51,0,0,51,0,112,207,0.007432,0.012504,0.026478,1,1,1,2485.0
drl,1,118,1,15.453,25.081,0.6137,0.6137,51,0,0,51,0,113,207,0.007378,0.012504,0.026478,1,1,1,2485.0
drl,1,119,1,15.393,24.879,0.615,0.615,52,0,0,52,0,114,207,0.007378,0.012551,0.026249,1,1,1,2485.0
drl,2,0,0,15.338,24.732,1.0,1.0,0,0,0,0,0,0,0,0.007411,0.012513,0.02609,1,1,1,2568.9
drl,2,1,107,15.168,24.475,0.3333,0.3333,152,0,0,152,0,0,107,0.007199,0.0125,0.025806,1,1,1,2568.9
drl,2,2,1,15.468,25.063,0.3396,0.3396,153,0,0,153,0,1,107,0.007404,0.012547,0.026454,1,1,1,2568.9
drl,2,3,1,15.487,25.086,0.3458,0.3458,154,0,0,154,0,2,107,0.007398,0.01259,0.026474,1,1,1,2568.9
drl,2,4,1,15.484,25.086,0.352,0.352,154,0,0,154,0,3,107,0.007388,0.01259,0.026474,1,1,1,2568.9
drl,2,5,1,15.475,25.008,0.3582,0.3582,152,0,0,152,0,4,107,0.007388,0.012656,0.02638,1,1,1,2568.9
drl,2,6,1,15.4,24.819,0.3644,0.3644,153,0,0,153,0,5,107,0.007416,0.012608,0.026176,1,1,1,2568.9
drl,2,7,1,15.436,24.989,0.3706,0.3706,154,0,0,154,0,6,107,0.007341,0.012603,0.026365,1,1,1,2568.9
drl,2,8,1,15.539,24.948,0.3768,0.3768,151,0,0,151,0,7,107,0.007423,0.012909,0.026286,1,1,1,2568.9
drl,2,9,1,15.532,24.81,0.3829,0.3829,152,0,0,152,0,8,107,0.007474,0.012999,0.026122,1,1,1,2568.9
drl,2,10,1,15.54,24.803,0.389,0.389,152,0,0,152,0,9,107,0.007562,0.012935,0.026122,1,1,1,2568.9
drl,2,11,1,15.592,24.945,0.3951,0.3951,153,0,0,153,0,10,107,0.007562,0.012935,0.026279,1,1,1,2568.9
drl,2,12,1,15.467,24.941,0.4012,0.4012,151,0,0,151,0,11,107,0.007384,0.012717,0.026299,1,1,1,2568.9
drl,2,13,1,15.353,24.697,0.4072,0.4072,152,0,0,152,0,12,107,0.00739,0.01263,0.026038,1,1,1,2568.9
drl,2,14,1,15.558,24.554,0.4132,0.4132,153,0,0,153,0,13,107,0.007366,0.013528,0.025779,1,1,1,2568.9
drl,2,15,1,15.245,24.503,0.4191,0.4191,154,0,0,154,0,14,107,0.007395,0.012502,0.025837,1,1,1,2568.9
drl,2,16,1,15.302,24.516,0.425,0.425,154,0,0,154,0,15,107,0.007441,0.012628,0.025837,1,1,1,2568.9
drl,2,17,1,15.429,24.86,0.4308,0.4308,151,0,0,151,0,16,107,0.007441,0.012628,0.026219,1,1,1,2568.9
drl,2,18,1,15.453,24.967,0.4366,0.4366,152,0,0,152,0,17,107,0.007374,0.012649,0.026336,1,1,1,2568.9
drl,2,19,1,15.456,24.8,0.4424,0.4424,153,0,0,153,0,18,107,0.007408,0.012829,0.02613,1,1,1,2568.9
drl,2,20,1,15.377,24.729,0.4481,0.4481,151,0,0,151,0,19,107,0.00746,0.012592,0.026078,1,1,1,2568.9
drl,2,21,1,15.479,24.908,0.4537,0.4537,152,0,0,152,0,20,107,0.007384,0.012801,0.026253,1,1,1,2568.9
drl,2,22,1,15.383,24.82,0.4593,0.4593,153,0,0,153,0,21,107,0.007368,0.012603,0.026177,1,1,1,2568.9
drl,2,23,1,15.383,24.82,0.4648,0.4648,153,0,0,153,0,22,107,0.007368,0.012603,0.026177,1,1,1,2568.9
drl,2,24,1,15.391,24.817,0.4703,0.4703,154,0,0,154,0,23,107,0.007364,0.01264,0.02617,1,1,1,2568.9
drl,2,25,1,15.661,24.893,0.4757,0.4757,151,0,0,151,0,24,107,0.007396,0.01342,0.026168,1,1,1,2568.9
drl,2,26,0,15.795,25.348,0.4757,0.4757,152,0,0,152,0,24,107,0.007387,0.013313,0.026685,1,1,1,2568.9
drl,2,27,1,15.307,24.607,0.481,0.481,153,0,0,153,0,25,107,0.007459,0.012511,0.025951,1,1,1,2568.9
drl,2,28,1,15.411,24.936,0.4863,0.4863,151,0,0,151,0,26,107,0.007411,0.012504,0.026317,1,1,1,2568.9
drl,2,29,1,15.411,24.936,0.4915,0.4915,151,0,0,151,0,27,107,0.007411,0.012504,0.026317,1,1,1,2568.9
drl,2,30,1,15.771,25.701,0.4966,0.4966,152,0,0,152,0,28,107,0.007387,0.012791,0.027136,1,1,1,2568.9
drl,2,31,1,15.851,25.583,0.5017,0.5017,153,0,0,153,0,29,107,0.007657,0.012903,0.026992,1,1,1,2568.9
drl,2,32,1,15.406,24.862,0.5066,0.5066,154,0,0,154,0,30,107,0.007415,0.012576,0.026227,1,1,1,2568.9
drl,2,33,1,15.469,25.079,0.5115,0.5115,152,0,0,152,0,31,107,0.007396,0.01254,0.026472,1,1,1,2568.9
drl,2,34,1,15.571,24.763,0.5163,0.5163,153,0,0,153,0,32,107,0.007352,0.013327,0.026034,1,1,1,2568.9
drl,2,35,1,15.576,24.763,0.5211,0.5211,153,0,0,153,0,33,107,0.007368,0.013327,0.026034,1,1,1,2568.9
drl,2,36,1,15.38,24.709,0.5257,0.5257,154,0,0,154,0,34,107,0.007368,0.012732,0.02604,1,1,1,2568.9
drl,2,37,1,15.395,24.852,0.5303,0.5303,151,0,0,151,0,35,107,0.007405,0.012562,0.026218,1,1,1,2568.9
drl,2,38,1,15.283,24.561,0.5348,0.5348,152,0,0,152,0,36,107,0.007409,0.012545,0.025896,1,1,1,2568.9
drl,2,39,1,15.373,24.613,0.5392,0.5392,153,0,0,153,0,37,107,0.007377,0.012819,0.025924,1,1,1,2568.9
drl,2,40,1,15.411,24.455,0.5436,0.5436,151,0,0,151,0,38,107,0.00768,0.012805,0.025749,1,1,1,2568.9
drl,2,41,1,15.284,24.455,0.5478,0.5478,151,0,0,151,0,39,107,0.007297,0.012805,0.025749,1,1,1,2568.9
drl,2,42,1,15.408,25.078,0.552,0.552,152,0,0,152,0,40,107,0.007297,0.012444,0.026482,1,1,1,2568.9
drl,2,43,1,15.406,24.893,0.5561,0.5561,153,0,0,153,0,41,107,0.007438,0.01251,0.026269,1,1,1,2568.9
drl,2,44,1,15.532,25.073,0.5601,0.5601,154,0,0,154,0,42,107,0.007588,0.012541,0.026466,1,1,1,2568.9
drl,2,45,1,15.591,24.74,0.564,0.564,151,0,0,151,0,43,107,0.007409,0.013358,0.026005,1,1,1,2568.9
drl,2,46,1,15.546,25.163,0.5678,0.5678,152,0,0,152,0,44,107,0.007497,0.01258,0.026561,1,1,1,2568.9
drl,2,47,1,15.499,25.156,0.5716,0.5716,152,0,0,152,0,45,107,0.007425,0.01251,0.026561,1,1,1,2568.9
drl,2,48,1,15.243,24.465,0.5752,0.5752,153,0,0,153,0,46,107,0.007425,0.01251,0.025793,1,1,1,2568.9
drl,2,49,1,15.458,24.916,0.5788,0.5788,151,0,0,151,0,47,107,0.007441,0.012653,0.026279,1,1,1,2568.9
drl,2,50,1,15.528,24.963,0.5823,0.5823,152,0,0,152,0,48,107,0.007443,0.012831,0.026311,1,1,1,2568.9
drl,2,51,1,15.786,25.413,0.5857,0.5857,153,0,0,153,0,49,107,0.007379,0.013209,0.026769,1,1,1,2568.9
drl,2,52,1,15.398,24.817,0.589,0.589,154,0,0,154,0,50,107,0.007413,0.012607,0.026174,1,1,1,2568.9
drl,2,53,1,15.373,24.809,0.5923,0.5923,154,0,0,154,0,51,107,0.007424,0.01252,0.026174,1,1,1,2568.9
drl,2,54,1,15.601,25.425,0.5954,0.5954,151,0,0,151,0,52,107,0.007424,0.01252,0.026859,1,1,1,2568.9
drl,2,55,1,15.502,24.903,0.5985,0.5985,152,0,0,152,0,53,107,0.007623,0.012613,0.026269,1,1,1,2568.9
drl,2,56,1,15.282,24.562,0.6015,0.6015,153,0,0,153,0,54,107,0.007416,0.012532,0.025899,1,1,1,2568.9
drl,2,57,1,15.444,24.776,0.6044,0.6044,151,0,0,151,0,55,107,0.007391,0.012837,0.026103,1,1,1,2568.9
drl,2,58,1,15.478,24.784,0.6072,0.6072,152,0,0,152,0,56,107,0.00742,0.012912,0.026103,1,1,1,2568.9
drl,2,59,1,15.315,24.619,0.61,0.61,153,0,0,153,0,57,107,0.007394,0.012597,0.025955,1,1,1,2568.9
drl,2,60,1,15.315,24.619,0.6126,0.6126,153,0,0,153,0,58,107,0.007394,0.012597,0.025955,1,1,1,2568.9
drl,2,61,1,15.605,25.037,0.6152,0.6152,154,0,0,154,0,59,107,0.007607,0.012811,0.026396,1,1,1,2568.9
drl,2,62,1,15.402,24.741,0.6177,0.6177,58,0,0,58,0,60,107,0.007414,0.012714,0.026077,1,1,1,2568.9
drl,2,63,1,15.342,24.646,0.6202,0.6202,59,0,0,59,0,61,107,0.007433,0.01261,0.025983,1,1,1,2568.9
drl,2,64,1,15.724,24.839,0.6225,0.6225,60,0,0,60,0,62,107,0.007435,0.013656,0.026082,1,1,1,2568.9
drl,2,65,1,15.348,24.699,0.6248,0.6248,51,0,0,51,0,63,107,0.007383,0.012619,0.026041,1,1,1,2568.9
drl,2,66,1,15.348,24.699,0.627,0.627,51,0,0,51,0,64,107,0.007383,0.012619,0.026041,1,1,1,2568.9
drl,2,67,1,15.412,24.88,0.6292,0.6292,52,0,0,52,0,65,107,0.007289,0.012716,0.026231,1,1,1,2568.9
drl,2,68,0,15.453,25.008,0.6292,0.6292,53,0,0,53,0,65,107,0.007388,0.012583,0.026389,1,1,1,2568.9
drl,2,69,1,15.244,24.464,0.6312,0.6312,51,0,0,51,0,66,107,0.00734,0.01261,0.025781,1,1,1,2568.9
drl,2,70,1,15.568,25.123,0.6332,0.6332,52,0,0,52,0,67,107,0.007593,0.012595,0.026515,1,1,1,2568.9
drl,2,71,1,15.456,25.016,0.6351,0.6351,53,0,0,53,0,68,107,0.007396,0.012574,0.026398,1,1,1,2568.9
drl,2,72,1,15.46,25.016,0.637,0.637,53,0,0,53,0,69,107,0.007409,0.012574,0.026398,1,1,1,2568.9
drl,2,73,1,15.434,24.927,0.6388,0.6388,54,0,0,54,0,70,107,0.007409,0.012595,0.026297,1,1,1,2568.9
drl,2,74,1,15.46,25.089,0.6405,0.6405,51,0,0,51,0,71,107,0.007381,0.012513,0.026486,1,1,1,2568.9
drl,2,75,1,15.819,25.234,0.6421,0.6421,52,0,0,52,0,72,107,0.007655,0.013236,0.026567,1,1,1,2568.9
drl,2,76,1,15.42,24.872,0.6437,0.6437,53,0,0,53,0,73,107,0.007358,0.012675,0.026227,1,1,1,2568.9
drl,2,77,1,15.669,25.534,0.6452,0.6452,51,0,0,51,0,74,107,0.007426,0.01261,0.02697,1,1,1,2568.9
drl,2,78,1,15.757,25.564,0.6467,0.6467,51,0,0,51,0,75,107,0.007388,0.012914,0.02697,1,1,1,2568.9
drl,2,79,1,15.574,25.069,0.6481,0.6481,52,0,0,52,0,76,107,0.007388,0.012914,0.026419,1,1,1,2568.9
drl,2,80,1,15.38,24.806,0.6494,0.6494,53,0,0,53,0,77,107,0.007411,0.012563,0.026166,1,1,1,2568.9
drl,2,81,1,15.504,25.087,0.6507,0.6507,54,0,0,54,0,78,107,0.007441,0.012595,0.026475,1,1,1,2568.9
drl,2,82,1,15.435,24.944,0.6519,0.6519,51,0,0,51,0,79,107,0.007372,0.01262,0.026313,1,1,1,2568.9
drl,2,83,1,15.487,25.065,0.6531,0.6531,52,0,0,52,0,80,107,0.007417,0.012593,0.026451,1,1,1,2568.9
drl,2,84,1,15.514,25.082,0.6542,0.6542,52,0,0,52,0,81,107,0.007326,0.012765,0.026451,1,1,1,2568.9
drl,2,85,1,15.438,24.877,0.6552,0.6552,53,0,0,53,0,82,107,0.007326,0.012765,0.026223,1,1,1,2568.9
drl,2,86,1,15.34,24.713,0.6562,0.6562,51,0,0,51,0,83,107,0.007393,0.012564,0.026063,1,1,1,2568.9
drl,2,87,1,15.465,24.78,0.6571,0.6571,52,0,0,52,0,84,107,0.007463,0.012824,0.026109,1,1,1,2568.9
drl,2,88,1,15.447,25.022,0.658,0.658,53,0,0,53,0,85,107,0.007411,0.012519,0.026411,1,1,1,2568.9
drl,2,89,1,15.639,25.367,0.6589,0.6589,54,0,0,54,0,86,107,0.007672,0.012443,0.026803,1,1,1,2568.9
drl,2,90,1,15.375,24.802,0.6597,0.6597,52,0,0,52,0,87,107,0.007431,0.012528,0.026166,1,1,1,2568.9
drl,2,91,1,15.375,24.802,0.6604,0.6604,52,0,0,52,0,88,107,0.007431,0.012528,0.026166,1,1,1,2568.9
drl,2,92,1,15.402,24.767,0.6611,0.6611,53,0,0,53,0,89,107,0.007446,0.012647,0.026114,1,1,1,2568.9
drl,2,93,1,15.444,24.821,0.6617,0.6617,54,0,0,54,0,90,107,0.007651,0.012491,0.026191,1,1,1,2568.9
drl,2,94,1,15.291,24.373,0.6623,0.6623,51,0,0,51,0,91,107,0.007389,0.012829,0.025656,1,1,1,2568.9
drl,2,95,1,15.72,25.703,0.6629,0.6629,52,0,0,52,0,92,107,0.007416,0.012582,0.027161,1,1,1,2568.9
drl,2,96,1,15.467,25.013,0.6634,0.6634,53,0,0,53,0,93,107,0.007394,0.012616,0.02639,1,1,1,2568.9
drl,2,97,1,15.474,25.013,0.6639,0.6639,53,0,0,53,0,94,107,0.007417,0.012616,0.02639,1,1,1,2568.9
drl,2,98,1,15.061,23.984,0.6643,0.6643,54,0,0,54,0,95,107,0.007417,0.012508,0.025259,1,1,1,2568.9
drl,2,99,1,15.384,24.768,0.6647,0.6647,52,0,0,52,0,96,107,0.007421,0.012613,0.026119,1,1,1,2568.9
drl,2,100,1,15.416,24.917,0.6651,0.6651,53,0,0,53,0,97,107,0.007411,0.012546,0.026292,1,1,1,2568.9
drl,2,101,1,15.536,24.833,0.6654,0.6654,54,0,0,54,0,98,107,0.007584,0.01286,0.026163,1,1,1,2568.9
drl,2,102,1,15.452,24.802,0.6657,0.6657,51,0,0,51,0,99,107,0.007564,0.012639,0.026153,1,1,1,2568.9
drl,2,103,1,15.398,24.802,0.6659,0.6659,51,0,0,51,0,100,107,0.007402,0.012639,0.026153,1,1,1,2568.9
drl,2,104,1,15.504,25.101,0.6661,0.6661,52,0,0,52,0,101,107,0.007402,0.012621,0.026488,1,1,1,2568.9
drl,2,105,1,15.539,25.024,0.6663,0.6663,53,0,0,53,0,102,107,0.007349,0.012898,0.026371,1,1,1,2568.9
drl,2,106,1,15.332,24.475,0.6664,0.6664,51,0,0,51,0,103,107,0.007437,0.012785,0.025774,1,1,1,2568.9
drl,2,107,1,15.38,24.55,0.6665,0.6665,52,0,0,52,0,104,107,0.007652,0.01261,0.025877,1,1,1,2568.9
drl,2,108,1,15.408,24.717,0.6666,0.6666,53,0,0,53,0,105,107,0.007586,0.012572,0.026066,1,1,1,2568.9
drl,2,109,0,15.342,24.717,0.6666,0.6666,53,0,0,53,0,105,107,0.007388,0.012572,0.026066,1,1,1,2568.9
drl,2,110,1,15.386,24.901,0.6667,0.6667,54,0,0,54,0,106,107,0.007388,0.012491,0.02628,1,1,1,2568.9
drl,2,111,1,15.472,25.114,0.6667,0.6667,51,0,0,51,0,107,107,0.007384,0.012518,0.026514,1,1,1,2568.9
drl,2,112,1,15.4,24.852,0.6667,0.6667,52,0,0,52,0,108,107,0.007419,0.012564,0.026217,1,1,1,2568.9
drl,2,113,1,15.371,24.785,0.6666,0.6666,53,0,0,53,0,109,107,0.00742,0.01255,0.026144,1,1,1,2568.9
drl,2,114,1,15.438,24.935,0.6665,0.6665,51,0,0,51,0,110,107,0.007455,0.012547,0.026311,1,1,1,2568.9
drl,2,115,1,15.458,24.936,0.6664,0.6664,51,0,0,51,0,111,107,0.0075,0.012562,0.026311,1,1,1,2568.9
drl,2,116,1,15.375,24.714,0.6663,0.6663,52,0,0,52,0,112,107,0.0075,0.012562,0.026064,1,1,1,2568.9
drl,2,117,1,15.591,24.984,0.6662,0.6662,53,0,0,53,0,113,107,0.007681,0.012748,0.026344,1,1,1,2568.9
drl,2,118,1,15.687,24.989,0.666,0.666,54,0,0,54,0,114,107,0.007406,0.013377,0.026279,1,1,1,2568.9
drl,2,119,1,15.424,24.738,0.6658,0.6658,52,0,0,52,0,115,107,0.007397,0.012811,0.026063,1,1,1,2568.9
drl,3,0,0,15.357,24.797,1.0,1.0,0,0,0,0,0,0,0,0.00736,0.012553,0.026158,1,1,1,1856.8
drl,3,1,108,15.02,24.124,0.3333,0.3333,151,0,0,151,0,0,108,0.007291,0.012336,0.025434,1,1,1,1856.8
drl,3,2,1,15.534,25.09,0.3395,0.3395,152,0,0,152,0,1,108,0.007408,0.012732,0.026463,1,1,1,1856.8
drl,3,3,1,15.601,24.81,0.3457,0.3457,153,0,0,153,0,2,108,0.008,0.01264,0.026162,1,1,1,1856.8
drl,3,4,1,15.395,24.81,0.3518,0.3518,153,0,0,153,0,3,108,0.007384,0.01264,0.026162,1,1,1,1856.8
drl,3,5,1,15.487,24.97,0.358,0.358,154,0,0,154,0,4,108,0.007384,0.01275,0.026328,1,1,1,1856.8
drl,3,6,1,15.475,24.818,0.3641,0.3641,151,0,0,151,0,5,108,0.007628,0.012625,0.026173,1,1,1,1856.8
drl,3,7,1,15.347,24.635,0.3703,0.3703,152,0,0,152,0,6,108,0.007453,0.012617,0.02597,1,1,1,1856.8
drl,3,8,1,15.75,25.366,0.3764,0.3764,153,0,0,153,0,7,108,0.00753,0.012977,0.026743,1,1,1,1856.8
drl,3,9,1,15.742,24.866,0.3824,0.3824,151,0,0,151,0,8,108,0.007588,0.01351,0.026128,1,1,1,1856.8
drl,3,10,1,15.742,24.866,0.3885,0.3885,151,0,0,151,0,9,108,0.007588,0.01351,0.026128,1,1,1,1856.8
drl,3,11,1,15.419,24.711,0.3945,0.3945,152,0,0,152,0,10,108,0.007563,0.012641,0.026052,1,1,1,1856.8
drl,3,12,1,15.511,25.144,0.4005,0.4005,153,0,0,153,0,11,108,0.007434,0.012555,0.026543,1,1,1,1856.8
drl,3,13,1,15.38,24.801,0.4065,0.4065,150,0,0,150,0,12,108,0.00739,0.012593,0.026157,1,1,1,1856.8
drl,3,14,1,15.392,24.922,0.4124,0.4124,151,0,0,151,0,13,108,0.007419,0.01245,0.026308,1,1,1,1856.8
drl,3,15,1,15.552,24.969,0.4183,0.4183,151,0,0,151,0,14,108,0.007436,0.012913,0.026308,1,1,1,1856.8
drl,3,16,1,15.548,24.957,0.4242,0.4242,152,0,0,152,0,15,108,0.007436,0.012913,0.026295,1,1,1,1856.8
drl,3,17,1,15.506,24.861,0.43,0.43,153,0,0,153,0,16,108,0.007449,0.012876,0.026193,1,1,1,1856.8
drl,3,18,1,15.583,25.25,0.4357,0.4357,151,0,0,151,0,17,108,0.00743,0.01267,0.026648,1,1,1,1856.8
drl,3,19,1,15.923,25.096,0.4414,0.4414,152,0,0,152,0,18,108,0.007731,0.013673,0.026365,1,1,1,1856.8
drl,3,20,1,15.565,25.252,0.4471,0.4471,153,0,0,153,0,19,108,0.007459,0.012574,0.026661,1,1,1,1856.8
drl,3,21,1,15.562,25.26,0.4527,0.4527,153,0,0,153,0,20,108,0.007373,0.012653,0.026661,1,1,1,1856.8
drl,3,22,1,15.445,24.943,0.4582,0.4582,151,0,0,151,0,21,108,0.007373,0.012653,0.026309,1,1,1,1856.8
drl,3,23,1,15.811,25.046,0.4637,0.4637,152,0,0,152,0,22,108,0.007559,0.013551,0.026323,1,1,1,1856.8
drl,3,24,1,15.455,24.849,0.4691,0.4691,153,0,0,153,0,23,108,0.007427,0.012744,0.026194,1,1,1,1856.8
drl,3,25,0,15.646,25.435,0.4691,0.4691,154,0,0,154,0,23,108,0.007401,0.012687,0.026851,1,1,1,1856.8
drl,3,26,1,15.369,24.751,0.4745,0.4745,151,0,0,151,0,24,108,0.00742,0.012584,0.026103,1,1,1,1856.8
drl,3,27,1,15.381,24.751,0.4798,0.4798,151,0,0,151,0,25,108,0.007455,0.012584,0.026103,1,1,1,1856.8
drl,3,28,1,15.393,24.792,0.485,0.485,152,0,0,152,0,26,108,0.007455,0.012573,0.02615,1,1,1,1856.8
drl,3,29,1,15.785,25.192,0.4902,0.4902,153,0,0,153,0,27,108,0.007406,0.013452,0.026496,1,1,1,1856.8
drl,3,30,1,15.503,25.099,0.4953,0.4953,151,0,0,151,0,28,108,0.007424,0.012598,0.026488,1,1,1,1856.8
drl,3,31,1,15.423,24.91,0.5003,0.5003,152,0,0,152,0,29,108,0.007395,0.012595,0.026278,1,1,1,1856.8
drl,3,32,1,15.353,24.642,0.5053,0.5053,153,0,0,153,0,30,108,0.007402,0.012688,0.02597,1,1,1,1856.8
drl,3,33,1,15.442,24.642,0.5101,0.5101,153,0,0,153,0,31,108,0.007669,0.012688,0.02597,1,1,1,1856.8
drl,3,34,1,15.426,24.692,0.5149,0.5149,150,0,0,150,0,32,108,0.007669,0.012571,0.026039,1,1,1,1856.8
drl,3,35,1,15.395,24.856,0.5196,0.5196,151,0,0,151,0,33,108,0.007389,0.012574,0.026221,1,1,1,1856.8
drl,3,36,1,15.677,25.09,0.5243,0.5243,152,0,0,152,0,34,108,0.007419,0.013201,0.026411,1,1,1,1856.8
drl,3,37,1,15.349,24.716,0.5288,0.5288,153,0,0,153,0,35,108,0.007417,0.012565,0.026066,1,1,1,1856.8
drl,3,38,1,15.577,25.017,0.5333,0.5333,151,0,0,151,0,36,108,0.007378,0.013002,0.026352,1,1,1,1856.8
drl,3,39,1,15.594,25.017,0.5377,0.5377,151,0,0,151,0,37,108,0.007428,0.013002,0.026352,1,1,1,1856.8
drl,3,40,1,15.479,25.043,0.5421,0.5421,152,0,0,152,0,38,108,0.007428,0.012583,0.026427,1,1,1,1856.8
drl,3,41,1,15.398,24.875,0.5463,0.5463,153,0,0,153,0,39,108,0.007407,0.012541,0.026246,1,1,1,1856.8
drl,3,42,1,15.3,24.597,0.5505,0.5505,150,0,0,150,0,40,108,0.007406,0.01256,0.025935,1,1,1,1856.8
drl,3,43,1,15.519,24.817,0.5545,0.5545,151,0,0,151,0,41,108,0.00767,0.012727,0.02616,1,1,1,1856.8
drl,3,44,1,15.567,25.311,0.5585,0.5585,152,0,0,152,0,42,108,0.00745,0.012518,0.026732,1,1,1,1856.8
drl,3,45,1,15.529,25.311,0.5624,0.5624,152,0,0,152,0,43,108,0.007337,0.012518,0.026732,1,1,1,1856.8
drl,3,46,1,15.319,24.737,0.5663,0.5663,153,0,0,153,0,44,108,0.007337,0.012526,0.026094,1,1,1,1856.8
drl,3,47,1,15.416,24.893,0.57,0.57,151,0,0,151,0,45,108,0.00742,0.012564,0.026263,1,1,1,1856.8
drl,3,48,1,15.673,25.128,0.5737,0.5737,152,0,0,152,0,46,108,0.007438,0.01312,0.026462,1,1,1,1856.8
drl,3,49,1,15.529,25.112,0.5773,0.5773,153,0,0,153,0,47,108,0.007319,0.012785,0.026482,1,1,1,1856.8
drl,3,50,1,15.37,24.818,0.5808,0.5808,151,0,0,151,0,48,108,0.007394,0.012533,0.026183,1,1,1,1856.8
drl,3,51,1,15.37,24.818,0.5842,0.5842,151,0,0,151,0,49,108,0.007394,0.012533,0.026183,1,1,1,1856.8
drl,3,52,1,15.508,24.719,0.5875,0.5875,152,0,0,152,0,50,108,0.007398,0.013118,0.026008,1,1,1,1856.8
drl,3,53,1,15.429,24.865,0.5907,0.5907,153,0,0,153,0,51,108,0.007438,0.012623,0.026225,1,1,1,1856.8
drl,3,54,1,15.557,25.056,0.5939,0.5939,150,0,0,150,0,52,108,0.007703,0.012518,0.026449,1,1,1,1856.8
drl,3,55,1,15.388,24.665,0.597,0.597,151,0,0,151,0,53,108,0.007412,0.012766,0.025987,1,1,1,1856.8
drl,3,56,1,15.465,25.073,0.6,0.6,152,0,0,152,0,54,108,0.007392,0.012538,0.026466,1,1,1,1856.8
drl,3,57,1,15.465,25.073,0.6029,0.6029,152,0,0,152,0,55,108,0.007392,0.012538,0.026466,1,1,1,1856.8
drl,3,58,1,15.547,25.313,0.6058,0.6058,153,0,0,153,0,56,108,0.007351,0.01256,0.02673,1,1,1,1856.8
drl,3,59,1,15.52,24.679,0.6085,0.6085,151,0,0,151,0,57,108,0.007459,0.013139,0.025961,1,1,1,1856.8
drl,3,60,1,15.55,25.128,0.6112,0.6112,152,0,0,152,0,58,108,0.007425,0.012717,0.026507,1,1,1,1856.8
drl,3,61,1,15.595,25.132,0.6138,0.6138,153,0,0,153,0,59,108,0.007405,0.012886,0.026493,1,1,1,1856.8
drl,3,62,1,15.567,25.343,0.6164,0.6164,51,0,0,51,0,60,108,0.007412,0.012521,0.026768,1,1,1,1856.8
drl,3,63,1,15.567,25.343,0.6188,0.6188,51,0,0,51,0,61,108,0.007412,0.012521,0.026768,1,1,1,1856.8
drl,3,64,1,15.299,24.604,0.6212,0.6212,52,0,0,52,0,62,108,0.00745,0.012499,0.025949,1,1,1,1856.8
drl,3,65,1,15.328,24.606,0.6235,0.6235,53,0,0,53,0,63,108,0.007432,0.012614,0.025938,1,1,1,1856.8
drl,3,66,0,15.597,25.399,0.6235,0.6235,54,0,0,54,0,63,108,0.007407,0.012558,0.026826,1,1,1,1856.8
drl,3,67,1,15.274,24.548,0.6257,0.6257,51,0,0,51,0,64,108,0.007406,0.012534,0.025883,1,1,1,1856.8
drl,3,68,1,15.608,25.451,0.6279,0.6279,52,0,0,52,0,65,108,0.007401,0.012537,0.026886,1,1,1,1856.8
drl,3,69,1,15.608,25.451,0.63,0.63,52,0,0,52,0,66,108,0.007401,0.012537,0.026886,1,1,1,1856.8
drl,3,70,1,15.531,24.763,0.632,0.632,53,0,0,53,0,67,108,0.007674,0.01283,0.026089,1,1,1,1856.8
drl,3,71,1,15.257,24.584,0.6339,0.6339,51,0,0,51,0,68,108,0.007343,0.012501,0.025927,1,1,1,1856.8
drl,3,72,1,15.47,25.015,0.6358,0.6358,52,0,0,52,0,69,108,0.00748,0.012528,0.026402,1,1,1,1856.8
drl,3,73,1,15.628,25.373,0.6376,0.6376,53,0,0,53,0,70,108,0.007477,0.012617,0.02679,1,1,1,1856.8
drl,3,74,1,15.585,25.366,0.6393,0.6393,53,0,0,53,0,71,108,0.007417,0.012548,0.02679,1,1,1,1856.8
drl,3,75,1,15.137,24.157,0.641,0.641,50,0,0,50,0,72,108,0.007417,0.012548,0.025447,1,1,1,1856.8
drl,3,76,1,15.45,25.005,0.6426,0.6426,51,0,0,51,0,73,108,0.007389,0.012574,0.026386,1,1,1,1856.8
drl,3,77,1,15.613,25.357,0.6442,0.6442,52,0,0,52,0,74,108,0.007402,0.012671,0.026767,1,1,1,1856.8
drl,3,78,1,15.458,25.083,0.6457,0.6457,53,0,0,53,0,75,108,0.007384,0.012509,0.02648,1,1,1,1856.8
drl,3,79,1,15.621,25.067,0.6471,0.6471,51,0,0,51,0,76,108,0.007475,0.012978,0.02641,1,1,1,1856.8
drl,3,80,1,15.537,25.049,0.6485,0.6485,51,0,0,51,0,77,108,0.007399,0.012801,0.02641,1,1,1,1856.8
drl,3,81,1,15.466,24.858,0.6498,0.6498,52,0,0,52,0,78,108,0.007399,0.012801,0.026198,1,1,1,1856.8
drl,3,82,1,15.476,24.789,0.651,0.651,53,0,0,53,0,79,108,0.007438,0.012876,0.026113,1,1,1,1856.8
drl,3,83,1,15.435,24.889,0.6522,0.6522,51,0,0,51,0,80,108,0.007442,0.01261,0.026253,1,1,1,1856.8
drl,3,84,1,15.443,24.755,0.6533,0.6533,52,0,0,52,0,81,108,0.00742,0.012829,0.02608,1,1,1,1856.8
drl,3,85,1,15.398,24.829,0.6544,0.6544,53,0,0,53,0,82,108,0.007426,0.012576,0.026191,1,1,1,1856.8
drl,3,86,1,15.417,24.828,0.6554,0.6554,53,0,0,53,0,83,108,0.007496,0.012563,0.026191,1,1,1,1856.8
drl,3,87,1,15.52,25.107,0.6564,0.6564,54,0,0,54,0,84,108,0.007496,0.012563,0.026501,1,1,1,1856.8
drl,3,88,1,15.303,24.588,0.6573,0.6573,51,0,0,51,0,85,108,0.007422,0.012563,0.025924,1,1,1,1856.8
drl,3,89,1,15.76,25.585,0.6582,0.6582,52,0,0,52,0,86,108,0.007657,0.012594,0.027028,1,1,1,1856.8
drl,3,90,1,15.425,24.991,0.659,0.659,53,0,0,53,0,87,108,0.007403,0.012491,0.02638,1,1,1,1856.8
drl,3,91,1,15.654,25.518,0.6598,0.6598,51,0,0,51,0,88,108,0.007412,0.012596,0.026954,1,1,1,1856.8
drl,3,92,1,15.735,25.534,0.6605,0.6605,51,0,0,51,0,89,108,0.007492,0.012758,0.026954,1,1,1,1856.8
drl,3,93,1,15.294,24.345,0.6612,0.6612,52,0,0,52,0,90,108,0.007492,0.012758,0.025633,1,1,1,1856.8
drl,3,94,1,15.486,24.825,0.6618,0.6618,53,0,0,53,0,91,108,0.007692,0.01258,0.026185,1,1,1,1856.8
drl,3,95,1,15.405,24.862,0.6624,0.6624,50,0,0,50,0,92,108,0.007421,0.012566,0.026228,1,1,1,1856.8
drl,3,96,1,15.447,25.041,0.663,0.663,51,0,0,51,0,93,108,0.007403,0.012503,0.026434,1,1,1,1856.8
drl,3,97,1,15.696,25.42,0.6635,0.6635,52,0,0,52,0,94,108,0.007402,0.012872,0.026814,1,1,1,1856.8
drl,3,98,1,15.946,25.491,0.6639,0.6639,52,0,0,52,0,95,108,0.007445,0.01358,0.026814,1,1,1,1856.8
drl,3,99,1,15.656,24.707,0.6644,0.6644,53,0,0,53,0,96,108,0.007445,0.01358,0.025943,1,1,1,1856.8
drl,3,100,1,15.258,24.551,0.6648,0.6648,51,0,0,51,0,97,108,0.007324,0.012566,0.025883,1,1,1,1856.8
drl,3,101,1,15.584,25.169,0.6651,0.6651,52,0,0,52,0,98,108,0.007369,0.012846,0.026538,1,1,1,1856.8
drl,3,102,1,15.463,25.008,0.6654,0.6654,53,0,0,53,0,99,108,0.007421,0.012579,0.026389,1,1,1,1856.8
drl,3,103,1,15.382,24.756,0.6657,0.6657,51,0,0,51,0,100,108,0.007437,0.012603,0.026106,1,1,1,1856.8
drl,3,104,1,15.354,24.756,0.6659,0.6659,51,0,0,51,0,101,108,0.007354,0.012603,0.026106,1,1,1,1856.8
drl,3,105,1,15.386,24.868,0.6661,0.6661,52,0,0,52,0,102,108,0.007354,0.01257,0.026234,1,1,1,1856.8
drl,3,106,1,15.618,25.015,0.6663,0.6663,53,0,0,53,0,103,108,0.007751,0.012722,0.026381,1,1,1,1856.8
drl,3,107,0,15.821,25.49,0.6663,0.6663,54,0,0,54,0,103,108,0.007677,0.012896,0.026889,1,1,1,1856.8
drl,3,108,1,15.411,24.882,0.6664,0.6664,51,0,0,51,0,104,108,0.007418,0.012564,0.026251,1,1,1,1856.8
drl,3,109,1,15.651,24.794,0.6665,0.6665,52,0,0,52,0,105,108,0.007453,0.013446,0.026055,1,1,1,1856.8
drl,3,110,1,15.632,24.794,0.6666,0.6666,52,0,0,52,0,106,108,0.007396,0.013446,0.026055,1,1,1,1856.8
drl,3,111,1,15.217,24.374,0.6667,0.6667,53,0,0,53,0,107,108,0.007396,0.012568,0.025686,1,1,1,1856.8
drl,3,112,1,15.484,25.067,0.6667,0.6667,51,0,0,51,0,108,108,0.007455,0.012539,0.026459,1,1,1,1856.8
drl,3,113,1,15.47,25.098,0.6667,0.6667,52,0,0,52,0,109,108,0.007395,0.012521,0.026495,1,1,1,1856.8
drl,3,114,1,15.396,24.88,0.6666,0.6666,53,0,0,53,0,110,108,0.00736,0.01258,0.026247,1,1,1,1856.8
drl,3,115,1,15.557,24.929,0.6665,0.6665,50,0,0,50,0,111,108,0.007438,0.012976,0.026257,1,1,1,1856.8
drl,3,116,1,15.532,24.929,0.6664,0.6664,50,0,0,50,0,112,108,0.007362,0.012976,0.026257,1,1,1,1856.8
drl,3,117,1,15.364,24.797,0.6663,0.6663,51,0,0,51,0,113,108,0.007362,0.012575,0.026155,1,1,1,1856.8
drl,3,118,1,15.637,25.485,0.6662,0.6662,52,0,0,52,0,114,108,0.007424,0.012568,0.02692,1,1,1,1856.8
drl,3,119,1,15.692,25.004,0.666,0.666,53,0,0,53,0,115,108,0.007407,0.013373,0.026296,1,1,1,1856.8
