algorithm,trial,second,throughput,avg_rtt,p95_rtt,fairness_index,max_imbalance,h1_conns,h2_conns,h3_conns,decision_latency_us
round_robin,1,0.0,0,23.348,26.146,1.0,0,0,0,0,2140.7
round_robin,1,1.0,92,23.697,26.913,0.9998,4,34,30,32,2140.7
round_robin,1,2.0,86,23.228,26.886,0.9999,6,54,58,60,2140.7
round_robin,1,3.0,84,23.096,26.133,1.0,19,70,77,89,2140.7
round_robin,1,4.0,7,23.097,26.133,1.0,12,89,77,89,2140.7
round_robin,1,5.0,79,23.038,25.834,1.0,19,89,96,108,2140.7
round_robin,1,6.0,84,23.453,26.299,1.0,28,116,115,143,2140.7
round_robin,1,7.0,85,23.147,26.056,1.0,17,148,157,165,2140.7
round_robin,1,8.0,0,23.147,26.056,1.0,17,148,157,165,2140.7
round_robin,1,9.0,84,23.456,27.031,1.0,13,172,175,185,2140.7
round_robin,1,10.0,84,23.115,25.731,1.0,4,199,199,203,2140.7
round_robin,1,11.0,82,23.581,26.587,1.0,1,226,227,227,2140.7
round_robin,1,12.0,4,23.699,26.476,1.0,2,253,255,255,2140.7
round_robin,1,13.0,85,23.699,26.476,1.0,2,253,255,255,2140.7
round_robin,1,14.0,88,23.681,26.204,1.0,2,281,283,282,2140.7
round_robin,1,15.0,21,23.624,26.833,1.0,4,308,312,309,2140.7
round_robin,1,16.0,63,23.417,26.423,1.0,3,336,339,337,2140.7
round_robin,1,17.0,87,24.378,27.658,1.0,2,364,366,365,2140.7
round_robin,1,18.0,82,24.213,27.658,1.0,27,392,366,365,2140.7
round_robin,1,19.0,11,23.557,26.391,1.0,1,392,393,393,2140.7
round_robin,1,20.0,75,23.58,26.962,1.0,1,421,420,421,2140.7
round_robin,1,21.0,86,23.704,26.896,1.0,2,448,447,449,2140.7
round_robin,1,22.0,84,23.319,26.205,1.0,8,469,476,477,2140.7
round_robin,1,23.0,22,23.319,26.205,1.0,8,469,476,477,2140.7
round_robin,1,24.0,65,22.711,25.737,1.0,20,486,496,506,2140.7
round_robin,1,25.0,82,22.914,25.835,1.0,22,507,518,529,2140.7
round_robin,1,26.0,86,23.218,25.992,1.0,22,530,539,552,2140.7
round_robin,1,27.0,28,23.245,26.022,1.0,8,558,560,552,2140.7
round_robin,1,28.0,58,23.208,26.011,1.0,13,558,560,571,2140.7
round_robin,1,29.0,86,23.285,25.984,1.0,7,585,587,592,2140.7
round_robin,1,30.0,68,23.322,26.152,1.0,3,613,615,616,2140.7
round_robin,1,31.0,14,23.392,26.154,1.0,3,641,642,644,2140.7
round_robin,1,32.0,85,23.347,26.143,1.0,25,669,669,644,2140.7
round_robin,1,33.0,84,23.485,26.516,1.0,2,669,669,671,2140.7
round_robin,1,34.0,31,23.542,26.565,1.0,3,696,697,699,2140.7
round_robin,1,35.0,55,23.596,26.956,1.0,4,723,725,727,2140.7
round_robin,1,36.0,15,23.494,26.352,1.0,6,725,726,731,2140.7
round_robin,1,37.0,87,23.695,26.489,1.0,23,753,754,731,2140.7
round_robin,1,38.0,81,23.943,27.047,1.0,5,753,754,758,2140.7
round_robin,1,39.0,20,23.913,26.975,1.0,4,781,782,785,2140.7
round_robin,1,40.0,66,23.576,26.424,1.0,3,809,810,812,2140.7
round_robin,1,41.0,80,23.139,26.086,1.0,3,837,837,840,2140.7
round_robin,1,42.0,82,23.185,26.109,1.0,25,861,865,840,2140.7
round_robin,1,43.0,21,23.177,26.107,1.0,7,861,865,868,2140.7
round_robin,1,44.0,60,23.029,25.76,1.0,15,881,891,896,2140.7
round_robin,1,45.0,81,22.798,25.362,1.0,22,902,912,924,2140.7
round_robin,1,46.0,83,22.575,25.319,1.0,23,924,933,947,2140.7
round_robin,1,47.0,21,22.965,25.319,1.0,15,948,933,947,2140.7
round_robin,1,48.0,62,23.2,25.858,1.0,32,948,954,980,2140.7
round_robin,1,49.0,81,22.805,26.085,1.0,19,982,992,1001,2140.7
round_robin,1,50.0,64,23.548,26.363,1.0,5,1003,1003,1008,2140.7
round_robin,1,51.1,23,23.534,26.34,1.0,23,1031,1031,1008,2140.7
round_robin,1,52.1,83,23.461,26.143,1.0,4,1031,1031,1035,2140.7
round_robin,1,53.1,84,23.727,26.682,1.0,3,1059,1059,1062,2140.7
round_robin,1,54.1,46,23.563,26.425,1.0,4,1087,1086,1090,2140.7
round_robin,1,55.1,40,23.308,26.126,1.0,5,1115,1113,1118,2140.7
round_robin,1,56.1,83,23.495,26.127,1.0,22,1140,1139,1118,2140.7
round_robin,1,57.1,87,23.552,26.28,1.0,5,1140,1139,1144,2140.7
round_robin,1,58.1,51,23.637,26.774,1.0,4,1168,1167,1171,2140.7
round_robin,1,59.1,33,23.481,26.36,1.0,3,1196,1195,1198,2140.7
round_robin,2,0.0,0,23.747,26.917,1.0,0,0,0,0,2360.6
round_robin,2,1.0,83,23.562,26.408,0.9997,1170,1169,1170,0,2360.6
round_robin,2,2.0,84,23.537,26.342,0.9999,3,1169,1170,1172,2360.6
round_robin,2,3.0,82,23.819,27.127,1.0,3,1197,1197,1200,2360.6
round_robin,2,4.0,1,23.371,26.126,1.0,7,1142,1139,1146,2360.6
round_robin,2,5.0,85,23.431,26.224,1.0,7,1170,1166,1173,2360.6
round_robin,2,6.0,86,23.73,26.92,1.0,25,1198,1193,1173,2360.6
round_robin,2,7.0,81,23.59,26.878,1.0,8,1198,1193,1201,2360.6
round_robin,2,8.0,1,23.954,26.935,1.0,6,1133,1128,1134,2360.6
round_robin,2,9.0,85,23.34,26.143,1.0,6,1160,1156,1162,2360.6
round_robin,2,10.0,86,23.427,26.393,1.0,7,1190,1183,1190,2360.6
round_robin,2,11.0,86,23.245,26.393,1.0,28,1211,1183,1190,2360.6
round_robin,2,12.0,0,23.293,26.666,1.0,7,1211,1212,1218,2360.6
round_robin,2,13.0,20,23.868,27.072,1.0,12,1147,1139,1151,2360.6
round_robin,2,14.0,81,23.466,26.162,1.0,12,1169,1160,1172,2360.6
round_robin,2,15.0,41,23.356,26.504,1.0,13,1176,1168,1181,2360.6
round_robin,2,16.0,43,23.432,26.504,1.0,72,1109,1168,1181,2360.6
round_robin,2,17.0,84,23.607,26.559,1.0,9,1109,1100,1106,2360.6
round_robin,2,18.0,42,23.695,26.647,1.0,9,1137,1128,1133,2360.6
round_robin,2,19.0,82,23.285,26.195,1.0,9,1148,1139,1147,2360.6
round_robin,2,20.0,11,23.541,26.265,1.0,11,1084,1073,1081,2360.6
round_robin,2,21.0,76,23.39,26.265,1.0,37,1110,1073,1081,2360.6
round_robin,2,22.0,86,23.788,27.162,1.0,9,1110,1101,1109,2360.6
round_robin,2,23.0,86,24.127,27.23,1.0,8,1137,1129,1137,2360.6
round_robin,2,24.0,7,23.553,26.577,1.0,8,1075,1067,1072,2360.6
round_robin,2,25.0,76,23.465,26.421,1.0,8,1103,1095,1099,2360.6
round_robin,2,26.0,81,23.465,26.421,1.0,8,1103,1095,1099,2360.6
round_robin,2,27.0,86,23.64,26.246,1.0,7,1127,1120,1127,2360.6
round_robin,2,28.0,1,23.358,26.419,1.0,7,1154,1148,1155,2360.6
round_robin,2,29.0,86,23.298,26.134,1.0,5,1103,1098,1103,2360.6
round_robin,2,30.0,84,23.404,26.491,1.0,28,1131,1126,1103,2360.6
round_robin,2,31.0,83,23.578,26.544,1.0,5,1131,1126,1130,2360.6
round_robin,2,32.0,11,23.785,27.326,1.0,5,1159,1154,1157,2360.6
round_robin,2,33.0,71,23.507,26.612,1.0,6,1124,1118,1121,2360.6
round_robin,2,34.0,85,22.986,25.798,1.0,7,1129,1123,1130,2360.6
round_robin,2,35.0,1,23.002,26.005,1.0,23,1153,1147,1130,2360.6
round_robin,2,36.0,83,23.274,26.086,1.0,6,1153,1147,1149,2360.6
round_robin,2,37.0,83,23.366,26.163,1.0,2,1096,1094,1096,2360.6
round_robin,2,38.0,82,23.433,26.389,1.0,2,1123,1122,1124,2360.6
round_robin,2,39.0,1,23.45,26.143,1.0,1,1151,1150,1151,2360.6
round_robin,2,40.0,82,23.252,25.963,1.0,53,1098,1101,1151,2360.6
round_robin,2,41.0,86,23.513,26.616,1.0,3,1098,1101,1098,2360.6
round_robin,2,42.0,86,23.669,26.456,1.0,2,1126,1127,1125,2360.6
round_robin,2,43.0,1,23.644,26.175,1.0,1,1154,1154,1153,2360.6
round_robin,2,44.0,84,23.331,26.248,1.0,1,1181,1182,1181,2360.6
round_robin,2,45.0,86,23.428,26.286,1.0,55,1126,1126,1181,2360.6
round_robin,2,46.0,81,23.305,26.249,1.0,1,1126,1126,1125,2360.6
round_robin,2,47.0,7,23.596,26.795,1.0,1,1153,1154,1153,2360.6
round_robin,2,48.0,79,23.989,27.561,1.0,1,1180,1181,1181,2360.6
round_robin,2,49.0,86,23.016,25.77,1.0,17,1098,1104,1115,2360.6
round_robin,2,50.1,0,22.946,25.77,1.0,21,1125,1104,1115,2360.6
round_robin,2,51.1,82,23.311,26.411,1.0,9,1125,1127,1134,2360.6
round_robin,2,52.1,82,23.809,27.341,1.0,2,1153,1154,1155,2360.6
round_robin,2,53.1,87,23.534,26.618,1.0,2,1097,1099,1099,2360.6
round_robin,2,54.1,0,23.725,26.813,1.0,3,1124,1127,1127,2360.6
round_robin,2,55.1,87,23.767,26.813,1.0,24,1151,1127,1127,2360.6
round_robin,2,56.1,82,23.666,26.442,1.0,4,1151,1155,1155,2360.6
round_robin,2,57.1,81,23.389,26.174,1.0,6,1121,1125,1127,2360.6
round_robin,2,58.1,0,23.294,26.12,1.0,6,1149,1152,1155,2360.6
round_robin,2,59.1,87,23.453,26.431,1.0,6,1177,1179,1183,2360.6
round_robin,3,0.0,0,23.46,26.412,1.0,0,0,0,0,2054.8
round_robin,3,1.0,82,23.854,26.714,0.9997,1126,1123,1126,0,2054.8
round_robin,3,2.0,86,23.765,26.687,1.0,7,1123,1126,1130,2054.8
round_robin,3,3.0,31,23.384,26.211,0.9999,8,1150,1154,1158,2054.8
round_robin,3,4.0,53,23.292,26.077,1.0,5,1096,1099,1101,2054.8
round_robin,3,5.0,82,23.714,26.841,1.0,4,1123,1127,1126,2054.8
round_robin,3,6.0,85,23.519,26.841,1.0,26,1152,1127,1126,2054.8
round_robin,3,7.0,7,23.43,26.647,1.0,3,1152,1155,1154,2054.8
round_robin,3,8.0,75,23.666,26.231,1.0,7,1119,1126,1122,2054.8
round_robin,3,9.0,86,23.266,26.183,1.0,14,1142,1156,1149,2054.8
round_robin,3,10.0,3,24.072,26.715,1.0,5,1151,1155,1150,2054.8
round_robin,3,11.0,82,24.072,26.715,1.0,5,1151,1155,1150,2054.8
round_robin,3,12.0,1,23.753,26.802,1.0,4,1095,1099,1097,2054.8
round_robin,3,13.0,83,23.329,26.171,1.0,2,1124,1126,1124,2054.8
round_robin,3,14.0,77,23.451,26.406,1.0,2,1146,1148,1146,2054.8
round_robin,3,15.0,86,23.5,26.386,1.0,29,1174,1175,1146,2054.8
round_robin,3,16.0,36,23.52,26.441,1.0,1,1174,1175,1174,2054.8
round_robin,3,17.0,50,23.648,27.089,1.0,3,1135,1138,1137,2054.8
round_robin,3,18.0,88,23.071,26.278,1.0,11,1157,1168,1164,2054.8
round_robin,3,19.0,86,23.7,26.604,1.0,18,1176,1194,1190,2054.8
round_robin,3,20.0,37,23.7,26.604,1.0,18,1176,1194,1190,2054.8
round_robin,3,21.0,45,23.634,27.22,1.0,15,1120,1134,1135,2054.8
round_robin,3,22.0,84,22.608,25.218,1.0,22,1142,1157,1164,2054.8
round_robin,3,23.0,71,23.043,26.273,1.0,23,1162,1179,1185,2054.8
round_robin,3,24.0,9,23.342,26.35,1.0,81,1104,1108,1185,2054.8
round_robin,3,25.0,89,23.481,26.392,1.0,4,1104,1108,1108,2054.8
round_robin,3,26.0,83,23.691,26.915,1.0,2,1133,1135,1135,2054.8
round_robin,3,27.0,48,23.806,26.188,1.0,2,1161,1162,1163,2054.8
round_robin,3,28.0,39,23.683,26.767,1.0,5,1104,1107,1109,2054.8
round_robin,3,29.0,83,24.017,26.767,1.0,25,1132,1107,1109,2054.8
round_robin,3,30.0,87,23.886,26.766,1.0,4,1132,1135,1136,2054.8
round_robin,3,31.0,36,23.511,26.504,1.0,3,1160,1163,1163,2054.8
round_robin,3,32.0,48,23.583,26.467,1.0,81,1188,1108,1107,2054.8
round_robin,3,33.0,81,23.509,26.06,1.0,2,1134,1136,1134,2054.8
round_robin,3,34.0,85,23.509,26.06,1.0,2,1134,1136,1134,2054.8
round_robin,3,35.0,31,23.808,27.313,1.0,5,1162,1164,1159,2054.8
round_robin,3,36.0,53,23.869,26.286,1.0,5,1189,1192,1187,2054.8
round_robin,3,37.0,82,23.422,27.103,1.0,5,1133,1137,1132,2054.8
round_robin,3,38.0,59,23.49,26.348,1.0,5,1151,1155,1150,2054.8
round_robin,3,39.0,24,23.49,26.348,1.0,5,1151,1155,1150,2054.8
round_robin,3,40.0,84,23.433,26.265,1.0,4,1162,1165,1161,2054.8
round_robin,3,41.0,85,23.067,25.968,1.0,4,1107,1110,1106,2054.8
round_robin,3,42.0,1,23.665,26.797,1.0,5,1134,1138,1133,2054.8
round_robin,3,43.0,83,23.867,26.388,1.0,32,1162,1165,1133,2054.8
round_robin,3,44.0,82,23.807,26.226,1.0,4,1162,1165,1161,2054.8
round_robin,3,45.0,81,23.597,26.572,1.0,3,1111,1109,1108,2054.8
round_robin,3,46.0,1,23.823,27.115,1.0,4,1139,1137,1135,2054.8
round_robin,3,47.0,86,23.882,26.9,1.0,5,1167,1165,1162,2054.8
round_robin,3,48.0,44,23.68,26.167,1.0,5,1096,1094,1091,2054.8
round_robin,3,49.0,3,23.68,26.167,1.0,5,1096,1094,1091,2054.8
round_robin,3,50.0,82,24.408,28.358,1.0,4,1097,1095,1093,2054.8
round_robin,3,51.1,41,23.702,26.862,1.0,4,1125,1122,1121,2054.8
round_robin,3,52.1,45,23.946,27.38,1.0,5,1153,1150,1148,2054.8
round_robin,3,53.1,85,23.946,27.38,1.0,5,1153,1150,1148,2054.8
round_robin,3,54.1,82,23.628,26.48,1.0,6,1098,1094,1092,2054.8
round_robin,3,55.1,44,23.688,26.478,1.0,7,1126,1122,1119,2054.8
round_robin,3,56.1,42,23.593,26.46,1.0,8,1154,1150,1146,2054.8
round_robin,3,57.1,84,24.291,26.397,1.0,24,1125,1122,1146,2054.8
round_robin,3,58.1,82,23.265,26.279,1.0,37,1152,1122,1115,2054.8
round_robin,3,59.1,4,23.054,25.849,1.0,10,1152,1150,1142,2054.8
round_robin,4,0.0,0,23.523,26.428,1.0,0,0,0,0,2011.6
round_robin,4,1.0,81,23.84,26.999,1.0,9,1127,1120,1118,2011.6
round_robin,4,2.0,86,23.84,26.999,0.9999,9,1127,1120,1118,2011.6
round_robin,4,3.0,12,23.636,26.62,0.9999,10,1155,1148,1145,2011.6
round_robin,4,4.0,37,23.772,26.542,1.0,9,1080,1073,1071,2011.6
round_robin,4,5.0,83,23.516,26.385,1.0,10,1108,1101,1098,2011.6
round_robin,4,6.0,82,23.565,26.647,1.0,10,1136,1128,1126,2011.6
round_robin,4,7.0,64,23.565,26.647,1.0,10,1136,1128,1126,2011.6
round_robin,4,8.0,20,23.519,26.672,1.0,11,1164,1156,1153,2011.6
round_robin,4,9.0,81,22.982,26.181,1.0,5,1105,1106,1101,2011.6
round_robin,4,10.0,82,23.213,26.974,1.0,5,1126,1131,1128,2011.6
round_robin,4,11.0,57,23.687,27.052,1.0,24,1148,1152,1128,2011.6
round_robin,4,12.0,28,23.516,26.593,1.0,7,1148,1152,1155,2011.6
round_robin,4,13.0,83,23.238,25.548,1.0,10,1096,1103,1106,2011.6
round_robin,4,14.0,84,22.674,25.406,1.0,9,1120,1125,1129,2011.6
round_robin,4,15.0,63,23.16,26.819,1.0,9,1144,1150,1153,2011.6
round_robin,4,16.0,23,23.16,26.819,1.0,9,1144,1150,1153,2011.6
round_robin,4,17.0,37,23.215,26.229,1.0,3,1088,1090,1087,2011.6
round_robin,4,18.0,64,23.86,27.225,1.0,10,1115,1111,1105,2011.6
round_robin,4,19.0,85,23.563,27.13,1.0,8,1141,1138,1133,2011.6
round_robin,4,20.0,79,23.309,27.075,1.0,56,1077,1080,1133,2011.6
round_robin,4,21.0,4,22.841,25.811,1.0,3,1077,1080,1077,2011.6
round_robin,4,22.0,82,22.838,25.623,1.0,10,1096,1101,1106,2011.6
round_robin,4,23.0,82,22.457,24.995,1.0,5,1121,1124,1126,2011.6
round_robin,4,24.0,59,22.709,25.414,1.0,79,1145,1066,1067,2011.6
round_robin,4,25.0,19,22.942,25.414,1.0,16,1082,1066,1067,2011.6
round_robin,4,26.0,21,23.689,26.568,1.0,10,1082,1074,1072,2011.6
round_robin,4,27.0,60,23.371,26.774,1.0,6,1106,1102,1100,2011.6
round_robin,4,28.0,86,22.833,26.553,1.0,3,1128,1131,1128,2011.6
round_robin,4,29.0,81,22.726,25.76,1.0,9,1064,1066,1073,2011.6
round_robin,4,30.0,41,22.713,25.76,1.0,21,1087,1066,1073,2011.6
round_robin,4,31.0,40,22.867,25.861,1.0,10,1087,1089,1097,2011.6
round_robin,4,32.0,86,22.988,25.607,1.0,9,1109,1111,1118,2011.6
round_robin,4,33.0,88,23.017,25.652,1.0,11,1053,1046,1057,2011.6
round_robin,4,34.0,1,23.651,26.409,1.0,8,1081,1073,1074,2011.6
round_robin,4,35.0,83,23.606,26.409,1.0,33,1106,1073,1074,2011.6
round_robin,4,36.0,84,23.384,26.106,1.0,9,1106,1100,1097,2011.6
round_robin,4,37.0,84,23.819,27.076,1.0,12,1052,1045,1040,2011.6
round_robin,4,38.0,1,23.67,26.967,1.0,13,1080,1073,1067,2011.6
round_robin,4,39.0,82,23.639,26.564,1.0,14,1108,1101,1094,2011.6
round_robin,4,40.0,86,23.503,26.564,1.0,42,1136,1101,1094,2011.6
round_robin,4,41.0,87,23.439,26.253,1.0,96,1136,1128,1040,2011.6
round_robin,4,42.0,11,23.896,26.89,1.0,11,1079,1072,1068,2011.6
round_robin,4,43.0,70,23.552,26.312,1.0,10,1106,1099,1096,2011.6
round_robin,4,44.0,82,23.617,26.773,1.0,9,1133,1127,1124,2011.6
round_robin,4,45.0,84,23.545,26.791,1.0,9,1119,1115,1124,2011.6
round_robin,4,46.0,11,23.398,26.409,1.0,8,1119,1115,1111,2011.6
round_robin,4,47.0,70,23.409,26.998,1.0,5,1137,1142,1139,2011.6
round_robin,4,48.0,87,22.866,25.992,1.0,4,1165,1169,1167,2011.6
round_robin,4,49.0,84,23.362,26.225,1.0,9,1103,1106,1112,2011.6
round_robin,4,50.0,25,23.333,26.225,1.0,18,1124,1106,1112,2011.6
round_robin,4,51.1,58,22.81,25.44,1.0,9,1124,1126,1133,2011.6
round_robin,4,52.1,86,22.888,25.479,1.0,6,1148,1148,1154,2011.6
round_robin,4,53.1,32,22.986,25.75,1.0,8,1091,1085,1093,2011.6
round_robin,4,54.1,54,23.498,26.466,1.0,6,1119,1113,1115,2011.6
round_robin,4,55.1,85,23.474,26.466,1.0,34,1147,1113,1115,2011.6
round_robin,4,56.1,86,23.255,26.046,1.0,7,1147,1140,1143,2011.6
round_robin,4,57.1,32,23.395,26.219,1.0,7,1175,1168,1170,2011.6
round_robin,4,58.1,50,23.556,26.486,1.0,7,1146,1139,1141,2011.6
round_robin,4,59.1,87,23.581,26.457,1.0,7,1174,1167,1168,2011.6
round_robin,5,0.0,0,23.572,26.348,1.0,0,0,0,0,2615.4
round_robin,5,1.0,83,23.366,26.198,0.9997,5,1131,1126,1130,2615.4
round_robin,5,2.0,86,23.391,26.198,0.9999,33,1159,1126,1130,2615.4
round_robin,5,3.0,84,23.6,26.717,1.0,6,1159,1153,1158,2615.4
round_robin,5,4.0,11,23.687,27.142,1.0,83,1186,1181,1103,2615.4
round_robin,5,5.0,75,23.722,26.914,1.0,5,1129,1126,1131,2615.4
round_robin,5,6.0,82,23.666,26.837,1.0,4,1157,1154,1158,2615.4
round_robin,5,7.0,86,23.65,26.837,1.0,30,1184,1154,1158,2615.4
round_robin,5,8.0,26,23.486,26.362,1.0,4,1184,1182,1186,2615.4
round_robin,5,9.0,58,23.08,26.435,1.0,3,1128,1127,1130,2615.4
round_robin,5,10.0,85,22.601,25.448,1.0,9,1148,1154,1157,2615.4
round_robin,5,11.0,83,22.539,25.161,1.0,18,1165,1173,1183,2615.4
round_robin,5,12.0,36,22.631,25.664,1.0,61,1122,1126,1183,2615.4
round_robin,5,13.0,47,22.55,25.639,1.0,17,1122,1126,1139,2615.4
round_robin,5,14.0,87,22.782,25.482,1.0,10,1149,1146,1156,2615.4
round_robin,5,15.0,86,23.3,26.162,1.0,5,1177,1173,1178,2615.4
round_robin,5,16.0,41,23.827,26.886,1.0,74,1205,1131,1137,2615.4
round_robin,5,17.0,11,24.088,26.787,1.0,7,1144,1142,1137,2615.4
round_robin,5,18.0,70,23.787,26.697,1.0,9,1144,1142,1151,2615.4
round_robin,5,19.0,87,23.468,26.668,1.0,5,1172,1170,1175,2615.4
round_robin,5,20.0,84,23.252,26.407,1.0,4,1200,1198,1202,2615.4
round_robin,5,21.0,33,23.507,26.419,1.0,3,1152,1152,1155,2615.4
round_robin,5,22.0,1,23.62,26.34,1.0,3,1161,1160,1163,2615.4
round_robin,5,23.0,81,23.62,26.34,1.0,3,1161,1160,1163,2615.4
round_robin,5,24.0,19,24.039,27.219,1.0,4,1189,1187,1191,2615.4
round_robin,5,25.0,72,23.633,26.137,1.0,6,1113,1108,1114,2615.4
round_robin,5,26.0,10,23.536,26.34,1.0,7,1141,1135,1142,2615.4
round_robin,5,27.0,82,23.307,26.094,1.0,6,1169,1163,1169,2615.4
round_robin,5,28.0,86,23.381,26.094,1.0,59,1110,1163,1169,2615.4
round_robin,5,29.0,61,23.382,26.099,1.0,8,1110,1106,1114,2615.4
round_robin,5,30.0,22,23.626,26.46,1.0,7,1138,1134,1141,2615.4
round_robin,5,31.0,84,23.408,26.394,1.0,7,1164,1160,1167,2615.4
round_robin,5,32.0,3,23.622,26.425,1.0,8,1165,1161,1169,2615.4
round_robin,5,33.0,82,23.345,26.425,1.0,60,1109,1161,1169,2615.4
round_robin,5,34.0,7,23.104,26.084,1.0,12,1109,1104,1116,2615.4
round_robin,5,35.0,78,22.966,26.024,1.0,12,1131,1132,1143,2615.4
round_robin,5,36.0,81,23.064,26.091,1.0,20,1151,1157,1171,2615.4
round_robin,5,37.0,86,22.911,25.116,1.0,24,1088,1094,1112,2615.4
round_robin,5,38.0,7,22.524,25.116,1.0,18,1109,1094,1112,2615.4
round_robin,5,39.0,79,23.148,26.104,1.0,22,1109,1112,1131,2615.4
round_robin,5,40.0,87,23.731,27.053,1.0,20,1134,1131,1151,2615.4
round_robin,5,41.0,81,23.793,26.428,1.0,12,1081,1078,1090,2615.4
round_robin,5,42.0,11,23.52,26.321,1.0,9,1108,1105,1114,2615.4
round_robin,5,43.0,71,23.52,26.321,1.0,9,1108,1105,1114,2615.4
round_robin,5,44.0,83,23.613,26.463,1.0,10,1135,1132,1142,2615.4
round_robin,5,45.0,83,23.451,26.39,1.0,84,1163,1079,1085,2615.4
round_robin,5,46.0,22,23.594,26.422,1.0,7,1107,1106,1113,2615.4
round_robin,5,47.0,0,23.736,26.456,1.0,7,1111,1111,1118,2615.4
round_robin,5,48.0,82,23.736,26.456,1.0,7,1111,1111,1118,2615.4
round_robin,5,49.0,86,23.413,26.341,1.0,8,1139,1138,1146,2615.4
round_robin,5,50.1,31,23.919,27.04,1.0,8,1083,1083,1091,2615.4
round_robin,5,51.1,53,23.449,26.079,1.0,9,1111,1110,1119,2615.4
round_robin,5,52.1,86,23.551,26.533,1.0,10,1139,1137,1147,2615.4
round_robin,5,53.1,84,23.551,26.533,1.0,10,1139,1137,1147,2615.4
round_robin,5,54.1,1,23.918,26.78,1.0,9,1083,1085,1092,2615.4
round_robin,5,55.1,84,22.947,26.02,1.0,13,1107,1113,1120,2615.4
round_robin,5,56.1,85,23.312,26.729,1.0,22,1125,1138,1147,2615.4
round_robin,5,57.1,87,23.003,25.393,1.0,27,1093,1103,1120,2615.4
round_robin,5,58.1,0,23.003,25.393,1.0,27,1093,1103,1120,2615.4
round_robin,5,59.1,82,22.654,25.364,1.0,26,1113,1122,1139,2615.4
round_robin,6,0.0,0,23.88,26.369,1.0,0,0,0,0,2647.2
round_robin,6,1.0,82,23.88,26.369,0.9997,0,0,0,0,2647.2
round_robin,6,2.0,86,23.729,26.382,1.0,4,1089,1086,1090,2647.2
round_robin,6,3.0,66,24.11,27.084,1.0,4,1116,1114,1118,2647.2
round_robin,6,4.0,20,24.281,27.429,1.0,5,1061,1058,1063,2647.2
round_robin,6,5.0,87,23.747,26.478,1.0,6,1089,1085,1091,2647.2
round_robin,6,6.0,83,23.747,26.478,1.0,6,1089,1085,1091,2647.2
round_robin,6,7.0,55,23.949,26.32,1.0,7,1117,1112,1119,2647.2
round_robin,6,8.0,27,23.949,27.396,1.0,9,1061,1056,1065,2647.2
round_robin,6,9.0,85,23.461,26.205,1.0,10,1089,1083,1093,2647.2
round_robin,6,10.0,84,23.322,26.237,1.0,9,1117,1111,1120,2647.2
round_robin,6,11.0,54,23.322,26.237,1.0,9,1117,1111,1120,2647.2
round_robin,6,12.0,33,23.027,26.354,1.0,69,1140,1141,1072,2647.2
round_robin,6,13.0,81,22.849,25.648,1.0,16,1081,1084,1097,2647.2
round_robin,6,14.0,87,23.024,25.977,1.0,22,1097,1106,1119,2647.2
round_robin,6,15.0,51,22.938,25.861,1.0,17,1122,1127,1139,2647.2
round_robin,6,16.0,34,22.938,25.861,1.0,17,1122,1127,1139,2647.2
round_robin,6,17.0,87,23.406,26.591,1.0,14,1064,1065,1078,2647.2
round_robin,6,18.0,83,24.148,27.114,1.0,8,1091,1092,1099,2647.2
round_robin,6,19.0,1,23.698,26.627,1.0,7,1119,1120,1126,2647.2
round_robin,6,20.0,82,23.728,26.725,1.0,5,1088,1091,1093,2647.2
round_robin,6,21.0,86,23.728,26.725,1.0,5,1088,1091,1093,2647.2
round_robin,6,22.0,46,23.664,26.613,1.0,5,1116,1118,1121,2647.2
round_robin,6,23.0,37,23.508,26.252,1.0,6,1143,1146,1149,2647.2
round_robin,6,24.0,86,23.833,26.913,1.0,6,1089,1090,1095,2647.2
round_robin,6,25.0,82,23.184,26.332,1.0,6,1117,1117,1123,2647.2
round_robin,6,26.0,48,23.184,26.332,1.0,6,1117,1117,1123,2647.2
round_robin,6,27.0,36,23.169,26.426,1.0,10,1140,1144,1150,2647.2
round_robin,6,28.0,81,22.933,26.005,1.0,16,1161,1167,1177,2647.2
round_robin,6,29.0,82,22.535,25.217,1.0,18,1124,1132,1142,2647.2
round_robin,6,30.0,49,22.979,25.654,1.0,15,1146,1152,1161,2647.2
round_robin,6,31.0,34,22.979,25.654,1.0,15,1146,1152,1161,2647.2
round_robin,6,32.0,88,22.946,26.044,1.0,5,1173,1174,1178,2647.2
round_robin,6,33.0,43,23.094,25.88,1.0,1,1119,1118,1119,2647.2
round_robin,6,34.0,41,23.419,26.291,1.0,1,1146,1146,1147,2647.2
round_robin,6,35.0,82,23.602,26.487,1.0,2,1173,1174,1175,2647.2
round_robin,6,36.0,81,23.602,26.487,1.0,2,1173,1174,1175,2647.2
round_robin,6,37.0,56,23.74,27.093,1.0,1,1120,1119,1120,2647.2
round_robin,6,38.0,30,23.398,26.351,1.0,2,1148,1146,1148,2647.2
round_robin,6,39.0,84,23.61,26.573,1.0,2,1175,1174,1176,2647.2
round_robin,6,40.0,40,23.95,26.919,1.0,81,1185,1185,1104,2647.2
round_robin,6,41.0,83,23.628,26.919,1.0,81,1129,1185,1104,2647.2
round_robin,6,42.0,41,23.605,26.695,1.0,3,1129,1129,1132,2647.2
round_robin,6,43.0,43,23.268,26.323,1.0,4,1156,1157,1160,2647.2
round_robin,6,44.0,86,23.126,26.188,1.0,9,1179,1184,1188,2647.2
round_robin,6,45.0,82,23.101,25.628,1.0,14,1140,1149,1154,2647.2
round_robin,6,46.0,45,23.202,25.628,1.0,10,1159,1149,1154,2647.2
round_robin,6,47.0,40,23.042,25.401,1.0,24,1159,1171,1183,2647.2
round_robin,6,48.0,84,23.042,26.048,1.0,22,1182,1192,1204,2647.2
round_robin,6,49.0,86,23.527,26.444,1.0,31,1123,1131,1154,2647.2
round_robin,6,50.1,51,23.292,26.444,1.0,26,1157,1131,1154,2647.2
round_robin,6,51.1,30,22.912,26.199,1.0,24,1157,1168,1181,2647.2
round_robin,6,52.1,33,23.32,26.238,1.0,6,1184,1186,1190,2647.2
round_robin,6,53.1,87,23.305,26.566,1.0,9,1125,1132,1134,2647.2
round_robin,6,54.1,86,23.44,26.054,1.0,18,1144,1159,1162,2647.2
round_robin,6,55.1,11,23.44,26.054,1.0,18,1144,1159,1162,2647.2
round_robin,6,56.1,71,23.752,26.465,1.0,23,1163,1176,1186,2647.2
round_robin,6,57.1,84,23.067,26.199,1.0,20,1126,1140,1146,2647.2
round_robin,6,58.1,11,23.492,26.489,1.0,9,1153,1157,1162,2647.2
round_robin,6,59.1,73,23.548,26.353,1.0,10,1180,1185,1190,2647.2
round_robin,7,0.0,0,23.381,26.157,1.0,0,0,0,0,2188.3
round_robin,7,1.0,83,23.647,26.825,0.9997,11,1128,1135,1139,2188.3
round_robin,7,2.0,87,23.686,26.716,0.9999,24,1156,1163,1139,2188.3
round_robin,7,3.0,84,23.823,26.757,1.0,10,1156,1163,1166,2188.3
round_robin,7,4.0,0,24.038,27.086,1.0,11,1100,1111,1109,2188.3
round_robin,7,5.0,81,24.091,27.348,1.0,10,1128,1138,1137,2188.3
round_robin,7,6.0,86,23.02,25.939,1.0,15,1151,1166,1165,2188.3
round_robin,7,7.0,83,22.855,25.903,1.0,79,1086,1106,1165,2188.3
round_robin,7,8.0,0,23.042,26.406,1.0,23,1086,1106,1109,2188.3
round_robin,7,9.0,84,22.648,25.284,1.0,28,1106,1125,1134,2188.3
round_robin,7,10.0,86,22.761,25.324,1.0,27,1128,1146,1155,2188.3
round_robin,7,11.0,1,23.54,26.268,1.0,10,1155,1165,1164,2188.3
round_robin,7,12.0,82,23.4,26.201,1.0,65,1099,1106,1164,2188.3
round_robin,7,13.0,30,23.502,26.478,1.0,10,1099,1106,1109,2188.3
round_robin,7,14.0,85,23.795,26.756,1.0,12,1105,1113,1117,2188.3
round_robin,7,15.0,88,23.631,26.667,1.0,13,1131,1141,1144,2188.3
round_robin,7,16.0,0,23.248,26.005,1.0,15,1077,1085,1092,2188.3
round_robin,7,17.0,85,23.249,26.235,1.0,21,1105,1113,1092,2188.3
round_robin,7,18.0,83,23.23,26.23,1.0,14,1105,1113,1119,2188.3
round_robin,7,19.0,82,23.638,26.582,1.0,15,1132,1141,1147,2188.3
round_robin,7,20.0,7,23.389,26.609,1.0,14,1077,1084,1091,2188.3
round_robin,7,21.0,74,23.303,26.134,1.0,15,1104,1112,1119,2188.3
round_robin,7,22.0,82,23.553,26.56,1.0,16,1130,1140,1146,2188.3
round_robin,7,23.0,84,23.553,26.56,1.0,16,1130,1140,1146,2188.3
round_robin,7,24.0,25,23.304,26.382,1.0,75,1158,1167,1092,2188.3
round_robin,7,25.0,5,23.994,26.825,1.0,20,1080,1091,1100,2188.3
round_robin,7,26.0,82,23.476,26.408,1.0,20,1108,1118,1128,2188.3
round_robin,7,27.0,83,23.299,26.113,1.0,19,1136,1146,1155,2188.3
round_robin,7,28.0,83,23.222,26.113,1.0,67,1088,1146,1155,2188.3
round_robin,7,29.0,1,23.211,26.198,1.0,20,1088,1097,1108,2188.3
round_robin,7,30.0,80,23.23,26.215,1.0,28,1108,1125,1136,2188.3
round_robin,7,31.0,81,22.78,25.882,1.0,39,1125,1147,1164,2188.3
round_robin,7,32.0,83,22.666,25.283,1.0,38,1059,1079,1097,2188.3
round_robin,7,33.0,11,22.776,25.283,1.0,18,1083,1079,1097,2188.3
round_robin,7,34.0,76,22.799,25.269,1.0,35,1083,1100,1118,2188.3
round_robin,7,35.0,82,23.36,26.047,1.0,25,1111,1123,1136,2188.3
round_robin,7,36.0,21,23.23,26.054,1.0,57,1139,1082,1091,2188.3
round_robin,7,37.0,63,23.416,26.171,1.0,20,1099,1109,1119,2188.3
round_robin,7,38.0,48,23.347,26.319,1.0,9,1112,1121,1119,2188.3
round_robin,7,39.0,75,23.284,26.3,1.0,20,1112,1121,1132,2188.3
round_robin,7,40.0,86,23.393,26.085,1.0,20,1136,1145,1156,2188.3
round_robin,7,41.0,1,23.298,26.226,1.0,20,1081,1089,1101,2188.3
round_robin,7,42.0,85,23.777,26.929,1.0,19,1109,1117,1128,2188.3
round_robin,7,43.0,83,23.644,26.673,1.0,19,1137,1144,1156,2188.3
round_robin,7,44.0,84,23.644,26.673,1.0,19,1137,1144,1156,2188.3
round_robin,7,45.0,1,23.681,26.902,1.0,18,1082,1090,1100,2188.3
round_robin,7,46.0,80,23.082,26.119,1.0,18,1110,1118,1128,2188.3
round_robin,7,47.0,86,23.234,26.337,1.0,24,1132,1146,1156,2188.3
round_robin,7,48.0,83,22.639,25.765,1.0,31,1089,1103,1120,2188.3
round_robin,7,49.0,11,22.639,25.765,1.0,31,1089,1103,1120,2188.3
round_robin,7,50.1,72,22.388,24.959,1.0,36,1110,1124,1146,2188.3
round_robin,7,51.1,81,22.501,25.33,1.0,33,1131,1144,1164,2188.3
round_robin,7,52.1,83,22.995,25.82,1.0,26,1158,1166,1184,2188.3
round_robin,7,53.1,21,23.468,26.417,1.0,20,1102,1108,1122,2188.3
round_robin,7,54.1,62,23.468,26.417,1.0,20,1102,1108,1122,2188.3
round_robin,7,55.1,87,24.106,27.089,1.0,19,1130,1136,1149,2188.3
round_robin,7,56.1,76,23.584,26.343,1.0,20,1157,1163,1177,2188.3
round_robin,7,57.1,6,23.222,26.167,1.0,16,1130,1133,1146,2188.3
round_robin,7,58.1,82,23.446,26.447,1.0,15,1158,1161,1173,2188.3
round_robin,7,59.1,31,23.824,26.447,1.0,12,1165,1161,1173,2188.3
round_robin,8,0.0,0,23.292,26.037,1.0,0,0,0,0,1972.2
round_robin,8,1.0,86,23.298,26.037,0.9997,1131,1131,0,0,1972.2
round_robin,8,2.0,82,23.334,26.088,1.0,17,1131,1136,1148,1972.2
round_robin,8,3.0,21,23.352,26.054,1.0,17,1159,1163,1176,1972.2
round_robin,8,4.0,64,23.508,26.234,1.0,16,1095,1097,1111,1972.2
round_robin,8,5.0,81,23.72,26.931,1.0,17,1121,1123,1138,1972.2
round_robin,8,6.0,86,23.821,26.951,1.0,13,1149,1151,1138,1972.2
round_robin,8,7.0,42,23.52,26.56,1.0,16,1149,1151,1165,1972.2
round_robin,8,8.0,42,23.18,26.492,1.0,17,1110,1113,1127,1972.2
round_robin,8,9.0,87,22.631,25.934,1.0,25,1129,1140,1154,1972.2
round_robin,8,10.0,86,22.893,25.705,1.0,32,1148,1159,1180,1972.2
round_robin,8,11.0,51,23.031,25.819,1.0,88,1167,1092,1180,1972.2
round_robin,8,12.0,31,22.901,25.78,1.0,75,1167,1092,1113,1972.2
round_robin,8,13.0,81,23.523,26.389,1.0,41,1108,1136,1149,1972.2
round_robin,8,14.0,83,23.479,26.272,1.0,24,1152,1161,1176,1972.2
round_robin,8,15.0,61,22.922,26.163,1.0,11,1171,1182,1176,1972.2
round_robin,8,16.0,23,22.674,25.494,1.0,61,1171,1182,1121,1972.2
round_robin,8,17.0,82,22.521,25.179,1.0,30,1111,1119,1141,1972.2
round_robin,8,18.0,81,23.007,25.797,1.0,24,1137,1136,1160,1972.2
round_robin,8,19.0,67,23.493,26.854,1.0,13,1165,1164,1177,1972.2
round_robin,8,20.0,14,23.222,26.117,1.0,48,1130,1129,1177,1972.2
round_robin,8,21.0,87,23.393,26.169,1.0,11,1130,1129,1140,1972.2
round_robin,8,22.0,76,23.759,26.996,1.0,10,1158,1157,1167,1972.2
round_robin,8,23.0,12,23.608,26.69,1.0,8,1186,1185,1193,1972.2
round_robin,8,24.0,81,23.5,26.348,1.0,9,1130,1133,1139,1972.2
round_robin,8,25.0,87,23.378,26.617,1.0,10,1157,1161,1167,1972.2
round_robin,8,26.0,82,23.378,26.617,1.0,10,1157,1161,1167,1972.2
round_robin,8,27.0,4,23.434,26.701,1.0,9,1186,1189,1195,1972.2
round_robin,8,28.0,81,23.674,26.237,1.0,46,1181,1135,1141,1972.2
round_robin,8,29.0,88,22.858,25.945,1.0,21,1150,1157,1171,1972.2
round_robin,8,30.0,82,22.72,25.495,1.0,21,1169,1177,1190,1972.2
round_robin,8,31.0,0,22.72,25.495,1.0,21,1169,1177,1190,1972.2
round_robin,8,32.0,84,23.36,26.437,1.0,77,1193,1218,1141,1972.2
round_robin,8,33.0,85,22.926,26.007,1.0,17,1152,1157,1169,1972.2
round_robin,8,34.0,86,22.452,25.113,1.0,22,1172,1176,1194,1972.2
round_robin,8,35.0,1,22.452,25.113,1.0,22,1172,1176,1194,1972.2
round_robin,8,36.0,80,22.821,25.399,1.0,20,1193,1197,1213,1972.2
round_robin,8,37.0,82,23.436,26.457,1.0,8,1151,1150,1158,1972.2
round_robin,8,38.0,1,23.522,26.28,1.0,9,1179,1177,1186,1972.2
round_robin,8,39.0,82,23.84,26.891,1.0,8,1207,1205,1213,1972.2
round_robin,8,40.0,84,23.889,26.891,1.0,64,1149,1205,1213,1972.2
round_robin,8,41.0,84,23.555,26.538,1.0,10,1149,1145,1155,1972.2
round_robin,8,42.0,11,23.277,26.034,1.0,11,1177,1172,1183,1972.2
round_robin,8,43.0,73,23.818,26.729,1.0,12,1205,1199,1211,1972.2
round_robin,8,44.0,83,23.396,26.171,1.0,15,1137,1128,1143,1972.2
round_robin,8,45.0,87,23.42,26.171,1.0,35,1163,1128,1143,1972.2
round_robin,8,46.0,31,23.402,26.199,1.0,16,1163,1154,1170,1972.2
round_robin,8,47.0,52,23.406,26.115,1.0,16,1188,1182,1198,1972.2
round_robin,8,48.0,85,22.694,25.852,1.0,19,1206,1207,1225,1972.2
round_robin,8,49.0,84,22.339,25.091,1.0,24,1132,1132,1156,1972.2
round_robin,8,50.1,39,23.025,25.968,1.0,3,1154,1153,1156,1972.2
round_robin,8,51.1,47,23.187,26.017,1.0,24,1154,1153,1177,1972.2
round_robin,8,52.1,53,22.968,25.789,1.0,28,1181,1176,1204,1972.2
round_robin,8,53.1,86,22.861,25.567,1.0,24,1119,1121,1143,1972.2
round_robin,8,54.1,86,23.007,25.499,1.0,21,1143,1143,1164,1972.2
round_robin,8,55.1,21,23.041,25.939,1.0,6,1170,1165,1164,1972.2
round_robin,8,56.1,63,23.055,25.944,1.0,20,1170,1165,1185,1972.2
round_robin,8,57.1,84,23.165,26.152,1.0,13,1158,1154,1167,1972.2
round_robin,8,58.1,21,23.694,26.556,1.0,12,1186,1182,1194,1972.2
round_robin,8,59.1,64,23.698,26.086,1.0,11,1214,1210,1221,1972.2
round_robin,9,0.0,0,23.548,26.382,1.0,0,0,0,0,1942.2
round_robin,9,1.0,84,23.466,26.382,1.0,1187,1187,0,0,1942.2
round_robin,9,2.0,84,23.373,26.196,1.0,10,1187,1185,1195,1942.2
round_robin,9,3.0,72,23.411,26.196,1.0,9,1215,1213,1222,1942.2
round_robin,9,4.0,14,23.723,26.336,1.0,11,1156,1153,1164,1942.2
round_robin,9,5.0,84,23.907,27.023,1.0,12,1184,1180,1192,1942.2
round_robin,9,6.0,84,23.594,26.56,1.0,20,1212,1207,1192,1942.2
round_robin,9,7.0,72,23.431,26.445,1.0,13,1212,1207,1220,1942.2
round_robin,9,8.0,13,23.26,25.848,1.0,88,1240,1234,1152,1942.2
round_robin,9,9.0,86,23.393,26.416,1.0,13,1172,1166,1179,1942.2
round_robin,9,10.0,86,22.803,26.047,1.0,15,1192,1195,1207,1942.2
round_robin,9,11.0,82,22.77,26.006,1.0,8,1212,1215,1207,1942.2
round_robin,9,12.0,0,22.542,25.393,1.0,23,1212,1215,1235,1942.2
round_robin,9,13.0,86,22.594,25.135,1.0,26,1139,1142,1165,1942.2
round_robin,9,14.0,84,23.227,26.551,1.0,25,1160,1163,1185,1942.2
round_robin,9,15.0,82,23.182,25.903,1.0,21,1187,1185,1206,1942.2
round_robin,9,16.0,1,23.325,26.297,1.0,18,1150,1148,1166,1942.2
round_robin,9,17.0,85,23.325,26.297,1.0,18,1150,1148,1166,1942.2
round_robin,9,18.0,82,23.4,26.283,1.0,18,1178,1175,1193,1942.2
round_robin,9,19.0,82,23.602,26.62,1.0,17,1205,1203,1220,1942.2
round_robin,9,20.0,11,23.425,26.512,1.0,20,1140,1135,1155,1942.2
round_robin,9,21.0,72,23.369,26.003,1.0,19,1168,1163,1182,1942.2
round_robin,9,22.0,86,23.369,26.003,1.0,19,1168,1163,1182,1942.2
round_robin,9,23.0,62,23.498,26.39,1.0,23,1193,1187,1210,1942.2
round_robin,9,24.0,22,23.508,26.239,1.0,23,1220,1215,1238,1942.2
round_robin,9,25.0,83,23.426,26.394,1.0,23,1157,1151,1174,1942.2
round_robin,9,26.0,83,22.935,26.139,1.0,22,1183,1179,1201,1942.2
round_robin,9,27.0,62,22.915,26.139,1.0,22,1200,1179,1201,1942.2
round_robin,9,28.0,24,22.846,25.754,1.0,28,1200,1204,1228,1942.2
round_robin,9,29.0,86,22.38,25.277,1.0,33,1137,1141,1170,1942.2
round_robin,9,30.0,82,23.039,25.701,1.0,31,1158,1159,1189,1942.2
round_robin,9,31.0,72,23.303,25.827,1.0,26,1184,1180,1206,1942.2
round_robin,9,32.0,10,23.108,25.827,1.0,71,1135,1180,1206,1942.2
round_robin,9,33.0,87,23.275,26.22,1.0,21,1135,1132,1153,1942.2
round_robin,9,34.0,84,23.649,26.647,1.0,25,1162,1159,1184,1942.2
round_robin,9,35.0,37,23.351,26.428,1.0,22,1190,1186,1208,1942.2
round_robin,9,36.0,87,23.063,25.82,1.0,32,1199,1197,1229,1942.2
round_robin,9,37.0,1,23.318,26.459,1.0,94,1135,1135,1229,1942.2
round_robin,9,38.0,62,23.473,26.506,1.0,24,1135,1135,1159,1942.2
round_robin,9,39.0,78,23.25,26.103,1.0,22,1156,1155,1177,1942.2
round_robin,9,40.0,87,23.042,26.043,1.0,26,1179,1177,1203,1942.2
round_robin,9,41.0,71,23.371,26.442,1.0,20,1123,1122,1142,1942.2
round_robin,9,42.0,12,23.233,26.124,1.0,19,1151,1150,1169,1942.2
round_robin,9,43.0,82,23.233,26.124,1.0,19,1151,1150,1169,1942.2
round_robin,9,44.0,84,24.016,26.823,1.0,20,1179,1177,1197,1942.2
round_robin,9,45.0,82,23.792,27.094,1.0,20,1125,1121,1141,1942.2
round_robin,9,46.0,1,23.496,26.276,1.0,19,1152,1147,1166,1942.2
round_robin,9,47.0,84,23.494,26.399,1.0,20,1180,1174,1194,1942.2
round_robin,9,48.0,84,23.32,26.399,1.0,34,1208,1174,1194,1942.2
round_robin,9,49.1,81,23.32,26.306,1.0,21,1208,1201,1222,1942.2
round_robin,9,50.1,1,23.541,26.418,1.0,22,1168,1160,1182,1942.2
round_robin,9,51.1,85,22.394,25.123,1.0,31,1179,1179,1210,1942.2
round_robin,9,52.1,86,22.445,24.962,1.0,31,1199,1199,1230,1942.2
round_robin,9,53.1,1,22.591,24.962,1.0,90,1140,1199,1230,1942.2
round_robin,9,54.1,80,23.018,25.776,1.0,33,1140,1132,1165,1942.2
round_robin,9,55.1,86,23.294,26.126,1.0,24,1168,1160,1184,1942.2
round_robin,9,56.1,82,23.542,26.434,1.0,23,1196,1188,1211,1942.2
round_robin,9,57.1,7,23.445,26.305,1.0,25,1168,1157,1182,1942.2
round_robin,9,58.1,77,23.436,26.366,1.0,14,1196,1185,1182,1942.2
round_robin,9,59.1,84,23.537,26.439,1.0,24,1196,1185,1209,1942.2
round_robin,10,0.0,0,23.464,26.239,1.0,0,0,0,0,2097.7
round_robin,10,1.0,86,22.394,25.041,0.9997,32,1132,1132,1164,2097.7
round_robin,10,2.0,91,23.393,26.247,1.0,21,1180,1169,1190,2097.7
round_robin,10,3.0,84,23.085,26.259,1.0,20,1204,1197,1217,2097.7
round_robin,10,4.0,42,23.085,26.259,1.0,20,1204,1197,1217,2097.7
round_robin,10,5.0,45,22.747,25.779,1.0,24,1138,1137,1161,2097.7
round_robin,10,6.0,83,22.797,25.393,1.0,28,1159,1156,1184,2097.7
round_robin,10,7.0,86,22.672,25.449,1.0,27,1180,1177,1204,2097.7
round_robin,10,8.0,51,23.485,26.0,1.0,22,1125,1116,1138,2097.7
round_robin,10,9.0,30,23.161,26.0,1.0,34,1150,1116,1138,2097.7
round_robin,10,10.0,55,23.199,26.115,1.0,18,1150,1140,1158,2097.7
round_robin,10,11.0,83,23.284,26.385,1.0,45,1165,1156,1201,2097.7
round_robin,10,12.0,81,23.007,25.926,1.0,28,1119,1117,1145,2097.7
round_robin,10,13.0,21,23.007,25.926,1.0,28,1119,1117,1145,2097.7
round_robin,10,14.0,61,22.801,25.833,1.0,26,1147,1145,1171,2097.7
round_robin,10,15.0,84,23.12,26.194,1.0,26,1165,1166,1191,2097.7
round_robin,10,16.0,83,23.472,26.222,1.0,48,1193,1185,1145,2097.7
round_robin,10,17.0,21,23.472,26.222,1.0,48,1193,1185,1145,2097.7
round_robin,10,18.0,64,22.703,25.335,1.0,29,1144,1143,1172,2097.7
round_robin,10,19.0,87,23.085,25.907,1.0,30,1164,1163,1193,2097.7
round_robin,10,20.0,86,23.348,25.482,1.0,29,1192,1184,1213,2097.7
round_robin,10,21.0,16,23.83,27.315,1.0,25,1139,1127,1152,2097.7
round_robin,10,22.0,13,23.83,27.315,1.0,25,1139,1127,1152,2097.7
round_robin,10,23.0,52,23.32,26.359,1.0,24,1158,1146,1170,2097.7
round_robin,10,24.0,84,23.292,26.084,1.0,24,1183,1174,1198,2097.7
round_robin,10,25.0,89,23.04,25.957,1.0,25,1124,1126,1149,2097.7
round_robin,10,26.0,49,23.132,25.957,1.0,23,1143,1126,1149,2097.7
round_robin,10,27.0,36,22.928,26.092,1.0,32,1143,1146,1175,2097.7
round_robin,10,28.0,90,23.443,26.387,1.0,20,1192,1183,1203,2097.7
round_robin,10,29.0,84,23.158,26.04,1.0,19,1135,1128,1147,2097.7
round_robin,10,30.0,47,23.063,26.04,1.0,26,1154,1128,1147,2097.7
round_robin,10,31.0,37,23.244,26.168,1.0,21,1154,1155,1175,2097.7
round_robin,10,32.0,83,23.188,26.242,1.0,21,1183,1180,1201,2097.7
round_robin,10,33.0,68,23.274,26.251,1.0,97,1108,1104,1201,2097.7
round_robin,10,34.0,13,23.264,26.224,1.0,32,1108,1104,1136,2097.7
round_robin,10,35.0,81,22.665,25.463,1.0,26,1136,1134,1160,2097.7
round_robin,10,36.0,81,23.461,25.626,1.0,25,1158,1155,1180,2097.7
round_robin,10,37.0,72,22.925,25.671,1.0,27,1106,1097,1124,2097.7
round_robin,10,38.0,12,23.266,25.671,1.0,37,1134,1097,1124,2097.7
round_robin,10,39.0,84,23.72,26.249,1.0,20,1134,1123,1143,2097.7
round_robin,10,40.0,82,23.499,26.789,1.0,17,1162,1151,1168,2097.7
round_robin,10,41.0,68,24.017,26.979,1.0,17,1109,1098,1115,2097.7
round_robin,10,42.0,16,23.207,26.195,1.0,17,1136,1126,1143,2097.7
round_robin,10,43.0,87,23.294,26.195,1.0,37,1163,1126,1143,2097.7
round_robin,10,44.0,83,23.241,26.138,1.0,17,1163,1154,1171,2097.7
round_robin,10,45.0,38,23.286,26.173,1.0,76,1190,1182,1114,2097.7
round_robin,10,46.0,44,23.139,26.291,1.0,13,1132,1128,1141,2097.7
round_robin,10,47.0,35,23.888,26.683,1.0,14,1141,1137,1151,2097.7
round_robin,10,48.0,83,23.724,26.683,1.0,32,1169,1137,1151,2097.7
round_robin,10,49.1,21,23.769,26.692,1.0,13,1169,1165,1178,2097.7
round_robin,10,50.1,62,23.563,26.342,1.0,15,1112,1107,1122,2097.7
round_robin,10,51.1,86,23.409,26.56,1.0,18,1132,1135,1150,2097.7
round_robin,10,52.1,83,22.81,26.383,1.0,19,1158,1162,1177,2097.7
round_robin,10,53.1,22,22.81,26.383,1.0,19,1158,1162,1177,2097.7
round_robin,10,54.1,64,22.407,25.304,1.0,30,1095,1101,1125,2097.7
round_robin,10,55.1,81,22.574,25.331,1.0,27,1116,1121,1143,2097.7
round_robin,10,56.1,81,23.11,25.586,1.0,20,1139,1140,1159,2097.7
round_robin,10,57.1,36,23.209,26.055,1.0,14,1125,1126,1139,2097.7
round_robin,10,58.1,48,23.487,26.055,1.0,26,1152,1126,1139,2097.7
round_robin,10,59.1,82,23.879,26.541,1.0,15,1152,1154,1167,2097.7
weighted_round_robin,1,0.0,0,24.019,27.177,1.0,0,0,0,0,2422.9
weighted_round_robin,1,1.0,32,23.395,26.416,0.9981,25,1096,1110,1121,2422.9
weighted_round_robin,1,2.0,83,22.712,25.472,0.9998,37,1113,1129,1150,2422.9
weighted_round_robin,1,3.0,82,22.984,25.918,0.9999,36,1134,1148,1170,2422.9
weighted_round_robin,1,4.0,61,23.125,25.807,1.0,35,1074,1085,1109,2422.9
weighted_round_robin,1,5.0,20,23.125,25.807,1.0,35,1074,1085,1109,2422.9
weighted_round_robin,1,6.0,86,23.971,27.011,1.0,47,1102,1107,1149,2422.9
weighted_round_robin,1,7.0,82,22.793,25.558,1.0,38,1137,1151,1175,2422.9
weighted_round_robin,1,8.0,68,22.87,25.837,1.0,43,1079,1095,1122,2422.9
weighted_round_robin,1,9.0,14,22.87,25.837,1.0,43,1079,1095,1122,2422.9
weighted_round_robin,1,10.0,86,23.679,26.341,1.0,36,1107,1116,1143,2422.9
weighted_round_robin,1,11.0,86,24.116,27.401,1.0,28,1135,1139,1163,2422.9
weighted_round_robin,1,12.0,72,23.743,26.375,1.0,87,1163,1076,1093,2422.9
weighted_round_robin,1,13.0,12,23.8,26.777,1.0,23,1097,1104,1120,2422.9
weighted_round_robin,1,14.0,83,23.8,26.777,1.0,23,1097,1104,1120,2422.9
weighted_round_robin,1,15.0,56,24.059,27.468,1.0,24,1124,1132,1148,2422.9
weighted_round_robin,1,16.0,30,23.493,26.507,1.0,23,1152,1160,1175,2422.9
weighted_round_robin,1,17.0,87,23.594,26.723,1.0,18,1114,1122,1132,2422.9
weighted_round_robin,1,18.0,87,23.423,26.268,1.0,20,1141,1149,1161,2422.9
weighted_round_robin,1,19.0,58,23.423,26.268,1.0,20,1141,1149,1161,2422.9
weighted_round_robin,1,20.0,26,23.204,26.139,1.0,23,1166,1176,1189,2422.9
weighted_round_robin,1,21.0,91,23.259,26.365,1.0,18,1127,1130,1145,2422.9
weighted_round_robin,1,22.0,81,23.148,26.207,1.0,20,1152,1158,1172,2422.9
weighted_round_robin,1,23.0,87,22.979,25.966,1.0,13,1174,1185,1172,2422.9
weighted_round_robin,1,24.0,0,23.189,26.533,1.0,25,1174,1185,1199,2422.9
weighted_round_robin,1,25.0,86,22.939,26.028,1.0,36,1111,1122,1147,2422.9
weighted_round_robin,1,26.0,84,22.628,25.523,1.0,36,1132,1143,1168,2422.9
weighted_round_robin,1,27.0,87,23.47,25.997,1.0,32,1156,1161,1188,2422.9
weighted_round_robin,1,28.0,0,23.244,25.997,1.0,27,1184,1161,1188,2422.9
weighted_round_robin,1,29.0,87,23.612,26.576,1.0,83,1184,1101,1125,2422.9
weighted_round_robin,1,30.0,71,23.427,26.087,1.0,19,1130,1128,1147,2422.9
weighted_round_robin,1,31.0,10,23.52,26.596,1.0,20,1158,1155,1175,2422.9
weighted_round_robin,1,32.0,84,23.685,26.555,1.0,20,1186,1182,1202,2422.9
weighted_round_robin,1,33.0,88,23.646,26.555,1.0,71,1131,1182,1202,2422.9
weighted_round_robin,1,34.0,66,23.688,26.639,1.0,28,1131,1125,1153,2422.9
weighted_round_robin,1,35.0,20,23.876,27.065,1.0,28,1159,1152,1180,2422.9
weighted_round_robin,1,36.0,1,23.876,27.065,1.0,28,1159,1152,1180,2422.9
weighted_round_robin,1,37.0,33,23.189,26.31,1.0,32,1084,1075,1107,2422.9
weighted_round_robin,1,38.0,83,23.457,26.701,1.0,31,1109,1103,1134,2422.9
weighted_round_robin,1,39.0,83,23.637,26.74,1.0,4,1130,1130,1134,2422.9
weighted_round_robin,1,40.0,31,23.523,26.612,1.0,32,1130,1130,1162,2422.9
weighted_round_robin,1,41.0,56,23.337,26.778,1.0,31,1158,1159,1189,2422.9
weighted_round_robin,1,42.0,86,23.151,25.778,1.0,37,1096,1096,1133,2422.9
weighted_round_robin,1,43.0,82,23.314,26.376,1.0,15,1118,1129,1133,2422.9
weighted_round_robin,1,44.0,21,23.766,27.128,1.0,43,1118,1129,1161,2422.9
weighted_round_robin,1,45.0,60,23.302,25.855,1.0,36,1153,1153,1189,2422.9
weighted_round_robin,1,46.0,82,22.808,25.757,1.0,41,1110,1111,1151,2422.9
weighted_round_robin,1,47.0,86,23.112,25.793,1.0,43,1130,1132,1173,2422.9
weighted_round_robin,1,48.0,11,23.427,26.517,1.0,23,1156,1150,1173,2422.9
weighted_round_robin,1,49.0,70,23.66,26.587,1.0,59,1156,1150,1209,2422.9
weighted_round_robin,1,50.0,87,23.676,27.081,1.0,32,1107,1105,1137,2422.9
weighted_round_robin,1,51.0,0,24.448,27.305,1.0,33,1127,1122,1155,2422.9
weighted_round_robin,1,52.1,87,24.392,27.298,1.0,5,1154,1150,1155,2422.9
weighted_round_robin,1,53.1,86,24.039,27.192,1.0,33,1154,1150,1183,2422.9
weighted_round_robin,1,54.1,84,23.944,26.974,1.0,34,1099,1093,1127,2422.9
weighted_round_robin,1,55.1,0,23.846,26.401,1.0,33,1127,1121,1154,2422.9
weighted_round_robin,1,56.1,83,23.457,26.353,1.0,32,1155,1149,1181,2422.9
weighted_round_robin,1,57.1,85,24.065,27.584,1.0,62,1127,1119,1181,2422.9
weighted_round_robin,1,58.1,83,24.138,27.606,1.0,34,1127,1119,1153,2422.9
weighted_round_robin,1,59.1,0,23.795,27.486,1.0,33,1155,1147,1180,2422.9
weighted_round_robin,2,0.0,0,23.755,26.873,1.0,0,0,0,0,2440.4
weighted_round_robin,2,1.0,83,23.719,26.434,0.9997,32,1122,1112,1144,2440.4
weighted_round_robin,2,2.0,86,23.22,26.147,0.9999,33,1152,1139,1172,2440.4
weighted_round_robin,2,3.0,83,23.33,26.147,1.0,33,1172,1139,1172,2440.4
weighted_round_robin,2,4.0,1,23.187,26.053,1.0,32,1172,1168,1200,2440.4
weighted_round_robin,2,5.0,80,22.953,25.712,1.0,39,1107,1098,1137,2440.4
weighted_round_robin,2,6.0,82,23.785,26.757,1.0,46,1124,1139,1170,2440.4
weighted_round_robin,2,7.0,61,23.756,26.757,1.0,31,1167,1139,1170,2440.4
weighted_round_robin,2,8.0,22,23.545,26.544,1.0,33,1167,1164,1197,2440.4
weighted_round_robin,2,9.0,87,22.79,25.479,1.0,38,1106,1104,1142,2440.4
weighted_round_robin,2,10.0,87,23.269,26.16,1.0,33,1125,1114,1147,2440.4
weighted_round_robin,2,11.0,31,23.431,26.334,1.0,25,1153,1142,1167,2440.4
weighted_round_robin,2,12.0,56,23.379,26.334,1.0,69,1098,1142,1167,2440.4
weighted_round_robin,2,13.0,36,23.51,26.444,1.0,24,1098,1087,1111,2440.4
weighted_round_robin,2,14.0,86,23.872,26.771,1.0,31,1107,1096,1127,2440.4
weighted_round_robin,2,15.0,84,23.242,26.033,1.0,25,1135,1123,1148,2440.4
weighted_round_robin,2,16.0,1,23.607,26.519,1.0,25,1163,1150,1175,2440.4
weighted_round_robin,2,17.0,81,23.643,26.519,1.0,68,1107,1150,1175,2440.4
weighted_round_robin,2,18.0,76,23.664,26.558,1.0,21,1107,1097,1118,2440.4
weighted_round_robin,2,19.0,86,23.833,26.229,1.0,22,1129,1119,1141,2440.4
weighted_round_robin,2,20.0,51,23.445,26.437,1.0,19,1155,1147,1166,2440.4
weighted_round_robin,2,21.0,30,23.814,27.014,1.0,20,1099,1092,1112,2440.4
weighted_round_robin,2,22.0,81,23.831,27.014,1.0,35,1127,1092,1112,2440.4
weighted_round_robin,2,23.0,86,23.59,26.608,1.0,19,1127,1120,1139,2440.4
weighted_round_robin,2,24.0,57,23.504,26.396,1.0,18,1155,1148,1166,2440.4
weighted_round_robin,2,25.0,30,23.596,26.652,1.0,16,1096,1091,1107,2440.4
weighted_round_robin,2,26.0,81,23.628,26.905,1.0,17,1124,1118,1135,2440.4
weighted_round_robin,2,27.0,82,24.039,26.905,1.0,32,1150,1118,1135,2440.4
weighted_round_robin,2,28.0,58,24.757,27.693,1.0,18,1150,1144,1162,2440.4
weighted_round_robin,2,29.0,28,23.359,26.253,1.0,14,1096,1093,1107,2440.4
weighted_round_robin,2,30.0,87,23.092,25.697,1.0,29,1097,1102,1126,2440.4
weighted_round_robin,2,31.0,52,22.985,25.826,1.0,24,1125,1121,1145,2440.4
weighted_round_robin,2,32.0,32,22.985,25.826,1.0,24,1125,1121,1145,2440.4
weighted_round_robin,2,33.0,81,23.383,26.4,1.0,17,1153,1148,1165,2440.4
weighted_round_robin,2,34.0,81,23.539,26.38,1.0,19,1117,1113,1132,2440.4
weighted_round_robin,2,35.0,56,23.591,26.495,1.0,24,1144,1136,1160,2440.4
weighted_round_robin,2,36.0,30,23.467,26.497,1.0,25,1172,1163,1188,2440.4
weighted_round_robin,2,37.0,81,23.467,26.497,1.0,25,1172,1163,1188,2440.4
weighted_round_robin,2,38.0,82,24.372,27.206,1.0,25,1117,1107,1132,2440.4
weighted_round_robin,2,39.0,51,23.281,26.314,1.0,25,1144,1135,1160,2440.4
weighted_round_robin,2,40.0,32,23.686,26.82,1.0,26,1171,1162,1188,2440.4
weighted_round_robin,2,41.0,84,23.99,27.565,1.0,28,1117,1107,1135,2440.4
weighted_round_robin,2,42.0,88,23.99,27.565,1.0,28,1117,1107,1135,2440.4
weighted_round_robin,2,43.0,47,23.441,26.382,1.0,28,1144,1135,1163,2440.4
weighted_round_robin,2,44.0,40,23.777,26.579,1.0,32,1172,1159,1191,2440.4
weighted_round_robin,2,45.0,84,23.824,26.328,1.0,86,1173,1087,1128,2440.4
weighted_round_robin,2,46.0,31,23.549,26.542,1.0,14,1128,1114,1128,2440.4
weighted_round_robin,2,47.0,53,23.494,26.526,1.0,58,1128,1114,1172,2440.4
weighted_round_robin,2,48.0,81,23.973,27.839,1.0,37,1163,1167,1200,2440.4
weighted_round_robin,2,49.0,87,23.081,26.222,1.0,36,1110,1101,1137,2440.4
weighted_round_robin,2,50.0,26,23.081,26.222,1.0,36,1110,1101,1137,2440.4
weighted_round_robin,2,51.0,56,23.044,26.261,1.0,36,1128,1128,1164,2440.4
weighted_round_robin,2,52.1,86,22.971,26.214,1.0,38,1165,1153,1191,2440.4
weighted_round_robin,2,53.1,86,23.311,26.325,1.0,93,1184,1098,1191,2440.4
weighted_round_robin,2,54.1,21,23.283,26.316,1.0,86,1184,1098,1135,2440.4
weighted_round_robin,2,55.1,60,23.427,26.582,1.0,37,1134,1115,1152,2440.4
weighted_round_robin,2,56.1,86,23.645,26.369,1.0,42,1146,1125,1167,2440.4
weighted_round_robin,2,57.1,58,24.24,27.592,1.0,37,1173,1153,1190,2440.4
weighted_round_robin,2,58.1,23,24.327,27.614,1.0,38,1169,1152,1190,2440.4
weighted_round_robin,2,59.1,87,23.805,27.323,1.0,32,1169,1152,1184,2440.4
weighted_round_robin,3,0.0,0,23.878,27.139,1.0,0,0,0,0,2416.5
weighted_round_robin,3,1.0,82,23.981,27.173,0.9997,1146,1146,1127,0,2416.5
weighted_round_robin,3,2.0,87,23.853,26.827,0.9999,31,1146,1127,1158,2416.5
weighted_round_robin,3,3.0,86,23.591,26.401,1.0,31,1173,1155,1186,2416.5
weighted_round_robin,3,4.0,0,23.397,26.352,1.0,36,1118,1100,1136,2416.5
weighted_round_robin,3,5.0,86,23.637,26.549,1.0,35,1146,1128,1163,2416.5
weighted_round_robin,3,6.0,83,23.514,26.409,1.0,19,1174,1155,1163,2416.5
weighted_round_robin,3,7.0,84,23.637,26.741,1.0,36,1174,1155,1191,2416.5
weighted_round_robin,3,8.0,0,23.381,26.082,1.0,36,1201,1183,1219,2416.5
weighted_round_robin,3,9.0,89,23.692,27.052,1.0,36,1159,1145,1181,2416.5
weighted_round_robin,3,10.0,35,23.896,26.471,1.0,34,1162,1150,1184,2416.5
weighted_round_robin,3,11.0,37,23.922,26.471,1.0,34,1171,1150,1184,2416.5
weighted_round_robin,3,12.0,44,24.199,27.656,1.0,48,1171,1184,1219,2416.5
weighted_round_robin,3,13.0,82,23.903,26.237,1.0,35,1125,1123,1158,2416.5
weighted_round_robin,3,14.0,35,23.397,26.292,1.0,33,1146,1134,1167,2416.5
weighted_round_robin,3,15.0,56,23.397,26.292,1.0,33,1146,1134,1167,2416.5
weighted_round_robin,3,16.0,28,23.089,26.47,1.0,34,1171,1161,1195,2416.5
weighted_round_robin,3,17.0,83,23.319,26.551,1.0,33,1092,1092,1125,2416.5
weighted_round_robin,3,18.0,87,23.165,25.753,1.0,40,1112,1112,1152,2416.5
weighted_round_robin,3,19.0,51,22.981,25.753,1.0,40,1132,1112,1152,2416.5
weighted_round_robin,3,20.0,31,23.368,26.676,1.0,48,1132,1149,1180,2416.5
weighted_round_robin,3,21.0,86,23.017,26.575,1.0,37,1090,1094,1127,2416.5
weighted_round_robin,3,22.0,84,22.965,25.894,1.0,42,1113,1113,1155,2416.5
weighted_round_robin,3,23.0,52,23.576,27.343,1.0,22,1133,1135,1155,2416.5
weighted_round_robin,3,24.0,32,23.599,27.35,1.0,44,1133,1135,1177,2416.5
weighted_round_robin,3,25.0,21,23.669,26.494,1.0,34,1090,1087,1121,2416.5
weighted_round_robin,3,26.0,84,24.286,26.934,1.0,41,1108,1114,1149,2416.5
weighted_round_robin,3,27.0,85,23.246,26.095,1.0,47,1130,1142,1177,2416.5
weighted_round_robin,3,28.0,36,23.246,26.095,1.0,47,1130,1142,1177,2416.5
weighted_round_robin,3,29.0,45,23.33,26.183,1.0,39,1072,1077,1111,2416.5
weighted_round_robin,3,30.0,84,23.008,26.398,1.0,46,1094,1099,1140,2416.5
weighted_round_robin,3,31.0,82,23.729,25.771,1.0,46,1115,1119,1161,2416.5
weighted_round_robin,3,32.0,39,23.399,25.54,1.0,23,1138,1139,1161,2416.5
weighted_round_robin,3,33.0,44,23.566,25.989,1.0,48,1138,1139,1091,2416.5
weighted_round_robin,3,34.0,86,23.22,26.044,1.0,58,1077,1074,1132,2416.5
weighted_round_robin,3,35.0,31,23.177,26.044,1.0,58,1112,1074,1132,2416.5
weighted_round_robin,3,36.0,50,22.867,25.522,1.0,45,1112,1118,1157,2416.5
weighted_round_robin,3,37.0,83,23.032,25.156,1.0,43,1051,1057,1094,2416.5
weighted_round_robin,3,38.0,82,23.36,26.321,1.0,41,1078,1074,1115,2416.5
weighted_round_robin,3,39.0,31,23.265,25.941,1.0,30,1106,1102,1132,2416.5
weighted_round_robin,3,40.0,56,23.265,25.941,1.0,30,1106,1102,1132,2416.5
weighted_round_robin,3,41.0,86,23.59,26.256,1.0,37,1133,1130,1096,2416.5
weighted_round_robin,3,42.0,84,23.652,26.618,1.0,29,1095,1095,1124,2416.5
weighted_round_robin,3,43.0,23,24.049,26.935,1.0,28,1122,1123,1150,2416.5
weighted_round_robin,3,44.0,63,23.918,26.98,1.0,27,1150,1151,1177,2416.5
weighted_round_robin,3,45.0,83,23.918,26.98,1.0,27,1150,1151,1177,2416.5
weighted_round_robin,3,46.0,84,23.553,26.667,1.0,27,1087,1092,1114,2416.5
weighted_round_robin,3,47.0,37,23.557,26.733,1.0,28,1114,1120,1142,2416.5
weighted_round_robin,3,48.0,11,23.633,26.081,1.0,29,1126,1133,1155,2416.5
weighted_round_robin,3,49.0,3,23.56,26.486,1.0,29,1041,1049,1070,2416.5
weighted_round_robin,3,50.1,82,23.55,26.486,1.0,21,1069,1049,1070,2416.5
weighted_round_robin,3,51.1,81,23.372,26.156,1.0,28,1069,1077,1097,2416.5
weighted_round_robin,3,52.1,84,23.671,26.821,1.0,28,1097,1104,1125,2416.5
weighted_round_robin,3,53.1,0,23.536,26.769,1.0,27,1050,1054,1077,2416.5
weighted_round_robin,3,54.1,87,23.536,26.396,1.0,29,1077,1081,1106,2416.5
weighted_round_robin,3,55.1,81,23.619,26.541,1.0,2,1105,1107,1106,2416.5
weighted_round_robin,3,56.1,36,23.543,26.518,1.0,29,1105,1107,1134,2416.5
weighted_round_robin,3,57.1,48,23.118,26.096,1.0,30,1131,1134,1161,2416.5
weighted_round_robin,3,58.1,81,22.952,25.816,1.0,41,1103,1111,1144,2416.5
weighted_round_robin,3,59.1,86,23.196,25.816,1.0,33,1116,1111,1144,2416.5
weighted_round_robin,4,0.0,0,23.591,26.44,1.0,0,0,0,0,2009.4
weighted_round_robin,4,1.0,75,23.242,26.315,1.0,32,1058,1056,1088,2009.4
weighted_round_robin,4,2.0,87,22.893,26.13,1.0,37,1078,1086,1115,2009.4
weighted_round_robin,4,3.0,43,23.307,26.406,1.0,32,1098,1095,1127,2009.4
weighted_round_robin,4,4.0,66,23.307,26.406,1.0,32,1098,1095,1127,2009.4
weighted_round_robin,4,5.0,20,23.179,26.402,1.0,31,1044,1039,1070,2009.4
weighted_round_robin,4,6.0,85,23.432,26.636,1.0,33,1064,1067,1097,2009.4
weighted_round_robin,4,7.0,86,23.222,26.574,1.0,42,1083,1087,1125,2009.4
weighted_round_robin,4,8.0,56,23.058,26.093,1.0,29,1104,1096,1125,2009.4
weighted_round_robin,4,9.0,25,23.201,26.136,1.0,22,1104,1096,1082,2009.4
weighted_round_robin,4,10.0,83,23.264,26.22,1.0,41,1063,1064,1104,2009.4
weighted_round_robin,4,11.0,87,23.634,26.602,1.0,58,1091,1088,1146,2009.4
weighted_round_robin,4,12.0,52,22.867,26.052,1.0,20,1126,1130,1146,2009.4
weighted_round_robin,4,13.0,30,22.587,25.295,1.0,23,1126,1130,1107,2009.4
weighted_round_robin,4,14.0,83,23.967,26.796,1.0,45,1083,1088,1128,2009.4
weighted_round_robin,4,15.0,31,23.493,26.71,1.0,30,1110,1107,1137,2009.4
weighted_round_robin,4,16.0,53,24.003,27.217,1.0,32,1138,1133,1165,2009.4
weighted_round_robin,4,17.0,1,24.003,27.217,1.0,32,1138,1133,1165,2009.4
weighted_round_robin,4,18.0,31,23.418,26.118,1.0,34,1062,1058,1092,2009.4
weighted_round_robin,4,19.0,60,24.052,26.934,1.0,36,1078,1075,1111,2009.4
weighted_round_robin,4,20.0,81,24.144,26.934,1.0,36,1102,1075,1111,2009.4
weighted_round_robin,4,21.0,0,24.104,27.199,1.0,37,1102,1103,1139,2009.4
weighted_round_robin,4,22.0,81,22.668,25.57,1.0,42,1064,1069,1106,2009.4
weighted_round_robin,4,23.0,82,22.749,25.449,1.0,47,1084,1090,1131,2009.4
weighted_round_robin,4,24.0,77,23.358,26.802,1.0,47,1104,1108,1151,2009.4
weighted_round_robin,4,25.0,6,23.443,26.802,1.0,106,1045,1108,1151,2009.4
weighted_round_robin,4,26.0,88,23.269,25.962,1.0,47,1045,1044,1091,2009.4
weighted_round_robin,4,27.0,87,23.183,25.278,1.0,53,1072,1078,1125,2009.4
weighted_round_robin,4,28.0,81,23.096,25.941,1.0,57,1100,1105,1157,2009.4
weighted_round_robin,4,29.0,49,22.832,25.941,1.0,109,1048,1105,1157,2009.4
weighted_round_robin,4,30.0,37,22.613,25.463,1.0,48,1048,1051,1096,2009.4
weighted_round_robin,4,31.0,86,22.684,25.495,1.0,49,1069,1072,1118,2009.4
weighted_round_robin,4,32.0,83,22.905,25.643,1.0,45,1096,1093,1138,2009.4
weighted_round_robin,4,33.0,56,23.346,26.288,1.0,38,1050,1044,1082,2009.4
weighted_round_robin,4,34.0,30,23.307,26.288,1.0,38,1078,1044,1082,2009.4
weighted_round_robin,4,35.0,86,23.376,26.425,1.0,35,1078,1071,1106,2009.4
weighted_round_robin,4,36.0,83,23.583,26.3,1.0,34,1106,1099,1133,2009.4
weighted_round_robin,4,37.0,56,24.113,27.652,1.0,58,1134,1127,1076,2009.4
weighted_round_robin,4,38.0,25,24.105,27.485,1.0,33,1079,1070,1103,2009.4
weighted_round_robin,4,39.0,82,24.064,27.485,1.0,37,1107,1070,1103,2009.4
weighted_round_robin,4,40.0,31,23.552,26.527,1.0,34,1107,1097,1131,2009.4
weighted_round_robin,4,41.0,51,23.326,26.046,1.0,33,1134,1125,1158,2009.4
weighted_round_robin,4,42.0,81,23.185,26.346,1.0,37,1065,1065,1102,2009.4
weighted_round_robin,4,43.0,89,23.169,26.228,1.0,44,1085,1088,1129,2009.4
weighted_round_robin,4,44.0,21,23.191,26.228,1.0,41,1105,1088,1129,2009.4
weighted_round_robin,4,45.0,60,23.012,26.062,1.0,51,1105,1105,1156,2009.4
weighted_round_robin,4,46.0,87,23.646,26.506,1.0,41,1075,1075,1116,2009.4
weighted_round_robin,4,47.0,82,22.901,25.45,1.0,40,1096,1096,1136,2009.4
weighted_round_robin,4,48.0,16,22.905,25.45,1.0,40,1123,1096,1136,2009.4
weighted_round_robin,4,49.0,67,23.409,26.132,1.0,50,1123,1142,1173,2009.4
weighted_round_robin,4,50.0,84,23.303,26.358,1.0,31,1082,1085,1113,2009.4
weighted_round_robin,4,51.1,86,22.502,25.304,1.0,34,1103,1107,1137,2009.4
weighted_round_robin,4,52.1,21,22.646,25.304,1.0,30,1120,1107,1137,2009.4
weighted_round_robin,4,53.1,63,22.413,24.969,1.0,35,1120,1124,1155,2009.4
weighted_round_robin,4,54.1,86,23.182,26.062,1.0,24,1066,1063,1087,2009.4
weighted_round_robin,4,55.1,62,23.428,26.135,1.0,21,1094,1090,1111,2009.4
weighted_round_robin,4,56.1,22,23.807,27.03,1.0,21,1121,1118,1139,2009.4
weighted_round_robin,4,57.1,82,23.503,26.335,1.0,9,1148,1145,1139,2009.4
weighted_round_robin,4,58.1,85,23.536,26.377,1.0,9,1148,1145,1139,2009.4
weighted_round_robin,4,59.1,76,23.455,26.181,1.0,20,1149,1147,1167,2009.4
weighted_round_robin,5,0.0,0,23.362,26.044,1.0,0,0,0,0,2330.3
weighted_round_robin,5,1.0,83,23.364,26.044,0.9997,1096,1096,0,0,2330.3
weighted_round_robin,5,2.0,84,23.453,26.155,0.9999,18,1096,1096,1114,2330.3
weighted_round_robin,5,3.0,83,23.757,27.21,1.0,19,1124,1123,1142,2330.3
weighted_round_robin,5,4.0,1,23.391,26.079,1.0,20,1152,1150,1170,2330.3
weighted_round_robin,5,5.0,83,23.413,26.284,1.0,88,1177,1089,1112,2330.3
weighted_round_robin,5,6.0,81,23.382,26.284,1.0,31,1120,1089,1112,2330.3
weighted_round_robin,5,7.0,86,23.504,26.444,1.0,22,1120,1117,1139,2330.3
weighted_round_robin,5,8.0,1,23.672,26.598,1.0,21,1148,1145,1166,2330.3
weighted_round_robin,5,9.0,81,23.493,26.311,1.0,20,1176,1173,1193,2330.3
weighted_round_robin,5,10.0,82,23.486,26.229,1.0,19,1121,1120,1139,2330.3
weighted_round_robin,5,11.0,82,22.828,25.913,1.0,8,1140,1147,1139,2330.3
weighted_round_robin,5,12.0,7,22.735,25.661,1.0,27,1140,1147,1167,2330.3
weighted_round_robin,5,13.0,79,22.806,26.012,1.0,33,1161,1171,1194,2330.3
weighted_round_robin,5,14.0,87,23.157,25.909,1.0,36,1139,1147,1175,2330.3
weighted_round_robin,5,15.0,85,23.669,28.002,1.0,38,1162,1167,1200,2330.3
weighted_round_robin,5,16.0,7,24.02,28.002,1.0,33,1188,1167,1200,2330.3
weighted_round_robin,5,17.0,30,23.334,26.029,1.0,26,1188,1193,1214,2330.3
weighted_round_robin,5,18.0,87,22.986,26.232,1.0,36,1136,1140,1172,2330.3
weighted_round_robin,5,19.0,87,22.922,25.682,1.0,36,1156,1160,1192,2330.3
weighted_round_robin,5,20.0,72,23.047,26.082,1.0,31,1180,1181,1211,2330.3
weighted_round_robin,5,21.0,10,23.031,26.082,1.0,30,1207,1181,1211,2330.3
weighted_round_robin,5,22.0,44,23.008,26.041,1.0,51,1207,1205,1156,2330.3
weighted_round_robin,5,23.0,87,23.36,26.113,1.0,47,1137,1162,1184,2330.3
weighted_round_robin,5,24.0,19,23.358,26.038,1.0,25,1165,1164,1189,2330.3
weighted_round_robin,5,25.0,86,23.262,26.038,1.0,29,1193,1164,1189,2330.3
weighted_round_robin,5,26.0,11,23.305,26.088,1.0,26,1193,1191,1217,2330.3
weighted_round_robin,5,27.0,75,23.162,26.359,1.0,27,1134,1139,1161,2330.3
weighted_round_robin,5,28.0,83,22.995,25.689,1.0,33,1152,1161,1185,2330.3
weighted_round_robin,5,29.0,37,23.186,26.028,1.0,27,1170,1174,1197,2330.3
weighted_round_robin,5,30.0,49,23.264,26.028,1.0,89,1108,1174,1197,2330.3
weighted_round_robin,5,31.0,82,23.35,26.199,1.0,23,1108,1108,1131,2330.3
weighted_round_robin,5,32.0,67,23.642,26.583,1.0,24,1135,1135,1159,2330.3
weighted_round_robin,5,33.0,74,23.543,26.46,1.0,27,1154,1153,1180,2330.3
weighted_round_robin,5,34.0,12,23.335,25.977,1.0,30,1098,1096,1126,2330.3
weighted_round_robin,5,35.0,84,23.323,26.397,1.0,3,1126,1123,1126,2330.3
weighted_round_robin,5,36.0,83,23.273,26.383,1.0,31,1126,1123,1154,2330.3
weighted_round_robin,5,37.0,86,23.132,26.076,1.0,32,1154,1150,1182,2330.3
weighted_round_robin,5,38.0,0,23.397,26.097,1.0,54,1181,1178,1127,2330.3
weighted_round_robin,5,39.0,82,23.676,26.632,1.0,30,1126,1124,1154,2330.3
weighted_round_robin,5,40.0,86,23.364,26.224,1.0,2,1153,1152,1154,2330.3
weighted_round_robin,5,41.0,87,23.551,26.553,1.0,30,1153,1152,1182,2330.3
weighted_round_robin,5,42.0,1,23.864,26.351,1.0,29,1181,1180,1209,2330.3
weighted_round_robin,5,43.0,83,23.241,26.1,1.0,31,1126,1124,1155,2330.3
weighted_round_robin,5,44.0,81,23.154,26.09,1.0,31,1154,1151,1182,2330.3
weighted_round_robin,5,45.0,82,23.196,26.031,1.0,6,1176,1179,1182,2330.3
weighted_round_robin,5,46.0,1,23.427,26.655,1.0,33,1176,1179,1209,2330.3
weighted_round_robin,5,47.0,69,23.318,26.411,1.0,31,1121,1119,1150,2330.3
weighted_round_robin,5,48.0,86,23.46,26.532,1.0,34,1143,1142,1176,2330.3
weighted_round_robin,5,49.1,58,23.179,26.239,1.0,33,1162,1161,1194,2330.3
weighted_round_robin,5,50.1,29,23.452,26.239,1.0,104,1090,1161,1194,2330.3
weighted_round_robin,5,51.1,81,23.64,26.426,1.0,34,1090,1088,1122,2330.3
weighted_round_robin,5,52.1,81,24.042,26.766,1.0,34,1117,1116,1150,2330.3
weighted_round_robin,5,53.1,11,23.586,26.651,1.0,34,1144,1144,1178,2330.3
weighted_round_robin,5,54.1,72,23.202,26.013,1.0,52,1171,1172,1120,2330.3
weighted_round_robin,5,55.1,82,23.236,26.013,1.0,56,1116,1172,1120,2330.3
weighted_round_robin,5,56.1,84,23.176,26.06,1.0,31,1116,1116,1147,2330.3
weighted_round_robin,5,57.1,16,23.325,26.04,1.0,31,1143,1144,1174,2330.3
weighted_round_robin,5,58.1,71,23.642,26.369,1.0,32,1170,1172,1202,2330.3
weighted_round_robin,5,59.1,83,23.317,26.121,1.0,34,1167,1170,1201,2330.3
weighted_round_robin,6,0.0,0,23.661,26.18,1.0,0,0,0,0,2365.3
weighted_round_robin,6,1.0,84,23.241,26.586,1.0,49,1069,1083,1118,2365.3
weighted_round_robin,6,2.0,87,22.746,25.617,1.0,48,1091,1106,1139,2365.3
weighted_round_robin,6,3.0,61,23.066,26.157,1.0,21,1118,1124,1139,2365.3
weighted_round_robin,6,4.0,20,23.723,26.935,1.0,56,1118,1124,1174,2365.3
weighted_round_robin,6,5.0,86,22.874,25.491,1.0,49,1070,1085,1119,2365.3
weighted_round_robin,6,6.0,84,23.095,25.741,1.0,49,1091,1105,1140,2365.3
weighted_round_robin,6,7.0,58,23.088,25.889,1.0,41,1119,1126,1160,2365.3
weighted_round_robin,6,8.0,9,23.088,25.889,1.0,41,1119,1126,1160,2365.3
weighted_round_robin,6,9.0,81,23.655,26.624,1.0,39,1141,1144,1180,2365.3
weighted_round_robin,6,10.0,81,24.003,27.094,1.0,29,1085,1090,1114,2365.3
weighted_round_robin,6,11.0,62,23.973,26.66,1.0,28,1113,1118,1141,2365.3
weighted_round_robin,6,12.0,9,23.507,26.358,1.0,27,1136,1141,1163,2365.3
weighted_round_robin,6,13.0,83,23.507,26.358,1.0,27,1136,1141,1163,2365.3
weighted_round_robin,6,14.0,86,24.246,27.249,1.0,26,1100,1105,1126,2365.3
weighted_round_robin,6,15.0,66,23.725,26.396,1.0,27,1127,1133,1154,2365.3
weighted_round_robin,6,16.0,20,23.742,27.136,1.0,27,1155,1160,1182,2365.3
weighted_round_robin,6,17.0,82,23.432,26.097,1.0,25,1091,1094,1116,2365.3
weighted_round_robin,6,18.0,67,23.432,26.097,1.0,25,1091,1094,1116,2365.3
weighted_round_robin,6,19.0,20,23.713,27.023,1.0,25,1118,1122,1143,2365.3
weighted_round_robin,6,20.0,81,23.031,26.264,1.0,34,1137,1147,1171,2365.3
weighted_round_robin,6,21.0,82,22.881,25.724,1.0,38,1098,1106,1136,2365.3
weighted_round_robin,6,22.0,61,22.675,25.197,1.0,38,1117,1128,1155,2365.3
weighted_round_robin,6,23.0,20,22.675,25.197,1.0,38,1117,1128,1155,2365.3
weighted_round_robin,6,24.0,82,23.696,27.117,1.0,49,1144,1172,1193,2365.3
weighted_round_robin,6,25.0,87,23.671,27.152,1.0,88,1105,1115,1193,2365.3
weighted_round_robin,6,26.0,76,23.671,27.152,1.0,88,1105,1115,1193,2365.3
weighted_round_robin,6,27.0,10,18.038,25.352,1.0,59,1105,1115,1164,2365.3
weighted_round_robin,6,28.0,83,20.832,26.585,1.0,23,1169,1170,1192,2365.3
weighted_round_robin,6,29.0,84,20.832,26.585,1.0,23,1169,1170,1192,2365.3
weighted_round_robin,6,30.0,87,20.862,26.497,1.0,22,1122,1125,1144,2365.3
weighted_round_robin,6,31.0,1,20.565,26.237,1.0,21,1150,1153,1171,2365.3
weighted_round_robin,6,32.0,84,20.803,26.458,1.0,20,1178,1181,1198,2365.3
weighted_round_robin,6,33.0,84,20.492,26.123,1.0,21,1121,1125,1142,2365.3
weighted_round_robin,6,34.0,82,20.492,26.123,1.0,21,1121,1125,1142,2365.3
weighted_round_robin,6,35.0,11,20.711,26.456,1.0,22,1148,1153,1170,2365.3
weighted_round_robin,6,36.0,70,20.548,26.323,1.0,25,1173,1180,1198,2365.3
weighted_round_robin,6,37.0,84,19.876,25.206,1.0,32,1194,1207,1226,2365.3
weighted_round_robin,6,38.0,66,20.445,25.781,1.0,29,1122,1124,1151,2365.3
weighted_round_robin,6,39.0,20,20.861,26.905,1.0,27,1150,1124,1151,2365.3
weighted_round_robin,6,40.0,68,20.837,26.935,1.0,23,1150,1151,1173,2365.3
weighted_round_robin,6,41.0,86,20.786,26.763,1.0,27,1169,1170,1196,2365.3
weighted_round_robin,6,42.0,82,21.328,27.58,1.0,25,1121,1123,1146,2365.3
weighted_round_robin,6,43.0,1,20.76,26.475,1.0,25,1149,1150,1174,2365.3
weighted_round_robin,6,44.0,82,20.77,26.283,1.0,4,1177,1178,1174,2365.3
weighted_round_robin,6,45.0,84,21.069,26.283,1.0,24,1177,1178,1201,2365.3
weighted_round_robin,6,46.0,72,21.535,26.967,1.0,23,1123,1122,1145,2365.3
weighted_round_robin,6,47.0,10,21.262,27.613,1.0,24,1151,1149,1173,2365.3
weighted_round_robin,6,48.0,82,20.728,26.64,1.0,23,1179,1177,1200,2365.3
weighted_round_robin,6,49.0,81,21.309,27.719,1.0,6,1206,1205,1200,2365.3
weighted_round_robin,6,50.0,66,21.461,27.719,1.0,23,1206,1205,1228,2365.3
weighted_round_robin,6,51.1,15,21.006,26.953,1.0,24,1150,1148,1172,2365.3
weighted_round_robin,6,52.1,21,21.687,27.774,1.0,26,1153,1151,1177,2365.3
weighted_round_robin,6,53.1,82,21.288,27.158,1.0,26,1180,1179,1205,2365.3
weighted_round_robin,6,54.1,85,21.105,27.023,1.0,83,1127,1122,1205,2365.3
weighted_round_robin,6,55.1,46,20.931,27.023,1.0,27,1127,1122,1149,2365.3
weighted_round_robin,6,56.1,40,21.267,26.992,1.0,26,1157,1150,1176,2365.3
weighted_round_robin,6,57.1,86,22.714,25.802,1.0,26,1178,1177,1203,2365.3
weighted_round_robin,6,58.1,37,20.585,26.52,1.0,26,1163,1158,1184,2365.3
weighted_round_robin,6,59.1,45,20.586,26.521,1.0,26,1181,1158,1184,2365.3
weighted_round_robin,7,0.0,0,21.456,27.511,1.0,0,0,0,0,1829.7
weighted_round_robin,7,1.0,81,21.456,27.511,1.0,0,0,0,0,1829.7
weighted_round_robin,7,2.0,82,21.762,28.182,0.9999,29,1130,1126,1155,1829.7
weighted_round_robin,7,3.0,87,20.69,26.754,1.0,28,1158,1154,1182,1829.7
weighted_round_robin,7,4.0,0,21.522,26.989,1.0,28,1185,1182,1210,1829.7
weighted_round_robin,7,5.0,81,21.523,27.76,1.0,29,1120,1115,1144,1829.7
weighted_round_robin,7,6.0,84,21.523,27.76,1.0,29,1120,1115,1144,1829.7
weighted_round_robin,7,7.0,82,21.082,27.378,1.0,28,1147,1143,1171,1829.7
weighted_round_robin,7,8.0,2,21.028,26.941,1.0,28,1174,1171,1199,1829.7
weighted_round_robin,7,9.0,86,20.903,26.175,1.0,31,1108,1107,1138,1829.7
weighted_round_robin,7,10.0,86,21.3,27.776,1.0,31,1136,1134,1165,1829.7
weighted_round_robin,7,11.0,82,21.3,27.776,1.0,31,1136,1134,1165,1829.7
weighted_round_robin,7,12.0,0,21.105,27.054,1.0,32,1164,1161,1193,1829.7
weighted_round_robin,7,13.0,47,21.466,27.205,1.0,47,1177,1174,1130,1829.7
weighted_round_robin,7,14.0,82,20.954,26.693,1.0,30,1129,1128,1158,1829.7
weighted_round_robin,7,15.0,38,21.439,27.054,1.0,30,1139,1138,1168,1829.7
weighted_round_robin,7,16.0,87,21.439,27.054,1.0,30,1139,1138,1168,1829.7
weighted_round_robin,7,17.0,11,21.119,27.233,1.0,31,1167,1165,1196,1829.7
weighted_round_robin,7,18.0,70,20.948,26.898,1.0,41,1110,1106,1147,1829.7
weighted_round_robin,7,19.0,86,20.04,25.73,1.0,47,1119,1122,1166,1829.7
weighted_round_robin,7,20.0,46,20.565,27.147,1.0,44,1146,1122,1166,1829.7
weighted_round_robin,7,21.0,37,21.116,27.3,1.0,60,1146,1169,1206,1829.7
weighted_round_robin,7,22.0,81,20.356,26.605,1.0,43,1092,1099,1135,1829.7
weighted_round_robin,7,23.0,86,21.221,26.998,1.0,41,1106,1107,1147,1829.7
weighted_round_robin,7,24.0,23,21.123,26.912,1.0,16,1134,1131,1147,1829.7
weighted_round_robin,7,25.0,20,20.784,26.912,1.0,44,1134,1131,1175,1829.7
weighted_round_robin,7,26.0,83,20.267,25.502,1.0,48,1067,1072,1115,1829.7
weighted_round_robin,7,27.0,87,20.435,26.121,1.0,47,1088,1092,1135,1829.7
weighted_round_robin,7,28.0,71,20.843,26.238,1.0,46,1109,1112,1155,1829.7
weighted_round_robin,7,29.0,10,21.325,27.54,1.0,101,1054,1112,1155,1829.7
weighted_round_robin,7,30.0,82,21.41,27.612,1.0,38,1054,1053,1091,1829.7
weighted_round_robin,7,31.0,82,21.042,27.096,1.0,38,1082,1080,1118,1829.7
weighted_round_robin,7,32.0,69,20.957,26.868,1.0,37,1110,1108,1145,1829.7
weighted_round_robin,7,33.0,17,20.989,26.968,1.0,48,1137,1136,1089,1829.7
weighted_round_robin,7,34.0,86,20.853,26.928,1.0,55,1081,1136,1089,1829.7
weighted_round_robin,7,35.0,84,20.595,26.21,1.0,35,1081,1083,1116,1829.7
weighted_round_robin,7,36.0,71,20.427,26.077,1.0,35,1109,1110,1144,1829.7
weighted_round_robin,7,37.0,16,20.815,26.83,1.0,35,1137,1137,1172,1829.7
weighted_round_robin,7,38.0,3,20.941,26.759,1.0,37,1063,1064,1100,1829.7
weighted_round_robin,7,39.0,86,20.732,26.586,1.0,36,1091,1064,1100,1829.7
weighted_round_robin,7,40.0,82,20.623,26.258,1.0,37,1091,1091,1128,1829.7
weighted_round_robin,7,41.0,61,20.664,26.344,1.0,35,1118,1118,1153,1829.7
weighted_round_robin,7,42.0,21,20.917,26.697,1.0,37,1061,1062,1098,1829.7
weighted_round_robin,7,43.0,82,21.145,27.116,1.0,9,1089,1090,1098,1829.7
weighted_round_robin,7,44.0,52,21.102,27.116,1.0,36,1089,1090,1125,1829.7
weighted_round_robin,7,45.0,32,22.974,26.027,1.0,36,1116,1118,1152,1829.7
weighted_round_robin,7,46.0,86,20.054,25.497,1.0,44,1052,1063,1096,1829.7
weighted_round_robin,7,47.0,83,20.547,26.479,1.0,51,1073,1083,1124,1829.7
weighted_round_robin,7,48.0,61,20.35,25.973,1.0,30,1094,1105,1124,1829.7
weighted_round_robin,7,49.0,22,20.496,25.973,1.0,52,1094,1105,1146,1829.7
weighted_round_robin,7,50.0,87,20.435,26.498,1.0,50,1118,1068,1109,1829.7
weighted_round_robin,7,51.1,83,20.356,25.856,1.0,41,1087,1090,1128,1829.7
weighted_round_robin,7,52.1,52,20.604,26.188,1.0,37,1114,1117,1151,1829.7
weighted_round_robin,7,53.1,33,20.58,26.367,1.0,9,1142,1145,1151,1829.7
weighted_round_robin,7,54.1,84,20.636,26.367,1.0,36,1142,1145,1178,1829.7
weighted_round_robin,7,55.1,84,20.744,26.335,1.0,37,1086,1090,1123,1829.7
weighted_round_robin,7,56.1,46,20.735,26.338,1.0,38,1113,1118,1151,1829.7
weighted_round_robin,7,57.1,41,20.517,26.304,1.0,39,1140,1146,1179,1829.7
weighted_round_robin,7,58.1,86,20.532,26.197,1.0,41,1138,1144,1179,1829.7
weighted_round_robin,7,59.1,41,20.524,26.197,1.0,38,1138,1144,1176,1829.7
weighted_round_robin,8,0.0,0,20.753,26.364,1.0,0,0,0,0,2420.1
weighted_round_robin,8,1.0,83,20.853,26.584,0.9997,1139,1139,0,0,2420.1
weighted_round_robin,8,2.0,81,20.704,26.555,0.9999,41,1139,1146,1180,2420.1
weighted_round_robin,8,3.0,72,20.53,26.081,1.0,41,1077,1082,1118,2420.1
weighted_round_robin,8,4.0,11,20.807,26.638,1.0,41,1105,1109,1146,2420.1
weighted_round_robin,8,5.0,83,20.453,26.184,1.0,41,1132,1137,1173,2420.1
weighted_round_robin,8,6.0,85,20.844,26.21,1.0,35,1077,1074,1109,2420.1
weighted_round_robin,8,7.0,82,20.844,26.21,1.0,35,1077,1074,1109,2420.1
weighted_round_robin,8,8.0,0,22.814,26.108,1.0,34,1104,1102,1136,2420.1
weighted_round_robin,8,9.0,86,19.858,25.099,1.0,45,1119,1127,1164,2420.1
weighted_round_robin,8,10.0,81,19.786,25.21,1.0,47,1070,1077,1117,2420.1
weighted_round_robin,8,11.0,57,20.042,25.671,1.0,46,1090,1095,1136,2420.1
weighted_round_robin,8,12.0,25,20.042,25.671,1.0,46,1090,1095,1136,2420.1
weighted_round_robin,8,13.0,81,20.356,26.189,1.0,40,1117,1117,1157,2420.1
weighted_round_robin,8,14.0,84,21.027,26.857,1.0,35,1145,1144,1179,2420.1
weighted_round_robin,8,15.0,68,20.971,26.906,1.0,36,1107,1108,1143,2420.1
weighted_round_robin,8,16.0,18,21.2,26.992,1.0,36,1135,1135,1171,2420.1
weighted_round_robin,8,17.0,82,21.2,26.992,1.0,36,1135,1135,1171,2420.1
weighted_round_robin,8,18.0,86,20.852,26.55,1.0,35,1163,1163,1198,2420.1
weighted_round_robin,8,19.0,67,20.866,26.728,1.0,33,1108,1106,1139,2420.1
weighted_round_robin,8,20.0,15,20.47,26.289,1.0,33,1135,1134,1167,2420.1
weighted_round_robin,8,21.0,85,20.612,26.165,1.0,34,1163,1161,1195,2420.1
weighted_round_robin,8,22.0,86,20.612,26.165,1.0,34,1163,1161,1195,2420.1
weighted_round_robin,8,23.0,7,20.892,26.765,1.0,35,1124,1122,1157,2420.1
weighted_round_robin,8,24.0,80,20.764,26.527,1.0,49,1132,1138,1181,2420.1
weighted_round_robin,8,25.0,81,20.599,26.578,1.0,45,1153,1155,1198,2420.1
weighted_round_robin,8,26.0,31,21.199,26.803,1.0,39,1097,1095,1134,2420.1
weighted_round_robin,8,27.0,51,21.199,26.803,1.0,39,1097,1095,1134,2420.1
weighted_round_robin,8,28.0,87,20.621,26.247,1.0,35,1125,1122,1157,2420.1
weighted_round_robin,8,29.0,86,21.001,26.871,1.0,34,1153,1150,1184,2420.1
weighted_round_robin,8,30.0,26,20.894,27.034,1.0,35,1179,1176,1211,2420.1
weighted_round_robin,8,31.0,60,20.6,26.604,1.0,38,1123,1118,1156,2420.1
weighted_round_robin,8,32.0,86,20.6,26.604,1.0,38,1123,1118,1156,2420.1
weighted_round_robin,8,33.0,68,20.98,27.233,1.0,36,1150,1143,1179,2420.1
weighted_round_robin,8,34.0,19,20.631,26.26,1.0,35,1177,1171,1206,2420.1
weighted_round_robin,8,35.0,81,20.253,25.973,1.0,35,1125,1127,1160,2420.1
weighted_round_robin,8,36.0,86,20.234,25.939,1.0,36,1147,1149,1183,2420.1
weighted_round_robin,8,37.0,1,20.234,25.939,1.0,36,1147,1149,1183,2420.1
weighted_round_robin,8,38.0,85,20.521,26.058,1.0,38,1168,1170,1206,2420.1
weighted_round_robin,8,39.0,81,20.672,26.47,1.0,31,1121,1123,1152,2420.1
weighted_round_robin,8,40.0,86,21.192,26.671,1.0,29,1148,1145,1174,2420.1
weighted_round_robin,8,41.0,1,20.878,26.898,1.0,25,1175,1173,1198,2420.1
weighted_round_robin,8,42.0,84,20.878,26.898,1.0,25,1175,1173,1198,2420.1
weighted_round_robin,8,43.0,84,20.669,26.672,1.0,81,1203,1122,1150,2420.1
weighted_round_robin,8,44.0,86,20.673,26.548,1.0,27,1153,1150,1177,2420.1
weighted_round_robin,8,45.0,0,20.671,26.342,1.0,27,1180,1178,1205,2420.1
weighted_round_robin,8,46.0,86,21.024,27.055,1.0,26,1208,1206,1232,2420.1
weighted_round_robin,8,47.0,86,21.024,27.055,1.0,26,1208,1206,1232,2420.1
weighted_round_robin,8,48.0,27,20.631,26.207,1.0,27,1143,1138,1165,2420.1
weighted_round_robin,8,49.0,57,20.445,26.206,1.0,34,1159,1164,1193,2420.1
weighted_round_robin,8,50.0,82,20.405,25.859,1.0,40,1178,1185,1218,2420.1
weighted_round_robin,8,51.1,61,20.427,25.765,1.0,42,1110,1115,1152,2420.1
weighted_round_robin,8,52.1,20,20.427,25.765,1.0,42,1110,1115,1152,2420.1
weighted_round_robin,8,53.1,1,20.838,26.77,1.0,20,1138,1132,1152,2420.1
weighted_round_robin,8,54.1,50,20.587,26.77,1.0,45,1138,1132,1177,2420.1
weighted_round_robin,8,55.1,86,20.535,26.478,1.0,62,1159,1097,1138,2420.1
weighted_round_robin,8,56.1,82,20.301,26.064,1.0,44,1116,1114,1158,2420.1
weighted_round_robin,8,57.1,21,20.69,26.697,1.0,23,1143,1135,1158,2420.1
weighted_round_robin,8,58.1,61,20.396,26.17,1.0,44,1171,1135,1179,2420.1
weighted_round_robin,8,59.1,87,20.747,26.508,1.0,36,1171,1162,1198,2420.1
weighted_round_robin,9,0.0,0,21.272,27.897,1.0,0,0,0,0,2278.8
weighted_round_robin,9,1.0,84,21.272,27.897,1.0,0,0,0,0,2278.8
weighted_round_robin,9,2.0,82,20.95,26.38,0.9999,33,1104,1098,1131,2278.8
weighted_round_robin,9,3.0,86,20.903,26.606,1.0,33,1132,1125,1158,2278.8
weighted_round_robin,9,4.0,1,20.816,26.743,1.0,33,1159,1153,1186,2278.8
weighted_round_robin,9,5.0,83,20.799,26.568,1.0,58,1187,1181,1129,2278.8
weighted_round_robin,9,6.0,82,20.799,26.568,1.0,58,1187,1181,1129,2278.8
weighted_round_robin,9,7.0,82,20.632,26.28,1.0,30,1132,1126,1156,2278.8
weighted_round_robin,9,8.0,1,20.618,26.113,1.0,30,1159,1154,1184,2278.8
weighted_round_robin,9,9.0,81,21.238,26.765,1.0,31,1187,1181,1212,2278.8
weighted_round_robin,9,10.0,87,21.093,27.365,1.0,27,1123,1118,1145,2278.8
weighted_round_robin,9,11.0,83,21.093,27.365,1.0,27,1123,1118,1145,2278.8
weighted_round_robin,9,12.0,1,20.741,26.257,1.0,26,1152,1146,1172,2278.8
weighted_round_robin,9,13.0,85,20.394,26.078,1.0,33,1152,1147,1180,2278.8
weighted_round_robin,9,14.0,77,20.919,26.808,1.0,28,1088,1082,1110,2278.8
weighted_round_robin,9,15.0,6,20.795,26.421,1.0,28,1115,1110,1138,2278.8
weighted_round_robin,9,16.0,83,20.795,26.421,1.0,28,1115,1110,1138,2278.8
weighted_round_robin,9,17.0,88,20.62,26.68,1.0,61,1104,1138,1165,2278.8
weighted_round_robin,9,18.0,72,20.482,26.236,1.0,27,1104,1100,1127,2278.8
weighted_round_robin,9,19.0,10,20.641,26.199,1.0,25,1130,1127,1152,2278.8
weighted_round_robin,9,20.0,82,20.57,26.368,1.0,25,1157,1154,1179,2278.8
weighted_round_robin,9,21.0,83,20.57,26.368,1.0,25,1157,1154,1179,2278.8
weighted_round_robin,9,22.0,57,20.694,26.346,1.0,26,1185,1181,1207,2278.8
weighted_round_robin,9,23.0,29,20.266,26.13,1.0,24,1127,1127,1151,2278.8
weighted_round_robin,9,24.0,85,21.099,26.229,1.0,25,1152,1155,1177,2278.8
weighted_round_robin,9,25.0,86,20.065,25.385,1.0,34,1171,1182,1205,2278.8
weighted_round_robin,9,26.0,11,20.065,25.385,1.0,34,1171,1182,1205,2278.8
weighted_round_robin,9,27.0,76,20.695,26.162,1.0,30,1123,1119,1149,2278.8
weighted_round_robin,9,28.0,82,20.29,26.134,1.0,36,1123,1130,1159,2278.8
weighted_round_robin,9,29.0,82,20.789,26.634,1.0,29,1151,1154,1180,2278.8
weighted_round_robin,9,30.0,3,20.933,27.292,1.0,84,1096,1102,1180,2278.8
weighted_round_robin,9,31.0,81,21.012,27.292,1.0,29,1096,1102,1125,2278.8
weighted_round_robin,9,32.0,84,20.599,26.43,1.0,24,1152,1129,1153,2278.8
weighted_round_robin,9,33.0,89,20.827,26.191,1.0,29,1152,1156,1181,2278.8
weighted_round_robin,9,34.0,21,20.976,26.704,1.0,29,1097,1100,1126,2278.8
weighted_round_robin,9,35.0,65,21.156,26.888,1.0,4,1124,1128,1126,2278.8
weighted_round_robin,9,36.0,89,20.958,26.888,1.0,30,1124,1128,1154,2278.8
weighted_round_robin,9,37.0,86,20.688,26.517,1.0,29,1153,1155,1182,2278.8
weighted_round_robin,9,38.0,36,20.64,26.251,1.0,29,1181,1182,1210,2278.8
weighted_round_robin,9,39.0,45,20.892,26.702,1.0,31,1124,1125,1155,2278.8
weighted_round_robin,9,40.0,57,21.008,26.801,1.0,15,1140,1140,1155,2278.8
weighted_round_robin,9,41.0,82,20.873,26.801,1.0,32,1140,1140,1172,2278.8
weighted_round_robin,9,42.0,67,20.547,26.192,1.0,33,1167,1168,1200,2278.8
weighted_round_robin,9,43.0,19,20.349,25.813,1.0,37,1109,1114,1146,2278.8
weighted_round_robin,9,44.0,85,20.743,26.313,1.0,50,1124,1139,1174,2278.8
weighted_round_robin,9,45.0,51,20.74,26.312,1.0,35,1157,1139,1174,2278.8
weighted_round_robin,9,46.0,31,20.262,25.84,1.0,45,1157,1163,1202,2278.8
weighted_round_robin,9,47.0,81,20.664,26.095,1.0,47,1095,1099,1142,2278.8
weighted_round_robin,9,48.0,84,20.294,26.51,1.0,43,1117,1119,1160,2278.8
weighted_round_robin,9,49.0,49,20.664,26.448,1.0,40,1144,1140,1180,2278.8
weighted_round_robin,9,50.0,32,20.664,26.448,1.0,40,1144,1140,1180,2278.8
weighted_round_robin,9,51.0,84,21.145,27.14,1.0,33,1112,1108,1141,2278.8
weighted_round_robin,9,52.1,78,20.552,26.117,1.0,32,1140,1136,1168,2278.8
weighted_round_robin,9,53.1,4,20.667,26.378,1.0,31,1168,1164,1195,2278.8
weighted_round_robin,9,54.1,81,20.363,26.059,1.0,31,1195,1192,1223,2278.8
weighted_round_robin,9,55.1,86,20.363,26.059,1.0,31,1195,1192,1223,2278.8
weighted_round_robin,9,56.1,31,20.722,26.463,1.0,31,1129,1128,1159,2278.8
weighted_round_robin,9,57.1,54,20.606,26.337,1.0,30,1157,1156,1186,2278.8
weighted_round_robin,9,58.1,82,20.48,26.358,1.0,43,1171,1178,1214,2278.8
weighted_round_robin,9,59.1,81,21.182,26.9,1.0,46,1187,1195,1233,2278.8
weighted_round_robin,10,0.0,0,20.804,26.641,1.0,0,0,0,0,2598.8
weighted_round_robin,10,1.0,81,23.615,26.338,1.0,36,1180,1184,1216,2598.8
weighted_round_robin,10,2.0,86,20.791,26.351,0.9999,31,1126,1126,1157,2598.8
weighted_round_robin,10,3.0,86,20.506,26.162,1.0,36,1148,1153,1184,2598.8
weighted_round_robin,10,4.0,34,20.506,26.162,1.0,36,1148,1153,1184,2598.8
weighted_round_robin,10,5.0,52,22.557,25.337,1.0,42,1169,1179,1211,2598.8
weighted_round_robin,10,6.0,87,19.956,25.571,1.0,44,1190,1197,1234,2598.8
weighted_round_robin,10,7.0,82,20.12,25.919,1.0,40,1127,1133,1167,2598.8
weighted_round_robin,10,8.0,51,20.274,26.11,1.0,35,1151,1149,1184,2598.8
weighted_round_robin,10,9.0,37,20.274,26.11,1.0,35,1151,1149,1184,2598.8
weighted_round_robin,10,10.0,1,20.476,26.293,1.0,8,1178,1176,1184,2598.8
weighted_round_robin,10,11.0,88,20.552,26.293,1.0,30,1178,1176,1148,2598.8
weighted_round_robin,10,12.0,81,20.514,26.163,1.0,46,1130,1147,1176,2598.8
weighted_round_robin,10,13.0,79,20.419,26.135,1.0,29,1163,1147,1176,2598.8
weighted_round_robin,10,14.0,3,20.225,25.953,1.0,41,1163,1175,1204,2598.8
weighted_round_robin,10,15.0,81,20.21,25.409,1.0,42,1107,1113,1149,2598.8
weighted_round_robin,10,16.0,87,20.457,26.116,1.0,44,1125,1132,1169,2598.8
weighted_round_robin,10,17.0,81,20.536,26.193,1.0,37,1149,1132,1169,2598.8
weighted_round_robin,10,18.0,2,20.56,26.178,1.0,56,1149,1173,1205,2598.8
weighted_round_robin,10,19.0,82,22.637,25.368,1.0,36,1111,1115,1147,2598.8
weighted_round_robin,10,20.0,86,19.815,25.422,1.0,39,1131,1136,1170,2598.8
weighted_round_robin,10,21.0,83,20.047,25.965,1.0,37,1152,1153,1189,2598.8
weighted_round_robin,10,22.0,1,20.044,25.957,1.0,92,1097,1153,1189,2598.8
weighted_round_robin,10,23.0,73,20.305,26.023,1.0,50,1097,1094,1144,2598.8
weighted_round_robin,10,24.0,84,20.069,25.447,1.0,42,1130,1139,1172,2598.8
weighted_round_robin,10,25.0,68,19.972,25.271,1.0,17,1155,1159,1172,2598.8
weighted_round_robin,10,26.0,18,19.757,25.271,1.0,44,1155,1159,1199,2598.8
weighted_round_robin,10,27.0,81,20.05,25.644,1.0,39,1094,1097,1133,2598.8
weighted_round_robin,10,28.0,83,20.38,26.37,1.0,37,1118,1116,1153,2598.8
weighted_round_robin,10,29.0,19,20.383,26.129,1.0,34,1145,1142,1176,2598.8
weighted_round_robin,10,30.0,52,20.277,26.04,1.0,34,1155,1142,1176,2598.8
weighted_round_robin,10,31.0,31,20.488,25.862,1.0,46,1155,1162,1201,2598.8
weighted_round_robin,10,32.0,86,20.742,26.95,1.0,30,1119,1116,1146,2598.8
weighted_round_robin,10,33.0,81,20.181,25.92,1.0,34,1140,1143,1174,2598.8
weighted_round_robin,10,34.0,41,20.181,25.92,1.0,34,1140,1143,1174,2598.8
weighted_round_robin,10,35.0,40,20.364,25.992,1.0,48,1164,1169,1121,2598.8
weighted_round_robin,10,36.0,85,20.602,26.676,1.0,43,1106,1112,1149,2598.8
weighted_round_robin,10,37.0,84,21.266,26.882,1.0,47,1127,1132,1174,2598.8
weighted_round_robin,10,38.0,41,20.661,25.618,1.0,25,1149,1153,1174,2598.8
weighted_round_robin,10,39.0,44,20.233,25.618,1.0,45,1149,1153,1194,2598.8
weighted_round_robin,10,40.0,84,20.76,26.347,1.0,41,1109,1101,1142,2598.8
weighted_round_robin,10,41.0,82,20.836,26.179,1.0,34,1136,1128,1162,2598.8
weighted_round_robin,10,42.0,37,21.075,26.35,1.0,34,1163,1156,1190,2598.8
weighted_round_robin,10,43.0,51,21.28,27.126,1.0,89,1107,1101,1190,2598.8
weighted_round_robin,10,44.0,82,20.841,27.126,1.0,34,1107,1101,1135,2598.8
weighted_round_robin,10,45.0,71,21.345,26.858,1.0,33,1135,1129,1162,2598.8
weighted_round_robin,10,46.0,11,21.339,28.159,1.0,32,1163,1157,1189,2598.8
weighted_round_robin,10,47.0,87,21.355,27.236,1.0,37,1107,1101,1138,2598.8
weighted_round_robin,10,48.0,90,21.001,26.317,1.0,11,1136,1127,1138,2598.8
weighted_round_robin,10,49.1,72,20.907,26.317,1.0,39,1136,1127,1166,2598.8
weighted_round_robin,10,50.1,12,21.218,27.201,1.0,40,1164,1154,1194,2598.8
weighted_round_robin,10,51.1,87,21.079,26.465,1.0,41,1192,1181,1222,2598.8
weighted_round_robin,10,52.1,85,20.987,26.639,1.0,42,1138,1124,1166,2598.8
weighted_round_robin,10,53.1,61,20.987,26.639,1.0,42,1138,1124,1166,2598.8
weighted_round_robin,10,54.1,20,20.468,26.012,1.0,41,1163,1152,1193,2598.8
weighted_round_robin,10,55.1,86,20.468,26.012,1.0,41,1163,1152,1193,2598.8
weighted_round_robin,10,56.1,85,20.468,26.012,1.0,41,1163,1152,1193,2598.8
weighted_round_robin,10,57.1,62,678.943,1802.341,1.0,40,1137,1123,1163,2598.8
weighted_round_robin,10,58.1,21,20.813,26.665,1.0,40,1165,1150,1190,2598.8
weighted_round_robin,10,59.1,86,20.889,26.9,1.0,41,1193,1174,1215,2598.8
random,1,0.0,0,21.279,27.312,1.0,0,0,0,0,2817.3
random,1,1.0,64,21.451,27.597,0.9981,44,1156,1144,1188,2817.3
random,1,2.0,86,19.981,25.295,0.9981,38,1092,1090,1128,2817.3
random,1,3.0,52,20.081,25.561,0.9992,38,1107,1090,1128,2817.3
random,1,4.0,33,19.894,25.562,0.9995,54,1107,1111,1161,2817.3
random,1,5.0,88,20.522,26.586,0.9985,54,1133,1128,1182,2817.3
random,1,6.0,81,20.867,26.79,0.9976,58,1102,1110,1160,2817.3
random,1,7.0,51,20.354,26.082,0.9992,50,1148,1110,1160,2817.3
random,1,8.0,33,20.885,26.351,0.9984,56,1148,1137,1193,2817.3
random,1,9.0,86,19.852,25.389,0.9975,72,1164,1153,1225,2817.3
random,1,10.0,84,20.935,26.664,0.9981,71,1105,1088,1159,2817.3
random,1,11.0,52,20.54,26.533,0.9994,56,1133,1114,1170,2817.3
random,1,12.0,33,20.54,26.533,0.9993,56,1133,1114,1170,2817.3
random,1,13.0,84,20.615,26.402,0.9984,47,1162,1142,1189,2817.3
random,1,14.0,87,21.096,27.13,0.998,111,1193,1082,1135,2817.3
random,1,15.0,54,21.245,27.949,0.9983,51,1141,1106,1157,2817.3
random,1,16.0,32,20.569,26.3,0.9982,52,1169,1133,1185,2817.3
random,1,17.0,86,20.569,26.3,0.9982,52,1169,1133,1185,2817.3
random,1,18.0,87,20.79,26.311,0.9983,56,1196,1159,1215,2817.3
random,1,19.0,0,20.778,26.707,0.9983,63,1146,1107,1170,2817.3
random,1,20.0,82,21.249,27.565,0.9996,51,1165,1145,1196,2817.3
random,1,21.0,17,20.582,26.352,0.9998,50,1169,1148,1198,2817.3
random,1,22.0,86,20.582,26.352,0.9999,50,1169,1148,1198,2817.3
random,1,23.0,7,20.593,26.166,0.9999,43,1108,1095,1138,2817.3
random,1,24.0,79,20.304,26.139,0.9999,47,1132,1122,1169,2817.3
random,1,25.0,85,20.584,26.414,0.9997,55,1143,1152,1198,2817.3
random,1,26.0,84,20.344,26.263,0.9995,65,1082,1095,1147,2817.3
random,1,27.0,1,20.344,26.263,0.9996,65,1082,1095,1147,2817.3
random,1,28.0,85,20.438,26.202,0.9996,72,1093,1116,1165,2817.3
random,1,29.0,85,22.794,26.421,0.9999,65,1115,1136,1180,2817.3
random,1,30.0,81,23.315,26.817,0.9998,48,1146,1160,1112,2817.3
random,1,31.0,1,20.813,26.09,0.9998,43,1089,1106,1132,2817.3
random,1,32.0,84,20.813,26.09,0.9998,43,1089,1106,1132,2817.3
random,1,33.0,76,20.693,26.659,0.9997,43,1113,1140,1156,2817.3
random,1,34.0,10,20.843,26.601,0.9996,44,1136,1176,1180,2817.3
random,1,35.0,87,20.926,26.895,0.9994,52,1077,1129,1120,2817.3
random,1,36.0,36,20.657,26.231,0.9994,52,1086,1138,1125,2817.3
random,1,37.0,84,20.657,26.231,0.9994,52,1086,1138,1125,2817.3
random,1,38.0,15,21.248,27.351,0.9994,56,1107,1163,1162,2817.3
random,1,39.0,71,21.195,27.372,0.9994,58,1055,1113,1098,2817.3
random,1,40.0,83,20.96,27.084,0.9991,76,1071,1147,1129,2817.3
random,1,41.0,83,20.571,26.118,0.9991,83,1091,1174,1129,2817.3
random,1,42.0,11,20.576,26.118,0.999,83,1091,1174,1157,2817.3
random,1,43.0,72,20.664,26.58,0.9984,99,1033,1132,1101,2817.3
random,1,44.0,83,20.314,25.676,0.9985,102,1054,1156,1134,2817.3
random,1,45.0,84,20.38,25.999,0.9985,111,1074,1185,1134,2817.3
random,1,46.0,7,20.253,25.999,0.9986,111,1074,1185,1162,2817.3
random,1,47.0,79,20.125,25.47,0.9984,112,1013,1125,1099,2817.3
random,1,48.0,81,20.863,26.489,0.998,109,1030,1139,1106,2817.3
random,1,49.0,5,20.95,27.023,0.9979,125,1049,1174,1135,2817.3
random,1,50.0,81,21.434,27.265,0.9981,122,1078,1200,1161,2817.3
random,1,51.1,86,21.434,27.265,0.9984,122,1078,1200,1161,2817.3
random,1,52.1,79,20.741,26.498,0.9984,116,1030,1146,1114,2817.3
random,1,53.1,7,21.353,27.919,0.9984,115,1056,1171,1136,2817.3
random,1,54.1,84,20.929,26.899,0.9984,114,1087,1201,1158,2817.3
random,1,55.1,86,20.768,26.557,0.9988,98,1041,1139,1098,2817.3
random,1,56.1,72,20.768,26.557,0.9989,98,1041,1139,1098,2817.3
random,1,57.1,10,20.415,26.036,0.9989,96,1067,1163,1128,2817.3
random,1,58.1,83,20.86,27.121,0.9987,109,1085,1194,1158,2817.3
random,1,59.1,85,20.043,25.559,0.999,107,1108,1215,1183,2817.3
random,2,0.0,0,21.242,27.608,1.0,0,0,0,0,1851.3
random,2,1.0,86,20.525,26.421,0.9869,1191,0,1191,1186,1851.3
random,2,2.0,84,20.376,26.017,0.9666,148,1043,1191,1186,1851.3
random,2,3.0,84,20.376,26.017,0.9869,148,1043,1191,1186,1851.3
random,2,4.0,0,24.362,27.327,0.9869,168,1043,1211,1167,1851.3
random,2,5.0,84,23.804,27.03,0.9934,114,1043,1157,1101,1851.3
random,2,6.0,81,23.84,27.108,0.9924,115,1073,1188,1123,1851.3
random,2,7.0,86,23.84,27.108,0.9924,115,1073,1188,1123,1851.3
random,2,8.0,0,23.451,26.294,0.9924,117,1101,1218,1148,1851.3
random,2,9.0,85,23.341,26.148,0.9909,73,1126,1170,1097,1851.3
random,2,10.0,83,22.823,25.973,0.9908,153,1047,1200,1126,1851.3
random,2,11.0,86,22.545,25.26,0.9888,164,1064,1228,1157,1851.3
random,2,12.0,0,22.545,25.26,0.9888,164,1064,1228,1157,1851.3
random,2,13.0,55,24.056,27.314,0.9931,158,1086,1244,1174,1851.3
random,2,14.0,84,23.307,26.189,0.9941,170,1022,1192,1110,1851.3
random,2,15.0,67,22.894,26.097,0.9942,169,1044,1213,1110,1851.3
random,2,16.0,19,22.879,26.056,0.9943,169,1044,1213,1134,1851.3
random,2,17.0,85,23.928,27.109,0.9956,167,1071,1238,1116,1851.3
random,2,18.0,87,23.826,27.273,0.9967,155,1044,1199,1145,1851.3
random,2,19.0,32,23.826,27.273,0.9962,155,1044,1199,1145,1851.3
random,2,20.0,55,22.703,26.097,0.996,146,1084,1230,1171,1851.3
random,2,21.0,84,24.201,27.737,0.9971,67,1120,1170,1103,1851.3
random,2,22.0,86,23.332,26.943,0.9978,112,1081,1193,1135,1851.3
random,2,23.0,41,23.332,26.943,0.9983,112,1081,1193,1135,1851.3
random,2,24.0,45,22.673,25.878,0.9988,113,1101,1214,1167,1851.3
random,2,25.0,86,22.664,25.726,0.9983,108,1127,1235,1187,1851.3
random,2,26.0,81,22.539,25.425,0.9981,115,1053,1168,1118,1851.3
random,2,27.0,58,22.967,26.169,0.9984,112,1079,1191,1137,1851.3
random,2,28.0,24,22.967,26.169,0.9982,112,1079,1191,1137,1851.3
random,2,29.0,84,23.198,26.218,0.9979,104,1111,1215,1151,1851.3
random,2,30.0,84,23.43,26.338,0.9985,74,1077,1151,1109,1851.3
random,2,31.0,82,23.489,26.323,0.9989,57,1115,1172,1133,1851.3
random,2,32.0,1,23.663,26.291,0.9989,44,1148,1192,1163,1851.3
random,2,33.0,84,23.934,26.905,0.9986,76,1116,1192,1163,1851.3
random,2,34.0,84,23.602,26.873,0.999,39,1116,1155,1123,1851.3
random,2,35.0,36,23.454,26.462,0.9992,42,1140,1182,1155,1851.3
random,2,36.0,51,23.601,26.585,0.9993,33,1171,1204,1185,1851.3
random,2,37.0,87,23.539,26.621,0.9995,33,1198,1231,1214,1851.3
random,2,38.0,83,23.474,26.36,0.9995,68,1161,1146,1214,1851.3
random,2,39.0,42,23.492,26.365,0.9993,15,1161,1146,1158,1851.3
random,2,40.0,44,23.201,26.329,0.9992,21,1197,1176,1178,1851.3
random,2,41.0,86,22.692,25.749,0.9992,18,1220,1202,1205,1851.3
random,2,42.0,83,22.856,25.758,0.9995,24,1168,1144,1159,1851.3
random,2,43.0,61,22.551,25.606,0.9996,29,1188,1163,1159,1851.3
random,2,44.0,22,22.403,25.309,0.9996,25,1188,1163,1188,1851.3
random,2,45.0,87,22.723,25.752,0.9996,23,1205,1182,1205,1851.3
random,2,46.0,83,23.003,26.062,0.9996,41,1154,1113,1139,1851.3
random,2,47.0,68,23.792,27.24,0.9995,38,1180,1142,1160,1851.3
random,2,48.0,18,23.356,26.161,0.9996,32,1205,1173,1183,1851.3
random,2,49.1,85,23.356,26.161,0.9998,32,1205,1173,1183,1851.3
random,2,50.1,82,23.458,26.365,0.9998,36,1231,1195,1218,1851.3
random,2,51.1,81,23.625,26.53,0.9998,47,1160,1132,1179,1851.3
random,2,52.1,0,23.399,26.275,0.9998,48,1186,1158,1206,1851.3
random,2,53.1,84,23.682,26.95,0.9999,53,1210,1185,1238,1851.3
random,2,54.1,87,23.682,26.95,1.0,53,1210,1185,1238,1851.3
random,2,55.1,22,23.148,26.298,0.9999,48,1158,1132,1180,1851.3
random,2,56.1,62,23.079,26.764,1.0,50,1179,1160,1210,1851.3
random,2,57.1,84,22.79,26.271,1.0,56,1201,1181,1237,1851.3
random,2,58.1,84,22.728,25.779,0.9999,53,1190,1175,1228,1851.3
random,2,59.1,1,22.728,25.779,0.9999,53,1190,1175,1228,1851.3
random,3,0.0,0,23.577,26.468,1.0,0,0,0,0,2404.4
random,3,1.0,85,23.061,26.043,0.9754,93,1230,1173,1266,2404.4
random,3,2.0,86,22.589,25.415,0.9529,122,1148,1098,1220,2404.4
random,3,3.0,12,22.589,25.415,0.9447,122,1148,1098,1220,2404.4
random,3,4.0,72,22.786,25.972,0.9782,126,1165,1118,1244,2404.4
random,3,5.0,81,22.685,25.444,0.9781,138,1189,1133,1271,2404.4
random,3,6.0,83,23.304,26.202,0.9837,176,1137,1055,1231,2404.4
random,3,7.0,31,23.32,26.207,0.9832,176,1174,1055,1231,2404.4
random,3,8.0,55,22.758,25.936,0.9806,174,1174,1090,1264,2404.4
random,3,9.0,84,22.78,26.017,0.9871,172,1191,1112,1284,2404.4
random,3,10.0,68,23.925,27.058,0.991,165,1157,1076,1241,2404.4
random,3,11.0,87,23.318,27.003,0.9906,144,1193,1097,1241,2404.4
random,3,12.0,1,22.977,26.106,0.9907,177,1193,1097,1274,2404.4
random,3,13.0,83,22.655,25.376,0.9888,192,1218,1111,1303,2404.4
random,3,14.0,37,23.228,26.334,0.9868,188,1163,1045,1233,2404.4
random,3,15.0,84,22.692,25.89,0.9881,193,1180,1073,1266,2404.4
random,3,16.0,76,22.854,25.922,0.9886,171,1192,1095,1266,2404.4
random,3,17.0,10,22.577,25.351,0.9885,203,1192,1095,1298,2404.4
random,3,18.0,87,22.71,25.525,0.9908,203,1211,1114,1317,2404.4
random,3,19.0,84,23.266,26.207,0.9928,210,1155,1056,1266,2404.4
random,3,20.0,83,22.586,25.216,0.9938,189,1189,1104,1293,2404.4
random,3,21.0,1,22.586,25.216,0.9937,189,1189,1104,1293,2404.4
random,3,22.0,84,22.727,25.347,0.9942,186,1211,1128,1314,2404.4
random,3,23.0,83,23.302,26.514,0.9946,204,1146,1058,1262,2404.4
random,3,24.0,38,23.284,26.569,0.9949,201,1173,1082,1283,2404.4
random,3,25.0,73,22.998,26.125,0.995,215,1183,1098,1313,2404.4
random,3,26.0,13,22.998,26.125,0.9955,215,1183,1098,1313,2404.4
random,3,27.0,84,23.244,26.277,0.9949,239,1106,1043,1282,2404.4
random,3,28.0,86,23.667,26.344,0.9948,217,1154,1095,1312,2404.4
random,3,29.0,81,23.459,26.282,0.995,217,1175,1095,1312,2404.4
random,3,30.0,7,22.945,26.19,0.9949,216,1175,1125,1341,2404.4
random,3,31.0,87,22.921,25.687,0.9957,219,1094,1053,1272,2404.4
random,3,32.0,82,23.456,26.18,0.9958,210,1124,1076,1286,2404.4
random,3,33.0,31,23.398,26.239,0.9958,217,1156,1098,1315,2404.4
random,3,34.0,55,23.422,26.271,0.996,262,1096,1053,1315,2404.4
random,3,35.0,84,23.424,26.272,0.996,200,1096,1053,1253,2404.4
random,3,36.0,81,23.361,26.123,0.9959,205,1120,1080,1285,2404.4
random,3,37.0,33,23.572,26.68,0.9959,210,1148,1105,1315,2404.4
random,3,38.0,54,24.185,27.244,0.9958,136,1182,1125,1261,2404.4
random,3,39.0,87,23.763,27.131,0.996,185,1119,1076,1261,2404.4
random,3,40.0,81,23.383,26.104,0.996,214,1119,1076,1290,2404.4
random,3,41.0,51,23.695,26.809,0.9963,217,1143,1104,1321,2404.4
random,3,42.0,33,23.642,26.35,0.9961,219,1167,1132,1351,2404.4
random,3,43.0,84,23.5,26.394,0.9961,223,1111,1075,1298,2404.4
random,3,44.0,85,23.753,26.402,0.9962,223,1136,1104,1327,2404.4
random,3,45.0,61,23.753,26.402,0.9966,223,1136,1104,1327,2404.4
random,3,46.0,23,23.07,25.987,0.9967,218,1165,1132,1350,2404.4
random,3,47.0,75,23.805,26.205,0.9968,205,1108,1075,1280,2404.4
random,3,48.0,3,23.928,27.017,0.9968,206,1109,1076,1282,2404.4
random,3,49.0,84,23.79,26.991,0.9975,188,1131,1115,1303,2404.4
random,3,50.0,84,23.79,26.991,0.9976,188,1131,1115,1303,2404.4
random,3,51.1,21,23.225,26.024,0.9974,166,1152,1069,1235,2404.4
random,3,52.1,67,23.057,25.958,0.9968,186,1088,1095,1274,2404.4
random,3,53.1,83,23.541,26.45,0.9972,187,1111,1128,1298,2404.4
random,3,54.1,83,23.032,26.289,0.9976,191,1132,1148,1323,2404.4
random,3,55.1,11,23.032,26.289,0.9977,191,1132,1148,1323,2404.4
random,3,56.1,71,23.079,26.078,0.9978,177,1073,1089,1250,2404.4
random,3,57.1,84,23.724,26.75,0.9981,177,1087,1111,1264,2404.4
random,3,58.1,61,24.004,27.77,0.9982,176,1114,1136,1290,2404.4
random,3,59.1,22,23.97,27.696,0.9984,157,1115,1144,1272,2404.4
random,4,0.0,0,23.438,26.353,1.0,0,0,0,0,2375.1
random,4,1.0,81,23.438,26.353,0.9571,0,0,0,0,2375.1
random,4,2.0,84,23.479,26.53,0.9954,55,1116,1171,1160,2375.1
random,4,3.0,36,24.747,28.368,0.9982,131,1060,1119,1191,2375.1
random,4,4.0,62,24.59,27.495,0.9962,130,1068,1129,1198,2375.1
random,4,5.0,25,23.979,26.985,0.9956,121,1099,1159,1220,2375.1
random,4,6.0,86,23.979,26.985,0.9981,121,1099,1159,1220,2375.1
random,4,7.0,82,23.66,26.143,1.0,119,1055,1118,1174,2375.1
random,4,8.0,61,23.588,26.535,0.9998,130,1076,1148,1206,2375.1
random,4,9.0,21,23.88,26.756,0.9999,130,1103,1177,1233,2375.1
random,4,10.0,81,23.418,26.27,1.0,114,1045,1135,1159,2375.1
random,4,11.0,81,23.418,26.27,0.9999,114,1045,1135,1159,2375.1
random,4,12.0,63,23.944,27.179,0.9993,121,1070,1161,1191,2375.1
random,4,13.0,20,24.384,27.324,0.9996,128,1095,1187,1223,2375.1
random,4,14.0,86,24.019,27.355,0.9998,104,1054,1107,1158,2375.1
random,4,15.0,78,23.402,26.287,0.9997,101,1082,1128,1183,2375.1
random,4,16.0,4,23.402,26.287,0.9997,101,1082,1128,1183,2375.1
random,4,17.0,1,23.402,26.32,0.9996,100,1086,1132,1186,2375.1
random,4,18.0,54,23.439,26.284,0.9996,59,1087,1146,1119,2375.1
random,4,19.0,84,22.818,25.655,0.9994,107,1042,1089,1149,2375.1
random,4,20.0,51,23.014,26.111,0.9995,101,1048,1100,1149,2375.1
random,4,21.0,35,23.392,26.801,0.9998,126,1048,1100,1174,2375.1
random,4,22.0,86,23.115,25.677,0.9998,121,1079,1144,1200,2375.1
random,4,23.0,81,23.0,25.865,0.9996,111,1041,1101,1152,2375.1
random,4,24.0,51,22.883,25.719,0.9995,112,1064,1119,1176,2375.1
random,4,25.0,34,22.895,25.752,0.9997,80,1096,1119,1176,2375.1
random,4,26.0,38,22.987,25.725,0.9997,98,1096,1139,1194,2375.1
random,4,27.0,86,23.196,26.003,0.9995,112,1026,1089,1138,2375.1
random,4,28.0,83,23.172,26.077,0.999,60,1078,1113,1138,2375.1
random,4,29.0,49,23.262,26.104,0.999,95,1078,1113,1173,2375.1
random,4,30.0,35,23.109,26.065,0.9991,89,1110,1136,1199,2375.1
random,4,31.0,86,23.05,25.759,0.9994,98,1040,1091,1138,2375.1
random,4,32.0,84,23.257,26.046,0.9994,101,1066,1116,1167,2375.1
random,4,33.0,52,22.79,25.503,0.9995,82,1085,1135,1167,2375.1
random,4,34.0,34,22.685,25.335,0.9994,107,1085,1135,1192,2375.1
random,4,35.0,84,22.993,26.014,0.9997,93,1021,1084,1114,2375.1
random,4,36.0,85,23.453,26.613,0.9999,86,1051,1106,1137,2375.1
random,4,37.0,46,24.082,26.635,0.9999,61,1078,1139,1137,2375.1
random,4,38.0,38,23.938,26.426,0.9997,107,1078,1139,1185,2375.1
random,4,39.0,86,22.728,25.531,0.9997,84,1035,1101,1119,2375.1
random,4,40.0,52,23.242,26.31,0.9996,83,1053,1123,1136,2375.1
random,4,41.0,32,23.178,26.18,0.9997,72,1076,1146,1148,2375.1
random,4,42.0,83,23.178,26.18,0.9998,72,1076,1146,1148,2375.1
random,4,43.0,84,24.656,27.896,0.9994,78,1024,1102,1098,2375.1
random,4,44.0,15,23.62,26.552,0.9994,91,1046,1124,1137,2375.1
random,4,45.0,72,24.263,27.544,0.9996,83,1080,1147,1163,2375.1
random,4,46.0,88,23.34,26.191,0.9992,103,1095,1180,1198,2375.1
random,4,47.0,86,23.34,26.191,0.9993,103,1095,1180,1198,2375.1
random,4,48.0,11,23.124,26.111,0.9993,69,1062,1114,1131,2375.1
random,4,49.1,75,28.649,39.739,0.9991,78,1085,1141,1163,2375.1
random,4,50.1,82,23.629,26.538,0.9992,79,1110,1171,1189,2375.1
random,4,51.1,86,23.157,26.526,0.9993,143,1046,1101,1189,2375.1
random,4,52.1,11,23.172,26.567,0.9992,102,1046,1101,1148,2375.1
random,4,53.1,71,22.739,25.62,0.9991,112,1068,1123,1180,2375.1
random,4,54.1,86,23.853,27.028,0.9993,113,1087,1145,1200,2375.1
random,4,55.1,17,23.378,26.748,0.9993,96,1035,1066,1131,2375.1
random,4,56.1,67,23.447,26.317,0.9994,67,1064,1089,1131,2375.1
random,4,57.1,84,23.428,26.311,0.9993,90,1064,1089,1154,2375.1
random,4,58.1,77,23.769,26.709,0.9992,100,1089,1112,1189,2375.1
random,4,59.1,9,24.054,26.8,0.9993,105,1110,1139,1215,2375.1
random,5,0.0,0,23.813,26.881,1.0,0,0,0,0,2086.0
random,5,1.0,87,23.472,26.43,0.9715,124,1100,1146,1224,2086.0
random,5,2.0,81,23.535,26.449,0.988,181,1043,1146,1224,2086.0
random,5,3.0,83,24.043,27.677,0.9956,143,1043,1102,1186,2086.0
random,5,4.0,1,23.952,27.213,0.9951,144,1071,1128,1215,2086.0
random,5,5.0,82,23.233,26.086,0.9992,140,1102,1153,1242,2086.0
random,5,6.0,83,23.523,26.351,0.9993,127,1043,1081,1170,2086.0
random,5,7.0,81,23.523,26.351,0.9994,127,1043,1081,1170,2086.0
random,5,8.0,1,23.567,26.964,0.9994,127,1070,1109,1197,2086.0
random,5,9.0,84,22.963,26.158,0.9989,135,1092,1136,1227,2086.0
random,5,10.0,66,23.284,26.14,0.9983,131,1011,1070,1142,2086.0
random,5,11.0,16,23.462,26.446,0.9989,132,1034,1090,1166,2086.0
random,5,12.0,84,23.462,26.446,0.9989,132,1034,1090,1166,2086.0
random,5,13.0,84,23.825,26.757,0.9983,129,1065,1114,1194,2086.0
random,5,14.0,67,24.229,27.025,0.9974,130,1095,1136,1225,2086.0
random,5,15.0,20,23.422,26.256,0.9976,124,1080,1116,1204,2086.0
random,5,16.0,87,23.554,26.452,0.9977,121,1111,1140,1232,2086.0
random,5,17.0,35,23.554,26.452,0.9975,121,1111,1140,1232,2086.0
random,5,18.0,85,23.708,27.255,0.9991,124,1119,1148,1243,2086.0
random,5,19.0,34,23.528,26.414,0.9994,103,1075,1091,1178,2086.0
random,5,20.0,52,23.516,26.367,0.9998,98,1102,1124,1200,2086.0
random,5,21.0,84,24.336,27.537,0.9998,100,1128,1153,1228,2086.0
random,5,22.0,50,24.336,27.537,0.9997,100,1128,1153,1228,2086.0
random,5,23.0,83,23.693,26.259,0.9993,114,1064,1111,1178,2086.0
random,5,24.0,1,23.648,26.903,0.9993,125,1087,1136,1212,2086.0
random,5,25.0,23,24.295,28.041,0.9995,126,1091,1143,1217,2086.0
random,5,26.0,88,24.076,27.993,0.9989,123,1110,1094,1217,2086.0
random,5,27.0,84,23.518,26.484,0.9993,69,1110,1094,1163,2086.0
random,5,28.0,60,23.394,26.361,0.9993,129,1060,1120,1189,2086.0
random,5,29.0,24,23.427,26.356,0.9995,124,1091,1145,1215,2086.0
random,5,30.0,87,23.664,26.77,0.9997,122,1116,1170,1238,2086.0
random,5,31.0,31,24.089,26.775,0.9998,208,1030,1094,1238,2086.0
random,5,32.0,54,23.937,26.398,0.9999,143,1030,1094,1173,2086.0
random,5,33.0,20,23.494,26.36,0.9999,121,1064,1117,1185,2086.0
random,5,34.0,86,23.112,25.825,1.0,135,1074,1132,1209,2086.0
random,5,35.0,83,22.708,25.92,1.0,113,1027,1062,1140,2086.0
random,5,36.0,11,22.929,26.106,1.0,82,1058,1083,1140,2086.0
random,5,37.0,73,22.96,26.115,1.0,97,1058,1083,1155,2086.0
random,5,38.0,82,23.789,26.554,0.9998,83,1089,1112,1172,2086.0
random,5,39.0,87,23.457,26.218,0.9999,52,1051,1050,1102,2086.0
random,5,40.0,11,23.316,26.128,0.9999,53,1077,1079,1130,2086.0
random,5,41.0,71,23.649,27.028,1.0,51,1098,1079,1130,2086.0
random,5,42.0,86,24.37,27.101,0.9999,63,1098,1110,1161,2086.0
random,5,43.0,85,23.32,26.27,0.9998,80,1127,1047,1104,2086.0
random,5,44.0,7,23.741,26.239,0.9998,47,1079,1080,1126,2086.0
random,5,45.0,77,23.496,26.472,0.9998,42,1110,1108,1150,2086.0
random,5,46.0,86,23.565,26.493,0.9995,42,1144,1108,1150,2086.0
random,5,47.0,87,23.449,26.271,0.9994,27,1144,1140,1167,2086.0
random,5,48.0,31,23.994,26.883,0.9994,20,1096,1085,1105,2086.0
random,5,49.1,53,23.336,26.081,0.9993,12,1125,1116,1128,2086.0
random,5,50.1,86,23.7,26.938,0.9994,15,1154,1142,1157,2086.0
random,5,51.1,70,23.7,26.938,0.9992,15,1154,1142,1157,2086.0
random,5,52.1,16,23.147,26.187,0.9992,11,1100,1089,1095,2086.0
random,5,53.1,86,23.236,25.893,0.9991,11,1124,1113,1121,2086.0
random,5,54.1,87,22.781,25.909,0.9992,16,1146,1136,1152,2086.0
random,5,55.1,46,23.42,26.292,0.9993,25,1091,1070,1066,2086.0
random,5,56.1,38,23.42,26.292,0.9994,25,1091,1070,1066,2086.0
random,5,57.1,88,23.455,26.815,0.9993,35,1119,1084,1088,2086.0
random,5,58.1,84,23.345,26.309,0.9994,48,1153,1105,1110,2086.0
random,5,59.1,48,23.419,26.79,0.9994,50,1178,1128,1134,2086.0
random,6,0.0,0,23.242,26.148,1.0,0,0,0,0,2296.7
random,6,1.0,84,23.667,26.35,0.9159,50,1168,1123,1118,2296.7
random,6,2.0,83,22.876,25.823,0.9974,56,1197,1141,1148,2296.7
random,6,3.0,82,23.31,26.413,0.9959,50,1122,1073,1072,2296.7
random,6,4.0,1,24.312,27.561,0.996,81,1153,1096,1072,2296.7
random,6,5.0,81,24.227,27.536,0.9983,60,1153,1096,1093,2296.7
random,6,6.0,86,23.367,26.143,0.9967,58,1177,1119,1123,2296.7
random,6,7.0,85,23.488,26.305,0.9966,64,1134,1070,1077,2296.7
random,6,8.0,1,23.688,26.057,0.9966,73,1170,1097,1097,2296.7
random,6,9.0,87,23.678,26.053,0.9929,111,1208,1097,1097,2296.7
random,6,10.0,87,23.435,26.165,0.9966,90,1208,1121,1118,2296.7
random,6,11.0,85,23.499,26.486,0.9957,168,1227,1083,1059,2296.7
random,6,12.0,1,24.172,27.364,0.9959,91,1173,1109,1082,2296.7
random,6,13.0,84,24.207,27.484,0.9955,85,1200,1132,1115,2296.7
random,6,14.0,85,23.788,26.537,0.996,114,1229,1132,1115,2296.7
random,6,15.0,26,23.566,26.416,0.9956,88,1229,1158,1141,2296.7
random,6,16.0,61,23.615,26.761,0.9944,96,1181,1085,1099,2296.7
random,6,17.0,86,23.195,25.79,0.9954,93,1208,1115,1120,2296.7
random,6,18.0,84,23.964,27.232,0.9959,117,1237,1141,1120,2296.7
random,6,19.0,31,24.527,27.494,0.996,96,1237,1141,1152,2296.7
random,6,20.0,54,23.318,26.155,0.9962,110,1199,1089,1099,2296.7
random,6,21.0,82,23.875,27.581,0.9958,115,1231,1116,1118,2296.7
random,6,22.0,88,23.045,26.058,0.9962,112,1253,1146,1141,2296.7
random,6,23.0,21,23.045,26.058,0.9963,112,1253,1146,1141,2296.7
random,6,24.0,63,23.266,26.345,0.9964,124,1222,1101,1098,2296.7
random,6,25.0,81,23.44,27.116,0.9965,125,1248,1128,1123,2296.7
random,6,26.0,85,23.039,25.505,0.9968,127,1272,1145,1151,2296.7
random,6,27.0,16,23.403,26.455,0.9962,124,1210,1086,1151,2296.7
random,6,28.0,68,23.298,26.424,0.997,124,1210,1086,1095,2296.7
random,6,29.0,83,23.657,26.068,0.998,126,1239,1113,1117,2296.7
random,6,30.0,17,23.423,26.369,0.9981,119,1261,1143,1142,2296.7
random,6,31.0,69,23.55,26.302,0.9985,102,1218,1120,1116,2296.7
random,6,32.0,87,23.988,27.417,0.9989,125,1241,1155,1116,2296.7
random,6,33.0,83,24.368,27.531,0.9988,100,1241,1155,1141,2296.7
random,6,34.0,0,23.621,26.517,0.9988,98,1270,1178,1172,2296.7
random,6,35.0,84,23.507,26.35,0.9991,91,1294,1203,1206,2296.7
random,6,36.0,86,23.434,26.428,0.9991,84,1228,1144,1166,2296.7
random,6,37.0,84,22.991,26.02,0.9992,110,1254,1144,1166,2296.7
random,6,38.0,0,22.869,26.06,0.9992,83,1254,1171,1195,2296.7
random,6,39.0,88,23.099,25.945,0.9991,78,1275,1197,1222,2296.7
random,6,40.0,17,24.132,26.917,0.999,99,1208,1109,1146,2296.7
random,6,41.0,86,23.786,27.219,0.9989,106,1240,1134,1172,2296.7
random,6,42.0,72,23.786,27.219,0.9988,106,1240,1134,1172,2296.7
random,6,43.0,11,23.529,26.848,0.9989,103,1267,1164,1197,2296.7
random,6,44.0,85,23.789,26.362,0.9993,78,1184,1106,1165,2296.7
random,6,45.0,82,23.74,26.348,0.9995,109,1215,1106,1165,2296.7
random,6,46.0,11,23.813,27.405,0.9994,76,1215,1139,1188,2296.7
random,6,47.0,75,23.16,26.288,0.9992,91,1249,1158,1216,2296.7
random,6,48.0,87,23.734,26.969,0.9992,82,1178,1096,1172,2296.7
random,6,49.0,81,23.734,26.969,0.9992,82,1178,1096,1172,2296.7
random,6,50.0,1,23.244,26.079,0.9992,94,1215,1121,1206,2296.7
random,6,51.1,83,23.585,26.373,0.9992,94,1244,1150,1231,2296.7
random,6,52.1,70,24.329,27.126,0.9991,89,1183,1094,1160,2296.7
random,6,53.1,86,24.347,27.174,0.9992,114,1208,1094,1160,2296.7
random,6,54.1,1,23.839,27.158,0.9992,87,1208,1121,1193,2296.7
random,6,55.1,83,23.277,26.238,0.9988,95,1236,1141,1215,2296.7
random,6,56.1,87,22.892,25.629,0.9989,83,1169,1086,1162,2296.7
random,6,57.1,87,22.587,25.37,0.999,74,1189,1115,1186,2296.7
random,6,58.1,1,22.587,25.37,0.999,74,1189,1115,1186,2296.7
random,6,59.1,84,23.255,26.24,0.9991,89,1213,1124,1209,2296.7
random,7,0.0,0,23.82,26.52,1.0,0,0,0,0,2351.7
random,7,1.0,86,23.161,26.372,0.9869,74,1187,1118,1192,2351.7
random,7,2.0,86,23.169,25.751,0.9907,74,1213,1145,1219,2351.7
random,7,3.0,83,23.18,26.152,0.9923,47,1143,1104,1151,2351.7
random,7,4.0,1,23.254,26.26,0.9925,61,1165,1104,1151,2351.7
random,7,5.0,87,23.917,26.624,0.9969,60,1165,1123,1183,2351.7
random,7,6.0,81,23.059,25.426,0.999,46,1203,1161,1207,2351.7
random,7,7.0,52,22.667,25.579,0.9998,107,1135,1100,1207,2351.7
random,7,8.0,31,22.737,25.6,0.9996,58,1135,1100,1158,2351.7
random,7,9.0,82,23.245,26.617,0.9988,68,1162,1115,1183,2351.7
random,7,10.0,86,23.633,26.989,0.9994,56,1193,1142,1198,2351.7
random,7,11.0,51,23.12,26.144,0.9993,38,1133,1095,1124,2351.7
random,7,12.0,35,23.254,26.505,0.9982,69,1164,1095,1124,2351.7
random,7,13.0,78,23.617,26.613,0.9986,51,1164,1113,1156,2351.7
random,7,14.0,86,24.014,26.981,0.9982,54,1187,1133,1187,2351.7
random,7,15.0,85,23.28,26.139,0.9967,53,1130,1077,1130,2351.7
random,7,16.0,31,23.341,26.087,0.9976,67,1164,1097,1159,2351.7
random,7,17.0,51,23.444,26.367,0.9966,91,1188,1097,1159,2351.7
random,7,18.0,84,23.988,26.418,0.9968,71,1188,1122,1193,2351.7
random,7,19.0,84,23.603,26.376,0.9981,64,1213,1149,1186,2351.7
random,7,20.0,32,23.376,26.352,0.9974,89,1143,1093,1182,2351.7
random,7,21.0,52,23.76,26.803,0.9979,95,1174,1116,1211,2351.7
random,7,22.0,84,23.723,26.792,0.9976,95,1205,1116,1211,2351.7
random,7,23.0,84,23.513,26.476,0.9974,97,1205,1141,1238,2351.7
random,7,24.0,37,23.399,26.325,0.9977,103,1143,1086,1189,2351.7
random,7,25.0,46,23.351,26.412,0.9977,100,1171,1115,1215,2351.7
random,7,26.0,86,23.267,26.226,0.9984,93,1197,1147,1240,2351.7
random,7,27.0,86,23.267,26.226,0.9988,93,1197,1147,1240,2351.7
random,7,28.0,52,23.606,26.434,0.9992,110,1149,1078,1188,2351.7
random,7,29.0,30,23.705,26.607,0.9993,104,1172,1111,1215,2351.7
random,7,30.0,82,23.346,26.16,0.9997,112,1176,1117,1229,2351.7
random,7,31.0,32,23.279,26.5,0.9998,76,1117,1074,1150,2351.7
random,7,32.0,54,23.279,26.5,0.9999,76,1117,1074,1150,2351.7
random,7,33.0,83,23.197,26.066,0.9999,59,1143,1110,1169,2351.7
random,7,34.0,86,23.361,26.189,0.9997,62,1177,1131,1193,2351.7
random,7,35.0,31,23.274,26.051,0.9997,60,1214,1154,1157,2351.7
random,7,36.0,57,23.218,26.02,0.9998,60,1185,1125,1157,2351.7
random,7,37.0,84,23.281,26.191,0.9995,60,1185,1125,1184,2351.7
random,7,38.0,89,24.005,26.827,0.9999,72,1220,1148,1209,2351.7
random,7,39.0,62,23.776,26.402,0.9998,59,1237,1179,1238,2351.7
random,7,40.0,20,23.583,26.612,0.9998,58,1187,1129,1179,2351.7
random,7,41.0,84,23.587,26.644,0.9999,53,1209,1156,1179,2351.7
random,7,42.0,87,23.429,26.596,0.9997,53,1209,1156,1206,2351.7
random,7,43.0,58,23.904,27.121,0.9994,60,1243,1183,1228,2351.7
random,7,44.0,30,23.895,27.71,0.9994,69,1193,1124,1171,2351.7
random,7,45.0,85,22.952,25.924,0.9993,63,1204,1141,1198,2351.7
random,7,46.0,33,22.919,25.833,0.9994,90,1231,1141,1198,2351.7
random,7,47.0,55,23.026,25.812,0.9992,66,1231,1165,1220,2351.7
random,7,48.0,86,22.939,25.893,0.9991,63,1176,1113,1168,2351.7
random,7,49.0,88,23.356,27.036,0.9994,72,1205,1133,1187,2351.7
random,7,50.0,31,23.379,26.251,0.9992,58,1228,1170,1199,2351.7
random,7,51.1,55,23.379,26.251,0.9993,58,1228,1170,1199,2351.7
random,7,52.1,86,23.674,26.761,0.9993,143,1260,1117,1135,2351.7
random,7,53.1,82,23.738,26.794,0.9994,49,1197,1148,1158,2351.7
random,7,54.1,31,23.516,26.568,0.9993,47,1222,1175,1184,2351.7
random,7,55.1,51,23.545,26.415,0.9993,51,1254,1207,1203,2351.7
random,7,56.1,84,23.545,26.415,0.9992,51,1254,1207,1203,2351.7
random,7,57.1,85,23.788,27.042,0.9991,55,1200,1150,1145,2351.7
random,7,58.1,33,23.93,27.024,0.9993,58,1229,1171,1171,2351.7
random,7,59.1,53,23.427,26.318,0.9994,52,1247,1195,1206,2351.7
random,8,0.0,0,23.388,26.305,1.0,0,0,0,0,2327.5
random,8,1.0,83,23.895,26.7,0.9588,55,1210,1155,1168,2327.5
random,8,2.0,87,23.445,26.301,0.9686,133,1240,1186,1107,2327.5
random,8,3.0,84,23.445,26.301,0.9866,133,1240,1186,1107,2327.5
random,8,4.0,1,23.386,26.151,0.9879,45,1178,1140,1133,2327.5
random,8,5.0,85,23.333,26.073,0.9882,56,1213,1164,1157,2327.5
random,8,6.0,84,23.177,26.167,0.9891,51,1233,1199,1182,2327.5
random,8,7.0,85,22.989,26.115,0.994,35,1167,1147,1182,2327.5
random,8,8.0,1,22.909,25.897,0.9938,41,1167,1147,1126,2327.5
random,8,9.0,85,22.922,25.674,0.9964,31,1189,1164,1158,2327.5
random,8,10.0,84,23.26,26.713,0.9921,45,1217,1183,1172,2327.5
random,8,11.0,84,23.103,25.94,0.9975,45,1161,1143,1116,2327.5
random,8,12.0,1,23.129,26.01,0.9977,66,1182,1143,1116,2327.5
random,8,13.0,86,23.451,26.36,0.9973,22,1182,1163,1160,2327.5
random,8,14.0,79,22.97,25.793,0.9983,28,1218,1203,1190,2327.5
random,8,15.0,4,23.462,26.374,0.9982,56,1166,1130,1110,2327.5
random,8,16.0,87,23.482,26.428,0.9979,86,1196,1130,1110,2327.5
random,8,17.0,88,23.455,26.428,0.9976,57,1196,1154,1139,2327.5
random,8,18.0,76,23.419,26.215,0.9987,61,1226,1181,1165,2327.5
random,8,19.0,11,23.307,26.195,0.9987,61,1164,1144,1103,2327.5
random,8,20.0,83,23.655,26.5,0.9985,61,1194,1167,1133,2327.5
random,8,21.0,85,23.592,26.481,0.9996,80,1213,1167,1133,2327.5
random,8,22.0,62,23.813,27.13,0.9998,51,1213,1202,1162,2327.5
random,8,23.0,23,24.017,27.21,0.9995,48,1239,1230,1191,2327.5
random,8,24.0,86,23.441,26.29,0.9996,50,1178,1147,1128,2327.5
random,8,25.0,84,23.217,26.209,0.9999,39,1199,1176,1160,2327.5
random,8,26.0,62,23.195,26.203,0.9997,59,1219,1176,1160,2327.5
random,8,27.0,25,23.328,26.92,0.9998,35,1219,1205,1184,2327.5
random,8,28.0,87,22.615,25.558,0.9996,40,1183,1143,1144,2327.5
random,8,29.0,41,23.051,25.971,0.9997,51,1205,1166,1154,2327.5
random,8,30.0,41,23.404,26.094,0.9996,54,1226,1184,1172,2327.5
random,8,31.0,85,23.404,26.094,0.9998,54,1226,1184,1172,2327.5
random,8,32.0,84,24.284,27.581,0.9998,28,1155,1139,1127,2327.5
random,8,33.0,43,23.71,26.981,0.9998,20,1177,1170,1157,2327.5
random,8,34.0,40,23.406,26.158,0.9998,28,1209,1197,1181,2327.5
random,8,35.0,84,23.461,26.252,0.9997,24,1139,1130,1115,2327.5
random,8,36.0,86,23.461,26.252,0.9999,24,1139,1130,1115,2327.5
random,8,37.0,41,23.625,26.304,1.0,20,1168,1151,1148,2327.5
random,8,38.0,41,23.39,26.284,0.9999,23,1198,1177,1175,2327.5
random,8,39.0,84,23.332,26.097,0.9999,25,1227,1204,1202,2327.5
random,8,40.0,86,23.164,26.101,1.0,10,1166,1159,1169,2327.5
random,8,41.0,36,23.164,26.101,1.0,10,1166,1159,1169,2327.5
random,8,42.0,50,22.901,26.187,1.0,18,1179,1187,1197,2327.5
random,8,43.0,84,23.071,26.055,1.0,30,1200,1209,1230,2327.5
random,8,44.0,25,23.232,26.163,1.0,24,1131,1153,1155,2327.5
random,8,45.0,56,23.746,26.691,1.0,26,1153,1179,1155,2327.5
random,8,46.0,87,23.834,26.717,0.9999,26,1153,1179,1176,2327.5
random,8,47.0,83,23.408,26.489,0.9999,35,1177,1212,1202,2327.5
random,8,48.0,31,23.435,26.344,0.9999,38,1122,1143,1160,2327.5
random,8,49.1,51,23.324,26.143,0.9999,36,1150,1172,1186,2327.5
random,8,50.1,86,23.469,26.458,0.9998,27,1175,1202,1186,2327.5
random,8,51.1,87,23.42,26.443,0.9997,39,1175,1202,1214,2327.5
random,8,52.1,22,23.868,27.001,0.9997,46,1109,1140,1155,2327.5
random,8,53.1,7,23.707,26.082,0.9997,52,1111,1142,1163,2327.5
random,8,54.1,79,23.345,26.209,0.9997,50,1138,1168,1188,2327.5
random,8,55.1,86,23.488,26.204,0.9997,33,1162,1195,1188,2327.5
random,8,56.1,84,23.402,26.113,0.9998,55,1162,1195,1217,2327.5
random,8,57.1,11,23.421,26.165,0.9998,55,1126,1157,1181,2327.5
random,8,58.1,74,23.829,26.657,0.9997,60,1150,1187,1210,2327.5
random,8,59.1,84,23.143,25.931,0.9999,52,1186,1208,1238,2327.5
random,9,0.0,0,23.534,26.36,1.0,0,0,0,0,2664.6
random,9,1.0,85,23.472,26.371,0.9645,84,1142,1174,1226,2664.6
random,9,2.0,88,23.034,26.391,0.9888,106,1074,1110,1180,2664.6
random,9,3.0,63,23.0,25.698,0.9908,104,1090,1123,1194,2664.6
random,9,4.0,20,23.0,25.698,0.9919,104,1090,1123,1194,2664.6
random,9,5.0,81,23.221,26.037,0.9953,101,1114,1145,1215,2664.6
random,9,6.0,83,23.86,27.048,0.9987,95,1141,1173,1236,2664.6
random,9,7.0,72,23.429,26.55,0.9992,94,1079,1132,1173,2664.6
random,9,8.0,10,23.282,26.038,0.9987,94,1104,1165,1198,2664.6
random,9,9.0,86,23.282,26.038,0.9984,94,1104,1165,1198,2664.6
random,9,10.0,84,23.647,26.538,0.9988,95,1130,1195,1225,2664.6
random,9,11.0,82,23.482,26.352,0.9989,96,1069,1150,1165,2664.6
random,9,12.0,2,23.45,26.129,0.9986,96,1101,1169,1197,2664.6
random,9,13.0,85,23.407,26.3,0.9984,99,1128,1195,1227,2664.6
random,9,14.0,86,23.407,26.3,0.9983,99,1128,1195,1227,2664.6
random,9,15.0,77,23.349,26.231,0.9989,106,1068,1141,1174,2664.6
random,9,16.0,7,23.951,27.293,0.9989,101,1096,1173,1197,2664.6
random,9,17.0,85,23.318,26.08,0.9989,101,1121,1206,1222,2664.6
random,9,18.0,87,23.17,26.11,0.9991,24,1146,1138,1162,2664.6
random,9,19.0,11,23.17,26.11,0.9993,24,1146,1138,1162,2664.6
random,9,20.0,74,23.289,26.595,0.9995,98,1084,1160,1182,2664.6
random,9,21.0,88,22.86,25.735,0.999,94,1109,1183,1203,2664.6
random,9,22.0,87,23.049,26.19,0.9991,92,1131,1205,1223,2664.6
random,9,23.0,0,23.397,26.151,0.9991,88,1076,1143,1164,2664.6
random,9,24.0,87,23.397,26.151,0.9995,88,1076,1143,1164,2664.6
random,9,25.0,86,23.741,26.686,0.9996,80,1108,1170,1188,2664.6
random,9,26.0,76,23.282,26.112,0.9998,82,1135,1197,1217,2664.6
random,9,27.0,8,23.615,26.392,0.9998,60,1099,1130,1159,2664.6
random,9,28.0,84,23.426,26.443,0.9998,60,1126,1159,1186,2664.6
random,9,29.0,84,23.426,26.443,0.9999,60,1126,1159,1186,2664.6
random,9,30.0,83,23.597,26.555,0.9999,59,1156,1183,1215,2664.6
random,9,31.0,5,23.497,26.485,0.9999,48,1103,1136,1151,2664.6
random,9,32.0,86,23.374,26.212,0.9999,45,1130,1163,1175,2664.6
random,9,33.0,25,23.522,26.177,0.9999,47,1134,1168,1181,2664.6
random,9,34.0,86,23.522,26.177,0.9996,47,1134,1168,1181,2664.6
random,9,35.0,85,24.169,27.478,0.9995,82,1153,1201,1119,2664.6
random,9,36.0,0,23.82,26.366,0.9995,69,1087,1150,1156,2664.6
random,9,37.0,86,24.003,27.344,0.9994,72,1112,1180,1184,2664.6
random,9,38.0,83,23.459,26.221,0.9994,72,1138,1206,1210,2664.6
random,9,39.0,4,23.459,26.221,0.9994,72,1138,1206,1210,2664.6
random,9,40.0,88,23.208,26.183,0.9996,82,1068,1150,1145,2664.6
random,9,41.0,86,22.868,25.764,0.9996,55,1120,1175,1170,2664.6
random,9,42.0,84,23.084,25.257,0.9997,63,1141,1197,1204,2664.6
random,9,43.0,0,23.084,25.257,0.9997,63,1141,1197,1204,2664.6
random,9,44.0,87,23.549,26.728,0.9997,48,1105,1143,1153,2664.6
random,9,45.0,86,23.241,25.83,0.9998,46,1133,1172,1179,2664.6
random,9,46.0,83,22.865,25.858,0.9997,52,1150,1202,1179,2664.6
random,9,47.0,1,23.037,26.322,0.9997,56,1150,1202,1206,2664.6
random,9,48.0,77,22.903,25.509,0.9998,63,1119,1151,1182,2664.6
random,9,49.0,87,22.575,25.346,1.0,66,1142,1167,1208,2664.6
random,9,50.1,86,23.022,25.949,1.0,56,1174,1176,1230,2664.6
random,9,51.1,1,23.095,26.147,1.0,110,1120,1176,1230,2664.6
random,9,52.1,84,23.12,26.139,1.0,37,1120,1122,1157,2664.6
random,9,53.1,83,23.382,26.183,1.0,37,1154,1141,1178,2664.6
random,9,54.1,84,23.337,26.1,0.9999,38,1175,1169,1207,2664.6
random,9,55.1,7,23.784,26.948,0.9999,50,1115,1110,1160,2664.6
random,9,56.1,79,23.577,26.471,0.9999,50,1139,1110,1160,2664.6
random,9,57.1,86,23.469,26.362,0.9999,50,1139,1140,1189,2664.6
random,9,58.1,1,23.505,26.49,0.9999,54,1163,1171,1217,2664.6
random,9,59.1,85,23.507,26.451,0.9999,51,1190,1203,1241,2664.6
random,10,0.0,0,23.4,26.364,1.0,0,0,0,0,2641.0
random,10,1.0,85,22.699,25.68,0.9834,48,1177,1190,1225,2641.0
random,10,2.0,82,23.439,26.811,0.9927,51,1105,1123,1156,2641.0
random,10,3.0,86,23.375,26.492,0.9924,40,1145,1143,1183,2641.0
random,10,4.0,21,23.375,26.492,0.992,40,1145,1143,1183,2641.0
random,10,5.0,60,23.037,26.17,0.9941,50,1168,1160,1210,2641.0
random,10,6.0,86,22.973,26.091,0.9973,34,1098,1095,1129,2641.0
random,10,7.0,71,23.082,26.292,0.9993,36,1123,1115,1151,2641.0
random,10,8.0,11,23.788,26.859,0.9991,28,1143,1147,1171,2641.0
random,10,9.0,88,23.788,26.859,0.9992,28,1143,1147,1171,2641.0
random,10,10.0,49,23.563,26.744,1.0,28,1174,1171,1199,2641.0
random,10,11.0,84,23.705,26.477,0.9999,37,1106,1094,1131,2641.0
random,10,12.0,1,23.658,26.531,0.9998,31,1133,1125,1156,2641.0
random,10,13.0,85,23.497,26.424,0.9997,36,1163,1147,1183,2641.0
random,10,14.0,86,23.497,26.424,0.9992,36,1163,1147,1183,2641.0
random,10,15.0,43,23.703,26.766,0.9995,52,1113,1083,1135,2641.0
random,10,16.0,43,23.379,26.212,0.9995,58,1140,1108,1166,2641.0
random,10,17.0,81,23.385,26.222,0.9996,49,1167,1139,1188,2641.0
random,10,18.0,87,23.158,26.047,0.9999,54,1113,1086,1140,2641.0
random,10,19.0,46,23.158,26.047,0.9999,54,1113,1086,1140,2641.0
random,10,20.0,40,23.195,26.898,0.9997,67,1138,1105,1172,2641.0
random,10,21.0,87,23.021,26.015,0.9994,69,1160,1128,1197,2641.0
random,10,22.0,22,23.36,26.286,0.9995,59,1083,1052,1111,2641.0
random,10,23.0,24,23.528,26.611,0.9993,53,1090,1058,1111,2641.0
random,10,24.0,86,23.677,26.656,0.9995,56,1090,1058,1114,2641.0
random,10,25.0,1,23.478,26.354,0.9995,52,1115,1089,1141,2641.0
random,10,26.0,82,23.602,26.592,0.9994,53,1145,1115,1168,2641.0
random,10,27.0,84,22.872,25.718,0.9999,65,1073,1061,1126,2641.0
random,10,28.0,36,23.542,26.65,0.9999,54,1082,1072,1126,2641.0
random,10,29.0,56,23.751,26.713,0.9998,62,1082,1072,1134,2641.0
random,10,30.0,30,23.561,26.046,0.9998,57,1116,1099,1156,2641.0
random,10,31.0,83,23.164,27.036,0.9998,44,1095,1063,1107,2641.0
random,10,32.0,88,23.164,27.036,0.9996,44,1095,1063,1107,2641.0
random,10,33.0,1,23.53,26.358,0.9996,44,1133,1089,1132,2641.0
random,10,34.0,85,23.694,26.701,0.9998,45,1159,1116,1161,2641.0
random,10,35.0,83,23.073,26.174,0.9996,54,1100,1060,1114,2641.0
random,10,36.0,81,22.969,26.203,0.9993,46,1126,1080,1114,2641.0
random,10,37.0,1,23.179,26.207,0.9993,59,1139,1080,1139,2641.0
random,10,38.0,85,23.836,26.168,0.999,64,1139,1088,1152,2641.0
random,10,39.0,83,22.917,26.031,0.9991,74,1089,1025,1099,2641.0
random,10,40.0,61,23.468,26.867,0.9993,65,1115,1052,1117,2641.0
random,10,41.0,23,23.28,26.111,0.9993,53,1139,1086,1117,2641.0
random,10,42.0,87,23.358,26.126,0.9994,56,1087,1086,1142,2641.0
random,10,43.0,87,23.446,26.354,0.9992,60,1087,1029,1089,2641.0
random,10,44.0,57,23.572,26.299,0.9994,57,1119,1062,1107,2641.0
random,10,45.0,30,23.606,26.139,0.9995,57,1142,1086,1143,2641.0
random,10,46.0,85,23.232,26.05,0.9995,55,1169,1114,1143,2641.0
random,10,47.0,19,23.373,26.432,0.9994,57,1169,1114,1171,2641.0
random,10,48.0,86,23.46,26.304,0.9992,34,1072,1055,1089,2641.0
random,10,49.0,43,23.947,26.654,0.9993,22,1103,1087,1109,2641.0
random,10,50.0,41,23.93,27.192,0.9995,30,1125,1111,1141,2641.0
random,10,51.1,85,23.684,26.612,0.9997,78,1076,1063,1141,2641.0
random,10,52.1,77,23.56,26.575,0.9994,13,1076,1063,1070,2641.0
random,10,53.1,9,23.052,26.191,0.9994,24,1110,1095,1086,2641.0
random,10,54.1,81,23.03,26.3,0.9994,13,1125,1123,1112,2641.0
random,10,55.1,85,22.842,25.88,0.9994,9,1066,1057,1064,2641.0
random,10,56.1,41,23.388,26.604,0.9994,24,1088,1076,1064,2641.0
random,10,57.1,44,23.33,26.587,0.9993,12,1088,1076,1080,2641.0
random,10,58.1,87,23.2,26.204,0.9994,14,1113,1099,1103,2641.0
random,10,59.1,85,23.344,26.333,0.9993,20,1138,1118,1120,2641.0
least_connections,1,0.0,0,23.424,26.401,1.0,0,0,0,0,2348.2
least_connections,1,1.0,72,23.609,26.457,0.9568,1074,1074,0,0,2348.2
least_connections,1,2.0,86,23.727,26.359,0.9904,14,1074,1061,1060,2348.2
least_connections,1,3.0,86,23.784,26.831,0.993,17,1103,1089,1086,2348.2
least_connections,1,4.0,46,23.413,26.312,0.9891,17,1130,1118,1113,2348.2
least_connections,1,5.0,41,23.437,26.321,0.9908,17,1079,1065,1062,2348.2
least_connections,1,6.0,88,23.827,27.184,0.9932,42,1104,1065,1062,2348.2
least_connections,1,7.0,67,23.955,27.207,0.9967,12,1104,1093,1092,2348.2
least_connections,1,8.0,20,23.4,26.224,0.9963,25,1139,1119,1114,2348.2
least_connections,1,9.0,84,23.447,26.388,0.9935,13,1077,1083,1070,2348.2
least_connections,1,10.0,89,23.332,26.6,0.9938,11,1101,1111,1100,2348.2
least_connections,1,11.0,72,23.329,26.599,0.9961,21,1121,1111,1100,2348.2
least_connections,1,12.0,10,23.054,26.014,0.9966,14,1121,1135,1129,2348.2
least_connections,1,13.0,83,23.039,26.92,0.9978,5,1149,1150,1154,2348.2
least_connections,1,14.0,83,23.247,26.326,0.9975,12,1090,1089,1101,2348.2
least_connections,1,15.0,68,22.999,26.1,0.998,19,1120,1120,1101,2348.2
least_connections,1,16.0,17,23.122,26.433,0.9984,6,1120,1120,1126,2348.2
least_connections,1,17.0,81,23.492,27.23,0.9991,11,1145,1139,1150,2348.2
least_connections,1,18.0,83,22.925,26.058,0.9989,10,1098,1108,1103,2348.2
least_connections,1,19.0,71,23.198,26.102,0.999,8,1125,1133,1127,2348.2
least_connections,1,20.0,13,23.166,26.056,0.9991,33,1148,1160,1127,2348.2
least_connections,1,21.0,1,23.235,26.076,0.9991,12,1148,1160,1153,2348.2
least_connections,1,22.0,77,23.218,26.349,0.9993,11,1083,1093,1094,2348.2
least_connections,1,23.0,84,23.371,26.502,0.9998,5,1119,1115,1120,2348.2
least_connections,1,24.0,86,22.793,26.289,0.9996,6,1144,1140,1146,2348.2
least_connections,1,25.0,11,22.793,26.289,0.9997,6,1144,1140,1146,2348.2
least_connections,1,26.0,72,22.89,26.034,0.9999,25,1098,1093,1118,2348.2
least_connections,1,27.0,84,22.809,25.561,0.9996,20,1121,1115,1135,2348.2
least_connections,1,28.0,86,23.074,26.42,0.9992,13,1144,1143,1156,2348.2
least_connections,1,29.0,16,23.157,26.355,0.9993,88,1176,1088,1156,2348.2
least_connections,1,30.0,70,23.344,26.411,0.9994,88,1176,1088,1095,2348.2
least_connections,1,31.0,86,23.819,26.809,0.9994,5,1118,1113,1114,2348.2
least_connections,1,32.0,11,23.451,26.438,0.9995,3,1143,1141,1144,2348.2
least_connections,1,33.0,73,23.976,27.039,0.9994,4,1169,1172,1168,2348.2
least_connections,1,34.0,85,23.901,26.84,0.9994,69,1099,1131,1168,2348.2
least_connections,1,35.0,86,23.908,26.86,0.9994,32,1099,1131,1113,2348.2
least_connections,1,36.0,19,24.116,27.476,0.9994,30,1129,1159,1137,2348.2
least_connections,1,37.0,35,23.389,26.291,0.9994,31,1141,1172,1156,2348.2
least_connections,1,38.0,83,24.137,27.219,0.9998,32,1088,1100,1120,2348.2
least_connections,1,39.0,84,23.83,27.135,0.9996,23,1111,1134,1120,2348.2
least_connections,1,40.0,73,23.581,26.462,0.9996,35,1111,1134,1146,2348.2
least_connections,1,41.0,10,23.637,26.837,0.9995,46,1133,1160,1179,2348.2
least_connections,1,42.0,83,23.316,26.204,0.9995,32,1106,1135,1138,2348.2
least_connections,1,43.0,86,23.736,27.004,0.9998,30,1137,1156,1167,2348.2
least_connections,1,44.0,71,23.736,27.004,0.9998,30,1137,1156,1167,2348.2
least_connections,1,45.0,0,23.389,26.23,0.9998,24,1166,1177,1190,2348.2
least_connections,1,46.0,87,23.108,26.045,0.9999,41,1110,1099,1140,2348.2
least_connections,1,47.0,86,23.024,26.111,0.9998,47,1125,1127,1172,2348.2
least_connections,1,48.0,83,23.024,26.111,0.9997,47,1125,1127,1172,2348.2
least_connections,1,49.1,0,23.782,26.827,0.9997,36,1157,1163,1193,2348.2
least_connections,1,50.1,84,23.133,25.742,0.9999,84,1184,1100,1162,2348.2
least_connections,1,51.1,86,23.209,25.977,0.9999,66,1113,1106,1172,2348.2
least_connections,1,52.1,31,23.563,27.565,0.9999,68,1133,1126,1194,2348.2
least_connections,1,53.1,53,23.563,27.565,0.9998,68,1133,1126,1194,2348.2
least_connections,1,54.1,82,23.646,26.793,0.9997,55,1158,1161,1213,2348.2
least_connections,1,55.1,85,23.726,26.563,0.9999,65,1091,1118,1156,2348.2
least_connections,1,56.1,43,23.336,26.146,0.9999,61,1125,1137,1186,2348.2
least_connections,1,57.1,43,23.49,26.342,0.9998,67,1149,1166,1216,2348.2
least_connections,1,58.1,69,23.49,26.342,0.9999,67,1149,1166,1216,2348.2
least_connections,1,59.1,83,23.651,26.49,0.9999,64,1144,1156,1208,2348.2
least_connections,2,0.0,0,23.409,26.218,1.0,0,0,0,0,2252.8
least_connections,2,1.0,83,23.741,26.829,0.9644,76,1117,1092,1168,2252.8
least_connections,2,2.0,82,23.741,26.829,0.9998,76,1117,1092,1168,2252.8
least_connections,2,3.0,84,23.571,26.541,0.9993,70,1139,1125,1195,2252.8
least_connections,2,4.0,1,23.318,26.085,0.999,68,1168,1153,1221,2252.8
least_connections,2,5.0,84,23.395,26.294,0.9999,77,1115,1091,1168,2252.8
least_connections,2,6.0,86,23.613,26.587,0.9993,84,1143,1113,1197,2252.8
least_connections,2,7.0,84,23.613,26.587,0.9997,84,1143,1113,1197,2252.8
least_connections,2,8.0,1,23.598,26.586,0.9998,82,1164,1145,1227,2252.8
least_connections,2,9.0,82,22.974,26.016,1.0,75,1115,1090,1165,2252.8
least_connections,2,10.0,84,23.26,26.03,0.9998,78,1126,1098,1176,2252.8
least_connections,2,11.0,0,23.583,26.441,0.9998,77,1145,1117,1194,2252.8
least_connections,2,12.0,84,23.583,26.441,0.9989,77,1145,1117,1194,2252.8
least_connections,2,13.0,85,23.422,26.241,0.9974,58,1090,1071,1129,2252.8
least_connections,2,14.0,86,23.524,26.187,0.9983,50,1117,1097,1147,2252.8
least_connections,2,15.0,21,23.286,26.096,0.9989,59,1147,1119,1178,2252.8
least_connections,2,16.0,65,23.787,27.107,0.9986,52,1173,1151,1203,2252.8
least_connections,2,17.0,83,23.718,27.087,0.9982,52,1159,1151,1203,2252.8
least_connections,2,18.0,72,23.392,26.092,0.997,34,1159,1132,1166,2252.8
least_connections,2,19.0,68,23.629,26.435,0.9967,21,1180,1159,1180,2252.8
least_connections,2,20.0,13,23.573,26.419,0.9967,55,1214,1159,1180,2252.8
least_connections,2,21.0,84,23.573,26.419,0.9974,55,1214,1159,1180,2252.8
least_connections,2,22.0,86,26.15,26.439,0.9961,60,1214,1154,1171,2252.8
least_connections,2,23.0,66,23.332,25.857,0.9965,19,1175,1170,1189,2252.8
least_connections,2,24.0,20,23.341,25.857,0.9966,31,1201,1170,1189,2252.8
least_connections,2,25.0,83,23.584,26.28,0.9968,12,1201,1197,1209,2252.8
least_connections,2,26.0,86,23.516,26.969,0.9968,29,1141,1128,1157,2252.8
least_connections,2,27.0,69,24.355,27.471,0.9969,39,1180,1145,1184,2252.8
least_connections,2,28.0,16,23.618,26.558,0.9974,44,1208,1170,1214,2252.8
least_connections,2,29.0,85,23.626,26.558,0.998,53,1161,1170,1214,2252.8
least_connections,2,30.0,87,23.762,26.767,0.9974,54,1161,1111,1165,2252.8
least_connections,2,31.0,16,23.541,26.243,0.9972,63,1196,1133,1189,2252.8
least_connections,2,32.0,67,23.511,26.498,0.9975,78,1229,1151,1221,2252.8
least_connections,2,33.0,84,23.33,26.201,0.9975,60,1179,1119,1164,2252.8
least_connections,2,34.0,87,23.18,26.508,0.9973,78,1217,1139,1164,2252.8
least_connections,2,35.0,16,23.361,26.563,0.9972,78,1217,1139,1191,2252.8
least_connections,2,36.0,65,23.033,26.23,0.9976,73,1237,1164,1222,2252.8
least_connections,2,37.0,78,22.991,26.102,0.998,104,1256,1188,1152,2252.8
least_connections,2,38.0,81,23.125,26.04,0.9986,65,1183,1119,1184,2252.8
least_connections,2,39.0,21,23.174,26.04,0.9988,80,1199,1119,1184,2252.8
least_connections,2,40.0,67,22.792,25.575,0.9987,57,1199,1146,1203,2252.8
least_connections,2,41.0,83,23.582,26.516,0.9987,95,1224,1192,1129,2252.8
least_connections,2,42.0,87,23.075,26.017,0.9985,39,1178,1139,1152,2252.8
least_connections,2,43.0,16,23.075,26.017,0.9985,39,1178,1139,1152,2252.8
least_connections,2,44.0,70,23.042,25.63,0.9982,43,1202,1159,1174,2252.8
least_connections,2,45.0,84,22.894,25.747,0.998,41,1224,1183,1186,2252.8
least_connections,2,46.0,51,23.337,26.126,0.9977,54,1182,1128,1128,2252.8
least_connections,2,47.0,30,24.145,27.027,0.9976,68,1217,1155,1149,2252.8
least_connections,2,48.0,82,24.145,27.027,0.9977,68,1217,1155,1149,2252.8
least_connections,2,49.0,85,23.677,26.496,0.998,70,1244,1186,1174,2252.8
least_connections,2,50.0,52,23.622,26.436,0.9977,60,1177,1122,1117,2252.8
least_connections,2,51.1,33,23.295,26.063,0.9975,74,1213,1146,1139,2252.8
least_connections,2,52.1,84,23.676,26.919,0.9973,81,1246,1170,1165,2252.8
least_connections,2,53.1,85,23.676,26.919,0.9969,81,1246,1170,1165,2252.8
least_connections,2,54.1,51,23.549,26.567,0.9973,99,1197,1120,1098,2252.8
least_connections,2,55.1,35,23.801,26.843,0.9973,89,1219,1149,1130,2252.8
least_connections,2,56.1,84,23.559,26.28,0.9973,91,1247,1178,1156,2252.8
least_connections,2,57.1,83,23.679,26.933,0.9976,85,1270,1208,1185,2252.8
least_connections,2,58.1,54,23.679,26.933,0.9975,85,1270,1208,1185,2252.8
least_connections,2,59.1,33,23.599,26.171,0.9974,87,1261,1213,1174,2252.8
least_connections,3,0.0,0,23.608,26.503,1.0,0,0,0,0,2285.5
least_connections,3,1.0,84,23.079,25.558,0.9891,93,1195,1151,1102,2285.5
least_connections,3,2.0,84,23.013,25.536,0.9985,93,1217,1173,1124,2285.5
least_connections,3,3.0,85,23.343,25.842,0.9976,93,1240,1199,1147,2285.5
least_connections,3,4.0,1,23.272,26.052,0.9981,185,1275,1133,1090,2285.5
least_connections,3,5.0,84,23.272,26.052,0.9981,185,1275,1133,1090,2285.5
least_connections,3,6.0,84,23.524,26.419,0.9992,102,1220,1159,1118,2285.5
least_connections,3,7.0,73,23.853,26.953,0.9978,105,1248,1189,1143,2285.5
least_connections,3,8.0,12,23.663,26.578,0.9979,113,1282,1212,1169,2285.5
least_connections,3,9.0,84,23.384,26.148,0.9964,100,1225,1156,1125,2285.5
least_connections,3,10.0,83,23.384,26.148,0.9984,100,1225,1156,1125,2285.5
least_connections,3,11.0,86,23.775,26.374,0.9986,90,1245,1178,1155,2285.5
least_connections,3,12.0,11,23.614,26.126,0.9983,89,1272,1204,1183,2285.5
least_connections,3,13.0,70,23.452,26.286,0.997,94,1222,1143,1128,2285.5
least_connections,3,14.0,40,23.627,26.279,0.9981,88,1230,1153,1142,2285.5
least_connections,3,15.0,87,23.411,26.279,0.9979,106,1248,1153,1142,2285.5
least_connections,3,16.0,76,23.437,26.614,0.9989,85,1248,1197,1163,2285.5
least_connections,3,17.0,10,23.648,26.552,0.9987,56,1179,1125,1123,2285.5
least_connections,3,18.0,86,23.743,26.792,0.9994,59,1208,1149,1153,2285.5
least_connections,3,19.0,84,23.434,26.421,0.9993,64,1239,1175,1178,2285.5
least_connections,3,20.0,71,23.415,26.421,0.9995,83,1258,1175,1178,2285.5
least_connections,3,21.0,11,23.427,26.554,0.9996,59,1258,1199,1209,2285.5
least_connections,3,22.0,87,22.682,25.427,0.9999,35,1170,1135,1154,2285.5
least_connections,3,23.0,88,23.157,25.898,0.9999,26,1185,1159,1176,2285.5
least_connections,3,24.0,20,23.772,26.457,0.9999,27,1202,1175,1192,2285.5
least_connections,3,25.0,54,23.329,26.457,0.9999,54,1138,1175,1192,2285.5
least_connections,3,26.0,32,22.872,26.103,0.9999,22,1138,1135,1157,2285.5
least_connections,3,27.0,83,23.612,26.683,1.0,25,1158,1161,1183,2285.5
least_connections,3,28.0,88,23.132,26.63,1.0,18,1197,1190,1208,2285.5
least_connections,3,29.0,38,23.547,26.389,1.0,14,1111,1125,1120,2285.5
least_connections,3,30.0,44,23.547,26.389,0.9999,14,1111,1125,1120,2285.5
least_connections,3,31.0,83,23.622,26.537,0.9999,11,1131,1142,1134,2285.5
least_connections,3,32.0,48,23.926,27.178,0.9999,15,1155,1170,1165,2285.5
least_connections,3,33.0,33,23.77,26.986,1.0,14,1112,1111,1098,2285.5
least_connections,3,34.0,85,23.129,26.111,1.0,16,1143,1133,1127,2285.5
least_connections,3,35.0,85,23.129,26.111,1.0,16,1143,1133,1127,2285.5
least_connections,3,36.0,42,23.483,26.387,0.9999,19,1174,1157,1155,2285.5
least_connections,3,37.0,44,23.581,26.515,1.0,8,1194,1188,1186,2285.5
least_connections,3,38.0,85,23.406,26.389,1.0,14,1141,1127,1136,2285.5
least_connections,3,39.0,86,23.377,26.394,1.0,21,1173,1152,1162,2285.5
least_connections,3,40.0,44,23.377,26.394,1.0,21,1173,1152,1162,2285.5
least_connections,3,41.0,42,23.17,26.112,1.0,13,1194,1181,1190,2285.5
least_connections,3,42.0,83,23.2,26.673,0.9999,40,1118,1117,1157,2285.5
least_connections,3,43.0,86,22.924,25.864,0.9998,55,1137,1133,1188,2285.5
least_connections,3,44.0,27,22.766,25.823,0.9999,39,1160,1149,1188,2285.5
least_connections,3,45.0,59,22.689,25.615,0.9999,61,1160,1149,1210,2285.5
least_connections,3,46.0,84,23.069,25.777,0.9999,52,1103,1108,1155,2285.5
least_connections,3,47.0,1,23.069,25.777,0.9999,52,1103,1108,1155,2285.5
least_connections,3,48.0,22,22.794,25.777,0.9999,47,1130,1108,1155,2285.5
least_connections,3,49.0,1,23.254,26.229,0.9999,42,1130,1119,1161,2285.5
least_connections,3,50.0,57,24.371,26.408,1.0,54,1052,1050,1104,2285.5
least_connections,3,51.1,86,23.457,26.793,1.0,51,1081,1077,1128,2285.5
least_connections,3,52.1,87,22.93,26.682,1.0,27,1101,1106,1128,2285.5
least_connections,3,53.1,1,22.528,25.596,1.0,46,1101,1106,1147,2285.5
least_connections,3,54.1,84,22.579,25.284,0.9999,68,1045,1028,1096,2285.5
least_connections,3,55.1,86,22.765,25.431,1.0,63,1065,1053,1116,2285.5
least_connections,3,56.1,87,22.792,25.698,1.0,55,1086,1076,1131,2285.5
least_connections,3,57.1,1,23.132,26.456,1.0,23,1114,1108,1131,2285.5
least_connections,3,58.1,86,23.347,26.521,0.9999,41,1114,1108,1149,2285.5
least_connections,3,59.1,85,23.817,26.804,0.9999,46,1119,1102,1148,2285.5
least_connections,4,0.0,0,23.636,26.581,1.0,1096,0,0,1096,2051.2
least_connections,4,1.0,82,23.636,26.581,0.9678,1096,0,0,1096,2051.2
least_connections,4,2.0,87,23.689,26.469,0.9912,38,1091,1080,1118,2051.2
least_connections,4,3.0,59,23.69,26.655,0.993,37,1119,1108,1145,2051.2
least_connections,4,4.0,52,23.683,26.282,0.9968,93,1134,1041,1091,2051.2
least_connections,4,5.0,34,24.004,27.633,0.9968,59,1072,1062,1121,2051.2
least_connections,4,6.0,83,24.004,27.633,0.9992,59,1072,1062,1121,2051.2
least_connections,4,7.0,87,23.531,26.431,0.9986,55,1094,1095,1149,2051.2
least_connections,4,8.0,53,23.847,27.255,0.9991,53,1122,1124,1175,2051.2
least_connections,4,9.0,32,23.578,26.618,0.9988,54,1059,1070,1113,2051.2
least_connections,4,10.0,87,23.632,26.55,0.9979,68,1074,1109,1142,2051.2
least_connections,4,11.0,83,23.492,26.55,0.998,34,1108,1109,1142,2051.2
least_connections,4,12.0,56,23.845,27.179,0.996,55,1108,1137,1163,2051.2
least_connections,4,13.0,30,23.744,26.521,0.9957,34,1066,1079,1100,2051.2
least_connections,4,14.0,86,22.921,25.742,0.9937,38,1081,1109,1119,2051.2
least_connections,4,15.0,85,22.899,25.89,0.9947,37,1105,1132,1142,2051.2
least_connections,4,16.0,7,22.899,25.89,0.9946,37,1105,1132,1142,2051.2
least_connections,4,17.0,11,23.507,26.297,0.9943,25,1044,1069,1055,2051.2
least_connections,4,18.0,18,23.538,26.377,0.9941,28,1045,1073,1060,2051.2
least_connections,4,19.0,86,23.37,26.506,0.9935,54,1053,1107,1082,2051.2
least_connections,4,20.0,62,23.328,26.506,0.9944,63,1044,1107,1082,2051.2
least_connections,4,21.0,25,23.26,26.462,0.9954,25,1044,1069,1044,2051.2
least_connections,4,22.0,86,22.562,25.521,0.9972,23,1062,1085,1077,2051.2
least_connections,4,23.0,84,23.461,26.585,0.9975,15,1084,1099,1097,2051.2
least_connections,4,24.0,83,22.978,25.979,0.9974,6,1118,1116,1122,2051.2
least_connections,4,25.0,0,22.978,25.979,0.9974,6,1118,1116,1122,2051.2
least_connections,4,26.0,88,23.298,26.058,0.9981,24,1061,1062,1085,2051.2
least_connections,4,27.0,87,23.345,26.269,0.9983,31,1083,1096,1114,2051.2
least_connections,4,28.0,86,22.75,25.633,0.999,32,1116,1125,1148,2051.2
least_connections,4,29.0,21,22.971,25.633,0.999,100,1048,1125,1148,2051.2
least_connections,4,30.0,67,23.284,26.057,0.999,33,1048,1072,1081,2051.2
least_connections,4,31.0,83,23.246,26.189,0.9987,19,1076,1091,1095,2051.2
least_connections,4,32.0,89,23.404,26.26,0.9986,13,1109,1120,1107,2051.2
least_connections,4,33.0,14,23.555,26.458,0.9984,18,1054,1066,1048,2051.2
least_connections,4,34.0,69,23.598,26.458,0.9986,32,1080,1066,1048,2051.2
least_connections,4,35.0,84,23.76,26.646,0.9989,21,1080,1096,1075,2051.2
least_connections,4,36.0,1,23.789,26.306,0.9988,19,1106,1123,1104,2051.2
least_connections,4,37.0,82,23.781,26.961,0.999,26,1053,1070,1044,2051.2
least_connections,4,38.0,84,23.228,26.231,0.9991,28,1076,1101,1073,2051.2
least_connections,4,39.0,86,22.888,26.05,0.9992,54,1100,1127,1073,2051.2
least_connections,4,40.0,7,23.113,26.659,0.9991,27,1100,1127,1102,2051.2
least_connections,4,41.0,80,22.694,25.931,0.999,36,1120,1156,1124,2051.2
least_connections,4,42.0,84,23.004,26.163,0.9991,33,1059,1092,1072,2051.2
least_connections,4,43.0,81,23.299,26.157,0.9987,36,1080,1116,1089,2051.2
least_connections,4,44.0,7,23.299,26.157,0.9987,36,1080,1116,1089,2051.2
least_connections,4,45.0,81,23.383,26.087,0.9985,47,1117,1161,1114,2051.2
least_connections,4,46.0,86,23.319,26.195,0.9988,42,1127,1164,1122,2051.2
least_connections,4,47.0,87,23.446,26.309,0.999,77,1149,1199,1122,2051.2
least_connections,4,48.0,7,23.498,26.386,0.9989,50,1149,1199,1155,2051.2
least_connections,4,49.1,77,23.179,26.038,0.9987,55,1198,1221,1166,2051.2
least_connections,4,50.1,87,23.341,26.227,0.9985,45,1108,1148,1103,2051.2
least_connections,4,51.1,41,23.698,26.262,0.9988,56,1138,1179,1123,2051.2
least_connections,4,52.1,40,23.348,26.255,0.999,81,1160,1204,1123,2051.2
least_connections,4,53.1,86,23.324,26.191,0.999,45,1160,1204,1159,2051.2
least_connections,4,54.1,86,23.396,26.318,0.999,31,1098,1129,1105,2051.2
least_connections,4,55.1,31,23.562,26.58,0.9989,30,1128,1158,1129,2051.2
least_connections,4,56.1,50,23.545,26.789,0.9986,44,1158,1192,1148,2051.2
least_connections,4,57.1,83,23.679,26.852,0.9986,36,1142,1178,1148,2051.2
least_connections,4,58.1,86,23.287,26.363,0.9986,53,1142,1178,1125,2051.2
least_connections,4,59.1,36,23.287,26.055,0.9985,56,1170,1207,1151,2051.2
least_connections,5,0.0,0,23.419,26.576,1.0,0,0,0,0,2308.4
least_connections,5,1.0,87,23.417,26.271,0.9432,1173,1118,1173,0,2308.4
least_connections,5,2.0,86,23.68,26.521,0.9709,64,1118,1173,1109,2308.4
least_connections,5,3.0,83,23.8,27.119,0.9797,70,1149,1202,1132,2308.4
least_connections,5,4.0,0,23.367,26.159,0.9797,74,1180,1230,1156,2308.4
least_connections,5,5.0,85,23.665,26.395,0.9806,76,1132,1172,1096,2308.4
least_connections,5,6.0,84,23.225,26.218,0.9937,76,1151,1204,1128,2308.4
least_connections,5,7.0,83,23.225,26.218,0.9921,76,1151,1204,1128,2308.4
least_connections,5,8.0,1,23.236,26.183,0.9919,86,1178,1237,1151,2308.4
least_connections,5,9.0,83,23.168,26.129,0.996,155,1201,1267,1112,2308.4
least_connections,5,10.0,82,22.859,26.136,0.998,50,1141,1191,1144,2308.4
least_connections,5,11.0,84,22.827,26.12,0.9971,77,1153,1221,1144,2308.4
least_connections,5,12.0,1,22.394,25.12,0.997,68,1153,1221,1169,2308.4
least_connections,5,13.0,83,23.161,25.79,0.998,68,1177,1245,1198,2308.4
least_connections,5,14.0,87,23.052,25.864,0.9977,65,1132,1197,1155,2308.4
least_connections,5,15.0,0,23.696,26.841,0.9977,59,1161,1220,1173,2308.4
least_connections,5,16.0,86,23.597,26.823,0.999,68,1188,1241,1173,2308.4
least_connections,5,17.0,33,23.372,26.216,0.9991,53,1188,1241,1204,2308.4
least_connections,5,18.0,82,24.17,26.88,0.9997,58,1116,1174,1139,2308.4
least_connections,5,19.0,56,23.587,26.789,0.9998,51,1145,1196,1171,2308.4
least_connections,5,20.0,26,23.647,26.352,0.9996,65,1164,1229,1202,2308.4
least_connections,5,21.0,88,23.658,26.712,0.9998,60,1106,1166,1134,2308.4
least_connections,5,22.0,86,23.658,26.712,0.9991,60,1106,1166,1134,2308.4
least_connections,5,23.0,87,23.643,26.25,0.9991,50,1144,1194,1151,2308.4
least_connections,5,24.0,0,23.956,26.715,0.9991,62,1167,1229,1176,2308.4
least_connections,5,25.0,70,23.644,26.485,0.9992,66,1184,1250,1197,2308.4
least_connections,5,26.0,83,23.527,26.627,0.9983,78,1137,1203,1125,2308.4
least_connections,5,27.0,87,23.527,26.627,0.9978,78,1137,1203,1125,2308.4
least_connections,5,28.0,31,23.501,26.509,0.997,90,1166,1236,1146,2308.4
least_connections,5,29.0,51,23.369,26.756,0.9972,100,1199,1266,1166,2308.4
least_connections,5,30.0,84,23.397,26.406,0.9974,74,1153,1193,1119,2308.4
least_connections,5,31.0,82,23.279,26.314,0.9977,77,1174,1223,1146,2308.4
least_connections,5,32.0,38,23.279,26.314,0.9976,77,1174,1223,1146,2308.4
least_connections,5,33.0,4,23.37,26.538,0.9977,76,1189,1234,1158,2308.4
least_connections,5,34.0,83,23.154,25.994,0.9978,78,1134,1176,1098,2308.4
least_connections,5,35.0,87,22.909,25.816,0.9983,75,1150,1204,1129,2308.4
least_connections,5,36.0,88,22.748,25.804,0.9989,91,1175,1220,1129,2308.4
least_connections,5,37.0,0,22.51,25.186,0.9989,53,1175,1220,1167,2308.4
least_connections,5,38.0,84,22.748,25.383,0.9989,60,1100,1160,1109,2308.4
least_connections,5,39.0,87,23.244,26.032,0.9988,56,1127,1172,1116,2308.4
least_connections,5,40.0,0,23.54,26.529,0.9988,55,1160,1194,1139,2308.4
least_connections,5,41.0,83,23.668,26.174,0.9988,52,1190,1219,1167,2308.4
least_connections,5,42.0,84,23.668,26.174,0.9992,52,1190,1219,1167,2308.4
least_connections,5,43.0,85,23.471,26.341,0.9991,43,1123,1165,1122,2308.4
least_connections,5,44.0,0,23.448,26.397,0.9991,47,1152,1194,1147,2308.4
least_connections,5,45.0,87,23.353,26.375,0.9992,48,1176,1224,1176,2308.4
least_connections,5,46.0,86,23.503,26.419,0.9992,42,1120,1162,1128,2308.4
least_connections,5,47.0,88,23.503,26.419,0.9993,42,1120,1162,1128,2308.4
least_connections,5,48.0,21,23.79,26.653,0.9993,44,1144,1188,1161,2308.4
least_connections,5,49.0,61,23.317,26.216,0.9993,32,1178,1210,1187,2308.4
least_connections,5,50.1,86,23.117,26.3,0.9992,39,1134,1159,1120,2308.4
least_connections,5,51.1,86,23.328,26.203,0.9993,30,1151,1181,1152,2308.4
least_connections,5,52.1,26,23.328,26.203,0.9993,30,1151,1181,1152,2308.4
least_connections,5,53.1,57,23.04,26.185,0.9993,30,1176,1206,1178,2308.4
least_connections,5,54.1,86,22.962,26.287,0.9993,101,1194,1226,1125,2308.4
least_connections,5,55.1,11,23.608,26.487,0.9993,12,1136,1148,1136,2308.4
least_connections,5,56.1,70,23.243,26.239,0.999,21,1169,1177,1156,2308.4
least_connections,5,57.1,85,23.243,26.239,0.9991,21,1169,1177,1156,2308.4
least_connections,5,58.1,84,23.447,26.301,0.999,25,1194,1207,1182,2308.4
least_connections,5,59.1,13,23.396,26.183,0.9989,26,1198,1202,1176,2308.4
least_connections,6,0.0,0,23.544,26.382,1.0,0,0,0,0,2337.8
least_connections,6,1.0,85,23.569,26.496,0.9923,5,1107,1112,1112,2337.8
least_connections,6,2.0,87,23.415,26.496,0.9989,23,1135,1112,1112,2337.8
least_connections,6,3.0,84,23.353,26.381,0.996,5,1135,1138,1140,2337.8
least_connections,6,4.0,0,23.523,26.453,0.996,4,1166,1163,1167,2337.8
least_connections,6,5.0,83,23.341,26.116,0.9967,9,1194,1186,1195,2337.8
least_connections,6,6.0,87,23.6,27.288,0.9968,28,1151,1123,1135,2337.8
least_connections,6,7.0,86,23.517,27.288,0.9965,43,1166,1123,1135,2337.8
least_connections,6,8.0,0,23.099,26.66,0.9965,15,1166,1151,1158,2337.8
least_connections,6,9.0,83,22.457,25.351,0.9986,15,1189,1174,1185,2337.8
least_connections,6,10.0,87,22.79,25.76,1.0,23,1140,1121,1144,2337.8
least_connections,6,11.0,82,22.734,25.558,0.9998,29,1156,1134,1163,2337.8
least_connections,6,12.0,0,22.877,25.558,0.9998,50,1184,1134,1163,2337.8
least_connections,6,13.0,83,23.583,26.911,0.9999,22,1184,1162,1183,2337.8
least_connections,6,14.0,83,23.39,26.024,0.9998,8,1133,1129,1125,2337.8
least_connections,6,15.0,41,23.795,26.948,0.9999,8,1151,1159,1153,2337.8
least_connections,6,16.0,42,23.605,26.273,0.9995,14,1174,1188,1184,2337.8
least_connections,6,17.0,83,23.511,26.28,0.9992,59,1197,1138,1184,2337.8
least_connections,6,18.0,85,23.609,26.415,0.9985,60,1197,1138,1137,2337.8
least_connections,6,19.0,36,23.662,27.066,0.9983,46,1126,1162,1172,2337.8
least_connections,6,20.0,47,23.549,26.5,0.9985,52,1153,1185,1205,2337.8
least_connections,6,21.0,86,23.628,26.683,0.9989,50,1182,1212,1232,2337.8
least_connections,6,22.0,88,23.288,26.654,0.9987,94,1138,1149,1232,2337.8
least_connections,6,23.0,31,23.26,26.577,0.9988,59,1138,1149,1197,2337.8
least_connections,6,24.0,56,22.928,25.82,0.9991,65,1158,1176,1223,2337.8
least_connections,6,25.0,86,22.989,26.054,0.9995,63,1185,1201,1248,2337.8
least_connections,6,26.0,85,22.585,25.601,0.9997,86,1121,1129,1207,2337.8
least_connections,6,27.0,21,22.874,25.601,0.9997,78,1146,1129,1207,2337.8
least_connections,6,28.0,66,22.986,25.64,0.9998,74,1146,1147,1220,2337.8
least_connections,6,29.0,88,23.466,26.126,0.9998,67,1179,1168,1235,2337.8
least_connections,6,30.0,11,23.582,26.634,0.9999,71,1139,1129,1200,2337.8
least_connections,6,31.0,67,23.59,26.615,1.0,66,1164,1156,1222,2337.8
least_connections,6,32.0,87,23.771,26.615,1.0,66,1195,1156,1222,2337.8
least_connections,6,33.0,83,23.632,26.264,1.0,56,1195,1186,1242,2337.8
least_connections,6,34.0,11,23.538,26.204,1.0,55,1217,1217,1272,2337.8
least_connections,6,35.0,73,23.452,26.215,0.9999,49,1162,1158,1207,2337.8
least_connections,6,36.0,86,23.785,26.918,0.9998,55,1195,1180,1235,2337.8
least_connections,6,37.0,86,23.479,26.653,0.9997,32,1222,1203,1235,2337.8
least_connections,6,38.0,16,23.548,26.837,0.9997,62,1222,1203,1265,2337.8
least_connections,6,39.0,68,22.89,26.212,0.9997,69,1164,1146,1215,2337.8
least_connections,6,40.0,20,24.006,26.912,0.9996,73,1174,1146,1219,2337.8
least_connections,6,41.0,83,23.487,26.802,0.9998,62,1206,1177,1239,2337.8
least_connections,6,42.0,84,23.237,26.703,0.9999,114,1144,1125,1239,2337.8
least_connections,6,43.0,1,22.962,25.959,0.9999,62,1144,1125,1187,2337.8
least_connections,6,44.0,84,23.308,26.589,0.9999,65,1163,1150,1215,2337.8
least_connections,6,45.0,86,22.875,26.062,0.9999,69,1189,1178,1247,2337.8
least_connections,6,46.0,84,23.281,26.305,0.9999,68,1104,1112,1172,2337.8
least_connections,6,47.0,0,23.281,26.305,0.9999,68,1104,1112,1172,2337.8
least_connections,6,48.0,81,22.989,25.68,0.9999,72,1123,1130,1195,2337.8
least_connections,6,49.0,85,23.24,26.078,0.9998,89,1148,1148,1237,2337.8
least_connections,6,50.1,46,23.216,26.078,0.9998,134,1103,1148,1237,2337.8
least_connections,6,51.1,40,22.888,25.961,0.9998,91,1103,1126,1194,2337.8
least_connections,6,52.1,29,23.231,26.237,0.9998,75,1131,1143,1206,2337.8
least_connections,6,53.1,84,23.21,26.37,0.9999,68,1156,1179,1224,2337.8
least_connections,6,54.1,87,22.652,25.216,0.9999,56,1168,1116,1172,2337.8
least_connections,6,55.1,1,22.652,25.216,0.9999,56,1168,1116,1172,2337.8
least_connections,6,56.1,86,23.404,26.339,0.9998,100,1101,1141,1201,2337.8
least_connections,6,57.1,84,23.153,25.823,0.9998,101,1116,1166,1217,2337.8
least_connections,6,58.1,81,23.401,26.266,0.9998,100,1142,1193,1242,2337.8
least_connections,6,59.1,7,23.44,26.47,0.9997,86,1143,1191,1229,2337.8
least_connections,7,0.0,0,23.779,26.128,1.0,0,0,0,0,2093.8
least_connections,7,1.0,83,23.543,26.026,0.9851,1207,0,0,1207,2093.8
least_connections,7,2.0,82,23.807,27.069,0.9932,90,1055,1120,1145,2093.8
least_connections,7,3.0,87,23.655,26.523,0.9876,90,1081,1151,1171,2093.8
least_connections,7,4.0,0,23.67,26.831,0.9876,84,1110,1182,1194,2093.8
least_connections,7,5.0,86,23.42,26.343,0.9898,66,1143,1209,1194,2093.8
least_connections,7,6.0,86,23.328,26.094,0.991,74,1143,1209,1217,2093.8
least_connections,7,7.0,88,23.685,26.592,0.9931,49,1109,1136,1158,2093.8
least_connections,7,8.0,1,23.48,26.136,0.9926,47,1142,1155,1189,2093.8
least_connections,7,9.0,81,22.887,25.899,0.9968,53,1164,1185,1217,2093.8
least_connections,7,10.0,63,22.795,25.89,0.998,117,1100,1121,1217,2093.8
least_connections,7,11.0,7,23.001,26.448,0.9981,53,1100,1121,1153,2093.8
least_connections,7,12.0,74,23.192,26.144,0.9995,74,1114,1138,1188,2093.8
least_connections,7,13.0,31,23.498,26.564,0.9994,56,1137,1154,1193,2093.8
least_connections,7,14.0,87,23.376,26.314,0.9998,43,1088,1101,1131,2093.8
least_connections,7,15.0,19,23.532,26.314,0.9998,41,1090,1101,1131,2093.8
least_connections,7,16.0,58,23.467,26.259,0.9997,47,1090,1104,1137,2093.8
least_connections,7,17.0,30,23.447,26.749,0.9995,48,1116,1134,1164,2093.8
least_connections,7,18.0,87,23.087,26.357,0.9985,63,1052,1085,1115,2093.8
least_connections,7,19.0,86,23.781,26.95,0.9972,71,1065,1116,1136,2093.8
least_connections,7,20.0,41,23.597,26.95,0.9978,53,1083,1116,1136,2093.8
least_connections,7,21.0,42,23.128,26.469,0.9976,87,1083,1134,1170,2093.8
least_connections,7,22.0,82,23.168,25.997,0.9987,2,1111,1113,1113,2093.8
least_connections,7,23.0,81,23.102,26.206,0.9987,95,1038,1114,1133,2093.8
least_connections,7,24.0,60,23.364,26.051,0.9985,93,1066,1138,1159,2093.8
least_connections,7,25.0,30,23.364,26.051,0.9987,93,1066,1138,1159,2093.8
least_connections,7,26.0,81,23.22,26.237,0.9985,97,1089,1169,1186,2093.8
least_connections,7,27.0,82,23.53,26.365,0.9987,94,1028,1111,1122,2093.8
least_connections,7,28.0,79,23.649,26.541,0.9976,77,1063,1140,1139,2093.8
least_connections,7,29.0,7,23.371,25.943,0.9974,99,1079,1178,1168,2093.8
least_connections,7,30.0,84,23.371,25.943,0.9976,99,1079,1178,1168,2093.8
least_connections,7,31.0,84,23.677,27.127,0.9975,105,1019,1124,1113,2093.8
least_connections,7,32.0,75,23.493,26.33,0.9982,112,1043,1155,1141,2093.8
least_connections,7,33.0,10,23.528,26.142,0.9981,103,1074,1177,1171,2093.8
least_connections,7,34.0,86,23.335,26.394,0.9977,122,1015,1137,1106,2093.8
least_connections,7,35.0,71,23.608,26.394,0.9979,101,1036,1137,1106,2093.8
least_connections,7,36.0,15,23.328,26.232,0.9979,129,1036,1165,1131,2093.8
least_connections,7,37.0,83,23.123,26.252,0.9979,138,1053,1191,1160,2093.8
least_connections,7,38.0,51,23.357,26.295,0.9982,124,1082,1206,1173,2093.8
least_connections,7,39.0,83,23.158,26.179,0.998,128,1047,1175,1173,2093.8
least_connections,7,40.0,21,23.188,26.261,0.9981,128,1047,1175,1150,2093.8
least_connections,7,41.0,63,22.948,26.396,0.9985,121,1074,1195,1166,2093.8
least_connections,7,42.0,84,23.311,26.361,0.9981,118,1102,1220,1189,2093.8
least_connections,7,43.0,82,23.378,26.391,0.9981,137,1052,1174,1189,2093.8
least_connections,7,44.0,21,23.712,27.293,0.9982,122,1052,1174,1132,2093.8
least_connections,7,45.0,65,22.967,25.902,0.9982,122,1079,1201,1160,2093.8
least_connections,7,46.0,88,22.891,25.485,0.9982,119,1099,1218,1186,2093.8
least_connections,7,47.0,83,22.68,25.293,0.9981,109,1043,1152,1119,2093.8
least_connections,7,48.0,21,23.22,26.163,0.9981,108,1069,1177,1119,2093.8
least_connections,7,49.1,61,23.255,26.173,0.9981,108,1069,1177,1141,2093.8
least_connections,7,50.1,86,23.541,26.693,0.9985,109,1096,1205,1156,2093.8
least_connections,7,51.1,1,24.607,27.204,0.9985,66,1061,1127,1106,2093.8
least_connections,7,52.1,87,23.254,26.077,0.9984,67,1091,1158,1128,2093.8
least_connections,7,53.1,84,23.6,26.431,0.9986,77,1110,1187,1128,2093.8
least_connections,7,54.1,84,23.734,26.471,0.9985,77,1110,1187,1163,2093.8
least_connections,7,55.1,7,23.702,26.794,0.9986,64,1057,1121,1093,2093.8
least_connections,7,56.1,75,23.533,26.366,0.9985,70,1081,1151,1122,2093.8
least_connections,7,57.1,82,23.326,26.323,0.9986,71,1107,1178,1152,2093.8
least_connections,7,58.1,84,23.043,26.304,0.9988,69,1134,1203,1152,2093.8
least_connections,7,59.1,19,22.995,26.176,0.9988,69,1134,1203,1179,2093.8
least_connections,8,0.0,0,23.539,26.702,1.0,0,0,0,0,2292.5
least_connections,8,1.0,82,23.429,26.345,0.9805,54,1118,1172,1158,2292.5
least_connections,8,2.0,82,23.426,26.345,0.9779,119,1053,1172,1158,2292.5
least_connections,8,3.0,83,23.573,26.521,0.9698,67,1053,1120,1107,2292.5
least_connections,8,4.0,0,23.403,26.103,0.9698,68,1085,1153,1125,2292.5
least_connections,8,5.0,84,23.64,26.615,0.9799,70,1113,1183,1150,2292.5
least_connections,8,6.0,85,23.28,26.214,0.9877,66,1143,1209,1178,2292.5
least_connections,8,7.0,83,23.284,26.214,0.9909,117,1092,1209,1178,2292.5
least_connections,8,8.0,0,23.008,26.037,0.9909,73,1092,1165,1126,2292.5
least_connections,8,9.0,84,22.38,25.174,0.9933,73,1111,1184,1155,2292.5
least_connections,8,10.0,85,22.852,25.696,0.996,81,1128,1209,1180,2292.5
least_connections,8,11.0,85,23.022,25.683,0.9976,71,1097,1168,1126,2292.5
least_connections,8,12.0,0,23.031,25.683,0.9976,49,1119,1168,1126,2292.5
least_connections,8,13.0,85,23.199,25.782,0.9977,71,1119,1190,1149,2292.5
least_connections,8,14.0,77,23.869,27.23,0.9956,86,1136,1222,1176,2292.5
least_connections,8,15.0,5,23.453,26.438,0.9956,75,1098,1173,1118,2292.5
least_connections,8,16.0,84,24.142,26.921,0.9969,64,1134,1198,1140,2292.5
least_connections,8,17.0,86,23.922,26.934,0.9957,92,1159,1232,1140,2292.5
least_connections,8,18.0,84,23.974,26.949,0.995,73,1159,1232,1164,2292.5
least_connections,8,19.0,0,23.62,26.428,0.995,77,1095,1172,1100,2292.5
least_connections,8,20.0,66,23.385,26.101,0.9962,76,1113,1189,1117,2292.5
least_connections,8,21.0,86,23.389,26.29,0.9961,84,1138,1222,1142,2292.5
least_connections,8,22.0,83,23.371,26.29,0.9971,80,1172,1222,1142,2292.5
least_connections,8,23.0,11,23.411,26.236,0.9973,77,1172,1245,1168,2292.5
least_connections,8,24.0,74,23.244,26.267,0.9983,62,1110,1172,1121,2292.5
least_connections,8,25.0,87,23.314,26.306,0.9991,59,1135,1194,1151,2292.5
least_connections,8,26.0,84,22.714,25.906,0.9993,62,1156,1218,1182,2292.5
least_connections,8,27.0,11,22.714,25.906,0.9993,62,1156,1218,1182,2292.5
least_connections,8,28.0,70,22.864,25.965,0.9996,30,1110,1140,1124,2292.5
least_connections,8,29.0,78,22.799,25.68,0.9997,24,1133,1157,1144,2292.5
least_connections,8,30.0,5,23.578,26.549,0.9997,21,1163,1173,1152,2292.5
least_connections,8,31.0,83,23.959,26.514,0.9995,49,1103,1123,1152,2292.5
least_connections,8,32.0,86,23.906,26.442,0.9995,28,1103,1123,1095,2292.5
least_connections,8,33.0,79,23.581,26.366,0.9996,25,1139,1145,1120,2292.5
least_connections,8,34.0,5,23.848,26.627,0.9997,21,1168,1170,1149,2292.5
least_connections,8,35.0,83,23.825,26.894,0.9997,18,1129,1123,1111,2292.5
least_connections,8,36.0,85,23.893,27.553,0.9996,44,1153,1155,1111,2292.5
least_connections,8,37.0,76,24.353,27.691,0.9997,17,1153,1155,1138,2292.5
least_connections,8,38.0,11,23.887,26.558,0.9997,13,1176,1183,1170,2292.5
least_connections,8,39.0,87,23.682,27.001,0.9995,21,1206,1213,1192,2292.5
least_connections,8,40.0,86,23.531,26.436,0.9995,22,1135,1157,1151,2292.5
least_connections,8,41.0,73,23.087,26.436,0.9993,6,1156,1157,1151,2292.5
least_connections,8,42.0,10,23.14,26.373,0.9993,36,1156,1192,1176,2292.5
least_connections,8,43.0,84,23.484,26.976,0.9993,44,1174,1218,1202,2292.5
least_connections,8,44.0,86,23.042,26.136,0.999,30,1112,1142,1132,2292.5
least_connections,8,45.0,11,23.419,26.242,0.9991,37,1131,1168,1150,2292.5
least_connections,8,46.0,72,23.419,26.242,0.9993,37,1131,1168,1150,2292.5
least_connections,8,47.0,85,23.916,27.382,0.9995,38,1153,1191,1187,2292.5
least_connections,8,48.0,84,23.796,27.225,0.9996,53,1088,1136,1141,2292.5
least_connections,8,49.1,21,23.413,26.235,0.9995,55,1116,1161,1171,2292.5
least_connections,8,50.1,62,23.744,26.554,0.9996,46,1148,1189,1194,2292.5
least_connections,8,51.1,84,23.744,26.554,0.9995,46,1148,1189,1194,2292.5
least_connections,8,52.1,87,23.349,26.15,0.9994,39,1095,1132,1134,2292.5
least_connections,8,53.1,48,23.582,26.192,0.9994,38,1124,1162,1157,2292.5
least_connections,8,54.1,38,23.369,26.211,0.9994,44,1146,1190,1190,2292.5
least_connections,8,55.1,87,23.664,26.435,0.9994,42,1176,1218,1215,2292.5
least_connections,8,56.1,87,23.828,26.435,0.9993,80,1138,1218,1215,2292.5
least_connections,8,57.1,51,23.749,26.386,0.9994,58,1138,1196,1184,2292.5
least_connections,8,58.1,35,23.476,26.489,0.9995,38,1178,1216,1207,2292.5
least_connections,8,59.1,82,23.092,25.985,0.9994,49,1201,1250,1233,2292.5
least_connections,9,0.0,0,23.596,26.471,1.0,0,0,0,0,2017.6
least_connections,9,1.0,86,22.808,26.206,0.9822,77,1149,1221,1226,2017.6
least_connections,9,2.0,82,22.492,25.216,0.986,91,1087,1162,1178,2017.6
least_connections,9,3.0,72,23.041,25.799,0.9888,94,1097,1171,1191,2017.6
least_connections,9,4.0,15,23.106,25.799,0.9879,70,1121,1171,1191,2017.6
least_connections,9,5.0,83,23.294,25.895,0.9908,110,1121,1187,1231,2017.6
least_connections,9,6.0,83,22.78,25.822,0.9921,90,1083,1151,1173,2017.6
least_connections,9,7.0,78,22.888,25.777,0.9949,88,1103,1172,1191,2017.6
least_connections,9,8.0,7,22.888,25.777,0.9949,88,1103,1172,1191,2017.6
least_connections,9,9.0,86,23.223,25.884,0.9919,89,1130,1194,1219,2017.6
least_connections,9,10.0,83,23.215,26.037,0.9933,82,1152,1221,1234,2017.6
least_connections,9,11.0,76,23.671,26.502,0.9911,72,1106,1160,1178,2017.6
least_connections,9,12.0,11,23.596,26.315,0.9914,73,1128,1198,1201,2017.6
least_connections,9,13.0,87,23.596,26.315,0.9936,73,1128,1198,1201,2017.6
least_connections,9,14.0,82,23.578,26.563,0.996,70,1158,1228,1224,2017.6
least_connections,9,15.0,79,23.667,26.507,0.9942,69,1119,1170,1188,2017.6
least_connections,9,16.0,6,23.359,26.236,0.9942,71,1141,1207,1212,2017.6
least_connections,9,17.0,82,23.732,26.952,0.9936,78,1163,1239,1241,2017.6
least_connections,9,18.0,79,23.732,26.952,0.9958,78,1163,1239,1241,2017.6
least_connections,9,19.0,9,23.151,26.089,0.9958,86,1102,1186,1188,2017.6
least_connections,9,20.0,87,23.143,26.457,0.9957,100,1118,1218,1216,2017.6
least_connections,9,21.0,82,23.101,26.072,0.9964,102,1142,1237,1244,2017.6
least_connections,9,22.0,71,23.012,26.069,0.9958,86,1158,1184,1244,2017.6
least_connections,9,23.0,12,22.727,25.299,0.9956,26,1158,1184,1177,2017.6
least_connections,9,24.0,83,23.038,26.358,0.9956,122,1094,1216,1196,2017.6
least_connections,9,25.0,86,23.207,25.761,0.9956,121,1118,1239,1218,2017.6
least_connections,9,26.0,76,23.418,26.338,0.9962,123,1141,1264,1245,2017.6
least_connections,9,27.0,10,23.411,26.191,0.9963,166,1079,1208,1245,2017.6
least_connections,9,28.0,84,23.579,26.326,0.996,129,1079,1208,1192,2017.6
least_connections,9,29.0,84,23.443,26.343,0.9952,138,1102,1240,1220,2017.6
least_connections,9,30.0,82,23.444,26.425,0.9952,149,1121,1270,1254,2017.6
least_connections,9,31.0,4,23.482,26.418,0.9955,144,1065,1209,1201,2017.6
least_connections,9,32.0,87,23.446,26.266,0.9965,136,1099,1235,1201,2017.6
least_connections,9,33.0,22,23.457,26.269,0.9966,136,1099,1235,1224,2017.6
least_connections,9,34.0,87,23.824,26.399,0.9954,135,1102,1237,1231,2017.6
least_connections,9,35.0,48,23.61,26.62,0.9956,143,1040,1180,1183,2017.6
least_connections,9,36.0,27,23.689,27.063,0.9959,143,1053,1194,1196,2017.6
least_connections,9,37.0,56,23.523,26.198,0.9957,143,1080,1223,1196,2017.6
least_connections,9,38.0,83,23.573,26.249,0.9964,143,1080,1223,1223,2017.6
least_connections,9,39.0,49,23.503,26.436,0.9957,136,1110,1246,1175,2017.6
least_connections,9,40.0,87,24.326,27.238,0.9971,144,1046,1164,1190,2017.6
least_connections,9,41.0,0,23.787,26.976,0.9971,142,1079,1183,1221,2017.6
least_connections,9,42.0,86,23.903,27.319,0.9975,142,1109,1206,1251,2017.6
least_connections,9,43.0,87,23.903,27.319,0.9984,142,1109,1206,1251,2017.6
least_connections,9,44.0,0,23.818,26.92,0.9984,101,1070,1159,1171,2017.6
least_connections,9,45.0,86,23.16,26.337,0.9986,105,1099,1180,1204,2017.6
least_connections,9,46.0,86,22.713,25.816,0.9987,119,1116,1207,1235,2017.6
least_connections,9,47.0,81,22.831,25.835,0.9991,183,1052,1128,1235,2017.6
least_connections,9,48.0,0,22.629,25.411,0.9991,142,1052,1128,1194,2017.6
least_connections,9,49.0,82,22.653,25.798,0.9989,142,1077,1149,1219,2017.6
least_connections,9,50.1,83,23.128,25.835,0.9995,138,1098,1165,1236,2017.6
least_connections,9,51.1,83,23.257,26.229,0.9995,101,1064,1095,1165,2017.6
least_connections,9,52.1,0,23.423,26.433,0.9995,74,1091,1125,1165,2017.6
least_connections,9,53.1,83,23.499,26.456,0.9994,89,1091,1125,1180,2017.6
least_connections,9,54.1,86,23.437,26.239,0.9995,96,1116,1151,1212,2017.6
least_connections,9,55.1,82,23.356,26.233,0.9995,88,1146,1182,1234,2017.6
least_connections,9,56.1,0,23.178,26.042,0.9995,102,1080,1128,1182,2017.6
least_connections,9,57.1,87,23.471,26.389,0.9996,71,1111,1152,1182,2017.6
least_connections,9,58.1,77,23.778,26.933,0.9996,99,1111,1152,1210,2017.6
least_connections,9,59.1,9,23.593,26.503,0.9996,103,1135,1183,1238,2017.6
least_connections,10,0.0,0,23.464,26.272,1.0,0,0,0,0,2455.5
least_connections,10,1.0,81,23.679,27.007,0.9936,98,1135,1171,1233,2455.5
least_connections,10,2.0,1,23.679,27.007,0.9909,98,1135,1171,1233,2455.5
least_connections,10,3.0,21,23.671,26.552,0.9942,99,1046,1076,1145,2455.5
least_connections,10,4.0,86,23.06,26.312,0.9988,100,1072,1104,1172,2455.5
least_connections,10,5.0,63,23.268,26.312,0.9996,80,1092,1104,1172,2455.5
least_connections,10,6.0,20,23.076,26.108,0.999,109,1092,1134,1201,2455.5
least_connections,10,7.0,86,22.696,25.51,0.9984,112,1030,1048,1142,2455.5
least_connections,10,8.0,77,22.634,25.228,0.9991,107,1051,1067,1158,2455.5
least_connections,10,9.0,5,23.507,26.49,0.9988,89,1076,1081,1165,2455.5
least_connections,10,10.0,87,23.507,26.49,0.9997,89,1076,1081,1165,2455.5
least_connections,10,11.0,1,23.697,26.718,0.9996,10,1105,1110,1115,2455.5
least_connections,10,12.0,33,23.387,26.195,0.9988,107,1025,1021,1128,2455.5
least_connections,10,13.0,85,23.614,26.814,0.9983,94,1042,1034,1128,2455.5
least_connections,10,14.0,1,23.601,26.81,0.9981,124,1042,1034,1158,2455.5
least_connections,10,15.0,85,22.807,26.103,0.9997,45,1063,1068,1108,2455.5
least_connections,10,16.0,86,23.286,26.299,0.9995,102,1032,1036,1134,2455.5
least_connections,10,17.0,86,22.689,25.193,0.9989,103,1057,1054,1157,2455.5
least_connections,10,18.0,1,22.63,25.193,0.9988,103,1082,1054,1157,2455.5
least_connections,10,19.0,80,23.434,26.308,0.9982,49,1082,1065,1114,2455.5
least_connections,10,20.0,82,22.641,25.326,0.9976,143,1025,1004,1147,2455.5
least_connections,10,21.0,84,22.647,25.561,0.9983,129,1043,1032,1161,2455.5
least_connections,10,22.0,0,22.841,25.561,0.9983,129,1067,1032,1161,2455.5
least_connections,10,23.0,85,22.847,25.466,0.9987,133,1067,1050,1183,2455.5
least_connections,10,24.0,61,23.035,25.977,0.9982,123,1010,987,1110,2455.5
least_connections,10,25.0,49,23.727,27.368,0.9989,101,1033,1024,1125,2455.5
least_connections,10,26.0,81,23.541,27.362,0.9994,74,1059,1051,1125,2455.5
least_connections,10,27.0,1,23.149,26.303,0.9993,98,1059,1051,1149,2455.5
least_connections,10,28.0,83,22.986,26.225,0.9995,101,1005,989,1090,2455.5
least_connections,10,29.0,86,22.883,25.526,0.9998,102,1034,1012,1114,2455.5
least_connections,10,30.0,87,23.537,26.309,0.9999,71,1085,1043,1114,2455.5
least_connections,10,31.0,34,23.885,26.56,0.9999,96,1085,1043,1139,2455.5
least_connections,10,32.0,53,23.083,26.215,0.9998,90,1074,1027,1117,2455.5
least_connections,10,33.0,86,23.33,26.243,0.9999,87,1095,1052,1139,2455.5
least_connections,10,34.0,81,23.366,26.275,1.0,89,1127,1076,1165,2455.5
least_connections,10,35.0,26,23.784,26.275,0.9999,89,1084,1076,1165,2455.5
least_connections,10,36.0,58,23.931,26.662,0.9999,96,1084,1024,1120,2455.5
least_connections,10,37.0,73,22.832,25.566,0.9999,88,1111,1057,1145,2455.5
least_connections,10,38.0,77,23.094,25.937,0.9998,86,1132,1067,1153,2455.5
least_connections,10,39.0,8,23.468,26.199,0.9998,140,1057,1013,1153,2455.5
least_connections,10,40.0,86,23.486,26.205,0.9997,84,1057,1013,1097,2455.5
least_connections,10,41.0,83,23.6,26.285,0.9998,84,1088,1039,1123,2455.5
least_connections,10,42.0,81,23.88,26.971,0.9998,78,1115,1070,1148,2455.5
least_connections,10,43.0,1,23.274,26.258,0.9998,81,1144,1095,1176,2455.5
least_connections,10,44.0,83,23.536,26.311,0.9997,119,1089,1057,1176,2455.5
least_connections,10,45.0,83,23.691,26.727,0.9997,46,1089,1057,1103,2455.5
least_connections,10,46.0,88,24.117,27.55,0.9995,36,1119,1088,1124,2455.5
least_connections,10,47.0,0,23.665,26.615,0.9995,48,1148,1109,1157,2455.5
least_connections,10,48.0,85,23.547,26.495,0.9997,56,1081,1056,1112,2455.5
least_connections,10,49.0,23,23.615,26.369,0.9996,61,1084,1058,1119,2455.5
least_connections,10,50.1,87,23.615,26.369,0.9996,61,1084,1058,1119,2455.5
least_connections,10,51.1,62,23.678,26.563,0.9994,55,1113,1088,1143,2455.5
least_connections,10,52.1,25,23.481,26.417,0.9994,70,1066,1020,1090,2455.5
least_connections,10,53.1,83,23.367,26.354,0.9995,69,1088,1049,1118,2455.5
least_connections,10,54.1,87,23.495,26.608,0.9996,68,1116,1077,1145,2455.5
least_connections,10,55.1,56,23.495,26.608,0.9994,68,1116,1077,1145,2455.5
least_connections,10,56.1,32,23.585,26.467,0.9995,122,1145,1023,1082,2455.5
least_connections,10,57.1,86,23.037,26.44,0.9996,61,1084,1051,1112,2455.5
least_connections,10,58.1,52,22.949,26.156,0.9997,63,1105,1066,1129,2455.5
least_connections,10,59.1,30,23.495,26.333,0.9997,49,1115,1080,1129,2455.5
hash_based,1,0.0,0,23.886,26.358,1.0,0,0,0,0,2300.0
hash_based,1,1.0,90,23.889,26.358,0.9948,1141,1141,0,0,2300.0
hash_based,1,2.0,83,23.983,26.719,0.9912,46,1141,1113,1159,2300.0
hash_based,1,3.0,82,23.38,26.12,0.9948,37,1091,1059,1096,2300.0
hash_based,1,4.0,21,23.694,26.556,0.9962,33,1114,1091,1124,2300.0
hash_based,1,5.0,61,23.469,26.155,0.9978,37,1147,1114,1151,2300.0
hash_based,1,6.0,81,23.463,26.365,0.9988,40,1177,1137,1151,2300.0
hash_based,1,7.0,83,23.667,26.705,0.9997,61,1177,1137,1116,2300.0
hash_based,1,8.0,21,23.354,26.151,0.9997,46,1135,1104,1150,2300.0
hash_based,1,9.0,66,23.731,26.999,0.9999,42,1164,1133,1175,2300.0
hash_based,1,10.0,87,23.822,26.668,0.9999,41,1188,1163,1204,2300.0
hash_based,1,11.0,84,23.411,26.648,0.9999,95,1131,1109,1204,2300.0
hash_based,1,12.0,21,23.377,26.558,0.9994,41,1131,1109,1150,2300.0
hash_based,1,13.0,65,23.461,26.202,0.9993,42,1159,1132,1174,2300.0
hash_based,1,14.0,83,23.595,26.575,0.9979,42,1164,1134,1176,2300.0
hash_based,1,15.0,11,24.14,27.405,0.9979,57,1132,1075,1098,2300.0
hash_based,1,16.0,58,24.058,27.126,0.9977,59,1157,1098,1098,2300.0
hash_based,1,17.0,88,23.799,26.925,0.9967,59,1157,1098,1117,2300.0
hash_based,1,18.0,86,23.474,26.125,0.9976,77,1190,1113,1152,2300.0
hash_based,1,19.0,21,24.243,27.337,0.9975,87,1147,1060,1112,2300.0
hash_based,1,20.0,63,23.819,26.491,0.9976,88,1176,1088,1134,2300.0
hash_based,1,21.0,1,23.819,26.491,0.9977,88,1176,1088,1134,2300.0
hash_based,1,22.0,84,23.804,26.814,0.9975,93,1208,1115,1158,2300.0
hash_based,1,23.0,84,23.23,26.177,0.9971,80,1153,1073,1121,2300.0
hash_based,1,24.0,23,23.23,26.177,0.9973,80,1153,1073,1121,2300.0
hash_based,1,25.0,65,22.73,25.354,0.9962,84,1175,1091,1144,2300.0
hash_based,1,26.0,82,23.074,26.246,0.9963,91,1202,1111,1168,2300.0
hash_based,1,27.0,86,23.054,25.918,0.9968,93,1149,1056,1111,2300.0
hash_based,1,28.0,31,23.456,26.352,0.9969,108,1178,1070,1135,2300.0
hash_based,1,29.0,56,23.456,26.352,0.9973,108,1178,1070,1135,2300.0
hash_based,1,30.0,82,23.559,26.965,0.9974,101,1204,1103,1153,2300.0
hash_based,1,31.0,87,23.397,26.3,0.9976,99,1232,1133,1176,2300.0
hash_based,1,32.0,32,23.573,26.701,0.9972,91,1173,1082,1126,2300.0
hash_based,1,33.0,55,23.731,26.775,0.9981,91,1199,1108,1157,2300.0
hash_based,1,34.0,84,23.731,26.775,0.9982,91,1199,1108,1157,2300.0
hash_based,1,35.0,85,23.772,26.894,0.9984,90,1225,1135,1187,2300.0
hash_based,1,36.0,51,23.565,26.283,0.9985,66,1159,1093,1127,2300.0
hash_based,1,37.0,45,23.726,26.574,0.9984,75,1191,1116,1155,2300.0
hash_based,1,38.0,83,23.755,27.017,0.9989,67,1215,1148,1181,2300.0
hash_based,1,39.0,82,23.755,27.017,0.9987,67,1215,1148,1181,2300.0
hash_based,1,40.0,1,23.674,26.729,0.9986,65,1158,1093,1126,2300.0
hash_based,1,41.0,85,23.172,26.454,0.9987,66,1183,1117,1158,2300.0
hash_based,1,42.0,87,23.746,26.99,0.9986,55,1205,1150,1181,2300.0
hash_based,1,43.0,85,23.429,26.99,0.9986,75,1225,1150,1181,2300.0
hash_based,1,44.0,1,23.33,27.228,0.9986,134,1225,1091,1130,2300.0
hash_based,1,45.0,86,22.889,25.752,0.999,54,1175,1121,1158,2300.0
hash_based,1,46.0,87,22.747,25.48,0.9991,55,1193,1138,1189,2300.0
hash_based,1,47.0,86,22.932,25.672,0.999,45,1212,1167,1206,2300.0
hash_based,1,48.0,0,22.932,25.672,0.999,45,1212,1167,1206,2300.0
hash_based,1,49.0,84,23.287,26.187,0.9989,56,1153,1104,1160,2300.0
hash_based,1,50.0,86,22.902,25.711,0.9987,58,1194,1136,1184,2300.0
hash_based,1,51.1,87,22.892,25.384,0.9989,66,1219,1153,1210,2300.0
hash_based,1,52.1,1,22.748,25.384,0.9989,57,1153,1153,1210,2300.0
hash_based,1,53.1,87,23.552,27.28,0.9989,60,1153,1093,1148,2300.0
hash_based,1,54.1,81,23.492,26.344,0.9988,67,1171,1104,1158,2300.0
hash_based,1,55.1,0,23.508,26.587,0.9988,70,1198,1128,1190,2300.0
hash_based,1,56.1,85,23.409,26.242,0.9989,94,1182,1088,1161,2300.0
hash_based,1,57.1,87,23.469,26.242,0.9989,120,1208,1088,1161,2300.0
hash_based,1,58.1,84,23.872,26.876,0.999,95,1208,1113,1193,2300.0
hash_based,1,59.1,0,23.73,26.808,0.999,94,1236,1142,1219,2300.0
hash_based,2,0.0,0,23.576,26.483,1.0,0,0,0,0,2285.3
hash_based,2,1.0,84,23.658,26.461,0.9743,100,1207,1107,1204,2285.3
hash_based,2,2.0,83,23.496,26.461,0.9944,104,1235,1131,1204,2285.3
hash_based,2,3.0,87,23.437,26.37,0.9855,104,1235,1131,1235,2285.3
hash_based,2,4.0,1,23.792,27.183,0.9857,75,1176,1101,1175,2285.3
hash_based,2,5.0,83,23.779,27.041,0.9891,75,1200,1130,1205,2285.3
hash_based,2,6.0,87,23.526,27.046,0.984,66,1222,1165,1231,2285.3
hash_based,2,7.0,83,23.28,26.984,0.9848,120,1152,1111,1231,2285.3
hash_based,2,8.0,1,22.952,26.099,0.9849,70,1152,1111,1181,2285.3
hash_based,2,9.0,81,22.831,25.841,0.9871,81,1174,1131,1212,2285.3
hash_based,2,10.0,85,23.091,25.742,0.9898,85,1191,1154,1239,2285.3
hash_based,2,11.0,86,22.565,25.324,0.9899,83,1116,1100,1183,2285.3
hash_based,2,12.0,7,22.932,25.472,0.9904,64,1138,1119,1183,2285.3
hash_based,2,13.0,80,23.259,26.258,0.9914,83,1138,1119,1202,2285.3
hash_based,2,14.0,82,24.33,27.357,0.9913,84,1165,1144,1228,2285.3
hash_based,2,15.0,62,24.068,26.679,0.9925,15,1190,1175,1181,2285.3
hash_based,2,16.0,23,23.82,27.242,0.9931,84,1137,1126,1210,2285.3
hash_based,2,17.0,86,23.776,27.242,0.9952,84,1171,1126,1210,2285.3
hash_based,2,18.0,92,23.38,26.207,0.9966,75,1171,1155,1230,2285.3
hash_based,2,19.0,86,23.891,27.061,0.9962,87,1202,1175,1262,2285.3
hash_based,2,20.0,7,23.395,26.149,0.9959,86,1157,1151,1237,2285.3
hash_based,2,21.0,79,23.825,27.356,0.9965,88,1185,1176,1264,2285.3
hash_based,2,22.0,85,23.433,26.227,0.9969,68,1213,1196,1264,2285.3
hash_based,2,23.0,85,23.393,26.148,0.9964,96,1213,1196,1292,2285.3
hash_based,2,24.0,11,24.095,27.399,0.9964,96,1143,1150,1239,2285.3
hash_based,2,25.0,75,23.818,26.435,0.9963,99,1161,1178,1260,2285.3
hash_based,2,26.0,84,23.645,26.871,0.997,95,1190,1207,1285,2285.3
hash_based,2,27.0,86,23.516,26.873,0.9973,164,1121,1132,1285,2285.3
hash_based,2,28.0,7,23.192,26.125,0.9971,118,1121,1132,1239,2285.3
hash_based,2,29.0,79,23.86,26.792,0.9976,123,1141,1163,1264,2285.3
hash_based,2,30.0,86,22.633,25.747,0.9981,129,1159,1179,1288,2285.3
hash_based,2,31.0,83,23.147,26.278,0.9985,131,1177,1199,1308,2285.3
hash_based,2,32.0,7,23.194,26.278,0.9985,195,1113,1199,1308,2285.3
hash_based,2,33.0,78,23.17,26.117,0.9987,112,1113,1122,1225,2285.3
hash_based,2,34.0,85,23.858,27.084,0.9985,110,1143,1141,1251,2285.3
hash_based,2,35.0,1,23.729,26.872,0.9985,113,1165,1175,1278,2285.3
hash_based,2,36.0,85,23.436,26.598,0.9984,120,1124,1139,1244,2285.3
hash_based,2,37.0,82,23.552,26.598,0.9986,105,1153,1139,1244,2285.3
hash_based,2,38.0,83,23.531,26.503,0.9987,113,1153,1171,1266,2285.3
hash_based,2,39.0,7,23.431,26.379,0.9986,117,1182,1192,1299,2285.3
hash_based,2,40.0,77,23.516,26.455,0.9988,121,1116,1126,1237,2285.3
hash_based,2,41.0,81,23.783,26.851,0.9987,122,1139,1162,1261,2285.3
hash_based,2,42.0,88,23.586,26.851,0.9991,99,1177,1162,1261,2285.3
hash_based,2,43.0,1,23.342,26.493,0.9992,109,1177,1188,1286,2285.3
hash_based,2,44.0,82,23.209,26.244,0.9992,113,1103,1139,1216,2285.3
hash_based,2,45.0,86,23.415,26.008,0.9994,116,1129,1161,1245,2285.3
hash_based,2,46.0,83,23.22,26.038,0.9992,95,1150,1184,1245,2285.3
hash_based,2,47.0,1,23.268,26.167,0.9992,120,1150,1184,1270,2285.3
hash_based,2,48.0,85,23.049,26.04,0.9989,62,1167,1161,1223,2285.3
hash_based,2,49.1,86,22.81,26.016,0.9988,104,1119,1184,1223,2285.3
hash_based,2,50.1,2,22.768,25.903,0.9988,137,1119,1184,1256,2285.3
hash_based,2,51.1,84,23.043,26.348,0.9988,139,1144,1216,1283,2285.3
hash_based,2,52.1,84,22.879,26.034,0.9989,112,1100,1172,1212,2285.3
hash_based,2,53.1,86,22.842,26.034,0.9987,97,1115,1172,1212,2285.3
hash_based,2,54.1,0,22.993,26.13,0.9987,124,1115,1206,1239,2285.3
hash_based,2,55.1,86,23.42,26.615,0.9985,122,1144,1238,1266,2285.3
hash_based,2,56.1,83,22.797,25.477,0.9987,135,1093,1203,1228,2285.3
hash_based,2,57.1,85,22.667,25.477,0.9986,112,1116,1203,1228,2285.3
hash_based,2,58.1,1,23.248,26.458,0.9986,138,1116,1236,1254,2285.3
hash_based,2,59.1,81,23.162,26.199,0.9988,132,1152,1259,1284,2285.3
hash_based,3,0.0,0,23.627,26.466,1.0,0,0,0,0,2462.0
hash_based,3,1.0,82,23.277,26.771,0.9848,104,1150,1216,1254,2462.0
hash_based,3,2.0,87,23.243,26.319,0.9966,109,1167,1237,1276,2462.0
hash_based,3,3.0,1,23.693,26.809,0.9956,89,1115,1158,1204,2462.0
hash_based,3,4.0,81,23.693,26.809,0.9979,89,1115,1158,1204,2462.0
hash_based,3,5.0,86,23.353,26.124,0.9997,89,1143,1185,1232,2462.0
hash_based,3,6.0,86,23.522,26.431,0.9996,92,1168,1215,1260,2462.0
hash_based,3,7.0,1,23.51,26.61,0.9995,73,1125,1158,1198,2462.0
hash_based,3,8.0,86,23.386,26.212,0.9972,65,1160,1179,1225,2462.0
hash_based,3,9.0,87,23.386,26.212,0.9983,65,1160,1179,1225,2462.0
hash_based,3,10.0,87,23.472,26.556,0.9998,63,1184,1202,1247,2462.0
hash_based,3,11.0,26,23.983,26.792,0.9999,65,1207,1237,1272,2462.0
hash_based,3,12.0,58,23.35,26.215,0.9999,59,1154,1179,1213,2462.0
hash_based,3,13.0,84,23.679,26.491,0.9996,57,1179,1214,1236,2462.0
hash_based,3,14.0,95,23.55,26.491,1.0,26,1210,1214,1236,2462.0
hash_based,3,15.0,52,23.461,26.395,0.9999,53,1210,1238,1263,2462.0
hash_based,3,16.0,34,23.619,26.64,0.9999,56,1142,1176,1198,2462.0
hash_based,3,17.0,83,23.253,26.495,0.9997,62,1166,1206,1228,2462.0
hash_based,3,18.0,87,22.786,26.161,0.9988,82,1180,1227,1262,2462.0
hash_based,3,19.0,56,22.844,26.161,0.9989,156,1106,1227,1262,2462.0
hash_based,3,20.0,31,23.081,26.048,0.999,87,1106,1163,1193,2462.0
hash_based,3,21.0,84,23.066,25.831,0.9991,85,1137,1185,1222,2462.0
hash_based,3,22.0,85,23.174,26.318,0.9987,78,1155,1199,1233,2462.0
hash_based,3,23.0,1,23.431,26.269,0.9986,83,1081,1133,1164,2462.0
hash_based,3,24.0,84,23.431,26.269,0.9989,83,1081,1133,1164,2462.0
hash_based,3,25.0,94,23.457,26.753,0.9992,83,1106,1163,1189,2462.0
hash_based,3,26.0,82,23.761,26.925,0.9995,73,1137,1194,1210,2462.0
hash_based,3,27.0,11,23.447,26.449,0.9995,62,1169,1224,1231,2462.0
hash_based,3,28.0,75,23.471,26.019,0.9996,68,1126,1189,1194,2462.0
hash_based,3,29.0,83,23.299,26.019,0.9996,43,1151,1189,1194,2462.0
hash_based,3,30.0,87,23.674,26.833,0.9996,70,1151,1221,1220,2462.0
hash_based,3,31.0,11,23.413,26.207,0.9996,71,1180,1251,1244,2462.0
hash_based,3,32.0,77,23.368,26.076,0.9995,66,1126,1185,1192,2462.0
hash_based,3,33.0,84,23.511,26.154,0.9994,67,1151,1217,1218,2462.0
hash_based,3,34.0,86,23.141,26.125,0.9994,69,1178,1247,1218,2462.0
hash_based,3,35.0,11,23.141,26.124,0.9995,69,1178,1247,1243,2462.0
hash_based,3,36.0,73,22.87,26.035,0.9996,69,1109,1176,1178,2462.0
hash_based,3,37.0,89,22.723,25.468,0.9992,74,1130,1204,1194,2462.0
hash_based,3,38.0,7,24.014,27.046,0.9992,72,1142,1214,1195,2462.0
hash_based,3,39.0,77,23.691,26.875,0.9996,59,1173,1232,1195,2462.0
hash_based,3,40.0,84,23.315,26.174,0.9995,59,1173,1232,1229,2462.0
hash_based,3,41.0,81,23.496,26.436,0.9994,89,1092,1169,1181,2462.0
hash_based,3,42.0,7,23.643,26.597,0.9995,87,1115,1198,1202,2462.0
hash_based,3,43.0,75,23.631,26.857,0.9995,94,1142,1220,1236,2462.0
hash_based,3,44.0,86,23.413,26.351,0.9996,87,1125,1184,1212,2462.0
hash_based,3,45.0,85,23.413,26.351,0.9998,87,1125,1184,1212,2462.0
hash_based,3,46.0,7,23.356,26.431,0.9998,71,1163,1207,1234,2462.0
hash_based,3,47.0,79,22.863,26.071,0.9998,84,1184,1232,1268,2462.0
hash_based,3,48.0,92,23.769,27.211,0.9996,77,1130,1170,1207,2462.0
hash_based,3,49.0,94,23.672,26.746,0.9994,90,1149,1201,1239,2462.0
hash_based,3,50.1,60,23.672,26.746,0.9993,90,1149,1201,1239,2462.0
hash_based,3,51.1,23,23.152,26.246,0.9993,97,1170,1232,1267,2462.0
hash_based,3,52.1,84,22.865,26.456,0.9991,54,1190,1159,1213,2462.0
hash_based,3,53.1,83,22.731,25.906,0.9992,116,1123,1172,1239,2462.0
hash_based,3,54.1,68,23.213,26.376,0.9993,114,1146,1193,1260,2462.0
hash_based,3,55.1,18,23.213,26.376,0.9993,114,1146,1193,1260,2462.0
hash_based,3,56.1,84,23.231,26.177,0.9995,102,1176,1210,1278,2462.0
hash_based,3,57.1,54,23.448,26.298,0.9996,87,1140,1171,1227,2462.0
hash_based,3,58.1,32,23.691,26.547,0.9996,88,1165,1193,1253,2462.0
hash_based,3,59.1,86,23.912,26.476,0.9997,82,1196,1220,1278,2462.0
hash_based,4,0.0,0,23.39,26.16,1.0,0,0,0,0,2433.5
hash_based,4,1.0,84,23.478,26.411,0.9891,76,1173,1192,1249,2433.5
hash_based,4,2.0,81,23.148,26.541,0.9921,89,1198,1213,1287,2433.5
hash_based,4,3.0,84,23.973,27.029,0.9941,157,1130,1166,1287,2433.5
hash_based,4,4.0,31,23.984,27.033,0.9975,106,1130,1166,1236,2433.5
hash_based,4,5.0,56,23.119,26.44,0.9961,100,1161,1190,1261,2433.5
hash_based,4,6.0,84,23.228,26.032,0.9991,100,1183,1214,1283,2433.5
hash_based,4,7.0,86,22.453,25.432,0.9981,116,1116,1137,1232,2433.5
hash_based,4,8.0,31,22.829,25.483,0.9987,98,1134,1159,1232,2433.5
hash_based,4,9.0,55,22.967,25.857,0.9991,112,1134,1159,1246,2433.5
hash_based,4,10.0,85,23.002,25.831,0.9998,105,1158,1176,1263,2433.5
hash_based,4,11.0,88,23.801,27.062,0.9994,96,1105,1122,1201,2433.5
hash_based,4,12.0,11,23.832,26.677,0.9994,86,1135,1144,1221,2433.5
hash_based,4,13.0,76,23.758,26.893,0.9996,86,1161,1175,1247,2433.5
hash_based,4,14.0,88,23.758,26.893,0.9997,86,1161,1175,1247,2433.5
hash_based,4,15.0,83,23.408,26.465,0.9998,84,1187,1208,1271,2433.5
hash_based,4,16.0,1,23.541,26.494,0.9997,60,1147,1159,1207,2433.5
hash_based,4,17.0,92,23.317,26.44,0.9997,61,1177,1181,1238,2433.5
hash_based,4,18.0,96,23.391,26.183,0.9996,59,1207,1206,1265,2433.5
hash_based,4,19.0,85,23.504,26.183,0.9997,99,1166,1206,1265,2433.5
hash_based,4,20.0,41,23.737,27.02,0.9996,53,1166,1153,1206,2433.5
hash_based,4,21.0,41,23.536,26.676,0.9996,50,1198,1180,1230,2433.5
hash_based,4,22.0,86,23.303,26.381,0.9997,43,1223,1212,1255,2433.5
hash_based,4,23.0,87,22.78,25.815,0.9999,67,1157,1151,1218,2433.5
hash_based,4,24.0,65,22.78,25.815,0.9998,67,1157,1151,1218,2433.5
hash_based,4,25.0,24,23.257,26.28,0.9998,68,1192,1178,1246,2433.5
hash_based,4,26.0,90,23.078,26.077,0.9995,76,1225,1199,1275,2433.5
hash_based,4,27.0,86,23.792,27.164,0.9994,92,1169,1133,1225,2433.5
hash_based,4,28.0,86,23.209,27.072,0.9998,63,1184,1162,1225,2433.5
hash_based,4,29.0,1,22.641,25.537,0.9998,88,1184,1162,1250,2433.5
hash_based,4,30.0,84,22.583,25.442,0.9997,93,1202,1183,1276,2433.5
hash_based,4,31.0,83,23.51,26.605,0.9996,96,1223,1196,1292,2433.5
hash_based,4,32.0,85,23.44,26.946,0.9997,104,1161,1127,1231,2433.5
hash_based,4,33.0,1,23.748,27.052,0.9997,98,1193,1154,1252,2433.5
hash_based,4,34.0,85,23.748,27.052,0.9996,98,1193,1154,1252,2433.5
hash_based,4,35.0,83,23.527,26.473,0.9997,106,1220,1178,1284,2433.5
hash_based,4,36.0,45,23.441,26.411,0.9999,83,1182,1140,1223,2433.5
hash_based,4,37.0,40,23.323,26.163,0.9998,76,1208,1172,1248,2433.5
hash_based,4,38.0,85,23.011,26.095,0.9997,90,1231,1188,1278,2433.5
hash_based,4,39.0,85,23.021,26.095,0.9996,98,1180,1188,1278,2433.5
hash_based,4,40.0,0,23.08,26.101,0.9996,87,1180,1138,1225,2433.5
hash_based,4,41.0,86,22.675,25.378,0.9997,91,1194,1161,1252,2433.5
hash_based,4,42.0,86,22.398,25.156,0.9998,89,1214,1182,1271,2433.5
hash_based,4,43.0,81,22.943,25.351,0.9997,73,1237,1198,1271,2433.5
hash_based,4,44.0,2,23.449,26.197,0.9997,39,1237,1198,1199,2433.5
hash_based,4,45.0,84,22.943,25.661,0.9995,92,1172,1138,1230,2433.5
hash_based,4,46.0,83,22.853,25.926,0.9998,84,1196,1162,1246,2433.5
hash_based,4,47.0,87,23.003,25.926,0.9997,84,1221,1162,1246,2433.5
hash_based,4,48.0,1,23.288,25.963,0.9997,39,1221,1182,1186,2433.5
hash_based,4,49.0,85,22.787,26.001,0.9997,76,1188,1143,1219,2433.5
hash_based,4,50.0,83,22.658,25.585,0.9998,75,1206,1162,1237,2433.5
hash_based,4,51.1,42,22.978,25.78,0.9998,67,1231,1180,1247,2433.5
hash_based,4,52.1,45,23.462,26.775,0.9998,99,1182,1148,1247,2433.5
hash_based,4,53.1,83,23.806,26.878,0.9999,52,1182,1148,1200,2433.5
hash_based,4,54.1,83,23.804,27.013,1.0,47,1200,1183,1230,2433.5
hash_based,4,55.1,0,23.402,26.078,1.0,42,1224,1207,1249,2433.5
hash_based,4,56.1,84,23.544,26.581,0.9999,48,1169,1164,1212,2433.5
hash_based,4,57.1,86,23.605,26.66,0.9999,56,1200,1186,1242,2433.5
hash_based,4,58.1,85,23.605,26.66,0.9998,56,1200,1186,1242,2433.5
hash_based,4,59.1,0,23.699,26.849,0.9998,71,1228,1203,1274,2433.5
hash_based,5,0.0,0,23.461,26.131,1.0,0,0,0,0,2709.7
hash_based,5,1.0,86,22.936,26.365,0.9653,62,1195,1177,1239,2709.7
hash_based,5,2.0,82,23.407,26.52,0.9891,63,1213,1203,1266,2709.7
hash_based,5,3.0,87,23.102,26.191,0.9926,115,1159,1151,1266,2709.7
hash_based,5,4.0,0,23.011,25.947,0.9926,69,1159,1151,1220,2709.7
hash_based,5,5.0,82,22.761,25.569,0.9962,67,1177,1173,1240,2709.7
hash_based,5,6.0,86,23.306,26.249,0.9951,73,1195,1192,1265,2709.7
hash_based,5,7.0,7,23.604,26.854,0.9947,83,1125,1127,1208,2709.7
hash_based,5,8.0,80,23.623,26.397,0.9933,93,1156,1147,1240,2709.7
hash_based,5,9.0,82,23.623,26.397,0.992,93,1156,1147,1240,2709.7
hash_based,5,10.0,86,23.812,26.802,0.9913,102,1188,1168,1270,2709.7
hash_based,5,11.0,11,23.531,26.581,0.9908,38,1216,1191,1229,2709.7
hash_based,5,12.0,75,23.637,26.499,0.9931,129,1173,1128,1257,2709.7
hash_based,5,13.0,87,23.69,26.592,0.9964,120,1197,1162,1282,2709.7
hash_based,5,14.0,86,23.66,26.592,0.9983,120,1221,1162,1282,2709.7
hash_based,5,15.0,11,23.754,26.951,0.9977,113,1221,1195,1308,2709.7
hash_based,5,16.0,72,23.066,26.408,0.9962,125,1149,1141,1266,2709.7
hash_based,5,17.0,95,23.704,27.028,0.9939,134,1171,1167,1301,2709.7
hash_based,5,18.0,86,23.115,26.389,0.9949,135,1199,1193,1328,2709.7
hash_based,5,19.0,35,23.115,26.389,0.9951,135,1199,1193,1328,2709.7
hash_based,5,20.0,51,22.805,25.879,0.9963,140,1129,1131,1269,2709.7
hash_based,5,21.0,84,22.581,25.351,0.9969,144,1146,1161,1290,2709.7
hash_based,5,22.0,85,22.905,25.58,0.998,141,1168,1179,1309,2709.7
hash_based,5,23.0,66,22.901,25.58,0.9986,211,1098,1179,1309,2709.7
hash_based,5,24.0,19,22.901,25.58,0.9987,211,1098,1179,1309,2709.7
hash_based,5,25.0,88,22.901,25.58,0.9987,211,1098,1179,1309,2709.7
hash_based,5,26.0,86,18.319,26.469,0.9982,159,1098,1146,1257,2709.7
hash_based,5,27.0,0,20.784,27.018,0.9982,123,1178,1168,1291,2709.7
hash_based,5,28.0,82,21.02,26.905,0.998,129,1115,1112,1241,2709.7
hash_based,5,29.0,82,20.857,26.457,0.998,130,1140,1141,1270,2709.7
hash_based,5,30.0,88,20.314,26.137,0.9978,129,1153,1141,1270,2709.7
hash_based,5,31.0,0,19.96,25.49,0.9978,144,1153,1169,1297,2709.7
hash_based,5,32.0,86,20.088,26.094,0.9983,144,1112,1115,1256,2709.7
hash_based,5,33.0,1,20.542,26.414,0.9983,135,1127,1121,1256,2709.7
hash_based,5,34.0,85,20.58,26.414,0.9984,160,1127,1121,1281,2709.7
hash_based,5,35.0,86,19.872,25.475,0.9981,148,1170,1160,1308,2709.7
hash_based,5,36.0,11,20.009,25.844,0.9983,210,1098,1160,1308,2709.7
hash_based,5,37.0,75,20.219,25.853,0.9984,136,1098,1095,1231,2709.7
hash_based,5,38.0,83,20.947,27.237,0.9986,125,1120,1123,1245,2709.7
hash_based,5,39.0,85,20.541,26.404,0.9991,123,1145,1152,1268,2709.7
hash_based,5,40.0,16,20.96,26.727,0.9991,115,1077,1103,1192,2709.7
hash_based,5,41.0,67,20.825,26.485,0.9995,85,1107,1140,1192,2709.7
hash_based,5,42.0,84,20.592,26.485,0.9994,101,1107,1140,1208,2709.7
hash_based,5,43.0,86,20.871,26.491,0.9993,103,1136,1163,1239,2709.7
hash_based,5,44.0,31,20.383,26.277,0.9992,109,1079,1105,1188,2709.7
hash_based,5,45.0,57,20.878,26.585,0.9993,111,1106,1132,1217,2709.7
hash_based,5,46.0,89,20.625,26.227,0.9994,111,1133,1160,1244,2709.7
hash_based,5,47.0,7,20.729,26.51,0.9995,109,1135,1160,1244,2709.7
hash_based,5,48.0,65,20.325,26.415,0.9998,116,1135,1166,1251,2709.7
hash_based,5,49.1,96,20.883,26.47,0.9997,121,1106,1111,1227,2709.7
hash_based,5,50.1,86,20.094,25.264,0.9997,115,1135,1157,1250,2709.7
hash_based,5,51.1,41,20.628,26.233,0.9998,93,1157,1176,1250,2709.7
hash_based,5,52.1,42,20.411,26.233,0.9997,110,1157,1176,1267,2709.7
hash_based,5,53.1,84,20.658,26.298,0.9999,102,1094,1101,1196,2709.7
hash_based,5,54.1,86,20.949,26.639,0.9999,89,1124,1133,1213,2709.7
hash_based,5,55.1,38,20.633,26.339,0.9999,86,1153,1161,1239,2709.7
hash_based,5,56.1,50,20.462,26.241,0.9999,65,1123,1122,1187,2709.7
hash_based,5,57.1,85,20.445,26.195,0.9999,65,1145,1122,1187,2709.7
hash_based,5,58.1,84,22.96,26.314,0.9998,67,1145,1155,1212,2709.7
hash_based,5,59.1,44,20.537,26.352,0.9999,75,1166,1188,1241,2709.7
hash_based,6,0.0,0,20.423,26.16,1.0,0,0,0,0,2234.8
hash_based,6,1.0,87,20.664,26.15,0.976,69,1132,1151,1201,2234.8
hash_based,6,2.0,84,20.388,26.677,0.9831,71,1148,1164,1219,2234.8
hash_based,6,3.0,62,20.932,26.687,0.991,50,1100,1106,1150,2234.8
hash_based,6,4.0,24,21.036,26.754,0.9962,27,1123,1138,1150,2234.8
hash_based,6,5.0,81,20.898,26.754,0.9897,51,1123,1138,1174,2234.8
hash_based,6,6.0,83,20.82,26.673,0.994,57,1146,1158,1203,2234.8
hash_based,6,7.0,67,20.704,26.419,0.9971,51,1169,1118,1142,2234.8
hash_based,6,8.0,20,20.754,26.395,0.9956,56,1103,1147,1159,2234.8
hash_based,6,9.0,85,20.688,26.433,0.9989,50,1132,1178,1182,2234.8
hash_based,6,10.0,83,20.688,26.433,0.9996,50,1132,1178,1182,2234.8
hash_based,6,11.0,63,21.218,27.655,0.9999,48,1160,1208,1207,2234.8
hash_based,6,12.0,21,21.06,26.842,0.9999,23,1122,1145,1140,2234.8
hash_based,6,13.0,86,20.596,26.523,0.9996,28,1147,1175,1168,2234.8
hash_based,6,14.0,83,20.124,25.601,0.9997,29,1171,1200,1199,2234.8
hash_based,6,15.0,64,20.068,25.45,0.9997,87,1113,1200,1199,2234.8
hash_based,6,16.0,22,20.116,25.739,0.9993,30,1113,1134,1143,2234.8
hash_based,6,17.0,85,20.278,26.074,0.999,39,1127,1160,1166,2234.8
hash_based,6,18.0,86,20.658,26.643,0.9979,54,1150,1203,1204,2234.8
hash_based,6,19.0,72,20.074,25.928,0.9979,111,1093,1203,1204,2234.8
hash_based,6,20.0,15,20.055,25.637,0.9978,71,1093,1141,1164,2234.8
hash_based,6,21.0,82,20.297,25.992,0.9978,62,1112,1143,1174,2234.8
hash_based,6,22.0,87,20.85,26.782,0.9974,62,1133,1170,1195,2234.8
hash_based,6,23.0,11,20.592,26.244,0.9974,29,1156,1133,1127,2234.8
hash_based,6,24.0,75,20.898,26.814,0.9973,64,1100,1164,1127,2234.8
hash_based,6,25.0,84,20.901,26.814,0.9975,64,1100,1164,1151,2234.8
hash_based,6,26.0,86,20.632,26.514,0.9973,67,1129,1196,1173,2234.8
hash_based,6,27.0,19,20.548,26.095,0.9975,72,1153,1225,1203,2234.8
hash_based,6,28.0,65,20.79,26.754,0.9982,56,1095,1151,1144,2234.8
hash_based,6,29.0,84,20.634,26.368,0.9986,56,1110,1166,1160,2234.8
hash_based,6,30.0,81,20.634,26.368,0.9984,56,1110,1166,1160,2234.8
hash_based,6,31.0,16,22.392,25.861,0.9984,62,1135,1197,1186,2234.8
hash_based,6,32.0,68,20.469,26.594,0.9983,71,1070,1141,1125,2234.8
hash_based,6,33.0,84,20.087,25.465,0.9985,82,1088,1170,1142,2234.8
hash_based,6,34.0,83,20.355,26.332,0.9983,90,1102,1192,1174,2234.8
hash_based,6,35.0,21,20.349,26.33,0.9986,76,1116,1192,1174,2234.8
hash_based,6,36.0,65,20.316,26.086,0.9988,36,1116,1136,1152,2234.8
hash_based,6,37.0,84,20.178,25.715,0.999,80,1098,1160,1178,2234.8
hash_based,6,38.0,11,20.178,25.715,0.9989,80,1098,1160,1178,2234.8
hash_based,6,39.0,72,19.959,25.93,0.9989,79,1119,1179,1198,2234.8
hash_based,6,40.0,1,20.579,26.408,0.9989,119,1079,1129,1198,2234.8
hash_based,6,41.0,98,21.128,26.408,0.9992,88,1079,1129,1167,2234.8
hash_based,6,42.0,74,21.128,26.408,0.9991,88,1079,1129,1167,2234.8
hash_based,6,43.0,10,21.026,26.938,0.999,60,1132,1187,1192,2234.8
hash_based,6,44.0,86,20.526,26.52,0.9987,71,1079,1138,1150,2234.8
hash_based,6,45.0,85,20.448,26.138,0.9987,65,1107,1172,1172,2234.8
hash_based,6,46.0,71,20.224,26.071,0.9986,45,1127,1172,1172,2234.8
hash_based,6,47.0,10,20.09,25.52,0.9985,75,1127,1201,1202,2234.8
hash_based,6,48.0,88,20.075,25.69,0.9983,9,1143,1147,1152,2234.8
hash_based,6,49.0,84,20.124,25.466,0.9984,98,1071,1168,1169,2234.8
hash_based,6,50.0,76,20.524,26.307,0.9982,74,1095,1168,1169,2234.8
hash_based,6,51.1,10,20.728,26.384,0.9982,116,1095,1211,1207,2234.8
hash_based,6,52.1,84,21.255,26.495,0.9986,26,1131,1145,1157,2234.8
hash_based,6,53.1,90,21.294,27.082,0.9984,101,1089,1172,1190,2234.8
hash_based,6,54.1,88,20.213,26.066,0.9986,115,1107,1194,1222,2234.8
hash_based,6,55.1,11,20.213,26.066,0.9985,115,1107,1194,1222,2234.8
hash_based,6,56.1,76,20.082,25.506,0.9982,114,1124,1210,1238,2234.8
hash_based,6,57.1,84,20.837,26.582,0.9984,128,1076,1162,1204,2234.8
hash_based,6,58.1,51,20.703,26.403,0.9981,125,1107,1186,1232,2234.8
hash_based,6,59.1,31,20.663,26.627,0.9981,144,1126,1212,1270,2234.8
hash_based,7,0.0,0,20.795,26.524,1.0,0,0,0,0,2125.3
hash_based,7,1.0,83,20.617,26.24,0.9928,126,1104,1194,1230,2125.3
hash_based,7,2.0,86,20.617,26.24,0.9999,126,1104,1194,1230,2125.3
hash_based,7,3.0,86,23.025,26.567,0.9994,128,1130,1222,1258,2125.3
hash_based,7,4.0,1,20.754,26.543,0.9992,112,1084,1164,1196,2125.3
hash_based,7,5.0,83,21.017,26.934,0.997,120,1109,1189,1229,2125.3
hash_based,7,6.0,87,21.086,26.981,0.9935,119,1141,1209,1260,2125.3
hash_based,7,7.0,85,21.031,26.965,0.9981,170,1090,1209,1260,2125.3
hash_based,7,8.0,7,20.71,26.47,0.9978,128,1090,1157,1218,2125.3
hash_based,7,9.0,76,20.13,25.485,0.9993,138,1106,1193,1244,2125.3
hash_based,7,10.0,84,20.279,26.193,0.9994,143,1124,1216,1267,2125.3
hash_based,7,11.0,85,20.391,26.251,0.9992,106,1092,1156,1198,2125.3
hash_based,7,12.0,1,20.452,26.416,0.9992,110,1088,1156,1198,2125.3
hash_based,7,13.0,6,20.872,27.094,0.9993,110,1088,1173,1198,2125.3
hash_based,7,14.0,80,21.109,27.094,0.9998,139,1088,1173,1227,2125.3
hash_based,7,15.0,88,20.099,25.65,0.9998,127,1125,1211,1252,2125.3
hash_based,7,16.0,86,20.199,25.699,0.9996,112,1077,1146,1189,2125.3
hash_based,7,17.0,51,20.366,25.784,0.9992,78,1111,1189,1189,2125.3
hash_based,7,18.0,35,20.074,25.784,0.9995,104,1111,1189,1215,2125.3
hash_based,7,19.0,81,20.15,25.687,0.9987,103,1130,1209,1233,2125.3
hash_based,7,20.0,83,20.519,26.013,0.9987,86,1077,1144,1163,2125.3
hash_based,7,21.0,52,20.772,26.03,0.9991,89,1101,1173,1190,2125.3
hash_based,7,22.0,33,20.956,27.06,0.9989,86,1130,1201,1216,2125.3
hash_based,7,23.0,83,20.956,27.06,0.9982,86,1130,1201,1216,2125.3
hash_based,7,24.0,86,20.679,26.2,0.9981,113,1060,1147,1173,2125.3
hash_based,7,25.0,31,20.395,25.971,0.9984,117,1086,1174,1203,2125.3
hash_based,7,26.0,56,20.666,26.249,0.9991,112,1120,1194,1232,2125.3
hash_based,7,27.0,83,20.973,26.384,0.9986,114,1143,1229,1257,2125.3
hash_based,7,28.0,87,20.994,26.39,0.9987,177,1080,1229,1257,2125.3
hash_based,7,29.0,21,20.625,26.155,0.9987,119,1080,1164,1199,2125.3
hash_based,7,30.0,62,20.277,25.993,0.9986,133,1100,1190,1233,2125.3
hash_based,7,31.0,86,20.066,25.663,0.9987,140,1124,1213,1264,2125.3
hash_based,7,32.0,85,20.193,25.298,0.9989,136,1066,1165,1202,2125.3
hash_based,7,33.0,31,21.065,26.62,0.9992,111,1091,1186,1202,2125.3
hash_based,7,34.0,52,20.716,26.62,0.9992,128,1091,1186,1219,2125.3
hash_based,7,35.0,86,20.746,26.588,0.9996,119,1120,1203,1239,2125.3
hash_based,7,36.0,88,20.719,26.423,0.9998,115,1092,1164,1207,2125.3
hash_based,7,37.0,26,20.758,26.008,0.9996,108,1124,1190,1232,2125.3
hash_based,7,38.0,60,20.368,25.761,0.9998,109,1151,1218,1260,2125.3
hash_based,7,39.0,1,20.368,25.761,0.9998,109,1151,1218,1260,2125.3
hash_based,7,40.0,96,20.757,26.425,0.9998,67,1152,1219,1194,2125.3
hash_based,7,41.0,84,19.972,25.835,0.9997,115,1100,1148,1215,2125.3
hash_based,7,42.0,48,20.156,26.054,0.9996,115,1117,1175,1232,2125.3
hash_based,7,43.0,38,20.156,26.054,0.9997,115,1117,1175,1232,2125.3
hash_based,7,44.0,86,20.655,26.344,0.9996,104,1142,1198,1246,2125.3
hash_based,7,45.0,84,25.839,40.086,0.9995,103,1077,1138,1180,2125.3
hash_based,7,46.0,41,20.883,26.593,0.9996,106,1103,1166,1209,2125.3
hash_based,7,47.0,39,20.861,27.119,0.9996,107,1130,1192,1237,2125.3
hash_based,7,48.0,75,20.546,26.268,0.9996,159,1078,1192,1237,2125.3
hash_based,7,49.1,82,20.732,26.723,0.9997,92,1078,1135,1170,2125.3
hash_based,7,50.1,11,20.852,26.544,0.9997,98,1098,1153,1196,2125.3
hash_based,7,51.1,70,20.505,26.199,0.9998,91,1126,1174,1217,2125.3
hash_based,7,52.1,84,20.354,25.528,0.9996,86,1062,1128,1148,2125.3
hash_based,7,53.1,47,20.211,25.342,0.9996,74,1074,1147,1148,2125.3
hash_based,7,54.1,40,19.913,25.342,0.9996,87,1074,1147,1161,2125.3
hash_based,7,55.1,85,20.338,26.167,0.9995,82,1092,1160,1174,2125.3
hash_based,7,56.1,84,20.484,26.167,0.9993,67,1122,1189,1188,2125.3
hash_based,7,57.1,64,20.839,26.572,0.9994,61,1103,1164,1146,2125.3
hash_based,7,58.1,24,20.881,26.816,0.9995,54,1128,1182,1181,2125.3
hash_based,7,59.1,83,20.873,26.814,0.9997,22,1160,1182,1181,2125.3
hash_based,8,0.0,0,20.453,25.796,1.0,0,0,0,0,1903.0
hash_based,8,1.0,81,20.612,26.184,0.9216,1143,1143,0,0,1903.0
hash_based,8,2.0,85,20.735,26.209,0.9837,47,1143,1182,1190,1903.0
hash_based,8,3.0,88,20.556,26.174,0.9953,50,1169,1210,1219,1903.0
hash_based,8,4.0,1,20.682,26.559,0.996,55,1115,1170,1156,1903.0
hash_based,8,5.0,81,20.811,26.788,0.996,47,1146,1193,1185,1903.0
hash_based,8,6.0,83,20.572,26.04,0.9942,51,1176,1227,1204,1903.0
hash_based,8,7.0,83,20.572,26.04,0.9968,51,1176,1227,1204,1903.0
hash_based,8,8.0,21,23.21,26.504,0.9977,33,1125,1158,1156,1903.0
hash_based,8,9.0,63,20.665,26.331,0.9995,43,1148,1183,1191,1903.0
hash_based,8,10.0,83,19.938,25.34,0.9993,48,1169,1214,1217,1903.0
hash_based,8,11.0,86,19.736,25.2,0.9985,39,1190,1151,1163,1903.0
hash_based,8,12.0,26,19.736,25.2,0.9988,39,1190,1151,1163,1903.0
hash_based,8,13.0,60,20.766,26.671,0.999,42,1152,1179,1194,1903.0
hash_based,8,14.0,83,19.851,25.299,0.9995,55,1170,1208,1225,1903.0
hash_based,8,15.0,64,20.503,26.016,0.9998,48,1179,1216,1227,1903.0
hash_based,8,16.0,20,20.602,26.231,0.9998,98,1129,1141,1227,1903.0
hash_based,8,17.0,83,20.469,26.231,0.9999,48,1129,1141,1177,1903.0
hash_based,8,18.0,84,20.541,26.258,0.9996,60,1152,1166,1212,1903.0
hash_based,8,19.0,76,20.598,26.426,0.9998,78,1169,1197,1247,1903.0
hash_based,8,20.0,10,20.515,26.111,0.9997,54,1127,1137,1181,1903.0
hash_based,8,21.0,83,20.94,26.83,0.9997,56,1152,1168,1208,1903.0
hash_based,8,22.0,87,20.94,26.83,0.9997,56,1152,1168,1208,1903.0
hash_based,8,23.0,84,21.035,27.339,0.9998,54,1180,1197,1234,1903.0
hash_based,8,24.0,0,20.509,25.978,0.9998,57,1126,1135,1183,1903.0
hash_based,8,25.0,85,20.575,26.392,0.9998,60,1148,1171,1208,1903.0
hash_based,8,26.0,84,20.403,26.14,0.9998,50,1179,1203,1229,1903.0
hash_based,8,27.0,86,19.93,25.069,0.9999,30,1199,1228,1229,1903.0
hash_based,8,28.0,1,19.794,25.069,0.9999,59,1199,1228,1258,1903.0
hash_based,8,29.0,83,19.902,25.367,1.0,70,1136,1166,1206,1903.0
hash_based,8,30.0,85,20.081,25.5,1.0,66,1156,1178,1222,1903.0
hash_based,8,31.0,74,20.507,26.341,1.0,54,1179,1193,1233,1903.0
hash_based,8,32.0,21,20.769,26.687,1.0,59,1109,1144,1168,1903.0
hash_based,8,33.0,62,20.769,26.687,1.0,59,1109,1144,1168,1903.0
hash_based,8,34.0,86,25.708,39.654,0.9999,55,1137,1173,1192,1903.0
hash_based,8,35.0,20,20.524,26.095,0.9999,57,1162,1204,1219,1903.0
hash_based,8,36.0,61,25.687,39.948,0.9999,43,1130,1154,1173,1903.0
hash_based,8,37.0,87,20.514,26.483,0.9999,40,1159,1182,1199,1903.0
hash_based,8,38.0,83,20.592,26.506,0.9998,17,1182,1182,1199,1903.0
hash_based,8,39.0,26,20.819,26.845,0.9998,42,1182,1217,1224,1903.0
hash_based,8,40.0,60,20.342,25.915,0.9998,39,1211,1242,1250,1903.0
hash_based,8,41.0,82,20.475,26.186,0.9997,23,1170,1168,1191,1903.0
hash_based,8,42.0,87,20.147,25.508,0.9999,36,1192,1193,1228,1903.0
hash_based,8,43.0,31,20.147,25.508,0.9999,36,1192,1193,1228,1903.0
hash_based,8,44.0,56,19.812,25.4,0.9998,46,1202,1214,1248,1903.0
hash_based,8,45.0,86,20.167,25.68,0.9999,46,1138,1161,1184,1903.0
hash_based,8,46.0,86,20.206,25.932,0.9998,40,1163,1179,1203,1903.0
hash_based,8,47.0,52,20.5,26.416,0.9998,20,1204,1198,1218,1903.0
hash_based,8,48.0,31,20.324,26.008,0.9998,76,1168,1142,1218,1903.0
hash_based,8,49.0,86,20.434,26.008,0.9996,33,1168,1142,1175,1903.0
hash_based,8,50.1,52,20.52,26.103,0.9996,39,1205,1166,1197,1903.0
hash_based,8,51.1,33,20.603,26.686,0.9996,29,1229,1200,1222,1903.0
hash_based,8,52.1,88,20.858,26.084,0.9996,99,1256,1232,1157,1903.0
hash_based,8,53.1,84,20.562,26.127,0.9997,31,1186,1155,1183,1903.0
hash_based,8,54.1,84,20.244,25.99,0.9996,63,1218,1155,1183,1903.0
hash_based,8,55.1,0,20.108,25.941,0.9996,36,1218,1182,1207,1903.0
hash_based,8,56.1,87,19.971,25.41,0.9997,24,1231,1214,1238,1903.0
hash_based,8,57.1,84,19.941,25.382,0.9998,18,1183,1185,1201,1903.0
hash_based,8,58.1,87,20.228,26.044,0.9998,27,1202,1205,1229,1903.0
hash_based,8,59.1,11,20.275,26.119,0.9998,6,1223,1228,1229,1903.0
hash_based,9,0.0,0,20.568,26.238,1.0,0,0,0,0,1995.4
hash_based,9,1.0,82,19.783,25.243,0.9856,60,1162,1179,1222,1995.4
hash_based,9,2.0,84,20.505,26.288,0.998,57,1179,1192,1236,1995.4
hash_based,9,3.0,84,20.762,26.495,0.9958,39,1215,1216,1254,1995.4
hash_based,9,4.0,7,20.58,26.114,0.9981,39,1153,1149,1188,1995.4
hash_based,9,5.0,79,20.592,26.145,0.9985,39,1175,1149,1188,1995.4
hash_based,9,6.0,84,20.688,26.373,0.999,48,1175,1175,1223,1995.4
hash_based,9,7.0,84,20.924,26.883,0.9995,49,1205,1201,1250,1995.4
hash_based,9,8.0,16,20.59,26.232,0.9997,49,1130,1144,1179,1995.4
hash_based,9,9.0,65,20.805,26.76,0.9995,51,1156,1169,1207,1995.4
hash_based,9,10.0,87,20.463,26.083,0.9987,39,1187,1202,1226,1995.4
hash_based,9,11.0,88,20.463,26.083,0.9989,39,1187,1202,1226,1995.4
hash_based,9,12.0,26,20.694,26.476,0.9994,42,1213,1230,1255,1995.4
hash_based,9,13.0,52,20.647,26.197,0.9991,14,1178,1178,1192,1995.4
hash_based,9,14.0,87,20.397,26.076,0.9991,29,1204,1198,1227,1995.4
hash_based,9,15.0,73,20.036,25.958,0.9991,35,1222,1209,1244,1995.4
hash_based,9,16.0,12,20.532,26.415,0.9993,90,1154,1209,1244,1995.4
hash_based,9,17.0,84,20.847,26.749,0.9988,17,1154,1137,1154,1995.4
hash_based,9,18.0,84,20.432,26.015,0.9983,22,1181,1159,1177,1995.4
hash_based,9,19.0,82,20.49,26.19,0.9986,32,1213,1181,1206,1995.4
hash_based,9,20.0,0,20.335,26.02,0.9986,28,1162,1134,1149,1995.4
hash_based,9,21.0,83,20.402,26.144,0.9991,26,1187,1161,1180,1995.4
hash_based,9,22.0,86,20.402,26.144,0.9992,26,1187,1161,1180,1995.4
hash_based,9,23.0,86,20.568,26.139,0.999,21,1215,1194,1202,1995.4
hash_based,9,24.0,1,20.433,26.12,0.9991,24,1245,1221,1228,1995.4
hash_based,9,25.0,83,20.512,26.03,0.999,24,1189,1165,1177,1995.4
hash_based,9,26.0,84,20.692,26.41,0.9987,32,1222,1190,1202,1995.4
hash_based,9,27.0,86,20.217,25.997,0.9991,45,1247,1214,1202,1995.4
hash_based,9,28.0,21,20.218,25.997,0.9991,33,1247,1214,1237,1995.4
hash_based,9,29.0,63,19.803,25.191,0.9989,48,1180,1146,1194,1995.4
hash_based,9,30.0,85,19.749,25.177,0.9983,52,1200,1162,1214,1995.4
hash_based,9,31.0,85,20.184,25.932,0.998,55,1223,1173,1228,1995.4
hash_based,9,32.0,72,20.091,25.625,0.9984,145,1254,1109,1228,1995.4
hash_based,9,33.0,15,20.273,25.625,0.9985,145,1254,1109,1190,1995.4
hash_based,9,34.0,81,20.602,26.614,0.9986,46,1219,1173,1212,1995.4
hash_based,9,35.0,92,20.409,25.996,0.999,47,1242,1199,1246,1995.4
hash_based,9,36.0,86,19.977,25.217,0.9993,115,1262,1147,1200,1995.4
hash_based,9,37.0,11,19.977,25.217,0.9994,115,1262,1147,1200,1995.4
hash_based,9,38.0,73,19.843,25.453,0.9994,76,1187,1163,1239,1995.4
hash_based,9,39.0,88,19.898,25.274,0.9994,62,1207,1192,1254,1995.4
hash_based,9,40.0,87,19.836,25.566,0.9997,64,1235,1215,1279,1995.4
hash_based,9,41.0,1,20.643,26.282,0.9997,50,1177,1147,1197,1995.4
hash_based,9,42.0,86,20.643,26.282,0.9997,50,1177,1147,1197,1995.4
hash_based,9,43.0,83,20.529,26.132,0.9999,59,1205,1170,1229,1995.4
hash_based,9,44.0,84,20.751,26.593,0.9999,49,1226,1206,1255,1995.4
hash_based,9,45.0,0,20.282,25.662,0.9999,74,1142,1163,1216,1995.4
hash_based,9,46.0,88,21.122,26.85,0.9998,68,1175,1186,1243,1995.4
hash_based,9,47.0,84,20.81,26.137,0.9997,41,1202,1208,1243,1995.4
hash_based,9,48.0,84,20.531,26.137,0.9994,75,1202,1208,1277,1995.4
hash_based,9,49.0,1,20.534,26.063,0.9994,107,1238,1131,1228,1995.4
hash_based,9,50.0,82,20.317,25.973,0.9994,97,1188,1158,1255,1995.4
hash_based,9,51.1,86,19.846,25.13,0.9993,101,1216,1182,1283,1995.4
hash_based,9,52.1,85,20.01,25.805,0.9995,105,1230,1205,1310,1995.4
hash_based,9,53.1,11,20.009,25.804,0.9994,142,1168,1205,1310,1995.4
hash_based,9,54.1,75,19.694,25.322,0.9995,118,1168,1131,1249,1995.4
hash_based,9,55.1,82,20.403,26.045,0.9997,111,1193,1153,1264,1995.4
hash_based,9,56.1,86,20.884,26.934,0.9996,100,1215,1186,1286,1995.4
hash_based,9,57.1,21,20.475,26.06,0.9997,91,1205,1158,1249,1995.4
hash_based,9,58.1,66,20.378,25.99,0.9997,59,1230,1190,1249,1995.4
hash_based,9,59.1,83,20.407,25.99,0.9996,85,1230,1190,1275,1995.4
hash_based,10,0.0,0,20.619,26.231,1.0,0,0,0,0,1994.4
hash_based,10,1.0,84,20.457,26.08,0.9891,83,1212,1171,1254,1994.4
hash_based,10,2.0,86,20.34,25.929,0.9884,83,1234,1171,1254,1994.4
hash_based,10,3.0,87,20.379,25.923,0.9969,88,1234,1199,1287,1994.4
hash_based,10,4.0,31,20.393,25.989,0.9969,89,1177,1144,1233,1994.4
hash_based,10,5.0,55,19.976,25.507,0.9906,106,1199,1165,1271,1994.4
hash_based,10,6.0,82,20.039,25.463,0.9956,97,1212,1194,1291,1994.4
hash_based,10,7.0,62,20.123,25.593,0.9971,75,1229,1216,1291,1994.4
hash_based,10,8.0,21,20.097,25.593,0.9968,93,1229,1216,1309,1994.4
hash_based,10,9.0,85,20.113,25.738,0.9966,100,1165,1152,1252,1994.4
hash_based,10,10.0,91,20.52,26.13,0.9932,130,1192,1173,1303,1994.4
hash_based,10,11.0,87,20.157,26.025,0.9925,82,1221,1238,1303,1994.4
hash_based,10,12.0,11,20.244,26.025,0.9928,104,1221,1238,1325,1994.4
hash_based,10,13.0,73,20.184,25.585,0.9948,93,1170,1199,1263,1994.4
hash_based,10,14.0,86,19.869,25.148,0.9977,88,1203,1217,1291,1994.4
hash_based,10,15.0,87,19.749,25.327,0.998,86,1222,1243,1308,1994.4
hash_based,10,16.0,26,19.992,25.981,0.9983,153,1155,1243,1308,1994.4
hash_based,10,17.0,57,20.272,26.032,0.9976,109,1155,1197,1264,1994.4
hash_based,10,18.0,86,19.863,25.53,0.9965,106,1191,1225,1297,1994.4
hash_based,10,19.0,84,19.76,25.21,0.9973,108,1206,1241,1314,1994.4
hash_based,10,20.0,46,20.19,25.941,0.9984,110,1143,1178,1253,1994.4
hash_based,10,21.0,40,20.19,25.941,0.998,110,1143,1178,1253,1994.4
hash_based,10,22.0,96,20.528,26.396,0.9976,115,1175,1204,1290,1994.4
hash_based,10,23.0,95,19.977,25.262,0.9959,121,1202,1253,1323,1994.4
hash_based,10,24.0,88,19.845,25.662,0.9961,124,1133,1197,1257,1994.4
hash_based,10,25.0,21,20.069,26.021,0.9967,105,1152,1214,1257,1994.4
hash_based,10,26.0,62,20.362,26.021,0.9964,118,1152,1214,1270,1994.4
hash_based,10,27.0,87,20.443,26.137,0.9962,113,1179,1239,1292,1994.4
hash_based,10,28.0,89,20.389,26.004,0.9955,114,1205,1267,1319,1994.4
hash_based,10,29.0,71,20.297,25.921,0.9964,146,1123,1201,1269,1994.4
hash_based,10,30.0,12,20.767,26.857,0.996,141,1153,1229,1294,1994.4
hash_based,10,31.0,84,20.767,26.857,0.9963,141,1153,1229,1294,1994.4
hash_based,10,32.0,61,20.784,26.747,0.9965,142,1180,1257,1322,1994.4
hash_based,10,33.0,22,20.877,26.903,0.9968,114,1123,1177,1237,1994.4
hash_based,10,34.0,86,20.458,26.004,0.997,116,1151,1202,1267,1994.4
hash_based,10,35.0,86,19.671,25.052,0.9971,120,1175,1230,1295,1994.4
hash_based,10,36.0,71,19.679,25.086,0.9971,185,1110,1162,1295,1994.4
hash_based,10,37.0,14,19.787,25.086,0.9972,134,1110,1162,1244,1994.4
hash_based,10,38.0,82,20.111,25.82,0.9966,136,1129,1181,1265,1994.4
hash_based,10,39.0,87,19.857,25.593,0.9968,137,1146,1204,1283,1994.4
hash_based,10,40.0,86,20.596,26.701,0.9965,133,1172,1229,1305,1994.4
hash_based,10,41.0,0,20.68,26.804,0.9965,142,1112,1173,1254,1994.4
hash_based,10,42.0,84,20.68,26.804,0.9962,142,1112,1173,1254,1994.4
hash_based,10,43.0,86,20.778,26.962,0.9961,149,1128,1196,1277,1994.4
hash_based,10,44.0,86,20.358,26.037,0.9964,153,1153,1224,1306,1994.4
hash_based,10,45.0,7,20.599,26.175,0.9963,149,1087,1191,1236,1994.4
hash_based,10,46.0,74,20.882,26.928,0.9965,151,1114,1218,1265,1994.4
hash_based,10,47.0,1,20.569,26.147,0.9965,151,1114,1219,1265,1994.4
hash_based,10,48.0,85,20.648,26.147,0.9964,181,1114,1219,1295,1994.4
hash_based,10,49.0,81,20.052,25.743,0.9965,167,1071,1178,1238,1994.4
hash_based,10,50.0,33,20.125,26.014,0.9965,143,1095,1197,1238,1994.4
hash_based,10,51.1,53,20.106,26.014,0.9966,158,1095,1197,1253,1994.4
hash_based,10,52.1,85,20.237,25.895,0.9964,161,1113,1220,1274,1994.4
hash_based,10,53.1,82,20.733,26.726,0.9968,164,1058,1156,1222,1994.4
hash_based,10,54.1,43,20.547,26.081,0.9968,158,1087,1187,1245,1994.4
hash_based,10,55.1,43,20.672,26.509,0.9962,173,1104,1221,1277,1994.4
hash_based,10,56.1,87,20.612,26.491,0.9957,154,1123,1221,1277,1994.4
hash_based,10,57.1,88,20.491,26.139,0.9961,182,1123,1257,1305,1994.4
hash_based,10,58.1,7,20.391,26.09,0.996,175,1100,1241,1275,1994.4
hash_based,10,59.1,80,20.51,26.136,0.9961,181,1126,1266,1307,1994.4
ecmp,1,0.0,0,20.513,26.131,1.0,0,0,0,0,2000.9
ecmp,1,1.0,39,20.636,26.196,1.0,154,1078,1193,1232,2000.9
ecmp,1,2.0,84,20.75,26.533,1.0,153,1106,1221,1259,2000.9
ecmp,1,3.0,84,20.667,26.31,1.0,125,1134,1221,1259,2000.9
ecmp,1,4.0,1,20.464,26.287,1.0,152,1134,1249,1286,2000.9
ecmp,1,5.0,82,19.9,25.475,1.0,162,1068,1178,1230,2000.9
ecmp,1,6.0,83,20.409,26.0,1.0,175,1085,1215,1260,2000.9
ecmp,1,7.0,76,20.1,25.717,1.0,135,1125,1237,1260,2000.9
ecmp,1,8.0,7,20.058,25.717,1.0,164,1125,1237,1289,2000.9
ecmp,1,9.0,85,20.101,25.73,1.0,159,1070,1159,1229,2000.9
ecmp,1,10.0,87,20.51,26.31,1.0,151,1094,1176,1245,2000.9
ecmp,1,11.0,84,20.544,26.186,1.0,145,1121,1203,1266,2000.9
ecmp,1,12.0,1,20.48,26.062,1.0,148,1063,1150,1211,2000.9
ecmp,1,13.0,80,20.533,26.102,1.0,120,1091,1150,1211,2000.9
ecmp,1,14.0,84,20.41,26.082,1.0,147,1091,1178,1238,2000.9
ecmp,1,15.0,82,20.573,26.163,1.0,148,1118,1206,1266,2000.9
ecmp,1,16.0,1,20.79,26.731,1.0,77,1145,1222,1219,2000.9
ecmp,1,17.0,87,20.537,26.037,1.0,158,1089,1168,1247,2000.9
ecmp,1,18.0,84,20.675,26.276,1.0,130,1117,1196,1247,2000.9
ecmp,1,19.0,59,20.534,26.183,1.0,139,1135,1213,1274,2000.9
ecmp,1,20.0,25,20.39,26.183,1.0,161,1135,1213,1296,2000.9
ecmp,1,21.0,86,20.477,26.094,1.0,154,1078,1149,1232,2000.9
ecmp,1,22.0,82,19.953,25.38,1.0,140,1114,1180,1254,2000.9
ecmp,1,23.0,41,20.191,26.037,1.0,136,1135,1198,1271,2000.9
ecmp,1,24.0,45,20.191,26.037,1.0,136,1135,1198,1271,2000.9
ecmp,1,25.0,81,20.341,25.995,1.0,129,1065,1123,1194,2000.9
ecmp,1,26.0,82,21.204,26.902,1.0,127,1093,1151,1220,2000.9
ecmp,1,27.0,52,20.375,26.015,1.0,126,1120,1173,1246,2000.9
ecmp,1,28.0,34,20.414,25.905,1.0,62,1148,1136,1198,2000.9
ecmp,1,29.0,86,20.496,26.191,1.0,118,1108,1163,1226,2000.9
ecmp,1,30.0,86,20.496,26.191,1.0,118,1108,1163,1226,2000.9
ecmp,1,31.0,71,20.456,26.121,1.0,117,1136,1191,1253,2000.9
ecmp,1,32.0,12,20.525,26.134,1.0,116,1164,1219,1280,2000.9
ecmp,1,33.0,81,20.428,26.032,1.0,108,1107,1171,1215,2000.9
ecmp,1,34.0,81,20.691,26.373,1.0,108,1135,1197,1243,2000.9
ecmp,1,35.0,42,20.691,26.373,1.0,108,1135,1197,1243,2000.9
ecmp,1,36.0,51,20.658,26.564,1.0,109,1146,1208,1255,2000.9
ecmp,1,37.0,32,20.963,26.903,1.0,77,1095,1132,1172,2000.9
ecmp,1,38.0,83,20.678,27.147,1.0,78,1122,1160,1200,2000.9
ecmp,1,39.0,84,19.819,24.975,1.0,82,1145,1189,1227,2000.9
ecmp,1,40.0,51,19.915,25.234,1.0,65,1162,1189,1227,2000.9
ecmp,1,41.0,35,20.159,25.762,1.0,52,1162,1113,1165,2000.9
ecmp,1,42.0,81,20.739,26.823,1.0,77,1116,1140,1193,2000.9
ecmp,1,43.0,83,20.455,25.775,1.0,83,1137,1168,1220,2000.9
ecmp,1,44.0,1,20.43,25.768,1.0,75,1145,1168,1220,2000.9
ecmp,1,45.0,82,20.119,25.68,1.0,84,1145,1171,1229,2000.9
ecmp,1,46.0,83,20.867,26.841,1.0,70,1119,1141,1189,2000.9
ecmp,1,47.0,84,20.628,26.225,1.0,69,1147,1169,1216,2000.9
ecmp,1,48.0,7,20.824,26.662,1.0,69,1175,1195,1244,2000.9
ecmp,1,49.0,74,20.489,26.173,1.0,60,1126,1136,1186,2000.9
ecmp,1,50.0,85,20.489,26.173,1.0,60,1126,1136,1186,2000.9
ecmp,1,51.0,81,20.474,26.049,1.0,60,1154,1163,1214,2000.9
ecmp,1,52.1,16,20.746,26.544,1.0,59,1182,1191,1241,2000.9
ecmp,1,53.1,59,20.569,26.092,1.0,67,1142,1113,1180,2000.9
ecmp,1,54.1,86,20.433,26.055,1.0,66,1170,1141,1207,2000.9
ecmp,1,55.1,83,20.692,26.754,1.0,66,1198,1141,1207,2000.9
ecmp,1,56.1,41,21.014,26.811,1.0,67,1198,1168,1235,2000.9
ecmp,1,57.1,46,20.329,26.201,1.0,67,1228,1196,1263,2000.9
ecmp,1,58.1,85,19.772,25.373,1.0,51,1180,1178,1229,2000.9
ecmp,1,59.1,81,19.772,25.373,1.0,51,1180,1178,1229,2000.9
ecmp,2,0.0,0,20.327,26.11,1.0,0,0,0,0,1906.2
ecmp,2,1.0,87,20.886,26.819,1.0,50,1154,1144,1194,1906.2
ecmp,2,2.0,83,20.621,26.243,0.9999,22,1182,1172,1194,1906.2
ecmp,2,3.0,83,20.646,26.243,1.0,49,1182,1172,1221,1906.2
ecmp,2,4.0,21,20.577,26.113,1.0,49,1210,1199,1248,1906.2
ecmp,2,5.0,65,20.461,25.96,1.0,47,1155,1148,1195,1906.2
ecmp,2,6.0,82,20.428,26.13,1.0,46,1183,1176,1222,1906.2
ecmp,2,7.0,83,20.176,25.77,1.0,46,1205,1204,1250,1906.2
ecmp,2,8.0,31,20.176,25.77,1.0,46,1205,1204,1250,1906.2
ecmp,2,9.0,53,20.015,25.625,1.0,51,1226,1229,1277,1906.2
ecmp,2,10.0,86,20.288,25.966,1.0,48,1158,1149,1197,1906.2
ecmp,2,11.0,82,20.772,26.75,1.0,45,1185,1177,1222,1906.2
ecmp,2,12.0,0,20.475,26.028,1.0,46,1213,1204,1250,1906.2
ecmp,2,13.0,57,20.504,26.073,1.0,104,1146,1204,1250,1906.2
ecmp,2,14.0,83,20.661,26.043,1.0,45,1146,1136,1181,1906.2
ecmp,2,15.0,86,20.477,26.086,1.0,44,1174,1164,1208,1906.2
ecmp,2,16.0,22,20.599,26.239,1.0,45,1202,1191,1236,1906.2
ecmp,2,17.0,65,20.444,25.922,1.0,47,1144,1136,1183,1906.2
ecmp,2,18.0,45,20.609,26.406,1.0,48,1156,1148,1196,1906.2
ecmp,2,19.0,87,20.609,26.406,1.0,48,1156,1148,1196,1906.2
ecmp,2,20.0,86,20.386,26.025,1.0,48,1183,1176,1224,1906.2
ecmp,2,21.0,1,20.691,26.416,1.0,48,1210,1204,1252,1906.2
ecmp,2,22.0,80,20.349,26.092,1.0,48,1154,1149,1197,1906.2
ecmp,2,23.0,84,20.576,26.33,1.0,47,1182,1177,1224,1906.2
ecmp,2,24.0,86,20.257,26.234,1.0,47,1212,1177,1224,1906.2
ecmp,2,25.0,16,20.22,26.054,1.0,46,1212,1205,1251,1906.2
ecmp,2,26.0,65,19.92,25.239,1.0,49,1146,1151,1195,1906.2
ecmp,2,27.0,81,19.903,25.41,1.0,56,1164,1168,1220,1906.2
ecmp,2,28.0,83,19.979,25.628,1.0,58,1182,1186,1240,1906.2
ecmp,2,29.0,31,20.321,25.984,1.0,53,1126,1123,1176,1906.2
ecmp,2,30.0,53,20.321,25.984,1.0,53,1126,1123,1176,1906.2
ecmp,2,31.0,87,21.078,27.216,1.0,49,1152,1148,1197,1906.2
ecmp,2,32.0,86,20.335,25.985,1.0,49,1179,1176,1225,1906.2
ecmp,2,33.0,41,20.422,26.041,1.0,49,1206,1204,1253,1906.2
ecmp,2,34.0,45,20.649,26.392,1.0,46,1149,1148,1194,1906.2
ecmp,2,35.0,86,20.628,26.386,1.0,46,1177,1148,1194,1906.2
ecmp,2,36.0,66,20.483,26.068,1.0,47,1177,1175,1222,1906.2
ecmp,2,37.0,1,20.691,26.429,1.0,47,1198,1197,1244,1906.2
ecmp,2,38.0,81,20.597,26.45,1.0,49,1134,1136,1183,1906.2
ecmp,2,39.0,86,20.294,26.058,1.0,49,1162,1163,1211,1906.2
ecmp,2,40.0,84,20.816,26.771,1.0,22,1189,1191,1211,1906.2
ecmp,2,41.0,31,20.876,26.771,1.0,50,1189,1191,1239,1906.2
ecmp,2,42.0,55,20.259,26.07,1.0,54,1139,1145,1193,1906.2
ecmp,2,43.0,83,19.831,25.577,1.0,65,1156,1168,1221,1906.2
ecmp,2,44.0,86,20.058,25.761,1.0,67,1174,1187,1241,1906.2
ecmp,2,45.0,45,20.343,26.115,1.0,54,1198,1187,1241,1906.2
ecmp,2,46.0,38,20.457,26.114,1.0,59,1198,1139,1187,1906.2
ecmp,2,47.0,86,20.19,25.681,1.0,52,1162,1167,1214,1906.2
ecmp,2,48.0,88,19.736,25.16,1.0,57,1185,1197,1242,1906.2
ecmp,2,49.0,51,19.736,25.16,1.0,57,1185,1197,1242,1906.2
ecmp,2,50.1,33,20.185,25.925,1.0,55,1133,1138,1188,1906.2
ecmp,2,51.1,82,19.768,25.006,1.0,60,1155,1166,1215,1906.2
ecmp,2,52.1,82,20.348,26.061,1.0,55,1188,1194,1243,1906.2
ecmp,2,53.1,52,20.348,26.061,1.0,55,1188,1194,1243,1906.2
ecmp,2,54.1,30,19.921,25.149,1.0,62,1210,1222,1272,1906.2
ecmp,2,55.1,87,20.287,25.958,1.0,53,1138,1142,1191,1906.2
ecmp,2,56.1,51,20.429,26.13,1.0,53,1162,1166,1215,1906.2
ecmp,2,57.1,36,20.539,26.16,1.0,52,1190,1194,1242,1906.2
ecmp,2,58.1,84,20.471,25.976,1.0,54,1188,1194,1242,1906.2
ecmp,2,59.1,84,20.564,26.156,1.0,51,1188,1193,1239,1906.2
ecmp,3,0.0,0,20.469,26.156,1.0,0,0,0,0,2110.2
ecmp,3,1.0,83,20.065,25.966,0.9997,64,1185,1195,1249,2110.2
ecmp,3,2.0,83,20.514,26.263,0.9999,56,1116,1122,1172,2110.2
ecmp,3,3.0,81,20.588,26.119,1.0,52,1144,1149,1196,2110.2
ecmp,3,4.0,7,20.652,26.298,1.0,53,1171,1177,1224,2110.2
ecmp,3,5.0,77,20.914,26.807,1.0,106,1118,1124,1224,2110.2
ecmp,3,6.0,83,21.088,26.807,1.0,54,1118,1124,1172,2110.2
ecmp,3,7.0,59,20.944,26.881,1.0,54,1143,1151,1197,2110.2
ecmp,3,8.0,23,20.467,26.052,1.0,53,1171,1179,1224,2110.2
ecmp,3,9.0,82,20.551,26.169,1.0,57,1123,1132,1180,2110.2
ecmp,3,10.0,1,20.555,26.274,1.0,56,1124,1133,1180,2110.2
ecmp,3,11.0,86,20.636,26.274,1.0,83,1124,1133,1207,2110.2
ecmp,3,12.0,81,20.636,26.274,1.0,83,1124,1133,1207,2110.2
ecmp,3,13.0,0,20.403,26.195,1.0,56,1179,1186,1235,2110.2
ecmp,3,14.0,87,19.888,25.092,1.0,61,1134,1148,1195,2110.2
ecmp,3,15.0,26,21.076,26.759,1.0,57,1145,1151,1202,2110.2
ecmp,3,16.0,86,20.679,26.301,1.0,58,1172,1179,1230,2110.2
ecmp,3,17.0,62,20.679,26.301,1.0,58,1172,1179,1230,2110.2
ecmp,3,18.0,20,19.951,25.243,1.0,62,1114,1123,1176,2110.2
ecmp,3,19.0,85,19.978,25.34,1.0,71,1131,1143,1202,2110.2
ecmp,3,20.0,87,20.19,25.981,1.0,68,1148,1157,1216,2110.2
ecmp,3,21.0,68,20.35,26.031,1.0,80,1176,1096,1152,2110.2
ecmp,3,22.0,16,20.392,26.108,1.0,34,1118,1121,1152,2110.2
ecmp,3,23.0,84,20.515,26.108,1.0,59,1118,1121,1177,2110.2
ecmp,3,24.0,81,20.576,26.104,1.0,59,1146,1146,1205,2110.2
ecmp,3,25.0,49,22.929,25.968,1.0,59,1174,1173,1232,2110.2
ecmp,3,26.0,41,20.689,26.678,1.0,58,1109,1111,1167,2110.2
ecmp,3,27.0,41,20.453,26.124,1.0,57,1137,1139,1194,2110.2
ecmp,3,28.0,84,20.38,25.987,1.0,55,1163,1139,1194,2110.2
ecmp,3,29.0,82,20.536,26.105,1.0,59,1163,1167,1222,2110.2
ecmp,3,30.0,45,20.752,26.821,1.0,55,1109,1111,1164,2110.2
ecmp,3,31.0,20,20.753,26.523,1.0,55,1131,1129,1184,2110.2
ecmp,3,32.0,84,20.5,26.039,1.0,55,1158,1157,1212,2110.2
ecmp,3,33.0,85,20.706,26.409,1.0,27,1186,1185,1212,2110.2
ecmp,3,34.0,52,20.703,26.408,1.0,64,1121,1185,1156,2110.2
ecmp,3,35.0,34,20.399,26.067,1.0,63,1121,1129,1184,2110.2
ecmp,3,36.0,84,19.791,25.236,1.0,67,1146,1151,1213,2110.2
ecmp,3,37.0,71,20.018,25.796,1.0,66,1164,1170,1230,2110.2
ecmp,3,38.0,10,20.018,25.796,1.0,66,1164,1170,1230,2110.2
ecmp,3,39.0,81,20.11,25.996,1.0,62,1091,1093,1153,2110.2
ecmp,3,40.0,87,20.386,26.072,1.0,56,1118,1119,1174,2110.2
ecmp,3,41.0,87,20.515,26.138,1.0,57,1145,1147,1202,2110.2
ecmp,3,42.0,0,20.914,26.694,1.0,57,1079,1082,1136,2110.2
ecmp,3,43.0,83,20.746,26.192,1.0,30,1106,1110,1136,2110.2
ecmp,3,44.0,83,20.676,26.661,1.0,57,1134,1138,1191,2110.2
ecmp,3,45.0,87,20.676,26.661,1.0,57,1134,1138,1191,2110.2
ecmp,3,46.0,1,20.785,26.616,1.0,59,1077,1081,1136,2110.2
ecmp,3,47.0,81,20.53,26.139,1.0,59,1105,1108,1164,2110.2
ecmp,3,48.0,67,20.67,26.391,1.0,56,1124,1126,1180,2110.2
ecmp,3,49.0,74,20.543,26.127,1.0,58,1145,1148,1203,2110.2
ecmp,3,50.0,81,20.543,26.127,1.0,58,1145,1148,1203,2110.2
ecmp,3,51.0,1,20.839,27.047,1.0,55,1102,1105,1157,2110.2
ecmp,3,52.1,84,20.8,26.732,1.0,54,1130,1133,1184,2110.2
ecmp,3,53.1,82,20.691,26.4,1.0,55,1157,1161,1212,2110.2
ecmp,3,54.1,83,20.213,25.911,1.0,59,1088,1091,1147,2110.2
ecmp,3,55.1,4,20.213,25.911,1.0,59,1088,1091,1147,2110.2
ecmp,3,56.1,81,20.711,26.894,1.0,69,1091,1096,1160,2110.2
ecmp,3,57.1,81,20.424,26.137,1.0,59,1119,1120,1178,2110.2
ecmp,3,58.1,56,20.546,26.142,1.0,60,1134,1136,1194,2110.2
ecmp,3,59.1,27,20.718,26.558,1.0,60,1162,1163,1222,2110.2
ecmp,4,0.0,0,23.623,26.872,1.0,0,0,0,0,2058.9
ecmp,4,1.0,83,23.723,27.142,0.9997,1082,1082,0,0,2058.9
ecmp,4,2.0,87,20.832,27.124,0.9999,57,1082,1083,1139,2058.9
ecmp,4,3.0,1,20.507,26.242,1.0,57,1110,1110,1167,2058.9
ecmp,4,4.0,39,20.467,26.075,1.0,67,1111,1111,1178,2058.9
ecmp,4,5.0,73,19.726,25.171,1.0,70,1072,1075,1142,2058.9
ecmp,4,6.0,10,19.726,25.171,1.0,70,1072,1075,1142,2058.9
ecmp,4,7.0,83,20.191,25.883,1.0,70,1093,1096,1163,2058.9
ecmp,4,8.0,82,20.439,26.117,1.0,65,1121,1116,1181,2058.9
ecmp,4,9.0,48,20.572,26.148,1.0,61,1148,1144,1205,2058.9
ecmp,4,10.0,38,20.719,26.402,1.0,114,1093,1091,1205,2058.9
ecmp,4,11.0,87,20.719,26.402,1.0,114,1093,1091,1205,2058.9
ecmp,4,12.0,83,26.36,26.41,1.0,109,1093,1091,1200,2058.9
ecmp,4,13.0,57,26.041,26.41,1.0,109,1099,1091,1200,2058.9
ecmp,4,14.0,27,23.164,25.665,1.0,67,1099,1105,1166,2058.9
ecmp,4,15.0,81,22.638,25.305,1.0,69,1120,1125,1189,2058.9
ecmp,4,16.0,82,22.9,25.927,1.0,65,1142,1144,1207,2058.9
ecmp,4,17.0,38,23.075,26.066,1.0,60,1169,1167,1227,2058.9
ecmp,4,18.0,68,22.894,25.578,1.0,125,1102,1167,1227,2058.9
ecmp,4,19.0,19,23.067,25.978,1.0,74,1102,1125,1176,2058.9
ecmp,4,20.0,81,22.853,26.234,1.0,65,1138,1143,1203,2058.9
ecmp,4,21.0,83,22.498,25.553,1.0,65,1162,1168,1227,2058.9
ecmp,4,22.0,77,22.659,25.815,1.0,67,1089,1098,1156,2058.9
ecmp,4,23.0,10,22.659,25.815,1.0,67,1089,1098,1156,2058.9
ecmp,4,24.0,82,23.027,26.063,1.0,58,1117,1118,1175,2058.9
ecmp,4,25.0,86,23.09,26.126,1.0,51,1145,1145,1196,2058.9
ecmp,4,26.0,71,23.248,25.921,1.0,57,1091,1088,1145,2058.9
ecmp,4,27.0,71,23.031,26.043,1.0,60,1111,1109,1169,2058.9
ecmp,4,28.0,14,22.944,25.715,1.0,33,1138,1136,1169,2058.9
ecmp,4,29.0,84,23.15,25.821,1.0,54,1138,1136,1190,2058.9
ecmp,4,30.0,82,23.654,26.404,1.0,63,1166,1103,1135,2058.9
ecmp,4,31.0,83,23.269,26.076,1.0,55,1111,1107,1162,2058.9
ecmp,4,32.0,0,23.228,26.084,1.0,54,1139,1135,1189,2058.9
ecmp,4,33.0,86,23.324,26.107,1.0,53,1167,1163,1216,2058.9
ecmp,4,34.0,86,23.324,26.107,1.0,53,1167,1163,1216,2058.9
ecmp,4,35.0,84,23.42,26.204,1.0,53,1113,1106,1159,2058.9
ecmp,4,36.0,1,23.434,26.154,1.0,51,1141,1134,1185,2058.9
ecmp,4,37.0,83,23.652,26.924,1.0,50,1169,1162,1212,2058.9
ecmp,4,38.0,87,23.406,26.437,1.0,49,1116,1106,1155,2058.9
ecmp,4,39.0,27,23.317,26.411,1.0,41,1124,1114,1155,2058.9
ecmp,4,40.0,59,22.94,25.765,1.0,54,1124,1114,1168,2058.9
ecmp,4,41.0,83,23.488,26.821,1.0,52,1145,1135,1187,2058.9
ecmp,4,42.0,76,23.33,26.261,1.0,94,1173,1079,1129,2058.9
ecmp,4,43.0,21,23.171,26.042,1.0,51,1113,1103,1154,2058.9
ecmp,4,44.0,62,23.865,27.062,1.0,52,1141,1130,1182,2058.9
ecmp,4,45.0,83,23.865,27.062,1.0,52,1141,1130,1182,2058.9
ecmp,4,46.0,87,23.391,26.232,1.0,52,1168,1158,1210,2058.9
ecmp,4,47.0,36,23.378,26.52,1.0,54,1128,1118,1172,2058.9
ecmp,4,48.0,50,23.549,26.497,1.0,55,1155,1142,1197,2058.9
ecmp,4,49.0,84,23.549,26.667,1.0,56,1183,1169,1225,2058.9
ecmp,4,50.0,82,23.549,26.667,1.0,56,1183,1169,1225,2058.9
ecmp,4,51.1,44,23.727,26.871,1.0,57,1128,1114,1171,2058.9
ecmp,4,52.1,43,23.344,26.126,1.0,56,1156,1142,1198,2058.9
ecmp,4,53.1,88,23.188,25.928,1.0,55,1184,1170,1225,2058.9
ecmp,4,54.1,68,23.083,26.071,1.0,95,1204,1109,1160,2058.9
ecmp,4,55.1,15,23.234,26.116,1.0,51,1127,1109,1160,2058.9
ecmp,4,56.1,81,23.31,26.227,1.0,52,1127,1117,1169,2058.9
ecmp,4,57.1,83,23.335,26.076,1.0,51,1155,1145,1196,2058.9
ecmp,4,58.1,44,23.373,26.074,1.0,49,1183,1173,1222,2058.9
ecmp,4,59.1,43,23.196,25.953,1.0,51,1181,1170,1221,2058.9
ecmp,5,0.0,0,23.224,26.175,1.0,0,0,0,0,1931.3
ecmp,5,1.0,84,23.224,26.175,1.0,0,0,0,0,1931.3
ecmp,5,2.0,86,23.224,26.177,0.9999,51,1184,1135,1186,1931.3
ecmp,5,3.0,82,23.378,26.459,1.0,52,1172,1160,1212,1931.3
ecmp,5,4.0,7,23.342,26.256,1.0,53,1200,1187,1240,1931.3
ecmp,5,5.0,77,23.647,26.861,1.0,52,1228,1214,1266,1931.3
ecmp,5,6.0,82,23.362,26.244,1.0,108,1173,1158,1266,1931.3
ecmp,5,7.0,86,23.31,26.104,1.0,52,1173,1158,1210,1931.3
ecmp,5,8.0,11,23.292,26.299,1.0,52,1200,1186,1238,1931.3
ecmp,5,9.0,72,23.543,26.649,1.0,51,1228,1214,1265,1931.3
ecmp,5,10.0,87,23.233,26.078,1.0,53,1161,1145,1198,1931.3
ecmp,5,11.0,86,22.661,25.66,1.0,52,1184,1174,1226,1931.3
ecmp,5,12.0,20,22.661,25.66,1.0,52,1184,1174,1226,1931.3
ecmp,5,13.0,57,22.567,25.532,1.0,56,1201,1196,1252,1931.3
ecmp,5,14.0,82,22.443,25.43,1.0,63,1141,1136,1199,1931.3
ecmp,5,15.0,81,22.754,26.057,1.0,61,1162,1156,1217,1931.3
ecmp,5,16.0,42,23.155,26.08,1.0,63,1189,1178,1241,1931.3
ecmp,5,17.0,11,23.099,25.93,1.0,63,1202,1178,1241,1931.3
ecmp,5,18.0,71,22.879,25.918,1.0,62,1202,1198,1260,1931.3
ecmp,5,19.0,84,23.088,26.075,1.0,62,1144,1138,1200,1931.3
ecmp,5,20.0,86,23.389,26.079,1.0,55,1172,1165,1220,1931.3
ecmp,5,21.0,31,23.109,26.034,1.0,55,1200,1192,1247,1931.3
ecmp,5,22.0,31,23.164,26.05,1.0,106,1141,1192,1247,1931.3
ecmp,5,23.0,82,23.478,26.024,1.0,54,1141,1136,1190,1931.3
ecmp,5,24.0,49,23.57,26.653,1.0,51,1168,1163,1214,1931.3
ecmp,5,25.0,82,23.589,26.091,1.0,50,1181,1177,1227,1931.3
ecmp,5,26.0,36,23.228,26.216,1.0,49,1125,1121,1170,1931.3
ecmp,5,27.0,48,23.043,25.793,1.0,21,1153,1149,1170,1931.3
ecmp,5,28.0,87,23.191,26.168,1.0,48,1153,1149,1197,1931.3
ecmp,5,29.0,80,23.291,26.015,1.0,47,1181,1177,1224,1931.3
ecmp,5,30.0,1,23.299,26.134,1.0,46,1209,1205,1251,1931.3
ecmp,5,31.0,81,23.244,26.062,1.0,47,1154,1150,1197,1931.3
ecmp,5,32.0,51,23.348,26.15,1.0,48,1168,1163,1211,1931.3
ecmp,5,33.0,83,23.348,26.15,1.0,48,1168,1163,1211,1931.3
ecmp,5,34.0,1,23.257,26.152,1.0,47,1196,1191,1238,1931.3
ecmp,5,35.0,82,22.782,25.953,1.0,60,1123,1128,1183,1931.3
ecmp,5,36.0,86,22.728,25.379,1.0,62,1142,1148,1204,1931.3
ecmp,5,37.0,84,22.835,25.939,1.0,59,1164,1167,1223,1931.3
ecmp,5,38.0,0,22.943,26.233,1.0,108,1115,1167,1223,1931.3
ecmp,5,39.0,81,23.326,26.31,1.0,52,1115,1113,1165,1931.3
ecmp,5,40.0,83,23.204,25.901,1.0,48,1143,1141,1189,1931.3
ecmp,5,41.0,87,23.461,26.351,1.0,47,1171,1169,1216,1931.3
ecmp,5,42.0,7,23.24,25.976,1.0,47,1199,1196,1243,1931.3
ecmp,5,43.0,79,23.414,26.426,1.0,47,1133,1130,1177,1931.3
ecmp,5,44.0,86,23.414,26.426,1.0,47,1133,1130,1177,1931.3
ecmp,5,45.0,82,23.585,26.783,1.0,46,1159,1158,1204,1931.3
ecmp,5,46.0,22,23.389,26.27,1.0,45,1187,1186,1231,1931.3
ecmp,5,47.0,39,23.389,26.121,1.0,46,1109,1109,1155,1931.3
ecmp,5,48.0,81,23.518,26.398,1.0,47,1137,1136,1183,1931.3
ecmp,5,49.0,84,23.404,26.363,1.0,24,1159,1163,1183,1931.3
ecmp,5,50.1,5,23.1,25.962,1.0,50,1159,1163,1209,1931.3
ecmp,5,51.1,87,23.103,26.454,1.0,63,1108,1116,1171,1931.3
ecmp,5,52.1,82,22.769,25.704,1.0,63,1128,1136,1191,1931.3
ecmp,5,53.1,66,23.392,26.371,1.0,56,1155,1158,1211,1931.3
ecmp,5,54.1,18,23.366,26.14,1.0,28,1183,1185,1211,1931.3
ecmp,5,55.1,87,23.237,26.101,1.0,50,1183,1185,1233,1931.3
ecmp,5,56.1,66,23.489,26.015,1.0,52,1118,1120,1170,1931.3
ecmp,5,57.1,87,23.509,26.361,1.0,51,1140,1142,1191,1931.3
ecmp,5,58.1,0,23.287,26.073,1.0,51,1168,1169,1219,1931.3
ecmp,5,59.1,84,23.389,26.252,1.0,53,1175,1175,1228,1931.3
ecmp,6,0.0,0,23.418,26.062,1.0,0,0,0,0,1916.6
ecmp,6,1.0,86,23.444,26.069,0.9997,1206,0,0,1206,1916.6
ecmp,6,2.0,87,23.238,26.001,0.9999,53,1175,1174,1227,1916.6
ecmp,6,3.0,82,23.375,26.535,1.0,53,1120,1117,1170,1916.6
ecmp,6,4.0,11,23.812,26.933,1.0,54,1148,1144,1198,1916.6
ecmp,6,5.0,71,23.272,26.038,1.0,54,1175,1169,1223,1916.6
ecmp,6,6.0,82,23.272,26.038,1.0,54,1175,1169,1223,1916.6
ecmp,6,7.0,87,23.225,26.112,1.0,53,1119,1114,1167,1916.6
ecmp,6,8.0,16,23.224,26.092,1.0,54,1147,1141,1195,1916.6
ecmp,6,9.0,70,23.466,26.333,1.0,55,1175,1168,1223,1916.6
ecmp,6,10.0,84,23.329,26.154,1.0,56,1104,1096,1152,1916.6
ecmp,6,11.0,86,23.389,26.287,1.0,56,1131,1096,1152,1916.6
ecmp,6,12.0,23,23.444,26.291,1.0,56,1131,1124,1180,1916.6
ecmp,6,13.0,60,23.284,26.263,1.0,55,1160,1152,1207,1916.6
ecmp,6,14.0,84,22.694,25.968,1.0,54,1181,1181,1235,1916.6
ecmp,6,15.0,82,22.463,25.369,1.0,62,1124,1124,1186,1916.6
ecmp,6,16.0,46,22.317,25.212,1.0,43,1144,1143,1186,1916.6
ecmp,6,17.0,41,22.382,25.231,1.0,63,1144,1143,1206,1916.6
ecmp,6,18.0,81,22.856,26.03,1.0,60,1168,1163,1223,1916.6
ecmp,6,19.0,84,23.453,26.832,1.0,53,1123,1114,1167,1916.6
ecmp,6,20.0,1,23.679,26.757,1.0,52,1151,1142,1194,1916.6
ecmp,6,21.0,80,23.241,25.993,1.0,51,1179,1170,1221,1916.6
ecmp,6,22.0,85,23.241,25.993,1.0,51,1179,1170,1221,1916.6
ecmp,6,23.0,84,23.35,26.345,1.0,52,1137,1128,1180,1916.6
ecmp,6,24.0,11,23.452,26.386,1.0,50,1164,1156,1206,1916.6
ecmp,6,25.0,73,23.344,26.088,1.0,50,1191,1184,1234,1916.6
ecmp,6,26.0,82,23.384,26.443,1.0,50,1218,1212,1262,1916.6
ecmp,6,27.0,83,23.381,26.442,1.0,100,1162,1212,1262,1916.6
ecmp,6,28.0,26,23.109,26.025,1.0,53,1162,1156,1209,1916.6
ecmp,6,29.0,60,22.92,25.971,1.0,53,1191,1184,1237,1916.6
ecmp,6,30.0,82,22.766,26.008,1.0,53,1211,1212,1264,1916.6
ecmp,6,31.0,84,22.302,24.879,1.0,64,1162,1164,1226,1916.6
ecmp,6,32.0,41,22.657,25.642,1.0,44,1182,1184,1226,1916.6
ecmp,6,33.0,41,22.77,25.676,1.0,65,1182,1184,1247,1916.6
ecmp,6,34.0,83,22.866,26.019,1.0,62,1205,1202,1264,1916.6
ecmp,6,35.0,82,23.099,26.072,1.0,59,1149,1140,1199,1916.6
ecmp,6,36.0,52,23.577,26.587,1.0,59,1176,1168,1227,1916.6
ecmp,6,37.0,33,23.389,26.089,1.0,60,1204,1195,1255,1916.6
ecmp,6,38.0,83,23.389,26.089,1.0,60,1204,1195,1255,1916.6
ecmp,6,39.0,3,23.169,25.976,1.0,59,1232,1223,1282,1916.6
ecmp,6,40.0,84,23.557,26.085,1.0,58,1150,1145,1203,1916.6
ecmp,6,41.0,56,23.858,26.932,1.0,59,1178,1172,1231,1916.6
ecmp,6,42.0,28,23.279,26.071,1.0,60,1206,1199,1259,1916.6
ecmp,6,43.0,84,23.279,26.071,1.0,60,1206,1199,1259,1916.6
ecmp,6,44.0,86,23.3,26.089,1.0,62,1137,1128,1190,1916.6
ecmp,6,45.0,9,23.269,26.02,1.0,63,1165,1155,1218,1916.6
ecmp,6,46.0,58,23.701,27.116,1.0,63,1187,1178,1241,1916.6
ecmp,6,47.0,84,23.339,26.254,1.0,64,1152,1141,1205,1916.6
ecmp,6,48.0,86,23.553,26.265,1.0,37,1180,1168,1205,1916.6
ecmp,6,49.0,11,23.527,26.196,1.0,65,1180,1168,1233,1916.6
ecmp,6,50.1,73,23.456,26.201,1.0,65,1207,1196,1261,1916.6
ecmp,6,51.1,85,23.508,26.153,1.0,63,1143,1136,1199,1916.6
ecmp,6,52.1,82,22.992,26.048,1.0,64,1170,1163,1227,1916.6
ecmp,6,53.1,63,22.922,26.027,1.0,64,1190,1163,1227,1916.6
ecmp,6,54.1,24,22.589,25.629,1.0,64,1190,1190,1254,1916.6
ecmp,6,55.1,87,22.504,25.115,1.0,71,1211,1209,1280,1916.6
ecmp,6,56.1,83,22.853,25.947,1.0,70,1140,1141,1210,1916.6
ecmp,6,57.1,81,23.203,26.368,1.0,69,1167,1162,1231,1916.6
ecmp,6,58.1,3,23.194,26.113,1.0,42,1195,1189,1231,1916.6
ecmp,6,59.1,85,23.294,26.142,1.0,60,1195,1189,1249,1916.6
ecmp,7,0.0,0,23.406,26.285,1.0,0,0,0,0,1983.6
ecmp,7,1.0,82,22.926,25.987,0.9997,61,1199,1202,1260,1983.6
ecmp,7,2.0,83,22.787,25.581,1.0,71,1215,1221,1286,1983.6
ecmp,7,3.0,82,22.68,25.943,1.0,72,1139,1142,1211,1983.6
ecmp,7,4.0,7,22.871,26.005,1.0,47,1166,1164,1211,1983.6
ecmp,7,5.0,74,23.257,26.247,1.0,84,1166,1164,1248,1983.6
ecmp,7,6.0,85,22.778,25.561,1.0,72,1200,1205,1272,1983.6
ecmp,7,7.0,82,23.106,26.139,1.0,71,1138,1146,1209,1983.6
ecmp,7,8.0,11,23.133,26.091,1.0,43,1166,1166,1209,1983.6
ecmp,7,9.0,71,23.14,26.093,1.0,60,1166,1166,1226,1983.6
ecmp,7,10.0,83,23.298,26.08,1.0,56,1194,1194,1250,1983.6
ecmp,7,11.0,86,23.151,26.087,1.0,57,1137,1139,1194,1983.6
ecmp,7,12.0,54,23.36,26.106,1.0,56,1165,1167,1221,1983.6
ecmp,7,13.0,0,23.634,26.326,1.0,57,1180,1182,1237,1983.6
ecmp,7,14.0,87,23.634,26.326,1.0,57,1180,1182,1237,1983.6
ecmp,7,15.0,76,23.239,26.317,1.0,83,1208,1125,1184,1983.6
ecmp,7,16.0,86,23.414,26.347,1.0,62,1146,1146,1208,1983.6
ecmp,7,17.0,62,23.351,26.131,1.0,61,1174,1174,1235,1983.6
ecmp,7,18.0,22,23.351,26.091,1.0,62,1202,1201,1263,1983.6
ecmp,7,19.0,84,23.246,26.095,1.0,119,1146,1144,1263,1983.6
ecmp,7,20.0,83,23.284,26.106,1.0,65,1146,1144,1209,1983.6
ecmp,7,21.0,67,23.232,26.174,1.0,66,1174,1171,1237,1983.6
ecmp,7,22.0,20,23.532,26.491,1.0,66,1201,1199,1265,1983.6
ecmp,7,23.0,84,23.454,26.302,1.0,65,1146,1143,1208,1983.6
ecmp,7,24.0,19,23.946,26.982,1.0,67,1149,1146,1213,1983.6
ecmp,7,25.0,86,23.946,26.982,1.0,67,1149,1146,1213,1983.6
ecmp,7,26.0,54,23.235,26.096,1.0,68,1177,1173,1241,1983.6
ecmp,7,27.0,32,23.204,25.864,1.0,87,1204,1117,1186,1983.6
ecmp,7,28.0,83,23.274,26.108,1.0,68,1150,1145,1213,1983.6
ecmp,7,29.0,70,22.981,25.976,1.0,76,1154,1152,1228,1983.6
ecmp,7,30.0,10,22.981,25.976,1.0,76,1154,1152,1228,1983.6
ecmp,7,31.0,87,27.91,39.416,1.0,75,1178,1174,1249,1983.6
ecmp,7,32.0,81,23.219,26.394,1.0,68,1123,1118,1186,1983.6
ecmp,7,33.0,86,23.108,26.079,1.0,68,1150,1146,1214,1983.6
ecmp,7,34.0,0,23.355,26.116,1.0,68,1177,1174,1242,1983.6
ecmp,7,35.0,83,23.535,26.603,1.0,103,1139,1174,1242,1983.6
ecmp,7,36.0,86,23.667,26.606,1.0,65,1139,1137,1202,1983.6
ecmp,7,37.0,38,23.288,26.087,1.0,66,1167,1164,1230,1983.6
ecmp,7,38.0,67,23.39,26.003,1.0,67,1176,1174,1241,1983.6
ecmp,7,39.0,20,23.231,26.086,1.0,64,1122,1122,1186,1983.6
ecmp,7,40.0,87,23.245,26.043,1.0,63,1150,1150,1213,1983.6
ecmp,7,41.0,82,23.245,26.043,1.0,63,1150,1150,1213,1983.6
ecmp,7,42.0,69,23.581,26.866,1.0,61,1178,1178,1239,1983.6
ecmp,7,43.0,17,23.718,26.888,1.0,62,1205,1206,1267,1983.6
ecmp,7,44.0,84,23.334,26.207,1.0,60,1137,1139,1197,1983.6
ecmp,7,45.0,83,23.608,26.647,1.0,57,1164,1164,1221,1983.6
ecmp,7,46.0,74,23.324,26.562,1.0,57,1189,1164,1221,1983.6
ecmp,7,47.0,10,22.791,25.621,1.0,60,1189,1191,1249,1983.6
ecmp,7,48.0,87,23.079,25.88,1.0,67,1125,1133,1192,1983.6
ecmp,7,49.0,84,22.992,25.884,1.0,57,1143,1143,1200,1983.6
ecmp,7,50.1,29,23.262,26.264,1.0,58,1164,1163,1221,1983.6
ecmp,7,51.1,55,23.449,26.303,1.0,115,1108,1106,1221,1983.6
ecmp,7,52.1,85,23.462,26.337,1.0,62,1108,1106,1168,1983.6
ecmp,7,53.1,86,23.316,26.069,1.0,63,1136,1133,1196,1983.6
ecmp,7,54.1,51,23.427,26.154,1.0,64,1164,1160,1224,1983.6
ecmp,7,55.1,30,23.437,26.663,1.0,65,1192,1187,1252,1983.6
ecmp,7,56.1,84,23.246,26.128,1.0,63,1138,1133,1196,1983.6
ecmp,7,57.1,82,23.246,26.128,1.0,63,1138,1133,1196,1983.6
ecmp,7,58.1,72,23.26,25.902,1.0,64,1166,1160,1224,1983.6
ecmp,7,59.1,11,23.266,26.031,1.0,63,1187,1181,1244,1983.6
ecmp,8,0.0,0,23.535,26.22,1.0,0,0,0,0,2016.7
ecmp,8,1.0,84,23.645,26.253,1.0,1160,1160,0,0,2016.7
ecmp,8,2.0,86,23.158,26.109,0.9999,63,1160,1153,1216,2016.7
ecmp,8,3.0,88,23.169,26.089,1.0,62,1188,1181,1243,2016.7
ecmp,8,4.0,1,23.423,26.22,1.0,62,1133,1125,1187,2016.7
ecmp,8,5.0,85,23.252,26.019,1.0,61,1161,1153,1214,2016.7
ecmp,8,6.0,86,23.282,26.086,1.0,62,1189,1180,1242,2016.7
ecmp,8,7.0,86,23.282,26.086,1.0,62,1189,1180,1242,2016.7
ecmp,8,8.0,7,23.288,26.075,1.0,63,1134,1124,1187,2016.7
ecmp,8,9.0,80,23.135,25.809,1.0,64,1163,1150,1214,2016.7
ecmp,8,10.0,87,22.906,26.304,1.0,61,1186,1180,1241,2016.7
ecmp,8,11.0,82,22.583,25.409,1.0,67,1138,1136,1203,2016.7
ecmp,8,12.0,21,22.659,25.601,1.0,67,1157,1136,1203,2016.7
ecmp,8,13.0,60,22.964,26.191,1.0,75,1157,1154,1229,2016.7
ecmp,8,14.0,83,22.792,25.842,1.0,67,1189,1187,1254,2016.7
ecmp,8,15.0,83,22.622,25.61,1.0,67,1210,1206,1273,2016.7
ecmp,8,16.0,31,23.083,26.004,1.0,63,1144,1136,1199,2016.7
ecmp,8,17.0,52,23.083,26.004,1.0,63,1144,1136,1199,2016.7
ecmp,8,18.0,83,23.239,26.095,1.0,57,1172,1163,1220,2016.7
ecmp,8,19.0,87,23.38,26.235,1.0,56,1199,1191,1247,2016.7
ecmp,8,20.0,0,23.315,26.142,1.0,54,1152,1143,1197,2016.7
ecmp,8,21.0,83,23.425,26.263,1.0,52,1180,1171,1223,2016.7
ecmp,8,22.0,81,28.769,40.615,1.0,52,1207,1171,1223,2016.7
ecmp,8,23.0,83,28.704,40.602,1.0,53,1207,1198,1251,2016.7
ecmp,8,24.0,1,23.386,26.175,1.0,54,1151,1141,1195,2016.7
ecmp,8,25.0,81,23.349,26.081,1.0,54,1178,1169,1223,2016.7
ecmp,8,26.0,85,23.092,26.014,1.0,54,1207,1196,1250,2016.7
ecmp,8,27.0,86,22.641,25.991,1.0,28,1225,1222,1250,2016.7
ecmp,8,28.0,0,22.551,25.748,1.0,39,1225,1222,1261,2016.7
ecmp,8,29.0,82,22.557,25.469,1.0,62,1160,1155,1217,2016.7
ecmp,8,30.0,82,23.039,26.13,1.0,62,1182,1173,1235,2016.7
ecmp,8,31.0,84,23.111,25.821,1.0,38,1206,1197,1235,2016.7
ecmp,8,32.0,0,23.243,26.029,1.0,78,1206,1197,1275,2016.7
ecmp,8,33.0,82,22.575,25.528,1.0,60,1157,1157,1217,2016.7
ecmp,8,34.0,87,22.598,25.824,1.0,62,1176,1175,1237,2016.7
ecmp,8,35.0,82,23.073,25.924,1.0,61,1204,1195,1256,2016.7
ecmp,8,36.0,11,23.359,26.338,1.0,57,1168,1156,1213,2016.7
ecmp,8,37.0,71,23.359,26.338,1.0,57,1168,1156,1213,2016.7
ecmp,8,38.0,86,23.279,26.133,1.0,56,1196,1184,1240,2016.7
ecmp,8,39.0,27,23.363,26.255,1.0,56,1221,1211,1267,2016.7
ecmp,8,40.0,54,23.787,26.875,1.0,57,1167,1155,1212,2016.7
ecmp,8,41.0,86,23.578,26.825,1.0,56,1195,1183,1239,2016.7
ecmp,8,42.0,85,23.343,26.189,1.0,56,1223,1183,1239,2016.7
ecmp,8,43.0,21,23.147,26.166,1.0,57,1223,1210,1267,2016.7
ecmp,8,44.0,65,22.896,26.016,1.0,56,1250,1238,1294,2016.7
ecmp,8,45.0,86,22.534,25.356,1.0,55,1184,1179,1234,2016.7
ecmp,8,46.0,87,23.016,26.596,1.0,61,1202,1199,1260,2016.7
ecmp,8,47.0,37,22.964,25.935,1.0,42,1222,1218,1260,2016.7
ecmp,8,48.0,44,22.729,25.865,1.0,61,1222,1218,1279,2016.7
ecmp,8,49.0,83,22.881,25.948,1.0,55,1164,1158,1213,2016.7
ecmp,8,50.0,86,23.455,26.451,1.0,49,1191,1185,1234,2016.7
ecmp,8,51.1,48,23.287,26.064,1.0,48,1219,1213,1261,2016.7
ecmp,8,52.1,21,23.684,26.314,1.0,47,1150,1145,1192,2016.7
ecmp,8,53.1,66,23.684,26.314,1.0,47,1150,1145,1192,2016.7
ecmp,8,54.1,84,23.19,25.986,1.0,47,1176,1172,1219,2016.7
ecmp,8,55.1,84,23.497,26.69,1.0,48,1204,1199,1247,2016.7
ecmp,8,56.1,31,23.344,26.168,1.0,49,1232,1226,1275,2016.7
ecmp,8,57.1,55,23.362,26.192,1.0,53,1183,1177,1230,2016.7
ecmp,8,58.1,84,23.416,26.338,1.0,53,1210,1177,1230,2016.7
ecmp,8,59.1,57,23.471,26.358,1.0,53,1210,1205,1258,2016.7
ecmp,9,0.0,0,23.233,26.107,1.0,0,0,0,0,1979.6
ecmp,9,1.0,87,23.434,26.354,1.0,53,1181,1178,1231,1979.6
ecmp,9,2.0,85,23.441,26.355,0.9999,26,1209,1205,1231,1979.6
ecmp,9,3.0,84,23.328,26.108,1.0,54,1209,1205,1259,1979.6
ecmp,9,4.0,7,23.186,26.073,1.0,54,1236,1233,1287,1979.6
ecmp,9,5.0,76,23.447,26.055,1.0,55,1179,1178,1233,1979.6
ecmp,9,6.0,83,22.94,25.89,1.0,59,1201,1207,1260,1979.6
ecmp,9,7.0,76,22.728,25.9,1.0,41,1219,1226,1260,1979.6
ecmp,9,8.0,7,22.748,25.953,1.0,70,1219,1226,1289,1979.6
ecmp,9,9.0,83,22.483,25.412,1.0,73,1141,1147,1214,1979.6
ecmp,9,10.0,84,22.953,25.698,1.0,67,1165,1168,1232,1979.6
ecmp,9,11.0,87,23.281,26.108,1.0,60,1193,1192,1252,1979.6
ecmp,9,12.0,1,23.287,26.043,1.0,57,1126,1124,1181,1979.6
ecmp,9,13.0,84,23.287,26.043,1.0,57,1126,1124,1181,1979.6
ecmp,9,14.0,82,23.589,27.001,1.0,28,1181,1180,1208,1979.6
ecmp,9,15.0,84,23.489,26.971,1.0,56,1181,1180,1236,1979.6
ecmp,9,16.0,7,23.39,26.35,1.0,24,1209,1207,1185,1979.6
ecmp,9,17.0,80,23.377,26.02,1.0,60,1157,1153,1213,1979.6
ecmp,9,18.0,85,23.355,25.961,1.0,60,1185,1153,1213,1979.6
ecmp,9,19.0,84,23.238,25.978,1.0,61,1213,1180,1241,1979.6
ecmp,9,20.0,7,23.336,26.174,1.0,60,1213,1208,1268,1979.6
ecmp,9,21.0,76,23.354,26.105,1.0,57,1155,1151,1208,1979.6
ecmp,9,22.0,83,23.128,26.034,1.0,56,1183,1179,1235,1979.6
ecmp,9,23.0,85,22.758,25.978,1.0,30,1205,1209,1235,1979.6
ecmp,9,24.0,17,23.274,26.094,1.0,58,1132,1131,1189,1979.6
ecmp,9,25.0,64,23.274,26.094,1.0,58,1132,1131,1189,1979.6
ecmp,9,26.0,86,23.256,26.055,1.0,57,1154,1153,1210,1979.6
ecmp,9,27.0,21,23.292,26.044,1.0,58,1182,1180,1238,1979.6
ecmp,9,28.0,65,23.149,26.043,1.0,26,1209,1208,1183,1979.6
ecmp,9,29.0,83,23.15,26.011,1.0,58,1155,1152,1210,1979.6
ecmp,9,30.0,84,23.15,26.011,1.0,58,1155,1152,1210,1979.6
ecmp,9,31.0,21,23.205,25.975,1.0,59,1183,1179,1238,1979.6
ecmp,9,32.0,61,23.367,26.192,1.0,60,1211,1206,1266,1979.6
ecmp,9,33.0,88,23.587,26.658,1.0,63,1156,1147,1210,1979.6
ecmp,9,34.0,84,23.736,26.727,1.0,63,1183,1175,1238,1979.6
ecmp,9,35.0,61,23.736,26.727,1.0,63,1183,1175,1238,1979.6
ecmp,9,36.0,21,23.557,26.109,1.0,63,1200,1192,1255,1979.6
ecmp,9,37.0,62,23.216,26.222,1.0,66,1144,1135,1201,1979.6
ecmp,9,38.0,86,23.225,26.108,1.0,66,1171,1163,1229,1979.6
ecmp,9,39.0,90,23.255,26.023,1.0,65,1200,1190,1255,1979.6
ecmp,9,40.0,61,23.255,26.023,1.0,65,1200,1190,1255,1979.6
ecmp,9,41.0,22,23.013,26.054,1.0,92,1227,1135,1198,1979.6
ecmp,9,42.0,87,22.828,25.466,1.0,67,1161,1159,1226,1979.6
ecmp,9,43.0,87,23.548,27.061,1.0,65,1200,1189,1254,1979.6
ecmp,9,44.0,69,22.871,25.918,1.0,66,1222,1210,1276,1979.6
ecmp,9,45.0,19,22.871,25.918,1.0,66,1222,1210,1276,1979.6
ecmp,9,46.0,84,23.183,26.171,1.0,75,1148,1132,1207,1979.6
ecmp,9,47.0,87,23.156,25.893,1.0,66,1176,1160,1226,1979.6
ecmp,9,48.0,22,23.344,26.08,1.0,65,1204,1188,1253,1979.6
ecmp,9,49.0,66,23.27,26.147,1.0,63,1162,1150,1213,1979.6
ecmp,9,50.0,84,23.27,26.147,1.0,63,1162,1150,1213,1979.6
ecmp,9,51.0,84,23.517,26.454,1.0,62,1190,1178,1240,1979.6
ecmp,9,52.0,11,23.355,26.203,1.0,62,1217,1206,1268,1979.6
ecmp,9,53.0,72,23.186,25.955,1.0,59,1160,1152,1211,1979.6
ecmp,9,54.1,84,23.237,26.086,1.0,58,1188,1180,1238,1979.6
ecmp,9,55.1,82,23.237,26.086,1.0,58,1188,1180,1238,1979.6
ecmp,9,56.1,31,23.385,26.037,1.0,57,1216,1208,1265,1979.6
ecmp,9,57.1,53,23.317,26.05,1.0,57,1243,1236,1293,1979.6
ecmp,9,58.1,86,22.964,25.992,1.0,56,1215,1208,1264,1979.6
ecmp,9,59.1,82,22.979,25.898,1.0,56,1233,1234,1289,1979.6
ecmp,10,0.0,0,23.647,26.835,1.0,0,0,0,0,2014.2
ecmp,10,1.0,84,23.488,26.54,1.0,53,1166,1159,1212,2014.2
ecmp,10,2.0,37,23.46,26.532,0.9999,53,1175,1159,1212,2014.2
ecmp,10,3.0,86,23.263,25.973,1.0,55,1175,1167,1222,2014.2
ecmp,10,4.0,62,23.277,26.16,1.0,55,1201,1194,1249,2014.2
ecmp,10,5.0,22,23.302,26.096,1.0,54,1146,1139,1193,2014.2
ecmp,10,6.0,81,23.278,26.169,1.0,53,1174,1167,1220,2014.2
ecmp,10,7.0,82,23.365,26.176,1.0,25,1202,1195,1220,2014.2
ecmp,10,8.0,82,23.174,26.106,1.0,52,1202,1195,1247,2014.2
ecmp,10,9.0,1,23.316,26.064,1.0,55,1145,1139,1194,2014.2
ecmp,10,10.0,47,23.63,26.433,1.0,55,1158,1152,1207,2014.2
ecmp,10,11.0,86,23.28,26.029,1.0,56,1186,1179,1235,2014.2
ecmp,10,12.0,84,23.278,26.109,1.0,54,1129,1125,1179,2014.2
ecmp,10,13.0,51,23.278,26.109,1.0,54,1129,1125,1179,2014.2
ecmp,10,14.0,32,22.7,26.044,1.0,54,1153,1153,1207,2014.2
ecmp,10,15.0,81,22.589,25.741,1.0,62,1172,1177,1234,2014.2
ecmp,10,16.0,83,23.113,26.048,1.0,55,1129,1128,1183,2014.2
ecmp,10,17.0,73,23.113,26.048,1.0,55,1129,1128,1183,2014.2
ecmp,10,18.0,10,22.861,25.952,1.0,57,1154,1155,1211,2014.2
ecmp,10,19.0,82,22.526,25.249,1.0,67,1172,1177,1239,2014.2
ecmp,10,20.0,87,22.594,25.65,1.0,70,1192,1197,1262,2014.2
ecmp,10,21.0,57,22.954,25.948,1.0,69,1131,1142,1200,2014.2
ecmp,10,22.0,73,22.954,25.948,1.0,69,1131,1142,1200,2014.2
ecmp,10,23.0,16,23.007,25.692,1.0,60,1172,1169,1229,2014.2
ecmp,10,24.0,86,22.683,25.599,1.0,68,1189,1193,1257,2014.2
ecmp,10,25.0,85,22.714,25.28,1.0,73,1124,1131,1197,2014.2
ecmp,10,26.0,87,22.711,25.9,1.0,73,1145,1152,1218,2014.2
ecmp,10,27.0,1,22.778,26.08,1.0,66,1172,1152,1218,2014.2
ecmp,10,28.0,68,23.193,26.181,1.0,75,1172,1189,1247,2014.2
ecmp,10,29.0,83,22.574,25.59,1.0,73,1121,1131,1194,2014.2
ecmp,10,30.0,81,22.825,25.535,1.0,76,1142,1151,1218,2014.2
ecmp,10,31.0,51,22.825,25.535,1.0,76,1142,1151,1218,2014.2
ecmp,10,32.0,32,23.348,26.158,1.0,55,1190,1192,1245,2014.2
ecmp,10,33.0,81,23.255,26.03,1.0,55,1129,1130,1184,2014.2
ecmp,10,34.0,45,23.232,26.045,1.0,56,1135,1136,1191,2014.2
ecmp,10,35.0,36,23.28,26.174,1.0,55,1158,1136,1191,2014.2
ecmp,10,36.0,84,23.309,26.207,1.0,55,1158,1158,1213,2014.2
ecmp,10,37.0,81,23.487,26.463,1.0,57,1091,1092,1148,2014.2
ecmp,10,38.0,62,23.408,26.214,1.0,57,1119,1119,1176,2014.2
ecmp,10,39.0,24,23.464,26.6,1.0,56,1147,1147,1203,2014.2
ecmp,10,40.0,85,23.803,26.952,1.0,29,1174,1175,1203,2014.2
ecmp,10,41.0,81,23.727,26.929,1.0,55,1174,1175,1229,2014.2
ecmp,10,42.0,67,23.275,26.081,1.0,56,1118,1120,1174,2014.2
ecmp,10,43.0,21,23.288,26.122,1.0,56,1146,1145,1201,2014.2
ecmp,10,44.0,84,23.261,26.06,1.0,55,1174,1173,1228,2014.2
ecmp,10,45.0,82,23.543,26.766,1.0,58,1117,1114,1172,2014.2
ecmp,10,46.0,79,23.543,26.766,1.0,58,1117,1114,1172,2014.2
ecmp,10,47.0,16,23.575,26.093,1.0,59,1140,1137,1196,2014.2
ecmp,10,48.0,70,23.188,26.252,1.0,60,1170,1164,1224,2014.2
ecmp,10,49.0,82,22.649,25.736,1.0,65,1105,1107,1170,2014.2
ecmp,10,50.1,81,22.94,26.28,1.0,76,1122,1126,1198,2014.2
ecmp,10,51.1,26,22.94,26.28,1.0,76,1122,1126,1198,2014.2
ecmp,10,52.1,59,22.584,25.342,1.0,73,1150,1153,1223,2014.2
ecmp,10,53.1,87,22.845,25.755,1.0,69,1171,1172,1240,2014.2
ecmp,10,54.1,85,23.101,25.968,1.0,61,1113,1107,1168,2014.2
ecmp,10,55.1,0,23.472,26.445,1.0,58,1141,1135,1193,2014.2
ecmp,10,56.1,86,23.396,26.422,1.0,58,1168,1135,1193,2014.2
ecmp,10,57.1,87,23.23,26.072,1.0,57,1168,1163,1220,2014.2
ecmp,10,58.1,86,23.295,26.119,1.0,58,1161,1156,1214,2014.2
ecmp,10,59.1,1,23.483,26.562,1.0,57,1189,1184,1241,2014.2
drl,1,0.0,0,23.245,26.097,1.0,0,0,0,0,1965.3
drl,1,1.0,85,23.334,26.124,0.3333,1127,1127,0,0,1965.3
drl,1,2.0,83,23.498,26.127,0.6666,74,1127,1201,1181,1965.3
drl,1,3.0,89,23.376,26.137,0.9992,134,1128,1202,1262,1965.3
drl,1,4.0,11,23.257,26.093,0.9928,60,1209,1203,1263,1965.3
drl,1,5.0,76,23.366,26.157,0.9214,48,1138,1186,1182,1965.3
drl,1,6.0,87,23.624,26.91,0.9136,32,1214,1187,1182,1965.3
drl,1,7.0,87,23.787,26.959,0.8653,31,1214,1187,1183,1965.3
drl,1,8.0,1,23.239,26.051,0.8645,84,1215,1268,1184,1965.3
drl,1,9.0,86,23.48,26.684,0.964,58,1139,1197,1179,1965.3
drl,1,10.0,86,22.774,25.92,0.9581,26,1206,1198,1180,1965.3
drl,1,11.0,87,22.804,25.158,0.9252,75,1221,1256,1181,1965.3
drl,1,12.0,1,22.804,25.158,0.9262,75,1221,1256,1181,1965.3
drl,1,13.0,86,22.608,25.507,0.9819,143,1222,1280,1137,1965.3
drl,1,14.0,86,23.188,26.14,0.9904,120,1123,1182,1243,1965.3
drl,1,15.0,86,22.498,25.259,0.9992,104,1140,1183,1244,1965.3
drl,1,16.0,1,22.797,26.067,0.9991,61,1205,1183,1244,1965.3
drl,1,17.0,85,22.894,26.068,0.9895,55,1205,1190,1245,1965.3
drl,1,18.0,87,23.264,26.041,0.9632,57,1136,1193,1174,1965.3
drl,1,19.0,31,23.258,26.031,0.9687,137,1137,1274,1175,1965.3
drl,1,20.0,55,23.125,26.05,0.972,99,1218,1275,1176,1965.3
drl,1,21.0,1,23.315,26.197,0.9724,134,1141,1275,1176,1965.3
drl,1,22.0,86,23.521,26.96,0.9649,97,1141,1194,1097,1965.3
drl,1,23.0,86,22.737,25.429,0.9906,37,1221,1195,1184,1965.3
drl,1,24.0,0,23.705,26.847,0.9906,43,1222,1196,1179,1965.3
drl,1,25.0,84,23.705,26.847,0.9809,43,1222,1196,1179,1965.3
drl,1,26.0,85,28.167,39.595,0.9633,94,1148,1205,1111,1965.3
drl,1,27.0,52,23.218,26.14,0.9763,174,1149,1286,1112,1965.3
drl,1,28.0,33,23.213,26.045,0.9821,137,1150,1287,1193,1965.3
drl,1,29.0,85,23.069,25.978,0.9859,94,1152,1208,1114,1965.3
drl,1,30.0,85,23.069,25.978,0.9964,94,1152,1208,1114,1965.3
drl,1,31.0,51,23.278,26.058,0.9983,56,1153,1209,1195,1965.3
drl,1,32.0,32,23.291,26.2,0.9993,68,1181,1210,1249,1965.3
drl,1,33.0,86,23.159,26.037,0.993,109,1182,1291,1250,1965.3
drl,1,34.0,78,22.85,25.998,0.9949,58,1152,1210,1167,1965.3
drl,1,35.0,10,23.399,26.678,0.9958,43,1177,1210,1167,1965.3
drl,1,36.0,84,23.542,26.683,0.9994,34,1177,1211,1177,1965.3
drl,1,37.0,86,23.532,26.705,0.9971,73,1178,1212,1251,1965.3
drl,1,38.0,83,23.418,26.266,0.9953,152,1096,1133,1248,1965.3
drl,1,39.0,1,23.408,26.363,0.9954,152,1097,1214,1249,1965.3
drl,1,40.0,83,23.535,26.64,0.9995,71,1178,1215,1249,1965.3
drl,1,41.0,84,23.566,26.649,0.999,72,1178,1215,1250,1965.3
drl,1,42.0,68,23.434,26.284,0.9956,42,1175,1133,1169,1965.3
drl,1,43.0,20,23.649,26.47,0.996,97,1242,1145,1170,1965.3
drl,1,44.0,86,23.345,26.284,0.9953,72,1243,1226,1171,1965.3
drl,1,45.0,84,23.387,26.233,0.9994,86,1244,1227,1158,1965.3
drl,1,46.0,55,23.387,26.233,1.0,86,1244,1227,1158,1965.3
drl,1,47.0,30,22.984,26.028,0.9997,95,1149,1132,1227,1965.3
drl,1,48.0,84,22.662,25.373,0.9989,78,1150,1189,1228,1965.3
drl,1,49.0,79,22.662,25.373,0.9996,78,1150,1189,1228,1965.3
drl,1,50.1,9,23.054,25.971,0.9995,15,1150,1135,1148,1965.3
drl,1,51.1,84,22.99,25.997,0.9974,67,1151,1216,1149,1965.3
drl,1,52.1,85,22.336,25.056,0.9992,81,1152,1217,1233,1965.3
drl,1,53.1,48,22.488,25.317,0.9997,67,1166,1218,1233,1965.3
drl,1,54.1,40,22.49,25.317,0.9995,65,1166,1218,1231,1965.3
drl,1,55.1,87,22.91,25.871,0.9972,16,1138,1122,1138,1965.3
drl,1,56.1,85,23.342,26.188,0.9969,96,1219,1123,1139,1965.3
drl,1,57.1,41,23.505,26.554,0.996,80,1220,1204,1140,1965.3
drl,1,58.1,44,23.452,26.147,0.9979,68,1193,1218,1150,1965.3
drl,1,59.1,84,23.452,26.147,0.9998,68,1193,1218,1150,1965.3
drl,2,0.0,0,23.295,26.064,1.0,0,0,0,0,2051.1
drl,2,1.0,88,23.042,25.98,0.3333,1311,0,0,1311,2051.1
drl,2,2.0,85,23.383,26.312,0.3333,159,1071,1149,1230,2051.1
drl,2,3.0,84,23.192,26.041,0.5953,159,1072,1230,1231,2051.1
drl,2,4.0,0,23.292,26.167,0.5953,86,1146,1231,1232,2051.1
drl,2,5.0,86,23.314,26.121,0.6666,28,1129,1142,1157,2051.1
drl,2,6.0,86,23.314,26.121,0.6392,28,1129,1142,1157,2051.1
drl,2,7.0,74,23.297,26.064,0.6033,93,1130,1223,1158,2051.1
drl,2,8.0,10,23.458,26.72,0.6082,167,1134,1301,1159,2051.1
drl,2,9.0,88,23.16,25.918,0.6575,214,1177,1218,1004,2051.1
drl,2,10.0,88,22.997,25.912,0.8291,134,1178,1219,1085,2051.1
drl,2,11.0,72,22.787,25.849,0.9249,134,1179,1219,1085,2051.1
drl,2,12.0,13,22.682,25.943,0.9373,54,1179,1220,1166,2051.1
drl,2,13.0,86,23.001,26.075,0.9853,55,1180,1221,1235,2051.1
drl,2,14.0,84,23.052,25.984,0.9843,176,1128,1060,1236,2051.1
drl,2,15.0,41,23.187,26.068,0.977,176,1178,1061,1237,2051.1
drl,2,16.0,43,23.568,26.876,0.9644,95,1179,1142,1237,2051.1
drl,2,17.0,87,23.649,26.9,0.9293,96,1179,1142,1238,2051.1
drl,2,18.0,85,23.357,26.113,0.89,217,1018,1220,1235,2051.1
drl,2,19.0,57,23.574,26.146,0.9044,282,1019,1301,1236,2051.1
drl,2,20.0,30,23.518,26.416,0.9086,202,1100,1302,1237,2051.1
drl,2,21.0,86,23.239,26.067,0.9107,31,1171,1140,1155,2051.1
drl,2,22.0,86,23.239,26.067,0.8878,31,1171,1140,1155,2051.1
drl,2,23.0,43,23.252,26.01,0.875,65,1172,1221,1156,2051.1
drl,2,24.0,43,23.242,26.022,0.8989,94,1173,1267,1192,2051.1
drl,2,25.0,87,23.23,26.171,0.9026,227,1254,1268,1041,2051.1
drl,2,26.0,83,22.723,25.99,0.9424,144,1172,1266,1122,2051.1
drl,2,27.0,41,22.687,25.979,0.9576,144,1173,1266,1122,2051.1
drl,2,28.0,44,22.424,25.085,0.9707,94,1173,1267,1205,2051.1
drl,2,29.0,88,22.486,25.433,0.9679,87,1181,1268,1204,2051.1
drl,2,30.0,79,23.549,26.753,0.9596,39,1146,1185,1146,2051.1
drl,2,31.0,4,23.35,26.193,0.9604,80,1227,1186,1147,2051.1
drl,2,32.0,87,23.326,26.191,0.9819,81,1228,1187,1147,2051.1
drl,2,33.0,88,23.216,25.958,0.9944,41,1228,1187,1228,2051.1
drl,2,34.0,63,23.302,26.044,0.9925,121,1226,1105,1146,2051.1
drl,2,35.0,24,23.315,26.099,0.991,80,1227,1183,1147,2051.1
drl,2,36.0,86,23.522,26.542,0.9983,44,1228,1184,1228,2051.1
drl,2,37.0,87,23.269,25.961,0.9925,24,1229,1250,1226,2051.1
drl,2,38.0,58,23.269,25.961,0.9957,24,1229,1250,1226,2051.1
drl,2,39.0,30,22.806,25.602,0.9964,301,1006,1251,1307,2051.1
drl,2,40.0,87,22.561,25.315,0.9987,259,1049,1252,1308,2051.1
drl,2,41.0,84,23.049,26.032,0.9965,214,1095,1253,1309,2051.1
drl,2,42.0,42,22.709,25.666,0.9941,139,1183,1170,1309,2051.1
drl,2,43.0,44,22.473,25.435,0.9938,37,1183,1170,1146,2051.1
drl,2,44.0,88,23.012,26.352,0.9986,33,1212,1205,1179,2051.1
drl,2,45.0,22,23.326,26.135,0.9991,22,1213,1206,1228,2051.1
drl,2,46.0,67,23.097,25.757,0.9989,137,1131,1112,1249,2051.1
drl,2,47.0,83,23.084,25.93,0.9959,118,1132,1193,1250,2051.1
drl,2,48.0,86,23.084,25.93,0.9951,118,1132,1193,1250,2051.1
drl,2,49.0,21,23.608,26.633,0.9945,57,1213,1194,1251,2051.1
drl,2,50.0,65,23.573,26.066,0.9921,164,1075,1239,1168,2051.1
drl,2,51.1,86,22.997,25.948,0.9892,86,1154,1240,1169,2051.1
drl,2,52.1,85,22.72,25.84,0.9956,93,1157,1241,1250,2051.1
drl,2,53.1,21,22.72,25.84,0.9948,93,1157,1241,1250,2051.1
drl,2,54.1,65,22.63,25.537,0.9915,113,1177,1242,1129,2051.1
drl,2,55.1,85,22.472,25.2,0.9961,117,1236,1119,1189,2051.1
drl,2,56.1,88,22.969,25.807,0.9961,106,1237,1131,1205,2051.1
drl,2,57.1,16,23.073,26.055,0.9959,37,1238,1201,1205,2051.1
drl,2,58.1,68,23.299,26.122,0.994,37,1238,1201,1206,2051.1
drl,2,59.1,86,22.815,26.092,0.9901,178,1236,1302,1124,2051.1
drl,3,0.0,0,23.268,26.049,1.0,0,0,0,0,2120.2
drl,3,1.0,83,23.029,25.994,0.3333,1241,0,1241,1125,2120.2
drl,3,2.0,83,23.503,26.175,0.6667,135,1081,1216,1123,2120.2
drl,3,3.0,86,23.767,26.57,0.5971,93,1162,1217,1124,2120.2
drl,3,4.0,0,23.155,25.963,0.5971,118,1243,1218,1125,2120.2
drl,3,5.0,89,23.154,26.029,0.8937,118,1243,1219,1125,2120.2
drl,3,6.0,83,23.358,26.163,0.9214,37,1243,1219,1206,2120.2
drl,3,7.0,52,23.655,26.889,0.9889,95,1158,1114,1209,2120.2
drl,3,8.0,32,23.174,26.046,0.9999,52,1158,1195,1210,2120.2
drl,3,9.0,82,23.325,26.078,0.9631,43,1239,1196,1211,2120.2
drl,3,10.0,85,23.463,26.051,0.973,224,1168,1273,1049,2120.2
drl,3,11.0,66,23.463,26.051,0.9993,224,1168,1273,1049,2120.2
drl,3,12.0,20,22.762,25.819,0.9999,144,1169,1274,1130,2120.2
drl,3,13.0,88,22.983,26.526,0.9758,105,1170,1275,1209,2120.2
drl,3,14.0,85,23.191,26.078,0.982,168,1158,1041,1209,2120.2
drl,3,15.0,76,22.857,26.001,0.9995,138,1238,1100,1209,2120.2
drl,3,16.0,12,22.797,25.838,0.9999,138,1238,1100,1210,2120.2
drl,3,17.0,75,22.601,25.235,0.9909,78,1239,1161,1211,2120.2
drl,3,18.0,85,22.701,25.944,0.965,131,1078,1133,1209,2120.2
drl,3,19.0,36,22.825,25.742,0.9732,130,1079,1193,1209,2120.2
drl,3,20.0,50,22.916,25.769,0.9784,131,1079,1193,1210,2120.2
drl,3,21.0,85,22.631,25.723,0.9736,30,1181,1194,1211,2120.2
drl,3,22.0,72,22.731,25.668,0.9615,64,1157,1157,1093,2120.2
drl,3,23.0,14,22.866,26.032,0.9669,65,1158,1157,1093,2120.2
drl,3,24.0,87,23.129,26.045,0.99,112,1158,1219,1107,2120.2
drl,3,25.0,90,23.625,26.883,0.9976,61,1159,1220,1181,2120.2
drl,3,26.0,83,23.433,26.146,0.9985,61,1160,1221,1180,2120.2
drl,3,27.0,7,23.373,26.283,0.9981,141,1078,1219,1181,2120.2
drl,3,28.0,76,23.33,26.252,0.9907,61,1159,1220,1181,2120.2
drl,3,29.0,88,23.214,25.938,0.9757,61,1159,1220,1182,2120.2
drl,3,30.0,62,23.404,26.807,0.9624,58,1240,1221,1182,2120.2
drl,3,31.0,21,23.724,27.252,0.9662,262,1300,1139,1038,2120.2
drl,3,32.0,85,23.285,26.078,0.9764,182,1301,1140,1119,2120.2
drl,3,33.0,89,23.212,26.11,0.9871,183,1302,1219,1119,2120.2
drl,3,34.0,7,23.212,26.11,0.9878,183,1302,1219,1119,2120.2
drl,3,35.0,78,23.815,26.584,0.9919,263,1299,1136,1036,2120.2
drl,3,36.0,83,22.868,25.923,0.9908,183,1300,1137,1117,2120.2
drl,3,37.0,51,22.943,25.946,0.996,184,1301,1137,1117,2120.2
drl,3,38.0,35,22.619,25.654,0.9982,183,1301,1194,1118,2120.2
drl,3,39.0,87,22.629,25.651,0.9944,89,1093,1182,1161,2120.2
drl,3,40.0,88,23.396,26.121,0.9924,103,1094,1183,1197,2120.2
drl,3,41.0,41,23.215,26.094,0.9901,23,1175,1184,1198,2120.2
drl,3,42.0,43,23.26,26.177,0.994,123,1218,1095,1198,2120.2
drl,3,43.0,88,23.358,26.207,0.9988,124,1218,1095,1094,2120.2
drl,3,44.0,89,23.137,25.952,0.999,121,1216,1176,1095,2120.2
drl,3,45.0,0,23.592,26.995,0.999,161,1217,1257,1096,2120.2
drl,3,46.0,84,23.329,26.118,0.9998,81,1218,1258,1177,2120.2
drl,3,47.0,85,23.249,26.028,0.9974,223,1032,1185,1255,2120.2
drl,3,48.0,76,23.249,26.028,0.9983,223,1032,1185,1255,2120.2
drl,3,49.0,11,22.944,25.875,0.9983,137,1119,1186,1256,2120.2
drl,3,50.0,86,22.909,26.023,0.9961,121,1136,1187,1257,2120.2
drl,3,51.1,86,23.059,26.021,0.9914,98,1192,1185,1094,2120.2
drl,3,52.1,57,23.059,26.021,0.9915,98,1192,1185,1094,2120.2
drl,3,53.1,32,22.766,25.873,0.9911,18,1193,1186,1175,2120.2
drl,3,54.1,86,22.547,25.095,0.9966,67,1194,1243,1176,2120.2
drl,3,55.1,84,22.68,25.679,0.995,157,1192,1069,1226,2120.2
drl,3,56.1,52,22.954,25.935,0.9976,184,1193,1071,1255,2120.2
drl,3,57.1,32,22.874,25.719,0.9987,184,1194,1071,1255,2120.2
drl,3,58.1,87,23.239,26.005,0.9999,105,1194,1151,1256,2120.2
drl,3,59.1,86,23.343,26.175,0.9989,69,1195,1185,1254,2120.2
drl,4,0.0,0,23.392,26.215,1.0,0,0,0,0,2177.1
drl,4,1.0,87,23.392,26.215,0.3333,0,0,0,0,2177.1
drl,4,2.0,88,23.349,26.125,0.3333,313,1032,1345,1097,2177.1
drl,4,3.0,89,23.361,26.106,0.6027,393,1033,1426,1098,2177.1
drl,4,4.0,1,23.329,26.153,0.6045,328,1114,1427,1099,2177.1
drl,4,5.0,85,23.286,26.054,0.8886,161,1116,1277,1176,2177.1
drl,4,6.0,86,23.339,26.196,0.9207,163,1114,1277,1176,2177.1
drl,4,7.0,84,23.47,26.419,0.8547,164,1114,1278,1177,2177.1
drl,4,8.0,1,23.407,26.167,0.8538,101,1195,1279,1178,2177.1
drl,4,9.0,86,22.965,26.118,0.951,77,1203,1280,1229,2177.1
drl,4,10.0,84,22.998,26.006,0.8791,188,1121,1278,1090,2177.1
drl,4,11.0,0,22.958,25.809,0.8791,189,1202,1279,1090,2177.1
drl,4,12.0,86,23.224,26.123,0.9281,188,1202,1279,1091,2177.1
drl,4,13.0,88,23.503,26.386,0.928,108,1203,1280,1172,2177.1
drl,4,14.0,87,23.46,26.496,0.901,213,1189,1037,1250,2177.1
drl,4,15.0,0,23.294,26.099,0.901,293,1190,1038,1331,2177.1
drl,4,16.0,86,23.179,26.097,0.9634,213,1191,1119,1332,2177.1
drl,4,17.0,84,23.164,26.055,0.9904,213,1192,1119,1332,2177.1
drl,4,18.0,87,23.286,26.05,0.9917,281,1042,1209,1323,2177.1
drl,4,19.0,31,23.286,26.05,0.9971,281,1042,1209,1323,2177.1
drl,4,20.0,56,23.524,26.664,0.9999,201,1123,1210,1324,2177.1
drl,4,21.0,86,23.268,25.918,0.9906,121,1204,1211,1325,2177.1
drl,4,22.0,86,22.94,25.834,0.9917,205,1120,1288,1325,2177.1
drl,4,23.0,21,23.173,26.04,0.9896,151,1137,1288,1162,2177.1
drl,4,24.0,65,23.006,25.741,0.9794,152,1137,1289,1163,2177.1
drl,4,25.0,86,23.018,26.072,0.9597,126,1202,1290,1164,2177.1
drl,4,26.0,85,23.058,26.053,0.9783,229,1059,1288,1155,2177.1
drl,4,27.0,21,23.194,26.454,0.9738,229,1060,1289,1224,2177.1
drl,4,28.0,66,23.552,26.511,0.9579,149,1141,1290,1225,2177.1
drl,4,29.0,85,23.552,26.511,0.935,149,1141,1290,1225,2177.1
drl,4,30.0,84,23.406,26.374,0.9111,159,1222,1208,1063,2177.1
drl,4,31.0,0,23.375,26.175,0.9111,236,1300,1209,1064,2177.1
drl,4,32.0,88,23.324,26.188,0.9305,156,1301,1210,1145,2177.1
drl,4,33.0,87,23.277,25.985,0.9418,91,1302,1211,1226,2177.1
drl,4,34.0,83,23.277,25.985,0.9614,91,1302,1211,1226,2177.1
drl,4,35.0,4,23.473,26.598,0.9622,236,1300,1209,1064,2177.1
drl,4,36.0,87,23.382,26.402,0.9678,156,1301,1210,1145,2177.1
drl,4,37.0,86,22.993,26.709,0.9679,91,1302,1211,1226,2177.1
drl,4,38.0,69,22.708,25.776,0.9809,80,1177,1143,1223,2177.1
drl,4,39.0,17,22.708,25.776,0.9835,80,1177,1143,1223,2177.1
drl,4,40.0,86,23.799,26.983,0.9932,53,1178,1171,1224,2177.1
drl,4,41.0,85,23.582,26.526,0.9977,73,1179,1252,1225,2177.1
drl,4,42.0,7,23.225,26.113,0.9973,187,1179,1250,1063,2177.1
drl,4,43.0,80,23.248,26.233,0.9979,125,1189,1251,1126,2177.1
drl,4,44.0,85,23.248,26.233,0.9953,125,1189,1251,1126,2177.1
drl,4,45.0,84,23.237,26.125,0.9898,62,1190,1252,1207,2177.1
drl,4,46.0,4,23.338,26.15,0.9896,97,1191,1253,1288,2177.1
drl,4,47.0,83,23.48,26.504,0.9894,257,1029,1251,1286,2177.1
drl,4,48.0,86,22.923,25.947,0.9862,171,1116,1252,1287,2177.1
drl,4,49.0,73,23.106,26.002,0.9816,123,1164,1252,1287,2177.1
drl,4,50.0,10,22.889,26.21,0.9809,124,1164,1253,1288,2177.1
drl,4,51.0,89,22.363,25.017,0.9731,76,1207,1171,1131,2177.1
drl,4,52.0,84,22.886,26.056,0.9726,107,1270,1172,1163,2177.1
drl,4,53.1,67,23.162,25.822,0.9813,98,1271,1173,1213,2177.1
drl,4,54.1,19,23.19,25.871,0.9834,258,1268,1010,1213,2177.1
drl,4,55.1,83,23.313,26.13,0.9909,258,1268,1010,1210,2177.1
drl,4,56.1,84,23.36,26.341,0.9958,178,1269,1091,1211,2177.1
drl,4,57.1,7,23.402,26.351,0.996,98,1270,1172,1212,2177.1
drl,4,58.1,81,23.361,26.111,0.9982,58,1271,1253,1213,2177.1
drl,4,59.1,86,23.233,26.018,0.9989,118,1269,1172,1290,2177.1
drl,5,0.0,0,23.302,26.003,1.0,0,0,0,0,2335.3
drl,5,1.0,86,23.337,26.295,0.3333,103,1107,1171,1210,2335.3
drl,5,2.0,86,23.015,25.891,0.6667,39,1188,1172,1211,2335.3
drl,5,3.0,87,23.003,25.936,0.5991,71,1189,1260,1211,2335.3
drl,5,4.0,0,23.089,26.169,0.5991,71,1189,1260,1212,2335.3
drl,5,5.0,87,22.521,25.459,0.6667,41,1223,1254,1213,2335.3
drl,5,6.0,88,22.703,25.509,0.9287,151,1101,1252,1186,2335.3
drl,5,7.0,86,23.079,26.027,0.8604,151,1102,1253,1219,2335.3
drl,5,8.0,0,23.13,26.034,0.8604,71,1183,1254,1219,2335.3
drl,5,9.0,89,23.258,26.072,0.7786,71,1183,1254,1220,2335.3
drl,5,10.0,85,23.303,26.246,0.713,283,1261,1252,978,2335.3
drl,5,11.0,80,23.282,26.11,0.8129,350,1329,1253,979,2335.3
drl,5,12.0,6,23.432,26.258,0.8188,270,1330,1254,1060,2335.3
drl,5,13.0,88,23.234,26.039,0.8779,316,1327,1011,1137,2335.3
drl,5,14.0,68,22.929,25.947,0.9294,317,1328,1011,1137,2335.3
drl,5,15.0,20,22.894,26.022,0.9395,228,1328,1100,1138,2335.3
drl,5,16.0,86,22.481,25.304,0.9612,190,1329,1148,1139,2335.3
drl,5,17.0,83,23.383,26.722,0.9566,190,1330,1250,1140,2335.3
drl,5,18.0,84,23.164,26.684,0.9901,28,1168,1168,1140,2335.3
drl,5,19.0,0,22.496,25.112,0.9901,50,1168,1168,1218,2335.3
drl,5,20.0,89,22.433,25.139,0.974,50,1169,1206,1219,2335.3
drl,5,21.0,88,22.813,25.889,0.9694,80,1170,1250,1220,2335.3
drl,5,22.0,87,23.051,25.711,0.9532,160,1088,1248,1138,2335.3
drl,5,23.0,7,23.232,26.198,0.9516,110,1169,1249,1139,2335.3
drl,5,24.0,81,23.232,26.198,0.9769,110,1169,1249,1139,2335.3
drl,5,25.0,93,23.458,26.741,0.9925,69,1181,1250,1209,2335.3
drl,5,26.0,88,23.635,26.065,0.9769,335,951,1249,1286,2335.3
drl,5,27.0,27,23.169,26.007,0.9709,255,1032,1250,1287,2335.3
drl,5,28.0,57,23.412,26.519,0.9571,175,1113,1251,1288,2335.3
drl,5,29.0,88,23.422,26.522,0.9334,94,1194,1251,1288,2335.3
drl,5,30.0,88,23.5,26.515,0.9084,124,1194,1252,1128,2335.3
drl,5,31.0,21,23.278,26.129,0.9138,143,1272,1172,1129,2335.3
drl,5,32.0,64,23.307,26.146,0.9273,100,1273,1173,1210,2335.3
drl,5,33.0,89,23.242,26.792,0.9474,63,1274,1254,1211,2335.3
drl,5,34.0,79,23.136,26.813,0.9592,100,1272,1172,1211,2335.3
drl,5,35.0,7,22.512,25.315,0.9604,143,1272,1172,1129,2335.3
drl,5,36.0,87,22.803,25.616,0.9671,100,1273,1173,1189,2335.3
drl,5,37.0,85,23.06,26.425,0.9808,92,1274,1182,1211,2335.3
drl,5,38.0,79,23.137,25.959,0.9882,169,1260,1091,1139,2335.3
drl,5,39.0,10,23.346,26.174,0.9888,121,1261,1172,1140,2335.3
drl,5,40.0,89,23.346,26.174,0.9929,121,1261,1172,1140,2335.3
drl,5,41.0,86,23.32,26.117,0.9923,89,1262,1173,1221,2335.3
drl,5,42.0,75,23.357,26.285,0.9977,124,1263,1174,1139,2335.3
drl,5,43.0,12,23.347,26.174,0.9975,89,1181,1234,1145,2335.3
drl,5,44.0,85,23.32,26.147,0.9943,53,1182,1235,1226,2335.3
drl,5,45.0,85,23.367,26.162,0.9924,37,1263,1235,1226,2335.3
drl,5,46.0,68,23.33,26.149,0.9971,36,1263,1236,1227,2335.3
drl,5,47.0,20,23.143,26.084,0.998,293,1021,1314,1225,2335.3
drl,5,48.0,85,23.254,26.116,0.9947,225,1090,1315,1226,2335.3
drl,5,49.0,85,22.651,25.616,0.989,172,1144,1316,1227,2335.3
drl,5,50.0,31,22.546,25.331,0.9865,124,1192,1316,1227,2335.3
drl,5,51.1,55,22.518,25.355,0.9813,48,1192,1166,1144,2335.3
drl,5,52.1,89,22.778,25.743,0.9876,110,1255,1174,1145,2335.3
drl,5,53.1,86,23.244,25.921,0.9908,110,1256,1248,1146,2335.3
drl,5,54.1,1,23.256,26.06,0.9908,169,1254,1085,1145,2335.3
drl,5,55.1,84,23.165,26.031,0.9948,110,1255,1165,1145,2335.3
drl,5,56.1,86,23.14,25.965,0.9963,108,1255,1165,1147,2335.3
drl,5,57.1,85,23.533,26.435,0.9956,108,1256,1246,1148,2335.3
drl,5,58.1,1,23.156,25.955,0.9957,178,1257,1327,1149,2335.3
drl,5,59.1,83,23.206,26.035,0.9989,28,1255,1245,1227,2335.3
drl,6,0.0,0,23.312,26.063,1.0,0,0,0,0,2585.1
drl,6,1.0,87,23.282,26.107,0.3333,150,1094,1244,1146,2585.1
drl,6,2.0,85,22.945,25.999,0.6666,98,1180,1245,1147,2585.1
drl,6,3.0,83,22.945,25.999,0.9996,98,1180,1245,1147,2585.1
drl,6,4.0,4,23.577,26.993,0.9999,69,1176,1245,1228,2585.1
drl,6,5.0,86,22.877,26.153,0.894,17,1241,1246,1229,2585.1
drl,6,6.0,84,22.369,25.097,0.9288,276,1021,1297,1227,2585.1
drl,6,7.0,17,23.136,26.001,0.9189,301,1023,1324,1228,2585.1
drl,6,8.0,66,23.289,26.047,0.8624,221,1103,1324,1228,2585.1
drl,6,9.0,87,23.103,25.855,0.7812,222,1103,1325,1229,2585.1
drl,6,10.0,87,23.459,26.322,0.713,175,1180,1242,1067,2585.1
drl,6,11.0,0,23.278,26.076,0.713,193,1261,1243,1068,2585.1
drl,6,12.0,88,23.275,26.131,0.8216,113,1262,1244,1149,2585.1
drl,7,0.0,0,23.629,26.24,1.0,0,0,0,0,2290.0
drl,7,1.0,87,23.726,26.477,0.3333,1067,0,0,1067,2290.0
drl,7,2.0,85,22.817,25.76,0.3333,207,1007,1123,916,2290.0
drl,7,3.0,65,23.035,26.061,0.5538,208,1007,1163,955,2290.0
drl,7,4.0,24,23.035,26.061,0.6054,208,1007,1163,955,2290.0
drl,7,5.0,84,23.535,26.626,0.6667,156,1008,1164,1078,2290.0
drl,7,6.0,89,22.9,25.764,0.9311,376,786,1162,1075,2290.0
drl,7,7.0,22,23.222,25.709,0.9649,317,846,1163,1075,2290.0
drl,7,8.0,61,23.101,25.672,1.0,317,846,1163,1076,2290.0
drl,7,9.0,85,23.466,26.398,0.9621,237,927,1164,1077,2290.0
drl,7,10.0,84,23.485,26.479,0.8923,167,1005,1082,915,2290.0
drl,7,11.0,11,23.434,26.402,0.901,167,1064,1083,916,2290.0
drl,7,12.0,75,23.344,26.201,0.9329,87,1065,1084,997,2290.0
drl,7,13.0,86,23.344,26.201,0.9264,87,1065,1084,997,2290.0
drl,7,14.0,88,23.565,27.06,0.8949,141,1063,922,995,2290.0
drl,7,15.0,32,23.495,26.403,0.9231,153,1064,923,1076,2290.0
drl,7,16.0,55,23.539,26.432,0.9591,74,1065,1003,1077,2290.0
drl,7,17.0,86,23.667,26.968,0.9872,18,1066,1084,1078,2290.0
drl,7,18.0,85,23.667,26.968,0.9888,18,1066,1084,1078,2290.0
drl,7,19.0,22,23.458,26.355,0.9861,176,1063,1086,910,2290.0
drl,7,20.0,66,23.471,26.391,0.9769,140,1064,1109,969,2290.0
drl,7,21.0,87,23.752,27.239,0.9547,60,1065,1110,1050,2290.0
drl,7,22.0,47,23.639,27.263,0.9398,67,983,1028,1050,2290.0
drl,7,23.0,38,23.219,26.13,0.9517,45,983,1028,1019,2290.0
drl,7,24.0,87,23.314,26.573,0.9737,16,1013,1029,1020,2290.0
drl,7,25.0,87,23.236,26.34,0.9831,73,1094,1030,1021,2290.0
drl,7,26.0,56,23.633,26.495,0.9828,256,852,1108,1019,2290.0
drl,7,27.0,30,23.312,26.287,0.9885,292,875,1167,1020,2290.0
drl,7,28.0,83,23.312,26.287,0.9981,292,875,1167,1020,2290.0
drl,7,29.0,84,23.433,26.397,0.9984,212,956,1168,1021,2290.0
drl,7,30.0,53,23.601,26.566,0.9948,232,1022,1169,937,2290.0
drl,7,31.0,34,23.43,26.363,0.9948,113,1075,1007,962,2290.0
drl,7,32.0,85,23.485,26.345,0.9908,68,1076,1008,1043,2290.0
drl,7,33.0,87,23.485,26.345,0.9984,68,1076,1008,1043,2290.0
drl,7,34.0,37,23.883,27.072,0.9994,45,1077,1089,1044,2290.0
drl,7,35.0,51,23.635,26.416,0.9971,110,1075,965,1004,2290.0
drl,7,36.0,88,23.465,26.342,0.9968,71,1076,1046,1005,2290.0
drl,7,37.0,67,23.417,26.33,0.9935,72,1077,1047,1005,2290.0
drl,7,38.0,15,23.161,25.959,0.9924,31,1077,1047,1078,2290.0
drl,7,39.0,87,23.528,26.312,0.9899,39,1075,1045,1084,2290.0
drl,7,40.0,86,22.929,25.868,0.9835,35,1076,1111,1085,2290.0
drl,7,41.0,69,22.819,25.715,0.9914,42,1093,1127,1085,2290.0
drl,7,42.0,17,22.676,25.414,0.9916,41,1093,1127,1086,2290.0
drl,7,43.0,84,23.408,26.502,0.9896,85,1066,1044,1129,2290.0
drl,7,44.0,89,23.502,26.578,0.9841,128,1067,1045,1173,2290.0
drl,7,45.0,43,23.412,26.334,0.9803,128,1068,1045,1173,2290.0
drl,7,46.0,44,23.273,26.361,0.9759,107,1068,1175,1174,2290.0
drl,7,47.0,89,22.821,25.766,0.9865,121,1003,1124,1092,2290.0
drl,7,48.0,86,22.851,25.864,0.9926,42,1083,1125,1093,2290.0
drl,7,49.0,32,23.711,26.829,0.994,70,1164,1126,1094,2290.0
drl,7,50.0,55,23.545,26.382,0.9956,149,977,1126,1094,2290.0
drl,7,51.1,83,23.459,26.356,0.9979,162,977,1124,1139,2290.0
drl,7,52.1,32,23.433,26.346,0.998,82,1058,1125,1140,2290.0
drl,7,53.1,52,23.512,26.497,0.9974,15,1139,1126,1141,2290.0
drl,7,54.1,86,23.432,26.308,0.9946,67,1140,1207,1142,2290.0
drl,7,55.1,89,23.165,26.112,0.9982,68,1139,1207,1142,2290.0
drl,7,56.1,0,23.15,26.038,0.9982,67,1139,1206,1141,2290.0
drl,7,57.1,85,23.146,26.152,0.9991,82,1140,1207,1222,2290.0
drl,7,58.1,83,23.336,26.261,0.9999,56,1167,1208,1223,2290.0
drl,7,59.1,71,23.033,26.395,0.9989,15,1220,1206,1221,2290.0
drl,8,0.0,0,23.699,26.883,1.0,0,0,0,0,2366.8
drl,8,1.0,85,22.385,25.459,0.3333,187,1299,1112,1223,2366.8
drl,8,2.0,89,22.723,25.405,0.3333,156,1217,1171,1061,2366.8
drl,8,3.0,74,23.271,26.549,0.5734,110,1218,1210,1108,2366.8
drl,8,4.0,12,23.228,26.433,0.5981,111,1219,1210,1108,2366.8
drl,8,5.0,87,23.767,26.492,0.6667,63,1219,1211,1156,2366.8
drl,8,6.0,86,23.365,26.263,0.6419,10,1220,1212,1210,2366.8
drl,8,7.0,26,23.311,26.263,0.6558,310,978,1210,1288,2366.8
drl,8,8.0,60,23.561,26.445,0.8007,272,1017,1237,1289,2366.8
drl,8,9.0,87,23.454,26.302,0.9469,191,1098,1237,1289,2366.8
drl,8,10.0,83,23.382,26.247,0.9907,192,1098,1237,1290,2366.8
drl,8,11.0,11,23.373,26.435,0.9911,173,1175,1234,1061,2366.8
drl,8,12.0,72,23.789,26.857,0.9584,104,1187,1235,1131,2366.8
drl,8,13.0,87,24.094,27.513,0.9028,48,1188,1236,1212,2366.8
drl,8,14.0,89,23.602,27.365,0.9293,39,1251,1236,1212,2366.8
drl,8,15.0,0,23.016,26.196,0.9293,252,1251,999,1210,2366.8
drl,8,16.0,87,23.413,26.013,0.9766,166,1251,1085,1211,2366.8
drl,8,17.0,88,22.747,25.94,0.9897,117,1252,1135,1212,2366.8
drl,8,18.0,62,22.931,25.996,0.9839,200,1221,1163,1021,2366.8
drl,8,19.0,21,22.931,25.996,0.982,200,1221,1163,1021,2366.8
drl,8,20.0,88,23.271,26.485,0.9645,156,1222,1200,1066,2366.8
drl,8,21.0,86,23.59,26.583,0.938,102,1223,1201,1121,2366.8
drl,8,22.0,1,23.592,26.572,0.9377,22,1224,1202,1202,2366.8
drl,8,23.0,87,23.77,27.053,0.9421,71,1131,1142,1202,2366.8
drl,8,24.0,83,23.475,26.965,0.9355,70,1131,1142,1201,2366.8
drl,8,25.0,1,25.065,28.669,0.9354,91,1132,1223,1202,2366.8
drl,8,26.0,86,23.469,26.975,0.9703,22,1212,1225,1203,2366.8
drl,8,27.0,88,23.115,25.705,0.9573,293,1009,1302,1176,2366.8
drl,8,28.0,56,23.115,25.705,0.9742,293,1009,1302,1176,2366.8
drl,8,29.0,31,23.103,26.284,0.9814,231,1072,1303,1177,2366.8
drl,8,30.0,88,22.704,25.799,0.9941,177,1127,1304,1178,2366.8
drl,8,31.0,87,22.696,25.679,0.997,131,1185,1184,1054,2366.8
drl,8,32.0,1,23.191,26.113,0.9971,196,1250,1185,1054,2366.8
drl,8,33.0,86,23.191,26.113,0.9996,196,1250,1185,1054,2366.8
drl,8,34.0,85,23.191,26.113,0.9956,196,1250,1185,1054,2366.8
drl,8,35.0,80,23.805,27.045,0.9872,119,1250,1185,1131,2366.8
drl,8,36.0,3,23.888,26.586,0.9868,225,1248,1023,1212,2366.8
drl,8,37.0,83,23.373,26.368,0.9894,145,1249,1104,1213,2366.8
drl,8,38.0,86,23.391,26.368,0.9869,146,1250,1104,1213,2366.8
drl,8,39.0,69,23.504,26.447,0.9818,65,1250,1185,1214,2366.8
drl,8,40.0,17,23.652,26.473,0.9802,60,1177,1183,1123,2366.8
drl,8,41.0,84,23.571,26.538,0.9768,26,1178,1184,1204,2366.8
drl,8,42.0,86,23.215,26.729,0.9697,86,1179,1265,1205,2366.8
drl,8,43.0,58,23.215,26.729,0.9797,86,1179,1265,1205,2366.8
drl,8,44.0,28,23.598,26.314,0.9837,100,1161,1103,1203,2366.8
drl,8,45.0,84,22.911,25.861,0.9755,36,1178,1168,1204,2366.8
drl,8,46.0,83,22.606,25.296,0.9654,32,1179,1211,1205,2366.8
drl,8,47.0,1,23.566,26.572,0.9653,253,983,1236,1155,2366.8
drl,8,48.0,83,23.566,26.572,0.9769,253,983,1236,1155,2366.8
drl,8,49.0,81,23.199,25.891,0.9846,175,1063,1238,1156,2366.8
drl,8,50.0,33,23.471,26.548,0.9868,95,1144,1239,1157,2366.8
drl,8,51.0,51,23.537,26.722,0.9892,82,1142,1157,1075,2366.8
drl,8,52.1,84,23.427,26.42,0.9932,15,1143,1158,1156,2366.8
drl,8,53.1,85,23.427,26.42,0.9867,15,1143,1158,1156,2366.8
drl,8,54.1,42,24.11,27.092,0.9828,95,1144,1239,1157,2366.8
drl,8,55.1,44,23.484,26.327,0.985,128,1176,1286,1158,2366.8
drl,8,56.1,86,23.558,26.135,0.9888,266,1016,1282,1156,2366.8
drl,8,57.1,80,23.342,26.159,0.9928,192,1091,1283,1156,2366.8
drl,8,58.1,4,23.263,26.129,0.993,192,1091,1283,1157,2366.8
drl,8,59.1,85,22.655,25.483,0.9947,170,1114,1284,1158,2366.8
drl,9,0.0,0,23.608,26.567,1.0,0,0,0,0,2216.8
drl,9,1.0,87,22.735,25.296,0.3333,121,1257,1159,1136,2216.8
drl,9,2.0,87,22.713,25.151,0.3333,340,1255,1204,915,2216.8
drl,9,3.0,83,22.708,25.642,0.5924,338,1256,1271,933,2216.8
drl,9,4.0,0,23.12,25.912,0.5924,339,1257,1272,933,2216.8
drl,9,5.0,83,23.355,25.982,0.6663,275,1257,1272,997,2216.8
drl,9,6.0,85,23.754,26.966,0.6455,195,1258,1273,1078,2216.8
drl,9,7.0,73,23.563,26.172,0.6112,210,1041,1251,1156,2216.8
drl,9,8.0,13,23.755,26.694,0.6427,203,1049,1252,1230,2216.8
drl,9,9.0,84,23.614,26.674,0.8158,123,1130,1253,1230,2216.8
drl,9,10.0,84,23.302,26.207,0.9147,123,1130,1253,1231,2216.8
drl,9,11.0,75,23.405,26.54,0.9438,159,1123,1239,1080,2216.8
drl,9,12.0,10,23.238,26.157,0.9383,154,1199,1240,1086,2216.8
drl,9,13.0,88,23.612,26.467,0.8834,74,1200,1241,1167,2216.8
drl,9,14.0,89,23.512,26.281,0.8269,143,1197,1054,1167,2216.8
drl,9,15.0,62,23.498,26.277,0.877,157,1197,1054,1211,2216.8
drl,9,16.0,24,23.693,26.65,0.8917,77,1198,1135,1212,2216.8
drl,9,17.0,87,23.483,26.465,0.9253,76,1199,1137,1213,2216.8
drl,9,18.0,24,23.794,26.913,0.9298,132,1197,1135,1065,2216.8
drl,9,19.0,37,23.893,26.913,0.9153,133,1198,1135,1065,2216.8
drl,9,20.0,71,23.502,26.218,0.8841,100,1198,1162,1098,2216.8
drl,9,21.0,85,23.554,26.465,0.8467,38,1199,1163,1161,2216.8
drl,9,22.0,31,23.448,26.311,0.857,78,1200,1164,1242,2216.8
drl,9,23.0,53,23.701,26.621,0.8699,159,1119,1081,1240,2216.8
drl,9,24.0,87,23.716,26.621,0.8803,159,1120,1081,1240,2216.8
drl,9,25.0,84,23.493,26.375,0.8801,121,1120,1162,1241,2216.8
drl,9,26.0,31,23.396,26.13,0.8989,122,1121,1243,1242,2216.8
drl,9,27.0,56,23.303,26.12,0.9285,287,954,1241,1240,2216.8
drl,9,28.0,83,22.654,25.767,0.9618,254,988,1242,1241,2216.8
drl,9,29.0,11,22.881,25.767,0.9653,208,1034,1242,1241,2216.8
drl,9,30.0,72,22.531,25.099,0.9835,209,1034,1243,1242,2216.8
drl,9,31.0,87,23.084,25.785,0.9952,239,1107,1242,1003,2216.8
drl,9,32.0,84,22.937,26.01,0.9849,223,1185,1243,1020,2216.8
drl,9,33.0,21,23.572,26.745,0.9815,159,1186,1244,1085,2216.8
drl,9,34.0,66,23.572,26.745,0.9696,159,1186,1244,1085,2216.8
drl,9,35.0,88,23.388,26.083,0.9512,182,1184,1002,1162,2216.8
drl,9,36.0,86,23.726,26.787,0.9612,239,1185,1003,1242,2216.8
drl,9,37.0,50,23.648,26.287,0.9642,159,1186,1084,1243,2216.8
drl,9,38.0,36,23.617,26.431,0.9651,79,1187,1165,1244,2216.8
drl,9,39.0,87,23.617,26.431,0.964,79,1187,1165,1244,2216.8
drl,9,40.0,85,23.479,26.128,0.9588,58,1105,1163,1162,2216.8
drl,9,41.0,42,23.507,26.686,0.9684,138,1106,1244,1163,2216.8
drl,9,42.0,44,23.558,26.488,0.9768,81,1183,1245,1164,2216.8
drl,9,43.0,66,23.306,26.488,0.9721,139,1106,1245,1164,2216.8
drl,9,44.0,20,22.654,25.609,0.9752,148,1106,1082,1230,2216.8
drl,9,45.0,87,22.834,25.964,0.9703,112,1119,1122,1231,2216.8
drl,9,46.0,84,22.631,25.23,0.9629,112,1120,1212,1232,2216.8
drl,9,47.0,42,22.622,25.267,0.9707,283,958,1241,1232,2216.8
drl,9,48.0,40,22.608,25.229,0.9771,283,958,1241,1150,2216.8
drl,9,49.0,88,22.781,25.63,0.988,204,1038,1242,1151,2216.8
drl,9,50.1,87,23.276,26.325,0.9946,124,1119,1243,1152,2216.8
drl,9,51.1,42,23.479,26.552,0.9966,94,1163,1115,1069,2216.8
drl,9,52.1,44,23.643,26.553,0.997,138,1207,1116,1069,2216.8
drl,9,53.1,86,23.598,26.432,0.9958,100,1207,1116,1107,2216.8
drl,9,54.1,67,23.627,26.603,0.9937,91,1208,1117,1188,2216.8
drl,9,55.1,17,23.312,26.272,0.993,23,1209,1195,1186,2216.8
drl,9,56.1,84,23.592,26.45,0.9881,309,967,1276,1187,2216.8
drl,9,57.1,86,23.483,26.45,0.9938,228,1048,1276,1187,2216.8
drl,9,58.1,23,23.581,26.658,0.9948,229,1048,1277,1188,2216.8
drl,9,59.1,63,23.344,26.42,0.9968,145,1133,1278,1189,2216.8
drl,10,0.0,0,23.44,26.306,1.0,0,0,0,0,3377.5
drl,10,1.0,85,23.492,26.437,0.3333,13,1202,1197,1189,3377.5
drl,10,2.0,89,23.732,26.715,0.3333,313,1200,1258,945,3377.5
drl,10,3.0,88,23.732,26.715,0.6018,313,1200,1258,945,3377.5
drl,10,4.0,7,23.519,26.332,0.6137,233,1201,1259,1026,3377.5
drl,10,5.0,77,23.417,26.462,0.6666,153,1202,1260,1107,3377.5
drl,10,6.0,88,23.3,26.306,0.6415,220,1038,1258,1113,3377.5
drl,10,7.0,86,22.996,26.28,0.8562,181,1078,1259,1113,3377.5
drl,10,8.0,0,22.835,25.844,0.8562,181,1078,1259,1114,3377.5
drl,10,9.0,87,22.69,25.5,0.961,145,1143,1260,1115,3377.5
drl,10,10.0,87,23.361,26.419,0.8889,171,1148,1216,1045,3377.5
drl,10,11.0,37,23.369,26.423,0.8577,172,1149,1217,1045,3377.5
drl,10,12.0,51,23.218,26.015,0.8172,91,1149,1217,1126,3377.5
drl,10,13.0,85,22.501,25.134,0.7579,68,1150,1218,1207,3377.5
drl,10,14.0,71,22.654,25.207,0.8142,136,1146,1071,1207,3377.5
drl,10,15.0,13,22.769,25.451,0.8262,102,1146,1071,1173,3377.5
drl,10,16.0,85,23.664,26.651,0.8857,82,1197,1115,1174,3377.5
drl,10,17.0,84,23.166,25.825,0.9156,36,1198,1162,1175,3377.5
drl,10,18.0,41,22.866,25.825,0.9216,34,1196,1162,1175,3377.5
drl,10,19.0,45,22.764,25.572,0.9229,199,1196,1211,1012,3377.5
drl,10,20.0,87,23.395,26.848,0.894,169,1197,1240,1071,3377.5
drl,10,21.0,58,22.884,25.46,0.8727,115,1198,1241,1126,3377.5
drl,10,22.0,29,23.695,26.613,0.8619,120,1199,1079,1172,3377.5
drl,10,23.0,89,23.695,26.613,0.8739,120,1199,1079,1172,3377.5
drl,10,24.0,89,23.642,26.53,0.8742,56,1117,1160,1173,3377.5
drl,10,25.0,27,23.4,26.41,0.8914,123,1118,1241,1174,3377.5
drl,10,26.0,57,23.496,26.598,0.9231,67,1199,1242,1175,3377.5
drl,10,27.0,87,23.594,26.622,0.9043,283,957,1240,1175,3377.5
drl,10,28.0,84,23.496,26.356,0.9412,296,957,1240,1253,3377.5
drl,10,29.0,21,23.126,25.837,0.9487,216,1038,1241,1254,3377.5
drl,10,30.0,66,23.588,26.527,0.9678,136,1119,1242,1255,3377.5
drl,10,31.0,84,23.277,26.199,0.9834,226,1193,1239,1013,3377.5
drl,10,32.0,83,23.234,26.199,0.9683,226,1194,1239,1013,3377.5
drl,10,33.0,11,24.088,27.567,0.9661,146,1194,1240,1094,3377.5
drl,10,34.0,76,23.354,26.876,0.9496,66,1195,1241,1175,3377.5
drl,10,35.0,89,23.31,26.578,0.9286,236,1193,1016,1252,3377.5
drl,10,36.0,17,23.255,26.153,0.9317,225,1194,1028,1253,3377.5
drl,10,37.0,71,23.255,26.153,0.942,225,1194,1028,1253,3377.5
drl,10,38.0,88,23.914,26.686,0.9491,156,1195,1098,1254,3377.5
drl,10,39.0,57,23.371,26.157,0.9509,88,1101,1096,1184,3377.5
drl,10,40.0,26,23.334,25.912,0.951,83,1102,1177,1185,3377.5
drl,10,41.0,86,23.136,25.912,0.9699,8,1183,1177,1185,3377.5
drl,10,42.0,83,23.478,26.513,0.9688,8,1183,1178,1186,3377.5
drl,10,43.0,44,23.492,26.391,0.9669,88,1184,1096,1184,3377.5
drl,10,44.0,43,23.778,26.692,0.9642,83,1102,1177,1185,3377.5
drl,10,45.0,88,23.585,26.535,0.98,11,1175,1178,1186,3377.5
drl,10,46.0,62,24.155,27.657,0.9757,55,1176,1231,1187,3377.5
drl,10,47.0,26,24.155,27.657,0.9786,55,1176,1231,1187,3377.5
drl,10,48.0,83,23.493,26.212,0.9888,249,995,1244,1148,3377.5
drl,10,49.0,1,23.571,26.68,0.9889,169,1076,1245,1149,3377.5
drl,10,50.0,85,24.039,26.68,0.9956,96,1157,1245,1149,3377.5
drl,10,51.0,87,22.994,25.846,0.994,96,1154,1246,1150,3377.5
drl,10,52.0,59,23.23,26.377,0.9915,65,1154,1089,1147,3377.5
drl,10,53.1,26,23.101,26.245,0.991,96,1155,1111,1207,3377.5
drl,10,54.1,83,23.082,26.245,0.9881,96,1156,1111,1207,3377.5
drl,10,55.1,79,23.65,26.89,0.9835,52,1156,1192,1208,3377.5
drl,10,56.1,1,23.824,27.128,0.9836,335,923,1258,1205,3377.5
drl,10,57.1,85,23.815,27.128,0.9912,254,1004,1258,1205,3377.5
drl,10,58.1,83,23.815,27.128,0.9959,254,1004,1258,1205,3377.5
drl,10,59.1,32,19.125,27.396,0.997,254,1004,1258,1203,3377.5
